wall_time,t,event,detail
2026-09-02T10:23:45+0800,0.000,recorder_started,prefix=/home/jkjkzhang/lidar_project/report4/data/sudden_obstacle_20260902_02
2026-09-02T10:23:49+0800,3.798,goal_status,IDLE code=0; status_seq=1
2026-09-02T10:23:54+0800,8.710,goal_received,frame=camera_init; x=24.000; y=0.000
2026-09-02T10:23:54+0800,8.715,goal_status,QUEUED code=1; waiting for Nav2 action server; status_seq=2
2026-09-02T10:23:54+0800,8.718,plan_received,id=1; source=/unsmoothed_plan; points=33; frame=camera_init; world_frame=camera_init
2026-09-02T10:23:54+0800,8.721,plan_received,id=2; source=/plan; points=33; frame=camera_init; world_frame=camera_init
2026-09-02T10:23:54+0800,8.722,goal_status,ACCEPTED code=1; Nav2 goal accepted; status_seq=3
2026-09-02T10:23:54+0800,8.917,plan_received,id=2; source=/received_global_plan; points=33; frame=wamv/wamv/base_link; world_frame=camera_init
2026-09-02T10:23:54+0800,9.016,plan_received,id=2; source=/received_global_plan; points=33; frame=wamv/wamv/base_link; world_frame=camera_init
2026-09-02T10:23:54+0800,9.116,plan_received,id=2; source=/received_global_plan; points=33; frame=wamv/wamv/base_link; world_frame=camera_init
2026-09-02T10:23:54+0800,9.216,plan_received,id=2; source=/received_global_plan; points=33; frame=wamv/wamv/base_link; world_frame=camera_init
2026-09-02T10:23:54+0800,9.316,plan_received,id=2; source=/received_global_plan; points=33; frame=wamv/wamv/base_link; world_frame=camera_init
2026-09-02T10:23:54+0800,9.419,plan_received,id=2; source=/received_global_plan; points=33; frame=wamv/wamv/base_link; world_frame=camera_init
2026-09-02T10:23:54+0800,9.516,plan_received,id=2; source=/received_global_plan; points=33; frame=wamv/wamv/base_link; world_frame=camera_init
2026-09-02T10:23:55+0800,9.616,plan_received,id=2; source=/received_global_plan; points=33; frame=wamv/wamv/base_link; world_frame=camera_init
2026-09-02T10:23:55+0800,9.716,plan_received,id=2; source=/received_global_plan; points=33; frame=wamv/wamv/base_link; world_frame=camera_init
2026-09-02T10:23:55+0800,9.816,plan_received,id=2; source=/received_global_plan; points=33; frame=wamv/wamv/base_link; world_frame=camera_init
2026-09-02T10:23:55+0800,9.916,plan_received,id=2; source=/received_global_plan; points=33; frame=wamv/wamv/base_link; world_frame=camera_init
2026-09-02T10:23:55+0800,10.016,plan_received,id=2; source=/received_global_plan; points=33; frame=wamv/wamv/base_link; world_frame=camera_init
2026-09-02T10:23:55+0800,10.116,plan_received,id=2; source=/received_global_plan; points=33; frame=wamv/wamv/base_link; world_frame=camera_init
2026-09-02T10:23:55+0800,10.216,plan_received,id=2; source=/received_global_plan; points=33; frame=wamv/wamv/base_link; world_frame=camera_init
2026-09-02T10:23:55+0800,10.315,plan_received,id=2; source=/received_global_plan; points=33; frame=wamv/wamv/base_link; world_frame=camera_init
2026-09-02T10:23:55+0800,10.417,plan_received,id=2; source=/received_global_plan; points=33; frame=wamv/wamv/base_link; world_frame=camera_init
2026-09-02T10:23:55+0800,10.516,plan_received,id=2; source=/received_global_plan; points=33; frame=wamv/wamv/base_link; world_frame=camera_init
2026-09-02T10:23:56+0800,10.618,plan_received,id=2; source=/received_global_plan; points=33; frame=wamv/wamv/base_link; world_frame=camera_init
2026-09-02T10:23:56+0800,10.716,plan_received,id=2; source=/received_global_plan; points=33; frame=wamv/wamv/base_link; world_frame=camera_init
2026-09-02T10:23:56+0800,10.817,plan_received,id=2; source=/received_global_plan; points=33; frame=wamv/wamv/base_link; world_frame=camera_init
2026-09-02T10:23:56+0800,10.916,plan_received,id=2; source=/received_global_plan; points=33; frame=wamv/wamv/base_link; world_frame=camera_init
2026-09-02T10:23:56+0800,11.016,plan_received,id=2; source=/received_global_plan; points=33; frame=wamv/wamv/base_link; world_frame=camera_init
2026-09-02T10:23:56+0800,11.117,plan_received,id=2; source=/received_global_plan; points=33; frame=wamv/wamv/base_link; world_frame=camera_init
2026-09-02T10:23:56+0800,11.217,plan_received,id=2; source=/received_global_plan; points=33; frame=wamv/wamv/base_link; world_frame=camera_init
2026-09-02T10:23:56+0800,11.316,plan_received,id=2; source=/received_global_plan; points=33; frame=wamv/wamv/base_link; world_frame=camera_init
2026-09-02T10:23:56+0800,11.417,plan_received,id=2; source=/received_global_plan; points=33; frame=wamv/wamv/base_link; world_frame=camera_init
2026-09-02T10:23:56+0800,11.516,plan_received,id=2; source=/received_global_plan; points=33; frame=wamv/wamv/base_link; world_frame=camera_init
2026-09-02T10:23:57+0800,11.615,plan_received,id=2; source=/received_global_plan; points=33; frame=wamv/wamv/base_link; world_frame=camera_init
2026-09-02T10:23:57+0800,11.716,plan_received,id=2; source=/received_global_plan; points=33; frame=wamv/wamv/base_link; world_frame=camera_init
2026-09-02T10:23:57+0800,11.816,plan_received,id=2; source=/received_global_plan; points=33; frame=wamv/wamv/base_link; world_frame=camera_init
2026-09-02T10:23:57+0800,11.917,plan_received,id=2; source=/received_global_plan; points=33; frame=wamv/wamv/base_link; world_frame=camera_init
2026-09-02T10:23:57+0800,12.017,plan_received,id=2; source=/received_global_plan; points=33; frame=wamv/wamv/base_link; world_frame=camera_init
2026-09-02T10:23:57+0800,12.116,plan_received,id=2; source=/received_global_plan; points=33; frame=wamv/wamv/base_link; world_frame=camera_init
2026-09-02T10:23:57+0800,12.217,plan_received,id=2; source=/received_global_plan; points=33; frame=wamv/wamv/base_link; world_frame=camera_init
2026-09-02T10:23:57+0800,12.317,plan_received,id=2; source=/received_global_plan; points=33; frame=wamv/wamv/base_link; world_frame=camera_init
2026-09-02T10:23:57+0800,12.415,plan_received,id=2; source=/received_global_plan; points=33; frame=wamv/wamv/base_link; world_frame=camera_init
2026-09-02T10:23:57+0800,12.516,plan_received,id=2; source=/received_global_plan; points=33; frame=wamv/wamv/base_link; world_frame=camera_init
2026-09-02T10:23:58+0800,12.616,plan_received,id=2; source=/received_global_plan; points=33; frame=wamv/wamv/base_link; world_frame=camera_init
2026-09-02T10:23:58+0800,12.717,plan_received,id=2; source=/received_global_plan; points=33; frame=wamv/wamv/base_link; world_frame=camera_init
2026-09-02T10:23:58+0800,12.816,plan_received,id=2; source=/received_global_plan; points=33; frame=wamv/wamv/base_link; world_frame=camera_init
2026-09-02T10:23:58+0800,12.916,plan_received,id=2; source=/received_global_plan; points=33; frame=wamv/wamv/base_link; world_frame=camera_init
2026-09-02T10:23:58+0800,13.016,plan_received,id=2; source=/received_global_plan; points=33; frame=wamv/wamv/base_link; world_frame=camera_init
2026-09-02T10:23:58+0800,13.028,plan_received,id=3; source=/unsmoothed_plan; points=33; frame=camera_init; world_frame=camera_init
2026-09-02T10:23:58+0800,13.031,plan_received,id=4; source=/plan; points=33; frame=camera_init; world_frame=camera_init
2026-09-02T10:23:58+0800,13.115,plan_received,id=4; source=/received_global_plan; points=33; frame=wamv/wamv/base_link; world_frame=camera_init
2026-09-02T10:23:58+0800,13.216,plan_received,id=4; source=/received_global_plan; points=33; frame=wamv/wamv/base_link; world_frame=camera_init
2026-09-02T10:23:58+0800,13.316,plan_received,id=4; source=/received_global_plan; points=33; frame=wamv/wamv/base_link; world_frame=camera_init
2026-09-02T10:23:58+0800,13.418,plan_received,id=4; source=/received_global_plan; points=33; frame=wamv/wamv/base_link; world_frame=camera_init
2026-09-02T10:23:58+0800,13.518,plan_received,id=4; source=/received_global_plan; points=33; frame=wamv/wamv/base_link; world_frame=camera_init
2026-09-02T10:23:59+0800,13.617,plan_received,id=4; source=/received_global_plan; points=33; frame=wamv/wamv/base_link; world_frame=camera_init
2026-09-02T10:23:59+0800,13.717,plan_received,id=4; source=/received_global_plan; points=33; frame=wamv/wamv/base_link; world_frame=camera_init
2026-09-02T10:23:59+0800,13.816,plan_received,id=4; source=/received_global_plan; points=33; frame=wamv/wamv/base_link; world_frame=camera_init
2026-09-02T10:23:59+0800,13.916,plan_received,id=4; source=/received_global_plan; points=33; frame=wamv/wamv/base_link; world_frame=camera_init
2026-09-02T10:23:59+0800,14.017,plan_received,id=4; source=/received_global_plan; points=33; frame=wamv/wamv/base_link; world_frame=camera_init
2026-09-02T10:23:59+0800,14.116,plan_received,id=4; source=/received_global_plan; points=33; frame=wamv/wamv/base_link; world_frame=camera_init
2026-09-02T10:23:59+0800,14.216,plan_received,id=4; source=/received_global_plan; points=33; frame=wamv/wamv/base_link; world_frame=camera_init
2026-09-02T10:23:59+0800,14.316,plan_received,id=4; source=/received_global_plan; points=33; frame=wamv/wamv/base_link; world_frame=camera_init
2026-09-02T10:23:59+0800,14.416,plan_received,id=4; source=/received_global_plan; points=33; frame=wamv/wamv/base_link; world_frame=camera_init
2026-09-02T10:23:59+0800,14.516,plan_received,id=4; source=/received_global_plan; points=33; frame=wamv/wamv/base_link; world_frame=camera_init
2026-09-02T10:24:00+0800,14.619,plan_received,id=4; source=/received_global_plan; points=33; frame=wamv/wamv/base_link; world_frame=camera_init
2026-09-02T10:24:00+0800,14.717,plan_received,id=4; source=/received_global_plan; points=33; frame=wamv/wamv/base_link; world_frame=camera_init
2026-09-02T10:24:00+0800,14.816,plan_received,id=4; source=/received_global_plan; points=33; frame=wamv/wamv/base_link; world_frame=camera_init
2026-09-02T10:24:00+0800,14.916,plan_received,id=4; source=/received_global_plan; points=33; frame=wamv/wamv/base_link; world_frame=camera_init
2026-09-02T10:24:00+0800,15.017,plan_received,id=4; source=/received_global_plan; points=33; frame=wamv/wamv/base_link; world_frame=camera_init
2026-09-02T10:24:00+0800,15.116,plan_received,id=4; source=/received_global_plan; points=30; frame=wamv/wamv/base_link; world_frame=camera_init
2026-09-02T10:24:00+0800,15.216,plan_received,id=4; source=/received_global_plan; points=30; frame=wamv/wamv/base_link; world_frame=camera_init
2026-09-02T10:24:00+0800,15.316,plan_received,id=4; source=/received_global_plan; points=30; frame=wamv/wamv/base_link; world_frame=camera_init
2026-09-02T10:24:00+0800,15.416,plan_received,id=4; source=/received_global_plan; points=30; frame=wamv/wamv/base_link; world_frame=camera_init
2026-09-02T10:24:00+0800,15.516,plan_received,id=4; source=/received_global_plan; points=30; frame=wamv/wamv/base_link; world_frame=camera_init
2026-09-02T10:24:01+0800,15.616,plan_received,id=4; source=/received_global_plan; points=30; frame=wamv/wamv/base_link; world_frame=camera_init
2026-09-02T10:24:01+0800,15.717,plan_received,id=4; source=/received_global_plan; points=30; frame=wamv/wamv/base_link; world_frame=camera_init
2026-09-02T10:24:01+0800,15.817,plan_received,id=4; source=/received_global_plan; points=30; frame=wamv/wamv/base_link; world_frame=camera_init
2026-09-02T10:24:01+0800,15.917,plan_received,id=4; source=/received_global_plan; points=30; frame=wamv/wamv/base_link; world_frame=camera_init
2026-09-02T10:24:01+0800,16.015,plan_received,id=4; source=/received_global_plan; points=30; frame=wamv/wamv/base_link; world_frame=camera_init
2026-09-02T10:24:01+0800,16.116,plan_received,id=4; source=/received_global_plan; points=30; frame=wamv/wamv/base_link; world_frame=camera_init
2026-09-02T10:24:01+0800,16.216,plan_received,id=4; source=/received_global_plan; points=30; frame=wamv/wamv/base_link; world_frame=camera_init
2026-09-02T10:24:01+0800,16.317,plan_received,id=4; source=/received_global_plan; points=30; frame=wamv/wamv/base_link; world_frame=camera_init
2026-09-02T10:24:01+0800,16.416,plan_received,id=4; source=/received_global_plan; points=30; frame=wamv/wamv/base_link; world_frame=camera_init
2026-09-02T10:24:01+0800,16.516,plan_received,id=4; source=/received_global_plan; points=30; frame=wamv/wamv/base_link; world_frame=camera_init
2026-09-02T10:24:02+0800,16.616,plan_received,id=4; source=/received_global_plan; points=30; frame=wamv/wamv/base_link; world_frame=camera_init
2026-09-02T10:24:02+0800,16.716,plan_received,id=4; source=/received_global_plan; points=30; frame=wamv/wamv/base_link; world_frame=camera_init
2026-09-02T10:24:02+0800,16.816,plan_received,id=4; source=/received_global_plan; points=30; frame=wamv/wamv/base_link; world_frame=camera_init
2026-09-02T10:24:02+0800,16.916,plan_received,id=4; source=/received_global_plan; points=30; frame=wamv/wamv/base_link; world_frame=camera_init
2026-09-02T10:24:02+0800,17.016,plan_received,id=4; source=/received_global_plan; points=30; frame=wamv/wamv/base_link; world_frame=camera_init
2026-09-02T10:24:02+0800,17.117,plan_received,id=4; source=/received_global_plan; points=30; frame=wamv/wamv/base_link; world_frame=camera_init
2026-09-02T10:24:02+0800,17.217,plan_received,id=4; source=/received_global_plan; points=30; frame=wamv/wamv/base_link; world_frame=camera_init
2026-09-02T10:24:02+0800,17.229,plan_received,id=5; source=/unsmoothed_plan; points=29; frame=camera_init; world_frame=camera_init
2026-09-02T10:24:02+0800,17.232,plan_received,id=6; source=/plan; points=29; frame=camera_init; world_frame=camera_init
2026-09-02T10:24:02+0800,17.317,plan_received,id=6; source=/received_global_plan; points=30; frame=wamv/wamv/base_link; world_frame=camera_init
2026-09-02T10:24:02+0800,17.416,plan_received,id=6; source=/received_global_plan; points=29; frame=wamv/wamv/base_link; world_frame=camera_init
2026-09-02T10:24:02+0800,17.516,plan_received,id=6; source=/received_global_plan; points=29; frame=wamv/wamv/base_link; world_frame=camera_init
2026-09-02T10:24:03+0800,17.616,plan_received,id=6; source=/received_global_plan; points=29; frame=wamv/wamv/base_link; world_frame=camera_init
2026-09-02T10:24:03+0800,17.717,plan_received,id=6; source=/received_global_plan; points=29; frame=wamv/wamv/base_link; world_frame=camera_init
2026-09-02T10:24:03+0800,17.816,plan_received,id=6; source=/received_global_plan; points=29; frame=wamv/wamv/base_link; world_frame=camera_init
2026-09-02T10:24:03+0800,17.915,plan_received,id=6; source=/received_global_plan; points=29; frame=wamv/wamv/base_link; world_frame=camera_init
2026-09-02T10:24:03+0800,18.016,plan_received,id=6; source=/received_global_plan; points=29; frame=wamv/wamv/base_link; world_frame=camera_init
2026-09-02T10:24:03+0800,18.116,plan_received,id=6; source=/received_global_plan; points=29; frame=wamv/wamv/base_link; world_frame=camera_init
2026-09-02T10:24:03+0800,18.216,plan_received,id=6; source=/received_global_plan; points=29; frame=wamv/wamv/base_link; world_frame=camera_init
2026-09-02T10:24:03+0800,18.315,plan_received,id=6; source=/received_global_plan; points=29; frame=wamv/wamv/base_link; world_frame=camera_init
2026-09-02T10:24:03+0800,18.416,plan_received,id=6; source=/received_global_plan; points=29; frame=wamv/wamv/base_link; world_frame=camera_init
2026-09-02T10:24:03+0800,18.516,plan_received,id=6; source=/received_global_plan; points=29; frame=wamv/wamv/base_link; world_frame=camera_init
2026-09-02T10:24:04+0800,18.616,plan_received,id=6; source=/received_global_plan; points=29; frame=wamv/wamv/base_link; world_frame=camera_init
2026-09-02T10:24:04+0800,18.716,plan_received,id=6; source=/received_global_plan; points=29; frame=wamv/wamv/base_link; world_frame=camera_init
2026-09-02T10:24:04+0800,18.815,plan_received,id=6; source=/received_global_plan; points=29; frame=wamv/wamv/base_link; world_frame=camera_init
2026-09-02T10:24:04+0800,18.915,plan_received,id=6; source=/received_global_plan; points=29; frame=wamv/wamv/base_link; world_frame=camera_init
2026-09-02T10:24:04+0800,19.016,plan_received,id=6; source=/received_global_plan; points=29; frame=wamv/wamv/base_link; world_frame=camera_init
2026-09-02T10:24:04+0800,19.116,plan_received,id=6; source=/received_global_plan; points=29; frame=wamv/wamv/base_link; world_frame=camera_init
2026-09-02T10:24:04+0800,19.217,plan_received,id=6; source=/received_global_plan; points=29; frame=wamv/wamv/base_link; world_frame=camera_init
2026-09-02T10:24:04+0800,19.316,plan_received,id=6; source=/received_global_plan; points=29; frame=wamv/wamv/base_link; world_frame=camera_init
2026-09-02T10:24:04+0800,19.416,plan_received,id=6; source=/received_global_plan; points=29; frame=wamv/wamv/base_link; world_frame=camera_init
2026-09-02T10:24:04+0800,19.516,plan_received,id=6; source=/received_global_plan; points=29; frame=wamv/wamv/base_link; world_frame=camera_init
2026-09-02T10:24:05+0800,19.615,plan_received,id=6; source=/received_global_plan; points=29; frame=wamv/wamv/base_link; world_frame=camera_init
2026-09-02T10:24:05+0800,19.717,plan_received,id=6; source=/received_global_plan; points=29; frame=wamv/wamv/base_link; world_frame=camera_init
2026-09-02T10:24:05+0800,19.817,plan_received,id=6; source=/received_global_plan; points=29; frame=wamv/wamv/base_link; world_frame=camera_init
2026-09-02T10:24:05+0800,19.916,plan_received,id=6; source=/received_global_plan; points=29; frame=wamv/wamv/base_link; world_frame=camera_init
2026-09-02T10:24:05+0800,20.019,plan_received,id=6; source=/received_global_plan; points=29; frame=wamv/wamv/base_link; world_frame=camera_init
2026-09-02T10:24:05+0800,20.117,plan_received,id=6; source=/received_global_plan; points=29; frame=wamv/wamv/base_link; world_frame=camera_init
2026-09-02T10:24:05+0800,20.216,plan_received,id=6; source=/received_global_plan; points=29; frame=wamv/wamv/base_link; world_frame=camera_init
2026-09-02T10:24:05+0800,20.315,plan_received,id=6; source=/received_global_plan; points=29; frame=wamv/wamv/base_link; world_frame=camera_init
2026-09-02T10:24:05+0800,20.417,plan_received,id=6; source=/received_global_plan; points=29; frame=wamv/wamv/base_link; world_frame=camera_init
2026-09-02T10:24:05+0800,20.516,plan_received,id=6; source=/received_global_plan; points=28; frame=wamv/wamv/base_link; world_frame=camera_init
2026-09-02T10:24:06+0800,20.616,plan_received,id=6; source=/received_global_plan; points=28; frame=wamv/wamv/base_link; world_frame=camera_init
2026-09-02T10:24:06+0800,20.716,plan_received,id=6; source=/received_global_plan; points=28; frame=wamv/wamv/base_link; world_frame=camera_init
2026-09-02T10:24:06+0800,20.816,plan_received,id=6; source=/received_global_plan; points=28; frame=wamv/wamv/base_link; world_frame=camera_init
2026-09-02T10:24:06+0800,20.916,plan_received,id=6; source=/received_global_plan; points=28; frame=wamv/wamv/base_link; world_frame=camera_init
2026-09-02T10:24:06+0800,21.016,plan_received,id=6; source=/received_global_plan; points=28; frame=wamv/wamv/base_link; world_frame=camera_init
2026-09-02T10:24:06+0800,21.117,plan_received,id=6; source=/received_global_plan; points=28; frame=wamv/wamv/base_link; world_frame=camera_init
2026-09-02T10:24:06+0800,21.217,plan_received,id=6; source=/received_global_plan; points=28; frame=wamv/wamv/base_link; world_frame=camera_init
2026-09-02T10:24:06+0800,21.318,plan_received,id=6; source=/received_global_plan; points=28; frame=wamv/wamv/base_link; world_frame=camera_init
2026-09-02T10:24:06+0800,21.416,plan_received,id=6; source=/received_global_plan; points=28; frame=wamv/wamv/base_link; world_frame=camera_init
2026-09-02T10:24:06+0800,21.419,plan_received,id=7; source=/plan; points=32; frame=camera_init; world_frame=camera_init
2026-09-02T10:24:06+0800,21.421,plan_received,id=8; source=/unsmoothed_plan; points=32; frame=camera_init; world_frame=camera_init
2026-09-02T10:24:06+0800,21.517,plan_received,id=8; source=/received_global_plan; points=32; frame=wamv/wamv/base_link; world_frame=camera_init
2026-09-02T10:24:07+0800,21.617,plan_received,id=8; source=/received_global_plan; points=32; frame=wamv/wamv/base_link; world_frame=camera_init
2026-09-02T10:24:07+0800,21.718,plan_received,id=8; source=/received_global_plan; points=32; frame=wamv/wamv/base_link; world_frame=camera_init
2026-09-02T10:24:07+0800,21.816,plan_received,id=8; source=/received_global_plan; points=32; frame=wamv/wamv/base_link; world_frame=camera_init
2026-09-02T10:24:07+0800,21.916,plan_received,id=8; source=/received_global_plan; points=32; frame=wamv/wamv/base_link; world_frame=camera_init
2026-09-02T10:24:07+0800,22.016,plan_received,id=8; source=/received_global_plan; points=32; frame=wamv/wamv/base_link; world_frame=camera_init
2026-09-02T10:24:07+0800,22.116,plan_received,id=8; source=/received_global_plan; points=32; frame=wamv/wamv/base_link; world_frame=camera_init
2026-09-02T10:24:07+0800,22.216,plan_received,id=8; source=/received_global_plan; points=32; frame=wamv/wamv/base_link; world_frame=camera_init
2026-09-02T10:24:07+0800,22.316,plan_received,id=8; source=/received_global_plan; points=32; frame=wamv/wamv/base_link; world_frame=camera_init
2026-09-02T10:24:07+0800,22.416,plan_received,id=8; source=/received_global_plan; points=32; frame=wamv/wamv/base_link; world_frame=camera_init
2026-09-02T10:24:07+0800,22.518,plan_received,id=8; source=/received_global_plan; points=31; frame=wamv/wamv/base_link; world_frame=camera_init
2026-09-02T10:24:08+0800,22.616,plan_received,id=8; source=/received_global_plan; points=31; frame=wamv/wamv/base_link; world_frame=camera_init
2026-09-02T10:24:08+0800,22.718,plan_received,id=8; source=/received_global_plan; points=31; frame=wamv/wamv/base_link; world_frame=camera_init
2026-09-02T10:24:08+0800,22.816,plan_received,id=8; source=/received_global_plan; points=31; frame=wamv/wamv/base_link; world_frame=camera_init
2026-09-02T10:24:08+0800,22.916,plan_received,id=8; source=/received_global_plan; points=31; frame=wamv/wamv/base_link; world_frame=camera_init
2026-09-02T10:24:08+0800,23.015,plan_received,id=8; source=/received_global_plan; points=31; frame=wamv/wamv/base_link; world_frame=camera_init
2026-09-02T10:24:08+0800,23.116,plan_received,id=8; source=/received_global_plan; points=31; frame=wamv/wamv/base_link; world_frame=camera_init
2026-09-02T10:24:08+0800,23.216,plan_received,id=8; source=/received_global_plan; points=31; frame=wamv/wamv/base_link; world_frame=camera_init
2026-09-02T10:24:08+0800,23.317,plan_received,id=8; source=/received_global_plan; points=31; frame=wamv/wamv/base_link; world_frame=camera_init
2026-09-02T10:24:08+0800,23.416,plan_received,id=8; source=/received_global_plan; points=31; frame=wamv/wamv/base_link; world_frame=camera_init
2026-09-02T10:24:08+0800,23.515,plan_received,id=8; source=/received_global_plan; points=31; frame=wamv/wamv/base_link; world_frame=camera_init
2026-09-02T10:24:09+0800,23.616,plan_received,id=8; source=/received_global_plan; points=31; frame=wamv/wamv/base_link; world_frame=camera_init
2026-09-02T10:24:09+0800,23.716,plan_received,id=8; source=/received_global_plan; points=31; frame=wamv/wamv/base_link; world_frame=camera_init
2026-09-02T10:24:09+0800,23.815,plan_received,id=8; source=/received_global_plan; points=31; frame=wamv/wamv/base_link; world_frame=camera_init
2026-09-02T10:24:09+0800,23.916,plan_received,id=8; source=/received_global_plan; points=31; frame=wamv/wamv/base_link; world_frame=camera_init
2026-09-02T10:24:09+0800,24.017,plan_received,id=8; source=/received_global_plan; points=31; frame=wamv/wamv/base_link; world_frame=camera_init
2026-09-02T10:24:09+0800,24.116,plan_received,id=8; source=/received_global_plan; points=31; frame=wamv/wamv/base_link; world_frame=camera_init
2026-09-02T10:24:09+0800,24.215,plan_received,id=8; source=/received_global_plan; points=31; frame=wamv/wamv/base_link; world_frame=camera_init
2026-09-02T10:24:09+0800,24.316,plan_received,id=8; source=/received_global_plan; points=31; frame=wamv/wamv/base_link; world_frame=camera_init
2026-09-02T10:24:09+0800,24.416,plan_received,id=8; source=/received_global_plan; points=31; frame=wamv/wamv/base_link; world_frame=camera_init
2026-09-02T10:24:09+0800,24.516,plan_received,id=8; source=/received_global_plan; points=31; frame=wamv/wamv/base_link; world_frame=camera_init
2026-09-02T10:24:10+0800,24.616,plan_received,id=8; source=/received_global_plan; points=31; frame=wamv/wamv/base_link; world_frame=camera_init
2026-09-02T10:24:10+0800,24.717,plan_received,id=8; source=/received_global_plan; points=31; frame=wamv/wamv/base_link; world_frame=camera_init
2026-09-02T10:24:10+0800,24.817,plan_received,id=8; source=/received_global_plan; points=31; frame=wamv/wamv/base_link; world_frame=camera_init
2026-09-02T10:24:10+0800,24.917,plan_received,id=8; source=/received_global_plan; points=31; frame=wamv/wamv/base_link; world_frame=camera_init
2026-09-02T10:24:10+0800,25.017,plan_received,id=8; source=/received_global_plan; points=31; frame=wamv/wamv/base_link; world_frame=camera_init
2026-09-02T10:24:10+0800,25.117,plan_received,id=8; source=/received_global_plan; points=31; frame=wamv/wamv/base_link; world_frame=camera_init
2026-09-02T10:24:10+0800,25.217,plan_received,id=8; source=/received_global_plan; points=31; frame=wamv/wamv/base_link; world_frame=camera_init
2026-09-02T10:24:10+0800,25.316,plan_received,id=8; source=/received_global_plan; points=31; frame=wamv/wamv/base_link; world_frame=camera_init
2026-09-02T10:24:10+0800,25.416,plan_received,id=8; source=/received_global_plan; points=31; frame=wamv/wamv/base_link; world_frame=camera_init
2026-09-02T10:24:10+0800,25.515,plan_received,id=8; source=/received_global_plan; points=31; frame=wamv/wamv/base_link; world_frame=camera_init
2026-09-02T10:24:11+0800,25.617,plan_received,id=8; source=/received_global_plan; points=31; frame=wamv/wamv/base_link; world_frame=camera_init
2026-09-02T10:24:11+0800,25.621,plan_received,id=9; source=/plan; points=26; frame=camera_init; world_frame=camera_init
2026-09-02T10:24:11+0800,25.623,plan_received,id=10; source=/unsmoothed_plan; points=26; frame=camera_init; world_frame=camera_init
2026-09-02T10:24:11+0800,25.716,plan_received,id=10; source=/received_global_plan; points=26; frame=wamv/wamv/base_link; world_frame=camera_init
2026-09-02T10:24:11+0800,25.815,plan_received,id=10; source=/received_global_plan; points=26; frame=wamv/wamv/base_link; world_frame=camera_init
2026-09-02T10:24:11+0800,25.915,plan_received,id=10; source=/received_global_plan; points=26; frame=wamv/wamv/base_link; world_frame=camera_init
2026-09-02T10:24:11+0800,26.016,plan_received,id=10; source=/received_global_plan; points=26; frame=wamv/wamv/base_link; world_frame=camera_init
2026-09-02T10:24:11+0800,26.116,plan_received,id=10; source=/received_global_plan; points=26; frame=wamv/wamv/base_link; world_frame=camera_init
2026-09-02T10:24:11+0800,26.215,plan_received,id=10; source=/received_global_plan; points=26; frame=wamv/wamv/base_link; world_frame=camera_init
2026-09-02T10:24:11+0800,26.316,plan_received,id=10; source=/received_global_plan; points=26; frame=wamv/wamv/base_link; world_frame=camera_init
2026-09-02T10:24:11+0800,26.416,plan_received,id=10; source=/received_global_plan; points=26; frame=wamv/wamv/base_link; world_frame=camera_init
2026-09-02T10:24:11+0800,26.516,plan_received,id=10; source=/received_global_plan; points=26; frame=wamv/wamv/base_link; world_frame=camera_init
2026-09-02T10:24:12+0800,26.615,plan_received,id=10; source=/received_global_plan; points=26; frame=wamv/wamv/base_link; world_frame=camera_init
2026-09-02T10:24:12+0800,26.716,plan_received,id=10; source=/received_global_plan; points=26; frame=wamv/wamv/base_link; world_frame=camera_init
2026-09-02T10:24:12+0800,26.816,plan_received,id=10; source=/received_global_plan; points=25; frame=wamv/wamv/base_link; world_frame=camera_init
2026-09-02T10:24:12+0800,26.915,plan_received,id=10; source=/received_global_plan; points=25; frame=wamv/wamv/base_link; world_frame=camera_init
2026-09-02T10:24:12+0800,27.016,plan_received,id=10; source=/received_global_plan; points=25; frame=wamv/wamv/base_link; world_frame=camera_init
2026-09-02T10:24:12+0800,27.116,plan_received,id=10; source=/received_global_plan; points=25; frame=wamv/wamv/base_link; world_frame=camera_init
2026-09-02T10:24:12+0800,27.215,plan_received,id=10; source=/received_global_plan; points=25; frame=wamv/wamv/base_link; world_frame=camera_init
2026-09-02T10:24:12+0800,27.316,plan_received,id=10; source=/received_global_plan; points=25; frame=wamv/wamv/base_link; world_frame=camera_init
2026-09-02T10:24:12+0800,27.416,plan_received,id=10; source=/received_global_plan; points=25; frame=wamv/wamv/base_link; world_frame=camera_init
2026-09-02T10:24:12+0800,27.516,plan_received,id=10; source=/received_global_plan; points=25; frame=wamv/wamv/base_link; world_frame=camera_init
2026-09-02T10:24:13+0800,27.616,plan_received,id=10; source=/received_global_plan; points=25; frame=wamv/wamv/base_link; world_frame=camera_init
2026-09-02T10:24:13+0800,27.716,plan_received,id=10; source=/received_global_plan; points=25; frame=wamv/wamv/base_link; world_frame=camera_init
2026-09-02T10:24:13+0800,27.816,plan_received,id=10; source=/received_global_plan; points=25; frame=wamv/wamv/base_link; world_frame=camera_init
2026-09-02T10:24:13+0800,27.916,plan_received,id=10; source=/received_global_plan; points=25; frame=wamv/wamv/base_link; world_frame=camera_init
2026-09-02T10:24:13+0800,28.016,plan_received,id=10; source=/received_global_plan; points=25; frame=wamv/wamv/base_link; world_frame=camera_init
2026-09-02T10:24:13+0800,28.116,plan_received,id=10; source=/received_global_plan; points=25; frame=wamv/wamv/base_link; world_frame=camera_init
2026-09-02T10:24:13+0800,28.216,plan_received,id=10; source=/received_global_plan; points=25; frame=wamv/wamv/base_link; world_frame=camera_init
2026-09-02T10:24:13+0800,28.316,plan_received,id=10; source=/received_global_plan; points=25; frame=wamv/wamv/base_link; world_frame=camera_init
2026-09-02T10:24:13+0800,28.416,plan_received,id=10; source=/received_global_plan; points=25; frame=wamv/wamv/base_link; world_frame=camera_init
2026-09-02T10:24:13+0800,28.516,plan_received,id=10; source=/received_global_plan; points=25; frame=wamv/wamv/base_link; world_frame=camera_init
2026-09-02T10:24:14+0800,28.615,plan_received,id=10; source=/received_global_plan; points=25; frame=wamv/wamv/base_link; world_frame=camera_init
2026-09-02T10:24:14+0800,28.715,plan_received,id=10; source=/received_global_plan; points=25; frame=wamv/wamv/base_link; world_frame=camera_init
2026-09-02T10:24:14+0800,28.815,plan_received,id=10; source=/received_global_plan; points=25; frame=wamv/wamv/base_link; world_frame=camera_init
2026-09-02T10:24:14+0800,28.915,plan_received,id=10; source=/received_global_plan; points=25; frame=wamv/wamv/base_link; world_frame=camera_init
2026-09-02T10:24:14+0800,29.015,plan_received,id=10; source=/received_global_plan; points=25; frame=wamv/wamv/base_link; world_frame=camera_init
2026-09-02T10:24:14+0800,29.116,plan_received,id=10; source=/received_global_plan; points=25; frame=wamv/wamv/base_link; world_frame=camera_init
2026-09-02T10:24:14+0800,29.215,plan_received,id=10; source=/received_global_plan; points=25; frame=wamv/wamv/base_link; world_frame=camera_init
2026-09-02T10:24:14+0800,29.315,plan_received,id=10; source=/received_global_plan; points=25; frame=wamv/wamv/base_link; world_frame=camera_init
2026-09-02T10:24:14+0800,29.416,plan_received,id=10; source=/received_global_plan; points=25; frame=wamv/wamv/base_link; world_frame=camera_init
2026-09-02T10:24:14+0800,29.516,plan_received,id=10; source=/received_global_plan; points=25; frame=wamv/wamv/base_link; world_frame=camera_init
2026-09-02T10:24:15+0800,29.615,plan_received,id=10; source=/received_global_plan; points=25; frame=wamv/wamv/base_link; world_frame=camera_init
2026-09-02T10:24:15+0800,29.716,plan_received,id=10; source=/received_global_plan; points=25; frame=wamv/wamv/base_link; world_frame=camera_init
2026-09-02T10:24:15+0800,29.815,plan_received,id=10; source=/received_global_plan; points=25; frame=wamv/wamv/base_link; world_frame=camera_init
2026-09-02T10:24:15+0800,29.823,plan_received,id=11; source=/plan; points=28; frame=camera_init; world_frame=camera_init
2026-09-02T10:24:15+0800,29.824,plan_received,id=12; source=/unsmoothed_plan; points=28; frame=camera_init; world_frame=camera_init
2026-09-02T10:24:15+0800,29.915,plan_received,id=12; source=/received_global_plan; points=28; frame=wamv/wamv/base_link; world_frame=camera_init
2026-09-02T10:24:15+0800,30.015,plan_received,id=12; source=/received_global_plan; points=28; frame=wamv/wamv/base_link; world_frame=camera_init
2026-09-02T10:24:15+0800,30.116,plan_received,id=12; source=/received_global_plan; points=28; frame=wamv/wamv/base_link; world_frame=camera_init
2026-09-02T10:24:15+0800,30.216,plan_received,id=12; source=/received_global_plan; points=28; frame=wamv/wamv/base_link; world_frame=camera_init
2026-09-02T10:24:15+0800,30.315,plan_received,id=12; source=/received_global_plan; points=28; frame=wamv/wamv/base_link; world_frame=camera_init
2026-09-02T10:24:15+0800,30.416,plan_received,id=12; source=/received_global_plan; points=27; frame=wamv/wamv/base_link; world_frame=camera_init
2026-09-02T10:24:15+0800,30.516,plan_received,id=12; source=/received_global_plan; points=27; frame=wamv/wamv/base_link; world_frame=camera_init
2026-09-02T10:24:16+0800,30.615,plan_received,id=12; source=/received_global_plan; points=27; frame=wamv/wamv/base_link; world_frame=camera_init
2026-09-02T10:24:16+0800,30.716,plan_received,id=12; source=/received_global_plan; points=27; frame=wamv/wamv/base_link; world_frame=camera_init
2026-09-02T10:24:16+0800,30.815,plan_received,id=12; source=/received_global_plan; points=27; frame=wamv/wamv/base_link; world_frame=camera_init
2026-09-02T10:24:16+0800,30.916,plan_received,id=12; source=/received_global_plan; points=27; frame=wamv/wamv/base_link; world_frame=camera_init
2026-09-02T10:24:16+0800,31.018,plan_received,id=12; source=/received_global_plan; points=27; frame=wamv/wamv/base_link; world_frame=camera_init
2026-09-02T10:24:16+0800,31.116,plan_received,id=12; source=/received_global_plan; points=27; frame=wamv/wamv/base_link; world_frame=camera_init
2026-09-02T10:24:16+0800,31.215,plan_received,id=12; source=/received_global_plan; points=27; frame=wamv/wamv/base_link; world_frame=camera_init
2026-09-02T10:24:16+0800,31.316,plan_received,id=12; source=/received_global_plan; points=27; frame=wamv/wamv/base_link; world_frame=camera_init
2026-09-02T10:24:16+0800,31.415,plan_received,id=12; source=/received_global_plan; points=27; frame=wamv/wamv/base_link; world_frame=camera_init
2026-09-02T10:24:16+0800,31.516,plan_received,id=12; source=/received_global_plan; points=27; frame=wamv/wamv/base_link; world_frame=camera_init
2026-09-02T10:24:17+0800,31.615,plan_received,id=12; source=/received_global_plan; points=27; frame=wamv/wamv/base_link; world_frame=camera_init
2026-09-02T10:24:17+0800,31.715,plan_received,id=12; source=/received_global_plan; points=27; frame=wamv/wamv/base_link; world_frame=camera_init
2026-09-02T10:24:17+0800,31.816,plan_received,id=12; source=/received_global_plan; points=27; frame=wamv/wamv/base_link; world_frame=camera_init
2026-09-02T10:24:17+0800,31.915,plan_received,id=12; source=/received_global_plan; points=27; frame=wamv/wamv/base_link; world_frame=camera_init
2026-09-02T10:24:17+0800,32.015,plan_received,id=12; source=/received_global_plan; points=27; frame=wamv/wamv/base_link; world_frame=camera_init
2026-09-02T10:24:17+0800,32.115,plan_received,id=12; source=/received_global_plan; points=27; frame=wamv/wamv/base_link; world_frame=camera_init
2026-09-02T10:24:17+0800,32.215,plan_received,id=12; source=/received_global_plan; points=27; frame=wamv/wamv/base_link; world_frame=camera_init
2026-09-02T10:24:17+0800,32.315,plan_received,id=12; source=/received_global_plan; points=26; frame=wamv/wamv/base_link; world_frame=camera_init
2026-09-02T10:24:17+0800,32.416,plan_received,id=12; source=/received_global_plan; points=26; frame=wamv/wamv/base_link; world_frame=camera_init
2026-09-02T10:24:17+0800,32.515,plan_received,id=12; source=/received_global_plan; points=26; frame=wamv/wamv/base_link; world_frame=camera_init
2026-09-02T10:24:18+0800,32.616,plan_received,id=12; source=/received_global_plan; points=26; frame=wamv/wamv/base_link; world_frame=camera_init
2026-09-02T10:24:18+0800,32.715,plan_received,id=12; source=/received_global_plan; points=26; frame=wamv/wamv/base_link; world_frame=camera_init
2026-09-02T10:24:18+0800,32.815,plan_received,id=12; source=/received_global_plan; points=26; frame=wamv/wamv/base_link; world_frame=camera_init
2026-09-02T10:24:18+0800,32.916,plan_received,id=12; source=/received_global_plan; points=26; frame=wamv/wamv/base_link; world_frame=camera_init
2026-09-02T10:24:18+0800,33.016,plan_received,id=12; source=/received_global_plan; points=26; frame=wamv/wamv/base_link; world_frame=camera_init
2026-09-02T10:24:18+0800,33.116,plan_received,id=12; source=/received_global_plan; points=26; frame=wamv/wamv/base_link; world_frame=camera_init
2026-09-02T10:24:18+0800,33.216,plan_received,id=12; source=/received_global_plan; points=26; frame=wamv/wamv/base_link; world_frame=camera_init
2026-09-02T10:24:18+0800,33.315,plan_received,id=12; source=/received_global_plan; points=26; frame=wamv/wamv/base_link; world_frame=camera_init
2026-09-02T10:24:18+0800,33.415,plan_received,id=12; source=/received_global_plan; points=26; frame=wamv/wamv/base_link; world_frame=camera_init
2026-09-02T10:24:18+0800,33.515,plan_received,id=12; source=/received_global_plan; points=26; frame=wamv/wamv/base_link; world_frame=camera_init
2026-09-02T10:24:19+0800,33.616,plan_received,id=12; source=/received_global_plan; points=25; frame=wamv/wamv/base_link; world_frame=camera_init
2026-09-02T10:24:19+0800,33.716,plan_received,id=12; source=/received_global_plan; points=25; frame=wamv/wamv/base_link; world_frame=camera_init
2026-09-02T10:24:19+0800,33.816,plan_received,id=12; source=/received_global_plan; points=25; frame=wamv/wamv/base_link; world_frame=camera_init
2026-09-02T10:24:19+0800,33.916,plan_received,id=12; source=/received_global_plan; points=25; frame=wamv/wamv/base_link; world_frame=camera_init
2026-09-02T10:24:19+0800,34.015,plan_received,id=12; source=/received_global_plan; points=25; frame=wamv/wamv/base_link; world_frame=camera_init
2026-09-02T10:24:19+0800,34.022,plan_received,id=13; source=/unsmoothed_plan; points=26; frame=camera_init; world_frame=camera_init
2026-09-02T10:24:19+0800,34.023,plan_received,id=14; source=/plan; points=26; frame=camera_init; world_frame=camera_init
2026-09-02T10:24:19+0800,34.114,plan_received,id=14; source=/received_global_plan; points=26; frame=wamv/wamv/base_link; world_frame=camera_init
2026-09-02T10:24:19+0800,34.215,plan_received,id=14; source=/received_global_plan; points=26; frame=wamv/wamv/base_link; world_frame=camera_init
2026-09-02T10:24:19+0800,34.316,plan_received,id=14; source=/received_global_plan; points=26; frame=wamv/wamv/base_link; world_frame=camera_init
2026-09-02T10:24:19+0800,34.416,plan_received,id=14; source=/received_global_plan; points=26; frame=wamv/wamv/base_link; world_frame=camera_init
2026-09-02T10:24:19+0800,34.515,plan_received,id=14; source=/received_global_plan; points=26; frame=wamv/wamv/base_link; world_frame=camera_init
2026-09-02T10:24:20+0800,34.619,plan_received,id=14; source=/received_global_plan; points=26; frame=wamv/wamv/base_link; world_frame=camera_init
2026-09-02T10:24:20+0800,34.716,plan_received,id=14; source=/received_global_plan; points=26; frame=wamv/wamv/base_link; world_frame=camera_init
2026-09-02T10:24:20+0800,34.816,plan_received,id=14; source=/received_global_plan; points=26; frame=wamv/wamv/base_link; world_frame=camera_init
2026-09-02T10:24:20+0800,34.917,plan_received,id=14; source=/received_global_plan; points=26; frame=wamv/wamv/base_link; world_frame=camera_init
2026-09-02T10:24:20+0800,35.015,plan_received,id=14; source=/received_global_plan; points=26; frame=wamv/wamv/base_link; world_frame=camera_init
2026-09-02T10:24:20+0800,35.115,plan_received,id=14; source=/received_global_plan; points=26; frame=wamv/wamv/base_link; world_frame=camera_init
2026-09-02T10:24:20+0800,35.215,plan_received,id=14; source=/received_global_plan; points=26; frame=wamv/wamv/base_link; world_frame=camera_init
2026-09-02T10:24:20+0800,35.315,plan_received,id=14; source=/received_global_plan; points=26; frame=wamv/wamv/base_link; world_frame=camera_init
2026-09-02T10:24:20+0800,35.415,plan_received,id=14; source=/received_global_plan; points=26; frame=wamv/wamv/base_link; world_frame=camera_init
2026-09-02T10:24:20+0800,35.514,plan_received,id=14; source=/received_global_plan; points=26; frame=wamv/wamv/base_link; world_frame=camera_init
2026-09-02T10:24:21+0800,35.614,plan_received,id=14; source=/received_global_plan; points=26; frame=wamv/wamv/base_link; world_frame=camera_init
2026-09-02T10:24:21+0800,35.714,plan_received,id=14; source=/received_global_plan; points=26; frame=wamv/wamv/base_link; world_frame=camera_init
2026-09-02T10:24:21+0800,35.815,plan_received,id=14; source=/received_global_plan; points=25; frame=wamv/wamv/base_link; world_frame=camera_init
2026-09-02T10:24:21+0800,35.916,plan_received,id=14; source=/received_global_plan; points=25; frame=wamv/wamv/base_link; world_frame=camera_init
2026-09-02T10:24:21+0800,36.015,plan_received,id=14; source=/received_global_plan; points=25; frame=wamv/wamv/base_link; world_frame=camera_init
2026-09-02T10:24:21+0800,36.115,plan_received,id=14; source=/received_global_plan; points=25; frame=wamv/wamv/base_link; world_frame=camera_init
2026-09-02T10:24:21+0800,36.215,plan_received,id=14; source=/received_global_plan; points=25; frame=wamv/wamv/base_link; world_frame=camera_init
2026-09-02T10:24:21+0800,36.315,plan_received,id=14; source=/received_global_plan; points=25; frame=wamv/wamv/base_link; world_frame=camera_init
2026-09-02T10:24:21+0800,36.416,plan_received,id=14; source=/received_global_plan; points=25; frame=wamv/wamv/base_link; world_frame=camera_init
2026-09-02T10:24:21+0800,36.516,plan_received,id=14; source=/received_global_plan; points=25; frame=wamv/wamv/base_link; world_frame=camera_init
2026-09-02T10:24:22+0800,36.616,plan_received,id=14; source=/received_global_plan; points=25; frame=wamv/wamv/base_link; world_frame=camera_init
2026-09-02T10:24:22+0800,36.716,plan_received,id=14; source=/received_global_plan; points=25; frame=wamv/wamv/base_link; world_frame=camera_init
2026-09-02T10:24:22+0800,36.816,plan_received,id=14; source=/received_global_plan; points=25; frame=wamv/wamv/base_link; world_frame=camera_init
2026-09-02T10:24:22+0800,36.915,plan_received,id=14; source=/received_global_plan; points=25; frame=wamv/wamv/base_link; world_frame=camera_init
2026-09-02T10:24:22+0800,37.016,plan_received,id=14; source=/received_global_plan; points=25; frame=wamv/wamv/base_link; world_frame=camera_init
2026-09-02T10:24:22+0800,37.116,plan_received,id=14; source=/received_global_plan; points=25; frame=wamv/wamv/base_link; world_frame=camera_init
2026-09-02T10:24:22+0800,37.216,plan_received,id=14; source=/received_global_plan; points=25; frame=wamv/wamv/base_link; world_frame=camera_init
2026-09-02T10:24:22+0800,37.316,plan_received,id=14; source=/received_global_plan; points=25; frame=wamv/wamv/base_link; world_frame=camera_init
2026-09-02T10:24:22+0800,37.416,plan_received,id=14; source=/received_global_plan; points=25; frame=wamv/wamv/base_link; world_frame=camera_init
2026-09-02T10:24:22+0800,37.516,plan_received,id=14; source=/received_global_plan; points=25; frame=wamv/wamv/base_link; world_frame=camera_init
2026-09-02T10:24:23+0800,37.616,plan_received,id=14; source=/received_global_plan; points=25; frame=wamv/wamv/base_link; world_frame=camera_init
2026-09-02T10:24:23+0800,37.715,plan_received,id=14; source=/received_global_plan; points=25; frame=wamv/wamv/base_link; world_frame=camera_init
2026-09-02T10:24:23+0800,37.816,plan_received,id=14; source=/received_global_plan; points=25; frame=wamv/wamv/base_link; world_frame=camera_init
2026-09-02T10:24:23+0800,37.915,plan_received,id=14; source=/received_global_plan; points=25; frame=wamv/wamv/base_link; world_frame=camera_init
2026-09-02T10:24:23+0800,38.016,plan_received,id=14; source=/received_global_plan; points=25; frame=wamv/wamv/base_link; world_frame=camera_init
2026-09-02T10:24:23+0800,38.116,plan_received,id=14; source=/received_global_plan; points=25; frame=wamv/wamv/base_link; world_frame=camera_init
2026-09-02T10:24:23+0800,38.125,plan_received,id=15; source=/plan; points=25; frame=camera_init; world_frame=camera_init
2026-09-02T10:24:23+0800,38.126,plan_received,id=16; source=/unsmoothed_plan; points=25; frame=camera_init; world_frame=camera_init
2026-09-02T10:24:23+0800,38.215,plan_received,id=16; source=/received_global_plan; points=25; frame=wamv/wamv/base_link; world_frame=camera_init
2026-09-02T10:24:23+0800,38.315,plan_received,id=16; source=/received_global_plan; points=25; frame=wamv/wamv/base_link; world_frame=camera_init
2026-09-02T10:24:23+0800,38.415,plan_received,id=16; source=/received_global_plan; points=25; frame=wamv/wamv/base_link; world_frame=camera_init
2026-09-02T10:24:23+0800,38.515,plan_received,id=16; source=/received_global_plan; points=25; frame=wamv/wamv/base_link; world_frame=camera_init
2026-09-02T10:24:24+0800,38.616,plan_received,id=16; source=/received_global_plan; points=25; frame=wamv/wamv/base_link; world_frame=camera_init
2026-09-02T10:24:24+0800,38.716,plan_received,id=16; source=/received_global_plan; points=25; frame=wamv/wamv/base_link; world_frame=camera_init
2026-09-02T10:24:24+0800,38.816,plan_received,id=16; source=/received_global_plan; points=25; frame=wamv/wamv/base_link; world_frame=camera_init
2026-09-02T10:24:24+0800,38.916,plan_received,id=16; source=/received_global_plan; points=25; frame=wamv/wamv/base_link; world_frame=camera_init
2026-09-02T10:24:24+0800,39.016,plan_received,id=16; source=/received_global_plan; points=25; frame=wamv/wamv/base_link; world_frame=camera_init
2026-09-02T10:24:24+0800,39.115,plan_received,id=16; source=/received_global_plan; points=25; frame=wamv/wamv/base_link; world_frame=camera_init
2026-09-02T10:24:24+0800,39.216,plan_received,id=16; source=/received_global_plan; points=25; frame=wamv/wamv/base_link; world_frame=camera_init
2026-09-02T10:24:24+0800,39.315,plan_received,id=16; source=/received_global_plan; points=25; frame=wamv/wamv/base_link; world_frame=camera_init
2026-09-02T10:24:24+0800,39.415,plan_received,id=16; source=/received_global_plan; points=25; frame=wamv/wamv/base_link; world_frame=camera_init
2026-09-02T10:24:24+0800,39.516,plan_received,id=16; source=/received_global_plan; points=25; frame=wamv/wamv/base_link; world_frame=camera_init
2026-09-02T10:24:25+0800,39.615,plan_received,id=16; source=/received_global_plan; points=25; frame=wamv/wamv/base_link; world_frame=camera_init
2026-09-02T10:24:25+0800,39.716,plan_received,id=16; source=/received_global_plan; points=24; frame=wamv/wamv/base_link; world_frame=camera_init
2026-09-02T10:24:25+0800,39.815,plan_received,id=16; source=/received_global_plan; points=24; frame=wamv/wamv/base_link; world_frame=camera_init
2026-09-02T10:24:25+0800,39.916,plan_received,id=16; source=/received_global_plan; points=24; frame=wamv/wamv/base_link; world_frame=camera_init
2026-09-02T10:24:25+0800,40.016,plan_received,id=16; source=/received_global_plan; points=24; frame=wamv/wamv/base_link; world_frame=camera_init
2026-09-02T10:24:25+0800,40.116,plan_received,id=16; source=/received_global_plan; points=24; frame=wamv/wamv/base_link; world_frame=camera_init
2026-09-02T10:24:25+0800,40.215,plan_received,id=16; source=/received_global_plan; points=24; frame=wamv/wamv/base_link; world_frame=camera_init
2026-09-02T10:24:25+0800,40.315,plan_received,id=16; source=/received_global_plan; points=24; frame=wamv/wamv/base_link; world_frame=camera_init
2026-09-02T10:24:25+0800,40.415,plan_received,id=16; source=/received_global_plan; points=24; frame=wamv/wamv/base_link; world_frame=camera_init
2026-09-02T10:24:25+0800,40.515,plan_received,id=16; source=/received_global_plan; points=24; frame=wamv/wamv/base_link; world_frame=camera_init
2026-09-02T10:24:26+0800,40.615,plan_received,id=16; source=/received_global_plan; points=24; frame=wamv/wamv/base_link; world_frame=camera_init
2026-09-02T10:24:26+0800,40.716,plan_received,id=16; source=/received_global_plan; points=24; frame=wamv/wamv/base_link; world_frame=camera_init
2026-09-02T10:24:26+0800,40.816,plan_received,id=16; source=/received_global_plan; points=24; frame=wamv/wamv/base_link; world_frame=camera_init
2026-09-02T10:24:26+0800,40.916,plan_received,id=16; source=/received_global_plan; points=24; frame=wamv/wamv/base_link; world_frame=camera_init
2026-09-02T10:24:26+0800,41.016,plan_received,id=16; source=/received_global_plan; points=24; frame=wamv/wamv/base_link; world_frame=camera_init
2026-09-02T10:24:26+0800,41.116,plan_received,id=16; source=/received_global_plan; points=24; frame=wamv/wamv/base_link; world_frame=camera_init
2026-09-02T10:24:26+0800,41.216,plan_received,id=16; source=/received_global_plan; points=24; frame=wamv/wamv/base_link; world_frame=camera_init
2026-09-02T10:24:26+0800,41.315,plan_received,id=16; source=/received_global_plan; points=24; frame=wamv/wamv/base_link; world_frame=camera_init
2026-09-02T10:24:26+0800,41.416,plan_received,id=16; source=/received_global_plan; points=24; frame=wamv/wamv/base_link; world_frame=camera_init
2026-09-02T10:24:26+0800,41.515,plan_received,id=16; source=/received_global_plan; points=24; frame=wamv/wamv/base_link; world_frame=camera_init
2026-09-02T10:24:27+0800,41.615,plan_received,id=16; source=/received_global_plan; points=24; frame=wamv/wamv/base_link; world_frame=camera_init
2026-09-02T10:24:27+0800,41.715,plan_received,id=16; source=/received_global_plan; points=21; frame=wamv/wamv/base_link; world_frame=camera_init
2026-09-02T10:24:27+0800,41.818,plan_received,id=16; source=/received_global_plan; points=21; frame=wamv/wamv/base_link; world_frame=camera_init
2026-09-02T10:24:27+0800,41.915,plan_received,id=16; source=/received_global_plan; points=21; frame=wamv/wamv/base_link; world_frame=camera_init
2026-09-02T10:24:27+0800,42.017,plan_received,id=16; source=/received_global_plan; points=21; frame=wamv/wamv/base_link; world_frame=camera_init
2026-09-02T10:24:27+0800,42.115,plan_received,id=16; source=/received_global_plan; points=21; frame=wamv/wamv/base_link; world_frame=camera_init
2026-09-02T10:24:27+0800,42.215,plan_received,id=16; source=/received_global_plan; points=21; frame=wamv/wamv/base_link; world_frame=camera_init
2026-09-02T10:24:27+0800,42.315,plan_received,id=16; source=/received_global_plan; points=21; frame=wamv/wamv/base_link; world_frame=camera_init
2026-09-02T10:24:27+0800,42.325,plan_received,id=17; source=/plan; points=21; frame=camera_init; world_frame=camera_init
2026-09-02T10:24:27+0800,42.326,plan_received,id=18; source=/unsmoothed_plan; points=21; frame=camera_init; world_frame=camera_init
2026-09-02T10:24:27+0800,42.417,plan_received,id=18; source=/received_global_plan; points=21; frame=wamv/wamv/base_link; world_frame=camera_init
2026-09-02T10:24:27+0800,42.515,plan_received,id=18; source=/received_global_plan; points=21; frame=wamv/wamv/base_link; world_frame=camera_init
2026-09-02T10:24:28+0800,42.616,plan_received,id=18; source=/received_global_plan; points=21; frame=wamv/wamv/base_link; world_frame=camera_init
2026-09-02T10:24:28+0800,42.716,plan_received,id=18; source=/received_global_plan; points=21; frame=wamv/wamv/base_link; world_frame=camera_init
2026-09-02T10:24:28+0800,42.816,plan_received,id=18; source=/received_global_plan; points=21; frame=wamv/wamv/base_link; world_frame=camera_init
2026-09-02T10:24:28+0800,42.915,plan_received,id=18; source=/received_global_plan; points=21; frame=wamv/wamv/base_link; world_frame=camera_init
2026-09-02T10:24:28+0800,43.016,plan_received,id=18; source=/received_global_plan; points=21; frame=wamv/wamv/base_link; world_frame=camera_init
2026-09-02T10:24:28+0800,43.115,plan_received,id=18; source=/received_global_plan; points=21; frame=wamv/wamv/base_link; world_frame=camera_init
2026-09-02T10:24:28+0800,43.215,plan_received,id=18; source=/received_global_plan; points=21; frame=wamv/wamv/base_link; world_frame=camera_init
2026-09-02T10:24:28+0800,43.314,plan_received,id=18; source=/received_global_plan; points=21; frame=wamv/wamv/base_link; world_frame=camera_init
2026-09-02T10:24:28+0800,43.415,plan_received,id=18; source=/received_global_plan; points=20; frame=wamv/wamv/base_link; world_frame=camera_init
2026-09-02T10:24:28+0800,43.516,plan_received,id=18; source=/received_global_plan; points=20; frame=wamv/wamv/base_link; world_frame=camera_init
2026-09-02T10:24:29+0800,43.616,plan_received,id=18; source=/received_global_plan; points=20; frame=wamv/wamv/base_link; world_frame=camera_init
2026-09-02T10:24:29+0800,43.715,plan_received,id=18; source=/received_global_plan; points=20; frame=wamv/wamv/base_link; world_frame=camera_init
2026-09-02T10:24:29+0800,43.814,plan_received,id=18; source=/received_global_plan; points=20; frame=wamv/wamv/base_link; world_frame=camera_init
2026-09-02T10:24:29+0800,43.915,plan_received,id=18; source=/received_global_plan; points=20; frame=wamv/wamv/base_link; world_frame=camera_init
2026-09-02T10:24:29+0800,44.015,plan_received,id=18; source=/received_global_plan; points=20; frame=wamv/wamv/base_link; world_frame=camera_init
2026-09-02T10:24:29+0800,44.115,plan_received,id=18; source=/received_global_plan; points=20; frame=wamv/wamv/base_link; world_frame=camera_init
2026-09-02T10:24:29+0800,44.216,plan_received,id=18; source=/received_global_plan; points=20; frame=wamv/wamv/base_link; world_frame=camera_init
2026-09-02T10:24:29+0800,44.315,plan_received,id=18; source=/received_global_plan; points=20; frame=wamv/wamv/base_link; world_frame=camera_init
2026-09-02T10:24:29+0800,44.416,plan_received,id=18; source=/received_global_plan; points=20; frame=wamv/wamv/base_link; world_frame=camera_init
2026-09-02T10:24:29+0800,44.515,plan_received,id=18; source=/received_global_plan; points=20; frame=wamv/wamv/base_link; world_frame=camera_init
2026-09-02T10:24:30+0800,44.616,plan_received,id=18; source=/received_global_plan; points=20; frame=wamv/wamv/base_link; world_frame=camera_init
2026-09-02T10:24:30+0800,44.715,plan_received,id=18; source=/received_global_plan; points=20; frame=wamv/wamv/base_link; world_frame=camera_init
2026-09-02T10:24:30+0800,44.814,plan_received,id=18; source=/received_global_plan; points=20; frame=wamv/wamv/base_link; world_frame=camera_init
2026-09-02T10:24:30+0800,44.915,plan_received,id=18; source=/received_global_plan; points=20; frame=wamv/wamv/base_link; world_frame=camera_init
2026-09-02T10:24:30+0800,45.015,plan_received,id=18; source=/received_global_plan; points=20; frame=wamv/wamv/base_link; world_frame=camera_init
2026-09-02T10:24:30+0800,45.116,plan_received,id=18; source=/received_global_plan; points=20; frame=wamv/wamv/base_link; world_frame=camera_init
2026-09-02T10:24:30+0800,45.216,plan_received,id=18; source=/received_global_plan; points=20; frame=wamv/wamv/base_link; world_frame=camera_init
2026-09-02T10:24:30+0800,45.316,plan_received,id=18; source=/received_global_plan; points=20; frame=wamv/wamv/base_link; world_frame=camera_init
2026-09-02T10:24:30+0800,45.415,plan_received,id=18; source=/received_global_plan; points=20; frame=wamv/wamv/base_link; world_frame=camera_init
2026-09-02T10:24:30+0800,45.515,plan_received,id=18; source=/received_global_plan; points=20; frame=wamv/wamv/base_link; world_frame=camera_init
2026-09-02T10:24:31+0800,45.615,plan_received,id=18; source=/received_global_plan; points=20; frame=wamv/wamv/base_link; world_frame=camera_init
2026-09-02T10:24:31+0800,45.716,plan_received,id=18; source=/received_global_plan; points=20; frame=wamv/wamv/base_link; world_frame=camera_init
2026-09-02T10:24:31+0800,45.815,plan_received,id=18; source=/received_global_plan; points=20; frame=wamv/wamv/base_link; world_frame=camera_init
2026-09-02T10:24:31+0800,45.915,plan_received,id=18; source=/received_global_plan; points=20; frame=wamv/wamv/base_link; world_frame=camera_init
2026-09-02T10:24:31+0800,46.016,plan_received,id=18; source=/received_global_plan; points=20; frame=wamv/wamv/base_link; world_frame=camera_init
2026-09-02T10:24:31+0800,46.115,plan_received,id=18; source=/received_global_plan; points=20; frame=wamv/wamv/base_link; world_frame=camera_init
2026-09-02T10:24:31+0800,46.215,plan_received,id=18; source=/received_global_plan; points=20; frame=wamv/wamv/base_link; world_frame=camera_init
2026-09-02T10:24:31+0800,46.315,plan_received,id=18; source=/received_global_plan; points=20; frame=wamv/wamv/base_link; world_frame=camera_init
2026-09-02T10:24:31+0800,46.415,plan_received,id=18; source=/received_global_plan; points=19; frame=wamv/wamv/base_link; world_frame=camera_init
2026-09-02T10:24:31+0800,46.515,plan_received,id=18; source=/received_global_plan; points=19; frame=wamv/wamv/base_link; world_frame=camera_init
2026-09-02T10:24:31+0800,46.521,plan_received,id=19; source=/unsmoothed_plan; points=24; frame=camera_init; world_frame=camera_init
2026-09-02T10:24:31+0800,46.523,plan_received,id=20; source=/plan; points=24; frame=camera_init; world_frame=camera_init
2026-09-02T10:24:32+0800,46.616,plan_received,id=20; source=/received_global_plan; points=24; frame=wamv/wamv/base_link; world_frame=camera_init
2026-09-02T10:24:32+0800,46.715,plan_received,id=20; source=/received_global_plan; points=24; frame=wamv/wamv/base_link; world_frame=camera_init
2026-09-02T10:24:32+0800,46.815,plan_received,id=20; source=/received_global_plan; points=22; frame=wamv/wamv/base_link; world_frame=camera_init
2026-09-02T10:24:32+0800,46.915,plan_received,id=20; source=/received_global_plan; points=22; frame=wamv/wamv/base_link; world_frame=camera_init
2026-09-02T10:24:32+0800,47.015,plan_received,id=20; source=/received_global_plan; points=19; frame=wamv/wamv/base_link; world_frame=camera_init
2026-09-02T10:24:32+0800,47.115,plan_received,id=20; source=/received_global_plan; points=19; frame=wamv/wamv/base_link; world_frame=camera_init
2026-09-02T10:24:32+0800,47.215,plan_received,id=20; source=/received_global_plan; points=19; frame=wamv/wamv/base_link; world_frame=camera_init
2026-09-02T10:24:32+0800,47.315,plan_received,id=20; source=/received_global_plan; points=19; frame=wamv/wamv/base_link; world_frame=camera_init
2026-09-02T10:24:32+0800,47.415,plan_received,id=20; source=/received_global_plan; points=19; frame=wamv/wamv/base_link; world_frame=camera_init
2026-09-02T10:24:32+0800,47.516,plan_received,id=20; source=/received_global_plan; points=19; frame=wamv/wamv/base_link; world_frame=camera_init
2026-09-02T10:24:33+0800,47.615,plan_received,id=20; source=/received_global_plan; points=19; frame=wamv/wamv/base_link; world_frame=camera_init
2026-09-02T10:24:33+0800,47.715,plan_received,id=20; source=/received_global_plan; points=19; frame=wamv/wamv/base_link; world_frame=camera_init
2026-09-02T10:24:33+0800,47.816,plan_received,id=20; source=/received_global_plan; points=19; frame=wamv/wamv/base_link; world_frame=camera_init
2026-09-02T10:24:33+0800,47.915,plan_received,id=20; source=/received_global_plan; points=19; frame=wamv/wamv/base_link; world_frame=camera_init
2026-09-02T10:24:33+0800,48.016,plan_received,id=20; source=/received_global_plan; points=19; frame=wamv/wamv/base_link; world_frame=camera_init
2026-09-02T10:24:33+0800,48.116,plan_received,id=20; source=/received_global_plan; points=19; frame=wamv/wamv/base_link; world_frame=camera_init
2026-09-02T10:24:33+0800,48.217,plan_received,id=20; source=/received_global_plan; points=19; frame=wamv/wamv/base_link; world_frame=camera_init
2026-09-02T10:24:33+0800,48.315,plan_received,id=20; source=/received_global_plan; points=18; frame=wamv/wamv/base_link; world_frame=camera_init
2026-09-02T10:24:33+0800,48.415,plan_received,id=20; source=/received_global_plan; points=18; frame=wamv/wamv/base_link; world_frame=camera_init
2026-09-02T10:24:33+0800,48.514,plan_received,id=20; source=/received_global_plan; points=18; frame=wamv/wamv/base_link; world_frame=camera_init
2026-09-02T10:24:34+0800,48.614,plan_received,id=20; source=/received_global_plan; points=18; frame=wamv/wamv/base_link; world_frame=camera_init
2026-09-02T10:24:34+0800,48.715,plan_received,id=20; source=/received_global_plan; points=18; frame=wamv/wamv/base_link; world_frame=camera_init
2026-09-02T10:24:34+0800,48.815,plan_received,id=20; source=/received_global_plan; points=18; frame=wamv/wamv/base_link; world_frame=camera_init
2026-09-02T10:24:34+0800,48.915,plan_received,id=20; source=/received_global_plan; points=18; frame=wamv/wamv/base_link; world_frame=camera_init
2026-09-02T10:24:34+0800,49.014,plan_received,id=20; source=/received_global_plan; points=18; frame=wamv/wamv/base_link; world_frame=camera_init
2026-09-02T10:24:34+0800,49.114,plan_received,id=20; source=/received_global_plan; points=18; frame=wamv/wamv/base_link; world_frame=camera_init
2026-09-02T10:24:34+0800,49.214,plan_received,id=20; source=/received_global_plan; points=18; frame=wamv/wamv/base_link; world_frame=camera_init
2026-09-02T10:24:34+0800,49.315,plan_received,id=20; source=/received_global_plan; points=18; frame=wamv/wamv/base_link; world_frame=camera_init
2026-09-02T10:24:34+0800,49.415,plan_received,id=20; source=/received_global_plan; points=18; frame=wamv/wamv/base_link; world_frame=camera_init
2026-09-02T10:24:34+0800,49.515,plan_received,id=20; source=/received_global_plan; points=18; frame=wamv/wamv/base_link; world_frame=camera_init
2026-09-02T10:24:35+0800,49.615,plan_received,id=20; source=/received_global_plan; points=18; frame=wamv/wamv/base_link; world_frame=camera_init
2026-09-02T10:24:35+0800,49.715,plan_received,id=20; source=/received_global_plan; points=18; frame=wamv/wamv/base_link; world_frame=camera_init
2026-09-02T10:24:35+0800,49.815,plan_received,id=20; source=/received_global_plan; points=18; frame=wamv/wamv/base_link; world_frame=camera_init
2026-09-02T10:24:35+0800,49.914,plan_received,id=20; source=/received_global_plan; points=18; frame=wamv/wamv/base_link; world_frame=camera_init
2026-09-02T10:24:35+0800,50.015,plan_received,id=20; source=/received_global_plan; points=18; frame=wamv/wamv/base_link; world_frame=camera_init
2026-09-02T10:24:35+0800,50.114,plan_received,id=20; source=/received_global_plan; points=18; frame=wamv/wamv/base_link; world_frame=camera_init
2026-09-02T10:24:35+0800,50.216,plan_received,id=20; source=/received_global_plan; points=18; frame=wamv/wamv/base_link; world_frame=camera_init
2026-09-02T10:24:35+0800,50.315,plan_received,id=20; source=/received_global_plan; points=18; frame=wamv/wamv/base_link; world_frame=camera_init
2026-09-02T10:24:35+0800,50.416,plan_received,id=20; source=/received_global_plan; points=18; frame=wamv/wamv/base_link; world_frame=camera_init
2026-09-02T10:24:35+0800,50.515,plan_received,id=20; source=/received_global_plan; points=18; frame=wamv/wamv/base_link; world_frame=camera_init
2026-09-02T10:24:36+0800,50.614,plan_received,id=20; source=/received_global_plan; points=18; frame=wamv/wamv/base_link; world_frame=camera_init
2026-09-02T10:24:36+0800,50.715,plan_received,id=20; source=/received_global_plan; points=18; frame=wamv/wamv/base_link; world_frame=camera_init
2026-09-02T10:24:36+0800,50.721,plan_received,id=21; source=/plan; points=18; frame=camera_init; world_frame=camera_init
2026-09-02T10:24:36+0800,50.722,plan_received,id=22; source=/unsmoothed_plan; points=18; frame=camera_init; world_frame=camera_init
2026-09-02T10:24:36+0800,50.814,plan_received,id=22; source=/received_global_plan; points=18; frame=wamv/wamv/base_link; world_frame=camera_init
2026-09-02T10:24:36+0800,50.915,plan_received,id=22; source=/received_global_plan; points=18; frame=wamv/wamv/base_link; world_frame=camera_init
2026-09-02T10:24:36+0800,51.014,plan_received,id=22; source=/received_global_plan; points=18; frame=wamv/wamv/base_link; world_frame=camera_init
2026-09-02T10:24:36+0800,51.115,plan_received,id=22; source=/received_global_plan; points=18; frame=wamv/wamv/base_link; world_frame=camera_init
2026-09-02T10:24:36+0800,51.215,plan_received,id=22; source=/received_global_plan; points=18; frame=wamv/wamv/base_link; world_frame=camera_init
2026-09-02T10:24:36+0800,51.315,plan_received,id=22; source=/received_global_plan; points=18; frame=wamv/wamv/base_link; world_frame=camera_init
2026-09-02T10:24:36+0800,51.416,plan_received,id=22; source=/received_global_plan; points=18; frame=wamv/wamv/base_link; world_frame=camera_init
2026-09-02T10:24:36+0800,51.515,plan_received,id=22; source=/received_global_plan; points=18; frame=wamv/wamv/base_link; world_frame=camera_init
2026-09-02T10:24:37+0800,51.615,plan_received,id=22; source=/received_global_plan; points=18; frame=wamv/wamv/base_link; world_frame=camera_init
2026-09-02T10:24:37+0800,51.715,plan_received,id=22; source=/received_global_plan; points=18; frame=wamv/wamv/base_link; world_frame=camera_init
2026-09-02T10:24:37+0800,51.817,plan_received,id=22; source=/received_global_plan; points=18; frame=wamv/wamv/base_link; world_frame=camera_init
2026-09-02T10:24:37+0800,51.915,plan_received,id=22; source=/received_global_plan; points=18; frame=wamv/wamv/base_link; world_frame=camera_init
2026-09-02T10:24:37+0800,52.015,plan_received,id=22; source=/received_global_plan; points=18; frame=wamv/wamv/base_link; world_frame=camera_init
2026-09-02T10:24:37+0800,52.115,plan_received,id=22; source=/received_global_plan; points=18; frame=wamv/wamv/base_link; world_frame=camera_init
2026-09-02T10:24:37+0800,52.215,plan_received,id=22; source=/received_global_plan; points=18; frame=wamv/wamv/base_link; world_frame=camera_init
2026-09-02T10:24:37+0800,52.315,plan_received,id=22; source=/received_global_plan; points=18; frame=wamv/wamv/base_link; world_frame=camera_init
2026-09-02T10:24:37+0800,52.414,plan_received,id=22; source=/received_global_plan; points=18; frame=wamv/wamv/base_link; world_frame=camera_init
2026-09-02T10:24:37+0800,52.515,plan_received,id=22; source=/received_global_plan; points=18; frame=wamv/wamv/base_link; world_frame=camera_init
2026-09-02T10:24:38+0800,52.615,plan_received,id=22; source=/received_global_plan; points=18; frame=wamv/wamv/base_link; world_frame=camera_init
2026-09-02T10:24:38+0800,52.715,plan_received,id=22; source=/received_global_plan; points=18; frame=wamv/wamv/base_link; world_frame=camera_init
2026-09-02T10:24:38+0800,52.815,plan_received,id=22; source=/received_global_plan; points=18; frame=wamv/wamv/base_link; world_frame=camera_init
2026-09-02T10:24:38+0800,52.915,plan_received,id=22; source=/received_global_plan; points=18; frame=wamv/wamv/base_link; world_frame=camera_init
2026-09-02T10:24:38+0800,53.016,plan_received,id=22; source=/received_global_plan; points=18; frame=wamv/wamv/base_link; world_frame=camera_init
2026-09-02T10:24:38+0800,53.114,plan_received,id=22; source=/received_global_plan; points=18; frame=wamv/wamv/base_link; world_frame=camera_init
2026-09-02T10:24:38+0800,53.214,plan_received,id=22; source=/received_global_plan; points=18; frame=wamv/wamv/base_link; world_frame=camera_init
2026-09-02T10:24:38+0800,53.437,plan_received,id=22; source=/received_global_plan; points=18; frame=wamv/wamv/base_link; world_frame=camera_init
2026-09-02T10:24:38+0800,53.439,plan_received,id=22; source=/received_global_plan; points=18; frame=wamv/wamv/base_link; world_frame=camera_init
2026-09-02T10:24:38+0800,53.538,plan_received,id=22; source=/received_global_plan; points=18; frame=wamv/wamv/base_link; world_frame=camera_init
2026-09-02T10:24:39+0800,53.638,plan_received,id=22; source=/received_global_plan; points=18; frame=wamv/wamv/base_link; world_frame=camera_init
2026-09-02T10:24:39+0800,53.738,plan_received,id=22; source=/received_global_plan; points=17; frame=wamv/wamv/base_link; world_frame=camera_init
2026-09-02T10:24:39+0800,53.838,plan_received,id=22; source=/received_global_plan; points=17; frame=wamv/wamv/base_link; world_frame=camera_init
2026-09-02T10:24:39+0800,53.938,plan_received,id=22; source=/received_global_plan; points=17; frame=wamv/wamv/base_link; world_frame=camera_init
2026-09-02T10:24:39+0800,54.038,plan_received,id=22; source=/received_global_plan; points=17; frame=wamv/wamv/base_link; world_frame=camera_init
2026-09-02T10:24:39+0800,54.139,plan_received,id=22; source=/received_global_plan; points=17; frame=wamv/wamv/base_link; world_frame=camera_init
2026-09-02T10:24:39+0800,54.238,plan_received,id=22; source=/received_global_plan; points=17; frame=wamv/wamv/base_link; world_frame=camera_init
2026-09-02T10:24:39+0800,54.338,plan_received,id=22; source=/received_global_plan; points=17; frame=wamv/wamv/base_link; world_frame=camera_init
2026-09-02T10:24:39+0800,54.439,plan_received,id=22; source=/received_global_plan; points=17; frame=wamv/wamv/base_link; world_frame=camera_init
2026-09-02T10:24:39+0800,54.539,plan_received,id=22; source=/received_global_plan; points=17; frame=wamv/wamv/base_link; world_frame=camera_init
2026-09-02T10:24:40+0800,54.639,plan_received,id=22; source=/received_global_plan; points=17; frame=wamv/wamv/base_link; world_frame=camera_init
2026-09-02T10:24:40+0800,54.739,plan_received,id=22; source=/received_global_plan; points=17; frame=wamv/wamv/base_link; world_frame=camera_init
2026-09-02T10:24:40+0800,54.839,plan_received,id=22; source=/received_global_plan; points=17; frame=wamv/wamv/base_link; world_frame=camera_init
2026-09-02T10:24:40+0800,54.921,plan_received,id=23; source=/plan; points=16; frame=camera_init; world_frame=camera_init
2026-09-02T10:24:40+0800,54.922,plan_received,id=24; source=/unsmoothed_plan; points=16; frame=camera_init; world_frame=camera_init
2026-09-02T10:24:40+0800,54.939,plan_received,id=24; source=/received_global_plan; points=17; frame=wamv/wamv/base_link; world_frame=camera_init
2026-09-02T10:24:40+0800,55.040,plan_received,id=24; source=/received_global_plan; points=16; frame=wamv/wamv/base_link; world_frame=camera_init
2026-09-02T10:24:40+0800,55.140,plan_received,id=24; source=/received_global_plan; points=16; frame=wamv/wamv/base_link; world_frame=camera_init
2026-09-02T10:24:40+0800,55.238,plan_received,id=24; source=/received_global_plan; points=16; frame=wamv/wamv/base_link; world_frame=camera_init
2026-09-02T10:24:40+0800,55.338,plan_received,id=24; source=/received_global_plan; points=16; frame=wamv/wamv/base_link; world_frame=camera_init
2026-09-02T10:24:40+0800,55.438,plan_received,id=24; source=/received_global_plan; points=16; frame=wamv/wamv/base_link; world_frame=camera_init
2026-09-02T10:24:40+0800,55.538,plan_received,id=24; source=/received_global_plan; points=16; frame=wamv/wamv/base_link; world_frame=camera_init
2026-09-02T10:24:41+0800,55.638,plan_received,id=24; source=/received_global_plan; points=16; frame=wamv/wamv/base_link; world_frame=camera_init
2026-09-02T10:24:41+0800,55.738,plan_received,id=24; source=/received_global_plan; points=16; frame=wamv/wamv/base_link; world_frame=camera_init
2026-09-02T10:24:41+0800,55.839,plan_received,id=24; source=/received_global_plan; points=16; frame=wamv/wamv/base_link; world_frame=camera_init
2026-09-02T10:24:41+0800,55.939,plan_received,id=24; source=/received_global_plan; points=16; frame=wamv/wamv/base_link; world_frame=camera_init
2026-09-02T10:24:41+0800,56.038,plan_received,id=24; source=/received_global_plan; points=16; frame=wamv/wamv/base_link; world_frame=camera_init
2026-09-02T10:24:41+0800,56.138,plan_received,id=24; source=/received_global_plan; points=16; frame=wamv/wamv/base_link; world_frame=camera_init
2026-09-02T10:24:41+0800,56.238,plan_received,id=24; source=/received_global_plan; points=16; frame=wamv/wamv/base_link; world_frame=camera_init
2026-09-02T10:24:41+0800,56.339,plan_received,id=24; source=/received_global_plan; points=16; frame=wamv/wamv/base_link; world_frame=camera_init
2026-09-02T10:24:41+0800,56.438,plan_received,id=24; source=/received_global_plan; points=16; frame=wamv/wamv/base_link; world_frame=camera_init
2026-09-02T10:24:41+0800,56.538,plan_received,id=24; source=/received_global_plan; points=16; frame=wamv/wamv/base_link; world_frame=camera_init
2026-09-02T10:24:42+0800,56.638,plan_received,id=24; source=/received_global_plan; points=16; frame=wamv/wamv/base_link; world_frame=camera_init
2026-09-02T10:24:42+0800,56.738,plan_received,id=24; source=/received_global_plan; points=16; frame=wamv/wamv/base_link; world_frame=camera_init
2026-09-02T10:24:42+0800,56.838,plan_received,id=24; source=/received_global_plan; points=16; frame=wamv/wamv/base_link; world_frame=camera_init
2026-09-02T10:24:42+0800,56.938,plan_received,id=24; source=/received_global_plan; points=16; frame=wamv/wamv/base_link; world_frame=camera_init
2026-09-02T10:24:42+0800,57.038,plan_received,id=24; source=/received_global_plan; points=16; frame=wamv/wamv/base_link; world_frame=camera_init
2026-09-02T10:24:42+0800,57.139,plan_received,id=24; source=/received_global_plan; points=16; frame=wamv/wamv/base_link; world_frame=camera_init
2026-09-02T10:24:42+0800,57.238,plan_received,id=24; source=/received_global_plan; points=16; frame=wamv/wamv/base_link; world_frame=camera_init
2026-09-02T10:24:42+0800,57.339,plan_received,id=24; source=/received_global_plan; points=16; frame=wamv/wamv/base_link; world_frame=camera_init
2026-09-02T10:24:42+0800,57.437,plan_received,id=24; source=/received_global_plan; points=16; frame=wamv/wamv/base_link; world_frame=camera_init
2026-09-02T10:24:42+0800,57.538,plan_received,id=24; source=/received_global_plan; points=16; frame=wamv/wamv/base_link; world_frame=camera_init
2026-09-02T10:24:43+0800,57.638,plan_received,id=24; source=/received_global_plan; points=16; frame=wamv/wamv/base_link; world_frame=camera_init
2026-09-02T10:24:43+0800,57.738,plan_received,id=24; source=/received_global_plan; points=16; frame=wamv/wamv/base_link; world_frame=camera_init
2026-09-02T10:24:43+0800,57.838,plan_received,id=24; source=/received_global_plan; points=16; frame=wamv/wamv/base_link; world_frame=camera_init
2026-09-02T10:24:43+0800,57.939,plan_received,id=24; source=/received_global_plan; points=16; frame=wamv/wamv/base_link; world_frame=camera_init
2026-09-02T10:24:43+0800,58.038,plan_received,id=24; source=/received_global_plan; points=16; frame=wamv/wamv/base_link; world_frame=camera_init
2026-09-02T10:24:43+0800,58.138,plan_received,id=24; source=/received_global_plan; points=16; frame=wamv/wamv/base_link; world_frame=camera_init
2026-09-02T10:24:43+0800,58.238,plan_received,id=24; source=/received_global_plan; points=16; frame=wamv/wamv/base_link; world_frame=camera_init
2026-09-02T10:24:43+0800,58.338,plan_received,id=24; source=/received_global_plan; points=16; frame=wamv/wamv/base_link; world_frame=camera_init
2026-09-02T10:24:43+0800,58.439,plan_received,id=24; source=/received_global_plan; points=16; frame=wamv/wamv/base_link; world_frame=camera_init
2026-09-02T10:24:43+0800,58.538,plan_received,id=24; source=/received_global_plan; points=16; frame=wamv/wamv/base_link; world_frame=camera_init
2026-09-02T10:24:44+0800,58.638,plan_received,id=24; source=/received_global_plan; points=16; frame=wamv/wamv/base_link; world_frame=camera_init
2026-09-02T10:24:44+0800,58.738,plan_received,id=24; source=/received_global_plan; points=16; frame=wamv/wamv/base_link; world_frame=camera_init
2026-09-02T10:24:44+0800,58.838,plan_received,id=24; source=/received_global_plan; points=16; frame=wamv/wamv/base_link; world_frame=camera_init
2026-09-02T10:24:44+0800,58.938,plan_received,id=24; source=/received_global_plan; points=16; frame=wamv/wamv/base_link; world_frame=camera_init
2026-09-02T10:24:44+0800,59.038,plan_received,id=24; source=/received_global_plan; points=16; frame=wamv/wamv/base_link; world_frame=camera_init
2026-09-02T10:24:44+0800,59.123,plan_received,id=25; source=/plan; points=16; frame=camera_init; world_frame=camera_init
2026-09-02T10:24:44+0800,59.124,plan_received,id=26; source=/unsmoothed_plan; points=16; frame=camera_init; world_frame=camera_init
2026-09-02T10:24:44+0800,59.138,plan_received,id=26; source=/received_global_plan; points=16; frame=wamv/wamv/base_link; world_frame=camera_init
2026-09-02T10:24:44+0800,59.238,plan_received,id=26; source=/received_global_plan; points=16; frame=wamv/wamv/base_link; world_frame=camera_init
2026-09-02T10:24:44+0800,59.338,plan_received,id=26; source=/received_global_plan; points=16; frame=wamv/wamv/base_link; world_frame=camera_init
2026-09-02T10:24:44+0800,59.438,plan_received,id=26; source=/received_global_plan; points=16; frame=wamv/wamv/base_link; world_frame=camera_init
2026-09-02T10:24:44+0800,59.538,plan_received,id=26; source=/received_global_plan; points=16; frame=wamv/wamv/base_link; world_frame=camera_init
2026-09-02T10:24:45+0800,59.639,plan_received,id=26; source=/received_global_plan; points=16; frame=wamv/wamv/base_link; world_frame=camera_init
2026-09-02T10:24:45+0800,59.739,plan_received,id=26; source=/received_global_plan; points=16; frame=wamv/wamv/base_link; world_frame=camera_init
2026-09-02T10:24:45+0800,59.838,plan_received,id=26; source=/received_global_plan; points=16; frame=wamv/wamv/base_link; world_frame=camera_init
2026-09-02T10:24:45+0800,59.939,plan_received,id=26; source=/received_global_plan; points=16; frame=wamv/wamv/base_link; world_frame=camera_init
2026-09-02T10:24:45+0800,60.038,plan_received,id=26; source=/received_global_plan; points=16; frame=wamv/wamv/base_link; world_frame=camera_init
2026-09-02T10:24:45+0800,60.138,plan_received,id=26; source=/received_global_plan; points=16; frame=wamv/wamv/base_link; world_frame=camera_init
2026-09-02T10:24:45+0800,60.238,plan_received,id=26; source=/received_global_plan; points=16; frame=wamv/wamv/base_link; world_frame=camera_init
2026-09-02T10:24:45+0800,60.338,plan_received,id=26; source=/received_global_plan; points=16; frame=wamv/wamv/base_link; world_frame=camera_init
2026-09-02T10:24:45+0800,60.438,plan_received,id=26; source=/received_global_plan; points=16; frame=wamv/wamv/base_link; world_frame=camera_init
2026-09-02T10:24:45+0800,60.538,plan_received,id=26; source=/received_global_plan; points=16; frame=wamv/wamv/base_link; world_frame=camera_init
2026-09-02T10:24:46+0800,60.637,plan_received,id=26; source=/received_global_plan; points=16; frame=wamv/wamv/base_link; world_frame=camera_init
2026-09-02T10:24:46+0800,60.739,plan_received,id=26; source=/received_global_plan; points=16; frame=wamv/wamv/base_link; world_frame=camera_init
2026-09-02T10:24:46+0800,60.838,plan_received,id=26; source=/received_global_plan; points=16; frame=wamv/wamv/base_link; world_frame=camera_init
2026-09-02T10:24:46+0800,60.939,plan_received,id=26; source=/received_global_plan; points=16; frame=wamv/wamv/base_link; world_frame=camera_init
2026-09-02T10:24:46+0800,61.038,plan_received,id=26; source=/received_global_plan; points=16; frame=wamv/wamv/base_link; world_frame=camera_init
2026-09-02T10:24:46+0800,61.138,plan_received,id=26; source=/received_global_plan; points=16; frame=wamv/wamv/base_link; world_frame=camera_init
2026-09-02T10:24:46+0800,61.238,plan_received,id=26; source=/received_global_plan; points=16; frame=wamv/wamv/base_link; world_frame=camera_init
2026-09-02T10:24:46+0800,61.338,plan_received,id=26; source=/received_global_plan; points=16; frame=wamv/wamv/base_link; world_frame=camera_init
2026-09-02T10:24:46+0800,61.438,plan_received,id=26; source=/received_global_plan; points=16; frame=wamv/wamv/base_link; world_frame=camera_init
2026-09-02T10:24:46+0800,61.538,plan_received,id=26; source=/received_global_plan; points=15; frame=wamv/wamv/base_link; world_frame=camera_init
2026-09-02T10:24:47+0800,61.638,plan_received,id=26; source=/received_global_plan; points=15; frame=wamv/wamv/base_link; world_frame=camera_init
2026-09-02T10:24:47+0800,61.738,plan_received,id=26; source=/received_global_plan; points=15; frame=wamv/wamv/base_link; world_frame=camera_init
2026-09-02T10:24:47+0800,61.838,plan_received,id=26; source=/received_global_plan; points=15; frame=wamv/wamv/base_link; world_frame=camera_init
2026-09-02T10:24:47+0800,61.938,plan_received,id=26; source=/received_global_plan; points=15; frame=wamv/wamv/base_link; world_frame=camera_init
2026-09-02T10:24:47+0800,62.038,plan_received,id=26; source=/received_global_plan; points=15; frame=wamv/wamv/base_link; world_frame=camera_init
2026-09-02T10:24:47+0800,62.138,plan_received,id=26; source=/received_global_plan; points=15; frame=wamv/wamv/base_link; world_frame=camera_init
2026-09-02T10:24:47+0800,62.238,plan_received,id=26; source=/received_global_plan; points=15; frame=wamv/wamv/base_link; world_frame=camera_init
2026-09-02T10:24:47+0800,62.338,plan_received,id=26; source=/received_global_plan; points=15; frame=wamv/wamv/base_link; world_frame=camera_init
2026-09-02T10:24:47+0800,62.439,plan_received,id=26; source=/received_global_plan; points=15; frame=wamv/wamv/base_link; world_frame=camera_init
2026-09-02T10:24:47+0800,62.538,plan_received,id=26; source=/received_global_plan; points=15; frame=wamv/wamv/base_link; world_frame=camera_init
2026-09-02T10:24:48+0800,62.638,plan_received,id=26; source=/received_global_plan; points=15; frame=wamv/wamv/base_link; world_frame=camera_init
2026-09-02T10:24:48+0800,62.738,plan_received,id=26; source=/received_global_plan; points=15; frame=wamv/wamv/base_link; world_frame=camera_init
2026-09-02T10:24:48+0800,62.838,plan_received,id=26; source=/received_global_plan; points=15; frame=wamv/wamv/base_link; world_frame=camera_init
2026-09-02T10:24:48+0800,62.939,plan_received,id=26; source=/received_global_plan; points=15; frame=wamv/wamv/base_link; world_frame=camera_init
2026-09-02T10:24:48+0800,63.039,plan_received,id=26; source=/received_global_plan; points=15; frame=wamv/wamv/base_link; world_frame=camera_init
2026-09-02T10:24:48+0800,63.138,plan_received,id=26; source=/received_global_plan; points=15; frame=wamv/wamv/base_link; world_frame=camera_init
2026-09-02T10:24:48+0800,63.222,plan_received,id=27; source=/plan; points=15; frame=camera_init; world_frame=camera_init
2026-09-02T10:24:48+0800,63.223,plan_received,id=28; source=/unsmoothed_plan; points=15; frame=camera_init; world_frame=camera_init
2026-09-02T10:24:48+0800,63.238,plan_received,id=28; source=/received_global_plan; points=15; frame=wamv/wamv/base_link; world_frame=camera_init
2026-09-02T10:24:48+0800,63.339,plan_received,id=28; source=/received_global_plan; points=15; frame=wamv/wamv/base_link; world_frame=camera_init
2026-09-02T10:24:48+0800,63.438,plan_received,id=28; source=/received_global_plan; points=15; frame=wamv/wamv/base_link; world_frame=camera_init
2026-09-02T10:24:48+0800,63.538,plan_received,id=28; source=/received_global_plan; points=15; frame=wamv/wamv/base_link; world_frame=camera_init
2026-09-02T10:24:49+0800,63.639,plan_received,id=28; source=/received_global_plan; points=15; frame=wamv/wamv/base_link; world_frame=camera_init
2026-09-02T10:24:49+0800,63.738,plan_received,id=28; source=/received_global_plan; points=15; frame=wamv/wamv/base_link; world_frame=camera_init
2026-09-02T10:24:49+0800,63.838,plan_received,id=28; source=/received_global_plan; points=15; frame=wamv/wamv/base_link; world_frame=camera_init
2026-09-02T10:24:49+0800,63.938,plan_received,id=28; source=/received_global_plan; points=15; frame=wamv/wamv/base_link; world_frame=camera_init
2026-09-02T10:24:49+0800,64.039,plan_received,id=28; source=/received_global_plan; points=15; frame=wamv/wamv/base_link; world_frame=camera_init
2026-09-02T10:24:49+0800,64.138,plan_received,id=28; source=/received_global_plan; points=15; frame=wamv/wamv/base_link; world_frame=camera_init
2026-09-02T10:24:49+0800,64.238,plan_received,id=28; source=/received_global_plan; points=15; frame=wamv/wamv/base_link; world_frame=camera_init
2026-09-02T10:24:49+0800,64.338,plan_received,id=28; source=/received_global_plan; points=15; frame=wamv/wamv/base_link; world_frame=camera_init
2026-09-02T10:24:49+0800,64.438,plan_received,id=28; source=/received_global_plan; points=15; frame=wamv/wamv/base_link; world_frame=camera_init
2026-09-02T10:24:49+0800,64.537,plan_received,id=28; source=/received_global_plan; points=15; frame=wamv/wamv/base_link; world_frame=camera_init
2026-09-02T10:24:50+0800,64.638,plan_received,id=28; source=/received_global_plan; points=15; frame=wamv/wamv/base_link; world_frame=camera_init
2026-09-02T10:24:50+0800,64.738,plan_received,id=28; source=/received_global_plan; points=15; frame=wamv/wamv/base_link; world_frame=camera_init
2026-09-02T10:24:50+0800,64.838,plan_received,id=28; source=/received_global_plan; points=15; frame=wamv/wamv/base_link; world_frame=camera_init
2026-09-02T10:24:50+0800,64.938,plan_received,id=28; source=/received_global_plan; points=15; frame=wamv/wamv/base_link; world_frame=camera_init
2026-09-02T10:24:50+0800,65.039,plan_received,id=28; source=/received_global_plan; points=15; frame=wamv/wamv/base_link; world_frame=camera_init
2026-09-02T10:24:50+0800,65.138,plan_received,id=28; source=/received_global_plan; points=15; frame=wamv/wamv/base_link; world_frame=camera_init
2026-09-02T10:24:50+0800,65.238,plan_received,id=28; source=/received_global_plan; points=15; frame=wamv/wamv/base_link; world_frame=camera_init
2026-09-02T10:24:51+0800,65.589,plan_received,id=28; source=/received_global_plan; points=15; frame=wamv/wamv/base_link; world_frame=camera_init
2026-09-02T10:24:51+0800,65.591,plan_received,id=28; source=/received_global_plan; points=15; frame=wamv/wamv/base_link; world_frame=camera_init
2026-09-02T10:24:51+0800,65.690,plan_received,id=28; source=/received_global_plan; points=15; frame=wamv/wamv/base_link; world_frame=camera_init
2026-09-02T10:24:51+0800,65.790,plan_received,id=28; source=/received_global_plan; points=15; frame=wamv/wamv/base_link; world_frame=camera_init
2026-09-02T10:24:51+0800,65.890,plan_received,id=28; source=/received_global_plan; points=15; frame=wamv/wamv/base_link; world_frame=camera_init
2026-09-02T10:24:51+0800,65.990,plan_received,id=28; source=/received_global_plan; points=15; frame=wamv/wamv/base_link; world_frame=camera_init
2026-09-02T10:24:51+0800,66.090,plan_received,id=28; source=/received_global_plan; points=15; frame=wamv/wamv/base_link; world_frame=camera_init
2026-09-02T10:24:51+0800,66.191,plan_received,id=28; source=/received_global_plan; points=15; frame=wamv/wamv/base_link; world_frame=camera_init
2026-09-02T10:24:51+0800,66.290,plan_received,id=28; source=/received_global_plan; points=15; frame=wamv/wamv/base_link; world_frame=camera_init
2026-09-02T10:24:51+0800,66.390,plan_received,id=28; source=/received_global_plan; points=15; frame=wamv/wamv/base_link; world_frame=camera_init
2026-09-02T10:24:51+0800,66.490,plan_received,id=28; source=/received_global_plan; points=15; frame=wamv/wamv/base_link; world_frame=camera_init
2026-09-02T10:24:52+0800,66.591,plan_received,id=28; source=/received_global_plan; points=15; frame=wamv/wamv/base_link; world_frame=camera_init
2026-09-02T10:24:52+0800,66.690,plan_received,id=28; source=/received_global_plan; points=15; frame=wamv/wamv/base_link; world_frame=camera_init
2026-09-02T10:24:52+0800,66.790,plan_received,id=28; source=/received_global_plan; points=14; frame=wamv/wamv/base_link; world_frame=camera_init
2026-09-02T10:24:52+0800,66.890,plan_received,id=28; source=/received_global_plan; points=14; frame=wamv/wamv/base_link; world_frame=camera_init
2026-09-02T10:24:52+0800,66.990,plan_received,id=28; source=/received_global_plan; points=14; frame=wamv/wamv/base_link; world_frame=camera_init
2026-09-02T10:24:52+0800,67.090,plan_received,id=28; source=/received_global_plan; points=14; frame=wamv/wamv/base_link; world_frame=camera_init
2026-09-02T10:24:52+0800,67.190,plan_received,id=28; source=/received_global_plan; points=14; frame=wamv/wamv/base_link; world_frame=camera_init
2026-09-02T10:24:52+0800,67.290,plan_received,id=28; source=/received_global_plan; points=14; frame=wamv/wamv/base_link; world_frame=camera_init
2026-09-02T10:24:52+0800,67.390,plan_received,id=28; source=/received_global_plan; points=14; frame=wamv/wamv/base_link; world_frame=camera_init
2026-09-02T10:24:52+0800,67.418,plan_received,id=29; source=/plan; points=15; frame=camera_init; world_frame=camera_init
2026-09-02T10:24:52+0800,67.418,plan_received,id=30; source=/unsmoothed_plan; points=15; frame=camera_init; world_frame=camera_init
2026-09-02T10:24:52+0800,67.490,plan_received,id=30; source=/received_global_plan; points=14; frame=wamv/wamv/base_link; world_frame=camera_init
2026-09-02T10:24:53+0800,67.590,plan_received,id=30; source=/received_global_plan; points=15; frame=wamv/wamv/base_link; world_frame=camera_init
2026-09-02T10:24:53+0800,67.690,plan_received,id=30; source=/received_global_plan; points=15; frame=wamv/wamv/base_link; world_frame=camera_init
2026-09-02T10:24:53+0800,67.790,plan_received,id=30; source=/received_global_plan; points=15; frame=wamv/wamv/base_link; world_frame=camera_init
2026-09-02T10:24:53+0800,67.890,plan_received,id=30; source=/received_global_plan; points=15; frame=wamv/wamv/base_link; world_frame=camera_init
2026-09-02T10:24:53+0800,67.990,plan_received,id=30; source=/received_global_plan; points=15; frame=wamv/wamv/base_link; world_frame=camera_init
2026-09-02T10:24:53+0800,68.091,plan_received,id=30; source=/received_global_plan; points=15; frame=wamv/wamv/base_link; world_frame=camera_init
2026-09-02T10:24:53+0800,68.190,plan_received,id=30; source=/received_global_plan; points=15; frame=wamv/wamv/base_link; world_frame=camera_init
2026-09-02T10:24:53+0800,68.289,plan_received,id=30; source=/received_global_plan; points=15; frame=wamv/wamv/base_link; world_frame=camera_init
2026-09-02T10:24:53+0800,68.390,plan_received,id=30; source=/received_global_plan; points=15; frame=wamv/wamv/base_link; world_frame=camera_init
2026-09-02T10:24:53+0800,68.492,plan_received,id=30; source=/received_global_plan; points=15; frame=wamv/wamv/base_link; world_frame=camera_init
2026-09-02T10:24:54+0800,68.589,plan_received,id=30; source=/received_global_plan; points=15; frame=wamv/wamv/base_link; world_frame=camera_init
2026-09-02T10:24:54+0800,68.690,plan_received,id=30; source=/received_global_plan; points=15; frame=wamv/wamv/base_link; world_frame=camera_init
2026-09-02T10:24:54+0800,68.790,plan_received,id=30; source=/received_global_plan; points=15; frame=wamv/wamv/base_link; world_frame=camera_init
2026-09-02T10:24:54+0800,68.890,plan_received,id=30; source=/received_global_plan; points=15; frame=wamv/wamv/base_link; world_frame=camera_init
2026-09-02T10:24:54+0800,68.990,plan_received,id=30; source=/received_global_plan; points=15; frame=wamv/wamv/base_link; world_frame=camera_init
2026-09-02T10:24:54+0800,69.090,plan_received,id=30; source=/received_global_plan; points=15; frame=wamv/wamv/base_link; world_frame=camera_init
2026-09-02T10:24:54+0800,69.190,plan_received,id=30; source=/received_global_plan; points=15; frame=wamv/wamv/base_link; world_frame=camera_init
2026-09-02T10:24:54+0800,69.290,plan_received,id=30; source=/received_global_plan; points=15; frame=wamv/wamv/base_link; world_frame=camera_init
2026-09-02T10:24:54+0800,69.390,plan_received,id=30; source=/received_global_plan; points=15; frame=wamv/wamv/base_link; world_frame=camera_init
2026-09-02T10:24:54+0800,69.490,plan_received,id=30; source=/received_global_plan; points=15; frame=wamv/wamv/base_link; world_frame=camera_init
2026-09-02T10:24:55+0800,69.590,plan_received,id=30; source=/received_global_plan; points=15; frame=wamv/wamv/base_link; world_frame=camera_init
2026-09-02T10:24:55+0800,69.690,plan_received,id=30; source=/received_global_plan; points=15; frame=wamv/wamv/base_link; world_frame=camera_init
2026-09-02T10:24:55+0800,69.790,plan_received,id=30; source=/received_global_plan; points=14; frame=wamv/wamv/base_link; world_frame=camera_init
2026-09-02T10:24:55+0800,69.890,plan_received,id=30; source=/received_global_plan; points=14; frame=wamv/wamv/base_link; world_frame=camera_init
2026-09-02T10:24:55+0800,69.991,plan_received,id=30; source=/received_global_plan; points=14; frame=wamv/wamv/base_link; world_frame=camera_init
2026-09-02T10:24:55+0800,70.090,plan_received,id=30; source=/received_global_plan; points=14; frame=wamv/wamv/base_link; world_frame=camera_init
2026-09-02T10:24:55+0800,70.190,plan_received,id=30; source=/received_global_plan; points=14; frame=wamv/wamv/base_link; world_frame=camera_init
2026-09-02T10:24:55+0800,70.290,plan_received,id=30; source=/received_global_plan; points=14; frame=wamv/wamv/base_link; world_frame=camera_init
2026-09-02T10:24:55+0800,70.390,plan_received,id=30; source=/received_global_plan; points=14; frame=wamv/wamv/base_link; world_frame=camera_init
2026-09-02T10:24:55+0800,70.490,plan_received,id=30; source=/received_global_plan; points=14; frame=wamv/wamv/base_link; world_frame=camera_init
2026-09-02T10:24:56+0800,70.590,plan_received,id=30; source=/received_global_plan; points=14; frame=wamv/wamv/base_link; world_frame=camera_init
2026-09-02T10:24:56+0800,70.690,plan_received,id=30; source=/received_global_plan; points=14; frame=wamv/wamv/base_link; world_frame=camera_init
2026-09-02T10:24:56+0800,70.790,plan_received,id=30; source=/received_global_plan; points=14; frame=wamv/wamv/base_link; world_frame=camera_init
2026-09-02T10:24:56+0800,70.890,plan_received,id=30; source=/received_global_plan; points=14; frame=wamv/wamv/base_link; world_frame=camera_init
2026-09-02T10:24:56+0800,70.990,plan_received,id=30; source=/received_global_plan; points=14; frame=wamv/wamv/base_link; world_frame=camera_init
2026-09-02T10:24:56+0800,71.090,plan_received,id=30; source=/received_global_plan; points=14; frame=wamv/wamv/base_link; world_frame=camera_init
2026-09-02T10:24:56+0800,71.190,plan_received,id=30; source=/received_global_plan; points=14; frame=wamv/wamv/base_link; world_frame=camera_init
2026-09-02T10:24:56+0800,71.291,plan_received,id=30; source=/received_global_plan; points=14; frame=wamv/wamv/base_link; world_frame=camera_init
2026-09-02T10:24:56+0800,71.390,plan_received,id=30; source=/received_global_plan; points=14; frame=wamv/wamv/base_link; world_frame=camera_init
2026-09-02T10:24:56+0800,71.491,plan_received,id=30; source=/received_global_plan; points=14; frame=wamv/wamv/base_link; world_frame=camera_init
2026-09-02T10:24:57+0800,71.590,plan_received,id=30; source=/received_global_plan; points=14; frame=wamv/wamv/base_link; world_frame=camera_init
2026-09-02T10:24:57+0800,71.619,plan_received,id=31; source=/plan; points=14; frame=camera_init; world_frame=camera_init
2026-09-02T10:24:57+0800,71.620,plan_received,id=32; source=/unsmoothed_plan; points=14; frame=camera_init; world_frame=camera_init
2026-09-02T10:24:57+0800,71.690,plan_received,id=32; source=/received_global_plan; points=14; frame=wamv/wamv/base_link; world_frame=camera_init
2026-09-02T10:24:57+0800,71.790,plan_received,id=32; source=/received_global_plan; points=14; frame=wamv/wamv/base_link; world_frame=camera_init
2026-09-02T10:24:57+0800,71.890,plan_received,id=32; source=/received_global_plan; points=14; frame=wamv/wamv/base_link; world_frame=camera_init
2026-09-02T10:24:57+0800,71.989,plan_received,id=32; source=/received_global_plan; points=14; frame=wamv/wamv/base_link; world_frame=camera_init
2026-09-02T10:24:57+0800,72.089,plan_received,id=32; source=/received_global_plan; points=14; frame=wamv/wamv/base_link; world_frame=camera_init
2026-09-02T10:24:57+0800,72.189,plan_received,id=32; source=/received_global_plan; points=14; frame=wamv/wamv/base_link; world_frame=camera_init
2026-09-02T10:24:57+0800,72.290,plan_received,id=32; source=/received_global_plan; points=14; frame=wamv/wamv/base_link; world_frame=camera_init
2026-09-02T10:24:57+0800,72.390,plan_received,id=32; source=/received_global_plan; points=14; frame=wamv/wamv/base_link; world_frame=camera_init
2026-09-02T10:24:57+0800,72.491,plan_received,id=32; source=/received_global_plan; points=14; frame=wamv/wamv/base_link; world_frame=camera_init
2026-09-02T10:24:58+0800,72.590,plan_received,id=32; source=/received_global_plan; points=14; frame=wamv/wamv/base_link; world_frame=camera_init
2026-09-02T10:24:58+0800,72.691,plan_received,id=32; source=/received_global_plan; points=14; frame=wamv/wamv/base_link; world_frame=camera_init
2026-09-02T10:24:58+0800,72.790,plan_received,id=32; source=/received_global_plan; points=14; frame=wamv/wamv/base_link; world_frame=camera_init
2026-09-02T10:24:58+0800,72.889,plan_received,id=32; source=/received_global_plan; points=14; frame=wamv/wamv/base_link; world_frame=camera_init
2026-09-02T10:24:58+0800,72.990,plan_received,id=32; source=/received_global_plan; points=14; frame=wamv/wamv/base_link; world_frame=camera_init
2026-09-02T10:24:58+0800,73.090,plan_received,id=32; source=/received_global_plan; points=14; frame=wamv/wamv/base_link; world_frame=camera_init
2026-09-02T10:24:58+0800,73.190,plan_received,id=32; source=/received_global_plan; points=13; frame=wamv/wamv/base_link; world_frame=camera_init
2026-09-02T10:24:58+0800,73.290,plan_received,id=32; source=/received_global_plan; points=13; frame=wamv/wamv/base_link; world_frame=camera_init
2026-09-02T10:24:58+0800,73.390,plan_received,id=32; source=/received_global_plan; points=13; frame=wamv/wamv/base_link; world_frame=camera_init
2026-09-02T10:24:58+0800,73.490,plan_received,id=32; source=/received_global_plan; points=13; frame=wamv/wamv/base_link; world_frame=camera_init
2026-09-02T10:24:59+0800,73.590,plan_received,id=32; source=/received_global_plan; points=13; frame=wamv/wamv/base_link; world_frame=camera_init
2026-09-02T10:24:59+0800,73.690,plan_received,id=32; source=/received_global_plan; points=13; frame=wamv/wamv/base_link; world_frame=camera_init
2026-09-02T10:24:59+0800,73.791,plan_received,id=32; source=/received_global_plan; points=13; frame=wamv/wamv/base_link; world_frame=camera_init
2026-09-02T10:24:59+0800,73.889,plan_received,id=32; source=/received_global_plan; points=13; frame=wamv/wamv/base_link; world_frame=camera_init
2026-09-02T10:24:59+0800,73.989,plan_received,id=32; source=/received_global_plan; points=13; frame=wamv/wamv/base_link; world_frame=camera_init
2026-09-02T10:24:59+0800,74.089,plan_received,id=32; source=/received_global_plan; points=13; frame=wamv/wamv/base_link; world_frame=camera_init
2026-09-02T10:24:59+0800,74.190,plan_received,id=32; source=/received_global_plan; points=13; frame=wamv/wamv/base_link; world_frame=camera_init
2026-09-02T10:24:59+0800,74.289,plan_received,id=32; source=/received_global_plan; points=13; frame=wamv/wamv/base_link; world_frame=camera_init
2026-09-02T10:24:59+0800,74.390,plan_received,id=32; source=/received_global_plan; points=13; frame=wamv/wamv/base_link; world_frame=camera_init
2026-09-02T10:24:59+0800,74.490,plan_received,id=32; source=/received_global_plan; points=13; frame=wamv/wamv/base_link; world_frame=camera_init
2026-09-02T10:25:00+0800,74.590,plan_received,id=32; source=/received_global_plan; points=13; frame=wamv/wamv/base_link; world_frame=camera_init
2026-09-02T10:25:00+0800,74.690,plan_received,id=32; source=/received_global_plan; points=13; frame=wamv/wamv/base_link; world_frame=camera_init
2026-09-02T10:25:00+0800,74.791,plan_received,id=32; source=/received_global_plan; points=13; frame=wamv/wamv/base_link; world_frame=camera_init
2026-09-02T10:25:00+0800,74.901,plan_received,id=32; source=/received_global_plan; points=13; frame=wamv/wamv/base_link; world_frame=camera_init
2026-09-02T10:25:00+0800,74.989,plan_received,id=32; source=/received_global_plan; points=13; frame=wamv/wamv/base_link; world_frame=camera_init
2026-09-02T10:25:00+0800,75.089,plan_received,id=32; source=/received_global_plan; points=13; frame=wamv/wamv/base_link; world_frame=camera_init
2026-09-02T10:25:00+0800,75.190,plan_received,id=32; source=/received_global_plan; points=13; frame=wamv/wamv/base_link; world_frame=camera_init
2026-09-02T10:25:00+0800,75.290,plan_received,id=32; source=/received_global_plan; points=13; frame=wamv/wamv/base_link; world_frame=camera_init
2026-09-02T10:25:00+0800,75.389,plan_received,id=32; source=/received_global_plan; points=13; frame=wamv/wamv/base_link; world_frame=camera_init
2026-09-02T10:25:00+0800,75.490,plan_received,id=32; source=/received_global_plan; points=13; frame=wamv/wamv/base_link; world_frame=camera_init
2026-09-02T10:25:01+0800,75.591,plan_received,id=32; source=/received_global_plan; points=13; frame=wamv/wamv/base_link; world_frame=camera_init
2026-09-02T10:25:01+0800,75.690,plan_received,id=32; source=/received_global_plan; points=13; frame=wamv/wamv/base_link; world_frame=camera_init
2026-09-02T10:25:01+0800,75.790,plan_received,id=32; source=/received_global_plan; points=13; frame=wamv/wamv/base_link; world_frame=camera_init
2026-09-02T10:25:01+0800,75.818,plan_received,id=33; source=/plan; points=13; frame=camera_init; world_frame=camera_init
2026-09-02T10:25:01+0800,75.819,plan_received,id=34; source=/unsmoothed_plan; points=13; frame=camera_init; world_frame=camera_init
2026-09-02T10:25:01+0800,75.889,plan_received,id=34; source=/received_global_plan; points=13; frame=wamv/wamv/base_link; world_frame=camera_init
2026-09-02T10:25:01+0800,75.991,plan_received,id=34; source=/received_global_plan; points=13; frame=wamv/wamv/base_link; world_frame=camera_init
2026-09-02T10:25:01+0800,76.090,plan_received,id=34; source=/received_global_plan; points=13; frame=wamv/wamv/base_link; world_frame=camera_init
2026-09-02T10:25:01+0800,76.190,plan_received,id=34; source=/received_global_plan; points=13; frame=wamv/wamv/base_link; world_frame=camera_init
2026-09-02T10:25:01+0800,76.291,plan_received,id=34; source=/received_global_plan; points=13; frame=wamv/wamv/base_link; world_frame=camera_init
2026-09-02T10:25:01+0800,76.389,plan_received,id=34; source=/received_global_plan; points=13; frame=wamv/wamv/base_link; world_frame=camera_init
2026-09-02T10:25:01+0800,76.491,plan_received,id=34; source=/received_global_plan; points=13; frame=wamv/wamv/base_link; world_frame=camera_init
2026-09-02T10:25:02+0800,76.590,plan_received,id=34; source=/received_global_plan; points=13; frame=wamv/wamv/base_link; world_frame=camera_init
2026-09-02T10:25:02+0800,76.690,plan_received,id=34; source=/received_global_plan; points=13; frame=wamv/wamv/base_link; world_frame=camera_init
2026-09-02T10:25:02+0800,76.790,plan_received,id=34; source=/received_global_plan; points=13; frame=wamv/wamv/base_link; world_frame=camera_init
2026-09-02T10:25:02+0800,76.890,plan_received,id=34; source=/received_global_plan; points=13; frame=wamv/wamv/base_link; world_frame=camera_init
2026-09-02T10:25:02+0800,76.990,plan_received,id=34; source=/received_global_plan; points=13; frame=wamv/wamv/base_link; world_frame=camera_init
2026-09-02T10:25:02+0800,77.089,plan_received,id=34; source=/received_global_plan; points=13; frame=wamv/wamv/base_link; world_frame=camera_init
2026-09-02T10:25:02+0800,77.190,plan_received,id=34; source=/received_global_plan; points=13; frame=wamv/wamv/base_link; world_frame=camera_init
2026-09-02T10:25:02+0800,77.289,plan_received,id=34; source=/received_global_plan; points=13; frame=wamv/wamv/base_link; world_frame=camera_init
2026-09-02T10:25:02+0800,77.389,plan_received,id=34; source=/received_global_plan; points=13; frame=wamv/wamv/base_link; world_frame=camera_init
2026-09-02T10:25:02+0800,77.489,plan_received,id=34; source=/received_global_plan; points=13; frame=wamv/wamv/base_link; world_frame=camera_init
2026-09-02T10:25:03+0800,77.590,plan_received,id=34; source=/received_global_plan; points=13; frame=wamv/wamv/base_link; world_frame=camera_init
2026-09-02T10:25:03+0800,77.690,plan_received,id=34; source=/received_global_plan; points=13; frame=wamv/wamv/base_link; world_frame=camera_init
2026-09-02T10:25:03+0800,77.790,plan_received,id=34; source=/received_global_plan; points=13; frame=wamv/wamv/base_link; world_frame=camera_init
2026-09-02T10:25:03+0800,77.890,plan_received,id=34; source=/received_global_plan; points=13; frame=wamv/wamv/base_link; world_frame=camera_init
2026-09-02T10:25:03+0800,77.990,plan_received,id=34; source=/received_global_plan; points=12; frame=wamv/wamv/base_link; world_frame=camera_init
2026-09-02T10:25:03+0800,78.090,plan_received,id=34; source=/received_global_plan; points=12; frame=wamv/wamv/base_link; world_frame=camera_init
2026-09-02T10:25:03+0800,78.190,plan_received,id=34; source=/received_global_plan; points=12; frame=wamv/wamv/base_link; world_frame=camera_init
2026-09-02T10:25:03+0800,78.290,plan_received,id=34; source=/received_global_plan; points=12; frame=wamv/wamv/base_link; world_frame=camera_init
2026-09-02T10:25:03+0800,78.390,plan_received,id=34; source=/received_global_plan; points=12; frame=wamv/wamv/base_link; world_frame=camera_init
2026-09-02T10:25:03+0800,78.490,plan_received,id=34; source=/received_global_plan; points=12; frame=wamv/wamv/base_link; world_frame=camera_init
2026-09-02T10:25:04+0800,78.590,plan_received,id=34; source=/received_global_plan; points=12; frame=wamv/wamv/base_link; world_frame=camera_init
2026-09-02T10:25:04+0800,78.690,plan_received,id=34; source=/received_global_plan; points=12; frame=wamv/wamv/base_link; world_frame=camera_init
2026-09-02T10:25:04+0800,78.790,plan_received,id=34; source=/received_global_plan; points=12; frame=wamv/wamv/base_link; world_frame=camera_init
2026-09-02T10:25:04+0800,78.890,plan_received,id=34; source=/received_global_plan; points=12; frame=wamv/wamv/base_link; world_frame=camera_init
2026-09-02T10:25:04+0800,78.990,plan_received,id=34; source=/received_global_plan; points=12; frame=wamv/wamv/base_link; world_frame=camera_init
2026-09-02T10:25:04+0800,79.090,plan_received,id=34; source=/received_global_plan; points=12; frame=wamv/wamv/base_link; world_frame=camera_init
2026-09-02T10:25:04+0800,79.191,plan_received,id=34; source=/received_global_plan; points=12; frame=wamv/wamv/base_link; world_frame=camera_init
2026-09-02T10:25:04+0800,79.289,plan_received,id=34; source=/received_global_plan; points=12; frame=wamv/wamv/base_link; world_frame=camera_init
2026-09-02T10:25:04+0800,79.390,plan_received,id=34; source=/received_global_plan; points=12; frame=wamv/wamv/base_link; world_frame=camera_init
2026-09-02T10:25:04+0800,79.489,plan_received,id=34; source=/received_global_plan; points=12; frame=wamv/wamv/base_link; world_frame=camera_init
2026-09-02T10:25:05+0800,79.590,plan_received,id=34; source=/received_global_plan; points=12; frame=wamv/wamv/base_link; world_frame=camera_init
2026-09-02T10:25:05+0800,79.690,plan_received,id=34; source=/received_global_plan; points=12; frame=wamv/wamv/base_link; world_frame=camera_init
2026-09-02T10:25:05+0800,79.790,plan_received,id=34; source=/received_global_plan; points=12; frame=wamv/wamv/base_link; world_frame=camera_init
2026-09-02T10:25:05+0800,79.890,plan_received,id=34; source=/received_global_plan; points=12; frame=wamv/wamv/base_link; world_frame=camera_init
2026-09-02T10:25:05+0800,79.920,plan_received,id=35; source=/plan; points=12; frame=camera_init; world_frame=camera_init
2026-09-02T10:25:05+0800,79.920,plan_received,id=36; source=/unsmoothed_plan; points=12; frame=camera_init; world_frame=camera_init
2026-09-02T10:25:05+0800,79.990,plan_received,id=36; source=/received_global_plan; points=12; frame=wamv/wamv/base_link; world_frame=camera_init
2026-09-02T10:25:05+0800,80.091,plan_received,id=36; source=/received_global_plan; points=12; frame=wamv/wamv/base_link; world_frame=camera_init
2026-09-02T10:25:05+0800,80.191,plan_received,id=36; source=/received_global_plan; points=12; frame=wamv/wamv/base_link; world_frame=camera_init
2026-09-02T10:25:05+0800,80.290,plan_received,id=36; source=/received_global_plan; points=12; frame=wamv/wamv/base_link; world_frame=camera_init
2026-09-02T10:25:05+0800,80.390,plan_received,id=36; source=/received_global_plan; points=12; frame=wamv/wamv/base_link; world_frame=camera_init
2026-09-02T10:25:05+0800,80.490,plan_received,id=36; source=/received_global_plan; points=12; frame=wamv/wamv/base_link; world_frame=camera_init
2026-09-02T10:25:06+0800,80.591,plan_received,id=36; source=/received_global_plan; points=12; frame=wamv/wamv/base_link; world_frame=camera_init
2026-09-02T10:25:06+0800,80.689,plan_received,id=36; source=/received_global_plan; points=12; frame=wamv/wamv/base_link; world_frame=camera_init
2026-09-02T10:25:06+0800,80.790,plan_received,id=36; source=/received_global_plan; points=12; frame=wamv/wamv/base_link; world_frame=camera_init
2026-09-02T10:25:06+0800,80.890,plan_received,id=36; source=/received_global_plan; points=12; frame=wamv/wamv/base_link; world_frame=camera_init
2026-09-02T10:25:06+0800,80.989,plan_received,id=36; source=/received_global_plan; points=12; frame=wamv/wamv/base_link; world_frame=camera_init
2026-09-02T10:25:06+0800,81.089,plan_received,id=36; source=/received_global_plan; points=12; frame=wamv/wamv/base_link; world_frame=camera_init
2026-09-02T10:25:06+0800,81.189,plan_received,id=36; source=/received_global_plan; points=12; frame=wamv/wamv/base_link; world_frame=camera_init
2026-09-02T10:25:06+0800,81.289,plan_received,id=36; source=/received_global_plan; points=12; frame=wamv/wamv/base_link; world_frame=camera_init
2026-09-02T10:25:06+0800,81.389,plan_received,id=36; source=/received_global_plan; points=12; frame=wamv/wamv/base_link; world_frame=camera_init
2026-09-02T10:25:06+0800,81.489,plan_received,id=36; source=/received_global_plan; points=12; frame=wamv/wamv/base_link; world_frame=camera_init
2026-09-02T10:25:07+0800,81.590,plan_received,id=36; source=/received_global_plan; points=12; frame=wamv/wamv/base_link; world_frame=camera_init
2026-09-02T10:25:07+0800,81.690,plan_received,id=36; source=/received_global_plan; points=12; frame=wamv/wamv/base_link; world_frame=camera_init
2026-09-02T10:25:07+0800,81.789,plan_received,id=36; source=/received_global_plan; points=12; frame=wamv/wamv/base_link; world_frame=camera_init
2026-09-02T10:25:07+0800,81.890,plan_received,id=36; source=/received_global_plan; points=12; frame=wamv/wamv/base_link; world_frame=camera_init
2026-09-02T10:25:07+0800,81.989,plan_received,id=36; source=/received_global_plan; points=12; frame=wamv/wamv/base_link; world_frame=camera_init
2026-09-02T10:25:07+0800,82.090,plan_received,id=36; source=/received_global_plan; points=12; frame=wamv/wamv/base_link; world_frame=camera_init
2026-09-02T10:25:07+0800,82.189,plan_received,id=36; source=/received_global_plan; points=12; frame=wamv/wamv/base_link; world_frame=camera_init
2026-09-02T10:25:07+0800,82.289,plan_received,id=36; source=/received_global_plan; points=12; frame=wamv/wamv/base_link; world_frame=camera_init
2026-09-02T10:25:07+0800,82.390,plan_received,id=36; source=/received_global_plan; points=12; frame=wamv/wamv/base_link; world_frame=camera_init
2026-09-02T10:25:07+0800,82.490,plan_received,id=36; source=/received_global_plan; points=11; frame=wamv/wamv/base_link; world_frame=camera_init
2026-09-02T10:25:08+0800,82.590,plan_received,id=36; source=/received_global_plan; points=11; frame=wamv/wamv/base_link; world_frame=camera_init
2026-09-02T10:25:08+0800,82.690,plan_received,id=36; source=/received_global_plan; points=11; frame=wamv/wamv/base_link; world_frame=camera_init
2026-09-02T10:25:08+0800,82.789,plan_received,id=36; source=/received_global_plan; points=11; frame=wamv/wamv/base_link; world_frame=camera_init
2026-09-02T10:25:08+0800,82.890,plan_received,id=36; source=/received_global_plan; points=11; frame=wamv/wamv/base_link; world_frame=camera_init
2026-09-02T10:25:08+0800,82.990,plan_received,id=36; source=/received_global_plan; points=11; frame=wamv/wamv/base_link; world_frame=camera_init
2026-09-02T10:25:08+0800,83.090,plan_received,id=36; source=/received_global_plan; points=11; frame=wamv/wamv/base_link; world_frame=camera_init
2026-09-02T10:25:08+0800,83.190,plan_received,id=36; source=/received_global_plan; points=11; frame=wamv/wamv/base_link; world_frame=camera_init
2026-09-02T10:25:08+0800,83.289,plan_received,id=36; source=/received_global_plan; points=11; frame=wamv/wamv/base_link; world_frame=camera_init
2026-09-02T10:25:08+0800,83.390,plan_received,id=36; source=/received_global_plan; points=11; frame=wamv/wamv/base_link; world_frame=camera_init
2026-09-02T10:25:08+0800,83.489,plan_received,id=36; source=/received_global_plan; points=11; frame=wamv/wamv/base_link; world_frame=camera_init
2026-09-02T10:25:09+0800,83.590,plan_received,id=36; source=/received_global_plan; points=11; frame=wamv/wamv/base_link; world_frame=camera_init
2026-09-02T10:25:09+0800,83.690,plan_received,id=36; source=/received_global_plan; points=11; frame=wamv/wamv/base_link; world_frame=camera_init
2026-09-02T10:25:09+0800,83.789,plan_received,id=36; source=/received_global_plan; points=11; frame=wamv/wamv/base_link; world_frame=camera_init
2026-09-02T10:25:09+0800,83.889,plan_received,id=36; source=/received_global_plan; points=11; frame=wamv/wamv/base_link; world_frame=camera_init
2026-09-02T10:25:09+0800,83.990,plan_received,id=36; source=/received_global_plan; points=11; frame=wamv/wamv/base_link; world_frame=camera_init
2026-09-02T10:25:09+0800,84.090,plan_received,id=36; source=/received_global_plan; points=11; frame=wamv/wamv/base_link; world_frame=camera_init
2026-09-02T10:25:09+0800,84.121,plan_received,id=37; source=/plan; points=11; frame=camera_init; world_frame=camera_init
2026-09-02T10:25:09+0800,84.122,plan_received,id=38; source=/unsmoothed_plan; points=11; frame=camera_init; world_frame=camera_init
2026-09-02T10:25:09+0800,84.189,plan_received,id=38; source=/received_global_plan; points=11; frame=wamv/wamv/base_link; world_frame=camera_init
2026-09-02T10:25:09+0800,84.290,plan_received,id=38; source=/received_global_plan; points=11; frame=wamv/wamv/base_link; world_frame=camera_init
2026-09-02T10:25:09+0800,84.390,plan_received,id=38; source=/received_global_plan; points=11; frame=wamv/wamv/base_link; world_frame=camera_init
2026-09-02T10:25:09+0800,84.490,plan_received,id=38; source=/received_global_plan; points=11; frame=wamv/wamv/base_link; world_frame=camera_init
2026-09-02T10:25:10+0800,84.590,plan_received,id=38; source=/received_global_plan; points=11; frame=wamv/wamv/base_link; world_frame=camera_init
2026-09-02T10:25:10+0800,84.694,plan_received,id=38; source=/received_global_plan; points=11; frame=wamv/wamv/base_link; world_frame=camera_init
2026-09-02T10:25:10+0800,84.792,plan_received,id=38; source=/received_global_plan; points=11; frame=wamv/wamv/base_link; world_frame=camera_init
2026-09-02T10:25:10+0800,84.890,plan_received,id=38; source=/received_global_plan; points=11; frame=wamv/wamv/base_link; world_frame=camera_init
2026-09-02T10:25:10+0800,84.990,plan_received,id=38; source=/received_global_plan; points=11; frame=wamv/wamv/base_link; world_frame=camera_init
2026-09-02T10:25:10+0800,85.090,plan_received,id=38; source=/received_global_plan; points=11; frame=wamv/wamv/base_link; world_frame=camera_init
2026-09-02T10:25:10+0800,85.190,plan_received,id=38; source=/received_global_plan; points=11; frame=wamv/wamv/base_link; world_frame=camera_init
2026-09-02T10:25:10+0800,85.290,plan_received,id=38; source=/received_global_plan; points=11; frame=wamv/wamv/base_link; world_frame=camera_init
2026-09-02T10:25:10+0800,85.389,plan_received,id=38; source=/received_global_plan; points=11; frame=wamv/wamv/base_link; world_frame=camera_init
2026-09-02T10:25:10+0800,85.490,plan_received,id=38; source=/received_global_plan; points=11; frame=wamv/wamv/base_link; world_frame=camera_init
2026-09-02T10:25:11+0800,85.590,plan_received,id=38; source=/received_global_plan; points=11; frame=wamv/wamv/base_link; world_frame=camera_init
2026-09-02T10:25:11+0800,85.690,plan_received,id=38; source=/received_global_plan; points=11; frame=wamv/wamv/base_link; world_frame=camera_init
2026-09-02T10:25:11+0800,85.790,plan_received,id=38; source=/received_global_plan; points=11; frame=wamv/wamv/base_link; world_frame=camera_init
2026-09-02T10:25:11+0800,85.890,plan_received,id=38; source=/received_global_plan; points=11; frame=wamv/wamv/base_link; world_frame=camera_init
2026-09-02T10:25:11+0800,85.990,plan_received,id=38; source=/received_global_plan; points=11; frame=wamv/wamv/base_link; world_frame=camera_init
2026-09-02T10:25:11+0800,86.090,plan_received,id=38; source=/received_global_plan; points=11; frame=wamv/wamv/base_link; world_frame=camera_init
2026-09-02T10:25:11+0800,86.191,plan_received,id=38; source=/received_global_plan; points=11; frame=wamv/wamv/base_link; world_frame=camera_init
2026-09-02T10:25:11+0800,86.290,plan_received,id=38; source=/received_global_plan; points=10; frame=wamv/wamv/base_link; world_frame=camera_init
2026-09-02T10:25:11+0800,86.390,plan_received,id=38; source=/received_global_plan; points=10; frame=wamv/wamv/base_link; world_frame=camera_init
2026-09-02T10:25:11+0800,86.490,plan_received,id=38; source=/received_global_plan; points=10; frame=wamv/wamv/base_link; world_frame=camera_init
2026-09-02T10:25:12+0800,86.590,plan_received,id=38; source=/received_global_plan; points=10; frame=wamv/wamv/base_link; world_frame=camera_init
2026-09-02T10:25:12+0800,86.690,plan_received,id=38; source=/received_global_plan; points=10; frame=wamv/wamv/base_link; world_frame=camera_init
2026-09-02T10:25:12+0800,86.790,plan_received,id=38; source=/received_global_plan; points=10; frame=wamv/wamv/base_link; world_frame=camera_init
2026-09-02T10:25:12+0800,86.890,plan_received,id=38; source=/received_global_plan; points=10; frame=wamv/wamv/base_link; world_frame=camera_init
2026-09-02T10:25:12+0800,86.991,plan_received,id=38; source=/received_global_plan; points=10; frame=wamv/wamv/base_link; world_frame=camera_init
2026-09-02T10:25:12+0800,87.091,plan_received,id=38; source=/received_global_plan; points=10; frame=wamv/wamv/base_link; world_frame=camera_init
2026-09-02T10:25:12+0800,87.190,plan_received,id=38; source=/received_global_plan; points=10; frame=wamv/wamv/base_link; world_frame=camera_init
2026-09-02T10:25:12+0800,87.290,plan_received,id=38; source=/received_global_plan; points=10; frame=wamv/wamv/base_link; world_frame=camera_init
2026-09-02T10:25:12+0800,87.390,plan_received,id=38; source=/received_global_plan; points=10; frame=wamv/wamv/base_link; world_frame=camera_init
2026-09-02T10:25:12+0800,87.489,plan_received,id=38; source=/received_global_plan; points=10; frame=wamv/wamv/base_link; world_frame=camera_init
2026-09-02T10:25:13+0800,87.589,plan_received,id=38; source=/received_global_plan; points=10; frame=wamv/wamv/base_link; world_frame=camera_init
2026-09-02T10:25:13+0800,87.690,plan_received,id=38; source=/received_global_plan; points=10; frame=wamv/wamv/base_link; world_frame=camera_init
2026-09-02T10:25:13+0800,87.790,plan_received,id=38; source=/received_global_plan; points=10; frame=wamv/wamv/base_link; world_frame=camera_init
2026-09-02T10:25:13+0800,87.890,plan_received,id=38; source=/received_global_plan; points=10; frame=wamv/wamv/base_link; world_frame=camera_init
2026-09-02T10:25:13+0800,87.990,plan_received,id=38; source=/received_global_plan; points=10; frame=wamv/wamv/base_link; world_frame=camera_init
2026-09-02T10:25:13+0800,88.090,plan_received,id=38; source=/received_global_plan; points=10; frame=wamv/wamv/base_link; world_frame=camera_init
2026-09-02T10:25:13+0800,88.189,plan_received,id=38; source=/received_global_plan; points=10; frame=wamv/wamv/base_link; world_frame=camera_init
2026-09-02T10:25:13+0800,88.217,plan_received,id=39; source=/plan; points=10; frame=camera_init; world_frame=camera_init
2026-09-02T10:25:13+0800,88.217,plan_received,id=40; source=/unsmoothed_plan; points=10; frame=camera_init; world_frame=camera_init
2026-09-02T10:25:13+0800,88.289,plan_received,id=40; source=/received_global_plan; points=10; frame=wamv/wamv/base_link; world_frame=camera_init
2026-09-02T10:25:13+0800,88.389,plan_received,id=40; source=/received_global_plan; points=10; frame=wamv/wamv/base_link; world_frame=camera_init
2026-09-02T10:25:13+0800,88.489,plan_received,id=40; source=/received_global_plan; points=10; frame=wamv/wamv/base_link; world_frame=camera_init
2026-09-02T10:25:14+0800,88.589,plan_received,id=40; source=/received_global_plan; points=10; frame=wamv/wamv/base_link; world_frame=camera_init
2026-09-02T10:25:14+0800,88.690,plan_received,id=40; source=/received_global_plan; points=10; frame=wamv/wamv/base_link; world_frame=camera_init
2026-09-02T10:25:14+0800,88.790,plan_received,id=40; source=/received_global_plan; points=10; frame=wamv/wamv/base_link; world_frame=camera_init
2026-09-02T10:25:14+0800,88.890,plan_received,id=40; source=/received_global_plan; points=10; frame=wamv/wamv/base_link; world_frame=camera_init
2026-09-02T10:25:14+0800,88.990,plan_received,id=40; source=/received_global_plan; points=10; frame=wamv/wamv/base_link; world_frame=camera_init
2026-09-02T10:25:14+0800,89.090,plan_received,id=40; source=/received_global_plan; points=10; frame=wamv/wamv/base_link; world_frame=camera_init
2026-09-02T10:25:14+0800,89.190,plan_received,id=40; source=/received_global_plan; points=10; frame=wamv/wamv/base_link; world_frame=camera_init
2026-09-02T10:25:14+0800,89.290,plan_received,id=40; source=/received_global_plan; points=9; frame=wamv/wamv/base_link; world_frame=camera_init
2026-09-02T10:25:14+0800,89.390,plan_received,id=40; source=/received_global_plan; points=9; frame=wamv/wamv/base_link; world_frame=camera_init
2026-09-02T10:25:14+0800,89.490,plan_received,id=40; source=/received_global_plan; points=9; frame=wamv/wamv/base_link; world_frame=camera_init
2026-09-02T10:25:15+0800,89.590,plan_received,id=40; source=/received_global_plan; points=9; frame=wamv/wamv/base_link; world_frame=camera_init
2026-09-02T10:25:15+0800,89.691,plan_received,id=40; source=/received_global_plan; points=9; frame=wamv/wamv/base_link; world_frame=camera_init
2026-09-02T10:25:15+0800,89.789,plan_received,id=40; source=/received_global_plan; points=9; frame=wamv/wamv/base_link; world_frame=camera_init
2026-09-02T10:25:15+0800,89.889,plan_received,id=40; source=/received_global_plan; points=9; frame=wamv/wamv/base_link; world_frame=camera_init
2026-09-02T10:25:15+0800,89.989,plan_received,id=40; source=/received_global_plan; points=9; frame=wamv/wamv/base_link; world_frame=camera_init
2026-09-02T10:25:15+0800,90.089,plan_received,id=40; source=/received_global_plan; points=9; frame=wamv/wamv/base_link; world_frame=camera_init
2026-09-02T10:25:15+0800,90.191,plan_received,id=40; source=/received_global_plan; points=9; frame=wamv/wamv/base_link; world_frame=camera_init
2026-09-02T10:25:15+0800,90.289,plan_received,id=40; source=/received_global_plan; points=9; frame=wamv/wamv/base_link; world_frame=camera_init
2026-09-02T10:25:15+0800,90.390,plan_received,id=40; source=/received_global_plan; points=9; frame=wamv/wamv/base_link; world_frame=camera_init
2026-09-02T10:25:15+0800,90.490,plan_received,id=40; source=/received_global_plan; points=9; frame=wamv/wamv/base_link; world_frame=camera_init
2026-09-02T10:25:16+0800,90.589,plan_received,id=40; source=/received_global_plan; points=9; frame=wamv/wamv/base_link; world_frame=camera_init
2026-09-02T10:25:16+0800,90.690,plan_received,id=40; source=/received_global_plan; points=9; frame=wamv/wamv/base_link; world_frame=camera_init
2026-09-02T10:25:16+0800,90.790,plan_received,id=40; source=/received_global_plan; points=9; frame=wamv/wamv/base_link; world_frame=camera_init
2026-09-02T10:25:16+0800,90.890,plan_received,id=40; source=/received_global_plan; points=9; frame=wamv/wamv/base_link; world_frame=camera_init
2026-09-02T10:25:16+0800,90.990,plan_received,id=40; source=/received_global_plan; points=9; frame=wamv/wamv/base_link; world_frame=camera_init
2026-09-02T10:25:16+0800,91.090,plan_received,id=40; source=/received_global_plan; points=9; frame=wamv/wamv/base_link; world_frame=camera_init
2026-09-02T10:25:16+0800,91.189,plan_received,id=40; source=/received_global_plan; points=9; frame=wamv/wamv/base_link; world_frame=camera_init
2026-09-02T10:25:16+0800,91.290,plan_received,id=40; source=/received_global_plan; points=9; frame=wamv/wamv/base_link; world_frame=camera_init
2026-09-02T10:25:16+0800,91.389,plan_received,id=40; source=/received_global_plan; points=9; frame=wamv/wamv/base_link; world_frame=camera_init
2026-09-02T10:25:16+0800,91.489,plan_received,id=40; source=/received_global_plan; points=9; frame=wamv/wamv/base_link; world_frame=camera_init
2026-09-02T10:25:17+0800,91.590,plan_received,id=40; source=/received_global_plan; points=9; frame=wamv/wamv/base_link; world_frame=camera_init
2026-09-02T10:25:17+0800,91.689,plan_received,id=40; source=/received_global_plan; points=9; frame=wamv/wamv/base_link; world_frame=camera_init
2026-09-02T10:25:17+0800,91.789,plan_received,id=40; source=/received_global_plan; points=9; frame=wamv/wamv/base_link; world_frame=camera_init
2026-09-02T10:25:17+0800,91.889,plan_received,id=40; source=/received_global_plan; points=9; frame=wamv/wamv/base_link; world_frame=camera_init
2026-09-02T10:25:17+0800,91.989,plan_received,id=40; source=/received_global_plan; points=9; frame=wamv/wamv/base_link; world_frame=camera_init
2026-09-02T10:25:17+0800,92.089,plan_received,id=40; source=/received_global_plan; points=9; frame=wamv/wamv/base_link; world_frame=camera_init
2026-09-02T10:25:17+0800,92.190,plan_received,id=40; source=/received_global_plan; points=8; frame=wamv/wamv/base_link; world_frame=camera_init
2026-09-02T10:25:17+0800,92.289,plan_received,id=40; source=/received_global_plan; points=8; frame=wamv/wamv/base_link; world_frame=camera_init
2026-09-02T10:25:17+0800,92.319,plan_received,id=41; source=/plan; points=8; frame=camera_init; world_frame=camera_init
2026-09-02T10:25:17+0800,92.319,plan_received,id=42; source=/unsmoothed_plan; points=8; frame=camera_init; world_frame=camera_init
2026-09-02T10:25:18+0800,92.665,plan_received,id=42; source=/received_global_plan; points=8; frame=wamv/wamv/base_link; world_frame=camera_init
2026-09-02T10:25:18+0800,92.666,plan_received,id=42; source=/received_global_plan; points=8; frame=wamv/wamv/base_link; world_frame=camera_init
2026-09-02T10:25:18+0800,92.766,plan_received,id=42; source=/received_global_plan; points=8; frame=wamv/wamv/base_link; world_frame=camera_init
2026-09-02T10:25:18+0800,92.866,plan_received,id=42; source=/received_global_plan; points=8; frame=wamv/wamv/base_link; world_frame=camera_init
2026-09-02T10:25:18+0800,92.966,plan_received,id=42; source=/received_global_plan; points=8; frame=wamv/wamv/base_link; world_frame=camera_init
2026-09-02T10:25:18+0800,93.067,plan_received,id=42; source=/received_global_plan; points=8; frame=wamv/wamv/base_link; world_frame=camera_init
2026-09-02T10:25:18+0800,93.166,plan_received,id=42; source=/received_global_plan; points=8; frame=wamv/wamv/base_link; world_frame=camera_init
2026-09-02T10:25:18+0800,93.266,plan_received,id=42; source=/received_global_plan; points=8; frame=wamv/wamv/base_link; world_frame=camera_init
2026-09-02T10:25:18+0800,93.366,plan_received,id=42; source=/received_global_plan; points=8; frame=wamv/wamv/base_link; world_frame=camera_init
2026-09-02T10:25:18+0800,93.466,plan_received,id=42; source=/received_global_plan; points=8; frame=wamv/wamv/base_link; world_frame=camera_init
2026-09-02T10:25:19+0800,93.566,plan_received,id=42; source=/received_global_plan; points=8; frame=wamv/wamv/base_link; world_frame=camera_init
2026-09-02T10:25:19+0800,93.666,plan_received,id=42; source=/received_global_plan; points=8; frame=wamv/wamv/base_link; world_frame=camera_init
2026-09-02T10:25:19+0800,93.766,plan_received,id=42; source=/received_global_plan; points=8; frame=wamv/wamv/base_link; world_frame=camera_init
2026-09-02T10:25:19+0800,93.866,plan_received,id=42; source=/received_global_plan; points=8; frame=wamv/wamv/base_link; world_frame=camera_init
2026-09-02T10:25:19+0800,93.966,plan_received,id=42; source=/received_global_plan; points=8; frame=wamv/wamv/base_link; world_frame=camera_init
2026-09-02T10:25:19+0800,94.067,plan_received,id=42; source=/received_global_plan; points=8; frame=wamv/wamv/base_link; world_frame=camera_init
2026-09-02T10:25:19+0800,94.166,plan_received,id=42; source=/received_global_plan; points=8; frame=wamv/wamv/base_link; world_frame=camera_init
2026-09-02T10:25:19+0800,94.266,plan_received,id=42; source=/received_global_plan; points=8; frame=wamv/wamv/base_link; world_frame=camera_init
2026-09-02T10:25:19+0800,94.366,plan_received,id=42; source=/received_global_plan; points=8; frame=wamv/wamv/base_link; world_frame=camera_init
2026-09-02T10:25:19+0800,94.466,plan_received,id=42; source=/received_global_plan; points=8; frame=wamv/wamv/base_link; world_frame=camera_init
2026-09-02T10:25:20+0800,94.566,plan_received,id=42; source=/received_global_plan; points=8; frame=wamv/wamv/base_link; world_frame=camera_init
2026-09-02T10:25:20+0800,94.666,plan_received,id=42; source=/received_global_plan; points=8; frame=wamv/wamv/base_link; world_frame=camera_init
2026-09-02T10:25:20+0800,94.766,plan_received,id=42; source=/received_global_plan; points=7; frame=wamv/wamv/base_link; world_frame=camera_init
2026-09-02T10:25:20+0800,94.866,plan_received,id=42; source=/received_global_plan; points=7; frame=wamv/wamv/base_link; world_frame=camera_init
2026-09-02T10:25:20+0800,94.966,plan_received,id=42; source=/received_global_plan; points=7; frame=wamv/wamv/base_link; world_frame=camera_init
2026-09-02T10:25:20+0800,95.066,plan_received,id=42; source=/received_global_plan; points=7; frame=wamv/wamv/base_link; world_frame=camera_init
2026-09-02T10:25:20+0800,95.166,plan_received,id=42; source=/received_global_plan; points=7; frame=wamv/wamv/base_link; world_frame=camera_init
2026-09-02T10:25:20+0800,95.266,plan_received,id=42; source=/received_global_plan; points=7; frame=wamv/wamv/base_link; world_frame=camera_init
2026-09-02T10:25:20+0800,95.366,plan_received,id=42; source=/received_global_plan; points=7; frame=wamv/wamv/base_link; world_frame=camera_init
2026-09-02T10:25:20+0800,95.467,plan_received,id=42; source=/received_global_plan; points=7; frame=wamv/wamv/base_link; world_frame=camera_init
2026-09-02T10:25:21+0800,95.566,plan_received,id=42; source=/received_global_plan; points=7; frame=wamv/wamv/base_link; world_frame=camera_init
2026-09-02T10:25:21+0800,95.667,plan_received,id=42; source=/received_global_plan; points=7; frame=wamv/wamv/base_link; world_frame=camera_init
2026-09-02T10:25:21+0800,95.766,plan_received,id=42; source=/received_global_plan; points=7; frame=wamv/wamv/base_link; world_frame=camera_init
2026-09-02T10:25:21+0800,95.867,plan_received,id=42; source=/received_global_plan; points=7; frame=wamv/wamv/base_link; world_frame=camera_init
2026-09-02T10:25:21+0800,95.966,plan_received,id=42; source=/received_global_plan; points=7; frame=wamv/wamv/base_link; world_frame=camera_init
2026-09-02T10:25:21+0800,96.066,plan_received,id=42; source=/received_global_plan; points=7; frame=wamv/wamv/base_link; world_frame=camera_init
2026-09-02T10:25:21+0800,96.166,plan_received,id=42; source=/received_global_plan; points=7; frame=wamv/wamv/base_link; world_frame=camera_init
2026-09-02T10:25:21+0800,96.266,plan_received,id=42; source=/received_global_plan; points=7; frame=wamv/wamv/base_link; world_frame=camera_init
2026-09-02T10:25:21+0800,96.365,plan_received,id=42; source=/received_global_plan; points=7; frame=wamv/wamv/base_link; world_frame=camera_init
2026-09-02T10:25:21+0800,96.466,plan_received,id=42; source=/received_global_plan; points=7; frame=wamv/wamv/base_link; world_frame=camera_init
2026-09-02T10:25:21+0800,96.516,plan_received,id=43; source=/plan; points=8; frame=camera_init; world_frame=camera_init
2026-09-02T10:25:21+0800,96.517,plan_received,id=44; source=/unsmoothed_plan; points=8; frame=camera_init; world_frame=camera_init
2026-09-02T10:25:22+0800,96.566,plan_received,id=44; source=/received_global_plan; points=7; frame=wamv/wamv/base_link; world_frame=camera_init
2026-09-02T10:25:22+0800,96.666,plan_received,id=44; source=/received_global_plan; points=8; frame=wamv/wamv/base_link; world_frame=camera_init
2026-09-02T10:25:22+0800,96.766,plan_received,id=44; source=/received_global_plan; points=8; frame=wamv/wamv/base_link; world_frame=camera_init
2026-09-02T10:25:22+0800,96.866,plan_received,id=44; source=/received_global_plan; points=8; frame=wamv/wamv/base_link; world_frame=camera_init
2026-09-02T10:25:22+0800,96.966,plan_received,id=44; source=/received_global_plan; points=8; frame=wamv/wamv/base_link; world_frame=camera_init
2026-09-02T10:25:22+0800,97.066,plan_received,id=44; source=/received_global_plan; points=8; frame=wamv/wamv/base_link; world_frame=camera_init
2026-09-02T10:25:22+0800,97.166,plan_received,id=44; source=/received_global_plan; points=8; frame=wamv/wamv/base_link; world_frame=camera_init
2026-09-02T10:25:22+0800,97.266,plan_received,id=44; source=/received_global_plan; points=8; frame=wamv/wamv/base_link; world_frame=camera_init
2026-09-02T10:25:22+0800,97.366,plan_received,id=44; source=/received_global_plan; points=8; frame=wamv/wamv/base_link; world_frame=camera_init
2026-09-02T10:25:22+0800,97.466,plan_received,id=44; source=/received_global_plan; points=8; frame=wamv/wamv/base_link; world_frame=camera_init
2026-09-02T10:25:23+0800,97.566,plan_received,id=44; source=/received_global_plan; points=8; frame=wamv/wamv/base_link; world_frame=camera_init
2026-09-02T10:25:23+0800,97.666,plan_received,id=44; source=/received_global_plan; points=8; frame=wamv/wamv/base_link; world_frame=camera_init
2026-09-02T10:25:23+0800,97.766,plan_received,id=44; source=/received_global_plan; points=8; frame=wamv/wamv/base_link; world_frame=camera_init
2026-09-02T10:25:23+0800,97.866,plan_received,id=44; source=/received_global_plan; points=8; frame=wamv/wamv/base_link; world_frame=camera_init
2026-09-02T10:25:23+0800,97.966,plan_received,id=44; source=/received_global_plan; points=8; frame=wamv/wamv/base_link; world_frame=camera_init
2026-09-02T10:25:23+0800,98.066,plan_received,id=44; source=/received_global_plan; points=8; frame=wamv/wamv/base_link; world_frame=camera_init
2026-09-02T10:25:23+0800,98.166,plan_received,id=44; source=/received_global_plan; points=8; frame=wamv/wamv/base_link; world_frame=camera_init
2026-09-02T10:25:23+0800,98.341,plan_received,id=44; source=/received_global_plan; points=8; frame=wamv/wamv/base_link; world_frame=camera_init
2026-09-02T10:25:23+0800,98.366,plan_received,id=44; source=/received_global_plan; points=8; frame=wamv/wamv/base_link; world_frame=camera_init
2026-09-02T10:25:23+0800,98.466,plan_received,id=44; source=/received_global_plan; points=8; frame=wamv/wamv/base_link; world_frame=camera_init
2026-09-02T10:25:24+0800,98.566,plan_received,id=44; source=/received_global_plan; points=8; frame=wamv/wamv/base_link; world_frame=camera_init
2026-09-02T10:25:24+0800,98.666,plan_received,id=44; source=/received_global_plan; points=8; frame=wamv/wamv/base_link; world_frame=camera_init
2026-09-02T10:25:24+0800,98.766,plan_received,id=44; source=/received_global_plan; points=8; frame=wamv/wamv/base_link; world_frame=camera_init
2026-09-02T10:25:24+0800,98.866,plan_received,id=44; source=/received_global_plan; points=8; frame=wamv/wamv/base_link; world_frame=camera_init
2026-09-02T10:25:24+0800,98.966,plan_received,id=44; source=/received_global_plan; points=8; frame=wamv/wamv/base_link; world_frame=camera_init
2026-09-02T10:25:24+0800,99.066,plan_received,id=44; source=/received_global_plan; points=8; frame=wamv/wamv/base_link; world_frame=camera_init
2026-09-02T10:25:24+0800,99.166,plan_received,id=44; source=/received_global_plan; points=8; frame=wamv/wamv/base_link; world_frame=camera_init
2026-09-02T10:25:24+0800,99.266,plan_received,id=44; source=/received_global_plan; points=8; frame=wamv/wamv/base_link; world_frame=camera_init
2026-09-02T10:25:24+0800,99.367,plan_received,id=44; source=/received_global_plan; points=8; frame=wamv/wamv/base_link; world_frame=camera_init
2026-09-02T10:25:24+0800,99.466,plan_received,id=44; source=/received_global_plan; points=8; frame=wamv/wamv/base_link; world_frame=camera_init
2026-09-02T10:25:25+0800,99.566,plan_received,id=44; source=/received_global_plan; points=8; frame=wamv/wamv/base_link; world_frame=camera_init
2026-09-02T10:25:25+0800,99.666,plan_received,id=44; source=/received_global_plan; points=8; frame=wamv/wamv/base_link; world_frame=camera_init
2026-09-02T10:25:25+0800,99.766,plan_received,id=44; source=/received_global_plan; points=8; frame=wamv/wamv/base_link; world_frame=camera_init
2026-09-02T10:25:25+0800,99.867,plan_received,id=44; source=/received_global_plan; points=8; frame=wamv/wamv/base_link; world_frame=camera_init
2026-09-02T10:25:25+0800,99.966,plan_received,id=44; source=/received_global_plan; points=8; frame=wamv/wamv/base_link; world_frame=camera_init
2026-09-02T10:25:25+0800,100.066,plan_received,id=44; source=/received_global_plan; points=8; frame=wamv/wamv/base_link; world_frame=camera_init
2026-09-02T10:25:25+0800,100.167,plan_received,id=44; source=/received_global_plan; points=8; frame=wamv/wamv/base_link; world_frame=camera_init
2026-09-02T10:25:25+0800,100.267,plan_received,id=44; source=/received_global_plan; points=8; frame=wamv/wamv/base_link; world_frame=camera_init
2026-09-02T10:25:25+0800,100.366,plan_received,id=44; source=/received_global_plan; points=8; frame=wamv/wamv/base_link; world_frame=camera_init
2026-09-02T10:25:25+0800,100.467,plan_received,id=44; source=/received_global_plan; points=8; frame=wamv/wamv/base_link; world_frame=camera_init
2026-09-02T10:25:26+0800,100.566,plan_received,id=44; source=/received_global_plan; points=8; frame=wamv/wamv/base_link; world_frame=camera_init
2026-09-02T10:25:26+0800,100.666,plan_received,id=44; source=/received_global_plan; points=8; frame=wamv/wamv/base_link; world_frame=camera_init
2026-09-02T10:25:26+0800,100.718,plan_received,id=45; source=/plan; points=8; frame=camera_init; world_frame=camera_init
2026-09-02T10:25:26+0800,100.719,plan_received,id=46; source=/unsmoothed_plan; points=8; frame=camera_init; world_frame=camera_init
2026-09-02T10:25:26+0800,100.766,plan_received,id=46; source=/received_global_plan; points=8; frame=wamv/wamv/base_link; world_frame=camera_init
2026-09-02T10:25:26+0800,100.867,plan_received,id=46; source=/received_global_plan; points=8; frame=wamv/wamv/base_link; world_frame=camera_init
2026-09-02T10:25:26+0800,100.966,plan_received,id=46; source=/received_global_plan; points=8; frame=wamv/wamv/base_link; world_frame=camera_init
2026-09-02T10:25:26+0800,101.066,plan_received,id=46; source=/received_global_plan; points=8; frame=wamv/wamv/base_link; world_frame=camera_init
2026-09-02T10:25:26+0800,101.166,plan_received,id=46; source=/received_global_plan; points=8; frame=wamv/wamv/base_link; world_frame=camera_init
2026-09-02T10:25:26+0800,101.284,plan_received,id=46; source=/received_global_plan; points=8; frame=wamv/wamv/base_link; world_frame=camera_init
2026-09-02T10:25:26+0800,101.366,plan_received,id=46; source=/received_global_plan; points=8; frame=wamv/wamv/base_link; world_frame=camera_init
2026-09-02T10:25:26+0800,101.466,plan_received,id=46; source=/received_global_plan; points=8; frame=wamv/wamv/base_link; world_frame=camera_init
2026-09-02T10:25:27+0800,101.567,plan_received,id=46; source=/received_global_plan; points=8; frame=wamv/wamv/base_link; world_frame=camera_init
2026-09-02T10:25:27+0800,101.666,plan_received,id=46; source=/received_global_plan; points=8; frame=wamv/wamv/base_link; world_frame=camera_init
2026-09-02T10:25:27+0800,101.766,plan_received,id=46; source=/received_global_plan; points=8; frame=wamv/wamv/base_link; world_frame=camera_init
2026-09-02T10:25:27+0800,101.866,plan_received,id=46; source=/received_global_plan; points=8; frame=wamv/wamv/base_link; world_frame=camera_init
2026-09-02T10:25:27+0800,101.965,plan_received,id=46; source=/received_global_plan; points=8; frame=wamv/wamv/base_link; world_frame=camera_init
2026-09-02T10:25:27+0800,102.066,plan_received,id=46; source=/received_global_plan; points=8; frame=wamv/wamv/base_link; world_frame=camera_init
2026-09-02T10:25:27+0800,102.166,plan_received,id=46; source=/received_global_plan; points=8; frame=wamv/wamv/base_link; world_frame=camera_init
2026-09-02T10:25:27+0800,102.266,plan_received,id=46; source=/received_global_plan; points=8; frame=wamv/wamv/base_link; world_frame=camera_init
2026-09-02T10:25:27+0800,102.366,plan_received,id=46; source=/received_global_plan; points=8; frame=wamv/wamv/base_link; world_frame=camera_init
2026-09-02T10:25:27+0800,102.466,plan_received,id=46; source=/received_global_plan; points=8; frame=wamv/wamv/base_link; world_frame=camera_init
2026-09-02T10:25:28+0800,102.566,plan_received,id=46; source=/received_global_plan; points=8; frame=wamv/wamv/base_link; world_frame=camera_init
2026-09-02T10:25:28+0800,102.666,plan_received,id=46; source=/received_global_plan; points=8; frame=wamv/wamv/base_link; world_frame=camera_init
2026-09-02T10:25:28+0800,102.767,plan_received,id=46; source=/received_global_plan; points=8; frame=wamv/wamv/base_link; world_frame=camera_init
2026-09-02T10:25:28+0800,102.866,plan_received,id=46; source=/received_global_plan; points=8; frame=wamv/wamv/base_link; world_frame=camera_init
2026-09-02T10:25:28+0800,102.966,plan_received,id=46; source=/received_global_plan; points=8; frame=wamv/wamv/base_link; world_frame=camera_init
2026-09-02T10:25:28+0800,103.066,plan_received,id=46; source=/received_global_plan; points=8; frame=wamv/wamv/base_link; world_frame=camera_init
2026-09-02T10:25:28+0800,103.166,plan_received,id=46; source=/received_global_plan; points=8; frame=wamv/wamv/base_link; world_frame=camera_init
2026-09-02T10:25:28+0800,103.266,plan_received,id=46; source=/received_global_plan; points=8; frame=wamv/wamv/base_link; world_frame=camera_init
2026-09-02T10:25:28+0800,103.366,plan_received,id=46; source=/received_global_plan; points=8; frame=wamv/wamv/base_link; world_frame=camera_init
2026-09-02T10:25:28+0800,103.466,plan_received,id=46; source=/received_global_plan; points=8; frame=wamv/wamv/base_link; world_frame=camera_init
2026-09-02T10:25:29+0800,103.566,plan_received,id=46; source=/received_global_plan; points=8; frame=wamv/wamv/base_link; world_frame=camera_init
2026-09-02T10:25:29+0800,103.666,plan_received,id=46; source=/received_global_plan; points=7; frame=wamv/wamv/base_link; world_frame=camera_init
2026-09-02T10:25:29+0800,103.766,plan_received,id=46; source=/received_global_plan; points=7; frame=wamv/wamv/base_link; world_frame=camera_init
2026-09-02T10:25:29+0800,103.866,plan_received,id=46; source=/received_global_plan; points=7; frame=wamv/wamv/base_link; world_frame=camera_init
2026-09-02T10:25:29+0800,103.966,plan_received,id=46; source=/received_global_plan; points=7; frame=wamv/wamv/base_link; world_frame=camera_init
2026-09-02T10:25:29+0800,104.066,plan_received,id=46; source=/received_global_plan; points=7; frame=wamv/wamv/base_link; world_frame=camera_init
2026-09-02T10:25:29+0800,104.166,plan_received,id=46; source=/received_global_plan; points=7; frame=wamv/wamv/base_link; world_frame=camera_init
2026-09-02T10:25:29+0800,104.266,plan_received,id=46; source=/received_global_plan; points=7; frame=wamv/wamv/base_link; world_frame=camera_init
2026-09-02T10:25:30+0800,104.667,plan_received,id=46; source=/received_global_plan; points=7; frame=wamv/wamv/base_link; world_frame=camera_init
2026-09-02T10:25:30+0800,104.669,plan_received,id=46; source=/received_global_plan; points=7; frame=wamv/wamv/base_link; world_frame=camera_init
2026-09-02T10:25:30+0800,104.768,plan_received,id=46; source=/received_global_plan; points=7; frame=wamv/wamv/base_link; world_frame=camera_init
2026-09-02T10:25:30+0800,104.868,plan_received,id=46; source=/received_global_plan; points=7; frame=wamv/wamv/base_link; world_frame=camera_init
2026-09-02T10:25:30+0800,104.916,plan_received,id=47; source=/plan; points=8; frame=camera_init; world_frame=camera_init
2026-09-02T10:25:30+0800,104.917,plan_received,id=48; source=/unsmoothed_plan; points=8; frame=camera_init; world_frame=camera_init
2026-09-02T10:25:30+0800,104.968,plan_received,id=48; source=/received_global_plan; points=7; frame=wamv/wamv/base_link; world_frame=camera_init
2026-09-02T10:25:30+0800,105.068,plan_received,id=48; source=/received_global_plan; points=8; frame=wamv/wamv/base_link; world_frame=camera_init
2026-09-02T10:25:30+0800,105.168,plan_received,id=48; source=/received_global_plan; points=8; frame=wamv/wamv/base_link; world_frame=camera_init
2026-09-02T10:25:30+0800,105.268,plan_received,id=48; source=/received_global_plan; points=8; frame=wamv/wamv/base_link; world_frame=camera_init
2026-09-02T10:25:30+0800,105.369,plan_received,id=48; source=/received_global_plan; points=8; frame=wamv/wamv/base_link; world_frame=camera_init
2026-09-02T10:25:30+0800,105.468,plan_received,id=48; source=/received_global_plan; points=8; frame=wamv/wamv/base_link; world_frame=camera_init
2026-09-02T10:25:31+0800,105.568,plan_received,id=48; source=/received_global_plan; points=8; frame=wamv/wamv/base_link; world_frame=camera_init
2026-09-02T10:25:31+0800,105.668,plan_received,id=48; source=/received_global_plan; points=8; frame=wamv/wamv/base_link; world_frame=camera_init
2026-09-02T10:25:31+0800,105.769,plan_received,id=48; source=/received_global_plan; points=8; frame=wamv/wamv/base_link; world_frame=camera_init
2026-09-02T10:25:31+0800,105.868,plan_received,id=48; source=/received_global_plan; points=8; frame=wamv/wamv/base_link; world_frame=camera_init
2026-09-02T10:25:31+0800,105.968,plan_received,id=48; source=/received_global_plan; points=8; frame=wamv/wamv/base_link; world_frame=camera_init
2026-09-02T10:25:31+0800,106.068,plan_received,id=48; source=/received_global_plan; points=8; frame=wamv/wamv/base_link; world_frame=camera_init
2026-09-02T10:25:31+0800,106.168,plan_received,id=48; source=/received_global_plan; points=8; frame=wamv/wamv/base_link; world_frame=camera_init
2026-09-02T10:25:31+0800,106.268,plan_received,id=48; source=/received_global_plan; points=8; frame=wamv/wamv/base_link; world_frame=camera_init
2026-09-02T10:25:31+0800,106.368,plan_received,id=48; source=/received_global_plan; points=8; frame=wamv/wamv/base_link; world_frame=camera_init
2026-09-02T10:25:31+0800,106.468,plan_received,id=48; source=/received_global_plan; points=8; frame=wamv/wamv/base_link; world_frame=camera_init
2026-09-02T10:25:32+0800,106.568,plan_received,id=48; source=/received_global_plan; points=8; frame=wamv/wamv/base_link; world_frame=camera_init
2026-09-02T10:25:32+0800,106.668,plan_received,id=48; source=/received_global_plan; points=8; frame=wamv/wamv/base_link; world_frame=camera_init
2026-09-02T10:25:32+0800,106.769,plan_received,id=48; source=/received_global_plan; points=8; frame=wamv/wamv/base_link; world_frame=camera_init
2026-09-02T10:25:32+0800,106.868,plan_received,id=48; source=/received_global_plan; points=8; frame=wamv/wamv/base_link; world_frame=camera_init
2026-09-02T10:25:32+0800,106.968,plan_received,id=48; source=/received_global_plan; points=8; frame=wamv/wamv/base_link; world_frame=camera_init
2026-09-02T10:25:32+0800,107.069,plan_received,id=48; source=/received_global_plan; points=8; frame=wamv/wamv/base_link; world_frame=camera_init
2026-09-02T10:25:32+0800,107.168,plan_received,id=48; source=/received_global_plan; points=8; frame=wamv/wamv/base_link; world_frame=camera_init
2026-09-02T10:25:32+0800,107.268,plan_received,id=48; source=/received_global_plan; points=8; frame=wamv/wamv/base_link; world_frame=camera_init
2026-09-02T10:25:32+0800,107.368,plan_received,id=48; source=/received_global_plan; points=8; frame=wamv/wamv/base_link; world_frame=camera_init
2026-09-02T10:25:32+0800,107.468,plan_received,id=48; source=/received_global_plan; points=8; frame=wamv/wamv/base_link; world_frame=camera_init
2026-09-02T10:25:33+0800,107.569,plan_received,id=48; source=/received_global_plan; points=8; frame=wamv/wamv/base_link; world_frame=camera_init
2026-09-02T10:25:33+0800,107.668,plan_received,id=48; source=/received_global_plan; points=8; frame=wamv/wamv/base_link; world_frame=camera_init
2026-09-02T10:25:33+0800,107.768,plan_received,id=48; source=/received_global_plan; points=8; frame=wamv/wamv/base_link; world_frame=camera_init
2026-09-02T10:25:33+0800,107.868,plan_received,id=48; source=/received_global_plan; points=8; frame=wamv/wamv/base_link; world_frame=camera_init
2026-09-02T10:25:33+0800,107.968,plan_received,id=48; source=/received_global_plan; points=8; frame=wamv/wamv/base_link; world_frame=camera_init
2026-09-02T10:25:33+0800,108.068,plan_received,id=48; source=/received_global_plan; points=8; frame=wamv/wamv/base_link; world_frame=camera_init
2026-09-02T10:25:33+0800,108.168,plan_received,id=48; source=/received_global_plan; points=8; frame=wamv/wamv/base_link; world_frame=camera_init
2026-09-02T10:25:33+0800,108.268,plan_received,id=48; source=/received_global_plan; points=8; frame=wamv/wamv/base_link; world_frame=camera_init
2026-09-02T10:25:33+0800,108.368,plan_received,id=48; source=/received_global_plan; points=8; frame=wamv/wamv/base_link; world_frame=camera_init
2026-09-02T10:25:33+0800,108.468,plan_received,id=48; source=/received_global_plan; points=8; frame=wamv/wamv/base_link; world_frame=camera_init
2026-09-02T10:25:34+0800,108.569,plan_received,id=48; source=/received_global_plan; points=7; frame=wamv/wamv/base_link; world_frame=camera_init
2026-09-02T10:25:34+0800,108.669,plan_received,id=48; source=/received_global_plan; points=7; frame=wamv/wamv/base_link; world_frame=camera_init
2026-09-02T10:25:34+0800,108.768,plan_received,id=48; source=/received_global_plan; points=7; frame=wamv/wamv/base_link; world_frame=camera_init
2026-09-02T10:25:34+0800,108.868,plan_received,id=48; source=/received_global_plan; points=7; frame=wamv/wamv/base_link; world_frame=camera_init
2026-09-02T10:25:34+0800,108.968,plan_received,id=48; source=/received_global_plan; points=7; frame=wamv/wamv/base_link; world_frame=camera_init
2026-09-02T10:25:34+0800,109.069,plan_received,id=48; source=/received_global_plan; points=7; frame=wamv/wamv/base_link; world_frame=camera_init
2026-09-02T10:25:34+0800,109.120,plan_received,id=49; source=/plan; points=8; frame=camera_init; world_frame=camera_init
2026-09-02T10:25:34+0800,109.120,plan_received,id=50; source=/unsmoothed_plan; points=8; frame=camera_init; world_frame=camera_init
2026-09-02T10:25:34+0800,109.168,plan_received,id=50; source=/received_global_plan; points=7; frame=wamv/wamv/base_link; world_frame=camera_init
2026-09-02T10:25:34+0800,109.268,plan_received,id=50; source=/received_global_plan; points=8; frame=wamv/wamv/base_link; world_frame=camera_init
2026-09-02T10:25:34+0800,109.368,plan_received,id=50; source=/received_global_plan; points=8; frame=wamv/wamv/base_link; world_frame=camera_init
2026-09-02T10:25:34+0800,109.468,plan_received,id=50; source=/received_global_plan; points=8; frame=wamv/wamv/base_link; world_frame=camera_init
2026-09-02T10:25:35+0800,109.568,plan_received,id=50; source=/received_global_plan; points=8; frame=wamv/wamv/base_link; world_frame=camera_init
2026-09-02T10:25:35+0800,109.668,plan_received,id=50; source=/received_global_plan; points=8; frame=wamv/wamv/base_link; world_frame=camera_init
2026-09-02T10:25:35+0800,109.768,plan_received,id=50; source=/received_global_plan; points=8; frame=wamv/wamv/base_link; world_frame=camera_init
2026-09-02T10:25:35+0800,109.869,plan_received,id=50; source=/received_global_plan; points=8; frame=wamv/wamv/base_link; world_frame=camera_init
2026-09-02T10:25:35+0800,109.968,plan_received,id=50; source=/received_global_plan; points=8; frame=wamv/wamv/base_link; world_frame=camera_init
2026-09-02T10:25:35+0800,110.068,plan_received,id=50; source=/received_global_plan; points=8; frame=wamv/wamv/base_link; world_frame=camera_init
2026-09-02T10:25:35+0800,110.168,plan_received,id=50; source=/received_global_plan; points=8; frame=wamv/wamv/base_link; world_frame=camera_init
2026-09-02T10:25:35+0800,110.268,plan_received,id=50; source=/received_global_plan; points=8; frame=wamv/wamv/base_link; world_frame=camera_init
2026-09-02T10:25:35+0800,110.368,plan_received,id=50; source=/received_global_plan; points=8; frame=wamv/wamv/base_link; world_frame=camera_init
2026-09-02T10:25:35+0800,110.468,plan_received,id=50; source=/received_global_plan; points=8; frame=wamv/wamv/base_link; world_frame=camera_init
2026-09-02T10:25:36+0800,110.568,plan_received,id=50; source=/received_global_plan; points=8; frame=wamv/wamv/base_link; world_frame=camera_init
2026-09-02T10:25:36+0800,110.668,plan_received,id=50; source=/received_global_plan; points=8; frame=wamv/wamv/base_link; world_frame=camera_init
2026-09-02T10:25:36+0800,110.768,plan_received,id=50; source=/received_global_plan; points=8; frame=wamv/wamv/base_link; world_frame=camera_init
2026-09-02T10:25:36+0800,110.868,plan_received,id=50; source=/received_global_plan; points=8; frame=wamv/wamv/base_link; world_frame=camera_init
2026-09-02T10:25:36+0800,110.968,plan_received,id=50; source=/received_global_plan; points=8; frame=wamv/wamv/base_link; world_frame=camera_init
2026-09-02T10:25:36+0800,111.068,plan_received,id=50; source=/received_global_plan; points=8; frame=wamv/wamv/base_link; world_frame=camera_init
2026-09-02T10:25:36+0800,111.168,plan_received,id=50; source=/received_global_plan; points=8; frame=wamv/wamv/base_link; world_frame=camera_init
2026-09-02T10:25:36+0800,111.286,plan_received,id=50; source=/received_global_plan; points=8; frame=wamv/wamv/base_link; world_frame=camera_init
2026-09-02T10:25:36+0800,111.369,plan_received,id=50; source=/received_global_plan; points=8; frame=wamv/wamv/base_link; world_frame=camera_init
2026-09-02T10:25:36+0800,111.468,plan_received,id=50; source=/received_global_plan; points=8; frame=wamv/wamv/base_link; world_frame=camera_init
2026-09-02T10:25:37+0800,111.568,plan_received,id=50; source=/received_global_plan; points=8; frame=wamv/wamv/base_link; world_frame=camera_init
2026-09-02T10:25:37+0800,111.668,plan_received,id=50; source=/received_global_plan; points=8; frame=wamv/wamv/base_link; world_frame=camera_init
2026-09-02T10:25:37+0800,111.769,plan_received,id=50; source=/received_global_plan; points=8; frame=wamv/wamv/base_link; world_frame=camera_init
2026-09-02T10:25:37+0800,111.868,plan_received,id=50; source=/received_global_plan; points=8; frame=wamv/wamv/base_link; world_frame=camera_init
2026-09-02T10:25:37+0800,111.968,plan_received,id=50; source=/received_global_plan; points=7; frame=wamv/wamv/base_link; world_frame=camera_init
2026-09-02T10:25:37+0800,112.068,plan_received,id=50; source=/received_global_plan; points=7; frame=wamv/wamv/base_link; world_frame=camera_init
2026-09-02T10:25:37+0800,112.168,plan_received,id=50; source=/received_global_plan; points=7; frame=wamv/wamv/base_link; world_frame=camera_init
2026-09-02T10:25:37+0800,112.268,plan_received,id=50; source=/received_global_plan; points=7; frame=wamv/wamv/base_link; world_frame=camera_init
2026-09-02T10:25:37+0800,112.368,plan_received,id=50; source=/received_global_plan; points=7; frame=wamv/wamv/base_link; world_frame=camera_init
2026-09-02T10:25:37+0800,112.468,plan_received,id=50; source=/received_global_plan; points=7; frame=wamv/wamv/base_link; world_frame=camera_init
2026-09-02T10:25:38+0800,112.568,plan_received,id=50; source=/received_global_plan; points=7; frame=wamv/wamv/base_link; world_frame=camera_init
2026-09-02T10:25:38+0800,112.668,plan_received,id=50; source=/received_global_plan; points=7; frame=wamv/wamv/base_link; world_frame=camera_init
2026-09-02T10:25:38+0800,112.768,plan_received,id=50; source=/received_global_plan; points=7; frame=wamv/wamv/base_link; world_frame=camera_init
2026-09-02T10:25:38+0800,112.868,plan_received,id=50; source=/received_global_plan; points=7; frame=wamv/wamv/base_link; world_frame=camera_init
2026-09-02T10:25:38+0800,112.968,plan_received,id=50; source=/received_global_plan; points=7; frame=wamv/wamv/base_link; world_frame=camera_init
2026-09-02T10:25:38+0800,113.068,plan_received,id=50; source=/received_global_plan; points=7; frame=wamv/wamv/base_link; world_frame=camera_init
2026-09-02T10:25:38+0800,113.168,plan_received,id=50; source=/received_global_plan; points=7; frame=wamv/wamv/base_link; world_frame=camera_init
2026-09-02T10:25:38+0800,113.268,plan_received,id=50; source=/received_global_plan; points=7; frame=wamv/wamv/base_link; world_frame=camera_init
2026-09-02T10:25:38+0800,113.317,plan_received,id=51; source=/plan; points=12; frame=camera_init; world_frame=camera_init
2026-09-02T10:25:38+0800,113.318,plan_received,id=52; source=/unsmoothed_plan; points=12; frame=camera_init; world_frame=camera_init
2026-09-02T10:25:38+0800,113.368,plan_received,id=52; source=/received_global_plan; points=7; frame=wamv/wamv/base_link; world_frame=camera_init
2026-09-02T10:25:38+0800,113.469,plan_received,id=52; source=/received_global_plan; points=12; frame=wamv/wamv/base_link; world_frame=camera_init
2026-09-02T10:25:39+0800,113.568,plan_received,id=52; source=/received_global_plan; points=12; frame=wamv/wamv/base_link; world_frame=camera_init
2026-09-02T10:25:39+0800,113.668,plan_received,id=52; source=/received_global_plan; points=12; frame=wamv/wamv/base_link; world_frame=camera_init
2026-09-02T10:25:39+0800,113.768,plan_received,id=52; source=/received_global_plan; points=12; frame=wamv/wamv/base_link; world_frame=camera_init
2026-09-02T10:25:39+0800,113.868,plan_received,id=52; source=/received_global_plan; points=12; frame=wamv/wamv/base_link; world_frame=camera_init
2026-09-02T10:25:39+0800,113.968,plan_received,id=52; source=/received_global_plan; points=12; frame=wamv/wamv/base_link; world_frame=camera_init
2026-09-02T10:25:39+0800,114.069,plan_received,id=52; source=/received_global_plan; points=12; frame=wamv/wamv/base_link; world_frame=camera_init
2026-09-02T10:25:39+0800,114.168,plan_received,id=52; source=/received_global_plan; points=12; frame=wamv/wamv/base_link; world_frame=camera_init
2026-09-02T10:25:39+0800,114.269,plan_received,id=52; source=/received_global_plan; points=12; frame=wamv/wamv/base_link; world_frame=camera_init
2026-09-02T10:25:39+0800,114.368,plan_received,id=52; source=/received_global_plan; points=12; frame=wamv/wamv/base_link; world_frame=camera_init
2026-09-02T10:25:39+0800,114.469,plan_received,id=52; source=/received_global_plan; points=12; frame=wamv/wamv/base_link; world_frame=camera_init
2026-09-02T10:25:40+0800,114.568,plan_received,id=52; source=/received_global_plan; points=12; frame=wamv/wamv/base_link; world_frame=camera_init
2026-09-02T10:25:40+0800,114.668,plan_received,id=52; source=/received_global_plan; points=12; frame=wamv/wamv/base_link; world_frame=camera_init
2026-09-02T10:25:40+0800,114.769,plan_received,id=52; source=/received_global_plan; points=12; frame=wamv/wamv/base_link; world_frame=camera_init
2026-09-02T10:25:40+0800,114.869,plan_received,id=52; source=/received_global_plan; points=12; frame=wamv/wamv/base_link; world_frame=camera_init
2026-09-02T10:25:40+0800,114.968,plan_received,id=52; source=/received_global_plan; points=12; frame=wamv/wamv/base_link; world_frame=camera_init
2026-09-02T10:25:40+0800,115.068,plan_received,id=52; source=/received_global_plan; points=12; frame=wamv/wamv/base_link; world_frame=camera_init
2026-09-02T10:25:40+0800,115.169,plan_received,id=52; source=/received_global_plan; points=12; frame=wamv/wamv/base_link; world_frame=camera_init
2026-09-02T10:25:40+0800,115.268,plan_received,id=52; source=/received_global_plan; points=12; frame=wamv/wamv/base_link; world_frame=camera_init
2026-09-02T10:25:40+0800,115.368,plan_received,id=52; source=/received_global_plan; points=12; frame=wamv/wamv/base_link; world_frame=camera_init
2026-09-02T10:25:40+0800,115.468,plan_received,id=52; source=/received_global_plan; points=12; frame=wamv/wamv/base_link; world_frame=camera_init
2026-09-02T10:25:41+0800,115.713,goal_status,SUCCEEDED code=4; status_seq=4
2026-09-02T10:25:48+0800,123.154,recorder_stopped,
