t,pose_x,pose_y,pose_yaw,goal_x,goal_y,goal_active,des_vx,des_wz,act_vx,act_wz,crosstrack_err,along_err,heading_err,mode,obstacle_pts,left_thrust,right_thrust,safety_stop,path_min_clearance,path_length,raw_obstacle_pts,safety_cloud_pts,lio_input_pts,registered_pts,dynamic_track_count,dynamic_point_count,dynamic_max_speed,goal_accepted,goal_status,goal_result_code
0.201,0.000,0.000,0.0000,0.000,0.000,0,0.000,0.000,0.000,0.000,0.000,0.000,0.0000,PLAN,0,0.000,0.000,0,nan,0.000,0,0,0,0,0,0,0.000,0,IDLE code=0,0
0.401,0.000,0.000,0.0000,0.000,0.000,0,0.000,0.000,0.000,0.000,0.000,0.000,0.0000,PLAN,0,0.000,0.000,0,nan,0.000,3066,3066,0,0,0,0,0.000,0,IDLE code=0,0
0.601,0.000,0.000,0.0000,0.000,0.000,0,0.000,0.000,0.000,0.000,0.000,0.000,0.0000,PLAN,0,0.000,0.000,0,nan,0.000,3042,3042,0,0,0,0,0.000,0,IDLE code=0,0
0.801,-0.089,0.117,-0.0008,0.000,0.000,0,0.000,0.000,-0.001,-0.011,0.000,0.000,0.0000,PLAN,0,0.000,0.000,0,nan,0.000,3042,3042,0,7483,0,0,0.000,0,IDLE code=0,0
1.000,-0.089,0.117,-0.0008,0.000,0.000,0,0.000,0.000,-0.001,-0.011,0.000,0.000,0.0000,PLAN,408,0.000,0.000,0,nan,0.000,3038,3038,0,7483,0,0,0.000,0,IDLE code=0,0
1.201,-0.089,0.117,-0.0008,0.000,0.000,0,0.000,0.000,-0.001,-0.011,0.000,0.000,0.0000,PLAN,408,0.000,0.000,0,nan,0.000,3042,3042,22039,7483,0,0,0.000,0,IDLE code=0,0
1.400,-0.090,0.111,0.0000,0.000,0.000,0,0.000,0.000,-0.002,-0.007,0.000,0.000,0.0000,PLAN,408,0.000,0.000,0,nan,0.000,3051,3051,22039,7483,0,0,0.000,0,IDLE code=0,0
1.601,-0.090,0.107,-0.0014,0.000,0.000,0,0.000,0.000,-0.002,-0.007,0.000,0.000,0.0000,PLAN,409,0.000,0.000,0,nan,0.000,3056,3056,22064,7503,0,0,0.000,0,IDLE code=0,0
1.801,-0.091,0.108,-0.0003,0.000,0.000,0,0.000,0.000,-0.001,-0.006,0.000,0.000,0.0000,PLAN,432,0.000,0.000,0,nan,0.000,3056,3056,22064,7511,0,0,0.000,0,IDLE code=0,0
2.001,-0.091,0.108,-0.0003,0.000,0.000,0,0.000,0.000,-0.001,-0.006,0.000,0.000,0.0000,PLAN,432,0.000,0.000,0,nan,0.000,3056,3056,22064,7511,0,0,0.000,0,IDLE code=0,0
2.201,-0.091,0.108,-0.0003,0.000,0.000,0,0.000,0.000,-0.001,-0.006,0.000,0.000,0.0000,PLAN,432,0.000,0.000,0,nan,0.000,3051,3051,22064,7511,0,0,0.000,0,IDLE code=0,0
2.400,-0.109,0.104,-0.0021,0.000,0.000,0,0.000,0.000,-0.003,-0.001,0.000,0.000,0.0000,PLAN,432,0.000,0.000,0,nan,0.000,2973,2973,22209,7511,0,0,0.000,0,IDLE code=0,0
2.601,-0.109,0.104,-0.0021,0.000,0.000,0,0.000,0.000,-0.003,-0.001,0.000,0.000,0.0000,PLAN,432,0.000,0.000,0,nan,0.000,2973,2973,22209,7511,0,0,0.000,0,IDLE code=0,0
2.801,-0.111,0.106,-0.0007,0.000,0.000,0,0.000,0.000,0.000,-0.007,0.000,0.000,0.0000,PLAN,432,0.000,0.000,0,nan,0.000,2938,2938,22209,7511,0,0,0.000,0,IDLE code=0,0
3.000,-0.131,0.113,0.0001,0.000,0.000,0,0.000,0.000,0.001,-0.001,0.000,0.000,0.0000,PLAN,431,0.000,0.000,0,nan,0.000,2920,2920,22339,7686,0,0,0.000,0,IDLE code=0,0
3.201,-0.137,0.114,0.0000,0.000,0.000,0,0.000,0.000,0.001,-0.014,0.000,0.000,0.0000,PLAN,431,0.000,0.000,0,nan,0.000,2920,2920,22339,7700,0,0,0.000,0,IDLE code=0,0
3.400,-0.137,0.114,0.0000,0.000,0.000,0,0.000,0.000,0.001,-0.014,0.000,0.000,0.0000,PLAN,416,0.000,0.000,0,nan,0.000,2917,2917,22339,7700,0,0,0.000,0,IDLE code=0,0
3.600,-0.135,0.114,-0.0029,0.000,0.000,0,0.000,0.000,0.012,-0.013,0.000,0.000,0.0000,PLAN,416,0.000,0.000,0,nan,0.000,2917,2917,22389,7700,0,0,0.000,0,IDLE code=0,0
3.801,-0.148,0.118,0.0001,20.000,0.000,1,0.150,-0.053,0.001,0.007,0.005,-0.006,-0.0059,PLAN,408,3.982,0.000,0,8.373,20.152,2932,2932,22403,7690,0,0,0.000,0,EXECUTING code=2,2
4.001,-0.151,0.120,-0.0015,20.000,0.000,1,0.350,-0.051,0.003,-0.009,0.007,-0.009,-0.0044,PLAN,408,26.113,17.699,0,8.373,20.152,2932,2932,22403,7690,0,0,0.000,0,EXECUTING code=2,2
4.201,-0.153,0.121,0.0001,20.000,0.000,1,0.550,-0.053,0.002,0.021,0.008,-0.011,-0.0061,PLAN,412,48.008,39.492,0,8.398,20.152,2932,2932,22403,7696,0,0,0.000,0,EXECUTING code=2,2
4.401,-0.153,0.121,0.0001,20.000,0.000,1,0.600,-0.053,0.002,0.021,0.008,-0.011,-0.0061,PLAN,412,61.102,52.586,0,8.398,20.152,2932,2932,22403,7696,0,0,0.000,0,EXECUTING code=2,2
4.600,-0.157,0.121,-0.0034,20.000,0.000,1,0.600,-0.051,0.018,-0.009,0.008,-0.015,-0.0026,PLAN,412,61.102,52.586,0,8.398,20.152,2962,2962,22419,7696,0,0,0.000,0,EXECUTING code=2,2
4.801,-0.154,0.124,-0.0027,20.000,0.000,1,0.600,-0.052,0.011,0.005,0.011,-0.012,-0.0035,PLAN,413,61.063,52.625,0,8.408,20.152,2962,2962,22419,7692,0,0,0.000,0,EXECUTING code=2,2
5.001,-0.147,0.125,-0.0033,20.000,0.000,1,0.600,-0.052,0.010,0.003,0.012,-0.006,-0.0029,PLAN,414,61.028,52.660,0,9.295,20.152,2972,2972,22279,7736,0,0,0.000,0,EXECUTING code=2,2
5.201,-0.143,0.125,-0.0037,20.000,0.000,1,0.600,-0.052,0.007,-0.017,0.012,-0.001,-0.0025,PLAN,425,61.082,52.606,0,8.445,20.152,3009,3009,22179,7633,0,0,0.000,0,EXECUTING code=2,2
5.402,-0.128,0.125,-0.0060,20.000,0.000,1,0.600,-0.051,0.005,-0.006,0.012,0.014,-0.0003,PLAN,425,61.013,52.675,0,8.445,20.152,3009,3009,22179,7585,0,0,0.000,0,EXECUTING code=2,2
5.601,-0.128,0.125,-0.0060,20.000,0.000,1,0.600,-0.051,0.005,-0.006,0.012,0.014,-0.0002,PLAN,428,60.955,52.733,0,8.512,20.152,3009,3009,22179,7585,0,0,0.000,0,EXECUTING code=2,2
5.801,-0.128,0.125,-0.0060,20.000,0.000,1,0.600,-0.051,0.005,-0.006,0.012,0.014,-0.0002,PLAN,428,60.955,52.733,0,8.512,20.152,3079,3079,22013,7585,0,0,0.000,0,EXECUTING code=2,2
6.001,-0.128,0.125,-0.0060,20.000,0.000,1,0.600,-0.051,0.005,-0.006,0.012,0.014,-0.0002,PLAN,428,60.955,52.733,0,8.512,20.152,3042,3042,21934,7585,0,0,0.000,0,EXECUTING code=2,2
6.201,-0.028,0.123,-0.0134,20.000,0.000,1,0.600,-0.051,0.004,-0.009,0.011,0.113,0.0072,PLAN,418,61.076,52.612,0,8.650,20.152,3020,3020,21850,7494,0,0,0.000,0,EXECUTING code=2,2
6.400,0.007,0.117,-0.0128,20.000,0.000,1,0.600,-0.047,0.002,-0.018,0.005,0.149,0.0070,PLAN,416,60.642,53.046,0,8.603,20.152,3020,3020,21850,7467,0,0,0.000,0,EXECUTING code=2,2
6.600,0.007,0.117,-0.0128,20.000,0.000,1,0.600,-0.047,0.002,-0.018,0.005,0.149,0.0070,PLAN,416,60.642,53.046,0,8.603,20.152,2921,2921,21850,7467,0,0,0.000,0,EXECUTING code=2,2
6.800,0.007,0.117,-0.0128,20.000,0.000,1,0.600,-0.047,0.002,-0.018,0.005,0.149,0.0070,PLAN,416,60.642,53.046,0,8.603,20.152,2921,2921,21850,7467,0,0,0.000,0,EXECUTING code=2,2
7.000,0.007,0.117,-0.0128,20.000,0.000,1,0.600,-0.047,0.002,-0.018,0.005,0.149,0.0070,PLAN,416,60.642,53.046,0,8.603,20.152,2921,2921,21850,7467,0,0,0.000,0,EXECUTING code=2,2
7.200,0.007,0.117,-0.0128,20.000,0.000,1,0.600,-0.047,0.002,-0.018,0.005,0.149,0.0070,PLAN,416,60.642,53.046,0,8.603,20.152,2921,2921,21850,7467,0,0,0.000,0,EXECUTING code=2,2
7.401,0.007,0.117,-0.0128,20.000,0.000,1,0.600,-0.047,0.002,-0.018,0.005,0.149,0.0070,PLAN,416,60.642,53.046,0,8.603,20.152,2921,2921,21850,7467,0,0,0.000,0,EXECUTING code=2,2
7.601,0.007,0.117,-0.0128,20.000,0.000,1,0.600,-0.047,0.002,-0.018,0.005,0.149,0.0070,PLAN,416,60.642,53.046,0,8.603,20.152,2921,2921,21850,7467,0,0,0.000,0,EXECUTING code=2,2
7.800,0.007,0.117,-0.0128,20.000,0.000,1,0.600,0.004,0.002,-0.018,0.005,0.149,0.0070,PLAN,416,56.504,57.184,0,8.752,19.994,2921,2921,21850,7467,0,0,0.000,0,EXECUTING code=2,2
8.001,0.615,0.126,-0.0268,20.000,0.000,1,0.600,-0.027,0.003,-0.004,0.017,0.757,0.0203,PLAN,416,59.018,54.670,0,8.752,19.994,2770,2770,21474,7467,0,0,0.000,0,EXECUTING code=2,2
8.200,0.656,0.122,-0.0195,20.000,0.000,1,0.600,0.011,0.000,-0.013,0.013,0.798,0.0132,PLAN,374,55.312,58.376,0,9.311,19.994,2757,2757,21456,7419,0,0,0.000,0,EXECUTING code=2,2
8.401,0.692,0.096,-0.0321,20.000,0.000,1,0.600,0.021,0.001,0.011,0.013,0.834,0.0272,PLAN,404,55.536,58.152,0,9.069,19.994,2756,2756,21456,7421,0,0,0.000,0,EXECUTING code=2,2
8.600,0.692,0.096,-0.0321,20.000,0.000,1,0.600,0.021,0.001,0.011,0.013,0.834,0.0272,PLAN,404,55.141,58.547,0,9.069,19.994,2756,2756,21456,7421,0,0,0.000,0,EXECUTING code=2,2
8.800,0.692,0.096,-0.0321,20.000,0.000,1,0.600,0.021,0.001,0.011,0.013,0.834,0.0272,PLAN,404,55.141,58.547,0,9.069,19.994,2706,2706,21456,7421,0,0,0.000,0,EXECUTING code=2,2
9.000,0.807,0.163,-0.0209,20.000,0.000,1,0.600,-0.005,0.010,-0.011,0.055,0.948,0.0124,PLAN,404,55.141,58.547,0,9.069,19.994,2671,2671,21368,7421,0,0,0.000,0,EXECUTING code=2,2
9.201,0.891,0.104,-0.0365,20.000,0.000,1,0.600,0.021,0.005,-0.005,0.003,1.033,0.0310,PLAN,422,55.160,58.528,0,9.479,19.994,2671,2671,21368,7426,0,0,0.000,0,EXECUTING code=2,2
9.400,0.895,0.100,-0.0198,20.000,0.000,1,0.600,0.021,0.012,-0.015,0.007,1.037,0.0146,PLAN,422,55.160,58.528,0,9.479,19.994,2635,2635,21270,7426,0,0,0.000,0,EXECUTING code=2,2
9.601,0.962,0.110,-0.0347,20.000,0.000,1,0.600,0.018,0.003,-0.006,0.003,1.104,0.0290,PLAN,403,55.391,58.297,0,9.436,19.994,2632,2632,21214,7436,0,0,0.000,0,EXECUTING code=2,2
9.800,1.010,0.112,-0.0351,20.000,0.000,1,0.600,0.014,0.003,-0.005,0.006,1.152,0.0292,PLAN,403,56.694,56.994,0,9.436,19.994,2632,2632,21214,7411,0,0,0.000,0,EXECUTING code=2,2
10.000,1.049,0.122,-0.0307,20.000,0.000,1,0.600,0.002,0.002,-0.001,0.015,1.191,0.0243,PLAN,404,56.699,56.989,0,9.506,19.994,2600,2600,21156,7411,0,0,0.000,0,EXECUTING code=2,2
10.201,1.055,0.118,-0.0337,20.000,0.000,1,0.600,0.015,0.002,-0.011,0.012,1.196,0.0274,PLAN,384,55.663,58.025,0,9.491,19.994,2600,2600,21156,7372,0,0,0.000,0,EXECUTING code=2,2
10.401,1.055,0.118,-0.0337,20.000,0.000,1,0.600,0.015,0.002,-0.011,0.012,1.196,0.0274,PLAN,384,55.663,58.025,0,9.491,19.994,2517,2517,21156,7372,0,0,0.000,0,EXECUTING code=2,2
10.600,1.055,0.118,-0.0337,20.000,0.000,1,0.600,0.015,0.002,-0.011,0.012,1.196,0.0274,PLAN,384,55.663,58.025,0,9.491,19.994,2517,2517,21156,7372,0,0,0.000,0,EXECUTING code=2,2
10.801,1.055,0.118,-0.0337,20.000,0.000,1,0.600,0.015,0.002,-0.011,0.012,1.196,0.0274,PLAN,384,55.663,58.025,0,9.491,19.994,2517,2517,21156,7372,0,0,0.000,0,EXECUTING code=2,2
11.000,1.055,0.118,-0.0337,20.000,0.000,1,0.600,0.015,0.002,-0.011,0.012,1.196,0.0274,PLAN,384,55.663,58.025,0,9.491,19.994,2399,2399,21156,7372,0,0,0.000,0,EXECUTING code=2,2
11.201,1.055,0.118,-0.0337,20.000,0.000,1,0.600,0.015,0.002,-0.011,0.012,1.196,0.0274,PLAN,384,55.663,58.025,0,9.491,19.994,2337,2337,21156,7372,0,0,0.000,0,EXECUTING code=2,2
11.400,1.055,0.118,-0.0337,20.000,0.000,1,0.600,0.015,0.002,-0.011,0.012,1.196,0.0274,PLAN,384,55.663,58.025,0,9.491,19.994,2250,2250,21156,7372,0,0,0.000,0,EXECUTING code=2,2
11.601,1.055,0.118,-0.0337,20.000,0.000,1,0.600,0.015,0.002,-0.011,0.012,1.196,0.0274,PLAN,384,55.663,58.025,0,9.491,19.994,2250,2250,21156,7372,0,0,0.000,0,EXECUTING code=2,2
11.800,1.922,0.352,-0.0267,20.000,0.000,1,0.600,0.017,0.048,0.003,0.251,2.062,0.0072,PLAN,384,55.663,58.025,0,10.346,18.946,2185,2185,20042,7372,0,0,0.000,0,EXECUTING code=2,2
12.000,2.291,0.295,-0.0252,20.000,0.000,1,0.572,-0.044,0.001,0.003,0.196,2.431,0.0085,PLAN,345,56.552,49.486,0,9.768,18.946,2151,2151,20042,7016,0,0,0.000,0,EXECUTING code=2,2
12.202,2.291,0.295,-0.0252,20.000,0.000,1,0.600,-0.044,0.001,0.003,0.196,2.431,0.0085,PLAN,345,60.377,53.311,0,9.768,18.946,2151,2151,20042,7016,0,0,0.000,0,EXECUTING code=2,2
12.400,2.291,0.295,-0.0252,20.000,0.000,1,0.600,-0.044,0.001,0.003,0.196,2.431,0.0085,PLAN,345,60.377,53.311,0,9.768,18.946,2151,2151,20042,7016,0,0,0.000,0,EXECUTING code=2,2
12.601,2.291,0.295,-0.0252,20.000,0.000,1,0.600,-0.044,0.001,0.003,0.196,2.431,0.0085,PLAN,345,60.377,53.311,0,9.768,18.946,2087,2087,20042,7016,0,0,0.000,0,EXECUTING code=2,2
12.800,2.291,0.295,-0.0252,20.000,0.000,1,0.600,-0.044,0.001,0.003,0.196,2.431,0.0085,PLAN,345,60.377,53.311,0,9.768,18.946,2063,2063,20042,7016,0,0,0.000,0,EXECUTING code=2,2
13.000,2.291,0.295,-0.0252,20.000,0.000,1,0.600,-0.044,0.001,0.003,0.196,2.431,0.0085,PLAN,345,60.377,53.311,0,9.768,18.946,2039,2039,20042,7016,0,0,0.000,0,EXECUTING code=2,2
13.201,2.291,0.295,-0.0252,20.000,0.000,1,0.600,-0.044,0.001,0.003,0.196,2.431,0.0085,PLAN,345,60.377,53.311,0,9.768,18.946,2019,2019,20042,7016,0,0,0.000,0,EXECUTING code=2,2
13.400,2.291,0.295,-0.0252,20.000,0.000,1,0.600,-0.044,0.001,0.003,0.196,2.431,0.0085,PLAN,345,60.377,53.311,0,9.768,18.946,2000,2000,20042,7016,0,0,0.000,0,EXECUTING code=2,2
13.601,2.291,0.295,-0.0252,20.000,0.000,1,0.600,-0.044,0.001,0.003,0.196,2.431,0.0085,PLAN,345,60.377,53.311,0,9.768,18.946,2000,2000,20042,7016,0,0,0.000,0,EXECUTING code=2,2
13.801,2.547,0.848,-0.0292,20.000,0.000,1,0.550,-0.100,-0.000,-0.009,0.750,2.684,-0.0193,PLAN,345,58.116,42.116,0,9.768,18.946,2020,2020,19936,7016,0,0,0.000,0,EXECUTING code=2,2
14.000,2.931,0.660,-0.0109,20.000,0.000,1,0.392,-0.100,0.000,0.005,0.564,3.069,-0.0278,PLAN,198,45.746,29.746,0,16.462,18.946,2030,2030,19940,7075,0,0,0.000,0,EXECUTING code=2,2
14.201,2.938,0.645,-0.0224,20.000,0.000,1,0.362,-0.100,-0.004,-0.018,0.550,3.077,-0.0154,PLAN,260,38.001,22.001,0,10.080,18.946,2030,2030,19940,7087,0,0,0.000,0,EXECUTING code=2,2
14.402,2.980,0.628,-0.0190,20.000,0.000,1,0.394,-0.100,-0.005,-0.018,0.533,3.119,-0.0179,PLAN,268,39.466,23.466,0,10.935,18.946,2021,2021,19940,7083,0,0,0.000,0,EXECUTING code=2,2
14.601,2.980,0.628,-0.0190,20.000,0.000,1,0.402,-0.100,-0.005,-0.018,0.533,3.119,-0.0179,PLAN,268,40.291,24.291,0,10.935,18.946,2052,2052,19940,7083,0,0,0.000,0,EXECUTING code=2,2
14.801,2.980,0.628,-0.0190,20.000,0.000,1,0.402,-0.100,-0.005,-0.018,0.533,3.119,-0.0179,PLAN,268,40.291,24.291,0,10.935,18.946,2052,2052,19940,7083,0,0,0.000,0,EXECUTING code=2,2
15.001,2.980,0.628,-0.0190,20.000,0.000,1,0.402,-0.100,-0.005,-0.018,0.533,3.119,-0.0179,PLAN,268,40.291,24.291,0,10.935,18.946,2052,2052,19940,7083,0,0,0.000,0,EXECUTING code=2,2
15.200,2.980,0.628,-0.0190,20.000,0.000,1,0.402,-0.100,-0.005,-0.018,0.533,3.119,-0.0179,PLAN,268,40.291,24.291,0,10.935,18.946,2052,2052,19940,7083,0,0,0.000,0,EXECUTING code=2,2
15.400,2.980,0.628,-0.0190,20.000,0.000,1,0.402,-0.100,-0.005,-0.018,0.533,3.119,-0.0179,PLAN,268,40.291,24.291,0,10.935,18.946,2044,2044,19687,7083,0,0,0.000,0,EXECUTING code=2,2
15.601,3.411,0.775,-0.0263,20.000,0.000,1,0.330,-0.100,0.002,-0.015,0.682,3.549,-0.0204,PLAN,216,32.853,16.853,0,10.304,18.946,2044,2044,19618,7001,0,0,0.000,0,EXECUTING code=2,2
15.800,3.423,0.800,-0.0220,20.000,0.000,1,0.357,-0.025,0.002,-0.016,0.707,3.561,-0.0263,PLAN,317,30.581,14.581,0,12.224,16.616,2044,2044,19618,6961,0,0,0.000,0,EXECUTING code=2,2
16.001,3.427,0.801,-0.0350,20.000,0.000,1,0.557,-0.010,-0.013,-0.031,0.708,3.565,-0.0133,PLAN,316,51.847,50.249,0,12.245,16.616,1988,1988,19518,6957,0,0,0.000,0,EXECUTING code=2,2
16.201,3.503,0.797,-0.0321,20.000,0.000,1,0.600,-0.006,0.004,-0.009,0.704,3.641,-0.0162,PLAN,315,57.285,56.403,0,12.268,16.616,1986,1986,19511,6929,0,0,0.000,0,EXECUTING code=2,2
16.400,3.514,0.794,-0.0380,20.000,0.000,1,0.600,-0.006,0.004,-0.024,0.701,3.652,-0.0101,PLAN,304,57.605,56.083,0,12.355,16.616,1986,1986,19511,6962,0,0,0.000,0,EXECUTING code=2,2
16.601,3.555,0.798,-0.0378,20.000,0.000,1,0.600,-0.014,0.010,-0.024,0.706,3.693,-0.0107,PLAN,304,57.293,56.395,0,12.355,16.616,1981,1981,19397,6962,0,0,0.000,0,EXECUTING code=2,2
16.801,3.592,0.796,-0.0310,20.000,0.000,1,0.600,-0.003,0.013,-0.010,0.704,3.730,-0.0174,PLAN,317,57.077,56.611,0,12.389,16.616,1981,1981,19320,6885,0,0,0.000,0,EXECUTING code=2,2
17.001,3.631,0.795,-0.0309,20.000,0.000,1,0.600,-0.006,0.005,-0.031,0.703,3.769,-0.0176,PLAN,310,57.283,56.405,0,12.339,16.616,1892,1892,19126,6810,0,0,0.000,0,EXECUTING code=2,2
17.201,3.661,0.792,-0.0425,20.000,0.000,1,0.600,-0.012,0.006,-0.017,0.701,3.799,-0.0059,PLAN,300,57.144,56.544,0,12.542,16.616,1875,1875,19037,6785,0,0,0.000,0,EXECUTING code=2,2
17.400,3.691,0.789,-0.0458,20.000,0.000,1,0.600,-0.003,0.002,-0.030,0.698,3.829,-0.0025,PLAN,299,56.905,56.783,0,12.763,16.616,1851,1851,18993,6733,0,0,0.000,0,EXECUTING code=2,2
17.600,3.726,0.791,-0.0466,20.000,0.000,1,0.600,-0.003,0.004,0.003,0.700,3.864,-0.0020,PLAN,302,57.912,55.776,0,12.889,16.616,1822,1822,18951,6698,0,0,0.000,0,EXECUTING code=2,2
17.800,3.761,0.796,-0.0475,20.000,0.000,1,0.600,-0.005,0.004,-0.001,0.705,3.899,-0.0015,PLAN,302,57.060,56.628,0,12.889,16.616,1822,1822,18951,6698,0,0,0.000,0,EXECUTING code=2,2
18.001,3.761,0.796,-0.0475,20.000,0.000,1,0.600,-0.004,0.004,-0.001,0.705,3.899,-0.0015,PLAN,293,57.179,56.509,0,12.821,16.616,1822,1822,18951,6692,0,0,0.000,0,EXECUTING code=2,2
18.201,3.839,0.835,-0.0317,20.000,0.000,1,0.600,-0.018,0.020,-0.015,0.745,3.977,-0.0200,PLAN,293,57.179,56.509,0,12.821,16.616,1611,1611,18871,6692,0,0,0.000,0,EXECUTING code=2,2
18.401,3.875,0.824,-0.0355,20.000,0.000,1,0.600,-0.013,0.004,-0.005,0.733,4.013,-0.0155,PLAN,220,57.842,55.846,0,18.108,16.616,1597,1597,18814,6673,0,0,0.000,0,EXECUTING code=2,2
18.601,3.893,0.836,-0.0493,20.000,0.000,1,0.600,-0.017,0.002,-0.007,0.745,4.030,-0.0026,PLAN,179,58.230,55.458,0,19.112,16.616,1594,1594,18814,6683,0,0,0.000,0,EXECUTING code=2,2
18.801,3.893,0.836,-0.0493,20.000,0.000,1,0.600,-0.017,0.002,-0.007,0.745,4.030,-0.0026,PLAN,179,58.191,55.497,0,19.112,16.616,1594,1594,18814,6683,0,0,0.000,0,EXECUTING code=2,2
19.000,3.893,0.836,-0.0493,20.000,0.000,1,0.600,-0.017,0.002,-0.007,0.745,4.030,-0.0026,PLAN,179,58.191,55.497,0,19.112,16.616,1576,1576,18814,6683,0,0,0.000,0,EXECUTING code=2,2
19.201,3.893,0.836,-0.0493,20.000,0.000,1,0.600,-0.017,0.002,-0.007,0.745,4.030,-0.0026,PLAN,179,58.191,55.497,0,19.112,16.616,1576,1576,18814,6683,0,0,0.000,0,EXECUTING code=2,2
19.401,4.210,0.968,-0.0264,20.000,0.000,1,0.600,-0.041,0.027,0.001,0.879,4.347,-0.0348,PLAN,179,60.104,53.584,0,19.112,16.616,1546,1546,18919,6683,0,0,0.000,0,EXECUTING code=2,2
19.600,4.284,0.913,-0.0525,20.000,0.000,1,0.600,-0.043,0.006,-0.007,0.824,4.421,-0.0055,PLAN,138,60.316,53.372,0,19.381,16.616,1546,1546,18919,6757,0,0,0.000,0,EXECUTING code=2,2
19.801,4.284,0.913,-0.0525,20.000,0.000,1,0.600,-0.043,0.006,-0.007,0.824,4.421,-0.0055,PLAN,138,60.323,53.365,0,20.220,15.742,1546,1546,18919,6757,0,0,0.000,0,EXECUTING code=2,2
20.001,4.388,0.969,-0.0568,20.000,0.000,1,0.600,-0.039,0.008,-0.005,0.882,4.525,-0.0052,PLAN,138,57.002,56.686,0,20.220,15.742,1546,1546,18910,6757,0,0,0.000,0,EXECUTING code=2,2
20.201,4.428,0.960,-0.0381,20.000,0.000,1,0.600,-0.020,0.002,-0.005,0.873,4.565,-0.0234,PLAN,142,58.123,55.565,0,20.208,15.742,1501,1501,18868,6773,0,0,0.000,0,EXECUTING code=2,2
20.400,4.450,0.960,-0.0581,20.000,0.000,1,0.600,-0.016,0.002,-0.012,0.873,4.587,-0.0036,PLAN,101,58.765,54.923,0,20.234,15.742,1479,1479,18867,6741,0,0,0.000,0,EXECUTING code=2,2
20.600,4.489,0.964,-0.0583,20.000,0.000,1,0.600,-0.018,0.002,-0.003,0.877,4.626,-0.0038,PLAN,104,58.885,54.803,0,20.311,15.742,1458,1458,18867,6775,0,0,0.000,0,EXECUTING code=2,2
20.801,4.526,0.966,-0.0539,20.000,0.000,1,0.600,-0.018,0.023,-0.005,0.879,4.663,-0.0084,PLAN,104,58.267,55.421,0,20.311,15.742,1455,1455,18806,6775,0,0,0.000,0,EXECUTING code=2,2
21.001,4.558,0.977,-0.0573,20.000,0.000,1,0.600,-0.023,0.004,0.001,0.890,4.695,-0.0059,PLAN,104,60.002,53.686,0,20.311,15.742,1451,1451,18806,6775,0,0,0.000,0,EXECUTING code=2,2
21.200,4.558,0.977,-0.0573,20.000,0.000,1,0.600,-0.023,0.004,0.001,0.890,4.695,-0.0059,PLAN,104,58.713,54.975,0,20.311,15.742,1438,1438,18806,6775,0,0,0.000,0,EXECUTING code=2,2
21.401,4.558,0.977,-0.0573,20.000,0.000,1,0.600,-0.023,0.004,0.001,0.890,4.695,-0.0059,PLAN,104,58.713,54.975,0,20.311,15.742,1438,1438,18806,6775,0,0,0.000,0,EXECUTING code=2,2
21.601,4.558,0.977,-0.0573,20.000,0.000,1,0.600,-0.023,0.004,0.001,0.890,4.695,-0.0059,PLAN,104,58.713,54.975,0,20.311,15.742,1407,1407,18806,6775,0,0,0.000,0,EXECUTING code=2,2
21.800,4.558,0.977,-0.0573,20.000,0.000,1,0.600,-0.023,0.004,0.001,0.890,4.695,-0.0059,PLAN,104,58.713,54.975,0,20.311,15.742,1400,1400,18806,6775,0,0,0.000,0,EXECUTING code=2,2
22.000,4.558,0.977,-0.0573,20.000,0.000,1,0.600,-0.023,0.004,0.001,0.890,4.695,-0.0059,PLAN,104,58.713,54.975,0,20.311,15.742,1400,1400,18806,6775,0,0,0.000,0,EXECUTING code=2,2
22.200,4.952,1.071,-0.0855,20.000,0.000,1,0.600,-0.023,0.047,-0.009,0.986,5.088,0.0145,PLAN,104,58.713,54.975,0,20.311,15.742,1372,1372,18356,6775,0,0,0.000,0,EXECUTING code=2,2
22.400,5.207,1.149,-0.0574,20.000,0.000,1,0.550,-0.091,0.007,-0.003,1.066,5.343,-0.0201,PLAN,82,57.434,42.798,0,23.000,15.742,1372,1372,18248,6602,0,0,0.000,0,EXECUTING code=2,2
22.601,5.283,1.101,-0.0388,20.000,0.000,1,0.600,-0.084,0.000,0.000,1.018,5.420,-0.0359,PLAN,69,63.875,49.813,0,20.728,15.742,1372,1372,18248,6502,0,0,0.000,0,EXECUTING code=2,2
22.801,5.283,1.101,-0.0388,20.000,0.000,1,0.600,-0.084,0.000,0.000,1.018,5.420,-0.0359,PLAN,69,63.559,50.129,0,20.728,15.742,1372,1372,18248,6502,0,0,0.000,0,EXECUTING code=2,2
23.000,5.283,1.101,-0.0388,20.000,0.000,1,0.600,-0.084,0.000,0.000,1.018,5.420,-0.0359,PLAN,69,63.559,50.129,0,20.728,15.742,1360,1360,17946,6502,0,0,0.000,0,EXECUTING code=2,2
23.201,5.394,1.028,-0.0555,20.000,0.000,1,0.600,-0.084,0.004,-0.030,0.946,5.531,-0.0147,PLAN,69,63.559,50.129,0,20.728,15.742,1360,1360,17946,6502,0,0,0.000,0,EXECUTING code=2,2
23.400,5.447,1.010,-0.0914,20.000,0.000,1,0.600,-0.048,0.003,-0.015,0.929,5.583,0.0221,PLAN,139,60.646,53.042,0,14.271,15.742,1338,1338,17829,6363,0,0,0.000,0,EXECUTING code=2,2
23.601,5.530,1.056,-0.0521,20.000,0.000,1,0.600,-0.067,0.004,-0.008,0.975,5.666,-0.0207,PLAN,52,62.201,51.487,0,21.065,15.742,1338,1338,17829,6387,0,0,0.000,0,EXECUTING code=2,2
23.801,5.530,1.056,-0.0521,20.000,0.000,1,0.600,-0.067,0.004,-0.008,0.975,5.666,-0.0207,PLAN,52,62.194,51.494,0,22.275,14.509,1335,1335,17760,6387,0,0,0.000,0,EXECUTING code=2,2
24.001,5.617,1.041,-0.0648,20.000,0.000,1,0.600,-0.003,0.005,-0.020,0.960,5.753,-0.0074,PLAN,99,56.781,56.907,0,15.594,14.509,1335,1335,17760,6299,0,0,0.000,0,EXECUTING code=2,2
24.200,5.617,1.041,-0.0648,20.000,0.000,1,0.600,-0.001,0.005,-0.020,0.960,5.753,-0.0074,PLAN,99,56.910,56.778,0,15.594,14.509,1335,1335,17760,6299,0,0,0.000,0,EXECUTING code=2,2
24.400,5.696,1.087,-0.0581,20.000,0.000,1,0.600,0.011,0.014,-0.022,1.007,5.833,-0.0178,PLAN,99,55.972,57.716,0,15.594,14.509,1320,1320,17760,6299,0,0,0.000,0,EXECUTING code=2,2
24.601,5.710,1.077,-0.0701,20.000,0.000,1,0.600,-0.010,0.006,-0.009,0.997,5.847,-0.0051,PLAN,58,57.658,56.030,0,22.493,14.509,1320,1320,17760,6425,0,0,0.000,0,EXECUTING code=2,2
24.801,5.710,1.077,-0.0701,20.000,0.000,1,0.600,-0.010,0.006,-0.009,0.997,5.847,-0.0051,PLAN,58,57.658,56.030,0,22.493,14.509,1320,1320,17760,6425,0,0,0.000,0,EXECUTING code=2,2
25.000,5.710,1.077,-0.0701,20.000,0.000,1,0.600,-0.010,0.006,-0.009,0.997,5.847,-0.0051,PLAN,58,57.658,56.030,0,22.493,14.509,1283,1283,17760,6425,0,0,0.000,0,EXECUTING code=2,2
25.201,5.710,1.077,-0.0701,20.000,0.000,1,0.600,-0.010,0.006,-0.009,0.997,5.847,-0.0051,PLAN,58,57.658,56.030,0,22.493,14.509,1283,1283,17760,6425,0,0,0.000,0,EXECUTING code=2,2
25.400,5.973,1.037,-0.0765,20.000,0.000,1,0.600,-0.004,0.007,-0.003,0.958,6.110,0.0027,PLAN,100,58.436,55.252,0,21.128,14.509,1250,1250,17885,6480,0,0,0.000,0,EXECUTING code=2,2
25.601,6.072,1.126,-0.0848,20.000,0.000,1,0.600,-0.035,0.004,-0.008,1.048,6.208,0.0041,PLAN,67,57.926,55.762,0,22.376,14.509,1239,1239,17858,6384,0,0,0.000,0,EXECUTING code=2,2
25.800,6.084,1.167,-0.0798,20.000,0.000,1,0.600,-0.045,0.003,0.001,1.089,6.220,-0.0039,PLAN,58,60.457,53.231,0,13.062,14.509,1239,1239,17863,6434,0,0,0.000,0,EXECUTING code=2,2
26.001,6.118,1.149,-0.0682,20.000,0.000,1,0.600,-0.037,0.002,-0.003,1.071,6.254,-0.0144,PLAN,107,60.281,53.407,0,15.727,14.509,1239,1239,17863,6499,0,0,0.000,0,EXECUTING code=2,2
26.201,6.157,1.148,-0.0678,20.000,0.000,1,0.600,-0.040,0.002,-0.018,1.070,6.293,-0.0149,PLAN,63,60.275,53.413,0,17.929,14.509,1215,1215,17828,6488,0,0,0.000,0,EXECUTING code=2,2
26.401,6.189,1.146,-0.0679,20.000,0.000,1,0.600,-0.044,0.001,-0.001,1.068,6.325,-0.0149,PLAN,52,60.144,53.544,0,17.982,14.509,1215,1215,17828,6411,0,0,0.000,0,EXECUTING code=2,2
26.601,6.222,1.155,-0.0697,20.000,0.000,1,0.600,-0.044,0.005,-0.011,1.078,6.358,-0.0139,PLAN,58,60.285,53.403,0,15.811,14.509,1178,1178,17828,6435,0,0,0.000,0,EXECUTING code=2,2
26.800,6.229,1.150,-0.0700,20.000,0.000,1,0.600,-0.044,0.003,-0.026,1.072,6.365,-0.0133,PLAN,56,60.349,53.339,0,18.117,14.509,1149,1149,17828,6456,0,0,0.000,0,EXECUTING code=2,2
27.000,6.300,1.157,-0.0726,20.000,0.000,1,0.600,-0.047,0.005,0.003,1.081,6.436,-0.0117,PLAN,55,60.451,53.237,0,15.985,14.509,1144,1144,17828,6378,0,0,0.000,0,EXECUTING code=2,2
27.200,6.300,1.157,-0.0726,20.000,0.000,1,0.600,-0.046,0.005,0.003,1.081,6.436,-0.0117,PLAN,55,60.536,53.152,0,15.985,14.509,1153,1153,17828,6378,0,0,0.000,0,EXECUTING code=2,2
27.401,6.414,1.180,-0.0785,20.000,0.000,1,0.600,-0.059,0.007,-0.011,1.104,6.550,-0.0081,PLAN,55,61.550,52.138,0,15.985,14.509,1130,1130,17507,6378,0,0,0.000,0,EXECUTING code=2,2
27.600,6.450,1.179,-0.0775,20.000,0.000,1,0.600,-0.058,-0.000,-0.014,1.103,6.586,-0.0093,PLAN,68,60.521,53.167,0,16.144,14.509,1130,1130,17507,6333,0,0,0.000,0,EXECUTING code=2,2
27.801,6.454,1.177,-0.0785,20.000,0.000,1,0.600,-0.052,-0.000,-0.027,1.101,6.589,-0.0082,PLAN,50,61.004,52.684,0,16.146,14.509,1090,1090,17507,6336,0,0,0.000,0,EXECUTING code=2,2
28.001,6.454,1.177,-0.0785,20.000,0.000,1,0.600,-0.003,-0.000,-0.027,1.101,6.589,-0.0082,PLAN,50,57.078,56.610,0,17.016,13.598,1090,1090,17507,6336,0,0,0.000,0,EXECUTING code=2,2
28.201,6.608,1.256,-0.0725,20.000,0.000,1,0.600,0.016,0.024,-0.020,1.181,6.743,-0.0210,PLAN,50,57.078,56.610,0,17.016,13.598,1083,1083,17317,6336,0,0,0.000,0,EXECUTING code=2,2
28.400,6.647,1.210,-0.0859,20.000,0.000,1,0.600,-0.013,0.004,-0.006,1.135,6.783,-0.0045,PLAN,58,57.983,55.705,0,17.240,13.598,1079,1079,17267,6287,0,0,0.000,0,EXECUTING code=2,2
28.601,6.677,1.216,-0.0874,20.000,0.000,1,0.600,-0.015,-0.000,-0.006,1.142,6.813,-0.0037,PLAN,56,56.314,57.374,0,17.230,13.598,1079,1079,17267,6210,0,0,0.000,0,EXECUTING code=2,2
28.801,6.695,1.221,-0.0746,20.000,0.000,1,0.600,-0.007,-0.002,-0.005,1.146,6.830,-0.0169,PLAN,56,57.431,56.257,0,17.230,13.598,1080,1080,17184,6210,0,0,0.000,0,EXECUTING code=2,2
29.000,6.727,1.217,-0.0907,20.000,0.000,1,0.600,-0.018,-0.001,-0.011,1.143,6.863,-0.0008,PLAN,56,57.928,55.760,0,17.280,13.598,1080,1080,17184,6172,0,0,0.000,0,EXECUTING code=2,2
29.201,6.729,1.216,-0.0913,20.000,0.000,1,0.600,-0.014,-0.001,-0.011,1.142,6.865,-0.0001,PLAN,61,57.969,55.719,0,24.445,13.598,1080,1080,17184,6205,0,0,0.000,0,EXECUTING code=2,2
29.401,6.729,1.216,-0.0913,20.000,0.000,1,0.600,-0.014,-0.001,-0.011,1.142,6.865,-0.0001,PLAN,61,57.969,55.719,0,24.445,13.598,1080,1080,17184,6205,0,0,0.000,0,EXECUTING code=2,2
29.600,6.729,1.216,-0.0913,20.000,0.000,1,0.600,-0.014,-0.001,-0.011,1.142,6.865,-0.0001,PLAN,61,57.969,55.719,0,24.445,13.598,1122,1122,17184,6205,0,0,0.000,0,EXECUTING code=2,2
29.800,6.729,1.216,-0.0913,20.000,0.000,1,0.600,-0.014,-0.001,-0.011,1.142,6.865,-0.0001,PLAN,61,57.969,55.719,0,24.445,13.598,1139,1139,16968,6205,0,0,0.000,0,EXECUTING code=2,2
30.001,7.074,1.206,-0.1016,20.000,0.000,1,0.600,-0.008,0.004,0.001,1.133,7.209,0.0085,PLAN,161,57.512,56.176,0,20.083,13.598,1148,1148,16965,6113,0,0,0.000,0,EXECUTING code=2,2
30.201,7.102,1.213,-0.0991,20.000,0.000,1,0.600,-0.018,0.002,-0.008,1.141,7.238,0.0053,PLAN,59,58.234,55.454,0,26.654,13.598,1143,1143,16965,6083,0,0,0.000,0,EXECUTING code=2,2
30.400,7.133,1.208,-0.1000,20.000,0.000,1,0.600,-0.018,-0.001,-0.005,1.136,7.269,0.0063,PLAN,50,58.112,55.576,0,24.455,13.598,1143,1143,16959,6082,0,0,0.000,0,EXECUTING code=2,2
30.601,7.139,1.204,-0.0992,20.000,0.000,1,0.600,-0.016,0.000,-0.010,1.131,7.275,0.0059,PLAN,47,58.154,55.534,0,24.705,13.598,1134,1134,16980,6089,0,0,0.000,0,EXECUTING code=2,2
30.800,7.181,1.203,-0.1026,20.000,0.000,1,0.600,-0.019,0.001,-0.019,1.131,7.317,0.0090,PLAN,47,58.373,55.315,0,24.705,13.598,1134,1134,16980,6089,0,0,0.000,0,EXECUTING code=2,2
31.001,7.222,1.205,-0.0998,20.000,0.000,1,0.600,-0.016,0.003,-0.027,1.133,7.357,0.0058,PLAN,48,57.993,55.695,0,26.850,13.598,1099,1099,16949,6119,0,0,0.000,0,EXECUTING code=2,2
31.200,7.236,1.194,-0.1021,20.000,0.000,1,0.600,-0.014,0.003,-0.013,1.122,7.372,0.0088,PLAN,61,57.987,55.701,0,24.828,13.598,1074,1074,16949,6110,0,0,0.000,0,EXECUTING code=2,2
31.401,7.236,1.194,-0.1021,20.000,0.000,1,0.600,-0.014,0.003,-0.013,1.122,7.372,0.0088,PLAN,61,57.987,55.701,0,24.828,13.598,1074,1074,16949,6110,0,0,0.000,0,EXECUTING code=2,2
31.601,7.236,1.194,-0.1021,20.000,0.000,1,0.600,-0.014,0.003,-0.013,1.122,7.372,0.0088,PLAN,61,57.987,55.701,0,24.828,13.598,1074,1074,16949,6110,0,0,0.000,0,EXECUTING code=2,2
31.800,7.395,1.214,-0.1076,20.000,0.000,1,0.600,-0.014,0.070,0.011,1.144,7.531,0.0115,PLAN,61,57.987,55.701,0,24.828,13.598,1035,1035,16866,6110,0,0,0.000,0,EXECUTING code=2,2
32.000,7.606,1.231,-0.0997,20.000,0.000,1,0.600,0.003,-0.000,0.005,1.162,7.741,0.0007,PLAN,82,55.858,57.830,0,21.545,12.634,1019,1019,16849,6109,0,0,0.000,0,EXECUTING code=2,2
32.200,7.667,1.231,-0.1072,20.000,0.000,1,0.600,0.002,0.000,-0.004,1.162,7.803,0.0077,PLAN,58,56.647,57.041,0,25.688,12.634,1002,1002,16849,6079,0,0,0.000,0,EXECUTING code=2,2
32.401,7.701,1.243,-0.0972,20.000,0.000,1,0.600,0.000,0.002,0.011,1.174,7.836,-0.0035,PLAN,58,56.337,57.351,0,25.688,12.634,984,984,16787,6079,0,0,0.000,0,EXECUTING code=2,2
32.601,7.740,1.240,-0.1068,20.000,0.000,1,0.600,-0.005,-0.000,-0.015,1.171,7.875,0.0060,PLAN,59,56.594,57.094,0,25.745,12.634,984,984,16787,6077,0,0,0.000,0,EXECUTING code=2,2
32.801,7.783,1.246,-0.1018,20.000,0.000,1,0.600,-0.010,0.000,0.004,1.177,7.918,0.0002,PLAN,49,56.690,56.998,0,26.040,12.634,962,962,16774,6033,0,0,0.000,0,EXECUTING code=2,2
33.001,7.794,1.239,-0.1083,20.000,0.000,1,0.600,0.001,0.002,0.004,1.171,7.929,0.0071,PLAN,41,56.790,56.898,0,25.766,12.634,965,965,16774,6059,0,0,0.000,0,EXECUTING code=2,2
33.201,7.901,1.272,-0.1048,20.000,0.000,1,0.600,0.004,0.057,-0.015,1.204,8.036,0.0000,PLAN,41,56.790,56.898,0,25.766,12.634,984,984,16710,6059,0,0,0.000,0,EXECUTING code=2,2
33.400,7.939,1.267,-0.1199,20.000,0.000,1,0.600,-0.011,0.006,0.008,1.200,8.075,0.0152,PLAN,58,58.236,55.452,0,28.586,12.634,984,984,16669,6028,0,0,0.000,0,EXECUTING code=2,2
33.601,7.982,1.285,-0.1107,20.000,0.000,1,0.600,-0.017,0.001,-0.013,1.218,8.117,0.0041,PLAN,67,59.372,54.316,0,21.712,12.634,984,984,16630,6039,0,0,0.000,0,EXECUTING code=2,2
33.801,8.019,1.290,-0.1108,20.000,0.000,1,0.600,-0.020,-0.001,0.010,1.223,8.154,0.0035,PLAN,86,58.438,55.250,0,21.713,12.634,977,977,16630,6017,0,0,0.000,0,EXECUTING code=2,2
34.001,8.019,1.290,-0.1108,20.000,0.000,1,0.600,-0.020,-0.001,0.010,1.223,8.154,0.0035,PLAN,86,58.438,55.250,0,21.713,12.634,961,961,16630,6017,0,0,0.000,0,EXECUTING code=2,2
34.201,8.019,1.290,-0.1108,20.000,0.000,1,0.600,-0.020,-0.001,0.010,1.223,8.154,0.0035,PLAN,86,58.438,55.250,0,21.713,12.634,961,961,16630,6017,0,0,0.000,0,EXECUTING code=2,2
34.401,8.019,1.290,-0.1108,20.000,0.000,1,0.600,-0.020,-0.001,0.010,1.223,8.154,0.0035,PLAN,86,58.438,55.250,0,21.713,12.634,961,961,16630,6017,0,0,0.000,0,EXECUTING code=2,2
34.600,8.019,1.290,-0.1108,20.000,0.000,1,0.600,-0.020,-0.001,0.010,1.223,8.154,0.0035,PLAN,86,58.438,55.250,0,21.713,12.634,961,961,16630,6017,0,0,0.000,0,EXECUTING code=2,2
34.801,8.019,1.290,-0.1108,20.000,0.000,1,0.600,-0.020,-0.001,0.010,1.223,8.154,0.0035,PLAN,86,58.438,55.250,0,21.713,12.634,941,941,16630,6017,0,0,0.000,0,EXECUTING code=2,2
35.001,8.019,1.290,-0.1108,20.000,0.000,1,0.600,-0.020,-0.001,0.010,1.223,8.154,0.0035,PLAN,86,58.438,55.250,0,21.713,12.634,941,941,16630,6017,0,0,0.000,0,EXECUTING code=2,2
35.200,8.019,1.290,-0.1108,20.000,0.000,1,0.600,-0.020,-0.001,0.010,1.223,8.154,0.0035,PLAN,86,58.438,55.250,0,21.713,12.634,888,888,16630,6017,0,0,0.000,0,EXECUTING code=2,2
35.401,9.005,1.294,-0.0986,20.000,0.000,1,0.600,-0.093,0.011,0.001,1.232,9.140,-0.0186,PLAN,86,58.438,55.250,0,21.713,12.634,880,880,16455,6017,0,0,0.000,0,EXECUTING code=2,2
35.601,9.012,1.291,-0.1074,20.000,0.000,1,0.600,-0.052,0.002,-0.009,1.230,9.147,-0.0096,PLAN,46,61.025,52.663,0,21.886,12.634,880,880,16455,5973,0,0,0.000,0,EXECUTING code=2,2
35.801,9.012,1.291,-0.1074,20.000,0.000,1,0.600,-0.052,0.002,-0.009,1.230,9.147,-0.0096,PLAN,46,61.025,52.663,0,21.886,12.634,873,873,16455,5973,0,0,0.000,0,EXECUTING code=2,2
36.001,9.012,1.291,-0.1074,20.000,0.000,1,0.600,-0.008,0.002,-0.009,1.230,9.147,-0.0096,PLAN,46,61.025,52.663,0,23.467,11.064,873,873,16455,5973,0,0,0.000,0,EXECUTING code=2,2
36.201,9.216,1.355,-0.1138,20.000,0.000,1,0.600,-0.009,0.028,-0.016,1.295,9.351,-0.0112,PLAN,46,57.555,56.133,0,23.467,11.064,854,854,16343,5973,0,0,0.000,0,EXECUTING code=2,2
36.401,9.291,1.317,-0.1008,20.000,0.000,1,0.600,-0.013,0.000,-0.003,1.257,9.426,-0.0215,PLAN,37,58.440,55.248,0,26.189,11.064,854,854,16301,5938,0,0,0.000,0,EXECUTING code=2,2
36.601,9.319,1.291,-0.1016,20.000,0.000,1,0.600,-0.025,0.001,0.004,1.231,9.454,-0.0187,PLAN,38,58.882,54.806,0,27.565,11.064,854,854,16259,5925,0,0,0.000,0,EXECUTING code=2,2
36.801,9.339,1.274,-0.1038,20.000,0.000,1,0.600,-0.017,0.001,0.005,1.214,9.474,-0.0151,PLAN,39,58.238,55.450,0,30.073,11.064,850,850,16206,5856,0,0,0.000,0,EXECUTING code=2,2
37.001,9.368,1.259,-0.1043,20.000,0.000,1,0.600,-0.012,0.002,-0.019,1.199,9.503,-0.0135,PLAN,40,57.955,55.733,0,20.728,11.064,850,850,16206,5844,0,0,0.000,0,EXECUTING code=2,2
37.201,9.368,1.259,-0.1043,20.000,0.000,1,0.600,-0.012,0.002,-0.019,1.199,9.503,-0.0135,PLAN,40,57.836,55.852,0,20.728,11.064,850,850,16206,5844,0,0,0.000,0,EXECUTING code=2,2
37.400,9.368,1.259,-0.1043,20.000,0.000,1,0.600,-0.012,0.002,-0.019,1.199,9.503,-0.0135,PLAN,40,57.836,55.852,0,20.728,11.064,845,845,16206,5844,0,0,0.000,0,EXECUTING code=2,2
37.601,9.368,1.259,-0.1043,20.000,0.000,1,0.600,-0.012,0.002,-0.019,1.199,9.503,-0.0135,PLAN,40,57.836,55.852,0,20.728,11.064,837,837,15927,5844,0,0,0.000,0,EXECUTING code=2,2
37.800,9.785,1.249,-0.1075,20.000,0.000,1,0.600,-0.036,0.009,-0.014,1.192,9.920,-0.0141,PLAN,40,57.836,55.852,0,20.728,11.064,847,847,15888,5844,0,0,0.000,0,EXECUTING code=2,2
38.000,9.853,1.239,-0.1104,20.000,0.000,1,0.600,-0.020,0.001,-0.004,1.182,9.988,-0.0111,PLAN,140,58.539,55.149,0,20.718,11.064,864,864,15867,5701,0,0,0.000,0,EXECUTING code=2,2
38.201,9.935,1.236,-0.1152,20.000,0.000,1,0.600,-0.019,0.003,-0.012,1.180,10.070,-0.0070,PLAN,178,58.407,55.281,0,20.935,11.064,887,887,15852,5714,0,0,0.000,0,EXECUTING code=2,2
38.401,9.962,1.240,-0.1187,20.000,0.000,1,0.600,-0.019,0.000,-0.001,1.183,10.098,-0.0042,PLAN,173,58.987,54.701,0,20.798,11.064,887,887,15852,5715,0,0,0.000,0,EXECUTING code=2,2
38.600,10.045,1.247,-0.1229,20.000,0.000,1,0.600,-0.033,0.003,-0.007,1.191,10.181,-0.0017,PLAN,173,59.484,54.204,0,20.798,11.064,874,874,15785,5715,0,0,0.000,0,EXECUTING code=2,2
38.801,10.076,1.247,-0.1219,20.000,0.000,1,0.600,-0.023,0.000,-0.011,1.191,10.212,-0.0031,PLAN,80,58.717,54.971,0,20.961,11.064,874,874,15785,5696,0,0,0.000,0,EXECUTING code=2,2
39.001,10.076,1.247,-0.1219,20.000,0.000,1,0.600,-0.023,0.000,-0.011,1.191,10.212,-0.0031,PLAN,80,58.717,54.971,0,20.961,11.064,874,874,15785,5696,0,0,0.000,0,EXECUTING code=2,2
39.201,10.076,1.247,-0.1219,20.000,0.000,1,0.600,-0.023,0.000,-0.011,1.191,10.212,-0.0031,PLAN,80,58.717,54.971,0,20.961,11.064,874,874,15785,5696,0,0,0.000,0,EXECUTING code=2,2
39.400,10.076,1.247,-0.1219,20.000,0.000,1,0.600,-0.023,0.000,-0.011,1.191,10.212,-0.0031,PLAN,80,58.717,54.971,0,20.961,11.064,844,844,15686,5696,0,0,0.000,0,EXECUTING code=2,2
39.600,10.407,1.279,-0.1228,20.000,0.000,1,0.600,-0.039,0.002,-0.020,1.226,10.542,-0.0098,PLAN,57,59.983,53.705,0,28.500,11.064,844,844,15674,5655,0,0,0.000,0,EXECUTING code=2,2
39.800,10.433,1.276,-0.1230,20.000,0.000,1,0.600,-0.045,-0.004,-0.011,1.223,10.568,-0.0096,PLAN,63,60.825,52.863,0,28.241,11.064,811,811,15700,5643,0,0,0.000,0,EXECUTING code=2,2
40.001,10.476,1.282,-0.1214,20.000,0.000,1,0.600,-0.007,-0.000,-0.004,1.228,10.611,-0.0124,PLAN,61,61.145,52.543,0,29.886,9.623,749,749,15722,5670,0,0,0.000,0,EXECUTING code=2,2
40.201,10.511,1.288,-0.1192,20.000,0.000,1,0.600,-0.012,-0.000,-0.026,1.235,10.647,-0.0157,PLAN,49,57.485,56.203,0,32.059,9.623,709,709,15769,5675,0,0,0.000,0,EXECUTING code=2,2
40.401,10.543,1.289,-0.1167,20.000,0.000,1,0.600,-0.020,0.000,0.004,1.236,10.678,-0.0187,PLAN,49,57.875,55.813,0,32.059,9.623,709,709,15769,5675,0,0,0.000,0,EXECUTING code=2,2
40.601,10.546,1.288,-0.1178,20.000,0.000,1,0.600,-0.014,0.001,0.004,1.235,10.681,-0.0176,PLAN,49,57.986,55.702,0,32.110,9.623,709,709,15821,5704,0,0,0.000,0,EXECUTING code=2,2
40.800,10.591,1.285,-0.1161,20.000,0.000,1,0.600,-0.016,0.003,-0.011,1.232,10.726,-0.0196,PLAN,43,57.833,55.855,0,32.254,9.623,709,709,15821,5720,0,0,0.000,0,EXECUTING code=2,2
41.001,10.591,1.285,-0.1161,20.000,0.000,1,0.600,-0.016,0.003,-0.011,1.232,10.726,-0.0196,PLAN,43,58.139,55.549,0,32.254,9.623,686,686,15851,5720,0,0,0.000,0,EXECUTING code=2,2
41.200,10.677,1.301,-0.1129,20.000,0.000,1,0.600,-0.026,0.004,-0.001,1.249,10.812,-0.0258,PLAN,35,57.756,55.932,0,29.978,9.623,698,698,15867,5732,0,0,0.000,0,EXECUTING code=2,2
41.401,10.707,1.301,-0.1325,20.000,0.000,1,0.600,-0.026,0.024,-0.005,1.249,10.842,-0.0067,PLAN,35,58.954,54.734,0,29.978,9.623,728,728,15867,5732,0,0,0.000,0,EXECUTING code=2,2
41.600,10.755,1.298,-0.1156,20.000,0.000,1,0.600,-0.021,0.002,-0.003,1.246,10.890,-0.0239,PLAN,16,59.320,54.368,0,30.116,9.623,728,728,15867,5731,0,0,0.000,0,EXECUTING code=2,2
41.800,10.772,1.290,-0.1216,20.000,0.000,1,0.600,-0.021,0.003,0.003,1.238,10.907,-0.0173,PLAN,16,58.511,55.177,0,30.074,9.623,732,732,15853,5741,0,0,0.000,0,EXECUTING code=2,2
42.001,10.799,1.279,-0.1207,20.000,0.000,1,0.600,-0.023,0.012,-0.011,1.227,10.934,-0.0175,PLAN,13,58.646,55.042,0,30.111,9.623,743,743,15842,5768,0,0,0.000,0,EXECUTING code=2,2
42.201,10.814,1.279,-0.1156,20.000,0.000,1,0.600,-0.024,0.003,-0.015,1.228,10.949,-0.0227,PLAN,16,58.744,54.944,0,30.195,9.623,743,743,15842,5711,0,0,0.000,0,EXECUTING code=2,2
42.401,10.814,1.279,-0.1156,20.000,0.000,1,0.600,-0.024,0.003,-0.015,1.228,10.949,-0.0227,PLAN,16,58.744,54.944,0,30.195,9.623,743,743,15842,5711,0,0,0.000,0,EXECUTING code=2,2
42.601,10.907,1.283,-0.1189,20.000,0.000,1,0.600,-0.030,0.008,-0.002,1.232,11.042,-0.0213,PLAN,16,58.137,55.551,0,30.195,9.623,746,746,15778,5711,0,0,0.000,0,EXECUTING code=2,2
42.801,10.950,1.284,-0.1199,20.000,0.000,1,0.600,-0.028,0.003,-0.012,1.233,11.085,-0.0210,PLAN,9,58.921,54.767,0,30.292,9.623,746,746,15722,5690,0,0,0.000,0,EXECUTING code=2,2
43.000,10.970,1.287,-0.1209,20.000,0.000,1,0.600,-0.029,0.002,-0.007,1.236,11.105,-0.0207,PLAN,42,59.329,54.359,0,26.711,9.623,746,746,15722,5676,0,0,0.000,0,EXECUTING code=2,2
43.200,10.970,1.287,-0.1209,20.000,0.000,1,0.600,-0.029,0.002,-0.007,1.236,11.105,-0.0207,PLAN,42,59.174,54.514,0,26.711,9.623,750,750,15722,5676,0,0,0.000,0,EXECUTING code=2,2
43.401,10.970,1.287,-0.1209,20.000,0.000,1,0.600,-0.029,0.002,-0.007,1.236,11.105,-0.0207,PLAN,42,59.174,54.514,0,26.711,9.623,740,740,15311,5676,0,0,0.000,0,EXECUTING code=2,2
43.600,11.223,1.267,-0.1258,20.000,0.000,1,0.600,-0.031,0.010,-0.024,1.218,11.359,-0.0176,PLAN,86,61.197,52.491,0,26.988,9.623,737,737,15311,5504,0,0,0.000,0,EXECUTING code=2,2
43.801,11.291,1.266,-0.1329,20.000,0.000,1,0.600,-0.034,0.003,-0.007,1.217,11.426,-0.0115,PLAN,86,59.286,54.402,0,26.988,9.623,737,737,15302,5504,0,0,0.000,0,EXECUTING code=2,2
44.000,11.342,1.261,-0.1344,20.000,0.000,0,0.600,-0.028,0.002,-0.017,0.000,0.000,0.0000,PLAN,13,59.286,54.402,0,30.601,9.623,735,735,15238,5498,0,0,0.000,0,EXECUTING code=2,2
44.201,11.357,1.260,-0.1360,20.000,0.000,0,0.450,0.000,0.001,-0.003,0.000,0.000,0.0000,PLAN,17,43.750,43.750,0,31.531,8.735,735,735,15238,5485,0,0,0.000,0,EXECUTING code=2,2
44.401,11.439,1.263,-0.1375,20.000,0.000,0,0.250,0.000,0.002,0.008,0.000,0.000,0.0000,PLAN,17,21.906,21.906,0,31.531,8.735,723,723,15126,5485,0,0,0.000,0,EXECUTING code=2,2
44.601,11.485,1.287,-0.1228,20.000,0.000,0,0.050,0.000,0.005,-0.015,0.000,0.000,0.0000,PLAN,22,5.854,5.854,0,31.797,8.735,657,657,15056,5429,0,0,0.000,0,EXECUTING code=2,2
44.801,11.530,1.270,-0.1362,20.000,0.000,0,0.000,0.000,-0.014,0.015,0.000,0.000,0.0000,PLAN,16,0.000,0.000,0,34.086,8.735,657,657,15036,5398,0,0,0.000,0,EXECUTING code=2,2
45.001,11.564,1.268,-0.1385,20.000,0.000,0,0.000,0.000,-0.010,-0.018,0.000,0.000,0.0000,PLAN,15,0.000,0.000,0,34.079,8.735,657,657,15036,5367,0,0,0.000,0,EXECUTING code=2,2
45.200,11.564,1.268,-0.1385,20.000,0.000,0,0.000,0.000,-0.010,-0.018,0.000,0.000,0.0000,PLAN,15,0.000,0.000,0,34.079,8.735,657,657,15036,5367,0,0,0.000,0,EXECUTING code=2,2
45.400,11.564,1.268,-0.1385,20.000,0.000,0,0.000,0.000,-0.010,-0.018,0.000,0.000,0.0000,PLAN,15,0.000,0.000,0,34.079,8.735,480,480,15022,5367,0,0,0.000,0,EXECUTING code=2,2
45.601,11.734,1.342,-0.1389,20.000,0.000,0,0.000,0.000,0.000,0.017,0.000,0.000,0.0000,PLAN,15,0.000,0.000,0,34.079,8.735,480,480,15022,5367,0,0,0.000,0,EXECUTING code=2,2
45.800,11.734,1.342,-0.1389,20.000,0.000,0,0.000,0.000,0.000,0.017,0.000,0.000,0.0000,PLAN,14,0.000,0.000,0,34.301,8.735,436,436,15022,5359,0,0,0.000,0,EXECUTING code=2,2
46.000,11.824,1.393,-0.1394,20.000,0.000,0,0.000,0.000,-0.004,0.006,0.000,0.000,0.0000,PLAN,14,0.000,0.000,0,34.301,8.735,433,433,14985,5359,0,0,0.000,0,EXECUTING code=2,2
46.200,11.860,1.393,-0.1414,20.000,0.000,0,0.000,0.000,-0.005,-0.010,0.000,0.000,0.0000,PLAN,14,0.000,0.000,0,31.928,8.735,430,430,15003,5371,0,0,0.000,0,EXECUTING code=2,2
46.400,11.878,1.403,-0.1435,20.000,0.000,0,0.000,0.000,-0.003,-0.006,0.000,0.000,0.0000,PLAN,14,0.000,0.000,0,31.928,8.735,428,428,15003,5371,0,0,0.000,0,EXECUTING code=2,2
46.601,11.887,1.407,-0.1433,20.000,0.000,0,0.000,0.000,-0.004,-0.001,0.000,0.000,0.0000,PLAN,8,0.000,0.000,0,31.707,8.735,435,435,15003,5383,0,0,0.000,0,EXECUTING code=2,2
46.801,11.896,1.422,-0.1456,20.000,0.000,0,0.000,0.000,-0.007,0.001,0.000,0.000,0.0000,PLAN,8,0.000,0.000,0,31.707,8.735,435,435,15003,5383,0,0,0.000,0,EXECUTING code=2,2
47.000,11.903,1.417,-0.1441,20.000,0.000,0,0.000,0.000,-0.003,-0.003,0.000,0.000,0.0000,PLAN,8,0.000,0.000,0,32.029,8.735,435,435,15003,5467,0,0,0.000,0,EXECUTING code=2,2
47.200,11.925,1.432,-0.1439,20.000,0.000,0,0.000,0.000,-0.001,0.009,0.000,0.000,0.0000,PLAN,8,0.000,0.000,0,32.029,8.735,484,484,15315,5467,0,0,0.000,0,EXECUTING code=2,2
47.401,11.933,1.438,-0.1461,20.000,0.000,0,0.000,0.000,-0.002,-0.007,0.000,0.000,0.0000,PLAN,4,0.000,0.000,0,31.977,8.735,484,484,15315,5521,0,0,0.000,0,EXECUTING code=2,2
47.601,11.933,1.438,-0.1461,20.000,0.000,0,0.000,0.000,-0.002,-0.007,0.000,0.000,0.0000,PLAN,4,0.000,0.000,0,31.977,8.735,484,484,15315,5521,0,0,0.000,0,EXECUTING code=2,2
47.800,11.953,1.454,-0.1510,20.000,0.000,0,0.000,0.000,0.000,0.013,0.000,0.000,0.0000,PLAN,4,0.000,0.000,0,31.977,8.735,501,501,15441,5521,0,0,0.000,0,EXECUTING code=2,2
48.000,11.969,1.450,-0.1464,20.000,0.000,0,0.000,0.000,-0.000,-0.007,0.000,0.000,0.0000,PLAN,2,0.000,0.000,0,31.820,8.735,501,501,15441,5580,0,0,0.000,0,EXECUTING code=2,2
48.201,11.969,1.450,-0.1464,20.000,0.000,0,0.000,0.000,-0.000,-0.007,0.000,0.000,0.0000,PLAN,1,0.000,0.000,0,31.810,8.735,501,501,15441,5584,0,0,0.000,0,EXECUTING code=2,2
48.401,11.969,1.450,-0.1464,20.000,0.000,0,0.000,0.000,-0.000,-0.007,0.000,0.000,0.0000,PLAN,1,0.000,0.000,0,31.810,8.735,596,596,15441,5584,0,0,0.000,0,EXECUTING code=2,2
48.601,11.969,1.450,-0.1464,20.000,0.000,0,0.000,0.000,-0.000,-0.007,0.000,0.000,0.0000,PLAN,1,0.000,0.000,0,31.810,8.735,596,596,15441,5584,0,0,0.000,0,EXECUTING code=2,2
48.801,11.969,1.450,-0.1464,20.000,0.000,0,0.000,0.000,-0.000,-0.007,0.000,0.000,0.0000,PLAN,1,0.000,0.000,0,31.810,8.735,664,664,15441,5584,0,0,0.000,0,EXECUTING code=2,2
49.001,11.969,1.450,-0.1464,20.000,0.000,0,0.000,0.000,-0.000,-0.007,0.000,0.000,0.0000,PLAN,1,0.000,0.000,0,31.810,8.735,664,664,15441,5584,0,0,0.000,0,EXECUTING code=2,2
49.201,12.159,1.353,-0.1475,20.000,0.000,0,0.000,0.000,0.000,-0.007,0.000,0.000,0.0000,PLAN,1,0.000,0.000,0,31.810,8.735,664,664,15068,5584,0,0,0.000,0,EXECUTING code=2,2
49.401,12.176,1.342,-0.1454,20.000,0.000,0,0.000,0.000,0.000,0.005,0.000,0.000,0.0000,PLAN,2,0.000,0.000,0,32.220,8.735,664,664,15068,5402,0,0,0.000,0,EXECUTING code=2,2
49.601,12.176,1.342,-0.1454,20.000,0.000,0,0.000,0.000,0.000,0.005,0.000,0.000,0.0000,PLAN,2,0.000,0.000,0,32.220,8.735,664,664,15068,5402,0,0,0.000,0,EXECUTING code=2,2
49.800,12.176,1.342,-0.1454,20.000,0.000,0,0.000,0.000,0.000,0.005,0.000,0.000,0.0000,PLAN,2,0.000,0.000,0,32.220,8.735,664,664,15068,5402,0,0,0.000,0,EXECUTING code=2,2
50.000,12.277,1.339,-0.1500,20.000,0.000,0,0.000,0.000,0.009,-0.005,0.000,0.000,0.0000,PLAN,2,0.000,0.000,0,32.220,8.735,575,575,14711,5402,0,0,0.000,0,EXECUTING code=2,2
50.201,12.355,1.250,-0.1486,20.000,0.000,0,0.000,0.000,-0.005,0.006,0.000,0.000,0.0000,PLAN,2,0.000,0.000,0,31.700,8.735,544,544,14670,5262,0,0,0.000,0,EXECUTING code=2,2
50.401,12.384,1.244,-0.1533,20.000,0.000,0,0.000,0.000,-0.003,-0.008,0.000,0.000,0.0000,PLAN,2,0.000,0.000,0,31.673,8.735,524,524,14648,5237,0,0,0.000,0,EXECUTING code=2,2
50.600,12.390,1.240,-0.1480,20.000,0.000,0,0.000,0.000,-0.006,-0.013,0.000,0.000,0.0000,PLAN,2,0.000,0.000,0,31.666,8.735,524,524,14648,5223,0,0,0.000,0,EXECUTING code=2,2
50.801,12.390,1.240,-0.1480,20.000,0.000,0,0.000,0.000,-0.006,-0.013,0.000,0.000,0.0000,PLAN,2,0.000,0.000,0,31.666,8.735,524,524,14648,5223,0,0,0.000,0,EXECUTING code=2,2
51.001,12.414,1.245,-0.1605,20.000,0.000,0,0.000,0.000,0.011,-0.003,0.000,0.000,0.0000,PLAN,2,0.000,0.000,0,31.666,8.735,392,392,14610,5223,0,0,0.000,0,EXECUTING code=2,2
51.200,12.429,1.253,-0.1494,20.000,0.000,0,0.000,0.000,-0.003,-0.006,0.000,0.000,0.0000,PLAN,1,0.000,0.000,0,32.006,8.735,374,374,14641,5233,0,0,0.000,0,EXECUTING code=2,2
51.400,12.429,1.253,-0.1494,20.000,0.000,0,0.000,0.000,-0.003,-0.006,0.000,0.000,0.0000,PLAN,1,0.000,0.000,0,32.006,8.735,374,374,14641,5233,0,0,0.000,0,EXECUTING code=2,2
51.600,12.429,1.253,-0.1494,20.000,0.000,0,0.000,0.000,-0.003,-0.006,0.000,0.000,0.0000,PLAN,1,0.000,0.000,0,32.006,8.735,374,374,14641,5233,0,0,0.000,0,EXECUTING code=2,2
51.801,12.429,1.253,-0.1494,20.000,0.000,0,0.000,0.000,-0.003,-0.006,0.000,0.000,0.0000,PLAN,1,0.000,0.000,0,32.006,8.735,374,374,14641,5233,0,0,0.000,0,EXECUTING code=2,2
52.001,12.429,1.253,-0.1494,20.000,0.000,0,0.000,0.000,-0.003,-0.006,0.000,0.000,0.0000,PLAN,1,0.000,0.000,0,32.006,8.735,374,374,14641,5233,0,0,0.000,0,EXECUTING code=2,2
52.201,12.429,1.253,-0.1494,20.000,0.000,0,0.000,0.000,-0.003,-0.006,0.000,0.000,0.0000,PLAN,1,0.000,0.000,0,32.006,8.735,374,374,14641,5233,0,0,0.000,0,EXECUTING code=2,2
52.401,12.429,1.253,-0.1494,20.000,0.000,0,0.000,0.000,-0.003,-0.006,0.000,0.000,0.0000,PLAN,1,0.000,0.000,0,32.006,8.735,374,374,14641,5233,0,0,0.000,0,EXECUTING code=2,2
52.601,12.561,1.302,-0.1645,20.000,0.000,0,0.000,0.000,0.004,-0.027,0.000,0.000,0.0000,PLAN,1,0.000,0.000,0,32.006,8.735,443,443,15201,5233,0,0,0.000,0,EXECUTING code=2,2
52.801,12.436,1.402,-0.1504,20.000,0.000,0,0.000,0.000,-0.005,-0.001,0.000,0.000,0.0000,PLAN,0,0.000,0.000,0,nan,8.735,451,451,15201,5515,0,0,0.000,0,EXECUTING code=2,2
53.001,12.422,1.408,-0.1533,20.000,0.000,0,0.000,0.000,-0.002,0.005,0.000,0.000,0.0000,PLAN,2,0.000,0.000,0,32.004,8.735,463,463,15286,5517,0,0,0.000,0,EXECUTING code=2,2
53.201,12.410,1.413,-0.1495,20.000,0.000,0,0.000,0.000,-0.003,0.003,0.000,0.000,0.0000,PLAN,2,0.000,0.000,0,32.055,8.735,463,463,15327,5565,0,0,0.000,0,EXECUTING code=2,2
53.401,12.404,1.416,-0.1469,20.000,0.000,0,0.000,0.000,-0.000,-0.007,0.000,0.000,0.0000,PLAN,3,0.000,0.000,0,31.630,8.735,463,463,15327,5589,0,0,0.000,0,EXECUTING code=2,2
53.601,12.404,1.416,-0.1469,20.000,0.000,0,0.000,0.000,-0.000,-0.007,0.000,0.000,0.0000,PLAN,3,0.000,0.000,0,31.630,8.735,463,463,15327,5589,0,0,0.000,0,EXECUTING code=2,2
53.801,12.404,1.416,-0.1469,20.000,0.000,0,0.000,0.000,-0.000,-0.007,0.000,0.000,0.0000,PLAN,3,0.000,0.000,0,31.630,8.735,463,463,15327,5589,0,0,0.000,0,EXECUTING code=2,2
54.000,12.381,1.418,-0.1532,20.000,0.000,0,0.000,0.000,-0.003,-0.025,0.000,0.000,0.0000,PLAN,3,0.000,0.000,0,31.630,8.735,512,512,15402,5589,0,0,0.000,0,EXECUTING code=2,2
54.202,12.383,1.416,-0.1480,20.000,0.000,0,0.000,0.000,0.001,-0.018,0.000,0.000,0.0000,PLAN,6,0.000,0.000,0,28.023,8.735,512,512,15402,5595,0,0,0.000,0,EXECUTING code=2,2
54.401,12.380,1.413,-0.1475,20.000,0.000,0,0.000,0.000,-0.001,0.003,0.000,0.000,0.0000,PLAN,6,0.000,0.000,0,28.023,8.735,572,572,15428,5595,0,0,0.000,0,EXECUTING code=2,2
54.600,12.385,1.405,-0.1514,20.000,0.000,0,0.000,0.000,-0.000,0.009,0.000,0.000,0.0000,PLAN,6,0.000,0.000,0,31.655,8.735,622,622,15398,5614,0,0,0.000,0,EXECUTING code=2,2
54.801,12.389,1.401,-0.1466,20.000,0.000,0,0.000,0.000,-0.001,-0.024,0.000,0.000,0.0000,PLAN,3,0.000,0.000,0,31.730,8.735,622,622,15398,5587,0,0,0.000,0,EXECUTING code=2,2
55.001,12.389,1.401,-0.1466,20.000,0.000,0,0.000,0.000,-0.001,-0.024,0.000,0.000,0.0000,PLAN,3,0.000,0.000,0,31.730,8.735,613,613,14974,5587,0,0,0.000,0,EXECUTING code=2,2
55.200,12.417,1.375,-0.1513,20.000,0.000,0,0.000,0.000,-0.001,0.011,0.000,0.000,0.0000,PLAN,2,0.000,0.000,0,31.933,8.735,598,598,14918,5391,0,0,0.000,0,EXECUTING code=2,2
55.401,12.424,1.364,-0.1474,20.000,0.000,0,0.000,0.000,-0.003,0.003,0.000,0.000,0.0000,PLAN,1,0.000,0.000,0,31.993,8.735,598,598,14918,5354,0,0,0.000,0,EXECUTING code=2,2
55.601,12.424,1.364,-0.1474,20.000,0.000,0,0.000,0.000,-0.003,0.003,0.000,0.000,0.0000,PLAN,1,0.000,0.000,0,31.993,8.735,560,560,14681,5354,0,0,0.000,0,EXECUTING code=2,2
55.800,12.451,1.332,-0.1474,20.000,0.000,0,0.000,0.000,-0.004,0.009,0.000,0.000,0.0000,PLAN,1,0.000,0.000,0,31.872,8.735,539,539,14580,5245,0,0,0.000,0,EXECUTING code=2,2
56.001,12.466,1.314,-0.1483,20.000,0.000,0,0.000,0.000,-0.005,-0.011,0.000,0.000,0.0000,PLAN,1,0.000,0.000,0,31.856,8.735,539,539,14534,5212,0,0,0.000,0,EXECUTING code=2,2
56.200,12.481,1.302,-0.1485,20.000,0.000,0,0.000,0.000,-0.005,0.004,0.000,0.000,0.0000,PLAN,0,0.000,0.000,0,nan,8.735,487,487,14527,5171,0,0,0.000,0,EXECUTING code=2,2
56.401,12.496,1.293,-0.1535,20.000,0.000,0,0.000,0.000,-0.004,-0.013,0.000,0.000,0.0000,PLAN,1,0.000,0.000,0,31.831,8.735,449,449,14525,5173,0,0,0.000,0,EXECUTING code=2,2
56.600,12.508,1.283,-0.1488,20.000,0.000,0,0.000,0.000,-0.005,-0.013,0.000,0.000,0.0000,PLAN,1,0.000,0.000,0,32.008,8.735,449,449,14525,5185,0,0,0.000,0,EXECUTING code=2,2
56.801,12.512,1.282,-0.1488,20.000,0.000,0,0.000,0.000,-0.009,-0.006,0.000,0.000,0.0000,PLAN,0,0.000,0.000,0,nan,8.735,397,397,14571,5185,0,0,0.000,0,EXECUTING code=2,2
57.001,12.516,1.280,-0.1483,20.000,0.000,0,0.000,0.000,-0.005,-0.002,0.000,0.000,0.0000,PLAN,0,0.000,0.000,0,nan,8.735,381,381,14659,5218,0,0,0.000,0,EXECUTING code=2,2
57.200,12.517,1.281,-0.1490,20.000,0.000,0,0.000,0.000,-0.006,0.000,0.000,0.000,0.0000,PLAN,0,0.000,0.000,0,nan,8.735,379,379,14770,5218,0,0,0.000,0,EXECUTING code=2,2
57.401,12.517,1.284,-0.1501,20.000,0.000,0,0.000,0.000,-0.003,-0.003,0.000,0.000,0.0000,PLAN,2,0.000,0.000,0,31.981,8.735,349,349,14863,5294,0,0,0.000,0,EXECUTING code=2,2
57.601,12.516,1.290,-0.1475,20.000,0.000,0,0.000,0.000,-0.005,-0.009,0.000,0.000,0.0000,PLAN,2,0.000,0.000,0,31.982,8.735,349,349,15005,5347,0,0,0.000,0,EXECUTING code=2,2
57.801,12.513,1.294,-0.1540,20.000,0.000,0,0.000,0.000,-0.002,0.019,0.000,0.000,0.0000,PLAN,2,0.000,0.000,0,31.994,8.735,391,391,15005,5420,0,0,0.000,0,EXECUTING code=2,2
58.000,12.508,1.294,-0.1556,20.000,0.000,0,0.000,0.000,-0.024,0.009,0.000,0.000,0.0000,PLAN,2,0.000,0.000,0,31.994,8.735,405,405,15014,5420,0,0,0.000,0,EXECUTING code=2,2
58.201,12.504,1.314,-0.1472,20.000,0.000,0,0.000,0.000,-0.032,0.003,0.000,0.000,0.0000,PLAN,1,0.000,0.000,0,31.645,8.735,430,430,15204,5433,0,0,0.000,0,EXECUTING code=2,2
58.401,12.462,1.366,-0.1478,20.000,0.000,0,0.000,0.000,-0.123,0.002,0.000,0.000,0.0000,PLAN,1,0.000,0.000,0,32.036,8.735,438,438,15204,5537,0,0,0.000,0,EXECUTING code=2,2
58.601,12.462,1.366,-0.1478,20.000,0.000,0,0.000,0.000,-0.123,0.002,0.000,0.000,0.0000,PLAN,1,0.000,0.000,0,32.036,8.735,438,438,15204,5537,0,0,0.000,0,EXECUTING code=2,2
58.800,12.427,1.393,-0.1488,20.000,0.000,0,0.000,0.000,-0.000,0.006,0.000,0.000,0.0000,PLAN,1,0.000,0.000,0,32.036,8.735,473,473,15281,5537,0,0,0.000,0,EXECUTING code=2,2
59.000,12.427,1.396,-0.1478,20.000,0.000,0,0.000,0.000,0.000,0.006,0.000,0.000,0.0000,PLAN,2,0.000,0.000,0,31.642,8.735,473,473,15281,5542,0,0,0.000,0,EXECUTING code=2,2
59.201,12.406,1.417,-0.1475,20.000,0.000,0,0.000,0.000,0.002,0.011,0.000,0.000,0.0000,PLAN,2,0.000,0.000,0,31.642,8.735,494,494,15367,5542,0,0,0.000,0,EXECUTING code=2,2
59.400,12.395,1.427,-0.1474,20.000,0.000,0,0.000,0.000,0.002,0.005,0.000,0.000,0.0000,PLAN,5,0.000,0.000,0,28.246,8.735,494,494,15380,5576,0,0,0.000,0,EXECUTING code=2,2
59.601,12.389,1.431,-0.1480,20.000,0.000,0,0.000,0.000,0.002,-0.013,0.000,0.000,0.0000,PLAN,7,0.000,0.000,0,27.940,8.735,500,500,15392,5600,0,0,0.000,0,EXECUTING code=2,2
59.801,12.389,1.431,-0.1480,20.000,0.000,0,0.000,0.000,0.002,-0.013,0.000,0.000,0.0000,PLAN,7,0.000,0.000,0,27.940,8.735,500,500,15392,5600,0,0,0.000,0,EXECUTING code=2,2
60.001,12.389,1.431,-0.1480,20.000,0.000,0,0.000,0.000,0.002,-0.013,0.000,0.000,0.0000,PLAN,7,0.000,0.000,0,27.940,8.735,500,500,15392,5600,0,0,0.000,0,EXECUTING code=2,2
60.201,12.389,1.431,-0.1480,20.000,0.000,0,0.000,0.000,0.002,-0.013,0.000,0.000,0.0000,PLAN,7,0.000,0.000,0,27.940,8.735,500,500,15392,5600,0,0,0.000,0,EXECUTING code=2,2
60.401,12.389,1.431,-0.1480,20.000,0.000,0,0.000,0.000,0.002,-0.013,0.000,0.000,0.0000,PLAN,7,0.000,0.000,0,27.940,8.735,500,500,15392,5600,0,0,0.000,0,EXECUTING code=2,2
60.600,12.389,1.431,-0.1480,20.000,0.000,0,0.000,0.000,0.002,-0.013,0.000,0.000,0.0000,PLAN,7,0.000,0.000,0,27.940,8.735,530,530,15392,5600,0,0,0.000,0,EXECUTING code=2,2
60.801,12.323,1.341,-0.1495,20.000,0.000,0,0.000,0.000,-0.000,-0.001,0.000,0.000,0.0000,PLAN,7,0.000,0.000,0,27.940,8.735,533,533,15127,5600,0,0,0.000,0,EXECUTING code=2,2
61.001,12.325,1.340,-0.1494,20.000,0.000,0,0.000,0.000,-0.000,-0.001,0.000,0.000,0.0000,PLAN,115,0.000,0.000,0,24.752,8.735,544,544,15127,5436,0,0,0.000,0,EXECUTING code=2,2
61.201,12.417,1.352,-0.1495,20.000,0.000,0,0.000,0.000,-0.000,-0.023,0.000,0.000,0.0000,PLAN,3,0.000,0.000,0,32.066,8.735,544,544,14822,5382,0,0,0.000,0,EXECUTING code=2,2
61.400,12.425,1.345,-0.1484,20.000,0.000,0,0.000,0.000,-0.003,-0.019,0.000,0.000,0.0000,PLAN,3,0.000,0.000,0,32.013,8.735,544,544,14822,5312,0,0,0.000,0,EXECUTING code=2,2
61.600,12.425,1.345,-0.1484,20.000,0.000,0,0.000,0.000,-0.003,-0.019,0.000,0.000,0.0000,PLAN,3,0.000,0.000,0,32.013,8.735,544,544,14822,5312,0,0,0.000,0,EXECUTING code=2,2
61.800,12.425,1.345,-0.1484,20.000,0.000,0,0.000,0.000,-0.003,-0.019,0.000,0.000,0.0000,PLAN,3,0.000,0.000,0,32.013,8.735,503,503,14550,5312,0,0,0.000,0,EXECUTING code=2,2
62.000,12.493,1.323,-0.1511,20.000,0.000,0,0.000,0.000,-0.003,0.006,0.000,0.000,0.0000,PLAN,1,0.000,0.000,0,31.794,8.735,494,494,14539,5175,0,0,0.000,0,EXECUTING code=2,2
62.200,12.505,1.307,-0.1515,20.000,0.000,0,0.000,0.000,-0.006,0.001,0.000,0.000,0.0000,PLAN,1,0.000,0.000,0,32.025,8.735,474,474,14539,5167,0,0,0.000,0,EXECUTING code=2,2
62.401,12.512,1.297,-0.1485,20.000,0.000,0,0.000,0.000,-0.005,-0.016,0.000,0.000,0.0000,PLAN,2,0.000,0.000,0,31.999,8.735,474,474,14539,5188,0,0,0.000,0,EXECUTING code=2,2
62.601,12.515,1.294,-0.1505,20.000,0.000,0,0.000,0.000,-0.003,-0.007,0.000,0.000,0.0000,PLAN,2,0.000,0.000,0,31.999,8.735,458,458,14576,5188,0,0,0.000,0,EXECUTING code=2,2
62.801,12.518,1.292,-0.1501,20.000,0.000,0,0.000,0.000,-0.004,0.000,0.000,0.000,0.0000,PLAN,1,0.000,0.000,0,31.732,8.735,450,450,14666,5194,0,0,0.000,0,EXECUTING code=2,2
63.001,12.515,1.289,-0.1486,20.000,0.000,0,0.000,0.000,-0.007,-0.028,0.000,0.000,0.0000,PLAN,0,0.000,0.000,0,nan,8.735,450,450,14815,5241,0,0,0.000,0,EXECUTING code=2,2
63.201,12.514,1.290,-0.1485,20.000,0.000,0,0.000,0.000,-0.003,-0.011,0.000,0.000,0.0000,PLAN,3,0.000,0.000,0,31.923,8.735,450,450,14815,5310,0,0,0.000,0,EXECUTING code=2,2
63.400,12.514,1.290,-0.1485,20.000,0.000,0,0.000,0.000,-0.003,-0.011,0.000,0.000,0.0000,PLAN,3,0.000,0.000,0,31.923,8.735,450,450,14815,5310,0,0,0.000,0,EXECUTING code=2,2
63.600,12.504,1.298,-0.1603,20.000,0.000,0,0.000,0.000,-0.005,-0.011,0.000,0.000,0.0000,PLAN,3,0.000,0.000,0,31.923,8.735,427,427,14997,5310,0,0,0.000,0,EXECUTING code=2,2
63.801,12.503,1.300,-0.1560,20.000,0.000,0,0.000,0.000,-0.003,-0.013,0.000,0.000,0.0000,PLAN,3,0.000,0.000,0,31.931,8.735,427,427,14997,5406,0,0,0.000,0,EXECUTING code=2,2
64.000,12.503,1.300,-0.1560,20.000,0.000,0,0.000,0.000,-0.003,-0.013,0.000,0.000,0.0000,PLAN,3,0.000,0.000,0,31.931,8.735,460,460,15311,5406,0,0,0.000,0,EXECUTING code=2,2
64.200,12.445,1.361,-0.1488,20.000,0.000,0,0.000,0.000,-0.129,0.004,0.000,0.000,0.0000,PLAN,1,0.000,0.000,0,32.059,8.735,460,460,15311,5566,0,0,0.000,0,EXECUTING code=2,2
64.401,12.445,1.361,-0.1488,20.000,0.000,0,0.000,0.000,-0.129,0.004,0.000,0.000,0.0000,PLAN,1,0.000,0.000,0,32.059,8.735,460,460,15311,5566,0,0,0.000,0,EXECUTING code=2,2
64.601,12.408,1.395,-0.1492,20.000,0.000,0,0.000,0.000,0.000,-0.022,0.000,0.000,0.0000,PLAN,1,0.000,0.000,0,32.059,8.735,483,483,15345,5566,0,0,0.000,0,EXECUTING code=2,2
64.801,12.405,1.407,-0.1484,20.000,0.000,0,0.000,0.000,0.003,-0.011,0.000,0.000,0.0000,PLAN,5,0.000,0.000,0,31.986,8.735,483,483,15346,5584,0,0,0.000,0,EXECUTING code=2,2
65.000,12.400,1.408,-0.1494,20.000,0.000,0,0.000,0.000,0.001,-0.003,0.000,0.000,0.0000,PLAN,5,0.000,0.000,0,31.986,8.735,489,489,15340,5584,0,0,0.000,0,EXECUTING code=2,2
65.201,12.397,1.418,-0.1483,20.000,0.000,0,0.000,0.000,0.002,-0.011,0.000,0.000,0.0000,PLAN,7,0.000,0.000,0,28.274,8.735,489,489,15340,5569,0,0,0.000,0,EXECUTING code=2,2
65.400,12.397,1.424,-0.1539,20.000,0.000,0,0.000,0.000,0.002,0.004,0.000,0.000,0.0000,PLAN,7,0.000,0.000,0,28.274,8.735,483,483,15363,5569,0,0,0.000,0,EXECUTING code=2,2
65.600,12.398,1.423,-0.1497,20.000,0.000,0,0.000,0.000,0.002,-0.016,0.000,0.000,0.0000,PLAN,4,0.000,0.000,0,31.707,8.735,483,483,15363,5571,0,0,0.000,0,EXECUTING code=2,2
65.801,12.404,1.430,-0.1495,20.000,0.000,0,0.000,0.000,0.001,0.002,0.000,0.000,0.0000,PLAN,3,0.000,0.000,0,32.151,8.735,472,472,15308,5556,0,0,0.000,0,EXECUTING code=2,2
66.001,12.409,1.435,-0.1502,20.000,0.000,0,0.000,0.000,0.000,-0.017,0.000,0.000,0.0000,PLAN,1,0.000,0.000,0,32.121,8.735,470,470,15319,5557,0,0,0.000,0,EXECUTING code=2,2
66.201,12.416,1.436,-0.1514,20.000,0.000,0,0.000,0.000,-0.001,-0.013,0.000,0.000,0.0000,PLAN,2,0.000,0.000,0,32.126,8.735,465,465,15292,5563,0,0,0.000,0,EXECUTING code=2,2
66.401,12.420,1.435,-0.1482,20.000,0.000,0,0.000,0.000,-0.002,-0.015,0.000,0.000,0.0000,PLAN,2,0.000,0.000,0,31.667,8.735,465,465,15104,5506,0,0,0.000,0,EXECUTING code=2,2
66.601,12.425,1.434,-0.1481,20.000,0.000,0,0.000,0.000,-0.002,-0.018,0.000,0.000,0.0000,PLAN,1,0.000,0.000,0,32.084,8.735,465,465,15104,5432,0,0,0.000,0,EXECUTING code=2,2
66.801,12.425,1.434,-0.1481,20.000,0.000,0,0.000,0.000,-0.002,-0.018,0.000,0.000,0.0000,PLAN,1,0.000,0.000,0,32.084,8.735,468,468,15034,5432,0,0,0.000,0,EXECUTING code=2,2
67.001,12.443,1.429,-0.1494,20.000,0.000,0,0.000,0.000,-0.002,0.015,0.000,0.000,0.0000,PLAN,2,0.000,0.000,0,31.687,8.735,467,467,15034,5413,0,0,0.000,0,EXECUTING code=2,2
67.201,12.450,1.423,-0.1484,20.000,0.000,0,0.000,0.000,-0.004,-0.015,0.000,0.000,0.0000,PLAN,3,0.000,0.000,0,31.927,8.735,459,459,15034,5373,0,0,0.000,0,EXECUTING code=2,2
67.400,12.460,1.414,-0.1474,20.000,0.000,0,0.000,0.000,-0.004,0.015,0.000,0.000,0.0000,PLAN,2,0.000,0.000,0,31.648,8.735,459,459,15034,5310,0,0,0.000,0,EXECUTING code=2,2
67.600,12.459,1.415,-0.1479,20.000,0.000,0,0.000,0.000,-0.019,0.004,0.000,0.000,0.0000,PLAN,2,0.000,0.000,0,31.648,8.735,458,458,14703,5310,0,0,0.000,0,EXECUTING code=2,2
67.800,12.470,1.401,-0.1479,20.000,0.000,0,0.000,0.000,-0.003,0.003,0.000,0.000,0.0000,PLAN,3,0.000,0.000,0,31.935,8.735,458,458,14670,5249,0,0,0.000,0,EXECUTING code=2,2
68.000,12.472,1.391,-0.1483,20.000,0.000,0,0.000,0.000,-0.004,0.003,0.000,0.000,0.0000,PLAN,3,0.000,0.000,0,31.935,8.735,467,467,14670,5249,0,0,0.000,0,EXECUTING code=2,2
68.200,12.479,1.386,-0.1502,20.000,0.000,0,0.000,0.000,-0.003,0.013,0.000,0.000,0.0000,PLAN,2,0.000,0.000,0,31.648,8.735,484,484,14731,5246,0,0,0.000,0,EXECUTING code=2,2
68.401,12.482,1.366,-0.1485,20.000,0.000,0,0.000,0.000,-0.004,-0.025,0.000,0.000,0.0000,PLAN,2,0.000,0.000,0,31.640,8.735,484,484,14731,5240,0,0,0.000,0,EXECUTING code=2,2
68.601,12.484,1.360,-0.1486,20.000,0.000,0,0.000,0.000,-0.003,0.006,0.000,0.000,0.0000,PLAN,3,0.000,0.000,0,31.912,8.735,491,491,14806,5302,0,0,0.000,0,EXECUTING code=2,2
68.801,12.484,1.355,-0.1477,20.000,0.000,0,0.000,0.000,-0.003,0.013,0.000,0.000,0.0000,PLAN,2,0.000,0.000,0,31.654,8.735,491,491,14806,5312,0,0,0.000,0,EXECUTING code=2,2
69.001,12.484,1.355,-0.1477,20.000,0.000,0,0.000,0.000,-0.003,0.013,0.000,0.000,0.0000,PLAN,2,0.000,0.000,0,31.654,8.735,491,491,14806,5312,0,0,0.000,0,EXECUTING code=2,2
69.201,12.471,1.346,-0.1427,20.000,0.000,0,0.000,0.000,-0.006,-0.012,0.000,0.000,0.0000,PLAN,2,0.000,0.000,0,31.654,8.735,491,491,15030,5312,0,0,0.000,0,EXECUTING code=2,2
69.400,12.464,1.340,-0.1536,20.000,0.000,0,0.000,0.000,-0.001,0.002,0.000,0.000,0.0000,PLAN,2,0.000,0.000,0,31.616,8.735,504,504,15078,5411,0,0,0.000,0,EXECUTING code=2,2
69.600,12.462,1.344,-0.1484,20.000,0.000,0,0.000,0.000,-0.001,-0.012,0.000,0.000,0.0000,PLAN,2,0.000,0.000,0,32.042,8.735,504,504,15078,5413,0,0,0.000,0,EXECUTING code=2,2
69.801,12.449,1.350,-0.1497,20.000,0.000,0,0.000,0.000,0.000,-0.007,0.000,0.000,0.0000,PLAN,1,0.000,0.000,0,32.096,8.735,481,481,15302,5561,0,0,0.000,0,EXECUTING code=2,2
70.001,12.438,1.356,-0.1510,20.000,0.000,0,0.000,0.000,0.001,0.002,0.000,0.000,0.0000,PLAN,1,0.000,0.000,0,32.096,8.735,481,481,15366,5561,0,0,0.000,0,EXECUTING code=2,2
70.200,12.432,1.357,-0.1535,20.000,0.000,0,0.000,0.000,0.000,-0.013,0.000,0.000,0.0000,PLAN,2,0.000,0.000,0,31.699,8.735,477,477,15399,5574,0,0,0.000,0,EXECUTING code=2,2
70.400,12.424,1.369,-0.1546,20.000,0.000,0,0.000,0.000,0.001,-0.009,0.000,0.000,0.0000,PLAN,4,0.000,0.000,0,31.689,8.735,478,478,15401,5587,0,0,0.000,0,EXECUTING code=2,2
70.601,12.420,1.372,-0.1542,20.000,0.000,0,0.000,0.000,0.001,0.004,0.000,0.000,0.0000,PLAN,3,0.000,0.000,0,32.113,8.735,477,477,15361,5623,0,0,0.000,0,EXECUTING code=2,2
70.801,12.418,1.379,-0.1520,20.000,0.000,0,0.000,0.000,0.002,-0.011,0.000,0.000,0.0000,PLAN,3,0.000,0.000,0,32.134,8.735,476,476,15361,5586,0,0,0.000,0,EXECUTING code=2,2
71.000,12.416,1.384,-0.1529,20.000,0.000,0,0.000,0.000,0.001,0.003,0.000,0.000,0.0000,PLAN,3,0.000,0.000,0,31.996,8.735,476,476,15351,5581,0,0,0.000,0,EXECUTING code=2,2
71.200,12.416,1.387,-0.1519,20.000,0.000,0,0.000,0.000,0.005,-0.026,0.000,0.000,0.0000,PLAN,3,0.000,0.000,0,31.975,8.735,471,471,15339,5577,0,0,0.000,0,EXECUTING code=2,2
71.401,12.417,1.391,-0.1516,20.000,0.000,0,0.000,0.000,0.001,-0.006,0.000,0.000,0.0000,PLAN,4,0.000,0.000,0,31.759,8.735,461,461,15339,5578,0,0,0.000,0,EXECUTING code=2,2
71.601,12.417,1.391,-0.1516,20.000,0.000,0,0.000,0.000,0.001,-0.006,0.000,0.000,0.0000,PLAN,4,0.000,0.000,0,31.759,8.735,461,461,15339,5578,0,0,0.000,0,EXECUTING code=2,2
71.800,12.417,1.391,-0.1516,20.000,0.000,0,0.000,0.000,0.001,-0.006,0.000,0.000,0.0000,PLAN,4,0.000,0.000,0,31.759,8.735,434,434,15184,5578,0,0,0.000,0,EXECUTING code=2,2
72.000,12.441,1.408,-0.1490,20.000,0.000,0,0.000,0.000,-0.001,-0.020,0.000,0.000,0.0000,PLAN,0,0.000,0.000,0,nan,8.735,434,434,15075,5477,0,0,0.000,0,EXECUTING code=2,2
72.200,12.449,1.414,-0.1488,20.000,0.000,0,0.000,0.000,-0.002,0.005,0.000,0.000,0.0000,PLAN,0,0.000,0.000,0,nan,8.735,406,406,15075,5435,0,0,0.000,0,EXECUTING code=2,2
72.400,12.449,1.414,-0.1488,20.000,0.000,0,0.000,0.000,-0.002,0.005,0.000,0.000,0.0000,PLAN,0,0.000,0.000,0,nan,8.735,395,395,15075,5435,0,0,0.000,0,EXECUTING code=2,2
72.600,12.449,1.414,-0.1488,20.000,0.000,0,0.000,0.000,-0.002,0.005,0.000,0.000,0.0000,PLAN,0,0.000,0.000,0,nan,8.735,395,395,15075,5435,0,0,0.000,0,EXECUTING code=2,2
72.801,12.449,1.414,-0.1488,20.000,0.000,0,0.000,0.000,-0.002,0.005,0.000,0.000,0.0000,PLAN,0,0.000,0.000,0,nan,8.735,379,379,14958,5435,0,0,0.000,0,EXECUTING code=2,2
73.001,12.486,1.412,-0.1473,20.000,0.000,0,0.000,0.000,-0.003,0.005,0.000,0.000,0.0000,PLAN,0,0.000,0.000,0,nan,8.735,392,392,14892,5394,0,0,0.000,0,EXECUTING code=2,2
73.201,12.498,1.399,-0.1470,20.000,0.000,0,0.000,0.000,-0.004,-0.007,0.000,0.000,0.0000,PLAN,2,0.000,0.000,0,31.888,8.735,413,413,14891,5351,0,0,0.000,0,EXECUTING code=2,2
73.401,12.502,1.392,-0.1521,20.000,0.000,0,0.000,0.000,-0.003,0.013,0.000,0.000,0.0000,PLAN,1,0.000,0.000,0,31.834,8.735,430,430,14891,5350,0,0,0.000,0,EXECUTING code=2,2
73.600,12.503,1.384,-0.1461,20.000,0.000,0,0.000,0.000,-0.012,-0.013,0.000,0.000,0.0000,PLAN,2,0.000,0.000,0,31.901,8.735,430,430,14891,5348,0,0,0.000,0,EXECUTING code=2,2
73.800,12.502,1.382,-0.1516,20.000,0.000,0,0.000,0.000,-0.004,0.021,0.000,0.000,0.0000,PLAN,2,0.000,0.000,0,31.643,8.735,445,445,14892,5340,0,0,0.000,0,EXECUTING code=2,2
74.001,12.500,1.374,-0.1471,20.000,0.000,0,0.000,0.000,-0.004,-0.001,0.000,0.000,0.0000,PLAN,0,0.000,0.000,0,nan,8.735,445,445,14914,5350,0,0,0.000,0,EXECUTING code=2,2
74.200,12.500,1.374,-0.1472,20.000,0.000,0,0.000,0.000,-0.003,-0.001,0.000,0.000,0.0000,PLAN,1,0.000,0.000,0,31.851,8.735,477,477,14914,5381,0,0,0.000,0,EXECUTING code=2,2
74.401,12.500,1.374,-0.1472,20.000,0.000,0,0.000,0.000,-0.003,-0.001,0.000,0.000,0.0000,PLAN,1,0.000,0.000,0,31.851,8.735,477,477,15036,5381,0,0,0.000,0,EXECUTING code=2,2
74.601,12.485,1.360,-0.1556,20.000,0.000,0,0.000,0.000,-0.001,-0.007,0.000,0.000,0.0000,PLAN,1,0.000,0.000,0,31.851,8.735,505,505,15036,5381,0,0,0.000,0,EXECUTING code=2,2
74.800,12.485,1.360,-0.1556,20.000,0.000,0,0.000,0.000,-0.001,-0.007,0.000,0.000,0.0000,PLAN,1,0.000,0.000,0,31.851,8.735,523,523,15070,5381,0,0,0.000,0,EXECUTING code=2,2
75.001,12.474,1.354,-0.1482,20.000,0.000,0,0.000,0.000,-0.002,0.009,0.000,0.000,0.0000,PLAN,0,0.000,0.000,0,nan,8.735,523,523,15070,5428,0,0,0.000,0,EXECUTING code=2,2
75.201,12.474,1.354,-0.1482,20.000,0.000,0,0.000,0.000,-0.002,0.009,0.000,0.000,0.0000,PLAN,0,0.000,0.000,0,nan,8.735,523,523,15070,5428,0,0,0.000,0,EXECUTING code=2,2
75.401,12.474,1.354,-0.1482,20.000,0.000,0,0.000,0.000,-0.002,0.009,0.000,0.000,0.0000,PLAN,0,0.000,0.000,0,nan,8.735,523,523,15289,5428,0,0,0.000,0,EXECUTING code=2,2
75.600,12.453,1.354,-0.1514,20.000,0.000,0,0.000,0.000,-0.003,0.016,0.000,0.000,0.0000,PLAN,0,0.000,0.000,0,nan,8.735,523,523,15289,5428,0,0,0.000,0,EXECUTING code=2,2
75.800,12.453,1.354,-0.1514,20.000,0.000,0,0.000,0.000,-0.003,0.016,0.000,0.000,0.0000,PLAN,0,0.000,0.000,0,nan,8.735,523,523,15289,5428,0,0,0.000,0,EXECUTING code=2,2
76.000,12.437,1.354,-0.1539,20.000,0.000,0,0.000,0.000,-0.001,0.007,0.000,0.000,0.0000,PLAN,3,0.000,0.000,0,31.938,8.735,533,533,15374,5543,0,0,0.000,0,EXECUTING code=2,2
76.201,12.424,1.362,-0.1526,20.000,0.000,0,0.000,0.000,-0.000,0.007,0.000,0.000,0.0000,PLAN,3,0.000,0.000,0,31.965,8.735,512,512,15361,5581,0,0,0.000,0,EXECUTING code=2,2
76.401,12.420,1.373,-0.1529,20.000,0.000,0,0.000,0.000,-0.000,-0.025,0.000,0.000,0.0000,PLAN,1,0.000,0.000,0,31.689,8.735,486,486,15361,5602,0,0,0.000,0,EXECUTING code=2,2
76.601,12.420,1.375,-0.1525,20.000,0.000,0,0.000,0.000,0.001,-0.014,0.000,0.000,0.0000,PLAN,2,0.000,0.000,0,31.993,8.735,469,469,15290,5568,0,0,0.000,0,EXECUTING code=2,2
76.801,12.420,1.377,-0.1510,20.000,0.000,0,0.000,0.000,0.000,0.016,0.000,0.000,0.0000,PLAN,2,0.000,0.000,0,31.993,8.735,469,469,15290,5568,0,0,0.000,0,EXECUTING code=2,2
77.001,12.420,1.377,-0.1510,20.000,0.000,0,0.000,0.000,0.000,0.016,0.000,0.000,0.0000,PLAN,1,0.000,0.000,0,31.948,8.735,469,469,15290,5541,0,0,0.000,0,EXECUTING code=2,2
77.200,12.420,1.377,-0.1510,20.000,0.000,0,0.000,0.000,0.000,0.016,0.000,0.000,0.0000,PLAN,1,0.000,0.000,0,31.948,8.735,469,469,15290,5541,0,0,0.000,0,EXECUTING code=2,2
77.401,12.420,1.377,-0.1510,20.000,0.000,0,0.000,0.000,0.000,0.016,0.000,0.000,0.0000,PLAN,1,0.000,0.000,0,31.948,8.735,469,469,15290,5541,0,0,0.000,0,EXECUTING code=2,2
77.601,12.420,1.377,-0.1510,20.000,0.000,0,0.000,0.000,0.000,0.016,0.000,0.000,0.0000,PLAN,1,0.000,0.000,0,31.948,8.735,405,405,15290,5541,0,0,0.000,0,EXECUTING code=2,2
77.801,12.420,1.377,-0.1510,20.000,0.000,0,0.000,0.000,0.000,0.016,0.000,0.000,0.0000,PLAN,1,0.000,0.000,0,31.948,8.735,405,405,15290,5541,0,0,0.000,0,EXECUTING code=2,2
78.001,12.475,1.422,-0.1510,20.000,0.000,0,0.000,0.000,0.003,-0.003,0.000,0.000,0.0000,PLAN,1,0.000,0.000,0,31.948,8.735,405,405,14965,5541,0,0,0.000,0,EXECUTING code=2,2
78.200,12.493,1.395,-0.1548,20.000,0.000,0,0.000,0.000,-0.002,0.008,0.000,0.000,0.0000,PLAN,0,0.000,0.000,0,nan,8.735,370,370,14985,5383,0,0,0.000,0,EXECUTING code=2,2
78.400,12.503,1.386,-0.1453,20.000,0.000,0,0.000,0.000,-0.004,0.002,0.000,0.000,0.0000,PLAN,1,0.000,0.000,0,31.836,8.735,369,369,14977,5394,0,0,0.000,0,EXECUTING code=2,2
78.600,12.505,1.383,-0.1496,20.000,0.000,0,0.000,0.000,-0.004,0.006,0.000,0.000,0.0000,PLAN,1,0.000,0.000,0,31.831,8.735,369,369,14977,5385,0,0,0.000,0,EXECUTING code=2,2
78.800,12.505,1.383,-0.1496,20.000,0.000,0,0.000,0.000,-0.004,0.006,0.000,0.000,0.0000,PLAN,1,0.000,0.000,0,31.831,8.735,378,378,14997,5385,0,0,0.000,0,EXECUTING code=2,2
79.001,12.503,1.383,-0.1484,20.000,0.000,0,0.000,0.000,-0.004,0.004,0.000,0.000,0.0000,PLAN,0,0.000,0.000,0,nan,8.735,378,378,14997,5400,0,0,0.000,0,EXECUTING code=2,2
79.201,12.499,1.382,-0.1528,20.000,0.000,0,0.000,0.000,-0.003,-0.005,0.000,0.000,0.0000,PLAN,0,0.000,0.000,0,nan,8.735,395,395,15017,5400,0,0,0.000,0,EXECUTING code=2,2
79.401,12.500,1.380,-0.1510,20.000,0.000,0,0.000,0.000,-0.002,-0.010,0.000,0.000,0.0000,PLAN,0,0.000,0.000,0,nan,8.735,395,395,15017,5424,0,0,0.000,0,EXECUTING code=2,2
79.601,12.498,1.380,-0.1478,20.000,0.000,0,0.000,0.000,-0.006,0.005,0.000,0.000,0.0000,PLAN,0,0.000,0.000,0,nan,8.735,435,435,15003,5424,0,0,0.000,0,EXECUTING code=2,2
79.800,12.488,1.378,-0.1508,20.000,0.000,0,0.000,0.000,-0.002,0.010,0.000,0.000,0.0000,PLAN,0,0.000,0.000,0,nan,8.735,452,452,15003,5398,0,0,0.000,0,EXECUTING code=2,2
80.001,12.488,1.378,-0.1508,20.000,0.000,0,0.000,0.000,-0.002,0.010,0.000,0.000,0.0000,PLAN,0,0.000,0.000,0,nan,8.735,465,465,15003,5398,0,0,0.000,0,EXECUTING code=2,2
80.200,12.488,1.378,-0.1508,20.000,0.000,0,0.000,0.000,-0.002,0.010,0.000,0.000,0.0000,PLAN,0,0.000,0.000,0,nan,8.735,465,465,15003,5398,0,0,0.000,0,EXECUTING code=2,2
80.401,12.488,1.378,-0.1508,20.000,0.000,0,0.000,0.000,-0.002,0.010,0.000,0.000,0.0000,PLAN,0,0.000,0.000,0,nan,8.735,465,465,15003,5398,0,0,0.000,0,EXECUTING code=2,2
80.601,12.444,1.365,-0.1527,20.000,0.000,0,0.000,0.000,-0.003,-0.017,0.000,0.000,0.0000,PLAN,0,0.000,0.000,0,nan,8.735,542,542,15352,5398,0,0,0.000,0,EXECUTING code=2,2
80.801,12.431,1.371,-0.1529,20.000,0.000,0,0.000,0.000,0.000,-0.004,0.000,0.000,0.0000,PLAN,2,0.000,0.000,0,31.953,8.735,542,542,15352,5559,0,0,0.000,0,EXECUTING code=2,2
81.000,12.431,1.372,-0.1519,20.000,0.000,0,0.000,0.000,0.004,0.015,0.000,0.000,0.0000,PLAN,2,0.000,0.000,0,31.953,8.735,554,554,15343,5559,0,0,0.000,0,EXECUTING code=2,2
81.201,12.426,1.369,-0.1525,20.000,0.000,0,0.000,0.000,0.000,0.017,0.000,0.000,0.0000,PLAN,3,0.000,0.000,0,31.982,8.735,554,554,15343,5576,0,0,0.000,0,EXECUTING code=2,2
81.401,12.425,1.370,-0.1517,20.000,0.000,0,0.000,0.000,-0.000,0.002,0.000,0.000,0.0000,PLAN,3,0.000,0.000,0,31.982,8.735,548,548,15259,5576,0,0,0.000,0,EXECUTING code=2,2
81.601,12.426,1.369,-0.1518,20.000,0.000,0,0.000,0.000,-0.000,0.007,0.000,0.000,0.0000,PLAN,3,0.000,0.000,0,31.989,8.735,548,548,15259,5536,0,0,0.000,0,EXECUTING code=2,2
81.800,12.426,1.369,-0.1518,20.000,0.000,0,0.000,0.000,0.000,0.007,0.000,0.000,0.0000,PLAN,1,0.000,0.000,0,31.994,8.735,548,548,15259,5541,0,0,0.000,0,EXECUTING code=2,2
82.001,12.426,1.369,-0.1518,20.000,0.000,0,0.000,0.000,0.000,0.007,0.000,0.000,0.0000,PLAN,1,0.000,0.000,0,31.994,8.735,514,514,15259,5541,0,0,0.000,0,EXECUTING code=2,2
82.200,12.433,1.371,-0.1541,20.000,0.000,0,0.000,0.000,0.006,-0.015,0.000,0.000,0.0000,PLAN,1,0.000,0.000,0,31.994,8.735,499,499,15035,5541,0,0,0.000,0,EXECUTING code=2,2
82.401,12.438,1.375,-0.1537,20.000,0.000,0,0.000,0.000,-0.000,0.022,0.000,0.000,0.0000,PLAN,0,0.000,0.000,0,nan,8.735,486,486,15015,5406,0,0,0.000,0,EXECUTING code=2,2
82.601,12.440,1.373,-0.1521,20.000,0.000,0,0.000,0.000,-0.001,-0.015,0.000,0.000,0.0000,PLAN,0,0.000,0.000,0,nan,8.735,486,486,15015,5397,0,0,0.000,0,EXECUTING code=2,2
82.800,12.440,1.373,-0.1521,20.000,0.000,0,0.000,0.000,-0.001,-0.015,0.000,0.000,0.0000,PLAN,0,0.000,0.000,0,nan,8.735,486,486,15015,5397,0,0,0.000,0,EXECUTING code=2,2
83.001,12.440,1.373,-0.1521,20.000,0.000,0,0.000,0.000,-0.001,-0.015,0.000,0.000,0.0000,PLAN,0,0.000,0.000,0,nan,8.735,408,408,15015,5397,0,0,0.000,0,EXECUTING code=2,2
83.201,12.440,1.373,-0.1521,20.000,0.000,0,0.000,0.000,-0.001,-0.015,0.000,0.000,0.0000,PLAN,0,0.000,0.000,0,nan,8.735,403,403,15015,5397,0,0,0.000,0,EXECUTING code=2,2
83.401,12.440,1.373,-0.1521,20.000,0.000,0,0.000,0.000,-0.001,-0.015,0.000,0.000,0.0000,PLAN,0,0.000,0.000,0,nan,8.735,388,388,15015,5397,0,0,0.000,0,EXECUTING code=2,2
83.601,12.472,1.385,-0.1515,20.000,0.000,0,0.000,0.000,-0.001,-0.024,0.000,0.000,0.0000,PLAN,1,0.000,0.000,0,31.862,8.735,384,384,15015,5424,0,0,0.000,0,EXECUTING code=2,2
83.801,12.475,1.380,-0.1491,20.000,0.000,0,0.000,0.000,-0.003,-0.015,0.000,0.000,0.0000,PLAN,0,0.000,0.000,0,nan,8.735,387,387,15036,5436,0,0,0.000,0,EXECUTING code=2,2
84.001,12.476,1.379,-0.1471,20.000,0.000,0,0.000,0.000,-0.003,0.013,0.000,0.000,0.0000,PLAN,0,0.000,0.000,0,nan,8.735,387,387,15036,5435,0,0,0.000,0,EXECUTING code=2,2
84.200,12.476,1.379,-0.1471,20.000,0.000,0,0.000,0.000,-0.003,0.013,0.000,0.000,0.0000,PLAN,0,0.000,0.000,0,nan,8.735,387,387,15036,5435,0,0,0.000,0,EXECUTING code=2,2
84.400,12.476,1.379,-0.1492,20.000,0.000,0,0.000,0.000,-0.002,0.009,0.000,0.000,0.0000,PLAN,0,0.000,0.000,0,nan,8.735,410,410,14991,5435,0,0,0.000,0,EXECUTING code=2,2
84.600,12.474,1.380,-0.1524,20.000,0.000,0,0.000,0.000,-0.001,-0.017,0.000,0.000,0.0000,PLAN,1,0.000,0.000,0,31.859,8.735,410,410,14991,5389,0,0,0.000,0,EXECUTING code=2,2
84.800,12.474,1.380,-0.1548,20.000,0.000,0,0.000,0.000,-0.001,-0.029,0.000,0.000,0.0000,PLAN,1,0.000,0.000,0,31.859,8.735,429,429,15066,5389,0,0,0.000,0,EXECUTING code=2,2
85.001,12.469,1.380,-0.1483,20.000,0.000,0,0.000,0.000,-0.000,-0.023,0.000,0.000,0.0000,PLAN,0,0.000,0.000,0,nan,8.735,442,442,15102,5425,0,0,0.000,0,EXECUTING code=2,2
85.201,12.468,1.381,-0.1478,20.000,0.000,0,0.000,0.000,-0.000,0.003,0.000,0.000,0.0000,PLAN,0,0.000,0.000,0,nan,8.735,442,442,15102,5454,0,0,0.000,0,EXECUTING code=2,2
85.401,12.468,1.381,-0.1478,20.000,0.000,0,0.000,0.000,-0.000,0.003,0.000,0.000,0.0000,PLAN,0,0.000,0.000,0,nan,8.735,460,460,15287,5454,0,0,0.000,0,EXECUTING code=2,2
85.600,12.455,1.383,-0.1528,20.000,0.000,0,0.000,0.000,0.000,0.030,0.000,0.000,0.0000,PLAN,1,0.000,0.000,0,31.923,8.735,462,462,15301,5535,0,0,0.000,0,EXECUTING code=2,2
85.801,12.450,1.384,-0.1509,20.000,0.000,0,0.000,0.000,0.000,0.021,0.000,0.000,0.0000,PLAN,1,0.000,0.000,0,31.833,8.735,462,462,15315,5540,0,0,0.000,0,EXECUTING code=2,2
86.000,12.444,1.386,-0.1526,20.000,0.000,0,0.000,0.000,0.001,-0.012,0.000,0.000,0.0000,PLAN,2,0.000,0.000,0,31.963,8.735,462,462,15315,5560,0,0,0.000,0,EXECUTING code=2,2
86.201,12.444,1.386,-0.1526,20.000,0.000,0,0.000,0.000,0.001,-0.012,0.000,0.000,0.0000,PLAN,2,0.000,0.000,0,31.963,8.735,462,462,15315,5560,0,0,0.000,0,EXECUTING code=2,2
86.400,12.438,1.386,-0.1525,20.000,0.000,0,0.000,0.000,-0.001,-0.005,0.000,0.000,0.0000,PLAN,2,0.000,0.000,0,31.963,8.735,485,485,15324,5560,0,0,0.000,0,EXECUTING code=2,2
86.600,12.437,1.387,-0.1522,20.000,0.000,0,0.000,0.000,-0.000,-0.027,0.000,0.000,0.0000,PLAN,2,0.000,0.000,0,31.977,8.735,493,493,15277,5568,0,0,0.000,0,EXECUTING code=2,2
86.801,12.436,1.384,-0.1512,20.000,0.000,0,0.000,0.000,-0.000,0.009,0.000,0.000,0.0000,PLAN,1,0.000,0.000,0,31.921,8.735,493,493,15195,5531,0,0,0.000,0,EXECUTING code=2,2
87.000,12.435,1.383,-0.1489,20.000,0.000,0,0.000,0.000,-0.001,-0.003,0.000,0.000,0.0000,PLAN,0,0.000,0.000,0,nan,8.735,493,493,15195,5499,0,0,0.000,0,EXECUTING code=2,2
87.201,12.435,1.383,-0.1489,20.000,0.000,0,0.000,0.000,-0.001,-0.003,0.000,0.000,0.0000,PLAN,0,0.000,0.000,0,nan,8.735,501,501,15195,5499,0,0,0.000,0,EXECUTING code=2,2
87.400,12.438,1.383,-0.1519,20.000,0.000,0,0.000,0.000,0.000,0.012,0.000,0.000,0.0000,PLAN,0,0.000,0.000,0,nan,8.735,493,493,15023,5499,0,0,0.000,0,EXECUTING code=2,2
87.601,12.441,1.380,-0.1510,20.000,0.000,0,0.000,0.000,-0.002,-0.026,0.000,0.000,0.0000,PLAN,0,0.000,0.000,0,nan,8.735,493,493,15006,5393,0,0,0.000,0,EXECUTING code=2,2
87.801,12.445,1.378,-0.1525,20.000,0.000,0,0.000,0.000,-0.001,-0.024,0.000,0.000,0.0000,PLAN,0,0.000,0.000,0,nan,8.735,488,488,15006,5392,0,0,0.000,0,EXECUTING code=2,2
88.001,12.446,1.376,-0.1486,20.000,0.000,0,0.000,0.000,-0.002,-0.026,0.000,0.000,0.0000,PLAN,1,0.000,0.000,0,31.896,8.735,481,481,15054,5415,0,0,0.000,0,EXECUTING code=2,2
88.200,12.446,1.376,-0.1486,20.000,0.000,0,0.000,0.000,-0.002,-0.026,0.000,0.000,0.0000,PLAN,1,0.000,0.000,0,31.896,8.735,481,481,15054,5415,0,0,0.000,0,EXECUTING code=2,2
88.401,12.446,1.376,-0.1486,20.000,0.000,0,0.000,0.000,-0.002,-0.026,0.000,0.000,0.0000,PLAN,1,0.000,0.000,0,31.896,8.735,481,481,15054,5415,0,0,0.000,0,EXECUTING code=2,2
88.601,12.446,1.376,-0.1486,20.000,0.000,0,0.000,0.000,-0.002,-0.026,0.000,0.000,0.0000,PLAN,1,0.000,0.000,0,31.896,8.735,481,481,15054,5415,0,0,0.000,0,EXECUTING code=2,2
88.801,12.446,1.376,-0.1486,20.000,0.000,0,0.000,0.000,-0.002,-0.026,0.000,0.000,0.0000,PLAN,1,0.000,0.000,0,31.896,8.735,481,481,15054,5415,0,0,0.000,0,EXECUTING code=2,2
89.001,12.446,1.376,-0.1486,20.000,0.000,0,0.000,0.000,-0.002,-0.026,0.000,0.000,0.0000,PLAN,1,0.000,0.000,0,31.896,8.735,481,481,15054,5415,0,0,0.000,0,EXECUTING code=2,2
89.200,12.468,1.361,-0.1516,20.000,0.000,0,0.000,0.000,-0.000,0.011,0.000,0.000,0.0000,PLAN,1,0.000,0.000,0,31.896,8.735,481,481,15071,5415,0,0,0.000,0,EXECUTING code=2,2
89.401,12.459,1.363,-0.1510,20.000,0.000,0,0.000,0.000,-0.002,-0.012,0.000,0.000,0.0000,PLAN,1,0.000,0.000,0,31.896,8.735,481,481,15021,5415,0,0,0.000,0,EXECUTING code=2,2
89.601,12.462,1.359,-0.1495,20.000,0.000,0,0.000,0.000,-0.002,0.037,0.000,0.000,0.0000,PLAN,0,0.000,0.000,0,nan,8.735,481,481,15021,5425,0,0,0.000,0,EXECUTING code=2,2
89.800,12.462,1.359,-0.1495,20.000,0.000,0,0.000,0.000,-0.002,0.037,0.000,0.000,0.0000,PLAN,0,0.000,0.000,0,nan,8.735,439,439,15021,5425,0,0,0.000,0,EXECUTING code=2,2
90.001,12.462,1.359,-0.1495,20.000,0.000,0,0.000,0.000,-0.002,0.037,0.000,0.000,0.0000,PLAN,0,0.000,0.000,0,nan,8.735,439,439,15021,5425,0,0,0.000,0,EXECUTING code=2,2
90.200,12.462,1.359,-0.1495,20.000,0.000,0,0.000,0.000,-0.002,0.037,0.000,0.000,0.0000,PLAN,0,0.000,0.000,0,nan,8.735,439,439,15021,5425,0,0,0.000,0,EXECUTING code=2,2
90.400,12.462,1.359,-0.1495,20.000,0.000,0,0.000,0.000,-0.002,0.037,0.000,0.000,0.0000,PLAN,0,0.000,0.000,0,nan,8.735,451,451,15021,5425,0,0,0.000,0,EXECUTING code=2,2
90.600,12.440,1.371,-0.1522,20.000,0.000,0,0.000,0.000,-0.000,-0.033,0.000,0.000,0.0000,PLAN,1,0.000,0.000,0,31.925,8.735,451,451,15021,5522,0,0,0.000,0,EXECUTING code=2,2
90.800,12.432,1.371,-0.1525,20.000,0.000,0,0.000,0.000,-0.001,-0.003,0.000,0.000,0.0000,PLAN,1,0.000,0.000,0,31.925,8.735,458,458,15273,5522,0,0,0.000,0,EXECUTING code=2,2
91.001,12.432,1.380,-0.1493,20.000,0.000,0,0.000,0.000,0.000,0.004,0.000,0.000,0.0000,PLAN,1,0.000,0.000,0,31.854,8.735,459,459,15273,5537,0,0,0.000,0,EXECUTING code=2,2
91.201,12.432,1.380,-0.1493,20.000,0.000,0,0.000,0.000,0.000,0.004,0.000,0.000,0.0000,PLAN,1,0.000,0.000,0,31.854,8.735,459,459,15273,5537,0,0,0.000,0,EXECUTING code=2,2
91.400,12.430,1.384,-0.1520,20.000,0.000,0,0.000,0.000,-0.000,-0.001,0.000,0.000,0.0000,PLAN,1,0.000,0.000,0,31.854,8.735,459,459,15286,5537,0,0,0.000,0,EXECUTING code=2,2
91.601,12.429,1.387,-0.1530,20.000,0.000,0,0.000,0.000,0.001,-0.027,0.000,0.000,0.0000,PLAN,1,0.000,0.000,0,31.844,8.735,459,459,15286,5548,0,0,0.000,0,EXECUTING code=2,2
91.800,12.429,1.387,-0.1530,20.000,0.000,0,0.000,0.000,0.001,-0.027,0.000,0.000,0.0000,PLAN,1,0.000,0.000,0,31.844,8.735,454,454,15286,5548,0,0,0.000,0,EXECUTING code=2,2
92.000,12.429,1.387,-0.1530,20.000,0.000,0,0.000,0.000,0.001,-0.027,0.000,0.000,0.0000,PLAN,1,0.000,0.000,0,31.844,8.735,454,454,15286,5548,0,0,0.000,0,EXECUTING code=2,2
92.200,12.439,1.405,-0.1539,20.000,0.000,0,0.000,0.000,0.001,-0.016,0.000,0.000,0.0000,PLAN,1,0.000,0.000,0,31.844,8.735,440,440,15068,5548,0,0,0.000,0,EXECUTING code=2,2
92.401,12.454,1.393,-0.1513,20.000,0.000,0,0.000,0.000,-0.001,-0.020,0.000,0.000,0.0000,PLAN,1,0.000,0.000,0,31.904,8.735,440,440,15068,5438,0,0,0.000,0,EXECUTING code=2,2
92.600,12.456,1.393,-0.1510,20.000,0.000,0,0.000,0.000,-0.002,-0.018,0.000,0.000,0.0000,PLAN,1,0.000,0.000,0,31.904,8.735,426,426,15041,5438,0,0,0.000,0,EXECUTING code=2,2
92.801,12.456,1.394,-0.1510,20.000,0.000,0,0.000,0.000,-0.001,0.015,0.000,0.000,0.0000,PLAN,1,0.000,0.000,0,31.895,8.735,426,426,15004,5421,0,0,0.000,0,EXECUTING code=2,2
93.001,12.459,1.393,-0.1483,20.000,0.000,0,0.000,0.000,-0.002,0.020,0.000,0.000,0.0000,PLAN,0,0.000,0.000,0,nan,8.735,426,426,15004,5408,0,0,0.000,0,EXECUTING code=2,2
93.200,12.462,1.391,-0.1496,20.000,0.000,0,0.000,0.000,-0.003,-0.010,0.000,0.000,0.0000,PLAN,0,0.000,0.000,0,nan,8.735,418,418,15029,5408,0,0,0.000,0,EXECUTING code=2,2
93.400,12.464,1.389,-0.1515,20.000,0.000,0,0.000,0.000,-0.001,0.010,0.000,0.000,0.0000,PLAN,0,0.000,0.000,0,nan,8.735,417,417,15038,5407,0,0,0.000,0,EXECUTING code=2,2
93.601,12.465,1.388,-0.1501,20.000,0.000,0,0.000,0.000,-0.002,0.034,0.000,0.000,0.0000,PLAN,0,0.000,0.000,0,nan,8.735,417,417,15038,5426,0,0,0.000,0,EXECUTING code=2,2
93.801,12.466,1.384,-0.1550,20.000,0.000,0,0.000,0.000,-0.005,0.026,0.000,0.000,0.0000,PLAN,0,0.000,0.000,0,nan,8.735,443,443,15056,5426,0,0,0.000,0,EXECUTING code=2,2
94.000,12.467,1.381,-0.1516,20.000,0.000,0,0.000,0.000,-0.001,0.012,0.000,0.000,0.0000,PLAN,1,0.000,0.000,0,31.846,8.735,463,463,15056,5421,0,0,0.000,0,EXECUTING code=2,2
94.201,12.468,1.377,-0.1514,20.000,0.000,0,0.000,0.000,-0.002,0.005,0.000,0.000,0.0000,PLAN,0,0.000,0.000,0,nan,8.735,471,471,15061,5431,0,0,0.000,0,EXECUTING code=2,2
94.401,12.467,1.375,-0.1521,20.000,0.000,0,0.000,0.000,-0.002,0.009,0.000,0.000,0.0000,PLAN,1,0.000,0.000,0,31.864,8.735,485,485,15032,5432,0,0,0.000,0,EXECUTING code=2,2
94.601,12.466,1.374,-0.1495,20.000,0.000,0,0.000,0.000,-0.004,-0.028,0.000,0.000,0.0000,PLAN,0,0.000,0.000,0,nan,8.735,485,485,15032,5410,0,0,0.000,0,EXECUTING code=2,2
94.800,12.465,1.370,-0.1494,20.000,0.000,0,0.000,0.000,-0.002,-0.006,0.000,0.000,0.0000,PLAN,1,0.000,0.000,0,31.882,8.735,485,485,15031,5410,0,0,0.000,0,EXECUTING code=2,2
95.001,12.465,1.370,-0.1494,20.000,0.000,0,0.000,0.000,-0.002,-0.006,0.000,0.000,0.0000,PLAN,1,0.000,0.000,0,31.882,8.735,485,485,15031,5410,0,0,0.000,0,EXECUTING code=2,2
95.200,12.465,1.370,-0.1494,20.000,0.000,0,0.000,0.000,-0.002,-0.006,0.000,0.000,0.0000,PLAN,1,0.000,0.000,0,31.882,8.735,485,485,15031,5410,0,0,0.000,0,EXECUTING code=2,2
95.401,12.465,1.370,-0.1494,20.000,0.000,0,0.000,0.000,-0.002,-0.006,0.000,0.000,0.0000,PLAN,1,0.000,0.000,0,31.882,8.735,527,527,15122,5410,0,0,0.000,0,EXECUTING code=2,2
95.601,12.440,1.354,-0.1531,20.000,0.000,0,0.000,0.000,-0.000,-0.008,0.000,0.000,0.0000,PLAN,1,0.000,0.000,0,31.923,8.735,527,527,15122,5477,0,0,0.000,0,EXECUTING code=2,2
95.800,12.440,1.354,-0.1531,20.000,0.000,0,0.000,0.000,-0.000,-0.008,0.000,0.000,0.0000,PLAN,1,0.000,0.000,0,31.923,8.735,527,527,15122,5477,0,0,0.000,0,EXECUTING code=2,2
96.001,12.441,1.356,-0.1573,20.000,0.000,0,0.000,0.000,0.004,0.009,0.000,0.000,0.0000,PLAN,1,0.000,0.000,0,31.923,8.735,526,526,15183,5477,0,0,0.000,0,EXECUTING code=2,2
96.200,12.430,1.357,-0.1515,20.000,0.000,0,0.000,0.000,0.000,0.024,0.000,0.000,0.0000,PLAN,1,0.000,0.000,0,31.926,8.735,522,522,15183,5504,0,0,0.000,0,EXECUTING code=2,2
96.401,12.428,1.358,-0.1500,20.000,0.000,0,0.000,0.000,0.000,-0.023,0.000,0.000,0.0000,PLAN,0,0.000,0.000,0,nan,8.735,518,518,15180,5487,0,0,0.000,0,EXECUTING code=2,2
96.601,12.428,1.358,-0.1495,20.000,0.000,0,0.000,0.000,0.000,0.020,0.000,0.000,0.0000,PLAN,1,0.000,0.000,0,31.955,8.735,488,488,15180,5494,0,0,0.000,0,EXECUTING code=2,2
96.800,12.428,1.361,-0.1521,20.000,0.000,0,0.000,0.000,0.000,0.015,0.000,0.000,0.0000,PLAN,0,0.000,0.000,0,nan,8.735,488,488,15180,5475,0,0,0.000,0,EXECUTING code=2,2
97.000,12.428,1.361,-0.1521,20.000,0.000,0,0.000,0.000,0.000,0.015,0.000,0.000,0.0000,PLAN,0,0.000,0.000,0,nan,8.735,458,458,15180,5475,0,0,0.000,0,EXECUTING code=2,2
97.200,12.428,1.361,-0.1521,20.000,0.000,0,0.000,0.000,0.000,0.015,0.000,0.000,0.0000,PLAN,0,0.000,0.000,0,nan,8.735,444,444,15180,5475,0,0,0.000,0,EXECUTING code=2,2
97.401,12.428,1.361,-0.1521,20.000,0.000,0,0.000,0.000,0.000,0.015,0.000,0.000,0.0000,PLAN,0,0.000,0.000,0,nan,8.735,419,419,15011,5475,0,0,0.000,0,EXECUTING code=2,2
97.601,12.446,1.380,-0.1506,20.000,0.000,0,0.000,0.000,-0.001,-0.029,0.000,0.000,0.0000,PLAN,0,0.000,0.000,0,nan,8.735,419,419,15011,5421,0,0,0.000,0,EXECUTING code=2,2
97.801,12.452,1.385,-0.1532,20.000,0.000,0,0.000,0.000,-0.000,-0.009,0.000,0.000,0.0000,PLAN,0,0.000,0.000,0,nan,8.735,399,399,14993,5421,0,0,0.000,0,EXECUTING code=2,2
98.000,12.457,1.386,-0.1498,20.000,0.000,0,0.000,0.000,-0.002,-0.023,0.000,0.000,0.0000,PLAN,0,0.000,0.000,0,nan,8.735,393,393,14993,5411,0,0,0.000,0,EXECUTING code=2,2
98.200,12.457,1.386,-0.1498,20.000,0.000,0,0.000,0.000,-0.002,-0.023,0.000,0.000,0.0000,PLAN,1,0.000,0.000,0,31.883,8.735,393,393,14993,5411,0,0,0.000,0,EXECUTING code=2,2
98.401,12.457,1.386,-0.1498,20.000,0.000,0,0.000,0.000,-0.002,-0.023,0.000,0.000,0.0000,PLAN,1,0.000,0.000,0,31.883,8.735,393,393,14993,5411,0,0,0.000,0,EXECUTING code=2,2
98.601,12.474,1.397,-0.1510,20.000,0.000,0,0.000,0.000,-0.004,-0.034,0.000,0.000,0.0000,PLAN,1,0.000,0.000,0,31.883,8.735,393,393,14942,5411,0,0,0.000,0,EXECUTING code=2,2
98.800,12.476,1.403,-0.1524,20.000,0.000,0,0.000,0.000,-0.001,0.021,0.000,0.000,0.0000,PLAN,1,0.000,0.000,0,31.839,8.735,382,382,14968,5367,0,0,0.000,0,EXECUTING code=2,2
99.000,12.477,1.401,-0.1511,20.000,0.000,0,0.000,0.000,-0.002,-0.005,0.000,0.000,0.0000,PLAN,1,0.000,0.000,0,31.833,8.735,388,388,14985,5393,0,0,0.000,0,EXECUTING code=2,2
99.201,12.476,1.401,-0.1494,20.000,0.000,0,0.000,0.000,-0.002,0.002,0.000,0.000,0.0000,PLAN,0,0.000,0.000,0,nan,8.735,388,388,14985,5394,0,0,0.000,0,EXECUTING code=2,2
99.401,12.476,1.401,-0.1494,20.000,0.000,0,0.000,0.000,-0.002,0.002,0.000,0.000,0.0000,PLAN,0,0.000,0.000,0,nan,8.735,388,388,14985,5394,0,0,0.000,0,EXECUTING code=2,2
99.600,12.472,1.398,-0.1518,20.000,0.000,0,0.000,0.000,-0.002,0.010,0.000,0.000,0.0000,PLAN,1,0.000,0.000,0,31.879,8.735,423,423,15041,5444,0,0,0.000,0,EXECUTING code=2,2
99.801,12.471,1.397,-0.1495,20.000,0.000,0,0.000,0.000,-0.001,0.004,0.000,0.000,0.0000,PLAN,0,0.000,0.000,0,nan,8.735,440,440,15094,5435,0,0,0.000,0,EXECUTING code=2,2
100.000,12.467,1.394,-0.1519,20.000,0.000,0,0.000,0.000,-0.000,-0.009,0.000,0.000,0.0000,PLAN,0,0.000,0.000,0,nan,8.735,440,440,15094,5455,0,0,0.000,0,EXECUTING code=2,2
100.200,12.462,1.394,-0.1524,20.000,0.000,0,0.000,0.000,-0.002,-0.001,0.000,0.000,0.0000,PLAN,0,0.000,0.000,0,nan,8.735,469,469,15094,5455,0,0,0.000,0,EXECUTING code=2,2
100.401,12.457,1.386,-0.1525,20.000,0.000,0,0.000,0.000,-0.000,0.015,0.000,0.000,0.0000,PLAN,1,0.000,0.000,0,31.881,8.735,519,519,15279,5503,0,0,0.000,0,EXECUTING code=2,2
100.601,12.451,1.384,-0.1527,20.000,0.000,0,0.000,0.000,0.001,-0.014,0.000,0.000,0.0000,PLAN,2,0.000,0.000,0,31.953,8.735,535,535,15299,5553,0,0,0.000,0,EXECUTING code=2,2
100.801,12.446,1.380,-0.1528,20.000,0.000,0,0.000,0.000,0.000,0.004,0.000,0.000,0.0000,PLAN,2,0.000,0.000,0,31.824,8.735,578,578,15325,5547,0,0,0.000,0,EXECUTING code=2,2
101.001,12.443,1.379,-0.1507,20.000,0.000,0,0.000,0.000,0.000,0.003,0.000,0.000,0.0000,PLAN,3,0.000,0.000,0,31.934,8.735,578,578,15325,5556,0,0,0.000,0,EXECUTING code=2,2
101.201,12.443,1.379,-0.1507,20.000,0.000,0,0.000,0.000,0.000,0.003,0.000,0.000,0.0000,PLAN,3,0.000,0.000,0,31.934,8.735,578,578,15325,5556,0,0,0.000,0,EXECUTING code=2,2
101.401,12.433,1.370,-0.1537,20.000,0.000,0,0.000,0.000,-0.004,0.022,0.000,0.000,0.0000,PLAN,3,0.000,0.000,0,31.934,8.735,623,623,15226,5556,0,0,0.000,0,EXECUTING code=2,2
101.601,12.432,1.371,-0.1531,20.000,0.000,0,0.000,0.000,-0.000,-0.009,0.000,0.000,0.0000,PLAN,2,0.000,0.000,0,31.667,8.735,624,624,15120,5521,0,0,0.000,0,EXECUTING code=2,2
101.801,12.426,1.364,-0.1508,20.000,0.000,0,0.000,0.000,0.000,0.012,0.000,0.000,0.0000,PLAN,1,0.000,0.000,0,31.700,8.735,624,624,15088,5463,0,0,0.000,0,EXECUTING code=2,2
102.000,12.424,1.360,-0.1492,20.000,0.000,0,0.000,0.000,-0.000,-0.027,0.000,0.000,0.0000,PLAN,2,0.000,0.000,0,31.717,8.735,603,603,15088,5443,0,0,0.000,0,EXECUTING code=2,2
102.201,12.422,1.359,-0.1528,20.000,0.000,0,0.000,0.000,-0.000,0.006,0.000,0.000,0.0000,PLAN,2,0.000,0.000,0,31.717,8.735,595,595,15043,5443,0,0,0.000,0,EXECUTING code=2,2
102.400,12.422,1.358,-0.1501,20.000,0.000,0,0.000,0.000,-0.001,-0.021,0.000,0.000,0.0000,PLAN,1,0.000,0.000,0,31.956,8.735,569,569,15043,5414,0,0,0.000,0,EXECUTING code=2,2
102.601,12.422,1.358,-0.1501,20.000,0.000,0,0.000,0.000,-0.001,-0.021,0.000,0.000,0.0000,PLAN,1,0.000,0.000,0,31.956,8.735,569,569,15043,5414,0,0,0.000,0,EXECUTING code=2,2
102.800,12.422,1.358,-0.1501,20.000,0.000,0,0.000,0.000,-0.001,-0.021,0.000,0.000,0.0000,PLAN,1,0.000,0.000,0,31.956,8.735,499,499,15043,5414,0,0,0.000,0,EXECUTING code=2,2
103.001,12.422,1.358,-0.1501,20.000,0.000,0,0.000,0.000,-0.001,-0.021,0.000,0.000,0.0000,PLAN,1,0.000,0.000,0,31.956,8.735,456,456,15043,5414,0,0,0.000,0,EXECUTING code=2,2
103.200,12.454,1.373,-0.1512,20.000,0.000,0,0.000,0.000,0.001,0.011,0.000,0.000,0.0000,PLAN,1,0.000,0.000,0,31.956,8.735,456,456,15043,5414,0,0,0.000,0,EXECUTING code=2,2
103.400,12.459,1.366,-0.1497,20.000,0.000,0,0.000,0.000,-0.002,-0.012,0.000,0.000,0.0000,PLAN,1,0.000,0.000,0,31.886,8.735,456,456,15043,5413,0,0,0.000,0,EXECUTING code=2,2
103.600,12.466,1.366,-0.1544,20.000,0.000,0,0.000,0.000,-0.000,0.014,0.000,0.000,0.0000,PLAN,1,0.000,0.000,0,31.886,8.735,347,347,14928,5413,0,0,0.000,0,EXECUTING code=2,2
103.801,12.476,1.369,-0.1514,20.000,0.000,0,0.000,0.000,-0.002,-0.014,0.000,0.000,0.0000,PLAN,0,0.000,0.000,0,nan,8.735,347,347,14928,5379,0,0,0.000,0,EXECUTING code=2,2
104.001,12.476,1.369,-0.1514,20.000,0.000,0,0.000,0.000,-0.002,-0.014,0.000,0.000,0.0000,PLAN,0,0.000,0.000,0,nan,8.735,339,339,14874,5379,0,0,0.000,0,EXECUTING code=2,2
104.200,12.487,1.375,-0.1494,20.000,0.000,0,0.000,0.000,-0.002,0.012,0.000,0.000,0.0000,PLAN,1,0.000,0.000,0,31.828,8.735,342,342,14873,5350,0,0,0.000,0,EXECUTING code=2,2
104.400,12.492,1.381,-0.1519,20.000,0.000,0,0.000,0.000,-0.002,0.015,0.000,0.000,0.0000,PLAN,0,0.000,0.000,0,nan,8.735,346,346,14873,5362,0,0,0.000,0,EXECUTING code=2,2
104.601,12.491,1.383,-0.1494,20.000,0.000,0,0.000,0.000,-0.002,0.040,0.000,0.000,0.0000,PLAN,0,0.000,0.000,0,nan,8.735,360,360,14873,5333,0,0,0.000,0,EXECUTING code=2,2
104.801,12.492,1.387,-0.1525,20.000,0.000,0,0.000,0.000,-0.001,-0.021,0.000,0.000,0.0000,PLAN,0,0.000,0.000,0,nan,8.735,378,378,14907,5333,0,0,0.000,0,EXECUTING code=2,2
105.000,12.491,1.388,-0.1511,20.000,0.000,0,0.000,0.000,-0.001,0.013,0.000,0.000,0.0000,PLAN,0,0.000,0.000,0,nan,8.735,378,378,14907,5368,0,0,0.000,0,EXECUTING code=2,2
105.201,12.487,1.389,-0.1502,20.000,0.000,0,0.000,0.000,-0.004,0.008,0.000,0.000,0.0000,PLAN,0,0.000,0.000,0,nan,8.735,414,414,15136,5368,0,0,0.000,0,EXECUTING code=2,2
105.401,12.476,1.400,-0.1534,20.000,0.000,0,0.000,0.000,-0.001,-0.033,0.000,0.000,0.0000,PLAN,1,0.000,0.000,0,31.797,8.735,439,439,15218,5470,0,0,0.000,0,EXECUTING code=2,2
105.601,12.471,1.404,-0.1513,20.000,0.000,0,0.000,0.000,0.001,0.012,0.000,0.000,0.0000,PLAN,1,0.000,0.000,0,31.780,8.735,452,452,15263,5523,0,0,0.000,0,EXECUTING code=2,2
105.801,12.462,1.406,-0.1524,20.000,0.000,0,0.000,0.000,0.001,0.021,0.000,0.000,0.0000,PLAN,2,0.000,0.000,0,31.922,8.735,468,468,15332,5535,0,0,0.000,0,EXECUTING code=2,2
106.001,12.459,1.408,-0.1519,20.000,0.000,0,0.000,0.000,0.002,-0.025,0.000,0.000,0.0000,PLAN,2,0.000,0.000,0,31.924,8.735,468,468,15332,5562,0,0,0.000,0,EXECUTING code=2,2
106.200,12.458,1.409,-0.1535,20.000,0.000,0,0.000,0.000,0.001,0.022,0.000,0.000,0.0000,PLAN,1,0.000,0.000,0,31.801,8.735,484,484,15332,5583,0,0,0.000,0,EXECUTING code=2,2
106.400,12.446,1.407,-0.1539,20.000,0.000,0,0.000,0.000,-0.002,-0.018,0.000,0.000,0.0000,PLAN,1,0.000,0.000,0,31.801,8.735,484,484,15395,5583,0,0,0.000,0,EXECUTING code=2,2
106.600,12.434,1.406,-0.1540,20.000,0.000,0,0.000,0.000,-0.001,0.019,0.000,0.000,0.0000,PLAN,2,0.000,0.000,0,31.919,8.735,573,573,15418,5607,0,0,0.000,0,EXECUTING code=2,2
106.801,12.426,1.405,-0.1513,20.000,0.000,0,0.000,0.000,0.001,0.014,0.000,0.000,0.0000,PLAN,4,0.000,0.000,0,28.327,8.735,613,613,15413,5602,0,0,0.000,0,EXECUTING code=2,2
107.001,12.419,1.402,-0.1539,20.000,0.000,0,0.000,0.000,0.001,-0.011,0.000,0.000,0.0000,PLAN,3,0.000,0.000,0,28.179,8.735,630,630,15419,5607,0,0,0.000,0,EXECUTING code=2,2
107.201,12.419,1.400,-0.1517,20.000,0.000,0,0.000,0.000,0.001,-0.038,0.000,0.000,0.0000,PLAN,4,0.000,0.000,0,28.398,8.735,647,647,15294,5611,0,0,0.000,0,EXECUTING code=2,2
107.401,12.414,1.394,-0.1500,20.000,0.000,0,0.000,0.000,0.001,-0.012,0.000,0.000,0.0000,PLAN,2,0.000,0.000,0,31.953,8.735,651,651,15167,5560,0,0,0.000,0,EXECUTING code=2,2
107.600,12.410,1.388,-0.1528,20.000,0.000,0,0.000,0.000,0.000,0.006,0.000,0.000,0.0000,PLAN,3,0.000,0.000,0,31.990,8.735,651,651,15065,5479,0,0,0.000,0,EXECUTING code=2,2
107.801,12.411,1.385,-0.1514,20.000,0.000,0,0.000,0.000,0.000,-0.022,0.000,0.000,0.0000,PLAN,4,0.000,0.000,0,31.697,8.735,651,651,15065,5438,0,0,0.000,0,EXECUTING code=2,2
108.000,12.412,1.386,-0.1481,20.000,0.000,0,0.000,0.000,0.003,0.012,0.000,0.000,0.0000,PLAN,4,0.000,0.000,0,31.697,8.735,651,651,14910,5438,0,0,0.000,0,EXECUTING code=2,2
108.200,12.416,1.372,-0.1500,20.000,0.000,0,0.000,0.000,-0.001,-0.031,0.000,0.000,0.0000,PLAN,1,0.000,0.000,0,31.967,8.735,651,651,14864,5362,0,0,0.000,0,EXECUTING code=2,2
108.401,12.418,1.369,-0.1474,20.000,0.000,0,0.000,0.000,-0.002,0.016,0.000,0.000,0.0000,PLAN,0,0.000,0.000,0,nan,8.735,651,651,14864,5321,0,0,0.000,0,EXECUTING code=2,2
108.600,12.418,1.369,-0.1474,20.000,0.000,0,0.000,0.000,-0.002,0.016,0.000,0.000,0.0000,PLAN,0,0.000,0.000,0,nan,8.735,651,651,14864,5321,0,0,0.000,0,EXECUTING code=2,2
108.801,12.418,1.369,-0.1474,20.000,0.000,0,0.000,0.000,-0.002,0.016,0.000,0.000,0.0000,PLAN,0,0.000,0.000,0,nan,8.735,463,463,14704,5321,0,0,0.000,0,EXECUTING code=2,2
109.001,12.457,1.354,-0.1490,20.000,0.000,0,0.000,0.000,-0.003,-0.012,0.000,0.000,0.0000,PLAN,1,0.000,0.000,0,31.956,8.735,463,463,14704,5270,0,0,0.000,0,EXECUTING code=2,2
109.200,12.457,1.354,-0.1490,20.000,0.000,0,0.000,0.000,-0.003,-0.012,0.000,0.000,0.0000,PLAN,1,0.000,0.000,0,31.956,8.735,463,463,14704,5270,0,0,0.000,0,EXECUTING code=2,2
109.400,12.472,1.361,-0.1524,20.000,0.000,0,0.000,0.000,0.001,-0.011,0.000,0.000,0.0000,PLAN,1,0.000,0.000,0,31.956,8.735,362,362,14677,5270,0,0,0.000,0,EXECUTING code=2,2
109.601,12.478,1.354,-0.1487,20.000,0.000,0,0.000,0.000,-0.003,-0.020,0.000,0.000,0.0000,PLAN,1,0.000,0.000,0,31.857,8.735,362,362,14677,5245,0,0,0.000,0,EXECUTING code=2,2
109.801,12.478,1.354,-0.1487,20.000,0.000,0,0.000,0.000,-0.003,-0.020,0.000,0.000,0.0000,PLAN,1,0.000,0.000,0,31.857,8.735,301,301,14677,5245,0,0,0.000,0,EXECUTING code=2,2
110.000,12.491,1.361,-0.1508,20.000,0.000,0,0.000,0.000,-0.003,-0.011,0.000,0.000,0.0000,PLAN,2,0.000,0.000,0,31.906,8.735,301,301,14677,5297,0,0,0.000,0,EXECUTING code=2,2
110.201,12.491,1.361,-0.1508,20.000,0.000,0,0.000,0.000,-0.003,-0.011,0.000,0.000,0.0000,PLAN,2,0.000,0.000,0,31.906,8.735,346,346,14840,5297,0,0,0.000,0,EXECUTING code=2,2
110.401,12.487,1.373,-0.1512,20.000,0.000,0,0.000,0.000,-0.002,-0.011,0.000,0.000,0.0000,PLAN,0,0.000,0.000,0,nan,8.735,360,360,14887,5338,0,0,0.000,0,EXECUTING code=2,2
110.601,12.483,1.383,-0.1544,20.000,0.000,0,0.000,0.000,-0.000,-0.017,0.000,0.000,0.0000,PLAN,1,0.000,0.000,0,31.816,8.735,383,383,14910,5369,0,0,0.000,0,EXECUTING code=2,2
110.801,12.479,1.390,-0.1541,20.000,0.000,0,0.000,0.000,-0.001,-0.019,0.000,0.000,0.0000,PLAN,1,0.000,0.000,0,31.804,8.735,383,383,14910,5378,0,0,0.000,0,EXECUTING code=2,2
111.001,12.477,1.392,-0.1522,20.000,0.000,0,0.000,0.000,-0.000,-0.029,0.000,0.000,0.0000,PLAN,1,0.000,0.000,0,31.791,8.735,428,428,15163,5432,0,0,0.000,0,EXECUTING code=2,2
111.200,12.469,1.400,-0.1524,20.000,0.000,0,0.000,0.000,0.001,0.022,0.000,0.000,0.0000,PLAN,1,0.000,0.000,0,31.791,8.735,438,438,15178,5432,0,0,0.000,0,EXECUTING code=2,2
111.401,12.462,1.406,-0.1533,20.000,0.000,0,0.000,0.000,0.001,-0.013,0.000,0.000,0.0000,PLAN,1,0.000,0.000,0,31.786,8.735,458,458,15264,5506,0,0,0.000,0,EXECUTING code=2,2
111.600,12.453,1.413,-0.1513,20.000,0.000,0,0.000,0.000,0.002,0.011,0.000,0.000,0.0000,PLAN,1,0.000,0.000,0,31.924,8.735,458,458,15264,5545,0,0,0.000,0,EXECUTING code=2,2
111.801,12.445,1.414,-0.1548,20.000,0.000,0,0.000,0.000,-0.002,-0.036,0.000,0.000,0.0000,PLAN,1,0.000,0.000,0,31.924,8.735,491,491,15375,5545,0,0,0.000,0,EXECUTING code=2,2
112.001,12.434,1.428,-0.1511,20.000,0.000,0,0.000,0.000,0.003,0.025,0.000,0.000,0.0000,PLAN,5,0.000,0.000,0,28.126,8.735,491,491,15375,5596,0,0,0.000,0,EXECUTING code=2,2
112.201,12.426,1.430,-0.1550,20.000,0.000,0,0.000,0.000,0.001,0.019,0.000,0.000,0.0000,PLAN,4,0.000,0.000,0,28.010,8.735,503,503,15400,5590,0,0,0.000,0,EXECUTING code=2,2
112.401,12.419,1.434,-0.1519,20.000,0.000,0,0.000,0.000,0.004,-0.019,0.000,0.000,0.0000,PLAN,5,0.000,0.000,0,27.872,8.735,513,513,15400,5615,0,0,0.000,0,EXECUTING code=2,2
112.600,12.414,1.436,-0.1505,20.000,0.000,0,0.000,0.000,0.003,0.011,0.000,0.000,0.0000,PLAN,5,0.000,0.000,0,27.930,8.735,522,522,15400,5610,0,0,0.000,0,EXECUTING code=2,2
112.800,12.414,1.436,-0.1505,20.000,0.000,0,0.000,0.000,0.003,0.011,0.000,0.000,0.0000,PLAN,5,0.000,0.000,0,27.930,8.735,538,538,15391,5610,0,0,0.000,0,EXECUTING code=2,2
113.000,12.414,1.436,-0.1505,20.000,0.000,0,0.000,0.000,0.003,0.011,0.000,0.000,0.0000,PLAN,5,0.000,0.000,0,27.930,8.735,631,631,15396,5610,0,0,0.000,0,EXECUTING code=2,2
113.200,12.405,1.421,-0.1515,20.000,0.000,0,0.000,0.000,0.001,0.021,0.000,0.000,0.0000,PLAN,4,0.000,0.000,0,28.199,8.735,637,637,15240,5583,0,0,0.000,0,EXECUTING code=2,2
113.400,12.404,1.409,-0.1521,20.000,0.000,0,0.000,0.000,0.002,0.013,0.000,0.000,0.0000,PLAN,4,0.000,0.000,0,31.710,8.735,639,639,15080,5520,0,0,0.000,0,EXECUTING code=2,2
113.600,12.406,1.397,-0.1496,20.000,0.000,0,0.000,0.000,0.001,0.022,0.000,0.000,0.0000,PLAN,3,0.000,0.000,0,31.975,8.735,627,627,14981,5424,0,0,0.000,0,EXECUTING code=2,2
113.801,12.419,1.376,-0.1490,20.000,0.000,0,0.000,0.000,0.025,-0.025,0.000,0.000,0.0000,PLAN,1,0.000,0.000,0,31.940,8.735,607,607,14840,5381,0,0,0.000,0,EXECUTING code=2,2
114.000,12.423,1.371,-0.1500,20.000,0.000,0,0.000,0.000,-0.003,0.014,0.000,0.000,0.0000,PLAN,1,0.000,0.000,0,31.940,8.735,596,596,14840,5381,0,0,0.000,0,EXECUTING code=2,2
114.201,12.424,1.370,-0.1498,20.000,0.000,0,0.000,0.000,-0.002,0.014,0.000,0.000,0.0000,PLAN,0,0.000,0.000,0,nan,8.735,596,596,14840,5312,0,0,0.000,0,EXECUTING code=2,2
114.401,12.424,1.370,-0.1498,20.000,0.000,0,0.000,0.000,-0.002,0.014,0.000,0.000,0.0000,PLAN,0,0.000,0.000,0,nan,8.735,596,596,14840,5312,0,0,0.000,0,EXECUTING code=2,2
114.600,12.424,1.370,-0.1498,20.000,0.000,0,0.000,0.000,-0.002,0.014,0.000,0.000,0.0000,PLAN,0,0.000,0.000,0,nan,8.735,596,596,14840,5312,0,0,0.000,0,EXECUTING code=2,2
114.801,12.471,1.346,-0.1497,20.000,0.000,0,0.000,0.000,0.002,-0.022,0.000,0.000,0.0000,PLAN,0,0.000,0.000,0,nan,8.735,452,452,14541,5312,0,0,0.000,0,EXECUTING code=2,2
115.001,12.501,1.318,-0.1485,20.000,0.000,0,0.000,0.000,-0.004,-0.009,0.000,0.000,0.0000,PLAN,1,0.000,0.000,0,31.824,8.735,423,423,14533,5188,0,0,0.000,0,EXECUTING code=2,2
115.201,12.511,1.314,-0.1517,20.000,0.000,0,0.000,0.000,-0.003,-0.013,0.000,0.000,0.0000,PLAN,2,0.000,0.000,0,31.888,8.735,398,398,14537,5185,0,0,0.000,0,EXECUTING code=2,2
115.400,12.514,1.314,-0.1525,20.000,0.000,0,0.000,0.000,-0.002,0.001,0.000,0.000,0.0000,PLAN,1,0.000,0.000,0,31.790,8.735,359,359,14567,5200,0,0,0.000,0,EXECUTING code=2,2
115.600,12.515,1.314,-0.1504,20.000,0.000,0,0.000,0.000,-0.005,0.032,0.000,0.000,0.0000,PLAN,2,0.000,0.000,0,31.855,8.735,340,340,14672,5196,0,0,0.000,0,EXECUTING code=2,2
115.800,12.514,1.315,-0.1489,20.000,0.000,0,0.000,0.000,-0.004,-0.026,0.000,0.000,0.0000,PLAN,2,0.000,0.000,0,31.874,8.735,325,325,14798,5268,0,0,0.000,0,EXECUTING code=2,2
116.001,12.512,1.320,-0.1505,20.000,0.000,0,0.000,0.000,-0.003,0.007,0.000,0.000,0.0000,PLAN,1,0.000,0.000,0,31.795,8.735,340,340,14798,5312,0,0,0.000,0,EXECUTING code=2,2
116.201,12.512,1.320,-0.1505,20.000,0.000,0,0.000,0.000,-0.003,0.007,0.000,0.000,0.0000,PLAN,1,0.000,0.000,0,31.795,8.735,340,340,14798,5312,0,0,0.000,0,EXECUTING code=2,2
116.401,12.512,1.320,-0.1505,20.000,0.000,0,0.000,0.000,-0.003,0.007,0.000,0.000,0.0000,PLAN,1,0.000,0.000,0,31.795,8.735,340,340,14798,5312,0,0,0.000,0,EXECUTING code=2,2
116.600,12.512,1.320,-0.1505,20.000,0.000,0,0.000,0.000,-0.003,0.007,0.000,0.000,0.0000,PLAN,1,0.000,0.000,0,31.795,8.735,340,340,14798,5312,0,0,0.000,0,EXECUTING code=2,2
116.801,12.512,1.320,-0.1505,20.000,0.000,0,0.000,0.000,-0.003,0.007,0.000,0.000,0.0000,PLAN,1,0.000,0.000,0,31.795,8.735,340,340,14798,5312,0,0,0.000,0,EXECUTING code=2,2
117.000,12.512,1.320,-0.1505,20.000,0.000,0,0.000,0.000,-0.003,0.007,0.000,0.000,0.0000,PLAN,1,0.000,0.000,0,31.795,8.735,340,340,14798,5312,0,0,0.000,0,EXECUTING code=2,2
117.200,12.492,1.409,-0.1566,20.000,0.000,0,0.000,0.000,-0.001,-0.027,0.000,0.000,0.0000,PLAN,1,0.000,0.000,0,31.795,8.735,482,482,15283,5312,0,0,0.000,0,EXECUTING code=2,2
117.401,12.427,1.467,-0.1507,20.000,0.000,0,0.000,0.000,0.003,0.018,0.000,0.000,0.0000,PLAN,3,0.000,0.000,0,28.304,8.735,490,490,15329,5562,0,0,0.000,0,EXECUTING code=2,2
117.601,12.410,1.474,-0.1508,20.000,0.000,0,0.000,0.000,0.003,-0.029,0.000,0.000,0.0000,PLAN,7,0.000,0.000,0,28.008,8.735,490,490,15329,5568,0,0,0.000,0,EXECUTING code=2,2
117.801,12.410,1.474,-0.1508,20.000,0.000,0,0.000,0.000,0.003,-0.029,0.000,0.000,0.0000,PLAN,7,0.000,0.000,0,28.008,8.735,490,490,15329,5568,0,0,0.000,0,EXECUTING code=2,2
118.000,12.410,1.474,-0.1508,20.000,0.000,0,0.000,0.000,0.003,-0.029,0.000,0.000,0.0000,PLAN,7,0.000,0.000,0,28.008,8.735,490,490,15329,5568,0,0,0.000,0,EXECUTING code=2,2
118.201,12.410,1.474,-0.1508,20.000,0.000,0,0.000,0.000,0.003,-0.029,0.000,0.000,0.0000,PLAN,7,0.000,0.000,0,28.008,8.735,509,509,15410,5568,0,0,0.000,0,EXECUTING code=2,2
118.401,12.378,1.476,-0.1531,20.000,0.000,0,0.000,0.000,0.002,-0.026,0.000,0.000,0.0000,PLAN,5,0.000,0.000,0,27.931,8.735,509,509,15410,5612,0,0,0.000,0,EXECUTING code=2,2
118.601,12.378,1.476,-0.1531,20.000,0.000,0,0.000,0.000,0.002,-0.026,0.000,0.000,0.0000,PLAN,5,0.000,0.000,0,27.931,8.735,509,509,15410,5612,0,0,0.000,0,EXECUTING code=2,2
118.801,12.378,1.476,-0.1531,20.000,0.000,0,0.000,0.000,0.002,-0.026,0.000,0.000,0.0000,PLAN,5,0.000,0.000,0,27.931,8.735,509,509,15410,5612,0,0,0.000,0,EXECUTING code=2,2
119.001,12.378,1.476,-0.1531,20.000,0.000,0,0.000,0.000,0.002,-0.026,0.000,0.000,0.0000,PLAN,5,0.000,0.000,0,27.931,8.735,509,509,15410,5612,0,0,0.000,0,EXECUTING code=2,2
119.201,12.311,1.369,-0.1569,20.000,0.000,0,0.000,0.000,-0.109,-0.030,0.000,0.000,0.0000,PLAN,5,0.000,0.000,0,27.931,8.735,588,588,15006,5612,0,0,0.000,0,EXECUTING code=2,2
119.400,12.322,1.304,-0.1524,20.000,0.000,0,0.000,0.000,-0.065,-0.022,0.000,0.000,0.0000,PLAN,117,0.000,0.000,0,28.251,8.735,588,588,15006,5397,0,0,0.000,0,EXECUTING code=2,2
119.601,12.302,1.218,-0.1561,20.000,0.000,0,0.000,0.000,-0.085,0.028,0.000,0.000,0.0000,PLAN,117,0.000,0.000,0,28.251,8.735,555,555,14759,5397,0,0,0.000,0,EXECUTING code=2,2
119.800,12.471,1.340,-0.1486,20.000,0.000,0,0.000,0.000,0.273,-0.001,0.000,0.000,0.0000,PLAN,1,0.000,0.000,0,31.976,8.735,555,555,14759,5283,0,0,0.000,0,EXECUTING code=2,2
120.000,12.471,1.340,-0.1486,20.000,0.000,0,0.000,0.000,0.273,-0.001,0.000,0.000,0.0000,PLAN,1,0.000,0.000,0,31.976,8.735,555,555,14759,5283,0,0,0.000,0,EXECUTING code=2,2
120.200,12.471,1.340,-0.1486,20.000,0.000,0,0.000,0.000,0.273,-0.001,0.000,0.000,0.0000,PLAN,1,0.000,0.000,0,31.976,8.735,555,555,14759,5283,0,0,0.000,0,EXECUTING code=2,2
120.400,12.471,1.340,-0.1486,20.000,0.000,0,0.000,0.000,0.273,-0.001,0.000,0.000,0.0000,PLAN,1,0.000,0.000,0,31.976,8.735,555,555,14759,5283,0,0,0.000,0,EXECUTING code=2,2
120.601,12.471,1.340,-0.1486,20.000,0.000,0,0.000,0.000,0.273,-0.001,0.000,0.000,0.0000,PLAN,1,0.000,0.000,0,31.976,8.735,555,555,14759,5283,0,0,0.000,0,EXECUTING code=2,2
120.800,12.471,1.340,-0.1486,20.000,0.000,0,0.000,0.000,0.273,-0.001,0.000,0.000,0.0000,PLAN,1,0.000,0.000,0,31.976,8.735,555,555,14759,5283,0,0,0.000,0,EXECUTING code=2,2
121.000,12.537,1.294,-0.1514,20.000,0.000,0,0.000,0.000,-0.003,0.013,0.000,0.000,0.0000,PLAN,1,0.000,0.000,0,31.976,8.735,417,417,14716,5283,0,0,0.000,0,EXECUTING code=2,2
121.200,12.506,1.315,-0.1500,20.000,0.000,0,0.000,0.000,-0.004,0.020,0.000,0.000,0.0000,PLAN,0,0.000,0.000,0,nan,8.735,417,417,14716,5268,0,0,0.000,0,EXECUTING code=2,2
121.400,12.498,1.322,-0.1500,20.000,0.000,0,0.000,0.000,-0.003,-0.016,0.000,0.000,0.0000,PLAN,0,0.000,0.000,0,nan,8.735,392,392,14920,5268,0,0,0.000,0,EXECUTING code=2,2
121.601,12.490,1.328,-0.1507,20.000,0.000,0,0.000,0.000,-0.002,-0.037,0.000,0.000,0.0000,PLAN,1,0.000,0.000,0,31.821,8.735,392,392,14975,5357,0,0,0.000,0,EXECUTING code=2,2
121.800,12.476,1.341,-0.1502,20.000,0.000,0,0.000,0.000,-0.031,-0.020,0.000,0.000,0.0000,PLAN,1,0.000,0.000,0,31.789,8.735,411,411,14992,5402,0,0,0.000,0,EXECUTING code=2,2
122.001,12.461,1.356,-0.1490,20.000,0.000,0,0.000,0.000,-0.065,-0.020,0.000,0.000,0.0000,PLAN,1,0.000,0.000,0,31.902,8.735,424,424,14992,5426,0,0,0.000,0,EXECUTING code=2,2
122.200,12.461,1.356,-0.1490,20.000,0.000,0,0.000,0.000,-0.065,-0.020,0.000,0.000,0.0000,PLAN,1,0.000,0.000,0,31.902,8.735,453,453,14992,5426,0,0,0.000,0,EXECUTING code=2,2
122.401,12.461,1.356,-0.1490,20.000,0.000,0,0.000,0.000,-0.065,-0.020,0.000,0.000,0.0000,PLAN,1,0.000,0.000,0,31.902,8.735,461,461,14992,5426,0,0,0.000,0,EXECUTING code=2,2
122.601,12.461,1.356,-0.1490,20.000,0.000,0,0.000,0.000,-0.065,-0.020,0.000,0.000,0.0000,PLAN,1,0.000,0.000,0,31.902,8.735,461,461,14992,5426,0,0,0.000,0,EXECUTING code=2,2
122.800,12.461,1.356,-0.1490,20.000,0.000,0,0.000,0.000,-0.065,-0.020,0.000,0.000,0.0000,PLAN,1,0.000,0.000,0,31.902,8.735,491,491,15296,5426,0,0,0.000,0,EXECUTING code=2,2
123.001,12.391,1.472,-0.1532,20.000,0.000,0,0.000,0.000,0.002,-0.023,0.000,0.000,0.0000,PLAN,2,0.000,0.000,0,31.689,8.735,493,493,15308,5552,0,0,0.000,0,EXECUTING code=2,2
123.201,12.376,1.483,-0.1512,20.000,0.000,0,0.000,0.000,0.006,0.018,0.000,0.000,0.0000,PLAN,4,0.000,0.000,0,28.020,8.735,496,496,15329,5547,0,0,0.000,0,EXECUTING code=2,2
123.401,12.369,1.487,-0.1479,20.000,0.000,0,0.000,0.000,0.002,-0.020,0.000,0.000,0.0000,PLAN,3,0.000,0.000,0,27.990,8.735,496,496,15329,5579,0,0,0.000,0,EXECUTING code=2,2
123.601,12.369,1.487,-0.1479,20.000,0.000,0,0.000,0.000,0.002,-0.020,0.000,0.000,0.0000,PLAN,3,0.000,0.000,0,27.990,8.735,496,496,15329,5579,0,0,0.000,0,EXECUTING code=2,2
123.800,12.364,1.491,-0.1537,20.000,0.000,0,0.000,0.000,0.001,-0.002,0.000,0.000,0.0000,PLAN,3,0.000,0.000,0,27.990,8.735,484,484,15364,5579,0,0,0.000,0,EXECUTING code=2,2
124.001,12.368,1.493,-0.1514,20.000,0.000,0,0.000,0.000,0.001,0.001,0.000,0.000,0.0000,PLAN,3,0.000,0.000,0,31.854,8.735,484,484,15364,5580,0,0,0.000,0,EXECUTING code=2,2
124.201,12.368,1.493,-0.1514,20.000,0.000,0,0.000,0.000,0.001,0.001,0.000,0.000,0.0000,PLAN,3,0.000,0.000,0,31.854,8.735,471,471,15299,5580,0,0,0.000,0,EXECUTING code=2,2
124.401,12.375,1.488,-0.1518,20.000,0.000,0,0.000,0.000,-0.000,0.018,0.000,0.000,0.0000,PLAN,2,0.000,0.000,0,31.893,8.735,489,489,15089,5566,0,0,0.000,0,EXECUTING code=2,2
124.601,12.382,1.481,-0.1509,20.000,0.000,0,0.000,0.000,-0.001,0.018,0.000,0.000,0.0000,PLAN,1,0.000,0.000,0,31.972,8.735,501,501,15049,5463,0,0,0.000,0,EXECUTING code=2,2
124.801,12.392,1.473,-0.1507,20.000,0.000,0,0.000,0.000,-0.002,-0.019,0.000,0.000,0.0000,PLAN,2,0.000,0.000,0,31.966,8.735,500,500,15040,5423,0,0,0.000,0,EXECUTING code=2,2
125.001,12.396,1.468,-0.1493,20.000,0.000,0,0.000,0.000,-0.002,-0.005,0.000,0.000,0.0000,PLAN,1,0.000,0.000,0,31.749,8.735,495,495,15040,5420,0,0,0.000,0,EXECUTING code=2,2
125.201,12.396,1.468,-0.1493,20.000,0.000,0,0.000,0.000,-0.002,-0.005,0.000,0.000,0.0000,PLAN,1,0.000,0.000,0,31.749,8.735,495,495,15040,5420,0,0,0.000,0,EXECUTING code=2,2
125.401,12.396,1.468,-0.1493,20.000,0.000,0,0.000,0.000,-0.002,-0.005,0.000,0.000,0.0000,PLAN,1,0.000,0.000,0,31.749,8.735,495,495,15040,5420,0,0,0.000,0,EXECUTING code=2,2
125.601,12.396,1.468,-0.1493,20.000,0.000,0,0.000,0.000,-0.002,-0.005,0.000,0.000,0.0000,PLAN,1,0.000,0.000,0,31.749,8.735,495,495,15040,5420,0,0,0.000,0,EXECUTING code=2,2
125.801,12.396,1.468,-0.1493,20.000,0.000,0,0.000,0.000,-0.002,-0.005,0.000,0.000,0.0000,PLAN,1,0.000,0.000,0,31.749,8.735,493,493,14582,5420,0,0,0.000,0,EXECUTING code=2,2
