t,source,point_index,x,y,z
2.949,raw,0,-5.2210,-5.0851,0.5138
2.949,raw,10,-5.0848,-5.2714,0.5062
2.949,raw,20,-5.5421,-5.5699,0.6213
2.949,raw,31,-5.3614,-5.7678,0.6174
2.949,raw,41,-5.2374,-6.0004,0.6034
2.949,raw,52,-5.0663,-6.2218,0.5938
2.949,raw,62,-4.9155,-6.4365,0.5821
2.949,raw,73,-4.7227,-6.6427,0.5737
2.949,raw,83,-4.5800,-6.8890,0.5555
2.949,raw,94,-4.3854,-7.1128,0.5428
2.949,raw,104,-4.2208,-7.3498,0.5252
2.949,raw,115,-3.9973,-7.5455,0.5155
2.949,raw,125,-5.9981,-6.0301,0.7464
2.949,raw,136,-5.8317,-6.2758,0.7379
2.949,raw,146,-5.6777,-6.5025,0.7292
2.949,raw,157,-5.5013,-6.7513,0.7192
2.949,raw,167,-5.3285,-6.9687,0.7108
2.949,raw,178,-5.1624,-7.2527,0.6947
2.949,raw,188,-4.9688,-7.4578,0.6870
2.949,raw,199,-4.8017,-7.7711,0.6660
2.949,raw,209,-4.6114,-8.0068,0.6531
2.949,raw,220,-4.2532,-7.9906,0.6742
2.949,raw,230,-4.0655,-8.2445,0.6573
2.949,raw,240,-3.9960,-8.7897,0.6030
2.949,raw,251,-3.7345,-9.0122,0.5909
2.949,raw,261,-3.5178,-9.2888,0.5699
2.949,raw,272,-3.2648,-9.5879,0.5468
2.949,raw,282,-3.0068,-9.8056,0.5317
2.949,raw,293,-6.6134,-6.6150,0.8825
2.949,raw,303,-6.4640,-6.8765,0.8738
2.949,raw,314,-6.2640,-7.1311,0.8679
2.949,raw,324,-6.1327,-7.4338,0.8536
2.949,raw,335,-5.9174,-7.6873,0.8468
2.949,raw,345,-5.7569,-7.9767,0.8334
2.949,raw,356,-5.5292,-8.2334,0.8252
2.949,raw,366,-5.3431,-8.5116,0.8124
2.949,raw,377,-5.1246,-8.8124,0.7984
2.949,raw,387,-4.3273,-7.9520,0.9035
2.949,raw,398,-4.0714,-8.1263,0.8997
2.949,raw,408,-4.4716,-9.7129,0.7508
2.949,raw,419,-4.1804,-9.9474,0.7414
2.949,raw,429,-3.9429,-10.2501,0.7233
2.949,raw,440,-3.6853,-10.6355,0.6977
2.949,raw,450,-3.4028,-10.8810,0.6841
2.949,raw,460,-3.1632,-11.3149,0.6517
2.949,raw,471,-2.9100,-11.9351,0.6020
2.949,raw,481,-2.6377,-12.4437,0.5617
2.949,raw,492,-2.3071,-12.9958,0.5174
2.949,raw,502,-7.5962,-6.8109,1.0589
2.949,raw,513,-7.4331,-7.1299,1.0514
2.949,raw,523,-7.3089,-7.4555,1.0409
2.949,raw,534,-7.0940,-7.7387,1.0362
2.949,raw,544,-6.9469,-8.0619,1.0256
2.949,raw,555,-6.7361,-8.3704,1.0179
2.949,raw,565,-6.5401,-8.6558,1.0101
2.949,raw,576,-6.3127,-8.9662,1.0015
2.949,raw,586,-6.1173,-9.2798,0.9907
2.949,raw,597,-5.8883,-9.6221,0.9787
2.949,raw,607,-5.6322,-9.8662,0.9728
2.949,raw,618,-4.2338,-7.9524,1.1347
2.949,raw,628,-4.0392,-8.1889,1.1260
2.949,raw,639,-4.8628,-10.8578,0.9347
2.949,raw,649,-4.6041,-11.1808,0.9210
2.949,raw,660,-4.3255,-11.5919,0.9014
2.949,raw,670,-4.0365,-11.9088,0.8873
2.949,raw,680,-3.8311,-12.5450,0.8497
2.949,raw,691,-3.5432,-13.1548,0.8147
2.949,raw,701,-3.2521,-13.7073,0.7826
2.949,raw,712,-2.9166,-14.3973,0.7410
2.949,raw,722,-2.6271,-15.3091,0.6829
2.949,raw,733,-2.2258,-16.1293,0.6312
2.949,raw,743,-1.8308,-16.9770,0.5766
2.949,raw,754,-1.3494,-17.9898,0.5102
2.949,raw,764,-9.9868,-4.4391,1.2845
2.949,raw,775,-9.8829,-4.7901,1.2813
2.949,raw,785,-9.8064,-5.1244,1.2769
2.949,raw,796,-9.5966,-5.4217,1.2781
2.949,raw,806,-9.4290,-5.7060,1.2775
2.949,raw,817,-9.3179,-6.0722,1.2723
2.949,raw,827,-9.1347,-6.3514,1.2715
2.949,raw,838,-9.0339,-6.7415,1.2642
2.949,raw,848,-8.8576,-7.0358,1.2618
2.949,raw,859,-8.6829,-7.3823,1.2573
2.949,raw,869,-8.5037,-7.6854,1.2539
2.949,raw,880,-8.3047,-8.0248,1.2494
2.949,raw,890,-8.1352,-8.3541,1.2438
2.949,raw,900,-7.9506,-8.6771,1.2384
2.949,raw,911,-7.7330,-9.0277,1.2326
2.949,raw,921,-7.4737,-9.2782,1.2310
2.949,raw,932,-7.2689,-9.6705,1.2222
2.949,raw,942,-7.0304,-9.9693,1.2172
2.949,raw,953,-6.8046,-10.3702,1.2076
2.949,raw,963,-6.5495,-10.6737,1.2018
2.949,raw,974,-6.3073,-11.0958,1.1906
2.949,raw,984,-4.2532,-7.9295,1.3617
2.949,raw,995,-4.0201,-8.1486,1.3575
2.949,raw,1005,-5.5061,-12.2361,1.1601
2.949,raw,1016,-5.1772,-12.6098,1.1502
2.949,raw,1026,-4.9246,-13.1114,1.1330
2.949,raw,1037,-4.6272,-13.6852,1.1129
2.949,raw,1047,-4.3777,-14.3617,1.0869
2.949,raw,1058,-4.0813,-15.1721,1.0551
2.949,raw,1068,-3.8186,-16.1060,1.0168
2.949,raw,1079,-3.5224,-17.3811,0.9630
2.949,raw,1089,-3.4058,-19.8039,0.8556
2.949,raw,1100,-3.2767,-23.5900,0.6863
2.949,raw,1110,-2.6440,-24.2610,0.6596
2.949,raw,1121,-1.8815,-24.6625,0.6447
2.949,raw,1131,-1.1670,-24.9774,0.6325
2.949,raw,1141,-0.4366,-25.2880,0.6196
2.949,raw,1152,0.3872,-25.6950,0.6013
2.949,raw,1162,1.1598,-26.0902,0.5824
2.949,raw,1173,2.0366,-26.5066,0.5614
2.949,raw,1183,22.3153,9.4700,0.7135
2.949,raw,1194,-18.5923,21.8940,0.5106
2.949,raw,1204,-18.3556,20.4475,0.5667
2.949,raw,1215,-17.8691,18.7435,0.6379
2.949,raw,1225,-17.2108,17.1070,0.7114
2.949,raw,1236,-16.8392,15.7633,0.7652
2.949,raw,1246,-16.4943,14.6198,0.8112
2.949,raw,1257,-16.1261,13.4553,0.8576
2.949,raw,1267,-15.8460,12.5062,0.8940
2.949,raw,1278,-15.3483,11.3944,0.9419
2.949,raw,1288,-10.9451,7.8734,1.1977
2.949,raw,1299,-11.3002,7.5998,1.1907
2.949,raw,1309,-14.5753,9.0231,1.0293
2.949,raw,1320,-14.2184,8.2290,1.0610
2.949,raw,1330,-14.0919,7.6466,1.0781
2.949,raw,1341,-13.7286,0.4093,1.4940
2.949,raw,1351,-13.5278,0.0195,1.4981
2.949,raw,1361,-13.3700,-0.3630,1.5011
2.949,raw,1372,-13.1988,-0.7754,1.5041
2.949,raw,1382,-13.0083,-1.1385,1.5073
2.949,raw,1393,-8.0682,-0.7353,1.6164
2.949,raw,1403,-8.0931,-0.9839,1.6149
2.949,raw,1414,-12.4962,-2.2708,1.5139
2.949,raw,1424,-12.3434,-2.6159,1.5154
2.949,raw,1435,-12.1842,-2.9941,1.5165
2.949,raw,1445,-12.0201,-3.3288,1.5178
2.949,raw,1456,-11.7667,-3.6671,1.5207
2.949,raw,1466,-11.6492,-4.0118,1.5204
2.949,raw,1477,-11.5233,-4.3938,1.5197
2.949,raw,1487,-11.3921,-4.7353,1.5193
2.949,raw,1498,-11.2564,-5.1173,1.5183
2.949,raw,1508,-11.1499,-5.4768,1.5167
2.949,raw,1519,-10.9239,-5.8148,1.5174
2.949,raw,1529,-10.7919,-6.1662,1.5159
2.949,raw,1540,-10.6583,-6.5664,1.5136
2.949,raw,1550,-10.5224,-6.9274,1.5115
2.949,raw,1561,-10.2699,-7.2545,1.5117
2.949,raw,1571,-10.1158,-7.6124,1.5096
2.949,raw,1581,-9.9564,-7.9736,1.5072
2.949,raw,1592,-9.7131,-8.3194,1.5062
2.949,raw,1602,-9.5253,-8.6699,1.5039
2.949,raw,1613,-9.3066,-9.0533,1.5014
2.949,raw,1623,-9.0742,-9.3751,1.4997
2.949,raw,1634,-8.8937,-9.8244,1.4950
2.949,raw,1644,-8.6574,-10.1634,1.4926
2.949,raw,1655,-8.3723,-10.5157,1.4904
2.949,raw,1665,-8.1975,-10.9635,1.4847
2.949,raw,1676,-7.9185,-11.3583,1.4811
2.949,raw,1686,-7.6524,-11.7150,1.4777
2.949,raw,1697,-7.3722,-12.1498,1.4727
2.949,raw,1707,-7.1629,-12.6543,1.4653
2.949,raw,1718,-4.2137,-7.9129,1.5882
2.949,raw,1728,-4.0105,-8.1283,1.5859
2.949,raw,1739,-6.2331,-14.0095,1.4475
2.949,raw,1749,-5.9232,-14.4702,1.4407
2.949,raw,1760,-5.6040,-15.0969,1.4303
2.949,raw,1770,-7.1862,-21.3811,1.2879
2.949,raw,1781,-6.7896,-22.6198,1.2644
2.949,raw,1791,-6.3737,-23.7669,1.2425
2.949,raw,1801,-5.9073,-24.9505,1.2197
2.949,raw,1812,-5.2505,-25.8931,1.2025
2.949,raw,1822,-4.5276,-26.2791,1.1971
2.949,raw,1833,-3.7197,-26.7351,1.1899
2.949,raw,1843,-2.9727,-27.2046,1.1817
2.949,raw,1854,-2.1292,-27.7698,1.1710
2.949,raw,1864,-1.3347,-28.2733,1.1611
2.949,raw,1875,-0.4311,-28.8850,1.1483
2.949,raw,1885,0.4202,-29.1578,1.1424
2.949,raw,1896,1.3765,-29.4860,1.1346
2.949,raw,1906,2.2786,-29.9632,1.1230
2.949,raw,1917,3.3083,-30.5019,1.1092
2.949,raw,1927,4.2850,-31.0322,1.0951
2.949,raw,1938,5.4115,-31.6650,1.0776
2.949,raw,1948,6.5437,-32.5673,1.0536
2.949,raw,1959,25.7146,11.5110,1.1867
2.949,raw,1969,-23.8773,24.7843,1.0485
2.949,raw,1980,-22.7088,22.2013,1.1068
2.949,raw,1990,-21.6751,20.0713,1.1554
2.949,raw,2001,-20.9832,18.2897,1.1926
2.949,raw,2011,-20.1268,16.6078,1.2307
2.949,raw,2021,-19.3716,15.1237,1.2638
2.949,raw,2032,-19.1945,14.0655,1.2806
2.949,raw,2042,-10.9106,7.8509,1.5089
2.949,raw,2053,-18.2579,11.8337,1.3248
2.949,raw,2063,-18.2480,11.1158,1.3331
2.949,raw,2074,-17.8015,10.1231,1.3522
2.949,raw,2084,-17.4542,9.3021,1.3673
2.949,raw,2095,-17.0918,8.4570,1.3825
2.949,raw,2105,-16.7704,7.7326,1.3954
2.949,raw,2116,-16.4404,6.9857,1.4083
2.949,raw,2126,-16.4631,6.4532,1.4119
2.949,raw,2137,-16.1644,5.7761,1.4228
2.949,raw,2147,-15.8791,5.1846,1.4326
2.949,raw,2158,-15.6321,4.5804,1.4413
2.949,raw,2168,-15.3714,4.0450,1.4496
2.949,raw,2179,-15.1187,3.4872,1.4575
2.949,raw,2189,-14.9109,3.0032,1.4639
2.949,raw,2200,-14.6735,2.4883,1.4706
2.949,raw,2210,-14.4741,2.0383,1.4761
2.949,raw,2221,-14.2398,1.5584,1.4821
2.949,raw,2231,-14.0707,1.1383,1.4863
2.949,raw,2242,-13.8408,0.6881,1.4916
2.949,raw,2252,-31.6189,-0.0718,1.8430
2.949,raw,2262,-18.4571,-0.3117,1.8252
2.949,raw,2273,-17.4757,-0.8209,1.8239
2.949,raw,2283,-29.5742,-2.6870,1.8405
2.949,raw,2294,-8.2661,-0.5705,1.8115
2.949,raw,2304,-8.3868,-0.8391,1.8117
2.949,raw,2315,-8.1560,-1.0707,1.8115
2.949,raw,2325,-15.6705,-3.0982,1.8220
2.949,raw,2336,-23.7535,-5.8139,1.8335
2.949,raw,2346,-22.5464,-6.1930,1.8321
2.949,raw,2357,-21.3321,-6.5750,1.8307
2.949,raw,2367,-17.5608,-5.8792,1.8256
2.949,raw,2378,-19.3108,-7.2308,1.8284
2.949,raw,2388,-18.4694,-7.5202,1.8275
2.949,raw,2399,-15.4418,-6.7880,1.8234
2.949,raw,2409,-15.2888,-7.2669,1.8235
2.949,raw,2420,-16.0512,-8.3149,1.8251
2.949,raw,2430,-15.3759,-8.5332,1.8244
2.949,raw,2441,-14.6998,-8.7788,1.8238
2.949,raw,2451,-14.0803,-8.9697,1.8232
2.949,raw,2462,-13.6012,-9.2927,1.8230
2.949,raw,2472,-13.2440,-9.6327,1.8229
2.949,raw,2482,-12.9631,-10.0292,1.8229
2.949,raw,2493,-12.6520,-10.4665,1.8229
2.949,raw,2503,-12.3749,-10.8730,1.8230
2.949,raw,2514,-12.0719,-11.3287,1.8232
2.949,raw,2524,-11.7765,-11.7303,1.8233
2.949,raw,2535,-11.5301,-12.2673,1.8236
2.949,raw,2545,-11.3160,-12.7869,1.8239
2.949,raw,2556,-11.0791,-13.3840,1.8243
2.949,raw,2566,-10.8562,-13.9457,1.8247
2.949,raw,2577,-10.6213,-14.6145,1.8253
2.949,raw,2587,-10.9988,-16.1548,1.8273
2.949,raw,2598,-10.7665,-16.9903,1.8281
2.949,raw,2608,-10.5511,-17.8070,1.8289
2.949,raw,2619,-10.3056,-18.7733,1.8299
2.949,raw,2629,-10.0778,-19.7326,1.8309
2.949,raw,2640,-9.7933,-20.8340,1.8321
2.949,raw,2650,-9.5052,-21.8889,1.8332
2.949,raw,2661,-9.1751,-23.1719,1.8346
2.949,raw,2671,-8.8506,-24.4450,1.8361
2.949,raw,2682,-9.1342,-28.0638,1.8409
2.949,raw,2692,-8.4821,-28.9245,1.8417
2.949,raw,2702,-7.8055,-29.8375,1.8427
2.949,raw,2713,-6.9627,-30.6221,1.8434
2.949,raw,2723,-5.9035,-30.0126,1.8423
2.949,raw,2734,-4.9959,-30.5801,1.8429
2.949,raw,2744,-4.1525,-31.1289,1.8434
2.949,raw,2755,-3.1943,-31.7170,1.8441
2.949,raw,2765,-2.2950,-32.2328,1.8447
2.949,raw,2776,-1.2797,-32.8854,1.8455
2.949,raw,2786,-0.3227,-33.4432,1.8462
2.949,raw,2797,0.7678,-34.1511,1.8471
2.949,raw,2807,-34.6874,4.2754,1.8474
2.949,raw,2818,-33.9670,3.1134,1.8463
2.949,raw,2828,-33.3413,2.1024,1.8454
2.949,raw,2839,-32.4923,1.0328,1.8442
2.949,raw,2849,-31.7149,-3.2052,2.5950
2.949,raw,2860,-15.9333,-1.9593,2.2034
2.949,raw,2870,-15.6373,-3.8163,2.2062
2.949,raw,2881,-16.3709,-6.4306,2.2450
2.949,raw,2891,-14.7451,-6.7201,2.2114
2.949,raw,2902,-15.1163,-7.7977,2.2319
2.949,raw,2912,-14.3313,-7.9155,2.2165
2.949,raw,2922,-29.0593,-19.4644,2.6784
2.949,raw,2933,-28.3056,-20.3010,2.6752
2.949,raw,2943,-19.9649,-24.0559,2.5890
2.949,raw,2954,-31.7754,-3.3056,3.3509
2.949,raw,2964,-15.9241,-1.9578,2.5847
2.949,raw,2975,-16.6731,-8.9130,2.7325
2.949,raw,2985,-19.9808,-24.0754,3.3370
2.949,raw,2996,-14.7730,-4.9987,2.9435
2.949,raw,3006,-25.9287,-14.2727,3.9542
2.949,raw,3017,-18.6970,-2.7966,3.6248
2.949,raw,3027,-11.4375,-8.6217,3.2130
2.949,raw,3038,-16.5485,0.2663,3.7861
2.949,raw,3048,-16.4321,-0.2080,3.7744
2.949,raw,3059,-16.2557,-0.7196,3.7575
2.949,raw,3069,-16.1300,-1.1813,3.7479
2.949,raw,3080,-15.9584,-1.6793,3.7352
2.949,raw,3090,-17.0629,-2.3454,3.8775
2.949,raw,3101,-15.4718,-2.5805,3.6966
2.949,raw,3111,-15.2023,-3.4091,3.6880
2.949,raw,3122,-15.8197,-8.6723,3.9987
2.949,raw,3132,-11.3852,-8.3645,3.5403
3.972,raw,0,-5.6757,-5.6279,0.6045
3.972,raw,10,-5.5213,-5.8238,0.5986
3.972,raw,21,-5.3843,-6.0838,0.5834
3.972,raw,32,-5.1811,-6.2699,0.5808
3.972,raw,42,-5.0249,-6.4803,0.5704
3.972,raw,53,-4.8530,-6.7208,0.5567
3.972,raw,64,-4.6710,-6.9575,0.5430
3.972,raw,74,-4.4784,-7.1381,0.5356
3.972,raw,85,-4.2962,-7.3981,0.5168
3.972,raw,96,-4.0924,-7.6352,0.5009
3.972,raw,107,-6.0602,-6.3147,0.7185
3.972,raw,117,-5.8887,-6.5259,0.7131
3.972,raw,128,-5.7198,-6.7886,0.7019
3.972,raw,139,-5.5030,-6.9976,0.6980
3.972,raw,149,-5.3436,-7.2450,0.6854
3.972,raw,160,-5.1606,-7.5192,0.6709
3.972,raw,171,-4.9479,-7.7603,0.6604
3.972,raw,181,-4.7536,-7.9883,0.6490
3.972,raw,192,-4.4108,-8.0096,0.6660
3.972,raw,203,-4.1218,-8.1204,0.6698
3.972,raw,214,-4.0637,-8.7401,0.6074
3.972,raw,224,-3.8656,-9.0316,0.5854
3.972,raw,235,-3.6129,-9.2964,0.5677
3.972,raw,246,-3.3611,-9.5948,0.5450
3.972,raw,256,-3.0917,-9.7731,0.5351
3.972,raw,267,-6.7795,-6.7265,0.8656
3.972,raw,278,-6.5876,-6.9910,0.8595
3.972,raw,288,-6.4435,-7.2739,0.8484
3.972,raw,299,-6.2233,-7.5197,0.8435
3.972,raw,310,-6.0618,-7.8518,0.8280
3.972,raw,321,-5.8324,-8.1041,0.8213
3.972,raw,331,-5.6450,-8.3742,0.8100
3.972,raw,342,-5.4214,-8.6584,0.7986
3.972,raw,353,-5.1909,-8.9469,0.7862
3.972,raw,363,-4.3334,-7.9822,0.9025
3.972,raw,374,-4.0643,-8.1298,0.9015
3.972,raw,385,-4.4676,-9.7973,0.7456
3.972,raw,396,-4.1829,-10.0529,0.7341
3.972,raw,406,-3.9404,-10.3496,0.7167
3.972,raw,417,-3.6637,-10.6868,0.6958
3.972,raw,428,-3.3705,-11.0197,0.6747
3.972,raw,438,-3.1150,-11.4121,0.6463
3.972,raw,449,-2.8476,-11.9910,0.6005
3.972,raw,460,-2.5329,-12.4968,0.5610
3.972,raw,470,-2.2326,-13.0127,0.5193
3.972,raw,481,-7.7790,-7.0475,1.0393
3.972,raw,492,-7.5990,-7.3623,1.0327
3.972,raw,503,-7.4131,-7.6801,1.0255
3.972,raw,513,-7.2372,-7.9703,1.0186
3.972,raw,524,-7.0194,-8.2704,1.0123
3.972,raw,535,-6.7948,-8.5717,1.0054
3.972,raw,545,-6.5868,-8.8501,0.9984
3.972,raw,556,-6.3464,-9.1516,0.9907
3.972,raw,567,-6.1209,-9.4915,0.9794
3.972,raw,577,-5.9055,-9.8010,0.9687
3.972,raw,588,-4.5654,-8.1189,1.1152
3.972,raw,599,-4.1519,-7.9930,1.1361
3.972,raw,610,-5.1010,-10.7815,0.9342
3.972,raw,620,-4.8148,-11.0297,0.9265
3.972,raw,631,-4.5399,-11.4267,0.9083
3.972,raw,642,-4.2154,-11.7343,0.8962
3.972,raw,652,-3.9348,-12.0913,0.8790
3.972,raw,663,-3.6889,-12.7646,0.8395
3.972,raw,674,-3.3852,-13.3585,0.8054
3.972,raw,685,-3.0479,-13.9472,0.7712
3.972,raw,695,-2.7646,-14.7533,0.7206
3.972,raw,706,-2.3802,-15.4940,0.6747
3.972,raw,717,-1.9678,-16.3528,0.6200
3.972,raw,727,-1.5506,-17.1535,0.5682
3.972,raw,738,-10.5151,-4.5285,1.2613
3.972,raw,749,-10.3035,-4.8402,1.2635
3.972,raw,759,-10.1918,-5.1658,1.2609
3.972,raw,770,-9.9801,-5.4754,1.2622
3.972,raw,781,-9.8755,-5.8525,1.2572
3.972,raw,792,-9.6550,-6.1584,1.2578
3.972,raw,802,-9.5408,-6.4994,1.2530
3.972,raw,813,-9.3400,-6.8247,1.2513
3.972,raw,824,-9.1351,-7.1501,1.2492
3.972,raw,834,-8.9592,-7.4590,1.2461
3.972,raw,845,-8.7604,-7.8004,1.2423
3.972,raw,856,-8.5787,-8.1671,1.2366
3.972,raw,866,-8.3649,-8.4591,1.2338
3.972,raw,877,-8.1454,-8.8049,1.2288
3.972,raw,888,-7.8740,-9.0993,1.2267
3.972,raw,899,-7.6355,-9.4418,1.2213
3.972,raw,909,-7.4409,-9.7952,1.2137
3.972,raw,920,-7.1550,-10.0987,1.2099
3.972,raw,931,-6.9180,-10.4898,1.2010
3.972,raw,941,-6.6480,-10.7755,1.1964
3.972,raw,952,-6.3903,-11.1753,1.1864
3.972,raw,963,-4.2561,-7.9537,1.3616
3.972,raw,974,-4.0034,-8.1316,1.3594
3.972,raw,984,-5.5169,-12.2651,1.1596
3.972,raw,995,-5.1956,-12.6580,1.1488
3.972,raw,1006,-4.8980,-13.1605,1.1323
3.972,raw,1016,-4.6239,-13.6707,1.1145
3.972,raw,1027,-4.3280,-14.3428,1.0894
3.972,raw,1038,-4.0193,-15.1047,1.0599
3.972,raw,1048,-3.7475,-15.9927,1.0236
3.972,raw,1059,-3.3807,-16.9027,0.9867
3.972,raw,1070,-3.1614,-18.9992,0.8947
3.972,raw,1081,-2.9109,-21.8180,0.7696
3.972,raw,1091,-2.4847,-23.9481,0.6756
3.972,raw,1102,-1.7281,-24.3009,0.6628
3.972,raw,1113,-0.9512,-24.6157,0.6506
3.972,raw,1123,-0.2302,-24.9416,0.6367
3.972,raw,1134,22.2104,9.4398,0.7184
3.972,raw,1145,25.5977,11.7403,0.5357
3.972,raw,1155,-19.6441,19.1238,0.5667
3.972,raw,1166,-19.0383,17.4523,0.6382
3.972,raw,1177,-18.1866,15.7060,0.7192
3.972,raw,1188,-17.7258,14.4024,0.7726
3.972,raw,1198,-17.3767,13.3468,0.8141
3.972,raw,1209,-16.7850,12.1170,0.8684
3.972,raw,1220,-11.0004,7.6826,1.1993
3.972,raw,1230,-16.0285,10.2307,0.9435
3.972,raw,1241,-15.7578,9.4015,0.9730
3.972,raw,1252,-15.3524,8.5487,1.0075
3.972,raw,1262,-15.4052,0.6424,1.4568
3.972,raw,1273,-15.1015,0.1597,1.4634
3.972,raw,1284,-14.8430,-0.3076,1.4686
3.972,raw,1295,-14.5631,-0.7583,1.4740
3.972,raw,1305,-14.3178,-1.1560,1.4784
3.972,raw,1316,-8.1368,-0.6664,1.6150
3.972,raw,1327,-8.0480,-0.9193,1.6160
3.972,raw,1337,-13.5412,-2.3570,1.4909
3.972,raw,1348,-13.3318,-2.7610,1.4934
3.972,raw,1359,-13.1360,-3.1619,1.4953
3.972,raw,1370,-12.9149,-3.5496,1.4975
3.972,raw,1380,-12.7412,-3.9062,1.4986
3.972,raw,1391,-12.3371,-4.2128,1.5046
3.972,raw,1402,-12.1590,-4.5968,1.5051
3.972,raw,1412,-11.9739,-4.9345,1.5058
3.972,raw,1423,-11.7601,-5.2988,1.5066
3.972,raw,1434,-11.5975,-5.6885,1.5059
3.972,raw,1444,-11.3465,-5.9860,1.5075
3.972,raw,1455,-11.1702,-6.3696,1.5065
3.972,raw,1466,-11.0458,-6.7913,1.5038
3.972,raw,1477,-10.8439,-7.1682,1.5028
3.972,raw,1487,-10.5904,-7.4618,1.5035
3.972,raw,1498,-10.3892,-7.8449,1.5018
3.972,raw,1509,-10.1854,-8.2327,1.4998
3.972,raw,1519,-9.9315,-8.5302,1.4997
3.972,raw,1530,-9.7471,-8.9503,1.4963
3.972,raw,1541,-9.4903,-9.3103,1.4947
3.972,raw,1551,-9.2327,-9.6176,1.4937
3.972,raw,1562,-9.0120,-10.0338,1.4901
3.972,raw,1573,-8.7456,-10.4108,1.4874
3.972,raw,1584,-8.4636,-10.7803,1.4848
3.972,raw,1594,-8.2627,-11.2060,1.4799
3.972,raw,1605,-7.9771,-11.6047,1.4762
3.972,raw,1616,-7.6593,-11.9724,1.4732
3.972,raw,1626,-7.3831,-12.3442,1.4693
3.972,raw,1637,-7.1301,-12.8731,1.4618
3.972,raw,1648,-4.1382,-7.9655,1.5884
3.972,raw,1659,-6.4681,-13.7510,1.4510
3.972,raw,1669,-6.1478,-14.1587,1.4456
3.972,raw,1680,-5.7907,-14.6408,1.4388
3.972,raw,1691,-5.5523,-15.5195,1.4224
3.972,raw,1701,-6.9488,-21.4759,1.2880
3.972,raw,1712,-6.5257,-22.6615,1.2657
3.972,raw,1723,-6.0417,-23.8705,1.2427
3.972,raw,1733,-5.5652,-25.0715,1.2193
3.972,raw,1744,-4.8278,-25.6477,1.2101
3.972,raw,1755,-4.0410,-26.0843,1.2036
3.972,raw,1766,-3.2417,-26.5791,1.1953
3.972,raw,1776,-2.4922,-27.0149,1.1875
3.972,raw,1787,-1.6438,-27.4982,1.1784
3.972,raw,1798,-0.7691,-28.0054,1.1681
3.972,raw,1808,0.0529,-28.2804,1.1623
3.972,raw,1819,0.9744,-28.5497,1.1561
3.972,raw,1830,1.9265,-29.0189,1.1449
3.972,raw,1840,2.8225,-29.4628,1.1336
3.972,raw,1851,3.8401,-29.9265,1.1211
3.972,raw,1862,4.9068,-30.4672,1.1061
3.972,raw,1873,6.0234,-31.0361,1.0896
3.972,raw,1883,7.1873,-32.0450,1.0627
3.972,raw,1894,24.0482,10.4148,1.2299
3.972,raw,1905,-26.9008,22.2351,1.0359
3.972,raw,1915,-25.5915,20.0029,1.0889
3.972,raw,1926,-27.1180,19.8327,1.0639
3.972,raw,1937,-25.9592,17.8068,1.1102
3.972,raw,1948,-24.1540,15.5385,1.1707
3.972,raw,1958,-22.6272,13.7147,1.2202
3.972,raw,1969,-24.4619,13.7527,1.1844
3.972,raw,1980,-22.6347,11.8666,1.2393
3.972,raw,1990,-21.3921,10.4933,1.2771
3.972,raw,2001,-20.5611,9.3308,1.3042
3.972,raw,2012,-19.7833,8.2711,1.3289
3.972,raw,2022,-20.5482,7.8896,1.3159
3.972,raw,2033,-19.8164,6.9307,1.3379
3.972,raw,2044,-19.1475,6.0544,1.3576
3.972,raw,2055,-18.5122,5.2438,1.3758
3.972,raw,2065,-17.9871,4.5640,1.3905
3.972,raw,2076,-17.4438,3.8669,1.4052
3.972,raw,2087,-17.0175,3.2300,1.4169
3.972,raw,2097,-16.6728,2.6848,1.4260
3.972,raw,2108,-16.3134,2.1141,1.4353
3.972,raw,2119,-16.0102,1.5727,1.4428
3.972,raw,2129,-15.6674,1.0969,1.4509
3.972,raw,2140,-19.5388,-0.0859,1.8267
3.972,raw,2151,-34.8398,-2.0427,1.8475
3.972,raw,2162,-34.0288,-3.0708,1.8466
3.972,raw,2172,-31.3935,-3.7069,1.8431
3.972,raw,2183,-32.5824,-4.9289,1.8450
3.972,raw,2194,-18.4107,-3.1357,1.8256
3.972,raw,2204,-31.1786,-6.6587,1.8436
3.972,raw,2215,-16.6908,-3.8603,1.8236
3.972,raw,2226,-29.8167,-8.3719,1.8424
3.972,raw,2236,-29.2136,-9.1190,1.8419
3.972,raw,2247,-28.5653,-9.9227,1.8414
3.972,raw,2258,-27.9260,-10.7074,1.8410
3.972,raw,2269,-27.2149,-11.4397,1.8405
3.972,raw,2279,-26.5293,-12.0652,1.8400
3.972,raw,2290,-25.7897,-12.7347,1.8395
3.972,raw,2301,-15.1643,-7.8885,1.8237
3.972,raw,2311,-14.2102,-7.9074,1.8226
3.972,raw,2322,-23.7696,-14.6243,1.8384
3.972,raw,2333,-23.1166,-15.2640,1.8382
3.972,raw,2344,-22.4601,-15.8872,1.8379
3.972,raw,2354,-21.7902,-16.3856,1.8376
3.972,raw,2365,-21.0438,-16.9069,1.8373
3.972,raw,2376,-15.7135,-13.3667,1.8286
3.972,raw,2386,-14.7003,-13.2517,1.8275
3.972,raw,2397,-13.6890,-13.1515,1.8264
3.972,raw,2408,-12.7921,-13.0998,1.8255
3.972,raw,2418,-12.1422,-13.1848,1.8250
3.972,raw,2429,-11.7326,-13.6056,1.8251
3.972,raw,2440,-11.4300,-14.1691,1.8254
3.972,raw,2451,-11.4131,-15.1500,1.8265
3.972,raw,2461,-11.2045,-15.8369,1.8271
3.972,raw,2472,-10.9730,-16.6442,1.8278
3.972,raw,2483,-10.7134,-17.4728,1.8286
3.972,raw,2493,-10.4706,-18.2782,1.8294
3.972,raw,2504,-10.1922,-19.2266,1.8303
3.972,raw,2515,-9.8961,-20.2419,1.8314
3.972,raw,2525,-9.6059,-21.2236,1.8324
3.972,raw,2536,-9.2549,-22.3623,1.8336
3.972,raw,2547,-8.8922,-23.6361,1.8351
3.972,raw,2558,-8.4847,-24.9885,1.8366
3.972,raw,2568,-8.0781,-26.3155,1.8381
3.972,raw,2579,-7.6041,-27.9689,1.8401
3.972,raw,2590,-6.8629,-28.8994,1.8411
3.972,raw,2600,-6.0591,-29.3164,1.8414
3.972,raw,2611,-5.1594,-29.7818,1.8418
3.972,raw,2622,-4.2470,-30.2937,1.8423
3.972,raw,2633,-3.3089,-30.7913,1.8428
3.972,raw,2643,-2.4333,-31.2287,1.8433
3.972,raw,2654,-1.4479,-31.7497,1.8439
3.972,raw,2665,-0.4328,-32.2870,1.8446
3.972,raw,2675,0.5197,-32.8947,1.8454
3.972,raw,2686,1.6077,-33.5428,1.8463
3.972,raw,2697,2.7197,-33.9215,1.8469
3.972,raw,2707,-18.7987,-0.4416,2.2702
3.972,raw,2718,-16.3723,-0.8314,2.2109
3.972,raw,2729,-16.2135,-1.3403,2.2083
3.972,raw,2740,-16.0585,-1.8436,2.2061
3.972,raw,2750,-15.5869,-2.6121,2.1980
3.972,raw,2761,-15.4187,-3.0940,2.1965
3.972,raw,2772,-15.3160,-3.5902,2.1970
3.972,raw,2782,-15.1779,-4.0295,2.1968
3.972,raw,2793,-16.3138,-4.9477,2.2305
3.972,raw,2804,-14.8266,-6.0850,2.2064
3.972,raw,2814,-14.5107,-7.6917,2.2174
3.972,raw,2825,-19.8769,-24.2132,2.5903
3.972,raw,2836,-31.8170,-3.5779,3.3548
3.972,raw,2847,-17.5380,-5.8757,2.7085
3.972,raw,2857,-25.8804,-14.4329,3.2500
3.972,raw,2868,-19.5199,-24.2055,3.3273
3.972,raw,2879,-26.1051,-13.8660,3.9506
3.972,raw,2889,-11.5606,-8.5119,2.8648
3.972,raw,2900,-18.7586,0.2137,3.6024
3.972,raw,2911,-19.4774,-0.4229,3.6731
3.972,raw,2922,-19.2927,-1.0307,3.6595
3.972,raw,2932,-19.1321,-1.5767,3.6494
3.972,raw,2943,-18.9575,-2.1711,3.6402
3.972,raw,2954,-18.7740,-2.7583,3.6319
3.972,raw,2964,-18.3494,-3.4008,3.6040
3.972,raw,2975,-18.1862,-3.9767,3.6014
3.972,raw,2986,-18.0020,-4.5454,3.5984
3.972,raw,2996,-17.7979,-5.2202,3.5985
3.972,raw,3007,-11.4508,-8.5340,3.2079
3.972,raw,3018,-16.5868,0.3079,3.7917
3.972,raw,3029,-16.4237,-0.2137,3.7744
3.972,raw,3039,-16.2769,-0.6804,3.7605
3.972,raw,3050,-16.1116,-1.1861,3.7466
3.972,raw,3061,-15.9775,-1.6892,3.7383
3.972,raw,3071,-17.0389,-2.3471,3.8753
3.972,raw,3082,-15.4908,-2.5924,3.6996
3.972,raw,3093,-15.3287,-3.0725,3.6931
3.972,raw,3103,-15.1933,-3.5095,3.6903
3.972,raw,3114,-15.0537,-3.9919,3.6901
3.972,raw,3125,-14.8938,-4.4679,3.6893
3.972,raw,3136,-14.7538,-4.9513,3.6929
3.972,raw,3146,-14.6751,-5.4127,3.7041
3.972,raw,3157,-14.5334,-5.9032,3.7114
3.972,raw,3168,-14.3887,-6.3971,3.7205
3.972,raw,3178,-14.2313,-6.8379,3.7272
3.972,raw,3189,-14.0885,-7.3446,3.7408
3.972,raw,3200,-13.9334,-7.8529,3.7552
5.256,raw,0,-5.9009,-5.9990,0.5440
5.256,raw,9,-5.7722,-6.2040,0.5347
5.256,raw,19,-5.6138,-6.4197,0.5261
5.256,raw,29,-5.4417,-6.6239,0.5190
5.256,raw,39,-5.2750,-6.8409,0.5089
5.256,raw,49,-6.4059,-6.6691,0.6603
5.256,raw,59,-6.2382,-6.9062,0.6526
5.256,raw,69,-6.0749,-7.1552,0.6425
5.256,raw,79,-5.9113,-7.4125,0.6308
5.256,raw,89,-5.7319,-7.6581,0.6202
5.256,raw,98,-5.5406,-7.8436,0.6153
5.256,raw,108,-5.3801,-8.1362,0.5972
5.256,raw,118,-5.1743,-8.3713,0.5865
5.256,raw,128,-4.9709,-8.6219,0.5732
5.256,raw,138,-4.3349,-8.0610,0.6658
5.256,raw,148,-4.0487,-8.1139,0.6753
5.256,raw,158,-4.3261,-9.4015,0.5261
5.256,raw,168,-4.0937,-9.6620,0.5091
5.256,raw,178,-7.1046,-7.2995,0.8057
5.256,raw,187,-6.9419,-7.5352,0.7996
5.256,raw,197,-6.7747,-7.8201,0.7896
5.256,raw,207,-6.5784,-8.0783,0.7823
5.256,raw,217,-6.4178,-8.3929,0.7681
5.256,raw,227,-6.2161,-8.6642,0.7585
5.256,raw,237,-5.9909,-8.9108,0.7512
5.256,raw,247,-5.7834,-9.1957,0.7391
5.256,raw,257,-5.5656,-9.4780,0.7269
5.256,raw,267,-4.5004,-8.1922,0.8788
5.256,raw,277,-4.0992,-8.0281,0.9094
5.256,raw,286,-3.9365,-8.2679,0.8959
5.256,raw,296,-4.6239,-10.5679,0.6756
5.256,raw,306,-4.3377,-10.7925,0.6665
5.256,raw,316,-4.0880,-11.1344,0.6452
5.256,raw,326,-3.8266,-11.4841,0.6226
5.256,raw,336,-3.5487,-11.8287,0.5999
5.256,raw,346,-3.2835,-12.2754,0.5669
5.256,raw,356,-3.0313,-12.8653,0.5197
5.256,raw,366,-8.1862,-7.5310,0.9952
5.256,raw,375,-8.0768,-7.8502,0.9850
5.256,raw,385,-7.8797,-8.1368,0.9801
5.256,raw,395,-7.6991,-8.4491,0.9724
5.256,raw,405,-7.4852,-8.7315,0.9671
5.256,raw,415,-7.2792,-9.0317,0.9598
5.256,raw,425,-7.0786,-9.3500,0.9506
5.256,raw,435,-6.8495,-9.6410,0.9434
5.256,raw,445,-6.5966,-9.9068,0.9378
5.256,raw,455,-6.3654,-10.2178,0.9281
5.256,raw,464,-6.1662,-10.5277,0.9167
5.256,raw,474,-5.8843,-10.7806,0.9108
5.256,raw,484,-4.0982,-8.0262,1.1363
5.256,raw,494,-3.9096,-8.2766,1.1263
5.256,raw,504,-5.1084,-11.7874,0.8713
5.256,raw,514,-4.8120,-12.0898,0.8598
5.256,raw,524,-4.5435,-12.4985,0.8400
5.256,raw,534,-4.2504,-12.8862,0.8213
5.256,raw,544,-4.0221,-13.5468,0.7825
5.256,raw,554,-3.7393,-14.1301,0.7491
5.256,raw,563,-3.4654,-14.6770,0.7171
5.256,raw,573,-3.1404,-15.3251,0.6784
5.256,raw,583,-2.8314,-16.2471,0.6200
5.256,raw,593,-2.4498,-17.0155,0.5720
5.256,raw,603,-2.0635,-18.0819,0.5026
5.256,raw,613,-10.8651,-5.0805,1.2346
5.256,raw,623,-10.7301,-5.4136,1.2330
5.256,raw,633,-10.6160,-5.7618,1.2297
5.256,raw,643,-10.4542,-6.0854,1.2283
5.256,raw,652,-10.3475,-6.4044,1.2245
5.256,raw,662,-10.1330,-6.6978,1.2250
5.256,raw,672,-9.9440,-7.0099,1.2237
5.256,raw,682,-9.8280,-7.3826,1.2175
5.256,raw,692,-9.6222,-7.6901,1.2159
5.256,raw,702,-9.4084,-7.9937,1.2141
5.256,raw,712,-9.1858,-8.2924,1.2124
5.256,raw,722,-9.0471,-8.6788,1.2046
5.256,raw,732,-8.7843,-8.9480,1.2042
5.256,raw,742,-8.5881,-9.2936,1.1986
5.256,raw,751,-8.3958,-9.5957,1.1939
5.256,raw,761,-8.1965,-9.9598,1.1869
5.256,raw,771,-7.9261,-10.2446,1.1841
5.256,raw,781,-7.7206,-10.6278,1.1755
5.256,raw,791,-7.4438,-10.9239,1.1715
5.256,raw,801,-7.2311,-11.3329,1.1611
5.256,raw,811,-6.9366,-11.6288,1.1565
5.256,raw,821,-6.7109,-12.0634,1.1443
5.256,raw,831,-4.1780,-8.0000,1.3617
5.256,raw,840,-3.9605,-8.1226,1.3611
5.256,raw,850,-5.8801,-13.1504,1.1166
5.256,raw,860,-5.5642,-13.5183,1.1068
5.256,raw,870,-5.2908,-14.0358,1.0894
5.256,raw,880,-4.9964,-14.5610,1.0715
5.256,raw,890,-4.7314,-15.2583,1.0450
5.256,raw,900,-4.4349,-15.9683,1.0178
5.256,raw,910,-4.2182,-17.1434,0.9686
5.256,raw,920,-4.8381,-22.4414,0.7274
5.256,raw,929,-4.3880,-23.3324,0.6918
5.256,raw,939,-3.8673,-24.4948,0.6438
5.256,raw,949,-3.1825,-24.8844,0.6308
5.256,raw,959,-2.4776,-25.2459,0.6182
5.256,raw,969,-1.7579,-25.6294,0.6037
5.256,raw,979,-1.0144,-25.9081,0.5931
5.256,raw,989,-0.2567,-26.1775,0.5819
5.256,raw,999,0.5167,-26.5343,0.5657
5.256,raw,1009,1.3103,-26.8671,0.5496
5.256,raw,1019,2.1281,-27.2467,0.5303
5.256,raw,1028,2.8834,-27.5650,0.5130
5.256,raw,1038,22.2718,9.4365,0.7172
5.256,raw,1048,25.6121,11.6342,0.5383
5.256,raw,1058,-19.4928,19.4961,0.5575
5.256,raw,1068,-19.1278,18.1058,0.6129
5.256,raw,1078,-18.7134,16.7643,0.6674
5.256,raw,1088,-18.3116,15.5207,0.7176
5.256,raw,1098,-17.6928,14.1909,0.7772
5.256,raw,1108,-17.3881,13.1781,0.8157
5.256,raw,1117,-16.9353,12.1951,0.8582
5.256,raw,1127,-10.9364,7.6691,1.1995
5.256,raw,1137,-16.3048,10.4338,0.9255
5.256,raw,1147,-16.1005,9.6871,0.9506
5.256,raw,1157,-15.8271,8.9394,0.9777
5.256,raw,1167,-15.8203,8.3589,0.9898
5.256,raw,1177,-17.3633,0.2450,1.4126
5.256,raw,1187,-17.0656,-0.2458,1.4188
5.256,raw,1197,-16.7867,-0.7224,1.4242
5.256,raw,1206,-16.5382,-1.1396,1.4289
5.256,raw,1216,-16.2636,-1.5908,1.4337
5.256,raw,1226,-8.2486,-0.7803,1.6114
5.256,raw,1236,-8.1126,-1.0044,1.6135
5.256,raw,1246,-15.5086,-2.8878,1.4452
5.256,raw,1256,-15.2676,-3.3037,1.4483
5.256,raw,1266,-15.0233,-3.7108,1.4512
5.256,raw,1276,-14.8060,-4.1187,1.4532
5.256,raw,1286,-14.6206,-4.5326,1.4542
5.256,raw,1296,-13.9904,-4.7759,1.4655
5.256,raw,1305,-13.8126,-5.1268,1.4663
5.256,raw,1315,-13.6474,-5.5290,1.4662
5.256,raw,1325,-13.4631,-5.9228,1.4662
5.256,raw,1335,-13.2709,-6.3127,1.4662
5.256,raw,1345,-13.0835,-6.7056,1.4658
5.256,raw,1355,-12.5290,-6.8848,1.4745
5.256,raw,1365,-12.3588,-7.2783,1.4732
5.256,raw,1375,-12.2059,-7.6879,1.4711
5.256,raw,1385,-12.0036,-8.0695,1.4701
5.256,raw,1394,-11.5760,-8.2324,1.4756
5.256,raw,1404,-11.3971,-8.6299,1.4733
5.256,raw,1414,-11.2579,-9.0690,1.4696
5.256,raw,1424,-10.9491,-9.3702,1.4704
5.256,raw,1434,-10.7961,-9.8165,1.4662
5.256,raw,1444,-10.6544,-10.2901,1.4611
5.256,raw,1454,-10.3617,-10.6230,1.4603
5.256,raw,1464,-10.0571,-10.9462,1.4596
5.256,raw,1474,-9.9340,-11.4891,1.4523
5.256,raw,1484,-9.6284,-11.8326,1.4507
5.256,raw,1493,-9.3463,-12.1389,1.4491
5.256,raw,1503,-9.2136,-12.7433,1.4401
5.256,raw,1513,-8.8868,-13.0986,1.4377
5.256,raw,1523,-8.5688,-13.4806,1.4344
5.256,raw,1533,-8.2386,-13.8594,1.4310
5.256,raw,1543,-8.0945,-14.5985,1.4184
5.256,raw,1553,-7.7396,-14.9970,1.4142
5.256,raw,1563,-8.9734,-18.7778,1.3273
5.256,raw,1573,-8.6567,-19.5881,1.3140
5.256,raw,1582,-8.3493,-20.3427,1.3013
5.256,raw,1592,-7.9947,-21.2468,1.2855
5.256,raw,1602,-7.7341,-22.5534,1.2603
5.256,raw,1612,-7.3161,-23.5769,1.2417
5.256,raw,1622,-6.8812,-24.7218,1.2202
5.256,raw,1632,-6.4146,-25.9739,1.1961
5.256,raw,1642,-5.8256,-26.9628,1.1778
5.256,raw,1652,-5.0661,-27.3077,1.1737
5.256,raw,1662,-4.2980,-27.6711,1.1687
5.256,raw,1671,-3.5963,-28.0087,1.1636
5.256,raw,1681,-2.8007,-28.3736,1.1576
5.256,raw,1691,-1.9957,-28.8292,1.1492
5.256,raw,1701,-1.1704,-29.3365,1.1391
5.256,raw,1711,-0.3183,-29.8605,1.1281
5.256,raw,1721,0.5620,-30.2958,1.1185
5.256,raw,1731,1.4615,-30.5722,1.1119
5.256,raw,1741,2.3770,-30.8208,1.1053
5.256,raw,1751,3.3306,-31.2728,1.0936
5.256,raw,1761,4.3197,-31.7565,1.0806
5.256,raw,1770,5.2422,-32.2062,1.0679
5.256,raw,1780,6.3369,-32.8890,1.0490
5.256,raw,1790,25.7152,11.5919,1.1865
5.256,raw,1800,-25.3727,23.3719,1.0442
5.256,raw,1810,-26.0886,22.6879,1.0422
5.256,raw,1820,-25.1533,20.6862,1.0861
5.256,raw,1830,-24.3759,18.9444,1.1232
5.256,raw,1840,-25.0981,18.3748,1.1176
5.256,raw,1850,-24.7696,17.0920,1.1396
5.256,raw,1859,-23.9998,15.6981,1.1705
5.256,raw,1869,-23.1047,14.2240,1.2043
5.256,raw,1879,-25.1497,14.4593,1.1624
5.256,raw,1889,-24.2240,13.0540,1.1950
5.256,raw,1899,-23.4252,11.8022,1.2230
5.256,raw,1909,-22.6491,10.6393,1.2493
5.256,raw,1919,-21.9671,9.5879,1.2722
5.256,raw,1929,-21.3203,8.6127,1.2933
5.256,raw,1939,-23.2037,8.5576,1.2546
5.256,raw,1948,-22.6268,7.7077,1.2725
5.256,raw,1958,-21.9293,6.7981,1.2929
5.256,raw,1968,-21.3685,5.9770,1.3096
5.256,raw,1978,-20.7920,5.1963,1.3259
5.256,raw,1988,-20.2833,4.4711,1.3401
5.256,raw,1998,-19.7915,3.7857,1.3534
5.256,raw,2008,-19.3193,3.1373,1.3658
5.256,raw,2018,-18.8790,2.5240,1.3770
5.256,raw,2028,-18.4558,1.9408,1.3874
5.256,raw,2038,-18.0394,1.3847,1.3973
5.256,raw,2047,-17.7289,0.9069,1.4045
5.256,raw,2057,-18.3688,-0.3618,1.8252
5.256,raw,2067,-17.3890,-0.8704,1.8239
5.256,raw,2077,-31.7377,-3.6341,1.8436
5.256,raw,2087,-34.1828,-4.9664,1.8472
5.256,raw,2097,-18.6468,-3.0170,1.8260
5.256,raw,2107,-32.9120,-6.7343,1.8459
5.256,raw,2117,-32.3098,-7.5875,1.8454
5.256,raw,2127,-31.7180,-8.4212,1.8449
5.256,raw,2136,-31.1857,-9.1540,1.8445
5.256,raw,2146,-30.6017,-9.9521,1.8441
5.256,raw,2156,-17.4571,-6.0278,1.8255
5.256,raw,2166,-14.6837,-5.4820,1.8218
5.256,raw,2176,-16.0202,-6.5768,1.8240
5.256,raw,2186,-28.3823,-13.0303,1.8429
5.256,raw,2196,-27.8358,-13.7724,1.8427
5.256,raw,2206,-26.0594,-13.8295,1.8406
5.256,raw,2216,-25.7059,-14.6200,1.8407
5.256,raw,2226,-13.8418,-8.2072,1.8224
5.256,raw,2235,-25.7864,-16.6400,1.8422
5.256,raw,2245,-25.2417,-17.3519,1.8422
5.256,raw,2255,-24.7298,-18.0859,1.8422
5.256,raw,2265,-24.2222,-18.8256,1.8423
5.256,raw,2275,-23.6731,-19.5350,1.8423
5.256,raw,2285,-23.1407,-20.2622,1.8424
5.256,raw,2295,-22.6237,-21.0109,1.8426
5.256,raw,2305,-22.0856,-21.7498,1.8427
5.256,raw,2315,-21.5491,-22.5024,1.8430
5.256,raw,2324,-21.0501,-23.1748,1.8432
5.256,raw,2334,-20.5174,-23.9637,1.8435
5.256,raw,2344,-19.7050,-24.4250,1.8433
5.256,raw,2354,-19.3976,-25.5461,1.8442
5.256,raw,2364,-18.7730,-26.2887,1.8446
5.256,raw,2374,-18.1258,-27.0228,1.8449
5.256,raw,2384,-17.4879,-27.7996,1.8453
5.256,raw,2394,-16.8576,-28.6261,1.8458
5.256,raw,2404,-16.2065,-29.4620,1.8464
5.256,raw,2413,-15.6046,-30.2286,1.8469
5.256,raw,2423,-14.9148,-31.0937,1.8475
5.256,raw,2433,-17.4862,-1.8557,2.2422
5.256,raw,2443,-16.5915,-4.1012,2.2317
5.256,raw,2453,-16.3206,-4.9607,2.2316
5.256,raw,2463,-16.6868,-6.6979,2.2555
5.256,raw,2473,-14.4938,-6.2590,2.2014
5.256,raw,2483,-15.5533,-7.4816,2.2383
5.256,raw,2493,-14.1138,-7.5410,2.2076
5.256,raw,2503,-13.9714,-8.0075,2.2104
5.256,raw,2512,-19.7476,-24.3312,2.5907
5.256,raw,2522,-31.7467,-3.6353,3.3537
5.256,raw,2532,-18.6055,-2.9531,2.7224
5.256,raw,2542,-16.5642,-9.0603,2.7324
5.256,raw,2552,-19.8016,-24.2521,3.3377
5.256,raw,2562,-14.6785,-5.1338,2.9427
5.256,raw,2572,-25.7742,-14.5599,3.9562
5.256,raw,2582,-16.5835,0.4047,3.3990
5.256,raw,2592,-19.5046,-0.1927,3.6788
5.256,raw,2601,-19.3711,-0.6949,3.6686
5.256,raw,2611,-19.2232,-1.2468,3.6587
5.256,raw,2621,-19.0560,-1.7909,3.6484
5.256,raw,2631,-18.8823,-2.3281,3.6390
5.256,raw,2641,-17.5143,-2.6426,3.5154
5.256,raw,2651,-18.3498,-3.3484,3.6065
5.256,raw,2661,-18.2030,-3.8733,3.6040
5.256,raw,2671,-18.0207,-4.3873,3.5993
5.256,raw,2681,-17.8637,-4.9067,3.5987
5.256,raw,2690,-17.7064,-5.3687,3.5977
5.256,raw,2700,-17.5553,-5.8906,3.6005
5.256,raw,2710,-17.4322,-6.4846,3.6098
5.256,raw,2720,-17.2726,-7.0102,3.6151
5.256,raw,2730,-17.0985,-7.5331,3.6205
5.256,raw,2740,-16.9513,-8.0736,3.6304
5.256,raw,2750,-16.7844,-8.6109,3.6401
5.256,raw,2760,-16.4323,-9.0480,3.6312
5.256,raw,2770,-11.1736,-8.6133,3.1934
5.256,raw,2780,-16.7380,0.4031,3.8148
5.256,raw,2789,-16.5412,-0.0280,3.7925
5.256,raw,2799,-16.4253,-0.5026,3.7816
5.256,raw,2809,-16.1989,-0.9620,3.7591
5.256,raw,2819,-16.0323,-1.4181,3.7453
5.256,raw,2829,-15.8808,-1.8702,3.7347
5.256,raw,2839,-15.5154,-2.3719,3.7019
5.256,raw,2849,-15.3995,-2.8168,3.6989
5.256,raw,2859,-15.2576,-3.2540,3.6943
5.256,raw,2869,-15.1153,-3.6893,3.6911
5.256,raw,2878,-14.9921,-4.0814,3.6902
5.256,raw,2888,-14.8431,-4.5129,3.6891
5.256,raw,2898,-14.7168,-4.9526,3.6924
5.256,raw,2908,-14.6023,-5.5482,3.7056
5.256,raw,2918,-14.4684,-5.9925,3.7120
5.256,raw,2928,-14.3232,-6.4351,3.7185
5.256,raw,2938,-14.1855,-6.8857,3.7279
5.256,raw,2948,-14.0389,-7.3369,3.7380
5.256,raw,2958,-13.8990,-7.7983,3.7509
6.665,raw,0,4.7730,-0.8154,0.8990
6.665,raw,14,4.6290,-0.5776,0.9374
6.665,raw,28,4.5164,-0.3634,0.9676
6.665,raw,43,4.3554,-0.1408,1.0056
6.665,raw,57,4.2248,0.0487,1.0355
6.665,raw,72,4.2380,0.2233,1.0368
6.665,raw,86,4.4668,0.3744,0.9960
6.665,raw,100,4.7319,0.5426,0.9472
6.665,raw,115,5.0513,0.7475,0.8868
6.665,raw,129,4.6946,-0.6786,1.0333
6.665,raw,144,4.5475,-0.4362,1.0668
6.665,raw,158,4.4091,-0.2256,1.0963
6.665,raw,172,4.2709,-0.0294,1.1242
6.665,raw,187,4.1510,0.1627,1.1479
6.665,raw,201,4.3501,0.3088,1.1176
6.665,raw,216,4.6253,0.4805,1.0739
6.665,raw,230,4.9145,0.6621,1.0267
6.665,raw,244,-5.9398,-6.0502,0.5317
6.665,raw,259,-5.7415,-6.4200,0.5113
6.665,raw,273,4.7579,-0.7821,1.1327
6.665,raw,288,4.5953,-0.5281,1.1643
6.665,raw,302,4.4768,-0.3158,1.1873
6.665,raw,316,4.3268,-0.1112,1.2134
6.665,raw,331,4.2083,0.0861,1.2339
6.665,raw,345,4.2567,0.2451,1.2296
6.665,raw,360,4.5082,0.4094,1.1960
6.665,raw,374,4.7979,0.5814,1.1560
6.665,raw,388,5.1017,0.7772,1.1130
6.665,raw,403,-6.3591,-6.9280,0.6387
6.665,raw,417,-6.1231,-7.2759,0.6253
6.665,raw,432,-5.8915,-7.6964,0.6029
6.665,raw,446,-5.6510,-8.0808,0.5824
6.665,raw,460,-5.3912,-8.4622,0.5615
6.665,raw,475,-5.0765,-8.8402,0.5422
6.665,raw,489,-4.1724,-8.0196,0.6758
6.665,raw,504,4.7656,-0.7844,1.2452
6.665,raw,518,4.6265,-0.5497,1.2682
6.665,raw,532,4.4743,-0.3282,1.2914
6.665,raw,547,4.3290,-0.1116,1.3128
6.665,raw,561,4.1973,0.0759,1.3312
6.665,raw,576,4.2588,0.2449,1.3263
6.665,raw,590,4.5076,0.3970,1.2986
6.665,raw,604,4.7666,0.5684,1.2691
6.665,raw,619,5.1224,0.7779,1.2274
6.665,raw,633,-7.0386,-7.5649,0.7894
6.665,raw,648,-6.8261,-8.0496,0.7679
6.665,raw,662,-6.5476,-8.4261,0.7562
6.665,raw,676,-6.2825,-8.8413,0.7393
6.665,raw,691,-6.0111,-9.3389,0.7145
6.665,raw,705,-5.6804,-9.7112,0.7006
6.665,raw,720,-4.2247,-7.9996,0.9042
6.665,raw,734,-3.9446,-8.3208,0.8889
6.665,raw,748,-4.6446,-11.0321,0.6330
6.665,raw,763,-4.2455,-11.5218,0.6042
6.665,raw,777,-3.8926,-12.1216,0.5623
6.665,raw,792,-3.4931,-12.8423,0.5089
6.665,raw,806,4.6788,-0.6324,1.3698
6.665,raw,820,4.4974,-0.3981,1.3915
6.665,raw,835,4.3643,-0.1795,1.4077
6.665,raw,849,4.2689,0.0068,1.4193
6.665,raw,864,4.1672,0.1955,1.4308
6.665,raw,878,4.4146,0.3407,1.4090
6.665,raw,893,4.6962,0.5173,1.3837
6.665,raw,907,4.9686,0.7039,1.3584
6.665,raw,921,-8.2641,-7.5722,0.9878
6.665,raw,936,-8.0438,-8.0768,0.9738
6.665,raw,950,-7.8051,-8.5353,0.9615
6.665,raw,965,-7.4846,-8.9727,0.9526
6.665,raw,979,-7.2275,-9.4562,0.9370
6.665,raw,993,-6.9272,-9.9098,0.9234
6.665,raw,1008,-6.5816,-10.3924,0.9083
6.665,raw,1022,-6.2591,-10.8793,0.8907
6.665,raw,1037,-4.1649,-8.0048,1.1338
6.665,raw,1051,-5.5547,-11.9768,0.8452
6.665,raw,1065,-5.1354,-12.4213,0.8286
6.665,raw,1080,-4.7185,-13.0545,0.7981
6.665,raw,1094,-4.3434,-13.8070,0.7572
6.665,raw,1109,-3.9663,-14.9141,0.6911
6.665,raw,1123,-3.5429,-15.9739,0.6271
6.665,raw,1137,-3.1758,-17.7583,0.5115
6.665,raw,1152,4.6556,-0.6122,1.4813
6.665,raw,1166,4.4850,-0.3823,1.4966
6.665,raw,1181,4.3582,-0.1660,1.5082
6.665,raw,1195,4.2432,0.0224,1.5181
6.665,raw,1209,4.1954,0.1926,1.5228
6.665,raw,1224,4.4222,0.3524,1.5081
6.665,raw,1238,4.6996,0.5172,1.4894
6.665,raw,1253,5.0069,0.7185,1.4682
6.665,raw,1267,-10.7196,-4.8524,1.2444
6.665,raw,1281,-10.5811,-5.3368,1.2397
6.665,raw,1296,-10.3921,-5.8430,1.2356
6.665,raw,1310,-10.2036,-6.3167,1.2312
6.665,raw,1325,-10.0563,-6.8760,1.2222
6.665,raw,1339,-9.8423,-7.3580,1.2167
6.665,raw,1353,-9.5982,-7.8282,1.2116
6.665,raw,1368,-9.2839,-8.2974,1.2080
6.665,raw,1382,-9.0457,-8.8016,1.1997
6.665,raw,1397,-8.7480,-9.3203,1.1918
6.665,raw,1411,-8.4547,-9.8086,1.1837
6.665,raw,1425,-8.1619,-10.3223,1.1737
6.665,raw,1440,-7.8453,-10.9045,1.1609
6.665,raw,1454,-7.5374,-11.4711,1.1472
6.665,raw,1469,-7.1894,-12.1025,1.1309
6.665,raw,1483,-4.3722,-8.0406,1.3549
6.665,raw,1497,-3.9761,-8.1245,1.3596
6.665,raw,1512,-5.9810,-13.8885,1.0829
6.665,raw,1526,-5.5912,-14.6475,1.0574
6.665,raw,1541,-5.2003,-15.7038,1.0181
6.665,raw,1555,-6.2080,-21.7192,0.7429
6.665,raw,1569,-5.7266,-23.6877,0.6619
6.665,raw,1584,-4.9355,-25.2358,0.6009
6.665,raw,1598,-3.9573,-25.8385,0.5816
6.665,raw,1613,-2.8739,-26.5236,0.5573
6.665,raw,1627,-1.8185,-27.1535,0.5332
6.665,raw,1641,-0.7198,-27.8197,0.5056
6.665,raw,1656,4.6687,-0.6573,1.5887
6.665,raw,1670,4.5418,-0.4348,1.5968
6.665,raw,1685,4.4019,-0.2116,1.6052
6.665,raw,1699,4.2729,-0.0177,1.6125
6.665,raw,1713,4.1654,0.1611,1.6184
6.665,raw,1728,4.3878,0.3182,1.6090
6.665,raw,1742,4.6119,0.4809,1.5991
6.665,raw,1757,4.9403,0.6760,1.5842
6.665,raw,1771,24.0290,10.4439,0.6266
6.665,raw,1786,-17.6533,21.4100,0.5522
6.665,raw,1800,-17.2583,19.3665,0.6335
6.665,raw,1814,-16.8275,17.4875,0.7086
6.665,raw,1829,-16.3757,15.6796,0.7802
6.665,raw,1843,-15.9761,14.1682,0.8392
6.665,raw,1858,-15.5653,12.7058,0.8954
6.665,raw,1872,-15.2457,11.5018,0.9396
6.665,raw,1886,-10.8749,7.7688,1.1996
6.665,raw,1901,-14.6760,9.3420,1.0148
6.665,raw,1915,-14.3110,8.3600,1.0511
6.665,raw,1930,-14.0902,7.4672,1.0785
6.665,raw,1944,-14.5409,0.0862,1.4745
6.665,raw,1958,-14.3319,-0.4931,1.4784
6.665,raw,1973,-14.1711,-1.1065,1.4806
6.665,raw,1987,-8.0650,-0.7186,1.6153
6.665,raw,2002,-8.0057,-1.0747,1.6152
6.665,raw,2016,-13.7565,-2.8420,1.4827
6.665,raw,2030,-13.6503,-3.4134,1.4817
6.665,raw,2045,-13.5166,-4.0244,1.4805
6.665,raw,2059,-12.9935,-4.4477,1.4882
6.665,raw,2074,-12.8667,-5.0564,1.4857
6.665,raw,2088,-12.7619,-5.6418,1.4825
6.665,raw,2102,-12.6058,-6.2146,1.4798
6.665,raw,2117,-12.1652,-6.6808,1.4833
6.665,raw,2131,-12.0108,-7.2682,1.4794
6.665,raw,2146,-11.8776,-7.9411,1.4735
6.665,raw,2160,-11.4435,-8.3581,1.4757
6.665,raw,2174,-11.3687,-9.0661,1.4672
6.665,raw,2189,-11.0596,-9.6638,1.4637
6.665,raw,2203,-10.9476,-10.4150,1.4541
6.665,raw,2218,-10.5881,-11.0209,1.4500
6.665,raw,2232,-10.4295,-11.8170,1.4392
6.665,raw,2246,-10.0830,-12.4399,1.4334
6.665,raw,2261,-9.8861,-13.3912,1.4193
6.665,raw,2275,-9.4907,-14.0516,1.4123
6.665,raw,2290,-9.0508,-14.7898,1.4037
6.665,raw,2304,-9.9645,-17.9636,1.3329
6.665,raw,2318,-9.5953,-19.1355,1.3137
6.665,raw,2333,-9.1656,-20.5093,1.2903
6.665,raw,2347,-8.7184,-21.9030,1.2657
6.665,raw,2362,-8.3121,-23.9144,1.2272
6.665,raw,2376,-7.7736,-25.7394,1.1926
6.665,raw,2390,-7.1467,-27.7334,1.1540
6.665,raw,2405,-6.0561,-28.6676,1.1394
6.665,raw,2419,-4.9490,-29.3350,1.1296
6.665,raw,2434,-3.7205,-30.0501,1.1180
6.665,raw,2448,-2.5325,-30.7387,1.1057
6.665,raw,2462,-1.3000,-31.4773,1.0912
6.665,raw,2477,0.0811,-32.3448,1.0729
6.665,raw,2491,1.4406,-33.2483,1.0524
6.665,raw,2506,2.9536,-33.8515,1.0372
6.665,raw,2520,4.7328,-0.7460,1.6956
6.665,raw,2534,4.5920,-0.5138,1.7000
6.665,raw,2549,4.4372,-0.2819,1.7045
6.665,raw,2563,4.3129,-0.0845,1.7080
6.665,raw,2578,4.2046,0.1100,1.7110
6.665,raw,2592,4.3070,0.2644,1.7091
6.665,raw,2607,4.5479,0.4326,1.7040
6.665,raw,2621,4.8369,0.6078,1.6977
6.665,raw,2635,5.1529,0.8075,1.6906
6.665,raw,2650,-22.4887,24.9874,1.0650
6.665,raw,2664,-21.7663,22.3842,1.1174
6.665,raw,2679,-20.6837,19.5974,1.1770
6.665,raw,2693,-19.9744,17.5207,1.2190
6.665,raw,2707,-19.0698,15.4840,1.2627
6.665,raw,2722,-18.5361,13.8232,1.2940
6.665,raw,2736,-10.8523,7.7542,1.5095
6.665,raw,2751,-17.6610,11.0952,1.3429
6.665,raw,2765,-17.6317,10.1346,1.3538
6.665,raw,2779,-17.2916,9.0665,1.3712
6.665,raw,2794,-16.9344,8.0001,1.3882
6.665,raw,2808,-16.6333,7.0799,1.4020
6.665,raw,2823,-16.6126,6.2528,1.4086
6.665,raw,2837,-16.3512,5.4333,1.4195
6.665,raw,2851,-16.0946,4.6548,1.4295
6.665,raw,2866,-15.8012,3.8567,1.4397
6.665,raw,2880,-15.5743,3.1546,1.4474
6.665,raw,2895,-15.3271,2.4320,1.4550
6.665,raw,2909,-15.1040,1.7839,1.4613
6.665,raw,2923,-14.8830,1.1579,1.4669
6.665,raw,2938,-33.9619,0.4838,1.8463
6.665,raw,2952,-33.3779,-0.8663,1.8455
6.665,raw,2967,-32.7186,-2.2631,1.8448
6.665,raw,2981,-31.7176,-3.4753,1.8436
6.665,raw,2995,-31.4302,-4.7396,1.8435
6.665,raw,3010,-15.7188,-2.7966,1.8221
6.665,raw,3024,-30.1756,-7.1754,1.8425
6.665,raw,3039,-29.5477,-8.3974,1.8421
6.665,raw,3053,-28.9807,-9.5241,1.8418
6.665,raw,3067,-28.4050,-10.6331,1.8416
6.665,raw,3082,-27.7974,-11.8127,1.8415
6.665,raw,3096,-27.2492,-12.9163,1.8415
6.665,raw,3111,-26.0651,-13.7717,1.8406
6.665,raw,3125,-26.0868,-15.1900,1.8415
6.665,raw,3139,-25.5105,-16.2876,1.8417
6.665,raw,3154,-24.9273,-17.5017,1.8420
6.665,raw,3168,-24.3356,-18.6210,1.8422
6.665,raw,3183,-23.6989,-19.8444,1.8426
6.665,raw,3197,-23.1017,-21.0165,1.8431
6.665,raw,3211,-22.4985,-22.2236,1.8436
6.665,raw,3226,-21.8278,-23.5473,1.8443
6.665,raw,3240,-21.1845,-24.8257,1.8450
6.665,raw,3255,-20.4835,-26.2628,1.8459
6.665,raw,3269,-19.7869,-27.6399,1.8469
6.665,raw,3283,4.7812,-0.8324,1.8065
6.665,raw,3298,4.6328,-0.5786,1.8062
6.665,raw,3312,4.4677,-0.3525,1.8059
6.665,raw,3327,4.3446,-0.1389,1.8057
6.665,raw,3341,4.2323,0.0477,1.8055
6.665,raw,3355,4.2124,0.2141,1.8055
6.665,raw,3370,4.4880,0.3732,1.8058
6.665,raw,3384,4.7328,0.5426,1.8061
6.665,raw,3399,5.0473,0.7474,1.8066
6.665,raw,3413,-34.9102,3.6148,1.8477
6.665,raw,3427,-34.5011,2.1771,1.8471
6.665,raw,3442,-34.0385,0.6789,1.8464
6.665,raw,3456,-16.4827,-0.1262,2.2138
6.665,raw,3471,-16.3073,-0.8334,2.2106
6.665,raw,3485,-16.0981,-1.4787,2.2071
6.665,raw,3500,-15.5492,-2.2897,2.1968
6.665,raw,3514,-15.3765,-3.0526,2.1965
6.665,raw,3528,-15.1912,-3.7169,2.1961
6.665,raw,3543,-15.0128,-4.3836,2.1967
6.665,raw,3557,-14.8054,-4.9937,2.1969
6.665,raw,3572,-14.5607,-5.8913,2.1996
6.665,raw,3586,-14.3920,-6.5831,2.2031
6.665,raw,3600,-14.1941,-7.2204,2.2060
6.665,raw,3615,-13.9997,-7.9274,2.2105
6.665,raw,3629,-19.7449,-24.3991,2.5925
6.665,raw,3644,4.6667,-0.6429,1.9149
6.665,raw,3658,4.5228,-0.4171,1.9101
6.665,raw,3672,4.3926,-0.2098,1.9058
6.665,raw,3687,4.2570,-0.0034,1.9016
6.665,raw,3701,4.1564,0.1736,1.8986
6.665,raw,3716,4.4046,0.3292,1.9044
6.665,raw,3730,4.6673,0.4922,1.9107
6.665,raw,3744,4.9190,0.6757,1.9169
6.665,raw,3759,-31.7506,-3.5729,3.3541
6.665,raw,3773,-14.6608,-5.3820,2.5727
6.665,raw,3788,-19.9268,-24.0405,3.3347
6.665,raw,3802,4.7245,-0.7294,2.0275
6.665,raw,3816,4.5616,-0.4927,2.0169
6.665,raw,3831,4.4366,-0.2690,2.0086
6.665,raw,3845,4.2962,-0.0696,2.0002
6.665,raw,3860,4.1533,0.1279,1.9920
6.665,raw,3874,4.3250,0.2748,1.9996
6.665,raw,3888,4.5558,0.4323,2.0102
6.665,raw,3903,4.8505,0.6212,2.0243
6.665,raw,3917,-16.6841,0.7383,2.6144
6.665,raw,3932,-16.5653,-9.0153,3.1866
6.665,raw,3946,-19.2312,-0.0228,3.6532
6.665,raw,3960,-19.3031,-0.8123,3.6639
6.665,raw,3975,-19.0443,-1.6307,3.6467
6.665,raw,3989,-18.8169,-2.3840,3.6349
6.665,raw,4004,-18.3007,-3.3482,3.6033
6.665,raw,4018,-18.0811,-4.0776,3.5988
6.665,raw,4032,-17.8599,-4.8039,3.5970
6.665,raw,4047,-17.6047,-5.5755,3.5965
6.665,raw,4061,-14.6742,-5.3874,3.3285
6.665,raw,4076,-17.1643,-7.2767,3.6177
6.665,raw,4090,-16.9226,-8.0139,3.6272
6.665,raw,4104,-16.6922,-8.7680,3.6414
6.665,raw,4119,-11.1614,-8.6187,3.1949
6.665,raw,4133,-16.4735,0.1142,3.7852
6.665,raw,4148,-16.2568,-0.5910,3.7637
6.665,raw,4162,-16.0424,-1.2347,3.7454
6.665,raw,4176,-15.8571,-1.8716,3.7336
6.665,raw,4191,-15.4385,-2.5024,3.6975
6.665,raw,4205,-15.2433,-3.1151,3.6905
6.665,raw,4220,-15.0462,-3.7709,3.6877
6.665,raw,4234,-14.8468,-4.3771,3.6863
6.665,raw,4248,-14.6839,-4.9971,3.6926
6.665,raw,4263,-14.5090,-5.7679,3.7078
6.665,raw,4277,-14.3079,-6.3869,3.7166
6.665,raw,4292,-14.0956,-7.0607,3.7305
6.665,raw,4306,-13.8976,-7.7015,3.7473
7.929,raw,0,4.7559,-0.7685,0.8968
7.929,raw,14,4.6128,-0.5307,0.9351
7.929,raw,29,4.4696,-0.2962,0.9717
7.929,raw,44,4.3375,-0.0804,1.0040
7.929,raw,59,4.2024,0.1212,1.0349
7.929,raw,73,4.2251,0.2834,1.0340
7.929,raw,88,4.4746,0.4472,0.9893
7.929,raw,103,4.7729,0.6317,0.9340
7.929,raw,118,5.0983,0.8429,0.8721
7.929,raw,132,4.6236,-0.5610,1.0431
7.929,raw,147,4.4909,-0.3270,1.0735
7.929,raw,162,4.3395,-0.1055,1.1051
7.929,raw,177,4.1992,0.0981,1.1331
7.929,raw,191,4.1977,0.2625,1.1365
7.929,raw,206,4.4497,0.4238,1.0972
7.929,raw,221,4.7390,0.6056,1.0507
7.929,raw,236,5.0526,0.8130,0.9988
7.929,raw,250,-5.6311,-5.9469,0.5694
7.929,raw,265,-5.4161,-6.2837,0.5527
7.929,raw,280,-5.1935,-6.6287,0.5334
7.929,raw,295,-4.9538,-6.9707,0.5136
7.929,raw,309,4.7320,-0.7038,1.1336
7.929,raw,324,4.5618,-0.4498,1.1660
7.929,raw,339,4.4146,-0.2204,1.1932
7.929,raw,354,4.2629,-0.0069,1.2195
7.929,raw,369,4.1450,0.1867,1.2396
7.929,raw,383,4.3014,0.3363,1.2198
7.929,raw,398,4.5747,0.5059,1.1829
7.929,raw,413,4.8670,0.6988,1.1422
7.929,raw,428,-6.2472,-6.3581,0.6951
7.929,raw,442,-6.0503,-6.7175,0.6788
7.929,raw,457,-5.8061,-7.0812,0.6638
7.929,raw,472,-5.5894,-7.5046,0.6392
7.929,raw,487,-5.3365,-7.9068,0.6168
7.929,raw,501,-5.0559,-8.2373,0.6012
7.929,raw,516,-4.4233,-7.9940,0.6618
7.929,raw,531,-4.0246,-8.1384,0.6677
7.929,raw,546,-4.1589,-9.5263,0.5141
7.929,raw,560,4.7079,-0.6967,1.2498
7.929,raw,575,4.5666,-0.4510,1.2731
7.929,raw,590,4.4082,-0.2190,1.2971
7.929,raw,605,4.2766,-0.0091,1.3165
7.929,raw,619,4.1628,0.1730,1.3326
7.929,raw,634,4.3132,0.3354,1.3170
7.929,raw,649,4.5788,0.5058,1.2873
7.929,raw,664,4.8729,0.6988,1.2533
7.929,raw,678,-6.9156,-6.9552,0.8375
7.929,raw,693,-6.6791,-7.3682,0.8235
7.929,raw,708,-6.4437,-7.8052,0.8060
7.929,raw,723,-6.2021,-8.2628,0.7855
7.929,raw,738,-5.9334,-8.7155,0.7649
7.929,raw,752,-5.6403,-9.1024,0.7488
7.929,raw,767,-5.3537,-9.6021,0.7217
7.929,raw,782,-4.0394,-8.0405,0.9058
7.929,raw,797,-4.6651,-10.5370,0.6715
7.929,raw,811,-4.3151,-10.9925,0.6447
7.929,raw,826,-3.9282,-11.5287,0.6102
7.929,raw,841,-3.5495,-12.2132,0.5602
7.929,raw,856,4.7448,-0.7363,1.3575
7.929,raw,870,4.5866,-0.4965,1.3776
7.929,raw,885,4.4321,-0.2623,1.3965
7.929,raw,900,4.3250,-0.0536,1.4099
7.929,raw,915,4.1679,0.1491,1.4270
7.929,raw,929,4.2605,0.3039,1.4200
7.929,raw,944,4.5244,0.4700,1.3966
7.929,raw,959,4.8227,0.6582,1.3693
7.929,raw,974,-8.0174,-7.0043,1.0264
7.929,raw,988,-7.8360,-7.4625,1.0133
7.929,raw,1003,-7.6190,-7.9549,0.9989
7.929,raw,1018,-7.3756,-8.4451,0.9843
7.929,raw,1033,-7.0615,-8.8739,0.9746
7.929,raw,1047,-6.7902,-9.3258,0.9604
7.929,raw,1062,-6.5072,-9.8581,0.9407
7.929,raw,1077,-6.1733,-10.3536,0.9234
7.929,raw,1092,-4.3051,-7.9498,1.1309
7.929,raw,1107,-3.9472,-8.1711,1.1281
7.929,raw,1121,-5.0937,-11.9236,0.8592
7.929,raw,1136,-4.6993,-12.5520,0.8288
7.929,raw,1151,-4.2949,-13.2775,0.7906
7.929,raw,1166,-3.9531,-14.4167,0.7219
7.929,raw,1180,-3.5405,-15.4232,0.6615
7.929,raw,1195,-3.0869,-16.8732,0.5699
7.929,raw,1210,4.6811,-0.6465,1.4761
7.929,raw,1225,4.5394,-0.4042,1.4899
7.929,raw,1239,4.3948,-0.1910,1.5028
7.929,raw,1254,4.2403,0.0207,1.5158
7.929,raw,1269,4.1292,0.2116,1.5252
7.929,raw,1284,4.3771,0.3669,1.5091
7.929,raw,1298,4.6084,0.5303,1.4937
7.929,raw,1313,4.9173,0.7266,1.4724
7.929,raw,1328,-12.8837,13.7966,0.5214
7.929,raw,1343,-10.2989,-4.4059,1.2708
7.929,raw,1357,-10.1228,-4.8422,1.2689
7.929,raw,1372,-9.9403,-5.3184,1.2656
7.929,raw,1387,-9.8277,-5.8489,1.2572
7.929,raw,1402,-9.6146,-6.3282,1.2529
7.929,raw,1416,-9.4419,-6.8063,1.2462
7.929,raw,1431,-9.2345,-7.3178,1.2389
7.929,raw,1446,-9.0324,-7.8545,1.2296
7.929,raw,1461,-8.7545,-8.3414,1.2233
7.929,raw,1476,-8.4722,-8.8425,1.2156
7.929,raw,1490,-8.2075,-9.3305,1.2069
7.929,raw,1505,-7.9112,-9.8668,1.1963
7.929,raw,1520,-7.6097,-10.4324,1.1836
7.929,raw,1535,-7.2931,-11.0206,1.1694
7.929,raw,1549,-6.9939,-11.6134,1.1535
7.929,raw,1564,-4.4073,-8.0240,1.3535
7.929,raw,1579,-3.9737,-8.0963,1.3594
7.929,raw,1594,-5.8078,-13.5148,1.1002
7.929,raw,1608,-5.4287,-14.2647,1.0748
7.929,raw,1623,-5.0544,-15.3296,1.0347
7.929,raw,1638,-4.8376,-17.2434,0.9542
7.929,raw,1653,-5.4934,-23.5630,0.6681
7.929,raw,1667,-4.7724,-25.1144,0.6059
7.929,raw,1682,-3.7347,-25.8276,0.5818
7.929,raw,1697,-2.6477,-26.5301,0.5562
7.929,raw,1712,-1.5103,-27.2347,0.5285
7.929,raw,1726,4.7678,-0.7867,1.5808
7.929,raw,1741,4.6006,-0.5274,1.5914
7.929,raw,1756,4.4532,-0.2926,1.6004
7.929,raw,1771,4.3178,-0.0770,1.6084
7.929,raw,1785,4.2000,0.1097,1.6150
7.929,raw,1800,4.2425,0.2818,1.6139
7.929,raw,1815,4.5022,0.4459,1.6026
7.929,raw,1830,4.7701,0.6317,1.5907
7.929,raw,1845,5.1039,0.8431,1.5753
7.929,raw,1859,-16.3290,21.2407,0.5991
7.929,raw,1874,-15.9352,19.0631,0.6866
7.929,raw,1889,-15.4319,17.0079,0.7711
7.929,raw,1904,-15.1345,15.3701,0.8335
7.929,raw,1918,-14.8053,13.9361,0.8888
7.929,raw,1933,-14.6471,12.6955,0.9308
7.929,raw,1948,-14.1608,11.3082,0.9871
7.929,raw,1963,-13.9017,10.2020,1.0259
7.929,raw,1977,-11.0283,7.6108,1.1998
7.929,raw,1992,-13.4852,8.3422,1.0866
7.929,raw,2007,-13.1832,7.4313,1.1183
7.929,raw,2022,-13.2892,0.4367,1.5029
7.929,raw,2036,-13.1292,-0.0968,1.5060
7.929,raw,2051,-12.9815,-0.6591,1.5083
7.929,raw,2066,-12.8162,-1.2109,1.5105
7.929,raw,2081,-8.0047,-0.8833,1.6164
7.929,raw,2095,-12.5007,-2.2593,1.5131
7.929,raw,2110,-12.3165,-2.7898,1.5142
7.929,raw,2125,-12.1749,-3.3307,1.5137
7.929,raw,2140,-11.8467,-3.8054,1.5171
7.929,raw,2154,-11.7272,-4.3143,1.5155
7.929,raw,2169,-11.5740,-4.8562,1.5137
7.929,raw,2184,-11.4323,-5.4130,1.5111
7.929,raw,2199,-11.2148,-5.9391,1.5097
7.929,raw,2214,-11.0672,-6.5175,1.5058
7.929,raw,2228,-10.9021,-7.0560,1.5023
7.929,raw,2243,-10.6153,-7.5685,1.5007
7.929,raw,2258,-10.4226,-8.1687,1.4958
7.929,raw,2273,-10.1105,-8.6878,1.4935
7.929,raw,2287,-9.9526,-9.3166,1.4865
7.929,raw,2302,-9.6833,-9.9258,1.4810
7.929,raw,2317,-9.5368,-10.7136,1.4702
7.929,raw,2332,-9.2163,-11.3495,1.4638
7.929,raw,2346,-9.0901,-12.2237,1.4500
7.929,raw,2361,-8.7444,-12.9431,1.4412
7.929,raw,2376,-8.3611,-13.6688,1.4321
7.929,raw,2391,-8.1808,-14.8487,1.4115
7.929,raw,2405,-9.3130,-18.7839,1.3228
7.929,raw,2420,-8.9040,-20.1787,1.2986
7.929,raw,2435,-8.4569,-21.7420,1.2704
7.929,raw,2450,-8.0711,-23.8384,1.2298
7.929,raw,2464,-7.5419,-25.7329,1.1934
7.929,raw,2479,-6.8639,-27.9354,1.1503
7.929,raw,2494,-5.7135,-28.6517,1.1404
7.929,raw,2509,-4.5276,-29.4057,1.1286
7.929,raw,2523,-3.3816,-30.1507,1.1158
7.929,raw,2538,-2.1004,-30.9664,1.1005
7.929,raw,2553,-0.7580,-31.8192,1.0832
7.929,raw,2568,0.6578,-32.8938,1.0597
7.929,raw,2583,2.1544,-33.7290,1.0400
7.929,raw,2597,4.7186,-0.7141,1.6952
7.929,raw,2612,4.5628,-0.4634,1.7000
7.929,raw,2627,4.4063,-0.2314,1.7045
7.929,raw,2642,4.2785,-0.0215,1.7081
7.929,raw,2656,4.1496,0.1630,1.7115
7.929,raw,2671,4.3040,0.3241,1.7085
7.929,raw,2686,4.5888,0.4927,1.7024
7.929,raw,2701,4.8774,0.6854,1.6961
7.929,raw,2715,-21.5240,28.0445,1.0289
7.929,raw,2730,-21.0572,25.2019,1.0838
7.929,raw,2745,-19.9747,22.0148,1.1520
7.929,raw,2760,-19.2906,19.5835,1.2008
7.929,raw,2774,-18.5138,17.4187,1.2460
7.929,raw,2789,-17.8857,15.5012,1.2841
7.929,raw,2804,-17.1696,13.7011,1.3211
7.929,raw,2819,-16.7363,12.2684,1.3473
7.929,raw,2833,-10.9825,7.6715,1.5092
7.929,raw,2848,-15.7162,9.7194,1.3963
7.929,raw,2863,-15.5227,8.7329,1.4104
7.929,raw,2878,-15.2407,7.7647,1.4254
7.929,raw,2892,-15.0136,6.9318,1.4374
7.929,raw,2907,-14.7605,6.0859,1.4493
7.929,raw,2922,-14.7828,5.3747,1.4539
7.929,raw,2937,-14.5585,4.6144,1.4634
7.929,raw,2952,-14.3452,3.8931,1.4718
7.929,raw,2966,-14.1380,3.2473,1.4791
7.929,raw,2981,-13.9267,2.5856,1.4860
7.929,raw,2996,-13.7579,1.9538,1.4913
7.929,raw,3011,-13.5739,1.3409,1.4963
7.929,raw,3025,-13.3929,0.7854,1.5007
7.929,raw,3040,-21.5128,-0.0060,1.8294
7.929,raw,3055,-21.5012,-0.9428,1.8294
7.929,raw,3070,-21.5046,-1.8862,1.8296
7.929,raw,3084,-8.2124,-0.6741,1.8115
7.929,raw,3099,-8.1338,-1.0315,1.8115
7.929,raw,3114,-21.4646,-4.7123,1.8302
7.929,raw,3129,-21.5063,-5.7261,1.8306
7.929,raw,3143,-21.5050,-6.6853,1.8310
7.929,raw,3158,-21.5544,-7.7622,1.8316
7.929,raw,3173,-21.5652,-8.8631,1.8321
7.929,raw,3188,-21.5751,-10.0069,1.8328
7.929,raw,3202,-21.6094,-11.1331,1.8336
7.929,raw,3217,-14.1746,-7.9298,1.8226
7.929,raw,3232,-23.3667,-14.8433,1.8382
7.929,raw,3247,-22.9291,-16.0254,1.8386
7.929,raw,3261,-22.5138,-17.1566,1.8391
7.929,raw,3276,-22.0611,-18.4057,1.8397
7.929,raw,3291,-21.5975,-19.7001,1.8404
7.929,raw,3306,-21.1188,-21.0462,1.8412
7.929,raw,3321,-20.6797,-22.5169,1.8422
7.929,raw,3335,-20.2204,-23.9271,1.8433
7.929,raw,3350,-19.6226,-25.4160,1.8443
7.929,raw,3365,-18.9562,-26.9306,1.8455
7.929,raw,3380,-18.2595,-28.5370,1.8468
7.929,raw,3394,4.7425,-0.7356,1.8065
7.929,raw,3409,4.5624,-0.4768,1.8061
7.929,raw,3424,4.4159,-0.2461,1.8059
7.929,raw,3439,4.2698,-0.0322,1.8056
7.929,raw,3453,4.1672,0.1492,1.8055
7.929,raw,3468,4.2916,0.3132,1.8056
7.929,raw,3483,4.5425,0.4818,1.8059
7.929,raw,3498,4.8278,0.6716,1.8063
7.929,raw,3512,-25.2345,24.8036,1.8475
7.929,raw,3527,-24.3751,22.0500,1.8441
7.929,raw,3542,-23.9569,19.9197,1.8418
7.929,raw,3557,-23.6217,18.0268,1.8399
7.929,raw,3571,-23.2785,16.3698,1.8382
7.929,raw,3586,-22.3599,14.3849,1.8357
7.929,raw,3601,-22.0275,12.9024,1.8344
7.929,raw,3616,-21.7328,11.5356,1.8331
7.929,raw,3630,-21.5781,10.3882,1.8323
7.929,raw,3645,-21.5850,9.2859,1.8317
7.929,raw,3660,-21.5779,8.2153,1.8312
7.929,raw,3675,-21.5547,7.1720,1.8307
7.929,raw,3690,-21.5602,6.1648,1.8304
7.929,raw,3704,-21.5517,5.2411,1.8301
7.929,raw,3719,-21.5386,4.2687,1.8298
7.929,raw,3734,-21.5364,3.3127,1.8296
7.929,raw,3749,-21.5419,2.3676,1.8295
7.929,raw,3763,-21.5159,1.4897,1.8294
7.929,raw,3778,-17.0143,0.0808,2.2261
7.929,raw,3793,-31.7458,-3.6441,2.5980
7.929,raw,3808,-15.7352,-3.6826,2.2085
7.929,raw,3822,-15.6011,-6.9110,2.2334
7.929,raw,3837,-25.7839,-14.4714,2.5443
7.929,raw,3852,4.7632,-0.7852,1.9192
7.929,raw,3867,4.5993,-0.5270,1.9135
7.929,raw,3881,4.4516,-0.3052,1.9087
7.929,raw,3896,4.3223,-0.0901,1.9045
7.929,raw,3911,4.1939,0.1106,1.9006
7.929,raw,3926,4.2421,0.2819,1.9013
7.929,raw,3940,4.4875,0.4342,1.9071
7.929,raw,3955,4.7837,0.6184,1.9143
7.929,raw,3970,5.0988,0.8287,1.9222
7.929,raw,3985,-31.9371,-4.2350,3.3664
7.929,raw,3999,-16.6076,-8.9962,2.7335
7.929,raw,4014,4.7779,-0.7898,2.0328
7.929,raw,4029,4.5855,-0.5234,2.0203
7.929,raw,4044,4.4538,-0.2927,2.0115
7.929,raw,4059,4.2970,-0.0733,2.0020
7.929,raw,4073,4.2052,0.1090,1.9963
7.929,raw,4088,4.2419,0.2819,1.9971
7.929,raw,4103,4.5033,0.4459,2.0092
7.929,raw,4118,4.7874,0.6316,2.0227
7.929,raw,4132,5.0934,0.8285,2.0376
7.929,raw,4147,-25.9513,-14.0702,3.9510
7.929,raw,4162,4.5751,-0.4800,2.1262
7.929,raw,4177,4.4268,-0.2484,2.1120
7.929,raw,4191,4.2958,-0.0487,2.1001
7.929,raw,4206,4.1644,0.1495,2.0887
7.929,raw,4221,4.3017,0.3123,2.0973
7.929,raw,4236,4.5412,0.4818,2.1137
7.929,raw,4250,4.8283,0.6582,2.1341
7.929,raw,4265,-14.6909,-5.0552,3.3175
7.929,raw,4280,-16.5492,0.3367,3.7902
7.929,raw,4295,-16.3166,-0.3711,3.7659
7.929,raw,4309,-16.1053,-1.0175,3.7472
7.929,raw,4324,-15.9038,-1.7007,3.7334
7.929,raw,4339,-15.4940,-2.3354,3.6979
7.929,raw,4354,-14.8981,-4.3048,3.6878
7.929,raw,4368,-14.6009,-5.5134,3.7049
7.929,raw,4383,-14.3364,-6.3046,3.7147
7.929,raw,4398,-14.1169,-6.9736,3.7273
7.929,raw,4413,-13.9165,-7.6658,3.7469
9.439,raw,0,4.7457,-0.7699,0.8949
9.439,raw,15,4.5739,-0.5101,0.9395
9.439,raw,31,4.4285,-0.2637,0.9769
9.439,raw,47,4.2865,-0.0359,1.0112
9.439,raw,62,4.1411,0.1641,1.0437
9.439,raw,78,4.2608,0.3402,1.0246
9.439,raw,94,4.5724,0.5200,0.9679
9.439,raw,109,4.8580,0.7140,0.9145
9.439,raw,125,-5.1479,-5.1500,0.5102
9.439,raw,141,-4.9003,-5.4176,0.5038
9.439,raw,157,4.5960,-0.5296,1.0456
9.439,raw,172,4.4508,-0.2944,1.0779
9.439,raw,188,4.2895,-0.0609,1.1113
9.439,raw,204,4.1569,0.1505,1.1379
9.439,raw,219,4.2320,0.3188,1.1285
9.439,raw,235,4.5224,0.4964,1.0827
9.439,raw,251,4.8230,0.7001,1.0339
9.439,raw,267,-5.4948,-5.4945,0.6302
9.439,raw,282,-5.3046,-5.8275,0.6128
9.439,raw,298,-5.0479,-6.1333,0.6019
9.439,raw,314,-4.8004,-6.4662,0.5847
9.439,raw,329,-4.5651,-6.7937,0.5647
9.439,raw,345,-4.2900,-7.1297,0.5442
9.439,raw,361,-4.0029,-7.4737,0.5209
9.439,raw,377,4.7187,-0.7184,1.1320
9.439,raw,392,4.5370,-0.4600,1.1662
9.439,raw,408,4.4038,-0.2201,1.1920
9.439,raw,424,4.2471,0.0069,1.2193
9.439,raw,439,4.1463,0.1984,1.2369
9.439,raw,455,4.3337,0.3708,1.2130
9.439,raw,471,4.6042,0.5574,1.1763
9.439,raw,487,4.9498,0.7702,1.1279
9.439,raw,502,-5.9096,-6.1008,0.7444
9.439,raw,518,-5.6475,-6.4396,0.7343
9.439,raw,534,-5.3839,-6.7914,0.7209
9.439,raw,549,-5.1621,-7.1771,0.6993
9.439,raw,565,-4.8744,-7.5406,0.6819
9.439,raw,581,-4.5821,-7.9261,0.6603
9.439,raw,597,-4.1327,-8.0338,0.6733
9.439,raw,612,-3.9551,-8.6667,0.6154
9.439,raw,628,-3.6114,-9.0766,0.5866
9.439,raw,644,-3.2494,-9.5068,0.5538
9.439,raw,659,-2.8831,-9.9050,0.5222
9.439,raw,675,4.6547,-0.6149,1.2560
9.439,raw,691,4.4786,-0.3528,1.2835
9.439,raw,707,4.3291,-0.1174,1.3061
9.439,raw,722,4.1965,0.0863,1.3252
9.439,raw,738,4.1734,0.2771,1.3304
9.439,raw,754,4.4496,0.4496,1.2998
9.439,raw,769,4.7250,0.6335,1.2684
9.439,raw,785,5.0715,0.8580,1.2276
9.439,raw,801,-6.4019,-6.8644,0.8762
9.439,raw,817,-6.1384,-7.2702,0.8629
9.439,raw,832,-5.8847,-7.6634,0.8481
9.439,raw,848,-5.5960,-8.0846,0.8312
9.439,raw,864,-5.2761,-8.4881,0.8153
9.439,raw,879,-4.4951,-8.0022,0.8900
9.439,raw,895,-4.0520,-8.1232,0.8986
9.439,raw,911,-4.2688,-9.7830,0.7502
9.439,raw,927,-3.8763,-10.2242,0.7256
9.439,raw,942,-3.4990,-10.6843,0.6968
9.439,raw,958,-3.0975,-11.2954,0.6531
9.439,raw,974,-2.7029,-12.1423,0.5857
9.439,raw,989,-2.2617,-12.8882,0.5260
9.439,raw,1005,4.6237,-0.5923,1.3702
9.439,raw,1021,4.4630,-0.3361,1.3904
9.439,raw,1037,4.3276,-0.1047,1.4071
9.439,raw,1052,4.1818,0.1002,1.4234
9.439,raw,1068,4.1902,0.2872,1.4246
9.439,raw,1084,4.4618,0.4614,1.4006
9.439,raw,1099,4.7418,0.6466,1.3751
9.439,raw,1115,5.0972,0.8733,1.3418
9.439,raw,1131,-7.4338,-7.0552,1.0534
9.439,raw,1147,-7.1810,-7.5182,1.0420
9.439,raw,1162,-6.9438,-7.9752,1.0288
9.439,raw,1178,-6.6268,-8.4093,1.0187
9.439,raw,1194,-6.3328,-8.9031,1.0027
9.439,raw,1209,-5.9945,-9.3030,0.9922
9.439,raw,1225,-5.6368,-9.7674,0.9770
9.439,raw,1241,-4.1375,-7.9808,1.1343
9.439,raw,1257,-4.8724,-10.7491,0.9398
9.439,raw,1272,-4.5035,-11.2817,0.9156
9.439,raw,1288,-4.0414,-11.7548,0.8958
9.439,raw,1304,-3.6769,-12.6671,0.8432
9.439,raw,1319,-3.2556,-13.4689,0.7971
9.439,raw,1335,-2.8100,-14.6846,0.7216
9.439,raw,1351,-2.2521,-15.8379,0.6495
9.439,raw,1367,-1.6159,-17.1892,0.5623
9.439,raw,1382,4.7064,-0.7005,1.4720
9.439,raw,1398,4.5495,-0.4363,1.4873
9.439,raw,1414,4.3592,-0.1857,1.5039
9.439,raw,1429,4.2195,0.0233,1.5159
9.439,raw,1445,4.1007,0.2266,1.5259
9.439,raw,1461,4.3532,0.3937,1.5095
9.439,raw,1477,4.6320,0.5825,1.4908
9.439,raw,1492,4.9822,0.7849,1.4666
9.439,raw,1508,-9.9693,-4.4694,1.2836
9.439,raw,1524,-9.8111,-4.9792,1.2790
9.439,raw,1539,-9.5944,-5.4256,1.2770
9.439,raw,1555,-9.3461,-5.8960,1.2747
9.439,raw,1571,-9.1266,-6.3956,1.2695
9.439,raw,1587,-8.8873,-6.8939,1.2639
9.439,raw,1602,-8.6716,-7.3843,1.2566
9.439,raw,1618,-8.4119,-7.9007,1.2489
9.439,raw,1634,-8.0848,-8.3681,1.2438
9.439,raw,1649,-7.7700,-8.8127,1.2380
9.439,raw,1665,-7.4321,-9.3060,1.2300
9.439,raw,1681,-7.0933,-9.8284,1.2198
9.439,raw,1697,-6.7412,-10.3707,1.2080
9.439,raw,1712,-6.4017,-10.9085,1.1949
9.439,raw,1728,-4.2003,-7.9208,1.3621
9.439,raw,1744,-5.5704,-12.0359,1.1662
9.439,raw,1759,-5.1277,-12.5450,1.1528
9.439,raw,1775,-4.7031,-13.3146,1.1267
9.439,raw,1791,-4.3024,-14.3548,1.0872
9.439,raw,1807,-3.8965,-15.7120,1.0325
9.439,raw,1822,-3.4285,-17.0654,0.9770
9.439,raw,1838,-3.2056,-21.0650,0.7995
9.439,raw,1854,-2.5290,-24.2160,0.6613
9.439,raw,1869,-1.4796,-24.6997,0.6434
9.439,raw,1885,-0.3208,-25.2245,0.6218
9.439,raw,1901,0.8855,-25.7932,0.5956
9.439,raw,1917,4.7116,-0.7306,1.5831
9.439,raw,1932,4.5307,-0.4718,1.5942
9.439,raw,1948,4.3899,-0.2299,1.6029
9.439,raw,1964,4.2498,-0.0056,1.6111
9.439,raw,1979,4.1220,0.1896,1.6181
9.439,raw,1995,4.2961,0.3614,1.6109
9.439,raw,2011,4.5757,0.5453,1.5986
9.439,raw,2027,4.9185,0.7558,1.5830
9.439,raw,2042,23.0670,9.9579,0.6744
9.439,raw,2058,-18.6009,20.7077,0.5505
9.439,raw,2074,-17.7450,18.1103,0.6622
9.439,raw,2089,-17.0882,16.0774,0.7472
9.439,raw,2105,-16.6050,14.3119,0.8161
9.439,raw,2121,-15.9872,12.6173,0.8857
9.439,raw,2137,-15.2970,11.0408,0.9528
9.439,raw,2152,-11.2092,7.6021,1.1939
9.439,raw,2168,-14.5218,8.7245,1.0378
9.439,raw,2184,-14.1594,7.6888,1.0742
9.439,raw,2199,-13.7626,0.2529,1.4928
9.439,raw,2215,-13.4731,-0.3671,1.4985
9.439,raw,2231,-13.2072,-0.9676,1.5030
9.439,raw,2247,-8.0609,-0.7272,1.6162
9.439,raw,2262,-8.2542,-1.1355,1.6103
9.439,raw,2278,-12.4170,-2.6344,1.5133
9.439,raw,2294,-12.1534,-3.1780,1.5155
9.439,raw,2309,-11.8028,-3.6423,1.5196
9.439,raw,2325,-11.6133,-4.1960,1.5191
9.439,raw,2341,-11.4115,-4.7476,1.5183
9.439,raw,2357,-11.2163,-5.3079,1.5167
9.439,raw,2372,-10.9398,-5.7872,1.5169
9.439,raw,2388,-10.7532,-6.3687,1.5137
9.439,raw,2404,-10.5171,-6.9326,1.5110
9.439,raw,2419,-10.2209,-7.4173,1.5099
9.439,raw,2435,-9.9382,-7.9708,1.5070
9.439,raw,2451,-9.6140,-8.5036,1.5045
9.439,raw,2466,-9.3094,-9.0176,1.5013
9.439,raw,2482,-8.9301,-9.5271,1.4988
9.439,raw,2498,-8.6208,-10.1414,1.4929
9.439,raw,2514,-8.2354,-10.6962,1.4885
9.439,raw,2529,-7.9152,-11.3098,1.4815
9.439,raw,2545,-7.4928,-11.8918,1.4757
9.439,raw,2561,-7.1180,-12.6139,1.4660
9.439,raw,2576,-4.0988,-7.9649,1.5878
9.439,raw,2592,-6.2197,-13.9209,1.4489
9.439,raw,2608,-5.7152,-14.6484,1.4382
9.439,raw,2624,-7.1394,-21.3399,1.2886
9.439,raw,2639,-6.5687,-22.9854,1.2576
9.439,raw,2655,-5.8550,-24.8863,1.2209
9.439,raw,2671,-4.8388,-26.0144,1.2012
9.439,raw,2686,-3.7470,-26.6420,1.1914
9.439,raw,2702,-2.5459,-27.3961,1.1780
9.439,raw,2718,-1.2870,-28.1647,1.1631
9.439,raw,2734,0.0370,-28.8568,1.1487
9.439,raw,2749,1.3272,-29.2932,1.1385
9.439,raw,2765,2.7733,-30.0324,1.1203
9.439,raw,2781,4.3043,-30.8106,1.0995
9.439,raw,2796,5.8377,-31.6303,1.0765
9.439,raw,2812,4.7281,-0.7644,1.6943
9.439,raw,2828,4.5522,-0.4908,1.6997
9.439,raw,2844,4.3967,-0.2441,1.7042
9.439,raw,2859,4.2796,-0.0348,1.7077
9.439,raw,2875,4.1324,0.1768,1.7115
9.439,raw,2891,4.3005,0.3491,1.7082
9.439,raw,2906,4.5412,0.5209,1.7031
9.439,raw,2922,4.8572,0.7275,1.6962
9.439,raw,2938,26.5929,12.0137,1.1650
9.439,raw,2954,-23.2433,22.8248,1.0888
9.439,raw,2969,-22.0372,19.9367,1.1513
9.439,raw,2985,-20.5435,17.0318,1.2176
9.439,raw,3001,-20.2454,15.3232,1.2456
9.439,raw,3016,-10.9034,7.9050,1.5083
9.439,raw,3032,-18.4182,11.6447,1.3238
9.439,raw,3048,-18.1544,10.3814,1.3426
9.439,raw,3064,-17.5437,9.0378,1.3679
9.439,raw,3079,-17.0399,7.9093,1.3882
9.439,raw,3095,-16.5394,6.8106,1.4074
9.439,raw,3111,-16.4101,5.9116,1.4165
9.439,raw,3126,-15.9985,5.0245,1.4308
9.439,raw,3142,-15.5947,4.1472,1.4441
9.439,raw,3158,-15.1825,3.3229,1.4565
9.439,raw,3174,-14.8501,2.5595,1.4663
9.439,raw,3189,-14.5237,1.8783,1.4750
9.439,raw,3205,-14.1948,1.1886,1.4832
9.439,raw,3221,-34.1003,0.4487,1.8464
9.439,raw,3236,-18.8310,-0.2772,1.8258
9.439,raw,3252,-31.7648,-2.3903,1.8434
9.439,raw,3268,-8.2908,-0.5422,1.8116
9.439,raw,3284,-8.0750,-0.9004,1.8113
9.439,raw,3299,-15.6775,-3.0537,1.8220
9.439,raw,3315,-27.6136,-7.2152,1.8391
9.439,raw,3331,-26.6871,-8.3047,1.8383
9.439,raw,3346,-24.1225,-8.6294,1.8352
9.439,raw,3362,-21.8481,-8.9408,1.8325
9.439,raw,3378,-19.8654,-9.1948,1.8302
9.439,raw,3394,-18.1414,-9.4164,1.8283
9.439,raw,3409,-16.7083,-9.5983,1.8267
9.439,raw,3425,-15.3908,-9.8051,1.8254
9.439,raw,3441,-14.1771,-9.9771,1.8242
9.439,raw,3456,-13.2783,-10.2384,1.8234
9.439,raw,3472,-12.7336,-10.8180,1.8234
9.439,raw,3488,-12.2267,-11.4318,1.8234
9.439,raw,3504,-11.7541,-12.0913,1.8236
9.439,raw,3519,-11.3952,-12.8282,1.8241
9.439,raw,3535,-11.0411,-13.7016,1.8247
9.439,raw,3551,-10.6821,-14.6431,1.8254
9.439,raw,3566,-10.9135,-16.4922,1.8277
9.439,raw,3582,-10.5762,-17.7781,1.8289
9.439,raw,3598,-10.2117,-19.1991,1.8303
9.439,raw,3614,-9.7951,-20.7462,1.8320
9.439,raw,3629,-9.3563,-22.3477,1.8337
9.439,raw,3645,-8.8455,-24.3056,1.8360
9.439,raw,3661,-8.8672,-28.5041,1.8414
9.439,raw,3676,-7.8254,-29.7167,1.8425
9.439,raw,3692,-6.3451,-29.6987,1.8421
9.439,raw,3708,-5.0264,-30.4686,1.8428
9.439,raw,3724,-3.6625,-31.2806,1.8436
9.439,raw,3739,-2.3319,-32.0676,1.8445
9.439,raw,3755,-0.8491,-32.9616,1.8456
9.439,raw,3771,0.7121,-33.8706,1.8468
9.439,raw,3786,4.6308,-0.6081,1.8063
9.439,raw,3802,4.4688,-0.3506,1.8060
9.439,raw,3818,4.3314,-0.1178,1.8058
9.439,raw,3834,4.1706,0.1017,1.8055
9.439,raw,3849,4.1556,0.2788,1.8054
9.439,raw,3865,4.4289,0.4506,1.8058
9.439,raw,3881,4.7279,0.6467,1.8062
9.439,raw,3896,5.0701,0.8579,1.8067
9.439,raw,3912,-34.5968,1.2433,1.8471
9.439,raw,3928,-31.7542,-3.3176,2.5967
9.439,raw,3944,-16.6528,-3.1298,2.2269
9.439,raw,3959,-14.7089,-6.6568,2.2104
9.439,raw,3975,-14.3625,-7.8880,2.2174
9.439,raw,3991,4.7382,-0.7531,1.9189
9.439,raw,4006,4.5707,-0.4957,1.9132
9.439,raw,4022,4.3986,-0.2445,1.9076
9.439,raw,4038,4.2447,-0.0168,1.9028
9.439,raw,4054,4.1233,0.1895,1.8991
9.439,raw,4069,4.2743,0.3510,1.9024
9.439,raw,4085,4.5711,0.5327,1.9095
9.439,raw,4101,4.8914,0.7416,1.9174
9.439,raw,4116,-31.7825,-3.4143,3.3527
9.439,raw,4132,-26.1278,-13.7162,3.2447
9.439,raw,4148,-19.9402,-24.0748,3.3369
9.439,raw,4164,4.6254,-0.6066,2.0242
9.439,raw,4179,4.4515,-0.3595,2.0131
9.439,raw,4195,4.3161,-0.1273,2.0044
9.439,raw,4211,4.1998,0.0858,1.9971
9.439,raw,4226,4.1532,0.2674,1.9939
9.439,raw,4242,4.4091,0.4393,2.0056
9.439,raw,4258,4.7145,0.6336,2.0200
9.439,raw,4274,5.0677,0.8578,2.0373
9.439,raw,4289,-16.6505,-8.9127,3.1872
9.439,raw,4305,4.6291,-0.6077,2.1337
9.439,raw,4321,4.4676,-0.3503,2.1179
9.439,raw,4336,4.3434,-0.1325,2.1059
9.439,raw,4352,4.2034,0.0853,2.0935
9.439,raw,4368,4.1443,0.2798,2.0876
9.439,raw,4384,4.4248,0.4508,2.1068
9.439,raw,4399,4.7285,0.6335,2.1283
9.439,raw,4415,5.0748,0.8581,2.1534
9.439,raw,4431,-19.2443,-1.0820,3.6563
9.439,raw,4446,-11.4893,-8.5126,3.2126
9.439,raw,4462,4.6188,-0.5495,2.2410
9.439,raw,4478,4.4161,-0.2867,2.2163
9.439,raw,4494,4.2806,-0.0594,2.1994
9.439,raw,4509,4.1611,0.1382,2.1853
9.439,raw,4525,4.2161,0.3201,2.1887
9.439,raw,4541,4.5046,0.4970,2.2151
9.439,raw,4556,4.7962,0.6865,2.2426
9.439,raw,4572,-16.6500,0.6036,3.7997
9.439,raw,4588,-16.4075,-0.1578,3.7732
9.439,raw,4604,-16.1845,-0.9023,3.7531
9.439,raw,4619,-15.9765,-1.5875,3.7380
9.439,raw,4635,-15.5694,-2.2732,3.7033
9.439,raw,4651,-15.3277,-2.9717,3.6923
9.439,raw,4666,-15.1216,-3.6257,3.6879
9.439,raw,4682,-14.7360,-4.9403,3.6930
9.439,raw,4698,-13.8793,-7.9328,3.7580
10.775,raw,0,4.7740,-0.8037,0.8999
10.775,raw,15,4.6071,-0.5475,0.9432
10.775,raw,31,4.4653,-0.3036,0.9797
10.775,raw,46,4.3225,-0.0895,1.0136
10.775,raw,62,4.2134,0.1170,1.0394
10.775,raw,77,4.3048,0.2848,1.0254
10.775,raw,93,4.5626,0.4665,0.9787
10.775,raw,108,4.9021,0.6592,0.9151
10.775,raw,124,4.7368,-0.7497,1.0238
10.775,raw,139,4.6058,-0.5066,1.0551
10.775,raw,155,4.4227,-0.2567,1.0934
10.775,raw,170,4.3017,-0.0497,1.1189
10.775,raw,186,4.1860,0.1551,1.1422
10.775,raw,201,4.3391,0.3181,1.1195
10.775,raw,217,4.6221,0.5029,1.0745
10.775,raw,232,4.9528,0.7009,1.0202
10.775,raw,248,-5.5711,-5.8602,0.5871
10.775,raw,263,-5.3517,-6.1814,0.5729
10.775,raw,279,-5.0814,-6.4927,0.5619
10.775,raw,294,-4.8445,-6.8218,0.5436
10.775,raw,310,-4.5468,-7.1251,0.5306
10.775,raw,325,-4.2681,-7.4275,0.5137
10.775,raw,341,4.7253,-0.6898,1.1411
10.775,raw,357,4.5676,-0.4306,1.1716
10.775,raw,372,4.4022,-0.2024,1.2009
10.775,raw,388,4.2604,0.0164,1.2255
10.775,raw,403,4.1553,0.2045,1.2433
10.775,raw,419,4.4305,0.3730,1.2066
10.775,raw,434,4.7073,0.5530,1.1687
10.775,raw,450,5.0337,0.7722,1.1225
10.775,raw,465,-5.9936,-6.4952,0.7054
10.775,raw,481,-5.7203,-6.8469,0.6943
10.775,raw,496,-5.4879,-7.2243,0.6758
10.775,raw,512,-5.1871,-7.5757,0.6621
10.775,raw,527,-4.9098,-7.9338,0.6440
10.775,raw,543,-4.5015,-8.1395,0.6467
10.775,raw,558,-4.0232,-8.1328,0.6727
10.775,raw,574,-3.9329,-9.0541,0.5795
10.775,raw,589,-3.5841,-9.4111,0.5562
10.775,raw,605,-3.1839,-9.7698,0.5323
10.775,raw,620,4.7865,-0.8075,1.2424
10.775,raw,636,4.6232,-0.5381,1.2691
10.775,raw,651,4.4848,-0.3077,1.2909
10.775,raw,667,4.3226,-0.0773,1.3144
10.775,raw,683,4.1748,0.1332,1.3348
10.775,raw,698,4.2921,0.2976,1.3230
10.775,raw,714,4.5803,0.4786,1.2906
10.775,raw,729,4.8924,0.6726,1.2544
10.775,raw,745,-6.7451,-6.9961,0.8474
10.775,raw,760,-6.5099,-7.4057,0.8332
10.775,raw,776,-6.2142,-7.8095,0.8211
10.775,raw,791,-5.9261,-8.1932,0.8081
10.775,raw,807,-5.5706,-8.5528,0.7986
10.775,raw,822,-5.2765,-8.9776,0.7789
10.775,raw,838,-4.2245,-8.0368,0.9019
10.775,raw,853,-3.9256,-8.3876,0.8848
10.775,raw,869,-4.1481,-10.1491,0.7268
10.775,raw,884,-3.7624,-10.5555,0.7043
10.775,raw,900,-3.3424,-11.0441,0.6735
10.775,raw,915,-2.9774,-11.7289,0.6216
10.775,raw,931,-2.5320,-12.4567,0.5654
10.775,raw,946,-2.0655,-13.1614,0.5091
10.775,raw,962,4.6418,-0.5837,1.3745
10.775,raw,977,4.4934,-0.3483,1.3930
10.775,raw,993,4.3380,-0.1165,1.4112
10.775,raw,1009,4.2197,0.0928,1.4249
10.775,raw,1024,4.2594,0.2648,1.4229
10.775,raw,1040,4.5123,0.4432,1.4005
10.775,raw,1055,4.8048,0.6315,1.3736
10.775,raw,1071,-7.9407,-7.1106,1.0264
10.775,raw,1086,-7.6588,-7.5139,1.0207
10.775,raw,1102,-7.3613,-7.9613,1.0119
10.775,raw,1117,-7.0874,-8.4051,1.0008
10.775,raw,1133,-6.7591,-8.8573,0.9899
10.775,raw,1148,-6.4266,-9.2697,0.9798
10.775,raw,1164,-6.0423,-9.6895,0.9697
10.775,raw,1179,-5.6842,-10.1146,0.9567
10.775,raw,1195,-4.0457,-8.0520,1.1352
10.775,raw,1210,-4.9015,-11.0375,0.9234
10.775,raw,1226,-4.4723,-11.5482,0.9020
10.775,raw,1241,-4.0188,-11.9593,0.8859
10.775,raw,1257,-3.6283,-12.8091,0.8379
10.775,raw,1272,-3.2070,-13.6300,0.7905
10.775,raw,1288,-2.7234,-14.6807,0.7266
10.775,raw,1303,-2.1951,-15.6957,0.6636
10.775,raw,1319,-1.5539,-16.8878,0.5874
10.775,raw,1335,4.7388,-0.7361,1.4736
10.775,raw,1350,4.5824,-0.4874,1.4885
10.775,raw,1366,4.4382,-0.2472,1.5018
10.775,raw,1381,4.2870,-0.0354,1.5146
10.775,raw,1397,4.1687,0.1686,1.5245
10.775,raw,1412,4.3451,0.3297,1.5133
10.775,raw,1428,4.6383,0.5153,1.4937
10.775,raw,1443,4.9351,0.7142,1.4731
10.775,raw,1459,-10.5407,-4.8289,1.2523
10.775,raw,1474,-10.3620,-5.3233,1.2489
10.775,raw,1490,-10.0796,-5.8031,1.2489
10.775,raw,1505,-9.8161,-6.2552,1.2477
10.775,raw,1521,-9.5418,-6.7471,1.2448
10.775,raw,1536,-9.2792,-7.2120,1.2410
10.775,raw,1552,-9.0162,-7.7353,1.2345
10.775,raw,1567,-8.7238,-8.1989,1.2297
10.775,raw,1583,-8.3892,-8.6854,1.2244
10.775,raw,1598,-8.0362,-9.1119,1.2206
10.775,raw,1614,-7.6749,-9.6016,1.2136
10.775,raw,1629,-7.3352,-10.0834,1.2051
10.775,raw,1645,-6.9585,-10.6098,1.1948
10.775,raw,1660,-6.5808,-11.1011,1.1846
10.775,raw,1676,-4.2676,-7.9987,1.3591
10.775,raw,1692,-3.8855,-8.2333,1.3572
10.775,raw,1707,-5.2522,-12.6576,1.1477
10.775,raw,1723,-4.7958,-13.3368,1.1263
10.775,raw,1738,-4.3777,-14.1413,1.0976
10.775,raw,1754,-3.9153,-15.1790,1.0580
10.775,raw,1769,-3.4761,-16.4776,1.0051
10.775,raw,1785,-3.0662,-18.8882,0.9008
10.775,raw,1800,-2.6470,-22.4379,0.7436
10.775,raw,1816,-1.7124,-24.1954,0.6683
10.775,raw,1831,-0.6544,-24.6181,0.6517
10.775,raw,1847,4.7259,-0.7041,1.5857
10.775,raw,1862,4.5608,-0.4555,1.5958
10.775,raw,1878,4.4031,-0.2151,1.6052
10.775,raw,1893,4.2743,-0.0095,1.6125
10.775,raw,1909,4.1489,0.1937,1.6193
10.775,raw,1924,4.3853,0.3512,1.6092
10.775,raw,1940,4.6739,0.5404,1.5964
10.775,raw,1955,4.9765,0.7427,1.5825
10.775,raw,1971,23.9102,10.5836,0.6290
10.775,raw,1986,-20.0122,18.4047,0.5739
10.775,raw,2002,-19.3007,16.2457,0.6619
10.775,raw,2018,-18.4224,14.1820,0.7508
10.775,raw,2033,-17.5155,12.3850,0.8314
10.775,raw,2049,-16.9826,10.9233,0.8875
10.775,raw,2064,-16.6804,9.7753,0.9254
10.775,raw,2080,-16.4236,8.6686,0.9589
10.775,raw,2095,-17.0662,0.0145,1.4188
10.775,raw,2111,-16.3705,-0.7267,1.4332
10.775,raw,2126,-15.7659,-1.3741,1.4450
10.775,raw,2142,-8.0289,-0.8063,1.6158
10.775,raw,2157,-14.8278,-2.6366,1.4608
10.775,raw,2173,-14.3991,-3.2544,1.4668
10.775,raw,2188,-14.0129,-3.8159,1.4716
10.775,raw,2204,-13.1882,-4.2452,1.4858
10.775,raw,2219,-12.8451,-4.7676,1.4887
10.775,raw,2235,-12.4742,-5.3102,1.4914
10.775,raw,2250,-12.1313,-5.8112,1.4933
10.775,raw,2266,-11.5789,-6.2295,1.4996
10.775,raw,2281,-11.3156,-6.7575,1.4985
10.775,raw,2297,-11.0209,-7.3183,1.4970
10.775,raw,2312,-10.6437,-7.7748,1.4977
10.775,raw,2328,-10.3612,-8.3610,1.4944
10.775,raw,2344,-9.9608,-8.8580,1.4937
10.775,raw,2359,-9.6498,-9.3946,1.4904
10.775,raw,2375,-9.2394,-9.9028,1.4884
10.775,raw,2390,-8.9097,-10.4596,1.4839
10.775,raw,2406,-8.4797,-10.9840,1.4806
10.775,raw,2421,-8.1341,-11.5834,1.4743
10.775,raw,2437,-7.6811,-12.1407,1.4695
10.775,raw,2452,-7.3156,-12.8089,1.4609
10.775,raw,2468,-4.1211,-8.0171,1.5874
10.775,raw,2483,-6.3493,-13.9956,1.4471
10.775,raw,2499,-5.8234,-14.6659,1.4379
10.775,raw,2514,-5.4506,-15.7521,1.4183
10.775,raw,2530,-6.5510,-22.2938,1.2734
10.775,raw,2545,-5.8925,-23.9079,1.2428
10.775,raw,2561,-5.0322,-25.5232,1.2122
10.775,raw,2576,-3.9508,-26.0398,1.2051
10.775,raw,2592,-2.7778,-26.7150,1.1937
10.775,raw,2607,-1.6315,-27.3296,1.1824
10.775,raw,2623,-0.3565,-27.9332,1.1703
10.775,raw,2638,0.8821,-28.2882,1.1624
10.775,raw,2654,2.2574,-28.9180,1.1471
10.775,raw,2670,3.7021,-29.5681,1.1299
10.775,raw,2685,5.1292,-30.2030,1.1117
10.775,raw,2701,6.8013,-31.2031,1.0833
10.775,raw,2716,8.6496,-32.8018,1.0398
10.775,raw,2732,4.6589,-0.5883,1.6982
10.775,raw,2747,4.4960,-0.3489,1.7029
10.775,raw,2763,4.3294,-0.1150,1.7075
10.775,raw,2778,4.2027,0.0833,1.7109
10.775,raw,2794,4.2409,0.2663,1.7105
10.775,raw,2809,4.4991,0.4313,1.7051
10.775,raw,2825,4.8129,0.6315,1.6982
10.775,raw,2840,24.0607,10.4859,1.2300
10.775,raw,2856,-31.5214,12.2282,1.0544
10.775,raw,2871,-32.2554,10.4222,1.0517
10.775,raw,2887,-27.3769,7.5786,1.1722
10.775,raw,2902,-24.9184,5.8154,1.2338
10.775,raw,2918,-22.7794,4.2781,1.2864
10.775,raw,2933,-21.0335,3.0652,1.3283
10.775,raw,2949,-19.5071,1.9733,1.3640
10.775,raw,2964,-18.2601,1.0882,1.3925
10.775,raw,2980,-18.3253,-0.5081,1.8251
10.775,raw,2996,-31.8238,-4.0109,1.8438
10.775,raw,3011,-15.5686,-2.3714,1.8217
10.775,raw,3027,-32.5746,-7.1466,1.8456
10.775,raw,3042,-31.4984,-8.3511,1.8446
10.775,raw,3058,-30.4172,-9.5873,1.8437
10.775,raw,3073,-29.4462,-10.7055,1.8430
10.775,raw,3089,-28.4392,-11.8581,1.8423
10.775,raw,3104,-27.5082,-12.9019,1.8418
10.775,raw,3120,-26.5597,-13.9986,1.8413
10.775,raw,3135,-25.6860,-15.0060,1.8409
10.775,raw,3151,-24.7163,-16.0294,1.8406
10.775,raw,3166,-23.6821,-16.8725,1.8401
10.775,raw,3182,-11.1539,-8.5390,1.8197
10.775,raw,3197,-21.5943,-18.5432,1.8393
10.775,raw,3213,-20.5808,-19.4184,1.8391
10.775,raw,3228,-19.6436,-20.2376,1.8390
10.775,raw,3244,-18.4811,-20.9163,1.8386
10.775,raw,3259,-17.4052,-21.5364,1.8383
10.775,raw,3275,-16.2640,-22.1770,1.8381
10.775,raw,3290,-15.2247,-22.8011,1.8380
10.775,raw,3306,-10.6933,-17.7066,1.8289
10.775,raw,3321,-10.3187,-18.9476,1.8301
10.775,raw,3337,-9.8620,-20.3536,1.8315
10.775,raw,3353,-9.3756,-21.9410,1.8332
10.775,raw,3368,-8.8447,-23.5313,1.8349
10.775,raw,3384,-8.2373,-25.5032,1.8372
10.775,raw,3399,-7.5779,-27.5558,1.8396
10.775,raw,3415,-6.5239,-28.9760,1.8411
10.775,raw,3430,-5.3058,-29.5820,1.8416
10.775,raw,3446,-3.9725,-30.2454,1.8422
10.775,raw,3461,-2.6855,-30.9002,1.8428
10.775,raw,3477,-1.2607,-31.5764,1.8436
10.775,raw,3492,0.1257,-32.3138,1.8446
10.775,raw,3508,1.6797,-33.2207,1.8459
10.775,raw,3523,3.1802,-33.6346,1.8466
10.775,raw,3539,4.7383,-0.7501,1.8064
10.775,raw,3554,4.6176,-0.5096,1.8062
10.775,raw,3570,4.4270,-0.2576,1.8058
10.775,raw,3585,4.2918,-0.0482,1.8056
10.775,raw,3601,4.1600,0.1580,1.8054
10.775,raw,3616,4.3232,0.3192,1.8056
10.775,raw,3632,4.6102,0.5032,1.8060
10.775,raw,3647,4.9090,0.7000,1.8064
10.775,raw,3663,-31.6751,-3.3367,2.5958
10.775,raw,3679,-17.5609,-3.6000,2.2522
10.775,raw,3694,-15.0665,-4.2393,2.1968
10.775,raw,3710,-14.8264,-4.9354,2.1968
10.775,raw,3725,-14.6068,-5.8431,2.2001
10.775,raw,3741,-14.4144,-6.5756,2.2034
10.775,raw,3756,-14.7558,-7.5610,2.2221
10.775,raw,3772,-11.4044,-8.9065,2.1716
10.775,raw,3787,4.7176,-0.7017,1.9165
10.775,raw,3803,4.5498,-0.4396,1.9108
10.775,raw,3818,4.3876,-0.2121,1.9057
10.775,raw,3834,4.2518,0.0058,1.9015
10.775,raw,3849,4.1430,0.1943,1.8982
10.775,raw,3865,4.3837,0.3634,1.9038
10.775,raw,3880,4.6517,0.5407,1.9103
10.775,raw,3896,4.9955,0.7571,1.9189
10.775,raw,3911,-31.8794,-4.0189,3.3631
10.775,raw,3927,-25.8501,-14.2993,3.2473
10.775,raw,3942,4.7931,-0.8095,2.0317
10.775,raw,3958,4.6082,-0.5342,2.0195
10.775,raw,3973,4.4557,-0.3016,2.0098
10.775,raw,3989,4.3154,-0.0761,2.0011
10.775,raw,4005,4.1633,0.1346,1.9924
10.775,raw,4020,4.2698,0.2992,1.9968
10.775,raw,4036,4.5410,0.4796,2.0094
10.775,raw,4051,4.8488,0.6719,2.0242
10.775,raw,4067,-15.5631,-2.3235,2.9500
10.775,raw,4082,-11.4664,-8.5715,2.8643
10.775,raw,4098,4.6339,-0.5953,2.1293
10.775,raw,4113,4.4827,-0.3589,2.1148
10.775,raw,4129,4.3590,-0.1324,2.1029
10.775,raw,4144,4.2250,0.0687,2.0912
10.775,raw,4160,4.2216,0.2562,2.0895
10.775,raw,4175,4.4484,0.4210,2.1050
10.775,raw,4191,4.7720,0.6181,2.1280
10.775,raw,4206,5.0842,0.8303,2.1508
10.775,raw,4222,-19.5345,-0.1821,3.6825
10.775,raw,4237,-19.2837,-1.0156,3.6635
10.775,raw,4253,-18.9966,-1.8847,3.6450
10.775,raw,4268,-18.7490,-2.6886,3.6331
10.775,raw,4284,-18.2619,-3.5420,3.6034
10.775,raw,4299,-18.0246,-4.3227,3.5993
10.775,raw,4315,-17.7673,-5.1515,3.5981
10.775,raw,4331,-17.4674,-5.9653,3.5964
10.775,raw,4346,-17.2886,-6.8901,3.6133
10.775,raw,4362,-17.0336,-7.7382,3.6247
10.775,raw,4377,-16.7800,-8.5387,3.6379
10.775,raw,4393,4.4730,-0.3438,2.2170
10.775,raw,4408,4.3524,-0.1313,2.2018
10.775,raw,4424,4.1877,0.0852,2.1832
10.775,raw,4439,4.1950,0.2585,2.1822
10.775,raw,4455,4.4679,0.4325,2.2071
10.775,raw,4470,-16.6528,0.2708,3.8060
10.775,raw,4486,-16.3376,-0.4852,3.7723
10.775,raw,4501,-16.1090,-1.1788,3.7524
10.775,raw,4517,-15.8624,-1.9037,3.7346
10.775,raw,4532,-15.4411,-2.6276,3.7005
10.775,raw,4548,-15.2229,-3.3297,3.6940
10.775,raw,4563,-15.0274,-3.9872,3.6925
10.775,raw,4579,-14.7817,-4.6757,3.6901
10.775,raw,4594,-14.6331,-5.4033,3.7042
10.775,raw,4610,-14.4171,-6.1135,3.7141
10.775,raw,4625,-14.1962,-6.7792,3.7250
10.775,raw,4641,-13.9542,-7.4975,3.7404
11.906,raw,0,4.8008,-0.8277,0.8975
11.906,raw,14,4.6515,-0.5888,0.9369
11.906,raw,28,4.5176,-0.3702,0.9711
11.906,raw,43,4.3783,-0.1528,1.0048
11.906,raw,57,4.2732,0.0329,1.0297
11.906,raw,72,4.2488,0.2123,1.0380
11.906,raw,86,4.4860,0.3633,0.9955
11.906,raw,101,4.7739,0.5453,0.9424
11.906,raw,115,5.0594,0.7380,0.8882
11.906,raw,130,4.6959,-0.6558,1.0377
11.906,raw,144,4.5531,-0.4305,1.0696
11.906,raw,159,4.3999,-0.2063,1.1017
11.906,raw,173,4.2786,-0.0154,1.1266
11.906,raw,187,4.1766,0.1615,1.1468
11.906,raw,202,4.4269,0.3178,1.1080
11.906,raw,216,4.6713,0.4821,1.0691
11.906,raw,231,4.9651,0.6804,1.0209
11.906,raw,245,-5.8236,-6.1198,0.5364
11.906,raw,260,-5.5745,-6.4288,0.5264
11.906,raw,274,-5.3575,-6.7477,0.5103
11.906,raw,289,4.7201,-0.6903,1.1445
11.906,raw,303,4.5908,-0.4658,1.1700
11.906,raw,318,4.4145,-0.2341,1.2010
11.906,raw,332,4.3015,-0.0428,1.2212
11.906,raw,346,4.1737,0.1387,1.2423
11.906,raw,361,4.3808,0.2966,1.2153
11.906,raw,375,4.6254,0.4578,1.1822
11.906,raw,390,4.9273,0.6525,1.1401
11.906,raw,404,-6.3920,-6.6661,0.6597
11.906,raw,419,-6.1507,-7.0366,0.6457
11.906,raw,433,-5.9071,-7.3750,0.6328
11.906,raw,448,-5.6595,-7.7752,0.6123
11.906,raw,462,-5.3982,-8.1283,0.5953
11.906,raw,477,-5.0873,-8.4814,0.5792
11.906,raw,491,-4.4136,-8.1148,0.6546
11.906,raw,505,-3.9886,-8.1459,0.6738
11.906,raw,520,-4.1641,-9.6118,0.5102
11.906,raw,534,4.7532,-0.7420,1.2506
11.906,raw,549,4.6000,-0.4947,1.2752
11.906,raw,563,4.4575,-0.2805,1.2969
11.906,raw,578,4.3119,-0.0685,1.3179
11.906,raw,592,4.1917,0.1136,1.3346
11.906,raw,607,4.3484,0.2750,1.3183
11.906,raw,621,4.6014,0.4332,1.2899
11.906,raw,636,4.8805,0.6249,1.2577
11.906,raw,650,-7.1199,-7.2809,0.8044
11.906,raw,665,-6.8487,-7.6769,0.7938
11.906,raw,679,-6.5930,-8.0588,0.7815
11.906,raw,693,-6.3391,-8.4626,0.7658
11.906,raw,708,-6.0617,-8.9160,0.7460
11.906,raw,722,-5.7305,-9.2533,0.7359
11.906,raw,737,-5.3799,-9.6445,0.7207
11.906,raw,751,-4.0686,-8.0565,0.9073
11.906,raw,766,-4.7030,-10.5122,0.6765
11.906,raw,780,-4.3184,-10.8669,0.6600
11.906,raw,795,-3.9116,-11.3135,0.6343
11.906,raw,809,-3.5541,-11.8807,0.5946
11.906,raw,824,-3.1868,-12.7088,0.5298
11.906,raw,838,4.7410,-0.7385,1.3636
11.906,raw,852,4.5949,-0.5068,1.3823
11.906,raw,867,4.4523,-0.2794,1.3998
11.906,raw,881,4.3324,-0.0839,1.4140
11.906,raw,896,4.2222,0.1100,1.4266
11.906,raw,910,4.3202,0.2652,1.4189
11.906,raw,925,4.5804,0.4339,1.3957
11.906,raw,939,4.8691,0.6115,1.3692
11.906,raw,954,-8.2804,-7.3961,0.9957
11.906,raw,968,-8.0452,-7.8257,0.9866
11.906,raw,983,-7.7904,-8.3018,0.9747
11.906,raw,997,-7.5080,-8.7146,0.9659
11.906,raw,1011,-7.2003,-9.1127,0.9577
11.906,raw,1026,-6.8430,-9.5198,0.9495
11.906,raw,1040,-6.5781,-10.0254,0.9307
11.906,raw,1055,-6.2138,-10.4790,0.9171
11.906,raw,1069,-4.3653,-8.0842,1.1235
11.906,raw,1084,-3.9388,-8.1709,1.1314
11.906,raw,1098,-5.0910,-11.8669,0.8661
11.906,raw,1113,-4.6764,-12.4211,0.8413
11.906,raw,1127,-4.2581,-12.9360,0.8174
11.906,raw,1142,-3.8968,-13.9104,0.7604
11.906,raw,1156,-3.4787,-14.7629,0.7108
11.906,raw,1170,-3.0125,-15.6747,0.6562
11.906,raw,1185,-2.4978,-17.0240,0.5707
11.906,raw,1199,4.7896,-0.7669,1.4710
11.906,raw,1214,4.6031,-0.5088,1.4881
11.906,raw,1228,4.4642,-0.2946,1.5007
11.906,raw,1243,4.3281,-0.0832,1.5126
11.906,raw,1257,4.2048,0.1004,1.5228
11.906,raw,1272,4.3249,0.2648,1.5156
11.906,raw,1286,4.5614,0.4221,1.4999
11.906,raw,1301,4.8559,0.6114,1.4798
11.906,raw,1315,5.1681,0.8128,1.4579
11.906,raw,1330,-10.7328,-5.2106,1.2362
11.906,raw,1344,-10.5812,-5.6989,1.2315
11.906,raw,1358,-10.3498,-6.1473,1.2298
11.906,raw,1373,-10.1152,-6.6421,1.2262
11.906,raw,1387,-9.8885,-7.1069,1.2221
11.906,raw,1402,-9.6097,-7.5867,1.2184
11.906,raw,1416,-9.3414,-8.0370,1.2142
11.906,raw,1431,-9.0618,-8.5400,1.2078
11.906,raw,1445,-8.7865,-9.0115,1.2012
11.906,raw,1460,-8.4716,-9.5149,1.1938
11.906,raw,1474,-8.1579,-9.9817,1.1865
11.906,raw,1489,-7.8104,-10.4924,1.1775
11.906,raw,1503,-7.4363,-10.9234,1.1711
11.906,raw,1517,-7.1151,-11.4648,1.1582
11.906,raw,1532,-6.7415,-12.0462,1.1438
11.906,raw,1546,-4.0877,-8.0327,1.3617
11.906,raw,1561,-5.9298,-13.1720,1.1144
11.906,raw,1575,-5.4820,-13.6846,1.1008
11.906,raw,1590,-5.0706,-14.5129,1.0721
11.906,raw,1604,-4.6931,-15.4787,1.0356
11.906,raw,1619,-4.2869,-16.7964,0.9829
11.906,raw,1633,-4.8100,-22.6225,0.7194
11.906,raw,1648,-4.0604,-24.3021,0.6508
11.906,raw,1662,-3.1248,-24.9809,0.6266
11.906,raw,1676,-2.1348,-25.5509,0.6058
11.906,raw,1691,-1.0270,-26.0711,0.5856
11.906,raw,1705,0.0437,-26.4785,0.5684
11.906,raw,1720,1.2312,-27.0318,0.5423
11.906,raw,1734,2.3864,-27.5554,0.5156
11.906,raw,1749,4.7414,-0.7245,1.5856
11.906,raw,1763,4.5942,-0.4933,1.5948
11.906,raw,1778,4.4376,-0.2638,1.6041
11.906,raw,1792,4.3277,-0.0710,1.6105
11.906,raw,1807,4.1871,0.1257,1.6181
11.906,raw,1821,4.3292,0.2764,1.6123
11.906,raw,1835,4.5744,0.4341,1.6015
11.906,raw,1850,4.8788,0.6249,1.5878
11.906,raw,1864,22.5561,9.2863,0.7087
11.906,raw,1879,-19.6720,20.8708,0.5068
11.906,raw,1893,-18.8672,18.5436,0.6072
11.906,raw,1908,-18.4249,16.6698,0.6792
11.906,raw,1922,-17.7884,14.8979,0.7530
11.906,raw,1937,-17.2042,13.2473,0.8197
11.906,raw,1951,-16.5660,11.7797,0.8817
11.906,raw,1966,-11.1995,7.5068,1.1923
11.906,raw,1980,-15.8026,9.4381,0.9669
11.906,raw,1995,-15.3863,8.3495,1.0067
11.906,raw,2009,-16.6144,0.2293,1.4285
11.906,raw,2023,-16.2699,-0.4281,1.4355
11.906,raw,2038,-15.8736,-1.1025,1.4430
11.906,raw,2052,-8.2474,-0.6505,1.6113
11.906,raw,2067,-8.1370,-1.0048,1.6124
11.906,raw,2081,-15.0114,-2.9499,1.4550
11.906,raw,2096,-14.7007,-3.5629,1.4583
11.906,raw,2110,-14.4270,-4.1291,1.4605
11.906,raw,2125,-13.7735,-4.5943,1.4708
11.906,raw,2139,-13.5359,-5.1454,1.4713
11.906,raw,2154,-13.2607,-5.7255,1.4716
11.906,raw,2168,-13.0305,-6.2805,1.4708
11.906,raw,2182,-12.4393,-6.6343,1.4785
11.906,raw,2197,-12.2031,-7.2275,1.4763
11.906,raw,2211,-11.9490,-7.7689,1.4744
11.906,raw,2226,-11.4360,-8.1789,1.4783
11.906,raw,2240,-11.2301,-8.7679,1.4739
11.906,raw,2255,-10.8611,-9.2924,1.4725
11.906,raw,2269,-10.6880,-9.9553,1.4654
11.906,raw,2284,-10.3519,-10.5505,1.4613
11.906,raw,2298,-9.9271,-11.0028,1.4602
11.906,raw,2313,-9.6556,-11.7248,1.4518
11.906,raw,2327,-9.2369,-12.2263,1.4487
11.906,raw,2341,-8.9699,-12.9738,1.4386
11.906,raw,2356,-8.5026,-13.5607,1.4334
11.906,raw,2370,-8.2324,-14.4438,1.4196
11.906,raw,2385,-7.7233,-15.0827,1.4125
11.906,raw,2399,-8.8253,-19.1916,1.3202
11.906,raw,2414,-8.3250,-20.4501,1.2991
11.906,raw,2428,-7.8335,-21.7806,1.2755
11.906,raw,2443,-7.3400,-23.6384,1.2401
11.906,raw,2457,-6.7278,-25.2947,1.2088
11.906,raw,2472,-5.9162,-26.9626,1.1773
11.906,raw,2486,-4.8657,-27.5328,1.1695
11.906,raw,2501,-3.6980,-28.0830,1.1616
11.906,raw,2515,-2.5819,-28.6363,1.1523
11.906,raw,2529,-1.4392,-29.3586,1.1383
11.906,raw,2544,-0.1562,-30.1368,1.1221
11.906,raw,2558,1.0952,-30.6725,1.1100
11.906,raw,2573,2.4776,-31.1134,1.0988
11.906,raw,2587,3.8345,-31.7446,1.0822
11.906,raw,2602,5.3827,-32.5742,1.0595
11.906,raw,2616,4.8006,-0.8132,1.6943
11.906,raw,2631,4.6285,-0.5556,1.6995
11.906,raw,2645,4.4939,-0.3392,1.7034
11.906,raw,2660,4.3386,-0.1214,1.7077
11.906,raw,2674,4.2362,0.0614,1.7106
11.906,raw,2688,4.2417,0.2246,1.7108
11.906,raw,2703,4.5252,0.3862,1.7048
11.906,raw,2717,4.7751,0.5584,1.6994
11.906,raw,2732,5.0889,0.7670,1.6924
11.906,raw,2746,-25.1232,24.4321,1.0321
11.906,raw,2761,-24.6447,22.0378,1.0753
11.906,raw,2775,-23.8622,19.7276,1.1211
11.906,raw,2790,-23.9253,18.1341,1.1413
11.906,raw,2804,-23.2505,16.2402,1.1774
11.906,raw,2819,-22.0154,14.0687,1.2262
11.906,raw,2833,-22.3198,13.0415,1.2317
11.906,raw,2847,-21.5564,11.4998,1.2625
11.906,raw,2862,-20.8060,10.0124,1.2915
11.906,raw,2876,-20.1290,8.7421,1.3162
11.906,raw,2891,-20.9015,8.0123,1.3060
11.906,raw,2905,-20.1774,6.8476,1.3292
11.906,raw,2920,-19.5227,5.7266,1.3498
11.906,raw,2934,-19.0304,4.7793,1.3653
11.906,raw,2949,-18.5418,3.8328,1.3799
11.906,raw,2963,-18.1006,3.0020,1.3923
11.906,raw,2978,-17.6442,2.1621,1.4043
11.906,raw,2992,-17.2557,1.4212,1.4140
11.906,raw,3006,-16.8724,0.7145,1.4229
11.906,raw,3021,-34.8426,-2.6801,1.8477
11.906,raw,3035,-31.7133,-3.6906,1.8436
11.906,raw,3050,-33.0667,-5.3418,1.8458
11.906,raw,3064,-32.2185,-6.5479,1.8450
11.906,raw,3079,-31.3585,-7.8005,1.8443
11.906,raw,3093,-30.5668,-8.9315,1.8437
11.906,raw,3108,-29.7406,-10.1111,1.8431
11.906,raw,3122,-28.9921,-11.1891,1.8427
11.906,raw,3137,-16.2937,-6.9147,1.8246
11.906,raw,3151,-27.4838,-13.3653,1.8420
11.906,raw,3166,-25.9445,-14.0364,1.8406
11.906,raw,3180,-26.0129,-15.4923,1.8417
11.906,raw,3194,-25.2977,-16.5028,1.8416
11.906,raw,3209,-24.5526,-17.5977,1.8416
11.906,raw,3223,-23.8572,-18.6241,1.8417
11.906,raw,3238,-23.0850,-19.7117,1.8419
11.906,raw,3252,-22.3654,-20.7419,1.8421
11.906,raw,3267,-21.5915,-21.8665,1.8424
11.906,raw,3281,-20.8673,-22.9449,1.8428
11.906,raw,3296,-20.0000,-24.0343,1.8432
11.906,raw,3310,-19.1818,-25.0769,1.8436
11.906,raw,3325,-18.2942,-26.2315,1.8441
11.906,raw,3339,-17.4653,-27.3732,1.8448
11.906,raw,3353,-16.6049,-28.5440,1.8456
11.906,raw,3368,-15.6465,-29.8416,1.8465
11.906,raw,3382,-14.7172,-31.1076,1.8475
11.906,raw,3397,4.6705,-0.6350,1.8063
11.906,raw,3411,4.5417,-0.4147,1.8060
11.906,raw,3426,4.3960,-0.1932,1.8058
11.906,raw,3440,4.2656,-0.0017,1.8055
11.906,raw,3455,4.1832,0.1838,1.8054
11.906,raw,3469,4.4279,0.3299,1.8057
11.906,raw,3484,4.7014,0.5072,1.8061
11.906,raw,3498,4.9552,0.6938,1.8064
11.906,raw,3512,-17.6574,-1.1853,2.2451
11.906,raw,3527,-31.9030,-4.3757,2.6053
11.906,raw,3541,-16.5385,-4.1254,2.2312
11.906,raw,3556,-16.2358,-5.1316,2.2315
11.906,raw,3570,-14.5421,-5.9158,2.1996
11.906,raw,3585,-14.3300,-6.7427,2.2036
11.906,raw,3599,-14.1262,-7.3789,2.2065
11.906,raw,3614,-13.8974,-8.0679,2.2102
11.906,raw,3628,-19.5328,-24.7753,2.5964
11.906,raw,3643,4.6306,-0.5833,1.9131
11.906,raw,3657,4.5052,-0.3675,1.9088
11.906,raw,3671,4.3817,-0.1658,1.9049
11.906,raw,3686,4.2297,0.0388,1.9004
11.906,raw,3700,4.2282,0.2026,1.8998
11.906,raw,3715,4.4669,0.3643,1.9055
11.906,raw,3729,4.7484,0.5325,1.9123
11.906,raw,3744,5.0372,0.7373,1.9195
11.906,raw,3758,-31.3447,-3.8262,3.3370
11.906,raw,3773,-25.9860,-13.9609,3.2453
11.906,raw,3787,-19.8344,-24.1209,3.3345
11.906,raw,3802,4.7172,-0.7035,2.0257
11.906,raw,3816,4.5818,-0.4770,2.0166
11.906,raw,3831,4.4383,-0.2513,2.0075
11.906,raw,3845,4.2929,-0.0535,1.9990
11.906,raw,3859,4.1835,0.1261,1.9926
11.906,raw,3874,4.3413,0.2874,1.9994
11.906,raw,3888,4.6045,0.4457,2.0117
11.906,raw,3903,4.8786,0.6383,2.0249
11.906,raw,3917,-19.4462,-0.1693,3.2115
11.906,raw,3932,-25.7965,-14.4483,3.9551
11.906,raw,3946,-17.1394,0.5676,3.4543
11.906,raw,3961,-19.4709,-0.2836,3.6784
11.906,raw,3975,-19.2438,-1.0600,3.6615
11.906,raw,3990,-18.9970,-1.8771,3.6463
11.906,raw,4004,-18.7701,-2.6290,3.6355
11.906,raw,4018,-18.3311,-3.3282,3.6068
11.906,raw,4033,-18.0688,-4.1044,3.5992
11.906,raw,4047,-17.8469,-4.8307,3.5974
11.906,raw,4062,-17.6123,-5.6096,3.5990
11.906,raw,4076,-17.4399,-6.3576,3.6083
11.906,raw,4091,-17.1878,-7.1403,3.6149
11.906,raw,4105,-16.9733,-7.8885,3.6266
11.906,raw,4120,-16.7083,-8.6851,3.6392
11.906,raw,4134,-11.2190,-8.4881,3.1912
11.906,raw,4149,-16.5531,0.3270,3.7959
11.906,raw,4163,-16.3433,-0.3371,3.7738
11.906,raw,4177,-16.1238,-0.9863,3.7536
11.906,raw,4192,-15.9127,-1.6712,3.7381
11.906,raw,4206,-15.4809,-2.3989,3.7015
11.906,raw,4221,-15.2617,-3.0549,3.6922
11.906,raw,4235,-15.0778,-3.6676,3.6891
11.906,raw,4250,-14.8748,-4.3211,3.6884
11.906,raw,4264,-14.6745,-4.9276,3.6895
11.906,raw,4279,-14.5007,-5.7467,3.7065
11.906,raw,4293,-14.3103,-6.3700,3.7165
11.906,raw,4308,-14.0995,-7.0442,3.7303
11.906,raw,4322,-13.9071,-7.6877,3.7477
12.926,raw,0,4.7948,-0.8881,0.8919
12.926,raw,14,4.6408,-0.6439,0.9328
12.926,raw,28,4.5028,-0.4212,0.9683
12.926,raw,43,4.3612,-0.2005,1.0030
12.926,raw,57,4.2560,-0.0127,1.0284
12.926,raw,71,4.2063,0.1585,1.0418
12.926,raw,86,4.4825,0.3150,0.9925
12.926,raw,100,4.7434,0.4816,0.9448
12.926,raw,115,5.0513,0.6836,0.8869
12.926,raw,129,4.6973,-0.7295,1.0313
12.926,raw,143,4.5410,-0.4962,1.0661
12.926,raw,158,4.4178,-0.2742,1.0938
12.926,raw,172,4.2833,-0.0768,1.1214
12.926,raw,186,4.1601,0.1058,1.1456
12.926,raw,201,4.3940,0.2600,1.1099
12.926,raw,215,4.6192,0.4209,1.0746
12.926,raw,230,4.9399,0.6132,1.0225
12.926,raw,244,-5.9537,-6.0687,0.5303
12.926,raw,258,-5.7429,-6.3836,0.5169
12.926,raw,273,4.7679,-0.8362,1.1298
12.926,raw,287,4.6284,-0.5995,1.1578
12.926,raw,301,4.4757,-0.3760,1.1861
12.926,raw,316,4.3358,-0.1588,1.2113
12.926,raw,330,4.2155,0.0286,1.2321
12.926,raw,345,4.2712,0.1989,1.2272
12.926,raw,359,4.5285,0.3495,1.1928
12.926,raw,373,4.8146,0.5197,1.1536
12.926,raw,388,5.1339,0.7278,1.1086
12.926,raw,402,-6.3928,-6.8810,0.6418
12.926,raw,417,-6.1390,-7.2501,0.6281
12.926,raw,431,-5.9319,-7.6510,0.6060
12.926,raw,445,-5.6860,-8.0235,0.5874
12.926,raw,460,-5.4181,-8.4438,0.5634
12.926,raw,474,-5.1287,-8.8009,0.5449
12.926,raw,488,-4.2268,-7.9992,0.6769
12.926,raw,503,4.7787,-0.8540,1.2419
12.926,raw,517,4.6155,-0.6097,1.2681
12.926,raw,532,4.4694,-0.3746,1.2912
12.926,raw,546,4.3249,-0.1691,1.3124
12.926,raw,560,4.2339,0.0143,1.3263
12.926,raw,575,4.2642,0.1877,1.3252
12.926,raw,589,4.5035,0.3385,1.2988
12.926,raw,603,4.7799,0.5071,1.2674
12.926,raw,618,5.1069,0.7129,1.2293
12.926,raw,632,-7.0773,-7.5146,0.7917
12.926,raw,647,-6.8628,-7.9926,0.7711
12.926,raw,661,-6.5828,-8.3633,0.7602
12.926,raw,675,-6.3235,-8.7816,0.7430
12.926,raw,690,-6.0413,-9.2555,0.7209
12.926,raw,704,-5.7327,-9.6582,0.7039
12.926,raw,719,-4.2773,-7.9760,0.9053
12.926,raw,733,-3.9901,-8.2780,0.8921
12.926,raw,747,-4.7197,-11.0075,0.6338
12.926,raw,762,-4.3215,-11.4925,0.6058
12.926,raw,776,-3.9639,-12.0658,0.5667
12.926,raw,790,-3.6020,-12.7508,0.5159
12.926,raw,805,4.6742,-0.6949,1.3691
12.926,raw,819,4.5210,-0.4649,1.3882
12.926,raw,834,4.3888,-0.2432,1.4046
12.926,raw,848,4.2353,-0.0452,1.4218
12.926,raw,862,4.1719,0.1275,1.4298
12.926,raw,877,4.4117,0.2830,1.4090
12.926,raw,891,4.6741,0.4446,1.3855
12.926,raw,905,4.9866,0.6273,1.3568
12.926,raw,920,-8.3069,-7.5201,0.9890
12.926,raw,934,-8.1037,-7.9899,0.9761
12.926,raw,949,-7.8449,-8.4734,0.9638
12.926,raw,963,-7.5418,-8.8728,0.9564
12.926,raw,977,-7.2996,-9.3685,0.9398
12.926,raw,992,-6.9705,-9.8381,0.9268
12.926,raw,1006,-6.6554,-10.2931,0.9125
12.926,raw,1020,-6.3419,-10.7855,0.8945
12.926,raw,1035,-4.2455,-7.9750,1.1342
12.926,raw,1049,-3.9722,-8.3061,1.1221
12.926,raw,1064,-5.2044,-12.3566,0.8320
12.926,raw,1078,-4.8293,-12.9677,0.8022
12.926,raw,1092,-4.4578,-13.7047,0.7626
12.926,raw,1107,-4.1004,-14.8353,0.6950
12.926,raw,1121,-3.6775,-15.8479,0.6346
12.926,raw,1136,-3.2718,-17.6047,0.5219
12.926,raw,1150,4.6702,-0.6798,1.4793
12.926,raw,1164,4.5158,-0.4505,1.4936
12.926,raw,1179,4.3785,-0.2287,1.5062
12.926,raw,1193,4.2556,-0.0365,1.5168
12.926,raw,1207,4.1923,0.1368,1.5227
12.926,raw,1222,4.4507,0.2924,1.5059
12.926,raw,1236,4.6847,0.4571,1.4904
12.926,raw,1251,5.0212,0.6553,1.4672
12.926,raw,1265,-10.7042,-4.7701,1.2470
12.926,raw,1279,-10.5769,-5.2571,1.2420
12.926,raw,1294,-10.3684,-5.7482,1.2392
12.926,raw,1308,-10.1720,-6.2122,1.2355
12.926,raw,1322,-10.0532,-6.7405,1.2264
12.926,raw,1337,-9.8368,-7.2609,1.2201
12.926,raw,1351,-9.6092,-7.7400,1.2143
12.926,raw,1366,-9.2962,-8.2060,1.2109
12.926,raw,1380,-9.0724,-8.7191,1.2021
12.926,raw,1394,-8.7804,-9.1824,1.1960
12.926,raw,1409,-8.5005,-9.7379,1.1854
12.926,raw,1423,-8.1956,-10.2310,1.1767
12.926,raw,1438,-7.8822,-10.8094,1.1641
12.926,raw,1452,-7.5802,-11.3761,1.1505
12.926,raw,1466,-7.2673,-11.9733,1.1349
12.926,raw,1481,-4.4550,-8.0718,1.3525
12.926,raw,1495,-4.0359,-8.1144,1.3595
12.926,raw,1509,-6.0913,-13.7788,1.0862
12.926,raw,1524,-5.6704,-14.5633,1.0605
12.926,raw,1538,-5.3190,-15.5563,1.0235
12.926,raw,1553,-6.3069,-21.5161,0.7513
12.926,raw,1567,-5.8456,-23.4847,0.6703
12.926,raw,1581,-5.1613,-25.0927,0.6060
12.926,raw,1596,-4.1270,-25.7720,0.5842
12.926,raw,1610,-3.1235,-26.4156,0.5617
12.926,raw,1624,-2.0794,-27.0725,0.5368
12.926,raw,1639,-0.9099,-27.7781,0.5079
12.926,raw,1653,4.6970,-0.7435,1.5865
12.926,raw,1668,4.5311,-0.4937,1.5968
12.926,raw,1682,4.4042,-0.2840,1.6046
12.926,raw,1696,4.2873,-0.0895,1.6114
12.926,raw,1711,4.1688,0.1047,1.6180
12.926,raw,1725,4.3734,0.2496,1.6094
12.926,raw,1739,4.6135,0.4084,1.5989
12.926,raw,1754,4.9150,0.5996,1.5854
12.926,raw,1768,25.0096,10.7195,0.5802
12.926,raw,1783,-17.4515,21.3190,0.5607
12.926,raw,1797,-17.0453,19.2644,0.6430
12.926,raw,1811,-16.5901,17.3638,0.7197
12.926,raw,1826,-16.1496,15.5724,0.7906
12.926,raw,1840,-15.7475,14.0644,0.8497
12.926,raw,1855,-15.3516,12.6202,0.9050
12.926,raw,1869,-15.0637,11.4446,0.9475
12.926,raw,1883,-10.8312,7.7838,1.2005
12.926,raw,1898,-14.5481,9.3263,1.0198
12.926,raw,1912,-14.1791,8.3437,1.0564
12.926,raw,1926,-13.9673,7.5087,1.0823
12.926,raw,1941,-14.3777,0.1312,1.4781
12.926,raw,1955,-14.1568,-0.4412,1.4824
12.926,raw,1970,-13.9746,-1.0447,1.4851
12.926,raw,1984,-8.0477,-0.7003,1.6158
12.926,raw,1998,-7.9876,-1.0307,1.6158
12.926,raw,2013,-13.5117,-2.7424,1.4886
12.926,raw,2027,-13.3687,-3.2919,1.4886
12.926,raw,2041,-13.2314,-3.8445,1.4879
12.926,raw,2056,-12.7666,-4.3204,1.4940
12.926,raw,2070,-12.6428,-4.8738,1.4920
12.926,raw,2085,-12.5014,-5.4728,1.4894
12.926,raw,2099,-12.3766,-6.0471,1.4862
12.926,raw,2113,-11.9549,-6.4638,1.4899
12.926,raw,2128,-11.8309,-7.1034,1.4849
12.926,raw,2142,-11.6851,-7.7021,1.4802
12.926,raw,2157,-11.3319,-8.2182,1.4798
12.926,raw,2171,-11.2326,-8.8942,1.4722
12.926,raw,2185,-10.9409,-9.4355,1.4693
12.926,raw,2200,-10.8389,-10.2403,1.4588
12.926,raw,2214,-10.5081,-10.7966,1.4551
12.926,raw,2228,-10.3585,-11.5836,1.4444
12.926,raw,2243,-9.9648,-12.2044,1.4394
12.926,raw,2257,-9.8137,-13.1116,1.4255
12.926,raw,2272,-9.4174,-13.8356,1.4174
12.926,raw,2286,-9.0098,-14.5066,1.4098
12.926,raw,2300,-10.0156,-17.7782,1.3362
12.926,raw,2315,-9.6298,-19.0303,1.3158
12.926,raw,2329,-9.2470,-20.3272,1.2936
12.926,raw,2343,-8.8043,-21.6960,1.2696
12.926,raw,2358,-8.4123,-23.6892,1.2315
12.926,raw,2372,-7.8891,-25.5009,1.1972
12.926,raw,2387,-7.2480,-27.6888,1.1547
12.926,raw,2401,-6.2259,-28.5154,1.1423
12.926,raw,2415,-5.1268,-29.1803,1.1326
12.926,raw,2430,-3.9115,-29.9210,1.1206
12.926,raw,2444,-2.7345,-30.6324,1.1080
12.926,raw,2458,-1.5111,-31.3783,1.0936
12.926,raw,2473,-0.1408,-32.2926,1.0744
12.926,raw,2487,1.2101,-33.2150,1.0537
12.926,raw,2502,2.7172,-33.8388,1.0382
12.926,raw,2516,4.7347,-0.7830,1.6955
12.926,raw,2530,4.5846,-0.5473,1.7000
12.926,raw,2545,4.4310,-0.3150,1.7045
12.926,raw,2559,4.3080,-0.1173,1.7080
12.926,raw,2574,4.1851,0.0795,1.7113
12.926,raw,2588,4.3292,0.2292,1.7085
12.926,raw,2602,4.5892,0.3841,1.7030
12.926,raw,2617,4.8757,0.5726,1.6968
12.926,raw,2631,-22.5212,26.8119,1.0343
12.926,raw,2645,-22.0007,24.2191,1.0845
12.926,raw,2660,-21.1118,21.3977,1.1427
12.926,raw,2674,-20.0960,18.8699,1.1972
12.926,raw,2689,-19.4153,16.7811,1.2387
12.926,raw,2703,-18.5398,14.8304,1.2806
12.926,raw,2717,-18.1244,13.3853,1.3068
12.926,raw,2732,-10.9173,7.6591,1.5092
12.926,raw,2746,-17.3059,10.7576,1.3532
12.926,raw,2760,-17.2734,9.8192,1.3639
12.926,raw,2775,-16.9231,8.7103,1.3818
12.926,raw,2789,-16.6307,7.7570,1.3963
12.926,raw,2804,-16.3154,6.7961,1.4106
12.926,raw,2818,-16.3433,6.0577,1.4155
12.926,raw,2832,-16.0401,5.2416,1.4272
12.926,raw,2847,-15.7996,4.4348,1.4369
12.926,raw,2861,-15.5439,3.7092,1.4458
12.926,raw,2876,-15.3184,2.9746,1.4535
12.926,raw,2890,-15.0853,2.3126,1.4605
12.926,raw,2904,-14.8698,1.6766,1.4666
12.926,raw,2919,-14.6578,1.0190,1.4720
12.926,raw,2933,-32.1894,0.3189,1.8439
12.926,raw,2947,-31.7253,-0.9632,1.8433
12.926,raw,2962,-31.2043,-2.2988,1.8427
12.926,raw,2976,-30.7460,-3.5178,1.8423
12.926,raw,2991,-30.2290,-4.7928,1.8419
12.926,raw,3005,-29.7064,-5.9510,1.8415
12.926,raw,3019,-16.3239,-3.7285,1.8231
12.926,raw,3034,-28.6968,-8.3071,1.8410
12.926,raw,3048,-15.3659,-4.8985,1.8224
12.926,raw,3062,-27.6789,-10.5181,1.8407
12.926,raw,3077,-27.1582,-11.7022,1.8406
12.926,raw,3091,-26.6647,-12.8044,1.8407
12.926,raw,3106,-26.0207,-13.9267,1.8406
12.926,raw,3120,-25.5207,-15.0337,1.8408
12.926,raw,3134,-24.9817,-16.1290,1.8409
12.926,raw,3149,-24.3981,-17.3155,1.8412
12.926,raw,3163,-23.8330,-18.4291,1.8415
12.926,raw,3177,-23.2599,-19.5622,1.8419
12.926,raw,3192,-22.6389,-20.8068,1.8424
12.926,raw,3206,-22.0559,-22.0090,1.8430
12.926,raw,3221,-21.4178,-23.3420,1.8437
12.926,raw,3235,-20.7897,-24.6151,1.8444
12.926,raw,3249,-20.1516,-25.9513,1.8453
12.926,raw,3264,-19.4463,-27.4569,1.8464
12.926,raw,3278,-18.7170,-28.8705,1.8474
12.926,raw,3293,4.6770,-0.7096,1.8063
12.926,raw,3307,4.5364,-0.4818,1.8061
12.926,raw,3321,4.4069,-0.2720,1.8058
12.926,raw,3336,4.2651,-0.0619,1.8056
12.926,raw,3350,4.1665,0.1166,1.8054
12.926,raw,3364,4.3834,0.2608,1.8057
12.926,raw,3379,4.6699,0.4318,1.8061
12.926,raw,3393,4.9383,0.6132,1.8064
12.926,raw,3408,-34.4613,7.2534,1.8478
12.926,raw,3422,-34.0062,5.7487,1.8469
12.926,raw,3436,-33.6073,4.3048,1.8461
12.926,raw,3451,-33.1453,2.8049,1.8453
12.926,raw,3465,-32.6412,1.4468,1.8445
12.926,raw,3479,-16.5742,0.2555,2.2157
12.926,raw,3494,-16.4047,-0.4584,2.2123
12.926,raw,3508,-16.1848,-1.1086,2.2082
12.926,raw,3523,-16.2473,-1.8354,2.2119
12.926,raw,3537,-15.4517,-2.7874,2.1967
12.926,raw,3551,-15.2874,-3.4102,2.1963
12.926,raw,3566,-15.0958,-4.0725,2.1962
12.926,raw,3580,-14.9246,-4.6941,2.1970
12.926,raw,3595,-15.8569,-6.0777,2.2308
12.926,raw,3609,-14.5610,-6.3517,2.2042
12.926,raw,3623,-14.2884,-6.9495,2.2047
12.926,raw,3638,-14.1373,-7.6749,2.2100
12.926,raw,3652,-19.9993,-24.0958,2.5903
12.926,raw,3666,4.6961,-0.7573,1.9163
12.926,raw,3681,4.5505,-0.5118,1.9112
12.926,raw,3695,4.4014,-0.2960,1.9064
12.926,raw,3710,4.2761,-0.0877,1.9024
12.926,raw,3724,4.1780,0.0920,1.8993
12.926,raw,3738,4.3580,0.2388,1.9034
12.926,raw,3753,4.6108,0.4085,1.9094
12.926,raw,3767,4.9146,0.5860,1.9168
12.926,raw,3781,-19.4675,-0.0281,2.7490
12.926,raw,3796,-17.4973,-5.8218,2.7078
12.926,raw,3810,-13.8750,-8.0719,2.5970
12.926,raw,3825,4.7541,-0.8319,2.0301
12.926,raw,3839,4.6054,-0.5933,2.0200
12.926,raw,3853,4.4669,-0.3740,2.0110
12.926,raw,3868,4.3351,-0.1587,2.0027
12.926,raw,3882,4.1986,0.0310,1.9947
12.926,raw,3896,4.3019,0.1840,1.9988
12.926,raw,3911,4.5411,0.3488,2.0097
12.926,raw,3925,4.8196,0.5196,2.0228
12.926,raw,3940,5.1355,0.7278,2.0381
12.926,raw,3954,-26.0692,-13.8551,3.9505
12.926,raw,3968,-16.6611,0.8347,3.0097
12.926,raw,3983,-19.3438,-0.5308,3.6659
12.926,raw,3997,-19.1230,-1.3005,3.6506
12.926,raw,4012,-18.8606,-2.1085,3.6349
12.926,raw,4026,-18.3655,-3.0264,3.6029
12.926,raw,4040,-18.0905,-3.9659,3.5966
12.926,raw,4055,-17.7288,-5.1576,3.5945
12.926,raw,4069,-17.3275,-6.8066,3.6133
12.926,raw,4083,-16.9981,-7.8625,3.6265
12.926,raw,4098,-16.7464,-8.6661,3.6404
12.926,raw,4112,-11.2370,-8.5158,3.1933
12.926,raw,4127,-16.4479,0.2101,3.7817
12.926,raw,4141,-16.2596,-0.4493,3.7627
12.926,raw,4155,-16.0487,-1.0945,3.7440
12.926,raw,4170,-15.8456,-1.7762,3.7302
12.926,raw,4184,-15.4578,-2.3671,3.6963
12.926,raw,4198,-15.2794,-2.9838,3.6906
12.926,raw,4213,-15.0774,-3.6383,3.6864
12.926,raw,4227,-14.8957,-4.2497,3.6865
12.926,raw,4242,-14.7120,-4.9102,3.6914
12.926,raw,4256,-14.5454,-5.6329,3.7046
12.926,raw,4270,-14.3550,-6.2548,3.7140
12.926,raw,4285,-14.1723,-6.9417,3.7309
12.926,raw,4299,-13.9683,-7.5775,3.7461
14.133,raw,0,4.7563,-0.8545,0.8918
14.133,raw,14,4.6031,-0.6111,0.9325
14.133,raw,29,4.4647,-0.3756,0.9686
14.133,raw,43,4.3276,-0.1692,1.0017
14.133,raw,58,4.1985,0.0339,1.0319
14.133,raw,73,4.2279,0.2078,1.0303
14.133,raw,87,4.4685,0.3586,0.9874
14.133,raw,102,4.7559,0.5404,0.9346
14.133,raw,117,5.0578,0.7472,0.8775
14.133,raw,131,4.6280,-0.6595,1.0377
14.133,raw,146,4.4844,-0.4195,1.0705
14.133,raw,161,4.3460,-0.1976,1.1003
14.133,raw,175,4.2163,-0.0044,1.1267
14.133,raw,190,4.1798,0.1775,1.1364
14.133,raw,204,4.4161,0.3248,1.0999
14.133,raw,219,4.6948,0.5022,1.0555
14.133,raw,234,5.0036,0.7038,1.0049
14.133,raw,248,-5.6947,-5.9010,0.5738
14.133,raw,263,-5.4653,-6.2160,0.5613
14.133,raw,278,-5.2519,-6.5662,0.5413
14.133,raw,292,-5.0411,-6.8967,0.5211
14.133,raw,307,4.7133,-0.7977,1.1321
14.133,raw,322,4.5610,-0.5453,1.1624
14.133,raw,336,4.4213,-0.3271,1.1885
14.133,raw,351,4.2965,-0.1142,1.2115
14.133,raw,365,4.1712,0.0730,1.2328
14.133,raw,380,4.2820,0.2383,1.2200
14.133,raw,395,4.5399,0.4049,1.1855
14.133,raw,409,4.8072,0.5797,1.1487
14.133,raw,424,-6.3019,-6.2524,0.7044
14.133,raw,439,-6.0950,-6.6344,0.6875
14.133,raw,453,-5.9163,-7.0281,0.6655
14.133,raw,468,-5.6707,-7.4056,0.6478
14.133,raw,483,-5.4106,-7.7862,0.6287
14.133,raw,497,-5.1756,-8.1803,0.6047
14.133,raw,512,-4.9127,-8.6223,0.5755
14.133,raw,526,-4.1647,-8.0705,0.6726
14.133,raw,541,-4.3214,-9.4502,0.5197
14.133,raw,556,4.7360,-0.8192,1.2424
14.133,raw,570,4.5685,-0.5744,1.2690
14.133,raw,585,4.4225,-0.3402,1.2920
14.133,raw,600,4.2860,-0.1246,1.3125
14.133,raw,614,4.1719,0.0612,1.3289
14.133,raw,629,4.2628,0.2281,1.3207
14.133,raw,644,4.5167,0.3935,1.2926
14.133,raw,658,4.7970,0.5665,1.2606
14.133,raw,673,5.1292,0.7778,1.2216
14.133,raw,687,-6.8179,-7.2866,0.8245
14.133,raw,702,-6.5700,-7.7021,0.8100
14.133,raw,717,-6.3344,-8.1584,0.7899
14.133,raw,731,-6.0656,-8.5436,0.7752
14.133,raw,746,-5.7998,-9.0208,0.7516
14.133,raw,761,-5.4905,-9.4674,0.7305
14.133,raw,775,-4.2260,-8.0067,0.9049
14.133,raw,790,-4.8555,-10.3933,0.6805
14.133,raw,805,-4.4633,-10.8135,0.6591
14.133,raw,819,-4.1099,-11.2969,0.6290
14.133,raw,834,-3.7463,-11.9642,0.5810
14.133,raw,848,-3.4272,-12.8224,0.5129
14.133,raw,863,4.6241,-0.6445,1.3705
14.133,raw,878,4.4592,-0.4004,1.3909
14.133,raw,892,4.3464,-0.1976,1.4050
14.133,raw,907,4.2130,0.0080,1.4204
14.133,raw,922,4.1982,0.1872,1.4238
14.133,raw,936,4.4417,0.3354,1.4025
14.133,raw,951,4.7287,0.5145,1.3767
14.133,raw,966,5.0321,0.7184,1.3486
14.133,raw,980,-7.9440,-7.2855,1.0193
14.133,raw,995,-7.7177,-7.7565,1.0071
14.133,raw,1009,-7.5114,-8.2239,0.9927
14.133,raw,1024,-7.2570,-8.7142,0.9779
14.133,raw,1039,-6.9591,-9.1775,0.9649
14.133,raw,1053,-6.6570,-9.6019,0.9528
14.133,raw,1068,-6.3409,-10.1009,0.9354
14.133,raw,1083,-6.0265,-10.6502,0.9134
14.133,raw,1097,-4.1495,-8.0402,1.1331
14.133,raw,1112,-5.3404,-11.7389,0.8671
14.133,raw,1127,-4.9643,-12.3731,0.8368
14.133,raw,1141,-4.5484,-12.8856,0.8137
14.133,raw,1156,-4.2223,-13.9391,0.7514
14.133,raw,1170,-3.8464,-14.9302,0.6925
14.133,raw,1185,-3.3830,-16.0784,0.6227
14.133,raw,1200,4.7267,-0.8307,1.4694
14.133,raw,1214,4.5863,-0.5928,1.4833
14.133,raw,1229,4.4440,-0.3579,1.4967
14.133,raw,1244,4.2760,-0.1351,1.5112
14.133,raw,1258,4.2013,0.0453,1.5182
14.133,raw,1273,4.2551,0.2170,1.5159
14.133,raw,1288,4.5043,0.3816,1.4996
14.133,raw,1302,4.7961,0.5531,1.4799
14.133,raw,1317,5.1228,0.7633,1.4572
14.133,raw,1331,-12.5967,13.1450,0.5658
14.133,raw,1346,-10.1935,-4.5454,1.2737
14.133,raw,1361,-10.0864,-5.0558,1.2672
14.133,raw,1375,-9.8980,-5.4923,1.2646
14.133,raw,1390,-9.7050,-5.9730,1.2603
14.133,raw,1405,-9.5265,-6.4757,1.2539
14.133,raw,1419,-9.4092,-6.9992,1.2436
14.133,raw,1434,-9.1642,-7.4842,1.2381
14.133,raw,1449,-8.9283,-7.9936,1.2305
14.133,raw,1463,-8.6946,-8.4752,1.2227
14.133,raw,1478,-8.4096,-8.9767,1.2148
14.133,raw,1492,-8.1484,-9.4731,1.2054
14.133,raw,1507,-7.8549,-10.0191,1.1942
14.133,raw,1522,-7.5535,-10.5931,1.1810
14.133,raw,1536,-7.2612,-11.1554,1.1669
14.133,raw,1551,-6.9417,-11.8043,1.1491
14.133,raw,1566,-4.2715,-7.9736,1.3604
14.133,raw,1580,-3.9651,-8.2360,1.3558
14.133,raw,1595,-5.7776,-13.7062,1.0946
14.133,raw,1610,-5.3699,-14.5376,1.0661
14.133,raw,1624,-5.0408,-15.6377,1.0236
14.133,raw,1639,-5.9828,-21.8789,0.7390
14.133,raw,1653,-5.5233,-24.0629,0.6476
14.133,raw,1668,-4.6552,-25.3673,0.5975
14.133,raw,1683,-3.6072,-26.0904,0.5727
14.133,raw,1697,-2.5849,-26.7676,0.5477
14.133,raw,1712,-1.4394,-27.5126,0.5179
14.133,raw,1727,4.6783,-0.7301,1.5854
14.133,raw,1741,4.5079,-0.4913,1.5957
14.133,raw,1756,4.3858,-0.2684,1.6034
14.133,raw,1771,4.2395,-0.0560,1.6118
14.133,raw,1785,4.1349,0.1244,1.6176
14.133,raw,1800,4.3475,0.2809,1.6087
14.133,raw,1814,4.6127,0.4400,1.5971
14.133,raw,1829,4.8965,0.6336,1.5843
14.133,raw,1844,24.9504,10.8072,0.5798
14.133,raw,1858,-15.7844,20.1302,0.6529
14.133,raw,1873,-15.4677,18.1421,0.7311
14.133,raw,1888,-15.2152,16.4298,0.7960
14.133,raw,1902,-14.9505,14.9547,0.8518
14.133,raw,1917,-14.6792,13.5278,0.9046
14.133,raw,1932,-14.3280,12.1631,0.9567
14.133,raw,1946,-14.0607,11.0424,0.9973
14.133,raw,1961,-10.9223,8.0267,1.1931
14.133,raw,1975,-11.1764,7.5534,1.1950
14.133,raw,1990,-13.2828,8.0669,1.1004
14.133,raw,2005,-13.1152,7.2425,1.1247
14.133,raw,2019,-13.1754,0.3508,1.5057
14.133,raw,2034,-13.0279,-0.2159,1.5085
14.133,raw,2049,-12.8595,-0.7707,1.5111
14.133,raw,2063,-8.2004,-0.6184,1.6136
14.133,raw,2078,-8.0150,-0.9536,1.6164
14.133,raw,2093,-12.4037,-2.3596,1.5152
14.133,raw,2107,-12.2610,-2.8588,1.5155
14.133,raw,2122,-12.1142,-3.3955,1.5151
14.133,raw,2136,-11.8171,-3.8392,1.5181
14.133,raw,2151,-11.6862,-4.3815,1.5164
14.133,raw,2166,-11.5785,-4.9434,1.5135
14.133,raw,2180,-11.4246,-5.4524,1.5115
14.133,raw,2195,-11.2032,-5.9753,1.5102
14.133,raw,2210,-11.0721,-6.5631,1.5059
14.133,raw,2224,-10.9165,-7.1082,1.5021
14.133,raw,2239,-10.6260,-7.6183,1.5007
14.133,raw,2254,-10.4108,-8.2000,1.4964
14.133,raw,2268,-10.1466,-8.7074,1.4934
14.133,raw,2283,-9.9716,-9.3756,1.4861
14.133,raw,2297,-9.6958,-9.9184,1.4818
14.133,raw,2312,-9.5652,-10.7206,1.4705
14.133,raw,2327,-9.2456,-11.3553,1.4642
14.133,raw,2341,-9.1238,-12.2319,1.4503
14.133,raw,2356,-8.7841,-12.9575,1.4414
14.133,raw,2371,-8.4236,-13.7187,1.4314
14.133,raw,2385,-8.2670,-14.8348,1.4118
14.133,raw,2400,-9.4047,-18.8740,1.3210
14.133,raw,2415,-9.0046,-20.2914,1.2964
14.133,raw,2429,-8.5926,-21.7582,1.2700
14.133,raw,2444,-8.2153,-23.8525,1.2294
14.133,raw,2458,-7.7075,-25.7909,1.1921
14.133,raw,2473,-7.0352,-27.9856,1.1493
14.133,raw,2488,-5.8893,-28.7210,1.1391
14.133,raw,2502,-4.7904,-29.4631,1.1274
14.133,raw,2517,-3.5594,-30.2270,1.1146
14.133,raw,2532,-2.2805,-31.0552,1.0991
14.133,raw,2546,-1.0333,-31.9093,1.0819
14.133,raw,2561,0.3757,-32.9005,1.0605
14.133,raw,2576,1.8692,-33.8548,1.0385
14.133,raw,2590,4.6849,-0.7605,1.6956
14.133,raw,2605,4.5300,-0.5103,1.7004
14.133,raw,2619,4.3957,-0.2960,1.7044
14.133,raw,2634,4.2796,-0.0869,1.7077
14.133,raw,2649,4.1388,0.1123,1.7115
14.133,raw,2663,4.3306,0.2581,1.7076
14.133,raw,2678,4.6009,0.4277,1.7019
14.133,raw,2693,4.9031,0.6200,1.6953
14.133,raw,2707,-21.2567,28.4259,1.0253
14.133,raw,2722,-20.7783,25.5061,1.0821
14.133,raw,2737,-19.8055,22.3715,1.1483
14.133,raw,2751,-19.2567,20.1346,1.1924
14.133,raw,2766,-18.4142,17.7427,1.2424
14.133,raw,2780,-17.8855,15.9584,1.2772
14.133,raw,2795,-17.1407,14.0840,1.3161
14.133,raw,2810,-16.7299,12.6314,1.3425
14.133,raw,2824,-10.8620,7.8043,1.5096
14.133,raw,2839,-15.6911,10.0087,1.3934
14.133,raw,2854,-15.4284,8.9667,1.4097
14.133,raw,2868,-15.1547,8.0430,1.4244
14.133,raw,2883,-14.8938,7.1304,1.4380
14.133,raw,2898,-14.6652,6.2858,1.4497
14.133,raw,2912,-14.7136,5.6282,1.4536
14.133,raw,2927,-14.4870,4.8581,1.4635
14.133,raw,2941,-14.2832,4.1759,1.4717
14.133,raw,2956,-14.0781,3.4805,1.4795
14.133,raw,2971,-13.8846,2.8164,1.4863
14.133,raw,2985,-13.7359,2.2235,1.4913
14.133,raw,3000,-13.5445,1.6051,1.4968
14.133,raw,3015,-13.3793,1.0078,1.5011
14.133,raw,3029,-20.3451,0.4473,1.8278
14.133,raw,3044,-20.3837,-0.4395,1.8279
14.133,raw,3059,-20.3956,-1.3311,1.8280
14.133,raw,3073,-20.4383,-2.1750,1.8282
14.133,raw,3088,-8.3526,-0.9170,1.8117
14.133,raw,3102,-17.7212,-3.3461,1.8248
14.133,raw,3117,-15.4173,-3.5480,1.8218
14.133,raw,3132,-16.0680,-4.4803,1.8230
14.133,raw,3146,-20.6254,-6.8408,1.8299
14.133,raw,3161,-20.6957,-7.8972,1.8305
14.133,raw,3176,-20.7746,-9.0016,1.8312
14.133,raw,3190,-20.8291,-10.0691,1.8319
14.133,raw,3205,-20.9017,-11.2755,1.8328
14.133,raw,3220,-13.8764,-8.1289,1.8224
14.133,raw,3234,-23.1211,-15.2194,1.8381
14.133,raw,3249,-22.7113,-16.4271,1.8386
14.133,raw,3263,-22.2937,-17.5651,1.8391
14.133,raw,3278,-21.8721,-18.8540,1.8398
14.133,raw,3293,-21.4139,-20.1719,1.8406
14.133,raw,3307,-21.0017,-21.4837,1.8414
14.133,raw,3322,-20.5709,-22.9914,1.8426
14.133,raw,3337,-19.8926,-24.3080,1.8433
14.133,raw,3351,-19.5057,-25.9478,1.8448
14.133,raw,3366,-18.8398,-27.5062,1.8460
14.133,raw,3381,-18.1415,-29.1632,1.8473
14.133,raw,3395,4.6502,-0.7078,1.8063
14.133,raw,3410,4.4904,-0.4605,1.8060
14.133,raw,3424,4.3675,-0.2520,1.8058
14.133,raw,3439,4.2609,-0.0474,1.8056
14.133,raw,3454,4.1447,0.1464,1.8054
14.133,raw,3468,4.3574,0.2923,1.8057
14.133,raw,3483,4.6337,0.4650,1.8061
14.133,raw,3498,4.9534,0.6615,1.8065
14.133,raw,3512,-24.6792,24.1921,1.8464
14.133,raw,3527,-23.6550,21.3430,1.8428
14.133,raw,3542,-23.3407,19.3515,1.8407
14.133,raw,3556,-23.0407,17.6316,1.8390
14.133,raw,3571,-22.5209,15.7912,1.8370
14.133,raw,3585,-21.7396,14.0249,1.8348
14.133,raw,3600,-21.0692,12.3872,1.8329
14.133,raw,3615,-20.8030,11.0844,1.8317
14.133,raw,3629,-20.6140,9.9654,1.8309
14.133,raw,3644,-20.4082,8.8258,1.8300
14.133,raw,3659,-20.2056,7.7434,1.8292
14.133,raw,3673,-20.1176,6.8088,1.8287
14.133,raw,3688,-20.1314,5.8683,1.8284
14.133,raw,3703,-20.1712,4.9531,1.8282
14.133,raw,3717,-20.2120,4.1115,1.8280
14.133,raw,3732,-20.2578,3.2193,1.8279
14.133,raw,3746,-20.2652,2.3888,1.8278
14.133,raw,3761,-20.3094,1.5063,1.8278
14.133,raw,3776,-16.9568,0.1789,2.2242
14.133,raw,3790,-17.4811,-1.5690,2.2404
14.133,raw,3805,-15.8748,-2.9376,2.2069
14.133,raw,3820,-14.8801,-5.8807,2.2058
14.133,raw,3834,-25.6889,-13.8794,2.5342
14.133,raw,3849,-19.5583,-24.1831,2.5849
14.133,raw,3864,4.6205,-0.6574,1.9150
14.133,raw,3878,4.4784,-0.4312,1.9101
14.133,raw,3893,4.3436,-0.2096,1.9057
14.133,raw,3907,4.2298,-0.0184,1.9021
14.133,raw,3922,4.1784,0.1659,1.9002
14.133,raw,3937,4.4146,0.3249,1.9057
14.133,raw,3951,4.6739,0.4897,1.9120
14.133,raw,3966,4.9978,0.6898,1.9200
14.133,raw,3981,-31.8813,-3.8160,3.3599
14.133,raw,3995,-25.9801,-14.1415,3.2475
14.133,raw,4010,-19.7684,-24.5956,3.3497
14.133,raw,4025,4.5929,-0.6220,2.0220
14.133,raw,4039,4.4746,-0.4040,2.0139
14.133,raw,4054,4.3316,-0.1824,2.0049
14.133,raw,4068,4.2026,0.0096,1.9972
14.133,raw,4083,4.1942,0.1877,1.9958
14.133,raw,4098,4.4514,0.3472,2.0075
14.133,raw,4112,4.7195,0.5147,2.0201
14.133,raw,4127,5.0624,0.7191,2.0366
14.133,raw,4142,-26.0370,-13.9758,3.9507
14.133,raw,4156,4.5841,-0.5650,2.1285
14.133,raw,4171,4.4260,-0.3281,2.1135
14.133,raw,4186,4.2838,-0.1120,2.1005
14.133,raw,4200,4.1748,0.0726,2.0907
14.133,raw,4215,4.3065,0.2361,2.0988
14.133,raw,4229,4.5293,0.3928,2.1140
14.133,raw,4244,4.8255,0.5796,2.1349
14.133,raw,4259,-13.8437,-8.1085,3.3722
14.133,raw,4273,-16.5055,0.2382,3.7835
14.133,raw,4288,-16.2862,-0.4674,3.7611
14.133,raw,4303,-16.0800,-1.1594,3.7438
14.133,raw,4317,-16.1297,-2.1193,3.7653
14.133,raw,4332,-14.7263,-5.0665,3.6957
14.133,raw,4347,-14.3856,-6.2716,3.7147
14.133,raw,4361,-14.1708,-6.9423,3.7275
14.133,raw,4376,-13.9506,-7.6220,3.7439
15.240,raw,0,4.7381,-0.7772,0.8895
15.240,raw,15,4.5859,-0.5200,0.9306
15.240,raw,30,4.4216,-0.2791,0.9715
15.240,raw,45,4.2885,-0.0624,1.0042
15.240,raw,60,4.1462,0.1408,1.0365
15.240,raw,75,4.2220,0.3094,1.0259
15.240,raw,91,4.5003,0.4861,0.9760
15.240,raw,106,4.7844,0.6742,0.9234
15.240,raw,121,-5.2442,-5.0682,0.5092
15.240,raw,136,4.6199,-0.5988,1.0333
15.240,raw,151,4.4661,-0.3548,1.0679
15.240,raw,166,4.3114,-0.1288,1.1006
15.240,raw,182,4.1843,0.0880,1.1271
15.240,raw,197,4.1256,0.2718,1.1404
15.240,raw,212,4.3973,0.4292,1.0981
15.240,raw,227,4.6982,0.6087,1.0499
15.240,raw,242,5.0224,0.8145,0.9965
15.240,raw,257,-5.4916,-5.6912,0.6098
15.240,raw,273,-5.2790,-6.0504,0.5905
15.240,raw,288,-5.0452,-6.3609,0.5759
15.240,raw,303,-4.7969,-6.6671,0.5608
15.240,raw,318,-4.5712,-7.0298,0.5349
15.240,raw,333,-4.3078,-7.3584,0.5136
15.240,raw,348,4.6556,-0.6655,1.1379
15.240,raw,364,4.4892,-0.4002,1.1702
15.240,raw,379,4.3336,-0.1708,1.1986
15.240,raw,394,4.2098,0.0362,1.2208
15.240,raw,409,4.1017,0.2280,1.2394
15.240,raw,424,4.3269,0.3849,1.2100
15.240,raw,439,4.6097,0.5586,1.1717
15.240,raw,455,4.9459,0.7708,1.1247
15.240,raw,470,-6.0107,-6.1604,0.7312
15.240,raw,485,-5.7938,-6.5207,0.7159
15.240,raw,500,-5.5392,-6.8508,0.7040
15.240,raw,515,-5.3220,-7.2525,0.6808
15.240,raw,530,-5.0666,-7.6268,0.6606
15.240,raw,546,-4.7563,-7.9941,0.6423
15.240,raw,561,-4.2588,-7.9620,0.6729
15.240,raw,576,-4.1709,-8.7793,0.5916
15.240,raw,591,-3.8430,-9.1641,0.5655
15.240,raw,606,-3.4992,-9.5644,0.5361
15.240,raw,621,-3.1293,-9.9572,0.5062
15.240,raw,637,4.5698,-0.5431,1.2640
15.240,raw,652,4.4277,-0.3065,1.2867
15.240,raw,667,4.2962,-0.0886,1.3069
15.240,raw,682,4.1497,0.1167,1.3275
15.240,raw,697,4.1889,0.2889,1.3254
15.240,raw,712,4.4282,0.4522,1.2990
15.240,raw,728,4.7461,0.6477,1.2628
15.240,raw,743,5.0927,0.8592,1.2222
15.240,raw,758,-6.5562,-6.9436,0.8611
15.240,raw,773,-6.3206,-7.3484,0.8464
15.240,raw,788,-6.0782,-7.7685,0.8292
15.240,raw,804,-5.8088,-8.2337,0.8082
15.240,raw,819,-5.4949,-8.6070,0.7946
15.240,raw,834,-5.2243,-9.0873,0.7685
15.240,raw,849,-4.1583,-8.0103,0.9026
15.240,raw,864,-4.5381,-9.9099,0.7283
15.240,raw,879,-4.1840,-10.3753,0.7010
15.240,raw,895,-3.7784,-10.8798,0.6699
15.240,raw,910,-3.3912,-11.4331,0.6318
15.240,raw,925,-3.0275,-12.2366,0.5686
15.240,raw,940,-2.6025,-13.0392,0.5045
15.240,raw,955,4.5861,-0.5338,1.3719
15.240,raw,970,4.4195,-0.2916,1.3923
15.240,raw,986,4.2603,-0.0574,1.4111
15.240,raw,1001,4.1562,0.1394,1.4234
15.240,raw,1016,4.2144,0.3101,1.4199
15.240,raw,1031,4.4599,0.4755,1.3982
15.240,raw,1046,4.7687,0.6609,1.3701
15.240,raw,1061,-7.8292,-6.6958,1.0511
15.240,raw,1077,-7.5768,-7.1507,1.0417
15.240,raw,1092,-7.3565,-7.6136,1.0289
15.240,raw,1107,-7.1218,-8.0855,1.0148
15.240,raw,1122,-6.8379,-8.5231,1.0033
15.240,raw,1137,-6.5679,-9.0078,0.9871
15.240,raw,1152,-6.2406,-9.4411,0.9746
15.240,raw,1168,-5.8854,-9.9299,0.9582
15.240,raw,1183,-4.2739,-7.9304,1.1324
15.240,raw,1198,-5.1910,-10.9374,0.9180
15.240,raw,1213,-4.7808,-11.3911,0.9005
15.240,raw,1228,-4.3870,-11.9590,0.8735
15.240,raw,1243,-4.0333,-12.7740,0.8278
15.240,raw,1259,-3.6141,-13.7374,0.7718
15.240,raw,1274,-3.1741,-14.7513,0.7107
15.240,raw,1289,-2.7089,-16.0805,0.6266
15.240,raw,1304,-2.1308,-17.3638,0.5447
15.240,raw,1319,4.5999,-0.6070,1.4786
15.240,raw,1334,4.4706,-0.3691,1.4915
15.240,raw,1350,4.3144,-0.1294,1.5055
15.240,raw,1365,4.1753,0.0775,1.5174
15.240,raw,1380,4.1357,0.2591,1.5217
15.240,raw,1395,4.4025,0.4166,1.5043
15.240,raw,1410,4.6712,0.5961,1.4862
15.240,raw,1425,4.9856,0.7995,1.4645
15.240,raw,1441,-10.0805,-4.3421,1.2822
15.240,raw,1456,-9.9313,-4.8195,1.2782
15.240,raw,1471,-9.7340,-5.2776,1.2756
15.240,raw,1486,-9.5320,-5.7398,1.2721
15.240,raw,1501,-9.4038,-6.2651,1.2632
15.240,raw,1517,-9.1649,-6.7685,1.2579
15.240,raw,1532,-8.9053,-7.2236,1.2536
15.240,raw,1547,-8.6898,-7.7332,1.2452
15.240,raw,1562,-8.4070,-8.1972,1.2394
15.240,raw,1577,-8.1606,-8.7206,1.2295
15.240,raw,1592,-7.8663,-9.2161,1.2209
15.240,raw,1608,-7.5271,-9.7427,1.2113
15.240,raw,1623,-7.2164,-10.2806,1.1994
15.240,raw,1638,-6.8387,-10.7540,1.1905
15.240,raw,1653,-6.4984,-11.3325,1.1754
15.240,raw,1668,-4.1572,-7.9453,1.3615
15.240,raw,1683,-5.7214,-12.4953,1.1437
15.240,raw,1699,-5.3038,-13.2491,1.1194
15.240,raw,1714,-4.8873,-14.0250,1.0927
15.240,raw,1729,-4.4983,-15.0786,1.0523
15.240,raw,1744,-4.1637,-16.6760,0.9861
15.240,raw,1759,-4.5950,-22.7101,0.7137
15.240,raw,1774,-3.8193,-24.3993,0.6443
15.240,raw,1790,-2.7194,-25.0732,0.6205
15.240,raw,1805,-1.6439,-25.7293,0.5951
15.240,raw,1820,-0.5124,-26.1441,0.5785
15.240,raw,1835,0.6559,-26.7337,0.5518
15.240,raw,1850,1.8782,-27.3422,0.5219
15.240,raw,1865,4.6600,-0.6810,1.5845
15.240,raw,1881,4.4952,-0.4150,1.5949
15.240,raw,1896,4.3478,-0.1864,1.6038
15.240,raw,1911,4.2237,0.0219,1.6111
15.240,raw,1926,4.0853,0.2184,1.6185
15.240,raw,1941,4.3130,0.3738,1.6089
15.240,raw,1956,4.5661,0.5470,1.5978
15.240,raw,1972,4.9286,0.7567,1.5814
15.240,raw,1987,23.1447,10.0337,0.6692
15.240,raw,2002,-17.5041,21.5932,0.5552
15.240,raw,2017,-17.0231,19.3290,0.6470
15.240,raw,2032,-16.5086,17.2738,0.7307
15.240,raw,2047,-16.0086,15.4441,0.8047
15.240,raw,2063,-15.4754,13.6908,0.8755
15.240,raw,2078,-15.0276,12.2478,0.9324
15.240,raw,2093,-14.6439,10.9789,0.9806
15.240,raw,2108,-10.9955,7.7439,1.2004
15.240,raw,2123,-14.0397,8.8418,1.0560
15.240,raw,2138,-13.6344,7.8370,1.0942
15.240,raw,2154,-13.5436,0.5583,1.4983
15.240,raw,2169,-13.3179,-0.0199,1.5029
15.240,raw,2184,-13.1117,-0.5831,1.5065
15.240,raw,2199,-12.8895,-1.1308,1.5100
15.240,raw,2214,-8.0609,-0.8195,1.6163
15.240,raw,2229,-12.4882,-2.2000,1.5144
15.240,raw,2245,-12.2809,-2.7599,1.5159
15.240,raw,2260,-12.0654,-3.2734,1.5171
15.240,raw,2275,-11.7889,-3.7599,1.5194
15.240,raw,2290,-11.5927,-4.2720,1.5192
15.240,raw,2305,-11.4471,-4.8100,1.5173
15.240,raw,2321,-11.2748,-5.3855,1.5150
15.240,raw,2336,-11.0177,-5.8802,1.5146
15.240,raw,2351,-10.8449,-6.4325,1.5114
15.240,raw,2366,-10.6681,-6.9985,1.5076
15.240,raw,2381,-10.3602,-7.4825,1.5067
15.240,raw,2396,-10.1316,-8.0402,1.5028
15.240,raw,2412,-9.8194,-8.5957,1.4998
15.240,raw,2427,-9.5305,-9.1381,1.4960
15.240,raw,2442,-9.1841,-9.6405,1.4932
15.240,raw,2457,-8.9041,-10.2423,1.4872
15.240,raw,2472,-8.5483,-10.7848,1.4827
15.240,raw,2487,-8.2628,-11.4622,1.4742
15.240,raw,2503,-7.8409,-12.0676,1.4682
15.240,raw,2518,-7.5312,-12.8361,1.4571
15.240,raw,2533,-4.2617,-7.9064,1.5871
15.240,raw,2548,-6.6658,-14.1611,1.4397
15.240,raw,2563,-6.2089,-14.9058,1.4286
15.240,raw,2578,-7.8535,-21.6714,1.2762
15.240,raw,2594,-7.2620,-23.4682,1.2426
15.240,raw,2609,-6.6418,-25.4136,1.2050
15.240,raw,2624,-5.7510,-26.8051,1.1796
15.240,raw,2639,-4.6341,-27.4672,1.1699
15.240,raw,2654,-3.4696,-28.0725,1.1604
15.240,raw,2669,-2.2765,-28.8099,1.1470
15.240,raw,2685,-0.9478,-29.7338,1.1283
15.240,raw,2700,0.3703,-30.5246,1.1112
15.240,raw,2715,1.7429,-31.0291,1.0992
15.240,raw,2730,3.1802,-31.6924,1.0823
15.240,raw,2745,4.7140,-32.5534,1.0595
15.240,raw,2760,4.7093,-0.7535,1.6940
15.240,raw,2776,4.5405,-0.4806,1.6992
15.240,raw,2791,4.3817,-0.2445,1.7039
15.240,raw,2806,4.2461,-0.0304,1.7077
15.240,raw,2821,4.1256,0.1670,1.7110
15.240,raw,2836,4.2379,0.3318,1.7089
15.240,raw,2851,4.5075,0.4984,1.7032
15.240,raw,2867,4.8482,0.7012,1.6958
15.240,raw,2882,25.7623,11.4419,1.1865
15.240,raw,2897,-22.5040,25.1464,1.0646
15.240,raw,2912,-21.5618,22.1893,1.1260
15.240,raw,2927,-20.3447,19.3029,1.1894
15.240,raw,2942,-19.5139,17.0575,1.2357
15.240,raw,2958,-18.4468,14.7726,1.2856
15.240,raw,2973,-17.8742,13.1537,1.3168
15.240,raw,2988,-11.0206,7.7150,1.5092
15.240,raw,3003,-17.0640,10.5176,1.3630
15.240,raw,3018,-16.6163,9.3260,1.3842
15.240,raw,3034,-16.1886,8.1764,1.4038
15.240,raw,3049,-15.8336,7.1959,1.4196
15.240,raw,3064,-15.7868,6.3899,1.4270
15.240,raw,3079,-15.4780,5.5310,1.4394
15.240,raw,3094,-15.1499,4.7161,1.4514
15.240,raw,3109,-14.8735,3.9588,1.4612
15.240,raw,3125,-14.5445,3.1866,1.4716
15.240,raw,3140,-14.2900,2.5079,1.4793
15.240,raw,3155,-14.0514,1.8597,1.4861
15.240,raw,3170,-13.8150,1.2367,1.4921
15.240,raw,3185,-31.2260,0.6652,1.8425
15.240,raw,3200,-30.4585,-0.6539,1.8415
15.240,raw,3216,-29.7439,-2.0027,1.8406
15.240,raw,3231,-29.0490,-3.2140,1.8399
15.240,raw,3246,-8.2952,-0.8126,1.8116
15.240,raw,3261,-27.7559,-5.5231,1.8387
15.240,raw,3276,-15.9179,-3.6209,1.8225
15.240,raw,3291,-16.1242,-4.4366,1.8231
15.240,raw,3307,-17.5663,-5.7994,1.8255
15.240,raw,3322,-16.4511,-6.2150,1.8243
15.240,raw,3337,-21.6929,-9.5212,1.8326
15.240,raw,3352,-20.7023,-10.1756,1.8318
15.240,raw,3367,-19.7375,-10.7876,1.8311
15.240,raw,3382,-18.8413,-11.3891,1.8305
15.240,raw,3398,-17.9085,-11.9968,1.8299
15.240,raw,3413,-17.0695,-12.5502,1.8294
15.240,raw,3428,-16.2494,-13.0826,1.8290
15.240,raw,3443,-20.6510,-18.3707,1.8382
15.240,raw,3458,-20.0687,-19.5068,1.8387
15.240,raw,3473,-19.5000,-20.7076,1.8393
15.240,raw,3489,-18.8181,-21.9728,1.8400
15.240,raw,3504,-18.1535,-23.1989,1.8407
15.240,raw,3519,-17.4635,-24.4745,1.8416
15.240,raw,3534,-16.7441,-25.8080,1.8426
15.240,raw,3549,-15.9815,-27.1941,1.8436
15.240,raw,3564,-15.1928,-28.6829,1.8449
15.240,raw,3580,-14.2853,-30.3441,1.8464
15.240,raw,3595,4.6988,-0.7358,1.8065
15.240,raw,3610,4.5314,-0.4782,1.8062
15.240,raw,3625,4.3897,-0.2462,1.8059
15.240,raw,3640,4.2370,-0.0288,1.8057
15.240,raw,3655,4.1129,0.1686,1.8054
15.240,raw,3671,4.2422,0.3433,1.8056
15.240,raw,3686,4.5310,0.5101,1.8060
15.240,raw,3701,4.8271,0.7011,1.8064
15.240,raw,3716,-34.6096,7.5378,1.8480
15.240,raw,3731,-33.8620,5.8798,1.8466
15.240,raw,3746,-33.1642,4.3130,1.8454
15.240,raw,3762,-32.3589,2.7200,1.8441
15.240,raw,3777,-31.5731,1.3015,1.8430
15.240,raw,3792,-31.7113,-3.1048,2.5945
15.240,raw,3807,-17.5635,-3.2005,2.2488
15.240,raw,3822,-16.0593,-6.2162,2.2360
15.240,raw,3838,-15.2908,-8.0429,2.2390
15.240,raw,3853,-19.5212,-24.0888,2.5835
15.240,raw,3868,4.5931,-0.5634,1.9149
15.240,raw,3883,4.4410,-0.3226,1.9098
15.240,raw,3898,4.2762,-0.0972,1.9047
15.240,raw,3913,4.1616,0.1032,1.9010
15.240,raw,3929,4.1941,0.2884,1.9013
15.240,raw,3944,4.4337,0.4519,1.9069
15.240,raw,3959,4.7354,0.6346,1.9142
15.240,raw,3974,5.0766,0.8444,1.9227
15.240,raw,3989,-32.0090,-4.0805,3.3668
15.240,raw,4004,-16.6666,-8.8856,2.7322
15.240,raw,4020,4.7203,-0.7715,2.0325
15.240,raw,4035,4.5503,-0.5104,2.0210
15.240,raw,4050,4.4072,-0.2759,2.0116
15.240,raw,4065,4.2638,-0.0580,2.0028
15.240,raw,4080,4.1372,0.1420,1.9952
15.240,raw,4095,4.2208,0.3095,1.9983
15.240,raw,4111,4.4769,0.4872,2.0101
15.240,raw,4126,4.7833,0.6742,2.0246
15.240,raw,4141,-19.5338,-0.0060,3.2112
15.240,raw,4156,-16.6756,-8.8908,3.1872
15.240,raw,4171,4.6249,-0.6564,2.1368
15.240,raw,4186,4.4817,-0.4117,2.1222
15.240,raw,4202,4.3365,-0.1714,2.1082
15.240,raw,4217,4.2013,0.0376,2.0960
15.240,raw,4232,4.0681,0.2319,2.0847
15.240,raw,4247,4.3377,0.3841,2.1029
15.240,raw,4262,4.6003,0.5588,2.1211
15.240,raw,4277,4.9221,0.7566,2.1441
15.240,raw,4293,-17.5550,-6.0851,3.6046
15.240,raw,4308,4.6132,-0.5969,2.2448
15.240,raw,4323,4.4422,-0.3491,2.2231
15.240,raw,4338,4.2804,-0.1228,2.2034
15.240,raw,4353,4.1858,0.0759,2.1913
15.240,raw,4368,4.1412,0.2586,2.1849
15.240,raw,4384,4.4141,0.4282,2.2095
15.240,raw,4399,4.6967,0.6087,2.2358
15.240,raw,4414,-16.7364,0.8673,3.4074
15.240,raw,4429,-16.4964,0.1007,3.7794
15.240,raw,4444,-16.2640,-0.6001,3.7565
15.240,raw,4459,-16.0642,-1.2896,3.7410
15.240,raw,4475,-16.4312,-2.1121,3.7983
15.240,raw,4490,-15.4226,-2.6367,3.6921
15.240,raw,4505,-14.9821,-4.2203,3.6903
15.240,raw,4520,-14.3246,-6.5879,3.7252
15.240,raw,4535,-13.9852,-7.5738,3.7458
16.556,raw,0,4.7544,-0.7600,0.8920
16.556,raw,15,4.5970,-0.5036,0.9338
16.556,raw,31,4.4229,-0.2498,0.9767
16.556,raw,47,4.2951,-0.0246,1.0083
16.556,raw,63,4.1377,0.1891,1.0433
16.556,raw,79,4.2890,0.3634,1.0181
16.556,raw,95,4.5706,0.5467,0.9669
16.556,raw,110,4.8755,0.7424,0.9098
16.556,raw,126,4.6780,-0.6653,1.0250
16.556,raw,142,4.5178,-0.4024,1.0616
16.556,raw,158,4.3635,-0.1612,1.0948
16.556,raw,174,4.2182,0.0603,1.1245
16.556,raw,190,4.1364,0.2590,1.1419
16.556,raw,205,4.3791,0.4179,1.1043
16.556,raw,221,4.6642,0.6092,1.0587
16.556,raw,237,5.0234,0.8289,0.9994
16.556,raw,253,-5.4392,-5.7545,0.6079
16.556,raw,269,-5.2139,-6.1003,0.5908
16.556,raw,285,-4.9569,-6.4227,0.5765
16.556,raw,300,-4.7197,-6.7476,0.5578
16.556,raw,316,-4.4242,-7.0487,0.5439
16.556,raw,332,-4.1345,-7.3820,0.5230
16.556,raw,348,-3.8235,-7.7044,0.5023
16.556,raw,364,4.5768,-0.4982,1.1582
16.556,raw,380,4.4166,-0.2484,1.1881
16.556,raw,395,4.2788,-0.0340,1.2127
16.556,raw,411,4.1777,0.1726,1.2309
16.556,raw,427,4.2826,0.3519,1.2188
16.556,raw,443,4.5472,0.5347,1.1831
16.556,raw,459,4.8791,0.7424,1.1368
16.556,raw,475,-6.0064,-6.1652,0.7311
16.556,raw,490,-5.7560,-6.4844,0.7220
16.556,raw,506,-5.5064,-6.8621,0.7054
16.556,raw,522,-5.2167,-7.2057,0.6925
16.556,raw,538,-4.9473,-7.6033,0.6707
16.556,raw,554,-4.6123,-7.9200,0.6586
16.556,raw,570,-4.1599,-8.0236,0.6724
16.556,raw,585,-3.9804,-8.6508,0.6152
16.556,raw,601,-3.6573,-9.1127,0.5800
16.556,raw,617,-3.2684,-9.4696,0.5564
16.556,raw,633,-2.8698,-9.8639,0.5264
16.556,raw,649,4.6765,-0.6507,1.2513
16.556,raw,665,4.5127,-0.3879,1.2776
16.556,raw,680,4.3696,-0.1624,1.2995
16.556,raw,696,4.2314,0.0583,1.3197
16.556,raw,712,4.1101,0.2616,1.3366
16.556,raw,728,4.4029,0.4287,1.3042
16.556,raw,744,4.6727,0.6221,1.2736
16.556,raw,760,5.0166,0.8427,1.2333
16.556,raw,775,-6.5398,-6.9317,0.8629
16.556,raw,791,-6.2840,-7.3566,0.8480
16.556,raw,807,-5.9910,-7.7571,0.8350
16.556,raw,823,-5.6982,-8.1834,0.8180
16.556,raw,839,-5.3513,-8.5537,0.8061
16.556,raw,855,-5.0431,-9.0238,0.7822
16.556,raw,870,-4.0523,-8.0572,0.9036
16.556,raw,886,-4.2999,-9.7755,0.7492
16.556,raw,902,-3.8973,-10.1894,0.7274
16.556,raw,918,-3.4827,-10.6405,0.7005
16.556,raw,934,-3.0718,-11.2121,0.6605
16.556,raw,950,-2.6647,-11.9891,0.5996
16.556,raw,965,-2.2218,-12.6925,0.5438
16.556,raw,981,4.6551,-0.6164,1.3658
16.556,raw,997,4.4962,-0.3575,1.3861
16.556,raw,1013,4.3213,-0.1156,1.4066
16.556,raw,1029,4.1992,0.0988,1.4210
16.556,raw,1045,4.1620,0.2913,1.4265
16.556,raw,1060,4.4118,0.4528,1.4045
16.556,raw,1076,4.7214,0.6479,1.3763
16.556,raw,1092,5.0854,0.8736,1.3422
16.556,raw,1108,-7.5987,-7.2218,1.0371
16.556,raw,1124,-7.3267,-7.6799,1.0268
16.556,raw,1140,-7.0472,-8.1522,1.0146
16.556,raw,1155,-6.7170,-8.5299,1.0080
16.556,raw,1171,-6.4114,-9.0195,0.9927
16.556,raw,1187,-6.0315,-9.4292,0.9831
16.556,raw,1203,-5.6487,-9.8623,0.9706
16.556,raw,1219,-4.1224,-8.0105,1.1326
16.556,raw,1235,-4.8619,-10.8198,0.9352
16.556,raw,1250,-4.4684,-11.3007,0.9148
16.556,raw,1266,-4.0014,-11.7642,0.8956
16.556,raw,1282,-3.6078,-12.5857,0.8494
16.556,raw,1298,-3.1636,-13.4663,0.7982
16.556,raw,1314,-2.6870,-14.5526,0.7316
16.556,raw,1330,-2.1214,-15.6540,0.6628
16.556,raw,1345,-1.5173,-16.8030,0.5889
16.556,raw,1361,4.6533,-0.6159,1.4765
16.556,raw,1377,4.4801,-0.3537,1.4926
16.556,raw,1393,4.3368,-0.1185,1.5057
16.556,raw,1409,4.1888,0.1003,1.5182
16.556,raw,1425,4.1680,0.2907,1.5212
16.556,raw,1440,4.4099,0.4529,1.5053
16.556,raw,1456,4.7306,0.6478,1.4835
16.556,raw,1472,5.0762,0.8732,1.4594
16.556,raw,1488,-10.2674,-4.8482,1.2637
16.556,raw,1504,-10.0016,-5.3204,1.2637
16.556,raw,1520,-9.8166,-5.8466,1.2582
16.556,raw,1535,-9.5867,-6.3130,1.2549
16.556,raw,1551,-9.2916,-6.7816,1.2528
16.556,raw,1567,-9.0528,-7.3061,1.2459
16.556,raw,1583,-8.7271,-7.7686,1.2428
16.556,raw,1599,-8.4064,-8.2474,1.2377
16.556,raw,1615,-8.0999,-8.7596,1.2300
16.556,raw,1630,-7.7757,-9.2183,1.2234
16.556,raw,1646,-7.4079,-9.7026,1.2161
16.556,raw,1662,-7.0385,-10.2135,1.2065
16.556,raw,1678,-6.6110,-10.6672,1.1994
16.556,raw,1694,-6.2106,-11.2046,1.1871
16.556,raw,1710,-4.0165,-8.0467,1.3604
16.556,raw,1725,-5.3697,-12.2888,1.1591
16.556,raw,1741,-4.9190,-12.9336,1.1394
16.556,raw,1757,-4.4577,-13.6799,1.1142
16.556,raw,1773,-4.0209,-14.7169,1.0745
16.556,raw,1789,-3.5685,-16.0598,1.0201
16.556,raw,1805,-3.0942,-17.9272,0.9409
16.556,raw,1820,-2.7255,-21.3998,0.7871
16.556,raw,1836,-1.9191,-24.0340,0.6718
16.556,raw,1852,-0.7961,-24.4975,0.6538
16.556,raw,1868,4.6545,-0.6162,1.5866
16.556,raw,1884,4.4878,-0.3555,1.5969
16.556,raw,1900,4.3146,-0.1143,1.6069
16.556,raw,1915,4.1996,0.0869,1.6136
16.556,raw,1931,4.1416,0.2816,1.6173
16.556,raw,1947,4.4056,0.4531,1.6058
16.556,raw,1963,4.7300,0.6478,1.5913
16.556,raw,1979,5.0487,0.8721,1.5766
16.556,raw,1995,24.8356,11.3859,0.5749
16.556,raw,2010,-19.6075,18.6057,0.5856
16.556,raw,2026,-18.5766,16.1604,0.6939
16.556,raw,2042,-17.7380,14.1307,0.7812
16.556,raw,2058,-17.0539,12.4171,0.8520
16.556,raw,2074,-11.0981,7.6126,1.1985
16.556,raw,2090,-15.9983,9.6414,0.9593
16.556,raw,2105,-15.4923,8.4977,1.0040
16.556,raw,2121,-15.5612,0.2847,1.4533
16.556,raw,2137,-15.0986,-0.4067,1.4628
16.556,raw,2153,-14.6784,-1.0650,1.4706
16.556,raw,2169,-8.0959,-0.6821,1.6157
16.556,raw,2185,-8.1213,-1.0799,1.6135
16.556,raw,2200,-13.5124,-2.8408,1.4888
16.556,raw,2216,-13.1321,-3.4023,1.4935
16.556,raw,2232,-12.7614,-3.9478,1.4975
16.556,raw,2248,-12.2781,-4.4306,1.5037
16.556,raw,2264,-11.9943,-4.9795,1.5045
16.556,raw,2280,-11.6921,-5.5161,1.5053
16.556,raw,2295,-11.3557,-5.9865,1.5068
16.556,raw,2311,-11.1284,-6.5664,1.5044
16.556,raw,2327,-10.8557,-7.1279,1.5025
16.556,raw,2343,-10.4789,-7.6202,1.5026
16.556,raw,2359,-10.1904,-8.1888,1.4996
16.556,raw,2375,-9.8060,-8.6862,1.4986
16.556,raw,2390,-9.5121,-9.2279,1.4949
16.556,raw,2406,-9.0998,-9.7208,1.4931
16.556,raw,2422,-8.7462,-10.2999,1.4884
16.556,raw,2438,-8.3208,-10.8167,1.4851
16.556,raw,2454,-7.9616,-11.4597,1.4781
16.556,raw,2470,-7.5212,-12.0277,1.4727
16.556,raw,2485,-7.1616,-12.7026,1.4638
16.556,raw,2501,-4.0665,-7.9593,1.5881
16.556,raw,2517,-6.1716,-13.9393,1.4488
16.556,raw,2533,-5.6506,-14.6289,1.4390
16.556,raw,2549,-5.3623,-16.1663,1.4091
16.556,raw,2565,-6.3513,-22.7875,1.2629
16.556,raw,2580,-5.6522,-24.4213,1.2317
16.556,raw,2596,-4.6683,-25.6202,1.2102
16.556,raw,2612,-3.5129,-26.2420,1.2007
16.556,raw,2628,-2.3182,-26.8999,1.1892
16.556,raw,2644,-1.0753,-27.6091,1.1754
16.556,raw,2660,0.2271,-28.0441,1.1664
16.556,raw,2675,1.4885,-28.5349,1.1549
16.556,raw,2691,2.9000,-29.2061,1.1379
16.556,raw,2707,4.3868,-29.8856,1.1193
16.556,raw,2723,5.9635,-30.6076,1.0980
16.556,raw,2739,7.8304,-32.1666,1.0558
16.556,raw,2755,4.6473,-0.6142,1.6967
16.556,raw,2770,4.4935,-0.3701,1.7013
16.556,raw,2786,4.3533,-0.1341,1.7055
16.556,raw,2802,4.1963,0.0873,1.7097
16.556,raw,2818,4.1404,0.2817,1.7114
16.556,raw,2834,4.4233,0.4522,1.7055
16.556,raw,2850,4.7242,0.6479,1.6989
16.556,raw,2865,5.0439,0.8578,1.6918
16.556,raw,2881,-29.6732,18.8504,1.0293
16.556,raw,2897,-31.0527,16.0654,1.0322
16.556,raw,2913,-24.3667,11.3938,1.2095
16.556,raw,2929,-21.7879,9.0864,1.2815
16.556,raw,2945,-23.4561,8.5021,1.2512
16.556,raw,2960,-21.3031,6.7747,1.3079
16.556,raw,2976,-19.4815,5.2921,1.3550
16.556,raw,2992,-18.4901,4.1630,1.3816
16.556,raw,3008,-17.6637,3.1668,1.4031
16.556,raw,3024,-16.8747,2.2625,1.4228
16.556,raw,3040,-16.3307,1.4499,1.4360
16.556,raw,3055,-15.8511,0.7369,1.4470
16.556,raw,3071,-31.6660,-3.2361,1.8434
16.556,raw,3087,-33.5831,-5.0560,1.8463
16.556,raw,3103,-15.7777,-2.7942,1.8221
16.556,raw,3119,-31.3615,-7.7164,1.8442
16.556,raw,3135,-30.2899,-8.9497,1.8432
16.556,raw,3150,-15.1177,-4.8896,1.8220
16.556,raw,3166,-28.3910,-11.2352,1.8419
16.556,raw,3182,-27.4496,-12.3626,1.8413
16.556,raw,3198,-26.5057,-13.4502,1.8409
16.556,raw,3214,-25.5803,-14.5141,1.8405
16.556,raw,3230,-24.4533,-15.4180,1.8398
16.556,raw,3245,-23.4307,-16.2435,1.8393
16.556,raw,3261,-22.4163,-17.1422,1.8389
16.556,raw,3277,-21.4416,-18.0461,1.8387
16.556,raw,3293,-20.4282,-18.8949,1.8385
16.556,raw,3309,-19.2922,-19.5960,1.8380
16.556,raw,3325,-12.4304,-13.7111,1.8259
16.556,raw,3340,-11.6169,-14.0126,1.8255
16.556,raw,3356,-11.3864,-15.1651,1.8265
16.556,raw,3372,-11.0417,-16.2774,1.8275
16.556,raw,3388,-10.6807,-17.4949,1.8286
16.556,raw,3404,-10.2767,-18.7999,1.8299
16.556,raw,3420,-9.8448,-20.2512,1.8314
16.556,raw,3435,-9.3915,-21.7376,1.8330
16.556,raw,3451,-8.8465,-23.4820,1.8349
16.556,raw,3467,-8.2341,-25.4513,1.8372
16.556,raw,3483,-7.5543,-27.7654,1.8399
16.556,raw,3499,-6.4446,-29.0152,1.8412
16.556,raw,3515,-5.1393,-29.6668,1.8417
16.556,raw,3530,-3.8849,-30.3119,1.8423
16.556,raw,3546,-2.5007,-30.9941,1.8430
16.556,raw,3562,-1.0669,-31.7378,1.8439
16.556,raw,3578,0.4310,-32.5587,1.8450
16.556,raw,3594,2.0045,-33.3581,1.8462
16.556,raw,3610,3.6256,-33.8196,1.8470
16.556,raw,3625,4.6152,-0.5635,1.8063
16.556,raw,3641,4.4370,-0.3046,1.8060
16.556,raw,3657,4.3049,-0.0754,1.8057
16.556,raw,3673,4.1528,0.1405,1.8055
16.556,raw,3689,4.2040,0.3226,1.8055
16.556,raw,3705,4.4544,0.5003,1.8058
16.556,raw,3720,4.7434,0.6874,1.8062
16.556,raw,3736,-16.7630,0.7408,1.8229
16.556,raw,3752,-16.2266,-1.2459,2.2084
16.556,raw,3768,-16.0299,-1.9816,2.2061
16.556,raw,3784,-15.4568,-2.9600,2.1969
16.556,raw,3800,-15.2642,-3.7187,2.1970
16.556,raw,3815,-15.0557,-4.3771,2.1969
16.556,raw,3831,-17.4769,-6.2114,2.2688
16.556,raw,3847,-16.6497,-8.9851,2.2800
16.556,raw,3863,-19.5054,-24.2965,2.5872
16.556,raw,3879,4.5821,-0.5133,1.9138
16.556,raw,3895,4.4299,-0.2642,1.9087
16.556,raw,3910,4.2944,-0.0490,1.9043
16.556,raw,3926,4.1595,0.1631,1.9003
16.556,raw,3942,4.2236,0.3446,1.9014
16.556,raw,3958,4.4972,0.5237,1.9079
16.556,raw,3974,4.8219,0.7281,1.9159
16.556,raw,3990,-31.7214,-3.3359,3.3490
16.556,raw,4005,-17.5009,-6.2208,2.7136
16.556,raw,4021,-11.4517,-8.7604,2.5208
16.556,raw,4037,4.6596,-0.6317,2.0266
16.556,raw,4053,4.4867,-0.3684,2.0153
16.556,raw,4069,4.3384,-0.1313,2.0059
16.556,raw,4085,4.2030,0.0864,1.9977
16.556,raw,4100,4.1344,0.2707,1.9934
16.556,raw,4116,4.4054,0.4409,2.0058
16.556,raw,4132,4.6550,0.6352,2.0175
16.556,raw,4148,5.0236,0.8570,2.0355
16.556,raw,4164,-25.9413,-14.2259,3.9548
16.556,raw,4180,4.6408,-0.6123,2.1353
16.556,raw,4195,4.4879,-0.3687,2.1203
16.556,raw,4211,4.3219,-0.1281,2.1050
16.556,raw,4227,4.1842,0.0891,2.0927
16.556,raw,4243,4.1280,0.2829,2.0870
16.556,raw,4259,4.3957,0.4536,2.1053
16.556,raw,4275,4.7169,0.6479,2.1280
16.556,raw,4290,5.0336,0.8574,2.1509
16.556,raw,4306,-19.4810,-0.0367,3.6720
16.556,raw,4322,-19.3319,-0.9304,3.6628
16.556,raw,4338,-19.0377,-1.7984,3.6435
16.556,raw,4354,-18.7928,-2.6582,3.6328
16.556,raw,4370,-18.3000,-3.5653,3.6039
16.556,raw,4385,-18.0399,-4.3397,3.5979
16.556,raw,4401,-17.7962,-5.1723,3.5985
16.556,raw,4417,-14.7386,-5.0441,3.3196
16.556,raw,4433,4.6522,-0.6296,2.2470
16.556,raw,4449,4.4896,-0.3691,2.2257
16.556,raw,4465,4.3318,-0.1300,2.2062
16.556,raw,4480,4.2023,0.0746,2.1908
16.556,raw,4496,4.1134,0.2728,2.1801
16.556,raw,4512,4.3589,0.4433,2.2022
16.556,raw,4528,4.6602,0.6352,2.2304
16.556,raw,4544,5.0207,0.8569,2.2651
16.556,raw,4560,-16.5440,0.1648,3.7871
16.556,raw,4575,-16.3239,-0.5407,3.7652
16.556,raw,4591,-16.0895,-1.2772,3.7459
16.556,raw,4607,-15.8664,-2.0021,3.7318
16.556,raw,4623,-15.4578,-2.6777,3.6991
16.556,raw,4639,-15.2259,-3.3753,3.6915
16.556,raw,4655,-15.0166,-4.0755,3.6906
16.556,raw,4670,-14.8067,-4.7277,3.6917
16.556,raw,4686,-14.6116,-5.4875,3.7028
16.556,raw,4702,-14.4144,-6.2074,3.7162
16.556,raw,4718,-14.2001,-6.9315,3.7320
16.556,raw,4734,-13.9527,-7.6521,3.7481
17.763,raw,0,4.8349,-0.8253,0.8883
17.763,raw,15,4.6474,-0.5602,0.9359
17.763,raw,30,4.4985,-0.3254,0.9735
17.763,raw,46,4.3425,-0.0942,1.0105
17.763,raw,61,4.2356,0.1014,1.0358
17.763,raw,77,4.3137,0.2826,1.0246
17.763,raw,92,4.6134,0.4497,0.9701
17.763,raw,107,4.8574,0.6416,0.9247
17.763,raw,123,4.7950,-0.7697,1.0142
17.763,raw,138,4.6229,-0.5131,1.0526
17.763,raw,154,4.4643,-0.2668,1.0870
17.763,raw,169,4.3321,-0.0559,1.1146
17.763,raw,185,4.2146,0.1508,1.1382
17.763,raw,200,4.3683,0.3144,1.1156
17.763,raw,215,4.6451,0.4869,1.0716
17.763,raw,231,4.9756,0.6974,1.0175
17.763,raw,246,-5.6726,-5.9691,0.5647
17.763,raw,262,-5.4241,-6.3060,0.5514
17.763,raw,277,-5.1774,-6.6181,0.5381
17.763,raw,292,-4.9371,-6.9552,0.5192
17.763,raw,308,-4.6419,-7.2777,0.5037
17.763,raw,323,4.6698,-0.5935,1.1526
17.763,raw,339,4.4915,-0.3368,1.1854
17.763,raw,354,4.3761,-0.1245,1.2070
17.763,raw,370,4.2193,0.0918,1.2333
17.763,raw,385,4.2867,0.2611,1.2264
17.763,raw,400,4.5336,0.4276,1.1933
17.763,raw,416,4.8866,0.6284,1.1444
17.763,raw,431,-6.2549,-6.4147,0.6908
17.763,raw,447,-6.0247,-6.8227,0.6728
17.763,raw,462,-5.7538,-7.1561,0.6623
17.763,raw,477,-5.5037,-7.5341,0.6440
17.763,raw,493,-5.2102,-7.9246,0.6252
17.763,raw,508,-4.9161,-8.2866,0.6069
17.763,raw,524,-4.2656,-8.0552,0.6668
17.763,raw,539,-3.9135,-8.2945,0.6598
17.763,raw,555,-3.8907,-9.4319,0.5396
17.763,raw,570,-3.5202,-9.7830,0.5168
17.763,raw,585,4.7257,-0.6785,1.2537
17.763,raw,601,4.5565,-0.4168,1.2804
17.763,raw,616,4.4203,-0.1949,1.3013
17.763,raw,632,4.2721,0.0255,1.3225
17.763,raw,647,4.2122,0.2093,1.3319
17.763,raw,662,4.4605,0.3693,1.3046
17.763,raw,678,4.7668,0.5623,1.2697
17.763,raw,693,5.0795,0.7695,1.2331
17.763,raw,709,-6.7501,-7.3106,0.8243
17.763,raw,724,-6.5145,-7.7422,0.8078
17.763,raw,740,-6.2181,-8.1715,0.7929
17.763,raw,755,-5.8884,-8.5219,0.7839
17.763,raw,770,-5.5965,-8.9527,0.7647
17.763,raw,786,-5.2196,-9.3352,0.7514
17.763,raw,801,-4.0550,-8.0712,0.9050
17.763,raw,817,-4.5049,-10.2185,0.7070
17.763,raw,832,-4.1209,-10.6374,0.6846
17.763,raw,847,-3.6935,-10.9956,0.6668
17.763,raw,863,-3.2912,-11.6355,0.6213
17.763,raw,878,-2.9102,-12.4004,0.5617
17.763,raw,894,-2.4316,-13.1704,0.5014
17.763,raw,909,4.6677,-0.5792,1.3726
17.763,raw,925,4.4975,-0.3251,1.3934
17.763,raw,940,4.3709,-0.1113,1.4087
17.763,raw,955,4.2229,0.0913,1.4251
17.763,raw,971,4.3082,0.2711,1.4189
17.763,raw,986,4.5466,0.4395,1.3978
17.763,raw,1002,4.8664,0.6417,1.3685
17.763,raw,1017,-8.0777,-7.2343,1.0129
17.763,raw,1032,-7.8151,-7.6698,1.0046
17.763,raw,1048,-7.5080,-8.1223,0.9961
17.763,raw,1063,-7.2181,-8.5622,0.9859
17.763,raw,1079,-6.9070,-9.0543,0.9721
17.763,raw,1094,-6.5553,-9.4580,0.9633
17.763,raw,1110,-6.1817,-9.9167,0.9505
17.763,raw,1125,-5.8190,-10.3585,0.9366
17.763,raw,1140,-4.0711,-8.0410,1.1343
17.763,raw,1156,-5.0339,-11.3400,0.8998
17.763,raw,1171,-4.6387,-11.8758,0.8760
17.763,raw,1187,-4.1382,-12.3186,0.8590
17.763,raw,1202,-3.7826,-13.2053,0.8079
17.763,raw,1217,-3.3454,-14.0309,0.7606
17.763,raw,1233,-2.8313,-15.0145,0.7018
17.763,raw,1248,-2.3297,-16.2940,0.6206
17.763,raw,1264,-1.6711,-17.5635,0.5394
17.763,raw,1279,4.7101,-0.6740,1.4769
17.763,raw,1295,4.5695,-0.4199,1.4907
17.763,raw,1310,4.4071,-0.1924,1.5049
17.763,raw,1325,4.2951,0.0102,1.5148
17.763,raw,1341,4.2048,0.2100,1.5227
17.763,raw,1356,4.4447,0.3702,1.5070
17.763,raw,1372,4.7453,0.5625,1.4867
17.763,raw,1387,5.0689,0.7691,1.4642
17.763,raw,1402,-10.6337,-4.9853,1.2449
17.763,raw,1418,-10.4303,-5.5152,1.2414
17.763,raw,1433,-10.1845,-5.9856,1.2399
17.763,raw,1449,-9.9188,-6.4903,1.2373
17.763,raw,1464,-9.6683,-6.9698,1.2335
17.763,raw,1480,-9.4073,-7.4981,1.2277
17.763,raw,1495,-9.1036,-7.9550,1.2244
17.763,raw,1510,-8.8237,-8.4463,1.2181
17.763,raw,1526,-8.4699,-8.9310,1.2132
17.763,raw,1541,-8.1268,-9.3871,1.2078
17.763,raw,1557,-7.7574,-9.8899,1.2003
17.763,raw,1572,-7.4116,-10.3880,1.1912
17.763,raw,1587,-7.0594,-10.9101,1.1803
17.763,raw,1603,-6.6648,-11.4827,1.1671
17.763,raw,1618,-4.2103,-8.0086,1.3594
17.763,raw,1634,-3.8608,-8.3148,1.3538
17.763,raw,1649,-5.3442,-13.1056,1.1267
17.763,raw,1665,-4.8787,-13.8311,1.1033
17.763,raw,1680,-4.4745,-14.7687,1.0685
17.763,raw,1695,-4.0324,-15.8281,1.0275
17.763,raw,1711,-3.6918,-18.0082,0.9344
17.763,raw,1726,-3.6846,-23.0066,0.7108
17.763,raw,1742,-2.7359,-24.3560,0.6560
17.763,raw,1757,-1.6893,-24.8891,0.6364
17.763,raw,1772,-0.6004,-25.3251,0.6192
17.763,raw,1788,0.5996,-25.8052,0.5978
17.763,raw,1803,1.7683,-26.2938,0.5736
17.763,raw,1819,4.7566,-0.7298,1.5841
17.763,raw,1834,4.5874,-0.4774,1.5946
17.763,raw,1850,4.4391,-0.2363,1.6035
17.763,raw,1865,4.2865,-0.0245,1.6121
17.763,raw,1880,4.1631,0.1682,1.6188
17.763,raw,1896,4.3929,0.3368,1.6090
17.763,raw,1911,4.6634,0.5120,1.5971
17.763,raw,1927,4.9870,0.7251,1.5823
17.763,raw,1942,23.2114,10.1393,0.6666
17.763,raw,1957,-19.9226,19.1838,0.5533
17.763,raw,1973,-18.9668,16.7341,0.6596
17.763,raw,1988,-18.1609,14.7505,0.7449
17.763,raw,2004,-17.4733,12.9691,0.8181
17.763,raw,2019,-10.8974,7.6781,1.2008
17.763,raw,2035,-16.5172,10.2066,0.9223
17.763,raw,2050,-16.0326,9.0194,0.9676
17.763,raw,2065,-17.0674,0.4730,1.4188
17.763,raw,2081,-16.4895,-0.2912,1.4310
17.763,raw,2096,-16.0090,-0.9686,1.4405
17.763,raw,2112,-15.5075,-1.6532,1.4497
17.763,raw,2127,-7.9497,-0.9280,1.6169
17.763,raw,2142,-14.7758,-2.8865,1.4605
17.763,raw,2158,-14.4250,-3.5223,1.4645
17.763,raw,2173,-14.0744,-4.0967,1.4682
17.763,raw,2189,-13.3354,-4.5548,1.4802
17.763,raw,2204,-13.0072,-5.0935,1.4824
17.763,raw,2220,-12.7040,-5.6817,1.4831
17.763,raw,2235,-12.3819,-6.2111,1.4841
17.763,raw,2250,-11.7679,-6.5627,1.4920
17.763,raw,2266,-11.4453,-7.1185,1.4915
17.763,raw,2281,-11.2376,-7.7125,1.4878
17.763,raw,2297,-10.7922,-8.1891,1.4892
17.763,raw,2312,-10.5840,-8.8131,1.4839
17.763,raw,2327,-10.1869,-9.2874,1.4833
17.763,raw,2343,-9.8297,-9.8681,1.4799
17.763,raw,2358,-9.3863,-10.3107,1.4793
17.763,raw,2374,-9.0641,-10.9773,1.4726
17.763,raw,2389,-8.5990,-11.4246,1.4710
17.763,raw,2405,-8.2784,-12.1811,1.4613
17.763,raw,2420,-7.8029,-12.6734,1.4578
17.763,raw,2435,-7.4725,-13.4631,1.4463
17.763,raw,2451,-4.2433,-8.5207,1.5759
17.763,raw,2466,-6.4032,-14.5802,1.4345
17.763,raw,2482,-5.8648,-15.3049,1.4242
17.763,raw,2497,-7.2922,-21.9161,1.2762
17.763,raw,2512,-6.6608,-23.4302,1.2483
17.763,raw,2528,-5.9144,-25.2670,1.2133
17.763,raw,2543,-4.9494,-26.3206,1.1950
17.763,raw,2559,-3.7557,-26.8737,1.1873
17.763,raw,2574,-2.6215,-27.5551,1.1754
17.763,raw,2590,-1.3587,-28.2976,1.1612
17.763,raw,2605,-0.1188,-29.0056,1.1465
17.763,raw,2620,1.1692,-29.3480,1.1386
17.763,raw,2636,2.5995,-29.9651,1.1233
17.763,raw,2651,4.0132,-30.6407,1.1053
17.763,raw,2667,5.6100,-31.4060,1.0836
17.763,raw,2682,7.3235,-32.7301,1.0478
17.763,raw,2697,4.6840,-0.6527,1.6973
17.763,raw,2713,4.5310,-0.3977,1.7020
17.763,raw,2728,4.4084,-0.1801,1.7057
17.763,raw,2744,4.2572,0.0395,1.7097
17.763,raw,2759,4.2110,0.2211,1.7112
17.763,raw,2775,4.4926,0.3922,1.7053
17.763,raw,2790,4.7681,0.5754,1.6993
17.763,raw,2805,5.0905,0.7839,1.6921
17.763,raw,2821,-27.6437,21.2982,1.0343
17.763,raw,2836,-28.5592,18.1245,1.0567
17.763,raw,2852,-30.6897,16.9531,1.0286
17.763,raw,2867,-27.0886,13.5741,1.1331
17.763,raw,2882,-24.7703,11.1784,1.2015
17.763,raw,2898,-23.0131,9.1985,1.2536
17.763,raw,2913,-24.5126,8.5600,1.2270
17.763,raw,2929,-22.9184,6.8897,1.2712
17.763,raw,2944,-21.5791,5.5282,1.3071
17.763,raw,2960,-20.3709,4.2701,1.3388
17.763,raw,2975,-19.3412,3.2233,1.3648
17.763,raw,2990,-18.4416,2.2887,1.3868
17.763,raw,3006,-17.7052,1.3946,1.4044
17.763,raw,3021,-17.1423,0.6213,1.4172
17.763,raw,3037,-31.6281,-3.4116,1.8435
17.763,raw,3052,-33.5578,-5.1431,1.8464
17.763,raw,3067,-32.5217,-6.4303,1.8454
17.763,raw,3083,-31.5218,-7.7583,1.8445
17.763,raw,3098,-30.5539,-8.9387,1.8436
17.763,raw,3114,-29.6232,-10.1767,1.8430
17.763,raw,3129,-28.7209,-11.2839,1.8424
17.763,raw,3145,-27.8228,-12.4518,1.8419
17.763,raw,3160,-15.2784,-7.4375,1.8236
17.763,raw,3175,-15.0302,-8.1624,1.8238
17.763,raw,3191,-25.2681,-15.6572,1.8409
17.763,raw,3206,-24.4868,-16.7004,1.8409
17.763,raw,3222,-23.4854,-17.6786,1.8405
17.763,raw,3237,-22.5618,-18.5872,1.8403
17.763,raw,3252,-21.6121,-19.4575,1.8402
17.763,raw,3268,-20.6775,-20.4503,1.8402
17.763,raw,3283,-19.8168,-21.4037,1.8403
17.763,raw,3299,-18.8869,-22.4254,1.8405
17.763,raw,3314,-18.0080,-23.4003,1.8408
17.763,raw,3330,-17.0476,-24.4482,1.8412
17.763,raw,3345,-16.0223,-25.2813,1.8414
17.763,raw,3360,-14.9780,-26.1091,1.8416
17.763,raw,3376,-13.8540,-27.0150,1.8420
17.763,raw,3391,-12.7832,-27.8867,1.8424
17.763,raw,3407,-11.6252,-28.8660,1.8430
17.763,raw,3422,-10.4909,-29.7660,1.8436
17.763,raw,3437,-9.3280,-30.7114,1.8444
17.763,raw,3453,-8.0407,-31.7543,1.8452
17.763,raw,3468,-6.7870,-32.7895,1.8462
17.763,raw,3484,-5.0933,-32.1423,1.8449
17.763,raw,3499,-3.5800,-31.5177,1.8438
17.763,raw,3515,-2.1443,-32.2886,1.8447
17.763,raw,3530,-0.7440,-33.0573,1.8456
17.763,raw,3545,0.7193,-33.8398,1.8467
17.763,raw,3561,4.7305,-0.6798,1.8064
17.763,raw,3576,4.5641,-0.4318,1.8061
17.763,raw,3592,4.4086,-0.1926,1.8058
17.763,raw,3607,4.2717,0.0136,1.8056
17.763,raw,3622,4.1820,0.2008,1.8054
17.763,raw,3638,4.4363,0.3706,1.8057
17.763,raw,3653,4.7087,0.5499,1.8061
17.763,raw,3669,5.0703,0.7692,1.8066
17.763,raw,3684,-31.6724,-3.5103,2.5965
17.763,raw,3700,-17.5401,-3.6386,2.2521
17.763,raw,3715,-16.3306,-4.7345,2.2306
17.763,raw,3730,-14.8135,-4.9703,2.1970
17.763,raw,3746,-14.5456,-5.9085,2.1996
17.763,raw,3761,-14.3641,-6.5941,2.2027
17.763,raw,3777,-14.1411,-7.3245,2.2062
17.763,raw,3792,-14.3754,-8.2954,2.2233
17.763,raw,3807,4.8120,-0.8182,1.9195
17.763,raw,3823,4.6212,-0.5397,1.9130
17.763,raw,3838,4.4895,-0.3105,1.9085
17.763,raw,3854,4.3240,-0.0789,1.9034
17.763,raw,3869,4.1932,0.1184,1.8995
17.763,raw,3885,4.3136,0.2945,1.9021
17.763,raw,3900,4.5865,0.4632,1.9086
17.763,raw,3915,4.8803,0.6552,1.9158
17.763,raw,3931,-31.6519,-3.4146,3.3487
17.763,raw,3946,-17.4234,-5.9969,2.7080
17.763,raw,3962,-11.4820,-8.5766,2.5169
17.763,raw,3977,4.7675,-0.7472,2.0295
17.763,raw,3992,4.5927,-0.4921,2.0181
17.763,raw,4008,4.4344,-0.2480,2.0081
17.763,raw,4023,4.3061,-0.0396,2.0002
17.763,raw,4039,4.1681,0.1676,1.9923
17.763,raw,4054,4.3609,0.3269,2.0008
17.763,raw,4070,4.6486,0.5123,2.0143
17.763,raw,4085,4.9771,0.7111,2.0302
17.763,raw,4100,-14.6663,-5.1110,2.9430
17.763,raw,4116,-11.3359,-8.7332,2.8651
17.763,raw,4131,4.6573,-0.5765,2.1304
17.763,raw,4147,4.4777,-0.3208,2.1136
17.763,raw,4162,4.3567,-0.1089,2.1021
17.763,raw,4177,4.2180,0.0919,2.0902
17.763,raw,4193,4.2826,0.2732,2.0934
17.763,raw,4208,4.5230,0.4404,2.1099
17.763,raw,4224,4.8459,0.6415,2.1329
17.763,raw,4239,-17.7339,0.4164,3.5101
17.763,raw,4255,-19.4260,-0.5056,3.6743
17.763,raw,4270,-19.1419,-1.3289,3.6534
17.763,raw,4285,-18.9016,-2.1411,3.6400
17.763,raw,4301,-18.5410,-2.9757,3.6193
17.763,raw,4316,-18.1847,-3.7369,3.6012
17.763,raw,4332,-17.9222,-4.5654,3.5969
17.763,raw,4347,-17.6915,-5.3450,3.5978
17.763,raw,4362,-14.6637,-5.1100,3.3185
17.763,raw,4378,-17.2303,-7.0342,3.6146
17.763,raw,4393,-16.9856,-7.8281,3.6253
17.763,raw,4409,-16.7000,-8.6756,3.6383
17.763,raw,4424,-11.1459,-8.5794,3.1919
17.763,raw,4440,-16.5099,0.1890,3.7899
17.763,raw,4455,-16.2851,-0.5181,3.7671
17.763,raw,4470,-16.0561,-1.2094,3.7473
17.763,raw,4486,-15.8199,-1.9337,3.7310
17.763,raw,4501,-15.3838,-2.6990,3.6965
17.763,raw,4517,-15.1819,-3.4035,3.6924
17.763,raw,4532,-14.9548,-4.0507,3.6875
17.763,raw,4547,-14.7587,-4.7065,3.6898
17.763,raw,4563,-14.5807,-5.5217,3.7048
17.763,raw,4578,-14.3606,-6.1802,3.7124
17.763,raw,4594,-14.1421,-6.8997,3.7271
17.763,raw,4609,-13.9285,-7.5825,3.7440
18.887,raw,0,4.7708,-0.8188,0.8917
18.887,raw,14,4.6157,-0.5760,0.9325
18.887,raw,28,4.4783,-0.3548,0.9676
18.887,raw,42,4.3352,-0.1475,1.0018
18.887,raw,56,4.2435,0.0380,1.0245
18.887,raw,70,4.2141,0.2076,1.0338
18.887,raw,84,4.4344,0.3582,0.9948
18.887,raw,98,4.6805,0.5251,0.9498
18.887,raw,112,4.9927,0.7129,0.8911
18.887,raw,127,4.6973,-0.6963,1.0256
18.887,raw,141,4.5495,-0.4641,1.0589
18.887,raw,155,4.4230,-0.2526,1.0868
18.887,raw,169,4.2827,-0.0524,1.1154
18.887,raw,183,4.1725,0.1302,1.1375
18.887,raw,197,4.2891,0.2837,1.1210
18.887,raw,211,4.5548,0.4394,1.0791
18.887,raw,225,4.8327,0.6159,1.0341
18.887,raw,239,5.1424,0.8160,0.9827
18.887,raw,254,-5.7108,-6.2192,0.5371
18.887,raw,268,-5.5110,-6.5514,0.5190
18.887,raw,282,-5.2742,-6.8965,0.5005
18.887,raw,296,4.6257,-0.5925,1.1523
18.887,raw,310,4.4897,-0.3705,1.1783
18.887,raw,324,4.3601,-0.1646,1.2020
18.887,raw,338,4.2150,0.0302,1.2265
18.887,raw,352,4.1805,0.1994,1.2343
18.887,raw,366,4.4283,0.3463,1.2014
18.887,raw,381,4.6914,0.5249,1.1657
18.887,raw,395,4.9928,0.7129,1.1235
18.887,raw,409,-6.3819,-6.6553,0.6621
18.887,raw,423,-6.1400,-6.9803,0.6519
18.887,raw,437,-5.9400,-7.3731,0.6307
18.887,raw,451,-5.7020,-7.7384,0.6127
18.887,raw,465,-5.4603,-8.1220,0.5914
18.887,raw,479,-5.1745,-8.4611,0.5752
18.887,raw,493,-4.5120,-8.1210,0.6474
18.887,raw,508,-4.0539,-8.1543,0.6681
18.887,raw,522,4.7538,-0.7846,1.2419
18.887,raw,536,4.6045,-0.5457,1.2662
18.887,raw,550,4.4882,-0.3309,1.2852
18.887,raw,564,4.3345,-0.1226,1.3074
18.887,raw,578,4.1997,0.0679,1.3264
18.887,raw,592,4.2283,0.2298,1.3253
18.887,raw,606,4.4630,0.3812,1.2994
18.887,raw,620,4.7380,0.5502,1.2681
18.887,raw,635,5.0314,0.7556,1.2338
18.887,raw,649,-6.9968,-7.3850,0.8055
18.887,raw,663,-6.7605,-7.7777,0.7922
18.887,raw,677,-6.5280,-8.1956,0.7752
18.887,raw,691,-6.2861,-8.6271,0.7561
18.887,raw,705,-5.9816,-8.9930,0.7436
18.887,raw,719,-5.7149,-9.4466,0.7206
18.887,raw,733,-4.4639,-8.0913,0.8867
18.887,raw,748,-4.0169,-8.1418,0.9011
18.887,raw,762,-4.6913,-10.7068,0.6589
18.887,raw,776,-4.3494,-11.2013,0.6284
18.887,raw,790,-3.9764,-11.6893,0.5975
18.887,raw,804,-3.6070,-12.2881,0.5549
18.887,raw,818,4.7730,-0.7905,1.3537
18.887,raw,832,4.5824,-0.5399,1.3770
18.887,raw,846,4.4704,-0.3270,1.3917
18.887,raw,860,4.3236,-0.1207,1.4088
18.887,raw,875,4.1833,0.0819,1.4245
18.887,raw,889,4.2266,0.2417,1.4222
18.887,raw,903,4.4923,0.3921,1.3987
18.887,raw,917,4.7574,0.5631,1.3746
18.887,raw,931,5.0598,0.7564,1.3465
18.887,raw,945,-8.1282,-7.5467,0.9968
18.887,raw,959,-7.8864,-7.9735,0.9873
18.887,raw,973,-7.6440,-8.4176,0.9757
18.887,raw,987,-7.3500,-8.8198,0.9673
18.887,raw,1002,-7.0858,-9.3405,0.9498
18.887,raw,1016,-6.7764,-9.7697,0.9377
18.887,raw,1030,-6.4674,-10.2281,0.9225
18.887,raw,1044,-6.1381,-10.6880,0.9065
18.887,raw,1058,-4.1904,-7.9902,1.1341
18.887,raw,1072,-3.9585,-8.4172,1.1144
18.887,raw,1086,-5.0537,-12.1565,0.8475
18.887,raw,1100,-4.6804,-12.7565,0.8181
18.887,raw,1114,-4.2955,-13.4360,0.7823
18.887,raw,1129,-3.9338,-14.5335,0.7166
18.887,raw,1143,-3.5084,-15.5099,0.6583
18.887,raw,1157,-3.0713,-16.8013,0.5771
18.887,raw,1171,4.7184,-0.7309,1.4721
18.887,raw,1185,4.5713,-0.4964,1.4862
18.887,raw,1199,4.4200,-0.2775,1.4998
18.887,raw,1213,4.3050,-0.0805,1.5101
18.887,raw,1227,4.1855,0.1051,1.5202
18.887,raw,1241,4.2602,0.2623,1.5162
18.887,raw,1256,4.5546,0.4267,1.4967
18.887,raw,1270,4.8415,0.6024,1.4772
18.887,raw,1284,5.1264,0.8011,1.4573
18.887,raw,1298,-10.5057,-4.9190,1.2528
18.887,raw,1312,-10.4017,-5.4166,1.2461
18.887,raw,1326,-10.1933,-5.8637,1.2438
18.887,raw,1340,-9.9817,-6.3145,1.2407
18.887,raw,1354,-9.7695,-6.7729,1.2364
18.887,raw,1368,-9.6487,-7.3159,1.2256
18.887,raw,1383,-9.3348,-7.7644,1.2233
18.887,raw,1397,-9.1015,-8.2467,1.2163
18.887,raw,1411,-8.8448,-8.7238,1.2092
18.887,raw,1425,-8.5521,-9.1804,1.2030
18.887,raw,1439,-8.2774,-9.6778,1.1939
18.887,raw,1453,-7.9883,-10.1840,1.1839
18.887,raw,1467,-7.6806,-10.6959,1.1733
18.887,raw,1481,-7.3901,-11.2718,1.1587
18.887,raw,1496,-7.0365,-11.8745,1.1436
18.887,raw,1510,-4.3776,-8.0487,1.3545
18.887,raw,1524,-3.9672,-8.1020,1.3607
18.887,raw,1538,-5.8727,-13.5759,1.0978
18.887,raw,1552,-5.4823,-14.2978,1.0740
18.887,raw,1566,-5.1080,-15.2045,1.0408
18.887,raw,1580,-4.7804,-16.4879,0.9894
18.887,raw,1594,-5.5547,-22.6381,0.7098
18.887,raw,1608,-4.9206,-24.3534,0.6400
18.887,raw,1623,-3.9643,-25.3344,0.6038
18.887,raw,1637,-2.9740,-25.9643,0.5816
18.887,raw,1651,-1.9412,-26.5751,0.5585
18.887,raw,1665,-0.8675,-27.2346,0.5313
18.887,raw,1679,0.2551,-27.5981,0.5156
18.887,raw,1693,4.7086,-0.7138,1.5844
18.887,raw,1707,4.5557,-0.4790,1.5939
18.887,raw,1721,4.4032,-0.2613,1.6029
18.887,raw,1735,4.2919,-0.0661,1.6095
18.887,raw,1750,4.1599,0.1318,1.6167
18.887,raw,1764,4.3060,0.2823,1.6108
18.887,raw,1778,4.5695,0.4388,1.5993
18.887,raw,1792,4.8380,0.6159,1.5872
18.887,raw,1806,5.1491,0.8163,1.5729
18.887,raw,1820,-17.9634,21.6976,0.5347
18.887,raw,1834,-17.5215,19.5841,0.6198
18.887,raw,1848,-17.0223,17.6228,0.6997
18.887,raw,1862,-16.5888,15.9104,0.7677
18.887,raw,1877,-16.1063,14.2322,0.8345
18.887,raw,1891,-15.6856,12.8309,0.8894
18.887,raw,1905,-15.3341,11.5957,0.9357
18.887,raw,1919,-10.8946,7.8018,1.1999
18.887,raw,1933,-14.6191,9.3958,1.0176
18.887,raw,1947,-14.3666,8.4732,1.0483
18.887,raw,1961,-14.1661,7.6353,1.0738
18.887,raw,1975,-14.3198,0.2205,1.4803
18.887,raw,1989,-14.1165,-0.3499,1.4841
18.887,raw,2004,-13.9093,-0.9476,1.4875
18.887,raw,2018,-8.1807,-0.6508,1.6137
18.887,raw,2032,-7.9833,-0.9584,1.6169
18.887,raw,2046,-13.2911,-2.5539,1.4949
18.887,raw,2060,-13.1091,-3.0805,1.4959
18.887,raw,2074,-12.9268,-3.6041,1.4964
18.887,raw,2088,-12.5693,-4.0623,1.5006
18.887,raw,2102,-12.3744,-4.5723,1.5005
18.887,raw,2117,-12.1781,-5.1261,1.4996
18.887,raw,2131,-12.0064,-5.6538,1.4978
18.887,raw,2145,-11.6508,-6.0854,1.5002
18.887,raw,2159,-11.4905,-6.6294,1.4971
18.887,raw,2173,-11.3232,-7.1832,1.4935
18.887,raw,2187,-11.0209,-7.6545,1.4930
18.887,raw,2201,-10.9079,-8.2819,1.4865
18.887,raw,2215,-10.6055,-8.7766,1.4846
18.887,raw,2229,-10.4813,-9.4507,1.4766
18.887,raw,2244,-10.2773,-10.1477,1.4690
18.887,raw,2258,-9.9319,-10.6666,1.4658
18.887,raw,2272,-9.7604,-11.4163,1.4557
18.887,raw,2286,-9.3944,-11.9723,1.4511
18.887,raw,2300,-9.2091,-12.8184,1.4384
18.887,raw,2314,-8.8440,-13.4712,1.4309
18.887,raw,2328,-8.4392,-14.1123,1.4235
18.887,raw,2342,-8.2107,-15.1453,1.4060
18.887,raw,2356,-9.2229,-18.9093,1.3218
18.887,raw,2371,-8.7858,-20.2604,1.2986
18.887,raw,2385,-8.3378,-21.6495,1.2739
18.887,raw,2399,-7.9467,-23.4948,1.2385
18.887,raw,2413,-7.3992,-25.2712,1.2047
18.887,raw,2427,-6.7743,-27.2531,1.1661
18.887,raw,2441,-5.7604,-28.0570,1.1538
18.887,raw,2455,-4.6764,-28.7233,1.1437
18.887,raw,2469,-3.5545,-29.3988,1.1325
18.887,raw,2483,-2.3864,-30.0367,1.1211
18.887,raw,2498,-1.0920,-30.8524,1.1049
18.887,raw,2512,0.1755,-31.7373,1.0859
18.887,raw,2526,1.5103,-32.5265,1.0679
18.887,raw,2540,2.8937,-33.0743,1.0540
18.887,raw,2554,4.3326,-33.6407,1.0383
18.887,raw,2568,4.6671,-0.6595,1.6967
18.887,raw,2582,4.5213,-0.4306,1.7011
18.887,raw,2596,4.3900,-0.2206,1.7049
18.887,raw,2610,4.2757,-0.0270,1.7081
18.887,raw,2625,4.1305,0.1700,1.7119
18.887,raw,2639,4.3796,0.3129,1.7067
18.887,raw,2653,4.6242,0.4750,1.7015
18.887,raw,2667,4.8971,0.6566,1.6955
18.887,raw,2681,-23.1278,26.7762,1.0271
18.887,raw,2695,-22.5344,24.1328,1.0788
18.887,raw,2709,-21.5626,21.3855,1.1368
18.887,raw,2723,-20.5014,18.8381,1.1921
18.887,raw,2737,-19.7894,16.8317,1.2327
18.887,raw,2752,-18.8135,14.7258,1.2782
18.887,raw,2766,-18.3952,13.2885,1.3041
18.887,raw,2780,-10.9996,7.5993,1.5095
18.887,raw,2794,-17.5407,10.7212,1.3502
18.887,raw,2808,-17.4620,9.7569,1.3619
18.887,raw,2822,-17.1259,8.7176,1.3787
18.887,raw,2836,-16.7777,7.7382,1.3945
18.887,raw,2850,-16.4440,6.8244,1.4088
18.887,raw,2865,-16.4057,6.0084,1.4155
18.887,raw,2879,-16.1094,5.1970,1.4270
18.887,raw,2893,-15.8459,4.4351,1.4368
18.887,raw,2907,-15.5849,3.7092,1.4458
18.887,raw,2921,-15.3294,3.0164,1.4540
18.887,raw,2935,-15.0804,2.3533,1.4614
18.887,raw,2949,-14.8512,1.7177,1.4678
18.887,raw,2963,-14.6307,1.1045,1.4733
18.887,raw,2977,-31.6763,0.4730,1.8431
18.887,raw,2992,-18.4858,-0.2705,1.8253
18.887,raw,3006,-30.5087,-2.0853,1.8417
18.887,raw,3020,-17.5366,-1.6616,1.8242
18.887,raw,3034,-29.4364,-4.4140,1.8407
18.887,raw,3048,-28.9061,-5.5364,1.8403
18.887,raw,3062,-17.1885,-3.7907,1.8243
18.887,raw,3076,-27.9190,-7.7351,1.8397
18.887,raw,3090,-27.4044,-8.8049,1.8395
18.887,raw,3104,-26.8628,-9.8521,1.8393
18.887,raw,3119,-26.2907,-10.9654,1.8391
18.887,raw,3133,-25.7851,-12.0115,1.8391
18.887,raw,3147,-25.2370,-13.0350,1.8391
18.887,raw,3161,-24.7117,-14.0722,1.8391
18.887,raw,3175,-24.1916,-15.1200,1.8393
18.887,raw,3189,-23.6546,-16.1688,1.8395
18.887,raw,3203,-23.1210,-17.2370,1.8398
18.887,raw,3217,-22.5742,-18.3180,1.8401
18.887,raw,3231,-22.0146,-19.4168,1.8405
18.887,raw,3246,-21.4113,-20.6309,1.8410
18.887,raw,3260,-20.8266,-21.7889,1.8416
18.887,raw,3274,-20.2611,-23.0239,1.8423
18.887,raw,3288,-19.6604,-24.2876,1.8431
18.887,raw,3302,-19.0134,-25.5719,1.8440
18.887,raw,3316,-18.3647,-26.9480,1.8450
18.887,raw,3330,-17.6765,-28.3796,1.8461
18.887,raw,3344,-16.9633,-29.9081,1.8474
18.887,raw,3358,4.6761,-0.6621,1.8064
18.887,raw,3373,4.4967,-0.4115,1.8060
18.887,raw,3387,4.3691,-0.2038,1.8058
18.887,raw,3401,4.2578,-0.0122,1.8056
18.887,raw,3415,4.1378,0.1692,1.8054
18.887,raw,3429,4.3585,0.3144,1.8057
18.887,raw,3443,4.5996,0.4758,1.8060
18.887,raw,3457,4.8935,0.6566,1.8064
18.887,raw,3471,-34.5835,7.6425,1.8480
18.887,raw,3485,-33.9820,6.1016,1.8469
18.887,raw,3500,-33.4150,4.5348,1.8458
18.887,raw,3514,-32.8872,3.1308,1.8449
18.887,raw,3528,-32.2616,1.7742,1.8440
18.887,raw,3542,-16.6968,0.4456,2.2178
18.887,raw,3556,-16.9021,-0.2440,2.2234
18.887,raw,3570,-17.6617,-1.1069,2.2438
18.887,raw,3584,-31.8719,-4.0731,2.6023
18.887,raw,3598,-15.6960,-3.2177,2.2043
18.887,raw,3613,-16.4893,-4.1783,2.2294
18.887,raw,3627,-14.6865,-5.4302,2.1973
18.887,raw,3641,-26.0575,-13.8672,2.5423
18.887,raw,3655,-19.8767,-24.1185,2.5889
18.887,raw,3669,4.7045,-0.7268,1.9174
18.887,raw,3683,4.5492,-0.4908,1.9121
18.887,raw,3697,4.4288,-0.2794,1.9080
18.887,raw,3711,4.2926,-0.0785,1.9038
18.887,raw,3725,4.1642,0.1079,1.8999
18.887,raw,3740,4.2997,0.2709,1.9029
18.887,raw,3754,4.5278,0.4279,1.9082
18.887,raw,3768,4.8119,0.6025,1.9152
18.887,raw,3782,5.1367,0.8015,1.9233
18.887,raw,3796,-31.9294,-4.2702,3.3657
18.887,raw,3810,-25.8064,-14.4183,3.2474
18.887,raw,3824,-19.6263,-24.6897,3.3496
18.887,raw,3838,4.6273,-0.6067,2.0233
18.887,raw,3852,4.4875,-0.3831,2.0141
18.887,raw,3867,4.3574,-0.1640,2.0058
18.887,raw,3881,4.2175,0.0298,1.9976
18.887,raw,3895,4.1942,0.1980,1.9955
18.887,raw,3909,4.4290,0.3462,2.0062
18.887,raw,3923,4.6850,0.5121,2.0181
18.887,raw,3937,4.9470,0.6983,2.0307
18.887,raw,3951,-14.6825,-5.0831,2.9409
18.887,raw,3965,-11.4385,-8.5993,2.8631
18.887,raw,3979,-19.4093,-0.4839,3.6686
18.887,raw,3994,-19.1434,-1.3065,3.6495
18.887,raw,4008,-18.9221,-2.0637,3.6371
18.887,raw,4022,-17.4098,-6.2471,3.5985
18.887,raw,4036,-16.6292,0.5429,3.7985
18.887,raw,4050,-16.4168,-0.1238,3.7752
18.887,raw,4064,-16.2002,-0.7755,3.7545
18.887,raw,4078,-16.0100,-1.4175,3.7400
18.887,raw,4092,-15.7890,-2.0454,3.7248
18.887,raw,4106,-15.4040,-2.6298,3.6926
18.887,raw,4121,-15.2141,-3.2888,3.6883
18.887,raw,4135,-15.0343,-3.9012,3.6870
18.887,raw,4149,-14.8266,-4.5044,3.6854
18.887,raw,4163,-16.9236,-6.0571,3.9833
18.887,raw,4177,-14.4738,-5.7899,3.7017
18.887,raw,4191,-14.2945,-6.4176,3.7137
18.887,raw,4205,-14.0963,-7.0455,3.7268
18.887,raw,4219,-13.9056,-7.6894,3.7446
20.048,raw,0,4.7400,-0.7814,0.8875
20.048,raw,14,4.5891,-0.5380,0.9277
20.048,raw,29,4.4297,-0.2968,0.9678
20.048,raw,44,4.2915,-0.0778,1.0016
20.048,raw,58,4.1849,0.1096,1.0270
20.048,raw,73,4.2056,0.2855,1.0271
20.048,raw,88,4.4729,0.4483,0.9792
20.048,raw,103,4.7488,0.6333,0.9284
20.048,raw,117,5.0516,0.8286,0.8711
20.048,raw,132,4.6103,-0.5715,1.0348
20.048,raw,147,4.4667,-0.3315,1.0674
20.048,raw,162,4.3058,-0.1053,1.1009
20.048,raw,176,4.1740,0.0874,1.1274
20.048,raw,191,4.1871,0.2637,1.1289
20.048,raw,206,4.4427,0.4250,1.0893
20.048,raw,221,4.6989,0.6075,1.0484
20.048,raw,235,4.9965,0.7989,0.9995
20.048,raw,250,-5.6671,-5.8806,0.5745
20.048,raw,265,-5.4789,-6.2479,0.5522
20.048,raw,279,-5.2584,-6.5522,0.5374
20.048,raw,294,-5.0415,-6.9247,0.5124
20.048,raw,309,4.6870,-0.6927,1.1315
20.048,raw,324,4.5286,-0.4400,1.1624
20.048,raw,338,4.3846,-0.2222,1.1890
20.048,raw,353,4.2433,-0.0079,1.2140
20.048,raw,368,4.1230,0.1887,1.2347
20.048,raw,383,4.2910,0.3497,1.2136
20.048,raw,397,4.5491,0.5081,1.1788
20.048,raw,412,4.8252,0.7002,1.1406
20.048,raw,427,-6.3012,-6.3113,0.6962
20.048,raw,442,-6.0912,-6.6974,0.6786
20.048,raw,456,-5.8696,-7.0450,0.6634
20.048,raw,471,-5.6504,-7.4647,0.6393
20.048,raw,486,-5.3930,-7.8596,0.6180
20.048,raw,501,-5.1320,-8.2810,0.5922
20.048,raw,515,-4.5142,-8.0102,0.6547
20.048,raw,530,-4.0842,-8.0952,0.6685
20.048,raw,545,-4.2307,-9.5077,0.5118
20.048,raw,559,4.6649,-0.6860,1.2478
20.048,raw,574,4.5242,-0.4389,1.2713
20.048,raw,589,4.3582,-0.2039,1.2963
20.048,raw,604,4.2252,0.0073,1.3160
20.048,raw,618,4.1059,0.1908,1.3328
20.048,raw,633,4.3197,0.3474,1.3099
20.048,raw,648,4.5712,0.5200,1.2818
20.048,raw,663,4.9165,0.7143,1.2420
20.048,raw,677,-6.9578,-6.9386,0.8371
20.048,raw,692,-6.7231,-7.3544,0.8228
20.048,raw,707,-6.5350,-7.8532,0.7979
20.048,raw,722,-6.2384,-8.2410,0.7856
20.048,raw,736,-6.0049,-8.6895,0.7634
20.048,raw,751,-5.6846,-9.0954,0.7472
20.048,raw,766,-5.3886,-9.5804,0.7216
20.048,raw,781,-4.0807,-8.0237,0.9050
20.048,raw,795,-4.7255,-10.4890,0.6725
20.048,raw,810,-4.3525,-10.9825,0.6433
20.048,raw,825,-3.9633,-11.5166,0.6089
20.048,raw,839,-3.6023,-12.1292,0.5647
20.048,raw,854,4.7007,-0.7400,1.3556
20.048,raw,869,4.5508,-0.4865,1.3755
20.048,raw,884,4.4009,-0.2515,1.3941
20.048,raw,898,4.2693,-0.0491,1.4097
20.048,raw,913,4.1348,0.1520,1.4248
20.048,raw,928,4.2547,0.3167,1.4154
20.048,raw,943,4.5066,0.4845,1.3932
20.048,raw,957,4.7822,0.6598,1.3681
20.048,raw,972,-8.0826,-6.9668,1.0260
20.048,raw,987,-7.8744,-7.4445,1.0133
20.048,raw,1002,-7.6556,-7.9355,0.9990
20.048,raw,1016,-7.4222,-8.3851,0.9861
20.048,raw,1031,-7.1166,-8.8230,0.9756
20.048,raw,1046,-6.8645,-9.3625,0.9557
20.048,raw,1061,-6.5422,-9.8394,0.9405
20.048,raw,1075,-6.2391,-10.3162,0.9232
20.048,raw,1090,-4.3945,-7.9643,1.1268
20.048,raw,1105,-3.9997,-8.1128,1.1297
20.048,raw,1119,-5.1484,-11.8580,0.8613
20.048,raw,1134,-4.7575,-12.4909,0.8305
20.048,raw,1149,-4.3436,-13.1815,0.7948
20.048,raw,1164,-4.0025,-14.3096,0.7269
20.048,raw,1178,-3.5930,-15.3121,0.6668
20.048,raw,1193,-3.1395,-16.7381,0.5768
20.048,raw,1208,4.6635,-0.6714,1.4726
20.048,raw,1223,4.4857,-0.4158,1.4891
20.048,raw,1237,4.3852,-0.2096,1.4991
20.048,raw,1252,4.2384,0.0051,1.5118
20.048,raw,1267,4.0985,0.2033,1.5233
20.048,raw,1282,4.3101,0.3603,1.5098
20.048,raw,1296,4.5798,0.5197,1.4918
20.048,raw,1311,4.8626,0.7139,1.4725
20.048,raw,1326,-13.0377,13.8810,0.5140
20.048,raw,1341,-10.3819,-4.4114,1.2688
20.048,raw,1355,-10.1787,-4.8352,1.2683
20.048,raw,1370,-10.0091,-5.3201,1.2642
20.048,raw,1385,-9.8860,-5.8457,1.2563
20.048,raw,1399,-9.6786,-6.2879,1.2527
20.048,raw,1414,-9.4841,-6.7933,1.2461
20.048,raw,1429,-9.2952,-7.3212,1.2376
20.048,raw,1444,-9.0716,-7.8403,1.2295
20.048,raw,1458,-8.8101,-8.2924,1.2238
20.048,raw,1473,-8.5391,-8.8050,1.2154
20.048,raw,1488,-8.2447,-9.3160,1.2067
20.048,raw,1503,-7.9429,-9.8461,1.1964
20.048,raw,1517,-7.6708,-10.3864,1.1839
20.048,raw,1532,-7.3601,-10.9829,1.1693
20.048,raw,1547,-7.0238,-11.5925,1.1536
20.048,raw,1562,-4.4460,-8.0022,1.3534
20.048,raw,1576,-4.0246,-8.0350,1.3607
20.048,raw,1591,-5.8523,-13.4207,1.1029
20.048,raw,1606,-5.4552,-14.2445,1.0747
20.048,raw,1621,-5.0703,-15.2825,1.0359
20.048,raw,1635,-4.8412,-16.9640,0.9656
20.048,raw,1650,-5.5267,-23.3348,0.6770
20.048,raw,1665,-4.7681,-25.0400,0.6082
20.048,raw,1679,-3.7987,-25.6828,0.5867
20.048,raw,1694,-2.7172,-26.3870,0.5611
20.048,raw,1709,-1.5878,-27.1368,0.5314
20.048,raw,1724,-0.3980,-27.7853,0.5040
20.048,raw,1738,4.6050,-0.5840,1.5878
20.048,raw,1753,4.4469,-0.3400,1.5975
20.048,raw,1768,4.3130,-0.1192,1.6056
20.048,raw,1783,4.1966,0.0840,1.6123
20.048,raw,1797,4.1564,0.2551,1.6151
20.048,raw,1812,4.4205,0.4139,1.6038
20.048,raw,1827,4.6970,0.5944,1.5915
20.048,raw,1842,5.0355,0.7999,1.5761
20.048,raw,1856,-16.7034,22.7379,0.5376
20.048,raw,1871,-16.2871,20.3708,0.6336
20.048,raw,1886,-15.9484,18.3563,0.7129
20.048,raw,1901,-15.6567,16.5996,0.7801
20.048,raw,1915,-15.3295,15.0633,0.8395
20.048,raw,1930,-14.9491,13.5428,0.8984
20.048,raw,1945,-14.6064,12.1914,0.9494
20.048,raw,1959,-14.3316,11.0681,0.9901
20.048,raw,1974,-10.9399,7.9289,1.1983
20.048,raw,1989,-13.6777,8.8954,1.0693
20.048,raw,2004,-13.4697,7.9976,1.0977
20.048,raw,2018,-13.3310,7.2395,1.1190
20.048,raw,2033,-13.3834,0.2495,1.5019
20.048,raw,2048,-13.1865,-0.3195,1.5056
20.048,raw,2063,-13.0225,-0.8791,1.5080
20.048,raw,2077,-8.1315,-0.6357,1.6156
20.048,raw,2092,-8.0543,-0.9875,1.6159
20.048,raw,2107,-12.5376,-2.4783,1.5121
20.048,raw,2122,-12.3619,-3.0127,1.5128
20.048,raw,2136,-12.2335,-3.5221,1.5121
20.048,raw,2151,-11.8795,-3.9877,1.5159
20.048,raw,2166,-11.7376,-4.5315,1.5142
20.048,raw,2181,-11.6074,-5.0897,1.5116
20.048,raw,2195,-11.4676,-5.6121,1.5090
20.048,raw,2210,-11.2214,-6.1272,1.5081
20.048,raw,2225,-11.0840,-6.7198,1.5037
20.048,raw,2239,-10.9029,-7.2551,1.5003
20.048,raw,2254,-10.6060,-7.7665,1.4987
20.048,raw,2269,-10.3836,-8.3514,1.4943
20.048,raw,2284,-10.0876,-8.8925,1.4912
20.048,raw,2298,-9.9154,-9.5204,1.4842
20.048,raw,2313,-9.6019,-10.0938,1.4797
20.048,raw,2328,-9.4621,-10.9065,1.4682
20.048,raw,2343,-9.1241,-11.5341,1.4619
20.048,raw,2357,-8.9809,-12.4079,1.4482
20.048,raw,2372,-8.6228,-13.1271,1.4393
20.048,raw,2387,-8.2390,-13.8736,1.4296
20.048,raw,2402,-8.0350,-15.0525,1.4089
20.048,raw,2416,-9.1854,-19.1927,1.3157
20.048,raw,2431,-8.7782,-20.6752,1.2894
20.048,raw,2446,-8.2909,-22.2426,1.2611
20.048,raw,2461,-7.8804,-24.4216,1.2185
20.048,raw,2475,-7.3107,-26.3486,1.1813
20.048,raw,2490,-6.4645,-28.0672,1.1491
20.048,raw,2505,-5.3044,-28.7869,1.1387
20.048,raw,2519,-4.1888,-29.5028,1.1271
20.048,raw,2534,-2.9456,-30.2855,1.1132
20.048,raw,2549,-1.6473,-31.0982,1.0975
20.048,raw,2564,-0.2863,-31.9866,1.0790
20.048,raw,2578,1.0577,-33.0298,1.0557
20.048,raw,2593,2.5637,-33.7140,1.0390
20.048,raw,2608,4.6571,-0.6836,1.6954
20.048,raw,2623,4.5247,-0.4390,1.6996
20.048,raw,2637,4.3827,-0.2218,1.7038
20.048,raw,2652,4.2421,-0.0077,1.7077
20.048,raw,2667,4.0964,0.1920,1.7115
20.048,raw,2682,4.3087,0.3483,1.7072
20.048,raw,2696,4.5460,0.5082,1.7022
20.048,raw,2711,4.8599,0.7003,1.6953
20.048,raw,2726,-21.8367,28.1356,1.0243
20.048,raw,2741,-20.9089,24.7690,1.0944
20.048,raw,2755,-20.3228,22.2788,1.1438
20.048,raw,2770,-19.5412,19.7365,1.1959
20.048,raw,2785,-18.6451,17.3613,1.2460
20.048,raw,2799,-18.1067,15.6146,1.2801
20.048,raw,2814,-17.3462,13.7753,1.3183
20.048,raw,2829,-16.9136,12.3394,1.3446
20.048,raw,2844,-11.0608,7.6461,1.5094
20.048,raw,2858,-16.0873,9.8934,1.3887
20.048,raw,2873,-15.7432,8.8142,1.4067
20.048,raw,2888,-15.4587,7.8382,1.4217
20.048,raw,2903,-15.1838,6.9280,1.4353
20.048,raw,2917,-14.9727,6.1446,1.4459
20.048,raw,2932,-14.9692,5.4185,1.4511
20.048,raw,2947,-14.7201,4.6466,1.4611
20.048,raw,2962,-14.4973,3.9193,1.4697
20.048,raw,2976,-14.3177,3.2753,1.4764
20.048,raw,2991,-14.1186,2.6104,1.4830
20.048,raw,3006,-13.9011,1.9687,1.4893
20.048,raw,3021,-13.6888,1.3510,1.4950
20.048,raw,3035,-13.5261,0.7936,1.4989
20.048,raw,3050,-22.4346,-0.0417,1.8306
20.048,raw,3065,-22.3497,-1.0106,1.8305
20.048,raw,3079,-22.2510,-1.9117,1.8305
20.048,raw,3094,-8.3261,-0.6669,1.8116
20.048,raw,3109,-8.1920,-1.0156,1.8115
20.048,raw,3124,-21.9903,-4.8404,1.8309
20.048,raw,3138,-21.9156,-5.7738,1.8311
20.048,raw,3153,-21.8265,-6.7889,1.8314
20.048,raw,3168,-21.7552,-7.8334,1.8318
20.048,raw,3183,-21.7014,-8.9150,1.8323
20.048,raw,3197,-21.5960,-9.9309,1.8327
20.048,raw,3212,-21.5284,-11.0799,1.8334
20.048,raw,3227,-14.1583,-7.8914,1.8226
20.048,raw,3242,-23.3056,-14.7979,1.8380
20.048,raw,3256,-22.8678,-15.8746,1.8384
20.048,raw,3271,-22.4310,-17.0850,1.8389
20.048,raw,3286,-21.9504,-18.3039,1.8394
20.048,raw,3301,-21.4669,-19.5709,1.8401
20.048,raw,3315,-21.0021,-20.7966,1.8408
20.048,raw,3330,-20.5213,-22.2023,1.8418
20.048,raw,3345,-20.0129,-23.6723,1.8428
20.048,raw,3359,-19.5306,-25.1377,1.8440
20.048,raw,3374,-18.9042,-26.6869,1.8452
20.048,raw,3389,-18.1951,-28.2530,1.8464
20.048,raw,3404,4.7325,-0.7936,1.8066
20.048,raw,3418,4.5941,-0.5531,1.8063
20.048,raw,3433,4.4228,-0.3082,1.8060
20.048,raw,3448,4.2856,-0.0891,1.8057
20.048,raw,3463,4.1740,0.1112,1.8056
20.048,raw,3477,4.1762,0.2766,1.8055
20.048,raw,3492,4.4700,0.4359,1.8059
20.048,raw,3507,4.7371,0.6202,1.8063
20.048,raw,3522,5.0640,0.8290,1.8067
20.048,raw,3536,-25.5037,23.3261,1.8463
20.048,raw,3551,-24.9565,20.9867,1.8437
20.048,raw,3566,-24.4780,18.9017,1.8415
20.048,raw,3581,-24.0575,17.0251,1.8395
20.048,raw,3595,-23.9913,15.6037,1.8384
20.048,raw,3610,-23.8436,14.1198,1.8372
20.048,raw,3625,-23.6982,12.7196,1.8362
20.048,raw,3639,-23.5613,11.4774,1.8353
20.048,raw,3654,-23.4484,10.2217,1.8344
20.048,raw,3669,-23.3311,9.0171,1.8337
20.048,raw,3684,-23.2242,7.8621,1.8331
20.048,raw,3698,-23.1012,6.8135,1.8325
20.048,raw,3713,-23.0205,5.7364,1.8321
20.048,raw,3728,-22.9067,4.6806,1.8317
20.048,raw,3743,-22.8144,3.6530,1.8313
20.048,raw,3757,-22.7189,2.7106,1.8311
20.048,raw,3772,-22.6252,1.7172,1.8308
20.048,raw,3787,-22.5107,0.7357,1.8307
20.048,raw,3802,-31.7896,-3.4841,2.5973
20.048,raw,3816,-17.5318,-3.2975,2.2483
20.048,raw,3831,-15.4626,-7.6676,2.2380
20.048,raw,3846,-11.2572,-8.4935,2.1622
20.048,raw,3861,4.6661,-0.7006,1.9178
20.048,raw,3875,4.5400,-0.4700,1.9133
20.048,raw,3890,4.3922,-0.2367,1.9084
20.048,raw,3905,4.2523,-0.0216,1.9039
20.048,raw,3919,4.1257,0.1649,1.9002
20.048,raw,3934,4.2641,0.3279,1.9031
20.048,raw,3949,4.5354,0.4959,1.9096
20.048,raw,3964,4.8441,0.6866,1.9171
20.048,raw,3978,-31.7449,-3.2921,3.3487
20.048,raw,3993,-14.6993,-5.3324,2.5713
20.048,raw,4008,-11.4486,-8.7583,2.5201
20.048,raw,4023,4.6587,-0.6841,2.0288
20.048,raw,4037,4.5304,-0.4540,2.0198
20.048,raw,4052,4.3849,-0.2223,2.0104
20.048,raw,4067,4.2485,-0.0088,2.0020
20.048,raw,4082,4.1035,0.1911,1.9937
20.048,raw,4096,4.2843,0.3382,2.0017
20.048,raw,4111,4.5616,0.5076,2.0145
20.048,raw,4126,4.8523,0.7003,2.0284
20.048,raw,4141,-17.5064,-5.8888,3.1493
20.048,raw,4155,-13.8447,-8.0901,2.9829
20.048,raw,4170,4.3636,-0.2050,2.1112
20.048,raw,4185,4.2231,0.0076,2.0985
20.048,raw,4199,4.1133,0.1899,2.0888
20.048,raw,4214,4.3290,0.3467,2.1031
20.048,raw,4229,4.5753,0.5198,2.1200
20.048,raw,4244,-16.6150,-8.9784,3.6417
20.048,raw,4258,-16.5564,0.3393,3.7847
20.048,raw,4273,-16.3487,-0.3677,3.7636
20.048,raw,4288,-16.1262,-1.0591,3.7442
20.048,raw,4303,-15.9318,-1.7419,3.7317
20.048,raw,4317,-15.5116,-2.3260,3.6942
20.048,raw,4332,-15.1839,-3.4684,3.6868
20.048,raw,4347,-14.8548,-4.5593,3.6879
20.048,raw,4362,-14.6078,-5.5932,3.7050
20.048,raw,4376,-14.3835,-6.2507,3.7129
20.048,raw,4391,-14.1787,-6.9266,3.7274
20.048,raw,4406,-13.9612,-7.6086,3.7445
21.195,raw,0,4.7397,-0.7734,0.8914
21.195,raw,15,4.5521,-0.5071,0.9394
21.195,raw,30,4.4327,-0.2783,0.9715
21.195,raw,45,4.2815,-0.0583,1.0076
21.195,raw,61,4.1363,0.1562,1.0408
21.195,raw,76,4.2840,0.3176,1.0166
21.195,raw,91,4.5449,0.4854,0.9697
21.195,raw,107,4.8604,0.6884,0.9112
21.195,raw,122,4.7242,-0.7395,1.0121
21.195,raw,137,4.5683,-0.4842,1.0482
21.195,raw,153,4.3939,-0.2311,1.0857
21.195,raw,168,4.2441,-0.0151,1.1166
21.195,raw,183,4.1334,0.1799,1.1392
21.195,raw,199,4.3230,0.3505,1.1112
21.195,raw,214,4.5916,0.5217,1.0688
21.195,raw,229,4.8877,0.7157,1.0207
21.195,raw,245,-5.6058,-5.6451,0.6028
21.195,raw,260,-5.4039,-5.9785,0.5861
21.195,raw,275,-5.1736,-6.2927,0.5717
21.195,raw,290,-4.9308,-6.6057,0.5562
21.195,raw,306,-4.6668,-6.9528,0.5361
21.195,raw,321,-4.4071,-7.2824,0.5152
21.195,raw,336,4.6869,-0.7136,1.1332
21.195,raw,352,4.5285,-0.4467,1.1648
21.195,raw,367,4.3749,-0.2143,1.1932
21.195,raw,382,4.2569,-0.0051,1.2149
21.195,raw,398,4.1046,0.2067,1.2402
21.195,raw,413,4.3497,0.3606,1.2082
21.195,raw,428,4.6215,0.5335,1.1715
21.195,raw,444,4.9342,0.7436,1.1280
21.195,raw,459,-6.0831,-6.2110,0.7202
21.195,raw,474,-5.8777,-6.5909,0.7024
21.195,raw,490,-5.5822,-6.9201,0.6936
21.195,raw,505,-5.3668,-7.3310,0.6694
21.195,raw,520,-5.0994,-7.6941,0.6512
21.195,raw,535,-4.8057,-8.0396,0.6341
21.195,raw,551,-4.2465,-7.9565,0.6734
21.195,raw,566,-4.1857,-8.8327,0.5846
21.195,raw,581,-3.8524,-9.2109,0.5594
21.195,raw,597,-3.5002,-9.6890,0.5218
21.195,raw,612,-3.0974,-9.9937,0.5027
21.195,raw,627,4.5965,-0.5467,1.2621
21.195,raw,643,4.4420,-0.2934,1.2867
21.195,raw,658,4.2802,-0.0704,1.3103
21.195,raw,673,4.1591,0.1296,1.3279
21.195,raw,689,4.2622,0.3076,1.3184
21.195,raw,704,4.5100,0.4744,1.2910
21.195,raw,719,4.8154,0.6615,1.2561
21.195,raw,735,-6.8043,-6.7061,0.8612
21.195,raw,750,-6.5693,-7.1029,0.8484
21.195,raw,765,-6.3051,-7.4835,0.8368
21.195,raw,780,-6.0639,-7.9156,0.8183
21.195,raw,796,-5.7767,-8.3673,0.7988
21.195,raw,811,-5.5064,-8.8251,0.7761
21.195,raw,826,-4.5293,-8.0121,0.8861
21.195,raw,842,-4.0701,-8.1038,0.8978
21.195,raw,857,-4.4502,-10.0649,0.7178
21.195,raw,872,-4.0818,-10.5160,0.6917
21.195,raw,888,-3.6661,-11.0175,0.6607
21.195,raw,903,-3.2890,-11.6413,0.6154
21.195,raw,918,-2.9168,-12.4772,0.5489
21.195,raw,934,4.7000,-0.7176,1.3580
21.195,raw,949,4.5259,-0.4595,1.3800
21.195,raw,964,4.3808,-0.2283,1.3981
21.195,raw,980,4.2364,-0.0017,1.4151
21.195,raw,995,4.1200,0.1932,1.4284
21.195,raw,1010,4.3234,0.3505,1.4112
21.195,raw,1025,4.5985,0.5215,1.3866
21.195,raw,1041,4.9083,0.7296,1.3582
21.195,raw,1056,-7.8434,-6.9768,1.0365
21.195,raw,1071,-7.6194,-7.4327,1.0251
21.195,raw,1087,-7.3542,-7.9141,1.0129
21.195,raw,1102,-7.0554,-8.3278,1.0042
21.195,raw,1117,-6.7879,-8.8044,0.9892
21.195,raw,1133,-6.4405,-9.2583,0.9772
21.195,raw,1148,-6.1137,-9.7120,0.9627
21.195,raw,1163,-5.7751,-10.1839,0.9461
21.195,raw,1179,-4.0920,-8.0209,1.1320
21.195,raw,1194,-5.0201,-11.2107,0.9052
21.195,raw,1209,-4.6357,-11.7695,0.8795
21.195,raw,1225,-4.1682,-12.3079,0.8553
21.195,raw,1240,-3.8303,-13.2774,0.7982
21.195,raw,1255,-3.4016,-14.1781,0.7455
21.195,raw,1271,-2.9391,-15.5074,0.6625
21.195,raw,1286,-2.3978,-16.7202,0.5861
21.195,raw,1301,4.7344,-0.7717,1.4672
21.195,raw,1316,4.5639,-0.5103,1.4835
21.195,raw,1332,4.4025,-0.2586,1.4985
21.195,raw,1347,4.2535,-0.0411,1.5115
21.195,raw,1362,4.1349,0.1564,1.5217
21.195,raw,1378,4.2850,0.3295,1.5127
21.195,raw,1393,4.5571,0.4976,1.4947
21.195,raw,1408,4.8548,0.6884,1.4744
21.195,raw,1424,-10.3512,-4.4036,1.2694
21.195,raw,1439,-10.1394,-4.8603,1.2685
21.195,raw,1454,-9.9222,-5.3168,1.2668
21.195,raw,1470,-9.6918,-5.8101,1.2638
21.195,raw,1485,-9.5506,-6.3349,1.2555
21.195,raw,1500,-9.3398,-6.8258,1.2496
21.195,raw,1516,-9.0362,-7.2986,1.2465
21.195,raw,1531,-8.8041,-7.8010,1.2389
21.195,raw,1546,-8.5195,-8.2711,1.2330
21.195,raw,1561,-8.2573,-8.7848,1.2240
21.195,raw,1577,-7.9495,-9.3297,1.2141
21.195,raw,1592,-7.6248,-9.8240,1.2053
21.195,raw,1607,-7.2450,-10.2681,1.1988
21.195,raw,1623,-6.8836,-10.8422,1.1857
21.195,raw,1638,-6.5459,-11.4346,1.1700
21.195,raw,1653,-4.1396,-7.9290,1.3622
21.195,raw,1669,-5.7175,-12.6096,1.1388
21.195,raw,1684,-5.3119,-13.2931,1.1171
21.195,raw,1699,-4.8874,-14.0517,1.0913
21.195,raw,1715,-4.4847,-15.2322,1.0456
21.195,raw,1730,-4.1338,-16.8069,0.9804
21.195,raw,1745,-4.5211,-22.7326,0.7132
21.195,raw,1761,-3.6724,-24.4581,0.6425
21.195,raw,1776,-2.6316,-25.0309,0.6227
21.195,raw,1791,-1.5518,-25.6118,0.6006
21.195,raw,1806,-0.4249,-26.0464,0.5830
21.195,raw,1822,0.8199,-26.6554,0.5552
21.195,raw,1837,2.0416,-27.2444,0.5258
21.195,raw,1852,4.7006,-0.7322,1.5825
21.195,raw,1868,4.5287,-0.4602,1.5934
21.195,raw,1883,4.4007,-0.2326,1.6015
21.195,raw,1898,4.2582,-0.0175,1.6097
21.195,raw,1914,4.1205,0.1932,1.6173
21.195,raw,1929,4.3257,0.3503,1.6087
21.195,raw,1944,4.5940,0.5216,1.5970
21.195,raw,1960,4.9132,0.7296,1.5826
21.195,raw,1975,22.3738,9.5660,0.7102
21.195,raw,1990,-17.9848,21.4454,0.5458
21.195,raw,2006,-17.4747,19.0807,0.6409
21.195,raw,2021,-16.8930,17.0032,0.7265
21.195,raw,2036,-16.6012,15.3934,0.7858
21.195,raw,2051,-16.0112,13.6856,0.8564
21.195,raw,2067,-15.5371,12.1576,0.9159
21.195,raw,2082,-10.9100,8.0615,1.1954
21.195,raw,2097,-11.3245,7.6434,1.1897
21.195,raw,2113,-14.2850,8.5569,1.0522
21.195,raw,2128,-14.0512,7.6532,1.0806
21.195,raw,2143,-13.9954,0.2723,1.4880
21.195,raw,2159,-13.7380,-0.3601,1.4929
21.195,raw,2174,-13.5114,-0.9371,1.4967
21.195,raw,2189,-8.0811,-0.6528,1.6163
21.195,raw,2205,-8.1490,-1.0583,1.6131
21.195,raw,2220,-12.8085,-2.6277,1.5051
21.195,raw,2235,-12.5870,-3.1624,1.5066
21.195,raw,2251,-12.1787,-3.6663,1.5117
21.195,raw,2266,-11.9554,-4.1833,1.5123
21.195,raw,2281,-11.7544,-4.7091,1.5118
21.195,raw,2297,-11.5671,-5.2875,1.5100
21.195,raw,2312,-11.2996,-5.7869,1.5100
21.195,raw,2327,-11.1088,-6.3355,1.5074
21.195,raw,2342,-10.9269,-6.9037,1.5039
21.195,raw,2358,-10.5929,-7.4244,1.5032
21.195,raw,2373,-10.3686,-7.9911,1.4993
21.195,raw,2388,-10.0335,-8.4797,1.4979
21.195,raw,2404,-9.7687,-9.1029,1.4927
21.195,raw,2419,-9.4010,-9.5891,1.4906
21.195,raw,2434,-9.1362,-10.2103,1.4843
21.195,raw,2450,-8.7357,-10.7674,1.4803
21.195,raw,2465,-8.4430,-11.4349,1.4723
21.195,raw,2480,-8.0504,-12.0070,1.4667
21.195,raw,2496,-7.6265,-12.6593,1.4593
21.195,raw,2511,-4.4044,-7.9574,1.5845
21.195,raw,2526,-4.0566,-8.2065,1.5830
21.195,raw,2542,-6.3260,-14.8305,1.4291
21.195,raw,2557,-7.8701,-21.1442,1.2869
21.195,raw,2572,-7.4104,-23.0025,1.2514
21.195,raw,2587,-6.7966,-24.8301,1.2165
21.195,raw,2603,-5.9586,-26.6576,1.1818
21.195,raw,2618,-4.8355,-27.2379,1.1741
21.195,raw,2633,-3.6842,-27.8512,1.1646
21.195,raw,2649,-2.4206,-28.5961,1.1513
21.195,raw,2664,-1.1879,-29.3996,1.1354
21.195,raw,2679,0.1093,-30.2352,1.1176
21.195,raw,2695,1.5529,-30.6926,1.1068
21.195,raw,2710,2.9641,-31.2826,1.0918
21.195,raw,2725,4.4703,-32.1222,1.0697
21.195,raw,2741,6.2293,-33.3131,1.0378
21.195,raw,2756,4.6016,-0.5757,1.6976
21.195,raw,2771,4.4411,-0.3323,1.7024
21.195,raw,2787,4.3133,-0.1013,1.7062
21.195,raw,2802,4.1775,0.1034,1.7099
21.195,raw,2817,4.1914,0.2788,1.7101
21.195,raw,2832,4.4481,0.4401,1.7047
21.195,raw,2848,4.7661,0.6351,1.6978
21.195,raw,2863,5.0995,0.8455,1.6904
21.195,raw,2878,-23.5446,25.7069,1.0397
21.195,raw,2894,-22.3779,22.3830,1.1100
21.195,raw,2909,-20.9937,19.3610,1.1777
21.195,raw,2924,-20.1118,17.0828,1.2250
21.195,raw,2940,-19.3126,15.0069,1.2670
21.195,raw,2955,-10.9204,8.1145,1.5060
21.195,raw,2970,-18.0920,11.8233,1.3286
21.195,raw,2986,-17.8985,10.5964,1.3459
21.195,raw,3001,-17.4293,9.3748,1.3675
21.195,raw,3016,-17.0155,8.2683,1.3861
21.195,raw,3032,-16.5430,7.1600,1.4052
21.195,raw,3047,-16.4946,6.3292,1.4124
21.195,raw,3062,-16.1389,5.4368,1.4258
21.195,raw,3077,-15.7672,4.5930,1.4386
21.195,raw,3093,-15.4262,3.7582,1.4499
21.195,raw,3108,-15.1251,3.0204,1.4593
21.195,raw,3123,-14.8343,2.3193,1.4677
21.195,raw,3139,-14.5706,1.6090,1.4748
21.195,raw,3154,-14.2863,0.9681,1.4816
21.195,raw,3169,-34.2236,-0.0231,1.8466
21.195,raw,3185,-33.3180,-1.5463,1.8454
21.195,raw,3200,-32.4344,-2.9028,1.8444
21.195,raw,3215,-8.3691,-0.6245,1.8117
21.195,raw,3231,-8.2212,-0.9983,1.8116
21.195,raw,3246,-30.0558,-6.7655,1.8421
21.195,raw,3261,-29.3265,-7.9486,1.8416
21.195,raw,3277,-28.4680,-9.1461,1.8410
21.195,raw,3292,-27.7080,-10.2482,1.8405
21.195,raw,3307,-16.0656,-6.4972,1.8240
21.195,raw,3322,-26.2304,-12.3913,1.8399
21.195,raw,3338,-25.4649,-13.5140,1.8397
21.195,raw,3353,-24.7351,-14.5468,1.8395
21.195,raw,3368,-24.0386,-15.5933,1.8395
21.195,raw,3384,-23.2615,-16.6852,1.8395
21.195,raw,3399,-22.5351,-17.7134,1.8396
21.195,raw,3414,-21.8418,-18.7805,1.8398
21.195,raw,3430,-21.1082,-19.9497,1.8401
21.195,raw,3445,-20.3911,-21.0496,1.8405
21.195,raw,3460,-19.7028,-22.2232,1.8411
21.195,raw,3476,-18.9145,-23.4736,1.8417
21.195,raw,3491,-18.1564,-24.6897,1.8424
21.195,raw,3506,-17.3940,-25.9847,1.8432
21.195,raw,3522,-16.5144,-27.3777,1.8442
21.195,raw,3537,-15.6610,-28.7622,1.8453
21.195,raw,3552,-14.7677,-30.2259,1.8465
21.195,raw,3568,4.7139,-0.7507,1.8065
21.195,raw,3583,4.5327,-0.4883,1.8062
21.195,raw,3598,4.4023,-0.2586,1.8059
21.195,raw,3613,4.2464,-0.0399,1.8057
21.195,raw,3629,4.1399,0.1674,1.8055
21.195,raw,3644,4.2713,0.3307,1.8056
21.195,raw,3659,4.5610,0.4974,1.8060
21.195,raw,3675,4.8836,0.7021,1.8064
21.195,raw,3690,-35.2223,1.8864,1.8479
21.195,raw,3705,-17.4206,0.2731,2.2352
21.195,raw,3721,-16.6486,-0.4825,2.2169
21.195,raw,3736,-15.8986,-1.9262,2.2026
21.195,raw,3751,-16.5752,-3.7457,2.2284
21.195,raw,3767,-15.5462,-7.3183,2.2363
21.195,raw,3782,-13.8975,-8.0767,2.2100
21.195,raw,3797,4.6980,-0.7170,1.9182
21.195,raw,3813,4.5306,-0.4473,1.9124
21.195,raw,3828,4.3647,-0.2121,1.9071
21.195,raw,3843,4.2318,-0.0009,1.9029
21.195,raw,3858,4.0888,0.1971,1.8987
21.195,raw,3874,4.3364,0.3616,1.9044
21.195,raw,3889,4.6035,0.5341,1.9107
21.195,raw,3904,4.9148,0.7296,1.9184
21.195,raw,3920,-31.8323,-3.4891,3.3550
21.195,raw,3935,-26.0448,-13.9342,3.2463
21.195,raw,3950,-19.7316,-24.2141,3.3364
21.195,raw,3966,4.5998,-0.5614,2.0235
21.195,raw,3981,4.4394,-0.3188,2.0131
21.195,raw,3996,4.2945,-0.0977,2.0041
21.195,raw,4012,4.1463,0.1196,1.9953
21.195,raw,4027,4.2291,0.2869,1.9983
21.195,raw,4042,4.4673,0.4515,2.0092
21.195,raw,4058,4.7989,0.6482,2.0249
21.195,raw,4073,-16.7469,0.8707,2.6144
21.195,raw,4088,-25.9860,-14.0990,3.9533
21.195,raw,4103,4.6682,-0.6936,2.1398
21.195,raw,4119,4.4934,-0.4243,2.1225
21.195,raw,4134,4.3721,-0.2010,2.1104
21.195,raw,4149,4.2231,0.0126,2.0971
21.195,raw,4165,4.1006,0.2188,2.0863
21.195,raw,4180,4.3488,0.3728,2.1030
21.195,raw,4195,4.6146,0.5467,2.1214
21.195,raw,4211,4.9562,0.7577,2.1457
21.195,raw,4226,-19.5250,-0.1158,3.6757
21.195,raw,4241,-19.2977,-0.9479,3.6590
21.195,raw,4257,-19.0225,-1.8162,3.6418
21.195,raw,4272,-17.5411,-5.7908,3.5946
21.195,raw,4287,4.5930,-0.5871,2.2417
21.195,raw,4303,4.4376,-0.3314,2.2212
21.195,raw,4318,4.3037,-0.1119,2.2044
21.195,raw,4333,4.1790,0.0913,2.1894
21.195,raw,4348,4.1862,0.2676,2.1880
21.195,raw,4364,4.4449,0.4403,2.2113
21.195,raw,4379,4.7526,0.6220,2.2400
21.195,raw,4394,-16.7469,0.8707,3.4095
21.195,raw,4410,-16.4746,0.0564,3.7783
21.195,raw,4425,-16.2610,-0.6452,3.7579
21.195,raw,4440,-16.0401,-1.3322,3.7401
21.195,raw,4456,-16.5976,-2.1884,3.8207
21.195,raw,4471,-15.4256,-2.6835,3.6950
21.195,raw,4486,-15.2136,-3.3374,3.6885
21.195,raw,4502,-14.9937,-4.0331,3.6862
21.195,raw,4517,-14.7889,-4.6854,3.6878
21.195,raw,4532,-14.6637,-5.4227,3.7055
21.195,raw,4548,-14.4413,-6.1313,3.7153
21.195,raw,4563,-14.2271,-6.8019,3.7278
21.195,raw,4578,-14.0165,-7.4865,3.7450
22.207,raw,0,4.7605,-0.7554,0.8901
22.207,raw,16,4.5775,-0.4777,0.9376
22.207,raw,32,4.3970,-0.2238,0.9817
22.207,raw,48,4.2649,0.0007,1.0140
22.207,raw,64,4.1232,0.2109,1.0460
22.207,raw,80,4.3393,0.3800,1.0085
22.207,raw,96,4.6184,0.5662,0.9577
22.207,raw,112,4.9662,0.7789,0.8924
22.207,raw,128,4.6543,-0.6093,1.0304
22.207,raw,144,4.4884,-0.3483,1.0676
22.207,raw,161,4.3329,-0.0974,1.1011
22.207,raw,177,4.1957,0.1194,1.1290
22.207,raw,193,4.2188,0.3061,1.1288
22.207,raw,209,4.4879,0.4820,1.0867
22.207,raw,225,4.8179,0.6819,1.0333
22.207,raw,241,-5.6786,-5.6165,0.5985
22.207,raw,257,-5.4466,-5.9533,0.5846
22.207,raw,273,-5.1960,-6.2821,0.5707
22.207,raw,289,-4.9259,-6.6003,0.5571
22.207,raw,306,-4.6357,-6.9536,0.5382
22.207,raw,322,-4.3509,-7.2919,0.5178
22.207,raw,338,4.6744,-0.6574,1.1382
22.207,raw,354,4.5205,-0.3958,1.1686
22.207,raw,370,4.3821,-0.1571,1.1948
22.207,raw,386,4.2226,0.0678,1.2222
22.207,raw,402,4.1541,0.2656,1.2353
22.207,raw,418,4.4207,0.4358,1.2000
22.207,raw,434,4.7324,0.6291,1.1573
22.207,raw,450,5.0577,0.8514,1.1113
22.207,raw,467,-5.9685,-6.4471,0.7081
22.207,raw,483,-5.7007,-6.8058,0.6956
22.207,raw,499,-5.4536,-7.2122,0.6748
22.207,raw,515,-5.1495,-7.5622,0.6609
22.207,raw,531,-4.8437,-7.9330,0.6426
22.207,raw,547,-4.3532,-7.9816,0.6651
22.207,raw,563,-3.9927,-8.2713,0.6533
22.207,raw,579,-3.8181,-9.0447,0.5788
22.207,raw,595,-3.4495,-9.4500,0.5501
22.207,raw,612,-3.0230,-9.8555,0.5207
22.207,raw,628,4.6568,-0.5960,1.2547
22.207,raw,644,4.4680,-0.3303,1.2837
22.207,raw,660,4.3148,-0.0941,1.3067
22.207,raw,676,4.1935,0.1197,1.3247
22.207,raw,692,4.2025,0.3077,1.3261
22.207,raw,708,4.4962,0.4817,1.2935
22.207,raw,724,4.8006,0.6819,1.2586
22.207,raw,740,-6.8314,-6.7773,0.8544
22.207,raw,757,-6.5248,-7.1871,0.8449
22.207,raw,773,-6.2720,-7.6359,0.8273
22.207,raw,789,-5.9823,-8.0642,0.8113
22.207,raw,805,-5.6349,-8.4331,0.8007
22.207,raw,821,-5.3252,-8.8914,0.7791
22.207,raw,837,-4.2801,-7.9619,0.9009
22.207,raw,853,-4.5717,-9.6807,0.7458
22.207,raw,869,-4.1825,-10.1167,0.7229
22.207,raw,885,-3.7628,-10.5379,0.7000
22.207,raw,901,-3.3515,-11.0709,0.6647
22.207,raw,918,-2.9351,-11.8885,0.6017
22.207,raw,934,-2.4824,-12.6701,0.5400
22.207,raw,950,4.6979,-0.6644,1.3603
22.207,raw,966,4.5076,-0.3926,1.3839
22.207,raw,982,4.3698,-0.1547,1.4011
22.207,raw,998,4.2264,0.0672,1.4177
22.207,raw,1014,4.1466,0.2664,1.4274
22.207,raw,1030,4.3932,0.4374,1.4059
22.207,raw,1046,4.7246,0.6292,1.3759
22.207,raw,1063,5.1050,0.8673,1.3404
22.207,raw,1079,-7.7382,-7.3216,1.0247
22.207,raw,1095,-7.4498,-7.7735,1.0156
22.207,raw,1111,-7.1702,-8.2569,1.0029
22.207,raw,1127,-6.8008,-8.6500,0.9972
22.207,raw,1143,-6.4908,-9.1467,0.9816
22.207,raw,1159,-6.1230,-9.5907,0.9695
22.207,raw,1175,-5.7346,-10.0330,0.9565
22.207,raw,1191,-4.1037,-7.9824,1.1340
22.207,raw,1208,-4.9136,-11.0529,0.9181
22.207,raw,1224,-4.4794,-11.5660,0.8965
22.207,raw,1240,-4.0054,-12.0544,0.8755
22.207,raw,1256,-3.6249,-12.9915,0.8211
22.207,raw,1272,-3.1656,-13.9146,0.7670
22.207,raw,1288,-2.6742,-15.0757,0.6952
22.207,raw,1304,-2.0809,-16.2065,0.6244
22.207,raw,1320,-1.4090,-17.5457,0.5374
22.207,raw,1336,4.6102,-0.5689,1.4799
22.207,raw,1352,4.4634,-0.3161,1.4940
22.207,raw,1369,4.3184,-0.0699,1.5073
22.207,raw,1385,4.1692,0.1467,1.5198
22.207,raw,1401,4.2476,0.3273,1.5157
22.207,raw,1417,4.5108,0.5061,1.4984
22.207,raw,1433,4.8267,0.7088,1.4768
22.207,raw,1449,-10.6137,-4.5659,1.2552
22.207,raw,1465,-10.3730,-5.0614,1.2546
22.207,raw,1481,-10.0949,-5.5371,1.2547
22.207,raw,1497,-9.8393,-6.0289,1.2525
22.207,raw,1514,-9.5579,-6.5520,1.2492
22.207,raw,1530,-9.2960,-7.0568,1.2444
22.207,raw,1546,-9.0441,-7.5851,1.2374
22.207,raw,1562,-8.7491,-8.0924,1.2314
22.207,raw,1578,-8.4161,-8.5783,1.2260
22.207,raw,1594,-8.0636,-9.0597,1.2202
22.207,raw,1610,-7.7028,-9.5517,1.2130
22.207,raw,1626,-7.3407,-10.0693,1.2037
22.207,raw,1642,-6.9636,-10.6006,1.1930
22.207,raw,1658,-6.5732,-11.1550,1.1805
22.207,raw,1675,-4.2129,-7.9527,1.3598
22.207,raw,1691,-5.6745,-12.3018,1.1524
22.207,raw,1707,-5.1840,-12.8412,1.1384
22.207,raw,1723,-4.7428,-13.6168,1.1122
22.207,raw,1739,-4.3178,-14.6423,1.0735
22.207,raw,1755,-3.8870,-15.9820,1.0196
22.207,raw,1771,-3.4469,-17.8549,0.9406
22.207,raw,1787,-3.3429,-23.1379,0.7042
22.207,raw,1803,-2.3423,-24.2582,0.6592
22.207,raw,1820,-1.1422,-24.7670,0.6402
22.207,raw,1836,0.0271,-25.2406,0.6201
22.207,raw,1852,4.7235,-0.7439,1.5817
22.207,raw,1868,4.5644,-0.4743,1.5920
22.207,raw,1884,4.4038,-0.2252,1.6018
22.207,raw,1900,4.2555,0.0023,1.6103
22.207,raw,1916,4.1128,0.2121,1.6181
22.207,raw,1932,4.3247,0.3810,1.6092
22.207,raw,1948,4.6101,0.5664,1.5966
22.207,raw,1965,4.9597,0.7926,1.5808
22.207,raw,1981,23.1716,10.2448,0.6651
22.207,raw,1997,-19.4356,19.1490,0.5750
22.207,raw,2013,-18.8356,17.0014,0.6607
22.207,raw,2029,-17.9508,14.8473,0.7541
22.207,raw,2045,-17.2226,13.0331,0.8301
22.207,raw,2061,-10.9329,7.8169,1.2003
22.207,raw,2077,-16.1799,10.1640,0.9408
22.207,raw,2093,-15.5821,8.8740,0.9930
22.207,raw,2109,-16.0109,0.5472,1.4435
22.207,raw,2126,-15.5458,-0.2166,1.4532
22.207,raw,2142,-15.1425,-0.9012,1.4609
22.207,raw,2158,-8.2037,-0.5723,1.6137
22.207,raw,2174,-8.0193,-0.9314,1.6164
22.207,raw,2190,-14.0114,-2.7996,1.4783
22.207,raw,2206,-13.6512,-3.3920,1.4826
22.207,raw,2222,-13.2967,-3.9691,1.4861
22.207,raw,2238,-12.5616,-4.3800,1.4982
22.207,raw,2254,-12.2744,-4.9402,1.4992
22.207,raw,2271,-11.9784,-5.5367,1.4993
22.207,raw,2287,-11.5323,-6.0031,1.5031
22.207,raw,2303,-11.3080,-6.5934,1.5006
22.207,raw,2319,-11.0552,-7.1781,1.4980
22.207,raw,2335,-10.6794,-7.6827,1.4981
22.207,raw,2351,-10.3608,-8.2372,1.4959
22.207,raw,2367,-10.0110,-8.7772,1.4937
22.207,raw,2383,-9.6745,-9.3456,1.4903
22.207,raw,2399,-9.2532,-9.8424,1.4886
22.207,raw,2416,-8.9066,-10.5099,1.4824
22.207,raw,2432,-8.4539,-11.0114,1.4797
22.207,raw,2448,-8.1076,-11.6949,1.4717
22.207,raw,2464,-7.6634,-12.2830,1.4660
22.207,raw,2480,-7.2681,-13.0146,1.4563
22.207,raw,2496,-4.0858,-8.0729,1.5854
22.207,raw,2512,-6.2694,-14.3173,1.4400
22.207,raw,2528,-5.7285,-15.0117,1.4302
22.207,raw,2544,-7.1313,-21.8696,1.2771
22.207,raw,2560,-6.4648,-23.5674,1.2453
22.207,raw,2577,-5.6532,-25.5862,1.2063
22.207,raw,2593,-4.5050,-26.2043,1.1978
22.207,raw,2609,-3.3207,-26.8400,1.1878
22.207,raw,2625,-2.0969,-27.5382,1.1753
22.207,raw,2641,-0.8194,-28.2821,1.1604
22.207,raw,2657,0.5187,-28.7295,1.1509
22.207,raw,2673,1.9055,-29.2786,1.1377
22.207,raw,2689,3.3592,-29.9094,1.1212
22.207,raw,2705,4.9006,-30.6405,1.1008
22.207,raw,2722,6.7040,-31.7512,1.0697
22.207,raw,2738,4.7028,-0.6944,1.6949
22.207,raw,2754,4.5285,-0.4246,1.7002
22.207,raw,2770,4.3543,-0.1768,1.7052
22.207,raw,2786,4.2321,0.0423,1.7087
22.207,raw,2802,4.1285,0.2451,1.7115
22.207,raw,2818,4.3751,0.4141,1.7064
22.207,raw,2834,4.6664,0.6039,1.7002
22.207,raw,2850,5.0106,0.8218,1.6926
22.207,raw,2866,-26.9723,21.7839,1.0418
22.207,raw,2883,-28.3658,19.9862,1.0402
22.207,raw,2899,-26.9824,17.2839,1.0982
22.207,raw,2915,-30.2018,17.3870,1.0356
22.207,raw,2931,-25.5071,13.3026,1.1691
22.207,raw,2947,-23.0911,10.8152,1.2406
22.207,raw,2963,-21.0810,8.7989,1.2985
22.207,raw,2979,-22.9130,8.3042,1.2641
22.207,raw,2995,-21.0489,6.6223,1.3143
22.207,raw,3011,-19.5355,5.2338,1.3543
22.207,raw,3028,-18.5902,4.0608,1.3799
22.207,raw,3044,-17.8422,3.0783,1.3996
22.207,raw,3060,-17.1542,2.1814,1.4168
22.207,raw,3076,-16.5173,1.3567,1.4320
22.207,raw,3092,-16.8496,0.0514,1.8230
22.207,raw,3108,-31.7433,-3.6441,1.8436
22.207,raw,3124,-33.6250,-5.4921,1.8465
22.207,raw,3140,-15.6822,-2.9702,1.8220
22.207,raw,3156,-31.4539,-8.1588,1.8445
22.207,raw,3173,-30.4002,-9.4970,1.8436
22.207,raw,3189,-14.7217,-5.0436,1.8216
22.207,raw,3205,-28.4642,-11.8767,1.8423
22.207,raw,3221,-14.9263,-6.7776,1.8228
22.207,raw,3237,-26.0637,-13.8278,1.8406
22.207,raw,3253,-25.7486,-15.2510,1.8412
22.207,raw,3269,-24.8815,-16.3516,1.8410
22.207,raw,3285,-23.9964,-17.4274,1.8409
22.207,raw,3301,-11.4771,-8.9011,1.8204
22.207,raw,3317,-21.8990,-19.2677,1.8403
22.207,raw,3334,-20.8532,-20.2757,1.8402
22.207,raw,3350,-19.9159,-21.2719,1.8403
22.207,raw,3366,-18.9646,-22.2661,1.8405
22.207,raw,3382,-18.0127,-23.2832,1.8407
22.207,raw,3398,-16.9516,-24.1797,1.8409
22.207,raw,3414,-15.8153,-24.9792,1.8409
22.207,raw,3430,-14.6905,-25.8141,1.8411
22.207,raw,3446,-13.5320,-26.6184,1.8414
22.207,raw,3462,-12.3620,-27.4424,1.8417
22.207,raw,3479,-11.0942,-28.3316,1.8422
22.207,raw,3495,-9.8914,-29.2439,1.8428
22.207,raw,3511,-8.6336,-30.1248,1.8434
22.207,raw,3527,-7.3334,-31.0273,1.8441
22.207,raw,3543,-5.6379,-30.1134,1.8425
22.207,raw,3559,-4.2840,-30.8306,1.8431
22.207,raw,3575,-2.8837,-31.5668,1.8439
22.207,raw,3591,-1.4274,-32.2897,1.8447
22.207,raw,3607,0.0889,-33.0762,1.8457
22.207,raw,3624,1.7884,-34.1081,1.8472
22.207,raw,3640,4.5831,-0.5201,1.8062
22.207,raw,3656,4.4177,-0.2668,1.8059
22.207,raw,3672,4.2759,-0.0378,1.8057
22.207,raw,3688,4.1398,0.1740,1.8055
22.207,raw,3704,4.2601,0.3500,1.8056
22.207,raw,3720,4.5575,0.5296,1.8060
22.207,raw,3736,4.8537,0.7360,1.8064
22.207,raw,3752,-18.7256,-0.5622,2.2686
22.207,raw,3768,-17.5473,-1.7178,2.2424
22.207,raw,3785,-15.5183,-2.6961,2.1970
22.207,raw,3801,-15.2924,-3.5410,2.1966
22.207,raw,3817,-15.0779,-4.2449,2.1965
22.207,raw,3833,-14.8491,-4.9447,2.1968
22.207,raw,3849,-15.5620,-6.3203,2.2261
22.207,raw,3865,-14.9544,-7.0089,2.2199
22.207,raw,3881,-25.8057,-14.4748,2.5447
22.207,raw,3897,4.7424,-0.7497,1.9193
22.207,raw,3913,4.5501,-0.4705,1.9129
22.207,raw,3930,4.3863,-0.2088,1.9074
22.207,raw,3946,4.2202,0.0201,1.9023
22.207,raw,3962,4.1097,0.2241,1.8989
22.207,raw,3978,4.3317,0.3926,1.9040
22.207,raw,3994,4.6212,0.5790,1.9110
22.207,raw,4010,4.9594,0.7926,1.9194
22.207,raw,4026,-31.8961,-3.8526,3.3607
22.207,raw,4042,-26.0319,-14.0074,3.2477
22.207,raw,4058,-19.7278,-24.3306,3.3408
22.207,raw,4074,4.6006,-0.5387,2.0229
22.207,raw,4091,4.4216,-0.2677,2.0113
22.207,raw,4107,4.2983,-0.0417,2.0034
22.207,raw,4123,4.1520,0.1724,1.9949
22.207,raw,4139,4.2667,0.3495,1.9995
22.207,raw,4155,4.5343,0.5305,2.0119
22.207,raw,4171,4.8558,0.7361,2.0273
22.207,raw,4187,-18.3616,-3.0873,3.1548
22.207,raw,4203,-13.8635,-8.1045,2.9862
22.207,raw,4219,4.5706,-0.5168,2.1290
22.207,raw,4236,4.4113,-0.2525,2.1134
22.207,raw,4252,4.2661,-0.0239,2.1000
22.207,raw,4268,4.1308,0.1867,2.0882
22.207,raw,4284,4.2801,0.3604,2.0976
22.207,raw,4300,4.5449,0.5427,2.1159
22.207,raw,4316,4.8829,0.7500,2.1400
22.207,raw,4332,-18.0906,0.4249,3.5383
22.207,raw,4348,-19.4452,-0.4966,3.6706
22.207,raw,4364,-19.1755,-1.3752,3.6519
22.207,raw,4381,-18.9031,-2.2932,3.6376
22.207,raw,4397,-18.3945,-3.2052,3.6055
22.207,raw,4413,-18.1346,-4.0374,3.5994
22.207,raw,4429,-17.8895,-4.8701,3.5986
22.207,raw,4445,-17.6116,-5.6920,3.5982
22.207,raw,4461,-17.3867,-6.6555,3.6115
22.207,raw,4477,-17.1424,-7.5066,3.6233
22.207,raw,4493,-16.8533,-8.3488,3.6347
22.207,raw,4509,-11.3961,-8.5588,3.2092
22.207,raw,4525,4.5731,-0.5038,2.2371
22.207,raw,4542,4.4035,-0.2380,2.2154
22.207,raw,4558,4.2726,-0.0128,2.1991
22.207,raw,4574,4.1296,0.1985,2.1827
22.207,raw,4590,4.2889,0.3717,2.1962
22.207,raw,4606,4.5829,0.5543,2.2233
22.207,raw,4622,4.8945,0.7638,2.2529
22.207,raw,4638,-16.6471,0.4935,3.7984
22.207,raw,4654,-16.4209,-0.2668,3.7746
22.207,raw,4670,-16.1635,-1.0070,3.7511
22.207,raw,4687,-15.9224,-1.7801,3.7344
22.207,raw,4703,-15.4922,-2.5027,3.6991
22.207,raw,4719,-15.2720,-3.2038,3.6920
22.207,raw,4735,-15.0504,-3.9004,3.6887
22.207,raw,4751,-14.8519,-4.6040,3.6923
22.207,raw,4767,-14.6646,-5.3665,3.7037
22.207,raw,4783,-14.4562,-6.0804,3.7149
22.207,raw,4799,-14.2233,-6.7932,3.7275
22.207,raw,4815,-13.9866,-7.5167,3.7443
23.701,raw,0,4.8060,-0.8024,0.8922
23.701,raw,14,4.6519,-0.5606,0.9326
23.701,raw,29,4.5029,-0.3245,0.9704
23.701,raw,44,4.3658,-0.1075,1.0036
23.701,raw,59,4.2339,0.0937,1.0339
23.701,raw,73,4.2925,0.2529,1.0262
23.701,raw,88,4.5498,0.4182,0.9800
23.701,raw,103,4.8522,0.6049,0.9240
23.701,raw,118,5.1889,0.8189,0.8600
23.701,raw,132,4.6708,-0.5795,1.0401
23.701,raw,147,4.5108,-0.3392,1.0750
23.701,raw,162,4.3685,-0.1204,1.1050
23.701,raw,177,4.2437,0.0806,1.1303
23.701,raw,191,4.2558,0.2444,1.1314
23.701,raw,206,4.5276,0.4068,1.0888
23.701,raw,221,4.8170,0.5917,1.0422
23.701,raw,236,5.1430,0.8029,0.9882
23.701,raw,250,-5.6063,-6.0970,0.5564
23.701,raw,265,-5.3576,-6.3995,0.5459
23.701,raw,280,-5.1236,-6.7345,0.5282
23.701,raw,295,-4.8698,-7.0605,0.5109
23.701,raw,309,4.7340,-0.6807,1.1388
23.701,raw,324,4.5782,-0.4339,1.1688
23.701,raw,339,4.4369,-0.2082,1.1948
23.701,raw,354,4.2799,0.0039,1.2216
23.701,raw,368,4.1983,0.1801,1.2361
23.701,raw,383,4.4118,0.3396,1.2083
23.701,raw,398,4.6957,0.5150,1.1697
23.701,raw,413,5.0206,0.7152,1.1243
23.701,raw,427,-6.2134,-6.5462,0.6819
23.701,raw,442,-5.9615,-6.8929,0.6703
23.701,raw,457,-5.7103,-7.2560,0.6551
23.701,raw,472,-5.4536,-7.6324,0.6369
23.701,raw,486,-5.1945,-7.9768,0.6199
23.701,raw,501,-4.9107,-8.3628,0.5983
23.701,raw,516,-4.2337,-8.0188,0.6710
23.701,raw,531,-3.9118,-8.3209,0.6557
23.701,raw,545,-3.9638,-9.4874,0.5289
23.701,raw,560,-3.5952,-9.8537,0.5046
23.701,raw,575,4.6597,-0.5765,1.2628
23.701,raw,590,4.5217,-0.3416,1.2849
23.701,raw,605,4.3689,-0.1204,1.3073
23.701,raw,619,4.2579,0.0668,1.3235
23.701,raw,634,4.2666,0.2434,1.3248
23.701,raw,649,4.5304,0.4067,1.2956
23.701,raw,664,4.8149,0.5918,1.2631
23.701,raw,678,5.1254,0.7880,1.2267
23.701,raw,693,-6.7429,-7.3203,0.8234
23.701,raw,708,-6.5158,-7.7641,0.8054
23.701,raw,723,-6.2456,-8.1789,0.7901
23.701,raw,737,-5.9535,-8.5310,0.7789
23.701,raw,752,-5.6706,-8.9796,0.7581
23.701,raw,767,-5.3284,-9.3631,0.7434
23.701,raw,782,-4.1133,-8.0276,0.9052
23.701,raw,796,-4.6356,-10.1399,0.7077
23.701,raw,811,-4.2633,-10.5794,0.6836
23.701,raw,826,-3.8720,-11.0356,0.6567
23.701,raw,841,-3.4869,-11.6021,0.6179
23.701,raw,855,-3.1482,-12.3452,0.5600
23.701,raw,870,-2.7200,-13.1074,0.5004
23.701,raw,885,4.6450,-0.5588,1.3739
23.701,raw,900,4.4936,-0.3224,1.3927
23.701,raw,914,4.3827,-0.1229,1.4064
23.701,raw,929,4.2294,0.0825,1.4233
23.701,raw,944,4.2859,0.2535,1.4199
23.701,raw,959,4.5434,0.4185,1.3971
23.701,raw,973,4.7974,0.5919,1.3741
23.701,raw,988,5.1217,0.8021,1.3437
23.701,raw,1003,-7.9091,-7.5495,1.0056
23.701,raw,1018,-7.6487,-8.0006,0.9954
23.701,raw,1032,-7.3498,-8.3740,0.9896
23.701,raw,1047,-7.0635,-8.8323,0.9773
23.701,raw,1062,-6.7393,-9.2649,0.9665
23.701,raw,1077,-6.4416,-9.7658,0.9492
23.701,raw,1091,-6.1138,-10.1880,0.9361
23.701,raw,1106,-5.7646,-10.6825,0.9180
23.701,raw,1121,-3.9394,-8.1146,1.1329
23.701,raw,1136,-4.9607,-11.6091,0.8839
23.701,raw,1151,-4.5622,-12.1790,0.8574
23.701,raw,1165,-4.1408,-12.6585,0.8358
23.701,raw,1180,-3.7745,-13.5850,0.7819
23.701,raw,1195,-3.3414,-14.5261,0.7264
23.701,raw,1210,-2.8895,-15.7486,0.6503
23.701,raw,1224,-2.3698,-16.8200,0.5833
23.701,raw,1239,4.7866,-0.7675,1.4691
23.701,raw,1254,4.6286,-0.5136,1.4843
23.701,raw,1269,4.4869,-0.2822,1.4974
23.701,raw,1283,4.3435,-0.0791,1.5098
23.701,raw,1298,4.2076,0.1206,1.5211
23.701,raw,1313,4.3479,0.2840,1.5126
23.701,raw,1328,4.5866,0.4544,1.4968
23.701,raw,1342,4.8743,0.6317,1.4772
23.701,raw,1357,-10.6542,-4.5844,1.2522
23.701,raw,1372,-10.4134,-5.0439,1.2525
23.701,raw,1387,-10.1876,-5.5127,1.2510
23.701,raw,1401,-10.0426,-5.9967,1.2450
23.701,raw,1416,-9.7999,-6.4689,1.2421
23.701,raw,1431,-9.5504,-6.9440,1.2384
23.701,raw,1446,-9.3271,-7.4520,1.2317
23.701,raw,1460,-9.0729,-7.9008,1.2268
23.701,raw,1475,-8.8191,-8.4148,1.2190
23.701,raw,1490,-8.5086,-8.8906,1.2131
23.701,raw,1505,-8.1754,-9.3583,1.2070
23.701,raw,1519,-7.8677,-9.8172,1.1996
23.701,raw,1534,-7.5298,-10.3246,1.1901
23.701,raw,1549,-7.2020,-10.8826,1.1774
23.701,raw,1564,-6.7862,-11.3399,1.1695
23.701,raw,1578,-6.4488,-11.8926,1.1550
23.701,raw,1593,-3.9581,-8.0894,1.3607
23.701,raw,1608,-5.6178,-13.0574,1.1234
23.701,raw,1623,-5.1956,-13.7561,1.1010
23.701,raw,1637,-4.8000,-14.5293,1.0738
23.701,raw,1652,-4.3871,-15.5966,1.0328
23.701,raw,1667,-4.1097,-17.5790,0.9487
23.701,raw,1682,-4.3117,-22.9198,0.7090
23.701,raw,1697,-3.5021,-24.5148,0.6435
23.701,raw,1711,-2.5322,-25.0598,0.6245
23.701,raw,1726,-1.4543,-25.6559,0.6016
23.701,raw,1741,-0.3274,-26.0729,0.5847
23.701,raw,1756,0.8371,-26.6396,0.5588
23.701,raw,1770,1.9702,-27.1712,0.5324
23.701,raw,1785,3.2416,-27.7695,0.5003
23.701,raw,1800,4.6462,-0.5591,1.5905
23.701,raw,1815,4.4871,-0.3210,1.6001
23.701,raw,1829,4.3695,-0.1205,1.6071
23.701,raw,1844,4.2336,0.0820,1.6146
23.701,raw,1859,4.2743,0.2545,1.6137
23.701,raw,1874,4.5308,0.4191,1.6025
23.701,raw,1888,4.8102,0.5918,1.5900
23.701,raw,1903,5.1194,0.8020,1.5758
23.701,raw,1918,-18.9609,20.4635,0.5447
23.701,raw,1933,-18.2657,18.1632,0.6409
23.701,raw,1947,-17.6696,16.2787,0.7188
23.701,raw,1962,-17.2360,14.6177,0.7825
23.701,raw,1977,-16.6628,13.0014,0.8480
23.701,raw,1992,-16.0066,11.4768,0.9123
23.701,raw,2006,-11.0657,7.5274,1.1987
23.701,raw,2021,-15.2758,9.2136,0.9945
23.701,raw,2036,-14.7773,8.1115,1.0380
23.701,raw,2051,-14.9125,0.2903,1.4665
23.701,raw,2065,-14.6585,-0.3031,1.4715
23.701,raw,2080,-14.3793,-0.9187,1.4765
23.701,raw,2095,-14.1133,-1.5177,1.4807
23.701,raw,2110,-7.9499,-0.9575,1.6169
23.701,raw,2124,-13.6550,-2.6473,1.4859
23.701,raw,2139,-13.3978,-3.2122,1.4883
23.701,raw,2154,-13.1528,-3.7725,1.4898
23.701,raw,2169,-12.5838,-4.2052,1.4985
23.701,raw,2183,-12.3655,-4.7096,1.4988
23.701,raw,2198,-12.1160,-5.2423,1.4990
23.701,raw,2213,-11.8835,-5.7844,1.4982
23.701,raw,2228,-11.5047,-6.2455,1.5006
23.701,raw,2243,-11.2969,-6.8076,1.4980
23.701,raw,2257,-11.0504,-7.3075,1.4963
23.701,raw,2272,-10.7293,-7.8090,1.4954
23.701,raw,2287,-10.5142,-8.4057,1.4909
23.701,raw,2302,-10.1587,-8.8991,1.4895
23.701,raw,2316,-9.9811,-9.5211,1.4829
23.701,raw,2331,-9.6070,-10.0292,1.4805
23.701,raw,2346,-9.3571,-10.7007,1.4730
23.701,raw,2361,-8.9434,-11.2098,1.4700
23.701,raw,2375,-8.7228,-11.9381,1.4600
23.701,raw,2390,-8.2883,-12.4888,1.4553
23.701,raw,2405,-7.8383,-13.0518,1.4500
23.701,raw,2420,-7.5359,-13.9400,1.4361
23.701,raw,2434,-7.0905,-14.5446,1.4287
23.701,raw,2449,-6.5890,-15.2156,1.4197
23.701,raw,2464,-7.8902,-20.7540,1.2956
23.701,raw,2479,-7.4313,-22.5077,1.2625
23.701,raw,2493,-6.8481,-24.0328,1.2341
23.701,raw,2508,-6.1690,-25.9413,1.1972
23.701,raw,2523,-5.1727,-26.9859,1.1793
23.701,raw,2538,-4.0321,-27.5532,1.1712
23.701,raw,2552,-2.9408,-28.1188,1.1620
23.701,raw,2567,-1.7419,-28.8776,1.1476
23.701,raw,2582,-0.4860,-29.7062,1.1305
23.701,raw,2597,0.8351,-30.3506,1.1163
23.701,raw,2611,2.1092,-30.7696,1.1059
23.701,raw,2626,3.5428,-31.4469,1.0884
23.701,raw,2641,5.0636,-32.2299,1.0671
23.701,raw,2656,6.7621,-33.4804,1.0336
23.701,raw,2670,4.6728,-0.5800,1.6977
23.701,raw,2685,4.4977,-0.3363,1.7028
23.701,raw,2700,4.3621,-0.1192,1.7066
23.701,raw,2715,4.2293,0.0826,1.7102
23.701,raw,2729,4.2611,0.2440,1.7099
23.701,raw,2744,4.5365,0.4064,1.7041
23.701,raw,2759,4.8116,0.5918,1.6982
23.701,raw,2774,5.1279,0.8023,1.6911
23.701,raw,2789,-24.0107,23.3579,1.0671
23.701,raw,2803,-22.9370,20.6604,1.1246
23.701,raw,2818,-21.8737,18.1329,1.1783
23.701,raw,2833,-21.9230,16.6685,1.1969
23.701,raw,2848,-21.0294,14.6651,1.2383
23.701,raw,2862,-20.0382,12.8685,1.2780
23.701,raw,2877,-19.7506,11.5486,1.2981
23.701,raw,2892,-18.9095,10.0410,1.3299
23.701,raw,2907,-18.3513,8.7919,1.3527
23.701,raw,2921,-17.8961,7.7368,1.3710
23.701,raw,2936,-17.7688,6.8068,1.3807
23.701,raw,2951,-17.3142,5.8177,1.3969
23.701,raw,2966,-16.9387,4.9121,1.4102
23.701,raw,2980,-16.5729,4.1102,1.4220
23.701,raw,2995,-16.2239,3.3051,1.4328
23.701,raw,3010,-15.9127,2.5457,1.4420
23.701,raw,3025,-15.5765,1.8189,1.4509
23.701,raw,3039,-15.2998,1.1723,1.4578
23.701,raw,3054,-35.0195,0.4553,1.8477
23.701,raw,3069,-18.1021,-0.2539,1.8248
23.701,raw,3084,-33.2116,-2.4254,1.8455
23.701,raw,3098,-17.4965,-1.7125,1.8242
23.701,raw,3113,-31.5163,-4.9630,1.8436
23.701,raw,3128,-15.7003,-2.8898,1.8221
23.701,raw,3143,-29.9086,-7.4045,1.8422
23.701,raw,3157,-29.1731,-8.4888,1.8417
23.701,raw,3172,-28.4110,-9.6237,1.8412
23.701,raw,3187,-27.6010,-10.7079,1.8407
23.701,raw,3202,-26.7822,-11.7558,1.8402
23.701,raw,3216,-26.0283,-12.7122,1.8399
23.701,raw,3231,-25.2750,-13.7432,1.8396
23.701,raw,3246,-24.4812,-14.7339,1.8394
23.701,raw,3261,-23.7118,-15.7254,1.8392
23.701,raw,3275,-22.9940,-16.6437,1.8392
23.701,raw,3290,-22.2783,-17.6680,1.8393
23.701,raw,3305,-21.5337,-18.6772,1.8394
23.701,raw,3320,-20.7983,-19.7089,1.8396
23.701,raw,3335,-20.0447,-20.7451,1.8399
23.701,raw,3349,-19.3698,-21.7723,1.8403
23.701,raw,3364,-18.6004,-22.8623,1.8408
23.701,raw,3379,-17.8211,-23.9929,1.8413
23.701,raw,3394,-17.0325,-25.1796,1.8420
23.701,raw,3408,-16.2563,-26.3032,1.8428
23.701,raw,3423,-15.4049,-27.5737,1.8437
23.701,raw,3438,-14.4951,-28.8623,1.8446
23.701,raw,3453,-13.5448,-30.2183,1.8457
23.701,raw,3467,-12.6358,-31.6071,1.8470
23.701,raw,3482,4.7256,-0.6783,1.8064
23.701,raw,3497,4.5775,-0.4337,1.8061
23.701,raw,3512,4.4382,-0.2085,1.8059
23.701,raw,3526,4.2986,-0.0110,1.8056
23.701,raw,3541,4.1680,0.1834,1.8054
23.701,raw,3556,4.4004,0.3404,1.8057
23.701,raw,3571,4.6679,0.5156,1.8061
23.701,raw,3585,4.9767,0.7006,1.8065
23.701,raw,3600,-16.6660,0.6388,1.8228
23.701,raw,3615,-16.4295,-0.4134,2.2128
23.701,raw,3630,-16.2022,-1.1114,2.2086
23.701,raw,3644,-16.0043,-1.7529,2.2058
23.701,raw,3659,-15.4729,-2.7452,2.1972
23.701,raw,3674,-15.2864,-3.4105,2.1965
23.701,raw,3689,-15.0666,-4.0644,2.1957
23.701,raw,3703,-14.8942,-4.6847,2.1964
23.701,raw,3718,-15.9820,-6.6322,2.2394
23.701,raw,3733,-16.5174,-9.0590,2.2786
23.701,raw,3748,-19.4586,-24.8219,2.5967
23.701,raw,3762,4.6618,-0.5770,1.9146
23.701,raw,3777,4.5055,-0.3380,1.9094
23.701,raw,3792,4.3490,-0.1169,1.9045
23.701,raw,3807,4.2371,0.0815,1.9010
23.701,raw,3821,4.2654,0.2436,1.9012
23.701,raw,3836,4.4940,0.4085,1.9066
23.701,raw,3851,4.8024,0.5918,1.9141
23.701,raw,3866,5.1149,0.8018,1.9219
23.701,raw,3881,-31.8648,-4.2671,3.3643
23.701,raw,3895,-16.5211,-9.0611,2.7318
23.701,raw,3910,4.7903,-0.7975,2.0319
23.701,raw,3925,4.6233,-0.5394,2.0207
23.701,raw,3940,4.4907,-0.3088,2.0119
23.701,raw,3954,4.3516,-0.1050,2.0034
23.701,raw,3969,4.2306,0.0942,1.9962
23.701,raw,3984,4.2932,0.2647,1.9983
23.701,raw,3999,4.5515,0.4307,2.0102
23.701,raw,4013,4.8487,0.6049,2.0244
23.701,raw,4028,5.1509,0.8174,2.0391
23.701,raw,4043,-25.8908,-14.1895,3.9520
23.701,raw,4058,4.3951,-0.1500,2.1062
23.701,raw,4072,4.2586,0.0429,2.0943
23.701,raw,4087,4.2255,0.2239,2.0904
23.701,raw,4102,4.4689,0.3851,2.1069
23.701,raw,4117,-19.4199,-0.3735,3.6723
23.701,raw,4131,-19.1892,-1.1460,3.6556
23.701,raw,4146,-18.9467,-1.9599,3.6413
23.701,raw,4161,-18.6986,-2.7614,3.6298
23.701,raw,4176,-18.1687,-3.7129,3.5987
23.701,raw,4190,-17.9419,-4.4378,3.5950
23.701,raw,4205,-17.6727,-5.3177,3.5950
23.701,raw,4220,-11.1827,-8.4762,3.1888
23.701,raw,4235,-16.4800,0.2078,3.7853
23.701,raw,4249,-16.2751,-0.4514,3.7645
23.701,raw,4264,-16.0719,-1.1450,3.7476
23.701,raw,4279,-15.8699,-1.8277,3.7342
23.701,raw,4294,-15.4220,-2.4534,3.6945
23.701,raw,4308,-15.2501,-3.0708,3.6902
23.701,raw,4323,-15.0380,-3.7222,3.6854
23.701,raw,4338,-14.8292,-4.3724,3.6845
23.701,raw,4353,-14.6323,-5.0278,3.6886
23.701,raw,4367,-14.4890,-5.7109,3.7034
23.701,raw,4382,-14.2874,-6.3791,3.7146
23.701,raw,4397,-14.0721,-7.0507,3.7281
23.701,raw,4412,-13.8378,-7.7238,3.7433
24.702,raw,0,4.7777,-0.8349,0.8857
24.702,raw,14,4.6132,-0.5874,0.9285
24.702,raw,28,4.4855,-0.3669,0.9619
24.702,raw,42,4.3539,-0.1598,0.9942
24.702,raw,56,4.2153,0.0346,1.0259
24.702,raw,70,4.1927,0.2035,1.0341
24.702,raw,84,4.4319,0.3519,0.9916
24.702,raw,98,4.6799,0.5186,0.9464
24.702,raw,112,4.9732,0.7056,0.8914
24.702,raw,126,4.6951,-0.7229,1.0213
24.702,raw,140,4.5413,-0.4867,1.0560
24.702,raw,154,4.4341,-0.2775,1.0809
24.702,raw,168,4.2877,-0.0736,1.1107
24.702,raw,182,4.1796,0.1108,1.1328
24.702,raw,196,4.2833,0.2659,1.1186
24.702,raw,210,4.5256,0.4216,1.0807
24.702,raw,225,4.8211,0.6092,1.0330
24.702,raw,239,5.1663,0.8096,0.9759
24.702,raw,253,-5.6569,-6.0736,0.5580
24.702,raw,267,-5.4539,-6.3913,0.5419
24.702,raw,281,-5.2455,-6.7180,0.5233
24.702,raw,295,-5.0022,-7.0132,0.5091
24.702,raw,309,4.6758,-0.6747,1.1396
24.702,raw,323,4.5073,-0.4381,1.1709
24.702,raw,337,4.3806,-0.2280,1.1947
24.702,raw,351,4.2678,-0.0337,1.2151
24.702,raw,365,4.1357,0.1514,1.2370
24.702,raw,379,4.3318,0.2980,1.2118
24.702,raw,393,4.5881,0.4570,1.1772
24.702,raw,407,4.8668,0.6361,1.1387
24.702,raw,421,-6.3234,-6.3425,0.6941
24.702,raw,435,-6.1227,-6.6967,0.6789
24.702,raw,450,-5.9080,-7.0965,0.6587
24.702,raw,464,-5.6657,-7.4358,0.6441
24.702,raw,478,-5.4329,-7.8091,0.6237
24.702,raw,492,-5.1824,-8.1815,0.6027
24.702,raw,506,-4.9361,-8.5931,0.5756
24.702,raw,520,-4.1839,-8.0354,0.6736
24.702,raw,534,-4.3313,-9.3123,0.5321
24.702,raw,548,-4.0087,-9.6856,0.5069
24.702,raw,562,4.6488,-0.6250,1.2564
24.702,raw,576,4.4990,-0.3963,1.2799
24.702,raw,590,4.3876,-0.1914,1.2976
24.702,raw,604,4.2421,0.0066,1.3182
24.702,raw,618,4.1525,0.1844,1.3312
24.702,raw,632,4.3945,0.3298,1.3047
24.702,raw,646,4.6482,0.4935,1.2762
24.702,raw,660,4.9286,0.6774,1.2439
24.702,raw,675,-6.9250,-7.0795,0.8314
24.702,raw,689,-6.7306,-7.5016,0.8139
24.702,raw,703,-6.5180,-7.9259,0.7958
24.702,raw,717,-6.2369,-8.2829,0.7849
24.702,raw,731,-5.9975,-8.7217,0.7639
24.702,raw,745,-5.6977,-9.0970,0.7493
24.702,raw,759,-5.4205,-9.5415,0.7264
24.702,raw,773,-4.1506,-8.0308,0.9048
24.702,raw,787,-4.7778,-10.3884,0.6825
24.702,raw,801,-4.4001,-10.7519,0.6651
24.702,raw,815,-4.0434,-11.2227,0.6359
24.702,raw,829,-3.6896,-11.7911,0.5963
24.702,raw,843,-3.3301,-12.4760,0.5445
24.702,raw,857,4.6849,-0.7199,1.3615
24.702,raw,871,4.5696,-0.4939,1.3773
24.702,raw,885,4.4098,-0.2723,1.3964
24.702,raw,900,4.2825,-0.0605,1.4116
24.702,raw,914,4.1469,0.1267,1.4266
24.702,raw,928,4.2986,0.2766,1.4141
24.702,raw,942,4.5441,0.4334,1.3923
24.702,raw,956,4.8446,0.6091,1.3649
24.702,raw,970,-8.1021,-7.0689,1.0213
24.702,raw,984,-7.9105,-7.5208,1.0090
24.702,raw,998,-7.7024,-7.9770,0.9961
24.702,raw,1012,-7.4072,-8.3541,0.9899
24.702,raw,1026,-7.1661,-8.8141,0.9757
24.702,raw,1040,-6.8825,-9.2445,0.9635
24.702,raw,1054,-6.5747,-9.6650,0.9515
24.702,raw,1068,-6.2685,-10.1172,0.9362
24.702,raw,1082,-5.9514,-10.5883,0.9188
24.702,raw,1096,-4.1105,-8.0124,1.1351
24.702,raw,1111,-5.2521,-11.6392,0.8749
24.702,raw,1125,-4.9026,-12.2245,0.8468
24.702,raw,1139,-4.4670,-12.6642,0.8288
24.702,raw,1153,-4.1611,-13.6084,0.7733
24.702,raw,1167,-3.7733,-14.4983,0.7214
24.702,raw,1181,-3.3444,-15.4885,0.6617
24.702,raw,1195,-2.8988,-16.7935,0.5792
24.702,raw,1209,4.7263,-0.7609,1.4696
24.702,raw,1223,4.5674,-0.5205,1.4846
24.702,raw,1237,4.4368,-0.3038,1.4969
24.702,raw,1251,4.2909,-0.0987,1.5095
24.702,raw,1265,4.1790,0.0873,1.5191
24.702,raw,1279,4.2515,0.2449,1.5154
24.702,raw,1293,4.5000,0.3977,1.4990
24.702,raw,1307,4.7696,0.5695,1.4808
24.702,raw,1321,5.0544,0.7633,1.4611
24.702,raw,1336,-10.3236,-4.7546,1.2641
24.702,raw,1350,-10.1951,-5.2262,1.2591
24.702,raw,1364,-9.9885,-5.6607,1.2571
24.702,raw,1378,-9.7977,-6.1111,1.2532
24.702,raw,1392,-9.5999,-6.5659,1.2486
24.702,raw,1406,-9.4674,-7.0845,1.2390
24.702,raw,1420,-9.2544,-7.5566,1.2326
24.702,raw,1434,-8.9812,-7.9884,1.2286
24.702,raw,1448,-8.7502,-8.4748,1.2206
24.702,raw,1462,-8.4681,-8.9267,1.2144
24.702,raw,1476,-8.1830,-9.3936,1.2068
24.702,raw,1490,-7.9130,-9.9036,1.1963
24.702,raw,1504,-7.6176,-10.4113,1.1856
24.702,raw,1518,-7.3196,-10.9514,1.1728
24.702,raw,1532,-6.9510,-11.4179,1.1635
24.702,raw,1546,-6.6360,-12.0212,1.1466
24.702,raw,1561,-4.0374,-8.0521,1.3613
24.702,raw,1575,-5.8640,-13.2462,1.1117
24.702,raw,1589,-5.4838,-13.9506,1.0885
24.702,raw,1603,-5.0784,-14.7111,1.0623
24.702,raw,1617,-4.7221,-15.8039,1.0198
24.702,raw,1631,-4.5231,-17.8298,0.9333
24.702,raw,1645,-4.9488,-23.5721,0.6742
24.702,raw,1659,-4.1698,-24.9352,0.6199
24.702,raw,1673,-3.1988,-25.5660,0.5979
24.702,raw,1687,-2.1888,-26.2163,0.5734
24.702,raw,1701,-1.1345,-26.8825,0.5463
24.702,raw,1715,-0.0288,-27.2569,0.5306
24.702,raw,1729,1.1144,-27.8610,0.5024
24.702,raw,1743,4.6364,-0.6215,1.5878
24.702,raw,1757,4.4758,-0.3909,1.5975
24.702,raw,1771,4.3594,-0.1859,1.6046
24.702,raw,1786,4.2138,0.0229,1.6128
24.702,raw,1800,4.1908,0.1919,1.6148
24.702,raw,1814,4.4189,0.3404,1.6050
24.702,raw,1828,4.6730,0.5057,1.5938
24.702,raw,1842,4.9579,0.6915,1.5809
24.702,raw,1856,25.6828,11.5292,0.5362
24.702,raw,1870,-17.4968,20.8254,0.5795
24.702,raw,1884,-16.8423,18.5658,0.6757
24.702,raw,1898,-16.4821,16.8276,0.7435
24.702,raw,1912,-16.0891,15.2190,0.8066
24.702,raw,1926,-15.6547,13.7191,0.8662
24.702,raw,1940,-15.2524,12.3743,0.9186
24.702,raw,1954,-14.9346,11.2003,0.9619
24.702,raw,1968,-10.9066,7.7319,1.2021
24.702,raw,1982,-14.4130,9.1774,1.0316
24.702,raw,1996,-14.0198,8.1974,1.0691
24.702,raw,2011,-13.7713,7.3105,1.0974
24.702,raw,2025,-13.8026,0.1377,1.4920
24.702,raw,2039,-13.6171,-0.4114,1.4954
24.702,raw,2053,-13.4284,-0.9484,1.4984
24.702,raw,2067,-8.1176,-0.6690,1.6154
24.702,raw,2081,-7.9932,-0.9873,1.6169
24.702,raw,2095,-12.8628,-2.5049,1.5047
24.702,raw,2109,-12.6841,-3.0138,1.5057
24.702,raw,2123,-12.5267,-3.5268,1.5057
24.702,raw,2137,-12.1553,-3.9609,1.5102
24.702,raw,2151,-11.9864,-4.4629,1.5096
24.702,raw,2165,-11.7975,-4.9589,1.5090
24.702,raw,2179,-11.6216,-5.4653,1.5075
24.702,raw,2193,-11.3690,-5.9350,1.5075
24.702,raw,2207,-11.2111,-6.4651,1.5045
24.702,raw,2222,-11.0280,-7.0396,1.5009
24.702,raw,2236,-10.7444,-7.5084,1.5000
24.702,raw,2250,-10.5350,-8.0429,1.4964
24.702,raw,2264,-10.2346,-8.5160,1.4947
24.702,raw,2278,-10.0386,-9.0985,1.4892
24.702,raw,2292,-9.8172,-9.6851,1.4835
24.702,raw,2306,-9.4864,-10.1811,1.4804
24.702,raw,2320,-9.3384,-10.9188,1.4702
24.702,raw,2334,-8.9850,-11.4485,1.4658
24.702,raw,2348,-8.8076,-12.2610,1.4536
24.702,raw,2362,-8.4454,-12.8681,1.4469
24.702,raw,2376,-8.0725,-13.5074,1.4391
24.702,raw,2390,-7.8626,-14.5183,1.4218
24.702,raw,2404,-7.4498,-15.2532,1.4114
24.702,raw,2418,-8.6800,-19.9112,1.3066
24.702,raw,2432,-8.2315,-21.2557,1.2828
24.702,raw,2447,-7.8163,-23.2009,1.2455
24.702,raw,2461,-7.2569,-24.9013,1.2133
24.702,raw,2475,-6.6367,-26.8521,1.1753
24.702,raw,2489,-5.6638,-27.7786,1.1601
24.702,raw,2503,-4.5871,-28.4244,1.1503
24.702,raw,2517,-3.4748,-29.0878,1.1393
24.702,raw,2531,-2.3241,-29.7986,1.1263
24.702,raw,2545,-1.1267,-30.5790,1.1107
24.702,raw,2559,0.1295,-31.4624,1.0917
24.702,raw,2573,1.4521,-32.2306,1.0742
24.702,raw,2587,2.8235,-32.7805,1.0603
24.702,raw,2601,4.2584,-33.4149,1.0432
24.702,raw,2615,4.6867,-0.7204,1.6954
24.702,raw,2629,4.5512,-0.4892,1.6997
24.702,raw,2643,4.4022,-0.2707,1.7040
24.702,raw,2657,4.2955,-0.0749,1.7071
24.702,raw,2672,4.1475,0.1266,1.7110
24.702,raw,2686,4.3291,0.2740,1.7073
24.702,raw,2700,4.5579,0.4328,1.7025
24.702,raw,2714,4.8342,0.6091,1.6965
24.702,raw,2728,-22.6881,26.7676,1.0341
24.702,raw,2742,-22.1314,24.1495,1.0851
24.702,raw,2756,-21.2037,21.4267,1.1423
24.702,raw,2770,-20.2280,18.9381,1.1956
24.702,raw,2784,-19.4807,16.8882,1.2376
24.702,raw,2798,-18.5830,14.9143,1.2802
24.702,raw,2812,-18.1069,13.4235,1.3081
24.702,raw,2826,-10.8954,7.7247,1.5104
24.702,raw,2840,-17.0695,10.7368,1.3595
24.702,raw,2854,-16.9790,9.7780,1.3716
24.702,raw,2868,-16.6542,8.7535,1.3882
24.702,raw,2882,-16.3094,7.7850,1.4040
24.702,raw,2897,-15.9695,6.8258,1.4190
24.702,raw,2911,-15.9543,6.0873,1.4249
24.702,raw,2925,-15.6802,5.2937,1.4359
24.702,raw,2939,-15.4092,4.5412,1.4461
24.702,raw,2953,-15.1318,3.8241,1.4556
24.702,raw,2967,-14.9083,3.1501,1.4632
24.702,raw,2981,-14.6545,2.4992,1.4708
24.702,raw,2995,-14.4227,1.8770,1.4773
24.702,raw,3009,-14.2178,1.2790,1.4827
24.702,raw,3023,-14.0087,0.6996,1.4876
24.702,raw,3037,-27.7152,-0.2749,1.8378
24.702,raw,3051,-16.5722,-0.5870,1.8227
24.702,raw,3065,-26.4696,-2.3890,1.8363
24.702,raw,3079,-17.4437,-2.0852,1.8241
24.702,raw,3093,-25.3326,-4.3606,1.8352
24.702,raw,3107,-17.2272,-3.5045,1.8242
24.702,raw,3122,-16.2478,-4.0264,1.8231
24.702,raw,3136,-16.0303,-4.6766,1.8231
24.702,raw,3150,-17.4843,-5.9506,1.8255
24.702,raw,3164,-22.6547,-8.9429,1.8335
24.702,raw,3178,-22.1542,-9.8071,1.8334
24.702,raw,3192,-15.2730,-7.3572,1.8235
24.702,raw,3206,-21.1363,-11.5054,1.8332
24.702,raw,3220,-23.0619,-13.8709,1.8371
24.702,raw,3234,-22.6224,-14.9039,1.8373
24.702,raw,3248,-22.2028,-15.9735,1.8377
24.702,raw,3262,-11.1857,-8.5175,1.8197
24.702,raw,3276,-21.2748,-18.1364,1.8386
24.702,raw,3290,-20.7499,-19.2181,1.8390
24.702,raw,3304,-20.1964,-20.3124,1.8396
24.702,raw,3318,-19.6583,-21.4720,1.8402
24.702,raw,3333,-19.0569,-22.7554,1.8410
24.702,raw,3347,-18.4671,-23.9940,1.8418
24.702,raw,3361,-17.8685,-25.3092,1.8428
24.702,raw,3375,-17.2280,-26.6694,1.8438
24.702,raw,3389,-16.5508,-28.0950,1.8450
24.702,raw,3403,-15.8392,-29.6090,1.8463
24.702,raw,3417,4.7786,-0.8352,1.8066
24.702,raw,3431,4.6051,-0.5852,1.8063
24.702,raw,3445,4.4865,-0.3671,1.8060
24.702,raw,3459,4.3306,-0.1554,1.8058
24.702,raw,3473,4.2186,0.0342,1.8056
24.702,raw,3487,4.2034,0.2023,1.8055
24.702,raw,3501,4.4125,0.3532,1.8058
24.702,raw,3515,4.6840,0.5185,1.8062
24.702,raw,3529,4.9988,0.7060,1.8066
24.702,raw,3543,-33.5178,10.4434,1.8475
24.702,raw,3558,-32.8878,8.7327,1.8461
24.702,raw,3572,-32.3384,7.2250,1.8449
24.702,raw,3586,-31.2368,5.6965,1.8431
24.702,raw,3600,-30.4038,4.3081,1.8417
24.702,raw,3614,-29.6187,3.0038,1.8405
24.702,raw,3628,-28.9388,1.7749,1.8394
24.702,raw,3642,-17.1861,0.0178,2.2297
24.702,raw,3656,-31.8570,-3.9355,2.6010
24.702,raw,3670,-15.3241,-4.6426,2.2050
24.702,raw,3684,-25.7142,-14.0178,2.5365
24.702,raw,3698,-19.7860,-24.3675,2.5922
24.702,raw,3712,4.6700,-0.6731,1.9167
24.702,raw,3726,4.5170,-0.4405,1.9115
24.702,raw,3740,4.3740,-0.2267,1.9069
24.702,raw,3754,4.2458,-0.0302,1.9029
24.702,raw,3768,4.1435,0.1505,1.8998
24.702,raw,3783,4.3559,0.3082,1.9046
24.702,raw,3797,4.6056,0.4691,1.9106
24.702,raw,3811,4.8727,0.6497,1.9171
24.702,raw,3825,-31.6955,-3.3534,3.3477
24.702,raw,3839,-14.7184,-5.0644,2.5677
24.702,raw,3853,-11.5461,-8.5341,2.5165
24.702,raw,3867,4.7382,-0.7789,2.0317
24.702,raw,3881,4.5763,-0.5364,2.0210
24.702,raw,3895,4.4509,-0.3199,2.0127
24.702,raw,3909,4.3035,-0.1133,2.0037
24.702,raw,3923,4.1868,0.0744,1.9968
24.702,raw,3937,4.2554,0.2326,1.9992
24.702,raw,3951,4.4935,0.3855,2.0101
24.702,raw,3965,4.7445,0.5567,2.0219
24.702,raw,3979,5.0685,0.7495,2.0375
24.702,raw,3993,-26.0186,-13.9922,3.9502
24.702,raw,4008,-15.8256,-2.0236,3.3432
24.702,raw,4022,-16.5974,0.5202,3.7926
24.702,raw,4036,-16.3822,-0.1441,3.7691
24.702,raw,4050,-16.1861,-0.7951,3.7510
24.702,raw,4064,-15.9950,-1.4355,3.7365
24.702,raw,4078,-15.7987,-2.0663,3.7245
24.702,raw,4092,-15.4314,-2.6536,3.6945
24.702,raw,4106,-15.2055,-3.2571,3.6846
24.702,raw,4120,-15.0335,-3.8706,3.6842
24.702,raw,4134,-14.8450,-4.4793,3.6848
24.702,raw,4148,-14.6434,-5.0844,3.6869
24.702,raw,4162,-14.4977,-5.7666,3.7017
24.702,raw,4176,-14.3196,-6.3947,3.7138
24.702,raw,4190,-14.1245,-7.0243,3.7272
24.702,raw,4204,-13.9173,-7.6584,3.7427
25.912,raw,0,4.7447,-0.8173,0.8883
25.912,raw,14,4.5903,-0.5730,0.9292
25.912,raw,29,4.4562,-0.3379,0.9645
25.912,raw,43,4.3044,-0.1279,1.0004
25.912,raw,58,4.1743,0.0755,1.0308
25.912,raw,73,4.2072,0.2493,1.0285
25.912,raw,87,4.4730,0.3992,0.9808
25.912,raw,102,4.7618,0.5827,0.9278
25.912,raw,117,5.0864,0.7920,0.8664
25.912,raw,131,4.5987,-0.6030,1.0383
25.912,raw,146,4.4649,-0.3661,1.0692
25.912,raw,161,4.3196,-0.1432,1.1001
25.912,raw,175,4.1813,0.0507,1.1278
25.912,raw,190,4.1852,0.2279,1.1308
25.912,raw,205,4.4456,0.3883,1.0903
25.912,raw,219,4.7153,0.5570,1.0472
25.912,raw,234,5.0357,0.7623,0.9946
25.912,raw,248,-5.6302,-5.8784,0.5809
25.912,raw,263,-5.4309,-6.2286,0.5615
25.912,raw,278,-5.2128,-6.5748,0.5418
25.912,raw,292,-4.9696,-6.8600,0.5289
25.912,raw,307,-4.7051,-7.1761,0.5118
25.912,raw,322,4.6638,-0.6918,1.1374
25.912,raw,336,4.5213,-0.4596,1.1652
25.912,raw,351,4.3643,-0.2276,1.1939
25.912,raw,366,4.2282,-0.0166,1.2180
25.912,raw,380,4.1125,0.1658,1.2377
25.912,raw,395,4.3437,0.3214,1.2076
25.912,raw,410,4.6164,0.4944,1.1708
25.912,raw,424,4.9011,0.6768,1.1313
25.912,raw,439,-6.1840,-6.3023,0.7085
25.912,raw,454,-5.9747,-6.6834,0.6910
25.912,raw,468,-5.7851,-7.0669,0.6699
25.912,raw,483,-5.5336,-7.4384,0.6523
25.912,raw,497,-5.2844,-7.7853,0.6350
25.912,raw,512,-5.0306,-8.2078,0.6084
25.912,raw,527,-4.4354,-8.0251,0.6606
25.912,raw,541,-4.0574,-8.1484,0.6674
25.912,raw,556,-4.1273,-9.3894,0.5324
25.912,raw,571,-3.7741,-9.7865,0.5048
25.912,raw,585,4.6504,-0.6596,1.2525
25.912,raw,600,4.4940,-0.4127,1.2775
25.912,raw,615,4.3411,-0.1850,1.3006
25.912,raw,629,4.2257,0.0080,1.3177
25.912,raw,644,4.1386,0.1977,1.3307
25.912,raw,659,4.4072,0.3536,1.3012
25.912,raw,673,4.6600,0.5190,1.2728
25.912,raw,688,4.9650,0.7189,1.2375
25.912,raw,703,-6.8302,-7.0585,0.8387
25.912,raw,717,-6.6013,-7.4364,0.8261
25.912,raw,732,-6.3521,-7.8575,0.8100
25.912,raw,746,-6.1299,-8.2902,0.7898
25.912,raw,761,-5.8256,-8.6878,0.7748
25.912,raw,776,-5.5325,-9.1343,0.7536
25.912,raw,790,-4.4373,-8.0288,0.8922
25.912,raw,805,-4.0302,-8.1563,0.8985
25.912,raw,820,-4.5292,-10.4261,0.6877
25.912,raw,834,-4.1834,-10.8813,0.6603
25.912,raw,849,-3.7927,-11.3952,0.6273
25.912,raw,864,-3.4107,-12.0585,0.5787
25.912,raw,878,-3.0604,-12.8863,0.5126
25.912,raw,893,4.6291,-0.6254,1.3668
25.912,raw,908,4.4610,-0.3783,1.3876
25.912,raw,922,4.3483,-0.1738,1.4018
25.912,raw,937,4.1716,0.0402,1.4213
25.912,raw,952,4.1705,0.2176,1.4235
25.912,raw,966,4.3975,0.3666,1.4037
25.912,raw,981,4.7021,0.5441,1.3763
25.912,raw,995,4.9888,0.7332,1.3498
25.912,raw,1010,-7.9031,-7.2340,1.0234
25.912,raw,1025,-7.6453,-7.6685,1.0144
25.912,raw,1039,-7.4589,-8.1537,0.9981
25.912,raw,1054,-7.1821,-8.6115,0.9858
25.912,raw,1069,-6.8657,-9.0419,0.9753
25.912,raw,1083,-6.5832,-9.4862,0.9611
25.912,raw,1098,-6.2385,-9.9295,0.9480
25.912,raw,1113,-5.9086,-10.4364,0.9289
25.912,raw,1127,-4.1435,-8.0066,1.1339
25.912,raw,1142,-5.2160,-11.4705,0.8859
25.912,raw,1157,-4.8317,-12.0560,0.8588
25.912,raw,1171,-4.4217,-12.5500,0.8365
25.912,raw,1186,-4.0795,-13.5110,0.7806
25.912,raw,1201,-3.6624,-14.4655,0.7246
25.912,raw,1215,-3.2289,-15.4581,0.6645
25.912,raw,1230,-2.7501,-16.9228,0.5712
25.912,raw,1244,4.7089,-0.7482,1.4694
25.912,raw,1259,4.5273,-0.4880,1.4863
25.912,raw,1274,4.4002,-0.2607,1.4985
25.912,raw,1288,4.2711,-0.0603,1.5098
25.912,raw,1303,4.1311,0.1402,1.5214
25.912,raw,1318,4.3057,0.3002,1.5106
25.912,raw,1332,4.5551,0.4583,1.4941
25.912,raw,1347,4.8480,0.6494,1.4742
25.912,raw,1362,-13.3575,13.5063,0.5142
25.912,raw,1376,-10.2129,-4.6600,1.2710
25.912,raw,1391,-10.1021,-5.1733,1.2643
25.912,raw,1406,-9.8795,-5.6326,1.2623
25.912,raw,1420,-9.6867,-6.0767,1.2585
25.912,raw,1435,-9.4885,-6.5691,1.2528
25.912,raw,1450,-9.2874,-7.0745,1.2458
25.912,raw,1464,-9.0800,-7.5457,1.2390
25.912,raw,1479,-8.8469,-8.0598,1.2308
25.912,raw,1493,-8.5543,-8.4821,1.2265
25.912,raw,1508,-8.3185,-9.0381,1.2151
25.912,raw,1523,-8.0242,-9.5571,1.2055
25.912,raw,1537,-7.7392,-10.0568,1.1953
25.912,raw,1552,-7.3562,-10.5138,1.1883
25.912,raw,1567,-7.0352,-11.1000,1.1737
25.912,raw,1581,-6.7264,-11.6839,1.1578
25.912,raw,1596,-4.1880,-7.9715,1.3612
25.912,raw,1611,-5.9391,-12.8992,1.1244
25.912,raw,1625,-5.5235,-13.4679,1.1079
25.912,raw,1640,-5.1249,-14.3107,1.0784
25.912,raw,1655,-4.7579,-15.4552,1.0340
25.912,raw,1669,-4.4458,-16.9457,0.9726
25.912,raw,1684,-4.9990,-23.2651,0.6868
25.912,raw,1699,-4.1984,-24.8479,0.6229
25.912,raw,1713,-3.2278,-25.4572,0.6020
25.912,raw,1728,-2.1454,-26.1194,0.5773
25.912,raw,1742,-1.0915,-26.7464,0.5519
25.912,raw,1757,0.0898,-27.1703,0.5338
25.912,raw,1772,1.3181,-27.8443,0.5020
25.912,raw,1786,4.6162,-0.6079,1.5878
25.912,raw,1801,4.4600,-0.3650,1.5975
25.912,raw,1816,4.3183,-0.1430,1.6059
25.912,raw,1830,4.1858,0.0500,1.6133
25.912,raw,1845,4.1876,0.2276,1.6142
25.912,raw,1860,4.4621,0.3873,1.6023
25.912,raw,1874,4.7303,0.5567,1.5904
25.912,raw,1889,5.0492,0.7626,1.5759
25.912,raw,1904,25.7226,11.4590,0.5354
25.912,raw,1918,-17.1460,20.8019,0.5919
25.912,raw,1933,-16.7264,18.6777,0.6767
25.912,raw,1948,-16.1968,16.6677,0.7590
25.912,raw,1962,-15.7772,15.0467,0.8236
25.912,raw,1977,-15.3659,13.5039,0.8837
25.912,raw,1991,-14.9778,12.1882,0.9348
25.912,raw,2006,-14.6507,10.9609,0.9798
25.912,raw,2021,-10.9602,7.6952,1.2021
25.912,raw,2035,-14.1163,8.9160,1.0504
25.912,raw,2050,-13.6994,7.8960,1.0895
25.912,raw,2065,-13.7515,0.6080,1.4937
25.912,raw,2079,-13.5609,0.0574,1.4977
25.912,raw,2094,-13.3524,-0.5173,1.5014
25.912,raw,2109,-13.1614,-1.0805,1.5043
25.912,raw,2123,-8.0651,-0.7544,1.6166
25.912,raw,2138,-8.1417,-1.1375,1.6133
25.912,raw,2153,-12.5770,-2.6748,1.5102
25.912,raw,2167,-12.4093,-3.1759,1.5108
25.912,raw,2182,-12.2293,-3.7115,1.5108
25.912,raw,2197,-11.8894,-4.1835,1.5142
25.912,raw,2211,-11.7218,-4.6795,1.5133
25.912,raw,2226,-11.5735,-5.2317,1.5110
25.912,raw,2240,-11.4267,-5.7526,1.5085
25.912,raw,2255,-11.1629,-6.2586,1.5079
25.912,raw,2270,-11.0097,-6.8431,1.5038
25.912,raw,2284,-10.7239,-7.3031,1.5031
25.912,raw,2299,-10.4797,-7.8504,1.5001
25.912,raw,2314,-10.2001,-8.3842,1.4972
25.912,raw,2328,-9.9635,-8.9206,1.4931
25.912,raw,2343,-9.6909,-9.5009,1.4884
25.912,raw,2358,-9.3303,-10.0116,1.4855
25.912,raw,2372,-9.1336,-10.6768,1.4771
25.912,raw,2387,-8.7896,-11.2696,1.4715
25.912,raw,2402,-8.5906,-12.1157,1.4589
25.912,raw,2416,-8.2347,-12.7194,1.4520
25.912,raw,2431,-8.0222,-13.7226,1.4354
25.912,raw,2445,-7.6307,-14.4140,1.4261
25.912,raw,2460,-7.1845,-15.1898,1.4150
25.912,raw,2475,-8.4956,-20.3660,1.2987
25.912,raw,2489,-8.0473,-21.8058,1.2727
25.912,raw,2504,-7.5932,-23.7874,1.2345
25.912,raw,2519,-6.9823,-25.7677,1.1963
25.912,raw,2533,-6.2257,-27.4096,1.1651
25.912,raw,2548,-5.0864,-28.0760,1.1557
25.912,raw,2563,-3.9142,-28.7890,1.1443
25.912,raw,2577,-2.7751,-29.4291,1.1332
25.912,raw,2592,-1.5145,-30.2508,1.1171
25.912,raw,2607,-0.1900,-31.1796,1.0976
25.912,raw,2621,1.1139,-31.9320,1.0807
25.912,raw,2636,2.5670,-32.5360,1.0657
25.912,raw,2651,4.0891,-33.2046,1.0478
25.912,raw,2665,4.7132,-0.7784,1.6940
25.912,raw,2680,4.5564,-0.5228,1.6989
25.912,raw,2694,4.4132,-0.3022,1.7031
25.912,raw,2709,4.2872,-0.0877,1.7068
25.912,raw,2724,4.1591,0.1131,1.7102
25.912,raw,2738,4.2625,0.2678,1.7083
25.912,raw,2753,4.5290,0.4341,1.7027
25.912,raw,2768,4.8193,0.6224,1.6964
25.912,raw,2782,24.0837,10.3636,1.2295
25.912,raw,2797,-22.1050,25.2693,1.0679
25.912,raw,2812,-21.3529,22.4673,1.1243
25.912,raw,2826,-20.3455,19.8350,1.1808
25.912,raw,2841,-19.5748,17.5783,1.2268
25.912,raw,2856,-18.5845,15.3742,1.2745
25.912,raw,2870,-18.0888,13.8329,1.3038
25.912,raw,2885,-10.8756,7.9108,1.5091
25.912,raw,2900,-16.7937,10.7979,1.3646
25.912,raw,2914,-16.7409,9.8645,1.3758
25.912,raw,2929,-16.3474,8.7479,1.3949
25.912,raw,2943,-16.0254,7.7977,1.4102
25.912,raw,2958,-15.7137,6.8578,1.4245
25.912,raw,2973,-15.7060,6.0799,1.4306
25.912,raw,2987,-15.4133,5.2897,1.4421
25.912,raw,3002,-15.1339,4.4983,1.4527
25.912,raw,3017,-14.8515,3.7471,1.4625
25.912,raw,3031,-14.6437,3.0891,1.4696
25.912,raw,3046,-14.3866,2.4080,1.4774
25.912,raw,3061,-14.1595,1.7583,1.4838
25.912,raw,3075,-13.9477,1.1735,1.4892
25.912,raw,3090,-29.3708,0.5620,1.8400
25.912,raw,3105,-18.4524,-0.2075,1.8252
25.912,raw,3119,-27.9828,-1.7830,1.8382
25.912,raw,3134,-27.3358,-2.9252,1.8375
25.912,raw,3149,-8.3831,-0.8341,1.8117
25.912,raw,3163,-8.2186,-1.1541,1.8116
25.912,raw,3178,-25.4828,-6.0512,1.8359
25.912,raw,3192,-24.9425,-6.9998,1.8355
25.912,raw,3207,-24.3740,-7.9972,1.8352
25.912,raw,3222,-23.7807,-8.9657,1.8349
25.912,raw,3236,-16.7059,-6.9208,1.8250
25.912,raw,3251,-22.7069,-10.8272,1.8346
25.912,raw,3266,-24.0873,-12.8585,1.8376
25.912,raw,3280,-23.6841,-13.9195,1.8378
25.912,raw,3295,-23.1723,-15.0253,1.8380
25.912,raw,3310,-22.6482,-16.1426,1.8383
25.912,raw,3324,-22.1230,-17.1806,1.8386
25.912,raw,3339,-21.5776,-18.3362,1.8391
25.912,raw,3354,-21.0112,-19.5136,1.8396
25.912,raw,3368,-20.4709,-20.6454,1.8401
25.912,raw,3383,-19.8837,-21.9077,1.8409
25.912,raw,3398,-19.2928,-23.2412,1.8417
25.912,raw,3412,-18.6899,-24.5029,1.8426
25.912,raw,3427,-18.0086,-25.9061,1.8436
25.912,raw,3441,-17.3765,-27.3350,1.8447
25.912,raw,3456,-16.6454,-28.9299,1.8461
25.912,raw,3471,-15.8526,-30.5986,1.8475
25.912,raw,3485,4.6144,-0.6213,1.8063
25.912,raw,3500,4.4560,-0.3772,1.8060
25.912,raw,3515,4.3341,-0.1585,1.8058
25.912,raw,3529,4.2037,0.0354,1.8056
25.912,raw,3544,4.1736,0.2173,1.8055
25.912,raw,3559,4.4347,0.3766,1.8058
25.912,raw,3573,4.6869,0.5445,1.8062
25.912,raw,3588,4.9982,0.7474,1.8066
25.912,raw,3603,-33.5984,9.6732,1.8473
25.912,raw,3617,-33.0698,8.1147,1.8461
25.912,raw,3632,-32.5600,6.5328,1.8450
25.912,raw,3647,-31.8838,4.9963,1.8438
25.912,raw,3661,-31.1716,3.6231,1.8426
25.912,raw,3676,-30.3477,2.2236,1.8413
25.912,raw,3690,-29.6274,0.9877,1.8403
25.912,raw,3705,-17.4167,-1.5830,2.2382
25.912,raw,3720,-17.3927,-3.7736,2.2477
25.912,raw,3734,-14.6830,-6.9551,2.2125
25.912,raw,3749,-11.4794,-8.8727,2.1720
25.912,raw,3764,4.6725,-0.7228,1.9177
25.912,raw,3778,4.5150,-0.4848,1.9123
25.912,raw,3793,4.3866,-0.2578,1.9079
25.912,raw,3808,4.2584,-0.0459,1.9038
25.912,raw,3822,4.1263,0.1408,1.8999
25.912,raw,3837,4.3012,0.3006,1.9038
25.912,raw,3852,4.5650,0.4706,1.9101
25.912,raw,3866,4.8597,0.6494,1.9173
25.912,raw,3881,-31.7279,-3.4037,3.3488
25.912,raw,3896,-26.0816,-13.8724,3.2451
25.912,raw,3910,-19.9700,-24.0744,3.3367
25.912,raw,3925,4.6796,-0.7107,2.0292
25.912,raw,3939,4.5297,-0.4751,2.0192
25.912,raw,3954,4.3721,-0.2420,2.0092
25.912,raw,3969,4.2245,-0.0281,2.0003
25.912,raw,3983,4.1451,0.1501,1.9953
25.912,raw,3998,4.3303,0.3103,2.0034
25.912,raw,4013,4.6181,0.4814,2.0168
25.912,raw,4027,4.8774,0.6630,2.0291
25.912,raw,4042,-15.5871,-2.2760,2.9466
25.912,raw,4057,-11.4984,-8.5576,2.8638
25.912,raw,4071,4.6384,-0.6561,2.1369
25.912,raw,4086,4.4906,-0.4119,2.1221
25.912,raw,4101,4.3371,-0.1842,2.1079
25.912,raw,4115,4.2028,0.0116,2.0959
25.912,raw,4130,4.1328,0.1984,2.0892
25.912,raw,4145,4.3955,0.3544,2.1069
25.912,raw,4159,4.6421,0.5195,2.1240
25.912,raw,4174,4.9620,0.7189,2.1469
25.912,raw,4188,-14.6850,-5.3573,3.3235
25.912,raw,4203,-16.5399,0.2644,3.7840
25.912,raw,4218,-16.3156,-0.4409,3.7611
25.912,raw,4232,-16.1120,-1.0858,3.7436
25.912,raw,4247,-15.9049,-1.7665,3.7295
25.912,raw,4262,-15.4961,-2.3987,3.6943
25.912,raw,4276,-15.3253,-3.0163,3.6900
25.912,raw,4291,-15.1102,-3.6668,3.6847
25.912,raw,4306,-14.9157,-4.3215,3.6854
25.912,raw,4320,-14.7383,-4.9357,3.6898
25.912,raw,4335,-14.5712,-5.6584,3.7035
25.912,raw,4350,-14.3683,-6.3258,3.7144
25.912,raw,4364,-14.1762,-6.9566,3.7279
25.912,raw,4379,-13.9716,-7.6464,3.7467
27.178,raw,0,4.7696,-0.8041,0.8873
27.178,raw,15,4.6130,-0.5447,0.9294
27.178,raw,31,4.4493,-0.2900,0.9709
27.178,raw,47,4.3054,-0.0590,1.0060
27.178,raw,62,4.1694,0.1424,1.0371
27.178,raw,78,4.3098,0.3175,1.0143
27.178,raw,94,4.6054,0.4979,0.9609
27.178,raw,110,4.9219,0.7051,0.9020
27.178,raw,125,4.6868,-0.7060,1.0222
27.178,raw,141,4.5406,-0.4439,1.0569
27.178,raw,157,4.3697,-0.1961,1.0933
27.178,raw,173,4.2403,0.0250,1.1207
27.178,raw,188,4.1635,0.2134,1.1373
27.178,raw,204,4.4129,0.3826,1.0991
27.178,raw,220,4.7159,0.5724,1.0508
27.178,raw,235,5.0403,0.7761,0.9976
27.178,raw,251,-5.5913,-5.8475,0.5831
27.178,raw,267,-5.3502,-6.1853,0.5686
27.178,raw,283,-5.0946,-6.5207,0.5531
27.178,raw,298,-4.8499,-6.8457,0.5353
27.178,raw,314,-4.5704,-7.1866,0.5159
27.178,raw,330,4.7068,-0.7121,1.1329
27.178,raw,346,4.5322,-0.4418,1.1666
27.178,raw,361,4.3862,-0.2122,1.1938
27.178,raw,377,4.2486,0.0116,1.2185
27.178,raw,393,4.1323,0.2170,1.2385
27.178,raw,408,4.3894,0.3720,1.2047
27.178,raw,424,4.6875,0.5600,1.1642
27.178,raw,440,5.0350,0.7760,1.1156
27.178,raw,456,-6.1081,-6.4345,0.6990
27.178,raw,471,-5.8463,-6.7599,0.6897
27.178,raw,487,-5.5946,-7.1592,0.6708
27.178,raw,503,-5.3038,-7.5283,0.6549
27.178,raw,519,-5.0071,-7.9138,0.6355
27.178,raw,534,-4.7372,-8.3213,0.6099
27.178,raw,550,-4.1009,-8.0878,0.6679
27.178,raw,566,-4.0592,-9.1250,0.5602
27.178,raw,582,-3.6862,-9.5259,0.5332
27.178,raw,597,-3.3139,-9.8978,0.5067
27.178,raw,613,4.6292,-0.6046,1.2584
27.178,raw,629,4.4840,-0.3503,1.2822
27.178,raw,644,4.3525,-0.1297,1.3026
27.178,raw,660,4.2092,0.0896,1.3232
27.178,raw,676,4.2523,0.2748,1.3208
27.178,raw,692,4.5102,0.4514,1.2924
27.178,raw,707,4.8253,0.6372,1.2564
27.178,raw,723,-6.9344,-6.8342,0.8443
27.178,raw,739,-6.6392,-7.2188,0.8362
27.178,raw,755,-6.4057,-7.6968,0.8157
27.178,raw,770,-6.0799,-8.0290,0.8091
27.178,raw,786,-5.8081,-8.5141,0.7862
27.178,raw,802,-5.4969,-8.9790,0.7647
27.178,raw,817,-4.4151,-7.9638,0.8955
27.178,raw,833,-4.0198,-8.1784,0.8941
27.178,raw,849,-4.3803,-10.2161,0.7081
27.178,raw,865,-3.9687,-10.6712,0.6826
27.178,raw,880,-3.5823,-11.1758,0.6498
27.178,raw,896,-3.2060,-11.9850,0.5876
27.178,raw,912,-2.7527,-12.7364,0.5297
27.178,raw,928,4.6847,-0.6628,1.3623
27.178,raw,943,4.5018,-0.4075,1.3848
27.178,raw,959,4.3561,-0.1681,1.4028
27.178,raw,975,4.2051,0.0544,1.4202
27.178,raw,990,4.1420,0.2391,1.4282
27.178,raw,1006,4.4594,0.4043,1.4002
27.178,raw,1022,4.7653,0.5979,1.3726
27.178,raw,1038,5.1084,0.8204,1.3407
27.178,raw,1053,-7.8542,-7.3349,1.0186
27.178,raw,1069,-7.5855,-7.8128,1.0076
27.178,raw,1085,-7.2964,-8.2909,0.9958
27.178,raw,1101,-6.9581,-8.7318,0.9864
27.178,raw,1116,-6.6720,-9.2118,0.9711
27.178,raw,1132,-6.3023,-9.6623,0.9592
27.178,raw,1148,-5.9315,-10.1457,0.9435
27.178,raw,1164,-4.1973,-7.9681,1.1324
27.178,raw,1179,-5.1729,-11.1511,0.9051
27.178,raw,1195,-4.7532,-11.7105,0.8808
27.178,raw,1211,-4.2700,-12.1882,0.8615
27.178,raw,1226,-3.9288,-13.1004,0.8087
27.178,raw,1242,-3.4712,-14.0027,0.7568
27.178,raw,1258,-3.0039,-15.2176,0.6820
27.178,raw,1274,-2.4395,-16.4674,0.6037
27.178,raw,1289,-1.8231,-17.7266,0.5229
27.178,raw,1305,4.6144,-0.5727,1.4801
27.178,raw,1321,4.4398,-0.3138,1.4962
27.178,raw,1337,4.2892,-0.0807,1.5096
27.178,raw,1352,4.1519,0.1213,1.5212
27.178,raw,1368,4.2548,0.2984,1.5155
27.178,raw,1384,4.5724,0.4738,1.4945
27.178,raw,1399,4.8567,0.6640,1.4752
27.178,raw,1415,-10.6191,-4.5202,1.2558
27.178,raw,1431,-10.3798,-5.0156,1.2553
27.178,raw,1447,-10.1273,-5.5058,1.2542
27.178,raw,1462,-9.8855,-5.9656,1.2523
27.178,raw,1478,-9.7261,-6.5341,1.2435
27.178,raw,1494,-9.4888,-7.0644,1.2374
27.178,raw,1510,-9.1637,-7.5353,1.2350
27.178,raw,1525,-8.8945,-8.0187,1.2291
27.178,raw,1541,-8.6228,-8.5702,1.2200
27.178,raw,1557,-8.2733,-9.0615,1.2141
27.178,raw,1573,-7.9230,-9.5732,1.2063
27.178,raw,1588,-7.5765,-10.0542,1.1983
27.178,raw,1604,-7.2312,-10.6372,1.1853
27.178,raw,1620,-6.8494,-11.2125,1.1722
27.178,raw,1635,-4.4909,-8.0465,1.3504
27.178,raw,1651,-4.0095,-8.0912,1.3585
27.178,raw,1667,-5.5469,-12.9100,1.1296
27.178,raw,1683,-5.0965,-13.6492,1.1058
27.178,raw,1698,-4.6987,-14.5673,1.0721
27.178,raw,1714,-4.2518,-15.7391,1.0266
27.178,raw,1730,-4.0258,-18.3533,0.9134
27.178,raw,1746,-4.0061,-23.5306,0.6822
27.178,raw,1761,-3.0774,-24.6144,0.6397
27.178,raw,1777,-1.9502,-25.2130,0.6179
27.178,raw,1793,-0.7713,-25.6636,0.6005
27.178,raw,1808,0.3687,-26.1720,0.5781
27.178,raw,1824,1.6366,-26.7612,0.5495
27.178,raw,1840,2.9643,-27.3412,0.5185
27.178,raw,1856,4.6640,-0.6708,1.5856
27.178,raw,1871,4.5215,-0.4257,1.5948
27.178,raw,1887,4.3735,-0.1842,1.6038
27.178,raw,1903,4.2242,0.0395,1.6123
27.178,raw,1919,4.1598,0.2372,1.6164
27.178,raw,1934,4.4151,0.3948,1.6054
27.178,raw,1950,4.7364,0.5851,1.5912
27.178,raw,1966,5.0731,0.8052,1.5758
27.178,raw,1981,24.7646,11.0108,0.5849
27.178,raw,1997,-18.7190,19.8059,0.5769
27.178,raw,2013,-17.9522,17.4140,0.6778
27.178,raw,2029,-17.2525,15.3417,0.7641
27.178,raw,2044,-16.6700,13.6530,0.8330
27.178,raw,2060,-16.1168,12.0726,0.8959
27.178,raw,2076,-10.9539,7.7163,1.2015
27.178,raw,2092,-15.2554,9.4787,0.9924
27.178,raw,2107,-14.7446,8.3548,1.0372
27.178,raw,2123,-15.0086,0.4845,1.4655
27.178,raw,2139,-14.6815,-0.1945,1.4721
27.178,raw,2155,-14.3815,-0.8498,1.4776
27.178,raw,2170,-8.2012,-0.5680,1.6137
27.178,raw,2186,-8.0130,-0.9267,1.6164
27.178,raw,2202,-13.5669,-2.6766,1.4884
27.178,raw,2217,-13.3059,-3.2345,1.4908
27.178,raw,2233,-13.0529,-3.8288,1.4922
27.178,raw,2249,-12.4918,-4.2973,1.5002
27.178,raw,2265,-12.2345,-4.8663,1.5006
27.178,raw,2280,-12.0122,-5.4090,1.4999
27.178,raw,2296,-11.7297,-5.9672,1.4997
27.178,raw,2312,-11.3942,-6.4954,1.5001
27.178,raw,2328,-11.1478,-7.0840,1.4976
27.178,raw,2343,-10.7955,-7.5581,1.4978
27.178,raw,2359,-10.5273,-8.1533,1.4943
27.178,raw,2375,-10.1796,-8.6978,1.4922
27.178,raw,2390,-9.9369,-9.3032,1.4869
27.178,raw,2406,-9.5089,-9.8012,1.4856
27.178,raw,2422,-9.2307,-10.4883,1.4783
27.178,raw,2438,-8.7814,-11.0042,1.4756
27.178,raw,2453,-8.5361,-11.7595,1.4653
27.178,raw,2469,-8.0637,-12.3169,1.4608
27.178,raw,2485,-7.7527,-13.1985,1.4477
27.178,raw,2501,-4.3268,-8.0996,1.5827
27.178,raw,2516,-6.7507,-14.4236,1.4337
27.178,raw,2532,-6.2029,-15.1061,1.4246
27.178,raw,2548,-7.7472,-21.8841,1.2726
27.178,raw,2563,-7.1567,-23.4901,1.2429
27.178,raw,2579,-6.4562,-25.4540,1.2053
27.178,raw,2595,-5.4515,-26.7245,1.1829
27.178,raw,2611,-4.2441,-27.3229,1.1746
27.178,raw,2626,-3.0808,-27.9063,1.1653
27.178,raw,2642,-1.8075,-28.6838,1.1507
27.178,raw,2658,-0.4712,-29.4859,1.1343
27.178,raw,2674,0.9302,-30.0419,1.1220
27.178,raw,2689,2.2890,-30.5002,1.1104
27.178,raw,2705,3.8260,-31.2921,1.0899
27.178,raw,2721,5.4615,-32.1386,1.0665
27.178,raw,2737,4.7289,-0.7621,1.6941
27.178,raw,2752,4.5717,-0.5061,1.6990
27.178,raw,2768,4.3979,-0.2529,1.7041
27.178,raw,2784,4.2617,-0.0270,1.7080
27.178,raw,2799,4.1511,0.1682,1.7110
27.178,raw,2815,4.3325,0.3397,1.7074
27.178,raw,2831,4.6246,0.5229,1.7012
27.178,raw,2847,4.9470,0.7328,1.6941
27.178,raw,2862,-24.8763,25.6154,1.0203
27.178,raw,2878,-23.2697,21.9600,1.1016
27.178,raw,2894,-22.3631,19.3198,1.1549
27.178,raw,2910,-21.6527,17.1018,1.1976
27.178,raw,2925,-21.6433,15.6670,1.2162
27.178,raw,2941,-11.0709,7.6556,1.5084
27.178,raw,2957,-20.0775,12.0048,1.2883
27.178,raw,2972,-19.1771,10.4307,1.3222
27.178,raw,2988,-18.4457,9.0119,1.3503
27.178,raw,3004,-17.9402,7.8055,1.3709
27.178,raw,3020,-17.8590,6.8329,1.3800
27.178,raw,3035,-17.3983,5.8420,1.3963
27.178,raw,3051,-16.9534,4.8669,1.4114
27.178,raw,3067,-16.5675,3.9658,1.4240
27.178,raw,3083,-16.1913,3.1175,1.4354
27.178,raw,3098,-15.8118,2.3612,1.4458
27.178,raw,3114,-15.4795,1.6022,1.4545
27.178,raw,3130,-15.1714,0.8782,1.4619
27.178,raw,3146,-35.0333,-1.8928,1.8478
27.178,raw,3161,-31.6596,-3.0307,1.8434
27.178,raw,3177,-15.8879,-1.9465,1.8220
27.178,raw,3193,-32.1709,-6.1447,1.8448
27.178,raw,3208,-31.2834,-7.3870,1.8440
27.178,raw,3224,-30.3980,-8.6762,1.8433
27.178,raw,3240,-29.5405,-9.9295,1.8427
27.178,raw,3256,-28.6916,-11.1480,1.8422
27.178,raw,3271,-27.9124,-12.2681,1.8419
27.178,raw,3287,-27.0937,-13.4440,1.8416
27.178,raw,3303,-25.8514,-14.3553,1.8407
27.178,raw,3319,-25.4809,-15.7578,1.8412
27.178,raw,3334,-24.7297,-16.8338,1.8412
27.178,raw,3350,-23.9420,-17.9928,1.8413
27.178,raw,3366,-23.1435,-19.1530,1.8414
27.178,raw,3381,-22.3341,-20.2006,1.8416
27.178,raw,3397,-21.4036,-21.2661,1.8417
27.178,raw,3413,-20.5027,-22.3795,1.8419
27.178,raw,3429,-19.6000,-23.5238,1.8423
27.178,raw,3444,-18.7711,-24.6638,1.8428
27.178,raw,3460,-17.8587,-25.9089,1.8435
27.178,raw,3476,-16.9048,-27.1778,1.8442
27.178,raw,3492,-15.9230,-28.5073,1.8451
27.178,raw,3507,-14.9601,-29.7977,1.8461
27.178,raw,3523,-13.8840,-31.2347,1.8472
27.178,raw,3539,4.6311,-0.6191,1.8063
27.178,raw,3554,4.4905,-0.3782,1.8061
27.178,raw,3570,4.3535,-0.1425,1.8058
27.178,raw,3586,4.1943,0.0798,1.8055
27.178,raw,3602,4.2179,0.2663,1.8055
27.178,raw,3617,4.4751,0.4283,1.8059
27.178,raw,3633,4.8025,0.6240,1.8063
27.178,raw,3649,-16.7056,0.8019,1.8228
27.178,raw,3665,-16.3295,-0.8149,2.2100
27.178,raw,3680,-16.1111,-1.5052,2.2065
27.178,raw,3696,-15.5428,-2.5901,2.1972
27.178,raw,3712,-15.3510,-3.3016,2.1965
27.178,raw,3728,-15.1344,-4.0047,2.1961
27.178,raw,3743,-14.9543,-4.6718,2.1970
27.178,raw,3759,-15.9456,-6.1410,2.2331
27.178,raw,3775,-14.9529,-6.7174,2.2166
27.178,raw,3790,-25.9976,-14.0413,2.5435
27.178,raw,3806,-19.7439,-24.5768,2.5965
27.178,raw,3822,4.6098,-0.5576,1.9146
27.178,raw,3838,4.4421,-0.3014,1.9091
27.178,raw,3853,4.2914,-0.0811,1.9043
27.178,raw,3869,4.1545,0.1326,1.9001
27.178,raw,3885,4.2899,0.3072,1.9030
27.178,raw,3901,4.5470,0.4876,1.9091
27.178,raw,3916,4.8719,0.6776,1.9170
27.178,raw,3932,-31.7522,-3.3206,3.3507
27.178,raw,3948,-26.0601,-13.8788,3.2459
27.178,raw,3963,-19.9175,-24.2033,3.3415
27.178,raw,3979,4.6334,-0.6198,2.0251
27.178,raw,3995,4.4560,-0.3568,2.0135
27.178,raw,4011,4.3273,-0.1249,2.0051
27.178,raw,4026,4.1845,0.0813,1.9967
27.178,raw,4042,4.2374,0.2644,1.9981
27.178,raw,4058,4.4787,0.4406,2.0091
27.178,raw,4074,4.7884,0.6375,2.0237
27.178,raw,4089,-16.7308,0.8506,2.6142
27.178,raw,4105,-16.6478,-8.9073,3.1872
27.178,raw,4121,4.6857,-0.6915,2.1398
27.178,raw,4136,4.5349,-0.4425,2.1246
27.178,raw,4152,4.3717,-0.1965,2.1092
27.178,raw,4168,4.2206,0.0281,2.0957
27.178,raw,4184,4.1478,0.2269,2.0886
27.178,raw,4199,4.4143,0.3825,2.1066
27.178,raw,4215,4.7166,0.5724,2.1277
27.178,raw,4231,5.0251,0.7898,2.1498
27.178,raw,4247,-19.5435,0.0317,3.6781
27.178,raw,4262,-19.3225,-0.8033,3.6614
27.178,raw,4278,-19.0607,-1.6758,3.6448
27.178,raw,4294,-18.7914,-2.5326,3.6311
27.178,raw,4310,-18.3116,-3.4992,3.6041
27.178,raw,4325,-18.0490,-4.2733,3.5976
27.178,raw,4341,-17.7924,-5.1015,3.5966
27.178,raw,4357,-14.7483,-4.9876,3.3191
27.178,raw,4372,-17.2608,-6.9947,3.6134
27.178,raw,4388,-16.9849,-7.9574,3.6288
27.178,raw,4404,-16.7131,-8.8804,3.6474
27.178,raw,4420,4.6295,-0.6186,2.2444
27.178,raw,4435,4.4765,-0.3748,2.2243
27.178,raw,4451,4.3100,-0.1340,2.2039
27.178,raw,4467,4.1994,0.0791,2.1901
27.178,raw,4483,4.2142,0.2667,2.1894
27.178,raw,4498,4.4836,0.4278,2.2138
27.178,raw,4514,4.7951,0.6241,2.2428
27.178,raw,4530,-16.5819,0.3687,3.7915
27.178,raw,4545,-16.3609,-0.3404,3.7686
27.178,raw,4561,-16.1202,-1.0793,3.7475
27.178,raw,4577,-15.9021,-1.8069,3.7330
27.178,raw,4593,-15.4797,-2.5301,3.6987
27.178,raw,4608,-15.2568,-3.1832,3.6901
27.178,raw,4624,-15.0419,-3.8811,3.6874
27.178,raw,4640,-14.8520,-4.5871,3.6919
27.178,raw,4656,-14.6566,-5.3956,3.7044
27.178,raw,4671,-14.4440,-6.0570,3.7126
27.178,raw,4687,-14.2311,-6.7788,3.7276
27.178,raw,4703,-14.0192,-7.5164,3.7476
28.507,raw,0,4.7960,-0.8014,0.8861
28.507,raw,15,4.6345,-0.5411,0.9290
28.507,raw,30,4.4710,-0.3002,0.9697
28.507,raw,46,4.3414,-0.0715,1.0020
28.507,raw,61,4.2025,0.1310,1.0337
28.507,raw,76,4.3006,0.2986,1.0187
28.507,raw,92,4.5726,0.4784,0.9698
28.507,raw,107,4.8822,0.6690,0.9123
28.507,raw,122,4.7668,-0.7631,1.0098
28.507,raw,138,4.5846,-0.4869,1.0509
28.507,raw,153,4.4360,-0.2538,1.0835
28.507,raw,168,4.3329,-0.0454,1.1065
28.507,raw,184,4.1782,0.1694,1.1367
28.507,raw,199,4.3680,0.3292,1.1084
28.507,raw,214,4.6024,0.5027,1.0716
28.507,raw,230,4.9228,0.7101,1.0195
28.507,raw,245,-5.7088,-5.8281,0.5740
28.507,raw,260,-5.4760,-6.1384,0.5625
28.507,raw,276,-5.2279,-6.4839,0.5461
28.507,raw,291,-4.9727,-6.7936,0.5319
28.507,raw,306,-4.7214,-7.1273,0.5122
28.507,raw,322,4.7301,-0.7087,1.1324
28.507,raw,337,4.5643,-0.4547,1.1642
28.507,raw,352,4.4153,-0.2239,1.1919
28.507,raw,368,4.2642,0.0026,1.2184
28.507,raw,383,4.1567,0.1953,1.2371
28.507,raw,398,4.3984,0.3513,1.2054
28.507,raw,414,4.6710,0.5391,1.1686
28.507,raw,429,4.9827,0.7385,1.1251
28.507,raw,444,-6.2218,-6.4770,0.6864
28.507,raw,460,-5.9489,-6.8392,0.6750
28.507,raw,475,-5.6877,-7.1866,0.6618
28.507,raw,490,-5.4395,-7.5718,0.6421
28.507,raw,506,-5.1517,-7.9777,0.6207
28.507,raw,521,-4.8245,-8.2888,0.6087
28.507,raw,536,-4.1912,-8.0119,0.6716
28.507,raw,552,-4.1784,-9.0790,0.5601
28.507,raw,567,-3.8585,-9.5200,0.5272
28.507,raw,582,-3.4897,-9.8970,0.5010
28.507,raw,598,4.6450,-0.5855,1.2593
28.507,raw,613,4.4968,-0.3453,1.2829
28.507,raw,628,4.3526,-0.1232,1.3046
28.507,raw,644,4.2246,0.0925,1.3234
28.507,raw,659,4.2469,0.2679,1.3232
28.507,raw,674,4.4718,0.4329,1.2985
28.507,raw,690,4.7929,0.6290,1.2619
28.507,raw,705,5.1419,0.8412,1.2210
28.507,raw,720,-6.7496,-7.2941,0.8241
28.507,raw,736,-6.4632,-7.7131,0.8112
28.507,raw,751,-6.1974,-8.1310,0.7952
28.507,raw,767,-5.9035,-8.5926,0.7754
28.507,raw,782,-5.5631,-8.9532,0.7638
28.507,raw,797,-5.2568,-9.4017,0.7417
28.507,raw,813,-4.0387,-8.0811,0.9019
28.507,raw,828,-4.5040,-10.2272,0.7031
28.507,raw,843,-4.1196,-10.6540,0.6798
28.507,raw,859,-3.6924,-11.1371,0.6507
28.507,raw,874,-3.3016,-11.7260,0.6091
28.507,raw,889,-2.9163,-12.5133,0.5473
28.507,raw,905,4.7488,-0.7287,1.3565
28.507,raw,920,4.5643,-0.4682,1.3794
28.507,raw,935,4.4176,-0.2371,1.3976
28.507,raw,951,4.2786,-0.0119,1.4140
28.507,raw,966,4.1568,0.1837,1.4278
28.507,raw,981,4.3790,0.3406,1.4087
28.507,raw,997,4.6584,0.5266,1.3838
28.507,raw,1012,4.9530,0.7242,1.3566
28.507,raw,1027,-8.0076,-7.2484,1.0151
28.507,raw,1043,-7.7506,-7.7380,1.0035
28.507,raw,1058,-7.4878,-8.1948,0.9923
28.507,raw,1073,-7.1621,-8.5962,0.9852
28.507,raw,1089,-6.8325,-9.0674,0.9730
28.507,raw,1104,-6.4965,-9.4969,0.9617
28.507,raw,1119,-6.1489,-9.9366,0.9487
28.507,raw,1135,-5.7717,-10.4337,0.9316
28.507,raw,1150,-4.0235,-8.0494,1.1330
28.507,raw,1165,-5.0095,-11.4060,0.8939
28.507,raw,1181,-4.5769,-11.9714,0.8688
28.507,raw,1196,-4.1323,-12.4828,0.8456
28.507,raw,1211,-3.7771,-13.4254,0.7905
28.507,raw,1227,-3.3020,-14.3570,0.7363
28.507,raw,1242,-2.8484,-15.5517,0.6619
28.507,raw,1257,-2.2915,-16.6891,0.5907
28.507,raw,1273,4.7929,-0.8004,1.4650
28.507,raw,1288,4.6438,-0.5436,1.4799
28.507,raw,1303,4.4669,-0.2993,1.4958
28.507,raw,1319,4.3203,-0.0678,1.5088
28.507,raw,1334,4.1713,0.1351,1.5211
28.507,raw,1349,4.2794,0.3005,1.5149
28.507,raw,1365,4.5766,0.4782,1.4953
28.507,raw,1380,4.8694,0.6690,1.4753
28.507,raw,1395,-10.7541,-4.6132,1.2481
28.507,raw,1411,-10.5085,-5.1142,1.2476
28.507,raw,1426,-10.2746,-5.5838,1.2463
28.507,raw,1441,-10.0928,-6.0919,1.2410
28.507,raw,1457,-9.8361,-6.6032,1.2374
28.507,raw,1472,-9.5980,-7.0945,1.2325
28.507,raw,1487,-9.3415,-7.5835,1.2273
28.507,raw,1503,-8.9827,-8.0407,1.2254
28.507,raw,1518,-8.7009,-8.5323,1.2187
28.507,raw,1534,-8.3984,-9.0776,1.2097
28.507,raw,1549,-8.0707,-9.5617,1.2025
28.507,raw,1564,-7.7448,-10.0733,1.1931
28.507,raw,1580,-7.3139,-10.5318,1.1873
28.507,raw,1595,-6.9587,-11.0648,1.1755
28.507,raw,1610,-6.5904,-11.6222,1.1619
28.507,raw,1626,-4.0868,-7.9893,1.3613
28.507,raw,1641,-5.7318,-12.7698,1.1324
28.507,raw,1656,-5.3078,-13.4241,1.1122
28.507,raw,1672,-4.8435,-14.2226,1.0852
28.507,raw,1687,-4.4314,-15.2340,1.0469
28.507,raw,1702,-4.0598,-16.7250,0.9856
28.507,raw,1718,-3.8387,-19.8927,0.8469
28.507,raw,1733,-3.5703,-24.1769,0.6568
28.507,raw,1748,-2.5494,-24.8137,0.6339
28.507,raw,1764,-1.4003,-25.3238,0.6151
28.507,raw,1779,-0.2861,-25.7964,0.5956
28.507,raw,1794,0.8679,-26.3002,0.5724
28.507,raw,1810,2.1523,-26.8719,0.5436
28.507,raw,1825,3.4104,-27.3937,0.5145
28.507,raw,1840,4.6804,-0.6374,1.5861
28.507,raw,1856,4.5022,-0.3728,1.5970
28.507,raw,1871,4.3550,-0.1487,1.6057
28.507,raw,1886,4.2334,0.0554,1.6128
28.507,raw,1902,4.1985,0.2491,1.6154
28.507,raw,1917,4.4514,0.4093,1.6046
28.507,raw,1932,4.7449,0.5898,1.5915
28.507,raw,1948,5.0930,0.8111,1.5756
28.507,raw,1963,25.6872,11.5736,0.5366
28.507,raw,1978,-18.9496,18.9355,0.5964
28.507,raw,1994,-18.4244,16.8648,0.6776
28.507,raw,2009,-17.6557,14.8908,0.7620
28.507,raw,2024,-17.0475,13.2297,0.8300
28.507,raw,2040,-10.8851,7.9755,1.1969
28.507,raw,2055,-15.9197,10.3379,0.9456
28.507,raw,2070,-15.5063,9.1917,0.9879
28.507,raw,2086,-15.3116,8.1850,1.0168
28.507,raw,2101,-15.7343,0.1328,1.4489
28.507,raw,2116,-15.4022,-0.5295,1.4555
28.507,raw,2132,-15.0542,-1.2098,1.4616
28.507,raw,2147,-8.0534,-0.7109,1.6161
28.507,raw,2162,-8.0738,-1.0823,1.6142
28.507,raw,2178,-14.1388,-3.0605,1.4738
28.507,raw,2193,-13.8529,-3.6391,1.4764
28.507,raw,2208,-13.5634,-4.2070,1.4786
28.507,raw,2224,-12.8851,-4.6538,1.4890
28.507,raw,2239,-12.6196,-5.2002,1.4896
28.507,raw,2254,-12.3498,-5.7431,1.4898
28.507,raw,2270,-11.7586,-6.1497,1.4970
28.507,raw,2285,-11.4992,-6.6858,1.4958
28.507,raw,2301,-11.2758,-7.3024,1.4924
28.507,raw,2316,-10.8983,-7.7701,1.4930
28.507,raw,2331,-10.7149,-8.3976,1.4876
28.507,raw,2347,-10.3032,-8.9031,1.4871
28.507,raw,2362,-10.1115,-9.5747,1.4799
28.507,raw,2377,-9.6829,-10.0323,1.4792
28.507,raw,2393,-9.3822,-10.7136,1.4723
28.507,raw,2408,-8.9503,-11.2020,1.4698
28.507,raw,2423,-8.6829,-11.9435,1.4601
28.507,raw,2439,-8.1945,-12.4949,1.4560
28.507,raw,2454,-7.7371,-13.0468,1.4508
28.507,raw,2469,-7.4168,-13.9087,1.4375
28.507,raw,2485,-6.8791,-14.5443,1.4302
28.507,raw,2500,-6.3404,-15.1330,1.4230
28.507,raw,2515,-7.7311,-21.1331,1.2884
28.507,raw,2531,-7.2113,-23.0496,1.2520
28.507,raw,2546,-6.5507,-24.7382,1.2202
28.507,raw,2561,-5.7612,-26.4281,1.1881
28.507,raw,2577,-4.5688,-27.0177,1.1803
28.507,raw,2592,-3.4140,-27.5315,1.1728
28.507,raw,2607,-2.2431,-28.2306,1.1602
28.507,raw,2623,-0.9393,-29.0365,1.1442
28.507,raw,2638,0.3454,-29.6826,1.1304
28.507,raw,2653,1.6735,-30.0625,1.1212
28.507,raw,2669,3.1589,-30.7421,1.1038
28.507,raw,2684,4.6329,-31.4705,1.0841
28.507,raw,2699,6.2231,-32.3907,1.0585
28.507,raw,2715,4.6756,-0.6641,1.6962
28.507,raw,2730,4.5389,-0.4215,1.7006
28.507,raw,2745,4.3872,-0.1927,1.7049
28.507,raw,2761,4.2618,0.0271,1.7085
28.507,raw,2776,4.1463,0.2197,1.7116
28.507,raw,2791,4.4040,0.3754,1.7062
28.507,raw,2807,4.6927,0.5646,1.7001
28.507,raw,2822,5.0027,0.7666,1.6932
28.507,raw,2837,-25.1253,24.4257,1.0342
28.507,raw,2853,-24.6764,21.9403,1.0782
28.507,raw,2868,-23.7903,19.4534,1.1281
28.507,raw,2883,-23.8589,17.8877,1.1476
28.507,raw,2899,-22.7491,15.5462,1.1970
28.507,raw,2914,-21.5146,13.4505,1.2445
28.507,raw,2929,-21.7048,12.3224,1.2531
28.507,raw,2945,-20.7204,10.5926,1.2897
28.507,raw,2960,-19.9264,9.1737,1.3185
28.507,raw,2975,-19.1802,7.8908,1.3443
28.507,raw,2991,-19.7158,7.0659,1.3391
28.507,raw,3006,-19.0611,5.9520,1.3600
28.507,raw,3021,-18.4254,4.9244,1.3791
28.507,raw,3037,-17.8307,3.9254,1.3964
28.507,raw,3052,-17.3281,3.0608,1.4104
28.507,raw,3068,-16.7959,2.1975,1.4242
28.507,raw,3083,-16.3878,1.4434,1.4343
28.507,raw,3098,-16.0390,0.7277,1.4424
28.507,raw,3114,-34.9467,-2.7363,1.8478
28.507,raw,3129,-31.3191,-3.7620,1.8431
28.507,raw,3144,-33.0169,-5.4692,1.8457
28.507,raw,3160,-15.6556,-3.0210,1.8220
28.507,raw,3175,-31.1236,-8.0587,1.8440
28.507,raw,3190,-30.2748,-9.2547,1.8434
28.507,raw,3206,-29.3628,-10.4836,1.8428
28.507,raw,3221,-28.5755,-11.6264,1.8423
28.507,raw,3236,-15.7338,-6.9625,1.8239
28.507,raw,3252,-26.9115,-13.8899,1.8416
28.507,raw,3267,-26.1281,-14.9655,1.8414
28.507,raw,3282,-25.3449,-16.0285,1.8413
28.507,raw,3298,-24.5145,-17.1575,1.8412
28.507,raw,3313,-23.7427,-18.2198,1.8413
28.507,raw,3328,-22.9762,-19.2927,1.8414
28.507,raw,3344,-22.0275,-20.3290,1.8414
28.507,raw,3359,-21.1290,-21.2937,1.8414
28.507,raw,3374,-20.2549,-22.2945,1.8416
28.507,raw,3390,-19.3565,-23.4294,1.8420
28.507,raw,3405,-18.4914,-24.5066,1.8424
28.507,raw,3420,-17.6023,-25.6023,1.8430
28.507,raw,3436,-16.6323,-26.8104,1.8436
28.507,raw,3451,-15.7051,-28.0010,1.8444
28.507,raw,3466,-14.7297,-29.2095,1.8452
28.507,raw,3482,-13.6547,-30.5723,1.8463
28.507,raw,3497,-12.5910,-31.8926,1.8474
28.507,raw,3512,-0.3278,-34.1097,1.8471
28.507,raw,3528,4.6342,-0.5825,1.8063
28.507,raw,3543,4.4791,-0.3412,1.8060
28.507,raw,3558,4.3554,-0.1238,1.8058
28.507,raw,3574,4.2020,0.0957,1.8055
28.507,raw,3589,4.2434,0.2682,1.8056
28.507,raw,3604,4.4876,0.4321,1.8059
28.507,raw,3620,4.7897,0.6290,1.8063
28.507,raw,3635,5.1354,0.8410,1.8067
28.507,raw,3650,-17.6921,-1.1703,2.2448
28.507,raw,3666,-15.5472,-2.2883,2.1961
28.507,raw,3681,-17.4574,-3.7621,2.2502
28.507,raw,3696,-15.0706,-4.1568,2.1959
28.507,raw,3712,-14.8748,-4.8675,2.1971
28.507,raw,3727,-14.6174,-5.7595,2.1994
28.507,raw,3742,-14.4316,-6.4416,2.2022
28.507,raw,3758,-14.2108,-7.1711,2.2057
28.507,raw,3773,-13.8133,-8.1434,2.2094
28.507,raw,3788,4.7414,-0.7408,1.9186
28.507,raw,3804,4.5558,-0.4660,1.9123
28.507,raw,3819,4.4225,-0.2381,1.9078
28.507,raw,3835,4.2715,-0.0107,1.9031
28.507,raw,3850,4.1359,0.1862,1.8991
28.507,raw,3865,4.3500,0.3428,1.9040
28.507,raw,3881,4.6460,0.5269,1.9111
28.507,raw,3896,4.9527,0.7242,1.9187
28.507,raw,3911,-31.7737,-3.5454,3.3537
28.507,raw,3927,-25.9997,-13.9869,3.2462
28.507,raw,3942,-19.7657,-24.3727,3.3433
28.507,raw,3957,4.6468,-0.5999,2.0246
28.507,raw,3973,4.4816,-0.3417,2.0138
28.507,raw,3988,4.3592,-0.1245,2.0058
28.507,raw,4003,4.2043,0.0835,1.9968
28.507,raw,4019,4.2482,0.2677,1.9979
28.507,raw,4034,4.4798,0.4325,2.0084
28.507,raw,4049,4.7633,0.6160,2.0218
28.507,raw,4065,5.1124,0.8402,2.0388
28.507,raw,4080,-25.9793,-14.0743,3.9528
28.507,raw,4095,4.7400,-0.7404,2.1433
28.507,raw,4111,4.5387,-0.4616,2.1239
28.507,raw,4126,4.4086,-0.2352,2.1112
28.507,raw,4141,4.2800,-0.0242,2.0993
28.507,raw,4157,4.1539,0.1840,2.0882
28.507,raw,4172,4.3507,0.3427,2.1012
28.507,raw,4187,4.5879,0.5159,2.1175
28.507,raw,4203,4.9425,0.7241,2.1428
28.507,raw,4218,-17.9931,0.4233,3.5309
28.507,raw,4233,-19.4452,-0.4424,3.6722
28.507,raw,4249,-19.1643,-1.3213,3.6521
28.507,raw,4264,-18.9306,-2.1335,3.6395
28.507,raw,4279,-17.4124,-2.7956,3.5075
28.507,raw,4295,-18.1494,-3.8240,3.5973
28.507,raw,4310,-17.9118,-4.6013,3.5946
28.507,raw,4325,-17.6939,-5.3843,3.5972
28.507,raw,4341,-17.4892,-6.2934,3.6086
28.507,raw,4356,-17.2322,-7.0742,3.6148
28.507,raw,4371,-16.9900,-7.8703,3.6262
28.507,raw,4387,-16.7230,-8.7296,3.6419
28.507,raw,4402,-11.1536,-8.5988,3.1939
28.507,raw,4417,-16.4770,0.1081,3.7816
28.507,raw,4433,-16.2582,-0.6424,3.7606
28.507,raw,4448,-16.0383,-1.3308,3.7428
28.507,raw,4463,-15.8277,-2.0090,3.7296
28.507,raw,4479,-15.3799,-2.7689,3.6944
28.507,raw,4494,-15.1670,-3.4223,3.6882
28.507,raw,4509,-14.9827,-4.0812,3.6890
28.507,raw,4525,-14.7501,-4.7731,3.6891
28.507,raw,4540,-14.5793,-5.5424,3.7037
28.507,raw,4555,-14.3715,-6.2067,3.7133
28.507,raw,4571,-14.1522,-6.9270,3.7284
28.507,raw,4586,-13.9526,-7.6197,3.7478
29.837,raw,0,4.7914,-0.8201,0.8875
29.837,raw,14,4.6388,-0.5765,0.9280
29.837,raw,28,4.5031,-0.3541,0.9630
29.837,raw,43,4.3565,-0.1321,0.9984
29.837,raw,57,4.2422,0.0573,1.0254
29.837,raw,72,4.2400,0.2358,1.0299
29.837,raw,86,4.5037,0.3852,0.9826
29.837,raw,101,4.7823,0.5682,0.9315
29.837,raw,115,5.0610,0.7608,0.8789
29.837,raw,129,4.6825,-0.6443,1.0300
29.837,raw,144,4.5366,-0.4015,1.0633
29.837,raw,158,4.4287,-0.1962,1.0877
29.837,raw,173,4.2577,0.0191,1.1214
29.837,raw,187,4.1845,0.1946,1.1371
29.837,raw,202,4.4289,0.3527,1.0994
29.837,raw,216,4.6987,0.5173,1.0565
29.837,raw,231,5.0105,0.7177,1.0055
29.837,raw,245,-5.6571,-5.8712,0.5764
29.837,raw,259,-5.4812,-6.2103,0.5564
29.837,raw,274,-5.2479,-6.5364,0.5408
29.837,raw,288,-5.0038,-6.8192,0.5287
29.837,raw,303,-4.7851,-7.2056,0.5005
29.837,raw,317,4.7026,-0.6641,1.1390
29.837,raw,332,4.5286,-0.4129,1.1716
29.837,raw,346,4.3941,-0.2020,1.1964
29.837,raw,361,4.2751,0.0043,1.2178
29.837,raw,375,4.1906,0.1822,1.2329
29.837,raw,389,4.3985,0.3303,1.2058
29.837,raw,404,4.6619,0.5054,1.1702
29.837,raw,418,4.9640,0.6894,1.1281
29.837,raw,433,-6.2120,-6.4503,0.6911
29.837,raw,447,-5.9787,-6.7701,0.6807
29.837,raw,462,-5.7553,-7.1621,0.6612
29.837,raw,476,-5.5131,-7.5037,0.6456
29.837,raw,490,-5.2801,-7.8809,0.6242
29.837,raw,505,-5.0133,-8.2896,0.5998
29.837,raw,519,-4.4188,-8.0529,0.6573
29.837,raw,534,-4.0013,-8.1611,0.6678
29.837,raw,548,-4.1095,-9.4165,0.5295
29.837,raw,563,-3.7493,-9.7970,0.5040
29.837,raw,577,4.6690,-0.6265,1.2563
29.837,raw,592,4.5137,-0.3829,1.2809
29.837,raw,606,4.3663,-0.1714,1.3028
29.837,raw,620,4.2708,0.0171,1.3175
29.837,raw,635,4.1988,0.2048,1.3286
29.837,raw,649,4.4329,0.3525,1.3030
29.837,raw,664,4.7053,0.5302,1.2723
29.837,raw,678,4.9890,0.7174,1.2394
29.837,raw,693,-6.8226,-7.1290,0.8324
29.837,raw,707,-6.6069,-7.5274,0.8176
29.837,raw,722,-6.3456,-7.9397,0.8027
29.837,raw,736,-6.1028,-8.3490,0.7853
29.837,raw,750,-5.8257,-8.7343,0.7699
29.837,raw,765,-5.5255,-9.1724,0.7497
29.837,raw,779,-4.4323,-8.0784,0.8874
29.837,raw,794,-3.9867,-8.1302,0.9015
29.837,raw,808,-4.5246,-10.3924,0.6900
29.837,raw,823,-4.1466,-10.8560,0.6632
29.837,raw,837,-3.7751,-11.3063,0.6353
29.837,raw,851,-3.4185,-11.9000,0.5924
29.837,raw,866,-3.0439,-12.7484,0.5253
29.837,raw,880,4.7077,-0.6797,1.3622
29.837,raw,895,4.5393,-0.4288,1.3833
29.837,raw,909,4.3971,-0.2153,1.4005
29.837,raw,924,4.2641,-0.0060,1.4160
29.837,raw,938,4.1665,0.1733,1.4272
29.837,raw,953,4.4213,0.3287,1.4051
29.837,raw,967,4.6406,0.4932,1.3856
29.837,raw,981,4.9346,0.6754,1.3586
29.837,raw,996,-7.9473,-7.1701,1.0227
29.837,raw,1010,-7.7684,-7.6382,1.0086
29.837,raw,1025,-7.5316,-8.1174,0.9953
29.837,raw,1039,-7.2384,-8.5008,0.9881
29.837,raw,1054,-6.9683,-8.9878,0.9730
29.837,raw,1068,-6.6675,-9.4028,0.9616
29.837,raw,1083,-6.3358,-9.8616,0.9475
29.837,raw,1097,-6.0196,-10.3123,0.9319
29.837,raw,1111,-4.2572,-7.9854,1.1310
29.837,raw,1126,-3.9166,-8.2449,1.1252
29.837,raw,1140,-4.9273,-11.7323,0.8766
29.837,raw,1155,-4.5238,-12.3117,0.8494
29.837,raw,1169,-4.1301,-12.9032,0.8194
29.837,raw,1184,-3.7803,-13.9553,0.7565
29.837,raw,1198,-3.3654,-14.8726,0.7020
29.837,raw,1212,-2.9351,-16.0607,0.6277
29.837,raw,1227,-2.3771,-17.3430,0.5466
29.837,raw,1241,4.7065,-0.6794,1.4738
29.837,raw,1256,4.5604,-0.4339,1.4879
29.837,raw,1270,4.4224,-0.2204,1.5004
29.837,raw,1285,4.2788,-0.0083,1.5128
29.837,raw,1299,4.1701,0.1729,1.5219
29.837,raw,1314,4.4290,0.3281,1.5051
29.837,raw,1328,4.6395,0.4932,1.4912
29.837,raw,1342,4.9391,0.6754,1.4707
29.837,raw,1357,-10.3803,-4.5689,1.2646
29.837,raw,1371,-10.2536,-5.0389,1.2598
29.837,raw,1386,-10.0404,-5.5076,1.2576
29.837,raw,1400,-9.8981,-5.9879,1.2515
29.837,raw,1415,-9.6783,-6.4699,1.2472
29.837,raw,1429,-9.4699,-6.9274,1.2423
29.837,raw,1444,-9.2449,-7.4303,1.2357
29.837,raw,1458,-9.0031,-7.8865,1.2301
29.837,raw,1472,-8.7548,-8.3515,1.2235
29.837,raw,1487,-8.4375,-8.8140,1.2181
29.837,raw,1501,-8.1519,-9.2737,1.2109
29.837,raw,1516,-7.8404,-9.7838,1.2017
29.837,raw,1530,-7.5579,-10.3005,1.1904
29.837,raw,1545,-7.2251,-10.8502,1.1781
29.837,raw,1559,-6.8431,-11.2850,1.1704
29.837,raw,1573,-6.5177,-11.8564,1.1550
29.837,raw,1588,-4.0142,-8.0586,1.3607
29.837,raw,1602,-5.7329,-13.0151,1.1229
29.837,raw,1617,-5.3328,-13.7645,1.0982
29.837,raw,1631,-4.9361,-14.5307,1.0715
29.837,raw,1646,-4.5353,-15.6283,1.0292
29.837,raw,1660,-4.3592,-17.7646,0.9374
29.837,raw,1675,-4.6074,-23.1531,0.6955
29.837,raw,1689,-3.8623,-24.6829,0.6329
29.837,raw,1703,-2.8911,-25.2542,0.6132
29.837,raw,1718,-1.8126,-25.9037,0.5885
29.837,raw,1732,-0.7578,-26.3871,0.5691
29.837,raw,1747,0.4126,-26.9253,0.5453
29.837,raw,1761,1.5498,-27.4715,0.5190
29.837,raw,1776,4.7165,-0.7107,1.5840
29.837,raw,1790,4.5759,-0.4781,1.5930
29.837,raw,1805,4.4279,-0.2470,1.6019
29.837,raw,1819,4.2995,-0.0482,1.6093
29.837,raw,1833,4.1822,0.1364,1.6158
29.837,raw,1848,4.3445,0.2981,1.6092
29.837,raw,1862,4.5901,0.4566,1.5985
29.837,raw,1877,4.8931,0.6479,1.5849
29.837,raw,1891,24.0252,10.4391,0.6261
29.837,raw,1906,-18.0175,20.5980,0.5711
29.837,raw,1920,-17.5651,18.5941,0.6514
29.837,raw,1934,-17.1049,16.7750,0.7242
29.837,raw,1949,-16.5428,14.9521,0.7986
29.837,raw,1963,-16.0758,13.4562,0.8583
29.837,raw,1978,-15.6291,12.0343,0.9135
29.837,raw,1992,-10.8960,7.9622,1.1961
29.837,raw,2007,-14.7708,9.6256,1.0066
29.837,raw,2021,-14.4725,8.6624,1.0402
29.837,raw,2036,-14.2076,7.7295,1.0705
29.837,raw,2050,-14.1807,0.2858,1.4833
29.837,raw,2064,-13.9607,-0.2785,1.4876
29.837,raw,2079,-13.7274,-0.8670,1.4916
29.837,raw,2093,-8.2505,-0.6174,1.6122
29.837,raw,2108,-7.9612,-0.9351,1.6173
29.837,raw,2122,-13.0628,-2.4806,1.5000
29.837,raw,2137,-12.8456,-3.0281,1.5016
29.837,raw,2151,-12.6619,-3.5403,1.5022
29.837,raw,2166,-12.2379,-4.0026,1.5077
29.837,raw,2180,-12.0585,-4.5052,1.5073
29.837,raw,2194,-11.8572,-5.0003,1.5069
29.837,raw,2209,-11.6635,-5.5450,1.5054
29.837,raw,2223,-11.3779,-6.0003,1.5061
29.837,raw,2238,-11.1936,-6.5631,1.5031
29.837,raw,2252,-11.0106,-7.0946,1.5000
29.837,raw,2267,-10.6951,-7.5907,1.4992
29.837,raw,2281,-10.4723,-8.1174,1.4959
29.837,raw,2295,-10.1354,-8.5598,1.4952
29.837,raw,2310,-9.9011,-9.1626,1.4899
29.837,raw,2324,-9.6255,-9.6936,1.4858
29.837,raw,2339,-9.4219,-10.3949,1.4774
29.837,raw,2353,-9.0604,-10.8843,1.4742
29.837,raw,2368,-8.8463,-11.6690,1.4633
29.837,raw,2382,-8.4565,-12.1893,1.4589
29.837,raw,2397,-8.0518,-12.8047,1.4523
29.837,raw,2411,-7.8502,-13.7451,1.4366
29.837,raw,2425,-7.4257,-14.3739,1.4287
29.837,raw,2440,-6.9429,-15.0658,1.4195
29.837,raw,2454,-8.2896,-20.2374,1.3029
29.837,raw,2469,-7.8722,-21.9610,1.2706
29.837,raw,2483,-7.3451,-23.5155,1.2418
29.837,raw,2498,-6.7190,-25.4133,1.2053
29.837,raw,2512,-5.9618,-27.0066,1.1751
29.837,raw,2527,-4.8379,-27.6601,1.1658
29.837,raw,2541,-3.7542,-28.2722,1.1561
29.837,raw,2555,-2.6318,-28.8686,1.1459
29.837,raw,2570,-1.3943,-29.6784,1.1300
29.837,raw,2584,-0.1821,-30.4946,1.1129
29.837,raw,2599,1.1838,-31.2207,1.0965
29.837,raw,2613,2.5044,-31.7042,1.0844
29.837,raw,2628,3.9933,-32.4120,1.0657
29.837,raw,2642,5.4823,-33.2678,1.0426
29.837,raw,2656,4.7048,-0.6647,1.6958
29.837,raw,2671,4.5370,-0.4149,1.7008
29.837,raw,2685,4.3967,-0.2026,1.7048
29.837,raw,2700,4.2778,0.0039,1.7082
29.837,raw,2714,4.1643,0.1852,1.7112
29.837,raw,2729,4.4148,0.3414,1.7060
29.837,raw,2743,4.6653,0.5053,1.7007
29.837,raw,2758,4.9817,0.7034,1.6937
29.837,raw,2772,-23.4711,25.7013,1.0397
29.837,raw,2786,-22.5955,22.9060,1.0973
29.837,raw,2801,-21.3094,19.9083,1.1633
29.837,raw,2815,-20.4439,17.6861,1.2097
29.837,raw,2830,-19.3533,15.4148,1.2597
29.837,raw,2844,-18.9566,13.9393,1.2859
29.837,raw,2859,-10.9290,7.6671,1.5101
29.837,raw,2873,-17.8765,11.0743,1.3400
29.837,raw,2888,-17.7521,9.9959,1.3539
29.837,raw,2902,-17.3196,8.8925,1.3733
29.837,raw,2916,-16.9477,7.8901,1.3898
29.837,raw,2931,-16.5359,6.8810,1.4065
29.837,raw,2945,-16.4921,6.1115,1.4130
29.837,raw,2960,-16.1477,5.2295,1.4260
29.837,raw,2974,-15.8572,4.4593,1.4365
29.837,raw,2989,-15.5415,3.6751,1.4469
29.837,raw,3003,-15.2554,2.9807,1.4557
29.837,raw,3017,-14.9761,2.3183,1.4638
29.837,raw,3032,-14.7074,1.6420,1.4710
29.837,raw,3046,-14.4780,1.0358,1.4767
29.837,raw,3061,-32.1213,0.2145,1.8437
29.837,raw,3075,-18.7667,-0.3724,1.8257
29.837,raw,3090,-30.6192,-2.3412,1.8419
29.837,raw,3104,-29.9417,-3.5041,1.8412
29.837,raw,3119,-29.2807,-4.7153,1.8406
29.837,raw,3133,-17.3205,-3.2731,1.8243
29.837,raw,3147,-28.0078,-6.8665,1.8395
29.837,raw,3162,-27.3507,-7.9777,1.8391
29.837,raw,3176,-26.7617,-8.9990,1.8388
29.837,raw,3191,-14.6557,-5.3986,1.8217
29.837,raw,3205,-16.2345,-6.8246,1.8244
29.837,raw,3220,-15.3001,-7.2210,1.8235
29.837,raw,3234,-15.0954,-7.9063,1.8237
29.837,raw,3249,-23.7498,-14.1412,1.8381
29.837,raw,3263,-23.1550,-15.1044,1.8381
29.837,raw,3277,-22.5946,-16.0975,1.8383
29.837,raw,3292,-21.9758,-17.1626,1.8385
29.837,raw,3306,-21.3646,-18.1461,1.8387
29.837,raw,3321,-20.7295,-19.2420,1.8391
29.837,raw,3335,-20.1150,-20.2752,1.8395
29.837,raw,3350,-19.4742,-21.4443,1.8400
29.837,raw,3364,-18.8506,-22.5590,1.8406
29.837,raw,3378,-18.1988,-23.6988,1.8413
29.837,raw,3393,-17.5057,-25.0091,1.8422
29.837,raw,3407,-16.7964,-26.2331,1.8431
29.837,raw,3422,-16.0045,-27.6067,1.8441
29.837,raw,3436,-15.2438,-28.9817,1.8452
29.837,raw,3451,-14.3639,-30.4996,1.8466
29.837,raw,3465,4.7606,-0.7814,1.8065
29.837,raw,3480,4.6067,-0.5267,1.8062
29.837,raw,3494,4.4559,-0.3044,1.8059
29.837,raw,3508,4.3369,-0.1038,1.8057
29.837,raw,3523,4.2232,0.0957,1.8055
29.837,raw,3537,4.2821,0.2555,1.8056
29.837,raw,3552,4.5499,0.4204,1.8059
29.837,raw,3566,4.8194,0.5943,1.8063
29.837,raw,3581,5.1270,0.8052,1.8067
29.837,raw,3595,-34.3571,4.5669,1.8471
29.837,raw,3610,-33.6481,3.0157,1.8459
29.837,raw,3624,-32.9476,1.6303,1.8449
29.837,raw,3638,-17.4981,0.1532,2.2379
29.837,raw,3653,-18.1475,-0.6564,2.2550
29.837,raw,3667,-31.8507,-4.0485,2.6018
29.837,raw,3682,-15.4888,-4.0660,2.2051
29.837,raw,3696,-26.0115,-13.9200,2.5423
29.837,raw,3711,-19.8369,-24.1959,2.5902
29.837,raw,3725,4.7067,-0.6936,1.9172
29.837,raw,3739,4.5663,-0.4622,1.9124
29.837,raw,3754,4.4281,-0.2343,1.9078
29.837,raw,3768,4.2912,-0.0346,1.9035
29.837,raw,3783,4.1558,0.1630,1.8995
29.837,raw,3797,4.3624,0.3087,1.9043
29.837,raw,3812,4.6379,0.4804,1.9108
29.837,raw,3826,4.9087,0.6616,1.9175
29.837,raw,3841,-31.6907,-3.4652,3.3493
29.837,raw,3855,-14.6407,-5.3925,2.5712
29.837,raw,3869,-11.2411,-8.5863,2.5077
29.837,raw,3884,4.7411,-0.7323,2.0303
29.837,raw,3898,4.5770,-0.4919,2.0196
29.837,raw,3913,4.4376,-0.2619,2.0105
29.837,raw,3927,4.2883,-0.0585,2.0016
29.837,raw,3942,4.1742,0.1374,1.9948
29.837,raw,3956,4.3401,0.2863,2.0020
29.837,raw,3971,4.6155,0.4556,2.0147
29.837,raw,3985,4.8577,0.6344,2.0262
29.837,raw,3999,-19.4448,-0.1262,3.2080
29.837,raw,4014,-25.7957,-14.3920,3.9521
29.837,raw,4028,4.3460,-0.1302,2.1048
29.837,raw,4043,4.2129,0.0734,2.0930
29.837,raw,4057,4.2539,0.2344,2.0946
29.837,raw,4072,4.5332,0.3961,2.1137
29.837,raw,4086,-19.4045,-0.4629,3.6685
29.837,raw,4100,-19.1619,-1.2318,3.6511
29.837,raw,4115,-18.9139,-2.0422,3.6367
29.837,raw,4129,-16.6901,0.7563,3.4069
29.837,raw,4144,-16.4290,0.0394,3.7764
29.837,raw,4158,-16.2327,-0.6157,3.7575
29.837,raw,4173,-16.0133,-1.3034,3.7395
29.837,raw,4187,-15.8385,-1.9393,3.7294
29.837,raw,4202,-15.4111,-2.5648,3.6928
29.837,raw,4216,-15.2195,-3.1765,3.6867
29.837,raw,4230,-15.0414,-3.7889,3.6852
29.837,raw,4245,-14.8273,-4.4373,3.6840
29.837,raw,4259,-14.6250,-5.0418,3.6858
29.837,raw,4274,-14.4964,-5.7306,3.7027
29.837,raw,4288,-14.3067,-6.3533,3.7131
29.837,raw,4303,-14.0867,-7.0217,3.7259
29.837,raw,4317,-13.9033,-7.6695,3.7447
31.112,raw,0,4.7861,-0.8515,0.8826
31.112,raw,14,4.6042,-0.5972,0.9292
31.112,raw,29,4.4491,-0.3563,0.9687
31.112,raw,43,4.3129,-0.1494,1.0018
31.112,raw,58,4.1994,0.0520,1.0292
31.112,raw,73,4.2199,0.2273,1.0294
31.112,raw,87,4.4677,0.3770,0.9853
31.112,raw,102,4.7544,0.5583,0.9327
31.112,raw,116,5.0423,0.7499,0.8785
31.112,raw,131,4.6373,-0.6482,1.0334
31.112,raw,146,4.4793,-0.4028,1.0688
31.112,raw,160,4.3587,-0.1958,1.0954
31.112,raw,175,4.2125,0.0142,1.1251
31.112,raw,189,4.1647,0.1863,1.1366
31.112,raw,204,4.4099,0.3437,1.0989
31.112,raw,219,4.6841,0.5205,1.0554
31.112,raw,233,4.9871,0.7070,1.0059
31.112,raw,248,-5.6245,-5.8381,0.5843
31.112,raw,263,-5.4190,-6.1779,0.5667
31.112,raw,277,-5.2085,-6.4876,0.5507
31.112,raw,292,-4.9715,-6.8217,0.5321
31.112,raw,306,-4.7360,-7.1315,0.5139
31.112,raw,321,4.7239,-0.7735,1.1288
31.112,raw,336,4.5548,-0.5154,1.1615
31.112,raw,350,4.4055,-0.2947,1.1891
31.112,raw,365,4.2724,-0.0804,1.2132
31.112,raw,379,4.1615,0.1046,1.2325
31.112,raw,394,4.2851,0.2687,1.2179
31.112,raw,409,4.5412,0.4358,1.1837
31.112,raw,423,4.8331,0.6107,1.1435
31.112,raw,438,-6.2082,-6.2109,0.7132
31.112,raw,453,-5.9722,-6.5554,0.7014
31.112,raw,467,-5.7898,-6.9391,0.6803
31.112,raw,482,-5.5342,-7.2952,0.6649
31.112,raw,496,-5.3004,-7.6549,0.6458
31.112,raw,511,-5.0403,-8.0542,0.6225
31.112,raw,526,-4.5891,-8.1373,0.6400
31.112,raw,540,-4.1268,-8.1054,0.6678
31.112,raw,555,-4.1854,-9.2899,0.5399
31.112,raw,569,-3.8581,-9.6513,0.5156
31.112,raw,584,4.7055,-0.7678,1.2451
31.112,raw,599,4.5519,-0.5146,1.2704
31.112,raw,613,4.4210,-0.2981,1.2911
31.112,raw,628,4.2884,-0.0832,1.3111
31.112,raw,642,4.1635,0.1043,1.3288
31.112,raw,657,4.2821,0.2690,1.3172
31.112,raw,672,4.5553,0.4352,1.2868
31.112,raw,686,4.8342,0.6107,1.2550
31.112,raw,701,-6.8784,-6.8471,0.8491
31.112,raw,716,-6.6352,-7.2433,0.8369
31.112,raw,730,-6.4145,-7.6387,0.8216
31.112,raw,745,-6.1589,-8.0623,0.8046
31.112,raw,759,-5.9211,-8.4858,0.7850
31.112,raw,774,-5.6164,-8.8954,0.7680
31.112,raw,789,-5.3334,-9.3793,0.7423
31.112,raw,803,-4.1533,-8.0328,0.9033
31.112,raw,818,-4.6684,-10.2267,0.6991
31.112,raw,832,-4.3319,-10.6764,0.6728
31.112,raw,847,-3.9050,-11.0471,0.6543
31.112,raw,862,-3.5401,-11.6887,0.6081
31.112,raw,876,-3.2207,-12.5303,0.5409
31.112,raw,891,4.6966,-0.7507,1.3593
31.112,raw,906,4.5330,-0.4962,1.3803
31.112,raw,920,4.3996,-0.2805,1.3970
31.112,raw,935,4.2737,-0.0684,1.4122
31.112,raw,949,4.1566,0.1170,1.4255
31.112,raw,964,4.3253,0.2772,1.4116
31.112,raw,979,4.5519,0.4480,1.3917
31.112,raw,993,4.8464,0.6241,1.3648
31.112,raw,1008,-7.9358,-6.9940,1.0325
31.112,raw,1022,-7.7097,-7.4030,1.0238
31.112,raw,1037,-7.4768,-7.8696,1.0113
31.112,raw,1052,-7.2488,-8.3683,0.9954
31.112,raw,1066,-6.9533,-8.7553,0.9870
31.112,raw,1081,-6.6808,-9.2544,0.9701
31.112,raw,1096,-6.3611,-9.7201,0.9554
31.112,raw,1110,-6.0510,-10.1692,0.9398
31.112,raw,1125,-4.3157,-7.9832,1.1296
31.112,raw,1139,-3.9862,-8.2012,1.1262
31.112,raw,1154,-4.9678,-11.6594,0.8804
31.112,raw,1169,-4.5679,-12.2378,0.8533
31.112,raw,1183,-4.1848,-12.8498,0.8219
31.112,raw,1198,-3.8366,-13.8907,0.7599
31.112,raw,1212,-3.4305,-14.8258,0.7042
31.112,raw,1227,-2.9812,-16.1516,0.6209
31.112,raw,1242,-2.4304,-17.5114,0.5344
31.112,raw,1256,4.6464,-0.6649,1.4766
31.112,raw,1271,4.5009,-0.4213,1.4906
31.112,raw,1285,4.3531,-0.2073,1.5038
31.112,raw,1300,4.2375,-0.0017,1.5142
31.112,raw,1315,4.1711,0.1855,1.5204
31.112,raw,1329,4.3854,0.3332,1.5067
31.112,raw,1344,4.6722,0.5078,1.4875
31.112,raw,1359,4.9717,0.7068,1.4670
31.112,raw,1373,-10.2900,-4.3920,1.2726
31.112,raw,1388,-10.0944,-4.8539,1.2709
31.112,raw,1402,-9.8849,-5.2732,1.2699
31.112,raw,1417,-9.7392,-5.7772,1.2634
31.112,raw,1432,-9.5559,-6.2706,1.2577
31.112,raw,1446,-9.3592,-6.7246,1.2525
31.112,raw,1461,-9.1387,-7.2172,1.2462
31.112,raw,1475,-8.9356,-7.6952,1.2388
31.112,raw,1490,-8.6941,-8.2055,1.2306
31.112,raw,1505,-8.4089,-8.6924,1.2236
31.112,raw,1519,-8.1120,-9.1303,1.2175
31.112,raw,1534,-7.8170,-9.6506,1.2076
31.112,raw,1549,-7.5068,-10.1836,1.1965
31.112,raw,1563,-7.2129,-10.7110,1.1841
31.112,raw,1578,-6.8218,-11.1965,1.1746
31.112,raw,1592,-6.5104,-11.7858,1.1582
31.112,raw,1607,-4.0438,-8.0620,1.3602
31.112,raw,1622,-5.7239,-13.0325,1.1225
31.112,raw,1636,-5.3396,-13.7042,1.1008
31.112,raw,1651,-4.9529,-14.6371,1.0667
31.112,raw,1665,-4.5778,-15.6720,1.0268
31.112,raw,1680,-4.4631,-18.2970,0.9127
31.112,raw,1695,-4.6556,-23.5923,0.6754
31.112,raw,1709,-3.8454,-24.8431,0.6258
31.112,raw,1724,-2.8026,-25.5192,0.6016
31.112,raw,1738,-1.7857,-26.1434,0.5775
31.112,raw,1753,-0.6436,-26.6988,0.5549
31.112,raw,1768,0.5436,-27.2657,0.5295
31.112,raw,1782,1.7005,-27.8587,0.5007
31.112,raw,1797,4.5890,-0.5929,1.5901
31.112,raw,1812,4.4426,-0.3548,1.5992
31.112,raw,1826,4.3144,-0.1497,1.6069
31.112,raw,1841,4.2007,0.0518,1.6135
31.112,raw,1855,4.1966,0.2180,1.6146
31.112,raw,1870,4.4790,0.3763,1.6024
31.112,raw,1885,4.7651,0.5581,1.5897
31.112,raw,1899,5.0497,0.7501,1.5768
31.112,raw,1914,25.6930,11.4705,0.5371
31.112,raw,1928,-17.2179,20.6222,0.5953
31.112,raw,1943,-16.5465,18.2556,0.6956
31.112,raw,1958,-16.1499,16.4163,0.7678
31.112,raw,1972,-15.7665,14.8510,0.8291
31.112,raw,1987,-15.2910,13.2741,0.8922
31.112,raw,2002,-14.8825,11.8945,0.9456
31.112,raw,2016,-14.5722,10.7646,0.9870
31.112,raw,2031,-11.0107,7.6275,1.2009
31.112,raw,2045,-14.0383,8.7470,1.0565
31.112,raw,2060,-13.6234,7.7411,1.0949
31.112,raw,2075,-13.6051,0.5091,1.4965
31.112,raw,2089,-13.4017,-0.0347,1.5006
31.112,raw,2104,-13.1979,-0.6028,1.5042
31.112,raw,2118,-12.9934,-1.1194,1.5074
31.112,raw,2133,-8.0424,-0.8163,1.6164
31.112,raw,2148,-12.6047,-2.2025,1.5117
31.112,raw,2162,-12.4210,-2.6976,1.5130
31.112,raw,2177,-12.2482,-3.2308,1.5134
31.112,raw,2192,-11.8965,-3.6990,1.5175
31.112,raw,2206,-11.7497,-4.1953,1.5166
31.112,raw,2221,-11.5867,-4.7295,1.5152
31.112,raw,2235,-11.4521,-5.2435,1.5129
31.112,raw,2250,-11.2910,-5.7962,1.5103
31.112,raw,2265,-11.0311,-6.3008,1.5096
31.112,raw,2279,-10.8753,-6.8349,1.5060
31.112,raw,2294,-10.5731,-7.3257,1.5052
31.112,raw,2308,-10.3802,-7.8607,1.5013
31.112,raw,2323,-10.0785,-8.3724,1.4991
31.112,raw,2338,-9.8136,-8.9328,1.4951
31.112,raw,2352,-9.5564,-9.4678,1.4907
31.112,raw,2367,-9.2081,-9.9864,1.4875
31.112,raw,2381,-8.9453,-10.5668,1.4815
31.112,raw,2396,-8.6103,-11.1595,1.4756
31.112,raw,2411,-8.3416,-11.8927,1.4659
31.112,raw,2425,-7.9903,-12.4821,1.4592
31.112,raw,2440,-7.7716,-13.4520,1.4432
31.112,raw,2455,-4.4396,-8.4133,1.5759
31.112,raw,2469,-6.9491,-14.8916,1.4231
31.112,raw,2484,-8.3332,-20.2631,1.3021
31.112,raw,2498,-7.9731,-21.9448,1.2703
31.112,raw,2513,-7.4341,-23.6933,1.2374
31.112,raw,2528,-6.8139,-25.6436,1.1999
31.112,raw,2542,-6.0316,-27.1671,1.1713
31.112,raw,2557,-4.9024,-27.8320,1.1618
31.112,raw,2571,-3.8193,-28.5013,1.1509
31.112,raw,2586,-2.6121,-29.2152,1.1382
31.112,raw,2601,-1.3593,-30.0559,1.1217
31.112,raw,2615,-0.1307,-30.9666,1.1024
31.112,raw,2630,1.2579,-31.7024,1.0857
31.112,raw,2645,2.7023,-32.2844,1.0711
31.112,raw,2659,4.1251,-33.0020,1.0523
31.112,raw,2674,4.7469,-0.8097,1.6935
31.112,raw,2688,4.5761,-0.5619,1.6987
31.112,raw,2703,4.4258,-0.3250,1.7032
31.112,raw,2718,4.2982,-0.1096,1.7069
31.112,raw,2732,4.1569,0.0817,1.7106
31.112,raw,2747,4.2558,0.2475,1.7089
31.112,raw,2761,4.5067,0.3998,1.7036
31.112,raw,2776,4.7888,0.5843,1.6975
31.112,raw,2791,5.1184,0.7944,1.6902
31.112,raw,2805,-22.2560,25.6824,1.0586
31.112,raw,2820,-21.4893,22.8228,1.1163
31.112,raw,2834,-20.4999,20.1714,1.1729
31.112,raw,2849,-19.7095,17.8647,1.2200
31.112,raw,2864,-18.6773,15.5980,1.2695
31.112,raw,2878,-18.1417,14.0088,1.3001
31.112,raw,2893,-10.9013,8.0092,1.5070
31.112,raw,2908,-16.8182,10.9257,1.3622
31.112,raw,2922,-16.7437,9.9729,1.3742
31.112,raw,2937,-16.3462,8.8465,1.3935
31.112,raw,2951,-16.0219,7.8892,1.4090
31.112,raw,2966,-15.6831,6.9329,1.4241
31.112,raw,2981,-15.6372,6.1396,1.4312
31.112,raw,2995,-15.3584,5.3523,1.4424
31.112,raw,3010,-15.0687,4.5567,1.4533
31.112,raw,3024,-14.8169,3.8562,1.4623
31.112,raw,3039,-14.5786,3.1467,1.4704
31.112,raw,3054,-14.2744,2.4595,1.4793
31.112,raw,3068,-14.0658,1.8549,1.4852
31.112,raw,3083,-13.8559,1.2308,1.4907
31.112,raw,3098,-25.4040,0.6862,1.8346
31.112,raw,3112,-19.4944,-0.1141,1.8266
31.112,raw,3127,-24.0273,-1.3355,1.8329
31.112,raw,3141,-17.2319,-1.4855,1.8237
31.112,raw,3156,-8.3392,-0.7688,1.8117
31.112,raw,3171,-8.1520,-1.1082,1.8115
31.112,raw,3185,-21.6750,-4.8911,1.8305
31.112,raw,3200,-21.1167,-5.7366,1.8301
31.112,raw,3214,-20.5994,-6.5030,1.8297
31.112,raw,3229,-20.0737,-7.3125,1.8294
31.112,raw,3244,-19.5558,-8.1073,1.8292
31.112,raw,3258,-19.0858,-8.8426,1.8291
31.112,raw,3273,-18.5709,-9.6144,1.8289
31.112,raw,3288,-18.0584,-10.3796,1.8288
31.112,raw,3302,-17.5952,-11.0998,1.8288
31.112,raw,3317,-17.0867,-11.8639,1.8288
31.112,raw,3331,-16.6220,-12.5885,1.8289
31.112,raw,3346,-16.0870,-13.3429,1.8290
31.112,raw,3361,-19.9665,-18.2561,1.8374
31.112,raw,3375,-19.5162,-19.3824,1.8380
31.112,raw,3390,-19.0362,-20.6571,1.8388
31.112,raw,3404,-18.5704,-21.9016,1.8397
31.112,raw,3419,-18.0144,-23.2576,1.8407
31.112,raw,3434,-17.3541,-24.5756,1.8416
31.112,raw,3448,-16.7435,-25.9170,1.8426
31.112,raw,3463,-16.0307,-27.3964,1.8439
31.112,raw,3477,-15.3270,-28.8588,1.8451
31.112,raw,3492,-14.5461,-30.5716,1.8467
31.112,raw,3507,4.7102,-0.7549,1.8065
31.112,raw,3521,4.5532,-0.5150,1.8062
31.112,raw,3536,4.4119,-0.2832,1.8059
31.112,raw,3551,4.2614,-0.0663,1.8057
31.112,raw,3565,4.1549,0.1172,1.8055
31.112,raw,3580,4.3136,0.2782,1.8057
31.112,raw,3594,4.5790,0.4340,1.8060
31.112,raw,3609,4.8477,0.6241,1.8064
31.112,raw,3624,-33.2561,12.2730,1.8479
31.112,raw,3638,-32.6092,10.5896,1.8464
31.112,raw,3653,-30.8973,8.6260,1.8434
31.112,raw,3667,-29.6619,7.0420,1.8413
31.112,raw,3682,-28.6446,5.5363,1.8396
31.112,raw,3697,-27.7018,4.1490,1.8380
31.112,raw,3711,-26.9084,2.9482,1.8368
31.112,raw,3726,-26.1006,1.7431,1.8356
31.112,raw,3741,-17.0750,0.0786,2.2270
31.112,raw,3755,-31.6934,-3.2584,2.5949
31.112,raw,3770,-16.9314,-3.4273,2.2350
31.112,raw,3784,-14.8458,-5.8608,2.2050
31.112,raw,3799,-26.0298,-13.9978,2.5432
31.112,raw,3814,-19.8585,-24.3170,2.5927
31.112,raw,3828,4.6613,-0.6833,1.9166
31.112,raw,3843,4.5218,-0.4397,1.9117
31.112,raw,3857,4.3476,-0.2188,1.9063
31.112,raw,3872,4.2340,-0.0132,1.9026
31.112,raw,3887,4.1321,0.1784,1.8994
31.112,raw,3901,4.3749,0.3217,1.9051
31.112,raw,3916,4.6507,0.4955,1.9117
31.112,raw,3930,4.9314,0.6787,1.9186
31.112,raw,3945,-31.7731,-3.5479,3.3527
31.112,raw,3960,-14.6921,-5.3429,2.5717
31.112,raw,3974,-11.2732,-8.5281,2.5065
31.112,raw,3989,4.6996,-0.7660,2.0299
31.112,raw,4004,4.5572,-0.5160,2.0200
31.112,raw,4018,4.4215,-0.2982,2.0112
31.112,raw,4033,4.2661,-0.0793,2.0017
31.112,raw,4047,4.1701,0.1034,1.9958
31.112,raw,4062,4.3024,0.2671,2.0013
31.112,raw,4077,4.5542,0.4352,2.0128
31.112,raw,4091,4.8443,0.6106,2.0266
31.112,raw,4106,-19.4886,-0.0573,3.2094
31.112,raw,4120,-25.8423,-13.9912,3.9396
31.112,raw,4135,4.5292,-0.4952,2.1249
31.112,raw,4150,4.3965,-0.2671,2.1118
31.112,raw,4164,4.2563,-0.0654,2.0992
31.112,raw,4179,4.1479,0.1298,2.0894
31.112,raw,4194,4.3290,0.2889,2.1011
31.112,raw,4208,4.5650,0.4474,2.1173
31.112,raw,4223,-19.4542,-0.0561,3.6695
31.112,raw,4237,-11.3465,-8.5870,3.2052
31.112,raw,4252,-16.4273,0.0522,3.7737
31.112,raw,4267,-16.2358,-0.6497,3.7557
31.112,raw,4281,-16.0373,-1.2918,3.7397
31.112,raw,4296,-15.8328,-1.9702,3.7270
31.112,raw,4310,-15.4357,-2.5537,3.6931
31.112,raw,4325,-15.1161,-3.6502,3.6869
31.112,raw,4340,-14.6748,-5.3359,3.7020
31.112,raw,4354,-14.1467,-6.9770,3.7278
31.112,raw,4369,-13.9388,-7.6650,3.7463
32.254,raw,0,4.6911,-0.8107,0.8991
32.254,raw,14,4.5256,-0.5637,0.9425
32.254,raw,29,4.3940,-0.3306,0.9775
32.254,raw,44,4.2511,-0.1113,1.0125
32.254,raw,59,4.1087,0.0921,1.0453
32.254,raw,74,4.1668,0.2599,1.0384
32.254,raw,89,4.4463,0.4177,0.9884
32.254,raw,103,4.6681,0.5867,0.9480
32.254,raw,118,5.0183,0.7899,0.8820
32.254,raw,133,4.5658,-0.6026,1.0444
32.254,raw,148,4.4105,-0.3605,1.0793
32.254,raw,163,4.2664,-0.1388,1.1102
32.254,raw,178,4.1266,0.0660,1.1386
32.254,raw,193,4.1519,0.2381,1.1382
32.254,raw,207,4.3505,0.3870,1.1079
32.254,raw,222,4.6510,0.5611,1.0600
32.254,raw,237,4.9606,0.7609,1.0094
32.254,raw,252,-5.5606,-5.8961,0.5810
32.254,raw,267,-5.3536,-6.2386,0.5626
32.254,raw,282,-5.1185,-6.5629,0.5464
32.254,raw,297,-4.8618,-6.8739,0.5311
32.254,raw,311,-4.6122,-7.1652,0.5154
32.254,raw,326,4.6119,-0.6859,1.1453
32.254,raw,341,4.4372,-0.4326,1.1785
32.254,raw,356,4.3021,-0.2082,1.2041
32.254,raw,371,4.1766,-0.0012,1.2268
32.254,raw,386,4.0570,0.1915,1.2473
32.254,raw,401,4.3041,0.3421,1.2150
32.254,raw,415,4.5505,0.5003,1.1819
32.254,raw,430,4.8565,0.6913,1.1396
32.254,raw,445,-6.1172,-6.3318,0.7074
32.254,raw,460,-5.8899,-6.6937,0.6926
32.254,raw,475,-5.6682,-7.0826,0.6729
32.254,raw,490,-5.4118,-7.4479,0.6557
32.254,raw,505,-5.1431,-7.8193,0.6366
32.254,raw,519,-4.8956,-8.1989,0.6133
32.254,raw,534,-4.2946,-7.9902,0.6679
32.254,raw,549,-4.2813,-8.9683,0.5662
32.254,raw,564,-3.9549,-9.3795,0.5374
32.254,raw,579,-3.5978,-9.7708,0.5097
32.254,raw,594,4.5982,-0.6537,1.2592
32.254,raw,609,4.4342,-0.4055,1.2852
32.254,raw,623,4.3106,-0.1975,1.3047
32.254,raw,638,4.1652,0.0127,1.3258
32.254,raw,653,4.0774,0.2004,1.3390
32.254,raw,668,4.3216,0.3528,1.3125
32.254,raw,683,4.5928,0.5242,1.2821
32.254,raw,698,4.8839,0.7187,1.2486
32.254,raw,713,-6.7668,-7.0595,0.8396
32.254,raw,727,-6.5292,-7.4274,0.8281
32.254,raw,742,-6.2611,-7.8237,0.8146
32.254,raw,757,-6.0101,-8.2682,0.7948
32.254,raw,772,-5.6867,-8.6336,0.7829
32.254,raw,787,-5.4138,-9.1122,0.7578
32.254,raw,802,-4.2910,-7.9830,0.8992
32.254,raw,817,-4.7207,-9.9267,0.7198
32.254,raw,831,-4.3901,-10.3571,0.6955
32.254,raw,846,-4.0076,-10.8119,0.6689
32.254,raw,861,-3.6295,-11.3664,0.6314
32.254,raw,876,-3.2456,-12.0390,0.5815
32.254,raw,891,-2.8629,-12.9372,0.5091
32.254,raw,906,4.5477,-0.5836,1.3756
32.254,raw,921,4.3974,-0.3443,1.3947
32.254,raw,935,4.2791,-0.1413,1.4095
32.254,raw,950,4.1176,0.0674,1.4275
32.254,raw,965,4.1532,0.2379,1.4263
32.254,raw,980,4.3665,0.3981,1.4079
32.254,raw,995,4.6719,0.5736,1.3804
32.254,raw,1010,4.9765,0.7751,1.3522
32.254,raw,1025,-7.8129,-7.3534,1.0199
32.254,raw,1039,-7.5345,-7.7229,1.0146
32.254,raw,1054,-7.2888,-8.1935,1.0014
32.254,raw,1069,-7.0255,-8.6698,0.9871
32.254,raw,1084,-6.6918,-9.0785,0.9779
32.254,raw,1099,-6.3757,-9.5376,0.9637
32.254,raw,1114,-6.0834,-10.0753,0.9425
32.254,raw,1129,-4.3659,-7.9453,1.1285
32.254,raw,1143,-4.0621,-8.2187,1.1209
32.254,raw,1158,-4.9751,-11.4824,0.8895
32.254,raw,1173,-4.5773,-12.0451,0.8635
32.254,raw,1188,-4.1611,-12.6602,0.8328
32.254,raw,1203,-3.8098,-13.6590,0.7736
32.254,raw,1218,-3.3757,-14.6326,0.7158
32.254,raw,1233,-2.9220,-15.9038,0.6362
32.254,raw,1247,-2.3997,-17.0407,0.5646
32.254,raw,1262,4.6110,-0.6996,1.4772
32.254,raw,1277,4.4610,-0.4520,1.4918
32.254,raw,1292,4.3255,-0.2258,1.5046
32.254,raw,1307,4.1707,-0.0121,1.5179
32.254,raw,1322,4.0640,0.1791,1.5271
32.254,raw,1337,4.2720,0.3328,1.5139
32.254,raw,1351,4.5198,0.4889,1.4975
32.254,raw,1366,4.8369,0.6778,1.4759
32.254,raw,1381,-10.3881,-4.5721,1.2645
32.254,raw,1396,-10.1847,-5.0392,1.2628
32.254,raw,1411,-9.9618,-5.4992,1.2610
32.254,raw,1426,-9.8009,-6.0062,1.2547
32.254,raw,1441,-9.5895,-6.4918,1.2498
32.254,raw,1455,-9.3617,-6.9324,1.2458
32.254,raw,1470,-9.1410,-7.4365,1.2388
32.254,raw,1485,-8.8451,-7.8886,1.2349
32.254,raw,1500,-8.5823,-8.3873,1.2274
32.254,raw,1515,-8.2805,-8.8649,1.2207
32.254,raw,1530,-7.9654,-9.3478,1.2131
32.254,raw,1545,-7.6417,-9.8446,1.2043
32.254,raw,1559,-7.3498,-10.3521,1.1931
32.254,raw,1574,-7.0188,-10.9097,1.1800
32.254,raw,1589,-6.6699,-11.4884,1.1653
32.254,raw,1604,-4.2214,-7.9694,1.3591
32.254,raw,1619,-5.8775,-12.6518,1.1343
32.254,raw,1634,-5.4267,-13.2217,1.1185
32.254,raw,1649,-5.0334,-14.0491,1.0895
32.254,raw,1663,-4.6780,-15.0320,1.0520
32.254,raw,1678,-4.2532,-16.2121,1.0056
32.254,raw,1693,-4.8162,-22.4202,0.7247
32.254,raw,1708,-4.0891,-24.2194,0.6505
32.254,raw,1723,-3.0796,-24.9157,0.6259
32.254,raw,1738,-2.0149,-25.5337,0.6029
32.254,raw,1753,-0.8989,-26.0062,0.5845
32.254,raw,1767,0.1761,-26.5317,0.5615
32.254,raw,1782,1.3756,-27.1062,0.5341
32.254,raw,1797,2.6364,-27.7613,0.5006
32.254,raw,1812,4.5248,-0.5634,1.5926
32.254,raw,1827,4.3902,-0.3297,1.6012
32.254,raw,1842,4.2420,-0.1095,1.6099
32.254,raw,1857,4.1150,0.0912,1.6172
32.254,raw,1871,4.1414,0.2509,1.6169
32.254,raw,1886,4.4119,0.4074,1.6052
32.254,raw,1901,4.6804,0.5865,1.5934
32.254,raw,1916,5.0129,0.7898,1.5782
32.254,raw,1931,25.6147,11.4293,0.5415
32.254,raw,1946,-17.9032,20.5568,0.5781
32.254,raw,1961,-17.4003,18.4036,0.6650
32.254,raw,1975,-16.8122,16.4837,0.7450
32.254,raw,1990,-16.4810,14.8864,0.8047
32.254,raw,2005,-15.9751,13.2935,0.8685
32.254,raw,2020,-15.5329,11.8925,0.9228
32.254,raw,2035,-10.9387,7.9045,1.1979
32.254,raw,2050,-14.6412,9.4350,1.0180
32.254,raw,2065,-14.3198,8.4229,1.0534
32.254,raw,2079,-14.1012,7.5835,1.0796
32.254,raw,2094,-14.0137,0.1928,1.4874
32.254,raw,2109,-13.7805,-0.4014,1.4918
32.254,raw,2124,-13.5239,-0.9766,1.4962
32.254,raw,2139,-8.1464,-0.6900,1.6146
32.254,raw,2154,-8.1223,-1.0548,1.6137
32.254,raw,2169,-12.8501,-2.6370,1.5041
32.254,raw,2183,-12.6405,-3.1374,1.5056
32.254,raw,2198,-12.4279,-3.6722,1.5065
32.254,raw,2213,-12.0421,-4.1362,1.5109
32.254,raw,2228,-11.8214,-4.6560,1.5109
32.254,raw,2243,-11.6435,-5.1982,1.5094
32.254,raw,2258,-11.4885,-5.7612,1.5066
32.254,raw,2273,-11.2072,-6.2608,1.5065
32.254,raw,2287,-11.0465,-6.7970,1.5031
32.254,raw,2302,-10.8084,-7.3415,1.5005
32.254,raw,2317,-10.4720,-7.8216,1.4999
32.254,raw,2332,-10.2443,-8.4011,1.4956
32.254,raw,2347,-9.9061,-8.9001,1.4937
32.254,raw,2362,-9.6374,-9.4838,1.4888
32.254,raw,2377,-9.2790,-9.9964,1.4858
32.254,raw,2391,-9.0073,-10.5701,1.4800
32.254,raw,2406,-8.6346,-11.1160,1.4756
32.254,raw,2421,-8.3272,-11.7913,1.4674
32.254,raw,2436,-7.9325,-12.3885,1.4610
32.254,raw,2451,-7.6568,-13.2513,1.4477
32.254,raw,2466,-4.4371,-8.3969,1.5757
32.254,raw,2481,-6.7619,-14.6105,1.4298
32.254,raw,2495,-6.2969,-15.2611,1.4206
32.254,raw,2510,-7.7739,-21.6437,1.2773
32.254,raw,2525,-7.2925,-23.5549,1.2406
32.254,raw,2540,-6.6567,-25.4502,1.2042
32.254,raw,2555,-5.7697,-26.8628,1.1784
32.254,raw,2570,-4.6425,-27.4764,1.1698
32.254,raw,2585,-3.4806,-28.1018,1.1599
32.254,raw,2599,-2.3670,-28.7780,1.1476
32.254,raw,2614,-1.1264,-29.6057,1.1311
32.254,raw,2629,0.1811,-30.4477,1.1131
32.254,raw,2644,1.5446,-30.9109,1.1022
32.254,raw,2659,2.9680,-31.5411,1.0862
32.254,raw,2674,4.4837,-32.3766,1.0643
32.254,raw,2689,6.1417,-33.5111,1.0340
32.254,raw,2703,4.5177,-0.5750,1.6995
32.254,raw,2718,4.3600,-0.3353,1.7042
32.254,raw,2733,4.2448,-0.1223,1.7077
32.254,raw,2748,4.1388,0.0759,1.7108
32.254,raw,2763,4.1327,0.2518,1.7114
32.254,raw,2778,4.3798,0.4095,1.7063
32.254,raw,2793,4.6660,0.5868,1.7001
32.254,raw,2807,4.9648,0.7748,1.6935
32.254,raw,2822,-23.5915,26.2267,1.0305
32.254,raw,2837,-22.8461,23.3783,1.0871
32.254,raw,2852,-21.4624,20.2463,1.1568
32.254,raw,2867,-20.4938,17.8093,1.2082
32.254,raw,2882,-19.3939,15.5218,1.2586
32.254,raw,2897,-18.9248,13.9091,1.2879
32.254,raw,2911,-10.9741,7.7468,1.5093
32.254,raw,2926,-17.8322,11.0480,1.3421
32.254,raw,2941,-17.6898,9.9654,1.3563
32.254,raw,2956,-17.2321,8.7951,1.3768
32.254,raw,2971,-16.8128,7.7258,1.3948
32.254,raw,2986,-16.3948,6.7301,1.4114
32.254,raw,3001,-16.3369,5.9153,1.4184
32.254,raw,3015,-16.0073,5.1038,1.4305
32.254,raw,3030,-15.6845,4.2898,1.4418
32.254,raw,3045,-15.3705,3.5210,1.4520
32.254,raw,3060,-15.0700,2.7930,1.4611
32.254,raw,3075,-14.7791,2.1003,1.4692
32.254,raw,3090,-14.5211,1.4400,1.4760
32.254,raw,3105,-14.2708,0.8050,1.4819
32.254,raw,3119,-32.7775,-0.2617,1.8446
32.254,raw,3134,-16.6711,-0.5285,1.8228
32.254,raw,3149,-31.0819,-2.9213,1.8426
32.254,raw,3164,-8.5534,-0.7059,1.8119
32.254,raw,3179,-8.3869,-1.0592,1.8118
32.254,raw,3194,-17.2551,-3.6549,1.8243
32.254,raw,3209,-16.2941,-4.1768,1.8232
32.254,raw,3223,-16.4405,-4.9547,1.8237
32.254,raw,3238,-17.5556,-6.1977,1.8257
32.254,raw,3253,-26.0514,-10.8217,1.8388
32.254,raw,3268,-25.3525,-11.8520,1.8385
32.254,raw,3283,-24.7122,-12.8974,1.8384
32.254,raw,3298,-24.0820,-13.9428,1.8383
32.254,raw,3313,-23.4330,-14.9758,1.8383
32.254,raw,3327,-22.8310,-15.9454,1.8384
32.254,raw,3342,-22.1832,-16.9914,1.8386
32.254,raw,3357,-21.5195,-18.0398,1.8388
32.254,raw,3372,-20.8500,-19.1043,1.8391
32.254,raw,3387,-20.2002,-20.2193,1.8395
32.254,raw,3402,-19.5263,-21.3518,1.8400
32.254,raw,3417,-18.8393,-22.5224,1.8406
32.254,raw,3431,-18.1654,-23.6322,1.8412
32.254,raw,3446,-17.4384,-24.8900,1.8420
32.254,raw,3461,-16.6651,-26.1755,1.8429
32.254,raw,3476,-15.8691,-27.5395,1.8440
32.254,raw,3491,-15.0165,-28.9430,1.8451
32.254,raw,3506,-14.1314,-30.4539,1.8464
32.254,raw,3521,4.6909,-0.7962,1.8065
32.254,raw,3535,4.5193,-0.5483,1.8062
32.254,raw,3550,4.3566,-0.3089,1.8059
32.254,raw,3565,4.2381,-0.0966,1.8056
32.254,raw,3580,4.1270,0.1011,1.8055
32.254,raw,3595,4.1799,0.2702,1.8055
32.254,raw,3610,4.4146,0.4319,1.8058
32.254,raw,3625,4.6972,0.6123,1.8062
32.254,raw,3639,5.0241,0.8041,1.8066
32.254,raw,3654,-34.5881,3.0833,1.8472
32.254,raw,3669,-33.8411,1.5629,1.8461
32.254,raw,3684,-18.2290,0.1010,2.2554
32.254,raw,3699,-17.0119,-0.6025,2.2262
32.254,raw,3714,-17.3784,-1.9563,2.2390
32.254,raw,3729,-14.7784,-5.3170,2.1984
32.254,raw,3743,-26.1382,-13.8731,2.5444
32.254,raw,3758,-20.0041,-24.0910,2.5911
32.254,raw,3773,4.5954,-0.6668,1.9153
32.254,raw,3788,4.4264,-0.4167,1.9096
32.254,raw,3803,4.2858,-0.1923,1.9049
32.254,raw,3818,4.1611,0.0133,1.9010
32.254,raw,3833,4.0719,0.2011,1.8981
32.254,raw,3847,4.2891,0.3433,1.9031
32.254,raw,3862,4.5629,0.5125,1.9096
32.254,raw,3877,4.8521,0.7049,1.9167
32.254,raw,3892,-31.5762,-3.6265,3.3438
32.254,raw,3907,-26.0099,-14.1975,3.2511
32.254,raw,3922,-19.8097,-24.5854,3.3526
32.254,raw,3937,4.5209,-0.5623,2.0195
32.254,raw,3951,4.3767,-0.3393,2.0101
32.254,raw,3966,4.2378,-0.1209,2.0013
32.254,raw,3981,4.1170,0.0792,1.9939
32.254,raw,3996,4.1478,0.2502,1.9943
32.254,raw,4011,4.4051,0.4079,2.0061
32.254,raw,4026,4.6720,0.5866,2.0186
32.254,raw,4041,4.9847,0.7891,2.0337
32.254,raw,4055,-16.7281,-8.9175,3.1922
32.254,raw,4070,4.6221,-0.7031,2.1364
32.254,raw,4085,4.4597,-0.4517,2.1202
32.254,raw,4100,4.3109,-0.2227,2.1060
32.254,raw,4115,4.1745,-0.0127,2.0935
32.254,raw,4130,4.0735,0.1779,2.0844
32.254,raw,4145,4.2828,0.3319,2.0981
32.254,raw,4159,4.5036,0.4896,2.1132
32.254,raw,4174,4.8324,0.6778,2.1365
32.254,raw,4189,-19.5972,-0.1124,3.6830
32.254,raw,4204,-19.3301,-0.9446,3.6624
32.254,raw,4219,-19.0762,-1.7613,3.6465
32.254,raw,4234,-11.5477,-8.6281,3.2242
32.254,raw,4249,4.0591,0.1912,2.1763
32.254,raw,4263,-16.6094,0.3446,3.7939
32.254,raw,4278,-16.3971,-0.3655,3.7721
32.254,raw,4293,-16.1977,-1.0626,3.7555
32.254,raw,4308,-15.9656,-1.7439,3.7384
32.254,raw,4323,-15.5666,-2.3814,3.7045
32.254,raw,4338,-15.3545,-3.0398,3.6965
32.254,raw,4353,-15.1493,-3.6956,3.6927
32.254,raw,4367,-14.9865,-4.3156,3.6959
32.254,raw,4382,-14.7808,-4.9719,3.6989
32.254,raw,4397,-14.6044,-5.6949,3.7118
32.254,raw,4412,-14.4192,-6.3745,3.7254
32.254,raw,4427,-14.2033,-7.0503,3.7391
32.254,raw,4442,-14.0051,-7.7497,3.7597
33.812,raw,0,4.6136,-0.8116,0.9256
33.812,raw,15,4.4674,-0.5598,0.9662
33.812,raw,30,4.3113,-0.3243,1.0062
33.812,raw,45,4.1714,-0.1104,1.0407
33.812,raw,61,4.0424,0.0974,1.0715
33.812,raw,76,4.0998,0.2589,1.0648
33.812,raw,91,4.3143,0.4131,1.0272
33.812,raw,107,4.6652,0.5942,0.9627
33.812,raw,122,4.9453,0.7920,0.9100
33.812,raw,137,4.4911,-0.6069,1.0673
33.812,raw,153,4.3247,-0.3527,1.1048
33.812,raw,168,4.1880,-0.1375,1.1346
33.812,raw,183,4.0796,0.0574,1.1579
33.812,raw,199,4.0678,0.2400,1.1640
33.812,raw,214,4.3035,0.3902,1.1279
33.812,raw,229,4.5763,0.5586,1.0846
33.812,raw,245,4.8930,0.7640,1.0329
33.812,raw,260,-5.5755,-6.1627,0.5430
33.812,raw,275,-5.3537,-6.5082,0.5249
33.812,raw,291,-5.0727,-6.8362,0.5113
33.812,raw,306,4.5627,-0.7386,1.1592
33.812,raw,321,4.4185,-0.4930,1.1886
33.812,raw,337,4.2594,-0.2499,1.2186
33.812,raw,352,4.1075,-0.0394,1.2455
33.812,raw,367,4.0178,0.1459,1.2622
33.812,raw,383,4.1671,0.3088,1.2441
33.812,raw,398,4.4123,0.4669,1.2115
33.812,raw,413,4.6960,0.6451,1.1726
33.812,raw,429,-6.2390,-6.6009,0.6677
33.812,raw,444,-6.0026,-6.9758,0.6522
33.812,raw,459,-5.7227,-7.3127,0.6412
33.812,raw,475,-5.4331,-7.7031,0.6236
33.812,raw,490,-5.1591,-8.0909,0.6028
33.812,raw,505,-4.5952,-7.9891,0.6461
33.812,raw,521,-4.1808,-8.1805,0.6488
33.812,raw,536,-4.2017,-9.2815,0.5318
33.812,raw,551,-3.8401,-9.6470,0.5088
33.812,raw,567,4.5198,-0.6427,1.2762
33.812,raw,582,4.3383,-0.3941,1.3045
33.812,raw,597,4.2367,-0.1839,1.3217
33.812,raw,613,4.0788,0.0347,1.3446
33.812,raw,628,4.0169,0.2127,1.3547
33.812,raw,643,4.2579,0.3585,1.3286
33.812,raw,659,4.5406,0.5348,1.2970
33.812,raw,674,4.8304,0.7233,1.2636
33.812,raw,689,-6.8379,-7.4173,0.8049
33.812,raw,705,-6.5286,-7.8226,0.7943
33.812,raw,720,-6.2477,-8.2329,0.7797
33.812,raw,735,-5.9648,-8.6664,0.7616
33.812,raw,751,-5.6412,-9.1305,0.7412
33.812,raw,766,-4.4476,-7.9559,0.8903
33.812,raw,781,-4.1356,-8.2830,0.8765
33.812,raw,797,-4.5163,-10.3319,0.6893
33.812,raw,812,-4.1314,-10.7753,0.6646
33.812,raw,827,-3.7363,-11.2639,0.6342
33.812,raw,843,-3.3526,-12.0396,0.5758
33.812,raw,858,-2.9691,-12.9009,0.5074
33.812,raw,873,4.4816,-0.5906,1.3877
33.812,raw,889,4.3277,-0.3409,1.4076
33.812,raw,904,4.1822,-0.1244,1.4252
33.812,raw,919,4.0613,0.0718,1.4395
33.812,raw,935,4.0814,0.2497,1.4399
33.812,raw,950,4.3193,0.4009,1.4192
33.812,raw,965,4.5991,0.5705,1.3941
33.812,raw,981,4.9062,0.7777,1.3658
33.812,raw,996,-7.9449,-7.7637,0.9890
33.812,raw,1011,-7.6625,-8.2089,0.9796
33.812,raw,1027,-7.2916,-8.6195,0.9745
33.812,raw,1042,-6.9936,-9.0841,0.9617
33.812,raw,1057,-6.6538,-9.5169,0.9508
33.812,raw,1073,-6.3214,-10.0591,0.9316
33.812,raw,1088,-4.5472,-7.9612,1.1183
33.812,raw,1103,-4.1605,-8.1397,1.1198
33.812,raw,1119,-5.1556,-11.5291,0.8787
33.812,raw,1134,-4.7135,-11.9796,0.8617
33.812,raw,1149,-4.3182,-12.6370,0.8284
33.812,raw,1165,-3.9373,-13.6485,0.7697
33.812,raw,1180,-3.4974,-14.5617,0.7166
33.812,raw,1195,-2.9993,-15.5282,0.6588
33.812,raw,1211,-2.4503,-16.9845,0.5663
33.812,raw,1226,4.5788,-0.7578,1.4828
33.812,raw,1241,4.4385,-0.5118,1.4971
33.812,raw,1257,4.2677,-0.2642,1.5128
33.812,raw,1272,4.1386,-0.0569,1.5245
33.812,raw,1287,4.0232,0.1339,1.5345
33.812,raw,1303,4.1637,0.2976,1.5263
33.812,raw,1318,4.4136,0.4548,1.5099
33.812,raw,1333,4.6764,0.6325,1.4922
33.812,raw,1349,-10.8162,-4.8679,1.2377
33.812,raw,1364,-10.5370,-5.3219,1.2392
33.812,raw,1379,-10.3134,-5.8080,1.2368
33.812,raw,1395,-10.1313,-6.3725,1.2297
33.812,raw,1410,-9.8670,-6.8492,1.2269
33.812,raw,1425,-9.6380,-7.3630,1.2207
33.812,raw,1441,-9.3342,-7.8765,1.2160
33.812,raw,1456,-8.9907,-8.3141,1.2138
33.812,raw,1471,-8.6999,-8.8156,1.2067
33.812,raw,1487,-8.3489,-9.3272,1.2000
33.812,raw,1502,-8.0143,-9.8215,1.1923
33.812,raw,1517,-7.6671,-10.3252,1.1834
33.812,raw,1533,-7.2829,-10.8775,1.1725
33.812,raw,1548,-6.9098,-11.4150,1.1606
33.812,raw,1563,-4.3569,-7.9057,1.3568
33.812,raw,1578,-6.1012,-12.5291,1.1331
33.812,raw,1594,-5.6542,-13.2019,1.1135
33.812,raw,1609,-5.1829,-13.7988,1.0962
33.812,raw,1624,-4.8469,-14.9232,1.0529
33.812,raw,1640,-4.3870,-16.0998,1.0075
33.812,raw,1655,-4.1198,-18.3008,0.9133
33.812,raw,1670,-4.2411,-23.6169,0.6751
33.812,raw,1686,-3.2341,-24.6421,0.6363
33.812,raw,1701,-2.1811,-25.2219,0.6155
33.812,raw,1716,-1.0784,-25.6352,0.6003
33.812,raw,1732,0.1317,-26.1421,0.5787
33.812,raw,1747,1.3114,-26.6971,0.5524
33.812,raw,1762,2.5415,-27.2328,0.5246
33.812,raw,1778,4.5867,-0.7604,1.5904
33.812,raw,1793,4.4287,-0.5090,1.6007
33.812,raw,1808,4.2847,-0.2805,1.6096
33.812,raw,1824,4.1301,-0.0553,1.6187
33.812,raw,1839,4.0145,0.1352,1.6253
33.812,raw,1854,4.1365,0.2890,1.6207
33.812,raw,1870,4.3994,0.4556,1.6093
33.812,raw,1885,4.6812,0.6324,1.5968
33.812,raw,1900,22.2932,9.1568,0.7239
33.812,raw,1916,26.2948,12.0925,0.5046
33.812,raw,1931,-18.9220,18.6942,0.6041
33.812,raw,1946,-18.2135,16.5875,0.6922
33.812,raw,1962,-17.4346,14.5531,0.7785
33.812,raw,1977,-16.8734,12.9595,0.8425
33.812,raw,1992,-11.0230,8.0471,1.1886
33.812,raw,2008,-15.9586,10.2449,0.9450
33.812,raw,2023,-15.5716,9.1205,0.9854
33.812,raw,2038,-15.1208,8.0487,1.0257
33.812,raw,2054,-15.9127,0.0243,1.4437
33.812,raw,2069,-15.5708,-0.6451,1.4503
33.812,raw,2084,-15.2575,-1.2934,1.4557
33.812,raw,2100,-8.1462,-0.7748,1.6126
33.812,raw,2115,-14.6220,-2.5751,1.4647
33.812,raw,2130,-14.3160,-3.1714,1.4681
33.812,raw,2146,-14.0164,-3.8018,1.4706
33.812,raw,2161,-13.7227,-4.3795,1.4727
33.812,raw,2176,-13.0164,-4.7794,1.4840
33.812,raw,2192,-12.7482,-5.3807,1.4841
33.812,raw,2207,-12.4725,-5.9329,1.4841
33.812,raw,2222,-12.2146,-6.4964,1.4831
33.812,raw,2238,-11.6100,-6.8930,1.4899
33.812,raw,2253,-11.4320,-7.5083,1.4856
33.812,raw,2268,-11.0104,-7.9585,1.4872
33.812,raw,2284,-10.8117,-8.6440,1.4811
33.812,raw,2299,-10.4252,-9.1349,1.4803
33.812,raw,2314,-10.2281,-9.8224,1.4729
33.812,raw,2330,-9.8341,-10.4022,1.4696
33.812,raw,2345,-9.5668,-11.0903,1.4620
33.812,raw,2360,-9.1008,-11.5680,1.4602
33.812,raw,2376,-8.8074,-12.3895,1.4493
33.812,raw,2391,-8.3197,-12.9008,1.4458
33.812,raw,2406,-7.8374,-13.4518,1.4408
33.812,raw,2422,-7.4851,-14.4079,1.4259
33.812,raw,2437,-6.9679,-15.0342,1.4185
33.812,raw,2452,-8.3611,-20.4498,1.2965
33.812,raw,2468,-7.7766,-21.9444,1.2702
33.812,raw,2483,-7.2797,-23.8603,1.2335
33.812,raw,2498,-6.6037,-25.6642,1.1992
33.812,raw,2514,-5.5662,-26.8123,1.1798
33.812,raw,2529,-4.4271,-27.3484,1.1728
33.812,raw,2544,-3.2640,-27.9316,1.1637
33.812,raw,2560,-1.9938,-28.7167,1.1492
33.812,raw,2575,-0.7459,-29.4634,1.1342
33.812,raw,2590,0.5601,-29.9591,1.1236
33.812,raw,2606,1.9964,-30.3924,1.1129
33.812,raw,2621,3.4206,-31.1425,1.0939
33.812,raw,2636,4.9192,-31.8720,1.0739
33.812,raw,2652,6.7287,-33.2774,1.0367
33.812,raw,2667,4.4828,-0.5910,1.7017
33.812,raw,2682,4.3079,-0.3484,1.7068
33.812,raw,2698,4.1737,-0.1227,1.7109
33.812,raw,2713,4.0578,0.0723,1.7141
33.812,raw,2728,4.0561,0.2414,1.7147
33.812,raw,2744,4.2926,0.4028,1.7098
33.812,raw,2759,4.5912,0.5707,1.7034
33.812,raw,2774,4.8913,0.7640,1.6968
33.812,raw,2790,-25.2775,24.6723,1.0276
33.812,raw,2805,-24.0695,21.6382,1.0922
33.812,raw,2820,-24.0651,19.8731,1.1171
33.812,raw,2836,-23.2337,17.5251,1.1630
33.812,raw,2851,-23.0896,15.9438,1.1853
33.812,raw,2866,-21.8528,13.8119,1.2334
33.812,raw,2882,-22.1316,12.6226,1.2409
33.812,raw,2897,-21.1688,10.9497,1.2766
33.812,raw,2912,-20.3359,9.4816,1.3067
33.812,raw,2928,-19.5277,8.0818,1.3348
33.812,raw,2943,-20.1561,7.3308,1.3271
33.812,raw,2958,-19.4244,6.1680,1.3500
33.812,raw,2974,-18.7802,5.0581,1.3698
33.812,raw,2989,-18.2146,4.0991,1.3864
33.812,raw,3004,-17.6624,3.2056,1.4016
33.812,raw,3020,-17.1471,2.3235,1.4151
33.812,raw,3035,-16.6554,1.5459,1.4272
33.812,raw,3050,-16.2919,0.8150,1.4357
33.812,raw,3066,-18.2240,-0.2839,1.8250
33.812,raw,3081,-32.0500,-3.8251,1.8441
33.812,raw,3096,-18.7985,-2.8117,1.8262
33.812,raw,3111,-32.5527,-6.8192,1.8455
33.812,raw,3127,-31.5945,-8.1569,1.8447
33.812,raw,3142,-30.7311,-9.3727,1.8441
33.812,raw,3157,-29.8941,-10.5574,1.8435
33.812,raw,3173,-15.0319,-5.8189,1.8225
33.812,raw,3188,-28.1919,-12.9137,1.8427
33.812,raw,3203,-27.4104,-14.0356,1.8424
33.812,raw,3219,-26.5503,-15.1989,1.8422
33.812,raw,3234,-25.7664,-16.2894,1.8421
33.812,raw,3249,-24.9820,-17.3732,1.8420
33.812,raw,3265,-11.3676,-8.4479,1.8200
33.812,raw,3280,-23.3726,-19.6285,1.8422
33.812,raw,3295,-22.5881,-20.7327,1.8424
33.812,raw,3311,-21.7266,-21.9106,1.8427
33.812,raw,3326,-20.8550,-22.9734,1.8429
33.812,raw,3341,-19.9423,-24.0152,1.8432
33.812,raw,3357,-18.9801,-25.1786,1.8436
33.812,raw,3372,-18.0828,-26.3299,1.8442
33.812,raw,3387,-17.1414,-27.4836,1.8448
33.812,raw,3403,-16.1281,-28.7937,1.8457
33.812,raw,3418,-15.1267,-30.0411,1.8465
33.812,raw,3433,-14.1066,-31.3878,1.8476
33.812,raw,3449,4.4683,-0.5866,1.8060
33.812,raw,3464,4.3174,-0.3509,1.8057
33.812,raw,3479,4.1759,-0.1350,1.8055
33.812,raw,3495,4.0629,0.0715,1.8053
33.812,raw,3510,4.0689,0.2399,1.8053
33.812,raw,3525,4.2805,0.3919,1.8055
33.812,raw,3541,4.5807,0.5710,1.8059
33.812,raw,3556,4.8809,0.7638,1.8063
33.812,raw,3571,-17.8226,-1.1496,2.2493
33.812,raw,3587,-17.7955,-3.3824,2.2576
33.812,raw,3602,-16.5507,-4.6018,2.2357
33.812,raw,3617,-15.0285,-4.8545,2.2020
33.812,raw,3633,-14.7473,-5.8505,2.2047
33.812,raw,3648,-14.5883,-6.5564,2.2085
33.812,raw,3663,-14.3811,-7.2526,2.2118
33.812,raw,3679,-14.1551,-8.0089,2.2163
33.812,raw,3694,4.5885,-0.7750,1.9143
33.812,raw,3709,4.4405,-0.5255,1.9089
33.812,raw,3725,4.2568,-0.2739,1.9029
33.812,raw,3740,4.1393,-0.0687,1.8990
33.812,raw,3755,4.0142,0.1241,1.8951
33.812,raw,3771,4.1409,0.2885,1.8977
33.812,raw,3786,4.3628,0.4457,1.9029
33.812,raw,3801,4.6610,0.6199,1.9101
33.812,raw,3817,4.9754,0.8337,1.9180
33.812,raw,3832,-15.7379,-2.2005,2.5821
33.812,raw,3847,-26.0165,-14.3764,3.2591
33.812,raw,3863,4.5827,-0.7730,2.0221
33.812,raw,3878,4.4149,-0.5181,2.0107
33.812,raw,3893,4.2670,-0.2886,2.0010
33.812,raw,3909,4.1356,-0.0680,1.9925
33.812,raw,3924,4.0288,0.1219,1.9859
33.812,raw,3939,4.1129,0.2801,1.9890
33.812,raw,3955,4.3874,0.4442,2.0015
33.812,raw,3970,4.6534,0.6200,2.0140
33.812,raw,3985,4.9860,0.8203,2.0301
33.812,raw,4001,-26.1652,-14.0610,3.9683
33.812,raw,4016,4.5464,-0.7194,2.1267
33.812,raw,4031,4.3819,-0.4698,2.1102
33.812,raw,4047,4.2471,-0.2349,2.0966
33.812,raw,4062,4.0961,-0.0257,2.0830
33.812,raw,4077,3.9775,0.1627,2.0724
33.812,raw,4093,4.1669,0.3202,2.0846
33.812,raw,4108,4.4124,0.4790,2.1014
33.812,raw,4123,4.7247,0.6577,2.1234
33.812,raw,4139,-18.6149,0.3459,3.5953
33.812,raw,4154,-19.5440,-0.5246,3.6872
33.812,raw,4169,-19.2810,-1.3551,3.6687
33.812,raw,4185,-19.0446,-2.2308,3.6570
33.812,raw,4200,-18.3806,-2.9563,3.6065
33.812,raw,4215,-18.3305,-3.7845,3.6187
33.812,raw,4231,-18.0825,-4.6259,3.6164
33.812,raw,4246,-17.8486,-5.4139,3.6177
33.812,raw,4261,-17.6282,-6.3281,3.6279
33.812,raw,4277,-17.3585,-7.1733,3.6354
33.812,raw,4292,-17.1057,-7.9748,3.6463
33.812,raw,4307,-16.8728,-8.8004,3.6634
33.812,raw,4323,4.3170,-0.3759,2.2038
33.812,raw,4338,4.1878,-0.1613,2.1871
33.812,raw,4353,4.0817,0.0343,2.1737
33.812,raw,4369,4.0164,0.2239,2.1649
33.812,raw,4384,4.2584,0.3702,2.1864
33.812,raw,4399,-16.8810,0.8194,3.4298
33.812,raw,4415,-16.6262,0.0917,3.8057
33.812,raw,4430,-16.4106,-0.6200,3.7850
33.812,raw,4445,-16.1808,-1.3161,3.7660
33.812,raw,4461,-15.7291,-2.1516,3.7276
33.812,raw,4476,-15.5088,-2.8177,3.7175
33.812,raw,4491,-15.3071,-3.4826,3.7131
33.812,raw,4507,-15.1035,-4.1934,3.7137
33.812,raw,4522,-14.8877,-4.8525,3.7148
33.812,raw,4537,-14.7172,-5.6845,3.7325
33.812,raw,4553,-14.4911,-6.4043,3.7434
33.812,raw,4568,-14.2608,-7.0795,3.7555
33.812,raw,4583,-14.0821,-7.7971,3.7790
34.889,raw,0,4.6455,-0.8162,0.9448
34.889,raw,14,4.4891,-0.5760,0.9870
34.889,raw,29,4.3538,-0.3475,1.0234
34.889,raw,44,4.2071,-0.1333,1.0597
34.889,raw,59,4.0973,0.0580,1.0869
34.889,raw,74,4.0686,0.2264,1.0970
34.889,raw,89,4.2935,0.3686,1.0578
34.889,raw,104,4.5693,0.5268,1.0080
34.889,raw,119,4.8421,0.7082,0.9574
34.889,raw,134,4.5822,-0.7122,1.0699
34.889,raw,149,4.4202,-0.4655,1.1074
34.889,raw,164,4.2803,-0.2442,1.1389
34.889,raw,179,4.1634,-0.0439,1.1647
34.889,raw,194,4.0267,0.1459,1.1922
34.889,raw,208,4.1522,0.2818,1.1747
34.889,raw,223,4.3813,0.4306,1.1395
34.889,raw,238,4.6716,0.5967,1.0932
34.889,raw,253,4.9733,0.7877,1.0439
34.889,raw,268,-5.4564,-6.4073,0.5123
34.889,raw,283,4.6173,-0.7786,1.1689
34.889,raw,298,4.4685,-0.5308,1.1995
34.889,raw,313,4.3203,-0.3022,1.2281
34.889,raw,328,4.1692,-0.0907,1.2554
34.889,raw,343,4.0621,0.0969,1.2750
34.889,raw,358,4.1003,0.2550,1.2728
34.889,raw,373,4.3454,0.3986,1.2407
34.889,raw,388,4.6170,0.5614,1.2040
34.889,raw,403,4.8946,0.7472,1.1654
34.889,raw,417,-6.0676,-6.9726,0.6353
34.889,raw,432,-5.8130,-7.3502,0.6195
34.889,raw,447,-5.5318,-7.7117,0.6049
34.889,raw,462,-5.2751,-8.1332,0.5808
34.889,raw,477,-4.7429,-8.1160,0.6146
34.889,raw,492,-4.2206,-8.0653,0.6491
34.889,raw,507,-4.3360,-9.3166,0.5127
34.889,raw,522,4.5623,-0.6920,1.2855
34.889,raw,537,4.4047,-0.4485,1.3114
34.889,raw,552,4.2603,-0.2275,1.3341
34.889,raw,567,4.1418,-0.0284,1.3525
34.889,raw,582,4.0156,0.1584,1.3707
34.889,raw,597,4.1936,0.2994,1.3522
34.889,raw,611,4.4323,0.4389,1.3260
34.889,raw,626,4.6809,0.6089,1.2980
34.889,raw,641,4.9801,0.8010,1.2632
34.889,raw,656,-6.6518,-7.8186,0.7776
34.889,raw,671,-6.3761,-8.2437,0.7625
34.889,raw,686,-6.1078,-8.7060,0.7422
34.889,raw,701,-5.7949,-9.1343,0.7250
34.889,raw,716,-4.5653,-7.9811,0.8750
34.889,raw,731,-4.1567,-8.1278,0.8810
34.889,raw,746,-4.7269,-10.3986,0.6688
34.889,raw,761,-4.3467,-10.8613,0.6434
34.889,raw,776,-3.9479,-11.3452,0.6147
34.889,raw,791,-3.5632,-11.9678,0.5713
34.889,raw,806,-3.1838,-12.7738,0.5092
34.889,raw,820,4.5252,-0.6267,1.3954
34.889,raw,835,4.3948,-0.3957,1.4131
34.889,raw,850,4.2295,-0.1732,1.4329
34.889,raw,865,4.0898,0.0261,1.4493
34.889,raw,880,4.0270,0.1997,1.4576
34.889,raw,895,4.2345,0.3400,1.4400
34.889,raw,910,4.5005,0.4940,1.4165
34.889,raw,925,4.7822,0.6701,1.3909
34.889,raw,940,-8.0090,-7.7478,0.9787
34.889,raw,955,-7.7041,-8.1750,0.9718
34.889,raw,970,-7.4045,-8.6236,0.9620
34.889,raw,985,-7.1009,-9.0888,0.9500
34.889,raw,1000,-6.8119,-9.6029,0.9330
34.889,raw,1015,-6.4596,-10.0585,0.9203
34.889,raw,1029,-6.1297,-10.5123,0.9053
34.889,raw,1044,-4.1983,-8.0227,1.1201
34.889,raw,1059,-5.3610,-11.5029,0.8692
34.889,raw,1074,-4.9579,-12.0465,0.8462
34.889,raw,1089,-4.5047,-12.5403,0.8259
34.889,raw,1104,-4.1648,-13.4757,0.7724
34.889,raw,1119,-3.7832,-14.5166,0.7110
34.889,raw,1134,-3.3113,-15.5120,0.6522
34.889,raw,1149,-2.7813,-16.6047,0.5856
34.889,raw,1164,4.5959,-0.7575,1.4909
34.889,raw,1179,4.4526,-0.5132,1.5055
34.889,raw,1194,4.2970,-0.2842,1.5201
34.889,raw,1209,4.1866,-0.0829,1.5306
34.889,raw,1223,4.0575,0.0977,1.5416
34.889,raw,1238,4.1052,0.2544,1.5399
34.889,raw,1253,4.3513,0.3982,1.5240
34.889,raw,1268,4.5970,0.5621,1.5077
34.889,raw,1283,4.8945,0.7472,1.4873
34.889,raw,1298,-10.5474,-5.2529,1.2341
34.889,raw,1313,-10.4012,-5.7906,1.2276
34.889,raw,1328,-10.1515,-6.2755,1.2254
34.889,raw,1343,-9.8935,-6.7607,1.2225
34.889,raw,1358,-9.6718,-7.2832,1.2161
34.889,raw,1373,-9.3852,-7.7668,1.2120
34.889,raw,1388,-9.1057,-8.2691,1.2061
34.889,raw,1403,-8.8158,-8.7783,1.1991
34.889,raw,1418,-8.5328,-9.3167,1.1899
34.889,raw,1432,-8.2268,-9.7943,1.1824
34.889,raw,1447,-7.8947,-10.3266,1.1726
34.889,raw,1462,-7.5365,-10.8554,1.1625
34.889,raw,1477,-7.1773,-11.4210,1.1499
34.889,raw,1492,-4.5143,-7.9490,1.3477
34.889,raw,1507,-4.1222,-8.1229,1.3491
34.889,raw,1522,-5.9702,-13.2167,1.1037
34.889,raw,1537,-5.4950,-13.8010,1.0878
34.889,raw,1552,-5.1457,-14.8341,1.0494
34.889,raw,1567,-4.7313,-15.9068,1.0090
34.889,raw,1582,-4.5185,-18.0644,0.9171
34.889,raw,1597,-4.8181,-23.4465,0.6756
34.889,raw,1612,-3.9543,-24.7200,0.6260
34.889,raw,1627,-2.9086,-25.3144,0.6062
34.889,raw,1641,-1.8979,-25.8808,0.5854
34.889,raw,1656,-0.7631,-26.2719,0.5709
34.889,raw,1671,0.4016,-26.8454,0.5459
34.889,raw,1686,1.6153,-27.4050,0.5191
34.889,raw,1701,4.5904,-0.7420,1.5966
34.889,raw,1716,4.4313,-0.4941,1.6070
34.889,raw,1731,4.2941,-0.2715,1.6157
34.889,raw,1746,4.1541,-0.0648,1.6239
34.889,raw,1761,4.0376,0.1226,1.6307
34.889,raw,1776,4.1262,0.2738,1.6276
34.889,raw,1791,4.3631,0.4204,1.6175
34.889,raw,1806,4.6512,0.5849,1.6048
34.889,raw,1821,4.9305,0.7738,1.5921
34.889,raw,1835,26.4193,11.9729,0.5080
34.889,raw,1850,-18.4007,19.2358,0.5998
34.889,raw,1865,-17.8853,17.2356,0.6794
34.889,raw,1880,-17.2353,15.3169,0.7590
34.889,raw,1895,-16.8639,13.7967,0.8152
34.889,raw,1910,-16.3788,12.3251,0.8725
34.889,raw,1925,-10.9797,7.8752,1.1893
34.889,raw,1940,-15.4145,9.7498,0.9723
34.889,raw,1955,-15.0736,8.6911,1.0090
34.889,raw,1970,-14.6225,7.6563,1.0481
34.889,raw,1985,-15.2417,-0.0978,1.4551
34.889,raw,2000,-14.9758,-0.7492,1.4599
34.889,raw,2015,-14.7025,-1.3818,1.4643
34.889,raw,2030,-8.1099,-0.8420,1.6099
34.889,raw,2044,-14.2142,-2.5700,1.4702
34.889,raw,2059,-13.9578,-3.1679,1.4726
34.889,raw,2074,-13.7110,-3.7605,1.4741
34.889,raw,2089,-13.4744,-4.3517,1.4748
34.889,raw,2104,-12.8536,-4.7816,1.4841
34.889,raw,2119,-12.6091,-5.3483,1.4840
34.889,raw,2134,-12.3987,-5.9344,1.4825
34.889,raw,2149,-12.1617,-6.5137,1.4809
34.889,raw,2164,-11.6145,-6.9043,1.4868
34.889,raw,2179,-11.4268,-7.5193,1.4827
34.889,raw,2194,-11.2575,-8.1698,1.4773
34.889,raw,2209,-10.9000,-8.6926,1.4762
34.889,raw,2224,-10.7148,-9.3792,1.4693
34.889,raw,2239,-10.3326,-9.9097,1.4674
34.889,raw,2253,-10.1268,-10.5790,1.4599
34.889,raw,2268,-9.6750,-11.0729,1.4584
34.889,raw,2283,-9.4278,-11.8406,1.4487
34.889,raw,2298,-8.9682,-12.3778,1.4453
34.889,raw,2313,-8.7027,-13.2405,1.4329
34.889,raw,2328,-8.2170,-13.8283,1.4275
34.889,raw,2343,-7.7337,-14.4681,1.4204
34.889,raw,2358,-9.1383,-19.1133,1.3149
34.889,raw,2373,-8.6551,-20.3935,1.2936
34.889,raw,2388,-8.1352,-21.8173,1.2687
34.889,raw,2403,-7.5722,-23.4273,1.2393
34.889,raw,2418,-7.0337,-25.5543,1.1979
34.889,raw,2433,-6.1786,-27.0527,1.1706
34.889,raw,2447,-5.1172,-27.6067,1.1635
34.889,raw,2462,-3.9484,-28.1971,1.1550
34.889,raw,2477,-2.7486,-28.8312,1.1445
34.889,raw,2492,-1.5150,-29.6225,1.1294
34.889,raw,2507,-0.2199,-30.4173,1.1130
34.889,raw,2522,1.1350,-30.9370,1.1014
34.889,raw,2537,2.5346,-31.4135,1.0895
34.889,raw,2552,4.0215,-32.2305,1.0686
34.889,raw,2567,5.6056,-33.1257,1.0444
34.889,raw,2582,4.5407,-0.6715,1.7029
34.889,raw,2597,4.4083,-0.4369,1.7072
34.889,raw,2612,4.2671,-0.2173,1.7115
34.889,raw,2627,4.1316,-0.0152,1.7153
34.889,raw,2642,4.0100,0.1699,1.7187
34.889,raw,2656,4.1818,0.3007,1.7153
34.889,raw,2671,4.4190,0.4515,1.7103
34.889,raw,2686,4.6931,0.6211,1.7044
34.889,raw,2701,5.0028,0.8148,1.6976
34.889,raw,2716,-24.1905,23.9954,1.0532
34.889,raw,2731,-22.6434,20.7170,1.1271
34.889,raw,2746,-22.1463,18.6407,1.1649
34.889,raw,2761,-21.5324,16.6589,1.2022
34.889,raw,2776,-21.3501,15.1359,1.2247
34.889,raw,2791,-11.2828,7.7429,1.4997
34.889,raw,2806,-19.4515,11.5393,1.3016
34.889,raw,2821,-19.2765,10.3686,1.3170
34.889,raw,2836,-18.6185,9.0490,1.3424
34.889,raw,2850,-18.1622,7.9741,1.3608
34.889,raw,2865,-17.7233,6.9166,1.3780
34.889,raw,2880,-17.8185,6.0852,1.3816
34.889,raw,2895,-17.4185,5.1431,1.3956
34.889,raw,2910,-17.0173,4.2551,1.4085
34.889,raw,2925,-16.6922,3.4289,1.4188
34.889,raw,2940,-16.3987,2.6456,1.4276
34.889,raw,2955,-16.0692,1.8926,1.4364
34.889,raw,2970,-15.7543,1.1731,1.4441
34.889,raw,2985,-15.4837,0.4819,1.4502
34.889,raw,3000,-16.8153,-0.4765,1.8233
34.889,raw,3015,-31.7555,-2.9036,1.8438
34.889,raw,3030,-33.0126,-4.5102,1.8458
34.889,raw,3045,-32.1802,-5.8282,1.8450
34.889,raw,3059,-17.3848,-3.6060,1.8247
34.889,raw,3074,-16.4107,-4.1438,1.8237
34.889,raw,3089,-29.8167,-9.4505,1.8431
34.889,raw,3104,-29.0727,-10.6348,1.8427
34.889,raw,3119,-28.3285,-11.7937,1.8424
34.889,raw,3134,-27.5657,-12.9225,1.8421
34.889,raw,3149,-26.2338,-13.7239,1.8410
34.889,raw,3164,-26.1314,-15.1834,1.8419
34.889,raw,3179,-25.3964,-16.2939,1.8418
34.889,raw,3194,-24.6798,-17.4175,1.8419
34.889,raw,3209,-23.9465,-18.5365,1.8420
34.889,raw,3224,-23.2250,-19.6794,1.8422
34.889,raw,3239,-22.4816,-20.8254,1.8425
34.889,raw,3254,-21.7207,-21.9838,1.8429
34.889,raw,3268,-21.0071,-23.0959,1.8433
34.889,raw,3283,-20.0838,-24.1438,1.8436
34.889,raw,3298,-19.3597,-25.4884,1.8444
34.889,raw,3313,-18.4750,-26.6964,1.8451
34.889,raw,3328,-17.6099,-28.0161,1.8459
34.889,raw,3343,-16.6978,-29.3682,1.8468
34.889,raw,3358,4.6303,-0.8107,1.8061
34.889,raw,3373,4.4786,-0.5597,1.8058
34.889,raw,3388,4.3200,-0.3264,1.8055
34.889,raw,3403,4.2016,-0.1205,1.8053
34.889,raw,3418,4.0658,0.0744,1.8051
34.889,raw,3433,4.0591,0.2384,1.8050
34.889,raw,3448,4.3146,0.3782,1.8054
34.889,raw,3462,4.5500,0.5276,1.8057
34.889,raw,3477,4.8357,0.7082,1.8061
34.889,raw,3492,-18.7938,-0.5577,2.2758
34.889,raw,3507,-17.6369,-1.6309,2.2498
34.889,raw,3522,-15.6457,-2.6030,2.2051
34.889,raw,3537,-16.7484,-3.7652,2.2383
34.889,raw,3552,-15.2213,-4.0925,2.2041
34.889,raw,3567,-15.0212,-4.7674,2.2047
34.889,raw,3582,-14.7750,-5.7333,2.2077
34.889,raw,3597,-14.5688,-6.4734,2.2106
34.889,raw,3612,-14.3715,-7.1779,2.2141
34.889,raw,3627,-14.1468,-7.8821,2.2179
34.889,raw,3642,4.6422,-0.8289,1.9126
34.889,raw,3657,4.4675,-0.5692,1.9065
34.889,raw,3671,4.3444,-0.3573,1.9021
34.889,raw,3686,4.2052,-0.1445,1.8975
34.889,raw,3701,4.0984,0.0467,1.8940
34.889,raw,3716,4.0442,0.2188,1.8920
34.889,raw,3731,4.2693,0.3593,1.8972
34.889,raw,3746,4.5287,0.5165,1.9033
34.889,raw,3761,4.8005,0.6954,1.9099
34.889,raw,3776,-31.8977,-3.2957,3.3680
34.889,raw,3791,-26.2283,-13.8200,3.2615
34.889,raw,3806,-20.0910,-24.1527,3.3528
34.889,raw,3821,4.5345,-0.6561,2.0116
34.889,raw,3836,4.3677,-0.4130,2.0005
34.889,raw,3851,4.2449,-0.2002,1.9922
34.889,raw,3866,4.1233,-0.0024,1.9845
34.889,raw,3880,4.0143,0.1693,1.9780
34.889,raw,3895,4.2057,0.3093,1.9863
34.889,raw,3910,4.4394,0.4619,1.9969
34.889,raw,3925,4.7302,0.6329,2.0106
34.889,raw,3940,-16.8573,0.8583,2.6306
34.889,raw,3955,-26.0532,-14.2213,3.9768
34.889,raw,3970,4.5588,-0.7043,2.1175
34.889,raw,3985,4.3980,-0.4591,2.1013
34.889,raw,4000,4.2787,-0.2438,2.0890
34.889,raw,4015,4.1370,-0.0387,2.0759
34.889,raw,4030,4.0224,0.1466,2.0655
34.889,raw,4045,4.1530,0.2927,2.0734
34.889,raw,4060,4.4040,0.4407,2.0904
34.889,raw,4074,4.6348,0.5977,2.1065
34.889,raw,4089,4.9502,0.7873,2.1290
34.889,raw,4104,-19.5083,-0.4902,3.6977
34.889,raw,4119,-19.2615,-1.3273,3.6807
34.889,raw,4134,-19.0083,-2.1496,3.6666
34.889,raw,4149,-18.0615,-2.8274,3.5884
34.889,raw,4164,-18.3282,-3.7217,3.6311
34.889,raw,4179,-18.0964,-4.5166,3.6288
34.889,raw,4194,-17.8451,-5.3045,3.6279
34.889,raw,4209,-17.6202,-6.2216,3.6371
34.889,raw,4224,-17.3955,-7.0299,3.6466
34.889,raw,4239,-17.1438,-7.8361,3.6570
34.889,raw,4254,-16.9043,-8.6616,3.6727
34.889,raw,4269,-11.3784,-8.4779,3.2211
34.889,raw,4283,-19.0448,0.2635,3.6505
34.889,raw,4298,-16.4355,-0.3533,3.8033
34.889,raw,4313,-16.2245,-1.0605,3.7854
34.889,raw,4328,-15.9940,-1.7530,3.7687
34.889,raw,4343,-15.5663,-2.5389,3.7348
34.889,raw,4358,-15.3689,-3.2119,3.7296
34.889,raw,4373,-15.1618,-3.8794,3.7267
34.889,raw,4388,-14.9513,-4.5449,3.7269
34.889,raw,4403,-14.7833,-5.3294,3.7406
34.889,raw,4418,-14.5771,-6.0072,3.7495
34.889,raw,4433,-14.3710,-6.6938,3.7625
34.889,raw,4448,-14.1532,-7.3862,3.7781
34.889,raw,4463,-16.8151,0.9073,3.8446
36.447,raw,0,4.5562,-0.8163,0.9726
36.447,raw,14,4.4022,-0.5792,1.0147
36.447,raw,29,4.2710,-0.3551,1.0507
36.447,raw,43,4.1392,-0.1587,1.0841
36.447,raw,58,4.0079,0.0339,1.1159
36.447,raw,72,3.9328,0.1934,1.1350
36.447,raw,87,4.1305,0.3250,1.1013
36.447,raw,102,4.3507,0.4708,1.0624
36.447,raw,116,4.6130,0.6218,1.0144
36.447,raw,131,4.8922,0.8066,0.9620
36.447,raw,145,4.4042,-0.6051,1.1139
36.447,raw,160,4.2739,-0.3798,1.1453
36.447,raw,175,4.1443,-0.1712,1.1746
36.447,raw,189,4.0354,0.0071,1.1984
36.447,raw,204,3.9224,0.1848,1.2218
36.447,raw,218,4.1123,0.3056,1.1936
36.447,raw,233,4.3326,0.4495,1.1598
36.447,raw,248,4.6079,0.6099,1.1160
36.447,raw,262,4.8534,0.7805,1.0760
36.447,raw,277,-5.3191,-6.4810,0.5075
36.447,raw,291,4.4606,-0.6628,1.2040
36.447,raw,306,4.3010,-0.4238,1.2356
36.447,raw,321,4.1607,-0.2093,1.2625
36.447,raw,335,4.0717,-0.0328,1.2802
36.447,raw,350,3.9286,0.1529,1.3047
36.447,raw,364,4.0650,0.2794,1.2883
36.447,raw,379,4.2851,0.4196,1.2596
36.447,raw,394,4.5305,0.5768,1.2266
36.447,raw,408,4.7993,0.7423,1.1894
36.447,raw,423,-5.8796,-7.0444,0.6353
36.447,raw,437,-5.6677,-7.4340,0.6147
36.447,raw,452,-5.3893,-7.8055,0.5984
36.447,raw,466,-5.1308,-8.1762,0.5788
36.447,raw,481,-4.4873,-7.9594,0.6387
36.447,raw,496,-4.5472,-9.0221,0.5266
36.447,raw,510,4.5384,-0.8096,1.2910
36.447,raw,525,4.3957,-0.5644,1.3161
36.447,raw,539,4.2617,-0.3525,1.3382
36.447,raw,554,4.1312,-0.1456,1.3589
36.447,raw,569,4.0055,0.0450,1.3779
36.447,raw,583,3.9466,0.2016,1.3877
36.447,raw,598,4.1360,0.3351,1.3678
36.447,raw,612,4.3730,0.4693,1.3417
36.447,raw,627,4.6420,0.6331,1.3113
36.447,raw,642,4.9310,0.8202,1.2777
36.447,raw,656,-6.4728,-7.9255,0.7745
36.447,raw,671,-6.2068,-8.3709,0.7566
36.447,raw,685,-5.9382,-8.7843,0.7395
36.447,raw,700,-5.6112,-9.1963,0.7237
36.447,raw,715,-4.3667,-7.9785,0.8791
36.447,raw,729,-4.9616,-10.0608,0.6828
36.447,raw,744,-4.5996,-10.5252,0.6583
36.447,raw,758,-4.2412,-10.9646,0.6338
36.447,raw,773,-3.8665,-11.5362,0.5964
36.447,raw,788,-3.5308,-12.3597,0.5336
36.447,raw,802,4.4727,-0.6931,1.4041
36.447,raw,817,4.3250,-0.4553,1.4239
36.447,raw,831,4.1959,-0.2527,1.4405
36.447,raw,846,4.0630,-0.0528,1.4568
36.447,raw,861,3.9607,0.1268,1.4693
36.447,raw,875,4.0423,0.2611,1.4636
36.447,raw,890,4.2520,0.4002,1.4457
36.447,raw,904,4.4768,0.5440,1.4258
36.447,raw,919,4.7508,0.7174,1.4008
36.447,raw,933,-7.7070,-7.8392,0.9840
36.447,raw,948,-7.4669,-8.3392,0.9697
36.447,raw,963,-7.1957,-8.8307,0.9556
36.447,raw,977,-6.9053,-9.2667,0.9439
36.447,raw,992,-6.6086,-9.7843,0.9265
36.447,raw,1006,-6.2893,-10.2376,0.9120
36.447,raw,1021,-4.3882,-7.9583,1.1141
36.447,raw,1036,-5.5643,-11.2650,0.8743
36.447,raw,1050,-5.2010,-11.7717,0.8535
36.447,raw,1065,-4.8019,-12.3654,0.8266
36.447,raw,1079,-4.4343,-13.0269,0.7928
36.447,raw,1094,-4.0874,-14.0417,0.7338
36.447,raw,1109,-3.7022,-15.2068,0.6637
36.447,raw,1123,-3.2488,-16.2393,0.6016
36.447,raw,1138,-2.7062,-17.4960,0.5236
36.447,raw,1152,4.4456,-0.6319,1.5080
36.447,raw,1167,4.2921,-0.3970,1.5230
36.447,raw,1182,4.1203,-0.1766,1.5384
36.447,raw,1196,4.0533,-0.0073,1.5455
36.447,raw,1211,3.9211,0.1747,1.5567
36.447,raw,1225,4.0856,0.2981,1.5466
36.447,raw,1240,4.3274,0.4387,1.5309
36.447,raw,1255,4.5689,0.5992,1.5149
36.447,raw,1269,4.8569,0.7679,1.4951
36.447,raw,1284,-10.3311,-5.0375,1.2439
36.447,raw,1298,-10.1161,-5.4812,1.2426
36.447,raw,1313,-9.8707,-5.9512,1.2408
36.447,raw,1327,-9.7608,-6.4788,1.2315
36.447,raw,1342,-9.5269,-6.9784,1.2265
36.447,raw,1357,-9.3209,-7.5153,1.2185
36.447,raw,1371,-9.0597,-7.9731,1.2136
36.447,raw,1386,-8.8045,-8.5030,1.2053
36.447,raw,1400,-8.5476,-8.9995,1.1972
36.447,raw,1415,-8.2437,-9.5241,1.1884
36.447,raw,1430,-7.9056,-10.0332,1.1801
36.447,raw,1444,-7.6228,-10.5803,1.1678
36.447,raw,1459,-7.2656,-11.1294,1.1563
36.447,raw,1473,-6.9561,-11.7223,1.1408
36.447,raw,1488,-4.2600,-8.0215,1.3479
36.447,raw,1503,-6.1458,-12.9130,1.1105
36.447,raw,1517,-5.7852,-13.6127,1.0884
36.447,raw,1532,-5.3418,-14.3383,1.0654
36.447,raw,1546,-5.0594,-15.5299,1.0188
36.447,raw,1561,-4.8006,-17.2892,0.9459
36.447,raw,1576,-5.3133,-22.7890,0.6980
36.447,raw,1590,-4.6592,-24.4670,0.6299
36.447,raw,1605,-3.6840,-25.3954,0.5962
36.447,raw,1619,-2.6820,-25.9882,0.5757
36.447,raw,1634,-1.5707,-26.6851,0.5489
36.447,raw,1649,-0.3981,-27.1074,0.5324
36.447,raw,1663,0.7285,-27.7161,0.5052
36.447,raw,1678,4.4412,-0.6304,1.6076
36.447,raw,1692,4.3023,-0.4121,1.6167
36.447,raw,1707,4.1631,-0.1985,1.6253
36.447,raw,1722,4.0304,-0.0026,1.6332
36.447,raw,1736,3.9179,0.1650,1.6396
36.447,raw,1751,4.1023,0.2961,1.6321
36.447,raw,1765,4.3048,0.4292,1.6235
36.447,raw,1780,4.5861,0.5867,1.6112
36.447,raw,1794,4.8135,0.7549,1.6009
36.447,raw,1809,-17.6754,22.7468,0.5023
36.447,raw,1824,-17.1535,20.3259,0.6013
36.447,raw,1838,-16.7802,18.4232,0.6762
36.447,raw,1853,-16.4083,16.6102,0.7462
36.447,raw,1867,-15.9705,14.9955,0.8103
36.447,raw,1882,-15.6873,13.5718,0.8617
36.447,raw,1897,-15.2509,12.1549,0.9166
36.447,raw,1911,-14.9361,11.0053,0.9583
36.447,raw,1926,-11.1293,7.7594,1.1838
36.447,raw,1940,-14.2029,8.8390,1.0382
36.447,raw,1955,-13.9298,7.8966,1.0691
36.447,raw,1970,-13.5697,6.9781,1.1018
36.447,raw,1984,-13.7121,-0.1676,1.4871
36.447,raw,1999,-13.5341,-0.7632,1.4899
36.447,raw,2013,-8.3677,-0.5716,1.6035
36.447,raw,2028,-8.2583,-0.9413,1.6045
36.447,raw,2043,-12.8957,-2.4336,1.4975
36.447,raw,2057,-12.7305,-2.9599,1.4982
36.447,raw,2072,-12.5207,-3.5115,1.4991
36.447,raw,2086,-12.3249,-4.0240,1.4994
36.447,raw,2101,-11.9592,-4.5069,1.5030
36.447,raw,2116,-11.8039,-5.0753,1.5010
36.447,raw,2130,-11.6470,-5.6085,1.4988
36.447,raw,2145,-11.4768,-6.1899,1.4959
36.447,raw,2159,-11.2206,-6.6839,1.4951
36.447,raw,2174,-11.0175,-7.2685,1.4917
36.447,raw,2189,-10.7740,-7.8404,1.4885
36.447,raw,2203,-10.4437,-8.3041,1.4879
36.447,raw,2218,-10.2403,-8.9423,1.4820
36.447,raw,2232,-9.9115,-9.4319,1.4799
36.447,raw,2247,-9.7106,-10.1326,1.4719
36.447,raw,2261,-9.4189,-10.7103,1.4667
36.447,raw,2276,-9.2039,-11.4884,1.4565
36.447,raw,2291,-8.8199,-12.1028,1.4508
36.447,raw,2305,-8.6304,-12.9698,1.4374
36.447,raw,2320,-8.2050,-13.6363,1.4300
36.447,raw,2334,-7.8045,-14.3089,1.4215
36.447,raw,2349,-9.2770,-18.9639,1.3154
36.447,raw,2364,-8.8479,-20.3369,1.2919
36.447,raw,2378,-8.3921,-21.7078,1.2679
36.447,raw,2393,-7.8686,-23.3785,1.2373
36.447,raw,2407,-7.4133,-25.4295,1.1973
36.447,raw,2422,-6.6755,-27.3079,1.1617
36.447,raw,2437,-5.5429,-27.9840,1.1527
36.447,raw,2451,-4.4516,-28.6136,1.1435
36.447,raw,2466,-3.2481,-29.3329,1.1316
36.447,raw,2480,-2.0809,-30.0079,1.1194
36.447,raw,2495,-0.7861,-30.9225,1.1010
36.447,raw,2510,0.5832,-31.8512,1.0810
36.447,raw,2524,1.9173,-32.3458,1.0694
36.447,raw,2539,3.4017,-32.9355,1.0542
36.447,raw,2553,4.8894,-33.8447,1.0307
36.447,raw,2568,4.3951,-0.5894,1.7080
36.447,raw,2583,4.2631,-0.3648,1.7122
36.447,raw,2597,4.1460,-0.1716,1.7158
36.447,raw,2612,4.0325,0.0184,1.7192
36.447,raw,2626,3.9209,0.1850,1.7222
36.447,raw,2641,4.1193,0.3155,1.7183
36.447,raw,2655,4.3337,0.4494,1.7138
36.447,raw,2670,4.5874,0.6105,1.7084
36.447,raw,2685,4.8883,0.7937,1.7018
36.447,raw,2699,-22.5372,25.3093,1.0575
36.447,raw,2714,-21.3791,22.1409,1.1254
36.447,raw,2728,-20.7018,19.8688,1.1707
36.447,raw,2743,-19.5947,17.3530,1.2255
36.447,raw,2758,-18.8691,15.3930,1.2649
36.447,raw,2772,-18.1360,13.6920,1.3001
36.447,raw,2787,-11.0422,8.0267,1.4998
36.447,raw,2801,-17.2229,10.9814,1.3493
36.447,raw,2816,-16.7970,9.7643,1.3705
36.447,raw,2831,-16.7302,8.8058,1.3813
36.447,raw,2845,-16.3923,7.8347,1.3968
36.447,raw,2860,-16.0491,6.8666,1.4117
36.447,raw,2874,-15.7380,6.0202,1.4244
36.447,raw,2889,-15.6932,5.2458,1.4303
36.447,raw,2904,-15.3955,4.4346,1.4411
36.447,raw,2918,-15.1460,3.7205,1.4498
36.447,raw,2933,-14.8987,2.9925,1.4578
36.447,raw,2947,-14.6541,2.3392,1.4650
36.447,raw,2962,-14.4013,1.6676,1.4718
36.447,raw,2977,-14.1601,1.0217,1.4777
36.447,raw,2991,-13.9437,0.4385,1.4825
36.447,raw,3006,-18.5671,-0.4204,1.8258
36.447,raw,3020,-17.5429,-1.0869,1.8245
36.447,raw,3035,-17.3141,-1.8410,1.8243
36.447,raw,3050,-27.3947,-4.5341,1.8384
36.447,raw,3064,-17.4470,-3.4047,1.8249
36.447,raw,3079,-16.4676,-3.9544,1.8238
36.447,raw,3093,-16.2353,-4.6211,1.8237
36.447,raw,3108,-14.9694,-4.9584,1.8223
36.447,raw,3122,-24.1984,-9.5093,1.8361
36.447,raw,3137,-23.5738,-10.4868,1.8359
36.447,raw,3152,-22.9772,-11.4641,1.8358
36.447,raw,3166,-24.1455,-13.3577,1.8384
36.447,raw,3181,-23.6669,-14.4999,1.8386
36.447,raw,3195,-23.1413,-15.5309,1.8388
36.447,raw,3210,-22.5754,-16.6507,1.8391
36.447,raw,3225,-22.0193,-17.8035,1.8394
36.447,raw,3239,-21.4881,-18.9001,1.8399
36.447,raw,3254,-20.9032,-20.1018,1.8404
36.447,raw,3268,-20.3276,-21.2395,1.8410
36.447,raw,3283,-19.7091,-22.5153,1.8417
36.447,raw,3298,-19.0874,-23.8646,1.8425
36.447,raw,3312,-18.4825,-25.1785,1.8435
36.447,raw,3327,-17.7817,-26.6206,1.8445
36.447,raw,3341,-17.1135,-28.0645,1.8457
36.447,raw,3356,-16.3380,-29.6674,1.8470
36.447,raw,3371,4.4766,-0.7075,1.8058
36.447,raw,3385,4.3268,-0.4803,1.8055
36.447,raw,3400,4.2098,-0.2679,1.8053
36.447,raw,3414,4.0942,-0.0815,1.8051
36.447,raw,3429,3.9769,0.1031,1.8049
36.447,raw,3444,4.0201,0.2536,1.8049
36.447,raw,3458,4.2421,0.3790,1.8052
36.447,raw,3473,4.4693,0.5327,1.8055
36.447,raw,3487,4.7250,0.6928,1.8058
36.447,raw,3502,-34.0050,8.5803,1.8479
36.447,raw,3516,-33.1965,6.9843,1.8464
36.447,raw,3531,-32.5338,5.4010,1.8451
36.447,raw,3546,-31.8164,3.8885,1.8439
36.447,raw,3560,-31.2432,2.5495,1.8430
36.447,raw,3575,-30.6236,1.1727,1.8421
36.447,raw,3589,-30.0767,-0.0633,1.8414
36.447,raw,3604,-31.9637,-3.2981,2.6091
36.447,raw,3619,-17.5841,-3.6552,2.2596
36.447,raw,3633,-15.0160,-6.0082,2.2178
36.447,raw,3648,-26.0114,-14.4268,2.5554
36.447,raw,3662,-19.9260,-24.6203,2.6058
36.447,raw,3677,4.4196,-0.5976,1.9040
36.447,raw,3692,4.2626,-0.3646,1.8985
36.447,raw,3706,4.1321,-0.1682,1.8942
36.447,raw,3721,4.0284,0.0192,1.8907
36.447,raw,3735,3.9135,0.1862,1.8871
36.447,raw,3750,4.1031,0.3173,1.8913
36.447,raw,3765,4.3487,0.4597,1.8971
36.447,raw,3779,4.5772,0.6108,1.9026
36.447,raw,3794,4.8864,0.7937,1.9102
36.447,raw,3808,-32.1362,-3.8913,3.3869
36.447,raw,3823,-26.1678,-14.1127,3.2695
36.447,raw,3838,-19.7466,-24.1032,3.3435
36.447,raw,3852,4.4289,-0.6262,2.0032
36.447,raw,3867,4.2813,-0.3939,1.9930
36.447,raw,3881,4.1627,-0.1984,1.9851
36.447,raw,3896,4.0305,-0.0027,1.9768
36.447,raw,3911,3.9240,0.1743,1.9702
36.447,raw,3925,4.1022,0.2961,1.9779
36.447,raw,3940,4.3044,0.4404,1.9869
36.447,raw,3954,4.5546,0.5878,1.9986
36.447,raw,3969,4.8357,0.7677,2.0120
36.447,raw,3983,-26.3539,-13.7156,3.9836
36.447,raw,3998,4.5573,-0.8302,2.1159
36.447,raw,4013,4.3923,-0.5759,2.0986
36.447,raw,4027,4.2723,-0.3674,2.0860
36.447,raw,4042,4.1276,-0.1559,2.0721
36.447,raw,4056,4.0134,0.0222,2.0613
36.447,raw,4071,3.9202,0.1954,2.0526
36.447,raw,4086,4.1340,0.3246,2.0666
36.447,raw,4100,4.3476,0.4597,2.0810
36.447,raw,4115,4.6187,0.6216,2.0999
36.447,raw,4129,4.8827,0.7936,2.1188
36.447,raw,4144,-19.5262,-0.7090,3.7081
36.447,raw,4159,-19.0198,-2.3167,3.6775
36.447,raw,4173,-11.4355,-8.5092,3.2341
36.447,raw,4188,-16.5519,-0.2495,3.8255
36.447,raw,4202,-16.3466,-0.9174,3.8073
36.447,raw,4217,-16.1167,-1.6190,3.7901
36.447,raw,4232,-15.7176,-2.2779,3.7559
36.447,raw,4246,-15.5174,-2.9104,3.7478
36.447,raw,4261,-15.3058,-3.5839,3.7429
36.447,raw,4275,-15.1304,-4.2173,3.7442
36.447,raw,4290,-14.9089,-4.8860,3.7450
36.447,raw,4305,-14.7818,-5.6474,3.7640
36.447,raw,4319,-14.5645,-6.2787,3.7708
36.447,raw,4334,-14.3747,-6.9847,3.7877
36.447,raw,4348,-14.1372,-7.6230,3.7994
36.447,raw,4363,-16.7974,0.6781,3.8514
38.051,raw,0,4.4371,-0.7982,1.0105
38.051,raw,15,4.2930,-0.5550,1.0521
38.051,raw,30,4.1431,-0.3297,1.0922
38.051,raw,45,4.0049,-0.1260,1.1277
38.051,raw,61,3.9162,0.0607,1.1520
38.051,raw,76,3.8522,0.2220,1.1696
38.051,raw,91,4.0240,0.3462,1.1409
38.051,raw,107,4.2524,0.4900,1.1009
38.051,raw,122,4.4928,0.6421,1.0573
38.051,raw,137,4.7644,0.8146,1.0066
38.051,raw,153,4.2959,-0.5804,1.1462
38.051,raw,168,4.1534,-0.3556,1.1802
38.051,raw,183,4.0375,-0.1560,1.2075
38.051,raw,198,3.9123,0.0312,1.2348
38.051,raw,214,3.7992,0.2116,1.2587
38.051,raw,229,4.0011,0.3289,1.2289
38.051,raw,244,4.2086,0.4616,1.1974
38.051,raw,260,4.4683,0.6203,1.1565
38.051,raw,275,4.7470,0.7903,1.1113
38.051,raw,290,-5.1410,-6.5214,0.5039
38.051,raw,306,4.3086,-0.5972,1.2392
38.051,raw,321,4.1787,-0.3750,1.2665
38.051,raw,336,4.0247,-0.1633,1.2956
38.051,raw,352,3.9297,0.0274,1.3149
38.051,raw,367,3.8143,0.1993,1.3354
38.051,raw,382,3.9922,0.3200,1.3134
38.051,raw,397,4.1919,0.4525,1.2876
38.051,raw,413,4.4472,0.6099,1.2534
38.051,raw,428,4.6989,0.7782,1.2186
38.051,raw,443,-5.6267,-7.0977,0.6366
38.051,raw,459,-5.3385,-7.4861,0.6205
38.051,raw,474,-5.0967,-7.9166,0.5949
38.051,raw,489,-4.5863,-7.9306,0.6248
38.051,raw,505,-4.4935,-8.7487,0.5470
38.051,raw,520,-4.1888,-9.1897,0.5171
38.051,raw,535,4.3807,-0.7116,1.3220
38.051,raw,551,4.2263,-0.4603,1.3488
38.051,raw,566,4.1080,-0.2520,1.3692
38.051,raw,581,3.9878,-0.0585,1.3885
38.051,raw,596,3.8619,0.1219,1.4073
38.051,raw,612,3.9023,0.2729,1.4057
38.051,raw,627,4.1078,0.3980,1.3838
38.051,raw,642,4.3246,0.5390,1.3601
38.051,raw,658,4.5995,0.7083,1.3289
38.051,raw,673,-6.3831,-7.6556,0.7894
38.051,raw,688,-6.1027,-8.0655,0.7756
38.051,raw,704,-5.8316,-8.5706,0.7522
38.051,raw,719,-4.8934,-7.9846,0.8451
38.051,raw,734,-4.4148,-8.0405,0.8632
38.051,raw,750,-4.8476,-9.9335,0.6897
38.051,raw,765,-4.4707,-10.3552,0.6694
38.051,raw,780,-4.0895,-10.8194,0.6437
38.051,raw,795,-3.7368,-11.4402,0.6013
38.051,raw,811,-3.3674,-12.2802,0.5379
38.051,raw,826,4.3552,-0.6892,1.4223
38.051,raw,841,4.2193,-0.4579,1.4414
38.051,raw,857,4.0692,-0.2298,1.4609
38.051,raw,872,3.9630,-0.0421,1.4749
38.051,raw,887,3.8308,0.1379,1.4904
38.051,raw,903,3.9141,0.2810,1.4850
38.051,raw,918,4.1142,0.4077,1.4681
38.051,raw,933,4.3367,0.5491,1.4486
38.051,raw,949,4.6334,0.7195,1.4217
38.051,raw,964,-7.5325,-7.9257,0.9804
38.051,raw,979,-7.2676,-8.4042,0.9679
38.051,raw,994,-6.9660,-8.8626,0.9565
38.051,raw,1010,-6.6047,-9.3247,0.9458
38.051,raw,1025,-6.3012,-9.8383,0.9282
38.051,raw,1040,-4.5426,-7.9135,1.1049
38.051,raw,1056,-5.5458,-10.8173,0.8961
38.051,raw,1071,-5.1679,-11.3393,0.8755
38.051,raw,1086,-4.7749,-11.8949,0.8515
38.051,raw,1102,-4.3909,-12.6824,0.8106
38.051,raw,1117,-4.0527,-13.6561,0.7546
38.051,raw,1132,-3.6265,-14.5772,0.7019
38.051,raw,1148,-3.1683,-15.8825,0.6220
38.051,raw,1163,-2.6279,-17.0434,0.5508
38.051,raw,1178,4.3773,-0.6977,1.5168
38.051,raw,1193,4.2316,-0.4621,1.5318
38.051,raw,1209,4.0910,-0.2361,1.5457
38.051,raw,1224,3.9485,-0.0386,1.5587
38.051,raw,1239,3.8420,0.1357,1.5684
38.051,raw,1255,3.9073,0.2820,1.5657
38.051,raw,1270,4.1025,0.4089,1.5534
38.051,raw,1285,4.3613,0.5477,1.5364
38.051,raw,1301,4.6154,0.7198,1.5193
38.051,raw,1316,-13.6537,12.7618,0.5175
38.051,raw,1331,-9.9781,-5.5025,1.2421
38.051,raw,1346,-9.8240,-6.0333,1.2352
38.051,raw,1362,-9.5856,-6.5651,1.2304
38.051,raw,1377,-9.3385,-7.0574,1.2259
38.051,raw,1392,-9.0962,-7.5667,1.2196
38.051,raw,1408,-8.8115,-8.1048,1.2127
38.051,raw,1423,-8.5314,-8.6152,1.2054
38.051,raw,1438,-8.2447,-9.1405,1.1967
38.051,raw,1454,-7.9035,-9.6879,1.1878
38.051,raw,1469,-7.5534,-10.1898,1.1794
38.051,raw,1484,-7.2174,-10.7427,1.1677
38.051,raw,1500,-4.7502,-7.9203,1.3365
38.051,raw,1515,-4.3377,-8.0814,1.3396
38.051,raw,1530,-6.0897,-12.5897,1.1207
38.051,raw,1545,-5.6442,-13.1714,1.1054
38.051,raw,1561,-5.2487,-14.0883,1.0738
38.051,raw,1576,-4.8698,-15.1077,1.0361
38.051,raw,1591,-4.5157,-16.4693,0.9819
38.051,raw,1607,-4.4334,-19.6141,0.8446
38.051,raw,1622,-4.3528,-23.8428,0.6574
38.051,raw,1637,-3.4291,-24.9498,0.6151
38.051,raw,1653,-2.2975,-25.6186,0.5916
38.051,raw,1668,-1.1794,-26.0612,0.5759
38.051,raw,1683,-0.0319,-26.6204,0.5527
38.051,raw,1699,1.2439,-27.2488,0.5240
38.051,raw,1714,4.3899,-0.7407,1.6120
38.051,raw,1729,4.2653,-0.5092,1.6210
38.051,raw,1744,4.1213,-0.2893,1.6303
38.051,raw,1760,3.9881,-0.0795,1.6387
38.051,raw,1775,3.8813,0.0981,1.6452
38.051,raw,1790,3.8589,0.2502,1.6474
38.051,raw,1806,4.0766,0.3808,1.6384
38.051,raw,1821,4.2916,0.5194,1.6292
38.051,raw,1836,4.5205,0.6754,1.6191
38.051,raw,1852,22.1189,9.1720,0.7465
38.051,raw,1867,-18.1669,22.3474,0.5002
38.051,raw,1882,-17.5845,19.9409,0.5992
38.051,raw,1898,-17.1103,17.7991,0.6836
38.051,raw,1913,-16.6770,16.0049,0.7535
38.051,raw,1928,-16.1284,14.2852,0.8232
38.051,raw,1943,-15.6192,12.7566,0.8841
38.051,raw,1959,-15.1508,11.3272,0.9391
38.051,raw,1974,-11.1742,7.9412,1.1747
38.051,raw,1989,-14.4985,9.1043,1.0173
38.051,raw,2005,-14.1728,8.0610,1.0524
38.051,raw,2020,-13.7614,7.1050,1.0878
38.051,raw,2035,-13.7333,-0.2152,1.4841
38.051,raw,2051,-13.4785,-0.8483,1.4884
38.051,raw,2066,-8.3776,-0.6495,1.6005
38.051,raw,2081,-13.0082,-1.9934,1.4947
38.051,raw,2097,-12.7728,-2.5900,1.4968
38.051,raw,2112,-12.5269,-3.1346,1.4988
38.051,raw,2127,-12.3200,-3.6855,1.4994
38.051,raw,2142,-12.1016,-4.2304,1.4998
38.051,raw,2158,-11.7991,-4.7801,1.5012
38.051,raw,2173,-11.6286,-5.3476,1.4992
38.051,raw,2188,-11.4413,-5.9159,1.4970
38.051,raw,2204,-11.2590,-6.5456,1.4934
38.051,raw,2219,-10.9590,-7.0658,1.4927
38.051,raw,2234,-10.7112,-7.6299,1.4899
38.051,raw,2250,-10.4272,-8.2325,1.4866
38.051,raw,2265,-10.0971,-8.7585,1.4846
38.051,raw,2280,-9.8242,-9.3530,1.4801
38.051,raw,2296,-9.4716,-9.9520,1.4760
38.051,raw,2311,-9.1545,-10.5545,1.4708
38.051,raw,2326,-8.7769,-11.1149,1.4665
38.051,raw,2341,-8.4576,-11.7876,1.4589
38.051,raw,2357,-8.0260,-12.4278,1.4526
38.051,raw,2372,-4.6298,-8.0043,1.5750
38.051,raw,2387,-7.2454,-13.8462,1.4343
38.051,raw,2403,-6.8928,-14.8789,1.4175
38.051,raw,2418,-8.4939,-20.5759,1.2883
38.051,raw,2433,-7.9902,-22.0837,1.2615
38.051,raw,2449,-7.3708,-23.8203,1.2298
38.051,raw,2464,-6.8311,-26.0583,1.1858
38.051,raw,2479,-5.8230,-27.0295,1.1705
38.051,raw,2494,-4.6891,-27.6608,1.1619
38.051,raw,2510,-3.4395,-28.3338,1.1516
38.051,raw,2525,-2.2418,-29.1283,1.1372
38.051,raw,2540,-0.9883,-29.9816,1.1204
38.051,raw,2556,0.4247,-30.7023,1.1053
38.051,raw,2571,1.8016,-31.1906,1.0940
38.051,raw,2586,3.2486,-31.9591,1.0751
38.051,raw,2602,4.8915,-32.8923,1.0508
38.051,raw,2617,4.3629,-0.6921,1.7098
38.051,raw,2632,4.2197,-0.4581,1.7145
38.051,raw,2648,4.0667,-0.2291,1.7192
38.051,raw,2663,3.9551,-0.0402,1.7227
38.051,raw,2678,3.8568,0.1328,1.7256
38.051,raw,2693,3.9083,0.2720,1.7250
38.051,raw,2709,4.1100,0.4081,1.7210
38.051,raw,2724,4.3583,0.5479,1.7158
38.051,raw,2739,4.6019,0.7083,1.7105
38.051,raw,2755,25.5274,11.3349,1.2015
38.051,raw,2770,-22.6421,24.1839,1.0729
38.051,raw,2785,-21.8152,21.4828,1.1274
38.051,raw,2801,-20.6712,18.6840,1.1873
38.051,raw,2816,-19.8203,16.5141,1.2320
38.051,raw,2831,-18.8457,14.4681,1.2761
38.051,raw,2847,-18.3856,12.8787,1.3041
38.051,raw,2862,-11.4487,7.7353,1.4939
38.051,raw,2877,-17.3681,10.1610,1.3537
38.051,raw,2892,-17.2154,9.1260,1.3668
38.051,raw,2908,-16.7585,7.9593,1.3865
38.051,raw,2923,-16.3680,6.9569,1.4026
38.051,raw,2938,-16.0197,6.0320,1.4164
38.051,raw,2954,-15.9203,5.1783,1.4238
38.051,raw,2969,-15.5769,4.3496,1.4355
38.051,raw,2984,-15.2731,3.5730,1.4454
38.051,raw,3000,-14.9525,2.7866,1.4551
38.051,raw,3015,-14.6572,2.0850,1.4632
38.051,raw,3030,-14.3777,1.4147,1.4703
38.051,raw,3046,-14.1125,0.7287,1.4765
38.051,raw,3061,-13.8644,0.1076,1.4816
38.051,raw,3076,-30.6314,-1.9298,1.8424
38.051,raw,3091,-17.5015,-1.5776,1.8247
38.051,raw,3107,-8.7247,-0.8695,1.8128
38.051,raw,3122,-17.5940,-3.2576,1.8252
38.051,raw,3137,-16.6000,-3.8204,1.8241
38.051,raw,3153,-16.3652,-4.6023,1.8240
38.051,raw,3168,-25.6672,-8.8233,1.8378
38.051,raw,3183,-24.4587,-9.6239,1.8367
38.051,raw,3199,-14.9102,-6.5034,1.8231
38.051,raw,3214,-22.1152,-11.1159,1.8347
38.051,raw,3229,-21.0737,-11.7866,1.8339
38.051,raw,3245,-23.1959,-14.5216,1.8383
38.051,raw,3260,-22.5950,-15.5877,1.8384
38.051,raw,3275,-21.9831,-16.6590,1.8386
38.051,raw,3290,-21.3771,-17.7546,1.8389
38.051,raw,3306,-20.7025,-18.9290,1.8393
38.051,raw,3321,-20.0657,-20.0614,1.8397
38.051,raw,3336,-19.4108,-21.2199,1.8402
38.051,raw,3352,-18.7200,-22.5273,1.8410
38.051,raw,3367,-18.0175,-23.7588,1.8417
38.051,raw,3382,-17.3065,-25.0627,1.8426
38.051,raw,3398,-16.5024,-26.5005,1.8436
38.051,raw,3413,-15.7162,-27.9254,1.8447
38.051,raw,3428,-14.8765,-29.4070,1.8459
38.051,raw,3444,-13.9315,-31.0944,1.8474
38.051,raw,3459,4.3263,-0.6160,1.8055
38.051,raw,3474,4.1769,-0.3859,1.8052
38.051,raw,3489,4.0441,-0.1793,1.8049
38.051,raw,3505,3.9208,0.0191,1.8047
38.051,raw,3520,3.7967,0.1928,1.8045
38.051,raw,3535,3.9582,0.3145,1.8047
38.051,raw,3551,4.1846,0.4532,1.8049
38.051,raw,3566,4.4183,0.6000,1.8052
38.051,raw,3581,4.7268,0.7662,1.8057
38.051,raw,3597,-34.2705,4.6823,1.8475
38.051,raw,3612,-33.5715,3.1205,1.8463
38.051,raw,3627,-32.7134,1.6241,1.8451
38.051,raw,3642,-31.8720,0.2046,1.8439
38.051,raw,3658,-18.8829,-0.5729,2.2826
38.051,raw,3673,-18.9800,-2.6900,2.2915
38.051,raw,3688,-15.0618,-5.1954,2.2141
38.051,raw,3704,-26.2946,-14.1060,2.5605
38.051,raw,3719,-20.1350,-24.5335,2.6099
38.051,raw,3734,4.2946,-0.5678,1.8986
38.051,raw,3750,4.1234,-0.3236,1.8927
38.051,raw,3765,3.9872,-0.1214,1.8881
38.051,raw,3780,3.8841,0.0575,1.8846
38.051,raw,3796,3.8205,0.2273,1.8822
38.051,raw,3811,4.0263,0.3459,1.8868
38.051,raw,3826,4.2390,0.4804,1.8918
38.051,raw,3841,4.4631,0.6318,1.8971
38.051,raw,3857,4.7687,0.8147,1.9046
38.051,raw,3872,-32.2801,-3.7935,3.3986
38.051,raw,3887,-16.9970,-8.8196,2.7645
38.051,raw,3903,-19.9342,-23.9958,3.3503
38.051,raw,3918,4.2963,-0.5805,1.9923
38.051,raw,3933,4.1583,-0.3571,1.9825
38.051,raw,3949,4.0275,-0.1426,1.9736
38.051,raw,3964,3.9080,0.0423,1.9659
38.051,raw,3979,3.8151,0.2089,1.9599
38.051,raw,3995,4.0158,0.3371,1.9686
38.051,raw,4010,4.2162,0.4716,1.9775
38.051,raw,4025,4.4623,0.6206,1.9889
38.051,raw,4040,4.7393,0.7903,2.0021
38.051,raw,4056,-26.3559,-13.8381,3.9963
38.051,raw,4071,4.3140,-0.6361,2.0885
38.051,raw,4086,4.1864,-0.4121,2.0746
38.051,raw,4102,4.0535,-0.1927,2.0609
38.051,raw,4117,3.9318,-0.0038,2.0491
38.051,raw,4132,3.8137,0.1704,2.0383
38.051,raw,4148,3.9669,0.3033,2.0476
38.051,raw,4163,4.1577,0.4346,2.0601
38.051,raw,4178,4.3787,0.5798,2.0752
38.051,raw,4194,4.6572,0.7546,2.0948
38.051,raw,4209,-19.5836,-0.7961,3.7248
38.051,raw,4224,-19.3174,-1.6405,3.7075
38.051,raw,4239,-19.0814,-2.4757,3.6966
38.051,raw,4255,4.3639,-0.7178,2.1906
38.051,raw,4270,4.2320,-0.4858,2.1712
38.051,raw,4285,4.0973,-0.2710,2.1527
38.051,raw,4301,3.9791,-0.0668,2.1368
38.051,raw,4316,3.8557,0.1133,2.1216
38.051,raw,4331,3.8685,0.2584,2.1203
38.051,raw,4347,4.1140,0.3870,2.1419
38.051,raw,4362,4.3009,0.5296,2.1585
38.051,raw,4377,4.5536,0.6861,2.1819
38.051,raw,4393,-19.8195,0.0071,3.7428
38.051,raw,4408,-16.5402,-0.5583,3.8399
38.051,raw,4423,-16.3266,-1.2766,3.8231
38.051,raw,4438,-17.0373,-2.1370,3.9214
38.051,raw,4454,-15.6959,-2.6888,3.7767
38.051,raw,4469,-15.4831,-3.3732,3.7707
38.051,raw,4484,-15.2862,-4.0594,3.7704
38.051,raw,4500,-15.0674,-4.7894,3.7729
38.051,raw,4515,-14.8955,-5.5945,3.7882
38.051,raw,4530,-14.6997,-6.2974,3.8004
38.051,raw,4546,-14.4554,-7.0415,3.8134
38.051,raw,4561,-14.2472,-7.7633,3.8330
38.051,raw,4576,-16.8695,0.5194,3.8731
39.631,raw,0,4.4740,-0.7648,1.0488
39.631,raw,15,4.3245,-0.5254,1.0916
39.631,raw,31,4.1944,-0.3017,1.1285
39.631,raw,47,4.0443,-0.0910,1.1669
39.631,raw,63,3.9280,0.0934,1.1965
39.631,raw,78,3.8621,0.2455,1.2143
39.631,raw,94,4.0586,0.3641,1.1811
39.631,raw,110,4.2566,0.4992,1.1468
39.631,raw,126,4.4908,0.6499,1.1045
39.631,raw,142,4.7632,0.8220,1.0537
39.631,raw,157,4.3725,-0.6021,1.1707
39.631,raw,173,4.2341,-0.3692,1.2051
39.631,raw,189,4.0861,-0.1533,1.2388
39.631,raw,205,3.9620,0.0380,1.2665
39.631,raw,220,3.8667,0.1991,1.2873
39.631,raw,236,3.9931,0.3259,1.2703
39.631,raw,252,4.1961,0.4550,1.2398
39.631,raw,268,4.4180,0.6006,1.2053
39.631,raw,284,4.6944,0.7654,1.1608
39.631,raw,299,4.4227,-0.6821,1.2519
39.631,raw,315,4.2649,-0.4354,1.2849
39.631,raw,331,4.1384,-0.2205,1.3111
39.631,raw,347,4.0238,-0.0259,1.3338
39.631,raw,363,3.9000,0.1556,1.3564
39.631,raw,378,3.9447,0.2867,1.3536
39.631,raw,394,4.1212,0.4141,1.3315
39.631,raw,410,4.3355,0.5539,1.3033
39.631,raw,426,4.6014,0.7114,1.2671
39.631,raw,441,-5.5736,-7.2661,0.6058
39.631,raw,457,-5.2781,-7.6642,0.5895
39.631,raw,473,-4.9766,-8.0785,0.5696
39.631,raw,489,-4.3830,-8.0284,0.6108
39.631,raw,505,-4.3316,-8.9395,0.5212
39.631,raw,520,4.4396,-0.7257,1.3413
39.631,raw,536,4.2980,-0.4812,1.3670
39.631,raw,552,4.1460,-0.2544,1.3922
39.631,raw,568,4.0203,-0.0547,1.4126
39.631,raw,583,3.9148,0.1151,1.4292
39.631,raw,599,3.8831,0.2692,1.4362
39.631,raw,615,4.0766,0.3905,1.4159
39.631,raw,631,4.2790,0.5275,1.3941
39.631,raw,647,4.5437,0.6803,1.3643
39.631,raw,662,4.8157,0.8455,1.3328
39.631,raw,678,-6.0369,-8.4374,0.7368
39.631,raw,694,-5.6883,-8.8652,0.7230
39.631,raw,710,-4.5207,-7.9721,0.8509
39.631,raw,726,-4.9667,-9.7734,0.6858
39.631,raw,741,-4.5759,-10.1543,0.6711
39.631,raw,757,-4.1877,-10.6673,0.6431
39.631,raw,773,-3.7708,-11.1862,0.6132
39.631,raw,789,-3.3903,-11.9143,0.5614
39.631,raw,804,-3.0135,-12.7016,0.5019
39.631,raw,820,4.3344,-0.5407,1.4501
39.631,raw,836,4.1890,-0.3108,1.4698
39.631,raw,852,4.0406,-0.1000,1.4886
39.631,raw,868,3.9410,0.0810,1.5016
39.631,raw,883,3.8537,0.2380,1.5125
39.631,raw,899,4.0250,0.3591,1.4985
39.631,raw,915,4.2151,0.4928,1.4824
39.631,raw,931,4.4704,0.6401,1.4597
39.631,raw,947,4.7314,0.8104,1.4358
39.631,raw,962,-7.2881,-8.5745,0.9461
39.631,raw,978,-6.9311,-9.0408,0.9369
39.631,raw,994,-6.5609,-9.5117,0.9263
39.631,raw,1010,-6.2158,-10.0499,0.9089
39.631,raw,1025,-4.3759,-8.0164,1.0951
39.631,raw,1041,-5.4588,-11.0778,0.8741
39.631,raw,1057,-5.0163,-11.5865,0.8563
39.631,raw,1073,-4.5667,-12.1435,0.8336
39.631,raw,1089,-4.1918,-12.9996,0.7879
39.631,raw,1104,-3.7762,-13.7863,0.7456
39.631,raw,1120,-3.3335,-14.8614,0.6828
39.631,raw,1136,-2.8377,-16.0944,0.6080
39.631,raw,1152,-2.2313,-17.2799,0.5355
39.631,raw,1167,4.3984,-0.6361,1.5327
39.631,raw,1183,4.2264,-0.3887,1.5498
39.631,raw,1199,4.0894,-0.1747,1.5632
39.631,raw,1215,3.9961,0.0104,1.5728
39.631,raw,1231,3.8677,0.1898,1.5841
39.631,raw,1246,3.9651,0.3114,1.5789
39.631,raw,1262,4.1683,0.4382,1.5661
39.631,raw,1278,4.3647,0.5828,1.5534
39.631,raw,1294,4.6409,0.7437,1.5347
39.631,raw,1310,-10.3199,-5.8231,1.2112
39.631,raw,1325,-10.0715,-6.3268,1.2087
39.631,raw,1341,-9.7873,-6.8584,1.2056
39.631,raw,1357,-9.4838,-7.3842,1.2021
39.631,raw,1373,-9.1798,-7.9204,1.1971
39.631,raw,1388,-8.9268,-8.4678,1.1889
39.631,raw,1404,-8.5433,-8.9598,1.1854
39.631,raw,1420,-8.2119,-9.5241,1.1766
39.631,raw,1436,-7.8534,-10.0848,1.1675
39.631,raw,1452,-7.4575,-10.6277,1.1587
39.631,raw,1467,-7.0912,-11.1756,1.1476
39.631,raw,1483,-4.4018,-7.9452,1.3373
39.631,raw,1499,-6.2414,-12.3784,1.1203
39.631,raw,1515,-5.7916,-13.0302,1.1031
39.631,raw,1530,-5.3107,-13.5860,1.0890
39.631,raw,1546,-4.9402,-14.6508,1.0502
39.631,raw,1562,-4.4923,-15.7355,1.0102
39.631,raw,1578,-4.2236,-17.8000,0.9235
39.631,raw,1594,-4.4180,-22.7757,0.7014
39.631,raw,1609,-3.6125,-24.1969,0.6451
39.631,raw,1625,-2.5406,-25.0032,0.6162
39.631,raw,1641,-1.3790,-25.4645,0.6009
39.631,raw,1657,-0.1849,-25.9503,0.5820
39.631,raw,1673,1.0500,-26.4534,0.5599
39.631,raw,1688,2.2546,-27.0008,0.5333
39.631,raw,1704,4.4322,-0.7226,1.6208
39.631,raw,1720,4.2798,-0.4746,1.6314
39.631,raw,1736,4.1316,-0.2499,1.6410
39.631,raw,1751,4.0250,-0.0658,1.6480
39.631,raw,1767,3.9042,0.1174,1.6553
39.631,raw,1783,3.8700,0.2714,1.6582
39.631,raw,1799,4.0939,0.3884,1.6489
39.631,raw,1815,4.3066,0.5254,1.6398
39.631,raw,1830,4.5345,0.6698,1.6298
39.631,raw,1846,4.8072,0.8454,1.6175
39.631,raw,1862,25.3875,11.5690,0.5780
39.631,raw,1878,-19.2519,18.9743,0.5680
39.631,raw,1894,-18.3959,16.6527,0.6667
39.631,raw,1909,-17.6435,14.7380,0.7476
39.631,raw,1925,-17.2169,13.1559,0.8055
39.631,raw,1941,-16.6073,11.5951,0.8676
39.631,raw,1957,-11.4372,7.6274,1.1621
39.631,raw,1972,-15.5407,9.0171,0.9674
39.631,raw,1988,-15.1613,7.9263,1.0043
39.631,raw,2004,-15.0251,7.0093,1.0262
39.631,raw,2020,-15.1227,-1.0342,1.4464
39.631,raw,2036,-8.3358,-0.6842,1.5958
39.631,raw,2051,-14.4215,-2.3456,1.4571
39.631,raw,2067,-14.0640,-2.9918,1.4616
39.631,raw,2083,-13.7337,-3.6282,1.4648
39.631,raw,2099,-13.4012,-4.2512,1.4675
39.631,raw,2114,-13.0946,-4.8277,1.4693
39.631,raw,2130,-12.4092,-5.2711,1.4793
39.631,raw,2146,-12.1000,-5.8634,1.4797
39.631,raw,2162,-11.8080,-6.4651,1.4790
39.631,raw,2178,-11.5372,-7.0856,1.4770
39.631,raw,2193,-11.1336,-7.5730,1.4784
39.631,raw,2209,-10.8375,-8.1907,1.4756
39.631,raw,2225,-10.6258,-8.8972,1.4695
39.631,raw,2241,-10.1750,-9.4183,1.4693
39.631,raw,2257,-9.9345,-10.1573,1.4617
39.631,raw,2272,-9.5161,-10.6803,1.4596
39.631,raw,2288,-9.1455,-11.3471,1.4537
39.631,raw,2304,-8.6239,-11.8543,1.4520
39.631,raw,2320,-8.2872,-12.6508,1.4420
39.631,raw,2335,-7.9684,-13.4675,1.4306
39.631,raw,2351,-7.4160,-14.0585,1.4255
39.631,raw,2367,-6.8449,-14.6638,1.4195
39.631,raw,2383,-8.4501,-20.2981,1.2918
39.631,raw,2399,-7.8836,-21.7741,1.2665
39.631,raw,2414,-7.2944,-23.2921,1.2393
39.631,raw,2430,-6.5933,-25.0907,1.2060
39.631,raw,2446,-5.6929,-26.6603,1.1775
39.631,raw,2462,-4.4797,-27.2247,1.1709
39.631,raw,2477,-3.3257,-27.8315,1.1618
39.631,raw,2493,-2.0611,-28.5623,1.1492
39.631,raw,2509,-0.7435,-29.3431,1.1341
39.631,raw,2525,0.6412,-29.8262,1.1243
39.631,raw,2541,2.0710,-30.3409,1.1124
39.631,raw,2556,3.4759,-31.0211,1.0955
39.631,raw,2572,5.0572,-31.7949,1.0748
39.631,raw,2588,6.8446,-33.2173,1.0377
39.631,raw,2604,4.3571,-0.5726,1.7159
39.631,raw,2620,4.2035,-0.3371,1.7208
39.631,raw,2635,4.0720,-0.1390,1.7249
39.631,raw,2651,3.9445,0.0516,1.7287
39.631,raw,2667,3.8401,0.2224,1.7317
39.631,raw,2683,4.0120,0.3420,1.7284
39.631,raw,2698,4.2200,0.4626,1.7241
39.631,raw,2714,4.4289,0.6105,1.7198
39.631,raw,2730,4.7087,0.7766,1.7137
39.631,raw,2746,26.3307,12.0700,1.1840
39.631,raw,2762,-24.8230,22.0883,1.0648
39.631,raw,2777,-23.8833,19.5690,1.1156
39.631,raw,2793,-23.7839,17.7676,1.1407
39.631,raw,2809,-22.6084,15.4137,1.1910
39.631,raw,2825,-22.0564,13.6475,1.2213
39.631,raw,2841,-20.8208,11.6757,1.2659
39.631,raw,2856,-21.2688,10.7333,1.2659
39.631,raw,2872,-20.2377,9.1277,1.3007
39.631,raw,2888,-19.3981,7.7388,1.3287
39.631,raw,2904,-18.5838,6.4766,1.3543
39.631,raw,2919,-19.1119,5.7104,1.3474
39.631,raw,2935,-18.3567,4.5989,1.3690
39.631,raw,2951,-17.7064,3.5924,1.3870
39.631,raw,2967,-17.1127,2.6652,1.4026
39.631,raw,2983,-16.6687,1.8100,1.4139
39.631,raw,2998,-16.2597,1.0496,1.4235
39.631,raw,3014,-15.8448,0.2777,1.4326
39.631,raw,3030,-15.4244,-0.4576,1.4410
39.631,raw,3046,-16.7802,-1.8411,1.8241
39.631,raw,3061,-33.2371,-5.8165,1.8470
39.631,raw,3077,-32.2122,-7.2081,1.8460
39.631,raw,3093,-31.2335,-8.5493,1.8452
39.631,raw,3109,-30.2907,-9.8479,1.8445
39.631,raw,3125,-29.3621,-11.1055,1.8439
39.631,raw,3140,-28.5093,-12.2555,1.8435
39.631,raw,3156,-27.6607,-13.4798,1.8431
39.631,raw,3172,-26.1345,-14.3023,1.8418
39.631,raw,3188,-25.9140,-15.8369,1.8426
39.631,raw,3204,-25.0550,-17.0018,1.8425
39.631,raw,3219,-24.2630,-18.0987,1.8425
39.631,raw,3235,-23.4112,-19.2666,1.8426
39.631,raw,3251,-22.5418,-20.4296,1.8427
39.631,raw,3267,-21.5474,-21.4859,1.8427
39.631,raw,3282,-20.6154,-22.4816,1.8428
39.631,raw,3298,-19.6574,-23.6018,1.8431
39.631,raw,3314,-18.7119,-24.7754,1.8436
39.631,raw,3330,-17.7593,-25.9967,1.8441
39.631,raw,3346,-16.7597,-27.2228,1.8448
39.631,raw,3361,-15.8011,-28.4203,1.8455
39.631,raw,3377,-14.7359,-29.7328,1.8464
39.631,raw,3393,-13.6295,-31.1073,1.8474
39.631,raw,3409,-0.6842,-34.0750,1.8473
39.631,raw,3424,4.3197,-0.5583,1.8051
39.631,raw,3440,4.2147,-0.3409,1.8049
39.631,raw,3456,4.0570,-0.1247,1.8046
39.631,raw,3472,3.9569,0.0583,1.8044
39.631,raw,3488,3.8362,0.2321,1.8042
39.631,raw,3503,4.0161,0.3414,1.8044
39.631,raw,3519,4.2055,0.4739,1.8046
39.631,raw,3535,4.4409,0.6204,1.8049
39.631,raw,3551,4.7095,0.7878,1.8053
39.631,raw,3567,-18.0225,-0.9838,2.2684
39.631,raw,3582,-16.1700,-1.9496,2.2259
39.631,raw,3598,-16.8740,-4.0330,2.2539
39.631,raw,3614,-16.6216,-4.8365,2.2536
39.631,raw,3630,-14.9159,-5.7755,2.2220
39.631,raw,3645,-14.6944,-6.5369,2.2247
39.631,raw,3661,-14.4746,-7.3121,2.2284
39.631,raw,3677,-14.1324,-8.0912,2.2305
39.631,raw,3693,4.4261,-0.6956,1.8972
39.631,raw,3709,4.2646,-0.4465,1.8912
39.631,raw,3724,4.1387,-0.2416,1.8867
39.631,raw,3740,4.0177,-0.0441,1.8824
39.631,raw,3756,3.9112,0.1346,1.8788
39.631,raw,3772,3.9163,0.2820,1.8783
39.631,raw,3788,4.0948,0.4075,1.8823
39.631,raw,3803,4.3187,0.5347,1.8875
39.631,raw,3819,4.5476,0.6909,1.8930
39.631,raw,3835,4.8329,0.8689,1.9000
39.631,raw,3851,-18.9312,-2.8043,2.7672
39.631,raw,3866,-26.0764,-14.4734,3.2906
39.631,raw,3882,4.4364,-0.6998,1.9897
39.631,raw,3898,4.2631,-0.4460,1.9775
39.631,raw,3914,4.1315,-0.2289,1.9682
39.631,raw,3930,3.9948,-0.0284,1.9592
39.631,raw,3945,3.8943,0.1382,1.9526
39.631,raw,3961,3.9214,0.2812,1.9527
39.631,raw,3977,4.1144,0.4052,1.9611
39.631,raw,3993,4.3281,0.5442,1.9707
39.631,raw,4008,4.5474,0.6909,1.9809
39.631,raw,4024,4.8306,0.8689,1.9946
39.631,raw,4040,4.4529,-0.7312,2.0840
39.631,raw,4056,4.2706,-0.4713,2.0651
39.631,raw,4072,4.1422,-0.2532,2.0513
39.631,raw,4087,4.0084,-0.0614,2.0383
39.631,raw,4103,3.9225,0.1135,2.0294
39.631,raw,4119,3.8956,0.2671,2.0254
39.631,raw,4135,4.0740,0.3908,2.0368
39.631,raw,4151,4.2890,0.5267,2.0512
39.631,raw,4166,4.5348,0.6698,2.0682
39.631,raw,4182,4.7857,0.8451,2.0861
39.631,raw,4198,-19.4194,-1.4091,3.7384
39.631,raw,4214,-19.1225,-2.3091,3.7216
39.631,raw,4229,-18.6685,-3.1044,3.6923
39.631,raw,4245,-18.4187,-3.9827,3.6874
39.631,raw,4261,-18.1536,-4.8536,3.6848
39.631,raw,4277,-17.8677,-5.7167,3.6842
39.631,raw,4293,-17.6583,-6.6735,3.6976
39.631,raw,4308,-17.3941,-7.4960,3.7055
39.631,raw,4324,-17.1369,-8.3969,3.7208
39.631,raw,4340,-14.1609,-8.0500,3.4562
39.631,raw,4356,4.3582,-0.6084,2.1647
39.631,raw,4371,4.2250,-0.3882,2.1455
39.631,raw,4387,4.0840,-0.1732,2.1265
39.631,raw,4403,3.9878,0.0124,2.1130
39.631,raw,4419,3.8677,0.1897,2.0982
39.631,raw,4435,3.9715,0.3197,2.1059
39.631,raw,4450,4.1479,0.4403,2.1211
39.631,raw,4466,4.3801,0.5819,2.1421
39.631,raw,4482,4.6154,0.7440,2.1639
39.631,raw,4498,-16.9134,0.6522,3.4882
39.631,raw,4514,-16.6823,-0.1508,3.4686
39.631,raw,4529,-16.5390,-0.8439,3.8724
39.631,raw,4545,-16.3028,-1.6191,3.8552
39.631,raw,4561,-15.7227,-2.5149,3.8050
39.631,raw,4577,-15.5171,-3.2619,3.8006
39.631,raw,4592,-15.2822,-3.9481,3.7950
39.631,raw,4608,-15.0751,-4.6919,3.7985
39.631,raw,4624,-14.8718,-5.5989,3.8139
39.631,raw,4640,-14.6244,-6.3417,3.8221
39.631,raw,4656,-14.3911,-7.1008,3.8370
39.631,raw,4671,-14.1753,-7.8278,3.8560
39.631,raw,4687,3.8883,0.1487,2.1757
39.631,raw,4703,3.8987,0.2940,2.1738
39.631,raw,4719,-16.9948,0.1399,3.9189
40.661,raw,0,4.4941,-0.7504,1.0666
40.661,raw,15,4.3555,-0.5172,1.1074
40.661,raw,30,4.2120,-0.3017,1.1465
40.661,raw,45,4.0969,-0.1128,1.1778
40.661,raw,60,3.9702,0.0645,1.2094
40.661,raw,75,3.8832,0.2194,1.2316
40.661,raw,90,3.9943,0.3342,1.2147
40.661,raw,106,4.1930,0.4570,1.1806
40.661,raw,121,4.3907,0.5869,1.1455
40.661,raw,136,4.5989,0.7329,1.1075
40.661,raw,151,4.5049,-0.7551,1.1588
40.661,raw,166,4.3492,-0.5148,1.1974
40.661,raw,181,4.2056,-0.2996,1.2315
40.661,raw,196,4.0931,-0.1118,1.2583
40.661,raw,212,3.9555,0.0772,1.2880
40.661,raw,227,3.8785,0.2292,1.3056
40.661,raw,242,4.0059,0.3415,1.2881
40.661,raw,257,4.1861,0.4578,1.2612
40.661,raw,272,4.3777,0.5877,1.2317
40.661,raw,287,4.6112,0.7327,1.1943
40.661,raw,303,4.4925,-0.7375,1.2550
40.661,raw,318,4.3324,-0.4971,1.2885
40.661,raw,333,4.2032,-0.2883,1.3153
40.661,raw,348,4.0721,-0.0959,1.3408
40.661,raw,363,3.9787,0.0717,1.3594
40.661,raw,378,3.8552,0.2337,1.3811
40.661,raw,393,4.0092,0.3410,1.3624
40.661,raw,409,4.1828,0.4676,1.3405
40.661,raw,424,4.3806,0.5975,1.3144
40.661,raw,439,4.6385,0.7428,1.2790
40.661,raw,454,-5.5196,-7.5707,0.5720
40.661,raw,469,-5.2437,-7.9700,0.5536
40.661,raw,484,-4.7700,-8.0871,0.5729
40.661,raw,499,-4.2658,-8.1248,0.5997
40.661,raw,515,4.4039,-0.6052,1.3631
40.661,raw,530,4.2606,-0.3825,1.3878
40.661,raw,545,4.1142,-0.1778,1.4115
40.661,raw,560,4.0192,-0.0042,1.4276
40.661,raw,575,3.9184,0.1586,1.4434
40.661,raw,590,3.9284,0.2910,1.4452
40.661,raw,606,4.1126,0.4097,1.4260
40.661,raw,621,4.3147,0.5328,1.4040
40.661,raw,636,4.5068,0.6727,1.3827
40.661,raw,651,4.7543,0.8292,1.3541
40.661,raw,666,-6.0818,-8.6342,0.7121
40.661,raw,681,-5.7567,-9.0574,0.6975
40.661,raw,696,-4.4828,-7.9678,0.8463
40.661,raw,712,-5.0339,-9.9391,0.6629
40.661,raw,727,-4.6814,-10.4182,0.6389
40.661,raw,742,-4.2795,-10.8438,0.6192
40.661,raw,757,-3.8591,-11.2756,0.5974
40.661,raw,772,-3.5135,-11.9881,0.5467
40.661,raw,787,4.4657,-0.7019,1.4433
40.661,raw,802,4.3185,-0.4695,1.4640
40.661,raw,818,4.1538,-0.2410,1.4853
40.661,raw,833,4.0576,-0.0626,1.4986
40.661,raw,848,3.9501,0.1061,1.5121
40.661,raw,863,3.8676,0.2576,1.5224
40.661,raw,878,4.0455,0.3631,1.5077
40.661,raw,893,4.2037,0.4845,1.4945
40.661,raw,909,4.4522,0.6238,1.4725
40.661,raw,924,4.6707,0.7747,1.4527
40.661,raw,939,-7.4042,-8.7664,0.9247
40.661,raw,954,-7.0776,-9.2336,0.9144
40.661,raw,969,-6.7350,-9.7027,0.9030
40.661,raw,984,-6.3500,-10.1355,0.8936
40.661,raw,999,-4.3806,-7.9704,1.0927
40.661,raw,1015,-5.5953,-11.1948,0.8578
40.661,raw,1030,-5.1818,-11.6891,0.8406
40.661,raw,1045,-4.7596,-12.2198,0.8196
40.661,raw,1060,-4.3703,-12.9121,0.7856
40.661,raw,1075,-4.0131,-13.8363,0.7339
40.661,raw,1090,-3.6112,-14.8419,0.6760
40.661,raw,1105,-3.1249,-15.8121,0.6199
40.661,raw,1121,-2.5886,-17.1677,0.5364
40.661,raw,1136,4.4097,-0.6192,1.5399
40.661,raw,1151,4.2799,-0.4003,1.5537
40.661,raw,1166,4.1542,-0.2003,1.5663
40.661,raw,1181,4.0404,-0.0193,1.5773
40.661,raw,1196,3.9312,0.1468,1.5873
40.661,raw,1212,3.9245,0.2917,1.5896
40.661,raw,1227,4.0853,0.4038,1.5798
40.661,raw,1242,4.2779,0.5260,1.5674
40.661,raw,1257,4.4871,0.6632,1.5536
40.661,raw,1272,4.7362,0.8181,1.5366
40.661,raw,1287,-10.2495,-6.1815,1.2004
40.661,raw,1302,-10.0652,-6.7438,1.1934
40.661,raw,1318,-9.7729,-7.2909,1.1896
40.661,raw,1333,-9.4722,-7.7923,1.1862
40.661,raw,1348,-9.1679,-8.3007,1.1816
40.661,raw,1363,-8.8432,-8.8027,1.1766
40.661,raw,1378,-8.5200,-9.3218,1.1700
40.661,raw,1393,-8.2084,-9.8754,1.1606
40.661,raw,1408,-7.8822,-10.4410,1.1501
40.661,raw,1424,-7.4789,-11.0066,1.1404
40.661,raw,1439,-7.0955,-11.5634,1.1293
40.661,raw,1454,-4.2719,-8.0181,1.3342
40.661,raw,1469,-6.2973,-12.7653,1.1005
40.661,raw,1484,-5.8074,-13.2764,1.0898
40.661,raw,1499,-5.3610,-13.9446,1.0704
40.661,raw,1515,-5.0016,-15.0908,1.0280
40.661,raw,1530,-4.5916,-16.1966,0.9866
40.661,raw,1545,-4.5086,-18.7807,0.8751
40.661,raw,1560,-4.6417,-23.2429,0.6767
40.661,raw,1575,-3.8050,-24.5602,0.6258
40.661,raw,1590,-2.7945,-25.3533,0.5976
40.661,raw,1605,-1.7086,-25.9455,0.5767
40.661,raw,1621,-0.4909,-26.3217,0.5638
40.661,raw,1636,0.6754,-26.8198,0.5427
40.661,raw,1651,1.8844,-27.3385,0.5184
40.661,raw,1666,4.4722,-0.6806,1.6248
40.661,raw,1681,4.2938,-0.4382,1.6364
40.661,raw,1696,4.1727,-0.2368,1.6446
40.661,raw,1711,4.0576,-0.0529,1.6520
40.661,raw,1727,3.9388,0.1269,1.6592
40.661,raw,1742,3.8917,0.2708,1.6626
40.661,raw,1757,4.0662,0.3786,1.6555
40.661,raw,1772,4.2724,0.4973,1.6468
40.661,raw,1787,4.4460,0.6343,1.6393
40.661,raw,1802,4.6941,0.7853,1.6282
40.661,raw,1818,24.5344,11.1291,0.6269
40.661,raw,1833,-19.0732,19.1764,0.5641
40.661,raw,1848,-18.5511,17.2062,0.6412
40.661,raw,1863,-17.8789,15.3019,0.7194
40.661,raw,1878,-17.2309,13.5933,0.7894
40.661,raw,1893,-16.7094,12.1212,0.8465
40.661,raw,1908,-11.1850,7.8566,1.1623
40.661,raw,1924,-15.7884,9.5361,0.9419
40.661,raw,1939,-15.4368,8.4737,0.9777
40.661,raw,1954,-14.9951,7.4455,1.0151
40.661,raw,1969,-15.5829,-0.6917,1.4343
40.661,raw,1984,-15.2435,-1.3667,1.4401
40.661,raw,1999,-8.2674,-0.8363,1.5941
40.661,raw,2014,-14.6083,-2.6640,1.4489
40.661,raw,2030,-14.2994,-3.3380,1.4519
40.661,raw,2045,-14.0001,-3.9560,1.4544
40.661,raw,2060,-13.6919,-4.5619,1.4565
40.661,raw,2075,-13.4151,-5.1734,1.4573
40.661,raw,2090,-12.7336,-5.5934,1.4673
40.661,raw,2105,-12.4566,-6.1818,1.4670
40.661,raw,2121,-12.1598,-6.8118,1.4660
40.661,raw,2136,-11.8997,-7.4199,1.4639
40.661,raw,2151,-11.3848,-7.8601,1.4679
40.661,raw,2166,-11.1906,-8.5293,1.4626
40.661,raw,2181,-10.9747,-9.2089,1.4569
40.661,raw,2196,-10.5402,-9.7198,1.4567
40.661,raw,2211,-10.3293,-10.4574,1.4488
40.661,raw,2227,-9.8804,-11.0511,1.4461
40.661,raw,2242,-9.6498,-11.8533,1.4361
40.661,raw,2257,-9.1685,-12.3940,1.4334
40.661,raw,2272,-8.8404,-13.1746,1.4238
40.661,raw,2287,-8.3479,-13.7694,1.4189
40.661,raw,2302,-8.0046,-14.6638,1.4059
40.661,raw,2317,-9.2021,-18.6287,1.3165
40.661,raw,2333,-8.7014,-19.9432,1.2953
40.661,raw,2348,-8.2894,-21.5296,1.2669
40.661,raw,2363,-7.7348,-23.0541,1.2400
40.661,raw,2378,-7.0946,-24.6635,1.2108
40.661,raw,2393,-6.3862,-26.4658,1.1770
40.661,raw,2408,-5.3617,-27.4643,1.1610
40.661,raw,2424,-4.1153,-28.0653,1.1533
40.661,raw,2439,-2.9148,-28.6273,1.1451
40.661,raw,2454,-1.6942,-29.3579,1.1319
40.661,raw,2469,-0.4226,-30.1535,1.1162
40.661,raw,2484,0.9127,-30.6825,1.1052
40.661,raw,2499,2.2881,-31.0816,1.0957
40.661,raw,2514,3.7269,-31.7567,1.0788
40.661,raw,2530,5.3554,-32.6070,1.0562
40.661,raw,2545,4.4831,-0.7092,1.7146
40.661,raw,2560,4.3183,-0.4694,1.7199
40.661,raw,2575,4.1981,-0.2657,1.7239
40.661,raw,2590,4.0494,-0.0700,1.7283
40.661,raw,2605,3.9507,0.0968,1.7313
40.661,raw,2620,3.8388,0.2543,1.7344
40.661,raw,2636,4.0351,0.3646,1.7306
40.661,raw,2651,4.2074,0.4841,1.7271
40.661,raw,2666,4.4190,0.6154,1.7227
40.661,raw,2681,4.6558,0.7640,1.7175
40.661,raw,2696,26.2957,12.1609,1.1865
40.661,raw,2711,-24.2545,22.2599,1.0700
40.661,raw,2727,-23.3086,19.6012,1.1233
40.661,raw,2742,-23.3047,17.9781,1.1447
40.661,raw,2757,-22.5484,15.9656,1.1834
40.661,raw,2772,-22.1108,14.3126,1.2108
40.661,raw,2787,-20.9518,12.3958,1.2537
40.661,raw,2802,-20.0367,10.7784,1.2878
40.661,raw,2817,-20.1156,9.7253,1.2958
40.661,raw,2833,-19.3623,8.3255,1.3226
40.661,raw,2848,-18.7105,7.1354,1.3448
40.661,raw,2863,-18.1480,6.0582,1.3635
40.661,raw,2878,-18.6427,5.2972,1.3571
40.661,raw,2893,-18.0802,4.3134,1.3736
40.661,raw,2908,-17.5695,3.4007,1.3880
40.661,raw,2923,-17.0984,2.5466,1.4005
40.661,raw,2939,-16.7041,1.6934,1.4106
40.661,raw,2954,-16.3534,0.9302,1.4188
40.661,raw,2969,-15.9673,0.1990,1.4271
40.661,raw,2984,-15.6386,-0.5056,1.4335
40.661,raw,2999,-32.0948,-4.0153,1.8452
40.661,raw,3014,-33.1873,-5.6870,1.8470
40.661,raw,3030,-32.2218,-7.0977,1.8462
40.661,raw,3045,-31.3708,-8.3824,1.8455
40.661,raw,3060,-30.5051,-9.6198,1.8449
40.661,raw,3075,-29.6879,-10.8358,1.8444
40.661,raw,3090,-15.0437,-6.0688,1.8235
40.661,raw,3105,-28.0811,-13.1917,1.8436
40.661,raw,3120,-26.3136,-13.8181,1.8419
40.661,raw,3136,-14.0774,-8.1605,1.8237
40.661,raw,3151,-25.6607,-16.6809,1.8431
40.661,raw,3166,-24.9014,-17.8241,1.8431
40.661,raw,3181,-24.1173,-18.9534,1.8432
40.661,raw,3196,-23.3575,-20.1132,1.8434
40.661,raw,3211,-22.5373,-21.2378,1.8436
40.661,raw,3226,-21.7427,-22.4099,1.8440
40.661,raw,3242,-20.8776,-23.6811,1.8444
40.661,raw,3257,-19.8328,-24.6355,1.8445
40.661,raw,3272,-19.1780,-26.1239,1.8455
40.661,raw,3287,-18.2409,-27.3205,1.8461
40.661,raw,3302,-17.3035,-28.5921,1.8469
40.661,raw,3317,-16.3533,-29.9443,1.8478
40.661,raw,3333,4.3464,-0.5364,1.8050
40.661,raw,3348,4.2184,-0.3250,1.8047
40.661,raw,3363,4.1007,-0.1338,1.8045
40.661,raw,3378,3.9833,0.0426,1.8043
40.661,raw,3393,3.8808,0.2022,1.8041
40.661,raw,3408,3.9696,0.3200,1.8042
40.661,raw,3423,4.1471,0.4337,1.8044
40.661,raw,3439,4.3518,0.5695,1.8047
40.661,raw,3454,4.5726,0.7124,1.8050
40.661,raw,3469,4.8201,0.8745,1.8053
40.661,raw,3484,-17.9484,-1.2344,2.2702
40.661,raw,3499,-15.8380,-2.3361,2.2225
40.661,raw,3514,-16.8282,-4.1907,2.2568
40.661,raw,3529,-16.9546,-6.4687,2.2781
40.661,raw,3545,-14.5906,-6.7922,2.2279
40.661,raw,3560,-14.3723,-7.5208,2.2314
40.661,raw,3575,-20.0672,-24.1810,2.6085
40.661,raw,3590,4.4167,-0.6221,1.8936
40.661,raw,3605,4.2703,-0.3968,1.8882
40.661,raw,3620,4.1405,-0.1960,1.8836
40.661,raw,3636,4.0107,-0.0020,1.8791
40.661,raw,3651,3.8920,0.1643,1.8753
40.661,raw,3666,3.9257,0.2915,1.8756
40.661,raw,3681,4.0939,0.4028,1.8793
40.661,raw,3696,4.2775,0.5260,1.8835
40.661,raw,3711,4.4927,0.6629,1.8886
40.661,raw,3726,4.7282,0.8180,1.8944
40.661,raw,3742,-32.1840,-4.1255,3.4142
40.661,raw,3757,-26.1189,-14.3200,3.2942
40.661,raw,3772,-19.8424,-24.6472,3.3841
40.661,raw,3787,4.3454,-0.5246,1.9772
40.661,raw,3802,4.2044,-0.3097,1.9673
40.661,raw,3817,4.0740,-0.1161,1.9585
40.661,raw,3832,3.9690,0.0555,1.9514
40.661,raw,3848,3.8628,0.2234,1.9447
40.661,raw,3863,3.9709,0.3378,1.9489
40.661,raw,3878,4.1540,0.4517,1.9569
40.661,raw,3893,4.3728,0.5780,1.9669
40.661,raw,3908,4.5898,0.7225,1.9771
40.661,raw,3923,4.8450,0.8862,1.9894
40.661,raw,3939,4.4690,-0.7274,2.0773
40.661,raw,3954,4.3339,-0.4977,2.0621
40.661,raw,3969,4.1923,-0.2847,2.0474
40.661,raw,3984,4.0422,-0.0874,2.0329
40.661,raw,3999,3.9781,0.0718,2.0256
40.661,raw,4014,3.8246,0.2396,2.0123
40.661,raw,4029,4.0062,0.3415,2.0239
40.661,raw,4045,4.1901,0.4668,2.0359
40.661,raw,4060,4.3803,0.5975,2.0487
40.661,raw,4075,4.6161,0.7432,2.0652
40.661,raw,4090,-19.7658,-0.1154,3.2853
40.661,raw,4105,-19.2913,-1.7918,3.7423
40.661,raw,4120,-16.5923,-2.2176,3.4939
40.661,raw,4135,-18.5851,-3.4342,3.7025
40.661,raw,4151,-18.2950,-4.3066,3.6951
40.661,raw,4166,-18.0364,-5.1236,3.6931
40.661,raw,4181,-17.7378,-5.9259,3.6905
40.661,raw,4196,-17.5737,-6.8448,3.7075
40.661,raw,4211,-17.3176,-7.6769,3.7171
40.661,raw,4226,-17.0401,-8.5095,3.7283
40.661,raw,4242,-15.2143,-8.5280,3.5765
40.661,raw,4257,4.1564,-0.2214,2.1236
40.661,raw,4272,4.0272,-0.0350,2.1068
40.661,raw,4287,3.9194,0.1313,2.0930
40.661,raw,4302,3.8886,0.2714,2.0875
40.661,raw,4317,4.0657,0.3787,2.1026
40.661,raw,4332,4.2420,0.5001,2.1180
40.661,raw,4348,-16.9353,0.6265,3.5020
40.661,raw,4363,-16.6987,-0.1316,3.4817
40.661,raw,4378,-16.6640,-0.8405,3.9017
40.661,raw,4393,-16.3088,-1.5601,3.8695
40.661,raw,4408,-15.7095,-2.5601,3.8190
40.661,raw,4423,-15.4960,-3.2606,3.8125
40.661,raw,4438,-15.2922,-3.9604,3.8109
40.661,raw,4454,-15.0509,-4.6989,3.8102
40.661,raw,4469,-14.8282,-5.6037,3.8232
40.661,raw,4484,-14.5963,-6.3034,3.8309
40.661,raw,4499,-14.3809,-7.0194,3.8450
40.661,raw,4514,-14.1619,-7.7466,3.8631
40.661,raw,4529,-17.0418,-0.0463,3.9399
42.078,raw,0,4.4805,-0.7927,1.0763
42.078,raw,15,4.3092,-0.5449,1.1243
42.078,raw,30,4.1657,-0.3299,1.1639
42.078,raw,46,4.0503,-0.1325,1.1961
42.078,raw,61,3.9478,0.0366,1.2233
42.078,raw,76,3.8444,0.1934,1.2489
42.078,raw,92,3.9888,0.3062,1.2261
42.078,raw,107,4.1409,0.4204,1.2008
42.078,raw,122,4.3395,0.5430,1.1658
42.078,raw,138,4.5816,0.6907,1.1218
42.078,raw,153,4.8154,0.8492,1.0781
42.078,raw,168,4.3356,-0.5780,1.2050
42.078,raw,184,4.1857,-0.3474,1.2415
42.078,raw,199,4.0852,-0.1626,1.2667
42.078,raw,215,3.9412,0.0292,1.2980
42.078,raw,230,3.8537,0.1828,1.3178
42.078,raw,245,3.9480,0.2954,1.3061
42.078,raw,261,4.1549,0.4095,1.2752
42.078,raw,276,4.3292,0.5341,1.2488
42.078,raw,291,4.5568,0.6709,1.2128
42.078,raw,307,4.8270,0.8383,1.1688
42.078,raw,322,4.3301,-0.5870,1.2921
42.078,raw,337,4.2247,-0.3824,1.3163
42.078,raw,353,4.0908,-0.1742,1.3434
42.078,raw,368,3.9691,0.0036,1.3667
42.078,raw,384,3.8779,0.1689,1.3845
42.078,raw,399,3.9425,0.2875,1.3788
42.078,raw,414,4.1082,0.3969,1.3581
42.078,raw,430,4.3192,0.5252,1.3306
42.078,raw,445,4.5253,0.6618,1.3029
42.078,raw,460,4.7741,0.8159,1.2685
42.078,raw,476,-5.3528,-7.9538,0.5441
42.078,raw,491,-5.0480,-8.3373,0.5275
42.078,raw,506,-4.3531,-8.0957,0.5944
42.078,raw,522,4.3765,-0.6406,1.3710
42.078,raw,537,4.2304,-0.4163,1.3965
42.078,raw,553,4.0887,-0.2030,1.4202
42.078,raw,568,3.9860,-0.0287,1.4374
42.078,raw,583,3.8738,0.1349,1.4547
42.078,raw,599,3.9077,0.2675,1.4540
42.078,raw,614,4.0848,0.3727,1.4356
42.078,raw,629,4.2788,0.4903,1.4147
42.078,raw,645,4.4756,0.6335,1.3930
42.078,raw,660,4.7215,0.7834,1.3649
42.078,raw,675,-6.0964,-8.6346,0.7082
42.078,raw,691,-5.7575,-9.1003,0.6914
42.078,raw,706,-4.4615,-7.9876,0.8432
42.078,raw,722,-5.0787,-10.0710,0.6479
42.078,raw,737,-4.7323,-10.5765,0.6215
42.078,raw,752,-4.3394,-11.0406,0.5983
42.078,raw,768,-3.9165,-11.5940,0.5663
42.078,raw,783,4.4660,-0.7861,1.4454
42.078,raw,798,4.3160,-0.5476,1.4669
42.078,raw,814,4.1671,-0.3201,1.4872
42.078,raw,829,4.0306,-0.1265,1.5048
42.078,raw,844,3.9456,0.0372,1.5164
42.078,raw,860,3.8312,0.2048,1.5303
42.078,raw,875,3.9726,0.3089,1.5192
42.078,raw,891,4.1820,0.4248,1.5014
42.078,raw,906,4.3354,0.5530,1.4884
42.078,raw,921,4.5725,0.6910,1.4672
42.078,raw,937,-7.4368,-8.6099,0.9288
42.078,raw,952,-7.1380,-9.1037,0.9164
42.078,raw,967,-6.8099,-9.5860,0.9041
42.078,raw,983,-6.4784,-10.1595,0.8852
42.078,raw,998,-4.4476,-7.9652,1.0886
42.078,raw,1013,-5.7738,-11.2367,0.8476
42.078,raw,1029,-5.3415,-11.7897,0.8279
42.078,raw,1044,-4.9260,-12.3463,0.8055
42.078,raw,1060,-4.5363,-13.1630,0.7640
42.078,raw,1075,-4.1972,-14.1617,0.7075
42.078,raw,1090,-3.7656,-15.1015,0.6549
42.078,raw,1106,-3.2977,-16.3794,0.5783
42.078,raw,1121,4.4299,-0.7221,1.5398
42.078,raw,1136,4.2745,-0.4870,1.5559
42.078,raw,1152,4.1302,-0.2666,1.5705
42.078,raw,1167,4.0099,-0.0823,1.5822
42.078,raw,1182,3.9158,0.0807,1.5914
42.078,raw,1198,3.8500,0.2352,1.5981
42.078,raw,1213,4.0308,0.3353,1.5870
42.078,raw,1229,4.2074,0.4595,1.5760
42.078,raw,1244,4.3960,0.5880,1.5637
42.078,raw,1259,4.6373,0.7311,1.5475
42.078,raw,1275,-13.5722,12.4156,0.5150
42.078,raw,1290,-9.9942,-6.1592,1.2086
42.078,raw,1305,-9.8328,-6.7292,1.2004
42.078,raw,1321,-9.5805,-7.2989,1.1943
42.078,raw,1336,-9.3118,-7.8221,1.1890
42.078,raw,1351,-9.0094,-8.3296,1.1841
42.078,raw,1367,-8.7168,-8.9170,1.1753
42.078,raw,1382,-8.4260,-9.4755,1.1660
42.078,raw,1398,-8.0984,-10.0825,1.1550
42.078,raw,1413,-7.7553,-10.6396,1.1450
42.078,raw,1428,-7.3947,-11.2069,1.1338
42.078,raw,1444,-4.5387,-7.9431,1.3295
42.078,raw,1459,-4.2594,-8.3519,1.3201
42.078,raw,1474,-6.2203,-13.1380,1.0860
42.078,raw,1490,-5.7818,-13.9107,1.0632
42.078,raw,1505,-5.3681,-14.7432,1.0359
42.078,raw,1520,-5.0485,-15.9945,0.9879
42.078,raw,1536,-4.9296,-18.3962,0.8859
42.078,raw,1551,-5.3666,-23.4941,0.6572
42.078,raw,1567,-4.5000,-24.9681,0.6010
42.078,raw,1582,-3.4510,-25.5774,0.5827
42.078,raw,1597,-2.3988,-26.4600,0.5498
42.078,raw,1613,-1.1864,-27.1577,0.5238
42.078,raw,1628,0.0091,-27.5602,0.5085
42.078,raw,1643,4.3814,-0.6427,1.6318
42.078,raw,1659,4.2369,-0.4081,1.6419
42.078,raw,1674,4.0944,-0.2049,1.6510
42.078,raw,1689,3.9776,-0.0264,1.6585
42.078,raw,1705,3.8875,0.1405,1.6643
42.078,raw,1720,3.9084,0.2674,1.6645
42.078,raw,1736,4.0957,0.3803,1.6569
42.078,raw,1751,4.2967,0.4982,1.6484
42.078,raw,1766,4.4809,0.6333,1.6404
42.078,raw,1782,4.7492,0.7941,1.6284
42.078,raw,1797,-17.7159,21.7954,0.5204
42.078,raw,1812,-17.1907,19.5147,0.6127
42.078,raw,1828,-16.7915,17.4942,0.6902
42.078,raw,1843,-16.4488,15.8118,0.7530
42.078,raw,1858,-15.9323,14.1414,0.8195
42.078,raw,1874,-15.6244,12.7021,0.8701
42.078,raw,1889,-15.2334,11.3945,0.9185
42.078,raw,1905,-11.2056,7.9852,1.1561
42.078,raw,1920,-14.5093,9.0554,1.0011
42.078,raw,1935,-14.0918,8.0166,1.0394
42.078,raw,1951,-13.8326,7.0725,1.0679
42.078,raw,1966,-13.6093,6.2489,1.0912
42.078,raw,1981,-13.7364,-1.0980,1.4726
42.078,raw,1997,-8.2885,-0.8321,1.5923
42.078,raw,2012,-13.2742,-2.3481,1.4779
42.078,raw,2027,-13.0399,-2.9368,1.4798
42.078,raw,2043,-12.8065,-3.5625,1.4809
42.078,raw,2058,-12.5919,-4.1476,1.4812
42.078,raw,2074,-12.3400,-4.7621,1.4815
42.078,raw,2089,-11.9515,-5.2670,1.4848
42.078,raw,2104,-11.7693,-5.8664,1.4825
42.078,raw,2120,-11.5808,-6.5220,1.4792
42.078,raw,2135,-11.3635,-7.1272,1.4763
42.078,raw,2150,-11.0256,-7.6625,1.4759
42.078,raw,2166,-10.7419,-8.2970,1.4726
42.078,raw,2181,-10.6062,-9.0202,1.4649
42.078,raw,2196,-10.2503,-9.5827,1.4625
42.078,raw,2212,-10.0906,-10.4219,1.4522
42.078,raw,2227,-9.7445,-11.0519,1.4473
42.078,raw,2243,-9.5222,-11.9372,1.4357
42.078,raw,2258,-9.0942,-12.5513,1.4309
42.078,raw,2273,-8.8456,-13.4610,1.4179
42.078,raw,2289,-8.3641,-14.1935,1.4102
42.078,raw,2304,-9.7098,-18.1237,1.3204
42.078,raw,2319,-9.2927,-19.3687,1.3005
42.078,raw,2335,-8.9163,-21.0602,1.2705
42.078,raw,2350,-8.4094,-22.5728,1.2442
42.078,raw,2365,-7.8689,-24.3053,1.2126
42.078,raw,2381,-7.2131,-26.3687,1.1738
42.078,raw,2396,-6.3542,-27.9498,1.1453
42.078,raw,2412,-5.1126,-28.6813,1.1357
42.078,raw,2427,-3.9057,-29.3444,1.1261
42.078,raw,2442,-2.6660,-30.0689,1.1141
42.078,raw,2458,-1.2929,-30.8974,1.0987
42.078,raw,2473,0.0503,-31.8468,1.0793
42.078,raw,2488,1.4679,-32.5163,1.0647
42.078,raw,2504,3.0385,-33.1111,1.0503
42.078,raw,2519,4.5924,-33.8959,1.0302
42.078,raw,2534,4.3308,-0.5760,1.7201
42.078,raw,2550,4.1968,-0.3513,1.7246
42.078,raw,2565,4.0611,-0.1552,1.7288
42.078,raw,2581,3.9607,0.0241,1.7320
42.078,raw,2596,3.8393,0.1859,1.7355
42.078,raw,2611,3.9417,0.2964,1.7337
42.078,raw,2627,4.1382,0.4115,1.7298
42.078,raw,2642,4.3152,0.5352,1.7262
42.078,raw,2657,4.5559,0.6709,1.7210
42.078,raw,2673,4.8073,0.8381,1.7155
42.078,raw,2688,-22.5654,24.3638,1.0649
42.078,raw,2703,-21.4328,21.3748,1.1286
42.078,raw,2719,-20.7160,18.9512,1.1757
42.078,raw,2734,-19.5771,16.5431,1.2286
42.078,raw,2750,-18.9050,14.6258,1.2655
42.078,raw,2765,-18.1183,12.8920,1.3012
42.078,raw,2780,-11.1918,7.7897,1.4903
42.078,raw,2796,-17.3842,10.2516,1.3442
42.078,raw,2811,-16.9517,9.0717,1.3642
42.078,raw,2826,-16.8866,8.1250,1.3739
42.078,raw,2842,-16.5010,7.0446,1.3904
42.078,raw,2857,-16.1480,6.0978,1.4044
42.078,raw,2872,-15.8280,5.2147,1.4165
42.078,raw,2888,-15.7584,4.3828,1.4223
42.078,raw,2903,-15.4630,3.5844,1.4320
42.078,raw,2919,-15.1632,2.7753,1.4411
42.078,raw,2934,-14.9170,2.0527,1.4481
42.078,raw,2949,-14.6467,1.3554,1.4549
42.078,raw,2965,-14.3618,0.6395,1.4614
42.078,raw,2980,-14.1077,-0.0091,1.4666
42.078,raw,2995,-30.9899,-2.2052,1.8435
42.078,raw,3011,-30.3646,-3.6080,1.8429
42.078,raw,3026,-29.7945,-4.8900,1.8424
42.078,raw,3041,-29.2380,-6.1461,1.8420
42.078,raw,3057,-28.6287,-7.4560,1.8416
42.078,raw,3072,-28.0397,-8.6575,1.8413
42.078,raw,3088,-27.4228,-9.9244,1.8411
42.078,raw,3103,-16.9422,-6.8656,1.8264
42.078,raw,3118,-26.2587,-12.2659,1.8409
42.078,raw,3134,-15.7194,-8.1775,1.8257
42.078,raw,3149,-25.0633,-14.6826,1.8410
42.078,raw,3164,-24.4656,-15.8520,1.8412
42.078,raw,3180,-23.8242,-17.1133,1.8414
42.078,raw,3195,-23.2398,-18.3322,1.8418
42.078,raw,3210,-22.6320,-19.5646,1.8422
42.078,raw,3226,-21.9834,-20.9242,1.8428
42.078,raw,3241,-21.3306,-22.2082,1.8434
42.078,raw,3257,-20.6060,-23.6129,1.8441
42.078,raw,3272,-19.9357,-25.0167,1.8450
42.078,raw,3287,-19.2327,-26.4732,1.8460
42.078,raw,3303,-18.4313,-28.0783,1.8471
42.078,raw,3318,4.4298,-0.7220,1.8051
42.078,raw,3333,4.2574,-0.4803,1.8048
42.078,raw,3349,4.1325,-0.2674,1.8045
42.078,raw,3364,4.0271,-0.0874,1.8043
42.078,raw,3379,3.9258,0.0782,1.8041
42.078,raw,3395,3.8583,0.2336,1.8040
42.078,raw,3410,4.0063,0.3390,1.8041
42.078,raw,3426,4.2233,0.4578,1.8044
42.078,raw,3441,4.4126,0.5870,1.8047
42.078,raw,3456,4.6471,0.7310,1.8050
42.078,raw,3472,-34.1043,5.4023,1.8479
42.078,raw,3487,-33.5603,3.8237,1.8470
42.078,raw,3502,-32.9858,2.3024,1.8461
42.078,raw,3518,-17.0321,0.7671,1.8244
42.078,raw,3533,-17.0952,-0.0128,1.8245
42.078,raw,3548,-31.0811,-2.0292,1.8436
42.078,raw,3564,-17.0281,-1.5749,2.2501
42.078,raw,3579,-16.8438,-3.1362,2.2523
42.078,raw,3595,-15.2275,-4.5858,2.2232
42.078,raw,3610,-16.4194,-6.1153,2.2639
42.078,raw,3625,-26.3928,-13.7125,2.5677
42.078,raw,3641,-20.2322,-24.0406,2.6094
42.078,raw,3656,4.3858,-0.6677,1.8919
42.078,raw,3671,4.2385,-0.4407,1.8864
42.078,raw,3687,4.1182,-0.2325,1.8819
42.078,raw,3702,3.9969,-0.0504,1.8777
42.078,raw,3717,3.8945,0.1125,1.8742
42.078,raw,3733,3.8934,0.2528,1.8735
42.078,raw,3748,4.0593,0.3581,1.8771
42.078,raw,3764,4.2624,0.4823,1.8817
42.078,raw,3779,4.4442,0.6150,1.8860
42.078,raw,3794,4.6742,0.7623,1.8916
42.078,raw,3810,-16.9030,0.2532,2.2433
42.078,raw,3825,-16.7215,-0.5067,2.2398
42.078,raw,3840,-32.2333,-4.0655,3.4190
42.078,raw,3856,-26.0942,-14.4641,3.2990
42.078,raw,3871,4.4438,-0.7402,1.9828
42.078,raw,3886,4.3007,-0.5083,1.9722
42.078,raw,3902,4.1425,-0.2809,1.9612
42.078,raw,3917,4.0247,-0.0962,1.9531
42.078,raw,3933,3.9395,0.0749,1.9470
42.078,raw,3948,3.8468,0.2273,1.9410
42.078,raw,3963,3.9989,0.3313,1.9474
42.078,raw,3979,4.1894,0.4520,1.9557
42.078,raw,3994,4.3966,0.5781,1.9652
42.078,raw,4009,4.6121,0.7212,1.9753
42.078,raw,4025,-17.7883,-5.8588,3.2285
42.078,raw,4040,4.4047,-0.6993,2.0682
42.078,raw,4055,4.2692,-0.4741,2.0531
42.078,raw,4071,4.1384,-0.2593,2.0390
42.078,raw,4086,4.0072,-0.0721,2.0260
42.078,raw,4102,3.9125,0.0993,2.0163
42.078,raw,4117,3.8652,0.2409,2.0109
42.078,raw,4132,4.0450,0.3422,2.0223
42.078,raw,4148,4.2264,0.4669,2.0342
42.078,raw,4163,4.4482,0.5948,2.0493
42.078,raw,4178,4.6524,0.7414,2.0635
42.078,raw,4194,-19.4714,-1.1823,3.7585
42.078,raw,4209,-19.2084,-2.0396,3.7432
42.078,raw,4224,-18.8288,-2.8630,3.7201
42.078,raw,4240,-18.4813,-3.7919,3.7059
42.078,raw,4255,-18.2204,-4.6138,3.7014
42.078,raw,4271,-17.9402,-5.4871,3.7003
42.078,raw,4286,-17.6990,-6.4998,3.7115
42.078,raw,4301,-17.4369,-7.3288,3.7187
42.078,raw,4317,-17.1650,-8.2272,3.7317
42.078,raw,4332,-16.5561,-8.8887,3.7095
42.078,raw,4347,3.9524,0.0080,2.0932
42.078,raw,4363,3.8519,0.1746,2.0802
42.078,raw,4378,3.9430,0.2874,2.0867
42.078,raw,4393,4.1121,0.3964,2.1011
42.078,raw,4409,-19.7560,-0.0725,3.7782
42.078,raw,4424,-19.5534,-0.9530,3.7643
42.078,raw,4440,-16.2685,-1.4244,3.8696
42.078,raw,4455,-15.8430,-2.2112,3.8338
42.078,raw,4470,-15.6219,-2.9165,3.8245
42.078,raw,4486,-15.3938,-3.6649,3.8196
42.078,raw,4501,-15.1681,-4.3607,3.8174
42.078,raw,4516,-15.6778,-5.4902,3.9189
42.078,raw,4532,-14.7447,-5.9793,3.8377
42.078,raw,4547,-14.5070,-6.6841,3.8468
42.078,raw,4562,-14.3129,-7.4215,3.8661
42.078,raw,4578,-16.9732,0.7672,3.9365
42.078,raw,4593,-16.7348,0.0033,3.9102
43.198,raw,0,4.3896,-0.7935,1.0942
43.198,raw,15,4.2310,-0.5503,1.1402
43.198,raw,31,4.0851,-0.3239,1.1815
43.198,raw,47,3.9618,-0.1257,1.2156
43.198,raw,63,3.8427,0.0545,1.2467
43.198,raw,79,3.7299,0.2180,1.2747
43.198,raw,95,3.9188,0.3153,1.2434
43.198,raw,111,4.1005,0.4293,1.2128
43.198,raw,127,4.2803,0.5587,1.1816
43.198,raw,143,4.5020,0.7022,1.1415
43.198,raw,159,4.3891,-0.7932,1.1848
43.198,raw,175,4.2312,-0.5394,1.2255
43.198,raw,191,4.0873,-0.3147,1.2610
43.198,raw,207,3.9795,-0.1219,1.2880
43.198,raw,223,3.8485,0.0617,1.3171
43.198,raw,239,3.7702,0.2174,1.3356
43.198,raw,255,3.9137,0.3248,1.3159
43.198,raw,271,4.1037,0.4379,1.2878
43.198,raw,287,4.2996,0.5667,1.2579
43.198,raw,303,4.5252,0.7115,1.2223
43.198,raw,319,4.3640,-0.7694,1.2793
43.198,raw,335,4.2171,-0.5226,1.3122
43.198,raw,351,4.0715,-0.2988,1.3426
43.198,raw,367,3.9551,-0.1049,1.3668
43.198,raw,383,3.8371,0.0734,1.3896
43.198,raw,399,3.7627,0.2273,1.4048
43.198,raw,415,3.9294,0.3308,1.3846
43.198,raw,431,4.1033,0.4470,1.3628
43.198,raw,447,4.2932,0.5767,1.3381
43.198,raw,463,4.5422,0.7212,1.3043
43.198,raw,479,-5.3533,-7.5722,0.5756
43.198,raw,495,-5.0705,-8.0154,0.5531
43.198,raw,511,-4.5058,-8.0410,0.5865
43.198,raw,527,-4.4431,-8.9116,0.5031
43.198,raw,543,4.2284,-0.5601,1.3922
43.198,raw,559,4.0943,-0.3375,1.4163
43.198,raw,575,3.9637,-0.1357,1.4384
43.198,raw,591,3.8812,0.0352,1.4533
43.198,raw,607,3.7539,0.2044,1.4724
43.198,raw,623,3.9053,0.3091,1.4575
43.198,raw,639,4.0554,0.4261,1.4423
43.198,raw,655,4.2890,0.5485,1.4168
43.198,raw,671,4.4972,0.6923,1.3937
43.198,raw,687,-6.0581,-8.2295,0.7369
43.198,raw,703,-5.7944,-8.7702,0.7113
43.198,raw,719,-4.6195,-7.9404,0.8359
43.198,raw,735,-5.0996,-9.7259,0.6716
43.198,raw,751,-4.7374,-10.2445,0.6456
43.198,raw,767,-4.3613,-10.7973,0.6149
43.198,raw,783,-3.9523,-11.3533,0.5828
43.198,raw,799,-3.5924,-12.1470,0.5260
43.198,raw,815,4.2538,-0.6043,1.4714
43.198,raw,831,4.1142,-0.3757,1.4915
43.198,raw,847,3.9900,-0.1727,1.5086
43.198,raw,863,3.8723,0.0110,1.5241
43.198,raw,879,3.7574,0.1786,1.5383
43.198,raw,895,3.8747,0.2889,1.5297
43.198,raw,911,4.0466,0.4006,1.5157
43.198,raw,927,4.2319,0.5252,1.4999
43.198,raw,943,4.4489,0.6644,1.4808
43.198,raw,959,4.6953,0.8229,1.4583
43.198,raw,975,-7.0310,-8.9445,0.9271
43.198,raw,991,-6.6937,-9.4644,0.9133
43.198,raw,1007,-6.3435,-10.0002,0.8972
43.198,raw,1023,-4.4337,-8.0383,1.0825
43.198,raw,1039,-5.6018,-11.1429,0.8567
43.198,raw,1055,-5.1750,-11.6980,0.8364
43.198,raw,1071,-4.7402,-12.3056,0.8110
43.198,raw,1087,-4.3974,-13.2509,0.7596
43.198,raw,1103,-4.0185,-14.3094,0.6996
43.198,raw,1119,-3.5984,-15.5217,0.6281
43.198,raw,1135,-3.0767,-16.7245,0.5567
43.198,raw,1151,4.3006,-0.6589,1.5506
43.198,raw,1167,4.1552,-0.4228,1.5662
43.198,raw,1183,3.9966,-0.2037,1.5817
43.198,raw,1199,3.9029,-0.0248,1.5916
43.198,raw,1214,3.8181,0.1302,1.6000
43.198,raw,1230,3.8102,0.2675,1.6026
43.198,raw,1246,3.9914,0.3732,1.5916
43.198,raw,1262,4.2006,0.4910,1.5783
43.198,raw,1278,4.3976,0.6276,1.5655
43.198,raw,1294,4.6610,0.7808,1.5477
43.198,raw,1310,-13.2187,12.4225,0.5334
43.198,raw,1326,-9.8065,-5.9184,1.2201
43.198,raw,1342,-9.6519,-6.5233,1.2109
43.198,raw,1358,-9.3970,-7.0769,1.2055
43.198,raw,1374,-9.1214,-7.6291,1.1996
43.198,raw,1390,-8.8431,-8.1965,1.1922
43.198,raw,1406,-8.5516,-8.7739,1.1836
43.198,raw,1422,-8.2335,-9.3497,1.1745
43.198,raw,1438,-7.9271,-9.9704,1.1623
43.198,raw,1454,-7.5572,-10.5499,1.1521
43.198,raw,1470,-7.1780,-11.1551,1.1397
43.198,raw,1486,-4.4295,-7.9746,1.3293
43.198,raw,1502,-6.3860,-12.4727,1.1076
43.198,raw,1518,-5.9595,-13.1858,1.0879
43.198,raw,1534,-5.5324,-13.9998,1.0626
43.198,raw,1550,-5.1477,-15.0691,1.0243
43.198,raw,1566,-4.8493,-16.6439,0.9615
43.198,raw,1582,-5.6293,-22.4759,0.6974
43.198,raw,1598,-4.9322,-24.3732,0.6218
43.198,raw,1614,-3.8667,-25.1475,0.5973
43.198,raw,1630,-2.7695,-26.0700,0.5640
43.198,raw,1646,-1.5789,-26.7458,0.5397
43.198,raw,1662,-0.3277,-27.2331,0.5216
43.198,raw,1678,4.3363,-0.7329,1.6326
43.198,raw,1694,4.1982,-0.4932,1.6428
43.198,raw,1710,4.0547,-0.2729,1.6525
43.198,raw,1726,3.9412,-0.0820,1.6601
43.198,raw,1742,3.8139,0.0968,1.6679
43.198,raw,1758,3.8035,0.2353,1.6698
43.198,raw,1774,3.9545,0.3440,1.6640
43.198,raw,1790,4.1429,0.4605,1.6562
43.198,raw,1806,4.3345,0.5928,1.6481
43.198,raw,1822,4.5821,0.7406,1.6371
43.198,raw,1838,23.6743,10.3937,0.6800
43.198,raw,1854,-17.0826,20.9754,0.5675
43.198,raw,1870,-16.6273,18.7380,0.6559
43.198,raw,1886,-16.2215,16.7864,0.7310
43.198,raw,1902,-15.9325,15.1290,0.7909
43.198,raw,1918,-15.4904,13.5035,0.8530
43.198,raw,1934,-15.0431,12.0248,0.9092
43.198,raw,1950,-14.6293,10.6991,0.9583
43.198,raw,1966,-11.2860,7.8182,1.1563
43.198,raw,1982,-13.9728,8.4580,1.0348
43.198,raw,1998,-13.7347,7.5016,1.0635
43.198,raw,2014,-13.3571,6.5501,1.0963
43.198,raw,2030,-13.3536,-0.7505,1.4812
43.198,raw,2046,-8.4634,-0.6578,1.5885
43.198,raw,2062,-12.8886,-2.0097,1.4871
43.198,raw,2078,-12.6803,-2.6295,1.4885
43.198,raw,2094,-12.4345,-3.2331,1.4902
43.198,raw,2110,-12.2407,-3.8491,1.4900
43.198,raw,2126,-12.0485,-4.4680,1.4892
43.198,raw,2142,-11.8632,-5.0954,1.4874
43.198,raw,2158,-11.5568,-5.6701,1.4879
43.198,raw,2174,-11.3686,-6.3120,1.4848
43.198,raw,2190,-11.1753,-6.9679,1.4809
43.198,raw,2206,-10.8048,-7.5199,1.4809
43.198,raw,2222,-10.5391,-8.1555,1.4773
43.198,raw,2238,-10.2909,-8.8277,1.4721
43.198,raw,2254,-9.9201,-9.4163,1.4696
43.198,raw,2270,-9.6549,-10.1308,1.4627
43.198,raw,2286,-9.2613,-10.7459,1.4587
43.198,raw,2302,-8.9884,-11.5395,1.4492
43.198,raw,2318,-8.5604,-12.1912,1.4436
43.198,raw,2334,-8.2913,-13.1263,1.4301
43.198,raw,2350,-4.5677,-8.4346,1.5615
43.198,raw,2366,-7.5416,-14.9767,1.4036
43.198,raw,2382,-8.9946,-19.8849,1.2925
43.198,raw,2398,-8.6227,-21.7049,1.2594
43.198,raw,2413,-8.0789,-23.2549,1.2321
43.198,raw,2429,-7.4791,-25.2341,1.1953
43.198,raw,2445,-6.6908,-27.1161,1.1605
43.198,raw,2461,-5.5540,-28.1279,1.1449
43.198,raw,2477,-4.2993,-28.8645,1.1345
43.198,raw,2493,-2.9998,-29.6155,1.1225
43.198,raw,2509,-1.6554,-30.4640,1.1071
43.198,raw,2525,-0.2490,-31.4460,1.0873
43.198,raw,2541,1.2408,-32.1633,1.0720
43.198,raw,2557,2.7915,-32.7677,1.0577
43.198,raw,2573,4.4316,-33.6324,1.0359
43.198,raw,2589,4.2715,-0.6121,1.7213
43.198,raw,2605,4.1154,-0.3761,1.7264
43.198,raw,2621,3.9822,-0.1701,1.7307
43.198,raw,2637,3.8863,0.0070,1.7339
43.198,raw,2653,3.7739,0.1747,1.7372
43.198,raw,2669,3.8852,0.2870,1.7353
43.198,raw,2685,4.0565,0.3992,1.7320
43.198,raw,2701,4.2262,0.5258,1.7286
43.198,raw,2717,4.4618,0.6638,1.7236
43.198,raw,2733,4.6952,0.8229,1.7186
43.198,raw,2749,-22.3626,25.9718,1.0424
43.198,raw,2765,-21.5950,23.0068,1.1011
43.198,raw,2781,-20.5370,20.1058,1.1620
43.198,raw,2797,-19.7436,17.7436,1.2092
43.198,raw,2813,-18.7085,15.4435,1.2584
43.198,raw,2829,-18.0825,13.6625,1.2923
43.198,raw,2845,-17.3054,11.9525,1.3271
43.198,raw,2861,-11.5447,7.6816,1.4844
43.198,raw,2877,-16.4977,9.3681,1.3702
43.198,raw,2893,-16.3851,8.3438,1.3819
43.198,raw,2909,-16.0126,7.2712,1.3984
43.198,raw,2925,-15.6643,6.2769,1.4130
43.198,raw,2941,-15.3047,5.3407,1.4265
43.198,raw,2957,-15.2789,4.5368,1.4314
43.198,raw,2973,-14.9716,3.7012,1.4418
43.198,raw,2989,-14.6867,2.9104,1.4507
43.198,raw,3005,-14.4114,2.1561,1.4585
43.198,raw,3021,-14.1647,1.4342,1.4650
43.198,raw,3037,-13.8898,0.7378,1.4713
43.198,raw,3053,-13.6314,0.0655,1.4766
43.198,raw,3069,-28.3660,-1.9693,1.8400
43.198,raw,3085,-8.7401,-0.5579,1.8133
43.198,raw,3101,-8.5821,-0.9886,1.8132
43.198,raw,3117,-17.5669,-3.5794,1.8259
43.198,raw,3133,-25.7011,-6.8201,1.8376
43.198,raw,3149,-15.8845,-4.8628,1.8241
43.198,raw,3165,-16.5721,-6.0091,1.8255
43.198,raw,3181,-23.8273,-10.1686,1.8368
43.198,raw,3197,-23.2373,-11.2695,1.8367
43.198,raw,3213,-24.4219,-13.3561,1.8394
43.198,raw,3229,-23.8449,-14.5731,1.8396
43.198,raw,3245,-23.2659,-15.8056,1.8399
43.198,raw,3261,-22.6782,-17.0567,1.8402
43.198,raw,3277,-22.0679,-18.3230,1.8406
43.198,raw,3293,-21.4462,-19.6211,1.8411
43.198,raw,3309,-20.8036,-20.9522,1.8418
43.198,raw,3325,-20.1501,-22.3376,1.8425
43.198,raw,3341,-19.4630,-23.7662,1.8433
43.198,raw,3357,-18.7749,-25.2939,1.8444
43.198,raw,3373,-18.0576,-26.9093,1.8456
43.198,raw,3389,-17.2949,-28.6128,1.8470
43.198,raw,3405,4.3197,-0.7020,1.8049
43.198,raw,3421,4.1698,-0.4602,1.8046
43.198,raw,3437,4.0375,-0.2470,1.8044
43.198,raw,3453,3.9082,-0.0535,1.8041
43.198,raw,3469,3.7931,0.1193,1.8039
43.198,raw,3485,3.8115,0.2505,1.8039
43.198,raw,3501,3.9739,0.3583,1.8041
43.198,raw,3517,4.1785,0.4749,1.8043
43.198,raw,3533,4.3780,0.6093,1.8046
43.198,raw,3549,4.6124,0.7607,1.8049
43.198,raw,3565,-33.3694,8.2478,1.8476
43.198,raw,3581,-32.8013,6.5127,1.8464
43.198,raw,3597,-32.0770,4.8372,1.8451
43.198,raw,3612,-31.2762,3.3342,1.8439
43.198,raw,3628,-30.4534,1.8189,1.8426
43.198,raw,3644,-29.6550,0.3832,1.8415
43.198,raw,3660,-28.9015,-0.9835,1.8406
43.198,raw,3676,-32.1449,-3.2929,2.6277
43.198,raw,3692,-15.9025,-3.4941,2.2324
43.198,raw,3708,-26.5687,-13.5304,2.5703
43.198,raw,3724,-20.3063,-24.1888,2.6142
43.198,raw,3740,4.2678,-0.6105,1.8883
43.198,raw,3756,4.1147,-0.3758,1.8826
43.198,raw,3772,3.9929,-0.1737,1.8781
43.198,raw,3788,3.8697,0.0117,1.8738
43.198,raw,3804,3.7577,0.1785,1.8701
43.198,raw,3820,3.8910,0.2859,1.8727
43.198,raw,3836,4.0305,0.4028,1.8757
43.198,raw,3852,4.2485,0.5237,1.8807
43.198,raw,3868,4.4548,0.6641,1.8856
43.198,raw,3884,4.6929,0.8229,1.8914
43.198,raw,3900,-32.2689,-3.7948,3.4202
43.198,raw,3916,-26.3673,-14.0310,3.3020
43.198,raw,3932,4.3720,-0.7732,1.9797
43.198,raw,3948,4.1943,-0.5130,1.9668
43.198,raw,3964,4.0766,-0.3007,1.9578
43.198,raw,3980,3.9366,-0.0990,1.9482
43.198,raw,3996,3.8473,0.0707,1.9418
43.198,raw,4012,3.7603,0.2278,1.9360
43.198,raw,4028,3.9358,0.3297,1.9434
43.198,raw,4044,4.1005,0.4474,1.9504
43.198,raw,4060,4.3220,0.5745,1.9604
43.198,raw,4076,4.5512,0.7209,1.9711
43.198,raw,4092,-16.2405,-1.9250,3.0527
43.198,raw,4108,4.3508,-0.7280,2.0646
43.198,raw,4124,4.1830,-0.4762,2.0463
43.198,raw,4140,4.0332,-0.2553,2.0306
43.198,raw,4156,3.9309,-0.0696,2.0195
43.198,raw,4172,3.8078,0.1070,2.0075
43.198,raw,4188,3.8029,0.2438,2.0050
43.198,raw,4204,3.9762,0.3492,2.0158
43.198,raw,4220,4.1696,0.4666,2.0285
43.198,raw,4236,4.3473,0.6016,2.0403
43.198,raw,4252,4.6064,0.7504,2.0584
43.198,raw,4268,-19.5052,-1.3055,3.7655
43.198,raw,4284,-19.2205,-2.2213,3.7496
43.198,raw,4300,-18.6945,-3.2526,3.7175
43.198,raw,4316,-18.4432,-4.1429,3.7133
43.198,raw,4332,-17.9912,-5.5720,3.7105
43.198,raw,4348,-17.5553,-7.2651,3.7298
43.198,raw,4364,-17.1248,-8.6807,3.7511
43.198,raw,4380,4.3458,-0.7373,2.1515
43.198,raw,4396,4.1808,-0.4860,2.1274
43.198,raw,4412,4.0459,-0.2697,2.1080
43.198,raw,4428,3.9335,-0.0796,2.0921
43.198,raw,4444,3.8093,0.0980,2.0761
43.198,raw,4460,3.7925,0.2376,2.0715
43.198,raw,4476,3.9611,0.3429,2.0855
43.198,raw,4492,4.1438,0.4604,2.1012
43.198,raw,4508,4.3639,0.5908,2.1209
43.198,raw,4524,4.5875,0.7405,2.1416
43.198,raw,4540,-19.8406,0.0443,3.7884
43.198,raw,4556,-19.6490,-0.9020,3.7756
43.198,raw,4572,-16.3640,-1.3842,3.8837
43.198,raw,4588,-15.8946,-2.2197,3.8435
43.198,raw,4604,-15.6705,-2.9783,3.8354
43.198,raw,4620,-15.4436,-3.7314,3.8312
43.198,raw,4636,-15.2300,-4.4870,3.8328
43.198,raw,4652,-15.0301,-5.3567,3.8451
43.198,raw,4668,-14.7732,-6.1068,3.8509
43.198,raw,4684,-14.5285,-6.8696,3.8629
43.198,raw,4700,-14.3318,-7.6717,3.8865
43.198,raw,4716,3.8542,0.0338,2.1519
43.198,raw,4732,3.7679,0.1929,2.1373
43.198,raw,4748,3.8911,0.3030,2.1490
43.198,raw,4764,-17.0240,0.7717,3.9456
43.198,raw,4780,-16.7609,-0.0453,3.9168
44.701,raw,0,4.3591,-0.7886,1.1259
44.701,raw,17,4.2157,-0.5315,1.1712
44.701,raw,34,4.0700,-0.2983,1.2136
44.701,raw,51,3.9189,-0.0862,1.2541
44.701,raw,68,3.8163,0.0906,1.2824
44.701,raw,85,3.7692,0.2396,1.2981
44.701,raw,102,3.9279,0.3430,1.2728
44.701,raw,119,4.1126,0.4564,1.2418
44.701,raw,136,4.3024,0.5859,1.2089
44.701,raw,153,4.5476,0.7310,1.1644
44.701,raw,170,4.3445,-0.7467,1.2176
44.701,raw,187,4.1792,-0.4838,1.2606
44.701,raw,204,4.0175,-0.2493,1.2998
44.701,raw,221,3.8911,-0.0507,1.3303
44.701,raw,238,3.7913,0.1221,1.3542
44.701,raw,255,3.7828,0.2601,1.3611
44.701,raw,272,3.9552,0.3627,1.3366
44.701,raw,289,4.1321,0.4798,1.3108
44.701,raw,306,4.3423,0.6101,1.2785
44.701,raw,323,4.5763,0.7593,1.2414
44.701,raw,340,4.3048,-0.6930,1.3110
44.701,raw,357,4.1478,-0.4393,1.3459
44.701,raw,374,3.9932,-0.2121,1.3779
44.701,raw,391,3.8730,-0.0189,1.4027
44.701,raw,408,3.7573,0.1555,1.4251
44.701,raw,425,3.7994,0.2801,1.4235
44.701,raw,442,3.9880,0.3820,1.4002
44.701,raw,459,4.1470,0.5039,1.3806
44.701,raw,476,4.3774,0.6352,1.3501
44.701,raw,493,4.6227,0.7879,1.3166
44.701,raw,510,-4.9958,-7.8531,0.5600
44.701,raw,527,-4.5109,-8.0618,0.5714
44.701,raw,544,-4.3155,-8.7604,0.5136
44.701,raw,561,4.2804,-0.6700,1.3978
44.701,raw,578,4.1403,-0.4260,1.4245
44.701,raw,595,3.9992,-0.2051,1.4493
44.701,raw,612,3.8885,-0.0153,1.4686
44.701,raw,629,3.7431,0.1672,1.4908
44.701,raw,646,3.8358,0.2803,1.4834
44.701,raw,663,3.9922,0.3896,1.4678
44.701,raw,680,4.1862,0.5082,1.4474
44.701,raw,697,4.3962,0.6433,1.4244
44.701,raw,714,4.6286,0.7977,1.3981
44.701,raw,731,-5.6421,-8.7065,0.7135
44.701,raw,748,-4.5010,-7.9900,0.8277
44.701,raw,765,-4.8998,-9.7129,0.6721
44.701,raw,782,-4.4871,-10.2126,0.6497
44.701,raw,799,-4.0629,-10.7478,0.6221
44.701,raw,816,-3.6536,-11.4044,0.5808
44.701,raw,833,-3.2527,-12.2261,0.5221
44.701,raw,851,4.2314,-0.5812,1.4874
44.701,raw,868,4.0709,-0.3374,1.5101
44.701,raw,885,3.9556,-0.1345,1.5267
44.701,raw,902,3.8480,0.0481,1.5414
44.701,raw,919,3.7187,0.2204,1.5572
44.701,raw,936,3.8782,0.3199,1.5447
44.701,raw,953,4.0393,0.4326,1.5318
44.701,raw,970,4.2721,0.5525,1.5117
44.701,raw,987,4.4718,0.6956,1.4942
44.701,raw,1004,4.7297,0.8576,1.4706
44.701,raw,1021,-6.6906,-9.1685,0.9212
44.701,raw,1038,-6.2943,-9.6850,0.9090
44.701,raw,1055,-4.4843,-8.0200,1.0741
44.701,raw,1072,-5.5106,-10.8528,0.8701
44.701,raw,1089,-5.0366,-11.3730,0.8540
44.701,raw,1106,-4.6109,-12.0603,0.8239
44.701,raw,1123,-4.2229,-12.9660,0.7765
44.701,raw,1140,-3.8089,-14.0100,0.7185
44.701,raw,1157,-3.2989,-15.0223,0.6621
44.701,raw,1174,-2.7691,-16.3134,0.5848
44.701,raw,1191,4.3457,-0.7702,1.5542
44.701,raw,1208,4.1797,-0.5048,1.5724
44.701,raw,1225,4.0453,-0.2790,1.5870
44.701,raw,1242,3.9116,-0.0750,1.6005
44.701,raw,1259,3.7851,0.1076,1.6126
44.701,raw,1276,3.7639,0.2487,1.6164
44.701,raw,1293,3.9249,0.3517,1.6070
44.701,raw,1310,4.1059,0.4659,1.5958
44.701,raw,1327,4.3272,0.5930,1.5816
44.701,raw,1344,4.5454,0.7407,1.5671
44.701,raw,1361,-9.9670,-6.1859,1.2004
44.701,raw,1378,-9.6535,-6.7521,1.1980
44.701,raw,1395,-9.3496,-7.3342,1.1933
44.701,raw,1412,-9.0148,-7.9049,1.1887
44.701,raw,1429,-8.6822,-8.4935,1.1820
44.701,raw,1446,-8.3349,-9.0898,1.1740
44.701,raw,1463,-7.9748,-9.7000,1.1645
44.701,raw,1480,-7.5676,-10.2857,1.1558
44.701,raw,1497,-7.1338,-10.8692,1.1463
44.701,raw,1514,-4.4706,-7.9986,1.3224
44.701,raw,1531,-6.2969,-12.2296,1.1145
44.701,raw,1548,-5.8212,-12.9173,1.0973
44.701,raw,1565,-5.3399,-13.6874,1.0751
44.701,raw,1582,-4.9137,-14.7348,1.0386
44.701,raw,1599,-4.5091,-16.0985,0.9865
44.701,raw,1616,-4.2084,-18.2504,0.8969
44.701,raw,1633,-4.3787,-23.3218,0.6713
44.701,raw,1650,-3.3554,-24.4806,0.6289
44.701,raw,1667,-2.1972,-25.3262,0.5989
44.701,raw,1684,-0.9393,-25.7690,0.5847
44.701,raw,1702,0.4252,-26.3811,0.5602
44.701,raw,1719,1.7689,-26.9862,0.5328
44.701,raw,1736,3.1735,-27.5745,0.5031
44.701,raw,1753,4.1895,-0.5301,1.6490
44.701,raw,1770,4.0714,-0.3085,1.6579
44.701,raw,1787,3.9217,-0.0960,1.6677
44.701,raw,1804,3.8010,0.0868,1.6754
44.701,raw,1821,3.7442,0.2377,1.6797
44.701,raw,1838,3.8961,0.3407,1.6739
44.701,raw,1855,4.0839,0.4517,1.6662
44.701,raw,1872,4.2885,0.5781,1.6576
44.701,raw,1889,4.5145,0.7225,1.6478
44.701,raw,1906,21.9719,9.2769,0.7785
44.701,raw,1923,-18.8960,20.6636,0.5163
44.701,raw,1940,-18.2672,18.2517,0.6124
44.701,raw,1957,-17.7463,16.1885,0.6914
44.701,raw,1974,-16.9616,14.1384,0.7767
44.701,raw,1991,-16.3028,12.3873,0.8469
44.701,raw,2008,-15.7197,10.8532,0.9064
44.701,raw,2025,-15.2546,9.5230,0.9545
44.701,raw,2042,-14.8343,8.3252,0.9959
44.701,raw,2059,-14.4490,7.2354,1.0319
44.701,raw,2076,-14.1491,6.2553,1.0605
44.701,raw,2093,-8.4667,-0.6305,1.5848
44.701,raw,2110,-13.6414,-2.1712,1.4664
44.701,raw,2127,-13.2960,-2.8451,1.4705
44.701,raw,2144,-13.0104,-3.5203,1.4725
44.701,raw,2161,-12.6896,-4.1751,1.4746
44.701,raw,2178,-12.3785,-4.8256,1.4758
44.701,raw,2195,-12.0588,-5.4681,1.4765
44.701,raw,2212,-11.6835,-6.0793,1.4777
44.701,raw,2229,-11.4454,-6.7688,1.4748
44.701,raw,2246,-11.1295,-7.4239,1.4729
44.701,raw,2263,-10.7054,-8.0108,1.4730
44.701,raw,2280,-10.3833,-8.6833,1.4694
44.701,raw,2297,-9.9687,-9.2954,1.4675
44.701,raw,2314,-9.6255,-9.9936,1.4623
44.701,raw,2331,-9.1929,-10.6298,1.4587
44.701,raw,2348,-8.8317,-11.3812,1.4513
44.701,raw,2365,-8.3779,-12.0655,1.4456
44.701,raw,2382,-4.6912,-7.9488,1.5667
44.701,raw,2399,-7.4265,-13.5278,1.4303
44.701,raw,2416,-6.9732,-14.4163,1.4182
44.701,raw,2433,-6.4043,-15.1904,1.4086
44.701,raw,2450,-8.1173,-21.5941,1.2640
44.701,raw,2467,-7.4585,-23.2745,1.2346
44.701,raw,2484,-6.7326,-25.1913,1.1995
44.701,raw,2501,-5.6760,-26.4416,1.1791
44.701,raw,2518,-4.4563,-27.3514,1.1654
44.701,raw,2535,-3.1418,-28.0590,1.1550
44.701,raw,2553,-1.7112,-28.9676,1.1390
44.701,raw,2570,-0.2833,-29.7416,1.1242
44.701,raw,2587,1.2131,-30.2066,1.1147
44.701,raw,2604,2.7687,-30.9412,1.0976
44.701,raw,2621,4.4146,-31.7830,1.0764
44.701,raw,2638,6.2323,-33.1146,1.0422
44.701,raw,2655,4.2320,-0.5922,1.7254
44.701,raw,2672,4.0668,-0.3455,1.7309
44.701,raw,2689,3.9633,-0.1463,1.7346
44.701,raw,2706,3.8208,0.0479,1.7389
44.701,raw,2723,3.7259,0.2109,1.7419
44.701,raw,2740,3.8656,0.3143,1.7394
44.701,raw,2757,4.0360,0.4247,1.7361
44.701,raw,2774,4.2520,0.5455,1.7317
44.701,raw,2791,4.4408,0.6876,1.7278
44.701,raw,2808,4.7015,0.8474,1.7221
44.701,raw,2825,-23.9355,23.0677,1.0601
44.701,raw,2842,-22.6647,19.9507,1.1259
44.701,raw,2859,-21.6776,17.3937,1.1774
44.701,raw,2876,-21.4542,15.6030,1.2039
44.701,raw,2893,-11.4489,8.2258,1.4774
44.701,raw,2910,-19.6285,11.6805,1.2825
44.701,raw,2927,-18.7952,10.0360,1.3149
44.701,raw,2944,-18.5440,8.7778,1.3310
44.701,raw,2961,-17.9035,7.4573,1.3545
44.701,raw,2978,-17.3546,6.2693,1.3740
44.701,raw,2995,-17.1799,5.2576,1.3835
44.701,raw,3012,-16.6842,4.2255,1.3990
44.701,raw,3029,-16.2277,3.2659,1.4123
44.701,raw,3046,-15.8020,2.3663,1.4239
44.701,raw,3063,-15.3890,1.5166,1.4342
44.701,raw,3080,-15.0125,0.7102,1.4428
44.701,raw,3097,-14.6463,-0.0607,1.4503
44.701,raw,3114,-14.3032,-0.8024,1.4566
44.701,raw,3131,-32.9952,-4.3924,1.8468
44.701,raw,3148,-31.9695,-5.9065,1.8458
44.701,raw,3165,-30.9706,-7.3566,1.8449
44.701,raw,3182,-30.0233,-8.7603,1.8442
44.701,raw,3199,-17.9284,-6.0734,1.8275
44.701,raw,3216,-16.7440,-6.6533,1.8263
44.701,raw,3233,-27.2862,-12.7370,1.8427
44.701,raw,3250,-26.3919,-14.0048,1.8424
44.701,raw,3267,-25.5127,-15.2605,1.8422
44.701,raw,3284,-24.5309,-16.4350,1.8420
44.701,raw,3301,-23.5735,-17.6083,1.8418
44.701,raw,3318,-22.5998,-18.7598,1.8417
44.701,raw,3335,-21.6526,-19.9329,1.8418
44.701,raw,3352,-20.7506,-21.1639,1.8421
44.701,raw,3369,-19.8067,-22.3827,1.8424
44.701,raw,3386,-18.8572,-23.6367,1.8429
44.701,raw,3404,-17.8510,-25.0299,1.8435
44.701,raw,3421,-16.8625,-26.3784,1.8442
44.701,raw,3438,-15.8347,-27.7714,1.8451
44.701,raw,3455,-14.7712,-29.2373,1.8461
44.701,raw,3472,-13.6531,-30.7701,1.8473
44.701,raw,3489,4.2856,-0.6836,1.8047
44.701,raw,3506,4.1408,-0.4363,1.8044
44.701,raw,3523,4.0010,-0.2150,1.8041
44.701,raw,3540,3.8555,-0.0133,1.8038
44.701,raw,3557,3.7543,0.1563,1.8036
44.701,raw,3574,3.7899,0.2822,1.8036
44.701,raw,3591,3.9648,0.3858,1.8038
44.701,raw,3608,4.1664,0.5017,1.8041
44.701,raw,3625,4.3584,0.6365,1.8043
44.701,raw,3642,4.6314,0.7878,1.8047
44.701,raw,3659,-34.2554,-2.5186,1.8482
44.701,raw,3676,-16.4671,-1.6503,2.2414
44.701,raw,3693,-15.8620,-2.7770,2.2315
44.701,raw,3710,-15.6683,-3.6057,2.2316
44.701,raw,3727,-15.4088,-4.4160,2.2311
44.701,raw,3744,-15.1014,-5.4760,2.2326
44.701,raw,3761,-14.9848,-6.3577,2.2384
44.701,raw,3778,-15.8665,-7.7722,2.2732
44.701,raw,3795,-11.8974,-8.7256,2.2014
44.701,raw,3812,4.2617,-0.6499,1.8851
44.701,raw,3829,4.1162,-0.4056,1.8793
44.701,raw,3846,3.9673,-0.1841,1.8738
44.701,raw,3863,3.8547,0.0039,1.8697
44.701,raw,3880,3.7548,0.1721,1.8661
44.701,raw,3897,3.8109,0.2935,1.8668
44.701,raw,3914,3.9959,0.3973,1.8709
44.701,raw,3931,4.1679,0.5190,1.8747
44.701,raw,3948,4.3913,0.6529,1.8799
44.701,raw,3965,4.6385,0.8076,1.8859
44.701,raw,3982,-18.1574,-0.8209,2.2808
44.701,raw,3999,-15.9965,-2.1400,2.6405
44.701,raw,4016,-12.0109,-8.4070,2.5769
44.701,raw,4033,4.2729,-0.6663,1.9664
44.701,raw,4050,4.1181,-0.4165,1.9546
44.701,raw,4067,3.9722,-0.1950,1.9441
44.701,raw,4084,3.8508,-0.0033,1.9356
44.701,raw,4101,3.7446,0.1668,1.9283
44.701,raw,4118,3.8274,0.2821,1.9309
44.701,raw,4135,3.9641,0.3942,1.9364
44.701,raw,4152,4.1672,0.5103,1.9454
44.701,raw,4169,4.3946,0.6434,1.9557
44.701,raw,4186,4.6139,0.7980,1.9660
44.701,raw,4203,-11.7873,-8.4179,2.9428
44.701,raw,4220,4.1864,-0.5287,2.0377
44.701,raw,4237,4.0547,-0.3019,2.0226
44.701,raw,4255,3.9020,-0.0805,2.0068
44.701,raw,4272,3.8123,0.0917,1.9970
44.701,raw,4289,3.7620,0.2413,1.9908
44.701,raw,4306,3.9212,0.3442,2.0005
44.701,raw,4323,4.0928,0.4591,2.0114
44.701,raw,4340,4.2956,0.5865,2.0248
44.701,raw,4357,4.5313,0.7315,2.0411
44.701,raw,4374,-19.5067,-1.4166,3.7829
44.701,raw,4391,-19.2248,-2.4006,3.7687
44.701,raw,4408,-18.7251,-3.3265,3.7379
44.701,raw,4425,-18.4411,-4.2787,3.7323
44.701,raw,4442,-18.1510,-5.2255,3.7307
44.701,raw,4459,-15.1198,-5.2151,3.4570
44.701,raw,4476,-17.5944,-7.2003,3.7464
44.701,raw,4493,-17.3126,-8.1725,3.7606
44.701,raw,4510,-14.3059,-7.9575,3.4974
44.701,raw,4527,4.2583,-0.6373,2.1265
44.701,raw,4544,4.1141,-0.3947,2.1044
44.701,raw,4561,3.9651,-0.1741,2.0835
44.701,raw,4578,3.8439,0.0157,2.0667
44.701,raw,4595,3.7584,0.1790,2.0546
44.701,raw,4612,3.8257,0.2983,2.0583
44.701,raw,4629,3.9922,0.4062,2.0721
44.701,raw,4646,4.1837,0.5260,2.0887
44.701,raw,4663,4.4258,0.6602,2.1107
44.701,raw,4680,4.6442,0.8175,2.1310
44.701,raw,4697,-19.4879,0.2562,3.7701
44.701,raw,4714,-19.6936,-0.7723,3.7949
44.701,raw,4731,-16.4143,-1.3341,3.9090
44.701,raw,4748,-15.9010,-2.3769,3.8678
44.701,raw,4765,-15.6558,-3.1908,3.8595
44.701,raw,4782,-15.3977,-3.9960,3.8545
44.701,raw,4799,-15.1331,-4.7968,3.8535
44.701,raw,4816,-14.9328,-5.7865,3.8729
44.701,raw,4833,-14.6674,-6.6018,3.8831
44.701,raw,4850,-14.4074,-7.4319,3.8997
44.701,raw,4867,4.2523,-0.6126,2.2057
44.701,raw,4884,4.0794,-0.3605,2.1747
44.701,raw,4901,3.9556,-0.1526,2.1520
44.701,raw,4918,3.8234,0.0388,2.1299
44.701,raw,4935,3.7131,0.2063,2.1119
44.701,raw,4952,3.8396,0.3114,2.1238
44.701,raw,4969,4.0310,0.4170,2.1441
44.701,raw,4986,4.2200,0.5398,2.1646
44.701,raw,5003,4.4285,0.6788,2.1881
44.701,raw,5020,-17.2637,0.4260,3.9946
44.701,raw,5037,-16.7745,-0.4419,3.9413
44.701,raw,5054,3.8482,0.0144,2.2003
44.701,raw,5071,3.7381,0.1843,2.1785
44.701,raw,5088,3.8381,0.2958,2.1889
45.995,raw,0,4.4215,-0.7908,1.1423
45.995,raw,16,4.2512,-0.5333,1.1925
45.995,raw,32,4.1018,-0.3108,1.2352
45.995,raw,48,3.9915,-0.1241,1.2673
45.995,raw,65,3.8659,0.0591,1.3006
45.995,raw,81,3.7616,0.2120,1.3273
45.995,raw,97,3.9162,0.2976,1.3027
45.995,raw,113,4.0631,0.3970,1.2789
45.995,raw,130,4.2365,0.5137,1.2495
45.995,raw,146,4.4168,0.6367,1.2178
45.995,raw,162,4.6423,0.7746,1.1764
45.995,raw,178,4.3613,-0.6929,1.2428
45.995,raw,195,4.1844,-0.4325,1.2873
45.995,raw,211,4.0595,-0.2294,1.3191
45.995,raw,227,3.9549,-0.0516,1.3452
45.995,raw,243,3.8472,0.1122,1.3701
45.995,raw,260,3.8381,0.2459,1.3771
45.995,raw,276,3.9771,0.3403,1.3580
45.995,raw,292,4.1222,0.4449,1.3373
45.995,raw,308,4.3078,0.5576,1.3093
45.995,raw,325,4.5220,0.6942,1.2758
45.995,raw,341,4.7382,0.8413,1.2408
45.995,raw,357,4.2685,-0.5725,1.3433
45.995,raw,373,4.1348,-0.3529,1.3731
45.995,raw,390,4.0096,-0.1481,1.3999
45.995,raw,406,3.8904,0.0274,1.4237
45.995,raw,422,3.7934,0.1811,1.4428
45.995,raw,438,3.8630,0.2859,1.4367
45.995,raw,455,4.0355,0.3855,1.4157
45.995,raw,471,4.2159,0.4908,1.3927
45.995,raw,487,4.3957,0.6115,1.3693
45.995,raw,503,4.5881,0.7475,1.3434
45.995,raw,520,-5.0165,-8.0748,0.5279
45.995,raw,536,-4.4224,-8.0817,0.5660
45.995,raw,552,4.3241,-0.6526,1.4110
45.995,raw,568,4.1700,-0.4163,1.4389
45.995,raw,585,4.0323,-0.2009,1.4633
45.995,raw,601,3.9103,-0.0199,1.4837
45.995,raw,617,3.8281,0.1332,1.4981
45.995,raw,633,3.8338,0.2545,1.5010
45.995,raw,650,3.9837,0.3548,1.4863
45.995,raw,666,4.1382,0.4591,1.4704
45.995,raw,682,4.3254,0.5733,1.4503
45.995,raw,698,4.5269,0.7032,1.4279
45.995,raw,715,4.7894,0.8612,1.3977
45.995,raw,731,-4.6048,-7.9702,0.8166
45.995,raw,747,-5.0730,-9.6786,0.6600
45.995,raw,763,-4.6827,-10.1443,0.6407
45.995,raw,780,-4.2487,-10.6508,0.6175
45.995,raw,796,-3.8570,-11.2264,0.5841
45.995,raw,812,-3.4798,-11.9381,0.5360
45.995,raw,828,4.3459,-0.6851,1.4871
45.995,raw,845,4.1885,-0.4343,1.5102
45.995,raw,861,4.0386,-0.2212,1.5306
45.995,raw,877,3.9311,-0.0435,1.5456
45.995,raw,893,3.8259,0.1183,1.5594
45.995,raw,910,3.8107,0.2523,1.5639
45.995,raw,926,3.9348,0.3482,1.5545
45.995,raw,942,4.1320,0.4435,1.5379
45.995,raw,958,4.3016,0.5582,1.5236
45.995,raw,975,4.5166,0.6945,1.5046
45.995,raw,991,4.7327,0.8413,1.4849
45.995,raw,1007,-6.7168,-9.4902,0.8964
45.995,raw,1023,-6.3389,-9.9982,0.8838
45.995,raw,1040,-4.3515,-8.0839,1.0700
45.995,raw,1056,-5.4867,-11.0394,0.8549
45.995,raw,1072,-5.0817,-11.6286,0.8325
45.995,raw,1088,-4.6247,-12.1790,0.8121
45.995,raw,1105,-4.2218,-13.0550,0.7675
45.995,raw,1121,-3.8190,-13.9921,0.7166
45.995,raw,1137,-3.3782,-15.0450,0.6567
45.995,raw,1153,-2.8831,-16.2168,0.5876
45.995,raw,1170,-2.2546,-17.4726,0.5123
45.995,raw,1186,4.2754,-0.5863,1.5741
45.995,raw,1202,4.1450,-0.3668,1.5886
45.995,raw,1219,4.0030,-0.1544,1.6032
45.995,raw,1235,3.9060,0.0143,1.6133
45.995,raw,1251,3.7776,0.1778,1.6250
45.995,raw,1267,3.8679,0.2772,1.6206
45.995,raw,1284,4.0232,0.3796,1.6114
45.995,raw,1300,4.1641,0.4887,1.6029
45.995,raw,1316,4.3772,0.6040,1.5890
45.995,raw,1332,4.5948,0.7379,1.5745
45.995,raw,1349,-10.0601,-6.5049,1.1832
45.995,raw,1365,-9.7522,-7.0505,1.1809
45.995,raw,1381,-9.4515,-7.6094,1.1766
45.995,raw,1397,-9.1130,-8.1488,1.1729
45.995,raw,1414,-8.7360,-8.7189,1.1682
45.995,raw,1430,-8.3830,-9.2725,1.1619
45.995,raw,1446,-8.0355,-9.8540,1.1531
45.995,raw,1462,-7.6897,-10.4685,1.1417
45.995,raw,1479,-7.2602,-11.0809,1.1313
45.995,raw,1495,-4.4314,-7.9840,1.3204
45.995,raw,1511,-6.3977,-12.2754,1.1072
45.995,raw,1527,-5.9364,-12.9000,1.0926
45.995,raw,1544,-5.4429,-13.6365,1.0726
45.995,raw,1560,-5.0646,-14.6453,1.0375
45.995,raw,1576,-4.6233,-15.6932,1.0003
45.995,raw,1592,-4.3386,-17.5084,0.9260
45.995,raw,1609,-4.7107,-22.7409,0.6921
45.995,raw,1625,-3.8996,-24.3389,0.6296
45.995,raw,1641,-2.7957,-24.9213,0.6126
45.995,raw,1657,-1.6710,-25.6481,0.5867
45.995,raw,1674,-0.3956,-26.1050,0.5711
45.995,raw,1690,0.8364,-26.6279,0.5496
45.995,raw,1706,2.1158,-27.2003,0.5233
45.995,raw,1722,4.3701,-0.7415,1.6440
45.995,raw,1739,4.1888,-0.4741,1.6568
45.995,raw,1755,4.0880,-0.2772,1.6645
45.995,raw,1771,3.9740,-0.0921,1.6724
45.995,raw,1787,3.8635,0.0758,1.6795
45.995,raw,1804,3.7776,0.2303,1.6852
45.995,raw,1820,3.9270,0.3187,1.6794
45.995,raw,1836,4.0861,0.4176,1.6731
45.995,raw,1852,4.2476,0.5294,1.6664
45.995,raw,1869,4.4649,0.6607,1.6570
45.995,raw,1885,4.6765,0.8028,1.6476
45.995,raw,1901,26.1761,12.1177,0.5580
45.995,raw,1917,-18.9265,18.1210,0.5881
45.995,raw,1934,-18.1474,15.8764,0.6800
45.995,raw,1950,-17.3962,13.9681,0.7591
45.995,raw,1966,-16.7438,12.3088,0.8257
45.995,raw,1982,-11.3119,8.0685,1.1372
45.995,raw,1999,-15.7096,9.5079,0.9299
45.995,raw,2015,-15.2737,8.3462,0.9706
45.995,raw,2031,-14.9564,7.3184,1.0022
45.995,raw,2047,-14.7991,6.4115,1.0233
45.995,raw,2064,-8.4000,-0.7193,1.5826
45.995,raw,2080,-14.3312,-2.4138,1.4470
45.995,raw,2096,-13.9457,-3.0741,1.4520
45.995,raw,2112,-13.6122,-3.7302,1.4552
45.995,raw,2129,-13.2515,-4.4115,1.4580
45.995,raw,2145,-12.9200,-5.0454,1.4598
45.995,raw,2161,-12.5916,-5.6742,1.4608
45.995,raw,2177,-11.9739,-6.1479,1.4684
45.995,raw,2194,-11.6794,-6.8263,1.4668
45.995,raw,2210,-11.3737,-7.4557,1.4652
45.995,raw,2226,-11.1381,-8.1456,1.4609
45.995,raw,2242,-10.6582,-8.6668,1.4624
45.995,raw,2259,-10.4016,-9.4353,1.4559
45.995,raw,2275,-9.9401,-9.9861,1.4552
45.995,raw,2291,-9.6749,-10.7502,1.4473
45.995,raw,2307,-9.2232,-11.3509,1.4442
45.995,raw,2324,-8.9123,-12.2309,1.4336
45.995,raw,2340,-8.3734,-12.7902,1.4308
45.995,raw,2356,-7.9991,-13.6290,1.4201
45.995,raw,2372,-7.4240,-14.2143,1.4157
45.995,raw,2389,-6.9949,-15.2355,1.4005
45.995,raw,2405,-8.4458,-20.3721,1.2846
45.995,raw,2421,-7.9783,-22.0741,1.2542
45.995,raw,2438,-7.3050,-23.8060,1.2237
45.995,raw,2454,-6.5844,-25.5843,1.1913
45.995,raw,2470,-5.5485,-26.6687,1.1743
45.995,raw,2486,-4.3922,-27.5287,1.1614
45.995,raw,2503,-3.0652,-28.2062,1.1517
45.995,raw,2519,-1.7893,-28.9900,1.1381
45.995,raw,2535,-0.4541,-29.7771,1.1232
45.995,raw,2551,0.9503,-30.2406,1.1141
45.995,raw,2568,2.4898,-30.7956,1.1014
45.995,raw,2584,4.0154,-31.5843,1.0820
45.995,raw,2600,5.6335,-32.4348,1.0596
45.995,raw,2616,4.3695,-0.7191,1.7246
45.995,raw,2633,4.1906,-0.4550,1.7307
45.995,raw,2649,4.0506,-0.2440,1.7354
45.995,raw,2665,3.9448,-0.0649,1.7389
45.995,raw,2681,3.8464,0.0967,1.7421
45.995,raw,2698,3.7702,0.2471,1.7446
45.995,raw,2714,3.9442,0.3309,1.7412
45.995,raw,2730,4.0828,0.4343,1.7386
45.995,raw,2746,4.2715,0.5440,1.7347
45.995,raw,2763,4.4802,0.6780,1.7304
45.995,raw,2779,4.7142,0.8218,1.7253
45.995,raw,2795,-24.6772,22.8986,1.0474
45.995,raw,2811,-24.2463,20.5853,1.0869
45.995,raw,2828,-23.2277,17.9517,1.1395
45.995,raw,2844,-23.1020,16.2456,1.1626
45.995,raw,2860,-21.6669,13.9031,1.2163
45.995,raw,2876,-21.1678,12.2849,1.2430
45.995,raw,2893,-20.0047,10.4117,1.2840
45.995,raw,2909,-20.1410,9.3098,1.2906
45.995,raw,2925,-19.2790,7.8932,1.3193
45.995,raw,2941,-18.4733,6.6150,1.3448
45.995,raw,2958,-17.8418,5.4278,1.3650
45.995,raw,2974,-18.1183,4.5580,1.3631
45.995,raw,2990,-17.4998,3.5493,1.3802
45.995,raw,3006,-16.9941,2.6214,1.3937
45.995,raw,3023,-16.5212,1.6984,1.4056
45.995,raw,3039,-16.0732,0.8758,1.4160
45.995,raw,3055,-15.6333,0.0943,1.4253
45.995,raw,3071,-15.2726,-0.6569,1.4321
45.995,raw,3088,-31.9230,-3.7048,1.8455
45.995,raw,3104,-33.1069,-5.4912,1.8474
45.995,raw,3120,-32.0862,-6.9070,1.8465
45.995,raw,3136,-31.0993,-8.2678,1.8456
45.995,raw,3153,-30.1354,-9.6803,1.8449
45.995,raw,3169,-29.2324,-10.9666,1.8444
45.995,raw,3185,-28.3314,-12.2157,1.8439
45.995,raw,3201,-15.8961,-7.7084,1.8261
45.995,raw,3218,-26.1124,-14.4918,1.8426
45.995,raw,3234,-25.6905,-15.9307,1.8431
45.995,raw,3250,-24.8352,-17.1170,1.8430
45.995,raw,3266,-23.9983,-18.3132,1.8430
45.995,raw,3283,-23.0704,-19.5590,1.8431
45.995,raw,3299,-22.0957,-20.6489,1.8431
45.995,raw,3315,-21.1371,-21.7575,1.8432
45.995,raw,3331,-20.1780,-22.8806,1.8434
45.995,raw,3348,-19.1818,-24.1317,1.8438
45.995,raw,3364,-18.2355,-25.3474,1.8443
45.995,raw,3380,-17.2804,-26.6167,1.8449
45.995,raw,3396,-16.2717,-27.8890,1.8456
45.995,raw,3413,-15.1843,-29.3298,1.8466
45.995,raw,3429,-14.1138,-30.7399,1.8476
45.995,raw,3445,4.2782,-0.5876,1.8044
45.995,raw,3461,4.1357,-0.3628,1.8041
45.995,raw,3478,3.9981,-0.1526,1.8039
45.995,raw,3494,3.8811,0.0222,1.8036
45.995,raw,3510,3.7793,0.1773,1.8034
45.995,raw,3526,3.8637,0.2781,1.8035
45.995,raw,3543,4.0123,0.3814,1.8037
45.995,raw,3559,4.1728,0.4877,1.8039
45.995,raw,3575,4.3660,0.6049,1.8041
45.995,raw,3591,4.5803,0.7384,1.8044
45.995,raw,3608,-18.9405,-0.2260,1.8275
45.995,raw,3624,-15.9414,-2.2846,2.2349
45.995,raw,3640,-16.8524,-4.2670,2.2680
45.995,raw,3657,-17.0684,-6.6350,2.2921
45.995,raw,3673,-14.7597,-6.6323,2.2396
45.995,raw,3689,-14.5145,-7.4242,2.2428
45.995,raw,3705,-11.7997,-8.7955,2.2035
45.995,raw,3722,4.3194,-0.6502,1.8828
45.995,raw,3738,4.1738,-0.4180,1.8771
45.995,raw,3754,4.0286,-0.2083,1.8717
45.995,raw,3770,3.9223,-0.0322,1.8678
45.995,raw,3787,3.8151,0.1369,1.8640
45.995,raw,3803,3.8159,0.2586,1.8633
45.995,raw,3819,3.9670,0.3500,1.8665
45.995,raw,3835,4.1096,0.4548,1.8696
45.995,raw,3852,4.3229,0.5736,1.8745
45.995,raw,3868,4.5342,0.7029,1.8795
45.995,raw,3884,4.7598,0.8512,1.8850
45.995,raw,3900,-32.2723,-4.0481,3.4377
45.995,raw,3917,-26.1519,-14.5139,3.3183
45.995,raw,3933,4.3949,-0.7544,1.9666
45.995,raw,3949,4.2248,-0.5007,1.9539
45.995,raw,3965,4.0848,-0.2852,1.9435
45.995,raw,3982,3.9649,-0.0889,1.9348
45.995,raw,3998,3.8473,0.0807,1.9268
45.995,raw,4014,3.7616,0.2269,1.9210
45.995,raw,4030,3.9075,0.3149,1.9269
45.995,raw,4047,4.0772,0.4190,1.9341
45.995,raw,4063,4.2414,0.5301,1.9412
45.995,raw,4079,4.4243,0.6540,1.9495
45.995,raw,4095,4.6576,0.7934,1.9605
45.995,raw,4112,-15.0302,-5.3190,3.0539
45.995,raw,4128,4.2786,-0.6088,2.0357
45.995,raw,4144,4.1618,-0.3933,2.0216
45.995,raw,4160,4.0231,-0.1884,2.0068
45.995,raw,4177,3.9072,-0.0025,1.9945
45.995,raw,4193,3.7831,0.1611,1.9826
45.995,raw,4209,3.8397,0.2683,1.9847
45.995,raw,4225,3.9882,0.3619,1.9938
45.995,raw,4242,4.1632,0.4723,2.0050
45.995,raw,4258,4.3439,0.5892,2.0170
45.995,raw,4274,4.5312,0.7215,2.0299
45.995,raw,4290,-17.0884,0.7721,3.1212
45.995,raw,4307,-16.2457,-2.0275,3.4974
45.995,raw,4323,-18.6760,-3.3762,3.7488
45.995,raw,4339,-18.4057,-4.2771,3.7433
45.995,raw,4355,-18.1098,-5.1667,3.7393
45.995,raw,4372,-16.3339,-5.6940,3.5951
45.995,raw,4388,-17.5598,-7.1527,3.7550
45.995,raw,4404,-17.2933,-8.0705,3.7678
45.995,raw,4420,-16.9446,-8.9605,3.7765
45.995,raw,4437,4.3578,-0.7351,2.1253
45.995,raw,4453,4.2176,-0.4974,2.1034
45.995,raw,4469,4.0771,-0.2820,2.0829
45.995,raw,4485,3.9672,-0.0982,2.0668
45.995,raw,4502,3.8580,0.0774,2.0517
45.995,raw,4518,3.7701,0.2247,2.0399
45.995,raw,4534,3.9057,0.3153,2.0506
45.995,raw,4550,4.0613,0.4134,2.0636
45.995,raw,4567,4.2261,0.5317,2.0777
45.995,raw,4583,4.4344,0.6534,2.0965
45.995,raw,4599,4.6394,0.7937,2.1156
45.995,raw,4615,-16.9493,0.4048,3.5428
45.995,raw,4632,-16.6523,-0.4690,3.5185
45.995,raw,4648,-16.4216,-1.2763,3.5040
45.995,raw,4664,-15.9725,-2.5477,3.8981
45.995,raw,4680,-15.6456,-3.3022,3.8794
45.995,raw,4697,-15.3254,-4.0974,3.8673
45.995,raw,4713,-15.0879,-4.8604,3.8682
45.995,raw,4729,-14.8631,-5.8478,3.8849
45.995,raw,4745,-14.6119,-6.6194,3.8945
45.995,raw,4762,-14.3476,-7.4522,3.9105
45.995,raw,4778,3.9943,-0.1425,2.1380
45.995,raw,4794,3.8741,0.0325,2.1177
45.995,raw,4810,3.7811,0.1844,2.1020
45.995,raw,4827,3.8630,0.2935,2.1085
45.995,raw,4843,4.0067,0.3903,2.1231
45.995,raw,4859,-17.0625,-0.4989,3.9946
47.934,raw,0,4.3659,-0.7745,1.1581
47.934,raw,16,4.1920,-0.5141,1.2098
47.934,raw,32,4.0597,-0.2992,1.2494
47.934,raw,49,3.9359,-0.0994,1.2851
47.934,raw,65,3.8233,0.0698,1.3157
47.934,raw,82,3.7273,0.2265,1.3415
47.934,raw,98,3.8575,0.3120,1.3216
47.934,raw,115,3.9999,0.4132,1.2991
47.934,raw,131,4.1755,0.5142,1.2692
47.934,raw,147,4.3603,0.6293,1.2369
47.934,raw,164,4.5702,0.7689,1.1989
47.934,raw,180,4.3346,-0.7132,1.2498
47.934,raw,197,4.1623,-0.4502,1.2944
47.934,raw,213,4.0216,-0.2376,1.3297
47.934,raw,230,3.9109,-0.0485,1.3579
47.934,raw,246,3.8001,0.1158,1.3838
47.934,raw,262,3.7480,0.2500,1.3981
47.934,raw,279,3.8988,0.3406,1.3774
47.934,raw,295,4.0538,0.4354,1.3552
47.934,raw,312,4.2327,0.5485,1.3287
47.934,raw,328,4.4266,0.6680,1.2987
47.934,raw,345,4.6252,0.8139,1.2672
47.934,raw,361,4.2698,-0.6255,1.3439
47.934,raw,377,4.1281,-0.3955,1.3759
47.934,raw,394,4.0002,-0.1846,1.4040
47.934,raw,410,3.8628,0.0012,1.4312
47.934,raw,427,3.7540,0.1675,1.4529
47.934,raw,443,3.7963,0.2744,1.4511
47.934,raw,460,3.9477,0.3688,1.4332
47.934,raw,476,4.1149,0.4658,1.4124
47.934,raw,493,4.2822,0.5852,1.3912
47.934,raw,509,4.4766,0.7094,1.3653
47.934,raw,525,4.6681,0.8510,1.3391
47.934,raw,542,-4.5425,-8.0102,0.5592
47.934,raw,558,4.3160,-0.6924,1.4130
47.934,raw,575,4.1426,-0.4312,1.4447
47.934,raw,591,4.0040,-0.2213,1.4693
47.934,raw,608,3.8871,-0.0317,1.4899
47.934,raw,624,3.7872,0.1274,1.5068
47.934,raw,640,3.7557,0.2553,1.5144
47.934,raw,657,3.9162,0.3446,1.4986
47.934,raw,673,4.0610,0.4422,1.4841
47.934,raw,690,4.2370,0.5564,1.4655
47.934,raw,706,4.4297,0.6767,1.4444
47.934,raw,723,4.6663,0.8226,1.4176
47.934,raw,739,-4.7289,-7.9561,0.8063
47.934,raw,755,-4.3816,-8.3313,0.7949
47.934,raw,772,-4.9062,-10.3538,0.6090
47.934,raw,788,-4.5061,-10.8756,0.5837
47.934,raw,805,-4.0367,-11.4013,0.5581
47.934,raw,821,4.3267,-0.7309,1.4893
47.934,raw,838,4.1737,-0.4754,1.5127
47.934,raw,854,4.0294,-0.2589,1.5331
47.934,raw,870,3.9175,-0.0757,1.5490
47.934,raw,887,3.8100,0.0973,1.5637
47.934,raw,903,3.7382,0.2380,1.5737
47.934,raw,920,3.8845,0.3286,1.5625
47.934,raw,936,4.0266,0.4242,1.5513
47.934,raw,953,4.2069,0.5350,1.5362
47.934,raw,969,4.4031,0.6521,1.5191
47.934,raw,986,4.6350,0.7950,1.4983
47.934,raw,1002,-6.9173,-9.4486,0.8863
47.934,raw,1018,-6.5466,-9.9729,0.8732
47.934,raw,1035,-4.4588,-7.9946,1.0675
47.934,raw,1051,-5.7956,-11.1990,0.8311
47.934,raw,1068,-5.3272,-11.7797,0.8119
47.934,raw,1084,-4.9288,-12.4773,0.7812
47.934,raw,1101,-4.5278,-13.3938,0.7346
47.934,raw,1117,-4.1379,-14.4039,0.6793
47.934,raw,1133,-3.7177,-15.5700,0.6122
47.934,raw,1150,-3.2179,-17.0021,0.5265
47.934,raw,1166,4.2588,-0.5988,1.5768
47.934,raw,1183,4.1030,-0.3555,1.5937
47.934,raw,1199,3.9644,-0.1530,1.6080
47.934,raw,1216,3.8440,0.0315,1.6202
47.934,raw,1232,3.7344,0.1880,1.6307
47.934,raw,1248,3.8256,0.2821,1.6262
47.934,raw,1265,3.9765,0.3787,1.6174
47.934,raw,1281,4.0989,0.4841,1.6103
47.934,raw,1298,4.3208,0.5984,1.5960
47.934,raw,1314,4.5016,0.7261,1.5842
47.934,raw,1331,-13.5112,12.3873,0.5010
47.934,raw,1347,-9.8370,-6.5298,1.1885
47.934,raw,1363,-9.6700,-7.1723,1.1780
47.934,raw,1380,-9.3748,-7.7916,1.1716
47.934,raw,1396,-9.0492,-8.3510,1.1665
47.934,raw,1413,-8.7210,-8.9807,1.1579
47.934,raw,1429,-8.3973,-9.5841,1.1486
47.934,raw,1446,-8.0464,-10.2514,1.1365
47.934,raw,1462,-7.6914,-10.8885,1.1241
47.934,raw,1479,-4.7857,-7.9837,1.3090
47.934,raw,1495,-4.3364,-8.2010,1.3120
47.934,raw,1511,-6.4683,-12.9570,1.0764
47.934,raw,1528,-5.9287,-13.6115,1.0617
47.934,raw,1544,-5.5080,-14.4964,1.0336
47.934,raw,1561,-5.1423,-15.8208,0.9844
47.934,raw,1577,-6.1975,-21.5072,0.7247
47.934,raw,1594,-5.4893,-23.2330,0.6593
47.934,raw,1610,-4.7279,-25.0247,0.5891
47.934,raw,1626,-3.6078,-25.6868,0.5701
47.934,raw,1643,-2.3765,-26.4210,0.5461
47.934,raw,1659,-1.1892,-27.3481,0.5103
47.934,raw,1676,4.3107,-0.7004,1.6486
47.934,raw,1692,4.1522,-0.4552,1.6600
47.934,raw,1709,4.0150,-0.2349,1.6698
47.934,raw,1725,3.8984,-0.0522,1.6778
47.934,raw,1741,3.7925,0.1105,1.6848
47.934,raw,1758,3.7651,0.2455,1.6877
47.934,raw,1774,3.8988,0.3330,1.6827
47.934,raw,1791,4.0562,0.4350,1.6765
47.934,raw,1807,4.2164,0.5421,1.6699
47.934,raw,1824,4.4114,0.6691,1.6616
47.934,raw,1840,4.6162,0.8047,1.6526
47.934,raw,1856,26.1201,12.0750,0.5637
47.934,raw,1873,-17.3065,19.6421,0.5945
47.934,raw,1889,-16.8845,17.6039,0.6726
47.934,raw,1906,-16.2716,15.5227,0.7559
47.934,raw,1922,-15.9109,13.9286,0.8139
47.934,raw,1939,-15.5449,12.3988,0.8680
47.934,raw,1955,-15.1039,11.0216,0.9190
47.934,raw,1972,-11.3266,7.8632,1.1400
47.934,raw,1988,-14.3421,8.6037,1.0026
47.934,raw,2004,-13.9262,7.5437,1.0401
47.934,raw,2021,-13.6522,6.5677,1.0684
47.934,raw,2037,-13.7583,-1.0509,1.4633
47.934,raw,2054,-8.3857,-0.8571,1.5812
47.934,raw,2070,-13.2509,-2.4180,1.4691
47.934,raw,2087,-13.0109,-3.1114,1.4705
47.934,raw,2103,-12.7510,-3.7486,1.4720
47.934,raw,2119,-12.5069,-4.3869,1.4724
47.934,raw,2136,-12.2742,-5.0765,1.4714
47.934,raw,2152,-12.0176,-5.7132,1.4706
47.934,raw,2169,-11.6687,-6.3533,1.4709
47.934,raw,2185,-11.4376,-7.0161,1.4679
47.934,raw,2202,-11.1692,-7.7231,1.4644
47.934,raw,2218,-10.7662,-8.2949,1.4643
47.934,raw,2234,-10.5605,-9.0330,1.4577
47.934,raw,2251,-10.3911,-9.9052,1.4479
47.934,raw,2267,-9.9964,-10.5485,1.4443
47.934,raw,2284,-9.8217,-11.5295,1.4313
47.934,raw,2300,-9.4270,-12.2587,1.4248
47.934,raw,2317,-9.0758,-13.1781,1.4136
47.934,raw,2333,-8.7641,-14.1553,1.3999
47.934,raw,2349,-8.2701,-14.9459,1.3912
47.934,raw,2366,-9.5565,-19.1984,1.2957
47.934,raw,2382,-9.0793,-20.6190,1.2726
47.934,raw,2399,-8.5208,-22.2822,1.2443
47.934,raw,2415,-8.0568,-24.3455,1.2059
47.934,raw,2432,-7.3628,-26.4949,1.1660
47.934,raw,2448,-6.3538,-27.8265,1.1441
47.934,raw,2465,-5.0998,-28.8906,1.1279
47.934,raw,2481,-3.8101,-29.6593,1.1166
47.934,raw,2497,-2.4687,-30.4148,1.1044
47.934,raw,2514,-0.9920,-31.3265,1.0876
47.934,raw,2530,0.4654,-32.3202,1.0673
47.934,raw,2547,2.1013,-32.9628,1.0532
47.934,raw,2563,3.6994,-33.5391,1.0389
47.934,raw,2580,4.2747,-0.6385,1.7279
47.934,raw,2596,4.1324,-0.4070,1.7330
47.934,raw,2612,3.9792,-0.1936,1.7380
47.934,raw,2629,3.8762,-0.0116,1.7415
47.934,raw,2645,3.7584,0.1512,1.7451
47.934,raw,2662,3.7801,0.2710,1.7454
47.934,raw,2678,3.9313,0.3567,1.7425
47.934,raw,2695,4.0959,0.4606,1.7393
47.934,raw,2711,4.2732,0.5692,1.7358
47.934,raw,2727,4.4458,0.6933,1.7322
47.934,raw,2744,4.6849,0.8414,1.7270
47.934,raw,2760,-22.4762,24.4263,1.0602
47.934,raw,2777,-21.2286,21.1113,1.1304
47.934,raw,2793,-20.5867,18.7873,1.1745
47.934,raw,2810,-19.5316,16.2891,1.2267
47.934,raw,2826,-18.8592,14.4026,1.2628
47.934,raw,2842,-18.0224,12.5896,1.2998
47.934,raw,2859,-11.3301,7.7230,1.4814
47.934,raw,2875,-17.2341,9.8279,1.3442
47.934,raw,2892,-16.7734,8.5381,1.3652
47.934,raw,2908,-16.6775,7.5370,1.3753
47.934,raw,2925,-16.2735,6.4244,1.3916
47.934,raw,2941,-15.9202,5.4508,1.4051
47.934,raw,2958,-15.8348,4.5389,1.4116
47.934,raw,2974,-15.5113,3.6653,1.4222
47.934,raw,2990,-15.2137,2.8375,1.4313
47.934,raw,3007,-14.8945,1.9974,1.4400
47.934,raw,3023,-14.6345,1.2413,1.4466
47.934,raw,3040,-14.3174,0.4669,1.4535
47.934,raw,3056,-14.0669,-0.2388,1.4583
47.934,raw,3073,-13.8125,-0.9698,1.4623
47.934,raw,3089,-30.2655,-4.3542,1.8435
47.934,raw,3105,-29.7045,-5.7423,1.8431
47.934,raw,3122,-29.0481,-7.1742,1.8426
47.934,raw,3138,-28.4167,-8.4924,1.8423
47.934,raw,3155,-17.8928,-6.2369,1.8278
47.934,raw,3171,-17.0594,-6.9101,1.8271
47.934,raw,3188,-26.4595,-12.5145,1.8418
47.934,raw,3204,-25.8748,-13.8125,1.8419
47.934,raw,3220,-25.2425,-15.0928,1.8421
47.934,raw,3237,-24.5902,-16.4804,1.8423
47.934,raw,3253,-11.8738,-8.8937,1.8223
47.934,raw,3270,-23.2652,-19.2164,1.8431
47.934,raw,3286,-22.6167,-20.5974,1.8436
47.934,raw,3303,-21.8663,-22.0664,1.8442
47.934,raw,3319,-21.1053,-23.4548,1.8449
47.934,raw,3335,-20.0569,-24.5740,1.8451
47.934,raw,3352,-19.5081,-26.5348,1.8467
47.934,raw,3368,-18.7025,-28.1547,1.8478
47.934,raw,3385,4.2310,-0.5641,1.8043
47.934,raw,3401,4.0958,-0.3429,1.8040
47.934,raw,3418,3.9522,-0.1310,1.8037
47.934,raw,3434,3.8320,0.0435,1.8035
47.934,raw,3451,3.7391,0.2013,1.8033
47.934,raw,3467,3.8388,0.2938,1.8034
47.934,raw,3483,3.9560,0.3902,1.8036
47.934,raw,3500,4.1501,0.4931,1.8038
47.934,raw,3516,4.3130,0.6077,1.8040
47.934,raw,3533,4.5475,0.7423,1.8043
47.934,raw,3549,-33.9834,4.8569,1.8482
47.934,raw,3566,-33.3960,3.0780,1.8472
47.934,raw,3582,-32.7293,1.4642,1.8462
47.934,raw,3598,-32.0781,-0.0860,1.8453
47.934,raw,3615,-17.0116,-0.5566,1.8250
47.934,raw,3631,-16.5717,-1.3033,2.2480
47.934,raw,3648,-15.9711,-2.3023,2.2370
47.934,raw,3664,-15.9047,-3.2239,2.2401
47.934,raw,3681,-15.8749,-4.1721,2.2454
47.934,raw,3697,-17.9005,-5.9266,2.3065
47.934,raw,3713,-14.9156,-6.0606,2.2387
47.934,raw,3730,-14.9903,-7.1159,2.2513
47.934,raw,3746,-15.0815,-8.1198,2.2647
47.934,raw,3763,4.3645,-0.7737,1.8845
47.934,raw,3779,4.1925,-0.5144,1.8777
47.934,raw,3796,4.0347,-0.2792,1.8717
47.934,raw,3812,3.9448,-0.1028,1.8680
47.934,raw,3828,3.8131,0.0732,1.8635
47.934,raw,3845,3.7128,0.2305,1.8600
47.934,raw,3861,3.8529,0.3130,1.8629
47.934,raw,3878,4.0146,0.4106,1.8663
47.934,raw,3894,4.1615,0.5160,1.8695
47.934,raw,3911,4.4046,0.6345,1.8752
47.934,raw,3927,4.5745,0.7688,1.8793
47.934,raw,3944,-17.0499,0.3436,2.2568
47.934,raw,3960,-16.8363,-0.4903,2.2526
47.934,raw,3976,-16.5907,-1.3064,2.2485
47.934,raw,3993,-15.1105,-5.0497,2.6449
47.934,raw,4009,-20.3102,-23.9915,3.3912
47.934,raw,4026,4.2743,-0.6383,1.9575
47.934,raw,4042,4.1301,-0.4060,1.9463
47.934,raw,4059,3.9798,-0.1851,1.9354
47.934,raw,4075,3.8595,-0.0057,1.9270
47.934,raw,4091,3.7594,0.1509,1.9200
47.934,raw,4108,3.7913,0.2682,1.9200
47.934,raw,4124,3.9162,0.3598,1.9249
47.934,raw,4141,4.1029,0.4596,1.9329
47.934,raw,4157,4.2531,0.5713,1.9394
47.934,raw,4174,4.4773,0.7005,1.9497
47.934,raw,4190,4.7029,0.8412,1.9604
47.934,raw,4206,-14.2088,-8.1144,3.0906
47.934,raw,4223,4.2259,-0.5717,2.0290
47.934,raw,4239,4.0786,-0.3445,2.0125
47.934,raw,4256,3.9435,-0.1361,1.9977
47.934,raw,4272,3.8401,0.0329,1.9866
47.934,raw,4289,3.7248,0.1981,1.9752
47.934,raw,4305,3.8367,0.2869,1.9813
47.934,raw,4321,3.9699,0.3799,1.9893
47.934,raw,4338,4.1422,0.4861,2.0002
47.934,raw,4354,4.3189,0.5986,2.0119
47.934,raw,4371,4.5200,0.7343,2.0256
47.934,raw,4387,-17.1105,0.7672,3.1263
47.934,raw,4404,-19.1776,-2.5234,3.7858
47.934,raw,4420,-18.6595,-3.5130,3.7551
47.934,raw,4437,-18.3766,-4.4743,3.7506
47.934,raw,4453,-18.0721,-5.3647,3.7469
47.934,raw,4469,-17.8369,-6.4051,3.7584
47.934,raw,4486,-17.5360,-7.3686,3.7664
47.934,raw,4502,-17.2517,-8.2857,3.7786
47.934,raw,4519,-15.7913,-8.6360,3.6706
47.934,raw,4535,4.1486,-0.4437,2.0923
47.934,raw,4552,4.0183,-0.2273,2.0726
47.934,raw,4568,3.8956,-0.0430,2.0553
47.934,raw,4584,3.7856,0.1203,2.0404
47.934,raw,4601,3.7573,0.2549,2.0343
47.934,raw,4617,3.9020,0.3399,2.0459
47.934,raw,4634,4.0684,0.4410,2.0598
47.934,raw,4650,4.2378,0.5480,2.0744
47.934,raw,4667,4.4276,0.6768,2.0913
47.934,raw,4683,4.6377,0.8137,2.1108
47.934,raw,4699,-19.8931,-0.1663,3.8299
47.934,raw,4716,-19.5818,-1.1810,3.8074
47.934,raw,4732,-16.3196,-1.6350,3.9271
47.934,raw,4749,-15.8377,-2.5857,3.8896
47.934,raw,4765,-15.5867,-3.3551,3.8806
47.934,raw,4782,-15.3219,-4.1671,3.8758
47.934,raw,4798,-15.0958,-4.9377,3.8787
47.934,raw,4814,-14.8597,-5.9269,3.8949
47.934,raw,4831,-14.6100,-6.7604,3.9083
47.934,raw,4847,-14.3676,-7.5544,3.9252
47.934,raw,4864,3.7902,0.1341,2.1002
47.934,raw,4880,3.7813,0.2560,2.0953
47.934,raw,4897,-17.0439,0.3438,3.9932
47.934,raw,4913,-16.6919,-0.4795,3.9564
49.262,raw,0,4.3506,-0.7002,1.1687
49.262,raw,17,4.1858,-0.4356,1.2193
49.262,raw,34,4.0325,-0.2043,1.2639
49.262,raw,51,3.9240,-0.0143,1.2963
49.262,raw,68,3.8111,0.1598,1.3272
49.262,raw,85,3.7370,0.3070,1.3485
49.262,raw,103,3.8977,0.3992,1.3232
49.262,raw,120,4.0565,0.4984,1.2973
49.262,raw,137,4.2303,0.6096,1.2678
49.262,raw,154,4.4322,0.7346,1.2321
49.262,raw,171,4.6545,0.8781,1.1915
49.262,raw,189,4.2370,-0.5220,1.2799
49.262,raw,206,4.0944,-0.2866,1.3179
49.262,raw,223,3.9629,-0.0795,1.3511
49.262,raw,240,3.8427,0.1031,1.3800
49.262,raw,257,3.7575,0.2580,1.4010
49.262,raw,275,3.8364,0.3687,1.3931
49.262,raw,292,3.9836,0.4649,1.3727
49.262,raw,309,4.1487,0.5713,1.3486
49.262,raw,326,4.3481,0.6894,1.3182
49.262,raw,343,4.5700,0.8253,1.2832
49.262,raw,361,4.3101,-0.6236,1.3402
49.262,raw,378,4.1333,-0.3613,1.3789
49.262,raw,395,4.0149,-0.1525,1.4061
49.262,raw,412,3.9008,0.0351,1.4305
49.262,raw,429,3.7723,0.2095,1.4554
49.262,raw,447,3.7919,0.3358,1.4575
49.262,raw,464,3.9412,0.4276,1.4399
49.262,raw,481,4.1172,0.5280,1.4181
49.262,raw,498,4.2902,0.6444,1.3961
49.262,raw,515,4.4839,0.7753,1.3704
49.262,raw,532,4.7338,0.9243,1.3360
49.262,raw,550,-4.4730,-8.0149,0.5541
49.262,raw,567,4.2696,-0.5701,1.4254
49.262,raw,584,4.1155,-0.3244,1.4542
49.262,raw,601,3.9801,-0.1120,1.4785
49.262,raw,618,3.8496,0.0773,1.5006
49.262,raw,636,3.7427,0.2478,1.5185
49.262,raw,653,3.8211,0.3504,1.5128
49.262,raw,670,3.9743,0.4438,1.4977
49.262,raw,687,4.1288,0.5501,1.4820
49.262,raw,704,4.3374,0.6650,1.4595
49.262,raw,722,4.5339,0.8086,1.4378
49.262,raw,739,-5.6990,-8.8642,0.6785
49.262,raw,756,-4.4395,-8.0200,0.8091
49.262,raw,773,-4.9336,-9.8949,0.6374
49.262,raw,790,-4.5204,-10.4283,0.6128
49.262,raw,808,-4.0578,-11.0106,0.5832
49.262,raw,825,-3.6664,-11.7594,0.5338
49.262,raw,842,4.2815,-0.5870,1.5000
49.262,raw,859,4.1081,-0.3304,1.5250
49.262,raw,876,3.9870,-0.1235,1.5430
49.262,raw,894,3.8599,0.0736,1.5605
49.262,raw,911,3.7460,0.2396,1.5753
49.262,raw,928,3.8301,0.3409,1.5703
49.262,raw,945,3.9753,0.4360,1.5590
49.262,raw,962,4.1359,0.5412,1.5460
49.262,raw,980,4.3232,0.6663,1.5301
49.262,raw,997,4.5219,0.8002,1.5126
49.262,raw,1014,-6.9155,-9.0743,0.9010
49.262,raw,1031,-6.5167,-9.6025,0.8895
49.262,raw,1048,-4.5729,-7.8880,1.0639
49.262,raw,1065,-5.7259,-10.7778,0.8531
49.262,raw,1083,-5.2790,-11.4427,0.8287
49.262,raw,1100,-4.8605,-12.1599,0.7977
49.262,raw,1117,-4.4474,-13.0071,0.7561
49.262,raw,1134,-4.0384,-14.0425,0.6998
49.262,raw,1151,-3.5932,-15.2357,0.6316
49.262,raw,1169,-3.0569,-16.6798,0.5457
49.262,raw,1186,4.2802,-0.5968,1.5761
49.262,raw,1203,4.1062,-0.3389,1.5949
49.262,raw,1220,3.9809,-0.1296,1.6087
49.262,raw,1237,3.8850,0.0488,1.6193
49.262,raw,1255,3.7451,0.2326,1.6324
49.262,raw,1272,3.8029,0.3403,1.6306
49.262,raw,1289,3.9470,0.4340,1.6223
49.262,raw,1306,4.1218,0.5353,1.6116
49.262,raw,1323,4.2991,0.6518,1.6004
49.262,raw,1341,4.5209,0.7913,1.5858
49.262,raw,1358,-13.5031,12.4146,0.5006
49.262,raw,1375,-9.7024,-6.4949,1.1912
49.262,raw,1392,-9.4877,-7.1490,1.1820
49.262,raw,1409,-9.1974,-7.7686,1.1751
49.262,raw,1427,-8.8370,-8.4007,1.1687
49.262,raw,1444,-8.5001,-9.0224,1.1602
49.262,raw,1461,-8.1680,-9.6789,1.1489
49.262,raw,1478,-7.7565,-10.2794,1.1404
49.262,raw,1495,-7.3490,-10.9186,1.1289
49.262,raw,1513,-4.4523,-7.9280,1.3161
49.262,raw,1530,-6.4841,-12.3618,1.0959
49.262,raw,1547,-6.0051,-13.0713,1.0784
49.262,raw,1564,-5.5177,-13.8557,1.0564
49.262,raw,1581,-5.1689,-15.1066,1.0107
49.262,raw,1598,-4.7296,-16.4017,0.9627
49.262,raw,1616,-5.4916,-22.2991,0.6967
49.262,raw,1633,-4.8210,-24.5368,0.6063
49.262,raw,1650,-3.6477,-25.2152,0.5876
49.262,raw,1667,-2.4351,-25.9234,0.5650
49.262,raw,1684,-1.1831,-26.7653,0.5337
49.262,raw,1702,0.2332,-27.3311,0.5123
49.262,raw,1719,4.2619,-0.5661,1.6538
49.262,raw,1736,4.1077,-0.3207,1.6650
49.262,raw,1753,3.9672,-0.1068,1.6748
49.262,raw,1770,3.8561,0.0750,1.6825
49.262,raw,1788,3.7488,0.2460,1.6895
49.262,raw,1805,3.8203,0.3506,1.6876
49.262,raw,1822,3.9781,0.4431,1.6815
49.262,raw,1839,4.1480,0.5474,1.6746
49.262,raw,1856,4.3207,0.6665,1.6675
49.262,raw,1874,4.5274,0.8089,1.6585
49.262,raw,1891,21.9596,9.4602,0.7878
49.262,raw,1908,-17.9702,21.4588,0.5148
49.262,raw,1925,-17.1345,18.7450,0.6294
49.262,raw,1942,-16.7116,16.7118,0.7060
49.262,raw,1960,-16.3492,14.8493,0.7727
49.262,raw,1977,-15.7256,13.0583,0.8442
49.262,raw,1994,-15.1843,11.4983,0.9042
49.262,raw,2011,-14.7552,10.1476,0.9527
49.262,raw,2028,-14.3794,8.9380,0.9938
49.262,raw,2046,-14.0096,7.7723,1.0318
49.262,raw,2063,-13.7405,6.7848,1.0603
49.262,raw,2080,-13.7271,-0.9414,1.4632
49.262,raw,2097,-8.4256,-0.7766,1.5794
49.262,raw,2114,-13.1616,-2.3408,1.4702
49.262,raw,2131,-12.8933,-3.0241,1.4722
49.262,raw,2149,-12.5950,-3.7343,1.4740
49.262,raw,2166,-12.3324,-4.4064,1.4744
49.262,raw,2183,-12.0776,-5.0819,1.4739
49.262,raw,2200,-11.7331,-5.7166,1.4747
49.262,raw,2217,-11.5180,-6.4225,1.4715
49.262,raw,2235,-11.2631,-7.1732,1.4678
49.262,raw,2252,-10.9522,-7.8543,1.4651
49.262,raw,2269,-10.5456,-8.4776,1.4640
49.262,raw,2286,-10.2323,-9.1905,1.4593
49.262,raw,2303,-9.8120,-9.8322,1.4566
49.262,raw,2321,-9.5923,-10.7731,1.4453
49.262,raw,2338,-9.1908,-11.5123,1.4390
49.262,raw,2355,-8.9237,-12.4741,1.4263
49.262,raw,2372,-4.8752,-8.1075,1.5568
49.262,raw,2389,-8.0657,-14.2177,1.4055
49.262,raw,2407,-9.5087,-18.7137,1.3038
49.262,raw,2424,-9.0129,-20.1898,1.2801
49.262,raw,2441,-8.4449,-21.7705,1.2537
49.262,raw,2458,-7.9364,-23.8467,1.2154
49.262,raw,2475,-7.2596,-25.9624,1.1763
49.262,raw,2493,-6.1449,-27.4555,1.1516
49.262,raw,2510,-4.8969,-28.4792,1.1361
49.262,raw,2527,-3.5306,-29.2269,1.1255
49.262,raw,2544,-2.1119,-29.9609,1.1137
49.262,raw,2561,-0.6535,-30.9393,1.0951
49.262,raw,2579,0.9868,-31.8203,1.0771
49.262,raw,2596,2.6069,-32.3564,1.0649
49.262,raw,2613,4.3106,-33.1925,1.0442
49.262,raw,2630,4.2975,-0.6061,1.7280
49.262,raw,2647,4.1317,-0.3510,1.7338
49.262,raw,2664,3.9891,-0.1330,1.7386
49.262,raw,2682,3.8568,0.0668,1.7429
49.262,raw,2699,3.7429,0.2332,1.7465
49.262,raw,2716,3.8212,0.3358,1.7454
49.262,raw,2733,3.9466,0.4341,1.7432
49.262,raw,2750,4.1052,0.5377,1.7401
49.262,raw,2768,4.2963,0.6605,1.7363
49.262,raw,2785,4.5049,0.7920,1.7319
49.262,raw,2802,23.7163,10.4913,1.2647
49.262,raw,2819,-22.8451,24.4956,1.0536
49.262,raw,2836,-21.5508,21.1555,1.1246
49.262,raw,2854,-20.6944,18.4577,1.1773
49.262,raw,2871,-19.4742,15.8896,1.2330
49.262,raw,2888,-18.7488,13.9292,1.2705
49.262,raw,2905,-17.9200,12.0977,1.3072
49.262,raw,2922,-17.7082,10.7627,1.3254
49.262,raw,2940,-17.1591,9.2959,1.3504
49.262,raw,2957,-17.0038,8.1659,1.3632
49.262,raw,2974,-16.5655,6.9979,1.3811
49.262,raw,2991,-16.1341,5.9119,1.3973
49.262,raw,3008,-15.7555,4.9095,1.4109
49.262,raw,3026,-15.6614,3.9668,1.4171
49.262,raw,3043,-15.3111,3.0679,1.4278
49.262,raw,3060,-14.9516,2.2134,1.4376
49.262,raw,3077,-14.6508,1.4021,1.4452
49.262,raw,3094,-14.3236,0.6231,1.4525
49.262,raw,3111,-14.0221,-0.1272,1.4584
49.262,raw,3129,-13.7529,-0.9010,1.4627
49.262,raw,3146,-8.9356,-0.8040,1.8142
49.262,raw,3163,-30.7272,-6.0928,1.8446
49.262,raw,3180,-29.9161,-7.5386,1.8440
49.262,raw,3197,-29.1786,-8.9665,1.8436
49.262,raw,3215,-28.3483,-10.4299,1.8432
49.262,raw,3232,-27.5847,-11.7945,1.8429
49.262,raw,3249,-26.8260,-13.1451,1.8428
49.262,raw,3266,-26.0596,-14.4828,1.8427
49.262,raw,3283,-25.3260,-15.8395,1.8428
49.262,raw,3301,-24.5352,-17.2792,1.8430
49.262,raw,3318,-23.7666,-18.6435,1.8432
49.262,raw,3335,-22.9906,-20.0311,1.8436
49.262,raw,3352,-22.1863,-21.4344,1.8441
49.262,raw,3369,-21.3896,-22.8994,1.8447
49.262,raw,3387,-20.2305,-24.1678,1.8449
49.262,raw,3404,-19.6394,-26.0419,1.8464
49.262,raw,3421,-18.7456,-27.6754,1.8474
49.262,raw,3438,4.2882,-0.5800,1.8044
49.262,raw,3455,4.1032,-0.3186,1.8040
49.262,raw,3473,3.9692,-0.0991,1.8037
49.262,raw,3490,3.8561,0.0828,1.8035
49.262,raw,3507,3.7393,0.2488,1.8033
49.262,raw,3524,3.8174,0.3513,1.8033
49.262,raw,3541,3.9680,0.4450,1.8035
49.262,raw,3559,4.1380,0.5568,1.8037
49.262,raw,3576,4.3336,0.6738,1.8040
49.262,raw,3593,4.5508,0.8079,1.8042
49.262,raw,3610,-34.1401,0.2306,1.8482
49.262,raw,3627,-33.2799,-1.4516,1.8471
49.262,raw,3644,-32.0241,-3.0141,1.8456
49.262,raw,3662,-15.9722,-2.1915,2.2379
49.262,raw,3679,-16.1195,-3.2177,2.2467
49.262,raw,3696,-15.8883,-4.0674,2.2465
49.262,raw,3713,-15.0977,-5.2627,2.2372
49.262,raw,3730,-15.4831,-6.4836,2.2574
49.262,raw,3748,-15.8307,-7.7886,2.2790
49.262,raw,3765,-20.3710,-23.8945,2.6186
49.262,raw,3782,4.2714,-0.5816,1.8800
49.262,raw,3799,4.1028,-0.3279,1.8735
49.262,raw,3816,3.9748,-0.1185,1.8685
49.262,raw,3834,3.8382,0.0813,1.8635
49.262,raw,3851,3.7588,0.2357,1.8605
49.262,raw,3868,3.8201,0.3434,1.8612
49.262,raw,3885,3.9667,0.4377,1.8643
49.262,raw,3902,4.1098,0.5450,1.8673
49.262,raw,3920,4.3308,0.6656,1.8724
49.262,raw,3937,4.5230,0.8001,1.8769
49.262,raw,3954,-17.0983,0.5682,2.2590
49.262,raw,3971,-16.8579,-0.3222,2.2540
49.262,raw,3988,-16.5885,-1.1915,2.2494
49.262,raw,4006,-15.0952,-5.2618,2.6508
49.262,raw,4023,-20.0258,-24.2213,3.3944
49.262,raw,4040,4.2054,-0.4854,1.9508
49.262,raw,4057,4.0501,-0.2481,1.9390
49.262,raw,4074,3.9359,-0.0520,1.9303
49.262,raw,4092,3.8171,0.1350,1.9218
49.262,raw,4109,3.7319,0.2870,1.9158
49.262,raw,4126,3.8659,0.3766,1.9210
49.262,raw,4143,4.0076,0.4759,1.9267
49.262,raw,4160,4.1871,0.5823,1.9345
49.262,raw,4177,4.4026,0.7021,1.9442
49.262,raw,4195,4.6163,0.8512,1.9542
49.262,raw,4212,-15.0859,-5.2583,3.0647
49.262,raw,4229,4.1951,-0.4802,2.0234
49.262,raw,4246,4.0714,-0.2577,2.0085
49.262,raw,4263,3.9246,-0.0476,1.9929
49.262,raw,4281,3.8145,0.1358,1.9810
49.262,raw,4298,3.7417,0.2842,1.9729
49.262,raw,4315,3.8650,0.3768,1.9798
49.262,raw,4332,4.0068,0.4760,1.9884
49.262,raw,4349,4.1878,0.5822,2.0001
49.262,raw,4367,4.3990,0.7110,2.0142
49.262,raw,4384,4.6223,0.8511,2.0297
49.262,raw,4401,-19.3751,-1.8841,3.8004
49.262,raw,4418,-17.4728,-2.6297,3.6327
49.262,raw,4435,-18.5358,-3.8504,3.7562
49.262,raw,4453,-18.2338,-4.8678,3.7534
49.262,raw,4470,-17.8882,-5.8074,3.7495
49.262,raw,4487,-17.6686,-6.9244,3.7678
49.262,raw,4504,-17.3659,-7.8963,3.7787
49.262,raw,4521,-17.0650,-8.8846,3.7952
49.262,raw,4539,4.3054,-0.6425,2.1134
49.262,raw,4556,4.1377,-0.3827,2.0878
49.262,raw,4573,4.0122,-0.1689,2.0685
49.262,raw,4590,3.8806,0.0264,2.0499
49.262,raw,4607,3.7789,0.1926,2.0356
49.262,raw,4625,3.7812,0.3241,2.0324
49.262,raw,4642,3.9204,0.4168,2.0433
49.262,raw,4659,4.0729,0.5191,2.0559
49.262,raw,4676,4.2531,0.6317,2.0715
49.262,raw,4693,4.4422,0.7601,2.0885
49.262,raw,4710,4.6896,0.9057,2.1116
49.262,raw,4728,-19.9043,-0.1011,3.8351
49.262,raw,4745,-19.6071,-1.1199,3.8139
49.262,raw,4762,-16.3117,-1.6248,3.9322
49.262,raw,4779,-15.8228,-2.5758,3.8943
49.262,raw,4796,-15.5763,-3.4000,3.8876
49.262,raw,4814,-15.3062,-4.2660,3.8847
49.262,raw,4831,-15.0535,-5.2462,3.8941
49.262,raw,4848,-14.8088,-6.0767,3.9040
49.262,raw,4865,-14.5313,-6.9025,3.9152
49.262,raw,4882,-14.2985,-7.7659,3.9382
49.262,raw,4900,4.1283,-0.3685,2.1576
49.262,raw,4917,4.0181,-0.1626,2.1355
49.262,raw,4934,3.8871,0.0320,2.1125
49.262,raw,4951,3.7746,0.2014,2.0934
49.262,raw,4968,3.7628,0.3288,2.0879
49.262,raw,4986,3.9548,0.4173,2.1078
49.262,raw,5003,4.0893,0.5244,2.1213
49.262,raw,5020,4.2759,0.6375,2.1416
49.262,raw,5037,4.4592,0.7679,2.1621
49.262,raw,5054,4.7082,0.9150,2.1912
49.262,raw,5072,-16.6684,-0.5183,3.9597
49.262,raw,5089,3.8979,0.0119,2.1775
49.262,raw,5106,3.7761,0.1861,2.1530
49.262,raw,5123,3.7438,0.3195,2.1432
49.262,raw,5140,3.9185,0.4022,2.1647
50.664,raw,0,4.4245,-0.7291,1.1671
50.664,raw,17,4.2358,-0.4516,1.2229
50.664,raw,34,4.0845,-0.2218,1.2671
50.664,raw,52,3.9380,-0.0098,1.3077
50.664,raw,69,3.8393,0.1564,1.3355
50.664,raw,86,3.7770,0.2981,1.3544
50.664,raw,104,3.9217,0.3922,1.3321
50.664,raw,121,4.0975,0.4864,1.3029
50.664,raw,138,4.2505,0.5987,1.2773
50.664,raw,156,4.4509,0.7301,1.2419
50.664,raw,173,4.6764,0.8719,1.2005
50.664,raw,190,4.3048,-0.5574,1.2790
50.664,raw,208,4.1354,-0.2989,1.3226
50.664,raw,225,4.0052,-0.0935,1.3556
50.664,raw,243,3.8663,0.1022,1.3881
50.664,raw,260,3.7650,0.2590,1.4117
50.664,raw,277,3.8669,0.3538,1.3995
50.664,raw,295,4.0195,0.4543,1.3783
50.664,raw,312,4.1892,0.5585,1.3535
50.664,raw,329,4.3448,0.6790,1.3302
50.664,raw,347,4.6013,0.8193,1.2895
50.664,raw,364,4.3581,-0.6489,1.3425
50.664,raw,381,4.1855,-0.3882,1.3807
50.664,raw,399,4.0359,-0.1571,1.4131
50.664,raw,416,3.9095,0.0326,1.4393
50.664,raw,434,3.7933,0.2076,1.4626
50.664,raw,451,3.8257,0.3208,1.4625
50.664,raw,468,3.9579,0.4140,1.4474
50.664,raw,486,4.1198,0.5214,1.4276
50.664,raw,503,4.3003,0.6338,1.4045
50.664,raw,520,4.5142,0.7610,1.3759
50.664,raw,538,4.7507,0.9178,1.3434
50.664,raw,555,-4.4044,-8.0566,0.5519
50.664,raw,572,4.3577,-0.6486,1.4203
50.664,raw,590,4.1912,-0.3814,1.4517
50.664,raw,607,4.0535,-0.1645,1.4767
50.664,raw,624,3.9198,0.0288,1.4994
50.664,raw,642,3.7927,0.2078,1.5200
50.664,raw,659,3.8234,0.3214,1.5201
50.664,raw,677,3.9648,0.4200,1.5066
50.664,raw,694,4.1453,0.5176,1.4879
50.664,raw,711,4.3254,0.6313,1.4688
50.664,raw,729,4.5126,0.7698,1.4483
50.664,raw,746,4.7490,0.9178,1.4212
50.664,raw,763,-4.4345,-7.9904,0.8096
50.664,raw,781,-4.8202,-9.7253,0.6546
50.664,raw,798,-4.3970,-10.2176,0.6340
50.664,raw,815,-3.9319,-10.6750,0.6153
50.664,raw,833,-3.5175,-11.4133,0.5680
50.664,raw,850,-3.1499,-12.3299,0.5006
50.664,raw,868,4.2444,-0.4559,1.5152
50.664,raw,885,4.0830,-0.2211,1.5379
50.664,raw,902,3.9471,-0.0213,1.5566
50.664,raw,920,3.8424,0.1554,1.5712
50.664,raw,937,3.7921,0.2940,1.5793
50.664,raw,954,3.9149,0.3864,1.5703
50.664,raw,972,4.0836,0.4887,1.5567
50.664,raw,989,4.2422,0.5997,1.5436
50.664,raw,1006,4.4418,0.7222,1.5262
50.664,raw,1024,4.6654,0.8721,1.5060
50.664,raw,1041,-6.5456,-9.3400,0.9008
50.664,raw,1058,-6.1564,-9.8916,0.8863
50.664,raw,1076,-4.2834,-8.2117,1.0547
50.664,raw,1093,-5.2401,-10.9720,0.8572
50.664,raw,1111,-4.7890,-11.6496,0.8306
50.664,raw,1128,-4.3212,-12.2900,0.8043
50.664,raw,1145,-3.9245,-13.2247,0.7550
50.664,raw,1163,-3.4603,-14.3304,0.6938
50.664,raw,1180,-2.9627,-15.4858,0.6271
50.664,raw,1197,-2.4071,-16.8254,0.5465
50.664,raw,1215,4.3094,-0.5805,1.5798
50.664,raw,1232,4.1643,-0.3402,1.5962
50.664,raw,1249,4.0064,-0.1193,1.6123
50.664,raw,1267,3.8992,0.0676,1.6238
50.664,raw,1284,3.7889,0.2306,1.6345
50.664,raw,1302,3.8480,0.3439,1.6326
50.664,raw,1319,3.9971,0.4360,1.6239
50.664,raw,1336,4.1567,0.5394,1.6142
50.664,raw,1354,4.3330,0.6635,1.6031
50.664,raw,1371,4.5589,0.7941,1.5881
50.664,raw,1388,-9.8201,-6.3776,1.1875
50.664,raw,1406,-9.4793,-6.9899,1.1846
50.664,raw,1423,-9.1746,-7.5916,1.1791
50.664,raw,1440,-8.8198,-8.1671,1.1746
50.664,raw,1458,-8.4353,-8.7850,1.1683
50.664,raw,1475,-8.0724,-9.3906,1.1601
50.664,raw,1492,-7.6942,-10.0078,1.1504
50.664,raw,1510,-7.2614,-10.6591,1.1395
50.664,raw,1527,-4.5345,-7.9187,1.3133
50.664,raw,1545,-6.3743,-12.0047,1.1116
50.664,raw,1562,-5.8874,-12.6559,1.0969
50.664,raw,1579,-5.4052,-13.3933,1.0771
50.664,raw,1597,-4.9683,-14.4750,1.0403
50.664,raw,1614,-4.5128,-15.6086,0.9998
50.664,raw,1631,-4.1734,-17.4194,0.9266
50.664,raw,1649,-4.4316,-22.4842,0.7014
50.664,raw,1666,-3.6062,-24.3548,0.6267
50.664,raw,1683,-2.4237,-24.9557,0.6091
50.664,raw,1701,-1.1354,-25.6785,0.5837
50.664,raw,1718,0.1432,-26.2486,0.5621
50.664,raw,1736,1.5510,-26.8521,0.5362
50.664,raw,1753,2.9403,-27.4654,0.5066
50.664,raw,1770,4.2576,-0.5024,1.6585
50.664,raw,1788,4.1065,-0.2584,1.6695
50.664,raw,1805,3.9621,-0.0515,1.6792
50.664,raw,1822,3.8770,0.1138,1.6854
50.664,raw,1840,3.7621,0.2810,1.6927
50.664,raw,1857,3.8826,0.3718,1.6884
50.664,raw,1874,4.0301,0.4674,1.6826
50.664,raw,1892,4.2327,0.5768,1.6742
50.664,raw,1909,4.4166,0.6985,1.6665
50.664,raw,1926,4.6185,0.8367,1.6576
50.664,raw,1944,24.4807,11.1131,0.6553
50.664,raw,1961,-18.8053,19.1600,0.5578
50.664,raw,1979,-17.9384,16.6425,0.6623
50.664,raw,1996,-17.1582,14.5589,0.7483
50.664,raw,2013,-16.6504,12.8724,0.8111
50.664,raw,2031,-16.0041,11.1898,0.8766
50.664,raw,2048,-11.4047,7.6642,1.1375
50.664,raw,2065,-15.0506,8.5675,0.9705
50.664,raw,2083,-14.6021,7.3720,1.0108
50.664,raw,2100,-14.2423,6.3516,1.0424
50.664,raw,2117,-8.4493,-0.6764,1.5778
50.664,raw,2135,-13.5984,-2.3091,1.4595
50.664,raw,2152,-13.2744,-3.0028,1.4629
50.664,raw,2170,-12.9281,-3.7213,1.4658
50.664,raw,2187,-12.5865,-4.3832,1.4681
50.664,raw,2204,-12.2855,-5.0535,1.4687
50.664,raw,2222,-11.9419,-5.7498,1.4691
50.664,raw,2239,-11.5663,-6.3789,1.4699
50.664,raw,2256,-11.2876,-7.0662,1.4675
50.664,raw,2274,-10.9401,-7.7739,1.4653
50.664,raw,2291,-10.4895,-8.3620,1.4656
50.664,raw,2308,-10.1539,-9.0489,1.4618
50.664,raw,2326,-9.6967,-9.7077,1.4595
50.664,raw,2343,-9.3561,-10.4421,1.4534
50.664,raw,2360,-8.9066,-11.0949,1.4494
50.664,raw,2378,-8.5384,-11.9591,1.4399
50.664,raw,2395,-7.9925,-12.5685,1.4362
50.664,raw,2413,-7.5482,-13.4637,1.4252
50.664,raw,2430,-6.9869,-14.1580,1.4184
50.664,raw,2447,-6.5316,-15.1366,1.4040
50.664,raw,2465,-8.0538,-20.9414,1.2737
50.664,raw,2482,-7.5203,-22.8182,1.2398
50.664,raw,2499,-6.8180,-24.6704,1.2063
50.664,raw,2517,-5.8509,-26.4333,1.1751
50.664,raw,2534,-4.6308,-27.3334,1.1621
50.664,raw,2551,-3.3034,-27.9583,1.1541
50.664,raw,2569,-1.8784,-28.8263,1.1395
50.664,raw,2586,-0.4684,-29.6840,1.1233
50.664,raw,2604,1.1112,-30.1865,1.1136
50.664,raw,2621,2.6533,-30.7807,1.1001
50.664,raw,2638,4.2823,-31.6455,1.0788
50.664,raw,2656,6.1404,-32.7466,1.0501
50.664,raw,2673,4.3171,-0.5742,1.7295
50.664,raw,2690,4.1382,-0.3186,1.7355
50.664,raw,2708,4.0065,-0.1024,1.7401
50.664,raw,2725,3.8881,0.0792,1.7440
50.664,raw,2742,3.7816,0.2399,1.7473
50.664,raw,2760,3.8748,0.3446,1.7459
50.664,raw,2777,3.9924,0.4443,1.7438
50.664,raw,2794,4.1735,0.5449,1.7402
50.664,raw,2812,4.3596,0.6695,1.7365
50.664,raw,2829,4.5557,0.8030,1.7323
50.664,raw,2847,25.3809,11.6772,1.2218
50.664,raw,2864,-23.5508,21.5455,1.0840
50.664,raw,2881,-22.3533,18.6773,1.1439
50.664,raw,2899,-22.1229,16.6749,1.1735
50.664,raw,2916,-20.9117,14.3331,1.2237
50.664,raw,2933,-11.4208,7.8151,1.4769
50.664,raw,2951,-19.2275,10.6448,1.2949
50.664,raw,2968,-18.9279,9.3127,1.3128
50.664,raw,2985,-18.2794,7.9379,1.3370
50.664,raw,3003,-17.6307,6.6125,1.3597
50.664,raw,3020,-17.0922,5.4768,1.3777
50.664,raw,3038,-16.8755,4.4279,1.3873
50.664,raw,3055,-16.3765,3.4351,1.4018
50.664,raw,3072,-15.9514,2.5112,1.4135
50.664,raw,3090,-15.5150,1.5875,1.4244
50.664,raw,3107,-15.1025,0.7600,1.4338
50.664,raw,3124,-14.7024,-0.0286,1.4420
50.664,raw,3142,-14.3303,-0.8314,1.4487
50.664,raw,3159,-33.0846,-4.5195,1.8474
50.664,raw,3176,-32.0509,-6.0509,1.8464
50.664,raw,3194,-30.9787,-7.6012,1.8455
50.664,raw,3211,-30.0239,-9.0194,1.8448
50.664,raw,3228,-17.8021,-6.2200,1.8279
50.664,raw,3246,-28.0748,-11.7938,1.8436
50.664,raw,3263,-27.1903,-13.1111,1.8433
50.664,raw,3281,-26.1483,-14.4211,1.8428
50.664,raw,3298,-25.3545,-15.7456,1.8428
50.664,raw,3315,-24.4316,-16.9838,1.8427
50.664,raw,3333,-23.3795,-18.2298,1.8425
50.664,raw,3350,-22.4147,-19.4217,1.8425
50.664,raw,3367,-21.4164,-20.5872,1.8426
50.664,raw,3385,-20.4255,-21.9011,1.8429
50.664,raw,3402,-19.4808,-23.1694,1.8433
50.664,raw,3419,-18.5022,-24.4477,1.8438
50.664,raw,3437,-17.4565,-25.8614,1.8444
50.664,raw,3454,-16.4470,-27.2592,1.8453
50.664,raw,3472,-15.3214,-28.7770,1.8462
50.664,raw,3489,-14.2228,-30.3013,1.8473
50.664,raw,3506,4.2935,-0.5515,1.8043
50.664,raw,3524,4.1341,-0.2983,1.8039
50.664,raw,3541,3.9954,-0.0895,1.8037
50.664,raw,3558,3.8974,0.0838,1.8034
50.664,raw,3576,3.7634,0.2595,1.8032
50.664,raw,3593,3.8634,0.3546,1.8033
50.664,raw,3610,4.0219,0.4463,1.8035
50.664,raw,3628,4.1866,0.5588,1.8037
50.664,raw,3645,4.3738,0.6766,1.8039
50.664,raw,3662,4.5769,0.8111,1.8042
50.664,raw,3680,-19.1491,-0.2878,1.8280
50.664,raw,3697,-16.2268,-1.9741,2.2448
50.664,raw,3715,-15.9524,-3.2337,2.2443
50.664,raw,3732,-15.4974,-4.0135,2.2383
50.664,raw,3749,-15.2314,-4.8357,2.2382
50.664,raw,3767,-14.9236,-5.9735,2.2411
50.664,raw,3784,-14.6650,-6.8708,2.2444
50.664,raw,3801,-14.4576,-7.7551,2.2498
50.664,raw,3819,4.3975,-0.7031,1.8824
50.664,raw,3836,4.2137,-0.4309,1.8753
50.664,raw,3853,4.0585,-0.2016,1.8694
50.664,raw,3871,3.9300,0.0012,1.8646
50.664,raw,3888,3.8329,0.1659,1.8609
50.664,raw,3906,3.7966,0.3070,1.8591
50.664,raw,3923,3.9238,0.3991,1.8616
50.664,raw,3940,4.1072,0.4925,1.8657
50.664,raw,3958,4.2651,0.6132,1.8692
50.664,raw,3975,4.4434,0.7391,1.8733
50.664,raw,3992,4.6617,0.8812,1.8786
50.664,raw,4010,-18.0777,-1.0746,2.2874
50.664,raw,4027,-17.7954,-6.2175,2.7918
50.664,raw,4044,-20.1399,-24.2166,3.3993
50.664,raw,4062,4.2489,-0.4980,1.9495
50.664,raw,4079,4.1075,-0.2679,1.9385
50.664,raw,4096,3.9580,-0.0581,1.9279
50.664,raw,4114,3.8517,0.1223,1.9201
50.664,raw,4131,3.7546,0.2761,1.9135
50.664,raw,4149,3.8764,0.3732,1.9180
50.664,raw,4166,4.0406,0.4656,1.9249
50.664,raw,4183,4.2072,0.5720,1.9321
50.664,raw,4201,4.3954,0.7000,1.9405
50.664,raw,4218,4.6214,0.8367,1.9510
50.664,raw,4235,-15.0433,-5.3623,3.0687
50.664,raw,4253,4.2634,-0.5256,2.0242
50.664,raw,4270,4.1432,-0.3025,2.0094
50.664,raw,4287,3.9935,-0.0888,1.9935
50.664,raw,4305,3.8651,0.1026,1.9800
50.664,raw,4322,3.7604,0.2604,1.9695
50.664,raw,4340,3.8515,0.3646,1.9739
50.664,raw,4357,4.0059,0.4568,1.9834
50.664,raw,4374,4.1812,0.5595,1.9947
50.664,raw,4392,4.3829,0.6842,2.0081
50.664,raw,4409,4.5953,0.8195,2.0228
50.664,raw,4426,-19.3815,-1.7534,3.8057
50.664,raw,4444,-18.0169,-2.6124,3.6896
50.664,raw,4461,-18.5600,-3.7323,3.7619
50.664,raw,4478,-18.2640,-4.6933,3.7574
50.664,raw,4496,-17.9444,-5.7064,3.7571
50.664,raw,4513,-17.6698,-6.8041,3.7690
50.664,raw,4530,-17.3610,-7.7727,3.7786
50.664,raw,4548,-17.0319,-8.8124,3.7942
50.664,raw,4565,4.3860,-0.7076,2.1164
50.664,raw,4583,4.2161,-0.4321,2.0898
50.664,raw,4600,4.0763,-0.2093,2.0688
50.664,raw,4617,3.9344,-0.0084,2.0490
50.664,raw,4635,3.8148,0.1717,2.0326
50.664,raw,4652,3.7631,0.3088,2.0242
50.664,raw,4669,3.9004,0.3968,2.0350
50.664,raw,4687,4.0650,0.4993,2.0486
50.664,raw,4704,4.2568,0.6060,2.0653
50.664,raw,4721,4.4595,0.7296,2.0835
50.664,raw,4739,4.6895,0.8809,2.1049
50.664,raw,4756,-16.8798,0.2150,3.5523
50.664,raw,4774,-16.6026,-0.7146,3.5316
50.664,raw,4791,-16.4493,-1.5358,3.9548
50.664,raw,4808,-15.8174,-2.6275,3.9025
50.664,raw,4826,-15.5172,-3.4935,3.8910
50.664,raw,4843,-15.2701,-4.3154,3.8896
50.664,raw,4860,-15.0070,-5.2943,3.8978
50.664,raw,4878,-14.7475,-6.1757,3.9087
50.664,raw,4895,-14.4683,-7.0033,3.9202
50.664,raw,4912,-14.2042,-7.8526,3.9395
50.664,raw,4930,4.2709,-0.5194,2.1723
50.664,raw,4947,4.1168,-0.2812,2.1435
50.664,raw,4964,3.9957,-0.0813,2.1209
50.664,raw,4982,3.8668,0.1096,2.0986
50.664,raw,4999,3.7610,0.2673,2.0810
50.664,raw,5017,3.8768,0.3659,2.0914
50.664,raw,5034,4.0109,0.4633,2.1047
50.664,raw,5051,4.1855,0.5669,2.1234
50.664,raw,5069,4.3732,0.6933,2.1441
50.664,raw,5086,4.5770,0.8289,2.1674
50.664,raw,5103,-16.8236,-0.7876,3.9890
50.664,raw,5121,3.9496,-0.0385,2.1767
50.664,raw,5138,3.8603,0.1270,2.1567
50.664,raw,5155,3.7536,0.2834,2.1356
50.664,raw,5173,3.9104,0.3728,2.1542
50.664,raw,5190,4.0558,0.4705,2.1719
51.967,raw,0,4.4254,-0.7830,1.1706
51.967,raw,16,4.2749,-0.5345,1.2177
51.967,raw,33,4.1122,-0.2963,1.2646
51.967,raw,50,3.9710,-0.0923,1.3039
51.967,raw,67,3.8619,0.0798,1.3342
51.967,raw,84,3.7610,0.2337,1.3609
51.967,raw,101,3.9105,0.3165,1.3374
51.967,raw,117,4.0477,0.4066,1.3155
51.967,raw,134,4.2214,0.5108,1.2862
51.967,raw,151,4.4096,0.6294,1.2533
51.967,raw,168,4.5980,0.7653,1.2194
51.967,raw,185,4.3903,-0.7198,1.2615
51.967,raw,202,4.2193,-0.4578,1.3062
51.967,raw,219,4.0660,-0.2320,1.3445
51.967,raw,235,3.9509,-0.0524,1.3730
51.967,raw,252,3.8373,0.1176,1.3998
51.967,raw,269,3.7882,0.2542,1.4138
51.967,raw,286,3.9362,0.3398,1.3935
51.967,raw,303,4.1034,0.4349,1.3695
51.967,raw,320,4.2572,0.5461,1.3470
51.967,raw,337,4.4411,0.6691,1.3188
51.967,raw,353,4.6754,0.7992,1.2813
51.967,raw,370,4.3280,-0.6436,1.3529
51.967,raw,387,4.1750,-0.3985,1.3875
51.967,raw,404,4.0391,-0.1863,1.4170
51.967,raw,421,3.9121,0.0013,1.4431
51.967,raw,438,3.8075,0.1634,1.4641
51.967,raw,454,3.8093,0.2767,1.4682
51.967,raw,471,3.9787,0.3602,1.4476
51.967,raw,488,4.1305,0.4612,1.4292
51.967,raw,505,4.2893,0.5747,1.4092
51.967,raw,522,4.5117,0.6990,1.3795
51.967,raw,539,4.7439,0.8443,1.3476
51.967,raw,556,-4.4368,-8.0642,0.5526
51.967,raw,572,4.3459,-0.6637,1.4259
51.967,raw,589,4.1840,-0.4122,1.4560
51.967,raw,606,4.0417,-0.1958,1.4814
51.967,raw,623,3.9151,-0.0076,1.5030
51.967,raw,640,3.8214,0.1519,1.5193
51.967,raw,657,3.8209,0.2737,1.5232
51.967,raw,674,3.9905,0.3578,1.5061
51.967,raw,690,4.1192,0.4553,1.4934
51.967,raw,707,4.3036,0.5651,1.4738
51.967,raw,724,4.4825,0.6921,1.4543
51.967,raw,741,4.7094,0.8353,1.4285
51.967,raw,758,-4.5019,-7.9955,0.8086
51.967,raw,775,-4.9257,-9.6947,0.6550
51.967,raw,791,-4.5399,-10.1736,0.6345
51.967,raw,808,-4.1135,-10.7026,0.6091
51.967,raw,825,-3.7139,-11.3662,0.5686
51.967,raw,842,-3.3074,-12.1384,0.5161
51.967,raw,859,4.3141,-0.6053,1.5072
51.967,raw,876,4.1606,-0.3638,1.5299
51.967,raw,893,4.0274,-0.1561,1.5489
51.967,raw,909,3.9070,0.0187,1.5650
51.967,raw,926,3.8101,0.1770,1.5781
51.967,raw,943,3.8423,0.2896,1.5780
51.967,raw,960,4.0009,0.3780,1.5654
51.967,raw,977,4.1406,0.4828,1.5543
51.967,raw,994,4.3519,0.5929,1.5361
51.967,raw,1011,4.5440,0.7234,1.5192
51.967,raw,1027,4.7618,0.8629,1.4993
51.967,raw,1044,-6.4491,-9.5863,0.8933
51.967,raw,1061,-4.5548,-7.9637,1.0607
51.967,raw,1078,-5.6372,-10.7111,0.8611
51.967,raw,1095,-5.2224,-11.3346,0.8383
51.967,raw,1112,-4.7296,-11.8758,0.8209
51.967,raw,1128,-4.3082,-12.5427,0.7913
51.967,raw,1145,-3.9548,-13.6282,0.7311
51.967,raw,1162,-3.5052,-14.6989,0.6715
51.967,raw,1179,-2.9726,-15.7925,0.6096
51.967,raw,1196,-2.4084,-17.1620,0.5269
51.967,raw,1213,4.3124,-0.6044,1.5819
51.967,raw,1230,4.1518,-0.3597,1.5993
51.967,raw,1246,4.0110,-0.1578,1.6138
51.967,raw,1263,3.9149,0.0159,1.6243
51.967,raw,1280,3.8071,0.1779,1.6348
51.967,raw,1297,3.8492,0.2879,1.6340
51.967,raw,1314,3.9971,0.3788,1.6254
51.967,raw,1331,4.1506,0.4814,1.6161
51.967,raw,1348,4.3418,0.5939,1.6040
51.967,raw,1364,4.5284,0.7155,1.5917
51.967,raw,1381,4.7573,0.8629,1.5762
51.967,raw,1398,-9.5554,-6.9075,1.1844
51.967,raw,1415,-9.2323,-7.4931,1.1804
51.967,raw,1432,-8.9666,-8.1414,1.1711
51.967,raw,1449,-8.6121,-8.7354,1.1649
51.967,raw,1465,-8.2714,-9.3064,1.1576
51.967,raw,1482,-7.8444,-9.8656,1.1520
51.967,raw,1499,-7.4708,-10.5146,1.1401
51.967,raw,1516,-7.0396,-11.1295,1.1295
51.967,raw,1533,-4.2805,-8.1633,1.3118
51.967,raw,1550,-6.1278,-12.4272,1.1022
51.967,raw,1567,-5.6356,-13.1092,1.0856
51.967,raw,1583,-5.1969,-13.8874,1.0624
51.967,raw,1600,-4.8200,-15.0827,1.0191
51.967,raw,1617,-4.3908,-16.4188,0.9688
51.967,raw,1634,-4.1894,-18.9431,0.8619
51.967,raw,1651,-4.2653,-23.6525,0.6536
51.967,raw,1668,-3.2096,-24.7101,0.6163
51.967,raw,1685,-2.0150,-25.3570,0.5958
51.967,raw,1701,-0.8508,-26.0016,0.5725
51.967,raw,1718,0.4442,-26.6002,0.5490
51.967,raw,1735,1.7925,-27.1902,0.5231
51.967,raw,1752,4.3781,-0.7238,1.6510
51.967,raw,1769,4.1979,-0.4570,1.6639
51.967,raw,1786,4.0756,-0.2449,1.6730
51.967,raw,1802,3.9553,-0.0621,1.6812
51.967,raw,1819,3.8567,0.1040,1.6879
51.967,raw,1836,3.7908,0.2464,1.6926
51.967,raw,1853,3.9442,0.3308,1.6868
51.967,raw,1870,4.0748,0.4320,1.6818
51.967,raw,1887,4.2425,0.5399,1.6749
51.967,raw,1904,4.4254,0.6617,1.6672
51.967,raw,1920,4.6446,0.7909,1.6575
51.967,raw,1937,26.1931,12.1257,0.5653
51.967,raw,1954,-18.2683,18.2696,0.6007
51.967,raw,1971,-17.7723,16.2287,0.6776
51.967,raw,1988,-17.0967,14.2585,0.7563
51.967,raw,2005,-16.4030,12.4743,0.8282
51.967,raw,2022,-15.8224,10.9312,0.8875
51.967,raw,2038,-11.4092,7.5936,1.1368
51.967,raw,2055,-14.9474,8.4384,0.9752
51.967,raw,2072,-14.5429,7.3217,1.0123
51.967,raw,2089,-14.1889,6.3044,1.0436
51.967,raw,2106,-8.3923,-0.7143,1.5786
51.967,raw,2123,-13.5388,-2.2946,1.4606
51.967,raw,2139,-13.2439,-2.9487,1.4636
51.967,raw,2156,-12.9165,-3.6265,1.4665
51.967,raw,2173,-12.5994,-4.2965,1.4684
51.967,raw,2190,-12.2826,-4.9595,1.4695
51.967,raw,2207,-11.9751,-5.6233,1.4697
51.967,raw,2224,-11.6011,-6.2521,1.4707
51.967,raw,2241,-11.3402,-6.9464,1.4681
51.967,raw,2257,-11.0081,-7.5564,1.4670
51.967,raw,2274,-10.6003,-8.1717,1.4665
51.967,raw,2291,-10.2599,-8.8478,1.4632
51.967,raw,2308,-9.9317,-9.5572,1.4584
51.967,raw,2325,-9.5019,-10.1969,1.4555
51.967,raw,2342,-9.1430,-10.9372,1.4491
51.967,raw,2359,-8.6942,-11.6151,1.4442
51.967,raw,2375,-8.3209,-12.3551,1.4364
51.967,raw,2392,-4.5892,-8.2361,1.5582
51.967,raw,2409,-7.3618,-13.8788,1.4203
51.967,raw,2426,-6.9521,-14.8922,1.4053
51.967,raw,2443,-8.4247,-20.0192,1.2896
51.967,raw,2460,-7.8445,-21.5620,1.2638
51.967,raw,2476,-7.3394,-23.4392,1.2292
51.967,raw,2493,-6.5958,-25.3079,1.1954
51.967,raw,2510,-5.5614,-26.6591,1.1729
51.967,raw,2527,-4.3371,-27.5963,1.1588
51.967,raw,2544,-3.0134,-28.3207,1.1483
51.967,raw,2561,-1.6493,-29.1405,1.1342
51.967,raw,2578,-0.2248,-30.0547,1.1166
51.967,raw,2594,1.1941,-30.5215,1.1074
51.967,raw,2611,2.7521,-31.1380,1.0933
51.967,raw,2628,4.3962,-31.9800,1.0724
51.967,raw,2645,6.1871,-33.1856,1.0416
51.967,raw,2662,4.2785,-0.5764,1.7312
51.967,raw,2679,4.1422,-0.3461,1.7362
51.967,raw,2696,4.0062,-0.1391,1.7407
51.967,raw,2712,3.9023,0.0280,1.7442
51.967,raw,2729,3.7906,0.1899,1.7476
51.967,raw,2746,3.8668,0.2907,1.7466
51.967,raw,2763,4.0294,0.3799,1.7435
51.967,raw,2780,4.1669,0.4868,1.7409
51.967,raw,2797,4.3465,0.6016,1.7372
51.967,raw,2813,4.5514,0.7231,1.7329
51.967,raw,2830,4.7802,0.8722,1.7279
51.967,raw,2847,-23.2176,21.2741,1.0924
51.967,raw,2864,-21.8762,18.3187,1.1559
51.967,raw,2881,-21.6396,16.4413,1.1842
51.967,raw,2898,-20.4848,14.1514,1.2328
51.967,raw,2915,-11.6271,7.9490,1.4705
51.967,raw,2931,-19.0582,10.7635,1.2962
51.967,raw,2948,-18.3883,9.2700,1.3232
51.967,raw,2965,-18.1431,8.0565,1.3381
51.967,raw,2982,-17.5326,6.7955,1.3598
51.967,raw,2999,-17.0001,5.6513,1.3780
51.967,raw,3016,-16.8507,4.6665,1.3861
51.967,raw,3033,-16.3656,3.6633,1.4006
51.967,raw,3049,-15.9498,2.7807,1.4123
51.967,raw,3066,-15.5398,1.8961,1.4230
51.967,raw,3083,-15.1263,1.0567,1.4328
51.967,raw,3100,-14.7725,0.2565,1.4403
51.967,raw,3117,-14.3958,-0.5100,1.4476
51.967,raw,3134,-32.1106,-3.6029,1.8460
51.967,raw,3150,-31.6720,-5.1085,1.8457
51.967,raw,3167,-30.6952,-6.5733,1.8448
51.967,raw,3184,-29.7790,-7.9921,1.8441
51.967,raw,3201,-28.7965,-9.3375,1.8433
51.967,raw,3218,-27.7959,-10.6231,1.8426
51.967,raw,3235,-15.7722,-6.9053,1.8257
51.967,raw,3252,-25.9011,-13.1050,1.8417
51.967,raw,3268,-25.0520,-14.2494,1.8414
51.967,raw,3285,-24.1443,-15.4415,1.8412
51.967,raw,3302,-23.2382,-16.6194,1.8411
51.967,raw,3319,-22.3776,-17.8254,1.8411
51.967,raw,3336,-21.5323,-19.0532,1.8413
51.967,raw,3353,-20.6483,-20.2660,1.8415
51.967,raw,3370,-19.7742,-21.5171,1.8418
51.967,raw,3386,-18.9112,-22.6894,1.8422
51.967,raw,3403,-17.9996,-23.9942,1.8428
51.967,raw,3420,-17.0648,-25.3447,1.8435
51.967,raw,3437,-16.1109,-26.7671,1.8444
51.967,raw,3454,-15.1042,-28.2322,1.8454
51.967,raw,3471,-14.0416,-29.7540,1.8465
51.967,raw,3487,-12.9753,-31.2292,1.8477
51.967,raw,3504,4.2609,-0.5373,1.8042
51.967,raw,3521,4.1231,-0.3102,1.8039
51.967,raw,3538,3.9736,-0.1015,1.8036
51.967,raw,3555,3.8740,0.0682,1.8034
51.967,raw,3572,3.7644,0.2257,1.8032
51.967,raw,3589,3.9008,0.3115,1.8033
51.967,raw,3605,4.0101,0.4059,1.8034
51.967,raw,3622,4.1846,0.5077,1.8037
51.967,raw,3639,4.3632,0.6249,1.8039
51.967,raw,3656,4.5843,0.7569,1.8042
51.967,raw,3673,-17.2226,0.1113,1.8254
51.967,raw,3690,-33.4232,-2.4562,1.8475
51.967,raw,3707,-16.4249,-1.6771,2.2489
51.967,raw,3723,-15.8140,-2.8239,2.2390
51.967,raw,3740,-15.6185,-3.6673,2.2391
51.967,raw,3757,-15.3377,-4.4863,2.2381
51.967,raw,3774,-15.0103,-5.6125,2.2398
51.967,raw,3791,-14.7688,-6.5107,2.2429
51.967,raw,3808,-14.8634,-7.5405,2.2561
51.967,raw,3824,-20.2310,-24.0662,2.6197
51.967,raw,3841,4.3184,-0.6281,1.8787
51.967,raw,3858,4.1620,-0.3831,1.8725
51.967,raw,3875,4.0314,-0.1746,1.8675
51.967,raw,3892,3.9135,0.0086,1.8631
51.967,raw,3909,3.7900,0.1759,1.8589
51.967,raw,3926,3.8513,0.2803,1.8597
51.967,raw,3942,3.9645,0.3705,1.8619
51.967,raw,3959,4.1188,0.4707,1.8653
51.967,raw,3976,4.3148,0.5802,1.8698
51.967,raw,3993,4.5190,0.7073,1.8746
51.967,raw,4010,4.7190,0.8536,1.8794
51.967,raw,4027,-18.0644,-1.1105,2.2876
51.967,raw,4044,-32.2450,-4.1155,3.4458
51.967,raw,4060,-26.0750,-14.6221,3.3259
51.967,raw,4077,4.3532,-0.6887,1.9561
51.967,raw,4094,4.1802,-0.4293,1.9429
51.967,raw,4111,4.0476,-0.2155,1.9328
51.967,raw,4128,3.9214,-0.0255,1.9238
51.967,raw,4145,3.8216,0.1373,1.9167
51.967,raw,4161,3.7976,0.2587,1.9139
51.967,raw,4178,3.9530,0.3435,1.9203
51.967,raw,4195,4.0874,0.4451,1.9257
51.967,raw,4212,4.2695,0.5527,1.9337
51.967,raw,4229,4.4559,0.6766,1.9422
51.967,raw,4246,4.6821,0.8173,1.9528
51.967,raw,4263,-11.7212,-8.7147,2.9720
51.967,raw,4279,4.2466,-0.5300,2.0200
51.967,raw,4296,4.1032,-0.3013,2.0037
51.967,raw,4313,3.9606,-0.0964,1.9885
51.967,raw,4330,3.8574,0.0738,1.9774
51.967,raw,4347,3.7655,0.2254,1.9679
51.967,raw,4364,3.8925,0.3134,1.9751
51.967,raw,4381,4.0592,0.4045,1.9855
51.967,raw,4397,4.1862,0.5075,1.9934
51.967,raw,4414,4.3593,0.6252,2.0048
51.967,raw,4431,4.5659,0.7576,2.0191
51.967,raw,4448,-19.3838,-1.7293,3.8072
51.967,raw,4465,-17.4514,-2.4371,3.6349
51.967,raw,4482,-18.5921,-3.6573,3.7643
51.967,raw,4498,-18.2856,-4.5557,3.7567
51.967,raw,4515,-18.0065,-5.5193,3.7576
51.967,raw,4532,-17.7325,-6.6156,3.7682
51.967,raw,4549,-17.3980,-7.5707,3.7738
51.967,raw,4566,-17.1135,-8.5603,3.7898
51.967,raw,4583,-11.5878,-8.5039,3.3352
51.967,raw,4600,4.2570,-0.5552,2.0944
51.967,raw,4616,4.1420,-0.3460,2.0758
51.967,raw,4633,4.0008,-0.1370,2.0555
51.967,raw,4650,3.8904,0.0399,2.0397
51.967,raw,4667,3.7824,0.1995,2.0253
51.967,raw,4684,3.8544,0.3009,2.0294
51.967,raw,4701,3.9999,0.3930,2.0412
51.967,raw,4718,4.1626,0.4952,2.0549
51.967,raw,4734,4.3304,0.6031,2.0696
51.967,raw,4751,4.5400,0.7323,2.0887
51.967,raw,4768,-17.0358,0.7590,3.5682
51.967,raw,4785,-16.7664,-0.1337,3.5451
51.967,raw,4802,-19.5218,-1.3185,3.8159
51.967,raw,4819,-16.2420,-1.8075,3.9369
51.967,raw,4835,-15.7410,-2.7565,3.8982
51.967,raw,4852,-15.4747,-3.5770,3.8897
51.967,raw,4869,-15.2241,-4.3973,3.8880
51.967,raw,4886,-14.9911,-5.3870,3.9004
51.967,raw,4903,-14.7164,-6.2077,3.9069
51.967,raw,4920,-14.4743,-7.0527,3.9232
51.967,raw,4937,-14.2017,-7.8984,3.9413
51.967,raw,4953,3.9467,-0.0588,2.1096
51.967,raw,4970,3.8264,0.1138,2.0893
51.967,raw,4987,3.7922,0.2461,2.0809
51.967,raw,5004,3.9262,0.3347,2.0939
51.967,raw,5021,4.0815,0.4309,2.1099
51.967,raw,5038,-16.8194,-0.5600,3.9884
53.203,raw,0,4.4011,-0.7903,1.1718
53.203,raw,16,4.2323,-0.5309,1.2230
53.203,raw,33,4.0897,-0.3017,1.2660
53.203,raw,50,3.9564,-0.0997,1.3039
53.203,raw,66,3.8618,0.0610,1.3311
53.203,raw,83,3.7549,0.2187,1.3592
53.203,raw,100,3.8797,0.3066,1.3408
53.203,raw,116,4.0185,0.3945,1.3187
53.203,raw,133,4.1984,0.4955,1.2884
53.203,raw,150,4.3747,0.6130,1.2579
53.203,raw,166,4.5691,0.7370,1.2229
53.203,raw,183,4.3912,-0.7736,1.2551
53.203,raw,200,4.2294,-0.5096,1.2991
53.203,raw,216,4.0884,-0.2921,1.3353
53.203,raw,233,3.9587,-0.0925,1.3676
53.203,raw,250,3.8541,0.0787,1.3934
53.203,raw,266,3.7595,0.2244,1.4153
53.203,raw,283,3.8901,0.3114,1.3982
53.203,raw,300,4.0362,0.4062,1.3779
53.203,raw,316,4.1902,0.5045,1.3555
53.203,raw,333,4.3747,0.6213,1.3276
53.203,raw,350,4.5907,0.7538,1.2936
53.203,raw,366,4.3762,-0.7541,1.3379
53.203,raw,383,4.2098,-0.4899,1.3759
53.203,raw,400,4.0662,-0.2645,1.4076
53.203,raw,416,3.9324,-0.0741,1.4352
53.203,raw,433,3.8286,0.0947,1.4569
53.203,raw,450,3.7689,0.2358,1.4707
53.203,raw,466,3.8895,0.3187,1.4572
53.203,raw,483,4.0615,0.4091,1.4362
53.203,raw,500,4.2267,0.5155,1.4156
53.203,raw,516,4.3886,0.6284,1.3947
53.203,raw,533,4.5960,0.7625,1.3669
53.203,raw,550,-4.7707,-7.9708,0.5394
53.203,raw,566,-4.3806,-8.2859,0.5344
53.203,raw,583,4.2378,-0.5436,1.4423
53.203,raw,600,4.1032,-0.3168,1.4679
53.203,raw,616,3.9902,-0.1297,1.4886
53.203,raw,633,3.8612,0.0536,1.5101
53.203,raw,650,3.7584,0.2107,1.5270
53.203,raw,666,3.8690,0.2948,1.5172
53.203,raw,683,4.0148,0.3877,1.5029
53.203,raw,700,4.1708,0.4915,1.4870
53.203,raw,716,4.3388,0.5998,1.4691
53.203,raw,733,4.5297,0.7300,1.4480
53.203,raw,750,-5.6861,-8.8990,0.6768
53.203,raw,766,-4.4359,-8.0305,0.8091
53.203,raw,783,-4.9947,-9.9808,0.6288
53.203,raw,800,-4.5797,-10.5152,0.6047
53.203,raw,816,-4.1367,-10.9654,0.5859
53.203,raw,833,-3.7591,-11.7228,0.5362
53.203,raw,850,4.3122,-0.6650,1.5037
53.203,raw,866,4.1848,-0.4390,1.5239
53.203,raw,883,4.0496,-0.2223,1.5436
53.203,raw,900,3.9058,-0.0242,1.5628
53.203,raw,916,3.8013,0.1331,1.5767
53.203,raw,933,3.7905,0.2579,1.5809
53.203,raw,950,3.9385,0.3441,1.5695
53.203,raw,966,4.0646,0.4389,1.5597
53.203,raw,983,4.2572,0.5436,1.5434
53.203,raw,1000,4.4500,0.6658,1.5267
53.203,raw,1016,4.6514,0.7968,1.5087
53.203,raw,1033,-6.7489,-9.4462,0.8881
53.203,raw,1050,-6.3459,-9.9904,0.8751
53.203,raw,1066,-4.3707,-8.0995,1.0599
53.203,raw,1083,-5.5665,-11.1698,0.8363
53.203,raw,1100,-5.1321,-11.8108,0.8121
53.203,raw,1116,-4.6816,-12.4019,0.7893
53.203,raw,1133,-4.3046,-13.3717,0.7384
53.203,raw,1150,-3.8883,-14.4519,0.6789
53.203,raw,1166,-3.4495,-15.5848,0.6139
53.203,raw,1183,-2.9265,-16.9605,0.5319
53.203,raw,1200,4.3055,-0.6405,1.5804
53.203,raw,1216,4.1650,-0.4104,1.5962
53.203,raw,1233,4.0344,-0.1986,1.6105
53.203,raw,1250,3.8892,-0.0025,1.6248
53.203,raw,1266,3.7965,0.1491,1.6342
53.203,raw,1283,3.8052,0.2682,1.6359
53.203,raw,1300,3.9489,0.3565,1.6277
53.203,raw,1316,4.0959,0.4489,1.6189
53.203,raw,1333,4.2860,0.5564,1.6069
53.203,raw,1350,4.4846,0.6806,1.5940
53.203,raw,1366,4.6745,0.8144,1.5813
53.203,raw,1383,-9.7074,-6.7051,1.1841
53.203,raw,1400,-9.5127,-7.3852,1.1733
53.203,raw,1416,-9.1997,-7.9475,1.1687
53.203,raw,1433,-8.8356,-8.5321,1.1638
53.203,raw,1450,-8.5062,-9.1686,1.1547
53.203,raw,1466,-8.1642,-9.7615,1.1458
53.203,raw,1483,-7.7506,-10.3634,1.1374
53.203,raw,1500,-7.3395,-11.0018,1.1261
53.203,raw,1516,-4.4634,-7.9613,1.3148
53.203,raw,1533,-6.5380,-12.3839,1.0943
53.203,raw,1550,-6.0603,-13.0921,1.0771
53.203,raw,1566,-5.6067,-13.8311,1.0566
53.203,raw,1583,-5.2199,-14.9609,1.0171
53.203,raw,1600,-4.7658,-16.1593,0.9740
53.203,raw,1616,-4.7337,-18.8201,0.8598
53.203,raw,1633,-4.8759,-23.3138,0.6615
53.203,raw,1650,-3.9599,-24.8827,0.6017
53.203,raw,1666,-2.8445,-25.5582,0.5809
53.203,raw,1683,-1.6342,-26.4872,0.5466
53.203,raw,1700,-0.3154,-26.9323,0.5318
53.203,raw,1716,0.9539,-27.5429,0.5065
53.203,raw,1733,4.2691,-0.5801,1.6579
53.203,raw,1750,4.0994,-0.3331,1.6698
53.203,raw,1766,3.9799,-0.1421,1.6783
53.203,raw,1783,3.8640,0.0374,1.6861
53.203,raw,1800,3.7755,0.1915,1.6921
53.203,raw,1816,3.8510,0.2849,1.6900
53.203,raw,1833,4.0038,0.3749,1.6841
53.203,raw,1850,4.1592,0.4776,1.6779
53.203,raw,1866,4.3001,0.5873,1.6721
53.203,raw,1883,4.5025,0.7140,1.6634
53.203,raw,1900,4.7524,0.8597,1.6522
53.203,raw,1916,-18.2404,20.6185,0.5290
53.203,raw,1933,-17.6935,18.2812,0.6204
53.203,raw,1950,-17.0012,16.0742,0.7099
53.203,raw,1966,-16.4744,14.3060,0.7784
53.203,raw,1983,-16.0394,12.6911,0.8371
53.203,raw,2000,-15.5028,11.1589,0.8953
53.203,raw,2016,-11.2762,7.8207,1.1378
53.203,raw,2033,-14.6701,8.6677,0.9827
53.203,raw,2050,-14.3273,7.5703,1.0175
53.203,raw,2066,-13.8614,6.5553,1.0543
53.203,raw,2083,-13.8705,-1.2516,1.4575
53.203,raw,2100,-8.4008,-0.9934,1.5775
53.203,raw,2116,-13.2918,-2.6254,1.4645
53.203,raw,2133,-13.0028,-3.3150,1.4668
53.203,raw,2150,-12.7004,-3.9911,1.4686
53.203,raw,2166,-12.4332,-4.6277,1.4693
53.203,raw,2183,-12.1497,-5.3028,1.4693
53.203,raw,2200,-11.7489,-5.9199,1.4713
53.203,raw,2216,-11.5310,-6.5841,1.4686
53.203,raw,2233,-11.2733,-7.2898,1.4654
53.203,raw,2250,-10.9470,-7.9664,1.4630
53.203,raw,2266,-10.5668,-8.5602,1.4619
53.203,raw,2283,-10.2448,-9.2708,1.4575
53.203,raw,2300,-9.8272,-9.9201,1.4547
53.203,raw,2316,-9.6295,-10.7538,1.4448
53.203,raw,2333,-9.2125,-11.4728,1.4392
53.203,raw,2350,-8.9612,-12.4453,1.4262
53.203,raw,2366,-8.4670,-13.0932,1.4213
53.203,raw,2383,-8.1081,-14.0849,1.4076
53.203,raw,2400,-7.5448,-14.8470,1.3997
53.203,raw,2416,-9.0551,-19.5918,1.2918
53.203,raw,2433,-8.5068,-21.1012,1.2671
53.203,raw,2450,-8.0334,-23.1015,1.2306
53.203,raw,2466,-7.3824,-24.8495,1.1995
53.203,raw,2483,-6.5998,-26.9131,1.1613
53.203,raw,2500,-5.3112,-27.6024,1.1539
53.203,raw,2516,-4.1268,-28.5747,1.1384
53.203,raw,2533,-2.7556,-29.3377,1.1267
53.203,raw,2550,-1.3440,-30.2631,1.1100
53.203,raw,2566,0.0535,-31.1735,1.0921
53.203,raw,2583,1.6223,-31.7288,1.0806
53.203,raw,2600,3.2520,-32.3988,1.0648
53.203,raw,2616,4.8755,-33.2544,1.0432
53.203,raw,2633,4.2987,-0.6265,1.7301
53.203,raw,2650,4.1306,-0.3753,1.7359
53.203,raw,2666,4.0095,-0.1796,1.7401
53.203,raw,2683,3.8766,0.0099,1.7443
53.203,raw,2700,3.8020,0.1619,1.7470
53.203,raw,2716,3.8233,0.2705,1.7472
53.203,raw,2733,3.9747,0.3585,1.7443
53.203,raw,2750,4.1356,0.4579,1.7412
53.203,raw,2766,4.2898,0.5640,1.7382
53.203,raw,2783,4.4814,0.6894,1.7342
53.203,raw,2800,4.7132,0.8322,1.7292
53.203,raw,2816,-23.2236,23.5563,1.0594
53.203,raw,2833,-21.8826,20.3104,1.1289
53.203,raw,2850,-20.7773,17.6212,1.1848
53.203,raw,2866,-19.5791,15.2526,1.2368
53.203,raw,2883,-19.0407,13.4607,1.2682
53.203,raw,2900,-11.2487,7.8534,1.4791
53.203,raw,2916,-18.1458,10.4825,1.3172
53.203,raw,2933,-17.5843,9.0781,1.3414
53.203,raw,2950,-17.4106,7.9299,1.3544
53.203,raw,2966,-16.9294,6.8001,1.3727
53.203,raw,2983,-16.4895,5.7027,1.3888
53.203,raw,3000,-16.3811,4.7479,1.3961
53.203,raw,3016,-15.9903,3.8286,1.4084
53.203,raw,3033,-15.5947,2.9086,1.4200
53.203,raw,3050,-15.2324,2.0401,1.4297
53.203,raw,3066,-14.9140,1.2609,1.4376
53.203,raw,3083,-14.5815,0.4668,1.4449
53.203,raw,3100,-14.2368,-0.2958,1.4516
53.203,raw,3116,-13.9426,-0.9913,1.4566
53.203,raw,3133,-31.1225,-4.5934,1.8448
53.203,raw,3150,-30.2159,-6.0495,1.8440
53.203,raw,3166,-29.4051,-7.3780,1.8433
53.203,raw,3183,-28.5632,-8.7494,1.8428
53.203,raw,3200,-15.0709,-5.3402,1.8240
53.203,raw,3216,-27.0084,-11.3363,1.8420
53.203,raw,3233,-26.2158,-12.6354,1.8418
53.203,raw,3250,-25.4331,-13.9240,1.8416
53.203,raw,3266,-24.6913,-15.1266,1.8416
53.203,raw,3283,-23.9272,-16.4201,1.8417
53.203,raw,3300,-23.1397,-17.7077,1.8418
53.203,raw,3316,-22.3888,-18.9283,1.8420
53.203,raw,3333,-21.6062,-20.2665,1.8424
53.203,raw,3350,-20.7922,-21.6184,1.8429
53.203,raw,3366,-20.0270,-22.9430,1.8435
53.203,raw,3383,-19.1771,-24.3803,1.8442
53.203,raw,3400,-18.3154,-25.8957,1.8451
53.203,raw,3416,-17.4758,-27.3920,1.8461
53.203,raw,3433,-16.5407,-29.0618,1.8474
53.203,raw,3450,4.2918,-0.6331,1.8043
53.203,raw,3466,4.1411,-0.3989,1.8040
53.203,raw,3483,4.0058,-0.1865,1.8037
53.203,raw,3500,3.9008,-0.0067,1.8035
53.203,raw,3516,3.8089,0.1452,1.8033
53.203,raw,3533,3.8273,0.2624,1.8033
53.203,raw,3550,3.9493,0.3565,1.8034
53.203,raw,3566,4.0899,0.4499,1.8035
53.203,raw,3583,4.2774,0.5573,1.8038
53.203,raw,3600,4.4741,0.6813,1.8040
53.203,raw,3616,4.6742,0.8144,1.8043
53.203,raw,3633,-33.6457,-0.3161,1.8477
53.203,raw,3650,-17.8769,-0.7339,1.8263
53.203,raw,3666,-16.4900,-1.4027,2.2495
53.203,raw,3683,-15.9039,-2.5615,2.2397
53.203,raw,3700,-15.6888,-3.4012,2.2390
53.203,raw,3716,-15.4557,-4.1816,2.2385
53.203,raw,3733,-15.2211,-5.0155,2.2394
53.203,raw,3750,-14.8940,-6.0385,2.2410
53.203,raw,3766,-14.7271,-6.8652,2.2456
53.203,raw,3783,-26.3307,-14.1060,2.5833
53.203,raw,3800,4.3917,-0.7849,1.8825
53.203,raw,3816,4.2256,-0.5274,1.8758
53.203,raw,3833,4.0765,-0.2957,1.8700
53.203,raw,3850,3.9393,-0.0930,1.8649
53.203,raw,3866,3.8501,0.0650,1.8614
53.203,raw,3883,3.7513,0.2198,1.8579
53.203,raw,3900,3.8767,0.3073,1.8604
53.203,raw,3916,4.0226,0.3937,1.8635
53.203,raw,3933,4.1805,0.4980,1.8669
53.203,raw,3950,4.3533,0.6149,1.8709
53.203,raw,3966,4.5475,0.7380,1.8755
53.203,raw,3983,-17.0752,0.5644,2.2605
53.203,raw,4000,-16.8332,-0.3294,2.2554
53.203,raw,4016,-16.5895,-1.1523,2.2512
53.203,raw,4033,-19.0073,-2.8681,2.8057
53.203,raw,4050,-11.8002,-8.7456,2.5918
53.203,raw,4066,4.3209,-0.6593,1.9546
53.203,raw,4083,4.1449,-0.4007,1.9413
53.203,raw,4100,4.0237,-0.1940,1.9319
53.203,raw,4116,3.8967,-0.0130,1.9230
53.203,raw,4133,3.7895,0.1513,1.9155
53.203,raw,4150,3.8166,0.2652,1.9152
53.203,raw,4166,3.9472,0.3496,1.9204
53.203,raw,4183,4.1030,0.4477,1.9269
53.203,raw,4200,4.2872,0.5562,1.9350
53.203,raw,4216,4.4532,0.6741,1.9425
53.203,raw,4233,4.6947,0.8141,1.9538
53.203,raw,4250,-11.8579,-8.4979,2.9708
53.203,raw,4266,4.2635,-0.5974,2.0242
53.203,raw,4283,4.1155,-0.3589,2.0070
53.203,raw,4300,3.9974,-0.1577,1.9934
53.203,raw,4316,3.8890,0.0131,1.9817
53.203,raw,4333,3.7897,0.1729,1.9713
53.203,raw,4350,3.8338,0.2820,1.9723
53.203,raw,4366,3.9687,0.3671,1.9804
53.203,raw,4383,4.1491,0.4636,1.9919
53.203,raw,4400,4.2953,0.5796,2.0012
53.203,raw,4416,4.4968,0.6971,2.0149
53.203,raw,4433,4.7147,0.8414,2.0302
53.203,raw,4450,-19.2208,-2.2945,3.7985
53.203,raw,4466,-18.7343,-3.1801,3.7675
53.203,raw,4483,-18.4376,-4.1451,3.7602
53.203,raw,4500,-18.1381,-5.1039,3.7571
53.203,raw,4516,-17.6066,-6.0409,3.7372
53.203,raw,4533,-17.5863,-7.1083,3.7724
53.203,raw,4550,-17.2912,-8.0873,3.7848
53.203,raw,4566,-16.7813,-8.9002,3.7763
53.203,raw,4583,4.2510,-0.5705,2.0956
53.203,raw,4600,4.1105,-0.3383,2.0738
53.203,raw,4616,3.9813,-0.1427,2.0550
53.203,raw,4633,3.8579,0.0396,2.0378
53.203,raw,4650,3.7746,0.1917,2.0258
53.203,raw,4666,3.8639,0.2817,2.0317
53.203,raw,4683,3.9847,0.3787,2.0409
53.203,raw,4700,4.1519,0.4787,2.0550
53.203,raw,4716,4.3329,0.5839,2.0709
53.203,raw,4733,4.5235,0.7129,2.0881
53.203,raw,4750,-17.0335,0.7783,3.5671
53.203,raw,4766,-19.8578,-0.2194,3.8390
53.203,raw,4783,-19.5335,-1.2370,3.8155
53.203,raw,4800,-16.2570,-1.7374,3.9366
53.203,raw,4816,-15.7459,-2.6852,3.8962
53.203,raw,4833,-15.5149,-3.5141,3.8917
53.203,raw,4850,-15.2764,-4.3390,3.8912
53.203,raw,4866,-15.0290,-5.2703,3.8991
53.203,raw,4883,-14.7778,-6.1000,3.9080
53.203,raw,4900,-14.5224,-6.9380,3.9218
53.203,raw,4916,-14.2725,-7.7353,3.9389
53.203,raw,4933,3.8127,0.1148,2.0890
53.203,raw,4950,3.7778,0.2473,2.0804
53.203,raw,4966,3.9266,0.3248,2.0954
53.203,raw,4983,-16.7224,-0.4801,3.9752
54.989,raw,0,4.3826,-0.7243,1.1789
54.989,raw,16,4.2138,-0.4676,1.2299
54.989,raw,33,4.0720,-0.2414,1.2724
54.989,raw,50,3.9435,-0.0438,1.3091
54.989,raw,67,3.8298,0.1291,1.3404
54.989,raw,84,3.7785,0.2677,1.3573
54.989,raw,101,3.9094,0.3553,1.3376
54.989,raw,117,4.0481,0.4447,1.3154
54.989,raw,134,4.2092,0.5500,1.2886
54.989,raw,151,4.3663,0.6699,1.2617
54.989,raw,168,4.5873,0.8020,1.2216
54.989,raw,185,4.3704,-0.6848,1.2636
54.989,raw,202,4.1919,-0.4179,1.3099
54.989,raw,219,4.0381,-0.1914,1.3485
54.989,raw,235,3.9242,-0.0123,1.3769
54.989,raw,252,3.8236,0.1533,1.4016
54.989,raw,269,3.7823,0.2877,1.4144
54.989,raw,286,3.9299,0.3725,1.3943
54.989,raw,303,4.0631,0.4721,1.3760
54.989,raw,320,4.2573,0.5756,1.3469
54.989,raw,337,4.4172,0.6992,1.3228
54.989,raw,353,4.6202,0.8276,1.2906
54.989,raw,370,4.3200,-0.6251,1.3522
54.989,raw,387,4.1658,-0.3766,1.3873
54.989,raw,404,4.0166,-0.1565,1.4191
54.989,raw,421,3.8966,0.0296,1.4444
54.989,raw,438,3.8027,0.1892,1.4641
54.989,raw,454,3.7992,0.3042,1.4691
54.989,raw,471,3.9502,0.3899,1.4513
54.989,raw,488,4.0984,0.4889,1.4334
54.989,raw,505,4.2810,0.5969,1.4102
54.989,raw,522,4.4673,0.7211,1.3857
54.989,raw,539,4.6946,0.8622,1.3547
54.989,raw,556,-4.4932,-7.9792,0.5525
54.989,raw,572,4.3543,-0.6651,1.4225
54.989,raw,589,4.1849,-0.4049,1.4540
54.989,raw,606,4.0445,-0.1856,1.4795
54.989,raw,623,3.9225,0.0042,1.5010
54.989,raw,640,3.8132,0.1713,1.5194
54.989,raw,657,3.7966,0.2979,1.5254
54.989,raw,674,3.9411,0.3846,1.5114
54.989,raw,690,4.0827,0.4763,1.4973
54.989,raw,707,4.2425,0.5854,1.4807
54.989,raw,724,4.4555,0.7049,1.4574
54.989,raw,741,4.6437,0.8450,1.4362
54.989,raw,758,-4.6172,-7.9415,0.8029
54.989,raw,775,-5.1781,-9.8370,0.6277
54.989,raw,791,-4.7940,-10.3423,0.6055
54.989,raw,808,-4.3610,-10.8863,0.5798
54.989,raw,825,-3.9060,-11.4517,0.5502
54.989,raw,842,4.3426,-0.6693,1.5002
54.989,raw,859,4.1674,-0.4057,1.5259
54.989,raw,876,4.0522,-0.1976,1.5437
54.989,raw,893,3.9214,-0.0033,1.5617
54.989,raw,909,3.8181,0.1551,1.5756
54.989,raw,926,3.7876,0.2863,1.5818
54.989,raw,943,3.9105,0.3768,1.5728
54.989,raw,960,4.0702,0.4709,1.5600
54.989,raw,977,4.2381,0.5779,1.5461
54.989,raw,994,4.4264,0.6985,1.5298
54.989,raw,1011,4.6516,0.8358,1.5096
54.989,raw,1027,-6.8047,-9.4871,0.8810
54.989,raw,1044,-6.4293,-10.0780,0.8642
54.989,raw,1061,-4.3383,-8.0804,1.0596
54.989,raw,1078,-5.5989,-11.2800,0.8259
54.989,raw,1095,-5.1808,-11.9705,0.7981
54.989,raw,1112,-4.6873,-12.5950,0.7743
54.989,raw,1128,-4.3232,-13.5166,0.7259
54.989,raw,1145,-3.9087,-14.6363,0.6636
54.989,raw,1162,-3.4329,-15.8662,0.5929
54.989,raw,1179,-2.8964,-17.2785,0.5083
54.989,raw,1196,4.2404,-0.5010,1.5882
54.989,raw,1213,4.0837,-0.2645,1.6051
54.989,raw,1230,3.9529,-0.0637,1.6189
54.989,raw,1246,3.8488,0.1002,1.6295
54.989,raw,1263,3.7513,0.2546,1.6392
54.989,raw,1280,3.8777,0.3411,1.6323
54.989,raw,1297,4.0384,0.4314,1.6228
54.989,raw,1314,4.1942,0.5363,1.6133
54.989,raw,1331,4.3590,0.6541,1.6030
54.989,raw,1348,4.5650,0.7852,1.5894
54.989,raw,1364,-10.0247,-6.5047,1.1757
54.989,raw,1381,-9.7315,-7.1187,1.1710
54.989,raw,1398,-9.4249,-7.7366,1.1653
54.989,raw,1415,-9.0770,-8.3372,1.1600
54.989,raw,1432,-8.7258,-8.9524,1.1528
54.989,raw,1449,-8.3861,-9.6048,1.1426
54.989,raw,1465,-8.0296,-10.2090,1.1330
54.989,raw,1482,-7.6560,-10.8948,1.1196
54.989,raw,1499,-4.6976,-7.9484,1.3075
54.989,raw,1516,-6.7550,-12.2004,1.0944
54.989,raw,1533,-6.3465,-13.0171,1.0721
54.989,raw,1550,-5.7917,-13.6533,1.0584
54.989,raw,1567,-5.3633,-14.6528,1.0255
54.989,raw,1583,-5.0052,-15.8922,0.9796
54.989,raw,1600,-5.9895,-21.6371,0.7184
54.989,raw,1617,-5.2615,-23.3450,0.6537
54.989,raw,1634,-4.3814,-25.0219,0.5895
54.989,raw,1651,-3.1836,-25.7088,0.5697
54.989,raw,1668,-1.9388,-26.3888,0.5476
54.989,raw,1685,-0.6471,-27.1175,0.5205
54.989,raw,1701,0.6298,-27.6359,0.5001
54.989,raw,1718,4.2249,-0.4832,1.6613
54.989,raw,1735,4.0698,-0.2493,1.6723
54.989,raw,1752,3.9234,-0.0439,1.6821
54.989,raw,1769,3.8468,0.1159,1.6879
54.989,raw,1786,3.7671,0.2640,1.6934
54.989,raw,1802,3.8863,0.3463,1.6891
54.989,raw,1819,4.0210,0.4422,1.6840
54.989,raw,1836,4.1963,0.5439,1.6768
54.989,raw,1853,4.3650,0.6618,1.6698
54.989,raw,1870,4.5857,0.7932,1.6602
54.989,raw,1887,21.9446,9.5851,0.7898
54.989,raw,1904,-18.1346,20.9082,0.5239
54.989,raw,1920,-17.6172,18.6694,0.6118
54.989,raw,1937,-17.2141,16.6642,0.6861
54.989,raw,1954,-16.6058,14.6992,0.7636
54.989,raw,1971,-15.9795,12.9202,0.8341
54.989,raw,1988,-15.6597,11.5051,0.8815
54.989,raw,2005,-11.2957,7.9736,1.1341
54.989,raw,2022,-14.7672,8.8764,0.9749
54.989,raw,2038,-14.3028,7.7668,1.0153
54.989,raw,2055,-13.9916,6.7498,1.0458
54.989,raw,2072,-14.1936,-1.1647,1.4503
54.989,raw,2089,-8.3906,-0.8942,1.5778
54.989,raw,2106,-13.5887,-2.6113,1.4577
54.989,raw,2123,-13.3112,-3.3199,1.4597
54.989,raw,2139,-13.0288,-3.9728,1.4614
54.989,raw,2156,-12.7558,-4.6707,1.4618
54.989,raw,2173,-12.4909,-5.3722,1.4612
54.989,raw,2190,-11.9879,-5.9576,1.4657
54.989,raw,2207,-11.7357,-6.6658,1.4631
54.989,raw,2224,-11.4870,-7.3916,1.4596
54.989,raw,2241,-11.2906,-8.1762,1.4535
54.989,raw,2257,-10.8843,-8.7748,1.4528
54.989,raw,2274,-10.7004,-9.6313,1.4439
54.989,raw,2291,-10.2433,-10.2844,1.4417
54.989,raw,2308,-10.0296,-11.2098,1.4306
54.989,raw,2325,-9.6178,-11.9839,1.4241
54.989,raw,2342,-9.3905,-13.0444,1.4091
54.989,raw,2359,-8.8263,-13.7453,1.4042
54.989,raw,2375,-8.5040,-14.7726,1.3893
54.989,raw,2392,-9.6143,-18.5439,1.3054
54.989,raw,2409,-9.2083,-20.1597,1.2783
54.989,raw,2426,-8.6587,-21.7554,1.2517
54.989,raw,2443,-8.1659,-23.8258,1.2138
54.989,raw,2460,-7.4638,-25.8097,1.1779
54.989,raw,2476,-6.6035,-27.5164,1.1476
54.989,raw,2493,-5.2846,-28.2185,1.1399
54.989,raw,2510,-3.9860,-29.2409,1.1236
54.989,raw,2527,-2.5715,-29.9621,1.1128
54.989,raw,2544,-1.1162,-30.8191,1.0974
54.989,raw,2561,0.4056,-31.8250,1.0772
54.989,raw,2578,2.0131,-32.3238,1.0665
54.989,raw,2594,3.5780,-32.8822,1.0529
54.989,raw,2611,5.3497,-33.8617,1.0280
54.989,raw,2628,4.2145,-0.4778,1.7330
54.989,raw,2645,4.0926,-0.2596,1.7375
54.989,raw,2662,3.9443,-0.0521,1.7423
54.989,raw,2679,3.8457,0.1163,1.7457
54.989,raw,2696,3.7495,0.2690,1.7487
54.989,raw,2712,3.8866,0.3462,1.7462
54.989,raw,2729,4.0324,0.4401,1.7435
54.989,raw,2746,4.2100,0.5420,1.7400
54.989,raw,2763,4.3638,0.6619,1.7369
54.989,raw,2780,4.5813,0.7933,1.7323
54.989,raw,2797,25.3278,11.6745,1.2233
54.989,raw,2813,-23.1354,23.3987,1.0636
54.989,raw,2830,-21.8343,20.2089,1.1315
54.989,raw,2847,-20.7515,17.5524,1.1865
54.989,raw,2864,-19.8626,15.3161,1.2311
54.989,raw,2881,-19.0686,13.3641,1.2691
54.989,raw,2898,-11.2736,7.8182,1.4792
54.989,raw,2915,-18.2110,10.3512,1.3174
54.989,raw,2931,-17.7028,9.0444,1.3395
54.989,raw,2948,-17.5366,7.8977,1.3522
54.989,raw,2965,-17.0592,6.7102,1.3706
54.989,raw,2982,-16.6561,5.6238,1.3857
54.989,raw,2999,-16.5528,4.6657,1.3927
54.989,raw,3016,-16.1578,3.6911,1.4052
54.989,raw,3033,-15.7631,2.7697,1.4165
54.989,raw,3049,-15.4238,1.9485,1.4255
54.989,raw,3066,-15.0994,1.1155,1.4333
54.989,raw,3083,-14.7755,0.3151,1.4402
54.989,raw,3100,-14.4734,-0.4582,1.4459
54.989,raw,3117,-32.1107,-3.5317,1.8460
54.989,raw,3134,-15.9537,-2.2721,1.8241
54.989,raw,3150,-31.6679,-6.7262,1.8461
54.989,raw,3167,-30.8196,-8.2150,1.8455
54.989,raw,3184,-29.9782,-9.6636,1.8450
54.989,raw,3201,-29.1735,-11.0913,1.8446
54.989,raw,3218,-15.8429,-6.8758,1.8258
54.989,raw,3235,-27.5372,-13.8663,1.8442
54.989,raw,3252,-26.7603,-15.2561,1.8441
54.989,raw,3268,-26.0018,-16.5482,1.8442
54.989,raw,3285,-25.2018,-17.9319,1.8443
54.989,raw,3302,-24.4060,-19.3365,1.8446
54.989,raw,3319,-23.6015,-20.7644,1.8449
54.989,raw,3336,-22.7425,-22.1840,1.8454
54.989,raw,3353,-21.8967,-23.6681,1.8460
54.989,raw,3370,-20.1485,-24.1804,1.8449
54.989,raw,3386,-20.1743,-26.6792,1.8475
54.989,raw,3403,4.3029,-0.5949,1.8043
54.989,raw,3420,4.1079,-0.3301,1.8039
54.989,raw,3437,4.0005,-0.1327,1.8037
54.989,raw,3454,3.8664,0.0561,1.8034
54.989,raw,3471,3.7708,0.2135,1.8032
54.989,raw,3487,3.8220,0.3123,1.8032
54.989,raw,3504,3.9605,0.4024,1.8034
54.989,raw,3521,4.1099,0.5024,1.8036
54.989,raw,3538,4.2963,0.6113,1.8038
54.989,raw,3555,4.5015,0.7362,1.8041
54.989,raw,3572,4.7423,0.8800,1.8044
54.989,raw,3589,-17.8985,-0.7514,1.8264
54.989,raw,3605,-17.8410,-1.8733,2.2846
54.989,raw,3622,-15.6770,-3.3596,2.2390
54.989,raw,3639,-15.4558,-4.1967,2.2392
54.989,raw,3656,-15.2094,-5.0278,2.2398
54.989,raw,3673,-14.8628,-6.1552,2.2420
54.989,raw,3690,-14.6359,-7.0143,2.2458
54.989,raw,3707,-14.3677,-7.8702,2.2497
54.989,raw,3723,4.3550,-0.7085,1.8810
54.989,raw,3740,4.1981,-0.4499,1.8745
54.989,raw,3757,4.0699,-0.2317,1.8693
54.989,raw,3774,3.9186,-0.0260,1.8639
54.989,raw,3791,3.8265,0.1376,1.8604
54.989,raw,3808,3.7707,0.2769,1.8580
54.989,raw,3824,3.9016,0.3571,1.8607
54.989,raw,3841,4.0465,0.4525,1.8637
54.989,raw,3858,4.2156,0.5570,1.8675
54.989,raw,3875,4.4029,0.6752,1.8718
54.989,raw,3892,4.6087,0.8101,1.8767
54.989,raw,3909,-19.0713,-0.6136,2.3115
54.989,raw,3926,-31.7609,-3.7778,3.4208
54.989,raw,3942,-26.2932,-14.1514,3.3253
54.989,raw,3959,4.3810,-0.7342,1.9594
54.989,raw,3976,4.2135,-0.4675,1.9461
54.989,raw,3993,4.0735,-0.2421,1.9353
54.989,raw,4010,3.9395,-0.0422,1.9256
54.989,raw,4027,3.8081,0.1365,1.9167
54.989,raw,4044,3.7636,0.2720,1.9127
54.989,raw,4060,3.9172,0.3462,1.9190
54.989,raw,4077,4.0489,0.4445,1.9242
54.989,raw,4094,4.2020,0.5510,1.9307
54.989,raw,4111,4.3751,0.6692,1.9384
54.989,raw,4128,4.6002,0.8015,1.9489
54.989,raw,4145,-18.9928,-2.8867,3.2962
54.989,raw,4161,4.3137,-0.6216,2.0289
54.989,raw,4178,4.1378,-0.3630,2.0091
54.989,raw,4195,4.0149,-0.1557,1.9949
54.989,raw,4212,3.8812,0.0353,1.9809
54.989,raw,4229,3.7741,0.1982,1.9699
54.989,raw,4246,3.8281,0.3036,1.9715
54.989,raw,4263,3.9504,0.3972,1.9785
54.989,raw,4279,4.1034,0.4881,1.9881
54.989,raw,4296,4.2793,0.5971,1.9995
54.989,raw,4313,4.4837,0.7201,2.0134
54.989,raw,4330,4.6833,0.8623,2.0273
54.989,raw,4347,-19.2596,-2.1994,3.8023
54.989,raw,4364,-18.7678,-3.1474,3.7717
54.989,raw,4381,-18.4500,-4.1093,3.7623
54.989,raw,4397,-18.1762,-5.0153,3.7602
54.989,raw,4414,-16.8922,-5.6253,3.6619
54.989,raw,4431,-17.6263,-7.0231,3.7751
54.989,raw,4448,-17.3214,-7.9985,3.7862
54.989,raw,4465,-16.9668,-8.9629,3.7974
54.989,raw,4482,4.3640,-0.7245,2.1131
54.989,raw,4498,4.2161,-0.4786,2.0895
54.989,raw,4515,4.0654,-0.2473,2.0669
54.989,raw,4532,3.9495,-0.0542,2.0496
54.989,raw,4549,3.8502,0.1147,2.0351
54.989,raw,4566,3.7684,0.2636,2.0234
54.989,raw,4583,3.8920,0.3522,2.0327
54.989,raw,4600,4.0365,0.4468,2.0443
54.989,raw,4616,4.1913,0.5446,2.0574
54.989,raw,4633,4.3600,0.6622,2.0722
54.989,raw,4650,4.5788,0.7934,2.0922
54.989,raw,4667,-17.0229,0.6063,3.5673
54.989,raw,4684,-16.7498,-0.2834,3.5448
54.989,raw,4701,-19.4740,-1.4957,3.8138
54.989,raw,4718,-16.2711,-1.9615,3.9442
54.989,raw,4734,-15.6961,-3.1026,3.9033
54.989,raw,4751,-15.3901,-3.9130,3.8922
54.989,raw,4768,-15.1502,-4.7384,3.8942
54.989,raw,4785,-14.8937,-5.7802,3.9089
54.989,raw,4802,-14.6635,-6.6279,3.9242
54.989,raw,4819,-14.4119,-7.4808,3.9425
54.989,raw,4835,4.1486,-0.3870,2.1493
54.989,raw,4852,4.0180,-0.1741,2.1246
54.989,raw,4869,3.9045,0.0110,2.1038
54.989,raw,4886,3.8064,0.1735,2.0864
54.989,raw,4903,3.7806,0.3022,2.0791
54.989,raw,4920,3.9359,0.3857,2.0947
54.989,raw,4937,4.1034,0.4805,2.1122
54.989,raw,4953,4.2685,0.5823,2.1299
54.989,raw,4970,4.4183,0.7075,2.1463
54.989,raw,4987,-16.9076,-0.5599,3.9995
54.989,raw,5004,3.8457,0.0787,2.1534
54.989,raw,5021,3.7285,0.2405,2.1302
54.989,raw,5038,3.8478,0.3270,2.1434
56.035,raw,0,4.4240,-0.7221,1.1753
56.035,raw,17,4.2438,-0.4482,1.2297
56.035,raw,34,4.1043,-0.2231,1.2717
56.035,raw,51,3.9869,-0.0297,1.3062
56.035,raw,68,3.8691,0.1452,1.3383
56.035,raw,86,3.7927,0.2984,1.3605
56.035,raw,103,3.9298,0.3841,1.3395
56.035,raw,120,4.0878,0.4775,1.3138
56.035,raw,137,4.2417,0.5851,1.2883
56.035,raw,154,4.4367,0.7031,1.2540
56.035,raw,172,4.6520,0.8476,1.2149
56.035,raw,189,4.3458,-0.6032,1.2762
56.035,raw,206,4.1862,-0.3525,1.3183
56.035,raw,223,4.0501,-0.1386,1.3532
56.035,raw,240,3.9237,0.0499,1.3839
56.035,raw,258,3.8186,0.2201,1.4092
56.035,raw,275,3.8438,0.3338,1.4103
56.035,raw,292,3.9771,0.4246,1.3924
56.035,raw,309,4.1434,0.5214,1.3684
56.035,raw,326,4.3388,0.6297,1.3390
56.035,raw,344,4.5215,0.7653,1.3109
56.035,raw,361,4.7409,0.9096,1.2756
56.035,raw,378,4.2677,-0.4901,1.3698
56.035,raw,395,4.1430,-0.2676,1.3992
56.035,raw,412,3.9753,-0.0494,1.4329
56.035,raw,430,3.8592,0.1337,1.4571
56.035,raw,447,3.7743,0.2828,1.4748
56.035,raw,464,3.9160,0.3657,1.4585
56.035,raw,481,4.0686,0.4584,1.4403
56.035,raw,498,4.2301,0.5630,1.4203
56.035,raw,516,4.4060,0.6890,1.3977
56.035,raw,533,4.6017,0.8225,1.3715
56.035,raw,550,-4.6942,-7.9225,0.5410
56.035,raw,567,-4.3445,-8.3588,0.5215
56.035,raw,584,4.2550,-0.4637,1.4457
56.035,raw,602,4.1025,-0.2223,1.4738
56.035,raw,619,3.9674,-0.0221,1.4973
56.035,raw,636,3.8642,0.1469,1.5153
56.035,raw,653,3.7899,0.2922,1.5286
56.035,raw,670,3.9131,0.3808,1.5173
56.035,raw,688,4.0677,0.4811,1.5020
56.035,raw,705,4.2522,0.5838,1.4826
56.035,raw,722,4.4382,0.7030,1.4625
56.035,raw,739,4.6558,0.8385,1.4381
56.035,raw,756,-4.7071,-7.9408,0.7953
56.035,raw,774,-5.0891,-9.5999,0.6479
56.035,raw,791,-4.7162,-10.1763,0.6197
56.035,raw,808,-4.2770,-10.6897,0.5968
56.035,raw,825,-3.8342,-11.2585,0.5666
56.035,raw,842,-3.4667,-12.1165,0.5062
56.035,raw,860,4.2562,-0.4742,1.5173
56.035,raw,877,4.1040,-0.2407,1.5394
56.035,raw,894,3.9750,-0.0412,1.5577
56.035,raw,911,3.8723,0.1292,1.5721
56.035,raw,928,3.7877,0.2789,1.5837
56.035,raw,946,3.9003,0.3766,1.5759
56.035,raw,963,4.0425,0.4707,1.5648
56.035,raw,980,4.2173,0.5726,1.5503
56.035,raw,997,4.4062,0.6889,1.5341
56.035,raw,1014,4.6192,0.8219,1.5151
56.035,raw,1032,-6.7250,-9.2960,0.8925
56.035,raw,1049,-6.3689,-9.8973,0.8746
56.035,raw,1066,-4.3508,-8.0234,1.0603
56.035,raw,1083,-5.5463,-11.0775,0.8377
56.035,raw,1100,-5.0729,-11.6403,0.8197
56.035,raw,1118,-4.5976,-12.3631,0.7895
56.035,raw,1135,-4.2168,-13.3296,0.7387
56.035,raw,1152,-3.7943,-14.4004,0.6798
56.035,raw,1169,-3.3236,-15.6092,0.6103
56.035,raw,1186,-2.7822,-16.9524,0.5304
56.035,raw,1204,4.3052,-0.5400,1.5842
56.035,raw,1221,4.1490,-0.2976,1.6013
56.035,raw,1238,4.0213,-0.0928,1.6151
56.035,raw,1255,3.8829,0.0954,1.6286
56.035,raw,1272,3.7908,0.2500,1.6380
56.035,raw,1290,3.8835,0.3521,1.6337
56.035,raw,1307,4.0459,0.4403,1.6241
56.035,raw,1324,4.1815,0.5465,1.6161
56.035,raw,1341,4.3752,0.6587,1.6037
56.035,raw,1358,4.5725,0.7887,1.5908
56.035,raw,1376,-9.8980,-6.4328,1.1807
56.035,raw,1393,-9.5939,-7.0322,1.1769
56.035,raw,1410,-9.2909,-7.6452,1.1711
56.035,raw,1427,-8.9413,-8.2360,1.1662
56.035,raw,1444,-8.5840,-8.8364,1.1596
56.035,raw,1462,-8.2283,-9.5213,1.1488
56.035,raw,1479,-7.8605,-10.1682,1.1379
56.035,raw,1496,-7.4543,-10.8061,1.1269
56.035,raw,1513,-4.5652,-7.9002,1.3113
56.035,raw,1530,-6.6168,-12.1916,1.0967
56.035,raw,1548,-6.1081,-12.9232,1.0797
56.035,raw,1565,-5.6153,-13.6740,1.0598
56.035,raw,1582,-5.1534,-14.6092,1.0299
56.035,raw,1599,-4.7636,-15.9256,0.9809
56.035,raw,1616,-4.6758,-18.5393,0.8698
56.035,raw,1634,-4.8503,-23.3520,0.6572
56.035,raw,1651,-3.9226,-24.8910,0.5988
56.035,raw,1668,-2.7249,-25.5612,0.5787
56.035,raw,1685,-1.5055,-26.4524,0.5460
56.035,raw,1702,-0.1835,-26.8749,0.5321
56.035,raw,1720,1.2503,-27.5413,0.5041
56.035,raw,1737,4.2794,-0.5062,1.6594
56.035,raw,1754,4.1278,-0.2696,1.6704
56.035,raw,1771,3.9995,-0.0674,1.6794
56.035,raw,1788,3.8835,0.1103,1.6872
56.035,raw,1806,3.7853,0.2726,1.6937
56.035,raw,1823,3.9011,0.3621,1.6897
56.035,raw,1840,4.0366,0.4570,1.6845
56.035,raw,1857,4.2011,0.5592,1.6779
56.035,raw,1874,4.3995,0.6730,1.6695
56.035,raw,1892,4.5870,0.8143,1.6614
56.035,raw,1909,22.8211,10.0505,0.7463
56.035,raw,1926,-18.2740,20.3907,0.5358
56.035,raw,1943,-17.7237,18.0842,0.6258
56.035,raw,1960,-17.0608,15.9309,0.7122
56.035,raw,1978,-16.5361,14.0247,0.7839
56.035,raw,1995,-15.9257,12.3246,0.8506
56.035,raw,2012,-15.4147,10.8455,0.9058
56.035,raw,2029,-11.4041,7.6742,1.1355
56.035,raw,2046,-14.5605,8.3422,0.9931
56.035,raw,2064,-14.1875,7.2062,1.0291
56.035,raw,2081,-13.8667,6.2212,1.0584
56.035,raw,2098,-8.3861,-0.6805,1.5780
56.035,raw,2115,-13.5544,-2.2820,1.4594
56.035,raw,2132,-13.2577,-2.9834,1.4621
56.035,raw,2150,-12.9320,-3.7105,1.4645
56.035,raw,2167,-12.6457,-4.3961,1.4655
56.035,raw,2184,-12.3692,-5.0831,1.4655
56.035,raw,2201,-12.0725,-5.7621,1.4652
56.035,raw,2218,-11.6840,-6.3941,1.4663
56.035,raw,2236,-11.3804,-7.1262,1.4639
56.035,raw,2253,-11.0528,-7.8043,1.4617
56.035,raw,2270,-10.6447,-8.4348,1.4608
56.035,raw,2287,-10.4012,-9.2129,1.4542
56.035,raw,2304,-10.1748,-10.0497,1.4456
56.035,raw,2322,-9.7264,-10.7814,1.4413
56.035,raw,2339,-9.2964,-11.4960,1.4361
56.035,raw,2356,-9.0414,-12.4726,1.4231
56.035,raw,2373,-8.5374,-13.2025,1.4169
56.035,raw,2390,-8.1588,-14.1821,1.4037
56.035,raw,2408,-7.5455,-14.9807,1.3956
56.035,raw,2425,-9.0139,-19.8454,1.2857
56.035,raw,2442,-8.4559,-21.3834,1.2604
56.035,raw,2459,-7.9645,-23.4074,1.2234
56.035,raw,2476,-7.2610,-25.3232,1.1889
56.035,raw,2494,-6.2964,-27.1957,1.1557
56.035,raw,2511,-4.9795,-27.8368,1.1491
56.035,raw,2528,-3.6945,-28.8470,1.1328
56.035,raw,2545,-2.2987,-29.5818,1.1214
56.035,raw,2562,-0.8602,-30.4686,1.1051
56.035,raw,2580,0.7470,-31.3511,1.0874
56.035,raw,2597,2.3362,-31.8331,1.0768
56.035,raw,2614,3.9962,-32.5852,1.0584
56.035,raw,2631,5.7857,-33.6953,1.0302
56.035,raw,2648,4.2244,-0.4480,1.7335
56.035,raw,2666,4.0935,-0.2182,1.7383
56.035,raw,2683,3.9669,-0.0219,1.7426
56.035,raw,2700,3.8489,0.1520,1.7463
56.035,raw,2717,3.7811,0.2947,1.7487
56.035,raw,2734,3.9250,0.3780,1.7461
56.035,raw,2752,4.0808,0.4788,1.7431
56.035,raw,2769,4.2661,0.5820,1.7394
56.035,raw,2786,4.4442,0.7025,1.7358
56.035,raw,2803,4.6435,0.8389,1.7316
56.035,raw,2820,26.1906,12.2584,1.2014
56.035,raw,2838,-22.6319,21.9610,1.0928
56.035,raw,2855,-21.6771,19.2167,1.1477
56.035,raw,2872,-20.3273,16.4849,1.2077
56.035,raw,2889,-19.6434,14.4907,1.2449
56.035,raw,2906,-18.9230,12.6614,1.2794
56.035,raw,2924,-18.6248,11.1428,1.3011
56.035,raw,2941,-18.0171,9.6622,1.3273
56.035,raw,2958,-17.8079,8.4580,1.3418
56.035,raw,2975,-17.3153,7.2243,1.3612
56.035,raw,2992,-16.8461,6.0842,1.3785
56.035,raw,3010,-16.3438,4.9585,1.3954
56.035,raw,3027,-16.2747,4.0373,1.4008
56.035,raw,3044,-15.8482,3.0939,1.4132
56.035,raw,3061,-15.4676,2.2068,1.4235
56.035,raw,3078,-15.1138,1.3640,1.4323
56.035,raw,3096,-14.7516,0.5113,1.4403
56.035,raw,3113,-14.4246,-0.2627,1.4466
56.035,raw,3130,-14.0942,-1.0099,1.4523
56.035,raw,3147,-32.5370,-4.8967,1.8468
56.035,raw,3164,-16.0169,-2.9642,1.8244
56.035,raw,3182,-30.6757,-7.9847,1.8453
56.035,raw,3199,-16.3396,-4.9730,1.8255
56.035,raw,3216,-28.9694,-10.8230,1.8443
56.035,raw,3233,-28.1207,-12.1940,1.8439
56.035,raw,3250,-27.2977,-13.5537,1.8437
56.035,raw,3268,-26.4527,-14.9932,1.8436
56.035,raw,3285,-25.6432,-16.3427,1.8436
56.035,raw,3302,-24.8065,-17.6778,1.8437
56.035,raw,3319,-23.9951,-19.0436,1.8439
56.035,raw,3336,-23.1594,-20.4143,1.8442
56.035,raw,3354,-22.2615,-21.8924,1.8447
56.035,raw,3371,-21.3999,-23.3255,1.8452
56.035,raw,3388,-20.0887,-24.3017,1.8450
56.035,raw,3405,-19.6017,-26.3220,1.8467
56.035,raw,3422,-18.6648,-27.9212,1.8477
56.035,raw,3440,4.2756,-0.5042,1.8042
56.035,raw,3457,4.1369,-0.2738,1.8039
56.035,raw,3474,3.9943,-0.0653,1.8036
56.035,raw,3491,3.8690,0.1154,1.8033
56.035,raw,3508,3.7529,0.2752,1.8031
56.035,raw,3526,3.8977,0.3629,1.8033
56.035,raw,3543,4.0446,0.4555,1.8034
56.035,raw,3560,4.1997,0.5594,1.8036
56.035,raw,3577,4.3842,0.6743,1.8039
56.035,raw,3594,4.5814,0.8057,1.8041
56.035,raw,3612,-17.2170,0.1782,1.8254
56.035,raw,3629,-17.9809,-1.2642,1.8266
56.035,raw,3646,-16.3386,-1.9167,2.2487
56.035,raw,3663,-15.7102,-3.0526,2.2388
56.035,raw,3680,-15.5059,-3.8937,2.2391
56.035,raw,3698,-15.2350,-4.7694,2.2391
56.035,raw,3715,-14.9365,-5.8575,2.2416
56.035,raw,3732,-14.6852,-6.7584,2.2450
56.035,raw,3749,-14.4163,-7.6093,2.2485
56.035,raw,3766,-19.7760,-24.2282,2.6171
56.035,raw,3784,4.2484,-0.4701,1.8754
56.035,raw,3801,4.0938,-0.2360,1.8695
56.035,raw,3818,3.9641,-0.0369,1.8646
56.035,raw,3835,3.8791,0.1269,1.8612
56.035,raw,3852,3.7684,0.2845,1.8574
56.035,raw,3870,3.9073,0.3750,1.8601
56.035,raw,3887,4.0591,0.4677,1.8634
56.035,raw,3904,4.2234,0.5718,1.8670
56.035,raw,3921,4.3892,0.6904,1.8707
56.035,raw,3938,4.5893,0.8230,1.8755
56.035,raw,3956,-19.0812,-0.4911,2.3123
56.035,raw,3973,-32.1223,-3.6372,3.4386
56.035,raw,3990,-26.2014,-14.2231,3.3247
56.035,raw,4007,4.3974,-0.7068,1.9586
56.035,raw,4024,4.2396,-0.4460,1.9459
56.035,raw,4042,4.0787,-0.2028,1.9339
56.035,raw,4059,3.9553,-0.0093,1.9248
56.035,raw,4076,3.8404,0.1623,1.9168
56.035,raw,4093,3.7964,0.2974,1.9128
56.035,raw,4110,3.9467,0.3803,1.9189
56.035,raw,4128,4.0838,0.4858,1.9243
56.035,raw,4145,4.2492,0.5921,1.9315
56.035,raw,4162,4.4419,0.7111,1.9402
56.035,raw,4179,4.6387,0.8479,1.9493
56.035,raw,4196,-17.7767,-6.1951,3.2772
56.035,raw,4214,4.3153,-0.5659,2.0259
56.035,raw,4231,4.1513,-0.3171,2.0073
56.035,raw,4248,4.0170,-0.1078,1.9924
56.035,raw,4265,3.8873,0.0786,1.9788
56.035,raw,4282,3.7915,0.2356,1.9687
56.035,raw,4300,3.8580,0.3443,1.9712
56.035,raw,4317,3.9959,0.4354,1.9794
56.035,raw,4334,4.1537,0.5351,1.9893
56.035,raw,4351,4.3261,0.6473,2.0006
56.035,raw,4368,4.5503,0.7724,2.0159
56.035,raw,4386,4.7675,0.9280,2.0312
56.035,raw,4403,-16.2021,-1.9996,3.5144
56.035,raw,4420,-18.6495,-3.4262,3.7691
56.035,raw,4437,-18.3253,-4.3840,3.7605
56.035,raw,4454,-18.0440,-5.3488,3.7607
56.035,raw,4472,-17.7353,-6.4963,3.7693
56.035,raw,4489,-17.4414,-7.4698,3.7788
56.035,raw,4506,-17.1442,-8.4552,3.7933
56.035,raw,4523,-14.1904,-8.0795,3.5282
56.035,raw,4540,4.2963,-0.5556,2.0981
56.035,raw,4558,4.1350,-0.3002,2.0733
56.035,raw,4575,4.0182,-0.0999,2.0554
56.035,raw,4592,3.8951,0.0834,2.0382
56.035,raw,4609,3.7802,0.2461,2.0229
56.035,raw,4626,3.8688,0.3415,2.0286
56.035,raw,4644,4.0160,0.4388,2.0402
56.035,raw,4661,4.1665,0.5409,2.0527
56.035,raw,4678,4.3467,0.6533,2.0684
56.035,raw,4695,4.5597,0.7806,2.0878
56.035,raw,4712,4.7801,0.9280,2.1085
56.035,raw,4730,-16.7762,-0.0681,3.5489
56.035,raw,4747,-19.5299,-1.2543,3.8195
56.035,raw,4764,-16.2858,-1.7508,3.9457
56.035,raw,4781,-15.7027,-2.7907,3.8997
56.035,raw,4798,-15.4669,-3.6197,3.8956
56.035,raw,4816,-15.1835,-4.4851,3.8924
56.035,raw,4833,-14.9125,-5.5180,3.9034
56.035,raw,4850,-14.6568,-6.3496,3.9137
56.035,raw,4867,-14.3932,-7.1889,3.9285
56.035,raw,4884,-14.1458,-8.0539,3.9516
56.035,raw,4902,4.1612,-0.3404,2.1462
56.035,raw,4919,4.0322,-0.1310,2.1219
56.035,raw,4936,3.9137,0.0536,2.1006
56.035,raw,4953,3.8226,0.2116,2.0843
56.035,raw,4970,3.8358,0.3288,2.0819
56.035,raw,4988,4.0037,0.4191,2.0989
56.035,raw,5005,4.1438,0.5213,2.1132
56.035,raw,5022,4.3001,0.6339,2.1299
56.035,raw,5039,4.5064,0.7576,2.1531
56.035,raw,5056,4.7323,0.9005,2.1795
56.035,raw,5074,-16.4946,-1.2549,3.9624
56.035,raw,5091,3.8834,0.0952,2.1547
56.035,raw,5108,3.7801,0.2532,2.1336
56.035,raw,5125,3.8627,0.3501,2.1413
56.035,raw,5142,4.0179,0.4384,2.1602
57.554,raw,0,4.4232,-0.7188,1.1771
57.554,raw,17,4.2344,-0.4419,1.2331
57.554,raw,34,4.0908,-0.2165,1.2757
57.554,raw,51,3.9627,-0.0206,1.3122
57.554,raw,68,3.8710,0.1435,1.3389
57.554,raw,86,3.8173,0.2899,1.3566
57.554,raw,103,3.9330,0.3818,1.3397
57.554,raw,120,4.0713,0.4789,1.3178
57.554,raw,137,4.2587,0.5817,1.2858
57.554,raw,155,4.4371,0.7105,1.2547
57.554,raw,172,4.6724,0.8465,1.2117
57.554,raw,189,4.3578,-0.6075,1.2753
57.554,raw,206,4.1873,-0.3519,1.3193
57.554,raw,224,4.0358,-0.1240,1.3573
57.554,raw,241,3.9209,0.0580,1.3857
57.554,raw,258,3.8152,0.2197,1.4106
57.554,raw,275,3.8476,0.3311,1.4105
57.554,raw,293,4.0187,0.4219,1.3864
57.554,raw,310,4.1799,0.5221,1.3632
57.554,raw,327,4.3423,0.6364,1.3391
57.554,raw,344,4.5327,0.7638,1.3096
57.554,raw,362,4.7702,0.9184,1.2713
57.554,raw,379,4.2533,-0.4711,1.3738
57.554,raw,396,4.1126,-0.2440,1.4054
57.554,raw,413,3.9682,-0.0388,1.4352
57.554,raw,431,3.8518,0.1426,1.4593
57.554,raw,448,3.7886,0.2840,1.4736
57.554,raw,465,3.9314,0.3677,1.4572
57.554,raw,482,4.0656,0.4650,1.4415
57.554,raw,500,4.2522,0.5746,1.4180
57.554,raw,517,4.4380,0.6937,1.3938
57.554,raw,534,4.6470,0.8293,1.3656
57.554,raw,551,-4.6701,-7.9510,0.5406
57.554,raw,569,-4.3366,-8.4739,0.5113
57.554,raw,586,4.3151,-0.5740,1.4343
57.554,raw,603,4.1861,-0.3420,1.4599
57.554,raw,620,4.0294,-0.1213,1.4870
57.554,raw,638,3.9190,0.0664,1.5069
57.554,raw,655,3.8038,0.2303,1.5256
57.554,raw,672,3.8611,0.3347,1.5225
57.554,raw,689,4.0062,0.4244,1.5083
57.554,raw,707,4.1667,0.5318,1.4921
57.554,raw,724,4.3563,0.6431,1.4718
57.554,raw,741,4.5288,0.7726,1.4529
57.554,raw,758,4.7695,0.9184,1.4253
57.554,raw,776,-4.3772,-8.0162,0.8073
57.554,raw,793,-4.7517,-9.6703,0.6592
57.554,raw,810,-4.3478,-10.1934,0.6353
57.554,raw,827,-3.8844,-10.6522,0.6164
57.554,raw,845,-3.4854,-11.4248,0.5657
57.554,raw,862,4.4026,-0.7071,1.4957
57.554,raw,879,4.2382,-0.4438,1.5207
57.554,raw,896,4.0978,-0.2197,1.5413
57.554,raw,914,3.9709,-0.0158,1.5594
57.554,raw,931,3.8785,0.1484,1.5726
57.554,raw,948,3.7920,0.2970,1.5843
57.554,raw,965,3.9533,0.3772,1.5716
57.554,raw,983,4.1013,0.4813,1.5600
57.554,raw,1000,4.2595,0.5895,1.5470
57.554,raw,1017,4.4362,0.7105,1.5318
57.554,raw,1034,4.6709,0.8466,1.5107
57.554,raw,1052,-6.4701,-9.1651,0.9109
57.554,raw,1069,-6.0821,-9.7037,0.8974
57.554,raw,1086,-4.3169,-8.1500,1.0546
57.554,raw,1103,-5.2733,-10.8534,0.8610
57.554,raw,1121,-4.8174,-11.5069,0.8365
57.554,raw,1138,-4.3534,-12.1362,0.8112
57.554,raw,1155,-3.9709,-13.0739,0.7619
57.554,raw,1172,-3.5488,-14.1177,0.7042
57.554,raw,1190,-3.0403,-15.3394,0.6341
57.554,raw,1207,-2.5043,-16.6901,0.5529
57.554,raw,1224,4.3532,-0.6259,1.5789
57.554,raw,1241,4.2050,-0.3793,1.5958
57.554,raw,1259,4.0593,-0.1509,1.6115
57.554,raw,1276,3.9364,0.0368,1.6242
57.554,raw,1293,3.8243,0.2025,1.6352
57.554,raw,1310,3.8336,0.3207,1.6369
57.554,raw,1327,3.9921,0.4053,1.6276
57.554,raw,1345,4.1253,0.5152,1.6199
57.554,raw,1362,4.3248,0.6220,1.6072
57.554,raw,1379,4.5155,0.7476,1.5948
57.554,raw,1396,4.7370,0.8909,1.5798
57.554,raw,1414,-9.3406,-6.6244,1.1971
57.554,raw,1431,-9.0503,-7.2171,1.1919
57.554,raw,1448,-8.8165,-7.8747,1.1814
57.554,raw,1465,-8.4660,-8.4560,1.1756
57.554,raw,1483,-8.1015,-9.1003,1.1669
57.554,raw,1500,-7.6938,-9.6664,1.1604
57.554,raw,1517,-7.3321,-10.3157,1.1482
57.554,raw,1534,-6.9078,-10.9252,1.1376
57.554,raw,1552,-4.2750,-8.1998,1.3075
57.554,raw,1569,-5.9734,-12.2358,1.1103
57.554,raw,1586,-5.5049,-12.9474,1.0919
57.554,raw,1603,-5.0539,-13.7988,1.0658
57.554,raw,1621,-4.6621,-15.0961,1.0182
57.554,raw,1638,-4.2318,-16.4613,0.9663
57.554,raw,1655,-4.0290,-19.0633,0.8557
57.554,raw,1672,-4.0643,-23.7961,0.6464
57.554,raw,1690,-2.8965,-24.7332,0.6150
57.554,raw,1707,-1.6862,-25.3093,0.5971
57.554,raw,1724,-0.4494,-26.0876,0.5674
57.554,raw,1741,0.8592,-26.6702,0.5438
57.554,raw,1759,2.3058,-27.3731,0.5118
57.554,raw,1776,4.3031,-0.5471,1.6579
57.554,raw,1793,4.1724,-0.3170,1.6679
57.554,raw,1810,4.0272,-0.1037,1.6779
57.554,raw,1828,3.8966,0.0897,1.6866
57.554,raw,1845,3.7997,0.2457,1.6930
57.554,raw,1862,3.8822,0.3437,1.6905
57.554,raw,1879,4.0267,0.4351,1.6850
57.554,raw,1897,4.1901,0.5439,1.6785
57.554,raw,1914,4.3648,0.6586,1.6712
57.554,raw,1931,4.5686,0.7881,1.6623
57.554,raw,1948,23.6997,10.4864,0.7017
57.554,raw,1966,-18.0522,19.6298,0.5667
57.554,raw,1983,-17.4987,17.4007,0.6536
57.554,raw,2000,-17.0083,15.4538,0.7272
57.554,raw,2017,-16.3039,13.5455,0.8048
57.554,raw,2035,-15.6239,11.7777,0.8753
57.554,raw,2052,-15.1255,10.3554,0.9281
57.554,raw,2069,-14.6711,9.0793,0.9737
57.554,raw,2086,-14.2954,7.9428,1.0113
57.554,raw,2104,-13.8914,6.8286,1.0476
57.554,raw,2121,-13.5321,-0.9893,1.4646
57.554,raw,2138,-8.3627,-0.8302,1.5779
57.554,raw,2155,-12.9020,-2.3669,1.4730
57.554,raw,2173,-12.5855,-3.0738,1.4759
57.554,raw,2190,-12.2758,-3.7265,1.4782
57.554,raw,2207,-12.0243,-4.3929,1.4784
57.554,raw,2224,-11.7792,-5.0632,1.4776
57.554,raw,2242,-11.4175,-5.7267,1.4785
57.554,raw,2259,-11.1735,-6.4074,1.4760
57.554,raw,2276,-10.9092,-7.0899,1.4732
57.554,raw,2293,-10.6091,-7.7645,1.4703
57.554,raw,2311,-10.1673,-8.4004,1.4696
57.554,raw,2328,-9.8520,-9.0967,1.4651
57.554,raw,2345,-9.4297,-9.7196,1.4627
57.554,raw,2362,-9.1070,-10.4676,1.4559
57.554,raw,2380,-8.6295,-11.1524,1.4516
57.554,raw,2397,-8.2509,-11.9278,1.4434
57.554,raw,2414,-4.5351,-7.9195,1.5632
57.554,raw,2431,-7.3062,-13.3975,1.4285
57.554,raw,2449,-6.8299,-14.3390,1.4159
57.554,raw,2466,-6.2789,-15.1496,1.4056
57.554,raw,2483,-7.8621,-21.0688,1.2722
57.554,raw,2500,-7.3404,-23.0203,1.2365
57.554,raw,2518,-6.5948,-25.0569,1.1992
57.554,raw,2535,-5.5883,-26.4677,1.1754
57.554,raw,2552,-4.3762,-27.4253,1.1610
57.554,raw,2569,-3.0577,-28.1415,1.1507
57.554,raw,2587,-1.6235,-29.0482,1.1350
57.554,raw,2604,-0.2030,-29.9978,1.1166
57.554,raw,2621,1.3059,-30.4879,1.1069
57.554,raw,2638,2.8684,-31.1462,1.0918
57.554,raw,2655,4.5271,-32.0852,1.0687
57.554,raw,2673,6.4591,-33.4928,1.0329
57.554,raw,2690,4.2640,-0.4667,1.7327
57.554,raw,2707,4.1094,-0.2337,1.7380
57.554,raw,2724,3.9644,-0.0293,1.7427
57.554,raw,2742,3.8833,0.1394,1.7456
57.554,raw,2759,3.7845,0.2921,1.7487
57.554,raw,2776,3.9230,0.3769,1.7462
57.554,raw,2793,4.0823,0.4695,1.7432
57.554,raw,2811,4.2440,0.5835,1.7400
57.554,raw,2828,4.4477,0.7013,1.7358
57.554,raw,2845,4.6381,0.8384,1.7318
57.554,raw,2862,-23.7069,24.0750,1.0439
57.554,raw,2880,-22.1899,20.5240,1.1206
57.554,raw,2897,-20.9536,17.7239,1.1803
57.554,raw,2914,-19.9535,15.3968,1.2280
57.554,raw,2931,-19.0908,13.3959,1.2678
57.554,raw,2949,-11.2832,7.7963,1.4788
57.554,raw,2966,-17.9862,10.1907,1.3229
57.554,raw,2983,-17.3680,8.7896,1.3479
57.554,raw,3000,-17.1762,7.6571,1.3609
57.554,raw,3018,-16.5927,6.4056,1.3818
57.554,raw,3035,-16.1296,5.3358,1.3979
57.554,raw,3052,-15.9722,4.3972,1.4058
57.554,raw,3069,-15.5383,3.4510,1.4188
57.554,raw,3087,-15.1002,2.5119,1.4310
57.554,raw,3104,-14.7318,1.6770,1.4404
57.554,raw,3121,-14.3744,0.8819,1.4486
57.554,raw,3138,-14.0281,0.1209,1.4558
57.554,raw,3156,-13.6814,-0.6540,1.4622
57.554,raw,3173,-16.5498,-1.7955,1.8248
57.554,raw,3190,-29.2413,-5.2509,1.8425
57.554,raw,3207,-28.3372,-6.6049,1.8418
57.554,raw,3225,-16.7652,-4.7127,1.8260
57.554,raw,3242,-26.2130,-9.1275,1.8400
57.554,raw,3259,-16.3481,-6.5646,1.8263
57.554,raw,3276,-22.9157,-10.7464,1.8367
57.554,raw,3294,-21.3891,-11.5132,1.8353
57.554,raw,3311,-20.0185,-12.1719,1.8342
57.554,raw,3328,-22.3206,-15.2157,1.8390
57.554,raw,3345,-21.5052,-16.3632,1.8390
57.554,raw,3363,-20.6650,-17.6026,1.8392
57.554,raw,3380,-19.8675,-18.7885,1.8394
57.554,raw,3397,-19.0712,-20.0057,1.8398
57.554,raw,3414,-18.2433,-21.2328,1.8402
57.554,raw,3432,-17.3236,-22.5404,1.8408
57.554,raw,3449,-16.4661,-23.8619,1.8415
57.554,raw,3466,-15.6000,-25.2710,1.8424
57.554,raw,3483,-14.6863,-26.7350,1.8434
57.554,raw,3501,-13.6647,-28.3660,1.8447
57.554,raw,3518,-12.6345,-29.9860,1.8461
57.554,raw,3535,-11.5363,-31.7100,1.8476
57.554,raw,3552,4.2694,-0.4793,1.8041
57.554,raw,3570,4.1051,-0.2318,1.8038
57.554,raw,3587,3.9579,-0.0267,1.8035
57.554,raw,3604,3.8692,0.1367,1.8033
57.554,raw,3621,3.7740,0.2881,1.8031
57.554,raw,3639,3.9295,0.3754,1.8033
57.554,raw,3656,4.0779,0.4703,1.8035
57.554,raw,3673,4.2318,0.5772,1.8037
57.554,raw,3690,4.4180,0.6953,1.8039
57.554,raw,3708,4.6385,0.8384,1.8042
57.554,raw,3725,-33.6979,1.2409,1.8478
57.554,raw,3742,-32.5062,-0.4347,1.8462
57.554,raw,3759,-18.1578,-0.8309,1.8268
57.554,raw,3777,-17.7857,-1.7541,2.2836
57.554,raw,3794,-17.8507,-3.5514,2.2933
57.554,raw,3811,-14.9694,-7.0151,2.2540
57.554,raw,3828,-20.1269,-24.2001,2.6221
57.554,raw,3846,4.2852,-0.5174,1.8766
57.554,raw,3863,4.1306,-0.2792,1.8706
57.554,raw,3880,4.0043,-0.0777,1.8657
57.554,raw,3897,3.8918,0.0989,1.8616
57.554,raw,3914,3.7860,0.2568,1.8579
57.554,raw,3932,3.9018,0.3532,1.8600
57.554,raw,3949,4.0273,0.4498,1.8626
57.554,raw,3966,4.1912,0.5515,1.8662
57.554,raw,3983,4.3768,0.6657,1.8704
57.554,raw,4001,4.5944,0.8045,1.8756
57.554,raw,4018,-17.0514,0.5012,2.2610
57.554,raw,4035,-16.8007,-0.3919,2.2558
57.554,raw,4052,-16.9942,-1.3203,2.2628
57.554,raw,4070,-26.4057,-13.8193,3.3241
57.554,raw,4087,-19.9470,-24.5785,3.4085
57.554,raw,4104,4.2418,-0.4554,1.9459
57.554,raw,4121,4.1179,-0.2375,1.9360
57.554,raw,4139,3.9649,-0.0215,1.9252
57.554,raw,4156,3.8548,0.1489,1.9174
57.554,raw,4173,3.8023,0.2871,1.9130
57.554,raw,4190,3.9269,0.3760,1.9178
57.554,raw,4208,4.0726,0.4787,1.9237
57.554,raw,4225,4.2334,0.5849,1.9306
57.554,raw,4242,4.4316,0.7025,1.9395
57.554,raw,4259,4.6309,0.8386,1.9488
57.554,raw,4277,-14.1505,-8.0623,3.0974
57.554,raw,4294,4.2505,-0.4794,2.0184
57.554,raw,4311,4.1157,-0.2543,2.0026
57.554,raw,4328,3.9787,-0.0511,1.9878
57.554,raw,4346,3.8521,0.1351,1.9747
57.554,raw,4363,3.7797,0.2796,1.9666
57.554,raw,4380,3.8996,0.3680,1.9734
57.554,raw,4397,4.0630,0.4580,1.9835
57.554,raw,4415,4.2078,0.5725,1.9925
57.554,raw,4432,4.4184,0.6869,2.0067
57.554,raw,4449,4.6220,0.8212,2.0207
57.554,raw,4466,-19.3611,-1.7885,3.8096
57.554,raw,4484,-18.5663,-2.7517,3.7489
57.554,raw,4501,-18.4916,-3.8206,3.7628
57.554,raw,4518,-18.1915,-4.7808,3.7583
57.554,raw,4535,-17.9009,-5.7420,3.7595
57.554,raw,4553,-17.5973,-6.8938,3.7710
57.554,raw,4570,-17.3069,-7.8728,3.7830
57.554,raw,4587,-17.0068,-8.8633,3.7993
57.554,raw,4604,4.3512,-0.6248,2.1052
57.554,raw,4622,4.1931,-0.3641,2.0804
57.554,raw,4639,4.0449,-0.1448,2.0588
57.554,raw,4656,3.9283,0.0398,2.0420
57.554,raw,4673,3.8315,0.2003,2.0283
57.554,raw,4691,3.8430,0.3253,2.0261
57.554,raw,4708,3.9709,0.4170,2.0360
57.554,raw,4725,4.1465,0.5119,2.0508
57.554,raw,4742,4.3067,0.6240,2.0646
57.554,raw,4760,4.5257,0.7556,2.0844
57.554,raw,4777,4.7386,0.9000,2.1042
57.554,raw,4794,-19.6832,0.0143,3.8255
57.554,raw,4811,-19.5965,-1.0200,3.8238
57.554,raw,4829,-16.2729,-1.5971,3.9418
57.554,raw,4846,-15.7785,-2.5525,3.9029
57.554,raw,4863,-15.5066,-3.3741,3.8929
57.554,raw,4880,-15.2459,-4.1926,3.8891
57.554,raw,4898,-15.2670,-5.3302,3.9348
57.554,raw,4915,-14.7281,-6.0525,3.9071
57.554,raw,4932,-14.4810,-6.8942,3.9221
57.554,raw,4949,-14.2242,-7.7469,3.9416
57.554,raw,4967,4.1502,-0.2792,2.1411
57.554,raw,4984,4.0065,-0.0704,2.1156
57.554,raw,5001,3.8755,0.1121,2.0933
57.554,raw,5018,3.7705,0.2684,2.0758
57.554,raw,5036,3.8924,0.3626,2.0869
57.554,raw,5053,4.0379,0.4552,2.1016
57.554,raw,5070,4.2209,0.5551,2.1212
57.554,raw,5087,4.3900,0.6728,2.1396
57.554,raw,5105,-16.8790,0.0278,3.9954
57.554,raw,5122,-16.5019,-0.8408,3.9582
57.554,raw,5139,3.8244,0.1881,2.1417
57.554,raw,5156,3.8273,0.3083,2.1372
58.627,raw,0,4.3761,-0.7629,1.1790
58.627,raw,17,4.2116,-0.4995,1.2297
58.627,raw,34,4.0638,-0.2719,1.2732
58.627,raw,51,3.9235,-0.0710,1.3120
58.627,raw,68,3.8095,0.1002,1.3431
58.627,raw,85,3.7400,0.2426,1.3634
58.627,raw,102,3.8844,0.3261,1.3409
58.627,raw,119,4.0280,0.4219,1.3180
58.627,raw,136,4.1949,0.5271,1.2898
58.627,raw,153,4.3905,0.6451,1.2554
58.627,raw,170,4.6051,0.7807,1.2164
58.627,raw,187,4.3300,-0.6835,1.2716
58.627,raw,204,4.1511,-0.4217,1.3174
58.627,raw,221,4.0330,-0.2150,1.3491
58.627,raw,238,3.8927,-0.0199,1.3824
58.627,raw,255,3.7886,0.1433,1.4072
58.627,raw,272,3.8062,0.2597,1.4097
58.627,raw,289,3.9365,0.3509,1.3924
58.627,raw,306,4.0809,0.4507,1.3721
58.627,raw,323,4.2700,0.5580,1.3437
58.627,raw,340,4.4478,0.6832,1.3164
58.627,raw,357,4.6469,0.8247,1.2846
58.627,raw,374,4.2701,-0.5994,1.3618
58.627,raw,391,4.1160,-0.3586,1.3962
58.627,raw,408,3.9735,-0.1479,1.4263
58.627,raw,425,3.8653,0.0286,1.4493
58.627,raw,442,3.7457,0.1921,1.4723
58.627,raw,459,3.8304,0.2889,1.4645
58.627,raw,476,3.9552,0.3837,1.4503
58.627,raw,493,4.1156,0.4835,1.4305
58.627,raw,511,4.3238,0.6011,1.4034
58.627,raw,528,4.5101,0.7313,1.3787
58.627,raw,545,4.7373,0.8793,1.3472
58.627,raw,562,-4.3822,-8.1740,0.5460
58.627,raw,579,4.3188,-0.6669,1.4276
58.627,raw,596,4.1588,-0.4160,1.4574
58.627,raw,613,4.0203,-0.2011,1.4824
58.627,raw,630,3.8774,-0.0065,1.5062
58.627,raw,647,3.7846,0.1518,1.5223
58.627,raw,664,3.8155,0.2643,1.5225
58.627,raw,681,3.9324,0.3591,1.5117
58.627,raw,698,4.1023,0.4549,1.4943
58.627,raw,715,4.2408,0.5692,1.4801
58.627,raw,732,4.4577,0.6911,1.4561
58.627,raw,749,4.6774,0.8335,1.4311
58.627,raw,766,-4.5337,-8.0109,0.8061
58.627,raw,783,-4.9242,-9.6553,0.6586
58.627,raw,800,-4.4950,-10.1259,0.6407
58.627,raw,817,-4.0811,-10.6745,0.6131
58.627,raw,834,-3.6742,-11.3179,0.5744
58.627,raw,851,-3.2864,-12.1352,0.5173
58.627,raw,868,4.2691,-0.5888,1.5109
58.627,raw,885,4.0986,-0.3413,1.5352
58.627,raw,902,3.9757,-0.1405,1.5531
58.627,raw,919,3.8601,0.0381,1.5689
58.627,raw,936,3.7609,0.1946,1.5821
58.627,raw,953,3.8208,0.2983,1.5793
58.627,raw,970,3.9736,0.3874,1.5672
58.627,raw,987,4.1258,0.4897,1.5549
58.627,raw,1004,4.3106,0.6024,1.5391
58.627,raw,1022,4.5176,0.7397,1.5208
58.627,raw,1039,-6.7202,-9.0551,0.9107
58.627,raw,1056,-6.3321,-9.5865,0.8985
58.627,raw,1073,-4.5012,-8.0179,1.0600
58.627,raw,1090,-5.5262,-10.7150,0.8651
58.627,raw,1107,-5.1020,-11.3209,0.8434
58.627,raw,1124,-4.6228,-11.8868,0.8237
58.627,raw,1141,-4.2461,-12.7719,0.7787
58.627,raw,1158,-3.8388,-13.7634,0.7253
58.627,raw,1175,-3.3867,-14.8715,0.6628
58.627,raw,1192,-2.8302,-15.9364,0.6026
58.627,raw,1209,-2.2585,-17.3579,0.5159
58.627,raw,1226,4.2283,-0.5474,1.5883
58.627,raw,1243,4.0875,-0.3182,1.6040
58.627,raw,1260,3.9439,-0.1113,1.6187
58.627,raw,1277,3.8438,0.0589,1.6293
58.627,raw,1294,3.7415,0.2144,1.6393
58.627,raw,1311,3.8571,0.3038,1.6331
58.627,raw,1328,3.9864,0.3997,1.6258
58.627,raw,1345,4.1683,0.4993,1.6145
58.627,raw,1362,4.3179,0.6180,1.6051
58.627,raw,1379,4.5381,0.7476,1.5905
58.627,raw,1396,-9.7195,-6.3908,1.1917
58.627,raw,1413,-9.4204,-6.9797,1.1878
58.627,raw,1430,-9.1225,-7.5821,1.1821
58.627,raw,1447,-8.7772,-8.1613,1.1773
58.627,raw,1464,-8.4349,-8.7601,1.1703
58.627,raw,1481,-8.0670,-9.3558,1.1627
58.627,raw,1498,-7.7004,-9.9808,1.1525
58.627,raw,1515,-7.3079,-10.6105,1.1415
58.627,raw,1533,-4.5818,-7.9720,1.3116
58.627,raw,1550,-6.4343,-11.9600,1.1135
58.627,raw,1567,-5.9815,-12.6633,1.0963
58.627,raw,1584,-5.4941,-13.3838,1.0775
58.627,raw,1601,-5.0026,-14.2013,1.0531
58.627,raw,1618,-4.6141,-15.4479,1.0070
58.627,raw,1635,-4.2348,-17.0533,0.9437
58.627,raw,1652,-4.0295,-19.8443,0.8244
58.627,raw,1669,-3.9071,-24.2454,0.6309
58.627,raw,1686,-2.7431,-24.8975,0.6116
58.627,raw,1703,-1.5484,-25.6711,0.5843
58.627,raw,1720,-0.2752,-26.1915,0.5659
58.627,raw,1737,1.0389,-26.8095,0.5403
58.627,raw,1754,2.4112,-27.4259,0.5117
58.627,raw,1771,4.2639,-0.5962,1.6579
58.627,raw,1788,4.1164,-0.3588,1.6687
58.627,raw,1805,3.9778,-0.1497,1.6784
58.627,raw,1822,3.8742,0.0255,1.6856
58.627,raw,1839,3.7641,0.1866,1.6926
58.627,raw,1856,3.8101,0.2939,1.6919
58.627,raw,1873,3.9599,0.3827,1.6861
58.627,raw,1890,4.1175,0.4833,1.6798
58.627,raw,1907,4.2984,0.5954,1.6723
58.627,raw,1924,4.4834,0.7239,1.6643
58.627,raw,1941,4.7224,0.8700,1.6536
58.627,raw,1958,-18.5747,19.5088,0.5528
58.627,raw,1975,-17.9816,17.2606,0.6409
58.627,raw,1992,-17.3086,15.1849,0.7238
58.627,raw,2009,-16.5568,13.2677,0.8027
58.627,raw,2026,-16.1355,11.7501,0.8565
58.627,raw,2044,-11.3260,7.8931,1.1341
58.627,raw,2061,-15.0753,8.9203,0.9610
58.627,raw,2078,-14.6820,7.7735,0.9989
58.627,raw,2095,-14.1644,6.6652,1.0395
58.627,raw,2112,-13.8636,-1.2532,1.4576
58.627,raw,2129,-8.3966,-0.9967,1.5777
58.627,raw,2146,-13.1912,-2.6488,1.4665
58.627,raw,2163,-12.8784,-3.3264,1.4694
58.627,raw,2180,-12.5462,-3.9858,1.4720
58.627,raw,2197,-12.2403,-4.6455,1.4732
58.627,raw,2214,-11.9561,-5.3109,1.4732
58.627,raw,2231,-11.5837,-5.9326,1.4745
58.627,raw,2248,-11.3436,-6.6264,1.4718
58.627,raw,2265,-11.0590,-7.3079,1.4692
58.627,raw,2282,-10.7377,-7.9789,1.4667
58.627,raw,2299,-10.3091,-8.5807,1.4662
58.627,raw,2316,-9.9780,-9.2740,1.4620
58.627,raw,2333,-9.5502,-9.9017,1.4595
58.627,raw,2350,-9.1948,-10.6261,1.4535
58.627,raw,2367,-8.7567,-11.2959,1.4489
58.627,raw,2384,-8.3765,-12.0788,1.4406
58.627,raw,2401,-4.6661,-8.0943,1.5599
58.627,raw,2418,-7.4311,-13.5700,1.4254
58.627,raw,2435,-7.0020,-14.5073,1.4123
58.627,raw,2452,-6.3979,-15.2238,1.4044
58.627,raw,2469,-7.9541,-21.0343,1.2736
58.627,raw,2486,-7.4363,-22.9716,1.2382
58.627,raw,2503,-6.7162,-24.7996,1.2053
58.627,raw,2520,-5.7942,-26.4475,1.1761
58.627,raw,2537,-4.5837,-27.3850,1.1623
58.627,raw,2555,-3.1894,-28.1231,1.1520
58.627,raw,2572,-1.8409,-28.9683,1.1375
58.627,raw,2589,-0.4275,-29.8542,1.1208
58.627,raw,2606,1.0684,-30.3932,1.1101
58.627,raw,2623,2.6185,-31.0330,1.0957
58.627,raw,2640,4.2524,-31.8604,1.0753
58.627,raw,2657,6.0183,-32.9673,1.0468
58.627,raw,2674,4.2646,-0.5966,1.7311
58.627,raw,2691,4.1024,-0.3522,1.7367
58.627,raw,2708,3.9783,-0.1499,1.7410
58.627,raw,2725,3.8577,0.0313,1.7449
58.627,raw,2742,3.7448,0.1924,1.7484
58.627,raw,2759,3.8124,0.2934,1.7475
58.627,raw,2776,3.9731,0.3802,1.7445
58.627,raw,2793,4.1373,0.4804,1.7413
58.627,raw,2810,4.2836,0.5968,1.7384
58.627,raw,2827,4.5029,0.7230,1.7338
58.627,raw,2844,4.7246,0.8700,1.7289
58.627,raw,2861,-23.2790,21.8399,1.0835
58.627,raw,2878,-22.0940,18.9350,1.1441
58.627,raw,2895,-20.6747,16.1896,1.2051
58.627,raw,2912,-20.3233,14.4212,1.2329
58.627,raw,2929,-11.4390,8.0520,1.4733
58.627,raw,2946,-18.9183,10.9332,1.2975
58.627,raw,2963,-18.2736,9.4413,1.3243
58.627,raw,2980,-18.0025,8.2139,1.3400
58.627,raw,2997,-17.4292,6.9596,1.3610
58.627,raw,3014,-16.8939,5.8097,1.3796
58.627,raw,3031,-16.7059,4.8166,1.3888
58.627,raw,3048,-16.2191,3.8129,1.4035
58.627,raw,3066,-15.7635,2.8259,1.4165
58.627,raw,3083,-15.3513,1.9488,1.4272
58.627,raw,3100,-14.9514,1.1175,1.4368
58.627,raw,3117,-14.5875,0.3253,1.4447
58.627,raw,3134,-14.2218,-0.4337,1.4518
58.627,raw,3151,-32.0555,-3.4649,1.8458
58.627,raw,3168,-31.2228,-4.9949,1.8450
58.627,raw,3185,-30.1645,-6.4179,1.8440
58.627,raw,3202,-29.1358,-7.7770,1.8431
58.627,raw,3219,-28.1622,-9.0905,1.8424
58.627,raw,3236,-27.1929,-10.3528,1.8417
58.627,raw,3253,-15.8058,-6.8969,1.8257
58.627,raw,3270,-15.5070,-7.7844,1.8259
58.627,raw,3287,-24.4864,-13.9898,1.8406
58.627,raw,3304,-23.6612,-15.1978,1.8404
58.627,raw,3321,-22.8144,-16.3850,1.8404
58.627,raw,3338,-21.9887,-17.5883,1.8405
58.627,raw,3355,-21.1347,-18.7792,1.8406
58.627,raw,3372,-20.3137,-20.0200,1.8409
58.627,raw,3389,-19.3962,-21.1966,1.8412
58.627,raw,3406,-18.4913,-22.4212,1.8416
58.627,raw,3423,-17.5564,-23.6614,1.8421
58.627,raw,3440,-16.6169,-24.9639,1.8427
58.627,raw,3457,-15.6638,-26.3414,1.8436
58.627,raw,3474,-14.6649,-27.7680,1.8445
58.627,raw,3491,-13.6134,-29.2533,1.8457
58.627,raw,3508,-12.5109,-30.8303,1.8470
58.627,raw,3525,4.3065,-0.6602,1.8043
58.627,raw,3542,4.1457,-0.4097,1.8040
58.627,raw,3559,4.0100,-0.1967,1.8037
58.627,raw,3577,3.8921,-0.0041,1.8034
58.627,raw,3594,3.7541,0.1684,1.8032
58.627,raw,3611,3.8161,0.2713,1.8032
58.627,raw,3628,3.9241,0.3681,1.8033
58.627,raw,3645,4.0808,0.4659,1.8035
58.627,raw,3662,4.2640,0.5747,1.8038
58.627,raw,3679,4.4549,0.6998,1.8040
58.627,raw,3696,4.6691,0.8426,1.8043
58.627,raw,3713,-33.3849,-1.9141,1.8474
58.627,raw,3730,-16.5370,-1.4104,2.2506
58.627,raw,3747,-15.9244,-2.6194,2.2404
58.627,raw,3764,-15.6967,-3.4574,2.2395
58.627,raw,3781,-15.7652,-4.3836,2.2473
58.627,raw,3798,-15.8755,-6.1026,2.2640
58.627,raw,3815,-26.2448,-14.2624,2.5831
58.627,raw,3832,4.3632,-0.7339,1.8811
58.627,raw,3849,4.1761,-0.4624,1.8739
58.627,raw,3866,4.0333,-0.2410,1.8684
58.627,raw,3883,3.9224,-0.0547,1.8641
58.627,raw,3900,3.8050,0.1163,1.8599
58.627,raw,3917,3.7877,0.2434,1.8586
58.627,raw,3934,3.8738,0.3428,1.8601
58.627,raw,3951,4.0581,0.4317,1.8642
58.627,raw,3968,4.2142,0.5405,1.8676
58.627,raw,3985,4.3934,0.6615,1.8718
58.627,raw,4002,4.5996,0.7986,1.8767
58.627,raw,4019,-16.9759,0.0858,2.2583
58.627,raw,4036,-16.7246,-0.7986,2.2536
58.627,raw,4053,-32.1455,-3.7718,3.4383
58.627,raw,4070,-26.1954,-14.4426,3.3264
58.627,raw,4088,4.3299,-0.6940,1.9556
58.627,raw,4105,4.1546,-0.4328,1.9423
58.627,raw,4122,4.0216,-0.2187,1.9321
58.627,raw,4139,3.9006,-0.0307,1.9233
58.627,raw,4156,3.7873,0.1365,1.9155
58.627,raw,4173,3.7854,0.2581,1.9138
58.627,raw,4190,3.9049,0.3504,1.9184
58.627,raw,4207,4.0600,0.4465,1.9249
58.627,raw,4224,4.2291,0.5546,1.9322
58.627,raw,4241,4.4141,0.6769,1.9406
58.627,raw,4258,4.6396,0.8158,1.9512
58.627,raw,4275,-16.9478,-9.0573,3.3029
58.627,raw,4292,4.2400,-0.5635,2.0213
58.627,raw,4309,4.1046,-0.3350,2.0054
58.627,raw,4326,3.9696,-0.1298,1.9906
58.627,raw,4343,3.8556,0.0472,1.9785
58.627,raw,4360,3.7434,0.2068,1.9674
58.627,raw,4377,3.8585,0.2963,1.9737
58.627,raw,4394,3.9836,0.3929,1.9810
58.627,raw,4411,4.1420,0.4952,1.9910
58.627,raw,4428,4.2886,0.6125,2.0005
58.627,raw,4445,4.5176,0.7397,2.0163
58.627,raw,4462,-17.1301,0.7225,3.1368
58.627,raw,4479,-19.1687,-2.5921,3.7979
58.627,raw,4496,-18.6601,-3.5291,3.7672
58.627,raw,4513,-18.3507,-4.4898,3.7602
58.627,raw,4530,-18.0501,-5.4482,3.7587
58.627,raw,4547,-17.7805,-6.5463,3.7693
58.627,raw,4564,-17.4685,-7.5116,3.7769
58.627,raw,4581,-17.1598,-8.4901,3.7900
58.627,raw,4599,-11.5977,-8.5429,3.3375
58.627,raw,4616,4.2571,-0.5724,2.0959
58.627,raw,4633,4.0880,-0.3274,2.0712
58.627,raw,4650,3.9521,-0.1228,2.0515
58.627,raw,4667,3.8326,0.0552,2.0349
58.627,raw,4684,3.7601,0.2019,2.0240
58.627,raw,4701,3.8347,0.3020,2.0285
58.627,raw,4718,3.9778,0.3940,2.0399
58.627,raw,4735,4.1154,0.4989,2.0513
58.627,raw,4752,4.3006,0.6114,2.0676
58.627,raw,4769,4.5161,0.7397,2.0873
58.627,raw,4786,-17.0900,0.7228,3.5725
58.627,raw,4803,-19.8700,-0.3441,3.8407
58.627,raw,4820,-19.5508,-1.3619,3.8182
58.627,raw,4837,-16.2708,-1.8456,3.9399
58.627,raw,4854,-15.7562,-2.8445,3.9011
58.627,raw,4871,-15.4788,-3.6631,3.8918
58.627,raw,4888,-15.2326,-4.4857,3.8912
58.627,raw,4905,-14.9781,-5.4695,3.9015
58.627,raw,4922,-14.7350,-6.3050,3.9126
58.627,raw,4939,-14.4736,-7.1439,3.9270
58.627,raw,4956,-14.1966,-7.9898,3.9452
58.627,raw,4973,3.9900,-0.1798,2.1208
58.627,raw,4990,3.8798,0.0003,2.1008
58.627,raw,5007,3.7537,0.1686,2.0801
58.627,raw,5024,3.8030,0.2746,2.0824
58.627,raw,5041,3.9398,0.3648,2.0958
58.627,raw,5058,4.0908,0.4644,2.1114
58.627,raw,5075,4.2674,0.5743,2.1306
58.627,raw,5092,-16.5625,-0.9935,3.9615
59.735,raw,0,4.4126,-0.7667,1.1778
59.735,raw,16,4.2668,-0.5211,1.2239
59.735,raw,32,4.1212,-0.2999,1.2667
59.735,raw,49,3.9761,-0.0932,1.3071
59.735,raw,65,3.8774,0.0684,1.3352
59.735,raw,81,3.7774,0.2164,1.3616
59.735,raw,98,3.8807,0.3084,1.3473
59.735,raw,114,4.0197,0.3940,1.3252
59.735,raw,130,4.1625,0.4902,1.3017
59.735,raw,147,4.3364,0.6032,1.2718
59.735,raw,163,4.5506,0.7213,1.2333
59.735,raw,179,4.7500,0.8587,1.1965
59.735,raw,196,4.2476,-0.5309,1.2999
59.735,raw,212,4.1318,-0.3228,1.3320
59.735,raw,228,3.9891,-0.1228,1.3666
59.735,raw,245,3.8937,0.0476,1.3912
59.735,raw,261,3.8041,0.1943,1.4126
59.735,raw,277,3.8451,0.2960,1.4106
59.735,raw,294,3.9889,0.3854,1.3908
59.735,raw,310,4.1542,0.4761,1.3667
59.735,raw,327,4.3099,0.5897,1.3437
59.735,raw,343,4.5069,0.7065,1.3130
59.735,raw,359,4.6996,0.8408,1.2822
59.735,raw,376,4.2705,-0.5628,1.3680
59.735,raw,392,4.1509,-0.3499,1.3964
59.735,raw,408,4.0153,-0.1501,1.4251
59.735,raw,425,3.8861,0.0352,1.4513
59.735,raw,441,3.8015,0.1809,1.4690
59.735,raw,457,3.8383,0.2837,1.4680
59.735,raw,474,3.9815,0.3723,1.4512
59.735,raw,490,4.1081,0.4680,1.4362
59.735,raw,506,4.2985,0.5668,1.4116
59.735,raw,523,4.4706,0.6917,1.3891
59.735,raw,539,4.6930,0.8228,1.3587
59.735,raw,555,-4.5228,-8.0079,0.5493
59.735,raw,572,4.3717,-0.7004,1.4235
59.735,raw,588,4.2079,-0.4524,1.4538
59.735,raw,604,4.0752,-0.2440,1.4781
59.735,raw,621,3.9559,-0.0531,1.4994
59.735,raw,637,3.8542,0.1061,1.5168
59.735,raw,654,3.7848,0.2491,1.5294
59.735,raw,670,3.9128,0.3294,1.5172
59.735,raw,686,4.0491,0.4181,1.5038
59.735,raw,703,4.2079,0.5226,1.4875
59.735,raw,719,4.3902,0.6309,1.4677
59.735,raw,735,4.5806,0.7548,1.4466
59.735,raw,752,-5.6508,-9.0961,0.6615
59.735,raw,768,-4.3342,-8.1150,0.8055
59.735,raw,784,-4.9214,-10.0825,0.6220
59.735,raw,801,-4.4981,-10.6127,0.5982
59.735,raw,817,-4.0508,-11.0647,0.5791
59.735,raw,833,-3.6926,-11.7850,0.5315
59.735,raw,850,4.3202,-0.6301,1.5075
59.735,raw,866,4.1590,-0.3907,1.5309
59.735,raw,882,4.0420,-0.1951,1.5483
59.735,raw,899,3.9312,-0.0122,1.5641
59.735,raw,915,3.8414,0.1396,1.5765
59.735,raw,931,3.8147,0.2618,1.5821
59.735,raw,948,3.9520,0.3494,1.5717
59.735,raw,964,4.0810,0.4424,1.5616
59.735,raw,981,4.2338,0.5506,1.5490
59.735,raw,997,4.4279,0.6610,1.5321
59.735,raw,1013,4.6365,0.7881,1.5135
59.735,raw,1030,-6.7792,-9.4855,0.8828
59.735,raw,1046,-6.4205,-10.0304,0.8680
59.735,raw,1062,-4.3831,-8.0771,1.0590
59.735,raw,1079,-5.6230,-11.1925,0.8313
59.735,raw,1095,-5.1695,-11.7134,0.8154
59.735,raw,1111,-4.7506,-12.3599,0.7885
59.735,raw,1128,-4.3367,-13.2276,0.7455
59.735,raw,1144,-3.9477,-14.2130,0.6918
59.735,raw,1160,-3.5127,-15.2956,0.6307
59.735,raw,1177,-2.9464,-16.4074,0.5676
59.735,raw,1193,4.3816,-0.7166,1.5754
59.735,raw,1209,4.2274,-0.4717,1.5927
59.735,raw,1226,4.0639,-0.2390,1.6098
59.735,raw,1242,3.9478,-0.0579,1.6219
59.735,raw,1258,3.8577,0.0976,1.6315
59.735,raw,1275,3.7839,0.2424,1.6393
59.735,raw,1291,3.9002,0.3251,1.6329
59.735,raw,1308,4.0570,0.4167,1.6236
59.735,raw,1324,4.1937,0.5167,1.6154
59.735,raw,1340,4.3604,0.6253,1.6048
59.735,raw,1357,4.5658,0.7554,1.5912
59.735,raw,1373,-10.0645,-6.5998,1.1716
59.735,raw,1389,-9.7484,-7.1539,1.1694
59.735,raw,1406,-9.4301,-7.7647,1.1643
59.735,raw,1422,-9.0830,-8.3134,1.1606
59.735,raw,1438,-8.8156,-8.9500,1.1501
59.735,raw,1455,-8.3791,-9.5026,1.1465
59.735,raw,1471,-8.0354,-10.1130,1.1365
59.735,raw,1487,-7.6724,-10.7336,1.1253
59.735,raw,1504,-7.2480,-11.3843,1.1133
59.735,raw,1520,-4.3033,-8.1240,1.3115
59.735,raw,1536,-6.3793,-12.6427,1.0868
59.735,raw,1553,-5.8783,-13.3368,1.0702
59.735,raw,1569,-5.4216,-14.1029,1.0481
59.735,raw,1585,-5.0681,-15.2423,1.0070
59.735,raw,1602,-4.6087,-16.4944,0.9612
59.735,raw,1618,-5.3792,-21.9554,0.7141
59.735,raw,1635,-4.6925,-24.0096,0.6323
59.735,raw,1651,-3.6806,-24.9561,0.6004
59.735,raw,1667,-2.5470,-25.5534,0.5827
59.735,raw,1684,-1.3199,-26.3751,0.5528
59.735,raw,1700,-0.0831,-26.8016,0.5381
59.735,raw,1716,1.1844,-27.3675,0.5144
59.735,raw,1733,4.3213,-0.6307,1.6561
59.735,raw,1749,4.1685,-0.3953,1.6672
59.735,raw,1765,4.0312,-0.1904,1.6768
59.735,raw,1782,3.9192,-0.0077,1.6846
59.735,raw,1798,3.8047,0.1514,1.6919
59.735,raw,1814,3.8168,0.2612,1.6928
59.735,raw,1831,3.9324,0.3537,1.6887
59.735,raw,1847,4.0954,0.4399,1.6821
59.735,raw,1863,4.2295,0.5433,1.6768
59.735,raw,1880,4.4396,0.6602,1.6678
59.735,raw,1896,4.6314,0.7883,1.6594
59.735,raw,1912,22.7631,9.9861,0.7489
59.735,raw,1929,-18.8053,19.7225,0.5376
59.735,raw,1945,-18.2445,17.5804,0.6214
59.735,raw,1962,-17.5925,15.4909,0.7041
59.735,raw,1978,-16.9105,13.6710,0.7779
59.735,raw,1994,-16.3421,12.0958,0.8390
59.735,raw,2011,-15.9942,10.7180,0.8847
59.735,raw,2027,-15.3838,9.3769,0.9379
59.735,raw,2043,-14.9943,8.2498,0.9759
59.735,raw,2060,-14.6053,7.1499,1.0115
59.735,raw,2076,-14.4010,6.2408,1.0343
59.735,raw,2092,-8.3824,-0.7666,1.5780
59.735,raw,2109,-14.1667,-2.5198,1.4453
59.735,raw,2125,-13.8658,-3.2045,1.4482
59.735,raw,2141,-13.5532,-3.8744,1.4507
59.735,raw,2158,-13.2319,-4.5798,1.4524
59.735,raw,2174,-12.9281,-5.2375,1.4533
59.735,raw,2190,-12.6469,-5.9036,1.4529
59.735,raw,2207,-11.9506,-6.4008,1.4617
59.735,raw,2223,-11.7037,-7.0746,1.4591
59.735,raw,2239,-11.4972,-7.7903,1.4545
59.735,raw,2256,-11.2587,-8.5646,1.4490
59.735,raw,2272,-10.7965,-9.1313,1.4494
59.735,raw,2289,-10.5575,-9.9590,1.4416
59.735,raw,2305,-10.0807,-10.5374,1.4405
59.735,raw,2321,-9.8457,-11.3849,1.4307
59.735,raw,2338,-9.3871,-12.1093,1.4254
59.735,raw,2354,-9.0720,-12.9811,1.4148
59.735,raw,2370,-8.5270,-13.6031,1.4108
59.735,raw,2387,-8.1159,-14.5705,1.3980
59.735,raw,2403,-7.5388,-15.2526,1.3915
59.735,raw,2419,-8.9645,-19.9723,1.2848
59.735,raw,2436,-8.3861,-21.4796,1.2602
59.735,raw,2452,-7.9025,-23.3342,1.2265
59.735,raw,2468,-7.2409,-25.1076,1.1947
59.735,raw,2485,-6.3863,-27.0001,1.1604
59.735,raw,2501,-5.1566,-27.5910,1.1546
59.735,raw,2517,-3.9607,-28.5088,1.1402
59.735,raw,2534,-2.5796,-29.1855,1.1304
59.735,raw,2550,-1.2541,-30.0155,1.1155
59.735,raw,2566,0.1343,-30.8949,1.0982
59.735,raw,2583,1.6896,-31.3463,1.0889
59.735,raw,2599,3.2015,-31.9114,1.0755
59.735,raw,2616,4.8991,-32.7752,1.0537
59.735,raw,2632,4.3569,-0.6921,1.7289
59.735,raw,2648,4.1996,-0.4482,1.7345
59.735,raw,2665,4.0427,-0.2210,1.7398
59.735,raw,2681,3.9438,-0.0484,1.7432
59.735,raw,2697,3.8560,0.1055,1.7462
59.735,raw,2714,3.7931,0.2468,1.7484
59.735,raw,2730,3.9161,0.3286,1.7463
59.735,raw,2746,4.0539,0.4172,1.7437
59.735,raw,2763,4.2309,0.5195,1.7402
59.735,raw,2779,4.3737,0.6323,1.7373
59.735,raw,2795,4.5764,0.7549,1.7330
59.735,raw,2812,24.5412,11.0641,1.2449
59.735,raw,2828,-23.7238,22.3305,1.0685
59.735,raw,2844,-22.6342,19.5625,1.1257
59.735,raw,2861,-21.6340,17.0449,1.1764
59.735,raw,2877,-21.5385,15.4482,1.1976
59.735,raw,2893,-20.3597,13.3340,1.2439
59.735,raw,2910,-19.9388,11.7418,1.2687
59.735,raw,2926,-19.1363,10.1679,1.2997
59.735,raw,2943,-18.8700,8.8743,1.3162
59.735,raw,2959,-18.3058,7.6182,1.3374
59.735,raw,2975,-17.7795,6.4628,1.3561
59.735,raw,2992,-17.2506,5.3279,1.3738
59.735,raw,3008,-17.2822,4.4303,1.3772
59.735,raw,3024,-16.8395,3.4781,1.3903
59.735,raw,3041,-16.4223,2.5290,1.4019
59.735,raw,3057,-16.0376,1.6811,1.4116
59.735,raw,3073,-15.6714,0.8721,1.4201
59.735,raw,3090,-15.3049,0.0483,1.4277
59.735,raw,3106,-14.9748,-0.6992,1.4338
59.735,raw,3122,-31.8456,-3.7667,1.8457
59.735,raw,3139,-32.8690,-5.6361,1.8474
59.735,raw,3155,-31.9344,-7.0692,1.8466
59.735,raw,3171,-31.0449,-8.4598,1.8459
59.735,raw,3188,-15.5091,-4.9241,1.8244
59.735,raw,3204,-29.2632,-11.2097,1.8448
59.735,raw,3220,-15.8381,-6.8827,1.8258
59.735,raw,3237,-27.5533,-13.8570,1.8442
59.735,raw,3253,-26.7203,-15.1084,1.8440
59.735,raw,3270,-25.8448,-16.4314,1.8439
59.735,raw,3286,-25.0506,-17.6934,1.8439
59.735,raw,3302,-24.2239,-18.9388,1.8440
59.735,raw,3319,-23.3654,-20.2928,1.8443
59.735,raw,3335,-22.5355,-21.5738,1.8446
59.735,raw,3351,-21.6851,-22.8688,1.8450
59.735,raw,3368,-20.7582,-24.2689,1.8455
59.735,raw,3384,-19.8822,-25.6434,1.8462
59.735,raw,3400,-18.9664,-27.0443,1.8469
59.735,raw,3417,-17.9860,-28.6289,1.8479
59.735,raw,3433,4.2307,-0.5123,1.8041
59.735,raw,3449,4.1204,-0.3085,1.8038
59.735,raw,3466,3.9803,-0.1029,1.8036
59.735,raw,3482,3.8705,0.0633,1.8033
59.735,raw,3498,3.7749,0.2102,1.8032
59.735,raw,3515,3.8759,0.3025,1.8033
59.735,raw,3531,3.9991,0.3907,1.8034
59.735,raw,3547,4.1522,0.4841,1.8036
59.735,raw,3564,4.3226,0.5964,1.8038
59.735,raw,3580,4.5042,0.7152,1.8040
59.735,raw,3597,4.7344,0.8588,1.8043
59.735,raw,3613,-17.8670,-1.7091,2.2852
59.735,raw,3629,-17.9076,-3.6810,2.2950
59.735,raw,3646,-16.6501,-5.0219,2.2739
59.735,raw,3662,-16.0160,-7.2667,2.2796
59.735,raw,3678,-14.3728,-7.7662,2.2488
59.735,raw,3695,-19.9060,-24.7557,2.6282
59.735,raw,3711,4.2460,-0.5202,1.8754
59.735,raw,3727,4.0986,-0.2985,1.8697
59.735,raw,3744,3.9843,-0.1046,1.8652
59.735,raw,3760,3.8620,0.0663,1.8609
59.735,raw,3776,3.7695,0.2118,1.8576
59.735,raw,3793,3.8741,0.3029,1.8595
59.735,raw,3809,4.0090,0.3887,1.8623
59.735,raw,3825,4.1489,0.4846,1.8653
59.735,raw,3842,4.3332,0.5954,1.8695
59.735,raw,3858,4.4912,0.7159,1.8732
59.735,raw,3874,4.7010,0.8499,1.8783
59.735,raw,3891,-31.8560,-3.7681,3.4264
59.735,raw,3907,-26.1903,-14.3905,3.3269
59.735,raw,3924,4.3634,-0.7278,1.9565
59.735,raw,3940,4.2144,-0.4845,1.9446
59.735,raw,3956,4.0857,-0.2749,1.9346
59.735,raw,3973,3.9524,-0.0757,1.9250
59.735,raw,3989,3.8561,0.0833,1.9179
59.735,raw,4005,3.7651,0.2270,1.9117
59.735,raw,4022,3.8770,0.3164,1.9158
59.735,raw,4038,4.0254,0.4003,1.9219
59.735,raw,4054,4.1710,0.4967,1.9281
59.735,raw,4071,4.3599,0.6090,1.9365
59.735,raw,4087,4.5283,0.7311,1.9442
59.735,raw,4103,4.7413,0.8679,1.9543
59.735,raw,4120,4.3629,-0.7061,2.0320
59.735,raw,4136,4.2185,-0.4673,2.0148
59.735,raw,4152,4.0797,-0.2547,1.9992
59.735,raw,4169,3.9466,-0.0574,1.9850
59.735,raw,4185,3.8596,0.0969,1.9753
59.735,raw,4201,3.7656,0.2407,1.9658
59.735,raw,4218,3.9126,0.3222,1.9746
59.735,raw,4234,4.0301,0.4142,1.9815
59.735,raw,4251,4.2024,0.5155,1.9925
59.735,raw,4267,4.3664,0.6248,2.0033
59.735,raw,4283,4.5704,0.7465,2.0174
59.735,raw,4300,-19.8372,-0.1129,3.3354
59.735,raw,4316,-16.5925,-2.1792,3.5530
59.735,raw,4332,-18.6584,-3.4908,3.7701
59.735,raw,4349,-18.3453,-4.4521,3.7626
59.735,raw,4365,-18.0640,-5.3559,3.7611
59.735,raw,4381,-15.3156,-5.4044,3.5148
59.735,raw,4398,-17.5078,-7.3018,3.7762
59.735,raw,4414,-17.2356,-8.2290,3.7893
59.735,raw,4430,-16.4546,-8.8967,3.7521
59.735,raw,4447,4.3906,-0.7541,2.1128
59.735,raw,4463,4.2095,-0.4917,2.0857
59.735,raw,4479,4.0913,-0.2863,2.0670
59.735,raw,4496,3.9640,-0.0883,2.0484
59.735,raw,4512,3.8537,0.0767,2.0331
59.735,raw,4528,3.7565,0.2226,2.0200
59.735,raw,4545,3.8912,0.3059,2.0303
59.735,raw,4561,4.0084,0.3962,2.0394
59.735,raw,4578,4.1692,0.4969,2.0529
59.735,raw,4594,4.3382,0.6030,2.0677
59.735,raw,4610,4.5124,0.7233,2.0834
59.735,raw,4627,4.7531,0.8679,2.1060
59.735,raw,4643,-16.8317,0.0262,3.5533
59.735,raw,4659,-16.5666,-0.7986,3.5336
59.735,raw,4676,-16.5842,-1.6444,3.9780
59.735,raw,4692,-15.8697,-3.0455,3.9242
59.735,raw,4708,-15.5438,-3.8070,3.9085
59.735,raw,4725,-15.3003,-4.6378,3.9092
59.735,raw,4741,-14.9006,-5.6295,3.9045
59.735,raw,4757,-14.6777,-6.4207,3.9167
59.735,raw,4774,-14.4475,-7.2785,3.9362
59.735,raw,4790,-14.1905,-8.0818,3.9546
59.735,raw,4806,3.9549,-0.0607,2.1079
59.735,raw,4823,3.8250,0.1158,2.0863
59.735,raw,4839,3.7783,0.2440,2.0765
59.735,raw,4855,3.8863,0.3284,2.0864
59.735,raw,4872,4.0404,0.4197,2.1021
59.735,raw,4888,4.1886,0.5174,2.1177
60.848,raw,0,4.4443,-0.7297,1.1809
60.848,raw,16,4.2889,-0.4798,1.2291
60.848,raw,32,4.1497,-0.2628,1.2705
60.848,raw,48,4.0195,-0.0709,1.3073
60.848,raw,64,3.9259,0.0895,1.3344
60.848,raw,80,3.8352,0.2354,1.3591
60.848,raw,96,3.9126,0.3270,1.3496
60.848,raw,112,4.0285,0.4159,1.3320
60.848,raw,128,4.1893,0.5068,1.3052
60.848,raw,144,4.3639,0.6096,1.2752
60.848,raw,160,4.5559,0.7264,1.2410
60.848,raw,176,4.7552,0.8600,1.2045
60.848,raw,192,4.3502,-0.5822,1.2856
60.848,raw,208,4.2148,-0.3570,1.3222
60.848,raw,224,4.0690,-0.1492,1.3581
60.848,raw,240,3.9627,0.0226,1.3847
60.848,raw,256,3.8676,0.1754,1.4077
60.848,raw,272,3.8606,0.2913,1.4142
60.848,raw,288,3.9975,0.3715,1.3955
60.848,raw,304,4.1390,0.4619,1.3757
60.848,raw,320,4.2906,0.5624,1.3535
60.848,raw,336,4.4778,0.6727,1.3249
60.848,raw,352,4.6739,0.7991,1.2940
60.848,raw,368,4.4107,-0.6783,1.3469
60.848,raw,384,4.2619,-0.4369,1.3811
60.848,raw,400,4.1180,-0.2220,1.4123
60.848,raw,416,3.9975,-0.0380,1.4378
60.848,raw,432,3.8887,0.1247,1.4600
60.848,raw,448,3.8166,0.2618,1.4754
60.848,raw,464,3.9526,0.3386,1.4597
60.848,raw,481,4.0810,0.4351,1.4450
60.848,raw,497,4.2350,0.5308,1.4259
60.848,raw,513,4.3997,0.6384,1.4047
60.848,raw,529,4.5807,0.7593,1.3807
60.848,raw,545,4.8135,0.8961,1.3486
60.848,raw,561,-4.2988,-8.1430,0.5446
60.848,raw,577,4.3218,-0.5567,1.4397
60.848,raw,593,4.1778,-0.3300,1.4666
60.848,raw,609,4.0698,-0.1412,1.4871
60.848,raw,625,3.9586,0.0319,1.5065
60.848,raw,641,3.8673,0.1827,1.5222
60.848,raw,657,3.8726,0.2950,1.5253
60.848,raw,673,3.9998,0.3783,1.5132
60.848,raw,689,4.1498,0.4676,1.4981
60.848,raw,705,4.2876,0.5707,1.4840
60.848,raw,721,4.4831,0.6807,1.4627
60.848,raw,737,4.6656,0.8082,1.4423
60.848,raw,753,-4.7114,-7.9739,0.7917
60.848,raw,769,-4.2678,-8.2096,0.7966
60.848,raw,785,-4.9129,-10.3168,0.5990
60.848,raw,801,-4.5116,-10.8380,0.5745
60.848,raw,817,-4.0956,-11.3881,0.5458
60.848,raw,833,4.4701,-0.7555,1.4921
60.848,raw,849,4.2910,-0.4907,1.5185
60.848,raw,865,4.1436,-0.2689,1.5398
60.848,raw,881,4.0164,-0.0777,1.5576
60.848,raw,897,3.9314,0.0800,1.5701
60.848,raw,913,3.8125,0.2352,1.5851
60.848,raw,929,3.9009,0.3229,1.5794
60.848,raw,945,4.0366,0.4070,1.5689
60.848,raw,962,4.2153,0.5028,1.5541
60.848,raw,978,4.3732,0.6086,1.5409
60.848,raw,994,4.5315,0.7279,1.5272
60.848,raw,1010,4.7295,0.8603,1.5094
60.848,raw,1026,-6.8188,-9.8585,0.8572
60.848,raw,1042,-4.7201,-7.9861,1.0474
60.848,raw,1058,-4.2368,-8.1614,1.0561
60.848,raw,1074,-5.5974,-11.4981,0.8105
60.848,raw,1090,-5.1951,-12.1534,0.7842
60.848,raw,1106,-4.7351,-12.7707,0.7600
60.848,raw,1122,-4.3741,-13.7204,0.7098
60.848,raw,1138,-3.9700,-14.7529,0.6531
60.848,raw,1154,-3.5244,-15.9133,0.5867
60.848,raw,1170,-3.0394,-17.2848,0.5045
60.848,raw,1186,4.3021,-0.5063,1.5890
60.848,raw,1202,4.1517,-0.2815,1.6051
60.848,raw,1218,4.0339,-0.0930,1.6178
60.848,raw,1234,3.9384,0.0699,1.6280
60.848,raw,1250,3.8433,0.2188,1.6374
60.848,raw,1266,3.9148,0.3123,1.6344
60.848,raw,1282,4.0380,0.3993,1.6275
60.848,raw,1298,4.1895,0.4915,1.6184
60.848,raw,1314,4.3473,0.5954,1.6085
60.848,raw,1330,4.5234,0.7114,1.5972
60.848,raw,1346,4.7303,0.8423,1.5833
60.848,raw,1362,-10.0014,-6.9276,1.1632
60.848,raw,1378,-9.7731,-7.5597,1.1550
60.848,raw,1394,-9.4542,-8.1406,1.1501
60.848,raw,1410,-9.1039,-8.7084,1.1454
60.848,raw,1426,-8.7602,-9.2981,1.1384
60.848,raw,1443,-8.4013,-9.9566,1.1282
60.848,raw,1459,-8.0387,-10.5804,1.1177
60.848,raw,1475,-7.6388,-11.1924,1.1073
60.848,raw,1491,-4.5198,-7.9170,1.3115
60.848,raw,1507,-6.7824,-12.4582,1.0821
60.848,raw,1523,-6.3871,-13.2333,1.0610
60.848,raw,1539,-5.8670,-13.8592,1.0470
60.848,raw,1555,-5.4426,-14.7712,1.0179
60.848,raw,1571,-5.0947,-16.0424,0.9707
60.848,raw,1587,-6.1425,-21.6917,0.7128
60.848,raw,1603,-5.4711,-23.3118,0.6518
60.848,raw,1619,-4.6990,-25.0503,0.5843
60.848,raw,1635,-3.5656,-25.6549,0.5684
60.848,raw,1651,-2.3995,-26.2760,0.5495
60.848,raw,1667,-1.2216,-27.1898,0.5148
60.848,raw,1683,0.0603,-27.5268,0.5039
60.848,raw,1699,4.3231,-0.5373,1.6593
60.848,raw,1715,4.1713,-0.3087,1.6702
60.848,raw,1731,4.0562,-0.1188,1.6784
60.848,raw,1747,3.9184,0.0619,1.6873
60.848,raw,1763,3.8425,0.2049,1.6926
60.848,raw,1779,3.9025,0.3013,1.6912
60.848,raw,1795,4.0139,0.3898,1.6872
60.848,raw,1811,4.1492,0.4828,1.6820
60.848,raw,1827,4.3241,0.5821,1.6747
60.848,raw,1843,4.5085,0.6956,1.6668
60.848,raw,1859,4.6903,0.8253,1.6589
60.848,raw,1875,23.6752,10.5924,0.7024
60.848,raw,1891,-18.1318,19.8480,0.5554
60.848,raw,1907,-17.6845,17.7854,0.6339
60.848,raw,1924,-17.2829,15.8700,0.7038
60.848,raw,1940,-16.7455,14.1181,0.7714
60.848,raw,1956,-16.2097,12.5276,0.8325
60.848,raw,1972,-15.7158,11.1023,0.8858
60.848,raw,1988,-11.2808,7.7129,1.1373
60.848,raw,2004,-14.9603,8.7068,0.9672
60.848,raw,2020,-14.6288,7.6577,1.0004
60.848,raw,2036,-14.1510,6.6249,1.0377
60.848,raw,2052,-14.8221,-1.4090,1.4342
60.848,raw,2068,-8.3305,-0.9616,1.5772
60.848,raw,2084,-14.3009,-2.8503,1.4396
60.848,raw,2100,-14.0444,-3.5578,1.4412
60.848,raw,2116,-13.8094,-4.2674,1.4415
60.848,raw,2132,-13.5565,-4.9704,1.4414
60.848,raw,2148,-13.2858,-5.6675,1.4411
60.848,raw,2164,-13.0596,-6.3902,1.4388
60.848,raw,2180,-12.3668,-6.8657,1.4474
60.848,raw,2196,-12.1207,-7.5771,1.4442
60.848,raw,2212,-11.8770,-8.3085,1.4399
60.848,raw,2228,-11.3996,-8.8882,1.4410
60.848,raw,2244,-11.1846,-9.6815,1.4338
60.848,raw,2260,-11.0076,-10.5517,1.4242
60.848,raw,2276,-10.5571,-11.2082,1.4214
60.848,raw,2292,-10.3416,-12.1413,1.4098
60.848,raw,2308,-9.8989,-12.8799,1.4039
60.848,raw,2324,-9.5699,-13.8116,1.3924
60.848,raw,2340,-9.0166,-14.5056,1.3871
60.848,raw,2356,-10.0687,-17.8235,1.3131
60.848,raw,2372,-9.5912,-19.0464,1.2952
60.848,raw,2388,-9.2029,-20.6179,1.2686
60.848,raw,2405,-8.6412,-22.2573,1.2412
60.848,raw,2421,-8.1615,-24.2403,1.2048
60.848,raw,2437,-7.5011,-26.1691,1.1697
60.848,raw,2453,-6.5976,-27.7881,1.1415
60.848,raw,2469,-5.3389,-28.4271,1.1348
60.848,raw,2485,-4.1128,-29.4042,1.1193
60.848,raw,2501,-2.7770,-30.0868,1.1093
60.848,raw,2517,-1.3998,-30.8086,1.0970
60.848,raw,2533,0.0231,-31.7094,1.0794
60.848,raw,2549,1.5229,-32.3805,1.0654
60.848,raw,2565,3.0762,-32.8689,1.0539
60.848,raw,2581,4.7048,-33.6227,1.0349
60.848,raw,2597,4.3377,-0.5653,1.7312
60.848,raw,2613,4.1878,-0.3347,1.7365
60.848,raw,2629,4.0707,-0.1416,1.7406
60.848,raw,2645,3.9511,0.0347,1.7445
60.848,raw,2661,3.8379,0.1921,1.7480
60.848,raw,2677,3.8750,0.2944,1.7478
60.848,raw,2693,4.0054,0.3771,1.7454
60.848,raw,2709,4.1506,0.4674,1.7427
60.848,raw,2725,4.3018,0.5689,1.7397
60.848,raw,2741,4.4841,0.6806,1.7360
60.848,raw,2757,4.6716,0.8081,1.7320
60.848,raw,2773,26.2702,12.1560,1.2015
60.848,raw,2789,-22.9862,22.4277,1.0791
60.848,raw,2805,-22.0905,19.7925,1.1316
60.848,raw,2821,-20.9082,17.2156,1.1868
60.848,raw,2837,-20.6344,15.5073,1.2132
60.848,raw,2853,-19.6454,13.4996,1.2552
60.848,raw,2869,-11.2936,7.7671,1.4779
60.848,raw,2886,-18.8027,10.5175,1.3025
60.848,raw,2902,-18.2481,9.1640,1.3258
60.848,raw,2918,-18.1299,8.0701,1.3370
60.848,raw,2934,-17.6518,6.9105,1.3552
60.848,raw,2950,-17.2204,5.8393,1.3708
60.848,raw,2966,-17.1619,4.9127,1.3768
60.848,raw,2982,-16.7674,3.9536,1.3893
60.848,raw,2998,-16.4417,3.0532,1.3993
60.848,raw,3014,-16.1293,2.1935,1.4079
60.848,raw,3030,-15.8231,1.3683,1.4156
60.848,raw,3046,-15.5487,0.5727,1.4217
60.848,raw,3062,-15.2547,-0.1979,1.4275
60.848,raw,3078,-14.9900,-0.9492,1.4318
60.848,raw,3094,-16.1654,-2.0165,1.8244
60.848,raw,3110,-32.6804,-6.5745,1.8475
60.848,raw,3126,-31.8542,-8.0231,1.8469
60.848,raw,3142,-31.0292,-9.4311,1.8464
60.848,raw,3158,-17.7689,-6.2234,1.8280
60.848,raw,3174,-16.8965,-6.8850,1.8272
60.848,raw,3190,-28.6132,-13.4930,1.8453
60.848,raw,3206,-16.8921,-8.9721,1.8284
60.848,raw,3222,-27.0454,-16.1365,1.8451
60.848,raw,3238,-26.2714,-17.4612,1.8452
60.848,raw,3254,-25.4970,-18.7951,1.8454
60.848,raw,3270,-24.7086,-20.1365,1.8456
60.848,raw,3286,-23.9107,-21.4967,1.8460
60.848,raw,3302,-23.0994,-22.8821,1.8465
60.848,raw,3318,-22.2643,-24.2928,1.8470
60.848,raw,3334,-20.0948,-24.2207,1.8450
60.848,raw,3350,4.3576,-0.6068,1.8043
60.848,raw,3367,4.1934,-0.3559,1.8039
60.848,raw,3383,4.0579,-0.1529,1.8036
60.848,raw,3399,3.9484,0.0202,1.8034
60.848,raw,3415,3.8744,0.1660,1.8033
60.848,raw,3431,3.8524,0.2865,1.8032
60.848,raw,3447,3.9873,0.3666,1.8033
60.848,raw,3463,4.1097,0.4596,1.8035
60.848,raw,3479,4.2715,0.5570,1.8037
60.848,raw,3495,4.4362,0.6679,1.8039
60.848,raw,3511,4.6505,0.7911,1.8041
60.848,raw,3527,-18.7203,-0.7187,1.8276
60.848,raw,3543,-16.1933,-2.0211,2.2466
60.848,raw,3559,-16.8181,-4.2927,2.2740
60.848,raw,3575,-16.9605,-6.7243,2.2971
60.848,raw,3591,-15.6604,-8.1233,2.2825
60.848,raw,3607,-20.1334,-24.1195,2.6212
60.848,raw,3623,4.3542,-0.5947,1.8779
60.848,raw,3639,4.1951,-0.3567,1.8717
60.848,raw,3655,4.0925,-0.1678,1.8675
60.848,raw,3671,3.9692,0.0124,1.8630
60.848,raw,3687,3.8585,0.1712,1.8591
60.848,raw,3703,3.8541,0.2860,1.8582
60.848,raw,3719,3.9920,0.3655,1.8610
60.848,raw,3735,4.1093,0.4596,1.8634
60.848,raw,3751,4.2783,0.5561,1.8672
60.848,raw,3767,4.4615,0.6658,1.8714
60.848,raw,3783,4.6680,0.7905,1.8763
60.848,raw,3799,-18.0699,-1.0084,2.2895
60.848,raw,3815,-16.1840,-2.0196,2.6688
60.848,raw,3831,-26.0534,-14.5920,3.3286
60.848,raw,3848,4.4033,-0.6741,1.9556
60.848,raw,3864,4.2472,-0.4295,1.9434
60.848,raw,3880,4.1165,-0.2213,1.9334
60.848,raw,3896,3.9867,-0.0337,1.9242
60.848,raw,3912,3.8921,0.1235,1.9173
60.848,raw,3928,3.8132,0.2628,1.9116
60.848,raw,3944,3.9439,0.3407,1.9167
60.848,raw,3960,4.0781,0.4282,1.9222
60.848,raw,3976,4.2358,0.5230,1.9289
60.848,raw,3992,4.4084,0.6294,1.9366
60.848,raw,4008,4.5764,0.7509,1.9442
60.848,raw,4024,4.7843,0.8871,1.9540
60.848,raw,4040,-11.6787,-8.6281,2.9722
60.848,raw,4056,4.3045,-0.5175,2.0199
60.848,raw,4072,4.1522,-0.2907,2.0029
60.848,raw,4088,4.0256,-0.0978,1.9890
60.848,raw,4104,3.9216,0.0683,1.9777
60.848,raw,4120,3.8240,0.2177,1.9677
60.848,raw,4136,3.9132,0.3056,1.9721
60.848,raw,4152,4.0216,0.3954,1.9782
60.848,raw,4168,4.1757,0.4860,1.9879
60.848,raw,4184,4.3284,0.5895,1.9977
60.848,raw,4200,4.5096,0.7039,2.0099
60.848,raw,4216,4.7156,0.8336,2.0242
60.848,raw,4232,-16.2666,-1.5606,3.5183
60.848,raw,4248,-15.8199,-2.3207,3.4879
60.848,raw,4264,-15.6028,-3.1060,3.4829
60.848,raw,4280,-15.3597,-3.8807,3.4789
60.848,raw,4296,-17.9452,-5.5947,3.7626
60.848,raw,4312,-14.9234,-5.5009,3.4885
60.848,raw,4329,-14.6589,-6.3302,3.4956
60.848,raw,4345,-17.1046,-8.4722,3.7937
60.848,raw,4361,-14.1724,-7.9306,3.5226
60.848,raw,4377,4.3473,-0.5807,2.0986
60.848,raw,4393,4.1916,-0.3458,2.0752
60.848,raw,4409,4.0668,-0.1483,2.0566
60.848,raw,4425,3.9360,0.0326,2.0386
60.848,raw,4441,3.8575,0.1787,2.0270
60.848,raw,4457,3.8523,0.2935,2.0234
60.848,raw,4473,3.9795,0.3756,2.0333
60.848,raw,4489,4.1250,0.4643,2.0452
60.848,raw,4505,4.3010,0.5611,2.0604
60.848,raw,4521,4.4657,0.6737,2.0749
60.848,raw,4537,4.6604,0.7996,2.0928
60.848,raw,4553,-16.9518,0.5986,3.5677
60.848,raw,4569,-16.6959,-0.2396,3.5465
60.848,raw,4585,-16.4375,-1.0588,3.5286
60.848,raw,4601,-16.0469,-2.6257,3.9407
60.848,raw,4617,-15.7488,-3.4037,3.9264
60.848,raw,4633,-15.4248,-4.1643,3.9130
60.848,raw,4649,-15.0575,-5.4430,3.9205
60.848,raw,4665,-14.8601,-6.2505,3.9351
60.848,raw,4681,-14.6506,-7.0665,3.9532
60.848,raw,4697,-14.3946,-7.8749,3.9706
60.848,raw,4713,3.9967,-0.0456,2.1080
60.848,raw,4729,3.8841,0.1189,2.0886
60.848,raw,4745,3.8046,0.2584,2.0746
60.848,raw,4761,3.9373,0.3352,2.0874
60.848,raw,4777,4.0677,0.4228,2.1004
60.848,raw,4793,4.2170,0.5180,2.1160
