t,pose_x,pose_y,pose_yaw,goal_x,goal_y,goal_active,goal_status,plan_id,plan_nearest_error_m,raw_obstacle_points,dynamic_obstacle_points,dynamic_tracks,dynamic_predicted_points,dynamic_max_speed_mps,safety_stop,cmd_vx,cmd_wz,left_thrust_n,right_thrust_n
0.801,-0.3585,0.3379,-0.00319,,,0,IDLE code=0; status_seq=1,0,,3069,0,0,0,0.000,0,,,,
1.001,-0.3563,0.3371,0.00150,,,0,IDLE code=0; status_seq=1,0,,3069,0,0,0,0.000,0,,,,
1.200,-0.3566,0.3369,-0.00138,,,0,IDLE code=0; status_seq=1,0,,3069,0,0,0,0.000,0,,,,
1.401,-0.3572,0.3352,-0.00347,,,0,IDLE code=0; status_seq=1,0,,3069,0,0,0,0.000,0,,,,
1.600,-0.3549,0.3351,0.00156,,,0,IDLE code=0; status_seq=1,0,,3069,0,0,0,0.000,0,,,,
1.801,-0.3549,0.3351,0.00156,,,0,IDLE code=0; status_seq=1,0,,3069,0,0,0,0.000,0,,,,
2.000,-0.3549,0.3351,0.00156,,,0,IDLE code=0; status_seq=1,0,,3082,0,0,0,0.000,0,,,,
2.201,-0.3446,0.3489,0.00150,,,0,IDLE code=0; status_seq=1,0,,3082,0,0,0,0.000,0,,,,
2.400,-0.3366,0.3503,0.00145,,,0,IDLE code=0; status_seq=1,0,,3082,0,0,0,0.000,0,,,,
2.601,-0.3289,0.3497,0.00114,,,0,IDLE code=0; status_seq=1,0,,3082,0,0,0,0.000,0,,,,
2.800,-0.3270,0.3513,0.00091,,,0,IDLE code=0; status_seq=1,0,,3082,0,0,0,0.000,0,,,,
3.000,-0.3249,0.3550,0.00081,,,0,IDLE code=0; status_seq=1,0,,3082,0,0,0,0.000,0,,,,
3.200,-0.3249,0.3550,0.00081,,,0,IDLE code=0; status_seq=1,0,,3082,0,0,0,0.000,0,,,,
3.400,-0.3249,0.3550,0.00081,,,0,IDLE code=0; status_seq=1,0,,3082,0,0,0,0.000,0,,,,
3.600,-0.3271,0.3625,0.00064,,,0,IDLE code=0; status_seq=1,0,,3035,0,0,0,0.000,0,,,,
3.801,-0.3290,0.3717,0.00163,,,0,IDLE code=0; status_seq=1,0,,3035,0,0,0,0.000,0,,,,
4.000,-0.3309,0.3748,0.00115,,,0,IDLE code=0; status_seq=1,0,,3035,0,0,0,0.000,0,,,,
4.201,-0.3348,0.3740,-0.00406,,,0,IDLE code=0; status_seq=1,0,,3035,0,0,0,0.000,0,,,,
4.400,-0.3386,0.3761,-0.00280,,,0,IDLE code=0; status_seq=1,0,,3035,0,0,0,0.000,0,,,,
4.601,-0.3384,0.3781,0.00187,,,0,IDLE code=0; status_seq=1,0,,3035,0,0,0,0.000,0,,,,
4.800,-0.3384,0.3781,0.00187,,,0,IDLE code=0; status_seq=1,0,,2919,0,0,0,0.000,0,,,,
5.000,-0.3504,0.3765,0.00046,,,0,IDLE code=0; status_seq=1,0,,2919,0,0,0,0.000,0,,,,
5.200,-0.3541,0.3751,0.00253,,,0,IDLE code=0; status_seq=1,0,,2919,0,0,0,0.000,0,,,,
5.401,-0.3589,0.3743,0.00087,,,0,IDLE code=0; status_seq=1,0,,2919,0,0,0,0.000,0,,,,
5.600,-0.3575,0.3740,0.00247,,,0,IDLE code=0; status_seq=1,0,,2919,0,0,0,0.000,0,,,,
5.800,-0.3603,0.3718,0.00192,,,0,IDLE code=0; status_seq=1,0,,3477,0,0,0,0.000,0,,,,
6.001,-0.3621,0.3686,0.00179,,,0,IDLE code=0; status_seq=1,0,,3477,0,0,0,0.000,1,,,,
6.200,-0.3614,0.3684,0.00191,,,0,IDLE code=0; status_seq=1,0,,3477,0,0,0,0.000,1,,,,
6.400,-0.3641,0.3635,0.00101,,,0,IDLE code=0; status_seq=1,0,,3477,0,0,0,0.000,1,,,,
6.601,-0.3602,0.3630,0.00268,,,0,IDLE code=0; status_seq=1,0,,3477,0,0,0,0.000,1,,,,
6.800,-0.3573,0.3553,-0.00223,,,0,IDLE code=0; status_seq=1,0,,3477,0,0,0,0.000,1,,,,
7.001,-0.3539,0.3515,-0.00222,,,0,IDLE code=0; status_seq=1,0,,3718,0,0,0,0.000,1,,,,
7.200,-0.3503,0.3491,-0.00178,,,0,IDLE code=0; status_seq=1,0,,3718,0,0,0,0.000,1,,,,
7.401,-0.3474,0.3477,-0.00160,,,0,IDLE code=0; status_seq=1,0,,3718,0,0,0,0.000,1,,,,
7.600,-0.3440,0.3456,-0.00171,,,0,IDLE code=0; status_seq=1,0,,3718,0,0,0,0.000,1,,,,
7.801,-0.3405,0.3447,-0.00220,,,0,IDLE code=0; status_seq=1,0,,3718,0,0,0,0.000,1,,,,
8.000,-0.3377,0.3440,0.00083,,,0,IDLE code=0; status_seq=1,0,,3592,0,0,0,0.000,1,,,,
8.200,-0.3377,0.3440,0.00083,,,0,IDLE code=0; status_seq=1,0,,3592,0,0,0,0.000,1,,,,
8.400,-0.3339,0.3474,-0.00297,,,0,IDLE code=0; status_seq=1,0,,3592,0,0,0,0.000,1,,,,
8.601,-0.3301,0.3463,-0.00074,,,0,IDLE code=0; status_seq=1,0,,3592,0,0,0,0.000,1,,,,
8.800,-0.3278,0.3471,-0.00249,,,0,IDLE code=0; status_seq=1,0,,3592,0,0,0,0.000,1,,,,
9.000,-0.3270,0.3474,-0.00148,,,0,IDLE code=0; status_seq=1,0,,3592,0,0,0,0.000,1,,,,
9.200,-0.3271,0.3485,0.00184,,,0,IDLE code=0; status_seq=1,0,,3484,0,0,0,0.000,1,,,,
9.401,-0.3286,0.3514,0.00218,,,0,IDLE code=0; status_seq=1,0,,3484,0,0,0,0.000,1,,,,
9.600,-0.3286,0.3514,0.00218,,,0,IDLE code=0; status_seq=1,0,,3484,0,0,0,0.000,1,,,,
9.800,-0.3286,0.3514,0.00218,,,0,IDLE code=0; status_seq=1,0,,3484,0,0,0,0.000,1,,,,
10.001,-0.3286,0.3514,0.00218,,,0,IDLE code=0; status_seq=1,0,,3484,0,0,0,0.000,1,,,,
10.201,-0.3636,0.3755,0.00187,,,0,IDLE code=0; status_seq=1,0,,3484,0,0,0,0.000,0,,,,
10.400,-0.3683,0.3777,-0.00259,,,0,IDLE code=0; status_seq=1,0,,3335,0,0,0,0.000,0,,,,
10.600,-0.3735,0.3840,0.00066,,,0,IDLE code=0; status_seq=1,0,,3335,0,0,0,0.000,0,,,,
10.800,-0.3730,0.3848,0.00198,,,0,IDLE code=0; status_seq=1,0,,3335,0,0,0,0.000,0,,,,
11.000,-0.3730,0.3848,0.00198,,,0,IDLE code=0; status_seq=1,0,,3335,0,0,0,0.000,1,,,,
11.200,-0.3730,0.3848,0.00198,,,0,IDLE code=0; status_seq=1,0,,3335,0,0,0,0.000,1,,,,
11.400,-0.3730,0.3848,0.00198,,,0,IDLE code=0; status_seq=1,0,,3335,0,0,0,0.000,1,,,,
11.600,-0.3730,0.3848,0.00198,,,0,IDLE code=0; status_seq=1,0,,3335,0,0,0,0.000,1,,,,
11.800,-0.3730,0.3848,0.00198,,,0,IDLE code=0; status_seq=1,0,,3335,0,0,0,0.000,1,,,,
12.000,-0.3730,0.3848,0.00198,,,0,IDLE code=0; status_seq=1,0,,3612,0,0,0,0.000,1,,,,
12.201,-0.3384,0.3489,-0.00220,,,0,IDLE code=0; status_seq=1,0,,3612,0,0,0,0.000,1,,,,
12.401,-0.3253,0.3450,0.00101,,,0,IDLE code=0; status_seq=1,0,,3612,0,0,0,0.000,1,,,,
12.600,-0.3271,0.3472,0.00096,,,0,IDLE code=0; status_seq=1,0,,3612,0,0,0,0.000,1,,,,
12.800,-0.3215,0.3453,0.00091,,,0,IDLE code=0; status_seq=1,0,,3612,0,0,0,0.000,1,,,,
13.000,-0.3209,0.3430,0.00105,,,0,IDLE code=0; status_seq=1,0,,3734,0,0,0,0.000,1,,,,
13.201,-0.3143,0.3398,0.00114,,,0,IDLE code=0; status_seq=1,0,,3734,0,0,0,0.000,1,,,,
13.400,-0.3129,0.3398,0.00088,,,0,IDLE code=0; status_seq=1,0,,3734,0,0,0,0.000,1,,,,
13.600,-0.3149,0.3394,0.00148,,,0,IDLE code=0; status_seq=1,0,,3734,0,0,0,0.000,1,,,,
13.800,-0.3127,0.3387,0.00153,,,0,IDLE code=0; status_seq=1,0,,3734,0,0,0,0.000,1,,,,
14.001,-0.3127,0.3387,0.00153,,,0,IDLE code=0; status_seq=1,0,,3734,0,0,0,0.000,1,,,,
14.200,-0.3127,0.3387,0.00153,,,0,IDLE code=0; status_seq=1,0,,3512,0,0,0,0.000,1,,,,
14.401,-0.3375,0.3410,0.00235,,,0,IDLE code=0; status_seq=1,0,,3512,0,0,0,0.000,1,,,,
14.601,-0.3433,0.3432,-0.00073,,,0,IDLE code=0; status_seq=1,0,,3512,0,0,0,0.000,1,,,,
14.800,-0.3500,0.3441,-0.00369,,,0,IDLE code=0; status_seq=1,0,,3512,0,0,0,0.000,1,,,,
15.001,-0.3511,0.3482,0.00210,,,0,IDLE code=0; status_seq=1,0,,3512,0,0,0,0.000,1,,,,
15.200,-0.3582,0.3530,0.00203,,,0,IDLE code=0; status_seq=1,0,,3512,0,0,0,0.000,0,,,,
15.400,-0.3641,0.3568,0.00201,,,0,IDLE code=0; status_seq=1,0,,3335,0,0,0,0.000,0,,,,
15.601,-0.3696,0.3612,0.00240,,,0,IDLE code=0; status_seq=1,0,,3335,0,0,0,0.000,0,,,,
15.800,-0.3724,0.3609,-0.00443,,,0,IDLE code=0; status_seq=1,0,,3335,0,0,0,0.000,0,,,,
16.000,-0.3728,0.3645,0.00245,,,0,IDLE code=0; status_seq=1,0,,3335,0,0,0,0.000,0,,,,
16.200,-0.3746,0.3669,0.00216,18.0000,0.0000,1,ACCEPTED code=1; Nav2 goal accepted; status_seq=3,0,,3335,0,0,0,0.000,0,,,,
16.401,-0.3746,0.3669,0.00216,18.0000,0.0000,1,ACCEPTED code=1; Nav2 goal accepted; status_seq=3,0,,3335,0,0,0,0.000,0,,,,
16.600,-0.3730,0.3692,-0.00086,18.0000,0.0000,1,ACCEPTED code=1; Nav2 goal accepted; status_seq=3,0,,3413,0,0,0,0.000,0,,,,
16.800,-0.3717,0.3703,0.00162,18.0000,0.0000,1,ACCEPTED code=1; Nav2 goal accepted; status_seq=3,0,,3413,0,0,0,0.000,0,,,,
17.000,-0.3681,0.3718,-0.00279,18.0000,0.0000,1,ACCEPTED code=1; Nav2 goal accepted; status_seq=3,0,,3413,0,0,0,0.000,0,,,,
17.201,-0.3618,0.3716,0.00093,18.0000,0.0000,1,ACCEPTED code=1; Nav2 goal accepted; status_seq=3,0,,3413,0,0,0,0.000,1,,,,
17.401,-0.3546,0.3713,0.00075,18.0000,0.0000,1,ACCEPTED code=1; Nav2 goal accepted; status_seq=3,0,,3413,0,0,0,0.000,1,,,,
17.600,-0.3506,0.3722,0.00083,18.0000,0.0000,1,ACCEPTED code=1; Nav2 goal accepted; status_seq=3,4,0.0027,3635,0,0,0,0.000,1,0.1500,0.0075,3.754,7.954
17.800,-0.3437,0.3714,-0.00173,18.0000,0.0000,1,ACCEPTED code=1; Nav2 goal accepted; status_seq=3,6,0.0103,3635,0,0,0,0.000,1,0.3500,0.0175,5.280,17.880
18.000,-0.3377,0.3687,-0.00082,18.0000,0.0000,1,ACCEPTED code=1; Nav2 goal accepted; status_seq=3,8,0.0160,3635,0,0,0,0.000,1,0.5500,0.0275,0.000,23.130
18.201,-0.3331,0.3670,0.00143,18.0000,0.0000,1,ACCEPTED code=1; Nav2 goal accepted; status_seq=3,10,0.0205,3635,0,0,0,0.000,1,0.6000,0.0347,-2.070,25.230
18.400,-0.3285,0.3649,0.00202,18.0000,0.0000,1,ACCEPTED code=1; Nav2 goal accepted; status_seq=3,12,0.0257,3635,0,0,0,0.000,1,0.6000,0.0346,-2.271,25.431
18.601,-0.3236,0.3639,0.00333,18.0000,0.0000,1,ACCEPTED code=1; Nav2 goal accepted; status_seq=3,14,0.0305,3651,0,0,0,0.000,1,0.6000,0.0338,-2.271,25.431
18.800,-0.3234,0.3639,0.00329,18.0000,0.0000,1,ACCEPTED code=1; Nav2 goal accepted; status_seq=3,16,0.0307,3651,0,0,0,0.000,1,0.6000,0.0340,-2.271,25.431
19.000,-0.3234,0.3639,0.00329,18.0000,0.0000,1,ACCEPTED code=1; Nav2 goal accepted; status_seq=3,18,0.0307,3651,0,0,0,0.000,1,0.6000,0.0340,-2.271,25.431
19.200,-0.3099,0.3691,0.01336,18.0000,0.0000,1,ACCEPTED code=1; Nav2 goal accepted; status_seq=3,20,0.0436,3651,0,0,0,0.000,1,0.6000,0.0319,0.000,24.982
19.400,-0.3019,0.3652,0.01331,18.0000,0.0000,1,ACCEPTED code=1; Nav2 goal accepted; status_seq=3,22,0.0517,3651,0,0,0,0.000,1,0.6000,0.0317,0.000,24.887
19.601,-0.3019,0.3652,0.01331,18.0000,0.0000,1,ACCEPTED code=1; Nav2 goal accepted; status_seq=3,24,0.0517,3490,0,0,0,0.000,1,0.6000,0.0317,0.000,24.887
19.801,-0.2875,0.3705,0.02685,18.0000,0.0000,1,ACCEPTED code=1; Nav2 goal accepted; status_seq=3,26,0.0659,3490,0,0,0,0.000,1,0.6000,0.0292,0.000,23.837
20.001,-0.2780,0.3715,0.02986,18.0000,0.0000,1,ACCEPTED code=1; Nav2 goal accepted; status_seq=3,28,0.0767,3490,0,0,0,0.000,1,0.6000,0.0276,0.000,23.162
20.201,-0.2780,0.3715,0.02986,18.0000,0.0000,1,ACCEPTED code=1; Nav2 goal accepted; status_seq=3,30,0.0752,3490,0,0,0,0.000,1,0.6000,0.0276,0.000,23.187
20.400,-0.2562,0.3824,0.03925,18.0000,0.0000,1,ACCEPTED code=1; Nav2 goal accepted; status_seq=3,31,0.0976,3490,0,0,0,0.000,1,0.6000,0.0276,0.000,23.187
20.601,-0.2412,0.3947,0.04224,18.0000,0.0000,1,ACCEPTED code=1; Nav2 goal accepted; status_seq=3,33,0.1146,3490,0,0,0,0.000,1,0.6000,0.0276,0.000,23.187
20.800,-0.2309,0.4008,0.04697,18.0000,0.0000,1,ACCEPTED code=1; Nav2 goal accepted; status_seq=3,35,0.1258,3310,0,0,0,0.000,1,0.6000,0.0226,2.081,21.079
21.000,-0.2218,0.4137,0.05438,18.0000,0.0000,1,ACCEPTED code=1; Nav2 goal accepted; status_seq=3,37,0.1382,3310,0,0,0,0.000,1,0.6000,0.0226,2.106,21.054
21.201,-0.2131,0.4103,0.05921,18.0000,0.0000,1,ACCEPTED code=1; Nav2 goal accepted; status_seq=3,39,0.1471,3310,0,0,0,0.000,1,0.6000,0.0196,3.352,19.808
21.401,-0.1979,0.4151,0.06190,18.0000,0.0000,1,ACCEPTED code=1; Nav2 goal accepted; status_seq=3,41,0.1638,3310,0,0,0,0.000,1,0.6000,0.0184,3.480,19.679
21.601,-0.1862,0.4192,0.06495,18.0000,0.0000,1,ACCEPTED code=1; Nav2 goal accepted; status_seq=3,45,0.0117,3310,0,0,0,0.000,1,0.6000,0.0236,0.000,21.487
21.800,-0.1825,0.4183,0.06724,18.0000,0.0000,1,ACCEPTED code=1; Nav2 goal accepted; status_seq=3,47,0.0131,3300,0,0,0,0.000,1,0.6000,0.0336,-2.271,25.431
22.001,-0.1661,0.4222,0.07427,18.0000,0.0000,1,ACCEPTED code=1; Nav2 goal accepted; status_seq=3,49,0.0311,3300,0,0,0,0.000,1,0.6000,0.0341,-2.271,25.431
22.200,-0.1497,0.4271,0.07792,18.0000,0.0000,1,ACCEPTED code=1; Nav2 goal accepted; status_seq=3,51,0.0492,3300,0,0,0,0.000,1,0.6000,0.0342,-2.271,25.431
22.400,-0.1365,0.4286,0.08230,18.0000,0.0000,1,ACCEPTED code=1; Nav2 goal accepted; status_seq=3,53,0.0648,3300,0,0,0,0.000,1,0.6000,0.0334,-2.271,25.431
22.600,-0.1241,0.4279,0.08379,18.0000,0.0000,1,ACCEPTED code=1; Nav2 goal accepted; status_seq=3,55,0.0724,3300,0,0,0,0.000,1,0.6000,0.0319,0.000,24.970
22.801,-0.0932,0.4347,0.09183,18.0000,0.0000,1,ACCEPTED code=1; Nav2 goal accepted; status_seq=3,57,0.1076,3300,0,0,0,0.000,1,0.6000,0.0301,0.000,24.221
23.001,-0.0704,0.4344,0.09595,18.0000,0.0000,1,ACCEPTED code=1; Nav2 goal accepted; status_seq=3,59,0.1333,3445,0,0,0,0.000,1,0.6000,0.0303,0.000,24.308
23.200,-0.0237,0.4339,0.09853,18.0000,0.0000,1,ACCEPTED code=1; Nav2 goal accepted; status_seq=3,61,0.1729,3445,0,0,0,0.000,1,0.6000,0.0295,0.000,23.957
23.400,0.0908,0.4414,0.10514,18.0000,0.0000,1,ACCEPTED code=1; Nav2 goal accepted; status_seq=3,63,0.2928,3445,0,0,0,0.000,1,0.6000,0.0281,0.000,23.365
23.600,0.1520,0.4402,0.10829,18.0000,0.0000,1,ACCEPTED code=1; Nav2 goal accepted; status_seq=3,65,0.3487,3445,0,0,0,0.000,1,0.6000,0.0298,0.000,24.105
23.800,0.1520,0.4402,0.10829,18.0000,0.0000,1,ACCEPTED code=1; Nav2 goal accepted; status_seq=3,67,0.3487,3445,0,0,0,0.000,1,0.6000,0.0304,0.000,24.362
24.000,0.1520,0.4402,0.10829,18.0000,0.0000,1,ACCEPTED code=1; Nav2 goal accepted; status_seq=3,69,0.3487,3445,0,0,0,0.000,1,0.6000,0.0304,0.000,24.362
24.201,0.2480,0.4267,0.12927,18.0000,0.0000,1,ACCEPTED code=1; Nav2 goal accepted; status_seq=3,71,0.4451,3247,0,0,0,0.000,1,0.6000,0.0313,0.000,24.362
24.400,0.2578,0.4296,0.13043,18.0000,0.0000,1,ACCEPTED code=1; Nav2 goal accepted; status_seq=3,73,0.4532,3247,0,0,0,0.000,1,0.6000,0.0282,0.000,23.426
24.600,0.2676,0.4302,0.13760,18.0000,0.0000,1,ACCEPTED code=1; Nav2 goal accepted; status_seq=3,75,0.4644,3247,0,0,0,0.000,1,0.6000,0.0277,0.000,23.211
24.800,0.2695,0.4328,0.13384,18.0000,0.0000,1,ACCEPTED code=1; Nav2 goal accepted; status_seq=3,77,0.4658,3247,0,0,0,0.000,1,0.6000,0.0266,0.000,22.755
25.000,0.2695,0.4328,0.13384,18.0000,0.0000,1,ACCEPTED code=1; Nav2 goal accepted; status_seq=3,79,0.4658,3247,0,0,0,0.000,1,0.6000,0.0266,0.000,22.755
25.200,0.3182,0.4579,0.14818,18.0000,0.0000,1,ACCEPTED code=1; Nav2 goal accepted; status_seq=3,81,0.5194,3247,0,0,0,0.000,1,0.6000,0.0222,0.000,21.705
25.400,0.3182,0.4579,0.14818,18.0000,0.0000,1,ACCEPTED code=1; Nav2 goal accepted; status_seq=3,83,0.5161,3205,0,0,0,0.000,1,0.6000,0.0229,0.000,21.181
25.601,0.3756,0.4904,0.15946,18.0000,0.0000,1,ACCEPTED code=1; Nav2 goal accepted; status_seq=3,87,0.0090,3205,0,0,0,0.000,1,0.6000,0.0191,3.561,19.598
25.800,0.3845,0.5048,0.16771,18.0000,0.0000,1,ACCEPTED code=1; Nav2 goal accepted; status_seq=3,89,0.0171,3205,0,0,0,0.000,1,0.6000,0.0291,0.000,23.798
26.000,0.3988,0.5142,0.16674,18.0000,0.0000,1,ACCEPTED code=1; Nav2 goal accepted; status_seq=3,91,0.0412,3205,0,0,0,0.000,1,0.6000,0.0292,0.000,23.827
26.200,0.3965,0.5166,0.17235,18.0000,0.0000,1,ACCEPTED code=1; Nav2 goal accepted; status_seq=3,93,0.0425,3205,0,0,0,0.000,1,0.6000,0.0274,0.000,23.080
26.400,0.4059,0.5182,0.18372,18.0000,0.0000,1,ACCEPTED code=1; Nav2 goal accepted; status_seq=3,95,0.0497,3145,0,0,0,0.000,1,0.6000,0.0268,0.000,22.832
26.600,0.4122,0.5180,0.18901,18.0000,0.0000,1,ACCEPTED code=1; Nav2 goal accepted; status_seq=3,97,0.0531,3145,0,0,0,0.000,1,0.6000,0.0258,0.000,22.434
26.800,0.4198,0.5192,0.19036,18.0000,0.0000,1,ACCEPTED code=1; Nav2 goal accepted; status_seq=3,99,0.0613,3145,0,0,0,0.000,1,0.6000,0.0260,0.000,21.965
27.000,0.4240,0.5189,0.19225,18.0000,0.0000,1,ACCEPTED code=1; Nav2 goal accepted; status_seq=3,101,0.0645,3145,0,0,0,0.000,1,0.6000,0.0251,0.000,21.965
27.201,0.4258,0.5186,0.18796,18.0000,0.0000,1,ACCEPTED code=1; Nav2 goal accepted; status_seq=3,103,0.0663,3145,0,0,0,0.000,1,0.6000,0.0249,0.000,22.024
27.401,0.4395,0.5201,0.20058,18.0000,0.0000,1,ACCEPTED code=1; Nav2 goal accepted; status_seq=3,105,0.0798,3145,0,0,0,0.000,1,0.6000,0.0224,2.152,21.008
27.600,0.4469,0.5192,0.20725,18.0000,0.0000,1,ACCEPTED code=1; Nav2 goal accepted; status_seq=3,107,0.0855,3204,0,0,0,0.000,1,0.6000,0.0223,2.211,20.948
27.800,0.4564,0.5185,0.20494,18.0000,0.0000,1,ACCEPTED code=1; Nav2 goal accepted; status_seq=3,109,0.0955,3204,0,0,0,0.000,1,0.6000,0.0225,2.135,21.024
28.001,0.4679,0.5181,0.21112,18.0000,0.0000,1,ACCEPTED code=1; Nav2 goal accepted; status_seq=3,111,0.1057,3204,0,0,0,0.000,1,0.6000,0.0211,2.715,20.445
28.201,0.4845,0.5160,0.21245,18.0000,0.0000,1,ACCEPTED code=1; Nav2 goal accepted; status_seq=3,113,0.1236,3204,0,0,0,0.000,1,0.6000,0.0186,3.784,19.375
28.400,0.5011,0.5152,0.21655,18.0000,0.0000,1,ACCEPTED code=1; Nav2 goal accepted; status_seq=3,115,0.1373,3204,0,0,0,0.000,1,0.6000,0.0182,3.923,19.236
28.600,0.5011,0.5152,0.21655,18.0000,0.0000,1,ACCEPTED code=1; Nav2 goal accepted; status_seq=3,117,0.1370,3204,0,0,0,0.000,1,0.6000,0.0193,3.473,19.686
28.800,0.5011,0.5152,0.21655,18.0000,0.0000,1,ACCEPTED code=1; Nav2 goal accepted; status_seq=3,119,0.1370,3204,0,0,0,0.000,1,0.6000,0.0193,3.473,19.686
29.000,0.6831,0.5523,0.24996,18.0000,0.0000,1,ACCEPTED code=1; Nav2 goal accepted; status_seq=3,121,0.3250,3084,0,0,0,0.000,1,0.6000,0.0193,3.473,19.686
29.201,0.7932,0.5012,0.24409,18.0000,0.0000,1,ACCEPTED code=1; Nav2 goal accepted; status_seq=3,123,0.4290,3084,0,0,0,0.000,1,0.6000,0.0171,4.523,18.636
29.400,0.8160,0.5005,0.24291,18.0000,0.0000,1,ACCEPTED code=1; Nav2 goal accepted; status_seq=3,125,0.4523,3084,0,0,0,0.000,1,0.6000,0.0148,5.372,17.787
29.600,0.8369,0.5031,0.24654,18.0000,0.0000,1,ACCEPTED code=1; Nav2 goal accepted; status_seq=3,129,0.0097,3084,0,0,0,0.000,1,0.6000,0.0148,5.364,17.795
29.801,0.8535,0.5075,0.25136,18.0000,0.0000,1,ACCEPTED code=1; Nav2 goal accepted; status_seq=3,131,0.0245,3084,0,0,0,0.000,1,0.6000,0.0048,9.564,13.595
30.000,0.8649,0.5125,0.25472,18.0000,0.0000,1,ACCEPTED code=1; Nav2 goal accepted; status_seq=3,133,0.0390,2901,0,0,0,0.000,1,0.6000,-0.0052,13.764,9.395
30.200,0.8649,0.5125,0.25472,18.0000,0.0000,1,ACCEPTED code=1; Nav2 goal accepted; status_seq=3,135,0.0364,2901,0,0,0,0.000,1,0.6000,-0.0152,17.964,5.195
30.400,0.8845,0.5280,0.26409,18.0000,0.0000,1,ACCEPTED code=1; Nav2 goal accepted; status_seq=3,137,0.0597,2901,0,0,0,0.000,1,0.6000,-0.0192,19.648,3.511
30.600,0.8875,0.5287,0.25995,18.0000,0.0000,1,ACCEPTED code=1; Nav2 goal accepted; status_seq=3,139,0.0626,2901,0,0,0,0.000,1,0.6000,-0.0210,20.416,2.744
30.800,0.8875,0.5287,0.25995,18.0000,0.0000,1,ACCEPTED code=1; Nav2 goal accepted; status_seq=3,141,0.0626,2901,0,0,0,0.000,1,0.6000,-0.0210,20.416,2.744
31.000,0.8875,0.5287,0.25995,18.0000,0.0000,1,ACCEPTED code=1; Nav2 goal accepted; status_seq=3,143,0.0626,3070,0,0,0,0.000,1,0.6000,-0.0210,20.416,2.744
31.201,0.9222,0.5795,0.26307,18.0000,0.0000,1,ACCEPTED code=1; Nav2 goal accepted; status_seq=3,145,0.1206,3070,0,0,0,0.000,1,0.6000,-0.0252,21.466,0.000
31.400,0.9301,0.5865,0.26897,18.0000,0.0000,1,ACCEPTED code=1; Nav2 goal accepted; status_seq=3,147,0.1314,3070,0,0,0,0.000,1,0.6000,-0.0233,21.373,0.000
31.600,0.9306,0.5880,0.26729,18.0000,0.0000,1,ACCEPTED code=1; Nav2 goal accepted; status_seq=3,149,0.1319,3070,0,0,0,0.000,1,0.6000,-0.0227,21.106,2.053
31.800,0.9358,0.5882,0.25349,18.0000,0.0000,1,ACCEPTED code=1; Nav2 goal accepted; status_seq=3,151,0.1348,3070,0,0,0,0.000,1,0.6000,-0.0222,21.077,2.082
32.001,0.9407,0.5878,0.24625,18.0000,0.0000,1,ACCEPTED code=1; Nav2 goal accepted; status_seq=3,153,0.1385,3070,0,0,0,0.000,1,0.6000,-0.0222,20.903,2.257
32.201,0.9451,0.5884,0.25682,18.0000,0.0000,1,ACCEPTED code=1; Nav2 goal accepted; status_seq=3,155,0.1426,3264,0,0,0,0.000,1,0.6000,-0.0220,20.830,2.330
32.400,0.9507,0.5874,0.25094,18.0000,0.0000,1,ACCEPTED code=1; Nav2 goal accepted; status_seq=3,157,0.1457,3264,0,0,0,0.000,1,0.6000,-0.0202,20.046,3.114
32.601,0.9600,0.5876,0.24239,18.0000,0.0000,1,ACCEPTED code=1; Nav2 goal accepted; status_seq=3,159,0.1542,3264,0,0,0,0.000,1,0.6000,-0.0198,19.907,3.253
32.801,0.9707,0.5850,0.23876,18.0000,0.0000,1,ACCEPTED code=1; Nav2 goal accepted; status_seq=3,161,0.1618,3264,0,0,0,0.000,1,0.6000,-0.0188,19.459,3.700
33.001,0.9873,0.5822,0.23577,18.0000,0.0000,1,ACCEPTED code=1; Nav2 goal accepted; status_seq=3,163,0.1754,3264,0,0,0,0.000,1,0.6000,-0.0176,18.980,4.180
33.201,1.0013,0.5774,0.24061,18.0000,0.0000,1,ACCEPTED code=1; Nav2 goal accepted; status_seq=3,165,0.1854,3218,0,0,0,0.000,1,0.6000,-0.0167,18.587,4.573
33.400,1.0240,0.5673,0.22905,18.0000,0.0000,1,ACCEPTED code=1; Nav2 goal accepted; status_seq=3,167,0.2041,3218,0,0,0,0.000,1,0.6000,-0.0145,17.669,5.490
33.600,1.0240,0.5673,0.22905,18.0000,0.0000,1,ACCEPTED code=1; Nav2 goal accepted; status_seq=3,171,0.0001,3218,0,0,0,0.000,1,0.6000,-0.0143,17.597,5.563
33.800,1.0240,0.5673,0.22905,18.0000,0.0000,1,ACCEPTED code=1; Nav2 goal accepted; status_seq=3,173,0.0001,3218,0,0,0,0.000,1,0.6000,-0.0131,17.068,6.092
34.000,1.0240,0.5673,0.22905,18.0000,0.0000,1,ACCEPTED code=1; Nav2 goal accepted; status_seq=3,175,0.0001,3218,0,0,0,0.000,1,0.6000,-0.0131,17.068,6.092
34.200,1.0240,0.5673,0.22905,18.0000,0.0000,1,ACCEPTED code=1; Nav2 goal accepted; status_seq=3,177,0.0001,3218,0,0,0,0.000,1,0.6000,-0.0131,17.068,6.092
34.400,1.0240,0.5673,0.22905,18.0000,0.0000,1,ACCEPTED code=1; Nav2 goal accepted; status_seq=3,179,0.0001,2949,0,0,0,0.000,1,0.6000,-0.0131,17.068,6.092
34.600,1.5350,0.4608,0.20881,18.0000,0.0000,1,ACCEPTED code=1; Nav2 goal accepted; status_seq=3,181,0.5201,2949,0,0,0,0.000,1,0.6000,-0.0081,14.968,8.192
34.801,1.6010,0.5752,0.21574,18.0000,0.0000,1,ACCEPTED code=1; Nav2 goal accepted; status_seq=3,183,0.5844,2949,0,0,0,0.000,1,0.6000,0.0009,11.184,11.975
35.000,1.5774,0.6294,0.20424,18.0000,0.0000,1,ACCEPTED code=1; Nav2 goal accepted; status_seq=3,185,0.5571,2949,0,0,0,0.000,1,0.6000,-0.0043,13.382,9.777
35.200,1.5801,0.6214,0.20625,18.0000,0.0000,1,ACCEPTED code=1; Nav2 goal accepted; status_seq=3,187,0.5616,2949,0,0,0,0.000,1,0.6000,-0.0035,13.064,10.095
35.400,1.5806,0.6214,0.20931,18.0000,0.0000,1,ACCEPTED code=1; Nav2 goal accepted; status_seq=3,189,0.5623,2949,0,0,0,0.000,1,0.6000,-0.0045,13.454,9.705
35.600,1.5828,0.6200,0.19949,18.0000,0.0000,1,ACCEPTED code=1; Nav2 goal accepted; status_seq=3,191,0.5637,2826,0,0,0,0.000,1,0.6000,-0.0038,13.170,9.989
35.800,1.5828,0.6200,0.19949,18.0000,0.0000,1,ACCEPTED code=1; Nav2 goal accepted; status_seq=3,193,0.5637,2826,0,0,0,0.000,1,0.6000,-0.0038,13.170,9.989
36.000,1.5879,0.6429,0.19287,18.0000,0.0000,1,ACCEPTED code=1; Nav2 goal accepted; status_seq=3,195,0.5718,2826,0,0,0,0.000,1,0.6000,-0.0045,13.470,9.690
36.200,1.5879,0.6429,0.19287,18.0000,0.0000,1,ACCEPTED code=1; Nav2 goal accepted; status_seq=3,197,0.5708,2826,0,0,0,0.000,1,0.6000,-0.0033,12.949,10.211
36.400,1.5964,0.6798,0.19243,18.0000,0.0000,1,ACCEPTED code=1; Nav2 goal accepted; status_seq=3,199,0.5798,2826,0,0,0,0.000,1,0.6000,-0.0014,12.152,11.007
36.601,1.5964,0.6964,0.18569,18.0000,0.0000,1,ACCEPTED code=1; Nav2 goal accepted; status_seq=3,201,0.5877,2992,0,0,0,0.000,1,0.6000,-0.0069,14.497,8.663
36.800,1.5962,0.7104,0.18793,18.0000,0.0000,1,ACCEPTED code=1; Nav2 goal accepted; status_seq=3,203,0.5908,2992,0,0,0,0.000,1,0.6000,-0.0061,14.128,9.032
37.000,1.6028,0.7258,0.18990,18.0000,0.0000,1,ACCEPTED code=1; Nav2 goal accepted; status_seq=3,205,0.6005,2992,0,0,0,0.000,1,0.6000,-0.0053,13.821,9.338
37.200,1.6007,0.7272,0.18626,18.0000,0.0000,1,ACCEPTED code=1; Nav2 goal accepted; status_seq=3,207,0.5993,2992,0,0,0,0.000,1,0.6000,-0.0055,13.910,9.249
37.401,1.6116,0.7392,0.19132,18.0000,0.0000,1,ACCEPTED code=1; Nav2 goal accepted; status_seq=3,209,0.6136,2992,0,0,0,0.000,1,0.6000,-0.0055,13.910,9.249
37.600,1.6200,0.7442,0.19839,18.0000,0.0000,1,ACCEPTED code=1; Nav2 goal accepted; status_seq=3,211,0.6219,2992,0,0,0,0.000,1,0.6000,-0.0055,13.880,9.279
37.800,1.6262,0.7424,0.18236,18.0000,0.0000,1,ACCEPTED code=1; Nav2 goal accepted; status_seq=3,213,0.6278,3286,0,0,0,0.000,1,0.6000,-0.0051,14.044,9.115
38.000,1.6262,0.7424,0.18236,18.0000,0.0000,1,ACCEPTED code=1; Nav2 goal accepted; status_seq=3,215,0.6278,3286,0,0,0,0.000,1,0.6000,-0.0051,13.727,9.433
38.200,1.6262,0.7424,0.18236,18.0000,0.0000,1,ACCEPTED code=1; Nav2 goal accepted; status_seq=3,217,0.6278,3286,0,0,0,0.000,1,0.6000,-0.0051,13.727,9.433
38.400,1.7437,0.7406,0.17904,18.0000,0.0000,1,ACCEPTED code=1; Nav2 goal accepted; status_seq=3,219,0.7490,3286,0,0,0,0.000,1,0.6000,-0.0060,14.086,9.074
38.600,1.7612,0.7416,0.18421,18.0000,0.0000,1,ACCEPTED code=1; Nav2 goal accepted; status_seq=3,223,0.1432,3286,0,0,0,0.000,1,0.5000,0.0018,10.840,12.319
38.800,1.7814,0.7301,0.17792,18.0000,0.0000,1,ACCEPTED code=1; Nav2 goal accepted; status_seq=3,225,0.1638,3286,0,0,0,0.000,1,0.5000,0.0118,9.790,13.369
39.000,1.7814,0.7301,0.17792,18.0000,0.0000,1,ACCEPTED code=1; Nav2 goal accepted; status_seq=3,227,0.1638,3286,0,0,0,0.000,1,0.5000,0.0218,7.690,15.469
39.200,1.7814,0.7301,0.17792,18.0000,0.0000,1,ACCEPTED code=1; Nav2 goal accepted; status_seq=3,229,0.1638,3338,0,0,0,0.000,1,0.5000,0.0318,0.000,24.919
39.400,1.7814,0.7301,0.17792,18.0000,0.0000,1,ACCEPTED code=1; Nav2 goal accepted; status_seq=3,231,0.1638,3338,0,0,0,0.000,1,0.5000,0.0418,-2.271,25.431
39.600,1.7814,0.7301,0.17792,18.0000,0.0000,1,ACCEPTED code=1; Nav2 goal accepted; status_seq=3,233,0.1638,3338,0,0,0,0.000,1,0.5000,0.0518,-2.271,25.431
39.800,1.7814,0.7301,0.17792,18.0000,0.0000,1,ACCEPTED code=1; Nav2 goal accepted; status_seq=3,235,0.1638,3338,0,0,0,0.000,1,0.5000,0.0550,-2.271,25.431
40.000,1.9786,0.8344,0.19117,18.0000,0.0000,1,ACCEPTED code=1; Nav2 goal accepted; status_seq=3,237,0.4086,3338,0,0,0,0.000,1,0.5000,0.0550,-2.271,25.431
40.200,2.1577,0.8019,0.18411,18.0000,0.0000,1,ACCEPTED code=1; Nav2 goal accepted; status_seq=3,239,0.5537,2896,0,0,0,0.000,1,0.5000,0.0550,-2.271,25.431
40.401,2.1833,0.7819,0.20188,18.0000,0.0000,1,ACCEPTED code=1; Nav2 goal accepted; status_seq=3,241,0.5668,2896,0,0,0,0.000,1,0.5000,0.0550,-2.271,25.431
40.601,2.1942,0.7845,0.20327,18.0000,0.0000,1,ACCEPTED code=1; Nav2 goal accepted; status_seq=3,243,0.5787,2896,0,0,0,0.000,1,0.5000,0.0550,-2.271,25.431
40.801,2.2012,0.7949,0.21626,18.0000,0.0000,1,ACCEPTED code=1; Nav2 goal accepted; status_seq=3,245,0.5846,2896,0,0,0,0.000,1,0.5000,0.0550,-2.271,25.431
41.000,2.2162,0.8196,0.21255,18.0000,0.0000,1,ACCEPTED code=1; Nav2 goal accepted; status_seq=3,247,0.6032,2896,0,0,0,0.000,1,0.5000,0.0550,-2.271,25.431
41.201,2.2318,0.8612,0.21171,18.0000,0.0000,1,ACCEPTED code=1; Nav2 goal accepted; status_seq=3,249,0.6319,2896,0,0,0,0.000,1,0.5080,0.0545,-2.271,25.431
41.400,2.2338,0.9102,0.21374,18.0000,0.0000,1,ACCEPTED code=1; Nav2 goal accepted; status_seq=3,251,0.6431,2685,0,0,0,0.000,1,0.5346,0.0545,-2.271,25.431
41.600,2.2393,0.9666,0.22595,18.0000,0.0000,1,ACCEPTED code=1; Nav2 goal accepted; status_seq=3,253,0.6597,2685,0,0,0,0.000,1,0.5687,0.0545,-2.271,25.431
41.800,2.2526,1.0118,0.23262,18.0000,0.0000,1,ACCEPTED code=1; Nav2 goal accepted; status_seq=3,255,0.6929,2685,0,0,0,0.000,1,0.5976,0.0545,-2.271,25.431
42.001,2.2486,1.0221,0.22814,18.0000,0.0000,1,ACCEPTED code=1; Nav2 goal accepted; status_seq=3,257,0.6895,2685,0,0,0,0.000,1,0.6000,0.0532,-2.271,25.431
42.200,2.2486,1.0221,0.22814,18.0000,0.0000,1,ACCEPTED code=1; Nav2 goal accepted; status_seq=3,259,0.6895,2685,0,0,0,0.000,1,0.6000,0.0532,-2.271,25.431
42.400,2.2486,1.0221,0.22814,18.0000,0.0000,1,ACCEPTED code=1; Nav2 goal accepted; status_seq=3,261,0.6895,2685,0,0,0,0.000,1,0.6000,0.0532,-2.271,25.431
42.601,2.3241,1.1776,0.25228,18.0000,0.0000,1,ACCEPTED code=1; Nav2 goal accepted; status_seq=3,263,0.8291,3096,0,0,0,0.000,1,0.6000,0.0482,-2.271,25.431
42.800,2.3241,1.1776,0.25228,18.0000,0.0000,1,ACCEPTED code=1; Nav2 goal accepted; status_seq=3,265,0.8291,3096,0,0,0,0.000,1,0.6000,0.0433,-2.271,25.431
43.000,2.4005,1.1657,0.27057,18.0000,0.0000,1,ACCEPTED code=1; Nav2 goal accepted; status_seq=3,267,0.8855,3096,0,0,0,0.000,1,0.6000,0.0433,-2.271,25.431
43.201,2.4138,1.1609,0.26840,18.0000,0.0000,1,ACCEPTED code=1; Nav2 goal accepted; status_seq=3,269,0.8988,3096,0,0,0,0.000,1,0.6000,0.0425,-2.271,25.431
43.400,2.4138,1.1609,0.26840,18.0000,0.0000,1,ACCEPTED code=1; Nav2 goal accepted; status_seq=3,273,0.1298,3096,0,0,0,0.000,1,0.6000,0.0425,-2.271,25.431
43.601,2.5306,1.1178,0.28218,18.0000,0.0000,1,ACCEPTED code=1; Nav2 goal accepted; status_seq=3,275,0.2533,3185,0,0,0,0.000,1,0.5000,0.0525,-2.271,25.431
43.801,2.6447,1.0730,0.29934,18.0000,0.0000,1,ACCEPTED code=1; Nav2 goal accepted; status_seq=3,277,0.3908,3185,0,0,0,0.000,1,0.5000,0.0550,-2.271,25.431
44.000,2.6763,1.0712,0.30052,18.0000,0.0000,1,ACCEPTED code=1; Nav2 goal accepted; status_seq=3,279,0.3928,3185,0,0,0,0.000,1,0.5000,0.0550,-2.271,25.431
44.200,2.6805,1.0727,0.29536,18.0000,0.0000,1,ACCEPTED code=1; Nav2 goal accepted; status_seq=3,281,0.4098,3185,0,0,0,0.000,1,0.5000,0.0550,-2.271,25.431
44.401,2.6805,1.0727,0.29536,18.0000,0.0000,1,ACCEPTED code=1; Nav2 goal accepted; status_seq=3,283,0.4098,3185,0,0,0,0.000,1,0.5000,0.0550,-2.271,25.431
44.601,2.6805,1.0727,0.29536,18.0000,0.0000,1,ACCEPTED code=1; Nav2 goal accepted; status_seq=3,285,0.4098,3151,0,0,0,0.000,1,0.5000,0.0550,-2.271,25.431
44.800,2.6805,1.0727,0.29536,18.0000,0.0000,1,ACCEPTED code=1; Nav2 goal accepted; status_seq=3,287,0.4098,3151,0,0,0,0.000,0,0.5000,0.0550,24.062,63.438
45.001,2.6805,1.0727,0.29536,18.0000,0.0000,1,ACCEPTED code=1; Nav2 goal accepted; status_seq=3,289,0.4098,3151,0,0,0,0.000,0,0.5000,0.0550,24.062,63.438
45.200,2.6805,1.0727,0.29536,18.0000,0.0000,1,ACCEPTED code=1; Nav2 goal accepted; status_seq=3,291,0.4098,3151,0,0,0,0.000,0,0.5000,0.0550,24.062,63.438
45.401,3.1749,0.9610,0.35561,18.0000,0.0000,1,ACCEPTED code=1; Nav2 goal accepted; status_seq=3,293,0.9548,3151,0,0,0,0.000,0,0.5000,0.0550,24.062,63.438
45.600,3.1720,0.9595,0.35561,18.0000,0.0000,1,ACCEPTED code=1; Nav2 goal accepted; status_seq=3,295,0.9107,3151,0,0,0,0.000,0,0.5000,0.0550,24.062,63.438
45.800,3.1720,0.9595,0.35561,18.0000,0.0000,1,ACCEPTED code=1; Nav2 goal accepted; status_seq=3,297,0.9107,3151,0,0,0,0.000,0,0.5000,0.0550,24.062,63.438
46.000,3.1720,0.9595,0.35561,18.0000,0.0000,1,ACCEPTED code=1; Nav2 goal accepted; status_seq=3,299,0.9107,2836,0,0,0,0.000,0,0.5000,0.0550,24.062,63.438
46.201,3.3253,1.2638,0.38012,18.0000,0.0000,1,ACCEPTED code=1; Nav2 goal accepted; status_seq=3,301,1.0220,2836,0,0,0,0.000,0,0.5000,0.0550,24.062,63.438
46.401,3.3416,1.3289,0.38699,18.0000,0.0000,1,ACCEPTED code=1; Nav2 goal accepted; status_seq=3,303,0.9585,2836,0,0,0,0.000,0,0.5000,0.0550,24.062,63.438
46.600,3.3416,1.3289,0.38699,18.0000,0.0000,1,ACCEPTED code=1; Nav2 goal accepted; status_seq=3,305,0.9585,2836,0,0,0,0.000,0,0.5000,0.0550,24.062,63.438
46.800,3.3416,1.3289,0.38699,18.0000,0.0000,1,ACCEPTED code=1; Nav2 goal accepted; status_seq=3,307,0.9585,2836,0,0,0,0.000,0,0.5000,0.0550,24.062,63.438
47.000,3.3416,1.3289,0.38699,18.0000,0.0000,1,ACCEPTED code=1; Nav2 goal accepted; status_seq=3,309,0.9585,2836,0,0,0,0.000,0,0.5000,0.0550,24.062,63.438
47.200,3.3416,1.3289,0.38699,18.0000,0.0000,1,ACCEPTED code=1; Nav2 goal accepted; status_seq=3,311,0.9585,2797,0,0,0,0.000,0,0.5000,0.0550,24.062,63.438
47.400,3.3416,1.3289,0.38699,18.0000,0.0000,1,ACCEPTED code=1; Nav2 goal accepted; status_seq=3,315,0.0002,2797,0,0,0,0.000,0,0.5000,0.0550,24.062,63.438
47.600,3.3416,1.3289,0.38699,18.0000,0.0000,1,ACCEPTED code=1; Nav2 goal accepted; status_seq=3,317,0.0002,2797,0,0,0,0.000,0,0.6000,0.0450,37.944,75.744
47.801,3.7687,1.9014,0.45539,18.0000,0.0000,1,ACCEPTED code=1; Nav2 goal accepted; status_seq=3,319,0.7141,2797,0,0,0,0.000,0,0.5000,0.0350,29.050,58.450
48.000,3.7687,1.9014,0.45539,18.0000,0.0000,1,ACCEPTED code=1; Nav2 goal accepted; status_seq=3,321,0.7141,2797,0,0,0,0.000,0,0.5000,0.0250,33.250,54.250
48.200,3.9503,2.0073,0.47497,18.0000,0.0000,1,ACCEPTED code=1; Nav2 goal accepted; status_seq=3,323,0.9096,3290,0,0,0,0.000,0,0.5000,0.0150,36.400,51.100
48.401,3.9503,2.0073,0.47497,18.0000,0.0000,1,ACCEPTED code=1; Nav2 goal accepted; status_seq=3,325,0.9113,3290,0,0,0,0.000,0,0.5000,0.0050,41.650,45.850
48.600,4.1347,2.0636,0.49339,18.0000,0.0000,1,ACCEPTED code=1; Nav2 goal accepted; status_seq=3,327,1.0846,3290,0,0,0,0.000,0,0.5000,-0.0050,45.850,41.650
48.801,4.2706,2.0228,0.50356,18.0000,0.0000,1,ACCEPTED code=1; Nav2 goal accepted; status_seq=3,329,0.9421,3290,0,0,0,0.000,0,0.5000,-0.0150,50.050,37.450
49.001,4.2897,2.0202,0.49634,18.0000,0.0000,1,ACCEPTED code=1; Nav2 goal accepted; status_seq=3,331,0.9249,3290,0,0,0,0.000,0,0.5000,-0.0250,54.250,33.250
49.200,4.2897,2.0202,0.49634,18.0000,0.0000,1,ACCEPTED code=1; Nav2 goal accepted; status_seq=3,333,0.9249,3290,0,0,0,0.000,0,0.5000,-0.0350,57.400,30.100
49.400,4.4331,2.0742,0.51360,18.0000,0.0000,1,ACCEPTED code=1; Nav2 goal accepted; status_seq=3,335,0.7926,3077,0,0,0,0.000,0,0.5000,-0.0450,61.600,25.900
49.600,4.5228,2.0453,0.50429,18.0000,0.0000,1,ACCEPTED code=1; Nav2 goal accepted; status_seq=3,337,0.7064,3077,0,0,0,0.000,0,0.5000,-0.0550,63.438,24.062
49.800,4.6038,2.0474,0.50448,18.0000,0.0000,1,ACCEPTED code=1; Nav2 goal accepted; status_seq=3,339,0.6235,3077,0,0,0,0.000,0,0.5000,-0.0550,63.438,24.062
50.001,4.6442,2.0618,0.50622,18.0000,0.0000,1,ACCEPTED code=1; Nav2 goal accepted; status_seq=3,341,0.6000,3077,0,0,0,0.000,0,0.5000,-0.0550,63.438,24.062
50.200,4.6727,2.0610,0.50542,18.0000,0.0000,1,ACCEPTED code=1; Nav2 goal accepted; status_seq=3,343,0.5716,3077,0,0,0,0.000,0,0.5000,-0.0550,63.438,24.062
50.400,4.7083,2.0556,0.49346,18.0000,0.0000,1,ACCEPTED code=1; Nav2 goal accepted; status_seq=3,345,0.5369,3077,0,0,0,0.000,0,0.5000,-0.0550,63.438,24.062
50.600,4.7301,2.0541,0.49436,18.0000,0.0000,1,ACCEPTED code=1; Nav2 goal accepted; status_seq=3,347,0.5176,3027,0,0,0,0.000,0,0.5000,-0.0550,63.438,24.062
50.800,4.7301,2.0541,0.49436,18.0000,0.0000,1,ACCEPTED code=1; Nav2 goal accepted; status_seq=3,349,0.5176,3027,0,0,0,0.000,0,0.5000,-0.0550,63.438,24.062
51.000,4.7301,2.0541,0.49436,18.0000,0.0000,1,ACCEPTED code=1; Nav2 goal accepted; status_seq=3,351,0.5176,3027,0,0,0,0.000,0,0.5000,-0.0550,63.438,24.062
51.200,4.7301,2.0541,0.49436,18.0000,0.0000,1,ACCEPTED code=1; Nav2 goal accepted; status_seq=3,353,0.5176,3027,0,0,0,0.000,0,0.5000,-0.0550,63.438,24.062
51.401,5.1450,2.2566,0.46635,18.0000,0.0000,1,ACCEPTED code=1; Nav2 goal accepted; status_seq=3,355,0.4365,3027,0,0,0,0.000,0,0.5000,-0.0550,63.438,24.062
51.602,5.3223,2.3604,0.45309,18.0000,0.0000,1,ACCEPTED code=1; Nav2 goal accepted; status_seq=3,357,0.5508,2768,0,0,0,0.000,0,0.5000,-0.0550,63.438,24.062
51.801,5.4099,2.4148,0.45471,18.0000,0.0000,1,ACCEPTED code=1; Nav2 goal accepted; status_seq=3,359,0.6552,2768,0,0,0,0.000,0,0.5000,-0.0550,63.438,24.062
52.001,5.4279,2.4623,0.44625,18.0000,0.0000,1,ACCEPTED code=1; Nav2 goal accepted; status_seq=3,361,0.6785,2768,0,0,0,0.000,0,0.5000,-0.0550,63.438,24.062
52.200,5.4313,2.4643,0.44618,18.0000,0.0000,1,ACCEPTED code=1; Nav2 goal accepted; status_seq=3,363,0.6814,2768,0,0,0,0.000,0,0.5000,-0.0550,63.438,24.062
52.400,5.6085,2.6348,0.42460,18.0000,0.0000,1,ACCEPTED code=1; Nav2 goal accepted; status_seq=3,365,0.9113,2768,0,0,0,0.000,0,0.5000,-0.0550,63.438,24.062
52.600,5.6864,2.6953,0.41559,18.0000,0.0000,1,ACCEPTED code=1; Nav2 goal accepted; status_seq=3,367,1.0036,2768,0,0,0,0.000,0,0.5000,-0.0550,63.438,24.062
52.800,5.6864,2.7081,0.41470,18.0000,0.0000,1,ACCEPTED code=1; Nav2 goal accepted; status_seq=3,369,1.0104,2733,0,0,0,0.000,0,0.5000,-0.0550,63.438,24.062
53.000,5.8032,2.8089,0.40114,18.0000,0.0000,1,ACCEPTED code=1; Nav2 goal accepted; status_seq=3,371,1.1567,2733,0,0,0,0.000,0,0.5000,-0.0550,63.438,24.062
53.200,5.8032,2.8089,0.40114,18.0000,0.0000,1,ACCEPTED code=1; Nav2 goal accepted; status_seq=3,373,1.1567,2733,0,0,0,0.000,0,0.5000,-0.0550,63.438,24.062
53.401,5.9854,2.9166,0.38272,18.0000,0.0000,1,ACCEPTED code=1; Nav2 goal accepted; status_seq=3,375,1.3293,2733,0,0,0,0.000,0,0.5000,-0.0550,63.438,24.062
53.600,5.9871,2.9177,0.38258,18.0000,0.0000,1,ACCEPTED code=1; Nav2 goal accepted; status_seq=3,377,1.3329,2733,0,0,0,0.000,0,0.5000,-0.0550,63.438,24.062
53.801,5.9871,2.9177,0.38258,18.0000,0.0000,1,ACCEPTED code=1; Nav2 goal accepted; status_seq=3,379,1.3329,2733,0,0,0,0.000,0,0.5000,-0.0550,63.438,24.062
54.001,6.3429,3.0013,0.35251,18.0000,0.0000,1,ACCEPTED code=1; Nav2 goal accepted; status_seq=3,381,1.1174,2897,0,0,0,0.000,0,0.5000,-0.0550,63.438,24.062
54.201,6.3390,3.0199,0.35360,18.0000,0.0000,1,ACCEPTED code=1; Nav2 goal accepted; status_seq=3,385,0.3658,2897,0,0,0,0.000,0,0.5000,-0.0550,63.438,24.062
54.400,6.3390,3.0199,0.35360,18.0000,0.0000,1,ACCEPTED code=1; Nav2 goal accepted; status_seq=3,387,0.3658,2897,0,0,0,0.000,0,0.6000,-0.0450,75.744,37.944
54.601,6.6274,3.0403,0.32393,18.0000,0.0000,1,ACCEPTED code=1; Nav2 goal accepted; status_seq=3,389,0.6575,2897,0,0,0,0.000,0,0.6000,-0.0350,72.594,41.094
54.801,6.6851,3.0463,0.32249,18.0000,0.0000,1,ACCEPTED code=1; Nav2 goal accepted; status_seq=3,391,0.7085,2897,0,0,0,0.000,0,0.6000,-0.0250,67.344,46.344
55.002,6.6851,3.0463,0.32249,18.0000,0.0000,1,ACCEPTED code=1; Nav2 goal accepted; status_seq=3,393,0.7085,3128,0,0,0,0.000,0,0.6000,-0.0150,63.144,50.544
55.201,7.0099,3.0748,0.29762,18.0000,0.0000,1,ACCEPTED code=1; Nav2 goal accepted; status_seq=3,395,0.9286,3128,0,0,0,0.000,0,0.5738,-0.0050,55.377,51.177
55.400,7.0671,3.0775,0.29483,18.0000,0.0000,1,ACCEPTED code=1; Nav2 goal accepted; status_seq=3,397,0.8767,3128,0,0,0,0.000,0,0.5433,0.0050,47.146,51.346
55.600,7.0671,3.0775,0.29483,18.0000,0.0000,1,ACCEPTED code=1; Nav2 goal accepted; status_seq=3,399,0.8770,3128,0,0,0,0.000,0,0.5332,0.0150,42.687,53.187
55.801,7.2811,3.1092,0.28222,18.0000,0.0000,1,ACCEPTED code=1; Nav2 goal accepted; status_seq=3,401,0.6913,3128,0,0,0,0.000,0,0.5000,0.0250,34.300,53.200
56.000,7.2811,3.1092,0.28222,18.0000,0.0000,1,ACCEPTED code=1; Nav2 goal accepted; status_seq=3,403,0.6894,3128,0,0,0,0.000,0,0.5000,0.0350,29.050,58.450
56.200,7.3755,3.1373,0.27677,18.0000,0.0000,1,ACCEPTED code=1; Nav2 goal accepted; status_seq=3,405,0.5994,3128,0,0,0,0.000,0,0.5000,0.0450,24.850,62.650
56.400,7.3755,3.1373,0.27677,18.0000,0.0000,1,ACCEPTED code=1; Nav2 goal accepted; status_seq=3,407,0.6024,3128,0,0,0,0.000,0,0.5000,0.0550,24.062,63.438
56.600,7.3755,3.1373,0.27677,18.0000,0.0000,1,ACCEPTED code=1; Nav2 goal accepted; status_seq=3,409,0.6024,3128,0,0,0,0.000,0,0.5000,0.0550,24.062,63.438
56.800,7.4502,3.2230,0.28342,18.0000,0.0000,1,ACCEPTED code=1; Nav2 goal accepted; status_seq=3,411,0.4896,3024,0,0,0,0.000,0,0.5000,0.0550,24.062,63.438
57.000,7.5312,3.1944,0.28072,18.0000,0.0000,1,ACCEPTED code=1; Nav2 goal accepted; status_seq=3,413,0.4596,3024,0,0,0,0.000,0,0.5000,0.0550,24.062,63.438
57.200,7.5312,3.1944,0.28072,18.0000,0.0000,1,ACCEPTED code=1; Nav2 goal accepted; status_seq=3,415,0.4596,3024,0,0,0,0.000,0,0.5000,0.0550,24.062,63.438
57.401,7.7028,3.3384,0.30181,18.0000,0.0000,1,ACCEPTED code=1; Nav2 goal accepted; status_seq=3,417,0.2272,3024,0,0,0,0.000,0,0.5000,0.0550,24.062,63.438
57.600,7.8798,3.4567,0.30707,18.0000,0.0000,1,ACCEPTED code=1; Nav2 goal accepted; status_seq=3,419,0.1483,3024,0,0,0,0.000,0,0.5000,0.0550,24.062,63.438
57.801,8.0096,3.5519,0.31258,18.0000,0.0000,1,ACCEPTED code=1; Nav2 goal accepted; status_seq=3,421,0.2204,3024,0,0,0,0.000,0,0.5000,0.0550,24.062,63.438
58.000,8.1272,3.6404,0.31961,18.0000,0.0000,1,ACCEPTED code=1; Nav2 goal accepted; status_seq=3,423,0.3434,2841,0,0,0,0.000,0,0.5000,0.0550,24.062,63.438
58.200,8.1305,3.6451,0.31923,18.0000,0.0000,1,ACCEPTED code=1; Nav2 goal accepted; status_seq=3,425,0.3477,2841,0,0,0,0.000,0,0.5000,0.0550,24.062,63.438
58.400,8.1305,3.6451,0.31923,18.0000,0.0000,1,ACCEPTED code=1; Nav2 goal accepted; status_seq=3,427,0.3477,2841,0,0,0,0.000,0,0.5000,0.0550,24.062,63.438
58.600,8.1305,3.6451,0.31923,18.0000,0.0000,1,ACCEPTED code=1; Nav2 goal accepted; status_seq=3,429,0.3477,2841,0,0,0,0.000,0,0.5000,0.0550,24.062,63.438
58.801,8.4676,3.8228,0.34924,18.0000,0.0000,1,ACCEPTED code=1; Nav2 goal accepted; status_seq=3,431,0.7218,2841,0,0,0,0.000,0,0.5000,0.0550,24.062,63.438
59.001,8.5958,3.8910,0.36376,18.0000,0.0000,1,ACCEPTED code=1; Nav2 goal accepted; status_seq=3,435,0.5290,2763,0,0,0,0.000,0,0.5000,0.0550,24.062,63.438
59.200,8.6309,3.9085,0.36285,18.0000,0.0000,1,ACCEPTED code=1; Nav2 goal accepted; status_seq=3,437,0.5643,2763,0,0,0,0.000,0,0.5000,0.0550,24.062,63.438
59.401,8.6309,3.9085,0.36285,18.0000,0.0000,1,ACCEPTED code=1; Nav2 goal accepted; status_seq=3,439,0.5643,2763,0,0,0,0.000,0,0.5000,0.0550,24.062,63.438
59.600,8.6309,3.9085,0.36285,18.0000,0.0000,1,ACCEPTED code=1; Nav2 goal accepted; status_seq=3,441,0.5643,2763,0,0,0,0.000,0,0.5000,0.0550,24.062,63.438
59.800,8.6309,3.9085,0.36285,18.0000,0.0000,1,ACCEPTED code=1; Nav2 goal accepted; status_seq=3,443,0.5643,2763,0,0,0,0.000,0,0.5000,0.0550,24.062,63.438
60.000,8.6309,3.9085,0.36285,18.0000,0.0000,1,ACCEPTED code=1; Nav2 goal accepted; status_seq=3,445,0.5643,2763,0,0,0,0.000,0,0.5000,0.0550,24.062,63.438
60.200,9.2580,4.0955,0.41594,18.0000,0.0000,1,ACCEPTED code=1; Nav2 goal accepted; status_seq=3,447,0.8094,2701,0,0,0,0.000,0,0.5000,0.0550,24.062,63.438
60.402,9.3032,4.0888,0.42694,18.0000,0.0000,1,ACCEPTED code=1; Nav2 goal accepted; status_seq=3,449,0.8042,2701,0,0,0,0.000,0,0.5000,0.0550,24.062,63.438
60.601,9.3432,4.0878,0.42397,18.0000,0.0000,1,ACCEPTED code=1; Nav2 goal accepted; status_seq=3,451,0.7984,2701,0,0,0,0.000,0,0.5000,0.0550,24.062,63.438
60.800,9.4782,4.1090,0.43970,18.0000,0.0000,1,ACCEPTED code=1; Nav2 goal accepted; status_seq=3,453,0.7689,2701,0,0,0,0.000,0,0.5000,0.0550,24.062,63.438
61.000,9.5539,4.1184,0.44016,18.0000,0.0000,1,ACCEPTED code=1; Nav2 goal accepted; status_seq=3,455,0.7665,2701,0,0,0,0.000,0,0.5000,0.0550,24.062,63.438
61.200,9.5719,4.1203,0.44854,18.0000,0.0000,1,ACCEPTED code=1; Nav2 goal accepted; status_seq=3,457,0.7652,2351,0,0,0,0.000,0,0.5000,0.0550,24.062,63.438
61.400,9.7089,4.1727,0.46356,18.0000,0.0000,1,ACCEPTED code=1; Nav2 goal accepted; status_seq=3,459,0.7470,2351,0,0,0,0.000,0,0.5000,0.0550,24.062,63.438
61.600,9.8271,4.2171,0.48436,18.0000,0.0000,1,ACCEPTED code=1; Nav2 goal accepted; status_seq=3,461,0.7545,2351,0,0,0,0.000,0,0.5000,0.0550,24.062,63.438
61.800,9.8404,4.2248,0.47855,18.0000,0.0000,1,ACCEPTED code=1; Nav2 goal accepted; status_seq=3,463,0.7548,2351,0,0,0,0.000,0,0.5000,0.0550,24.062,63.438
62.001,9.9719,4.2848,0.49685,18.0000,0.0000,1,ACCEPTED code=1; Nav2 goal accepted; status_seq=3,465,0.7831,2351,0,0,0,0.000,0,0.5000,0.0550,24.062,63.438
62.201,10.0416,4.3263,0.50277,18.0000,0.0000,1,ACCEPTED code=1; Nav2 goal accepted; status_seq=3,467,0.8021,1900,0,0,0,0.000,0,0.5000,0.0550,24.062,63.438
62.400,10.0843,4.3518,0.50730,18.0000,0.0000,1,ACCEPTED code=1; Nav2 goal accepted; status_seq=3,469,0.8152,1900,0,0,0,0.000,0,0.5000,0.0550,24.062,63.438
62.600,10.1679,4.4072,0.51701,18.0000,0.0000,1,ACCEPTED code=1; Nav2 goal accepted; status_seq=3,471,0.8487,1900,0,0,0,0.000,0,0.5000,0.0550,24.062,63.438
62.800,10.1679,4.4072,0.51701,18.0000,0.0000,1,ACCEPTED code=1; Nav2 goal accepted; status_seq=3,473,0.8487,1900,0,0,0,0.000,0,0.5000,0.0550,24.062,63.438
63.001,10.3402,4.5278,0.53939,18.0000,0.0000,1,ACCEPTED code=1; Nav2 goal accepted; status_seq=3,475,0.9481,1900,0,0,0,0.000,0,0.5000,0.0550,24.062,63.438
63.200,10.3753,4.5526,0.54240,18.0000,0.0000,1,ACCEPTED code=1; Nav2 goal accepted; status_seq=3,477,0.9706,1497,0,0,0,0.000,0,0.5000,0.0550,24.062,63.438
63.401,10.5013,4.6469,0.55893,18.0000,0.0000,1,ACCEPTED code=1; Nav2 goal accepted; status_seq=3,479,1.0717,1497,0,0,0,0.000,0,0.5000,0.0550,24.062,63.438
63.600,10.5561,4.6826,0.56421,18.0000,0.0000,1,ACCEPTED code=1; Nav2 goal accepted; status_seq=3,481,1.1146,1497,0,0,0,0.000,0,0.5000,0.0550,24.062,63.438
63.800,10.5994,4.7090,0.56692,18.0000,0.0000,1,ACCEPTED code=1; Nav2 goal accepted; status_seq=3,485,0.3734,1497,0,0,0,0.000,0,0.5000,0.0550,24.062,63.438
64.001,10.7356,4.8030,0.58534,18.0000,0.0000,1,ACCEPTED code=1; Nav2 goal accepted; status_seq=3,487,0.5406,1497,0,0,0,0.000,0,0.5000,0.0550,24.062,63.438
64.201,10.7839,4.8326,0.58672,18.0000,0.0000,1,ACCEPTED code=1; Nav2 goal accepted; status_seq=3,489,0.5954,1497,0,0,0,0.000,0,0.5000,0.0550,24.062,63.438
64.400,10.7839,4.8326,0.58672,18.0000,0.0000,1,ACCEPTED code=1; Nav2 goal accepted; status_seq=3,491,0.5954,1317,0,0,0,0.000,0,0.5000,0.0550,24.062,63.438
64.600,10.9828,4.9401,0.60629,18.0000,0.0000,1,ACCEPTED code=1; Nav2 goal accepted; status_seq=3,493,0.8189,1317,0,0,0,0.000,0,0.5000,0.0550,24.062,63.438
64.800,11.0777,4.9507,0.62694,18.0000,0.0000,1,ACCEPTED code=1; Nav2 goal accepted; status_seq=3,495,0.8904,1317,0,0,0,0.000,0,0.5000,0.0550,24.062,63.438
65.000,11.1240,4.9319,0.61902,18.0000,0.0000,1,ACCEPTED code=1; Nav2 goal accepted; status_seq=3,497,0.9374,1317,0,0,0,0.000,0,0.5000,0.0550,24.062,63.438
65.201,11.2153,4.9465,0.63588,18.0000,0.0000,1,ACCEPTED code=1; Nav2 goal accepted; status_seq=3,499,1.0029,1317,0,0,0,0.000,0,0.5000,0.0550,24.062,63.438
65.400,11.2878,4.9850,0.63869,18.0000,0.0000,1,ACCEPTED code=1; Nav2 goal accepted; status_seq=3,501,0.9584,1317,0,0,0,0.000,0,0.5000,0.0550,24.062,63.438
65.600,11.4031,5.0271,0.66217,18.0000,0.0000,1,ACCEPTED code=1; Nav2 goal accepted; status_seq=3,503,0.9206,1224,0,0,0,0.000,0,0.5000,0.0550,24.062,63.438
65.801,11.4544,5.0945,0.66135,18.0000,0.0000,1,ACCEPTED code=1; Nav2 goal accepted; status_seq=3,505,0.8445,1224,0,0,0,0.000,0,0.5000,0.0550,24.062,63.438
66.001,11.5391,5.1440,0.66877,18.0000,0.0000,1,ACCEPTED code=1; Nav2 goal accepted; status_seq=3,507,0.8100,1224,0,0,0,0.000,0,0.5000,0.0550,24.062,63.438
66.201,11.6312,5.2235,0.68736,18.0000,0.0000,1,ACCEPTED code=1; Nav2 goal accepted; status_seq=3,509,0.7526,1224,0,0,0,0.000,0,0.5000,0.0550,24.062,63.438
66.401,11.7154,5.2866,0.69401,18.0000,0.0000,1,ACCEPTED code=1; Nav2 goal accepted; status_seq=3,511,0.7230,1224,0,0,0,0.000,0,0.5000,0.0550,24.062,63.438
66.600,11.7506,5.3243,0.69292,18.0000,0.0000,1,ACCEPTED code=1; Nav2 goal accepted; status_seq=3,513,0.7090,1224,0,0,0,0.000,0,0.5000,0.0550,24.062,63.438
66.800,11.7506,5.3243,0.69292,18.0000,0.0000,1,ACCEPTED code=1; Nav2 goal accepted; status_seq=3,515,0.7090,1224,0,0,0,0.000,0,0.5000,0.0550,24.062,63.438
67.000,11.7506,5.3243,0.69292,18.0000,0.0000,1,ACCEPTED code=1; Nav2 goal accepted; status_seq=3,517,0.7090,1150,0,0,0,0.000,0,0.5000,0.0550,24.062,63.438
67.200,12.0283,5.5945,0.73338,18.0000,0.0000,1,ACCEPTED code=1; Nav2 goal accepted; status_seq=3,519,0.7430,1150,0,0,0,0.000,0,0.5000,0.0550,24.062,63.438
67.400,12.0651,5.6227,0.73488,18.0000,0.0000,1,ACCEPTED code=1; Nav2 goal accepted; status_seq=3,521,0.7435,1150,0,0,0,0.000,0,0.5000,0.0550,24.062,63.438
67.601,12.1385,5.6817,0.75111,18.0000,0.0000,1,ACCEPTED code=1; Nav2 goal accepted; status_seq=3,523,0.7903,1150,0,0,0,0.000,0,0.5000,0.0550,24.062,63.438
67.800,12.2074,5.7240,0.75786,18.0000,0.0000,1,ACCEPTED code=1; Nav2 goal accepted; status_seq=3,525,0.8466,1150,0,0,0,0.000,0,0.5000,0.0550,24.062,63.438
68.000,12.2521,5.7474,0.76066,18.0000,0.0000,1,ACCEPTED code=1; Nav2 goal accepted; status_seq=3,527,0.8808,1150,0,0,0,0.000,0,0.5000,0.0550,24.062,63.438
68.200,12.2915,5.7707,0.76547,18.0000,0.0000,1,ACCEPTED code=1; Nav2 goal accepted; status_seq=3,529,0.9156,1040,0,0,0,0.000,0,0.5000,0.0550,24.062,63.438
68.400,12.2915,5.7707,0.76547,18.0000,0.0000,1,ACCEPTED code=1; Nav2 goal accepted; status_seq=3,533,0.1306,1040,0,0,0,0.000,0,0.5000,0.0550,24.062,63.438
68.600,12.4879,5.9303,0.79276,18.0000,0.0000,1,ACCEPTED code=1; Nav2 goal accepted; status_seq=3,535,0.3864,1040,0,0,0,0.000,0,0.5000,0.0550,24.062,63.438
68.800,12.5020,5.9336,0.79079,18.0000,0.0000,1,ACCEPTED code=1; Nav2 goal accepted; status_seq=3,537,0.3966,1040,0,0,0,0.000,0,0.5000,0.0550,24.062,63.438
69.000,12.5020,5.9336,0.79079,18.0000,0.0000,1,ACCEPTED code=1; Nav2 goal accepted; status_seq=3,539,0.3966,1040,0,0,0,0.000,0,0.5000,0.0550,24.062,63.438
69.201,12.7031,6.1750,0.82137,18.0000,0.0000,1,ACCEPTED code=1; Nav2 goal accepted; status_seq=3,541,0.7124,1040,0,0,0,0.000,0,0.5000,0.0550,24.062,63.438
69.400,12.7543,6.1651,0.82080,18.0000,0.0000,1,ACCEPTED code=1; Nav2 goal accepted; status_seq=3,543,0.7376,1040,0,0,0,0.000,0,0.5000,0.0550,24.062,63.438
69.600,12.7543,6.1651,0.82080,18.0000,0.0000,1,ACCEPTED code=1; Nav2 goal accepted; status_seq=3,545,0.7376,983,0,0,0,0.000,0,0.5000,0.0550,24.062,63.438
69.800,12.9528,6.3341,0.84494,18.0000,0.0000,1,ACCEPTED code=1; Nav2 goal accepted; status_seq=3,547,0.9859,983,0,0,0,0.000,0,0.5000,0.0550,24.062,63.438
70.000,12.9528,6.3341,0.84494,18.0000,0.0000,1,ACCEPTED code=1; Nav2 goal accepted; status_seq=3,549,0.9843,983,0,0,0,0.000,0,0.5000,0.0550,24.062,63.438
70.200,13.0816,6.4657,0.86701,18.0000,0.0000,1,ACCEPTED code=1; Nav2 goal accepted; status_seq=3,551,0.8659,983,0,0,0,0.000,0,0.5000,0.0550,24.062,63.438
70.400,13.1453,6.4864,0.87910,18.0000,0.0000,1,ACCEPTED code=1; Nav2 goal accepted; status_seq=3,553,0.8516,983,0,0,0,0.000,0,0.5000,0.0550,24.062,63.438
70.600,13.1770,6.5178,0.88254,18.0000,0.0000,1,ACCEPTED code=1; Nav2 goal accepted; status_seq=3,555,0.8215,983,0,0,0,0.000,0,0.5000,0.0550,24.062,63.438
70.800,13.2389,6.5779,0.89263,18.0000,0.0000,1,ACCEPTED code=1; Nav2 goal accepted; status_seq=3,557,0.7785,983,0,0,0,0.000,0,0.5000,0.0550,24.062,63.438
71.000,13.3082,6.6776,0.91005,18.0000,0.0000,1,ACCEPTED code=1; Nav2 goal accepted; status_seq=3,559,0.7137,983,0,0,0,0.000,0,0.5000,0.0550,24.062,63.438
71.200,13.3507,6.7666,0.91392,18.0000,0.0000,1,ACCEPTED code=1; Nav2 goal accepted; status_seq=3,561,0.6434,1018,0,0,0,0.000,0,0.5000,0.0550,24.062,63.438
71.400,13.4038,6.8526,0.92615,18.0000,0.0000,1,ACCEPTED code=1; Nav2 goal accepted; status_seq=3,563,0.6084,1018,0,0,0,0.000,0,0.5000,0.0550,24.062,63.438
71.600,13.4357,6.8972,0.92572,18.0000,0.0000,1,ACCEPTED code=1; Nav2 goal accepted; status_seq=3,565,0.6000,1018,0,0,0,0.000,0,0.5000,0.0550,24.062,63.438
71.801,13.4893,6.9635,0.93744,18.0000,0.0000,1,ACCEPTED code=1; Nav2 goal accepted; status_seq=3,567,0.5960,1018,0,0,0,0.000,0,0.5000,0.0550,24.062,63.438
72.001,13.5376,7.0347,0.94617,18.0000,0.0000,1,ACCEPTED code=1; Nav2 goal accepted; status_seq=3,569,0.6043,1018,0,0,0,0.000,0,0.5000,0.0550,24.062,63.438
72.200,13.5382,7.0364,0.94621,18.0000,0.0000,1,ACCEPTED code=1; Nav2 goal accepted; status_seq=3,571,0.5998,954,0,0,0,0.000,0,0.5000,0.0550,24.062,63.438
72.400,13.5382,7.0364,0.94621,18.0000,0.0000,1,ACCEPTED code=1; Nav2 goal accepted; status_seq=3,573,0.5998,954,0,0,0,0.000,0,0.5000,0.0550,24.062,63.438
72.600,13.5382,7.0364,0.94621,18.0000,0.0000,1,ACCEPTED code=1; Nav2 goal accepted; status_seq=3,575,0.5998,954,0,0,0,0.000,0,0.5000,0.0550,24.062,63.438
72.801,13.7861,7.3861,0.98825,18.0000,0.0000,1,ACCEPTED code=1; Nav2 goal accepted; status_seq=3,579,0.4316,954,0,0,0,0.000,0,0.5000,0.0550,24.062,63.438
73.000,13.8292,7.4247,0.99218,18.0000,0.0000,1,ACCEPTED code=1; Nav2 goal accepted; status_seq=3,581,0.4850,954,0,0,0,0.000,0,0.5000,0.0550,24.062,63.438
73.201,13.8292,7.4247,0.99218,18.0000,0.0000,1,ACCEPTED code=1; Nav2 goal accepted; status_seq=3,583,0.4850,954,0,0,0,0.000,0,0.5000,0.0550,24.062,63.438
73.400,13.8292,7.4247,0.99218,18.0000,0.0000,1,ACCEPTED code=1; Nav2 goal accepted; status_seq=3,585,0.4850,954,0,0,0,0.000,0,0.5000,0.0550,24.062,63.438
73.600,14.0285,7.6594,1.02839,18.0000,0.0000,1,ACCEPTED code=1; Nav2 goal accepted; status_seq=3,587,0.7923,923,0,0,0,0.000,0,0.5000,0.0550,24.062,63.438
73.800,14.1366,7.7065,1.03783,18.0000,0.0000,1,ACCEPTED code=1; Nav2 goal accepted; status_seq=3,589,0.9036,923,0,0,0,0.000,0,0.5000,0.0550,24.062,63.438
74.001,14.2204,7.7687,1.04336,18.0000,0.0000,1,ACCEPTED code=1; Nav2 goal accepted; status_seq=3,591,1.0026,923,0,0,0,0.000,0,0.5000,0.0550,24.062,63.438
74.201,14.2929,7.8304,1.05555,18.0000,0.0000,1,ACCEPTED code=1; Nav2 goal accepted; status_seq=3,593,0.9621,923,0,0,0,0.000,0,0.5000,0.0550,24.062,63.438
74.400,14.3346,7.8691,1.06005,18.0000,0.0000,1,ACCEPTED code=1; Nav2 goal accepted; status_seq=3,595,0.9365,923,0,0,0,0.000,0,0.5000,0.0550,24.062,63.438
74.601,14.3346,7.8690,1.06007,18.0000,0.0000,1,ACCEPTED code=1; Nav2 goal accepted; status_seq=3,597,0.9352,923,0,0,0,0.000,0,0.5000,0.0550,24.062,63.438
74.801,14.4820,8.0248,1.08098,18.0000,0.0000,1,ACCEPTED code=1; Nav2 goal accepted; status_seq=3,599,0.8629,873,0,0,0,0.000,0,0.5000,0.0550,24.062,63.438
75.001,14.5104,8.0800,1.08668,18.0000,0.0000,1,ACCEPTED code=1; Nav2 goal accepted; status_seq=3,601,0.8120,873,0,0,0,0.000,0,0.5000,0.0550,24.062,63.438
75.200,14.5505,8.1741,1.09447,18.0000,0.0000,1,ACCEPTED code=1; Nav2 goal accepted; status_seq=3,603,0.7622,873,0,0,0,0.000,0,0.5000,0.0550,24.062,63.438
75.401,14.5579,8.1855,1.09205,18.0000,0.0000,1,ACCEPTED code=1; Nav2 goal accepted; status_seq=3,605,0.7568,873,0,0,0,0.000,0,0.5000,0.0550,24.062,63.438
75.600,14.6402,8.3487,1.11566,18.0000,0.0000,1,ACCEPTED code=1; Nav2 goal accepted; status_seq=3,607,0.7035,873,0,0,0,0.000,0,0.5000,0.0550,24.062,63.438
75.801,14.6699,8.4552,1.12885,18.0000,0.0000,1,ACCEPTED code=1; Nav2 goal accepted; status_seq=3,609,0.6705,908,0,0,0,0.000,0,0.5000,0.0550,24.062,63.438
76.000,14.6951,8.5227,1.12615,18.0000,0.0000,1,ACCEPTED code=1; Nav2 goal accepted; status_seq=3,611,0.6675,908,0,0,0,0.000,0,0.5000,0.0550,24.062,63.438
76.201,14.7101,8.5703,1.13206,18.0000,0.0000,1,ACCEPTED code=1; Nav2 goal accepted; status_seq=3,613,0.6657,908,0,0,0,0.000,0,0.5000,0.0550,24.062,63.438
76.401,14.7456,8.7005,1.15122,18.0000,0.0000,1,ACCEPTED code=1; Nav2 goal accepted; status_seq=3,615,0.6818,908,0,0,0,0.000,0,0.5000,0.0550,24.062,63.438
76.600,14.7802,8.7807,1.16297,18.0000,0.0000,1,ACCEPTED code=1; Nav2 goal accepted; status_seq=3,617,0.7181,908,0,0,0,0.000,0,0.5000,0.0550,24.062,63.438
76.800,14.7879,8.8610,1.16544,18.0000,0.0000,1,ACCEPTED code=1; Nav2 goal accepted; status_seq=3,619,0.7246,908,0,0,0,0.000,0,0.5000,0.0550,24.062,63.438
77.000,14.7945,8.8684,1.16515,18.0000,0.0000,1,ACCEPTED code=1; Nav2 goal accepted; status_seq=3,623,0.0781,908,0,0,0,0.000,0,0.5000,0.0550,24.062,63.438
77.201,14.7945,8.8684,1.16515,18.0000,0.0000,1,ACCEPTED code=1; Nav2 goal accepted; status_seq=3,625,0.0781,865,0,0,0,0.000,0,0.5000,0.0550,24.062,63.438
77.400,14.8798,9.1468,1.19625,18.0000,0.0000,1,ACCEPTED code=1; Nav2 goal accepted; status_seq=3,627,0.3723,865,0,0,0,0.000,0,0.5000,0.0550,24.062,63.438
77.601,14.9058,9.1994,1.20222,18.0000,0.0000,1,ACCEPTED code=1; Nav2 goal accepted; status_seq=3,629,0.4291,865,0,0,0,0.000,0,0.5000,0.0550,24.062,63.438
77.800,14.9521,9.3060,1.21467,18.0000,0.0000,1,ACCEPTED code=1; Nav2 goal accepted; status_seq=3,631,0.5463,865,0,0,0,0.000,0,0.5000,0.0550,24.062,63.438
78.000,14.9655,9.3233,1.21348,18.0000,0.0000,1,ACCEPTED code=1; Nav2 goal accepted; status_seq=3,633,0.5641,865,0,0,0,0.000,0,0.5000,0.0550,24.062,63.438
78.200,15.0331,9.4360,1.22804,18.0000,0.0000,1,ACCEPTED code=1; Nav2 goal accepted; status_seq=3,635,0.6972,891,0,0,0,0.000,0,0.5000,0.0550,24.062,63.438
78.400,15.0627,9.4710,1.23389,18.0000,0.0000,1,ACCEPTED code=1; Nav2 goal accepted; status_seq=3,637,0.7375,891,0,0,0,0.000,0,0.5000,0.0550,24.062,63.438
78.601,15.1190,9.5623,1.24705,18.0000,0.0000,1,ACCEPTED code=1; Nav2 goal accepted; status_seq=3,639,0.8452,891,0,0,0,0.000,0,0.5000,0.0550,24.062,63.438
78.800,15.1190,9.5623,1.24705,18.0000,0.0000,1,ACCEPTED code=1; Nav2 goal accepted; status_seq=3,641,0.8437,891,0,0,0,0.000,0,0.5000,0.0550,24.062,63.438
79.000,15.1190,9.5623,1.24705,18.0000,0.0000,1,ACCEPTED code=1; Nav2 goal accepted; status_seq=3,643,0.8437,891,0,0,0,0.000,0,0.5000,0.0550,24.062,63.438
79.200,15.1190,9.5623,1.24705,18.0000,0.0000,1,ACCEPTED code=1; Nav2 goal accepted; status_seq=3,645,0.8437,830,0,0,0,0.000,0,0.5000,0.0550,24.062,63.438
79.400,15.3328,9.8483,1.28257,18.0000,0.0000,1,ACCEPTED code=1; Nav2 goal accepted; status_seq=3,647,0.9920,830,0,0,0,0.000,0,0.5000,0.0550,24.062,63.438
79.600,15.4002,9.9276,1.28732,18.0000,0.0000,1,ACCEPTED code=1; Nav2 goal accepted; status_seq=3,649,0.9806,830,0,0,0,0.000,0,0.5000,0.0550,24.062,63.438
79.800,15.4548,10.0201,1.30250,18.0000,0.0000,1,ACCEPTED code=1; Nav2 goal accepted; status_seq=3,651,0.9628,830,0,0,0,0.000,0,0.5000,0.0550,24.062,63.438
80.000,15.4548,10.0201,1.30250,18.0000,0.0000,1,ACCEPTED code=1; Nav2 goal accepted; status_seq=3,653,0.9623,830,0,0,0,0.000,0,0.5000,0.0550,24.062,63.438
80.200,15.4548,10.0201,1.30250,18.0000,0.0000,1,ACCEPTED code=1; Nav2 goal accepted; status_seq=3,655,0.9623,820,0,0,0,0.000,0,0.5000,0.0550,24.062,63.438
80.400,15.5810,10.3018,1.32701,18.0000,0.0000,1,ACCEPTED code=1; Nav2 goal accepted; status_seq=3,657,0.9414,820,0,0,0,0.000,0,0.5000,0.0550,24.062,63.438
80.601,15.6216,10.4434,1.34726,18.0000,0.0000,1,ACCEPTED code=1; Nav2 goal accepted; status_seq=3,659,0.9429,820,0,0,0,0.000,0,0.5000,0.0550,24.062,63.438
80.800,15.6128,10.4752,1.34658,18.0000,0.0000,1,ACCEPTED code=1; Nav2 goal accepted; status_seq=3,661,0.9327,820,0,0,0,0.000,0,0.5000,0.0550,24.062,63.438
81.000,15.6128,10.4752,1.34658,18.0000,0.0000,1,ACCEPTED code=1; Nav2 goal accepted; status_seq=3,663,0.9327,820,0,0,0,0.000,0,0.5000,0.0550,24.062,63.438
81.201,15.6128,10.4752,1.34658,18.0000,0.0000,1,ACCEPTED code=1; Nav2 goal accepted; status_seq=3,667,0.9327,820,0,0,0,0.000,0,0.5000,0.0550,24.062,63.438
81.400,15.6500,10.7974,1.37440,18.0000,0.0000,1,ACCEPTED code=1; Nav2 goal accepted; status_seq=3,669,0.3240,743,0,0,0,0.000,0,0.5000,0.0550,24.062,63.438
81.600,15.6505,10.9661,1.38950,18.0000,0.0000,1,ACCEPTED code=1; Nav2 goal accepted; status_seq=3,671,0.4915,743,0,0,0,0.000,0,0.5000,0.0550,24.062,63.438
81.800,15.6350,11.0634,1.39981,18.0000,0.0000,1,ACCEPTED code=1; Nav2 goal accepted; status_seq=3,673,0.5940,743,0,0,0,0.000,0,0.5000,0.0550,24.062,63.438
82.000,15.6444,11.0841,1.40529,18.0000,0.0000,1,ACCEPTED code=1; Nav2 goal accepted; status_seq=3,675,0.6091,743,0,0,0,0.000,0,0.5000,0.0550,24.062,63.438
82.200,15.6444,11.0841,1.40529,18.0000,0.0000,1,ACCEPTED code=1; Nav2 goal accepted; status_seq=3,677,0.6091,743,0,0,0,0.000,0,0.5000,0.0550,24.062,63.438
82.401,15.6347,11.4006,1.42519,18.0000,0.0000,1,ACCEPTED code=1; Nav2 goal accepted; status_seq=3,679,0.9358,743,0,0,0,0.000,0,0.5000,0.0550,24.062,63.438
82.600,15.6411,11.4451,1.43071,18.0000,0.0000,1,ACCEPTED code=1; Nav2 goal accepted; status_seq=3,681,0.9064,743,0,0,0,0.000,0,0.5000,0.0550,24.062,63.438
82.801,15.6411,11.4451,1.43071,18.0000,0.0000,1,ACCEPTED code=1; Nav2 goal accepted; status_seq=3,683,0.9067,743,0,0,0,0.000,0,0.5000,0.0550,24.062,63.438
83.000,15.6865,11.6371,1.45077,18.0000,0.0000,1,ACCEPTED code=1; Nav2 goal accepted; status_seq=3,685,0.7752,784,0,0,0,0.000,0,0.5000,0.0550,24.062,63.438
83.200,15.6863,11.6373,1.45078,18.0000,0.0000,1,ACCEPTED code=1; Nav2 goal accepted; status_seq=3,687,0.7700,784,0,0,0,0.000,0,0.5000,0.0550,24.062,63.438
83.401,15.6863,11.6373,1.45078,18.0000,0.0000,1,ACCEPTED code=1; Nav2 goal accepted; status_seq=3,689,0.7700,784,0,0,0,0.000,0,0.5000,0.0550,24.062,63.438
83.600,15.6863,11.6373,1.45078,18.0000,0.0000,1,ACCEPTED code=1; Nav2 goal accepted; status_seq=3,691,0.7700,784,0,0,0,0.000,0,0.5000,0.0550,24.062,63.438
83.801,15.8370,11.9478,1.49017,18.0000,0.0000,1,ACCEPTED code=1; Nav2 goal accepted; status_seq=3,693,0.6905,784,0,0,0,0.000,0,0.5000,0.0550,24.062,63.438
84.001,15.8870,12.0354,1.50422,18.0000,0.0000,1,ACCEPTED code=1; Nav2 goal accepted; status_seq=3,695,0.7149,725,0,0,0,0.000,0,0.5000,0.0550,24.062,63.438
84.200,15.9249,12.0933,1.52107,18.0000,0.0000,1,ACCEPTED code=1; Nav2 goal accepted; status_seq=3,697,0.7333,725,0,0,0,0.000,0,0.5000,0.0550,24.062,63.438
84.400,15.9425,12.1573,1.51564,18.0000,0.0000,1,ACCEPTED code=1; Nav2 goal accepted; status_seq=3,699,0.7425,725,0,0,0,0.000,0,0.5000,0.0550,24.062,63.438
84.600,15.9662,12.2075,1.52542,18.0000,0.0000,1,ACCEPTED code=1; Nav2 goal accepted; status_seq=3,701,0.7557,725,0,0,0,0.000,0,0.5000,0.0550,24.062,63.438
84.800,16.0020,12.2888,1.52922,18.0000,0.0000,1,ACCEPTED code=1; Nav2 goal accepted; status_seq=3,703,0.7914,725,0,0,0,0.000,0,0.5000,0.0550,24.062,63.438
85.000,16.0398,12.3916,1.55084,18.0000,0.0000,1,ACCEPTED code=1; Nav2 goal accepted; status_seq=3,705,0.8355,651,0,0,0,0.000,0,0.5000,0.0550,24.062,63.438
85.200,16.0393,12.4277,1.55008,18.0000,0.0000,1,ACCEPTED code=1; Nav2 goal accepted; status_seq=3,707,0.8483,651,0,0,0,0.000,0,0.5000,0.0550,24.062,63.438
85.400,16.0406,12.5860,1.56660,18.0000,0.0000,1,ACCEPTED code=1; Nav2 goal accepted; status_seq=3,711,0.8976,651,0,0,0,0.000,0,0.5000,0.0550,24.062,63.438
85.600,16.0413,12.5842,1.56741,18.0000,0.0000,1,ACCEPTED code=1; Nav2 goal accepted; status_seq=3,713,0.1570,651,0,0,0,0.000,0,0.5000,0.0550,24.062,63.438
85.800,16.0413,12.5842,1.56741,18.0000,0.0000,1,ACCEPTED code=1; Nav2 goal accepted; status_seq=3,715,0.1570,651,0,0,0,0.000,0,0.5000,0.0550,24.062,63.438
86.000,16.0413,12.5842,1.56741,18.0000,0.0000,1,ACCEPTED code=1; Nav2 goal accepted; status_seq=3,717,0.1570,639,0,0,0,0.000,0,0.5000,0.0550,24.062,63.438
86.201,15.9852,13.0259,1.60415,18.0000,0.0000,1,ACCEPTED code=1; Nav2 goal accepted; status_seq=3,719,0.6122,639,0,0,0,0.000,0,0.5000,0.0550,24.062,63.438
86.400,15.9941,13.1068,1.61202,18.0000,0.0000,1,ACCEPTED code=1; Nav2 goal accepted; status_seq=3,721,0.6804,639,0,0,0,0.000,0,0.5000,0.0550,24.062,63.438
86.600,15.9632,13.2262,1.61456,18.0000,0.0000,1,ACCEPTED code=1; Nav2 goal accepted; status_seq=3,723,0.8075,639,0,0,0,0.000,0,0.5000,0.0550,24.062,63.438
86.801,15.9656,13.2307,1.61543,18.0000,0.0000,1,ACCEPTED code=1; Nav2 goal accepted; status_seq=3,725,0.8065,639,0,0,0,0.000,0,0.5000,0.0550,24.062,63.438
87.000,15.9330,13.4096,1.63028,18.0000,0.0000,1,ACCEPTED code=1; Nav2 goal accepted; status_seq=3,727,0.9114,639,0,0,0,0.000,0,0.5000,0.0550,24.062,63.438
87.200,15.9330,13.4096,1.63028,18.0000,0.0000,1,ACCEPTED code=1; Nav2 goal accepted; status_seq=3,729,0.9114,639,0,0,0,0.000,0,0.5000,0.0550,24.062,63.438
87.401,15.8279,13.7287,1.65887,18.0000,0.0000,1,ACCEPTED code=1; Nav2 goal accepted; status_seq=3,731,0.6068,731,0,0,0,0.000,0,0.5000,0.0550,24.062,63.438
87.600,15.8630,13.7380,1.65734,18.0000,0.0000,1,ACCEPTED code=1; Nav2 goal accepted; status_seq=3,733,0.6381,731,0,0,0,0.000,0,0.5000,0.0550,24.062,63.438
87.800,15.8595,13.8937,1.67112,18.0000,0.0000,1,ACCEPTED code=1; Nav2 goal accepted; status_seq=3,735,0.5647,731,0,0,0,0.000,0,0.5000,0.0550,24.062,63.438
88.000,15.8595,13.8937,1.67112,18.0000,0.0000,1,ACCEPTED code=1; Nav2 goal accepted; status_seq=3,737,0.5616,731,0,0,0,0.000,0,0.5000,0.0550,24.062,63.438
88.201,15.8927,14.0614,1.69714,18.0000,0.0000,1,ACCEPTED code=1; Nav2 goal accepted; status_seq=3,739,0.5586,731,0,0,0,0.000,0,0.5000,0.0550,24.062,63.438
88.400,15.9131,14.1205,1.70660,18.0000,0.0000,1,ACCEPTED code=1; Nav2 goal accepted; status_seq=3,741,0.5763,731,0,0,0,0.000,0,0.5000,0.0550,24.062,63.438
88.600,15.9275,14.1287,1.71146,18.0000,0.0000,1,ACCEPTED code=1; Nav2 goal accepted; status_seq=3,743,0.5915,731,0,0,0,0.000,0,0.5000,0.0550,24.062,63.438
88.800,15.9663,14.2511,1.71649,18.0000,0.0000,1,ACCEPTED code=1; Nav2 goal accepted; status_seq=3,745,0.6476,646,0,0,0,0.000,0,0.5000,0.0550,24.062,63.438
89.000,15.9663,14.2511,1.71649,18.0000,0.0000,1,ACCEPTED code=1; Nav2 goal accepted; status_seq=3,747,0.6476,646,0,0,0,0.000,0,0.5000,0.0550,24.062,63.438
89.201,15.9978,14.4126,1.73885,18.0000,0.0000,1,ACCEPTED code=1; Nav2 goal accepted; status_seq=3,749,0.7369,646,0,0,0,0.000,0,0.5000,0.0550,24.062,63.438
89.401,16.0011,14.4165,1.73558,18.0000,0.0000,1,ACCEPTED code=1; Nav2 goal accepted; status_seq=3,751,0.7359,646,0,0,0,0.000,0,0.5000,0.0550,24.062,63.438
89.600,16.0078,14.5456,1.74974,18.0000,0.0000,1,ACCEPTED code=1; Nav2 goal accepted; status_seq=3,755,0.8088,646,0,0,0,0.000,0,0.5000,0.0550,24.062,63.438
89.800,16.0144,14.6245,1.76429,18.0000,0.0000,1,ACCEPTED code=1; Nav2 goal accepted; status_seq=3,757,0.2084,475,0,0,0,0.000,0,0.5000,0.0550,24.062,63.438
90.000,16.0190,14.6493,1.77176,18.0000,0.0000,1,ACCEPTED code=1; Nav2 goal accepted; status_seq=3,759,0.2338,475,0,0,0,0.000,0,0.5000,0.0550,24.062,63.438
90.200,16.0190,14.6493,1.77176,18.0000,0.0000,1,ACCEPTED code=1; Nav2 goal accepted; status_seq=3,761,0.2338,475,0,0,0,0.000,0,0.5000,0.0550,24.062,63.438
90.400,16.0003,14.8097,1.77496,18.0000,0.0000,1,ACCEPTED code=1; Nav2 goal accepted; status_seq=3,763,0.3960,475,0,0,0,0.000,0,0.5000,0.0550,24.062,63.438
90.600,15.9987,14.8406,1.79236,18.0000,0.0000,1,ACCEPTED code=1; Nav2 goal accepted; status_seq=3,765,0.4245,475,0,0,0,0.000,0,0.5000,0.0550,24.062,63.438
90.800,15.9466,15.0571,1.81286,18.0000,0.0000,1,ACCEPTED code=1; Nav2 goal accepted; status_seq=3,767,0.6442,475,0,0,0,0.000,0,0.5000,0.0550,24.062,63.438
91.001,15.8933,15.2350,1.82515,18.0000,0.0000,1,ACCEPTED code=1; Nav2 goal accepted; status_seq=3,769,0.8269,456,0,0,0,0.000,0,0.5000,0.0550,24.062,63.438
91.201,15.8940,15.2371,1.81561,18.0000,0.0000,1,ACCEPTED code=1; Nav2 goal accepted; status_seq=3,771,0.8280,456,0,0,0,0.000,0,0.5000,0.0550,24.062,63.438
91.400,15.7999,15.4676,1.84099,18.0000,0.0000,1,ACCEPTED code=1; Nav2 goal accepted; status_seq=3,773,0.9124,456,0,0,0,0.000,0,0.5000,0.0550,24.062,63.438
91.601,15.8001,15.4677,1.83575,18.0000,0.0000,1,ACCEPTED code=1; Nav2 goal accepted; status_seq=3,775,0.9127,456,0,0,0,0.000,0,0.5000,0.0550,24.062,63.438
91.800,15.8001,15.4677,1.83575,18.0000,0.0000,1,ACCEPTED code=1; Nav2 goal accepted; status_seq=3,777,0.9127,456,0,0,0,0.000,0,0.5000,0.0550,24.062,63.438
92.000,15.8001,15.4677,1.83575,18.0000,0.0000,1,ACCEPTED code=1; Nav2 goal accepted; status_seq=3,779,0.9127,456,0,0,0,0.000,0,0.5000,0.0550,24.062,63.438
92.201,15.5089,15.9515,1.88011,18.0000,0.0000,1,ACCEPTED code=1; Nav2 goal accepted; status_seq=3,781,0.5118,626,0,0,0,0.000,0,0.5000,0.0550,24.062,63.438
92.401,15.5160,15.9226,1.87722,18.0000,0.0000,1,ACCEPTED code=1; Nav2 goal accepted; status_seq=3,783,0.5002,626,0,0,0,0.000,0,0.5000,0.0550,24.062,63.438
92.600,15.4504,16.0739,1.90436,18.0000,0.0000,1,ACCEPTED code=1; Nav2 goal accepted; status_seq=3,785,0.4815,626,0,0,0,0.000,0,0.5000,0.0550,24.062,63.438
92.801,15.4823,16.1494,1.91394,18.0000,0.0000,1,ACCEPTED code=1; Nav2 goal accepted; status_seq=3,787,0.5114,626,0,0,0,0.000,0,0.5000,0.0550,24.062,63.438
93.001,15.4936,16.2165,1.91753,18.0000,0.0000,1,ACCEPTED code=1; Nav2 goal accepted; status_seq=3,789,0.5546,626,0,0,0,0.000,0,0.5000,0.0550,24.062,63.438
93.200,15.4949,16.2312,1.91117,18.0000,0.0000,1,ACCEPTED code=1; Nav2 goal accepted; status_seq=3,791,0.5599,626,0,0,0,0.000,0,0.5000,0.0550,24.062,63.438
93.400,15.5097,16.3211,1.93433,18.0000,0.0000,1,ACCEPTED code=1; Nav2 goal accepted; status_seq=3,793,0.6221,626,0,0,0,0.000,0,0.5000,0.0550,24.062,63.438
93.600,15.5097,16.3211,1.93433,18.0000,0.0000,1,ACCEPTED code=1; Nav2 goal accepted; status_seq=3,795,0.6224,549,0,0,0,0.000,0,0.5000,0.0550,24.062,63.438
93.800,15.5272,16.4798,1.95348,18.0000,0.0000,1,ACCEPTED code=1; Nav2 goal accepted; status_seq=3,799,0.1631,549,0,0,0,0.000,0,0.5000,0.0550,24.062,63.438
94.000,15.5326,16.5494,1.95535,18.0000,0.0000,1,ACCEPTED code=1; Nav2 goal accepted; status_seq=3,801,0.2410,549,0,0,0,0.000,0,0.5000,0.0550,24.062,63.438
94.201,15.5490,16.6727,1.97776,18.0000,0.0000,1,ACCEPTED code=1; Nav2 goal accepted; status_seq=3,803,0.3579,549,0,0,0,0.000,0,0.5000,0.0550,24.062,63.438
94.400,15.5418,16.6788,1.97446,18.0000,0.0000,1,ACCEPTED code=1; Nav2 goal accepted; status_seq=3,805,0.3591,549,0,0,0,0.000,0,0.5000,0.0550,24.062,63.438
94.601,15.5277,16.8458,1.99002,18.0000,0.0000,1,ACCEPTED code=1; Nav2 goal accepted; status_seq=3,807,0.5256,399,0,0,0,0.000,0,0.5000,0.0550,24.062,63.438
94.800,15.4988,16.8994,1.99129,18.0000,0.0000,1,ACCEPTED code=1; Nav2 goal accepted; status_seq=3,809,0.5801,399,0,0,0,0.000,0,0.5000,0.0550,24.062,63.438
95.000,15.4961,16.9066,1.99147,18.0000,0.0000,1,ACCEPTED code=1; Nav2 goal accepted; status_seq=3,811,0.5858,399,0,0,0,0.000,0,0.5000,0.0550,24.062,63.438
95.200,15.4012,17.0769,2.01442,18.0000,0.0000,1,ACCEPTED code=1; Nav2 goal accepted; status_seq=3,813,0.7665,399,0,0,0,0.000,0,0.5000,0.0550,24.062,63.438
95.400,15.4005,17.1044,2.01171,18.0000,0.0000,1,ACCEPTED code=1; Nav2 goal accepted; status_seq=3,813,0.7939,399,0,0,0,0.000,0,0.5000,0.0550,24.062,63.438
95.601,15.3229,17.2670,2.04496,18.0000,0.0000,1,ACCEPTED code=1; Nav2 goal accepted; status_seq=3,815,0.9643,407,0,0,0,0.000,0,0.5000,0.0550,24.062,63.438
95.801,15.2656,17.3841,2.04447,18.0000,0.0000,1,ACCEPTED code=1; Nav2 goal accepted; status_seq=3,817,1.0263,407,0,0,0,0.000,0,0.5000,0.0550,24.062,63.438
96.001,15.1839,17.4773,2.04941,18.0000,0.0000,1,ACCEPTED code=1; Nav2 goal accepted; status_seq=3,819,0.9270,407,0,0,0,0.000,0,0.5000,0.0550,24.062,63.438
96.200,15.1109,17.5827,2.06675,18.0000,0.0000,1,ACCEPTED code=1; Nav2 goal accepted; status_seq=3,821,0.8135,407,0,0,0,0.000,0,0.5000,0.0550,24.062,63.438
96.400,15.1155,17.6210,2.06582,18.0000,0.0000,1,ACCEPTED code=1; Nav2 goal accepted; status_seq=3,823,0.8392,407,0,0,0,0.000,0,0.5000,0.0550,24.062,63.438
96.600,15.1155,17.6210,2.06582,18.0000,0.0000,1,ACCEPTED code=1; Nav2 goal accepted; status_seq=3,825,0.8392,607,0,0,0,0.000,0,0.5000,0.0550,24.062,63.438
96.800,15.1155,17.6210,2.06582,18.0000,0.0000,1,ACCEPTED code=1; Nav2 goal accepted; status_seq=3,827,0.8392,607,0,0,0,0.000,0,0.5000,0.0550,24.062,63.438
97.000,14.6681,17.9404,2.09672,18.0000,0.0000,1,ACCEPTED code=1; Nav2 goal accepted; status_seq=3,829,0.4751,607,0,0,0,0.000,0,0.5000,0.0550,24.062,63.438
97.201,14.6825,17.9749,2.09138,18.0000,0.0000,1,ACCEPTED code=1; Nav2 goal accepted; status_seq=3,831,0.5228,607,0,0,0,0.000,0,0.5000,0.0550,24.062,63.438
97.401,14.5574,18.1360,2.10606,18.0000,0.0000,1,ACCEPTED code=1; Nav2 goal accepted; status_seq=3,833,0.5602,607,0,0,0,0.000,0,0.5000,0.0550,24.062,63.438
97.601,14.6369,18.1907,2.11349,18.0000,0.0000,1,ACCEPTED code=1; Nav2 goal accepted; status_seq=3,835,0.6528,607,0,0,0,0.000,0,0.5000,0.0550,24.062,63.438
97.801,14.6511,18.2289,2.13673,18.0000,0.0000,1,ACCEPTED code=1; Nav2 goal accepted; status_seq=3,837,0.6861,607,0,0,0,0.000,0,0.5000,0.0550,24.062,63.438
98.000,14.6511,18.2289,2.13673,18.0000,0.0000,1,ACCEPTED code=1; Nav2 goal accepted; status_seq=3,841,0.0046,702,0,0,0,0.000,0,0.5000,0.0550,24.062,63.438
98.200,14.6581,18.3859,2.16103,18.0000,0.0000,1,ACCEPTED code=1; Nav2 goal accepted; status_seq=3,843,0.1552,702,0,0,0,0.000,0,0.5000,0.0550,24.062,63.438
98.400,14.6514,18.3504,2.14979,18.0000,0.0000,1,ACCEPTED code=1; Nav2 goal accepted; status_seq=3,845,0.1218,702,0,0,0,0.000,0,0.5000,0.0550,24.062,63.438
98.600,14.6459,18.4626,2.17860,18.0000,0.0000,1,ACCEPTED code=1; Nav2 goal accepted; status_seq=3,847,0.2438,702,0,0,0,0.000,0,0.5000,0.0550,24.062,63.438
98.801,14.6459,18.4626,2.17860,18.0000,0.0000,1,ACCEPTED code=1; Nav2 goal accepted; status_seq=3,849,0.2336,702,0,0,0,0.000,0,0.5000,0.0547,24.062,63.438
99.000,14.6459,18.4626,2.17860,18.0000,0.0000,1,ACCEPTED code=1; Nav2 goal accepted; status_seq=3,851,0.2336,702,0,0,0,0.000,0,0.5000,0.0547,24.062,63.438
99.201,14.6459,18.4626,2.17860,18.0000,0.0000,1,ACCEPTED code=1; Nav2 goal accepted; status_seq=3,853,0.2336,702,0,0,0,0.000,0,0.5000,0.0547,24.062,63.438
99.400,14.6459,18.4626,2.17860,18.0000,0.0000,1,ACCEPTED code=1; Nav2 goal accepted; status_seq=3,855,0.2336,380,0,0,0,0.000,0,0.5000,0.0547,24.062,63.438
99.600,14.7028,18.9003,2.24465,18.0000,0.0000,1,ACCEPTED code=1; Nav2 goal accepted; status_seq=3,857,0.6733,380,0,0,0,0.000,0,0.5000,0.0547,24.062,63.438
99.800,14.5824,18.8307,2.22798,18.0000,0.0000,1,ACCEPTED code=1; Nav2 goal accepted; status_seq=3,859,0.6056,380,0,0,0,0.000,0,0.5000,0.0550,24.062,63.438
100.001,14.4752,18.9356,2.23993,18.0000,0.0000,1,ACCEPTED code=1; Nav2 goal accepted; status_seq=3,861,0.7264,380,0,0,0,0.000,0,0.5000,0.0550,24.062,63.438
100.201,14.3899,19.0553,2.24506,18.0000,0.0000,1,ACCEPTED code=1; Nav2 goal accepted; status_seq=3,863,0.8708,380,0,0,0,0.000,0,0.5000,0.0550,24.062,63.438
100.401,14.2765,19.1839,2.25183,18.0000,0.0000,1,ACCEPTED code=1; Nav2 goal accepted; status_seq=3,865,0.9954,380,0,0,0,0.000,0,0.5000,0.0550,24.062,63.438
100.600,14.1984,19.3628,2.26103,18.0000,0.0000,1,ACCEPTED code=1; Nav2 goal accepted; status_seq=3,867,0.8760,426,0,0,0,0.000,0,0.5000,0.0550,24.062,63.438
100.801,14.0993,19.4625,2.28523,18.0000,0.0000,1,ACCEPTED code=1; Nav2 goal accepted; status_seq=3,869,0.7406,426,0,0,0,0.000,0,0.5000,0.0550,24.062,63.438
101.000,14.0253,19.5626,2.29183,18.0000,0.0000,1,ACCEPTED code=1; Nav2 goal accepted; status_seq=3,871,0.6555,426,0,0,0,0.000,0,0.5000,0.0550,24.062,63.438
101.200,13.9280,19.6389,2.29109,18.0000,0.0000,1,ACCEPTED code=1; Nav2 goal accepted; status_seq=3,873,0.5579,426,0,0,0,0.000,0,0.5000,0.0550,24.062,63.438
101.400,13.9765,19.7009,2.29294,18.0000,0.0000,1,ACCEPTED code=1; Nav2 goal accepted; status_seq=3,875,0.6094,426,0,0,0,0.000,0,0.5000,0.0550,24.062,63.438
101.600,13.9765,19.7007,2.29246,18.0000,0.0000,1,ACCEPTED code=1; Nav2 goal accepted; status_seq=3,877,0.6136,733,0,0,0,0.000,0,0.5000,0.0550,24.062,63.438
101.800,13.9652,19.7890,2.31103,18.0000,0.0000,1,ACCEPTED code=1; Nav2 goal accepted; status_seq=3,879,0.6244,733,0,0,0,0.000,0,0.5000,0.0550,24.062,63.438
102.000,13.8875,19.8992,2.31721,18.0000,0.0000,1,ACCEPTED code=1; Nav2 goal accepted; status_seq=3,883,0.1349,733,0,0,0,0.000,0,0.5000,0.0550,24.062,63.438
102.200,13.8431,19.9251,2.35010,18.0000,0.0000,1,ACCEPTED code=1; Nav2 goal accepted; status_seq=3,885,0.1831,733,0,0,0,0.000,0,0.5000,0.0550,24.062,63.438
102.401,13.8588,19.8914,2.33418,18.0000,0.0000,1,ACCEPTED code=1; Nav2 goal accepted; status_seq=3,887,0.1489,733,0,0,0,0.000,0,0.5000,0.0550,24.062,63.438
102.601,13.5701,20.0135,2.35770,18.0000,0.0000,1,ACCEPTED code=1; Nav2 goal accepted; status_seq=3,889,0.4528,733,0,0,0,0.000,0,0.5000,0.0550,24.062,63.438
102.800,13.3516,20.0892,2.35711,18.0000,0.0000,1,ACCEPTED code=1; Nav2 goal accepted; status_seq=3,891,0.6759,732,0,0,0,0.000,0,0.5000,0.0550,24.062,63.438
103.001,13.2626,20.1858,2.38178,18.0000,0.0000,1,ACCEPTED code=1; Nav2 goal accepted; status_seq=3,893,0.7757,732,0,0,0,0.000,0,0.5000,0.0550,24.062,63.438
103.200,13.2713,20.2106,2.37298,18.0000,0.0000,1,ACCEPTED code=1; Nav2 goal accepted; status_seq=3,895,0.8084,732,0,0,0,0.000,0,0.5000,0.0550,24.062,63.438
103.400,13.2444,20.3250,2.40024,18.0000,0.0000,1,ACCEPTED code=1; Nav2 goal accepted; status_seq=3,897,0.9656,732,0,0,0,0.000,0,0.5000,0.0550,24.062,63.438
103.600,13.2444,20.3250,2.40024,18.0000,0.0000,1,ACCEPTED code=1; Nav2 goal accepted; status_seq=3,899,0.9560,732,0,0,0,0.000,0,0.5000,0.0550,24.062,63.438
103.800,13.2908,20.3865,2.40870,18.0000,0.0000,1,ACCEPTED code=1; Nav2 goal accepted; status_seq=3,901,0.9809,732,0,0,0,0.000,0,0.5000,0.0550,24.062,63.438
104.000,13.2930,20.3845,2.41865,18.0000,0.0000,1,ACCEPTED code=1; Nav2 goal accepted; status_seq=3,903,0.9824,732,0,0,0,0.000,0,0.5000,0.0550,24.062,63.438
104.200,13.2195,20.4517,2.42741,18.0000,0.0000,1,ACCEPTED code=1; Nav2 goal accepted; status_seq=3,905,0.8832,578,0,0,0,0.000,0,0.5000,0.0550,24.062,63.438
104.400,13.1800,20.5127,2.43058,18.0000,0.0000,1,ACCEPTED code=1; Nav2 goal accepted; status_seq=3,907,0.8451,578,0,0,0,0.000,0,0.5000,0.0550,24.062,63.438
104.600,13.1087,20.6148,2.43324,18.0000,0.0000,1,ACCEPTED code=1; Nav2 goal accepted; status_seq=3,909,0.7638,578,0,0,0,0.000,0,0.5000,0.0550,24.062,63.438
104.800,13.0558,20.6632,2.45745,18.0000,0.0000,1,ACCEPTED code=1; Nav2 goal accepted; status_seq=3,911,0.7137,578,0,0,0,0.000,0,0.5000,0.0550,24.062,63.438
105.000,13.0558,20.6632,2.45745,18.0000,0.0000,1,ACCEPTED code=1; Nav2 goal accepted; status_seq=3,913,0.7130,578,0,0,0,0.000,0,0.5000,0.0550,24.062,63.438
105.200,12.8160,20.9014,2.47543,18.0000,0.0000,1,ACCEPTED code=1; Nav2 goal accepted; status_seq=3,915,0.5338,587,0,0,0,0.000,0,0.5000,0.0550,24.062,63.438
105.401,12.7688,20.9640,2.47472,18.0000,0.0000,1,ACCEPTED code=1; Nav2 goal accepted; status_seq=3,917,0.5389,587,0,0,0,0.000,0,0.5000,0.0550,24.062,63.438
105.600,12.6446,21.0701,2.49061,18.0000,0.0000,1,ACCEPTED code=1; Nav2 goal accepted; status_seq=3,919,0.5373,587,0,0,0,0.000,0,0.5000,0.0550,24.062,63.438
105.801,12.5269,21.1724,2.50118,18.0000,0.0000,1,ACCEPTED code=1; Nav2 goal accepted; status_seq=3,921,0.5723,587,0,0,0,0.000,0,0.5000,0.0550,24.062,63.438
106.001,12.4305,21.2828,2.49660,18.0000,0.0000,1,ACCEPTED code=1; Nav2 goal accepted; status_seq=3,923,0.6560,587,0,0,0,0.000,0,0.5000,0.0550,24.062,63.438
106.201,12.4735,21.3086,2.53092,18.0000,0.0000,1,ACCEPTED code=1; Nav2 goal accepted; status_seq=3,927,0.1343,587,0,0,0,0.000,0,0.5000,0.0550,24.062,63.438
106.400,12.4606,21.3803,2.52928,18.0000,0.0000,1,ACCEPTED code=1; Nav2 goal accepted; status_seq=3,929,0.1995,808,0,0,0,0.000,0,0.5000,0.0550,24.062,63.438
106.600,12.4833,21.3653,2.53119,18.0000,0.0000,1,ACCEPTED code=1; Nav2 goal accepted; status_seq=3,931,0.1842,808,0,0,0,0.000,0,0.5000,0.0550,24.062,63.438
106.800,12.4833,21.3653,2.53119,18.0000,0.0000,1,ACCEPTED code=1; Nav2 goal accepted; status_seq=3,933,0.1842,808,0,0,0,0.000,0,0.5000,0.0550,24.062,63.438
107.001,12.3244,21.5661,2.56090,18.0000,0.0000,1,ACCEPTED code=1; Nav2 goal accepted; status_seq=3,935,0.5023,808,0,0,0,0.000,0,0.5000,0.0550,24.062,63.438
107.200,12.2250,21.5715,2.55982,18.0000,0.0000,1,ACCEPTED code=1; Nav2 goal accepted; status_seq=3,937,0.4896,808,0,0,0,0.000,0,0.5000,0.0550,24.062,63.438
107.400,12.1702,21.6115,2.57144,18.0000,0.0000,1,ACCEPTED code=1; Nav2 goal accepted; status_seq=3,939,0.5604,890,0,0,0,0.000,0,0.5000,0.0550,24.062,63.438
107.600,12.0602,21.6510,2.59919,18.0000,0.0000,1,ACCEPTED code=1; Nav2 goal accepted; status_seq=3,941,0.6803,890,0,0,0,0.000,0,0.5000,0.0550,24.062,63.438
107.800,11.9962,21.6934,2.59060,18.0000,0.0000,1,ACCEPTED code=1; Nav2 goal accepted; status_seq=3,943,0.7397,890,0,0,0,0.000,0,0.5000,0.0550,24.062,63.438
108.000,11.9962,21.6934,2.59060,18.0000,0.0000,1,ACCEPTED code=1; Nav2 goal accepted; status_seq=3,945,0.7343,890,0,0,0,0.000,0,0.5000,0.0550,24.062,63.438
108.201,11.7024,21.7774,2.60869,18.0000,0.0000,1,ACCEPTED code=1; Nav2 goal accepted; status_seq=3,947,0.9286,890,0,0,0,0.000,0,0.5000,0.0550,24.062,63.438
108.400,11.7024,21.7774,2.60869,18.0000,0.0000,1,ACCEPTED code=1; Nav2 goal accepted; status_seq=3,949,0.9273,890,0,0,0,0.000,0,0.5000,0.0550,24.062,63.438
108.601,11.5632,21.7226,2.62469,18.0000,0.0000,1,ACCEPTED code=1; Nav2 goal accepted; status_seq=3,951,0.7912,955,0,0,0,0.000,0,0.5000,0.0550,24.062,63.438
108.800,11.4930,21.7736,2.65236,18.0000,0.0000,1,ACCEPTED code=1; Nav2 goal accepted; status_seq=3,953,0.7222,955,0,0,0,0.000,0,0.5000,0.0550,24.062,63.438
109.001,11.4158,21.8707,2.64920,18.0000,0.0000,1,ACCEPTED code=1; Nav2 goal accepted; status_seq=3,955,0.6504,955,0,0,0,0.000,0,0.5000,0.0550,24.062,63.438
109.201,11.2823,22.0057,2.65129,18.0000,0.0000,1,ACCEPTED code=1; Nav2 goal accepted; status_seq=3,957,0.5560,955,0,0,0,0.000,0,0.5000,0.0550,24.062,63.438
109.401,11.2424,22.1116,2.65859,18.0000,0.0000,1,ACCEPTED code=1; Nav2 goal accepted; status_seq=3,959,0.6058,955,0,0,0,0.000,0,0.5000,0.0550,24.062,63.438
109.600,11.2424,22.1116,2.65859,18.0000,0.0000,1,ACCEPTED code=1; Nav2 goal accepted; status_seq=3,961,0.5892,955,0,0,0,0.000,0,0.5000,0.0550,24.062,63.438
109.800,11.0964,22.2328,2.69712,18.0000,0.0000,1,ACCEPTED code=1; Nav2 goal accepted; status_seq=3,963,0.5821,748,0,0,0,0.000,0,0.5000,0.0550,24.062,63.438
110.000,11.0548,22.2272,2.68936,18.0000,0.0000,1,ACCEPTED code=1; Nav2 goal accepted; status_seq=3,965,0.5520,748,0,0,0,0.000,0,0.5000,0.0550,24.062,63.438
110.201,10.9904,22.2614,2.70081,18.0000,0.0000,1,ACCEPTED code=1; Nav2 goal accepted; status_seq=3,969,0.0111,748,0,0,0,0.000,0,0.5000,0.0550,24.062,63.438
110.400,10.9421,22.3882,2.70573,18.0000,0.0000,1,ACCEPTED code=1; Nav2 goal accepted; status_seq=3,971,0.1204,748,0,0,0,0.000,0,0.5136,0.0545,24.998,65.904
110.601,10.8440,22.4144,2.73113,18.0000,0.0000,1,ACCEPTED code=1; Nav2 goal accepted; status_seq=3,973,0.1960,748,0,0,0,0.000,0,0.5000,0.0550,24.062,63.438
110.801,10.7836,22.4201,2.72396,18.0000,0.0000,1,ACCEPTED code=1; Nav2 goal accepted; status_seq=3,975,0.2492,748,0,0,0,0.000,0,0.5215,0.0545,25.545,67.345
111.000,10.7836,22.4201,2.72396,18.0000,0.0000,1,ACCEPTED code=1; Nav2 goal accepted; status_seq=3,977,0.2492,748,0,0,0,0.000,0,0.5076,0.0545,24.583,64.811
111.201,10.4218,22.5149,2.75019,18.0000,0.0000,1,ACCEPTED code=1; Nav2 goal accepted; status_seq=3,979,0.7028,975,0,0,0,0.000,0,0.5076,0.0545,24.583,64.811
111.400,10.4273,22.5513,2.74308,18.0000,0.0000,1,ACCEPTED code=1; Nav2 goal accepted; status_seq=3,981,0.6211,975,0,0,0,0.000,0,0.5108,0.0545,24.801,65.383
111.600,10.3661,22.6160,2.77390,18.0000,0.0000,1,ACCEPTED code=1; Nav2 goal accepted; status_seq=3,983,0.7090,975,0,0,0,0.000,0,0.5108,0.0545,24.801,65.383
111.801,10.3364,22.6664,2.76255,18.0000,0.0000,1,ACCEPTED code=1; Nav2 goal accepted; status_seq=3,985,0.7672,975,0,0,0,0.000,0,0.5405,0.0545,26.881,70.867
112.000,10.3697,22.7066,2.78046,18.0000,0.0000,1,ACCEPTED code=1; Nav2 goal accepted; status_seq=3,987,0.7561,975,0,0,0,0.000,0,0.5176,0.0545,25.269,66.618
112.200,10.3725,22.7134,2.78161,18.0000,0.0000,1,ACCEPTED code=1; Nav2 goal accepted; status_seq=3,989,0.7594,1097,0,0,0,0.000,0,0.5239,0.0545,25.714,67.790
112.400,10.2648,22.8284,2.80526,18.0000,0.0000,1,ACCEPTED code=1; Nav2 goal accepted; status_seq=3,991,0.9133,1097,0,0,0,0.000,0,0.5214,0.0545,25.536,67.322
112.601,10.1399,22.8717,2.80992,18.0000,0.0000,1,ACCEPTED code=1; Nav2 goal accepted; status_seq=3,993,1.0171,1097,0,0,0,0.000,0,0.5276,0.0545,25.974,68.476
112.800,10.0236,22.9633,2.80996,18.0000,0.0000,1,ACCEPTED code=1; Nav2 goal accepted; status_seq=3,995,0.9098,1097,0,0,0,0.000,0,0.5000,0.0550,24.062,63.438
113.000,9.9879,22.9449,2.83720,18.0000,0.0000,1,ACCEPTED code=1; Nav2 goal accepted; status_seq=3,997,0.8944,1097,0,0,0,0.000,0,0.5587,0.0545,28.356,74.174
113.200,9.9879,22.9449,2.83720,18.0000,0.0000,1,ACCEPTED code=1; Nav2 goal accepted; status_seq=3,999,0.8944,1097,0,0,0,0.000,0,0.5544,0.0545,27.884,73.512
113.401,9.6346,22.9502,2.85882,18.0000,0.0000,1,ACCEPTED code=1; Nav2 goal accepted; status_seq=3,1001,0.5645,1147,0,0,0,0.000,0,0.5544,0.0545,27.884,73.512
113.600,9.6079,22.9345,2.84503,18.0000,0.0000,1,ACCEPTED code=1; Nav2 goal accepted; status_seq=3,1003,0.5476,1147,0,0,0,0.000,0,0.5893,0.0545,32.465,78.284
113.800,9.3686,22.8887,2.88705,18.0000,0.0000,1,ACCEPTED code=1; Nav2 goal accepted; status_seq=3,1005,0.3331,1147,0,0,0,0.000,0,0.5893,0.0545,32.465,78.284
114.000,9.3527,22.9173,2.84434,18.0000,0.0000,1,ACCEPTED code=1; Nav2 goal accepted; status_seq=3,1007,0.3426,1147,0,0,0,0.000,0,0.6000,0.0502,35.743,77.945
114.200,9.3527,22.9173,2.84434,18.0000,0.0000,1,ACCEPTED code=1; Nav2 goal accepted; status_seq=3,1011,0.0039,1147,0,0,0,0.000,0,0.6000,0.0541,34.121,79.567
114.400,9.3527,22.9173,2.84434,18.0000,0.0000,1,ACCEPTED code=1; Nav2 goal accepted; status_seq=3,1013,0.0039,1147,0,0,0,0.000,0,0.6000,0.0441,38.321,75.367
114.601,9.0029,22.9384,2.90915,18.0000,0.0000,1,ACCEPTED code=1; Nav2 goal accepted; status_seq=3,1015,0.3496,1158,0,0,0,0.000,0,0.6000,0.0341,42.521,71.167
114.800,8.9954,22.9716,2.90185,18.0000,0.0000,1,ACCEPTED code=1; Nav2 goal accepted; status_seq=3,1017,0.3582,1158,0,0,0,0.000,0,0.6000,0.0241,45.671,68.017
115.001,8.7959,23.0812,2.97101,18.0000,0.0000,1,ACCEPTED code=1; Nav2 goal accepted; status_seq=3,1019,0.5765,1158,0,0,0,0.000,0,0.6000,0.0195,48.639,65.049
115.200,8.6671,23.1241,2.93700,18.0000,0.0000,1,ACCEPTED code=1; Nav2 goal accepted; status_seq=3,1021,0.7116,1158,0,0,0,0.000,0,0.6000,0.0134,51.206,62.482
115.400,8.5850,23.2195,2.94150,18.0000,0.0000,1,ACCEPTED code=1; Nav2 goal accepted; status_seq=3,1023,0.8232,1158,0,0,0,0.000,0,0.6000,0.0182,50.087,63.601
115.600,8.5794,23.2211,2.96804,18.0000,0.0000,1,ACCEPTED code=1; Nav2 goal accepted; status_seq=3,1025,0.8248,1277,0,0,0,0.000,0,0.6000,0.0147,50.684,63.004
115.800,8.2775,23.3322,2.97696,18.0000,0.0000,1,ACCEPTED code=1; Nav2 goal accepted; status_seq=3,1027,0.7332,1277,0,0,0,0.000,0,0.6000,0.0138,51.047,62.641
116.001,8.2012,23.3261,2.98140,18.0000,0.0000,1,ACCEPTED code=1; Nav2 goal accepted; status_seq=3,1029,0.6682,1277,0,0,0,0.000,0,0.6000,0.0138,49.997,63.691
116.201,7.9862,23.4042,2.97083,18.0000,0.0000,1,ACCEPTED code=1; Nav2 goal accepted; status_seq=3,1031,0.4413,1277,0,0,0,0.000,0,0.6000,0.0140,50.953,62.735
116.400,7.9317,23.4332,2.99196,18.0000,0.0000,1,ACCEPTED code=1; Nav2 goal accepted; status_seq=3,1033,0.3950,1277,0,0,0,0.000,0,0.6000,0.0148,50.637,63.051
116.600,7.8356,23.4821,2.97826,18.0000,0.0000,1,ACCEPTED code=1; Nav2 goal accepted; status_seq=3,1035,0.3072,1277,0,0,0,0.000,0,0.6000,0.0155,50.351,63.337
116.800,7.7864,23.5123,3.00892,18.0000,0.0000,1,ACCEPTED code=1; Nav2 goal accepted; status_seq=3,1037,0.2696,1258,0,0,0,0.000,0,0.6000,0.0165,49.915,63.773
117.000,7.6914,23.5314,2.97179,18.0000,0.0000,1,ACCEPTED code=1; Nav2 goal accepted; status_seq=3,1039,0.2010,1258,0,0,0,0.000,0,0.6000,0.0169,49.761,63.927
117.201,7.5260,23.5772,3.00030,18.0000,0.0000,1,ACCEPTED code=1; Nav2 goal accepted; status_seq=3,1041,0.1753,1258,0,0,0,0.000,0,0.6000,0.0240,46.778,66.910
117.400,7.5221,23.6045,2.99982,18.0000,0.0000,1,ACCEPTED code=1; Nav2 goal accepted; status_seq=3,1043,0.1996,1258,0,0,0,0.000,0,0.6000,0.0200,48.429,65.259
117.600,7.5221,23.6045,2.99982,18.0000,0.0000,1,ACCEPTED code=1; Nav2 goal accepted; status_seq=3,1045,0.1996,1258,0,0,0,0.000,0,0.6000,0.0200,48.429,65.259
117.800,7.2406,23.6832,3.01001,18.0000,0.0000,1,ACCEPTED code=1; Nav2 goal accepted; status_seq=3,1047,0.4080,1258,0,0,0,0.000,0,0.6000,0.0200,48.429,65.259
118.001,7.2473,23.7208,3.02232,18.0000,0.0000,1,ACCEPTED code=1; Nav2 goal accepted; status_seq=3,1049,0.4283,1258,0,0,0,0.000,0,0.6000,0.0241,46.735,66.953
118.200,7.0885,23.7368,3.00867,18.0000,0.0000,1,ACCEPTED code=1; Nav2 goal accepted; status_seq=3,1051,0.5709,1332,0,0,0,0.000,0,0.6000,0.0190,48.855,64.833
118.400,7.0340,23.7419,3.04045,18.0000,0.0000,1,ACCEPTED code=1; Nav2 goal accepted; status_seq=3,1055,0.0657,1332,0,0,0,0.000,0,0.6000,0.0287,45.860,67.828
118.601,6.9182,23.7238,3.00461,18.0000,0.0000,1,ACCEPTED code=1; Nav2 goal accepted; status_seq=3,1057,0.1875,1332,0,0,0,0.000,0,0.6000,0.0387,40.610,73.078
118.800,6.8249,23.7353,3.04201,18.0000,0.0000,1,ACCEPTED code=1; Nav2 goal accepted; status_seq=3,1059,0.2818,1332,0,0,0,0.000,0,0.6000,0.0461,37.479,76.209
119.001,6.7663,23.7193,3.04646,18.0000,0.0000,1,ACCEPTED code=1; Nav2 goal accepted; status_seq=3,1061,0.3386,1332,0,0,0,0.000,0,0.6000,0.0433,38.652,75.036
119.200,6.6428,23.7380,3.01277,18.0000,0.0000,1,ACCEPTED code=1; Nav2 goal accepted; status_seq=3,1063,0.4600,1332,0,0,0,0.000,0,0.6000,0.0431,38.737,74.951
119.400,6.5770,23.7405,3.05540,18.0000,0.0000,1,ACCEPTED code=1; Nav2 goal accepted; status_seq=3,1065,0.5325,1487,0,0,0,0.000,0,0.6000,0.0483,36.563,77.125
119.601,6.4069,23.7186,3.07863,18.0000,0.0000,1,ACCEPTED code=1; Nav2 goal accepted; status_seq=3,1067,0.7029,1487,0,0,0,0.000,0,0.6000,0.0420,39.201,74.487
119.801,6.2349,23.7086,3.04699,18.0000,0.0000,1,ACCEPTED code=1; Nav2 goal accepted; status_seq=3,1069,0.8671,1487,0,0,0,0.000,0,0.6000,0.0435,38.561,75.127
120.000,6.1301,23.7081,3.06255,18.0000,0.0000,1,ACCEPTED code=1; Nav2 goal accepted; status_seq=3,1071,0.9145,1487,0,0,0,0.000,0,0.6000,0.0416,39.351,74.337
120.200,6.1176,23.7083,3.04636,18.0000,0.0000,1,ACCEPTED code=1; Nav2 goal accepted; status_seq=3,1073,0.9043,1487,0,0,0,0.000,0,0.6000,0.0463,38.433,75.255
120.401,5.8046,23.7035,3.07817,18.0000,0.0000,1,ACCEPTED code=1; Nav2 goal accepted; status_seq=3,1075,0.6054,1487,0,0,0,0.000,0,0.6000,0.0487,36.375,77.313
120.601,5.7069,23.7582,3.08167,18.0000,0.0000,1,ACCEPTED code=1; Nav2 goal accepted; status_seq=3,1077,0.5072,1512,0,0,0,0.000,0,0.6000,0.0437,38.475,75.213
120.800,5.7009,23.7712,3.08030,18.0000,0.0000,1,ACCEPTED code=1; Nav2 goal accepted; status_seq=3,1079,0.4885,1512,0,0,0,0.000,0,0.6000,0.0498,35.924,77.764
121.000,5.7009,23.7712,3.08030,18.0000,0.0000,1,ACCEPTED code=1; Nav2 goal accepted; status_seq=3,1081,0.4885,1512,0,0,0,0.000,0,0.6000,0.0498,35.924,77.764
121.200,5.7009,23.7712,3.08030,18.0000,0.0000,1,ACCEPTED code=1; Nav2 goal accepted; status_seq=3,1083,0.4885,1512,0,0,0,0.000,0,0.6000,0.0498,35.924,77.764
121.400,5.7009,23.7712,3.08030,18.0000,0.0000,1,ACCEPTED code=1; Nav2 goal accepted; status_seq=3,1085,0.4885,1512,0,0,0,0.000,0,0.6000,0.0498,35.924,77.764
121.600,5.1266,23.9297,-3.11427,18.0000,0.0000,1,ACCEPTED code=1; Nav2 goal accepted; status_seq=3,1087,0.1060,1584,0,0,0,0.000,0,0.6000,0.0531,34.542,79.146
121.800,5.0763,23.9016,-3.13734,18.0000,0.0000,1,ACCEPTED code=1; Nav2 goal accepted; status_seq=3,1089,0.1520,1584,0,0,0,0.000,0,0.6000,0.0458,37.591,76.097
122.000,4.9192,23.8930,-3.11358,18.0000,0.0000,1,ACCEPTED code=1; Nav2 goal accepted; status_seq=3,1091,0.3149,1584,0,0,0,0.000,0,0.6000,0.0495,36.049,77.639
122.200,4.9284,23.8898,-3.10550,18.0000,0.0000,1,ACCEPTED code=1; Nav2 goal accepted; status_seq=3,1093,0.3042,1584,0,0,0,0.000,0,0.6000,0.0437,38.176,75.512
122.401,4.7560,23.8840,-3.07816,18.0000,0.0000,1,ACCEPTED code=1; Nav2 goal accepted; status_seq=3,1097,0.1599,1584,0,0,0,0.000,0,0.6000,0.0436,38.548,75.140
122.601,4.6704,23.9105,-3.11551,18.0000,0.0000,1,ACCEPTED code=1; Nav2 goal accepted; status_seq=3,1099,0.2601,1599,0,0,0,0.000,0,0.6000,0.0474,36.932,76.756
122.801,4.6164,23.9571,-3.12622,18.0000,0.0000,1,ACCEPTED code=1; Nav2 goal accepted; status_seq=3,1101,0.3105,1599,0,0,0,0.000,0,0.5950,0.0545,33.241,79.059
123.001,4.5274,23.9709,-3.08806,18.0000,0.0000,1,ACCEPTED code=1; Nav2 goal accepted; status_seq=3,1103,0.4075,1599,0,0,0,0.000,0,0.6000,0.0534,34.401,79.287
123.200,4.3811,23.9850,-3.09427,18.0000,0.0000,1,ACCEPTED code=1; Nav2 goal accepted; status_seq=3,1105,0.5495,1599,0,0,0,0.000,0,0.5992,0.0545,33.818,79.636
123.400,4.2755,24.0176,-3.08129,18.0000,0.0000,1,ACCEPTED code=1; Nav2 goal accepted; status_seq=3,1107,0.6700,1599,0,0,0,0.000,0,0.6000,0.0519,35.034,78.654
123.600,4.2273,24.0103,-3.08562,18.0000,0.0000,1,ACCEPTED code=1; Nav2 goal accepted; status_seq=3,1109,0.7032,1599,0,0,0,0.000,0,0.5771,0.0545,30.805,76.623
123.800,4.2273,24.0103,-3.08562,18.0000,0.0000,1,ACCEPTED code=1; Nav2 goal accepted; status_seq=3,1111,0.7032,1599,0,0,0,0.000,0,0.5246,0.0545,25.758,67.908
124.001,3.8908,24.0880,-3.06146,18.0000,0.0000,1,ACCEPTED code=1; Nav2 goal accepted; status_seq=3,1113,0.8795,1662,0,0,0,0.000,0,0.5246,0.0545,25.758,67.908
124.200,3.8049,24.0443,-3.01750,18.0000,0.0000,1,ACCEPTED code=1; Nav2 goal accepted; status_seq=3,1115,0.7794,1662,0,0,0,0.000,0,0.5783,0.0545,30.966,76.784
124.401,3.6967,23.9999,-3.01669,18.0000,0.0000,1,ACCEPTED code=1; Nav2 goal accepted; status_seq=3,1117,0.6678,1662,0,0,0,0.000,0,0.5855,0.0545,31.949,77.767
124.600,3.6116,23.9954,-3.02077,18.0000,0.0000,1,ACCEPTED code=1; Nav2 goal accepted; status_seq=3,1119,0.5918,1662,0,0,0,0.000,0,0.5015,0.0545,24.163,63.702
124.800,3.4558,23.9384,-3.03341,18.0000,0.0000,1,ACCEPTED code=1; Nav2 goal accepted; status_seq=3,1121,0.3984,1662,0,0,0,0.000,0,0.6000,0.0535,28.888,73.819
125.001,3.3085,23.8809,-2.99283,18.0000,0.0000,1,ACCEPTED code=1; Nav2 goal accepted; status_seq=3,1123,0.2624,1662,0,0,0,0.000,0,0.5547,0.0545,27.564,72.668
125.200,3.2897,23.8932,-2.96501,18.0000,0.0000,1,ACCEPTED code=1; Nav2 goal accepted; status_seq=3,1125,0.2648,1662,0,0,0,0.000,0,0.5691,0.0545,29.735,75.553
125.401,3.1018,23.8379,-2.93181,18.0000,0.0000,1,ACCEPTED code=1; Nav2 goal accepted; status_seq=3,1127,0.1058,1780,0,0,0,0.000,0,0.6000,0.0527,34.708,78.980
125.601,3.0284,23.8050,-2.93622,18.0000,0.0000,1,ACCEPTED code=1; Nav2 goal accepted; status_seq=3,1129,0.0876,1780,0,0,0,0.000,0,0.5808,0.0545,31.302,77.121
125.801,3.0084,23.7922,-2.95445,18.0000,0.0000,1,ACCEPTED code=1; Nav2 goal accepted; status_seq=3,1131,0.0878,1780,0,0,0,0.000,0,0.6000,0.0531,34.559,79.129
126.000,2.8361,23.7193,-2.93396,18.0000,0.0000,1,ACCEPTED code=1; Nav2 goal accepted; status_seq=3,1133,0.2395,1780,0,0,0,0.000,0,0.6000,0.0531,34.559,79.129
126.201,2.7074,23.7055,-2.94480,18.0000,0.0000,1,ACCEPTED code=1; Nav2 goal accepted; status_seq=3,1135,0.3861,1780,0,0,0,0.000,0,0.6000,0.0508,35.503,78.185
126.400,2.6080,23.7041,-2.94147,18.0000,0.0000,1,ACCEPTED code=1; Nav2 goal accepted; status_seq=3,1139,0.0746,1841,0,0,0,0.000,0,0.5993,0.0545,33.836,79.654
126.600,2.6072,23.7408,-2.89802,18.0000,0.0000,1,ACCEPTED code=1; Nav2 goal accepted; status_seq=3,1141,0.0711,1841,0,0,0,0.000,0,0.6000,0.0445,38.135,75.553
126.800,2.5211,23.7033,-2.87401,18.0000,0.0000,1,ACCEPTED code=1; Nav2 goal accepted; status_seq=3,1143,0.1513,1841,0,0,0,0.000,0,0.6000,0.0348,42.240,71.448
127.000,2.4175,23.6851,-2.90006,18.0000,0.0000,1,ACCEPTED code=1; Nav2 goal accepted; status_seq=3,1145,0.2584,1841,0,0,0,0.000,0,0.6000,0.0347,42.277,71.411
127.200,2.3009,23.7098,-2.91217,18.0000,0.0000,1,ACCEPTED code=1; Nav2 goal accepted; status_seq=3,1147,0.3966,1841,0,0,0,0.000,0,0.6000,0.0301,44.187,69.501
127.400,2.3011,23.7423,-2.89124,18.0000,0.0000,1,ACCEPTED code=1; Nav2 goal accepted; status_seq=3,1149,0.3742,1841,0,0,0,0.000,0,0.6000,0.0401,39.987,73.701
127.601,2.1215,23.7917,-2.86418,18.0000,0.0000,1,ACCEPTED code=1; Nav2 goal accepted; status_seq=3,1151,0.5636,1937,0,0,0,0.000,0,0.6000,0.0400,40.055,73.633
127.800,2.0691,23.7620,-2.83230,18.0000,0.0000,1,ACCEPTED code=1; Nav2 goal accepted; status_seq=3,1153,0.6071,1937,0,0,0,0.000,0,0.6000,0.0366,41.468,72.220
128.000,1.9156,23.7631,-2.84981,18.0000,0.0000,1,ACCEPTED code=1; Nav2 goal accepted; status_seq=3,1155,0.7782,1937,0,0,0,0.000,0,0.6000,0.0322,42.551,71.137
128.201,1.8910,23.7555,-2.84398,18.0000,0.0000,1,ACCEPTED code=1; Nav2 goal accepted; status_seq=3,1157,0.7863,1937,0,0,0,0.000,0,0.6000,0.0392,40.375,73.313
128.400,1.6806,23.7136,-2.83454,18.0000,0.0000,1,ACCEPTED code=1; Nav2 goal accepted; status_seq=3,1159,0.9023,1937,0,0,0,0.000,0,0.6000,0.0421,39.150,74.538
128.600,1.6715,23.7105,-2.85639,18.0000,0.0000,1,ACCEPTED code=1; Nav2 goal accepted; status_seq=3,1161,0.8962,1937,0,0,0,0.000,0,0.6000,0.0421,39.150,74.538
128.801,1.3566,23.7413,-2.81202,18.0000,0.0000,1,ACCEPTED code=1; Nav2 goal accepted; status_seq=3,1163,0.6685,1937,0,0,0,0.000,0,0.6000,0.0459,37.574,76.114
129.000,1.3315,23.7401,-2.85069,18.0000,0.0000,1,ACCEPTED code=1; Nav2 goal accepted; status_seq=3,1165,0.6531,1937,0,0,0,0.000,0,0.6000,0.0542,34.081,79.607
129.200,1.0445,23.7595,-2.83004,18.0000,0.0000,1,ACCEPTED code=1; Nav2 goal accepted; status_seq=3,1167,0.5270,2208,0,0,0,0.000,0,0.6000,0.0542,34.081,79.607
129.401,1.0421,23.7806,-2.83766,18.0000,0.0000,1,ACCEPTED code=1; Nav2 goal accepted; status_seq=3,1169,0.5526,2208,0,0,0,0.000,0,0.5980,0.0545,33.662,79.480
129.600,1.0421,23.7806,-2.83766,18.0000,0.0000,1,ACCEPTED code=1; Nav2 goal accepted; status_seq=3,1171,0.5526,2208,0,0,0,0.000,0,0.5460,0.0545,27.275,71.907
129.801,0.7506,23.7197,-2.77639,18.0000,0.0000,1,ACCEPTED code=1; Nav2 goal accepted; status_seq=3,1173,0.4934,2208,0,0,0,0.000,0,0.5460,0.0545,27.275,71.907
130.000,0.6453,23.6763,-2.78293,18.0000,0.0000,1,ACCEPTED code=1; Nav2 goal accepted; status_seq=3,1175,0.5029,2208,0,0,0,0.000,0,0.6000,0.0497,35.897,77.791
130.200,0.5738,23.6274,-2.76111,18.0000,0.0000,1,ACCEPTED code=1; Nav2 goal accepted; status_seq=3,1177,0.5093,2208,0,0,0,0.000,0,0.6000,0.0489,36.305,77.383
130.400,0.4850,23.5755,-2.75594,18.0000,0.0000,1,ACCEPTED code=1; Nav2 goal accepted; status_seq=3,1181,0.5352,2245,0,0,0,0.000,0,0.5921,0.0532,33.400,78.120
130.600,0.4783,23.5597,-2.72060,18.0000,0.0000,1,ACCEPTED code=1; Nav2 goal accepted; status_seq=3,1183,0.0082,2245,0,0,0,0.000,0,0.6000,0.0447,38.070,75.618
130.800,0.4783,23.5597,-2.72060,18.0000,0.0000,1,ACCEPTED code=1; Nav2 goal accepted; status_seq=3,1185,0.0082,2245,0,0,0,0.000,0,0.6000,0.0370,41.308,72.380
131.000,0.4783,23.5597,-2.72060,18.0000,0.0000,1,ACCEPTED code=1; Nav2 goal accepted; status_seq=3,1187,0.0082,2245,0,0,0,0.000,0,0.6000,0.0370,41.308,72.380
131.200,0.2010,23.2746,-2.69459,18.0000,0.0000,1,ACCEPTED code=1; Nav2 goal accepted; status_seq=3,1189,0.4231,2245,0,0,0,0.000,0,0.6000,0.0342,42.476,71.212
131.400,0.1729,23.1989,-2.68526,18.0000,0.0000,1,ACCEPTED code=1; Nav2 goal accepted; status_seq=3,1191,0.4829,2245,0,0,0,0.000,0,0.6000,0.0342,43.526,70.162
131.600,0.0365,23.1469,-2.71768,18.0000,0.0000,1,ACCEPTED code=1; Nav2 goal accepted; status_seq=3,1193,0.6249,2245,0,0,0,0.000,0,0.6000,0.0269,45.557,68.131
131.800,0.0134,23.1382,-2.69914,18.0000,0.0000,1,ACCEPTED code=1; Nav2 goal accepted; status_seq=3,1195,0.6324,2331,0,0,0,0.000,0,0.6000,0.0321,43.350,70.338
132.000,0.0134,23.1382,-2.69914,18.0000,0.0000,1,ACCEPTED code=1; Nav2 goal accepted; status_seq=3,1197,0.6324,2331,0,0,0,0.000,0,0.6000,0.0321,43.350,70.338
132.201,-0.3043,22.8728,-2.65673,18.0000,0.0000,1,ACCEPTED code=1; Nav2 goal accepted; status_seq=3,1199,0.8671,2331,0,0,0,0.000,0,0.6000,0.0321,43.350,70.338
132.400,-0.3887,22.8811,-2.66497,18.0000,0.0000,1,ACCEPTED code=1; Nav2 goal accepted; status_seq=3,1201,0.7899,2331,0,0,0,0.000,0,0.6000,0.0321,44.400,69.288
132.601,-0.5038,22.8652,-2.62724,18.0000,0.0000,1,ACCEPTED code=1; Nav2 goal accepted; status_seq=3,1203,0.6779,2331,0,0,0,0.000,0,0.6000,0.0326,43.168,70.520
132.800,-0.5038,22.8652,-2.62724,18.0000,0.0000,1,ACCEPTED code=1; Nav2 goal accepted; status_seq=3,1205,0.6762,2331,0,0,0,0.000,0,0.6000,0.0234,47.006,66.682
133.000,-0.5038,22.8652,-2.62724,18.0000,0.0000,1,ACCEPTED code=1; Nav2 goal accepted; status_seq=3,1207,0.6762,2331,0,0,0,0.000,0,0.6000,0.0229,47.210,66.478
133.200,-0.5038,22.8652,-2.62724,18.0000,0.0000,1,ACCEPTED code=1; Nav2 goal accepted; status_seq=3,1209,0.6762,2331,0,0,0,0.000,0,0.6000,0.0229,47.210,66.478
133.400,-0.5038,22.8652,-2.62724,18.0000,0.0000,1,ACCEPTED code=1; Nav2 goal accepted; status_seq=3,1211,0.6762,2331,0,0,0,0.000,0,0.6000,0.0229,47.210,66.478
133.600,-0.5038,22.8652,-2.62724,18.0000,0.0000,1,ACCEPTED code=1; Nav2 goal accepted; status_seq=3,1213,0.6762,2331,0,0,0,0.000,0,0.6000,0.0229,47.210,66.478
133.800,-0.5038,22.8652,-2.62724,18.0000,0.0000,1,ACCEPTED code=1; Nav2 goal accepted; status_seq=3,1215,0.6762,2624,0,0,0,0.000,0,0.6000,0.0229,47.210,66.478
134.001,-1.3921,22.4546,-2.63260,18.0000,0.0000,1,ACCEPTED code=1; Nav2 goal accepted; status_seq=3,1217,0.4123,2624,0,0,0,0.000,0,0.6000,0.0279,45.110,68.578
134.200,-1.4248,22.4919,-2.63990,18.0000,0.0000,1,ACCEPTED code=1; Nav2 goal accepted; status_seq=3,1219,0.3988,2624,0,0,0,0.000,0,0.6000,0.0338,42.642,71.046
134.400,-1.4248,22.4919,-2.63990,18.0000,0.0000,1,ACCEPTED code=1; Nav2 goal accepted; status_seq=3,1223,0.0000,2624,0,0,0,0.000,0,0.6000,0.0438,38.442,75.246
134.600,-1.7845,22.4337,-2.54345,18.0000,0.0000,1,ACCEPTED code=1; Nav2 goal accepted; status_seq=3,1225,0.3548,2624,0,0,0,0.000,0,0.5354,0.0488,30.651,69.581
134.801,-1.8380,22.4004,-2.60218,18.0000,0.0000,1,ACCEPTED code=1; Nav2 goal accepted; status_seq=3,1227,0.4249,2624,0,0,0,0.000,0,0.5570,0.0545,28.123,73.941
135.000,-1.8975,22.4228,-2.57474,18.0000,0.0000,1,ACCEPTED code=1; Nav2 goal accepted; status_seq=3,1229,0.4681,2624,0,0,0,0.000,0,0.5346,0.0545,26.464,69.769
135.200,-1.9121,22.4200,-2.61118,18.0000,0.0000,1,ACCEPTED code=1; Nav2 goal accepted; status_seq=3,1231,0.4816,2624,0,0,0,0.000,0,0.5000,0.0550,24.062,63.438
135.401,-2.0714,22.3834,-2.53376,18.0000,0.0000,1,ACCEPTED code=1; Nav2 goal accepted; status_seq=3,1233,0.6504,2725,0,0,0,0.000,0,0.5000,0.0550,24.062,63.438
135.601,-2.1142,22.2612,-2.56689,18.0000,0.0000,1,ACCEPTED code=1; Nav2 goal accepted; status_seq=3,1235,0.7254,2725,0,0,0,0.000,0,0.5232,0.0545,25.665,67.663
135.801,-2.1559,22.2250,-2.56029,18.0000,0.0000,1,ACCEPTED code=1; Nav2 goal accepted; status_seq=3,1237,0.7690,2725,0,0,0,0.000,0,0.5359,0.0545,26.553,70.004
136.000,-2.1559,22.2250,-2.56029,18.0000,0.0000,1,ACCEPTED code=1; Nav2 goal accepted; status_seq=3,1239,0.7662,2725,0,0,0,0.000,0,0.5137,0.0545,25.003,65.917
136.200,-2.1559,22.2250,-2.56029,18.0000,0.0000,1,ACCEPTED code=1; Nav2 goal accepted; status_seq=3,1241,0.7662,2725,0,0,0,0.000,0,0.5137,0.0545,25.003,65.917
136.400,-2.1559,22.2250,-2.56029,18.0000,0.0000,1,ACCEPTED code=1; Nav2 goal accepted; status_seq=3,1243,0.7662,2725,0,0,0,0.000,0,0.5137,0.0545,25.003,65.917
136.600,-2.1559,22.2250,-2.56029,18.0000,0.0000,1,ACCEPTED code=1; Nav2 goal accepted; status_seq=3,1245,0.7662,2725,0,0,0,0.000,0,0.5137,0.0545,25.003,65.917
136.801,-2.1559,22.2250,-2.56029,18.0000,0.0000,1,ACCEPTED code=1; Nav2 goal accepted; status_seq=3,1247,0.7662,2794,0,0,0,0.000,0,0.5137,0.0545,25.003,65.917
137.000,-2.6060,21.7979,-2.49072,18.0000,0.0000,1,ACCEPTED code=1; Nav2 goal accepted; status_seq=3,1249,0.5671,2794,0,0,0,0.000,0,0.5137,0.0545,25.003,65.917
137.200,-2.6102,21.7901,-2.50073,18.0000,0.0000,1,ACCEPTED code=1; Nav2 goal accepted; status_seq=3,1251,0.5636,2794,0,0,0,0.000,0,0.5384,0.0545,26.731,70.472
137.400,-2.6102,21.7901,-2.50073,18.0000,0.0000,1,ACCEPTED code=1; Nav2 goal accepted; status_seq=3,1253,0.5636,2794,0,0,0,0.000,0,0.5384,0.0545,26.731,70.472
137.600,-2.6102,21.7901,-2.50073,18.0000,0.0000,1,ACCEPTED code=1; Nav2 goal accepted; status_seq=3,1255,0.5636,2794,0,0,0,0.000,0,0.5384,0.0545,26.731,70.472
137.800,-2.6102,21.7901,-2.50073,18.0000,0.0000,1,ACCEPTED code=1; Nav2 goal accepted; status_seq=3,1257,0.5636,2794,0,0,0,0.000,0,0.5384,0.0545,26.731,70.472
138.000,-2.6102,21.7901,-2.50073,18.0000,0.0000,1,ACCEPTED code=1; Nav2 goal accepted; status_seq=3,1259,0.5636,3083,0,0,0,0.000,0,0.5384,0.0545,26.731,70.472
138.200,-2.6102,21.7901,-2.50073,18.0000,0.0000,1,ACCEPTED code=1; Nav2 goal accepted; status_seq=3,1261,0.5636,3083,0,0,0,0.000,0,0.5384,0.0545,26.731,70.472
138.400,-2.9996,21.4290,-2.41877,18.0000,0.0000,1,ACCEPTED code=1; Nav2 goal accepted; status_seq=3,1263,0.0470,3083,0,0,0,0.000,0,0.5384,0.0545,26.731,70.472
138.601,-3.2009,21.4171,-2.42165,18.0000,0.0000,1,ACCEPTED code=1; Nav2 goal accepted; status_seq=3,1267,0.2217,3083,0,0,0,0.000,0,0.6000,0.0484,36.537,77.151
138.801,-3.3603,21.4663,-2.39868,18.0000,0.0000,1,ACCEPTED code=1; Nav2 goal accepted; status_seq=3,1269,0.3631,3083,0,0,0,0.000,0,0.5338,0.0545,26.410,69.626
139.001,-3.5325,21.4935,-2.35260,18.0000,0.0000,1,ACCEPTED code=1; Nav2 goal accepted; status_seq=3,1271,0.5345,3083,0,0,0,0.000,0,0.5000,0.0550,24.062,63.438
139.201,-3.6242,21.3941,-2.39508,18.0000,0.0000,1,ACCEPTED code=1; Nav2 goal accepted; status_seq=3,1273,0.6212,3306,0,0,0,0.000,0,0.5160,0.0545,25.164,66.342
139.400,-3.8623,21.2811,-2.36657,18.0000,0.0000,1,ACCEPTED code=1; Nav2 goal accepted; status_seq=3,1275,0.8491,3306,0,0,0,0.000,0,0.5000,0.0550,24.062,63.438
139.600,-3.9952,21.1750,-2.33691,18.0000,0.0000,1,ACCEPTED code=1; Nav2 goal accepted; status_seq=3,1277,1.0119,3306,0,0,0,0.000,0,0.5000,0.0550,24.062,63.438
139.800,-4.0019,21.1076,-2.35317,18.0000,0.0000,1,ACCEPTED code=1; Nav2 goal accepted; status_seq=3,1279,1.0211,3306,0,0,0,0.000,0,0.5000,0.0550,24.062,63.438
140.001,-4.0690,21.0360,-2.36046,18.0000,0.0000,1,ACCEPTED code=1; Nav2 goal accepted; status_seq=3,1281,0.9308,3306,0,0,0,0.000,0,0.5000,0.0550,24.062,63.438
140.201,-4.0853,21.0337,-2.34567,18.0000,0.0000,1,ACCEPTED code=1; Nav2 goal accepted; status_seq=3,1283,0.9347,3435,0,0,0,0.000,0,0.5000,0.0550,24.062,63.438
140.400,-4.1109,21.0017,-2.33310,18.0000,0.0000,1,ACCEPTED code=1; Nav2 goal accepted; status_seq=3,1285,0.8914,3435,0,0,0,0.000,0,0.5000,0.0550,24.062,63.438
140.600,-4.1155,20.9300,-2.29696,18.0000,0.0000,1,ACCEPTED code=1; Nav2 goal accepted; status_seq=3,1287,0.8177,3435,0,0,0,0.000,0,0.5006,0.0545,24.101,63.539
140.800,-4.0922,20.7627,-2.29242,18.0000,0.0000,1,ACCEPTED code=1; Nav2 goal accepted; status_seq=3,1289,0.6654,3435,0,0,0,0.000,0,0.5998,0.0545,27.564,72.668
141.000,-4.0922,20.7627,-2.29242,18.0000,0.0000,1,ACCEPTED code=1; Nav2 goal accepted; status_seq=3,1291,0.6644,3435,0,0,0,0.000,0,0.5681,0.0545,29.600,75.419
141.201,-4.1160,20.5319,-2.26827,18.0000,0.0000,1,ACCEPTED code=1; Nav2 goal accepted; status_seq=3,1293,0.4418,3435,0,0,0,0.000,0,0.5681,0.0545,29.600,75.419
141.401,-4.1903,20.4381,-2.30193,18.0000,0.0000,1,ACCEPTED code=1; Nav2 goal accepted; status_seq=3,1295,0.3217,3273,0,0,0,0.000,0,0.6000,0.0509,35.458,78.230
141.600,-4.2555,20.4319,-2.30727,18.0000,0.0000,1,ACCEPTED code=1; Nav2 goal accepted; status_seq=3,1297,0.3043,3273,0,0,0,0.000,0,0.5435,0.0545,27.095,71.431
141.800,-4.3487,20.3411,-2.28149,18.0000,0.0000,1,ACCEPTED code=1; Nav2 goal accepted; status_seq=3,1299,0.2023,3273,0,0,0,0.000,0,0.5307,0.0545,27.564,72.668
142.000,-4.3487,20.3411,-2.28149,18.0000,0.0000,1,ACCEPTED code=1; Nav2 goal accepted; status_seq=3,1301,0.2064,3273,0,0,0,0.000,0,0.5338,0.0545,26.409,69.624
142.200,-4.6000,20.1343,-2.28817,18.0000,0.0000,1,ACCEPTED code=1; Nav2 goal accepted; status_seq=3,1303,0.2868,3273,0,0,0,0.000,0,0.5338,0.0545,26.409,69.624
142.400,-4.6095,20.1189,-2.20791,18.0000,0.0000,1,ACCEPTED code=1; Nav2 goal accepted; status_seq=3,1305,0.2873,3317,0,0,0,0.000,0,0.5314,0.0545,26.236,69.167
142.600,-4.6588,20.0157,-2.22040,18.0000,0.0000,1,ACCEPTED code=1; Nav2 goal accepted; status_seq=3,1309,0.0972,3317,0,0,0,0.000,0,0.6000,0.0495,36.035,77.653
142.800,-4.6877,20.0017,-2.24028,18.0000,0.0000,1,ACCEPTED code=1; Nav2 goal accepted; status_seq=3,1311,0.1167,3317,0,0,0,0.000,0,0.6000,0.0495,36.035,77.653
143.000,-4.6877,20.0017,-2.24028,18.0000,0.0000,1,ACCEPTED code=1; Nav2 goal accepted; status_seq=3,1313,0.1167,3317,0,0,0,0.000,0,0.6000,0.0511,35.400,78.288
143.201,-5.0598,19.8849,-2.21227,18.0000,0.0000,1,ACCEPTED code=1; Nav2 goal accepted; status_seq=3,1315,0.5055,3317,0,0,0,0.000,0,0.6000,0.0511,35.400,78.288
143.400,-5.1410,19.8477,-2.15788,18.0000,0.0000,1,ACCEPTED code=1; Nav2 goal accepted; status_seq=3,1317,0.5774,3317,0,0,0,0.000,0,0.6000,0.0533,34.464,79.224
143.600,-5.1752,19.8106,-2.19679,18.0000,0.0000,1,ACCEPTED code=1; Nav2 goal accepted; status_seq=3,1319,0.6260,3847,0,0,0,0.000,0,0.5854,0.0545,31.932,77.750
143.800,-5.2872,19.7816,-2.15637,18.0000,0.0000,1,ACCEPTED code=1; Nav2 goal accepted; status_seq=3,1321,0.7516,3847,0,0,0,0.000,0,0.5000,0.0550,24.062,63.438
144.001,-5.4331,19.7310,-2.18480,18.0000,0.0000,1,ACCEPTED code=1; Nav2 goal accepted; status_seq=3,1323,0.9000,3847,0,0,0,0.000,0,0.5744,0.0545,30.441,76.260
144.201,-5.4271,19.7384,-2.16006,18.0000,0.0000,1,ACCEPTED code=1; Nav2 goal accepted; status_seq=3,1325,0.8923,3847,0,0,0,0.000,0,0.5192,0.0545,25.386,66.927
144.401,-5.4476,19.5848,-2.11643,18.0000,0.0000,1,ACCEPTED code=1; Nav2 goal accepted; status_seq=3,1327,0.9816,3847,0,0,0,0.000,0,0.5796,0.0545,25.504,67.238
144.600,-5.4923,19.5332,-2.14107,18.0000,0.0000,1,ACCEPTED code=1; Nav2 goal accepted; status_seq=3,1329,0.9324,4141,0,0,0,0.000,0,0.5195,0.0545,27.564,72.668
144.800,-5.5267,19.4730,-2.09217,18.0000,0.0000,1,ACCEPTED code=1; Nav2 goal accepted; status_seq=3,1331,0.8586,4141,0,0,0,0.000,0,0.5438,0.0545,27.119,71.495
145.000,-5.5373,19.3380,-2.09669,18.0000,0.0000,1,ACCEPTED code=1; Nav2 goal accepted; status_seq=3,1333,0.7215,4141,0,0,0,0.000,0,0.6000,0.0495,36.035,77.653
145.201,-5.6001,19.2651,-2.15890,18.0000,0.0000,1,ACCEPTED code=1; Nav2 goal accepted; status_seq=3,1335,0.6492,4141,0,0,0,0.000,0,0.5745,0.0545,32.851,78.669
145.400,-5.6289,19.2097,-2.09086,18.0000,0.0000,1,ACCEPTED code=1; Nav2 goal accepted; status_seq=3,1337,0.5873,4141,0,0,0,0.000,0,0.5261,0.0545,25.867,68.195
145.600,-5.6740,19.0457,-2.10200,18.0000,0.0000,1,ACCEPTED code=1; Nav2 goal accepted; status_seq=3,1339,0.4144,4141,0,0,0,0.000,0,0.5964,0.0545,33.443,79.261
145.801,-5.8098,18.6945,-2.10509,18.0000,0.0000,1,ACCEPTED code=1; Nav2 goal accepted; status_seq=3,1341,0.1721,4108,0,0,0,0.000,0,0.5509,0.0545,27.629,72.839
146.001,-5.8060,18.6640,-2.02720,18.0000,0.0000,1,ACCEPTED code=1; Nav2 goal accepted; status_seq=3,1343,0.1533,4108,0,0,0,0.000,0,0.5783,0.0545,30.969,76.787
146.200,-5.8106,18.5558,-2.04797,18.0000,0.0000,1,ACCEPTED code=1; Nav2 goal accepted; status_seq=3,1345,0.1652,4108,0,0,0,0.000,0,0.6000,0.0445,38.135,75.553
146.400,-5.8321,18.5329,-2.07823,18.0000,0.0000,1,ACCEPTED code=1; Nav2 goal accepted; status_seq=3,1347,0.1933,4108,0,0,0,0.000,0,0.6000,0.0517,36.170,77.518
146.600,-5.8839,18.3567,-2.05139,18.0000,0.0000,1,ACCEPTED code=1; Nav2 goal accepted; status_seq=3,1351,0.0294,4108,0,0,0,0.000,0,0.6000,0.0495,34.985,78.703
146.800,-5.9461,18.3450,-2.06522,18.0000,0.0000,1,ACCEPTED code=1; Nav2 goal accepted; status_seq=3,1353,0.0999,4108,0,0,0,0.000,0,0.6000,0.0446,38.108,75.580
147.000,-5.9842,18.2157,-1.98491,18.0000,0.0000,1,ACCEPTED code=1; Nav2 goal accepted; status_seq=3,1355,0.2015,3952,0,0,0,0.000,0,0.6000,0.0456,36.008,77.680
147.201,-5.9870,18.1373,-2.04102,18.0000,0.0000,1,ACCEPTED code=1; Nav2 goal accepted; status_seq=3,1357,0.2740,3952,0,0,0,0.000,0,0.6000,0.0356,39.795,73.893
147.400,-6.0103,18.0289,-1.95049,18.0000,0.0000,1,ACCEPTED code=1; Nav2 goal accepted; status_seq=3,1359,0.3887,3952,0,0,0,0.000,0,0.6000,0.0433,38.745,74.943
147.600,-6.0317,17.9701,-2.00463,18.0000,0.0000,1,ACCEPTED code=1; Nav2 goal accepted; status_seq=3,1361,0.4446,3952,0,0,0,0.000,0,0.6000,0.0333,42.851,70.837
147.800,-6.0317,17.9701,-2.00463,18.0000,0.0000,1,ACCEPTED code=1; Nav2 goal accepted; status_seq=3,1363,0.4446,3952,0,0,0,0.000,0,0.6000,0.0402,39.959,73.729
148.000,-6.1829,17.6874,-1.95964,18.0000,0.0000,1,ACCEPTED code=1; Nav2 goal accepted; status_seq=3,1365,0.7794,3952,0,0,0,0.000,0,0.6000,0.0402,39.959,73.729
148.200,-6.3107,17.6420,-1.97625,18.0000,0.0000,1,ACCEPTED code=1; Nav2 goal accepted; status_seq=3,1367,0.8701,4188,0,0,0,0.000,0,0.6000,0.0441,39.384,74.304
148.400,-6.3942,17.5751,-1.91199,18.0000,0.0000,1,ACCEPTED code=1; Nav2 goal accepted; status_seq=3,1369,0.8637,4188,0,0,0,0.000,0,0.6000,0.0441,38.334,75.354
148.600,-6.5129,17.5185,-1.97861,18.0000,0.0000,1,ACCEPTED code=1; Nav2 goal accepted; status_seq=3,1371,0.7861,4188,0,0,0,0.000,0,0.6000,0.0401,39.985,73.703
148.800,-6.5507,17.5194,-1.91296,18.0000,0.0000,1,ACCEPTED code=1; Nav2 goal accepted; status_seq=3,1373,0.7813,4188,0,0,0,0.000,0,0.5919,0.0501,34.674,76.791
149.000,-6.7145,17.4143,-1.92911,18.0000,0.0000,1,ACCEPTED code=1; Nav2 goal accepted; status_seq=3,1375,0.6721,4188,0,0,0,0.000,0,0.6000,0.0451,37.901,75.787
149.201,-6.7900,17.4318,-1.88344,18.0000,0.0000,1,ACCEPTED code=1; Nav2 goal accepted; status_seq=3,1377,0.6966,4188,0,0,0,0.000,0,0.5463,0.0501,28.593,70.680
149.400,-6.7900,17.4318,-1.88344,18.0000,0.0000,1,ACCEPTED code=1; Nav2 goal accepted; status_seq=3,1379,0.7000,4188,0,0,0,0.000,0,0.6000,0.0499,35.898,77.790
149.600,-6.7900,17.4318,-1.88344,18.0000,0.0000,1,ACCEPTED code=1; Nav2 goal accepted; status_seq=3,1381,0.7000,5120,0,0,0,0.000,0,0.6000,0.0499,35.898,77.790
149.800,-6.7900,17.4318,-1.88344,18.0000,0.0000,1,ACCEPTED code=1; Nav2 goal accepted; status_seq=3,1383,0.7000,5120,0,0,0,0.000,0,0.6000,0.0499,35.898,77.790
150.000,-6.7900,17.4318,-1.88344,18.0000,0.0000,1,ACCEPTED code=1; Nav2 goal accepted; status_seq=3,1385,0.7000,5120,0,0,0,0.000,0,0.6000,0.0499,35.898,77.790
150.201,-6.9362,17.0045,-1.88228,18.0000,0.0000,1,ACCEPTED code=1; Nav2 goal accepted; status_seq=3,1387,0.3815,5120,0,0,0,0.000,0,0.6000,0.0534,34.848,78.840
150.400,-6.9449,16.9688,-1.84607,18.0000,0.0000,1,ACCEPTED code=1; Nav2 goal accepted; status_seq=3,1389,0.3672,5120,0,0,0,0.000,0,0.5244,0.0545,25.746,67.875
150.601,-6.9684,16.8983,-1.82028,18.0000,0.0000,1,ACCEPTED code=1; Nav2 goal accepted; status_seq=3,1393,0.0612,5120,0,0,0,0.000,0,0.6000,0.0535,34.381,79.307
150.800,-6.9684,16.8983,-1.82028,18.0000,0.0000,1,ACCEPTED code=1; Nav2 goal accepted; status_seq=3,1395,0.0437,5120,0,0,0,0.000,0,0.6000,0.0435,38.581,75.107
151.001,-6.8462,16.4758,-1.77705,18.0000,0.0000,1,ACCEPTED code=1; Nav2 goal accepted; status_seq=3,1397,0.4799,5603,0,0,0,0.000,1,0.6000,0.0335,-2.271,25.431
151.201,-6.9320,16.2744,-1.86278,18.0000,0.0000,1,ACCEPTED code=1; Nav2 goal accepted; status_seq=3,1399,0.6668,5603,0,0,0,0.000,1,0.6000,0.0235,0.000,21.443
151.401,-6.9611,16.1788,-1.82536,18.0000,0.0000,1,ACCEPTED code=1; Nav2 goal accepted; status_seq=3,1401,0.7665,5603,0,0,0,0.000,1,0.6000,0.0135,4.866,18.293
151.600,-6.9960,15.9570,-1.80519,18.0000,0.0000,1,ACCEPTED code=1; Nav2 goal accepted; status_seq=3,1403,0.8745,5603,0,0,0,0.000,1,0.6000,0.0035,10.116,13.043
151.801,-7.0369,15.8878,-1.78402,18.0000,0.0000,1,ACCEPTED code=1; Nav2 goal accepted; status_seq=3,1405,0.7917,5603,0,0,0,0.000,1,0.6000,0.0005,11.373,11.786
152.000,-7.0561,15.8591,-1.74942,18.0000,0.0000,1,ACCEPTED code=1; Nav2 goal accepted; status_seq=3,1407,0.7642,5444,0,0,0,0.000,1,0.6000,-0.0095,15.573,7.586
152.201,-7.1596,15.6575,-1.78834,18.0000,0.0000,1,ACCEPTED code=1; Nav2 goal accepted; status_seq=3,1409,0.5383,5444,0,0,0,0.000,1,0.6000,-0.0174,18.904,4.256
152.401,-7.1908,15.6299,-1.72139,18.0000,0.0000,1,ACCEPTED code=1; Nav2 goal accepted; status_seq=3,1411,0.4940,5444,0,0,0,0.000,1,0.6000,-0.0098,17.782,5.377
152.601,-7.2666,15.6318,-1.81518,18.0000,0.0000,1,ACCEPTED code=1; Nav2 goal accepted; status_seq=3,1413,0.4605,5444,0,0,0,0.000,1,0.6000,-0.0077,15.877,7.283
152.801,-7.3188,15.6984,-1.77329,18.0000,0.0000,1,ACCEPTED code=1; Nav2 goal accepted; status_seq=3,1415,0.5015,5444,0,0,0,0.000,1,0.6000,0.0023,13.777,9.383
153.001,-7.3219,15.7095,-1.70146,18.0000,0.0000,1,ACCEPTED code=1; Nav2 goal accepted; status_seq=3,1417,0.5137,5180,0,0,0,0.000,1,0.6000,0.0000,9.462,13.698
153.201,-7.3616,15.6925,-1.78685,18.0000,0.0000,1,ACCEPTED code=1; Nav2 goal accepted; status_seq=3,1419,0.4844,5180,0,0,0,0.000,0,0.6000,-0.0048,57.876,55.812
153.400,-7.3352,15.6459,-1.72049,18.0000,0.0000,1,ACCEPTED code=1; Nav2 goal accepted; status_seq=3,1421,0.4474,5180,0,0,0,0.000,0,0.6000,0.0011,57.876,55.812
153.601,-7.3164,15.5929,-1.77278,18.0000,0.0000,1,ACCEPTED code=1; Nav2 goal accepted; status_seq=3,1423,0.4028,5180,0,0,0,0.000,0,0.6000,0.0011,56.361,57.327
153.800,-7.3170,15.5025,-1.77035,18.0000,0.0000,1,ACCEPTED code=1; Nav2 goal accepted; status_seq=3,1425,0.3265,5180,0,0,0,0.000,0,0.6000,0.0044,55.007,58.681
154.000,-7.3139,15.4934,-1.75110,18.0000,0.0000,1,ACCEPTED code=1; Nav2 goal accepted; status_seq=3,1427,0.3187,5180,0,0,0,0.000,0,0.6000,0.0007,56.556,57.132
154.200,-7.3139,15.4934,-1.75110,18.0000,0.0000,1,ACCEPTED code=1; Nav2 goal accepted; status_seq=3,1429,0.3187,5180,0,0,0,0.000,0,0.6000,-0.0046,58.771,54.917
154.401,-7.2988,15.0824,-1.81687,18.0000,0.0000,1,ACCEPTED code=1; Nav2 goal accepted; status_seq=3,1431,0.2166,5620,0,0,0,0.000,0,0.6000,-0.0087,59.821,53.867
154.600,-7.3468,15.0850,-1.76511,18.0000,0.0000,1,ACCEPTED code=1; Nav2 goal accepted; status_seq=3,1435,0.0093,5620,0,0,0,0.000,0,0.6000,0.0013,56.295,57.393
154.801,-7.3625,14.9526,-1.73350,18.0000,0.0000,1,ACCEPTED code=1; Nav2 goal accepted; status_seq=3,1437,0.1465,5620,0,0,0,0.000,0,0.6000,0.0113,53.145,60.543
155.000,-7.3429,14.9274,-1.74646,18.0000,0.0000,1,ACCEPTED code=1; Nav2 goal accepted; status_seq=3,1439,0.1660,5620,0,0,0,0.000,0,0.6000,0.0213,48.945,64.743
155.200,-7.3260,14.8974,-1.75766,18.0000,0.0000,1,ACCEPTED code=1; Nav2 goal accepted; status_seq=3,1441,0.2215,5620,0,0,0,0.000,0,0.6000,0.0313,46.845,66.843
155.400,-7.3421,14.8773,-1.77917,18.0000,0.0000,1,ACCEPTED code=1; Nav2 goal accepted; status_seq=3,1441,0.2397,5620,0,0,0,0.000,0,0.6000,0.0338,42.645,71.043
155.601,-7.3893,14.7477,-1.76774,18.0000,0.0000,1,ACCEPTED code=1; Nav2 goal accepted; status_seq=3,1443,0.2249,6444,0,0,0,0.000,1,0.6000,0.0388,-2.271,25.431
155.800,-7.4710,14.7058,-1.79654,18.0000,0.0000,1,ACCEPTED code=1; Nav2 goal accepted; status_seq=3,1445,0.4155,6444,0,0,0,0.000,1,0.6000,0.0469,-2.271,25.431
156.000,-7.5631,14.6359,-1.76766,18.0000,0.0000,1,ACCEPTED code=1; Nav2 goal accepted; status_seq=3,1447,0.5137,6444,0,0,0,0.000,1,0.6000,0.0473,-2.271,25.431
156.200,-7.5939,14.6085,-1.78637,18.0000,0.0000,1,ACCEPTED code=1; Nav2 goal accepted; status_seq=3,1449,0.5475,6444,0,0,0,0.000,1,0.5515,0.0545,-2.271,25.431
156.401,-7.7094,14.4919,-1.76316,18.0000,0.0000,1,ACCEPTED code=1; Nav2 goal accepted; status_seq=3,1451,0.7118,6444,0,0,0,0.000,1,0.5515,0.0545,-2.271,25.431
156.600,-7.7800,14.4372,-1.71522,18.0000,0.0000,1,ACCEPTED code=1; Nav2 goal accepted; status_seq=3,1453,0.7918,6444,0,0,0,0.000,1,0.6000,0.0516,-2.271,25.431
156.800,-7.8086,14.4124,-1.80836,18.0000,0.0000,1,ACCEPTED code=1; Nav2 goal accepted; status_seq=3,1455,0.8252,6444,0,0,0,0.000,1,0.5000,0.0550,-2.271,25.431
157.000,-7.8086,14.4124,-1.80836,18.0000,0.0000,1,ACCEPTED code=1; Nav2 goal accepted; status_seq=3,1457,0.8252,6444,0,0,0,0.000,1,0.5000,0.0550,-2.271,25.431
157.200,-7.8086,14.4124,-1.80836,18.0000,0.0000,1,ACCEPTED code=1; Nav2 goal accepted; status_seq=3,1459,0.8252,6444,0,0,0,0.000,1,0.5000,0.0550,-2.271,25.431
157.401,-7.8086,14.4124,-1.80836,18.0000,0.0000,1,ACCEPTED code=1; Nav2 goal accepted; status_seq=3,1461,0.8252,6644,0,0,0,0.000,1,0.5000,0.0550,-2.271,25.431
157.600,-7.9707,13.9903,-1.78933,18.0000,0.0000,1,ACCEPTED code=1; Nav2 goal accepted; status_seq=3,1463,0.7731,6644,0,0,0,0.000,1,0.5000,0.0550,-2.271,25.431
157.801,-7.7922,13.9888,-1.68546,18.0000,0.0000,1,ACCEPTED code=1; Nav2 goal accepted; status_seq=3,1465,0.7645,6644,0,0,0,0.000,1,0.5678,0.0545,-2.271,25.431
158.001,-7.7494,13.9102,-1.69745,18.0000,0.0000,1,ACCEPTED code=1; Nav2 goal accepted; status_seq=3,1467,0.6746,6644,0,0,0,0.000,1,0.6000,0.0514,-2.271,25.431
158.201,-7.7461,13.8330,-1.72609,18.0000,0.0000,1,ACCEPTED code=1; Nav2 goal accepted; status_seq=3,1469,0.6077,6644,0,0,0,0.000,1,0.6000,0.0499,-2.271,25.431
158.401,-7.7315,13.7350,-1.67915,18.0000,0.0000,1,ACCEPTED code=1; Nav2 goal accepted; status_seq=3,1471,0.5077,6644,0,0,0,0.000,1,0.6000,0.0495,-2.271,25.431
158.600,-7.7295,13.7207,-1.72373,18.0000,0.0000,1,ACCEPTED code=1; Nav2 goal accepted; status_seq=3,1475,0.0040,6511,0,0,0,0.000,1,0.6000,0.0471,-2.271,25.431
158.800,-7.7295,13.7207,-1.72373,18.0000,0.0000,1,ACCEPTED code=1; Nav2 goal accepted; status_seq=3,1477,0.0040,6511,0,0,0,0.000,1,0.6000,0.0373,-2.271,25.431
159.000,-7.7157,13.5610,-1.69326,18.0000,0.0000,1,ACCEPTED code=1; Nav2 goal accepted; status_seq=3,1479,0.1629,6511,0,0,0,0.000,1,0.6000,0.0323,0.000,25.147
159.200,-7.7154,13.5584,-1.66879,18.0000,0.0000,1,ACCEPTED code=1; Nav2 goal accepted; status_seq=3,1481,0.1626,6511,0,0,0,0.000,1,0.6000,0.0254,0.000,23.306
159.400,-7.7154,13.5584,-1.66879,18.0000,0.0000,1,ACCEPTED code=1; Nav2 goal accepted; status_seq=3,1483,0.1626,6511,0,0,0,0.000,1,0.6000,0.0243,0.000,21.776
159.601,-7.7154,13.5584,-1.66879,18.0000,0.0000,1,ACCEPTED code=1; Nav2 goal accepted; status_seq=3,1485,0.1626,6487,0,0,0,0.000,1,0.6000,0.0243,0.000,21.776
159.801,-7.6860,13.3430,-1.65905,18.0000,0.0000,1,ACCEPTED code=1; Nav2 goal accepted; status_seq=3,1487,0.3831,6487,0,0,0,0.000,1,0.6000,0.0193,2.434,20.726
160.001,-7.6683,13.2779,-1.61850,18.0000,0.0000,1,ACCEPTED code=1; Nav2 goal accepted; status_seq=3,1489,0.4467,6487,0,0,0,0.000,1,0.6000,0.0212,2.662,20.498
160.200,-7.6554,13.2754,-1.66129,18.0000,0.0000,1,ACCEPTED code=1; Nav2 goal accepted; status_seq=3,1491,0.4509,6487,0,0,0,0.000,1,0.6000,0.0122,6.448,16.711
160.401,-7.7224,13.2366,-1.64791,18.0000,0.0000,1,ACCEPTED code=1; Nav2 goal accepted; status_seq=3,1493,0.4833,6487,0,0,0,0.000,1,0.6000,0.0162,4.795,18.365
160.600,-7.7307,13.2400,-1.67114,18.0000,0.0000,1,ACCEPTED code=1; Nav2 goal accepted; status_seq=3,1495,0.4796,6487,0,0,0,0.000,1,0.6000,0.0262,0.000,21.515
160.801,-7.8052,13.2210,-1.62933,18.0000,0.0000,1,ACCEPTED code=1; Nav2 goal accepted; status_seq=3,1497,0.5003,6852,0,0,0,0.000,0,0.6000,0.0218,45.571,68.117
161.001,-7.8240,13.2042,-1.63407,18.0000,0.0000,1,ACCEPTED code=1; Nav2 goal accepted; status_seq=3,1499,0.5330,6852,0,0,0,0.000,0,0.6000,0.0163,48.929,64.759
161.200,-7.8321,13.1945,-1.67545,18.0000,0.0000,1,ACCEPTED code=1; Nav2 goal accepted; status_seq=3,1501,0.5414,6852,0,0,0,0.000,0,0.6000,0.0163,49.979,63.709
161.400,-7.8321,13.1945,-1.67545,18.0000,0.0000,1,ACCEPTED code=1; Nav2 goal accepted; status_seq=3,1503,0.5359,6852,0,0,0,0.000,0,0.6000,0.0263,45.779,67.909
161.600,-7.8321,13.1945,-1.67545,18.0000,0.0000,1,ACCEPTED code=1; Nav2 goal accepted; status_seq=3,1505,0.5359,6852,0,0,0,0.000,0,0.6000,0.0329,43.679,70.009
161.800,-7.9196,13.0264,-1.60622,18.0000,0.0000,1,ACCEPTED code=1; Nav2 goal accepted; status_seq=3,1507,0.7162,6852,0,0,0,0.000,1,0.6000,0.0329,-2.226,25.386
162.000,-7.9355,13.0179,-1.68307,18.0000,0.0000,1,ACCEPTED code=1; Nav2 goal accepted; status_seq=3,1509,0.7327,6975,0,0,0,0.000,1,0.6000,0.0329,0.000,24.336
162.201,-7.9337,12.9109,-1.63095,18.0000,0.0000,1,ACCEPTED code=1; Nav2 goal accepted; status_seq=3,1511,0.8383,6975,0,0,0,0.000,1,0.6000,0.0407,-2.271,25.431
162.401,-7.9641,12.8723,-1.65302,18.0000,0.0000,1,ACCEPTED code=1; Nav2 goal accepted; status_seq=3,1513,0.8771,6975,0,0,0,0.000,1,0.6000,0.0407,-2.271,25.431
162.600,-7.9670,12.9133,-1.52723,18.0000,0.0000,1,ACCEPTED code=1; Nav2 goal accepted; status_seq=3,1515,0.8417,6975,0,0,0,0.000,1,0.6000,0.0341,-2.271,25.431
162.800,-7.8519,12.7454,-1.62615,18.0000,0.0000,1,ACCEPTED code=1; Nav2 goal accepted; status_seq=3,1519,0.2284,6975,0,0,0,0.000,1,0.6000,0.0241,-2.271,25.431
163.000,-7.8598,12.6622,-1.62047,18.0000,0.0000,1,ACCEPTED code=1; Nav2 goal accepted; status_seq=3,1521,0.2769,7071,0,0,0,0.000,1,0.6000,0.0141,-2.271,25.431
163.200,-7.8603,12.6283,-1.53757,18.0000,0.0000,1,ACCEPTED code=1; Nav2 goal accepted; status_seq=3,1523,0.3054,7071,0,0,0,0.000,1,0.6000,0.0063,0.000,24.844
163.400,-7.8681,12.5373,-1.59477,18.0000,0.0000,1,ACCEPTED code=1; Nav2 goal accepted; status_seq=3,1525,0.3902,7071,0,0,0,0.000,1,0.6000,-0.0009,6.716,16.444
163.600,-7.8679,12.5168,-1.55492,18.0000,0.0000,1,ACCEPTED code=1; Nav2 goal accepted; status_seq=3,1527,0.4088,7071,0,0,0,0.000,1,0.6000,-0.0012,11.035,12.124
163.800,-7.8653,12.3794,-1.58511,18.0000,0.0000,1,ACCEPTED code=1; Nav2 goal accepted; status_seq=3,1529,0.5423,7071,0,0,0,0.000,1,0.6000,-0.0046,13.521,9.638
164.000,-7.8722,12.3752,-1.54229,18.0000,0.0000,1,ACCEPTED code=1; Nav2 goal accepted; status_seq=3,1531,0.5462,7071,0,0,0,0.000,1,0.6000,-0.0046,12.471,10.688
164.200,-7.8722,12.3752,-1.54229,18.0000,0.0000,1,ACCEPTED code=1; Nav2 goal accepted; status_seq=3,1533,0.5462,7099,0,0,0,0.000,1,0.6000,-0.0065,14.296,8.863
164.400,-7.8334,12.1931,-1.52882,18.0000,0.0000,1,ACCEPTED code=1; Nav2 goal accepted; status_seq=3,1535,0.7327,7099,0,0,0,0.000,1,0.6000,-0.0065,14.296,8.863
164.613,-7.8498,12.1284,-1.58042,18.0000,0.0000,1,ACCEPTED code=1; Nav2 goal accepted; status_seq=3,1537,0.7938,7099,0,0,0,0.000,1,0.6000,-0.0110,16.185,6.975
164.801,-7.8883,12.0513,-1.57377,18.0000,0.0000,1,ACCEPTED code=1; Nav2 goal accepted; status_seq=3,1539,0.8568,7099,0,0,0,0.000,1,0.6000,-0.0010,14.085,9.075
165.000,-7.9375,12.0238,-1.55735,18.0000,0.0000,1,ACCEPTED code=1; Nav2 goal accepted; status_seq=3,1541,0.8929,7099,0,0,0,0.000,1,0.6000,-0.0010,11.985,11.175
165.201,-7.9628,12.0181,-1.52815,18.0000,0.0000,1,ACCEPTED code=1; Nav2 goal accepted; status_seq=3,1543,0.8951,7142,0,0,0,0.000,1,0.6000,-0.0030,11.985,11.175
165.401,-7.9501,11.9553,-1.51075,18.0000,0.0000,1,ACCEPTED code=1; Nav2 goal accepted; status_seq=3,1545,0.8386,7142,0,0,0,0.000,1,0.6000,-0.0070,12.858,10.302
165.600,-7.9601,11.9491,-1.56284,18.0000,0.0000,1,ACCEPTED code=1; Nav2 goal accepted; status_seq=3,1547,0.8382,7142,0,0,0,0.000,1,0.6000,-0.0039,14.281,8.878
165.801,-7.9566,11.9039,-1.49824,18.0000,0.0000,1,ACCEPTED code=1; Nav2 goal accepted; status_seq=3,1549,0.7879,7142,0,0,0,0.000,1,0.6000,-0.0039,12.181,10.978
166.001,-7.9480,11.8658,-1.53446,18.0000,0.0000,1,ACCEPTED code=1; Nav2 goal accepted; status_seq=3,1551,0.7511,7142,0,0,0,0.000,1,0.6000,-0.0041,14.161,8.998
166.200,-7.9537,11.8768,-1.56327,18.0000,0.0000,1,ACCEPTED code=1; Nav2 goal accepted; status_seq=3,1553,0.7781,7142,0,0,0,0.000,1,0.6000,-0.0003,13.824,9.336
166.400,-7.9408,11.8610,-1.53882,18.0000,0.0000,1,ACCEPTED code=1; Nav2 goal accepted; status_seq=3,1555,0.7453,7142,0,0,0,0.000,1,0.6000,-0.0003,11.724,11.436
166.600,-7.9522,11.8531,-1.51735,18.0000,0.0000,1,ACCEPTED code=1; Nav2 goal accepted; status_seq=3,1557,0.7369,7121,0,0,0,0.000,1,0.6000,-0.0003,12.774,10.386
166.800,-7.9583,11.8471,-1.53698,18.0000,0.0000,1,ACCEPTED code=1; Nav2 goal accepted; status_seq=3,1561,0.0080,7121,0,0,0,0.000,1,0.6000,-0.0000,11.583,11.577
167.001,-7.9762,11.8433,-1.52208,18.0000,0.0000,1,ACCEPTED code=1; Nav2 goal accepted; status_seq=3,1563,0.0277,7121,0,0,0,0.000,1,0.6000,0.0100,7.383,15.777
167.200,-7.9809,11.8388,-1.60430,18.0000,0.0000,1,ACCEPTED code=1; Nav2 goal accepted; status_seq=3,1565,0.0323,7121,0,0,0,0.000,1,0.6000,0.0196,5.440,17.719
167.400,-7.9809,11.8388,-1.60430,18.0000,0.0000,1,ACCEPTED code=1; Nav2 goal accepted; status_seq=3,1567,0.0323,7121,0,0,0,0.000,1,0.6000,0.0296,0.000,24.019
167.600,-7.9809,11.8388,-1.60430,18.0000,0.0000,1,ACCEPTED code=1; Nav2 goal accepted; status_seq=3,1569,0.0323,7201,0,0,0,0.000,1,0.6000,0.0353,-2.271,25.431
167.800,-7.9809,11.8388,-1.60430,18.0000,0.0000,1,ACCEPTED code=1; Nav2 goal accepted; status_seq=3,1571,0.0323,7201,0,0,0,0.000,1,0.6000,0.0353,-2.271,25.431
168.000,-8.0751,11.8433,-1.47585,18.0000,0.0000,1,ACCEPTED code=1; Nav2 goal accepted; status_seq=3,1573,0.1343,7201,0,0,0,0.000,1,0.6000,0.0376,-2.271,25.431
168.200,-8.0287,11.7792,-1.49589,18.0000,0.0000,1,ACCEPTED code=1; Nav2 goal accepted; status_seq=3,1575,0.1154,7201,0,0,0,0.000,1,0.6000,0.0276,-2.271,25.431
168.400,-8.0245,11.7664,-1.57633,18.0000,0.0000,1,ACCEPTED code=1; Nav2 goal accepted; status_seq=3,1577,0.1138,7201,0,0,0,0.000,1,0.6000,0.0276,0.000,23.175
168.600,-8.0042,11.7415,-1.53251,18.0000,0.0000,1,ACCEPTED code=1; Nav2 goal accepted; status_seq=3,1579,0.1256,7201,0,0,0,0.000,1,0.6000,0.0312,0.000,24.685
168.801,-7.9811,11.6900,-1.54047,18.0000,0.0000,1,ACCEPTED code=1; Nav2 goal accepted; status_seq=3,1581,0.1676,7285,0,0,0,0.000,1,0.6000,0.0212,0.000,21.535
169.001,-7.8461,11.5473,-1.47495,18.0000,0.0000,1,ACCEPTED code=1; Nav2 goal accepted; status_seq=3,1583,0.3359,7285,0,0,0,0.000,1,0.6000,0.0179,0.000,21.183
169.201,-7.7975,11.4610,-1.54614,18.0000,0.0000,1,ACCEPTED code=1; Nav2 goal accepted; status_seq=3,1585,0.4109,7285,0,0,0,0.000,1,0.6000,0.0170,5.127,18.033
169.400,-7.7802,11.4385,-1.45878,18.0000,0.0000,1,ACCEPTED code=1; Nav2 goal accepted; status_seq=3,1587,0.4493,7285,0,0,0,0.000,1,0.6000,0.0116,6.710,16.450
169.600,-7.7802,11.4385,-1.45878,18.0000,0.0000,1,ACCEPTED code=1; Nav2 goal accepted; status_seq=3,1589,0.4493,7285,0,0,0,0.000,1,0.6000,0.0016,9.860,13.300
169.801,-7.5619,10.9039,-1.45373,18.0000,0.0000,1,ACCEPTED code=1; Nav2 goal accepted; status_seq=3,1591,0.9149,7475,0,0,0,0.000,1,0.6000,-0.0084,13.010,10.150
170.001,-7.5293,10.8438,-1.50355,18.0000,0.0000,1,ACCEPTED code=1; Nav2 goal accepted; status_seq=3,1593,0.8175,7475,0,0,0,0.000,1,0.6000,-0.0180,17.047,6.113
170.200,-7.5837,10.8241,-1.47691,18.0000,0.0000,1,ACCEPTED code=1; Nav2 goal accepted; status_seq=3,1595,0.8037,7475,0,0,0,0.000,1,0.6000,-0.0080,19.147,4.013
170.400,-7.6152,10.7754,-1.48865,18.0000,0.0000,1,ACCEPTED code=1; Nav2 goal accepted; status_seq=3,1597,0.7730,7475,0,0,0,0.000,1,0.6000,-0.0069,14.482,8.677
170.600,-7.6602,10.7716,-1.50817,18.0000,0.0000,1,ACCEPTED code=1; Nav2 goal accepted; status_seq=3,1599,0.7383,7475,0,0,0,0.000,1,0.6000,-0.0082,15.023,8.137
170.800,-7.7441,10.7654,-1.50941,18.0000,0.0000,1,ACCEPTED code=1; Nav2 goal accepted; status_seq=3,1601,0.7204,7475,0,0,0,0.000,1,0.6000,0.0018,10.823,12.337
171.001,-7.7855,10.7848,-1.50603,18.0000,0.0000,1,ACCEPTED code=1; Nav2 goal accepted; status_seq=3,1603,0.7382,7398,0,0,0,0.000,1,0.6000,0.0048,9.773,13.387
171.200,-7.8229,10.7928,-1.54698,18.0000,0.0000,1,ACCEPTED code=1; Nav2 goal accepted; status_seq=3,1605,0.7455,7398,0,0,0,0.000,1,0.6000,0.0038,8.935,14.225
171.401,-7.9621,10.8270,-1.50469,18.0000,0.0000,1,ACCEPTED code=1; Nav2 goal accepted; status_seq=3,1607,0.7944,7398,0,0,0,0.000,1,0.6000,0.0138,6.835,16.325
171.600,-7.9842,10.8713,-1.50616,18.0000,0.0000,1,ACCEPTED code=1; Nav2 goal accepted; status_seq=3,1611,0.8422,7398,0,0,0,0.000,1,0.6000,0.0138,5.785,17.375
171.801,-8.0146,10.9056,-1.50874,18.0000,0.0000,1,ACCEPTED code=1; Nav2 goal accepted; status_seq=3,1613,0.3633,7398,0,0,0,0.000,1,0.6000,0.0229,5.785,17.375
172.001,-8.0290,10.9511,-1.45646,18.0000,0.0000,1,ACCEPTED code=1; Nav2 goal accepted; status_seq=3,1615,0.3968,7398,0,0,0,0.000,1,0.6000,0.0299,4.735,18.425
172.200,-8.0289,10.9612,-1.44526,18.0000,0.0000,1,ACCEPTED code=1; Nav2 goal accepted; status_seq=3,1617,0.4008,7398,0,0,0,0.000,1,0.6000,0.0380,4.735,18.425
172.401,-8.0398,10.9632,-1.52762,18.0000,0.0000,1,ACCEPTED code=1; Nav2 goal accepted; status_seq=3,1619,0.4109,7398,0,0,0,0.000,1,0.6000,0.0380,-2.271,25.431
172.600,-8.0398,10.9632,-1.52762,18.0000,0.0000,1,ACCEPTED code=1; Nav2 goal accepted; status_seq=3,1621,0.4109,7398,0,0,0,0.000,1,0.6000,0.0480,-2.271,25.431
172.800,-8.0240,11.1216,-1.49329,18.0000,0.0000,1,ACCEPTED code=1; Nav2 goal accepted; status_seq=3,1623,0.4977,7193,0,0,0,0.000,1,0.6000,0.0512,-2.271,25.431
173.001,-8.0245,11.0763,-1.56271,18.0000,0.0000,1,ACCEPTED code=1; Nav2 goal accepted; status_seq=3,1625,0.4642,7193,0,0,0,0.000,1,0.5727,0.0512,-2.271,25.431
173.200,-8.0245,11.0763,-1.56271,18.0000,0.0000,1,ACCEPTED code=1; Nav2 goal accepted; status_seq=3,1627,0.4642,7193,0,0,0,0.000,0,0.5727,0.0545,30.217,76.035
173.400,-8.0245,11.0763,-1.56271,18.0000,0.0000,1,ACCEPTED code=1; Nav2 goal accepted; status_seq=3,1629,0.4642,7193,0,0,0,0.000,0,0.5727,0.0545,30.217,76.035
173.600,-8.0245,11.0763,-1.56271,18.0000,0.0000,1,ACCEPTED code=1; Nav2 goal accepted; status_seq=3,1631,0.4642,7193,0,0,0,0.000,0,0.5727,0.0545,30.217,76.035
173.800,-8.0245,11.0763,-1.56271,18.0000,0.0000,1,ACCEPTED code=1; Nav2 goal accepted; status_seq=3,1633,0.4642,7227,0,0,0,0.000,0,0.5727,0.0545,30.217,76.035
174.000,-8.0245,11.0763,-1.56271,18.0000,0.0000,1,ACCEPTED code=1; Nav2 goal accepted; status_seq=3,1635,0.4642,7227,0,0,0,0.000,0,0.5727,0.0545,30.217,76.035
174.200,-8.0245,11.0763,-1.56271,18.0000,0.0000,1,ACCEPTED code=1; Nav2 goal accepted; status_seq=3,1637,0.4642,7227,0,0,0,0.000,0,0.5727,0.0545,30.217,76.035
174.401,-7.9028,10.8468,-1.46402,18.0000,0.0000,1,ACCEPTED code=1; Nav2 goal accepted; status_seq=3,1639,0.2339,7227,0,0,0,0.000,0,0.6000,0.0495,34.985,78.703
174.600,-7.8751,10.6697,-1.40182,18.0000,0.0000,1,ACCEPTED code=1; Nav2 goal accepted; status_seq=3,1641,0.2218,7227,0,0,0,0.000,0,0.6000,0.0395,40.235,73.453
174.801,-7.8166,10.5583,-1.35143,18.0000,0.0000,1,ACCEPTED code=1; Nav2 goal accepted; status_seq=3,1643,0.2504,7227,0,0,0,0.000,0,0.6000,0.0295,42.335,71.353
175.001,-7.8166,10.5583,-1.35143,18.0000,0.0000,1,ACCEPTED code=1; Nav2 goal accepted; status_seq=3,1645,0.2504,7547,0,0,0,0.000,0,0.6000,0.0195,46.535,67.153
175.200,-7.5922,10.1687,-1.34127,18.0000,0.0000,1,ACCEPTED code=1; Nav2 goal accepted; status_seq=3,1647,0.6108,7547,0,0,0,0.000,0,0.6000,0.0095,52.835,60.853
175.400,-7.5531,10.0672,-1.29027,18.0000,0.0000,1,ACCEPTED code=1; Nav2 goal accepted; status_seq=3,1649,0.7097,7547,0,0,0,0.000,0,0.6000,0.0066,54.052,59.636
175.600,-7.4642,9.8392,-1.32783,18.0000,0.0000,1,ACCEPTED code=1; Nav2 goal accepted; status_seq=3,1651,0.9261,7547,0,0,0,0.000,0,0.6000,-0.0034,54.052,59.636
175.801,-7.3938,9.6687,-1.27253,18.0000,0.0000,1,ACCEPTED code=1; Nav2 goal accepted; status_seq=3,1655,0.1898,7547,0,0,0,0.000,0,0.6000,-0.0132,62.396,51.292
176.000,-7.3931,9.6672,-1.27037,18.0000,0.0000,1,ACCEPTED code=1; Nav2 goal accepted; status_seq=3,1657,0.1854,7574,0,0,0,0.000,0,0.6000,-0.0232,65.546,48.142
176.200,-7.3931,9.6672,-1.27037,18.0000,0.0000,1,ACCEPTED code=1; Nav2 goal accepted; status_seq=3,1659,0.1854,7574,0,0,0,0.000,1,0.6000,-0.0332,25.431,-2.271
176.400,-7.3931,9.6672,-1.27037,18.0000,0.0000,1,ACCEPTED code=1; Nav2 goal accepted; status_seq=3,1661,0.1854,7574,0,0,0,0.000,1,0.6000,-0.0367,25.431,-2.271
176.601,-7.1879,8.8263,-1.26895,18.0000,0.0000,1,ACCEPTED code=1; Nav2 goal accepted; status_seq=3,1663,0.9067,7574,0,0,0,0.000,1,0.6000,-0.0317,25.431,-2.271
176.800,-7.2502,8.8175,-1.38872,18.0000,0.0000,1,ACCEPTED code=1; Nav2 goal accepted; status_seq=3,1665,0.8950,7574,0,0,0,0.000,1,0.6000,-0.0317,24.898,0.000
177.000,-7.2670,8.7880,-1.43296,18.0000,0.0000,1,ACCEPTED code=1; Nav2 goal accepted; status_seq=3,1667,0.8621,7574,0,0,0,0.000,1,0.6000,-0.0217,20.698,2.461
177.200,-7.3814,8.7296,-1.42060,18.0000,0.0000,1,ACCEPTED code=1; Nav2 goal accepted; status_seq=3,1669,0.8027,7574,0,0,0,0.000,1,0.6000,-0.0117,17.548,5.611
177.401,-7.4196,8.6359,-1.40789,18.0000,0.0000,1,ACCEPTED code=1; Nav2 goal accepted; status_seq=3,1671,0.7121,7472,0,0,0,0.000,1,0.6000,-0.0017,14.398,8.761
177.601,-7.4641,8.6634,-1.32573,18.0000,0.0000,1,ACCEPTED code=1; Nav2 goal accepted; status_seq=3,1673,0.7545,7472,0,0,0,0.000,1,0.6000,0.0083,13.348,9.811
177.801,-7.5449,8.7002,-1.41192,18.0000,0.0000,1,ACCEPTED code=1; Nav2 goal accepted; status_seq=3,1675,0.8174,7472,0,0,0,0.000,1,0.6000,0.0018,12.298,10.861
178.000,-7.5830,8.7228,-1.36204,18.0000,0.0000,1,ACCEPTED code=1; Nav2 goal accepted; status_seq=3,1677,0.8526,7472,0,0,0,0.000,1,0.6000,0.0118,9.791,13.368
178.201,-7.6059,8.7413,-1.40060,18.0000,0.0000,1,ACCEPTED code=1; Nav2 goal accepted; status_seq=3,1679,0.8806,7472,0,0,0,0.000,1,0.6000,0.0086,7.216,15.944
178.400,-7.6059,8.7413,-1.40060,18.0000,0.0000,1,ACCEPTED code=1; Nav2 goal accepted; status_seq=3,1681,0.8702,7472,0,0,0,0.000,1,0.6000,0.0186,4.814,18.345
178.600,-7.6059,8.7413,-1.40060,18.0000,0.0000,1,ACCEPTED code=1; Nav2 goal accepted; status_seq=3,1683,0.8702,7438,0,0,0,0.000,0,0.6000,0.0192,48.778,64.910
178.800,-7.6560,8.8544,-1.37842,18.0000,0.0000,1,ACCEPTED code=1; Nav2 goal accepted; status_seq=3,1685,0.9940,7438,0,0,0,0.000,0,0.6000,0.0192,48.778,64.910
179.001,-7.6330,8.8432,-1.35109,18.0000,0.0000,1,ACCEPTED code=1; Nav2 goal accepted; status_seq=3,1687,0.9759,7438,0,0,0,0.000,0,0.6000,0.0114,49.828,63.860
179.200,-7.6281,8.8325,-1.36708,18.0000,0.0000,1,ACCEPTED code=1; Nav2 goal accepted; status_seq=3,1689,0.9636,7438,0,0,0,0.000,0,0.6000,0.0127,51.498,62.190
179.400,-7.6277,8.8275,-1.45790,18.0000,0.0000,1,ACCEPTED code=1; Nav2 goal accepted; status_seq=3,1691,0.9590,7438,0,0,0,0.000,0,0.6000,0.0169,50.794,62.894
179.600,-7.6277,8.8275,-1.45790,18.0000,0.0000,1,ACCEPTED code=1; Nav2 goal accepted; status_seq=3,1693,0.9590,7487,0,0,0,0.000,0,0.6000,0.0269,46.594,67.094
179.801,-7.6277,8.8275,-1.45790,18.0000,0.0000,1,ACCEPTED code=1; Nav2 goal accepted; status_seq=3,1695,0.9590,7487,0,0,0,0.000,0,0.6000,0.0321,46.594,67.094
180.001,-7.6534,8.9909,-1.38398,18.0000,0.0000,1,ACCEPTED code=1; Nav2 goal accepted; status_seq=3,1697,1.1247,7487,0,0,0,0.000,0,0.6000,0.0290,46.594,67.094
180.200,-7.6599,8.9154,-1.48113,18.0000,0.0000,1,ACCEPTED code=1; Nav2 goal accepted; status_seq=3,1699,1.0527,7487,0,0,0,0.000,0,0.6000,0.0290,43.364,70.324
180.400,-7.6663,8.7689,-1.45082,18.0000,0.0000,1,ACCEPTED code=1; Nav2 goal accepted; status_seq=3,1701,0.9243,7487,0,0,0,0.000,0,0.6000,0.0290,44.661,69.027
180.601,-7.6670,8.6775,-1.41753,18.0000,0.0000,1,ACCEPTED code=1; Nav2 goal accepted; status_seq=3,1703,0.8337,7487,0,0,0,0.000,0,0.6000,0.0334,43.611,70.077
180.800,-7.6992,8.6241,-1.31161,18.0000,0.0000,1,ACCEPTED code=1; Nav2 goal accepted; status_seq=3,1705,0.8045,7764,0,0,0,0.000,0,0.6000,0.0268,44.507,69.181
181.001,-7.6992,8.6241,-1.31161,18.0000,0.0000,1,ACCEPTED code=1; Nav2 goal accepted; status_seq=3,1707,0.8045,7764,0,0,0,0.000,0,0.6000,0.0168,47.687,66.001
181.201,-7.4853,8.2326,-1.26805,18.0000,0.0000,1,ACCEPTED code=1; Nav2 goal accepted; status_seq=3,1709,0.3555,7764,0,0,0,0.000,0,0.6000,0.0068,52.937,60.751
181.400,-7.3944,8.0952,-1.35419,18.0000,0.0000,1,ACCEPTED code=1; Nav2 goal accepted; status_seq=3,1711,0.1942,7764,0,0,0,0.000,0,0.6000,-0.0032,58.187,55.501
181.600,-7.3944,8.0952,-1.35419,18.0000,0.0000,1,ACCEPTED code=1; Nav2 goal accepted; status_seq=3,1715,0.0018,7764,0,0,0,0.000,0,0.5000,0.0068,40.893,46.607
181.800,-7.3944,8.0952,-1.35419,18.0000,0.0000,1,ACCEPTED code=1; Nav2 goal accepted; status_seq=3,1717,0.0018,7764,0,0,0,0.000,0,0.5000,0.0168,37.743,49.757
182.000,-7.0674,7.4897,-1.35728,18.0000,0.0000,1,ACCEPTED code=1; Nav2 goal accepted; status_seq=3,1719,0.6856,7785,0,0,0,0.000,1,0.5000,0.0268,2.423,20.736
182.201,-6.9895,7.4709,-1.27040,18.0000,0.0000,1,ACCEPTED code=1; Nav2 goal accepted; status_seq=3,1721,0.7459,7785,0,0,0,0.000,1,0.5000,0.0368,0.000,22.836
182.401,-6.9541,7.4199,-1.33495,18.0000,0.0000,1,ACCEPTED code=1; Nav2 goal accepted; status_seq=3,1723,0.8056,7785,0,0,0,0.000,1,0.5000,0.0468,-2.271,25.431
182.601,-6.7620,7.0754,-1.31316,18.0000,0.0000,1,ACCEPTED code=1; Nav2 goal accepted; status_seq=3,1725,0.6290,7785,0,0,0,0.000,1,0.5000,0.0550,-2.271,25.431
182.800,-6.7434,7.0173,-1.33031,18.0000,0.0000,1,ACCEPTED code=1; Nav2 goal accepted; status_seq=3,1727,0.5650,7785,0,0,0,0.000,1,0.5000,0.0550,-2.271,25.431
183.001,-6.7334,6.9631,-1.33872,18.0000,0.0000,1,ACCEPTED code=1; Nav2 goal accepted; status_seq=3,1729,0.5137,7785,0,0,0,0.000,1,0.5000,0.0550,-2.271,25.431
183.200,-6.7347,6.9353,-1.27139,18.0000,0.0000,1,ACCEPTED code=1; Nav2 goal accepted; status_seq=3,1731,0.4931,7650,0,0,0,0.000,1,0.5000,0.0550,-2.271,25.431
183.400,-6.7226,6.8986,-1.32707,18.0000,0.0000,1,ACCEPTED code=1; Nav2 goal accepted; status_seq=3,1733,0.4565,7650,0,0,0,0.000,1,0.5000,0.0550,-2.271,25.431
183.600,-6.7226,6.8986,-1.32707,18.0000,0.0000,1,ACCEPTED code=1; Nav2 goal accepted; status_seq=3,1735,0.4565,7650,0,0,0,0.000,1,0.5000,0.0550,-2.271,25.431
183.800,-6.8025,6.5295,-1.32905,18.0000,0.0000,1,ACCEPTED code=1; Nav2 goal accepted; status_seq=3,1737,0.3445,7650,0,0,0,0.000,1,0.5000,0.0550,-2.271,25.431
184.001,-6.8334,6.4306,-1.24768,18.0000,0.0000,1,ACCEPTED code=1; Nav2 goal accepted; status_seq=3,1739,0.3811,7650,0,0,0,0.000,0,0.5000,0.0550,24.062,63.438
184.201,-6.8921,6.4175,-1.30258,18.0000,0.0000,1,ACCEPTED code=1; Nav2 goal accepted; status_seq=3,1741,0.4454,7642,0,0,0,0.000,0,0.5000,0.0550,24.062,63.438
184.401,-6.9345,6.3948,-1.28554,18.0000,0.0000,1,ACCEPTED code=1; Nav2 goal accepted; status_seq=3,1743,0.4889,7642,0,0,0,0.000,0,0.5000,0.0550,24.062,63.438
184.600,-6.9548,6.3832,-1.21614,18.0000,0.0000,1,ACCEPTED code=1; Nav2 goal accepted; status_seq=3,1745,0.5132,7642,0,0,0,0.000,0,0.5000,0.0550,24.062,63.438
184.800,-6.9668,6.2989,-1.19866,18.0000,0.0000,1,ACCEPTED code=1; Nav2 goal accepted; status_seq=3,1747,0.5543,7642,0,0,0,0.000,0,0.5000,0.0550,24.062,63.438
185.000,-6.9690,6.2296,-1.22433,18.0000,0.0000,1,ACCEPTED code=1; Nav2 goal accepted; status_seq=3,1749,0.5824,7642,0,0,0,0.000,0,0.5000,0.0550,24.062,63.438
185.200,-6.8896,6.2462,-1.15501,18.0000,0.0000,1,ACCEPTED code=1; Nav2 goal accepted; status_seq=3,1751,0.5064,7642,0,0,0,0.000,0,0.5000,0.0550,24.062,63.438
185.400,-6.8224,6.2023,-1.24362,18.0000,0.0000,1,ACCEPTED code=1; Nav2 goal accepted; status_seq=3,1753,0.4793,7642,0,0,0,0.000,0,0.5000,0.0550,24.062,63.438
185.601,-6.7746,6.1661,-1.17144,18.0000,0.0000,1,ACCEPTED code=1; Nav2 goal accepted; status_seq=3,1755,0.4668,7642,0,0,0,0.000,0,0.5000,0.0550,24.062,63.438
185.800,-6.7155,6.1133,-1.14107,18.0000,0.0000,1,ACCEPTED code=1; Nav2 goal accepted; status_seq=3,1757,0.4843,7419,0,0,0,0.000,0,0.5000,0.0550,24.062,63.438
186.000,-6.6614,6.1564,-1.19450,18.0000,0.0000,1,ACCEPTED code=1; Nav2 goal accepted; status_seq=3,1759,0.4150,7419,0,0,0,0.000,0,0.5000,0.0550,24.062,63.438
186.200,-6.6241,6.1114,-1.19380,18.0000,0.0000,1,ACCEPTED code=1; Nav2 goal accepted; status_seq=3,1761,0.4427,7419,0,0,0,0.000,0,0.5000,0.0550,24.062,63.438
186.401,-6.6066,6.0674,-1.18789,18.0000,0.0000,1,ACCEPTED code=1; Nav2 goal accepted; status_seq=3,1763,0.4785,7419,0,0,0,0.000,0,0.5000,0.0550,24.062,63.438
186.601,-6.5883,6.0620,-1.19619,18.0000,0.0000,1,ACCEPTED code=1; Nav2 goal accepted; status_seq=3,1765,0.4789,7419,0,0,0,0.000,0,0.5000,0.0550,24.062,63.438
186.800,-6.5540,5.9876,-1.13495,18.0000,0.0000,1,ACCEPTED code=1; Nav2 goal accepted; status_seq=3,1767,0.5511,7419,0,0,0,0.000,0,0.5032,0.0545,24.278,64.005
187.000,-6.5458,5.9343,-1.20353,18.0000,0.0000,1,ACCEPTED code=1; Nav2 goal accepted; status_seq=3,1769,0.5947,7529,0,0,0,0.000,0,0.5000,0.0550,24.062,63.438
187.201,-6.5245,5.8816,-1.14232,18.0000,0.0000,1,ACCEPTED code=1; Nav2 goal accepted; status_seq=3,1771,0.6504,7529,0,0,0,0.000,0,0.5183,0.0545,24.062,63.438
187.400,-6.4875,5.7683,-1.13425,18.0000,0.0000,1,ACCEPTED code=1; Nav2 goal accepted; status_seq=3,1773,0.7595,7529,0,0,0,0.000,0,0.5000,0.0545,24.062,63.438
187.600,-6.4873,5.7001,-1.05628,18.0000,0.0000,1,ACCEPTED code=1; Nav2 goal accepted; status_seq=3,1777,0.0645,7529,0,0,0,0.000,0,0.5000,0.0550,24.062,63.438
187.801,-6.4873,5.7001,-1.05628,18.0000,0.0000,1,ACCEPTED code=1; Nav2 goal accepted; status_seq=3,1779,0.0645,7529,0,0,0,0.000,0,0.5934,0.0545,33.029,78.848
188.000,-6.4873,5.7001,-1.05628,18.0000,0.0000,1,ACCEPTED code=1; Nav2 goal accepted; status_seq=3,1781,0.0645,7529,0,0,0,0.000,0,0.5934,0.0545,33.029,78.848
188.200,-6.4873,5.7001,-1.05628,18.0000,0.0000,1,ACCEPTED code=1; Nav2 goal accepted; status_seq=3,1783,0.0645,7430,0,0,0,0.000,0,0.5934,0.0545,33.029,78.848
188.401,-6.4873,5.7001,-1.05628,18.0000,0.0000,1,ACCEPTED code=1; Nav2 goal accepted; status_seq=3,1785,0.0645,7430,0,0,0,0.000,0,0.5934,0.0545,33.029,78.848
188.601,-6.1883,5.0908,-1.11663,18.0000,0.0000,1,ACCEPTED code=1; Nav2 goal accepted; status_seq=3,1787,0.7485,7430,0,0,0,0.000,0,0.5598,0.0545,28.503,74.321
188.800,-6.1842,5.0535,-1.13740,18.0000,0.0000,1,ACCEPTED code=1; Nav2 goal accepted; status_seq=3,1789,0.7620,7430,0,0,0,0.000,0,0.5000,0.0550,28.503,74.321
189.000,-6.1760,4.9962,-1.04113,18.0000,0.0000,1,ACCEPTED code=1; Nav2 goal accepted; status_seq=3,1791,0.8337,7430,0,0,0,0.000,0,0.5000,0.0550,24.736,65.213
189.201,-6.1262,4.9195,-0.99045,18.0000,0.0000,1,ACCEPTED code=1; Nav2 goal accepted; status_seq=3,1793,0.9292,7229,0,0,0,0.000,0,0.5000,0.0550,24.062,63.438
189.400,-6.1262,4.9195,-0.99045,18.0000,0.0000,1,ACCEPTED code=1; Nav2 goal accepted; status_seq=3,1795,0.9222,7229,0,0,0,0.000,0,0.6000,0.0541,34.143,79.545
189.600,-5.8635,4.4936,-1.08064,18.0000,0.0000,1,ACCEPTED code=1; Nav2 goal accepted; status_seq=3,1797,0.5253,7229,0,0,0,0.000,0,0.5931,0.0545,32.980,78.798
189.800,-5.8254,4.3685,-1.08958,18.0000,0.0000,1,ACCEPTED code=1; Nav2 goal accepted; status_seq=3,1799,0.5236,7229,0,0,0,0.000,0,0.5000,0.0550,24.062,63.438
190.000,-5.8611,4.3048,-1.07637,18.0000,0.0000,1,ACCEPTED code=1; Nav2 goal accepted; status_seq=3,1801,0.5514,7229,0,0,0,0.000,0,0.5000,0.0550,24.062,63.438
190.200,-5.8527,4.2777,-1.13662,18.0000,0.0000,1,ACCEPTED code=1; Nav2 goal accepted; status_seq=3,1803,0.5484,7023,0,0,0,0.000,0,0.5000,0.0550,24.062,63.438
190.400,-5.8656,4.0587,-1.08057,18.0000,0.0000,1,ACCEPTED code=1; Nav2 goal accepted; status_seq=3,1805,0.6584,7023,0,0,0,0.000,0,0.5000,0.0550,24.062,63.438
190.601,-5.8651,4.0018,-1.05984,18.0000,0.0000,1,ACCEPTED code=1; Nav2 goal accepted; status_seq=3,1807,0.6891,7023,0,0,0,0.000,0,0.5000,0.0550,24.062,63.438
190.801,-5.8529,3.9551,-1.05897,18.0000,0.0000,1,ACCEPTED code=1; Nav2 goal accepted; status_seq=3,1809,0.7076,7023,0,0,0,0.000,0,0.5000,0.0550,24.062,63.438
191.000,-5.8529,3.9338,-1.05204,18.0000,0.0000,1,ACCEPTED code=1; Nav2 goal accepted; status_seq=3,1811,0.7213,7023,0,0,0,0.000,0,0.5000,0.0550,24.062,63.438
191.200,-5.8337,3.8611,-1.02935,18.0000,0.0000,1,ACCEPTED code=1; Nav2 goal accepted; status_seq=3,1813,0.7565,7023,0,0,0,0.000,0,0.5000,0.0550,24.062,63.438
191.400,-5.8432,3.8567,-1.09567,18.0000,0.0000,1,ACCEPTED code=1; Nav2 goal accepted; status_seq=3,1815,0.7697,6809,0,0,0,0.000,0,0.5000,0.0550,24.062,63.438
191.601,-5.9277,3.6645,-1.04447,18.0000,0.0000,1,ACCEPTED code=1; Nav2 goal accepted; status_seq=3,1817,1.0079,6809,0,0,0,0.000,0,0.5000,0.0550,24.062,63.438
191.800,-5.9282,3.7152,-1.08018,18.0000,0.0000,1,ACCEPTED code=1; Nav2 goal accepted; status_seq=3,1819,0.9325,6809,0,0,0,0.000,0,0.5000,0.0550,24.062,63.438
192.001,-5.8961,3.6963,-1.02913,18.0000,0.0000,1,ACCEPTED code=1; Nav2 goal accepted; status_seq=3,1821,0.8910,6809,0,0,0,0.000,0,0.5000,0.0550,24.062,63.438
192.201,-5.8988,3.6268,-0.97656,18.0000,0.0000,1,ACCEPTED code=1; Nav2 goal accepted; status_seq=3,1823,0.9832,6809,0,0,0,0.000,0,0.5000,0.0550,24.062,63.438
192.412,-5.8584,3.5560,-0.98118,18.0000,0.0000,1,ACCEPTED code=1; Nav2 goal accepted; status_seq=3,1825,1.0197,6809,0,0,0,0.000,0,0.5000,0.0550,24.062,63.438
192.600,-5.8552,3.5430,-0.99600,18.0000,0.0000,1,ACCEPTED code=1; Nav2 goal accepted; status_seq=3,1827,1.0277,6773,0,0,0,0.000,0,0.5000,0.0550,24.062,63.438
192.801,-5.7631,3.3621,-0.96439,18.0000,0.0000,1,ACCEPTED code=1; Nav2 goal accepted; status_seq=3,1829,1.1419,6773,0,0,0,0.000,0,0.5000,0.0550,24.062,63.438
193.000,-5.7457,3.3376,-0.91601,18.0000,0.0000,1,ACCEPTED code=1; Nav2 goal accepted; status_seq=3,1831,1.1649,6773,0,0,0,0.000,0,0.5000,0.0550,24.062,63.438
193.201,-5.6710,3.2209,-0.87276,18.0000,0.0000,1,ACCEPTED code=1; Nav2 goal accepted; status_seq=3,1833,1.2484,6773,0,0,0,0.000,0,0.5000,0.0550,24.062,63.438
193.400,-5.4891,3.1202,-0.87040,18.0000,0.0000,1,ACCEPTED code=1; Nav2 goal accepted; status_seq=3,1835,1.3134,6773,0,0,0,0.000,0,0.5292,0.0545,26.086,68.773
193.600,-5.4887,3.1198,-0.87002,18.0000,0.0000,1,ACCEPTED code=1; Nav2 goal accepted; status_seq=3,1839,0.0024,6773,0,0,0,0.000,0,0.6000,0.0506,35.605,78.083
193.800,-5.4887,3.1198,-0.87002,18.0000,0.0000,1,ACCEPTED code=1; Nav2 goal accepted; status_seq=3,1841,0.0024,6773,0,0,0,0.000,0,0.6000,0.0506,35.605,78.083
194.000,-5.4887,3.1198,-0.87002,18.0000,0.0000,1,ACCEPTED code=1; Nav2 goal accepted; status_seq=3,1843,0.0024,6635,0,0,0,0.000,0,0.6000,0.0506,35.605,78.083
194.201,-5.0136,2.7206,-0.84625,18.0000,0.0000,1,ACCEPTED code=1; Nav2 goal accepted; status_seq=3,1845,0.6208,6635,0,0,0,0.000,0,0.6000,0.0456,36.655,77.033
194.400,-4.9537,2.6454,-0.88616,18.0000,0.0000,1,ACCEPTED code=1; Nav2 goal accepted; status_seq=3,1847,0.7217,6635,0,0,0,0.000,0,0.5820,0.0539,36.292,77.396
194.601,-4.8869,2.5690,-0.80732,18.0000,0.0000,1,ACCEPTED code=1; Nav2 goal accepted; status_seq=3,1849,0.8222,6635,0,0,0,0.000,0,0.6000,0.0528,34.681,79.007
194.801,-4.6014,2.3802,-0.74419,18.0000,0.0000,1,ACCEPTED code=1; Nav2 goal accepted; status_seq=3,1851,0.6181,6635,0,0,0,0.000,0,0.6000,0.0428,38.881,74.807
195.000,-4.5343,2.3392,-0.73273,18.0000,0.0000,1,ACCEPTED code=1; Nav2 goal accepted; status_seq=3,1853,0.5502,6456,0,0,0,0.000,0,0.6000,0.0328,42.031,71.657
195.200,-4.5343,2.3392,-0.73273,18.0000,0.0000,1,ACCEPTED code=1; Nav2 goal accepted; status_seq=3,1855,0.5502,6456,0,0,0,0.000,0,0.6000,0.0233,46.231,67.457
195.400,-4.5343,2.3392,-0.73273,18.0000,0.0000,1,ACCEPTED code=1; Nav2 goal accepted; status_seq=3,1857,0.5502,6456,0,0,0,0.000,0,0.6000,0.0233,47.065,66.623
195.601,-3.9748,2.0231,-0.71432,18.0000,0.0000,1,ACCEPTED code=1; Nav2 goal accepted; status_seq=3,1859,0.1035,6456,0,0,0,0.000,0,0.6000,0.0233,47.065,66.623
195.800,-3.9763,1.9520,-0.68693,18.0000,0.0000,1,ACCEPTED code=1; Nav2 goal accepted; status_seq=3,1861,0.1348,6456,0,0,0,0.000,0,0.6000,0.0148,48.965,64.723
196.001,-3.9763,1.9520,-0.68693,18.0000,0.0000,1,ACCEPTED code=1; Nav2 goal accepted; status_seq=3,1863,0.1348,6456,0,0,0,0.000,0,0.6000,0.0134,51.200,62.488
196.200,-3.7718,1.7994,-0.67120,18.0000,0.0000,1,ACCEPTED code=1; Nav2 goal accepted; status_seq=3,1865,0.3909,6270,0,0,0,0.000,0,0.6000,0.0107,52.250,61.438
196.401,-3.6758,1.7318,-0.70705,18.0000,0.0000,1,ACCEPTED code=1; Nav2 goal accepted; status_seq=3,1867,0.5293,6270,0,0,0,0.000,0,0.6000,0.0102,52.562,61.126
196.600,-3.6289,1.6591,-0.70316,18.0000,0.0000,1,ACCEPTED code=1; Nav2 goal accepted; status_seq=3,1869,0.5897,6270,0,0,0,0.000,0,0.6000,0.0198,50.462,63.226
196.800,-3.6021,1.6441,-0.69331,18.0000,0.0000,1,ACCEPTED code=1; Nav2 goal accepted; status_seq=3,1871,0.6122,6270,0,0,0,0.000,0,0.6000,0.0189,48.613,65.075
197.000,-3.4745,1.5315,-0.71795,18.0000,0.0000,1,ACCEPTED code=1; Nav2 goal accepted; status_seq=3,1873,0.7765,6270,0,0,0,0.000,0,0.6000,0.0156,48.924,64.764
197.201,-3.4648,1.5123,-0.72552,18.0000,0.0000,1,ACCEPTED code=1; Nav2 goal accepted; status_seq=3,1875,0.7943,6270,0,0,0,0.000,0,0.6000,0.0256,46.088,67.600
197.400,-3.4122,1.4426,-0.68332,18.0000,0.0000,1,ACCEPTED code=1; Nav2 goal accepted; status_seq=3,1877,0.8580,6024,0,0,0,0.000,0,0.6000,0.0238,44.755,68.933
197.600,-3.3761,1.3938,-0.68988,18.0000,0.0000,1,ACCEPTED code=1; Nav2 goal accepted; status_seq=3,1879,0.8058,6024,0,0,0,0.000,0,0.6000,0.0248,46.419,67.269
197.801,-3.3245,1.3281,-0.70330,18.0000,0.0000,1,ACCEPTED code=1; Nav2 goal accepted; status_seq=3,1881,0.7255,6024,0,0,0,0.000,0,0.6000,0.0235,46.747,66.941
198.000,-3.2975,1.3161,-0.72908,18.0000,0.0000,1,ACCEPTED code=1; Nav2 goal accepted; status_seq=3,1883,0.6985,6024,0,0,0,0.000,0,0.6000,0.0274,46.747,66.941
198.200,-3.2975,1.3161,-0.72908,18.0000,0.0000,1,ACCEPTED code=1; Nav2 goal accepted; status_seq=3,1885,0.6985,6024,0,0,0,0.000,0,0.6000,0.0337,42.697,70.991
198.400,-3.2975,1.3161,-0.72908,18.0000,0.0000,1,ACCEPTED code=1; Nav2 goal accepted; status_seq=3,1887,0.6985,6151,0,0,0,0.000,0,0.6000,0.0337,42.697,70.991
198.600,-3.2975,1.3161,-0.72908,18.0000,0.0000,1,ACCEPTED code=1; Nav2 goal accepted; status_seq=3,1889,0.6985,6151,0,0,0,0.000,0,0.6000,0.0337,42.697,70.991
198.800,-3.2975,1.3161,-0.72908,18.0000,0.0000,1,ACCEPTED code=1; Nav2 goal accepted; status_seq=3,1891,0.6985,6151,0,0,0,0.000,0,0.6000,0.0337,42.697,70.991
199.000,-3.2975,1.3161,-0.72908,18.0000,0.0000,1,ACCEPTED code=1; Nav2 goal accepted; status_seq=3,1893,0.6985,6151,0,0,0,0.000,0,0.6000,0.0337,42.697,70.991
199.200,-3.2975,1.3161,-0.72908,18.0000,0.0000,1,ACCEPTED code=1; Nav2 goal accepted; status_seq=3,1895,0.6985,6151,0,0,0,0.000,0,0.6000,0.0337,42.697,70.991
199.413,-3.2975,1.3161,-0.72908,18.0000,0.0000,1,ACCEPTED code=1; Nav2 goal accepted; status_seq=3,1897,0.6985,6151,0,0,0,0.000,0,0.6000,0.0337,42.697,70.991
199.600,-2.8283,0.8732,-0.71526,18.0000,0.0000,1,ACCEPTED code=1; Nav2 goal accepted; status_seq=3,1901,0.5722,5856,0,0,0,0.000,0,0.6000,0.0387,40.597,73.091
199.800,-2.9618,0.6207,-0.62511,18.0000,0.0000,1,ACCEPTED code=1; Nav2 goal accepted; status_seq=3,1903,0.7729,5856,0,0,0,0.000,0,0.6000,0.0487,37.447,76.241
200.000,-2.8944,0.5265,-0.63883,18.0000,0.0000,1,ACCEPTED code=1; Nav2 goal accepted; status_seq=3,1905,0.8899,5856,0,0,0,0.000,0,0.6000,0.0471,37.818,75.870
200.201,-2.8483,0.4291,-0.66830,18.0000,0.0000,1,ACCEPTED code=1; Nav2 goal accepted; status_seq=3,1907,0.9940,5856,0,0,0,0.000,0,0.5751,0.0545,31.020,75.864
200.400,-2.7943,0.3335,-0.58806,18.0000,0.0000,1,ACCEPTED code=1; Nav2 goal accepted; status_seq=3,1909,1.0751,5856,0,0,0,0.000,0,0.5531,0.0545,27.784,73.250
200.600,-2.7251,0.2833,-0.64482,18.0000,0.0000,1,ACCEPTED code=1; Nav2 goal accepted; status_seq=3,1911,0.9990,5856,0,0,0,0.000,0,0.6000,0.0517,35.124,78.564
200.800,-2.6525,0.2126,-0.60833,18.0000,0.0000,1,ACCEPTED code=1; Nav2 goal accepted; status_seq=3,1913,0.9256,5856,0,0,0,0.000,0,0.5429,0.0545,27.051,71.316
201.000,-2.6525,0.2126,-0.60833,18.0000,0.0000,1,ACCEPTED code=1; Nav2 goal accepted; status_seq=3,1915,0.9261,5856,0,0,0,0.000,0,0.6000,0.0545,33.965,79.723
201.200,-2.4471,0.0764,-0.56974,18.0000,0.0000,1,ACCEPTED code=1; Nav2 goal accepted; status_seq=3,1917,0.7323,5393,0,0,0,0.000,0,0.6000,0.0545,33.965,79.723
201.400,-2.4108,0.0769,-0.59909,18.0000,0.0000,1,ACCEPTED code=1; Nav2 goal accepted; status_seq=3,1919,0.6977,5393,0,0,0,0.000,0,0.5894,0.0545,33.556,77.214
201.601,-2.2671,-0.0289,-0.60233,18.0000,0.0000,1,ACCEPTED code=1; Nav2 goal accepted; status_seq=3,1921,0.5967,5393,0,0,0,0.000,0,0.5894,0.0545,32.476,78.294
201.800,-2.2297,-0.0651,-0.62119,18.0000,0.0000,1,ACCEPTED code=1; Nav2 goal accepted; status_seq=3,1923,0.5762,5393,0,0,0,0.000,0,0.5043,0.0545,24.355,64.209
202.000,-2.2297,-0.0651,-0.62119,18.0000,0.0000,1,ACCEPTED code=1; Nav2 goal accepted; status_seq=3,1925,0.5762,5393,0,0,0,0.000,0,0.5043,0.0545,24.355,64.209
202.200,-2.2297,-0.0651,-0.62119,18.0000,0.0000,1,ACCEPTED code=1; Nav2 goal accepted; status_seq=3,1927,0.5762,5393,0,0,0,0.000,0,0.5043,0.0545,24.355,64.209
202.401,-1.9513,-0.4427,-0.61676,18.0000,0.0000,1,ACCEPTED code=1; Nav2 goal accepted; status_seq=3,1929,0.7483,5012,0,0,0,0.000,0,0.5043,0.0545,24.355,64.209
202.600,-1.9349,-0.5103,-0.62393,18.0000,0.0000,1,ACCEPTED code=1; Nav2 goal accepted; status_seq=3,1931,0.7558,5012,0,0,0,0.000,0,0.5000,0.0550,24.062,63.438
202.801,-1.9513,-0.5619,-0.58520,18.0000,0.0000,1,ACCEPTED code=1; Nav2 goal accepted; status_seq=3,1933,0.8061,5012,0,0,0,0.000,0,0.5000,0.0550,24.062,63.438
203.001,-1.9492,-0.5883,-0.57508,18.0000,0.0000,1,ACCEPTED code=1; Nav2 goal accepted; status_seq=3,1935,0.8367,5012,0,0,0,0.000,0,0.5000,0.0550,24.062,63.438
203.200,-1.9443,-0.6250,-0.57853,18.0000,0.0000,1,ACCEPTED code=1; Nav2 goal accepted; status_seq=3,1937,0.8708,5012,0,0,0,0.000,0,0.5000,0.0550,24.062,63.438
203.401,-1.9103,-0.7273,-0.53651,18.0000,0.0000,1,ACCEPTED code=1; Nav2 goal accepted; status_seq=3,1939,0.9630,5012,0,0,0,0.000,0,0.5000,0.0546,24.062,63.438
203.600,-1.9026,-0.7581,-0.51335,18.0000,0.0000,1,ACCEPTED code=1; Nav2 goal accepted; status_seq=3,1941,0.9906,4781,0,0,0,0.000,0,0.5000,0.0550,24.062,63.438
203.800,-1.9026,-0.7581,-0.51335,18.0000,0.0000,1,ACCEPTED code=1; Nav2 goal accepted; status_seq=3,1943,0.9906,4781,0,0,0,0.000,0,0.5000,0.0550,24.062,63.438
204.000,-1.9026,-0.7581,-0.51335,18.0000,0.0000,1,ACCEPTED code=1; Nav2 goal accepted; status_seq=3,1945,0.9906,4781,0,0,0,0.000,0,0.5000,0.0550,24.062,63.438
204.200,-1.7562,-0.9340,-0.47782,18.0000,0.0000,1,ACCEPTED code=1; Nav2 goal accepted; status_seq=3,1947,1.1541,4781,0,0,0,0.000,0,0.5000,0.0550,24.062,63.438
204.401,-1.7562,-0.9340,-0.47782,18.0000,0.0000,1,ACCEPTED code=1; Nav2 goal accepted; status_seq=3,1949,1.1508,4781,0,0,0,0.000,0,0.5041,0.0545,24.342,64.176
204.600,-1.5827,-1.0000,-0.43465,18.0000,0.0000,1,ACCEPTED code=1; Nav2 goal accepted; status_seq=3,1951,1.2299,4781,0,0,0,0.000,0,0.5080,0.0545,24.610,64.880
204.800,-1.5827,-1.0000,-0.43465,18.0000,0.0000,1,ACCEPTED code=1; Nav2 goal accepted; status_seq=3,1953,1.2248,4624,0,0,0,0.000,0,0.5869,0.0545,32.136,77.954
205.000,-1.5827,-1.0000,-0.43465,18.0000,0.0000,1,ACCEPTED code=1; Nav2 goal accepted; status_seq=3,1955,1.2248,4624,0,0,0,0.000,0,0.5869,0.0545,32.136,77.954
205.200,-1.5827,-1.0000,-0.43465,18.0000,0.0000,1,ACCEPTED code=1; Nav2 goal accepted; status_seq=3,1957,1.2248,4624,0,0,0,0.000,0,0.5869,0.0545,32.136,77.954
205.400,-1.5827,-1.0000,-0.43465,18.0000,0.0000,1,ACCEPTED code=1; Nav2 goal accepted; status_seq=3,1959,1.2248,4624,0,0,0,0.000,0,0.5869,0.0545,32.136,77.954
205.600,-1.5827,-1.0000,-0.43465,18.0000,0.0000,1,ACCEPTED code=1; Nav2 goal accepted; status_seq=3,1963,0.0003,4624,0,0,0,0.000,0,0.6000,0.0495,36.035,77.653
205.800,-0.7691,-1.1133,-0.38517,18.0000,0.0000,1,ACCEPTED code=1; Nav2 goal accepted; status_seq=3,1965,0.4978,4217,0,0,0,0.000,0,0.6000,0.0395,40.235,73.453
206.000,-0.5611,-1.0599,-0.36358,18.0000,0.0000,1,ACCEPTED code=1; Nav2 goal accepted; status_seq=3,1967,0.5087,4217,0,0,0,0.000,0,0.6000,0.0295,44.435,69.253
206.201,-0.3641,-1.0982,-0.40209,18.0000,0.0000,1,ACCEPTED code=1; Nav2 goal accepted; status_seq=3,1969,0.4106,4217,0,0,0,0.000,0,0.6000,0.0195,46.535,67.153
206.400,-0.2585,-1.1457,-0.33840,18.0000,0.0000,1,ACCEPTED code=1; Nav2 goal accepted; status_seq=3,1971,0.3739,4217,0,0,0,0.000,0,0.6000,0.0095,51.785,61.903
206.600,-0.1862,-1.1630,-0.32758,18.0000,0.0000,1,ACCEPTED code=1; Nav2 goal accepted; status_seq=3,1973,0.3715,4217,0,0,0,0.000,0,0.6000,-0.0005,57.035,56.653
206.800,0.0740,-1.2496,-0.34454,18.0000,0.0000,1,ACCEPTED code=1; Nav2 goal accepted; status_seq=3,1975,0.4734,3898,0,0,0,0.000,0,0.6000,-0.0065,59.135,54.553
207.001,0.2008,-1.3408,-0.32867,18.0000,0.0000,1,ACCEPTED code=1; Nav2 goal accepted; status_seq=3,1977,0.5468,3898,0,0,0,0.000,0,0.6000,-0.0003,56.966,56.722
207.200,0.2517,-1.3853,-0.31119,18.0000,0.0000,1,ACCEPTED code=1; Nav2 goal accepted; status_seq=3,1979,0.5850,3898,0,0,0,0.000,0,0.6000,0.0018,56.095,57.593
207.400,0.4396,-1.4717,-0.31298,18.0000,0.0000,1,ACCEPTED code=1; Nav2 goal accepted; status_seq=3,1981,0.6556,3898,0,0,0,0.000,0,0.6000,-0.0044,58.710,54.978
207.600,0.5748,-1.5347,-0.30622,18.0000,0.0000,1,ACCEPTED code=1; Nav2 goal accepted; status_seq=3,1983,0.5269,3898,0,0,0,0.000,0,0.6000,-0.0067,58.621,55.067
207.800,0.6578,-1.5803,-0.30225,18.0000,0.0000,1,ACCEPTED code=1; Nav2 goal accepted; status_seq=3,1985,0.4419,3817,0,0,0,0.000,0,0.6000,0.0033,56.521,57.167
208.000,0.8408,-1.6774,-0.31328,18.0000,0.0000,1,ACCEPTED code=1; Nav2 goal accepted; status_seq=3,1987,0.2977,3817,0,0,0,0.000,0,0.6000,0.0055,54.549,59.139
208.200,0.8953,-1.6849,-0.32279,18.0000,0.0000,1,ACCEPTED code=1; Nav2 goal accepted; status_seq=3,1989,0.2878,3817,0,0,0,0.000,0,0.6000,0.0130,51.385,62.303
208.401,1.0940,-1.7555,-0.26799,18.0000,0.0000,1,ACCEPTED code=1; Nav2 goal accepted; status_seq=3,1991,0.3130,3817,0,0,0,0.000,0,0.6000,0.0066,54.087,59.601
208.600,1.0956,-1.7521,-0.28254,18.0000,0.0000,1,ACCEPTED code=1; Nav2 goal accepted; status_seq=3,1993,0.3120,3817,0,0,0,0.000,0,0.6000,0.0052,54.674,59.014
208.800,1.0956,-1.7521,-0.28254,18.0000,0.0000,1,ACCEPTED code=1; Nav2 goal accepted; status_seq=3,1995,0.3120,3817,0,0,0,0.000,0,0.6000,0.0052,54.674,59.014
209.000,1.0956,-1.7521,-0.28254,18.0000,0.0000,1,ACCEPTED code=1; Nav2 goal accepted; status_seq=3,1997,0.3120,3817,0,0,0,0.000,0,0.6000,0.0052,54.674,59.014
209.201,1.0956,-1.7521,-0.28254,18.0000,0.0000,1,ACCEPTED code=1; Nav2 goal accepted; status_seq=3,1999,0.3120,3888,0,0,0,0.000,0,0.6000,0.0052,54.674,59.014
209.400,1.7168,-1.9559,-0.27978,18.0000,0.0000,1,ACCEPTED code=1; Nav2 goal accepted; status_seq=3,2001,0.4570,3888,0,0,0,0.000,0,0.6000,0.0102,52.574,61.114
209.600,1.7657,-1.9721,-0.30914,18.0000,0.0000,1,ACCEPTED code=1; Nav2 goal accepted; status_seq=3,2005,0.0482,3888,0,0,0,0.000,0,0.6000,0.0202,49.424,64.264
209.800,1.9937,-2.0460,-0.29095,18.0000,0.0000,1,ACCEPTED code=1; Nav2 goal accepted; status_seq=3,2007,0.2938,3888,0,0,0,0.000,0,0.5518,0.0302,37.687,63.027
210.000,2.0587,-2.0857,-0.31176,18.0000,0.0000,1,ACCEPTED code=1; Nav2 goal accepted; status_seq=3,2009,0.3651,3888,0,0,0,0.000,0,0.5133,0.0402,28.538,62.278
210.200,2.1055,-2.1064,-0.29584,18.0000,0.0000,1,ACCEPTED code=1; Nav2 goal accepted; status_seq=3,2011,0.4137,3888,0,0,0,0.000,0,0.5243,0.0502,26.775,66.815
210.400,2.3218,-2.1864,-0.31436,18.0000,0.0000,1,ACCEPTED code=1; Nav2 goal accepted; status_seq=3,2013,0.6483,3843,0,0,0,0.000,0,0.5243,0.0545,25.737,67.853
210.600,2.3117,-2.2251,-0.34123,18.0000,0.0000,1,ACCEPTED code=1; Nav2 goal accepted; status_seq=3,2015,0.6514,3843,0,0,0,0.000,0,0.5000,0.0550,24.062,63.438
210.801,2.3233,-2.2677,-0.28289,18.0000,0.0000,1,ACCEPTED code=1; Nav2 goal accepted; status_seq=3,2017,0.6793,3843,0,0,0,0.000,0,0.5000,0.0550,24.062,63.438
211.001,2.3856,-2.3351,-0.29130,18.0000,0.0000,1,ACCEPTED code=1; Nav2 goal accepted; status_seq=3,2019,0.7390,3843,0,0,0,0.000,0,0.5090,0.0545,24.680,65.064
211.200,2.3976,-2.3514,-0.30933,18.0000,0.0000,1,ACCEPTED code=1; Nav2 goal accepted; status_seq=3,2021,0.7334,3843,0,0,0,0.000,0,0.5000,0.0550,24.062,63.438
211.400,2.4251,-2.3973,-0.29914,18.0000,0.0000,1,ACCEPTED code=1; Nav2 goal accepted; status_seq=3,2023,0.7286,3843,0,0,0,0.000,0,0.5000,0.0550,24.062,63.438
211.600,2.4182,-2.4166,-0.31482,18.0000,0.0000,1,ACCEPTED code=1; Nav2 goal accepted; status_seq=3,2025,0.7451,3843,0,0,0,0.000,0,0.5000,0.0550,24.062,63.438
211.800,2.4182,-2.4166,-0.31482,18.0000,0.0000,1,ACCEPTED code=1; Nav2 goal accepted; status_seq=3,2027,0.7451,3432,0,0,0,0.000,0,0.5000,0.0550,24.062,63.438
212.001,2.3665,-2.6473,-0.29988,18.0000,0.0000,1,ACCEPTED code=1; Nav2 goal accepted; status_seq=3,2029,0.9177,3432,0,0,0,0.000,0,0.5000,0.0550,24.062,63.438
212.200,2.3483,-2.7322,-0.27947,18.0000,0.0000,1,ACCEPTED code=1; Nav2 goal accepted; status_seq=3,2031,0.9828,3432,0,0,0,0.000,0,0.5000,0.0550,24.062,63.438
212.401,2.3304,-2.8147,-0.23424,18.0000,0.0000,1,ACCEPTED code=1; Nav2 goal accepted; status_seq=3,2033,1.0553,3432,0,0,0,0.000,0,0.5000,0.0550,24.062,63.438
212.600,2.3291,-2.7853,-0.21896,18.0000,0.0000,1,ACCEPTED code=1; Nav2 goal accepted; status_seq=3,2035,1.0338,3432,0,0,0,0.000,0,0.5000,0.0550,24.062,63.438
212.800,2.3351,-2.7965,-0.24223,18.0000,0.0000,1,ACCEPTED code=1; Nav2 goal accepted; status_seq=3,2037,1.0410,3432,0,0,0,0.000,0,0.5000,0.0550,24.062,63.438
213.000,2.3620,-2.7954,-0.21130,18.0000,0.0000,1,ACCEPTED code=1; Nav2 goal accepted; status_seq=3,2039,1.0180,3187,0,0,0,0.000,0,0.5000,0.0550,24.062,63.438
213.201,2.4198,-2.7697,-0.20747,18.0000,0.0000,1,ACCEPTED code=1; Nav2 goal accepted; status_seq=3,2041,0.9604,3187,0,0,0,0.000,0,0.5000,0.0550,24.062,63.438
213.401,2.4875,-2.7145,-0.26035,18.0000,0.0000,1,ACCEPTED code=1; Nav2 goal accepted; status_seq=3,2043,0.8683,3187,0,0,0,0.000,0,0.5000,0.0550,24.062,63.438
213.601,2.5698,-2.6517,-0.21315,18.0000,0.0000,1,ACCEPTED code=1; Nav2 goal accepted; status_seq=3,2045,0.7710,3187,0,0,0,0.000,0,0.5000,0.0550,24.062,63.438
213.800,2.5897,-2.6529,-0.20786,18.0000,0.0000,1,ACCEPTED code=1; Nav2 goal accepted; status_seq=3,2047,0.7621,3187,0,0,0,0.000,0,0.5000,0.0550,24.062,63.438
214.000,2.7562,-2.5647,-0.18559,18.0000,0.0000,1,ACCEPTED code=1; Nav2 goal accepted; status_seq=3,2049,0.5892,3187,0,0,0,0.000,0,0.5684,0.0545,27.564,72.668
214.200,2.7586,-2.5649,-0.18854,18.0000,0.0000,1,ACCEPTED code=1; Nav2 goal accepted; status_seq=3,2051,0.5908,3322,0,0,0,0.000,0,0.5495,0.0545,27.527,72.572
214.401,2.9118,-2.5634,-0.17866,18.0000,0.0000,1,ACCEPTED code=1; Nav2 goal accepted; status_seq=3,2053,0.5398,3322,0,0,0,0.000,0,0.5495,0.0545,27.527,72.572
214.600,2.9652,-2.5854,-0.20012,18.0000,0.0000,1,ACCEPTED code=1; Nav2 goal accepted; status_seq=3,2057,0.4420,3322,0,0,0,0.000,0,0.5143,0.0545,25.044,66.024
214.800,3.1434,-2.6643,-0.13883,18.0000,0.0000,1,ACCEPTED code=1; Nav2 goal accepted; status_seq=3,2059,0.6168,3322,0,0,0,0.000,1,0.5000,0.0445,-2.271,25.431
215.001,3.2422,-2.7001,-0.19827,18.0000,0.0000,1,ACCEPTED code=1; Nav2 goal accepted; status_seq=3,2061,0.7294,3322,0,0,0,0.000,1,0.5000,0.0345,-2.271,25.431
215.200,3.2486,-2.7096,-0.16343,18.0000,0.0000,1,ACCEPTED code=1; Nav2 goal accepted; status_seq=3,2063,0.7117,3397,0,0,0,0.000,1,0.5000,0.0245,0.000,21.889
215.400,3.4392,-2.7956,-0.16544,18.0000,0.0000,1,ACCEPTED code=1; Nav2 goal accepted; status_seq=3,2065,0.9113,3397,0,0,0,0.000,1,0.5000,0.0145,4.421,18.739
215.600,3.5602,-2.8875,-0.17038,18.0000,0.0000,1,ACCEPTED code=1; Nav2 goal accepted; status_seq=3,2067,0.8244,3397,0,0,0,0.000,1,0.5000,0.0045,9.671,13.489
215.801,3.6480,-2.9327,-0.09387,18.0000,0.0000,1,ACCEPTED code=1; Nav2 goal accepted; status_seq=3,2069,0.7911,3397,0,0,0,0.000,1,0.5000,-0.0055,9.671,13.489
216.001,3.7146,-2.9456,-0.08227,18.0000,0.0000,1,ACCEPTED code=1; Nav2 goal accepted; status_seq=3,2071,0.7313,3397,0,0,0,0.000,1,0.5000,-0.0155,13.871,9.289
216.200,3.7603,-2.9672,-0.12169,18.0000,0.0000,1,ACCEPTED code=1; Nav2 goal accepted; status_seq=3,2073,0.6816,3397,0,0,0,0.000,1,0.5000,-0.0255,22.271,0.000
216.401,3.8791,-3.0564,-0.09236,18.0000,0.0000,1,ACCEPTED code=1; Nav2 goal accepted; status_seq=3,2075,0.5266,3517,0,0,0,0.000,1,0.5000,-0.0355,25.421,-2.261
216.601,4.0460,-3.1762,-0.11688,18.0000,0.0000,1,ACCEPTED code=1; Nav2 goal accepted; status_seq=3,2077,0.3310,3517,0,0,0,0.000,1,0.5000,-0.0455,25.431,-2.271
216.800,4.0780,-3.2305,-0.10717,18.0000,0.0000,1,ACCEPTED code=1; Nav2 goal accepted; status_seq=3,2079,0.2696,3517,0,0,0,0.000,1,0.5000,-0.0550,25.431,-2.271
217.000,4.1247,-3.2720,-0.12387,18.0000,0.0000,1,ACCEPTED code=1; Nav2 goal accepted; status_seq=3,2081,0.2054,3517,0,0,0,0.000,1,0.5000,-0.0550,25.431,-2.271
217.200,4.1566,-3.3020,-0.09719,18.0000,0.0000,1,ACCEPTED code=1; Nav2 goal accepted; status_seq=3,2083,0.1666,3517,0,0,0,0.000,1,0.5045,-0.0545,25.431,-2.271
217.400,4.2098,-3.3322,-0.11161,18.0000,0.0000,1,ACCEPTED code=1; Nav2 goal accepted; status_seq=3,2085,0.1061,3326,0,0,0,0.000,1,0.5000,-0.0550,25.431,-2.271
217.601,4.2550,-3.3555,-0.06598,18.0000,0.0000,1,ACCEPTED code=1; Nav2 goal accepted; status_seq=3,2087,0.0557,3326,0,0,0,0.000,1,0.5000,-0.0550,25.431,-2.271
217.800,4.3065,-3.3388,-0.11158,18.0000,0.0000,1,ACCEPTED code=1; Nav2 goal accepted; status_seq=3,2089,0.0355,3326,0,0,0,0.000,1,0.5000,-0.0550,25.431,-2.271
218.000,4.3294,-3.3258,-0.11355,18.0000,0.0000,1,ACCEPTED code=1; Nav2 goal accepted; status_seq=3,2091,0.0526,3326,0,0,0,0.000,1,0.5000,-0.0550,25.431,-2.271
218.200,4.3294,-3.3258,-0.11355,18.0000,0.0000,1,ACCEPTED code=1; Nav2 goal accepted; status_seq=3,2093,0.0526,3326,0,0,0,0.000,1,0.5000,-0.0550,25.431,-2.271
218.401,4.4978,-3.2658,-0.09819,18.0000,0.0000,1,ACCEPTED code=1; Nav2 goal accepted; status_seq=3,2095,0.2202,3326,0,0,0,0.000,1,0.5000,-0.0550,25.431,-2.271
218.600,4.6240,-3.2037,-0.07322,18.0000,0.0000,1,ACCEPTED code=1; Nav2 goal accepted; status_seq=3,2099,0.0934,3091,0,0,0,0.000,1,0.5000,-0.0550,25.431,-2.271
218.801,4.6886,-3.1117,-0.11464,18.0000,0.0000,1,ACCEPTED code=1; Nav2 goal accepted; status_seq=3,2101,0.1987,3091,0,0,0,0.000,1,0.6000,-0.0450,25.431,-2.271
219.001,4.7718,-3.0402,-0.10685,18.0000,0.0000,1,ACCEPTED code=1; Nav2 goal accepted; status_seq=3,2103,0.3090,3091,0,0,0,0.000,0,0.6000,-0.0350,71.544,42.144
219.200,4.8014,-2.9678,-0.10363,18.0000,0.0000,1,ACCEPTED code=1; Nav2 goal accepted; status_seq=3,2105,0.3788,3091,0,0,0,0.000,0,0.5447,-0.0250,59.922,38.922
219.401,4.9154,-2.8541,-0.14001,18.0000,0.0000,1,ACCEPTED code=1; Nav2 goal accepted; status_seq=3,2107,0.5672,3091,0,0,0,0.000,0,0.6000,-0.0150,63.144,50.544
219.601,4.9500,-2.8164,-0.13818,18.0000,0.0000,1,ACCEPTED code=1; Nav2 goal accepted; status_seq=3,2109,0.5956,3458,0,0,0,0.000,0,0.6000,-0.0050,58.944,54.744
219.801,5.0659,-2.7692,-0.11349,18.0000,0.0000,1,ACCEPTED code=1; Nav2 goal accepted; status_seq=3,2111,0.7043,3458,0,0,0,0.000,0,0.6000,0.0050,54.744,58.944
220.001,5.1877,-2.7187,-0.09504,18.0000,0.0000,1,ACCEPTED code=1; Nav2 goal accepted; status_seq=3,2113,0.8285,3458,0,0,0,0.000,0,0.6000,0.0150,50.544,63.144
220.201,5.2953,-2.7326,-0.06042,18.0000,0.0000,1,ACCEPTED code=1; Nav2 goal accepted; status_seq=3,2115,0.9034,3458,0,0,0,0.000,0,0.5447,0.0190,41.462,57.381
220.400,5.2953,-2.7326,-0.06042,18.0000,0.0000,1,ACCEPTED code=1; Nav2 goal accepted; status_seq=3,2117,0.9034,3458,0,0,0,0.000,0,0.5447,0.0204,40.863,57.981
220.600,5.6479,-2.7020,-0.05716,18.0000,0.0000,1,ACCEPTED code=1; Nav2 goal accepted; status_seq=3,2119,0.9948,3458,0,0,0,0.000,0,0.5447,0.0274,37.894,60.950
220.800,5.6479,-2.7020,-0.05716,18.0000,0.0000,1,ACCEPTED code=1; Nav2 goal accepted; status_seq=3,2121,0.9955,3458,0,0,0,0.000,0,0.6000,0.0279,45.135,68.553
221.000,5.6479,-2.7020,-0.05716,18.0000,0.0000,1,ACCEPTED code=1; Nav2 goal accepted; status_seq=3,2123,0.9955,3615,0,0,0,0.000,0,0.6000,0.0279,45.135,68.553
221.200,6.2242,-2.6360,-0.05259,18.0000,0.0000,1,ACCEPTED code=1; Nav2 goal accepted; status_seq=3,2125,0.6776,3615,0,0,0,0.000,0,0.6000,0.0279,45.135,68.553
221.401,6.3066,-2.6392,-0.08634,18.0000,0.0000,1,ACCEPTED code=1; Nav2 goal accepted; status_seq=3,2127,0.6378,3615,0,0,0,0.000,0,0.5000,0.0359,28.674,58.826
221.600,6.3804,-2.6317,-0.04599,18.0000,0.0000,1,ACCEPTED code=1; Nav2 goal accepted; status_seq=3,2129,0.6322,3615,0,0,0,0.000,0,0.5447,0.0353,34.576,64.268
221.800,6.6411,-2.6332,-0.06224,18.0000,0.0000,1,ACCEPTED code=1; Nav2 goal accepted; status_seq=3,2131,0.6463,3615,0,0,0,0.000,0,0.5447,0.0392,34.008,64.836
222.000,6.7860,-2.6466,-0.06162,18.0000,0.0000,1,ACCEPTED code=1; Nav2 goal accepted; status_seq=3,2133,0.6877,3615,0,0,0,0.000,0,0.5000,0.0386,27.554,59.946
222.200,6.8515,-2.6590,-0.10472,18.0000,0.0000,1,ACCEPTED code=1; Nav2 goal accepted; status_seq=3,2135,0.7071,3831,0,0,0,0.000,0,0.5000,0.0411,26.493,61.007
222.400,6.8515,-2.6590,-0.10472,18.0000,0.0000,1,ACCEPTED code=1; Nav2 goal accepted; status_seq=3,2137,0.7070,3831,0,0,0,0.000,0,0.5000,0.0511,24.062,63.438
222.600,7.0620,-2.7532,-0.06608,18.0000,0.0000,1,ACCEPTED code=1; Nav2 goal accepted; status_seq=3,2139,0.7754,3831,0,0,0,0.000,0,0.5000,0.0520,24.062,63.438
222.800,7.1539,-2.7994,-0.01733,18.0000,0.0000,1,ACCEPTED code=1; Nav2 goal accepted; status_seq=3,2141,0.8229,3831,0,0,0,0.000,0,0.5000,0.0533,24.062,63.438
223.000,7.1596,-2.8013,-0.01150,18.0000,0.0000,1,ACCEPTED code=1; Nav2 goal accepted; status_seq=3,2143,0.8219,3831,0,0,0,0.000,0,0.5177,0.0462,26.544,65.368
223.201,7.3761,-2.8408,-0.02097,18.0000,0.0000,1,ACCEPTED code=1; Nav2 goal accepted; status_seq=3,2147,0.3268,3703,0,0,0,0.000,0,0.5177,0.0462,26.544,65.368
223.401,7.3874,-2.8075,-0.04109,18.0000,0.0000,1,ACCEPTED code=1; Nav2 goal accepted; status_seq=3,2149,0.3221,3703,0,0,0,0.000,0,0.5000,0.0362,28.538,58.962
223.600,7.5146,-2.7913,0.00379,18.0000,0.0000,1,ACCEPTED code=1; Nav2 goal accepted; status_seq=3,2151,0.4446,3703,0,0,0,0.000,0,0.5000,0.0262,32.738,54.762
223.800,7.5251,-2.7917,0.01674,18.0000,0.0000,1,ACCEPTED code=1; Nav2 goal accepted; status_seq=3,2153,0.4483,3703,0,0,0,0.000,0,0.5000,0.0162,36.938,50.562
224.000,7.6970,-2.7492,0.04413,18.0000,0.0000,1,ACCEPTED code=1; Nav2 goal accepted; status_seq=3,2155,0.6294,3703,0,0,0,0.000,0,0.5000,0.0062,40.088,47.412
224.200,7.7244,-2.7423,0.04000,18.0000,0.0000,1,ACCEPTED code=1; Nav2 goal accepted; status_seq=3,2157,0.6369,3703,0,0,0,0.000,0,0.5000,-0.0038,45.338,42.162
224.401,7.7244,-2.7423,0.04000,18.0000,0.0000,1,ACCEPTED code=1; Nav2 goal accepted; status_seq=3,2159,0.6369,3603,0,0,0,0.000,0,0.5000,-0.0138,49.538,37.962
224.601,7.9937,-2.6915,-0.02235,18.0000,0.0000,1,ACCEPTED code=1; Nav2 goal accepted; status_seq=3,2161,0.9010,3603,0,0,0,0.000,0,0.5000,-0.0238,52.688,34.812
224.801,8.0314,-2.6781,0.00285,18.0000,0.0000,1,ACCEPTED code=1; Nav2 goal accepted; status_seq=3,2163,0.9422,3603,0,0,0,0.000,0,0.5000,-0.0338,56.888,30.612
225.001,8.0676,-2.6620,0.02736,18.0000,0.0000,1,ACCEPTED code=1; Nav2 goal accepted; status_seq=3,2165,0.9798,3603,0,0,0,0.000,0,0.5000,-0.0438,62.138,25.362
225.201,8.1285,-2.6456,-0.01951,18.0000,0.0000,1,ACCEPTED code=1; Nav2 goal accepted; status_seq=3,2167,0.9520,3603,0,0,0,0.000,0,0.5000,-0.0538,63.438,24.062
225.400,8.1311,-2.6463,-0.02840,18.0000,0.0000,1,ACCEPTED code=1; Nav2 goal accepted; status_seq=3,2169,0.9507,3807,0,0,0,0.000,0,0.5000,-0.0550,63.438,24.062
225.600,8.1926,-2.7854,-0.07473,18.0000,0.0000,1,ACCEPTED code=1; Nav2 goal accepted; status_seq=3,2171,0.8358,3807,0,0,0,0.000,0,0.5000,-0.0550,63.438,24.062
225.800,8.1630,-2.8536,-0.05263,18.0000,0.0000,1,ACCEPTED code=1; Nav2 goal accepted; status_seq=3,2173,0.8170,3807,0,0,0,0.000,0,0.5000,-0.0550,63.438,24.062
226.000,8.1705,-2.8921,-0.00714,18.0000,0.0000,1,ACCEPTED code=1; Nav2 goal accepted; status_seq=3,2175,0.7959,3807,0,0,0,0.000,0,0.5000,-0.0550,63.438,24.062
226.200,8.1828,-3.0556,-0.04318,18.0000,0.0000,1,ACCEPTED code=1; Nav2 goal accepted; status_seq=3,2177,0.7373,3807,0,0,0,0.000,0,0.5000,-0.0550,63.438,24.062
226.401,8.2179,-3.1470,-0.03683,18.0000,0.0000,1,ACCEPTED code=1; Nav2 goal accepted; status_seq=3,2179,0.6873,3807,0,0,0,0.000,0,0.5000,-0.0550,63.438,24.062
226.601,8.2200,-3.1916,-0.07926,18.0000,0.0000,1,ACCEPTED code=1; Nav2 goal accepted; status_seq=3,2181,0.6869,3981,0,0,0,0.000,0,0.5177,-0.0532,66.082,25.065
226.800,8.2066,-3.2546,-0.06113,18.0000,0.0000,1,ACCEPTED code=1; Nav2 goal accepted; status_seq=3,2183,0.6427,3981,0,0,0,0.000,0,0.5177,-0.0445,65.135,26.777
227.000,8.2116,-3.3622,-0.09875,18.0000,0.0000,1,ACCEPTED code=1; Nav2 goal accepted; status_seq=3,2185,0.5152,3981,0,0,0,0.000,0,0.5177,-0.0490,65.496,26.416
227.200,8.2167,-3.3696,-0.10002,18.0000,0.0000,1,ACCEPTED code=1; Nav2 goal accepted; status_seq=3,2187,0.5292,3981,0,0,0,0.000,0,0.5909,-0.0390,71.982,39.201
227.401,8.2167,-3.3696,-0.10002,18.0000,0.0000,1,ACCEPTED code=1; Nav2 goal accepted; status_seq=3,2189,0.5292,3981,0,0,0,0.000,0,0.5909,-0.0370,71.111,40.072
227.600,8.2167,-3.3696,-0.10002,18.0000,0.0000,1,ACCEPTED code=1; Nav2 goal accepted; status_seq=3,2191,0.5292,3981,0,0,0,0.000,0,0.5000,-0.0313,56.882,30.618
227.800,8.2167,-3.3696,-0.10002,18.0000,0.0000,1,ACCEPTED code=1; Nav2 goal accepted; status_seq=3,2195,0.0016,3981,0,0,0,0.000,0,0.5000,-0.0363,58.982,28.518
228.000,8.2167,-3.3696,-0.10002,18.0000,0.0000,1,ACCEPTED code=1; Nav2 goal accepted; status_seq=3,2197,0.0016,3720,0,0,0,0.000,0,0.5000,-0.0463,62.132,25.368
228.200,8.2774,-3.6226,-0.12852,18.0000,0.0000,1,ACCEPTED code=1; Nav2 goal accepted; status_seq=3,2199,0.1994,3720,0,0,0,0.000,0,0.5000,-0.0550,63.438,24.062
228.400,8.2785,-3.6509,-0.17876,18.0000,0.0000,1,ACCEPTED code=1; Nav2 goal accepted; status_seq=3,2201,0.2888,3720,0,0,0,0.000,0,0.5447,-0.0495,71.281,27.563
228.601,8.3856,-3.6567,-0.18431,18.0000,0.0000,1,ACCEPTED code=1; Nav2 goal accepted; status_seq=3,2203,0.3259,3720,0,0,0,0.000,0,0.5447,-0.0474,69.341,29.503
228.800,8.4786,-3.8145,-0.21519,18.0000,0.0000,1,ACCEPTED code=1; Nav2 goal accepted; status_seq=3,2205,0.5391,3720,0,0,0,0.000,0,0.5447,-0.0428,67.418,31.425
229.001,8.4876,-3.8192,-0.20499,18.0000,0.0000,1,ACCEPTED code=1; Nav2 goal accepted; status_seq=3,2207,0.5253,3348,0,0,0,0.000,0,0.5447,-0.0397,66.116,32.728
229.200,8.4876,-3.8192,-0.20499,18.0000,0.0000,1,ACCEPTED code=1; Nav2 goal accepted; status_seq=3,2209,0.5253,3348,0,0,0,0.000,0,0.5447,-0.0397,66.116,32.728
229.400,8.4876,-3.8192,-0.20499,18.0000,0.0000,1,ACCEPTED code=1; Nav2 goal accepted; status_seq=3,2211,0.5253,3348,0,0,0,0.000,0,0.5000,-0.0365,59.074,28.426
229.600,8.4876,-3.8192,-0.20499,18.0000,0.0000,1,ACCEPTED code=1; Nav2 goal accepted; status_seq=3,2213,0.5253,3348,0,0,0,0.000,0,0.5000,-0.0365,59.074,28.426
229.801,8.8180,-3.8821,-0.22716,18.0000,0.0000,1,ACCEPTED code=1; Nav2 goal accepted; status_seq=3,2215,0.7903,3348,0,0,0,0.000,0,0.5000,-0.0326,58.024,29.476
230.000,8.9210,-3.8945,-0.25058,18.0000,0.0000,1,ACCEPTED code=1; Nav2 goal accepted; status_seq=3,2217,0.8787,3348,0,0,0,0.000,0,0.5909,-0.0426,66.944,33.288
230.200,8.9919,-3.8912,-0.25330,18.0000,0.0000,1,ACCEPTED code=1; Nav2 goal accepted; status_seq=3,2219,0.9364,2955,0,0,0,0.000,0,0.5000,-0.0373,59.424,28.076
230.401,9.0685,-3.9003,-0.23694,18.0000,0.0000,1,ACCEPTED code=1; Nav2 goal accepted; status_seq=3,2221,0.8874,2955,0,0,0,0.000,0,0.5000,-0.0398,60.486,27.014
230.600,9.1801,-3.9013,-0.26301,18.0000,0.0000,1,ACCEPTED code=1; Nav2 goal accepted; status_seq=3,2223,0.7779,2955,0,0,0,0.000,0,0.5909,-0.0498,75.478,35.705
230.800,9.3759,-3.9089,-0.25636,18.0000,0.0000,1,ACCEPTED code=1; Nav2 goal accepted; status_seq=3,2225,0.5926,2955,0,0,0,0.000,0,0.5909,-0.0496,76.407,34.777
231.000,9.4482,-3.9153,-0.28651,18.0000,0.0000,1,ACCEPTED code=1; Nav2 goal accepted; status_seq=3,2227,0.5230,2955,0,0,0,0.000,0,0.5909,-0.0542,78.349,32.834
231.200,9.4482,-3.9153,-0.28651,18.0000,0.0000,1,ACCEPTED code=1; Nav2 goal accepted; status_seq=3,2229,0.5230,2955,0,0,0,0.000,0,0.5909,-0.0447,74.374,36.809
231.400,9.4482,-3.9153,-0.28651,18.0000,0.0000,1,ACCEPTED code=1; Nav2 goal accepted; status_seq=3,2231,0.5230,2560,0,0,0,0.000,0,0.5909,-0.0447,74.374,36.809
231.601,9.8505,-4.0072,-0.29124,18.0000,0.0000,1,ACCEPTED code=1; Nav2 goal accepted; status_seq=3,2233,0.1332,2560,0,0,0,0.000,0,0.6000,-0.0459,76.126,37.562
231.800,9.9077,-4.0251,-0.29680,18.0000,0.0000,1,ACCEPTED code=1; Nav2 goal accepted; status_seq=3,2235,0.0931,2560,0,0,0,0.000,0,0.6000,-0.0505,78.070,35.618
232.001,10.1060,-4.0793,-0.26897,18.0000,0.0000,1,ACCEPTED code=1; Nav2 goal accepted; status_seq=3,2237,0.1810,2560,0,0,0,0.000,0,0.6000,-0.0520,78.677,35.011
232.200,10.2447,-4.0868,-0.32038,18.0000,0.0000,1,ACCEPTED code=1; Nav2 goal accepted; status_seq=3,2241,0.3646,2560,0,0,0,0.000,0,0.6000,-0.0540,78.898,33.528
232.400,10.3048,-4.0818,-0.30933,18.0000,0.0000,1,ACCEPTED code=1; Nav2 goal accepted; status_seq=3,2243,0.4175,2560,0,0,0,0.000,0,0.5800,-0.0545,77.020,31.202
232.600,10.4408,-4.1086,-0.30926,18.0000,0.0000,1,ACCEPTED code=1; Nav2 goal accepted; status_seq=3,2245,0.5592,2088,0,0,0,0.000,0,0.5761,-0.0545,76.496,30.678
232.801,10.5460,-4.1462,-0.34613,18.0000,0.0000,1,ACCEPTED code=1; Nav2 goal accepted; status_seq=3,2247,0.6691,2088,0,0,0,0.000,0,0.6000,-0.0496,77.693,35.995
233.000,10.6684,-4.1747,-0.32636,18.0000,0.0000,1,ACCEPTED code=1; Nav2 goal accepted; status_seq=3,2249,0.7924,2088,0,0,0,0.000,0,0.5814,-0.0545,77.203,31.385
233.200,10.6768,-4.1752,-0.34736,18.0000,0.0000,1,ACCEPTED code=1; Nav2 goal accepted; status_seq=3,2251,0.8000,2088,0,0,0,0.000,0,0.6000,-0.0544,79.704,33.984
233.401,10.8485,-4.2283,-0.35776,18.0000,0.0000,1,ACCEPTED code=1; Nav2 goal accepted; status_seq=3,2253,0.9814,2088,0,0,0,0.000,0,0.5812,-0.0545,77.181,31.363
233.600,10.8831,-4.2492,-0.39553,18.0000,0.0000,1,ACCEPTED code=1; Nav2 goal accepted; status_seq=3,2255,0.9467,2088,0,0,0,0.000,0,0.6000,-0.0495,77.653,36.035
233.800,10.8831,-4.2492,-0.39553,18.0000,0.0000,1,ACCEPTED code=1; Nav2 goal accepted; status_seq=3,2257,0.9467,2088,0,0,0,0.000,0,0.6000,-0.0476,76.837,36.851
234.000,10.8831,-4.2492,-0.39553,18.0000,0.0000,1,ACCEPTED code=1; Nav2 goal accepted; status_seq=3,2259,0.9467,2088,0,0,0,0.000,0,0.6000,-0.0476,76.837,36.851
234.200,10.8831,-4.2492,-0.39553,18.0000,0.0000,1,ACCEPTED code=1; Nav2 goal accepted; status_seq=3,2261,0.9467,2088,0,0,0,0.000,0,0.6000,-0.0476,76.837,36.851
234.400,11.1415,-4.4219,-0.38632,18.0000,0.0000,1,ACCEPTED code=1; Nav2 goal accepted; status_seq=3,2263,0.6328,1887,0,0,0,0.000,0,0.6000,-0.0463,76.302,37.386
234.601,11.2706,-4.5039,-0.41358,18.0000,0.0000,1,ACCEPTED code=1; Nav2 goal accepted; status_seq=3,2265,0.4821,1887,0,0,0,0.000,0,0.6000,-0.0486,77.255,36.433
234.800,11.3764,-4.5236,-0.39337,18.0000,0.0000,1,ACCEPTED code=1; Nav2 goal accepted; status_seq=3,2267,0.3969,1887,0,0,0,0.000,0,0.6000,-0.0449,75.712,37.976
235.001,11.5434,-4.5143,-0.39679,18.0000,0.0000,1,ACCEPTED code=1; Nav2 goal accepted; status_seq=3,2269,0.3363,1887,0,0,0,0.000,0,0.5754,-0.0545,75.505,31.470
235.200,11.7041,-4.5170,-0.39340,18.0000,0.0000,1,ACCEPTED code=1; Nav2 goal accepted; status_seq=3,2271,0.3239,1887,0,0,0,0.000,0,0.5404,-0.0545,70.863,26.879
235.401,11.7930,-4.4946,-0.40167,18.0000,0.0000,1,ACCEPTED code=1; Nav2 goal accepted; status_seq=3,2273,0.3744,1820,0,0,0,0.000,0,0.5000,-0.0550,63.438,24.062
235.601,12.1406,-4.4248,-0.43586,18.0000,0.0000,1,ACCEPTED code=1; Nav2 goal accepted; status_seq=3,2275,0.6583,1820,0,0,0,0.000,0,0.5000,-0.0550,63.438,24.062
235.800,12.2060,-4.4045,-0.47005,18.0000,0.0000,1,ACCEPTED code=1; Nav2 goal accepted; status_seq=3,2277,0.7167,1820,0,0,0,0.000,0,0.5000,-0.0550,63.438,24.062
236.000,12.2060,-4.4045,-0.47005,18.0000,0.0000,1,ACCEPTED code=1; Nav2 goal accepted; status_seq=3,2279,0.7167,1820,0,0,0,0.000,0,0.5000,-0.0550,63.438,24.062
236.200,12.2060,-4.4045,-0.47005,18.0000,0.0000,1,ACCEPTED code=1; Nav2 goal accepted; status_seq=3,2281,0.7167,1820,0,0,0,0.000,0,0.5000,-0.0550,63.438,24.062
236.400,12.7350,-4.3038,-0.48858,18.0000,0.0000,1,ACCEPTED code=1; Nav2 goal accepted; status_seq=3,2283,1.2230,1820,0,0,0,0.000,0,0.5000,-0.0550,63.438,24.062
236.600,12.8203,-4.2947,-0.50795,18.0000,0.0000,1,ACCEPTED code=1; Nav2 goal accepted; status_seq=3,2287,0.6234,1518,0,0,0,0.000,0,0.5000,-0.0550,63.438,24.062
236.800,12.8203,-4.2947,-0.50795,18.0000,0.0000,1,ACCEPTED code=1; Nav2 goal accepted; status_seq=3,2289,0.6234,1518,0,0,0,0.000,0,0.5000,-0.0550,63.438,24.062
237.001,13.0692,-4.2868,-0.51434,18.0000,0.0000,1,ACCEPTED code=1; Nav2 goal accepted; status_seq=3,2291,0.8712,1518,0,0,0,0.000,0,0.5000,-0.0550,63.438,24.062
237.200,13.1179,-4.3177,-0.52358,18.0000,0.0000,1,ACCEPTED code=1; Nav2 goal accepted; status_seq=3,2293,0.9164,1518,0,0,0,0.000,0,0.5000,-0.0550,63.438,24.062
237.400,13.1528,-4.3244,-0.51779,18.0000,0.0000,1,ACCEPTED code=1; Nav2 goal accepted; status_seq=3,2295,0.9494,1518,0,0,0,0.000,0,0.5000,-0.0550,63.438,24.062
237.600,13.1528,-4.3244,-0.51779,18.0000,0.0000,1,ACCEPTED code=1; Nav2 goal accepted; status_seq=3,2297,0.9494,1518,0,0,0,0.000,0,0.5000,-0.0550,63.438,24.062
237.801,13.4022,-4.4411,-0.53260,18.0000,0.0000,1,ACCEPTED code=1; Nav2 goal accepted; status_seq=3,2299,1.1962,1530,0,0,0,0.000,0,0.5000,-0.0550,63.438,24.062
238.001,13.4022,-4.4411,-0.53260,18.0000,0.0000,1,ACCEPTED code=1; Nav2 goal accepted; status_seq=3,2301,1.1962,1530,0,0,0,0.000,0,0.5000,-0.0550,63.438,24.062
238.200,13.5766,-4.5453,-0.55411,18.0000,0.0000,1,ACCEPTED code=1; Nav2 goal accepted; status_seq=3,2303,1.2344,1530,0,0,0,0.000,0,0.5000,-0.0550,63.438,24.062
238.401,13.6682,-4.5940,-0.57800,18.0000,0.0000,1,ACCEPTED code=1; Nav2 goal accepted; status_seq=3,2305,1.1949,1530,0,0,0,0.000,0,0.5000,-0.0550,63.438,24.062
238.600,13.7556,-4.6526,-0.59146,18.0000,0.0000,1,ACCEPTED code=1; Nav2 goal accepted; status_seq=3,2307,1.1528,1530,0,0,0,0.000,0,0.5000,-0.0550,63.438,24.062
238.800,13.7919,-4.6490,-0.59044,18.0000,0.0000,1,ACCEPTED code=1; Nav2 goal accepted; status_seq=3,2309,1.1724,1480,0,0,0,0.000,0,0.5000,-0.0550,63.438,24.062
239.000,13.8390,-4.6917,-0.59529,18.0000,0.0000,1,ACCEPTED code=1; Nav2 goal accepted; status_seq=3,2311,1.1397,1480,0,0,0,0.000,0,0.5000,-0.0550,63.438,24.062
239.200,13.9145,-4.7504,-0.61200,18.0000,0.0000,1,ACCEPTED code=1; Nav2 goal accepted; status_seq=3,2313,1.1118,1480,0,0,0,0.000,0,0.5000,-0.0550,63.438,24.062
239.400,13.9880,-4.7987,-0.62063,18.0000,0.0000,1,ACCEPTED code=1; Nav2 goal accepted; status_seq=3,2315,1.0994,1480,0,0,0,0.000,0,0.5000,-0.0550,63.438,24.062
239.600,13.9880,-4.7987,-0.62063,18.0000,0.0000,1,ACCEPTED code=1; Nav2 goal accepted; status_seq=3,2317,1.0998,1480,0,0,0,0.000,0,0.5000,-0.0550,63.438,24.062
239.801,14.1036,-4.8750,-0.63966,18.0000,0.0000,1,ACCEPTED code=1; Nav2 goal accepted; status_seq=3,2319,1.0953,1480,0,0,0,0.000,0,0.5000,-0.0550,63.438,24.062
240.001,14.1644,-4.9342,-0.65904,18.0000,0.0000,1,ACCEPTED code=1; Nav2 goal accepted; status_seq=3,2321,1.0815,1597,0,0,0,0.000,0,0.5000,-0.0550,63.438,24.062
240.201,14.2028,-4.9653,-0.65458,18.0000,0.0000,1,ACCEPTED code=1; Nav2 goal accepted; status_seq=3,2323,1.0868,1597,0,0,0,0.000,0,0.5000,-0.0550,63.438,24.062
240.400,14.2606,-5.0436,-0.66520,18.0000,0.0000,1,ACCEPTED code=1; Nav2 goal accepted; status_seq=3,2325,1.0697,1597,0,0,0,0.000,0,0.5000,-0.0550,63.438,24.062
240.600,14.3419,-5.1248,-0.67510,18.0000,0.0000,1,ACCEPTED code=1; Nav2 goal accepted; status_seq=3,2327,1.0783,1597,0,0,0,0.000,0,0.5000,-0.0550,63.438,24.062
240.800,14.3419,-5.1248,-0.67510,18.0000,0.0000,1,ACCEPTED code=1; Nav2 goal accepted; status_seq=3,2331,0.0471,1597,0,0,0,0.000,0,0.5000,-0.0550,63.438,24.062
241.000,14.4869,-5.2709,-0.70428,18.0000,0.0000,1,ACCEPTED code=1; Nav2 goal accepted; status_seq=3,2333,0.2528,1597,0,0,0,0.000,0,0.5000,-0.0550,63.438,24.062
241.200,14.4869,-5.2709,-0.70428,18.0000,0.0000,1,ACCEPTED code=1; Nav2 goal accepted; status_seq=3,2335,0.2534,1739,0,0,0,0.000,0,0.5000,-0.0550,63.438,24.062
241.400,14.6343,-5.4365,-0.71447,18.0000,0.0000,1,ACCEPTED code=1; Nav2 goal accepted; status_seq=3,2337,0.4742,1739,0,0,0,0.000,0,0.5000,-0.0550,63.438,24.062
241.600,14.6343,-5.4365,-0.71447,18.0000,0.0000,1,ACCEPTED code=1; Nav2 goal accepted; status_seq=3,2339,0.4741,1739,0,0,0,0.000,0,0.5000,-0.0550,63.438,24.062
241.801,14.7976,-5.5896,-0.74137,18.0000,0.0000,1,ACCEPTED code=1; Nav2 goal accepted; status_seq=3,2341,0.6990,1739,0,0,0,0.000,0,0.5000,-0.0550,63.438,24.062
242.000,14.9121,-5.6027,-0.75131,18.0000,0.0000,1,ACCEPTED code=1; Nav2 goal accepted; status_seq=3,2343,0.7938,1739,0,0,0,0.000,0,0.5000,-0.0550,63.438,24.062
242.201,14.9554,-5.6278,-0.73995,18.0000,0.0000,1,ACCEPTED code=1; Nav2 goal accepted; status_seq=3,2345,0.8396,1739,0,0,0,0.000,0,0.5000,-0.0550,63.438,24.062
242.400,15.0356,-5.6913,-0.77563,18.0000,0.0000,1,ACCEPTED code=1; Nav2 goal accepted; status_seq=3,2347,0.9422,1739,0,0,0,0.000,0,0.5000,-0.0550,63.438,24.062
242.600,15.1251,-5.7555,-0.78198,18.0000,0.0000,1,ACCEPTED code=1; Nav2 goal accepted; status_seq=3,2349,0.9291,1506,0,0,0,0.000,0,0.5000,-0.0550,63.438,24.062
242.800,15.2028,-5.7767,-0.79671,18.0000,0.0000,1,ACCEPTED code=1; Nav2 goal accepted; status_seq=3,2351,0.9071,1506,0,0,0,0.000,0,0.5000,-0.0550,63.438,24.062
243.000,15.2459,-5.7943,-0.79268,18.0000,0.0000,1,ACCEPTED code=1; Nav2 goal accepted; status_seq=3,2353,0.8913,1506,0,0,0,0.000,0,0.5000,-0.0550,63.438,24.062
243.200,15.2459,-5.7943,-0.79268,18.0000,0.0000,1,ACCEPTED code=1; Nav2 goal accepted; status_seq=3,2355,0.8913,1506,0,0,0,0.000,0,0.5000,-0.0550,63.438,24.062
243.401,15.3997,-5.8881,-0.80800,18.0000,0.0000,1,ACCEPTED code=1; Nav2 goal accepted; status_seq=3,2357,0.8181,1506,0,0,0,0.000,0,0.5000,-0.0550,63.438,24.062
243.600,15.4949,-5.9328,-0.81147,18.0000,0.0000,1,ACCEPTED code=1; Nav2 goal accepted; status_seq=3,2359,0.8057,1506,0,0,0,0.000,0,0.5000,-0.0550,63.438,24.062
243.801,15.5540,-6.0013,-0.83021,18.0000,0.0000,1,ACCEPTED code=1; Nav2 goal accepted; status_seq=3,2361,0.7633,1397,0,0,0,0.000,0,0.5000,-0.0550,63.438,24.062
244.000,15.6008,-6.0061,-0.84305,18.0000,0.0000,1,ACCEPTED code=1; Nav2 goal accepted; status_seq=3,2363,0.7821,1397,0,0,0,0.000,0,0.5000,-0.0550,63.438,24.062
244.200,15.6546,-6.0280,-0.84497,18.0000,0.0000,1,ACCEPTED code=1; Nav2 goal accepted; status_seq=3,2365,0.7887,1397,0,0,0,0.000,0,0.5000,-0.0550,63.438,24.062
244.400,15.6943,-6.0524,-0.83308,18.0000,0.0000,1,ACCEPTED code=1; Nav2 goal accepted; status_seq=3,2367,0.7929,1397,0,0,0,0.000,0,0.5000,-0.0550,63.438,24.062
244.600,15.6943,-6.0524,-0.83308,18.0000,0.0000,1,ACCEPTED code=1; Nav2 goal accepted; status_seq=3,2369,0.7929,1397,0,0,0,0.000,0,0.5000,-0.0550,63.438,24.062
244.800,15.8473,-6.1669,-0.85203,18.0000,0.0000,1,ACCEPTED code=1; Nav2 goal accepted; status_seq=3,2373,0.8147,1397,0,0,0,0.000,0,0.5000,-0.0550,63.438,24.062
245.000,15.9408,-6.2493,-0.86216,18.0000,0.0000,1,ACCEPTED code=1; Nav2 goal accepted; status_seq=3,2375,0.1675,1397,0,0,0,0.000,0,0.5000,-0.0550,63.438,24.062
245.200,15.9764,-6.3009,-0.86100,18.0000,0.0000,1,ACCEPTED code=1; Nav2 goal accepted; status_seq=3,2377,0.2278,1493,0,0,0,0.000,0,0.5000,-0.0550,63.438,24.062
245.400,15.9764,-6.3009,-0.86100,18.0000,0.0000,1,ACCEPTED code=1; Nav2 goal accepted; status_seq=3,2379,0.2278,1493,0,0,0,0.000,0,0.5000,-0.0550,63.438,24.062
245.601,16.1954,-6.5971,-0.89981,18.0000,0.0000,1,ACCEPTED code=1; Nav2 goal accepted; status_seq=3,2381,0.6014,1493,0,0,0,0.000,0,0.5000,-0.0550,63.438,24.062
245.800,16.2255,-6.6688,-0.92367,18.0000,0.0000,1,ACCEPTED code=1; Nav2 goal accepted; status_seq=3,2383,0.6696,1493,0,0,0,0.000,0,0.5000,-0.0550,63.438,24.062
246.000,16.2255,-6.6688,-0.92367,18.0000,0.0000,1,ACCEPTED code=1; Nav2 goal accepted; status_seq=3,2385,0.6703,1493,0,0,0,0.000,0,0.5000,-0.0550,63.438,24.062
246.200,16.2255,-6.6688,-0.92367,18.0000,0.0000,1,ACCEPTED code=1; Nav2 goal accepted; status_seq=3,2387,0.6703,1848,0,0,0,0.000,0,0.5000,-0.0550,63.438,24.062
246.400,16.3821,-6.9520,-0.93458,18.0000,0.0000,1,ACCEPTED code=1; Nav2 goal accepted; status_seq=3,2389,0.8827,1848,0,0,0,0.000,0,0.5000,-0.0550,63.438,24.062
246.600,16.3821,-6.9520,-0.93458,18.0000,0.0000,1,ACCEPTED code=1; Nav2 goal accepted; status_seq=3,2391,0.9095,1848,0,0,0,0.000,0,0.5000,-0.0550,63.438,24.062
246.801,16.5069,-7.0959,-0.96024,18.0000,0.0000,1,ACCEPTED code=1; Nav2 goal accepted; status_seq=3,2393,0.7626,1848,0,0,0,0.000,0,0.5000,-0.0550,63.438,24.062
247.000,16.5228,-7.1237,-0.95226,18.0000,0.0000,1,ACCEPTED code=1; Nav2 goal accepted; status_seq=3,2395,0.7361,1848,0,0,0,0.000,0,0.5000,-0.0550,63.438,24.062
247.200,16.6093,-7.2938,-0.97720,18.0000,0.0000,1,ACCEPTED code=1; Nav2 goal accepted; status_seq=3,2397,0.5585,1848,0,0,0,0.000,0,0.5000,-0.0550,63.438,24.062
247.400,16.6093,-7.2938,-0.97720,18.0000,0.0000,1,ACCEPTED code=1; Nav2 goal accepted; status_seq=3,2399,0.5830,1848,0,0,0,0.000,0,0.5000,-0.0550,63.438,24.062
247.601,16.6093,-7.2938,-0.97720,18.0000,0.0000,1,ACCEPTED code=1; Nav2 goal accepted; status_seq=3,2401,0.5830,1848,0,0,0,0.000,0,0.5000,-0.0550,63.438,24.062
247.800,16.8007,-7.5692,-0.99808,18.0000,0.0000,1,ACCEPTED code=1; Nav2 goal accepted; status_seq=3,2403,0.4649,1505,0,0,0,0.000,0,0.5000,-0.0550,63.438,24.062
248.001,16.8491,-7.6007,-1.02056,18.0000,0.0000,1,ACCEPTED code=1; Nav2 goal accepted; status_seq=3,2405,0.4681,1505,0,0,0,0.000,0,0.5000,-0.0550,63.438,24.062
248.200,16.9050,-7.6816,-1.03604,18.0000,0.0000,1,ACCEPTED code=1; Nav2 goal accepted; status_seq=3,2407,0.4795,1505,0,0,0,0.000,0,0.5000,-0.0550,63.438,24.062
248.401,16.9487,-7.7423,-1.04294,18.0000,0.0000,1,ACCEPTED code=1; Nav2 goal accepted; status_seq=3,2409,0.5019,1505,0,0,0,0.000,0,0.5000,-0.0550,63.438,24.062
248.600,16.9646,-7.7696,-1.05282,18.0000,0.0000,1,ACCEPTED code=1; Nav2 goal accepted; status_seq=3,2411,0.5133,1505,0,0,0,0.000,0,0.5000,-0.0550,63.438,24.062
248.800,16.9646,-7.7696,-1.05282,18.0000,0.0000,1,ACCEPTED code=1; Nav2 goal accepted; status_seq=3,2413,0.5133,1505,0,0,0,0.000,0,0.5000,-0.0550,63.438,24.062
249.000,16.9646,-7.7696,-1.05282,18.0000,0.0000,1,ACCEPTED code=1; Nav2 goal accepted; status_seq=3,2417,0.0040,1505,0,0,0,0.000,0,0.5304,-0.0545,68.995,26.171
249.200,16.9646,-7.7696,-1.05282,18.0000,0.0000,1,ACCEPTED code=1; Nav2 goal accepted; status_seq=3,2419,0.0040,1297,0,0,0,0.000,0,0.5304,-0.0545,68.995,26.171
249.400,17.1775,-8.0712,-1.09322,18.0000,0.0000,1,ACCEPTED code=1; Nav2 goal accepted; status_seq=3,2421,0.3914,1297,0,0,0,0.000,0,0.5534,-0.0545,73.317,27.810
249.600,17.2053,-8.0850,-1.09699,18.0000,0.0000,1,ACCEPTED code=1; Nav2 goal accepted; status_seq=3,2423,0.3974,1297,0,0,0,0.000,0,0.5480,-0.0545,72.296,27.422
249.801,17.2699,-8.1037,-1.10435,18.0000,0.0000,1,ACCEPTED code=1; Nav2 goal accepted; status_seq=3,2425,0.4547,1297,0,0,0,0.000,0,0.5179,-0.0545,66.681,25.293
250.001,17.2865,-8.1046,-1.09420,18.0000,0.0000,1,ACCEPTED code=1; Nav2 goal accepted; status_seq=3,2427,0.4646,1297,0,0,0,0.000,0,0.5000,-0.0547,63.438,24.062
250.200,17.3822,-8.1822,-1.11841,18.0000,0.0000,1,ACCEPTED code=1; Nav2 goal accepted; status_seq=3,2429,0.5899,1297,0,0,0,0.000,0,0.5095,-0.0545,65.151,24.712
250.400,17.4363,-8.2269,-1.11345,18.0000,0.0000,1,ACCEPTED code=1; Nav2 goal accepted; status_seq=3,2431,0.6567,1481,0,0,0,0.000,0,0.5180,-0.0545,66.698,25.299
250.600,17.4871,-8.2777,-1.13324,18.0000,0.0000,1,ACCEPTED code=1; Nav2 goal accepted; status_seq=3,2433,0.7303,1481,0,0,0,0.000,0,0.5015,-0.0545,63.698,24.161
250.801,17.5252,-8.3453,-1.14138,18.0000,0.0000,1,ACCEPTED code=1; Nav2 goal accepted; status_seq=3,2435,0.8265,1481,0,0,0,0.000,0,0.5031,-0.0545,63.991,24.273
251.000,17.5662,-8.4162,-1.15933,18.0000,0.0000,1,ACCEPTED code=1; Nav2 goal accepted; status_seq=3,2437,0.8832,1481,0,0,0,0.000,0,0.5261,-0.0545,68.184,25.863
251.200,17.5696,-8.4658,-1.16841,18.0000,0.0000,1,ACCEPTED code=1; Nav2 goal accepted; status_seq=3,2439,0.9223,1481,0,0,0,0.000,0,0.5083,-0.0545,64.939,24.632
251.400,17.5696,-8.4658,-1.16841,18.0000,0.0000,1,ACCEPTED code=1; Nav2 goal accepted; status_seq=3,2441,0.9223,1887,0,0,0,0.000,0,0.5343,-0.0545,69.717,26.444
251.600,17.6600,-8.6672,-1.18520,18.0000,0.0000,1,ACCEPTED code=1; Nav2 goal accepted; status_seq=3,2443,0.8741,1887,0,0,0,0.000,0,0.5119,-0.0545,65.581,24.876
251.800,17.7126,-8.7988,-1.19610,18.0000,0.0000,1,ACCEPTED code=1; Nav2 goal accepted; status_seq=3,2445,0.7415,1887,0,0,0,0.000,0,0.5237,-0.0545,67.744,25.696
252.000,17.7470,-8.8997,-1.21002,18.0000,0.0000,1,ACCEPTED code=1; Nav2 goal accepted; status_seq=3,2447,0.6406,1887,0,0,0,0.000,0,0.5212,-0.0545,67.281,25.520
252.200,17.7677,-8.9583,-1.20467,18.0000,0.0000,1,ACCEPTED code=1; Nav2 goal accepted; status_seq=3,2449,0.5891,1887,0,0,0,0.000,0,0.5222,-0.0545,67.478,25.595
252.401,17.8182,-9.0889,-1.22961,18.0000,0.0000,1,ACCEPTED code=1; Nav2 goal accepted; status_seq=3,2451,0.4709,1713,0,0,0,0.000,0,0.5188,-0.0545,66.845,25.355
252.601,17.8527,-9.1601,-1.23079,18.0000,0.0000,1,ACCEPTED code=1; Nav2 goal accepted; status_seq=3,2453,0.4161,1713,0,0,0,0.000,0,0.5226,-0.0545,67.536,25.617
252.801,17.9059,-9.2742,-1.24301,18.0000,0.0000,1,ACCEPTED code=1; Nav2 goal accepted; status_seq=3,2455,0.3324,1713,0,0,0,0.000,0,0.5080,-0.0545,64.884,24.611
253.000,17.9260,-9.3246,-1.24559,18.0000,0.0000,1,ACCEPTED code=1; Nav2 goal accepted; status_seq=3,2459,0.0424,1713,0,0,0,0.000,0,0.5083,-0.0545,64.933,24.630
253.200,18.0098,-9.5178,-1.26523,18.0000,0.0000,1,ACCEPTED code=1; Nav2 goal accepted; status_seq=3,2461,0.2550,1713,0,0,0,0.000,0,0.5000,-0.0550,63.438,24.062
253.401,18.0644,-9.6292,-1.26982,18.0000,0.0000,1,ACCEPTED code=1; Nav2 goal accepted; status_seq=3,2463,0.3780,1713,0,0,0,0.000,0,0.5000,-0.0550,63.438,24.062
253.601,18.0931,-9.6849,-1.27794,18.0000,0.0000,1,ACCEPTED code=1; Nav2 goal accepted; status_seq=3,2465,0.4315,1511,0,0,0,0.000,0,0.5000,-0.0550,63.438,24.062
253.800,18.1116,-9.7512,-1.27811,18.0000,0.0000,1,ACCEPTED code=1; Nav2 goal accepted; status_seq=3,2467,0.5064,1511,0,0,0,0.000,0,0.5000,-0.0550,63.438,24.062
254.000,18.1590,-9.9300,-1.30517,18.0000,0.0000,1,ACCEPTED code=1; Nav2 goal accepted; status_seq=3,2469,0.5024,1511,0,0,0,0.000,0,0.5000,-0.0550,63.438,24.062
254.200,18.1908,-9.9492,-1.30463,18.0000,0.0000,1,ACCEPTED code=1; Nav2 goal accepted; status_seq=3,2471,0.7215,1511,0,0,0,0.000,0,0.5000,-0.0550,63.438,24.062
254.400,18.1901,-9.9595,-1.30936,18.0000,0.0000,1,ACCEPTED code=1; Nav2 goal accepted; status_seq=3,2473,0.7291,1511,0,0,0,0.000,0,0.5000,-0.0550,63.438,24.062
254.600,18.1901,-9.9595,-1.30936,18.0000,0.0000,1,ACCEPTED code=1; Nav2 goal accepted; status_seq=3,2475,0.7291,1511,0,0,0,0.000,0,0.5000,-0.0550,63.438,24.062
254.800,18.1901,-9.9595,-1.30936,18.0000,0.0000,1,ACCEPTED code=1; Nav2 goal accepted; status_seq=3,2477,0.7291,1511,0,0,0,0.000,0,0.5000,-0.0550,63.438,24.062
255.000,18.1840,-10.1580,-1.34482,18.0000,0.0000,1,ACCEPTED code=1; Nav2 goal accepted; status_seq=3,2479,0.9186,1436,0,0,0,0.000,0,0.5000,-0.0550,63.438,24.062
255.200,18.1790,-10.2282,-1.36547,18.0000,0.0000,1,ACCEPTED code=1; Nav2 goal accepted; status_seq=3,2481,0.9345,1436,0,0,0,0.000,0,0.5000,-0.0550,63.438,24.062
255.400,18.2232,-10.2352,-1.36503,18.0000,0.0000,1,ACCEPTED code=1; Nav2 goal accepted; status_seq=3,2483,0.9492,1436,0,0,0,0.000,0,0.5000,-0.0550,63.438,24.062
255.601,18.2505,-10.2871,-1.38397,18.0000,0.0000,1,ACCEPTED code=1; Nav2 goal accepted; status_seq=3,2485,0.9019,1436,0,0,0,0.000,0,0.5000,-0.0550,63.438,24.062
255.800,18.2523,-10.3396,-1.39169,18.0000,0.0000,1,ACCEPTED code=1; Nav2 goal accepted; status_seq=3,2487,0.8640,1436,0,0,0,0.000,0,0.5000,-0.0550,63.438,24.062
256.000,18.2713,-10.4035,-1.39073,18.0000,0.0000,1,ACCEPTED code=1; Nav2 goal accepted; status_seq=3,2489,0.8098,1578,0,0,0,0.000,0,0.5000,-0.0550,63.438,24.062
256.200,18.2713,-10.4035,-1.39073,18.0000,0.0000,1,ACCEPTED code=1; Nav2 goal accepted; status_seq=3,2491,0.8233,1578,0,0,0,0.000,0,0.5000,-0.0550,63.438,24.062
256.401,18.3299,-10.5745,-1.40630,18.0000,0.0000,1,ACCEPTED code=1; Nav2 goal accepted; status_seq=3,2493,0.7331,1578,0,0,0,0.000,0,0.5000,-0.0550,63.438,24.062
256.600,18.3376,-10.6503,-1.41694,18.0000,0.0000,1,ACCEPTED code=1; Nav2 goal accepted; status_seq=3,2495,0.6682,1578,0,0,0,0.000,0,0.5000,-0.0550,63.438,24.062
256.800,18.3578,-10.7564,-1.43357,18.0000,0.0000,1,ACCEPTED code=1; Nav2 goal accepted; status_seq=3,2497,0.6248,1578,0,0,0,0.000,0,0.5000,-0.0550,63.438,24.062
257.004,18.3685,-10.8266,-1.43888,18.0000,0.0000,1,ACCEPTED code=1; Nav2 goal accepted; status_seq=3,2501,0.0049,1578,0,0,0,0.000,0,0.5000,-0.0550,63.438,24.062
257.200,18.3737,-10.8523,-1.43693,18.0000,0.0000,1,ACCEPTED code=1; Nav2 goal accepted; status_seq=3,2503,0.0310,1578,0,0,0,0.000,0,0.5614,-0.0545,74.529,28.711
257.400,18.3737,-10.8523,-1.43693,18.0000,0.0000,1,ACCEPTED code=1; Nav2 goal accepted; status_seq=3,2505,0.0310,1578,0,0,0,0.000,0,0.5614,-0.0545,74.529,28.711
257.600,18.4478,-11.2147,-1.47179,18.0000,0.0000,1,ACCEPTED code=1; Nav2 goal accepted; status_seq=3,2507,0.4228,1909,0,0,0,0.000,0,0.5614,-0.0545,74.529,28.711
257.801,18.5098,-11.3146,-1.47547,18.0000,0.0000,1,ACCEPTED code=1; Nav2 goal accepted; status_seq=3,2509,0.5162,1909,0,0,0,0.000,0,0.5403,-0.0545,74.709,28.891
258.001,18.5480,-11.4248,-1.48861,18.0000,0.0000,1,ACCEPTED code=1; Nav2 goal accepted; status_seq=3,2511,0.6316,1909,0,0,0,0.000,0,0.5468,-0.0545,74.709,28.891
258.201,18.5578,-11.4488,-1.48521,18.0000,0.0000,1,ACCEPTED code=1; Nav2 goal accepted; status_seq=3,2513,0.6549,1909,0,0,0,0.000,0,0.5205,-0.0545,67.152,25.471
258.401,18.6093,-11.5849,-1.49685,18.0000,0.0000,1,ACCEPTED code=1; Nav2 goal accepted; status_seq=3,2515,0.8060,1909,0,0,0,0.000,0,0.5205,-0.0545,67.152,25.471
258.600,18.6251,-11.6544,-1.50439,18.0000,0.0000,1,ACCEPTED code=1; Nav2 goal accepted; status_seq=3,2517,0.8713,1909,0,0,0,0.000,0,0.5157,-0.0545,66.279,25.140
258.800,18.6251,-11.6544,-1.50439,18.0000,0.0000,1,ACCEPTED code=1; Nav2 goal accepted; status_seq=3,2519,0.8713,1909,0,0,0,0.000,0,0.5029,-0.0545,63.967,24.263
259.000,18.6251,-11.6544,-1.50439,18.0000,0.0000,1,ACCEPTED code=1; Nav2 goal accepted; status_seq=3,2521,0.8713,1909,0,0,0,0.000,0,0.5029,-0.0545,63.967,24.263
259.200,18.6251,-11.6544,-1.50439,18.0000,0.0000,1,ACCEPTED code=1; Nav2 goal accepted; status_seq=3,2523,0.8713,1909,0,0,0,0.000,0,0.5029,-0.0545,63.967,24.263
259.400,18.6251,-11.6544,-1.50439,18.0000,0.0000,1,ACCEPTED code=1; Nav2 goal accepted; status_seq=3,2525,0.8713,1909,0,0,0,0.000,0,0.5029,-0.0545,63.967,24.263
259.601,18.7856,-12.4174,-1.56599,18.0000,0.0000,1,ACCEPTED code=1; Nav2 goal accepted; status_seq=3,2527,0.5068,1909,0,0,0,0.000,0,0.5000,-0.0550,63.438,24.062
259.800,18.7813,-12.4604,-1.57254,18.0000,0.0000,1,ACCEPTED code=1; Nav2 goal accepted; status_seq=3,2529,0.4791,1518,0,0,0,0.000,0,0.5000,-0.0550,63.438,24.062
260.000,18.7875,-12.5478,-1.58227,18.0000,0.0000,1,ACCEPTED code=1; Nav2 goal accepted; status_seq=3,2531,0.4448,1518,0,0,0,0.000,0,0.5000,-0.0550,63.438,24.062
260.200,18.7926,-12.6124,-1.59153,18.0000,0.0000,1,ACCEPTED code=1; Nav2 goal accepted; status_seq=3,2533,0.4288,1518,0,0,0,0.000,0,0.5000,-0.0550,63.438,24.062
260.401,18.7900,-12.6190,-1.59103,18.0000,0.0000,1,ACCEPTED code=1; Nav2 goal accepted; status_seq=3,2535,0.4254,1518,0,0,0,0.000,0,0.5000,-0.0550,63.438,24.062
260.600,18.7832,-12.7267,-1.61321,18.0000,0.0000,1,ACCEPTED code=1; Nav2 goal accepted; status_seq=3,2537,0.4079,1518,0,0,0,0.000,0,0.5000,-0.0550,63.438,24.062
260.801,18.7616,-12.7968,-1.62275,18.0000,0.0000,1,ACCEPTED code=1; Nav2 goal accepted; status_seq=3,2539,0.3905,1764,0,0,0,0.000,0,0.5000,-0.0550,63.438,24.062
261.000,18.7463,-12.8506,-1.63278,18.0000,0.0000,1,ACCEPTED code=1; Nav2 goal accepted; status_seq=3,2541,0.3889,1764,0,0,0,0.000,0,0.5034,-0.0545,64.041,24.291
261.200,18.7357,-12.8943,-1.63672,18.0000,0.0000,1,ACCEPTED code=1; Nav2 goal accepted; status_seq=3,2545,0.0474,1764,0,0,0,0.000,0,0.5044,-0.0545,64.233,24.364
261.400,18.7335,-12.9012,-1.63748,18.0000,0.0000,1,ACCEPTED code=1; Nav2 goal accepted; status_seq=3,2547,0.0518,1764,0,0,0,0.000,0,0.6000,-0.0445,75.553,38.135
261.600,18.6788,-13.0435,-1.65735,18.0000,0.0000,1,ACCEPTED code=1; Nav2 goal accepted; status_seq=3,2549,0.2071,1764,0,0,0,0.000,0,0.6000,-0.0373,72.512,41.176
261.800,18.6653,-13.1052,-1.66383,18.0000,0.0000,1,ACCEPTED code=1; Nav2 goal accepted; status_seq=3,2551,0.2712,1764,0,0,0,0.000,0,0.6000,-0.0373,72.495,41.193
262.001,18.6395,-13.1880,-1.67104,18.0000,0.0000,1,ACCEPTED code=1; Nav2 goal accepted; status_seq=3,2553,0.3566,1895,0,0,0,0.000,0,0.6000,-0.0361,72.020,41.668
262.200,18.6321,-13.2522,-1.67687,18.0000,0.0000,1,ACCEPTED code=1; Nav2 goal accepted; status_seq=3,2555,0.4172,1895,0,0,0,0.000,0,0.6000,-0.0345,71.350,42.338
262.414,18.6321,-13.2522,-1.67687,18.0000,0.0000,1,ACCEPTED code=1; Nav2 goal accepted; status_seq=3,2557,0.4167,1895,0,0,0,0.000,0,0.6000,-0.0346,71.369,42.319
262.600,18.6321,-13.2522,-1.67687,18.0000,0.0000,1,ACCEPTED code=1; Nav2 goal accepted; status_seq=3,2559,0.4167,1895,0,0,0,0.000,0,0.6000,-0.0346,71.369,42.319
262.800,18.6321,-13.2522,-1.67687,18.0000,0.0000,1,ACCEPTED code=1; Nav2 goal accepted; status_seq=3,2561,0.4167,1895,0,0,0,0.000,0,0.6000,-0.0346,71.369,42.319
263.000,18.5895,-13.7469,-1.71729,18.0000,0.0000,1,ACCEPTED code=1; Nav2 goal accepted; status_seq=3,2563,0.8917,1965,0,0,0,0.000,0,0.6000,-0.0346,71.369,42.319
263.200,18.6314,-13.8366,-1.72101,18.0000,0.0000,1,ACCEPTED code=1; Nav2 goal accepted; status_seq=3,2565,0.9192,1965,0,0,0,0.000,0,0.6000,-0.0367,72.270,41.418
263.401,18.6598,-13.9497,-1.72634,18.0000,0.0000,1,ACCEPTED code=1; Nav2 goal accepted; status_seq=3,2567,0.8109,1965,0,0,0,0.000,0,0.6000,-0.0397,73.524,40.164
263.600,18.6719,-13.9736,-1.72795,18.0000,0.0000,1,ACCEPTED code=1; Nav2 goal accepted; status_seq=3,2569,0.7912,1965,0,0,0,0.000,0,0.6000,-0.0424,74.635,39.053
263.800,18.6719,-13.9736,-1.72795,18.0000,0.0000,1,ACCEPTED code=1; Nav2 goal accepted; status_seq=3,2571,0.7912,1965,0,0,0,0.000,0,0.6000,-0.0424,74.635,39.053
264.000,18.6719,-13.9736,-1.72795,18.0000,0.0000,1,ACCEPTED code=1; Nav2 goal accepted; status_seq=3,2573,0.7912,1727,0,0,0,0.000,0,0.6000,-0.0424,74.635,39.053
264.200,18.6950,-14.5058,-1.75828,18.0000,0.0000,1,ACCEPTED code=1; Nav2 goal accepted; status_seq=3,2575,0.2788,1727,0,0,0,0.000,0,0.6000,-0.0474,76.735,36.953
264.400,18.6950,-14.5058,-1.75828,18.0000,0.0000,1,ACCEPTED code=1; Nav2 goal accepted; status_seq=3,2577,0.2788,1727,0,0,0,0.000,0,0.6000,-0.0509,78.235,35.453
264.600,18.7060,-14.8330,-1.78055,18.0000,0.0000,1,ACCEPTED code=1; Nav2 goal accepted; status_seq=3,2579,0.1517,1727,0,0,0,0.000,0,0.6000,-0.0509,78.235,35.453
264.800,18.7089,-14.8314,-1.78118,18.0000,0.0000,1,ACCEPTED code=1; Nav2 goal accepted; status_seq=3,2581,0.1483,1727,0,0,0,0.000,0,0.5954,-0.0545,79.114,33.296
265.000,18.7089,-14.8314,-1.78118,18.0000,0.0000,1,ACCEPTED code=1; Nav2 goal accepted; status_seq=3,2583,0.1483,1727,0,0,0,0.000,0,0.5954,-0.0545,79.114,33.296
265.201,18.6852,-15.1155,-1.80655,18.0000,0.0000,1,ACCEPTED code=1; Nav2 goal accepted; status_seq=3,2587,0.0100,1686,0,0,0,0.000,0,0.5954,-0.0545,79.114,33.296
265.400,18.6551,-15.2076,-1.81497,18.0000,0.0000,1,ACCEPTED code=1; Nav2 goal accepted; status_seq=3,2589,0.1047,1686,0,0,0,0.000,0,0.6000,-0.0525,78.895,34.793
265.601,18.6412,-15.2665,-1.82209,18.0000,0.0000,1,ACCEPTED code=1; Nav2 goal accepted; status_seq=3,2591,0.1655,1686,0,0,0,0.000,0,0.6000,-0.0522,78.752,34.936
265.800,18.6293,-15.3201,-1.82716,18.0000,0.0000,1,ACCEPTED code=1; Nav2 goal accepted; status_seq=3,2593,0.2178,1686,0,0,0,0.000,0,0.6000,-0.0515,78.485,35.203
266.001,18.5843,-15.4231,-1.83766,18.0000,0.0000,1,ACCEPTED code=1; Nav2 goal accepted; status_seq=3,2595,0.3292,1686,0,0,0,0.000,0,0.6000,-0.0503,77.952,35.736
266.200,18.5455,-15.5173,-1.84856,18.0000,0.0000,1,ACCEPTED code=1; Nav2 goal accepted; status_seq=3,2597,0.4323,1686,0,0,0,0.000,0,0.6000,-0.0490,77.406,36.282
266.400,18.4769,-15.6425,-1.86213,18.0000,0.0000,1,ACCEPTED code=1; Nav2 goal accepted; status_seq=3,2599,0.5734,1961,0,0,0,0.000,0,0.6000,-0.0490,77.413,36.275
266.600,18.4465,-15.7020,-1.87036,18.0000,0.0000,1,ACCEPTED code=1; Nav2 goal accepted; status_seq=3,2601,0.6405,1961,0,0,0,0.000,0,0.6000,-0.0462,76.263,37.425
266.801,18.4430,-15.7076,-1.86997,18.0000,0.0000,1,ACCEPTED code=1; Nav2 goal accepted; status_seq=3,2603,0.6450,1961,0,0,0,0.000,0,0.6000,-0.0452,75.844,37.844
267.001,18.3450,-15.8904,-1.89156,18.0000,0.0000,1,ACCEPTED code=1; Nav2 goal accepted; status_seq=3,2605,0.8530,1961,0,0,0,0.000,0,0.6000,-0.0436,75.167,38.521
267.200,18.3098,-15.9496,-1.89648,18.0000,0.0000,1,ACCEPTED code=1; Nav2 goal accepted; status_seq=3,2607,0.9201,1961,0,0,0,0.000,0,0.6000,-0.0429,74.874,38.814
267.400,18.2333,-16.0904,-1.91371,18.0000,0.0000,1,ACCEPTED code=1; Nav2 goal accepted; status_seq=3,2609,0.8295,2167,0,0,0,0.000,0,0.6000,-0.0428,74.821,38.867
267.600,18.2293,-16.0982,-1.91174,18.0000,0.0000,1,ACCEPTED code=1; Nav2 goal accepted; status_seq=3,2611,0.8258,2167,0,0,0,0.000,0,0.6000,-0.0416,74.318,39.370
267.800,18.2293,-16.0982,-1.91174,18.0000,0.0000,1,ACCEPTED code=1; Nav2 goal accepted; status_seq=3,2613,0.8258,2167,0,0,0,0.000,0,0.6000,-0.0416,74.318,39.370
