t,source,point_index,x,y,z
2.897,raw,0,-5.5131,-6.0218,0.5850
2.897,raw,10,-5.3651,-6.2310,0.5772
2.897,raw,21,-5.2008,-6.4656,0.5671
2.897,raw,32,-5.0205,-6.6874,0.5585
2.897,raw,42,-4.8646,-6.9060,0.5472
2.897,raw,53,-4.6851,-7.1449,0.5343
2.897,raw,64,-4.4966,-7.3809,0.5212
2.897,raw,74,-4.3104,-7.5810,0.5110
2.897,raw,85,-5.9435,-6.6428,0.7045
2.897,raw,96,-5.7770,-6.9066,0.6943
2.897,raw,107,-5.5981,-7.1641,0.6845
2.897,raw,117,-5.4363,-7.4076,0.6737
2.897,raw,128,-5.2582,-7.6863,0.6597
2.897,raw,139,-5.0537,-7.9394,0.6488
2.897,raw,149,-4.8698,-8.1829,0.6365
2.897,raw,160,-4.3735,-7.9554,0.6888
2.897,raw,171,-4.0932,-8.0720,0.6927
2.897,raw,182,-4.2043,-8.9751,0.5935
2.897,raw,192,-3.9989,-9.2426,0.5757
2.897,raw,203,-3.7498,-9.5085,0.5591
2.897,raw,214,-3.4978,-9.7929,0.5394
2.897,raw,224,-3.2323,-9.9770,0.5300
2.897,raw,235,-6.6773,-7.2280,0.8417
2.897,raw,246,-6.4621,-7.4788,0.8379
2.897,raw,257,-6.2849,-7.7804,0.8272
2.897,raw,267,-6.1312,-8.0745,0.8149
2.897,raw,278,-5.9234,-8.3606,0.8053
2.897,raw,289,-5.6930,-8.6259,0.7975
2.897,raw,299,-5.4886,-8.8838,0.7880
2.897,raw,310,-4.6027,-8.0718,0.8950
2.897,raw,321,-4.1968,-7.9766,0.9214
2.897,raw,332,-4.7773,-9.7654,0.7499
2.897,raw,342,-4.5497,-10.0453,0.7361
2.897,raw,353,-4.2937,-10.3659,0.7189
2.897,raw,364,-3.9991,-10.6227,0.7076
2.897,raw,374,-3.7471,-10.9193,0.6903
2.897,raw,385,-3.5138,-11.4178,0.6539
2.897,raw,396,-3.2305,-11.8369,0.6248
2.897,raw,407,-2.9380,-12.3002,0.5909
2.897,raw,417,-2.6916,-12.8951,0.5429
2.897,raw,428,-2.3624,-13.4358,0.5005
2.897,raw,439,-7.6454,-7.6426,1.0186
2.897,raw,449,-7.4840,-7.9450,1.0115
2.897,raw,460,-7.2713,-8.2491,1.0060
2.897,raw,471,-7.0269,-8.5236,1.0027
2.897,raw,482,-6.8576,-8.8990,0.9900
2.897,raw,492,-6.6380,-9.1692,0.9844
2.897,raw,503,-6.4166,-9.5057,0.9744
2.897,raw,514,-6.1355,-9.7673,0.9702
2.897,raw,524,-5.9099,-10.0615,0.9613
2.897,raw,535,-4.2642,-7.9294,1.1457
2.897,raw,546,-4.0339,-8.1358,1.1408
2.897,raw,557,-5.1231,-11.0777,0.9256
2.897,raw,567,-4.8792,-11.4234,0.9111
2.897,raw,578,-4.5688,-11.7391,0.8995
2.897,raw,589,-4.2808,-12.1456,0.8807
2.897,raw,599,-4.0320,-12.6003,0.8570
2.897,raw,610,-3.7974,-13.3061,0.8157
2.897,raw,621,-3.4871,-13.8807,0.7836
2.897,raw,632,-3.1615,-14.5195,0.7464
2.897,raw,642,-2.8537,-15.1894,0.7060
2.897,raw,653,-2.5125,-16.1376,0.6462
2.897,raw,664,-2.0977,-16.9625,0.5945
2.897,raw,674,-1.6897,-17.8073,0.5403
2.897,raw,685,-10.2759,-4.9843,1.2573
2.897,raw,696,-10.1635,-5.3518,1.2542
2.897,raw,707,-10.0467,-5.7223,1.2506
2.897,raw,717,-9.8517,-6.0095,1.2515
2.897,raw,728,-9.7296,-6.3856,1.2470
2.897,raw,739,-9.5437,-6.7247,1.2452
2.897,raw,749,-9.3550,-7.0211,1.2442
2.897,raw,760,-9.2298,-7.4158,1.2377
2.897,raw,771,-9.0174,-7.7481,1.2354
2.897,raw,782,-8.7941,-8.0753,1.2332
2.897,raw,792,-8.6007,-8.3862,1.2299
2.897,raw,803,-8.3737,-8.7209,1.2264
2.897,raw,814,-8.1602,-9.0782,1.2212
2.897,raw,824,-7.9426,-9.3858,1.2173
2.897,raw,835,-7.7187,-9.7529,1.2110
2.897,raw,846,-7.4431,-10.0670,1.2074
2.897,raw,857,-7.2161,-10.4590,1.1991
2.897,raw,867,-7.0031,-10.8243,1.1908
2.897,raw,878,-6.7093,-11.1534,1.1855
2.897,raw,889,-4.3498,-7.9143,1.3671
2.897,raw,899,-4.0826,-7.9946,1.3699
2.897,raw,910,-5.8628,-12.2351,1.1612
2.897,raw,921,-5.6046,-12.7356,1.1457
2.897,raw,932,-5.2626,-13.0940,1.1371
2.897,raw,942,-5.0057,-13.5888,1.1206
2.897,raw,953,-4.7453,-14.2694,1.0956
2.897,raw,964,-4.4602,-14.9885,1.0687
2.897,raw,974,-4.1719,-15.6598,1.0433
2.897,raw,985,-3.8431,-16.5055,1.0100
2.897,raw,996,-3.7876,-18.8199,0.9080
2.897,raw,1007,-3.9262,-22.9582,0.7221
2.897,raw,1017,-3.4073,-24.0460,0.6773
2.897,raw,1028,-2.6788,-24.5077,0.6611
2.897,raw,1039,-1.9218,-24.9141,0.6464
2.897,raw,1049,-1.2071,-25.1551,0.6379
2.897,raw,1060,-0.4113,-25.5277,0.6227
2.897,raw,1071,0.4065,-25.8772,0.6074
2.897,raw,1082,1.2470,-26.2463,0.5900
2.897,raw,1092,2.0334,-26.5920,0.5726
2.897,raw,1103,2.9263,-26.9899,0.5514
2.897,raw,1114,23.0892,10.1834,0.6740
2.897,raw,1124,-19.2447,20.5612,0.5164
2.897,raw,1135,-18.6588,18.7545,0.5933
2.897,raw,1146,-18.2139,17.2188,0.6559
2.897,raw,1157,-17.7150,15.7504,0.7171
2.897,raw,1167,-17.3263,14.5612,0.7652
2.897,raw,1178,-16.7200,13.2056,0.8249
2.897,raw,1189,-16.3838,12.1407,0.8658
2.897,raw,1199,-10.9765,7.8546,1.1791
2.897,raw,1210,-15.6590,10.2383,0.9411
2.897,raw,1221,-15.4139,9.4095,0.9700
2.897,raw,1232,-15.0123,8.5421,1.0051
2.897,raw,1242,-14.6600,7.8066,1.0347
2.897,raw,1253,-14.7655,0.1259,1.4653
2.897,raw,1264,-14.4920,-0.3418,1.4710
2.897,raw,1274,-14.3088,-0.7579,1.4745
2.897,raw,1285,-8.2123,-0.5832,1.6089
2.897,raw,1296,-8.0827,-0.8417,1.6111
2.897,raw,1307,-13.6810,-2.0680,1.4848
2.897,raw,1317,-13.4692,-2.4443,1.4879
2.897,raw,1328,-13.2750,-2.8581,1.4902
2.897,raw,1339,-13.0765,-3.2645,1.4922
2.897,raw,1349,-12.9065,-3.6321,1.4937
2.897,raw,1360,-12.7016,-4.0265,1.4954
2.897,raw,1371,-12.3162,-4.3498,1.5010
2.897,raw,1382,-12.1439,-4.7421,1.5015
2.897,raw,1392,-11.9679,-5.0894,1.5021
2.897,raw,1403,-11.7853,-5.4752,1.5022
2.897,raw,1414,-11.6006,-5.8599,1.5021
2.897,raw,1424,-11.4854,-6.2396,1.5004
2.897,raw,1435,-11.2310,-6.5877,1.5014
2.897,raw,1446,-11.0745,-6.9952,1.4996
2.897,raw,1457,-10.8613,-7.3707,1.4990
2.897,raw,1467,-10.6978,-7.7364,1.4973
2.897,raw,1478,-10.4086,-8.0608,1.4981
2.897,raw,1489,-10.2230,-8.4686,1.4957
2.897,raw,1499,-9.9806,-8.7832,1.4952
2.897,raw,1510,-9.7546,-9.1695,1.4932
2.897,raw,1521,-9.5895,-9.6254,1.4888
2.897,raw,1532,-9.3046,-9.9730,1.4877
2.897,raw,1542,-9.0486,-10.2971,1.4863
2.897,raw,1553,-8.8436,-10.7529,1.4816
2.897,raw,1564,-8.5653,-11.1375,1.4789
2.897,raw,1574,-8.2994,-11.4816,1.4764
2.897,raw,1585,-8.0786,-11.9784,1.4703
2.897,raw,1596,-7.7777,-12.3836,1.4665
2.897,raw,1607,-7.4722,-12.8033,1.4622
2.897,raw,1617,-4.4237,-8.2695,1.5825
2.897,raw,1628,-4.0850,-8.2935,1.5856
2.897,raw,1639,-6.5963,-14.2265,1.4437
2.897,raw,1649,-6.2872,-14.6727,1.4376
2.897,raw,1660,-5.9264,-15.1621,1.4308
2.897,raw,1671,-7.5496,-21.0425,1.2969
2.897,raw,1681,-7.2666,-22.2468,1.2739
2.897,raw,1692,-6.8344,-23.4136,1.2523
2.897,raw,1703,-6.3597,-24.6633,1.2287
2.897,raw,1714,-5.8338,-25.9935,1.2031
2.897,raw,1724,-5.1155,-26.3586,1.1987
2.897,raw,1735,-4.3111,-26.7605,1.1933
2.897,raw,1746,-3.4937,-27.1868,1.1868
2.897,raw,1756,-2.7385,-27.6177,1.1795
2.897,raw,1767,-1.8896,-28.1509,1.1695
2.897,raw,1778,-1.0105,-28.6656,1.1595
2.897,raw,1789,-0.1014,-29.1729,1.1489
2.897,raw,1799,0.7494,-29.4163,1.1436
2.897,raw,1810,1.7028,-29.6990,1.1368
2.897,raw,1821,2.6970,-30.2508,1.1233
2.897,raw,1831,3.6278,-30.6813,1.1120
2.897,raw,1842,4.6984,-31.2392,1.0970
2.897,raw,1853,5.8100,-31.7756,1.0816
2.897,raw,1864,7.0904,-32.9217,1.0516
2.897,raw,1874,25.6876,11.5725,1.1892
2.897,raw,1885,-24.3983,23.2248,1.0551
2.897,raw,1896,-23.9273,21.4048,1.0897
2.897,raw,1906,-23.3091,19.7047,1.1243
2.897,raw,1917,-22.7117,18.0277,1.1576
2.897,raw,1928,-22.9410,17.0597,1.1662
2.897,raw,1939,-22.1287,15.4225,1.2015
2.897,raw,1949,-11.2650,7.6656,1.4959
2.897,raw,1960,-20.3517,12.4851,1.2692
2.897,raw,1971,-20.2787,11.5798,1.2805
2.897,raw,1981,-19.6210,10.4872,1.3045
2.897,raw,1992,-18.9469,9.3877,1.3286
2.897,raw,2003,-18.4665,8.4456,1.3467
2.897,raw,2014,-18.0550,7.5860,1.3624
2.897,raw,2024,-17.6975,6.8512,1.3755
2.897,raw,2035,-17.8715,6.2683,1.3760
2.897,raw,2046,-17.5120,5.5313,1.3884
2.897,raw,2056,-17.1871,4.8931,1.3990
2.897,raw,2067,-16.8380,4.2252,1.4100
2.897,raw,2078,-16.5133,3.5935,1.4199
2.897,raw,2089,-16.2380,2.9977,1.4281
2.897,raw,2099,-15.9550,2.4721,1.4360
2.897,raw,2110,-15.6726,1.9201,1.4436
2.897,raw,2121,-15.3831,1.3889,1.4509
2.897,raw,2131,-15.1431,0.9247,1.4568
2.897,raw,2142,-14.8897,0.4312,1.4626
2.897,raw,2153,-16.8651,-0.5974,1.8234
2.897,raw,2164,-34.2317,-2.6263,1.8471
2.897,raw,2174,-31.8066,-3.3546,1.8439
2.897,raw,2185,-32.8505,-4.5431,1.8455
2.897,raw,2196,-32.1138,-5.4905,1.8447
2.897,raw,2206,-31.5291,-6.3382,1.8442
2.897,raw,2217,-16.4222,-3.7441,1.8234
2.897,raw,2228,-30.2506,-8.1238,1.8431
2.897,raw,2239,-29.6105,-8.9776,1.8426
2.897,raw,2249,-29.0553,-9.7421,1.8422
2.897,raw,2260,-28.4556,-10.5675,1.8418
2.897,raw,2271,-16.1051,-6.5086,1.8242
2.897,raw,2281,-15.5322,-6.8144,1.8237
2.897,raw,2292,-26.7394,-12.8829,1.8409
2.897,raw,2303,-26.1539,-13.6530,1.8407
2.897,raw,2314,-25.4743,-14.3580,1.8403
2.897,raw,2324,-24.9004,-15.0100,1.8401
2.897,raw,2335,-24.2409,-15.6967,1.8398
2.897,raw,2346,-23.6044,-16.3857,1.8396
2.897,raw,2356,-23.0193,-16.9985,1.8395
2.897,raw,2367,-22.4195,-17.6982,1.8394
2.897,raw,2378,-21.8262,-18.4003,1.8394
2.897,raw,2389,-21.2321,-19.1017,1.8394
2.897,raw,2399,-20.6946,-19.7437,1.8394
2.897,raw,2410,-20.1067,-20.4584,1.8396
2.897,raw,2421,-19.5172,-21.1802,1.8397
2.897,raw,2431,-18.9838,-21.8500,1.8399
2.897,raw,2442,-18.3930,-22.5980,1.8402
2.897,raw,2453,-17.7271,-23.2693,1.8403
2.897,raw,2464,-17.0519,-23.9416,1.8405
2.897,raw,2474,-16.4361,-24.5643,1.8407
2.897,raw,2485,-15.7545,-25.2643,1.8410
2.897,raw,2496,-15.0382,-25.9335,1.8413
2.897,raw,2506,-14.4000,-26.5898,1.8416
2.897,raw,2517,-13.6685,-27.2929,1.8420
2.897,raw,2528,-12.9476,-28.0625,1.8425
2.897,raw,2539,-12.1935,-28.8174,1.8430
2.897,raw,2549,-11.4806,-29.4933,1.8435
2.897,raw,2560,-10.6940,-30.3010,1.8441
2.897,raw,2571,-9.8816,-31.1300,1.8448
2.897,raw,2581,-9.1039,-31.8544,1.8455
2.897,raw,2592,-8.2350,-32.7249,1.8463
2.897,raw,2603,-7.3391,-33.6537,1.8472
2.897,raw,2614,-4.7285,-33.7908,1.8467
2.897,raw,2624,-3.4901,-31.8099,1.8439
2.897,raw,2635,-2.5124,-32.3667,1.8445
2.897,raw,2646,-1.5059,-32.9394,1.8451
2.897,raw,2656,-0.5635,-33.4849,1.8458
2.897,raw,2667,0.5076,-34.0758,1.8466
2.897,raw,2678,-18.8421,-0.3152,2.2771
2.897,raw,2689,-16.4129,-0.7672,2.2175
2.897,raw,2699,-16.2642,-1.2396,2.2147
2.897,raw,2710,-16.1017,-1.7524,2.2121
2.897,raw,2721,-15.6021,-2.6318,2.2032
2.897,raw,2731,-15.4535,-3.0782,2.2018
2.897,raw,2742,-15.3418,-3.5786,2.2019
2.897,raw,2753,-15.1825,-4.0664,2.2011
2.897,raw,2764,-15.0120,-4.5492,2.2005
2.897,raw,2774,-14.7869,-5.0117,2.1989
2.897,raw,2785,-14.5613,-7.5501,2.2189
2.897,raw,2796,-13.9234,-8.0771,2.2115
2.897,raw,2806,-19.7422,-24.5339,2.5928
2.897,raw,2817,-31.9433,-3.8419,3.3728
2.897,raw,2828,-26.1665,-13.7572,3.2502
2.897,raw,2839,-13.9118,-8.0703,2.6003
2.897,raw,2849,-19.6984,-24.6261,3.3453
2.897,raw,2860,-26.1863,-13.7677,3.9585
2.897,raw,2871,-11.5686,-8.4746,2.8656
2.897,raw,2881,-19.5076,0.0061,3.6978
2.897,raw,2892,-19.4354,-0.6205,3.6928
2.897,raw,2903,-19.2510,-1.2356,3.6790
2.897,raw,2914,-19.0677,-1.8422,3.6671
2.897,raw,2924,-15.9394,-1.9709,3.3727
2.897,raw,2935,-18.4460,-3.0455,3.6248
2.897,raw,2946,-18.2954,-3.6322,3.6215
2.897,raw,2956,-18.1343,-4.1583,3.6176
2.897,raw,2967,-17.9641,-4.7367,3.6157
2.897,raw,2978,-17.8054,-5.3179,3.6167
2.897,raw,2989,-17.5037,-5.8512,3.6052
2.897,raw,2999,-17.2498,-7.2215,3.6297
2.897,raw,3010,-16.8030,0.8402,3.4404
2.897,raw,3021,-16.5876,0.2484,3.8216
2.897,raw,3031,-16.4518,-0.2356,3.8065
2.897,raw,3042,-16.2839,-0.7588,3.7896
2.897,raw,3053,-16.1168,-1.2736,3.7748
2.897,raw,3064,-15.9920,-1.7864,3.7668
2.897,raw,3074,-15.6186,-2.2082,3.7300
2.897,raw,3085,-15.4713,-2.7021,3.7228
2.897,raw,3096,-15.3196,-3.1915,3.7169
2.897,raw,3106,-15.1853,-3.6350,3.7137
2.897,raw,3117,-15.0158,-4.1152,3.7091
2.897,raw,3128,-14.8800,-4.6043,3.7107
2.897,raw,3139,-15.3914,-5.4290,3.8001
2.897,raw,3149,-14.6200,-5.6423,3.7234
2.897,raw,3160,-14.4876,-6.1418,3.7316
2.897,raw,3171,-14.3288,-6.6343,3.7386
2.897,raw,3181,-14.1967,-7.0923,3.7485
2.897,raw,3192,-14.0117,-7.5811,3.7562
2.897,raw,3203,-16.7743,0.8393,3.8447
4.248,raw,0,-5.6351,-6.2168,0.5529
4.248,raw,10,-5.4656,-6.4116,0.5486
4.248,raw,20,-5.3083,-6.6243,0.5402
4.248,raw,30,-5.1859,-6.8877,0.5221
4.248,raw,41,-4.9949,-7.1152,0.5128
4.248,raw,51,-4.8084,-7.3101,0.5056
4.248,raw,61,-6.0490,-6.9499,0.6694
4.248,raw,71,-5.9096,-7.2183,0.6565
4.248,raw,82,-5.7259,-7.4874,0.6457
4.248,raw,92,-5.5349,-7.7089,0.6388
4.248,raw,102,-5.3721,-7.9768,0.6246
4.248,raw,113,-5.1561,-8.2306,0.6142
4.248,raw,123,-4.9818,-8.5071,0.5979
4.248,raw,133,-4.3326,-7.9734,0.6898
4.248,raw,143,-4.0804,-8.0839,0.6928
4.248,raw,154,-4.3462,-9.2959,0.5534
4.248,raw,164,-4.1219,-9.5452,0.5385
4.248,raw,174,-3.8926,-9.8023,0.5220
4.248,raw,184,-3.6605,-10.0753,0.5029
4.248,raw,195,-6.7342,-7.6259,0.8107
4.248,raw,205,-6.5322,-7.8623,0.8066
4.248,raw,215,-6.3799,-8.1652,0.7940
4.248,raw,226,-6.1790,-8.4695,0.7831
4.248,raw,236,-5.9721,-8.7235,0.7754
4.248,raw,246,-5.8026,-9.0428,0.7599
4.248,raw,256,-5.5786,-9.2935,0.7517
4.248,raw,267,-4.3975,-7.9759,0.9127
4.248,raw,277,-4.1143,-8.0317,0.9210
4.248,raw,287,-4.8654,-10.1145,0.7179
4.248,raw,297,-4.6299,-10.4026,0.7036
4.248,raw,308,-4.3730,-10.7510,0.6840
4.248,raw,318,-4.0958,-10.9908,0.6734
4.248,raw,328,-3.8368,-11.3000,0.6552
4.248,raw,339,-3.5981,-11.8220,0.6169
4.248,raw,349,-3.3395,-12.2381,0.5873
4.248,raw,359,-3.0739,-12.7001,0.5529
4.248,raw,369,-2.8190,-13.3003,0.5049
4.248,raw,380,-7.8319,-7.8942,0.9969
4.248,raw,390,-7.6543,-8.1928,0.9907
4.248,raw,400,-7.4387,-8.4572,0.9874
4.248,raw,410,-7.2435,-8.7503,0.9810
4.248,raw,421,-7.0166,-9.0679,0.9740
4.248,raw,431,-6.8070,-9.3620,0.9668
4.248,raw,441,-6.5926,-9.6602,0.9588
4.248,raw,452,-6.3587,-10.0059,0.9481
4.248,raw,462,-6.1352,-10.3192,0.9382
4.248,raw,472,-4.3548,-7.9570,1.1412
4.248,raw,482,-4.0816,-8.0286,1.1461
4.248,raw,493,-5.3839,-11.3011,0.9042
4.248,raw,503,-5.1483,-11.6793,0.8878
4.248,raw,513,-4.8620,-11.9750,0.8772
4.248,raw,523,-4.5626,-12.2624,0.8668
4.248,raw,534,-4.2943,-12.7785,0.8400
4.248,raw,544,-4.0379,-13.2789,0.8131
4.248,raw,554,-3.8138,-13.9682,0.7723
4.248,raw,565,-3.5012,-14.6309,0.7341
4.248,raw,575,-3.1910,-15.2575,0.6973
4.248,raw,585,-2.8600,-15.9373,0.6562
4.248,raw,595,-2.5399,-16.8840,0.5961
4.248,raw,606,-2.1438,-18.0323,0.5220
4.248,raw,616,-10.4566,-5.2032,1.2449
4.248,raw,626,-10.3508,-5.5446,1.2419
4.248,raw,636,-10.2547,-5.8963,1.2379
4.248,raw,647,-10.0475,-6.2272,1.2382
4.248,raw,657,-9.9459,-6.5856,1.2333
4.248,raw,667,-9.7584,-6.8913,1.2324
4.248,raw,678,-9.5550,-7.2316,1.2308
4.248,raw,688,-9.4413,-7.6012,1.2245
4.248,raw,698,-9.2387,-7.9059,1.2228
4.248,raw,708,-9.0203,-8.1997,1.2215
4.248,raw,719,-8.8153,-8.5599,1.2171
4.248,raw,729,-8.6315,-8.8978,1.2123
4.248,raw,739,-8.4236,-9.2193,1.2082
4.248,raw,749,-8.2293,-9.5645,1.2025
4.248,raw,760,-7.9474,-9.8750,1.2000
4.248,raw,770,-7.7460,-10.2337,1.1930
4.248,raw,780,-7.5440,-10.6069,1.1849
4.248,raw,791,-7.2552,-10.9415,1.1801
4.248,raw,801,-7.0396,-11.3306,1.1707
4.248,raw,811,-6.7596,-11.6359,1.1657
4.248,raw,821,-4.2150,-7.9324,1.3696
4.248,raw,832,-3.9790,-8.1263,1.3670
4.248,raw,842,-5.9876,-12.8848,1.1324
4.248,raw,852,-5.6871,-13.2436,1.1234
4.248,raw,862,-5.3708,-13.5952,1.1145
4.248,raw,873,-5.1062,-14.2391,1.0917
4.248,raw,883,-4.8523,-14.8708,1.0686
4.248,raw,893,-4.5883,-15.5686,1.0423
4.248,raw,904,-4.2633,-16.3568,1.0121
4.248,raw,914,-4.1606,-17.9941,0.9413
4.248,raw,924,-4.6645,-22.8048,0.7229
4.248,raw,934,-4.1687,-23.8379,0.6813
4.248,raw,945,-3.5139,-24.6737,0.6489
4.248,raw,955,-2.8269,-25.0302,0.6373
4.248,raw,965,-2.1269,-25.4098,0.6237
4.248,raw,975,-1.4080,-25.7758,0.6099
4.248,raw,986,-0.5914,-26.0501,0.5995
4.248,raw,996,0.1632,-26.4008,0.5843
4.248,raw,1006,0.9373,-26.7378,0.5688
4.248,raw,1017,1.8154,-27.1701,0.5478
4.248,raw,1027,2.6384,-27.5449,0.5283
4.248,raw,1037,3.4901,-27.9508,0.5063
4.248,raw,1047,23.1072,10.1242,0.6750
4.248,raw,1058,-19.0219,20.3949,0.5275
4.248,raw,1068,-18.6146,18.8752,0.5896
4.248,raw,1078,-18.2363,17.4880,0.6455
4.248,raw,1088,-17.8774,16.2104,0.6965
4.248,raw,1099,-17.1830,14.6557,0.7662
4.248,raw,1109,-16.8621,13.5861,0.8079
4.248,raw,1119,-16.5821,12.6103,0.8446
4.248,raw,1130,-10.9980,8.0324,1.1724
4.248,raw,1140,-11.0889,7.6207,1.1792
4.248,raw,1150,-15.5002,9.7918,0.9564
4.248,raw,1160,-15.2904,9.0651,0.9812
4.248,raw,1171,-14.9131,8.2301,1.0143
4.248,raw,1181,-14.8246,7.6371,1.0299
4.248,raw,1191,-15.1984,-0.0564,1.4552
4.248,raw,1201,-15.0067,-0.4961,1.4590
4.248,raw,1212,-14.7956,-0.9686,1.4630
4.248,raw,1222,-8.1337,-0.6585,1.6100
4.248,raw,1232,-8.0315,-0.8940,1.6115
4.248,raw,1243,-14.2101,-2.2460,1.4722
4.248,raw,1253,-14.0396,-2.6469,1.4742
4.248,raw,1263,-13.8628,-3.0412,1.4762
4.248,raw,1273,-13.7040,-3.4355,1.4775
4.248,raw,1284,-13.5083,-3.8592,1.4791
4.248,raw,1294,-13.3264,-4.2392,1.4804
4.248,raw,1304,-12.7866,-4.4861,1.4899
4.248,raw,1314,-12.6323,-4.8594,1.4901
4.248,raw,1325,-12.4471,-5.2629,1.4905
4.248,raw,1335,-12.2892,-5.6340,1.4903
4.248,raw,1345,-12.1320,-6.0064,1.4899
4.248,raw,1356,-11.9604,-6.4188,1.4890
4.248,raw,1366,-11.5114,-6.6264,1.4954
4.248,raw,1376,-11.3638,-7.0016,1.4939
4.248,raw,1386,-11.2501,-7.4042,1.4912
4.248,raw,1397,-11.1308,-7.8615,1.4877
4.248,raw,1407,-10.8154,-8.1332,1.4898
4.248,raw,1417,-10.6925,-8.5519,1.4863
4.248,raw,1427,-10.5762,-8.9885,1.4822
4.248,raw,1438,-10.2523,-9.3095,1.4829
4.248,raw,1448,-10.1449,-9.7777,1.4776
4.248,raw,1458,-9.9772,-10.2052,1.4737
4.248,raw,1469,-9.6761,-10.5680,1.4725
4.248,raw,1479,-9.3841,-10.8819,1.4716
4.248,raw,1489,-9.2563,-11.3984,1.4648
4.248,raw,1499,-8.9804,-11.7545,1.4625
4.248,raw,1510,-8.8474,-12.3924,1.4530
4.248,raw,1520,-8.5463,-12.7521,1.4504
4.248,raw,1530,-8.2434,-13.1226,1.4473
4.248,raw,1541,-7.9021,-13.5354,1.4435
4.248,raw,1551,-7.7694,-14.2461,1.4314
4.248,raw,1561,-7.4479,-14.6659,1.4267
4.248,raw,1571,-7.1182,-15.0981,1.4215
4.248,raw,1582,-8.5374,-19.5642,1.3189
4.248,raw,1592,-8.2312,-20.4581,1.3035
4.248,raw,1602,-7.8850,-21.3610,1.2879
4.248,raw,1612,-7.6257,-22.6364,1.2634
4.248,raw,1623,-7.1917,-23.8147,1.2418
4.248,raw,1633,-6.7621,-24.9617,1.2203
4.248,raw,1643,-6.2997,-26.2100,1.1963
4.248,raw,1654,-5.5722,-26.9273,1.1846
4.248,raw,1664,-4.8265,-27.2962,1.1799
4.248,raw,1674,-4.0670,-27.6597,1.1749
4.248,raw,1684,-3.2967,-28.0459,1.1689
4.248,raw,1695,-2.4383,-28.5496,1.1601
4.248,raw,1705,-1.6377,-29.0457,1.1506
4.248,raw,1715,-0.8129,-29.5680,1.1401
4.248,raw,1725,0.0396,-30.1130,1.1286
4.248,raw,1736,1.0076,-30.4370,1.1214
4.248,raw,1746,1.9057,-30.7176,1.1146
4.248,raw,1756,2.8317,-31.1184,1.1045
4.248,raw,1767,3.8907,-31.6426,1.0908
4.248,raw,1777,4.8966,-32.1770,1.0764
4.248,raw,1787,5.9530,-32.7814,1.0597
4.248,raw,1797,24.0025,10.5116,1.2330
4.248,raw,1808,-24.5573,24.1169,1.0384
4.248,raw,1818,-23.4341,21.7722,1.0918
4.248,raw,1828,-22.9492,20.1506,1.1234
4.248,raw,1838,-22.4797,18.6458,1.1525
4.248,raw,1849,-22.0020,17.1281,1.1814
4.248,raw,1859,-22.2748,16.3344,1.1868
4.248,raw,1869,-21.5345,14.8844,1.2184
4.248,raw,1880,-20.7119,13.3951,1.2514
4.248,raw,1890,-20.0286,12.1727,1.2782
4.248,raw,1900,-20.0452,11.4086,1.2861
4.248,raw,1910,-19.4878,10.3768,1.3076
4.248,raw,1921,-18.8633,9.3070,1.3303
4.248,raw,1931,-18.5130,8.4893,1.3448
4.248,raw,1941,-18.1608,7.7108,1.3585
4.248,raw,1951,-17.8288,6.9773,1.3711
4.248,raw,1962,-18.0879,6.4159,1.3698
4.248,raw,1972,-17.7475,5.7297,1.3815
4.248,raw,1982,-17.5032,5.1002,1.3905
4.248,raw,1993,-17.1835,4.4231,1.4010
4.248,raw,2003,-16.9435,3.8438,1.4089
4.248,raw,2013,-16.6939,3.2834,1.4166
4.248,raw,2023,-16.4705,2.7467,1.4233
4.248,raw,2034,-16.1840,2.1715,1.4312
4.248,raw,2044,-15.9467,1.6698,1.4375
4.248,raw,2054,-15.7338,1.1854,1.4429
4.248,raw,2064,-15.5238,0.7148,1.4480
4.248,raw,2075,-19.5529,-0.1002,1.8271
4.248,raw,2085,-18.6640,-0.7965,1.8259
4.248,raw,2095,-17.4683,-1.2444,1.8243
4.248,raw,2106,-31.7599,-3.5122,1.8439
4.248,raw,2116,-32.7700,-4.6032,1.8455
4.248,raw,2126,-32.1628,-5.4749,1.8448
4.248,raw,2136,-15.7127,-3.0370,1.8223
4.248,raw,2147,-30.9538,-7.2376,1.8437
4.248,raw,2157,-30.3911,-8.0460,1.8433
4.248,raw,2167,-29.8467,-8.8401,1.8428
4.248,raw,2177,-15.1590,-4.8949,1.8223
4.248,raw,2188,-28.7627,-10.4733,1.8422
4.248,raw,2198,-14.8987,-5.8584,1.8224
4.248,raw,2208,-27.7460,-11.9801,1.8416
4.248,raw,2219,-27.1752,-12.7846,1.8414
4.248,raw,2229,-26.6767,-13.5159,1.8412
4.248,raw,2239,-16.6189,-9.0124,1.8263
4.248,raw,2249,-25.7072,-14.9738,1.8410
4.248,raw,2260,-25.1520,-15.7552,1.8409
4.248,raw,2270,-24.6558,-16.4675,1.8409
4.248,raw,2280,-24.1710,-17.1868,1.8409
4.248,raw,2290,-11.2123,-8.4838,1.8198
4.248,raw,2301,-23.0281,-18.6042,1.8408
4.248,raw,2311,-22.4835,-19.2777,1.8408
4.248,raw,2321,-21.9425,-19.9563,1.8409
4.248,raw,2332,-21.3478,-20.7083,1.8410
4.248,raw,2342,-20.7868,-21.3785,1.8411
4.248,raw,2352,-20.2699,-22.1038,1.8413
4.248,raw,2362,-19.7632,-22.8567,1.8416
4.248,raw,2373,-19.1687,-23.6642,1.8419
4.248,raw,2383,-18.6293,-24.4221,1.8423
4.248,raw,2393,-18.0795,-25.1920,1.8427
4.248,raw,2403,-17.5090,-25.9622,1.8431
4.248,raw,2414,-16.8843,-26.8529,1.8436
4.248,raw,2424,-16.2951,-27.6714,1.8442
4.248,raw,2434,-15.7001,-28.5267,1.8448
4.248,raw,2445,-15.0164,-29.4768,1.8455
4.248,raw,2455,-14.3772,-30.3710,1.8461
4.248,raw,2465,-13.7182,-31.2948,1.8469
4.248,raw,2475,-16.7821,0.7470,1.8233
4.248,raw,2486,-17.8149,-0.9053,2.2529
4.248,raw,2496,-16.1453,-1.5626,2.2132
4.248,raw,2506,-15.9210,-2.0148,2.2091
4.248,raw,2516,-15.4991,-2.8498,2.2022
4.248,raw,2527,-15.3698,-3.3466,2.2017
4.248,raw,2537,-15.2448,-3.7955,2.2013
4.248,raw,2547,-15.1023,-4.2388,2.2009
4.248,raw,2558,-14.9517,-4.7276,2.2009
4.248,raw,2568,-14.7833,-5.5595,2.2039
4.248,raw,2578,-14.5947,-5.9883,2.2035
4.248,raw,2588,-15.0858,-6.7787,2.2225
4.248,raw,2599,-14.3201,-7.0008,2.2078
4.248,raw,2609,-14.1997,-7.4724,2.2104
4.248,raw,2619,-14.6826,-8.2952,2.2308
4.248,raw,2629,-19.5732,-24.3032,2.5858
4.248,raw,2640,-31.4194,-3.7505,3.3482
4.248,raw,2650,-14.7533,-5.3483,2.5812
4.248,raw,2660,-25.8003,-14.5267,3.2531
4.248,raw,2671,-19.6904,-24.5933,3.3439
4.248,raw,2681,-17.4990,-6.1960,3.1677
4.248,raw,2691,-25.8316,-14.4450,3.9604
4.248,raw,2701,-18.9295,0.1350,3.6448
4.248,raw,2712,-19.4776,-0.4995,3.6985
4.248,raw,2722,-19.3028,-1.0612,3.6848
4.248,raw,2732,-19.1162,-1.6139,3.6715
4.248,raw,2742,-18.9562,-2.1623,3.6622
4.248,raw,2753,-15.6286,-2.2564,3.3495
4.248,raw,2763,-18.3663,-3.3622,3.6249
4.248,raw,2773,-18.2059,-3.8901,3.6203
4.248,raw,2784,-18.0216,-4.4660,3.6161
4.248,raw,2794,-17.8503,-4.9864,3.6135
4.248,raw,2804,-17.7038,-5.5136,3.6148
4.248,raw,2814,-14.7434,-5.0486,3.3332
4.248,raw,2825,-17.3904,-6.7423,3.6262
4.248,raw,2835,-17.2338,-7.2743,3.6317
4.248,raw,2845,-17.0435,-7.7948,3.6354
4.248,raw,2855,-16.8899,-8.3366,3.6446
4.248,raw,2866,-16.7001,-8.9294,3.6545
4.248,raw,2876,-11.2023,-8.5816,3.1950
4.248,raw,2886,-18.3210,0.3013,3.5867
4.248,raw,2897,-16.4405,-0.1823,3.8078
4.248,raw,2907,-16.2974,-0.6597,3.7933
4.248,raw,2917,-16.1465,-1.1298,3.7794
4.248,raw,2927,-16.0365,-1.5982,3.7720
4.248,raw,2938,-16.2531,-2.1598,3.8063
4.248,raw,2948,-15.4953,-2.5174,3.7241
4.248,raw,2958,-15.3811,-2.9683,3.7209
4.248,raw,2968,-15.2245,-3.4079,3.7140
4.248,raw,2979,-15.0740,-3.8939,3.7109
4.248,raw,2989,-14.9483,-4.3380,3.7111
4.248,raw,2999,-14.8086,-4.7779,3.7111
4.248,raw,3010,-14.6763,-5.4187,3.7219
4.248,raw,3020,-14.5242,-5.8580,3.7243
4.248,raw,3030,-14.3993,-6.3112,3.7319
4.248,raw,3040,-14.2562,-6.7601,3.7390
4.248,raw,3051,-14.0960,-7.2573,3.7484
4.248,raw,3061,-13.9450,-7.7119,3.7583
4.248,raw,3071,-16.7507,0.7956,3.8447
5.576,raw,0,-5.6034,-6.1880,0.5596
5.576,raw,9,-5.4735,-6.3872,0.5511
5.576,raw,19,-5.3341,-6.6204,0.5389
5.576,raw,28,-5.1890,-6.8127,0.5308
5.576,raw,38,-5.0301,-7.0355,0.5195
5.576,raw,47,-4.8980,-7.2590,0.5049
5.576,raw,57,-6.0629,-6.8885,0.6743
5.576,raw,67,-5.9085,-7.1366,0.6644
5.576,raw,76,-5.7724,-7.3703,0.6535
5.576,raw,86,-5.6236,-7.6430,0.6392
5.576,raw,95,-5.4531,-7.8482,0.6318
5.576,raw,105,-5.3109,-8.1533,0.6122
5.576,raw,115,-5.1145,-8.3915,0.6016
5.576,raw,124,-4.9430,-8.6239,0.5891
5.576,raw,134,-4.2368,-7.9778,0.6953
5.576,raw,143,-4.0375,-8.1269,0.6911
5.576,raw,153,-4.3554,-9.3942,0.5431
5.576,raw,163,-4.1369,-9.6638,0.5256
5.576,raw,172,-3.9363,-9.9162,0.5082
5.576,raw,182,-6.7346,-7.4980,0.8199
5.576,raw,191,-6.6206,-7.7842,0.8072
5.576,raw,201,-6.4410,-8.0512,0.7990
5.576,raw,211,-6.2779,-8.3482,0.7869
5.576,raw,220,-6.1193,-8.6106,0.7763
5.576,raw,230,-5.9242,-8.8873,0.7659
5.576,raw,239,-5.7466,-9.1439,0.7554
5.576,raw,249,-5.5466,-9.4383,0.7422
5.576,raw,259,-4.3266,-7.9698,0.9168
5.576,raw,268,-4.0806,-8.0335,0.9227
5.576,raw,278,-4.8819,-10.2340,0.7077
5.576,raw,287,-4.6838,-10.5298,0.6911
5.576,raw,297,-4.4410,-10.8342,0.6747
5.576,raw,307,-4.1797,-11.1205,0.6596
5.576,raw,316,-3.9636,-11.4530,0.6381
5.576,raw,326,-3.7037,-11.8090,0.6151
5.576,raw,335,-3.5116,-12.3053,0.5770
5.576,raw,345,-3.2555,-12.7984,0.5399
5.576,raw,355,-7.9011,-7.6002,1.0080
5.576,raw,364,-7.7699,-7.8890,1.0006
5.576,raw,374,-7.5936,-8.1872,0.9943
5.576,raw,383,-7.4151,-8.4406,0.9897
5.576,raw,393,-7.2256,-8.7392,0.9827
5.576,raw,403,-7.0227,-9.0307,0.9761
5.576,raw,412,-6.8574,-9.3242,0.9671
5.576,raw,422,-6.6668,-9.6548,0.9564
5.576,raw,431,-6.4837,-9.9491,0.9469
5.576,raw,441,-6.2812,-10.2937,0.9346
5.576,raw,451,-6.0123,-10.5468,0.9294
5.576,raw,460,-4.2057,-7.9783,1.1453
5.576,raw,470,-3.9946,-8.1632,1.1409
5.576,raw,479,-5.3642,-11.5309,0.8908
5.576,raw,489,-5.1233,-11.9164,0.8738
5.576,raw,499,-4.8410,-12.2406,0.8611
5.576,raw,508,-4.6267,-12.6607,0.8398
5.576,raw,518,-4.3530,-13.0837,0.8190
5.576,raw,527,-4.1268,-13.5749,0.7920
5.576,raw,537,-3.9074,-14.3130,0.7478
5.576,raw,547,-3.6250,-14.9583,0.7102
5.576,raw,556,-3.3481,-15.5604,0.6745
5.576,raw,566,-3.0309,-16.3399,0.6268
5.576,raw,575,-2.7621,-17.3275,0.5634
5.576,raw,585,-10.3313,-4.9952,1.2545
5.576,raw,594,-10.1664,-5.2588,1.2558
5.576,raw,604,-10.0784,-5.6036,1.2518
5.576,raw,614,-9.9105,-5.9066,1.2514
5.576,raw,623,-9.8329,-6.2268,1.2468
5.576,raw,633,-9.6685,-6.5374,1.2452
5.576,raw,642,-9.5789,-6.8611,1.2402
5.576,raw,652,-9.4144,-7.1802,1.2375
5.576,raw,662,-9.3043,-7.5478,1.2312
5.576,raw,671,-9.1444,-7.8363,1.2284
5.576,raw,681,-8.9349,-8.1335,1.2266
5.576,raw,690,-8.7715,-8.4277,1.2230
5.576,raw,700,-8.6388,-8.8111,1.2151
5.576,raw,710,-8.4482,-9.1478,1.2101
5.576,raw,719,-8.2172,-9.3925,1.2090
5.576,raw,729,-8.0470,-9.7701,1.2010
5.576,raw,738,-7.8756,-10.1012,1.1943
5.576,raw,748,-7.6287,-10.4094,1.1901
5.576,raw,758,-7.4348,-10.8023,1.1808
5.576,raw,767,-7.2076,-11.0955,1.1757
5.576,raw,777,-7.0016,-11.5089,1.1650
5.576,raw,786,-6.7484,-11.7896,1.1601
5.576,raw,796,-4.1659,-7.9627,1.3697
5.576,raw,806,-3.9615,-8.1589,1.3662
5.576,raw,815,-6.0682,-13.0698,1.1234
5.576,raw,825,-5.7594,-13.4248,1.1147
5.576,raw,834,-5.4920,-13.7944,1.1041
5.576,raw,844,-5.2510,-14.3906,1.0830
5.576,raw,854,-5.0079,-15.0621,1.0582
5.576,raw,863,-4.7912,-15.7609,1.0312
5.576,raw,873,-4.6205,-16.9058,0.9837
5.576,raw,882,-5.4467,-21.8392,0.7573
5.576,raw,892,-5.1138,-23.3050,0.6962
5.576,raw,902,-4.6433,-24.4848,0.6483
5.576,raw,911,-4.0765,-25.0366,0.6285
5.576,raw,921,-3.3906,-25.4550,0.6147
5.576,raw,930,-2.7601,-25.8509,0.6007
5.576,raw,940,-2.0413,-26.3025,0.5837
5.576,raw,950,-1.2996,-26.7406,0.5664
5.576,raw,959,-0.6106,-27.0719,0.5530
5.576,raw,969,0.1747,-27.3174,0.5426
5.576,raw,978,0.8967,-27.7454,0.5230
5.576,raw,988,1.7215,-28.1306,0.5043
5.576,raw,998,-17.6975,22.1406,0.5088
5.576,raw,1007,-17.5445,20.8506,0.5580
5.576,raw,1017,-17.1332,19.2526,0.6246
5.576,raw,1026,-16.8004,17.9549,0.6778
5.576,raw,1036,-16.4983,16.6765,0.7286
5.576,raw,1046,-16.2358,15.5204,0.7734
5.576,raw,1055,-16.0562,14.5923,0.8076
5.576,raw,1065,-15.5612,13.3778,0.8604
5.576,raw,1074,-15.4060,12.5816,0.8885
5.576,raw,1084,-15.1907,11.7115,0.9202
5.576,raw,1094,-14.7986,10.7677,0.9596
5.576,raw,1103,-10.9907,7.7226,1.1807
5.576,raw,1113,-14.3856,9.3353,1.0108
5.576,raw,1122,-14.2851,8.7601,1.0281
5.576,raw,1132,-13.9732,8.0392,1.0565
5.576,raw,1142,-13.7336,7.3941,1.0797
5.576,raw,1151,-13.9603,0.2473,1.4827
5.576,raw,1161,-13.8074,-0.1610,1.4859
5.576,raw,1170,-13.6593,-0.5211,1.4888
5.576,raw,1180,-13.5203,-0.9157,1.4913
5.576,raw,1189,-8.1551,-0.6690,1.6096
5.576,raw,1199,-8.0302,-0.9016,1.6117
5.576,raw,1209,-13.1350,-2.0313,1.4965
5.576,raw,1218,-12.9840,-2.3639,1.4985
5.576,raw,1228,-12.8555,-2.7373,1.4995
5.576,raw,1237,-12.7316,-3.0691,1.5004
5.576,raw,1247,-12.6032,-3.4381,1.5010
5.576,raw,1257,-12.4686,-3.8039,1.5015
5.576,raw,1266,-12.3318,-4.1267,1.5021
5.576,raw,1276,-12.0293,-4.4267,1.5061
5.576,raw,1285,-11.9353,-4.7604,1.5054
5.576,raw,1295,-11.7977,-5.1191,1.5051
5.576,raw,1305,-11.6598,-5.4790,1.5045
5.576,raw,1314,-11.5538,-5.8138,1.5033
5.576,raw,1324,-11.4455,-6.1951,1.5015
5.576,raw,1333,-11.2499,-6.4860,1.5021
5.576,raw,1343,-11.1347,-6.8713,1.4999
5.576,raw,1353,-10.9759,-7.2349,1.4985
5.576,raw,1362,-10.8580,-7.5838,1.4963
5.576,raw,1372,-10.6102,-7.8924,1.4968
5.576,raw,1381,-10.4746,-8.2377,1.4945
5.576,raw,1391,-10.3213,-8.6277,1.4917
5.576,raw,1401,-10.0770,-8.9476,1.4912
5.576,raw,1410,-9.9808,-9.3522,1.4868
5.576,raw,1420,-9.8930,-9.8380,1.4808
5.576,raw,1429,-9.7275,-10.2053,1.4776
5.576,raw,1439,-9.4995,-10.5784,1.4751
5.576,raw,1449,-9.4222,-11.1378,1.4669
5.576,raw,1458,-9.1920,-11.4731,1.4645
5.576,raw,1468,-8.9508,-11.8762,1.4609
5.576,raw,1477,-8.8982,-12.4791,1.4509
5.576,raw,1487,-8.6391,-12.9052,1.4465
5.576,raw,1497,-8.3740,-13.3439,1.4417
5.576,raw,1506,-8.1241,-13.7412,1.4372
5.576,raw,1516,-7.8573,-14.2276,1.4309
5.576,raw,1525,-7.7666,-14.9748,1.4175
5.576,raw,1535,-9.1081,-18.7784,1.3293
5.576,raw,1545,-8.8241,-19.6234,1.3152
5.576,raw,1554,-8.5451,-20.4095,1.3019
5.576,raw,1564,-8.2499,-21.4203,1.2838
5.576,raw,1573,-7.9377,-22.3216,1.2677
5.576,raw,1583,-7.6678,-23.6921,1.2411
5.576,raw,1593,-7.2938,-24.9599,1.2170
5.576,raw,1602,-6.9031,-26.1088,1.1951
5.576,raw,1612,-6.4060,-27.3843,1.1706
5.576,raw,1621,-5.7431,-27.8054,1.1649
5.576,raw,1631,-4.9795,-28.2181,1.1593
5.576,raw,1641,-4.2060,-28.6656,1.1525
5.576,raw,1650,-3.4987,-29.1036,1.1452
5.576,raw,1660,-2.6861,-29.5325,1.1379
5.576,raw,1669,-1.9440,-29.9980,1.1292
5.576,raw,1679,-1.0968,-30.5576,1.1181
5.576,raw,1689,-0.2207,-31.1579,1.1055
5.576,raw,1698,0.5966,-31.7407,1.0928
5.576,raw,1708,1.5322,-32.1492,1.0833
5.576,raw,1717,2.3953,-32.5080,1.0745
5.576,raw,1727,3.3762,-32.8709,1.0649
5.576,raw,1736,4.2958,-33.3244,1.0529
5.576,raw,1746,5.3716,-33.9659,1.0358
5.576,raw,1756,-22.6980,25.6957,1.0423
5.576,raw,1765,-22.2685,23.9646,1.0767
5.576,raw,1775,-21.6447,22.0285,1.1168
5.576,raw,1784,-20.9095,20.2448,1.1557
5.576,raw,1794,-20.1393,18.4461,1.1950
5.576,raw,1804,-19.7345,17.0839,1.2214
5.576,raw,1813,-19.1161,15.7314,1.2508
5.576,raw,1823,-18.4728,14.3612,1.2804
5.576,raw,1832,-18.2616,13.4674,1.2958
5.576,raw,1842,-10.9459,7.8337,1.4992
5.576,raw,1852,-11.2686,7.5730,1.4963
5.576,raw,1861,-17.1715,10.6226,1.3500
5.576,raw,1871,-17.1907,9.9647,1.3568
5.576,raw,1880,-16.9389,9.2506,1.3691
5.576,raw,1890,-16.6909,8.5094,1.3813
5.576,raw,1900,-16.4589,7.8095,1.3924
5.576,raw,1909,-16.2316,7.1985,1.4024
5.576,raw,1919,-15.9898,6.5523,1.4126
5.576,raw,1928,-16.0821,6.1035,1.4141
5.576,raw,1938,-15.8951,5.5161,1.4221
5.576,raw,1948,-15.6968,4.9469,1.4300
5.576,raw,1957,-15.4874,4.4443,1.4373
5.576,raw,1967,-15.3026,3.9173,1.4441
5.576,raw,1976,-15.1256,3.4557,1.4500
5.576,raw,1986,-14.9363,2.9605,1.4562
5.576,raw,1996,-14.7734,2.4848,1.4614
5.576,raw,2005,-14.6267,2.0680,1.4658
5.576,raw,2015,-14.4524,1.6157,1.4706
5.576,raw,2024,-14.3002,1.2194,1.4746
5.576,raw,2034,-14.1470,0.7903,1.4784
5.576,raw,2044,-14.0064,0.3709,1.4817
5.576,raw,2053,-30.5440,-0.2665,1.8420
5.576,raw,2063,-30.1439,-1.1385,1.8414
5.576,raw,2072,-29.7963,-1.9066,1.8410
5.576,raw,2082,-29.3913,-2.7403,1.8406
5.576,raw,2092,-29.0276,-3.5611,1.8402
5.576,raw,2101,-28.6709,-4.2825,1.8399
5.576,raw,2111,-15.7943,-2.7306,1.8223
5.576,raw,2120,-27.9891,-5.7803,1.8394
5.576,raw,2130,-27.6293,-6.5518,1.8391
5.576,raw,2140,-16.1906,-4.2640,1.8233
5.576,raw,2149,-26.9578,-7.9950,1.8388
5.576,raw,2159,-15.4676,-5.0134,1.8227
5.576,raw,2168,-26.3002,-9.4174,1.8385
5.576,raw,2178,-25.8518,-10.1185,1.8383
5.576,raw,2188,-14.7785,-6.2352,1.8224
5.576,raw,2197,-15.4020,-6.9943,1.8236
5.576,raw,2207,-24.9256,-12.2858,1.8383
5.576,raw,2216,-15.1329,-7.9279,1.8238
5.576,raw,2226,-14.1588,-7.9569,1.8227
5.576,raw,2236,-23.8393,-14.3825,1.8384
5.576,raw,2245,-23.5366,-15.0597,1.8386
5.576,raw,2255,-23.1536,-15.7887,1.8387
5.576,raw,2264,-22.8078,-16.4495,1.8388
5.576,raw,2274,-22.4357,-17.2013,1.8390
5.576,raw,2284,-22.0394,-17.9454,1.8392
5.576,raw,2293,-21.7107,-18.6494,1.8395
5.576,raw,2303,-21.3021,-19.4095,1.8397
5.576,raw,2312,-20.9607,-20.1328,1.8401
5.576,raw,2322,-20.5471,-20.9237,1.8404
5.576,raw,2331,-20.1805,-21.6610,1.8408
5.576,raw,2341,-19.7683,-22.5012,1.8413
5.576,raw,2351,-19.3631,-23.3817,1.8418
5.576,raw,2360,-18.9901,-24.1964,1.8423
5.576,raw,2370,-18.5377,-25.0922,1.8429
5.576,raw,2379,-18.1240,-25.9272,1.8435
5.576,raw,2389,-17.6509,-26.8834,1.8442
5.576,raw,2399,-17.1703,-27.8856,1.8450
5.576,raw,2408,-16.7327,-28.8368,1.8458
5.576,raw,2418,-16.2149,-29.9115,1.8467
5.576,raw,2427,-15.7240,-30.9047,1.8476
5.576,raw,2437,-33.7790,7.1326,1.8472
5.576,raw,2447,-33.3338,6.0404,1.8464
5.576,raw,2456,-32.9745,5.0943,1.8457
5.576,raw,2466,-32.5835,4.0739,1.8450
5.576,raw,2475,-32.1395,3.1724,1.8443
5.576,raw,2485,-31.6603,2.2032,1.8435
5.576,raw,2495,-31.2781,1.2677,1.8430
5.576,raw,2504,-30.8737,0.4457,1.8424
5.576,raw,2514,-31.6688,-3.2530,2.5999
5.576,raw,2523,-31.9325,-4.1320,2.6091
5.576,raw,2533,-15.1081,-4.8930,2.2057
5.576,raw,2543,-26.0873,-13.8270,2.5443
5.576,raw,2552,-25.7773,-14.5445,2.5461
5.576,raw,2562,-19.7451,-24.4113,2.5904
5.576,raw,2571,-31.7881,-3.6415,3.3649
5.576,raw,2581,-17.5154,-5.9873,2.7166
5.576,raw,2591,-25.9066,-14.3192,3.2524
5.576,raw,2600,-19.9094,-24.0359,3.3295
5.576,raw,2610,-15.5935,-2.3135,2.9638
5.576,raw,2619,-25.9917,-14.0699,3.9569
5.576,raw,2629,-11.3037,-8.5660,2.8545
5.576,raw,2639,-19.4561,-0.4613,3.6957
5.576,raw,2648,-19.3118,-0.9675,3.6844
5.576,raw,2658,-19.0559,-1.7969,3.6669
5.576,raw,2667,-15.9042,-2.0282,3.3715
5.576,raw,2677,-11.2245,-8.5060,3.1917
5.576,raw,2687,-16.4877,0.0425,3.8120
5.576,raw,2696,-16.3772,-0.3906,3.8003
5.576,raw,2706,-16.2264,-0.8643,3.7855
5.576,raw,2715,-16.0958,-1.2852,3.7742
5.576,raw,2725,-15.9415,-1.7464,3.7620
5.576,raw,2735,-16.6484,-2.3353,3.8551
5.576,raw,2744,-15.4753,-2.5764,3.7221
5.576,raw,2754,-15.3422,-3.0227,3.7168
5.576,raw,2763,-15.1854,-3.4136,3.7088
5.576,raw,2773,-15.0815,-3.8630,3.7100
5.576,raw,2783,-14.9275,-4.2984,3.7065
5.576,raw,2792,-14.8135,-4.6971,3.7078
5.576,raw,2802,-16.2342,-5.8078,3.9110
5.576,raw,2811,-14.5770,-5.6437,3.7198
5.576,raw,2821,-14.4439,-6.0912,3.7255
5.576,raw,2831,-14.3047,-6.5392,3.7321
5.576,raw,2840,-14.1596,-6.9361,3.7371
5.576,raw,2850,-14.0253,-7.3946,3.7478
5.576,raw,2859,-13.8960,-7.8079,3.7580
5.576,raw,2869,-16.7239,0.7279,3.8405
6.582,raw,0,-5.5958,-6.0487,0.5769
6.582,raw,11,-5.4359,-6.2849,0.5674
6.582,raw,22,-5.2918,-6.5473,0.5525
6.582,raw,33,-5.1260,-6.7932,0.5401
6.582,raw,44,-4.9511,-7.0364,0.5276
6.582,raw,55,-4.7733,-7.2860,0.5132
6.582,raw,67,9.5414,-0.4605,0.5119
6.582,raw,78,9.3524,-0.1592,0.5412
6.582,raw,89,9.1458,0.1295,0.5716
6.582,raw,100,9.5949,0.4111,0.5090
6.582,raw,111,-5.9992,-6.8415,0.6850
6.582,raw,123,-5.7854,-7.1017,0.6783
6.582,raw,134,-5.6367,-7.4073,0.6614
6.582,raw,145,-5.4538,-7.6820,0.6487
6.582,raw,156,-5.2931,-8.0021,0.6291
6.582,raw,167,-5.0820,-8.2634,0.6172
6.582,raw,179,-4.4904,-7.9500,0.6842
6.582,raw,190,-4.1887,-8.0306,0.6934
6.582,raw,201,-4.4369,-9.1868,0.5610
6.582,raw,212,-4.1949,-9.4648,0.5442
6.582,raw,223,-3.9488,-9.7570,0.5249
6.582,raw,235,9.7737,-0.8626,0.6990
6.582,raw,246,9.5793,-0.5437,0.7255
6.582,raw,257,9.3859,-0.2390,0.7507
6.582,raw,268,9.2159,0.0517,0.7720
6.582,raw,279,9.4598,0.3315,0.7441
6.582,raw,291,9.9711,0.6631,0.6840
6.582,raw,302,-6.7031,-7.4504,0.8266
6.582,raw,313,-6.4901,-7.7127,0.8214
6.582,raw,324,-6.3340,-8.0521,0.8064
6.582,raw,335,-6.1306,-8.3462,0.7965
6.582,raw,347,-5.9353,-8.7194,0.7791
6.582,raw,358,-5.7049,-9.0042,0.7692
6.582,raw,369,-5.4833,-9.3171,0.7556
6.582,raw,380,-4.3005,-7.9503,0.9202
6.582,raw,391,-4.0802,-8.1771,0.9115
6.582,raw,403,-4.7481,-10.3275,0.7058
6.582,raw,414,-4.4949,-10.6783,0.6862
6.582,raw,425,-4.1946,-10.9498,0.6739
6.582,raw,436,-3.9260,-11.3321,0.6499
6.582,raw,447,-3.6958,-11.8829,0.6088
6.582,raw,459,-3.3988,-12.4427,0.5676
6.582,raw,470,-3.1405,-13.1174,0.5139
6.582,raw,481,9.6584,-0.6589,0.9360
6.582,raw,492,9.4823,-0.3501,0.9548
6.582,raw,503,9.2693,-0.0523,0.9761
6.582,raw,515,9.3330,0.2541,0.9709
6.582,raw,526,9.8161,0.5489,0.9259
6.582,raw,537,-7.8572,-7.4609,1.0181
6.582,raw,548,-7.6877,-7.7985,1.0102
6.582,raw,559,-7.4905,-8.1175,1.0037
6.582,raw,571,-7.2932,-8.4969,0.9934
6.582,raw,582,-7.0754,-8.8144,0.9863
6.582,raw,593,-6.8586,-9.1445,0.9777
6.582,raw,604,-6.6521,-9.5032,0.9663
6.582,raw,615,-6.4225,-9.8469,0.9558
6.582,raw,627,-6.1617,-10.2268,0.9435
6.582,raw,638,-4.3801,-7.9245,1.1430
6.582,raw,649,-4.1052,-8.0486,1.1447
6.582,raw,660,-5.3875,-11.3115,0.9040
6.582,raw,671,-5.1310,-11.7380,0.8851
6.582,raw,682,-4.8254,-12.0928,0.8711
6.582,raw,694,-4.5227,-12.6038,0.8461
6.582,raw,705,-4.2545,-13.1682,0.8157
6.582,raw,716,-4.0243,-13.9514,0.7692
6.582,raw,727,-3.7300,-14.6636,0.7277
6.582,raw,738,-3.4039,-15.4084,0.6835
6.582,raw,750,-3.0118,-16.2764,0.6309
6.582,raw,761,-2.6752,-17.4821,0.5534
6.582,raw,772,9.6659,-0.6867,1.1553
6.582,raw,783,9.4668,-0.3752,1.1709
6.582,raw,794,9.2899,-0.0788,1.1844
6.582,raw,806,9.3115,0.2286,1.1834
6.582,raw,817,9.7641,0.5207,1.1521
6.582,raw,828,-10.2887,-4.7502,1.2624
6.582,raw,839,-10.1058,-5.0760,1.2633
6.582,raw,850,-10.0364,-5.4639,1.2578
6.582,raw,862,-9.8513,-5.8320,1.2567
6.582,raw,873,-9.7250,-6.1996,1.2527
6.582,raw,884,-9.5520,-6.5421,1.2506
6.582,raw,895,-9.3923,-6.8986,1.2471
6.582,raw,906,-9.2953,-7.3112,1.2392
6.582,raw,918,-9.0775,-7.6836,1.2361
6.582,raw,929,-8.8874,-8.0396,1.2320
6.582,raw,940,-8.6989,-8.4056,1.2269
6.582,raw,951,-8.4931,-8.7646,1.2220
6.582,raw,962,-8.2727,-9.1182,1.2172
6.582,raw,974,-8.0562,-9.5445,1.2092
6.582,raw,985,-7.8462,-9.9386,1.2015
6.582,raw,996,-7.5789,-10.2748,1.1969
6.582,raw,1007,-7.3598,-10.6917,1.1874
6.582,raw,1018,-7.1451,-11.1398,1.1760
6.582,raw,1030,-6.8268,-11.5264,1.1689
6.582,raw,1041,-4.2870,-7.9266,1.3687
6.582,raw,1052,-4.0463,-8.1125,1.3665
6.582,raw,1063,-6.0319,-12.8969,1.1314
6.582,raw,1074,-5.7219,-13.3417,1.1190
6.582,raw,1086,-5.3571,-13.8150,1.1057
6.582,raw,1097,-5.1448,-14.6321,1.0745
6.582,raw,1108,-4.8639,-15.3822,1.0465
6.582,raw,1119,-4.5931,-16.3031,1.0102
6.582,raw,1130,-4.5344,-18.2236,0.9268
6.582,raw,1142,-5.0308,-23.3699,0.6940
6.582,raw,1153,-4.5003,-24.6612,0.6415
6.582,raw,1164,-3.7593,-25.1176,0.6269
6.582,raw,1175,-3.0005,-25.5996,0.6102
6.582,raw,1186,-2.2187,-26.0930,0.5920
6.582,raw,1198,-1.3355,-26.6268,0.5710
6.582,raw,1209,-0.4909,-26.9216,0.5594
6.582,raw,1220,0.3706,-27.3441,0.5408
6.582,raw,1231,1.2598,-27.7978,0.5195
6.582,raw,1242,9.7716,-0.8350,1.3692
6.582,raw,1254,9.5425,-0.4871,1.3813
6.582,raw,1265,9.3633,-0.1857,1.3904
6.582,raw,1276,9.1497,0.1041,1.4006
6.582,raw,1287,9.5315,0.3842,1.3834
6.582,raw,1298,10.0576,0.6940,1.3591
6.582,raw,1310,-17.4287,22.2996,0.5125
6.582,raw,1321,-17.2519,20.7271,0.5726
6.582,raw,1332,-16.8489,19.0308,0.6424
6.582,raw,1343,-16.4968,17.5238,0.7032
6.582,raw,1354,-16.0481,16.0399,0.7652
6.582,raw,1365,-15.7652,14.8198,0.8124
6.582,raw,1377,-15.4245,13.5583,0.8617
6.582,raw,1388,-15.1719,12.5314,0.9001
6.582,raw,1399,-14.9087,11.5620,0.9364
6.582,raw,1410,-14.5544,10.5903,0.9751
6.582,raw,1421,-11.0906,7.6852,1.1797
6.582,raw,1433,-14.0079,8.8727,1.0383
6.582,raw,1444,-13.8604,8.1867,1.0596
6.582,raw,1455,-13.5947,7.4730,1.0856
6.582,raw,1466,-13.7210,0.3049,1.4889
6.582,raw,1477,-13.5506,-0.1355,1.4925
6.582,raw,1489,-13.3939,-0.6066,1.4954
6.582,raw,1500,-8.3100,-0.5408,1.6073
6.582,raw,1511,-8.0834,-0.7895,1.6117
6.582,raw,1522,-8.2528,-1.0905,1.6070
6.582,raw,1533,-12.7915,-2.2627,1.5038
6.582,raw,1545,-12.6183,-2.6976,1.5056
6.582,raw,1556,-12.4891,-3.0997,1.5062
6.582,raw,1567,-12.3341,-3.4926,1.5071
6.582,raw,1578,-12.2052,-3.8919,1.5072
6.582,raw,1589,-11.8707,-4.2153,1.5118
6.582,raw,1601,-11.7549,-4.6547,1.5106
6.582,raw,1612,-11.6292,-5.0526,1.5097
6.582,raw,1623,-11.5357,-5.4696,1.5077
6.582,raw,1634,-11.4037,-5.8732,1.5063
6.582,raw,1645,-11.1964,-6.2394,1.5064
6.582,raw,1657,-11.0440,-6.6842,1.5043
6.582,raw,1668,-10.9231,-7.1116,1.5015
6.582,raw,1679,-10.7426,-7.5076,1.4999
6.582,raw,1690,-10.5193,-7.8776,1.4991
6.582,raw,1701,-10.3348,-8.2823,1.4968
6.582,raw,1713,-10.1576,-8.7551,1.4931
6.582,raw,1724,-9.8965,-9.1121,1.4922
6.582,raw,1735,-9.7290,-9.5650,1.4880
6.582,raw,1746,-9.4959,-9.9676,1.4853
6.582,raw,1757,-9.2245,-10.3399,1.4834
6.582,raw,1769,-9.1148,-10.9786,1.4743
6.582,raw,1780,-8.8427,-11.3871,1.4711
6.582,raw,1791,-8.7524,-12.0584,1.4605
6.582,raw,1802,-8.4762,-12.5144,1.4559
6.582,raw,1813,-8.1891,-12.9790,1.4509
6.582,raw,1825,-7.8582,-13.4892,1.4452
6.582,raw,1836,-7.7492,-14.3411,1.4301
6.582,raw,1847,-7.4218,-14.8637,1.4233
6.582,raw,1858,-8.9234,-19.2884,1.3210
6.582,raw,1869,-8.5967,-20.2555,1.3046
6.582,raw,1881,-8.2245,-21.4188,1.2840
6.582,raw,1892,-7.9478,-22.8338,1.2570
6.582,raw,1903,-7.5488,-24.1249,1.2329
6.582,raw,1914,-7.1105,-25.5317,1.2060
6.582,raw,1925,-6.6227,-27.0585,1.1763
6.582,raw,1937,-5.7448,-27.6047,1.1691
6.582,raw,1948,-4.9159,-28.0899,1.1622
6.582,raw,1959,-4.0687,-28.5917,1.1545
6.582,raw,1970,-3.1997,-29.1061,1.1458
6.582,raw,1981,-2.3049,-29.6194,1.1366
6.582,raw,1993,-1.3046,-30.3079,1.1231
6.582,raw,2004,-0.3501,-30.9748,1.1092
6.582,raw,2015,0.6448,-31.6176,1.0952
6.582,raw,2026,1.6713,-32.0166,1.0858
6.582,raw,2037,2.7279,-32.4479,1.0750
6.582,raw,2048,3.8238,-32.9483,1.0619
6.582,raw,2060,5.0918,-33.6955,1.0421
6.582,raw,2071,9.7119,-0.7188,1.5927
6.582,raw,2082,9.4901,-0.4034,1.5983
6.582,raw,2093,9.3308,-0.1065,1.6022
6.582,raw,2104,9.2250,0.1786,1.6047
6.582,raw,2116,9.7141,0.4928,1.5939
6.582,raw,2127,26.6126,11.9715,1.1665
6.582,raw,2138,-22.2068,24.9919,1.0619
6.582,raw,2149,-21.6621,22.9190,1.1034
6.582,raw,2160,-20.8469,20.7493,1.1499
6.582,raw,2172,-19.9410,18.5703,1.1973
6.582,raw,2183,-19.4367,17.0163,1.2282
6.582,raw,2194,-18.6857,15.3793,1.2639
6.582,raw,2205,-18.0787,13.9750,1.2934
6.582,raw,2216,-17.7454,12.8617,1.3136
6.582,raw,2228,-11.0990,7.6907,1.4990
6.582,raw,2239,-16.8773,10.6456,1.3562
6.582,raw,2250,-16.8893,9.9249,1.3640
6.582,raw,2261,-16.6040,9.0751,1.3784
6.582,raw,2272,-16.3138,8.2680,1.3920
6.582,raw,2284,-16.0651,7.4648,1.4044
6.582,raw,2295,-15.7719,6.7385,1.4165
6.582,raw,2306,-15.8435,6.1802,1.4194
6.582,raw,2317,-15.6008,5.5277,1.4291
6.582,raw,2328,-15.3790,4.9097,1.4378
6.582,raw,2340,-15.1369,4.2642,1.4467
6.582,raw,2351,-14.9446,3.7035,1.4537
6.582,raw,2362,-14.7487,3.1620,1.4603
6.582,raw,2373,-14.5627,2.6407,1.4663
6.582,raw,2384,-14.3862,2.1374,1.4717
6.582,raw,2396,-14.1894,1.6051,1.4773
6.582,raw,2407,-14.0290,1.1330,1.4816
6.582,raw,2418,-13.8411,0.6721,1.4861
6.582,raw,2429,-30.1796,0.1983,1.8414
6.582,raw,2440,-18.4741,-0.3510,1.8256
6.582,raw,2452,-17.4462,-0.9310,1.8242
6.582,raw,2463,-17.2867,-1.4825,1.8241
6.582,raw,2474,-8.5339,-0.8746,1.8122
6.582,raw,2485,-27.5059,-4.3214,1.8383
6.582,raw,2496,-17.7788,-3.2953,1.8251
6.582,raw,2508,-26.3493,-5.9678,1.8372
6.582,raw,2519,-16.2565,-4.1524,1.8233
6.582,raw,2530,-16.1059,-4.6758,1.8233
6.582,raw,2541,-24.7499,-8.1722,1.8359
6.582,raw,2552,-24.2275,-8.8722,1.8356
6.582,raw,2564,-23.6812,-9.6265,1.8353
6.582,raw,2575,-23.2016,-10.3130,1.8350
6.582,raw,2586,-22.6906,-10.9733,1.8348
6.582,raw,2597,-15.5346,-8.1035,1.8244
6.582,raw,2608,-23.8424,-13.4993,1.8378
6.582,raw,2620,-23.4523,-14.3887,1.8379
6.582,raw,2631,-23.0806,-15.2043,1.8381
6.582,raw,2642,-22.6741,-16.0061,1.8383
6.582,raw,2653,-22.2590,-16.8119,1.8385
6.582,raw,2664,-21.8700,-17.6514,1.8387
6.582,raw,2676,-21.3827,-18.5342,1.8390
6.582,raw,2687,-20.9709,-19.3929,1.8394
6.582,raw,2698,-20.5229,-20.2409,1.8397
6.582,raw,2709,-20.0873,-21.1269,1.8402
6.582,raw,2720,-19.6585,-22.0529,1.8407
6.582,raw,2731,-19.1927,-22.9746,1.8412
6.582,raw,2743,-18.6993,-24.0463,1.8419
6.582,raw,2754,-18.2229,-25.0512,1.8426
6.582,raw,2765,-17.7158,-26.0704,1.8434
6.582,raw,2776,-17.1898,-27.1250,1.8441
6.582,raw,2787,-16.6569,-28.2425,1.8451
6.582,raw,2799,-16.0694,-29.5536,1.8462
6.582,raw,2810,-15.4598,-30.7312,1.8472
6.582,raw,2821,9.6884,-0.7162,1.8127
6.582,raw,2832,9.4990,-0.4041,1.8124
6.582,raw,2843,9.2941,-0.1047,1.8121
6.582,raw,2855,9.2525,0.2037,1.8120
6.582,raw,2866,9.7160,0.4928,1.8127
6.582,raw,2877,-34.1664,8.6792,1.8482
6.582,raw,2888,-33.4899,7.3902,1.8469
6.582,raw,2899,-32.9041,6.1766,1.8458
6.582,raw,2911,-32.3844,4.9267,1.8448
6.582,raw,2922,-31.9036,3.8225,1.8440
6.582,raw,2933,-31.3594,2.7513,1.8431
6.582,raw,2944,-30.9108,1.7240,1.8424
6.582,raw,2955,-30.4526,0.7277,1.8418
6.582,raw,2967,-31.8142,-3.2464,2.6026
6.582,raw,2978,-17.1027,-3.1084,2.2414
6.582,raw,2989,-14.7908,-5.2968,2.2008
6.582,raw,3000,-14.5503,-7.6926,2.2198
6.582,raw,3011,-20.0910,-23.9021,2.5858
6.582,raw,3023,9.7052,-0.7724,2.0327
6.582,raw,3034,9.5240,-0.4590,2.0275
6.582,raw,3045,9.3387,-0.1585,2.0224
6.582,raw,3056,9.1347,0.1297,2.0170
6.582,raw,3067,9.6029,0.4112,2.0286
6.582,raw,3079,10.1549,0.7541,2.0425
6.582,raw,3090,-31.9743,-3.9247,3.3738
6.582,raw,3101,-26.1084,-13.8971,3.2499
6.582,raw,3112,-11.5560,-8.7114,2.5219
6.582,raw,3123,-15.6582,-2.2070,2.9646
6.582,raw,3135,-26.0137,-14.1408,3.9588
6.582,raw,3146,-19.5929,-0.1037,3.7040
6.582,raw,3157,-16.6770,-8.8975,3.6479
6.582,raw,3168,-16.5338,0.1072,3.8128
6.582,raw,3179,-16.3881,-0.4215,3.7973
6.582,raw,3191,-16.1823,-0.9858,3.7769
6.582,raw,3202,-16.0432,-1.4988,3.7662
6.582,raw,3213,-16.0800,-2.0316,3.7786
6.582,raw,3224,-15.5374,-2.4701,3.7230
6.582,raw,3235,-15.3660,-2.9561,3.7138
6.582,raw,3247,-15.2060,-3.4879,3.7092
6.582,raw,3258,-15.0606,-3.9739,3.7071
6.582,raw,3269,-14.9232,-4.4617,3.7079
6.582,raw,3280,-14.7634,-4.9427,3.7077
6.582,raw,3291,-14.6446,-5.5392,3.7190
6.582,raw,3303,-14.4850,-6.0759,3.7257
6.582,raw,3314,-14.3413,-6.5734,3.7344
6.582,raw,3325,-14.1664,-7.0609,3.7411
6.582,raw,3336,-14.0363,-7.5776,3.7561
6.582,raw,3347,-13.8690,-8.0822,3.7685
7.722,raw,0,-5.5222,-6.0280,0.5835
7.722,raw,11,-5.3482,-6.2462,0.5771
7.722,raw,23,-5.1647,-6.4979,0.5667
7.722,raw,35,-4.9943,-6.7760,0.5508
7.722,raw,47,-4.8059,-7.0426,0.5362
7.722,raw,59,-4.5974,-7.2924,0.5236
7.722,raw,71,-4.3965,-7.5674,0.5060
7.722,raw,83,9.5346,-0.3724,0.5150
7.722,raw,95,9.3339,-0.0471,0.5458
7.722,raw,107,9.2746,0.2622,0.5552
7.722,raw,119,-6.0167,-6.6405,0.6990
7.722,raw,131,-5.8054,-6.8959,0.6930
7.722,raw,143,-5.6192,-7.1889,0.6806
7.722,raw,155,-5.4146,-7.4703,0.6692
7.722,raw,167,-5.2081,-7.7616,0.6556
7.722,raw,179,-5.0074,-8.0774,0.6380
7.722,raw,191,-4.5737,-8.0219,0.6700
7.722,raw,203,-4.1798,-8.0006,0.6948
7.722,raw,215,-4.3232,-9.0138,0.5828
7.722,raw,227,-4.0642,-9.3142,0.5644
7.722,raw,239,-3.7838,-9.5928,0.5479
7.722,raw,251,-3.5023,-9.8975,0.5272
7.722,raw,263,-3.2172,-10.2312,0.5019
7.722,raw,275,9.6163,-0.5123,0.7226
7.722,raw,287,9.4033,-0.1800,0.7501
7.722,raw,299,9.2080,0.1359,0.7743
7.722,raw,311,9.5311,0.4440,0.7369
7.722,raw,323,10.1012,0.7861,0.6695
7.722,raw,335,-6.5193,-7.4535,0.8361
7.722,raw,347,-6.3330,-7.7916,0.8236
7.722,raw,359,-6.1404,-8.1375,0.8097
7.722,raw,371,-5.9005,-8.4360,0.8007
7.722,raw,383,-5.6967,-8.8016,0.7836
7.722,raw,395,-5.4414,-9.1087,0.7724
7.722,raw,407,-4.3448,-7.9589,0.9158
7.722,raw,419,-4.0555,-8.1165,0.9159
7.722,raw,431,-4.6379,-10.0816,0.7291
7.722,raw,443,-4.3593,-10.4385,0.7099
7.722,raw,455,-4.0339,-10.7183,0.6977
7.722,raw,467,-3.7374,-11.1063,0.6739
7.722,raw,479,-3.4675,-11.6365,0.6355
7.722,raw,491,-3.1706,-12.1783,0.5954
7.722,raw,503,-2.8789,-12.8676,0.5407
7.722,raw,515,9.7980,-0.7751,0.9227
7.722,raw,527,9.5529,-0.4268,0.9485
7.722,raw,539,9.3756,-0.1007,0.9669
7.722,raw,551,9.1872,0.2123,0.9852
7.722,raw,563,9.6898,0.5261,0.9386
7.722,raw,575,-7.7895,-7.3782,1.0242
7.722,raw,587,-7.6143,-7.7523,1.0148
7.722,raw,599,-7.3815,-8.0786,1.0096
7.722,raw,611,-7.1831,-8.4534,0.9994
7.722,raw,623,-6.9400,-8.7895,0.9923
7.722,raw,635,-6.6923,-9.1323,0.9841
7.722,raw,647,-6.4336,-9.4744,0.9754
7.722,raw,659,-6.1700,-9.8259,0.9654
7.722,raw,671,-5.9018,-10.1902,0.9538
7.722,raw,683,-4.1841,-7.9519,1.1468
7.722,raw,695,-5.3632,-10.9965,0.9230
7.722,raw,707,-5.0700,-11.4054,0.9064
7.722,raw,719,-4.7285,-11.7442,0.8946
7.722,raw,731,-4.4179,-12.1977,0.8736
7.722,raw,743,-4.1114,-12.7293,0.8464
7.722,raw,755,-3.8506,-13.5049,0.8010
7.722,raw,767,-3.5188,-14.1935,0.7617
7.722,raw,779,-3.1610,-14.9465,0.7173
7.722,raw,791,-2.7688,-15.7576,0.6682
7.722,raw,803,-2.3720,-16.8540,0.5985
7.722,raw,815,-1.9233,-18.1013,0.5176
7.722,raw,827,9.6167,-0.5123,1.1604
7.722,raw,839,9.3924,-0.1794,1.1776
7.722,raw,851,9.2009,0.1361,1.1916
7.722,raw,863,9.5156,0.4438,1.1700
7.722,raw,875,10.0815,0.7852,1.1303
7.722,raw,887,-10.1794,-5.0927,1.2593
7.722,raw,899,-10.0735,-5.5028,1.2547
7.722,raw,910,-9.8744,-5.8250,1.2552
7.722,raw,922,-9.7547,-6.2393,1.2498
7.722,raw,934,-9.5428,-6.5998,1.2487
7.722,raw,946,-9.3550,-6.9812,1.2454
7.722,raw,958,-9.2416,-7.4295,1.2370
7.722,raw,970,-9.0012,-7.7857,1.2350
7.722,raw,982,-8.7876,-8.1714,1.2305
7.722,raw,994,-8.5514,-8.5450,1.2265
7.722,raw,1006,-8.3241,-8.9378,1.2209
7.722,raw,1018,-8.0894,-9.3356,1.2146
7.722,raw,1030,-7.7906,-9.6709,1.2118
7.722,raw,1042,-7.5368,-10.0733,1.2045
7.722,raw,1054,-7.2843,-10.4974,1.1958
7.722,raw,1066,-7.0401,-10.9592,1.1847
7.722,raw,1078,-6.7115,-11.3159,1.1790
7.722,raw,1090,-4.2509,-7.9041,1.3696
7.722,raw,1102,-4.0214,-8.1700,1.3639
7.722,raw,1114,-5.8182,-12.7193,1.1421
7.722,raw,1126,-5.4499,-13.1231,1.1323
7.722,raw,1138,-5.0808,-13.5667,1.1200
7.722,raw,1150,-4.8416,-14.4346,1.0868
7.722,raw,1162,-4.5348,-15.2576,1.0557
7.722,raw,1174,-4.1883,-16.1164,1.0227
7.722,raw,1186,-4.1376,-18.4166,0.9220
7.722,raw,1198,-4.3877,-22.9465,0.7182
7.722,raw,1210,-3.7904,-24.3279,0.6614
7.722,raw,1222,-2.9833,-24.7991,0.6457
7.722,raw,1234,-2.1518,-25.2763,0.6285
7.722,raw,1246,-1.2867,-25.6532,0.6146
7.722,raw,1258,-0.3976,-25.9685,0.6022
7.722,raw,1270,0.5120,-26.4170,0.5823
7.722,raw,1282,1.4523,-26.8531,0.5615
7.722,raw,1294,2.4260,-27.2976,0.5388
7.722,raw,1306,3.4411,-27.7951,0.5121
7.722,raw,1318,9.6950,-0.6275,1.3741
7.722,raw,1330,9.4805,-0.2894,1.3852
7.722,raw,1342,9.2689,0.0324,1.3955
7.722,raw,1354,9.3644,0.3388,1.3914
7.722,raw,1366,9.8754,0.6664,1.3679
7.722,raw,1378,22.9899,10.0414,0.6804
7.722,raw,1390,-18.6464,21.2839,0.5117
7.722,raw,1402,-18.1270,19.3513,0.5920
7.722,raw,1414,-17.6104,17.5883,0.6652
7.722,raw,1426,-17.1748,16.0451,0.7275
7.722,raw,1438,-16.6909,14.5832,0.7877
7.722,raw,1450,-16.2984,13.3066,0.8381
7.722,raw,1462,-15.9413,12.1487,0.8827
7.722,raw,1474,-11.0353,8.0138,1.1735
7.722,raw,1486,-11.2423,7.5836,1.1763
7.722,raw,1498,-14.9262,9.1611,0.9955
7.722,raw,1510,-14.5281,8.2594,1.0313
7.722,raw,1522,-14.3009,7.5006,1.0561
7.722,raw,1534,-14.2842,-0.0059,1.4761
7.722,raw,1546,-14.0777,-0.5009,1.4802
7.722,raw,1558,-13.8480,-0.9815,1.4845
7.722,raw,1570,-8.0966,-0.7454,1.6113
7.722,raw,1582,-8.1554,-1.0538,1.6090
7.722,raw,1594,-13.2639,-2.3711,1.4929
7.722,raw,1606,-13.0610,-2.8165,1.4952
7.722,raw,1618,-12.8473,-3.2522,1.4974
7.722,raw,1630,-12.6595,-3.6891,1.4987
7.722,raw,1642,-12.4761,-4.1239,1.4995
7.722,raw,1654,-12.1074,-4.4849,1.5044
7.722,raw,1666,-11.9167,-4.9057,1.5049
7.722,raw,1678,-11.7353,-5.3300,1.5047
7.722,raw,1690,-11.5694,-5.7634,1.5038
7.722,raw,1702,-11.4268,-6.2137,1.5019
7.722,raw,1714,-11.1756,-6.6062,1.5024
7.722,raw,1726,-11.0046,-7.0497,1.5004
7.722,raw,1738,-10.8205,-7.4922,1.4983
7.722,raw,1750,-10.5189,-7.8553,1.4990
7.722,raw,1762,-10.3151,-8.2953,1.4966
7.722,raw,1774,-10.1151,-8.7492,1.4935
7.722,raw,1786,-9.8274,-9.1355,1.4926
7.722,raw,1798,-9.6146,-9.6012,1.4889
7.722,raw,1809,-9.3618,-9.9828,1.4867
7.722,raw,1821,-9.0755,-10.3982,1.4842
7.722,raw,1833,-8.8429,-10.8925,1.4792
7.722,raw,1845,-8.5466,-11.3300,1.4757
7.722,raw,1857,-8.3493,-11.9264,1.4677
7.722,raw,1869,-8.0108,-12.3557,1.4641
7.722,raw,1881,-7.6624,-12.7915,1.4602
7.722,raw,1893,-4.3983,-8.1091,1.5858
7.722,raw,1905,-4.1595,-8.3750,1.5831
7.722,raw,1917,-6.7431,-14.5545,1.4357
7.722,raw,1929,-6.3554,-15.0890,1.4285
7.722,raw,1941,-7.9592,-20.7065,1.3004
7.722,raw,1953,-7.6399,-22.1331,1.2735
7.722,raw,1965,-7.1853,-23.4161,1.2498
7.722,raw,1977,-6.6814,-24.7998,1.2238
7.722,raw,1989,-6.1332,-26.3495,1.1938
7.722,raw,2001,-5.2779,-26.8892,1.1863
7.722,raw,2013,-4.3843,-27.3502,1.1800
7.722,raw,2025,-3.4683,-27.8018,1.1732
7.722,raw,2037,-2.5407,-28.3586,1.1635
7.722,raw,2049,-1.5837,-28.9517,1.1522
7.722,raw,2061,-0.5918,-29.5880,1.1393
7.722,raw,2073,0.4416,-30.1075,1.1282
7.722,raw,2085,1.5050,-30.4614,1.1199
7.722,raw,2097,2.6004,-30.8857,1.1093
7.722,raw,2109,3.7433,-31.4302,1.0951
7.722,raw,2121,4.9461,-32.0729,1.0778
7.722,raw,2133,6.2424,-32.9276,1.0547
7.722,raw,2145,9.7249,-0.6849,1.5927
7.722,raw,2157,9.5006,-0.3434,1.5983
7.722,raw,2169,9.2881,-0.0195,1.6034
7.722,raw,2181,9.2976,0.2876,1.6034
7.722,raw,2193,9.7987,0.6095,1.5922
7.722,raw,2205,25.6553,11.6187,1.1893
7.722,raw,2217,-23.8032,23.9281,1.0543
7.722,raw,2229,-22.5940,21.2519,1.1142
7.722,raw,2241,-21.7207,19.1048,1.1600
7.722,raw,2253,-20.6795,17.0056,1.2071
7.722,raw,2265,-20.1037,15.4308,1.2383
7.722,raw,2277,-19.9333,14.2504,1.2565
7.722,raw,2289,-11.1528,7.6667,1.4983
7.722,raw,2301,-18.7046,11.5589,1.3113
7.722,raw,2313,-18.6084,10.6379,1.3231
7.722,raw,2325,-18.2046,9.6039,1.3416
7.722,raw,2337,-17.7529,8.6105,1.3600
7.722,raw,2349,-17.3738,7.7086,1.3756
7.722,raw,2361,-17.0316,6.8719,1.3894
7.722,raw,2373,-17.0204,6.1912,1.3947
7.722,raw,2385,-16.6801,5.4287,1.4069
7.722,raw,2397,-16.3372,4.7043,1.4185
7.722,raw,2409,-16.0760,4.0346,1.4276
7.722,raw,2421,-15.7664,3.3840,1.4372
7.722,raw,2433,-15.5231,2.7732,1.4448
7.722,raw,2445,-15.2545,2.1825,1.4524
7.722,raw,2457,-14.9990,1.6162,1.4593
7.722,raw,2469,-14.7683,1.0719,1.4651
7.722,raw,2481,-14.5112,0.5450,1.4712
7.722,raw,2493,-34.7840,-0.2812,1.8477
7.722,raw,2505,-16.7174,-0.5550,1.8232
7.722,raw,2517,-17.4480,-1.2113,1.8243
7.722,raw,2529,-31.8319,-3.5825,1.8440
7.722,raw,2541,-31.9216,-4.7296,1.8443
7.722,raw,2553,-31.2451,-5.7480,1.8436
7.722,raw,2565,-30.6233,-6.7454,1.8431
7.722,raw,2577,-29.9789,-7.7095,1.8426
7.722,raw,2589,-29.3670,-8.6564,1.8421
7.722,raw,2601,-28.7273,-9.5710,1.8417
7.722,raw,2613,-28.1470,-10.4852,1.8413
7.722,raw,2625,-27.5447,-11.3739,1.8410
7.722,raw,2637,-26.9523,-12.2510,1.8408
7.722,raw,2649,-15.6216,-7.7148,1.8243
7.722,raw,2661,-16.6703,-8.9927,1.8263
7.722,raw,2673,-25.0551,-14.7406,1.8401
7.722,raw,2685,-24.4345,-15.5543,1.8399
7.722,raw,2697,-23.8220,-16.3665,1.8398
7.722,raw,2708,-23.2453,-17.0965,1.8398
7.722,raw,2720,-22.6238,-17.8962,1.8398
7.722,raw,2732,-22.0398,-18.7286,1.8399
7.722,raw,2744,-21.4182,-19.5355,1.8400
7.722,raw,2756,-20.8369,-20.3899,1.8402
7.722,raw,2768,-20.2330,-21.2386,1.8404
7.722,raw,2780,-19.6368,-22.1165,1.8408
7.722,raw,2792,-19.0481,-23.0311,1.8412
7.722,raw,2804,-18.4387,-23.9558,1.8416
7.722,raw,2816,-17.8008,-24.8832,1.8421
7.722,raw,2828,-17.1388,-25.8216,1.8427
7.722,raw,2840,-16.4804,-26.8195,1.8433
7.722,raw,2852,-15.7871,-27.8258,1.8440
7.722,raw,2864,-15.0776,-28.8795,1.8448
7.722,raw,2876,-14.3361,-29.9616,1.8456
7.722,raw,2888,-13.5762,-31.1128,1.8466
7.722,raw,2900,-12.7765,-32.3023,1.8477
7.722,raw,2912,9.5874,-0.4830,1.8125
7.722,raw,2924,9.3674,-0.1520,1.8122
7.722,raw,2936,9.1724,0.1620,1.8119
7.722,raw,2948,9.5756,0.4709,1.8124
7.722,raw,2960,10.1083,0.8144,1.8132
7.722,raw,2972,-16.6190,-0.0603,2.2215
7.722,raw,2984,-16.4643,-0.6390,2.2183
7.722,raw,2996,-16.2821,-1.2067,2.2148
7.722,raw,3008,-16.3285,-1.7946,2.2176
7.722,raw,3020,-15.8217,-2.7333,2.2088
7.722,raw,3032,-16.2659,-3.4166,2.2230
7.722,raw,3044,-15.6633,-3.8673,2.2111
7.722,raw,3056,-16.3635,-4.8318,2.2344
7.722,raw,3068,-15.2536,-6.0632,2.2188
7.722,raw,3080,-26.0497,-14.0235,2.5455
7.722,raw,3092,-19.9789,-24.0075,2.5865
7.722,raw,3104,9.7088,-0.6832,2.0323
7.722,raw,3116,9.4997,-0.3433,2.0264
7.722,raw,3128,9.2770,-0.0191,2.0204
7.722,raw,3140,9.3131,0.2875,2.0212
7.722,raw,3152,9.7688,0.6087,2.0326
7.722,raw,3164,-16.7376,0.4286,2.2244
7.722,raw,3176,-31.9777,-3.9784,3.3748
7.722,raw,3188,-25.9653,-14.1745,3.2510
7.722,raw,3200,-19.8903,-24.1867,3.3347
7.722,raw,3212,9.6706,-0.6250,2.2501
7.722,raw,3224,9.4589,-0.2879,2.2385
7.722,raw,3236,9.2297,0.0337,2.2267
7.722,raw,3248,9.3516,0.3388,2.2323
7.722,raw,3260,9.8661,0.6660,2.2574
7.722,raw,3272,-14.7977,-5.0268,2.9553
7.722,raw,3284,-11.5527,-8.5248,2.8666
7.722,raw,3296,-19.6113,-0.1300,3.7068
7.722,raw,3308,-19.3999,-0.8088,3.6893
7.722,raw,3320,-19.1892,-1.4758,3.6740
7.722,raw,3332,-18.9920,-2.1341,3.6622
7.722,raw,3344,-18.7846,-2.7830,3.6515
7.722,raw,3356,-18.3553,-3.5490,3.6246
7.722,raw,3368,-18.1381,-4.1755,3.6175
7.722,raw,3380,-17.8277,-5.2262,3.6154
7.722,raw,3392,-13.8915,-8.0701,3.3794
7.722,raw,3404,-16.5791,0.1358,3.8193
7.722,raw,3416,-16.3906,-0.4413,3.7989
7.722,raw,3428,-16.2082,-1.0076,3.7815
7.722,raw,3440,-16.0316,-1.5652,3.7671
7.722,raw,3452,-16.6524,-2.2354,3.8509
7.722,raw,3464,-15.4842,-2.6222,3.7214
7.722,raw,3476,-15.3387,-3.1602,3.7173
7.722,raw,3488,-15.1637,-3.6888,3.7117
7.722,raw,3500,-14.9895,-4.2149,3.7085
7.722,raw,3512,-14.8456,-4.7500,3.7113
7.722,raw,3524,-14.7142,-5.3911,3.7222
7.722,raw,3536,-14.5360,-5.9204,3.7258
7.722,raw,3548,-14.3785,-6.4622,3.7346
7.722,raw,3560,-14.2178,-7.0089,3.7456
7.722,raw,3572,-14.0485,-7.5589,3.7582
7.722,raw,3584,-13.8720,-8.1139,3.7726
8.752,raw,0,-5.5719,-6.0896,0.5710
8.752,raw,12,-5.3980,-6.3507,0.5601
8.752,raw,24,-5.2016,-6.5932,0.5518
8.752,raw,36,-5.0141,-6.8549,0.5391
8.752,raw,49,-4.7901,-7.1216,0.5273
8.752,raw,61,-4.5836,-7.3791,0.5135
8.752,raw,73,9.5782,-0.4487,0.5112
8.752,raw,85,9.3909,-0.1216,0.5405
8.752,raw,98,9.2671,0.2160,0.5593
8.752,raw,110,-6.0777,-6.6726,0.6902
8.752,raw,122,-5.8941,-6.9635,0.6792
8.752,raw,134,-5.6844,-7.2331,0.6708
8.752,raw,147,-5.4639,-7.5444,0.6579
8.752,raw,159,-5.2575,-7.8413,0.6439
8.752,raw,171,-5.0465,-8.1472,0.6279
8.752,raw,183,-4.5831,-8.0487,0.6660
8.752,raw,196,-4.1590,-8.0324,0.6921
8.752,raw,208,-4.3103,-9.0656,0.5776
8.752,raw,220,-4.0511,-9.3698,0.5587
8.752,raw,232,-3.7670,-9.6444,0.5428
8.752,raw,245,-3.4585,-9.9720,0.5206
8.752,raw,257,9.8240,-0.7977,0.6977
8.752,raw,269,9.5636,-0.4475,0.7319
8.752,raw,281,9.3939,-0.1217,0.7542
8.752,raw,294,9.2531,0.2161,0.7718
8.752,raw,306,9.7377,0.5317,0.7153
8.752,raw,318,-6.7451,-7.3486,0.8283
8.752,raw,330,-6.5454,-7.6705,0.8185
8.752,raw,343,-6.3180,-8.0195,0.8072
8.752,raw,355,-6.0789,-8.3170,0.7991
8.752,raw,367,-5.8734,-8.6739,0.7835
8.752,raw,379,-5.6147,-8.9710,0.7740
8.752,raw,392,-5.3275,-9.2978,0.7623
8.752,raw,404,-4.1609,-7.9790,0.9220
8.752,raw,416,-4.7824,-9.9316,0.7352
8.752,raw,428,-4.5024,-10.2706,0.7183
8.752,raw,441,-4.1885,-10.6510,0.6978
8.752,raw,453,-3.8859,-11.0112,0.6772
8.752,raw,465,-3.5561,-11.3405,0.6588
8.752,raw,477,-3.3032,-11.9736,0.6101
8.752,raw,490,-2.9864,-12.6598,0.5569
8.752,raw,502,-2.6380,-13.2210,0.5140
8.752,raw,514,9.6696,-0.5907,0.9385
8.752,raw,526,9.4675,-0.2560,0.9596
8.752,raw,539,9.2611,0.0888,0.9802
8.752,raw,551,9.5486,0.3962,0.9539
8.752,raw,563,10.0807,0.7339,0.9038
8.752,raw,575,-7.7923,-7.6984,1.0079
8.752,raw,588,-7.5668,-8.0837,0.9999
8.752,raw,600,-7.3166,-8.4044,0.9952
8.752,raw,612,-7.1015,-8.7755,0.9854
8.752,raw,624,-6.8457,-9.1108,0.9783
8.752,raw,637,-6.5487,-9.4607,0.9710
8.752,raw,649,-6.2955,-9.8289,0.9600
8.752,raw,661,-6.0353,-10.2082,0.9475
8.752,raw,673,-4.2515,-7.9177,1.1462
8.752,raw,686,-4.0186,-8.2379,1.1344
8.752,raw,698,-5.1125,-11.3228,0.9101
8.752,raw,710,-4.8065,-11.7356,0.8928
8.752,raw,722,-4.4986,-12.1923,0.8718
8.752,raw,735,-4.1395,-12.6875,0.8483
8.752,raw,747,-3.8806,-13.4559,0.8036
8.752,raw,759,-3.5402,-14.0981,0.7676
8.752,raw,771,-3.1850,-14.8361,0.7244
8.752,raw,784,-2.7601,-15.6881,0.6731
8.752,raw,796,-2.3650,-16.7690,0.6045
8.752,raw,808,-1.8838,-17.7206,0.5443
8.752,raw,820,9.6785,-0.6185,1.1570
8.752,raw,833,9.4451,-0.2546,1.1752
8.752,raw,845,9.2399,0.0640,1.1903
8.752,raw,857,9.4671,0.3696,1.1749
8.752,raw,869,10.0068,0.7032,1.1372
8.752,raw,882,-10.4180,-5.1312,1.2480
8.752,raw,894,-10.3179,-5.5532,1.2431
8.752,raw,906,-10.0851,-5.9057,1.2444
8.752,raw,918,-9.9496,-6.3190,1.2397
8.752,raw,931,-9.7225,-6.7212,1.2381
8.752,raw,943,-9.5237,-7.1042,1.2353
8.752,raw,955,-9.3764,-7.5347,1.2286
8.752,raw,967,-9.1410,-7.9035,1.2261
8.752,raw,980,-8.8837,-8.3074,1.2225
8.752,raw,992,-8.6499,-8.6921,1.2180
8.752,raw,1004,-8.4020,-9.0723,1.2135
8.752,raw,1016,-8.1626,-9.4737,1.2073
8.752,raw,1029,-7.8752,-9.8918,1.2011
8.752,raw,1041,-7.5495,-10.2134,1.1987
8.752,raw,1053,-7.3013,-10.6528,1.1892
8.752,raw,1065,-7.0299,-11.0839,1.1799
8.752,raw,1078,-6.6756,-11.4827,1.1730
8.752,raw,1090,-4.1767,-7.9513,1.3691
8.752,raw,1102,-6.0488,-12.3439,1.1526
8.752,raw,1114,-5.7484,-12.8600,1.1374
8.752,raw,1127,-5.3463,-13.3058,1.1263
8.752,raw,1139,-5.0440,-13.9447,1.1045
8.752,raw,1151,-4.7478,-14.7051,1.0765
8.752,raw,1163,-4.4183,-15.5040,1.0466
8.752,raw,1176,-4.0352,-16.4736,1.0089
8.752,raw,1188,-4.0254,-19.1276,0.8917
8.752,raw,1200,-4.1106,-23.2225,0.7084
8.752,raw,1212,-3.4504,-24.3537,0.6629
8.752,raw,1225,-2.5658,-24.8199,0.6473
8.752,raw,1237,-1.7238,-25.2323,0.6325
8.752,raw,1249,-0.8528,-25.5304,0.6216
8.752,raw,1261,0.0344,-25.9332,0.6045
8.752,raw,1274,1.0257,-26.3599,0.5849
8.752,raw,1286,1.9732,-26.8002,0.5631
8.752,raw,1298,2.9505,-27.1921,0.5420
8.752,raw,1310,3.9684,-27.6410,0.5166
8.752,raw,1323,9.5998,-0.4771,1.3801
8.752,raw,1335,9.3786,-0.1468,1.3912
8.752,raw,1347,9.1941,0.1664,1.4001
8.752,raw,1359,9.6288,0.4763,1.3803
8.752,raw,1372,22.3476,9.2619,0.7219
8.752,raw,1384,25.5236,11.5796,0.5475
8.752,raw,1396,-19.1172,19.5485,0.5530
8.752,raw,1408,-18.5360,17.7318,0.6291
8.752,raw,1421,-17.9130,15.9386,0.7045
8.752,raw,1433,-17.4304,14.4955,0.7632
8.752,raw,1445,-16.9866,13.1905,0.8153
8.752,raw,1457,-16.3797,11.8681,0.8728
8.752,raw,1470,-11.1332,7.6432,1.1780
8.752,raw,1482,-15.7508,9.8040,0.9474
8.752,raw,1494,-15.2809,8.8154,0.9881
8.752,raw,1506,-14.8688,7.9236,1.0234
8.752,raw,1519,-15.4936,0.0321,1.4490
8.752,raw,1531,-15.2316,-0.5032,1.4543
8.752,raw,1543,-14.9853,-1.0238,1.4589
8.752,raw,1555,-8.1026,-0.7155,1.6107
8.752,raw,1568,-8.1435,-1.0466,1.6088
8.752,raw,1580,-14.2026,-2.5419,1.4714
8.752,raw,1592,-13.9731,-3.0158,1.4741
8.752,raw,1604,-13.7266,-3.4768,1.4769
8.752,raw,1617,-13.4846,-3.9744,1.4790
8.752,raw,1629,-13.2402,-4.4205,1.4810
8.752,raw,1641,-12.6249,-4.7167,1.4915
8.752,raw,1653,-12.4250,-5.1555,1.4920
8.752,raw,1666,-12.2030,-5.6273,1.4922
8.752,raw,1678,-11.9758,-6.0514,1.4925
8.752,raw,1690,-11.7812,-6.4931,1.4917
8.752,raw,1702,-11.3889,-6.8187,1.4956
8.752,raw,1715,-11.1533,-7.2807,1.4945
8.752,raw,1727,-11.0121,-7.7658,1.4910
8.752,raw,1739,-10.6682,-8.1107,1.4927
8.752,raw,1751,-10.5012,-8.5946,1.4889
8.752,raw,1764,-10.1494,-8.9865,1.4892
8.752,raw,1776,-10.0006,-9.5141,1.4838
8.752,raw,1788,-9.7901,-10.0043,1.4796
8.752,raw,1800,-9.4399,-10.3632,1.4792
8.752,raw,1813,-9.2346,-10.9590,1.4723
8.752,raw,1825,-8.8833,-11.3398,1.4708
8.752,raw,1837,-8.5157,-11.7077,1.4693
8.752,raw,1849,-8.3380,-12.3606,1.4599
8.752,raw,1862,-7.9426,-12.8119,1.4564
8.752,raw,1874,-7.5703,-13.2381,1.4526
8.752,raw,1886,-4.3173,-8.3816,1.5813
8.752,raw,1898,-6.9643,-14.4541,1.4354
8.752,raw,1911,-6.5207,-14.9706,1.4293
8.752,raw,1923,-8.0893,-20.2982,1.3076
8.752,raw,1935,-7.6774,-21.3971,1.2884
8.752,raw,1947,-7.3296,-22.8813,1.2600
8.752,raw,1960,-6.7914,-24.2976,1.2338
8.752,raw,1972,-6.2507,-25.7566,1.2058
8.752,raw,1984,-5.4754,-26.5566,1.1926
8.752,raw,1996,-4.5889,-26.9850,1.1872
8.752,raw,2009,-3.6068,-27.4414,1.1808
8.752,raw,2021,-2.6912,-27.9690,1.1718
8.752,raw,2033,-1.7494,-28.5397,1.1611
8.752,raw,2045,-0.7735,-29.1165,1.1496
8.752,raw,2058,0.3261,-29.6112,1.1393
8.752,raw,2070,1.3680,-29.8932,1.1327
8.752,raw,2082,2.4426,-30.3387,1.1217
8.752,raw,2094,3.5646,-30.9001,1.1073
8.752,raw,2107,4.8343,-31.5184,1.0904
8.752,raw,2119,6.0768,-32.1893,1.0715
8.752,raw,2131,7.5414,-33.6247,1.0343
8.752,raw,2143,9.5970,-0.5035,1.5964
8.752,raw,2156,9.3867,-0.1472,1.6016
8.752,raw,2168,9.1631,0.1670,1.6068
8.752,raw,2180,9.6201,0.4762,1.5967
8.752,raw,2192,10.1736,0.8221,1.5843
8.752,raw,2205,-24.8801,23.8283,1.0382
8.752,raw,2217,-24.6217,22.0288,1.0689
8.752,raw,2229,-23.8548,19.9401,1.1115
8.752,raw,2241,-23.2141,18.1113,1.1475
8.752,raw,2254,-23.4024,16.8966,1.1598
8.752,raw,2266,-11.3025,7.8928,1.4923
8.752,raw,2278,-21.3331,13.3298,1.2410
8.752,raw,2290,-21.5316,12.4414,1.2469
8.752,raw,2303,-20.7197,10.9835,1.2778
8.752,raw,2315,-19.9694,9.7383,1.3047
8.752,raw,2327,-19.3409,8.6344,1.3272
8.752,raw,2339,-18.7402,7.6153,1.3478
8.752,raw,2352,-19.4370,7.0429,1.3376
8.752,raw,2364,-18.8441,6.1105,1.3564
8.752,raw,2376,-18.3477,5.2632,1.3720
8.752,raw,2388,-17.8879,4.4733,1.3860
8.752,raw,2401,-17.3783,3.6646,1.4006
8.752,raw,2413,-16.9973,2.9754,1.4114
8.752,raw,2425,-16.6638,2.3251,1.4207
8.752,raw,2437,-16.3466,1.7043,1.4290
8.752,raw,2450,-16.0331,1.0617,1.4368
8.752,raw,2462,-15.7401,0.4911,1.4436
8.752,raw,2474,-17.8270,-0.7993,1.8248
8.752,raw,2486,-31.7855,-3.4364,1.8439
8.752,raw,2499,-33.5316,-4.9325,1.8465
8.752,raw,2511,-15.7928,-2.7578,1.8223
8.752,raw,2523,-17.3155,-3.6860,1.8246
8.752,raw,2535,-31.2988,-8.0136,1.8444
8.752,raw,2548,-30.5164,-9.0562,1.8438
8.752,raw,2560,-29.8416,-10.0035,1.8433
8.752,raw,2572,-29.1918,-10.9358,1.8429
8.752,raw,2584,-14.8446,-6.0862,1.8224
8.752,raw,2597,-27.7952,-12.7941,1.8421
8.752,raw,2609,-27.1615,-13.6754,1.8419
8.752,raw,2621,-25.9313,-14.2144,1.8408
8.752,raw,2633,-25.8871,-15.3971,1.8415
8.752,raw,2646,-25.2304,-16.3354,1.8414
8.752,raw,2658,-24.5853,-17.1712,1.8413
8.752,raw,2670,-11.2539,-8.4514,1.8198
8.752,raw,2682,-23.3448,-18.8729,1.8414
8.752,raw,2695,-22.6250,-19.7594,1.8414
8.752,raw,2707,-21.9142,-20.5377,1.8414
8.752,raw,2719,-21.1818,-21.2956,1.8414
8.752,raw,2731,-20.4831,-22.0917,1.8415
8.752,raw,2744,-19.7380,-22.9805,1.8417
8.752,raw,2756,-19.0656,-23.8395,1.8421
8.752,raw,2768,-18.3764,-24.7045,1.8424
8.752,raw,2780,-17.6608,-25.5652,1.8428
8.752,raw,2793,-16.8745,-26.5232,1.8433
8.752,raw,2805,-16.1313,-27.4273,1.8438
8.752,raw,2817,-15.3866,-28.3854,1.8444
8.752,raw,2829,-14.6019,-29.3380,1.8450
8.752,raw,2842,-13.7303,-30.4156,1.8458
8.752,raw,2854,-12.8920,-31.4351,1.8467
8.752,raw,2866,-12.0119,-32.4640,1.8475
8.752,raw,2878,-1.1482,-33.5804,1.8460
8.752,raw,2891,0.1142,-34.2608,1.8469
8.752,raw,2903,9.6951,-0.6471,1.8126
8.752,raw,2915,9.4764,-0.3090,1.8123
8.752,raw,2927,9.2733,0.0119,1.8120
8.752,raw,2940,9.4210,0.3435,1.8122
8.752,raw,2952,9.9545,0.6736,1.8129
8.752,raw,2964,-18.7458,-0.5800,2.2752
8.752,raw,2976,-17.5903,-1.7233,2.2489
8.752,raw,2989,-15.5754,-2.5738,2.2026
8.752,raw,3001,-15.4455,-3.1189,2.2021
8.752,raw,3013,-15.2154,-3.8777,2.2010
8.752,raw,3025,-15.0754,-4.4185,2.2013
8.752,raw,3038,-14.9029,-4.9991,2.2018
8.752,raw,3050,-14.6415,-5.8991,2.2036
8.752,raw,3062,-14.8372,-6.6053,2.2151
8.752,raw,3074,-14.3341,-7.0003,2.2080
8.752,raw,3087,-14.3452,-7.7068,2.2163
8.752,raw,3099,-19.9626,-24.0789,2.5878
8.752,raw,3111,9.7033,-0.6480,2.0316
8.752,raw,3123,9.4910,-0.3100,2.0256
8.752,raw,3136,9.2482,0.0383,2.0191
8.752,raw,3148,9.4307,0.3435,2.0235
8.752,raw,3160,9.9292,0.6727,2.0360
8.752,raw,3172,-31.8786,-3.5414,3.3685
8.752,raw,3185,-26.1642,-13.7506,3.2505
8.752,raw,3197,-11.6288,-8.4655,2.5191
8.752,raw,3209,9.7495,-0.7344,2.2534
8.752,raw,3221,9.5122,-0.3904,2.2404
8.752,raw,3234,9.2932,-0.0399,2.2288
8.752,raw,3246,9.2830,0.2668,2.2280
8.752,raw,3258,9.7750,0.5864,2.2519
8.752,raw,3270,-15.6590,-2.2088,2.9670
8.752,raw,3283,-25.9706,-14.2361,3.9617
8.752,raw,3295,-18.9741,0.1899,3.6477
8.752,raw,3307,-19.4791,-0.5003,3.6975
8.752,raw,3319,-19.2738,-1.1731,3.6817
8.752,raw,3332,-19.0386,-1.8885,3.6658
8.752,raw,3344,-18.8538,-2.5435,3.6565
8.752,raw,3356,-18.4363,-3.2055,3.6277
8.752,raw,3368,-18.2450,-3.8403,3.6221
8.752,raw,3381,-18.0188,-4.5192,3.6164
8.752,raw,3393,-17.8419,-5.1522,3.6165
8.752,raw,3405,-17.6278,-5.7736,3.6151
8.752,raw,3417,-17.4656,-6.5319,3.6251
8.752,raw,3430,-17.2373,-7.2123,3.6293
8.752,raw,3442,-17.0556,-7.8580,3.6387
8.752,raw,3454,-16.8629,-8.5067,3.6494
8.752,raw,3466,-11.3406,-8.3590,3.1930
8.752,raw,3479,-18.1267,0.4616,3.5669
8.752,raw,3491,-16.4798,-0.0835,3.8106
8.752,raw,3503,-16.3134,-0.6573,3.7937
8.752,raw,3515,-16.1274,-1.2201,3.7767
8.752,raw,3528,-15.9591,-1.8238,3.7648
8.752,raw,3540,-15.5557,-2.3809,3.7272
8.752,raw,3552,-15.3880,-2.9166,3.7194
8.752,raw,3564,-15.2410,-3.4533,3.7162
8.752,raw,3577,-15.0621,-4.0278,3.7130
8.752,raw,3589,-14.8784,-4.5511,3.7099
8.752,raw,3601,-14.9533,-5.3156,3.7479
8.752,raw,3613,-14.5799,-5.7730,3.7261
8.752,raw,3626,-14.3864,-6.3490,3.7320
8.752,raw,3638,-14.2285,-6.8954,3.7428
8.752,raw,3650,-14.0451,-7.4359,3.7528
8.752,raw,3662,-13.8879,-7.9992,3.7692
9.805,raw,0,-5.6056,-6.1796,0.5585
9.805,raw,11,-5.4321,-6.4069,0.5511
9.805,raw,23,-5.2512,-6.6720,0.5390
9.805,raw,35,-5.0849,-6.9666,0.5209
9.805,raw,47,-4.8775,-7.2192,0.5095
9.805,raw,59,9.6441,-0.5056,0.5037
9.805,raw,70,9.4654,-0.2023,0.5318
9.805,raw,82,9.2284,0.1154,0.5668
9.805,raw,94,9.5904,0.4233,0.5163
9.805,raw,106,-5.9955,-6.9685,0.6711
9.805,raw,118,-5.8044,-7.2633,0.6594
9.805,raw,130,-5.6341,-7.5975,0.6413
9.805,raw,141,-5.4039,-7.8171,0.6367
9.805,raw,153,-5.2101,-8.1486,0.6178
9.805,raw,165,-4.9899,-8.4595,0.6012
9.805,raw,177,-4.2977,-7.9639,0.6918
9.805,raw,189,-4.0234,-8.1485,0.6883
9.805,raw,201,-4.2344,-9.3447,0.5531
9.805,raw,212,-3.9851,-9.6187,0.5363
9.805,raw,224,-3.7016,-9.9179,0.5172
9.805,raw,236,9.7832,-0.7353,0.7053
9.805,raw,248,9.5767,-0.3936,0.7329
9.805,raw,260,9.3563,-0.0674,0.7608
9.805,raw,272,9.3123,0.2412,0.7668
9.805,raw,283,9.7527,0.5325,0.7154
9.805,raw,295,-6.7908,-7.4558,0.8181
9.805,raw,307,-6.5909,-7.7836,0.8079
9.805,raw,319,-6.4039,-8.1401,0.7937
9.805,raw,331,-6.1570,-8.4354,0.7862
9.805,raw,342,-5.9610,-8.7584,0.7727
9.805,raw,354,-5.7098,-9.0736,0.7616
9.805,raw,366,-5.4471,-9.3865,0.7500
9.805,raw,378,-4.2072,-7.9704,0.9211
9.805,raw,390,-3.9881,-8.2600,0.9071
9.805,raw,402,-4.6283,-10.3962,0.7034
9.805,raw,413,-4.3645,-10.7291,0.6854
9.805,raw,425,-4.0640,-11.0991,0.6644
9.805,raw,437,-3.7313,-11.4269,0.6467
9.805,raw,449,-3.4719,-12.0320,0.6012
9.805,raw,461,-3.1515,-12.5463,0.5640
9.805,raw,473,-2.8564,-13.2858,0.5046
9.805,raw,484,9.6640,-0.5609,0.9409
9.805,raw,496,9.4543,-0.2277,0.9626
9.805,raw,508,9.2365,0.0899,0.9840
9.805,raw,520,9.5565,0.3967,0.9546
9.805,raw,532,10.0743,0.7343,0.9059
9.805,raw,544,-7.8163,-7.8262,1.0005
9.805,raw,555,-7.6435,-8.1760,0.9916
9.805,raw,567,-7.3753,-8.4824,0.9885
9.805,raw,579,-7.1634,-8.8626,0.9781
9.805,raw,591,-6.9221,-9.2223,0.9691
9.805,raw,603,-6.6470,-9.5512,0.9622
9.805,raw,614,-6.4077,-9.8835,0.9528
9.805,raw,626,-6.1581,-10.2839,0.9389
9.805,raw,638,-4.3204,-7.9483,1.1423
9.805,raw,650,-4.0178,-8.0793,1.1445
9.805,raw,662,-5.2686,-11.4023,0.9009
9.805,raw,674,-4.9708,-11.8386,0.8823
9.805,raw,685,-4.6446,-12.1524,0.8711
9.805,raw,697,-4.3312,-12.6455,0.8472
9.805,raw,709,-4.0404,-13.2858,0.8120
9.805,raw,721,-3.7661,-14.1113,0.7632
9.805,raw,733,-3.4160,-14.8382,0.7211
9.805,raw,745,-3.0329,-15.6145,0.6750
9.805,raw,756,-2.6910,-16.6029,0.6128
9.805,raw,768,-2.2372,-17.5834,0.5512
9.805,raw,780,9.7024,-0.6184,1.1566
9.805,raw,792,9.4822,-0.2817,1.1737
9.805,raw,804,9.2841,0.0377,1.1884
9.805,raw,816,9.4629,0.3439,1.1763
9.805,raw,827,9.9189,0.6456,1.1445
9.805,raw,839,-10.4172,-5.0985,1.2484
9.805,raw,851,-10.3191,-5.5208,1.2435
9.805,raw,863,-10.0924,-5.8767,1.2445
9.805,raw,875,-9.9774,-6.3024,1.2388
9.805,raw,887,-9.7456,-6.6590,1.2387
9.805,raw,898,-9.6536,-7.0749,1.2311
9.805,raw,910,-9.4491,-7.4626,1.2279
9.805,raw,922,-9.2184,-7.8352,1.2253
9.805,raw,934,-8.9832,-8.2096,1.2221
9.805,raw,946,-8.7500,-8.5935,1.2179
9.805,raw,957,-8.5347,-8.9525,1.2133
9.805,raw,969,-8.2903,-9.3452,1.2078
9.805,raw,981,-8.0452,-9.7508,1.2012
9.805,raw,993,-7.7795,-10.1472,1.1948
9.805,raw,1005,-7.5284,-10.5809,1.1860
9.805,raw,1017,-7.2079,-10.9373,1.1811
9.805,raw,1028,-6.9686,-11.3628,1.1709
9.805,raw,1040,-4.4535,-8.0130,1.3607
9.805,raw,1052,-4.0705,-8.0045,1.3696
9.805,raw,1064,-6.0155,-12.6535,1.1409
9.805,raw,1076,-5.7107,-13.1896,1.1248
9.805,raw,1088,-5.3438,-13.6412,1.1126
9.805,raw,1099,-5.0774,-14.2879,1.0897
9.805,raw,1111,-4.7725,-15.0665,1.0610
9.805,raw,1123,-4.4528,-15.9494,1.0271
9.805,raw,1135,-4.2301,-17.4063,0.9660
9.805,raw,1147,-4.7734,-22.6726,0.7273
9.805,raw,1159,-4.1900,-23.9547,0.6755
9.805,raw,1170,-3.5171,-24.7016,0.6473
9.805,raw,1182,-2.6950,-25.1733,0.6312
9.805,raw,1194,-1.8460,-25.6292,0.6146
9.805,raw,1206,-0.9664,-26.0024,0.6005
9.805,raw,1218,-0.0645,-26.3851,0.5845
9.805,raw,1229,0.7850,-26.7763,0.5668
9.805,raw,1241,1.7415,-27.2194,0.5453
9.805,raw,1253,2.7357,-27.7097,0.5201
9.805,raw,1265,9.8158,-0.7936,1.3697
9.805,raw,1277,9.5899,-0.4477,1.3815
9.805,raw,1289,9.3896,-0.1205,1.3915
9.805,raw,1300,9.1840,0.1668,1.4013
9.805,raw,1312,9.6573,0.4772,1.3798
9.805,raw,1324,22.4077,9.3819,0.7177
9.805,raw,1336,25.5494,11.7067,0.5444
9.805,raw,1348,-18.5871,19.3988,0.5739
9.805,raw,1360,-18.0797,17.6506,0.6459
9.805,raw,1371,-17.4592,16.0379,0.7161
9.805,raw,1383,-16.9407,14.5509,0.7779
9.805,raw,1395,-16.5710,13.2943,0.8266
9.805,raw,1407,-16.1979,12.1246,0.8719
9.805,raw,1419,-10.9587,7.8258,1.1792
9.805,raw,1431,-15.4312,10.0085,0.9541
9.805,raw,1442,-15.2061,9.2046,0.9815
9.805,raw,1454,-14.8014,8.2925,1.0176
9.805,raw,1466,-14.6105,7.5429,1.0407
9.805,raw,1478,-14.7996,-0.1269,1.4639
9.805,raw,1490,-14.5763,-0.6391,1.4683
9.805,raw,1501,-14.4069,-1.1003,1.4712
9.805,raw,1513,-8.0459,-0.7893,1.6115
9.805,raw,1525,-8.1605,-1.1069,1.6079
9.805,raw,1537,-13.7862,-2.5453,1.4801
9.805,raw,1549,-13.5812,-3.0105,1.4823
9.805,raw,1561,-13.3912,-3.4732,1.4838
9.805,raw,1572,-13.2183,-3.8939,1.4849
9.805,raw,1584,-13.0192,-4.3460,1.4860
9.805,raw,1596,-12.4716,-4.6607,1.4949
9.805,raw,1608,-12.2871,-5.1003,1.4951
9.805,raw,1620,-12.1071,-5.5422,1.4947
9.805,raw,1632,-11.9372,-5.9911,1.4937
9.805,raw,1643,-11.7510,-6.3895,1.4932
9.805,raw,1655,-11.4010,-6.7389,1.4961
9.805,raw,1667,-11.1940,-7.1704,1.4950
9.805,raw,1679,-11.0678,-7.6631,1.4912
9.805,raw,1691,-10.7294,-8.0126,1.4928
9.805,raw,1703,-10.5944,-8.5196,1.4883
9.805,raw,1714,-10.4689,-8.9998,1.4837
9.805,raw,1726,-10.1577,-9.3851,1.4832
9.805,raw,1738,-10.0193,-9.9432,1.4769
9.805,raw,1750,-9.7229,-10.3642,1.4749
9.805,raw,1762,-9.3936,-10.7586,1.4734
9.805,raw,1774,-9.2268,-11.3578,1.4657
9.805,raw,1785,-8.9174,-11.7402,1.4634
9.805,raw,1797,-8.7609,-12.4223,1.4534
9.805,raw,1809,-8.4140,-12.8777,1.4495
9.805,raw,1821,-8.0298,-13.2970,1.4464
9.805,raw,1833,-7.6738,-13.7867,1.4411
9.805,raw,1844,-7.5093,-14.5709,1.4277
9.805,raw,1856,-7.1160,-15.0907,1.4215
9.805,raw,1868,-8.5244,-19.6863,1.3164
9.805,raw,1880,-8.1425,-20.7529,1.2981
9.805,raw,1892,-7.7137,-21.8609,1.2787
9.805,raw,1904,-7.3638,-23.4064,1.2490
9.805,raw,1915,-6.9133,-24.6733,1.2253
9.805,raw,1927,-6.3718,-26.1765,1.1964
9.805,raw,1939,-5.5864,-26.9955,1.1829
9.805,raw,1951,-4.6897,-27.4511,1.1769
9.805,raw,1963,-3.7732,-27.9070,1.1703
9.805,raw,1975,-2.8370,-28.3819,1.1626
9.805,raw,1986,-1.9655,-28.9266,1.1525
9.805,raw,1998,-0.9820,-29.5509,1.1402
9.805,raw,2010,0.0408,-30.2105,1.1263
9.805,raw,2022,1.1029,-30.6289,1.1170
9.805,raw,2034,2.1904,-30.9558,1.1088
9.805,raw,2046,3.3213,-31.4651,1.0958
9.805,raw,2057,4.4063,-32.0224,1.0810
9.805,raw,2069,5.6491,-32.6874,1.0626
9.805,raw,2081,9.8491,-0.8251,1.5905
9.805,raw,2093,9.6097,-0.4759,1.5966
9.805,raw,2105,9.4090,-0.1473,1.6015
9.805,raw,2116,9.2196,0.1409,1.6059
9.805,raw,2128,9.6258,0.4502,1.5970
9.805,raw,2140,10.1868,0.7955,1.5843
9.805,raw,2152,-24.3170,24.3079,1.0394
9.805,raw,2164,-23.0849,21.5901,1.1003
9.805,raw,2176,-22.2386,19.4449,1.1455
9.805,raw,2187,-21.6110,17.7526,1.1799
9.805,raw,2199,-21.1287,16.1937,1.2092
9.805,raw,2211,-21.0869,15.0461,1.2246
9.805,raw,2223,-11.1463,7.6663,1.4975
9.805,raw,2235,-19.4879,12.0214,1.2902
9.805,raw,2247,-19.3936,11.0641,1.3024
9.805,raw,2258,-18.8529,9.9950,1.3239
9.805,raw,2270,-18.4214,8.9779,1.3422
9.805,raw,2282,-18.0269,8.0374,1.3586
9.805,raw,2294,-17.6180,7.1450,1.3742
9.805,raw,2306,-17.6267,6.4453,1.3793
9.805,raw,2318,-17.2688,5.6507,1.3921
9.805,raw,2329,-16.9534,4.9616,1.4030
9.805,raw,2341,-16.6566,4.2564,1.4131
9.805,raw,2353,-16.3464,3.5801,1.4229
9.805,raw,2365,-16.1035,2.9448,1.4306
9.805,raw,2377,-15.8398,2.3305,1.4383
9.805,raw,2388,-15.6414,1.7919,1.4439
9.805,raw,2400,-15.3622,1.2186,1.4510
9.805,raw,2412,-15.1370,0.6680,1.4565
9.805,raw,2424,-19.5535,-0.1500,1.8271
9.805,raw,2436,-18.6711,-0.7894,1.8259
9.805,raw,2448,-33.5760,-2.8309,1.8463
9.805,raw,2459,-31.7259,-3.6884,1.8439
9.805,raw,2471,-32.2284,-4.9002,1.8448
9.805,raw,2483,-15.7642,-2.8467,1.8223
9.805,raw,2495,-30.8884,-6.9298,1.8435
9.805,raw,2507,-30.2231,-7.8990,1.8430
9.805,raw,2519,-29.5824,-8.8475,1.8425
9.805,raw,2530,-29.0185,-9.7033,1.8421
9.805,raw,2542,-28.4327,-10.6283,1.8418
9.805,raw,2554,-27.8280,-11.5289,1.8415
9.805,raw,2566,-27.2247,-12.4143,1.8412
9.805,raw,2578,-15.5533,-7.7202,1.8242
9.805,raw,2590,-16.6273,-9.0105,1.8263
9.805,raw,2601,-25.5396,-14.9699,1.8408
9.805,raw,2613,-24.9672,-15.8372,1.8408
9.805,raw,2625,-24.3810,-16.6937,1.8407
9.805,raw,2637,-23.7245,-17.4984,1.8407
9.805,raw,2649,-23.0982,-18.3225,1.8407
9.805,raw,2661,-22.4723,-19.1488,1.8407
9.805,raw,2672,-21.8827,-19.8967,1.8408
9.805,raw,2684,-21.2516,-20.7308,1.8409
9.805,raw,2696,-20.6198,-21.5771,1.8411
9.805,raw,2708,-20.0125,-22.4684,1.8415
9.805,raw,2720,-19.3997,-23.3808,1.8419
9.805,raw,2731,-18.8267,-24.2330,1.8423
9.805,raw,2743,-18.1753,-25.1653,1.8427
9.805,raw,2755,-17.5239,-26.1430,1.8433
9.805,raw,2767,-16.8409,-27.1279,1.8439
9.805,raw,2779,-16.1390,-28.1447,1.8446
9.805,raw,2791,-15.4098,-29.1874,1.8454
9.805,raw,2802,-14.7444,-30.2272,1.8462
9.805,raw,2814,-13.9660,-31.3570,1.8471
9.805,raw,2826,9.7627,-0.7058,1.8127
9.805,raw,2838,9.5296,-0.3637,1.8124
9.805,raw,2850,9.3378,-0.0409,1.8121
9.805,raw,2862,9.3208,0.2667,1.8121
9.805,raw,2873,9.7946,0.5604,1.8127
9.805,raw,2885,-18.8278,-0.4101,2.2774
9.805,raw,2897,-16.3532,-0.8975,2.2169
9.805,raw,2909,-16.1696,-1.4613,2.2136
9.805,raw,2921,-15.9284,-2.0084,2.2093
9.805,raw,2933,-15.4798,-2.8387,2.2018
9.805,raw,2944,-15.3845,-3.3428,2.2021
9.805,raw,2956,-15.2360,-3.8824,2.2018
9.805,raw,2968,-15.0391,-4.4069,2.2007
9.805,raw,2980,-14.8847,-4.9435,2.2011
9.805,raw,2992,-15.3211,-6.0742,2.2211
9.805,raw,3003,-14.4009,-6.7184,2.2066
9.805,raw,3015,-14.7620,-7.5423,2.2237
9.805,raw,3027,-25.8389,-14.4427,2.5465
9.805,raw,3039,-19.5863,-24.3147,2.5864
9.805,raw,3051,9.6436,-0.5590,2.0294
9.805,raw,3063,9.4283,-0.2261,2.0235
9.805,raw,3074,9.2558,0.0640,2.0189
9.805,raw,3086,9.4626,0.3698,2.0239
9.805,raw,3098,10.0064,0.7038,2.0376
9.805,raw,3110,-31.7292,-3.6888,3.3628
9.805,raw,3122,-26.0357,-13.9586,3.2501
9.805,raw,3134,-11.4291,-8.7490,2.5198
9.805,raw,3145,-15.8908,-2.0030,2.9822
9.805,raw,3157,-25.8424,-14.4447,3.9615
9.805,raw,3169,-19.2834,0.0263,3.6789
9.805,raw,3181,-19.3871,-0.6594,3.6909
9.805,raw,3193,-19.1929,-1.3296,3.6766
9.805,raw,3205,-18.9901,-1.9893,3.6637
9.805,raw,3216,-18.8145,-2.5879,3.6548
9.805,raw,3228,-18.3874,-3.2468,3.6251
9.805,raw,3240,-18.2041,-3.8824,3.6203
9.805,raw,3252,-17.9952,-4.5085,3.6151
9.805,raw,3264,-17.7895,-5.1324,3.6123
9.805,raw,3275,-17.6229,-5.7104,3.6137
9.805,raw,3287,-17.4451,-6.4617,3.6218
9.805,raw,3299,-17.2550,-7.0967,3.6274
9.805,raw,3311,-17.0732,-7.7409,3.6363
9.805,raw,3323,-16.8630,-8.3788,3.6446
9.805,raw,3335,-16.6232,-9.0083,3.6522
9.805,raw,3346,-17.4227,0.6172,3.5016
9.805,raw,3358,-16.4994,0.0671,3.8145
9.805,raw,3370,-16.3471,-0.5099,3.7986
9.805,raw,3382,-16.1476,-1.0743,3.7793
9.805,raw,3394,-15.9852,-1.6326,3.7668
9.805,raw,3406,-16.8193,-2.3376,3.8765
9.805,raw,3417,-15.4632,-2.6459,3.7235
9.805,raw,3429,-15.2738,-3.1748,3.7140
9.805,raw,3441,-15.1138,-3.7063,3.7103
9.805,raw,3453,-14.9654,-4.2397,3.7102
9.805,raw,3465,-14.7837,-4.7626,3.7083
9.805,raw,3477,-14.6496,-5.4512,3.7209
9.805,raw,3488,-14.5039,-5.9435,3.7266
9.805,raw,3500,-14.3210,-6.4739,3.7321
9.805,raw,3512,-14.1733,-7.0263,3.7447
9.805,raw,3524,-13.9877,-7.5670,3.7551
9.805,raw,3536,-13.8170,-8.1244,3.7703
11.251,raw,0,-5.6026,-6.0591,0.5754
11.251,raw,11,-5.4356,-6.2875,0.5675
11.251,raw,22,-5.2795,-6.5353,0.5553
11.251,raw,33,-5.1157,-6.7824,0.5427
11.251,raw,45,-4.9207,-7.0411,0.5300
11.251,raw,56,-4.7532,-7.3054,0.5131
11.251,raw,67,9.5403,-0.4840,0.5132
11.251,raw,79,9.3319,-0.1559,0.5455
11.251,raw,90,9.1876,0.1302,0.5671
11.251,raw,101,9.6418,0.4136,0.5037
11.251,raw,113,-5.9854,-6.9105,0.6804
11.251,raw,124,-5.8072,-7.1726,0.6707
11.251,raw,135,-5.6393,-7.4572,0.6571
11.251,raw,146,-5.4305,-7.6985,0.6492
11.251,raw,158,-5.2413,-8.0283,0.6304
11.251,raw,169,-5.0208,-8.2750,0.6204
11.251,raw,180,-4.4543,-7.9431,0.6876
11.251,raw,192,-4.1448,-8.0646,0.6930
11.251,raw,203,-4.3926,-9.2313,0.5593
11.251,raw,214,-4.1470,-9.5040,0.5431
11.251,raw,226,-3.8766,-9.8226,0.5219
11.251,raw,237,9.7984,-0.8620,0.6974
11.251,raw,248,9.5834,-0.5410,0.7263
11.251,raw,259,9.3958,-0.2372,0.7508
11.251,raw,271,9.1887,0.0796,0.7764
11.251,raw,282,9.5562,0.3599,0.7340
11.251,raw,293,10.0546,0.6685,0.6753
11.251,raw,305,-6.6468,-7.4775,0.8284
11.251,raw,316,-6.4918,-7.8076,0.8149
11.251,raw,327,-6.2812,-8.0833,0.8075
11.251,raw,339,-6.0962,-8.4549,0.7906
11.251,raw,350,-5.8871,-8.7583,0.7790
11.251,raw,361,-5.6651,-9.0571,0.7675
11.251,raw,372,-5.4269,-9.3450,0.7565
11.251,raw,384,-4.2219,-7.9779,0.9220
11.251,raw,395,-4.9243,-9.9948,0.7267
11.251,raw,406,-4.6947,-10.3652,0.7054
11.251,raw,418,-4.4166,-10.7482,0.6838
11.251,raw,429,-4.1538,-11.1190,0.6614
11.251,raw,440,-3.8444,-11.4068,0.6466
11.251,raw,452,-3.5992,-12.0460,0.5980
11.251,raw,463,-3.3213,-12.5637,0.5596
11.251,raw,474,-3.0696,-13.2926,0.5006
11.251,raw,485,9.6318,-0.6260,0.9397
11.251,raw,497,9.4033,-0.2897,0.9634
11.251,raw,508,9.2353,0.0020,0.9803
11.251,raw,519,9.4426,0.2812,0.9616
11.251,raw,531,9.9817,0.6105,0.9113
11.251,raw,542,-7.7727,-7.5131,1.0199
11.251,raw,553,-7.6087,-7.8564,1.0113
11.251,raw,565,-7.4202,-8.2344,1.0012
11.251,raw,576,-7.2081,-8.5492,0.9947
11.251,raw,587,-6.9888,-8.8652,0.9876
11.251,raw,598,-6.7816,-9.2087,0.9776
11.251,raw,610,-6.5761,-9.6316,0.9624
11.251,raw,621,-6.3106,-9.9265,0.9558
11.251,raw,632,-6.0818,-10.2941,0.9428
11.251,raw,644,-4.2548,-7.9253,1.1476
11.251,raw,655,-4.0642,-8.2059,1.1369
11.251,raw,666,-5.2836,-11.4278,0.9004
11.251,raw,678,-4.9968,-11.8915,0.8796
11.251,raw,689,-4.6761,-12.2231,0.8672
11.251,raw,700,-4.4256,-12.7798,0.8375
11.251,raw,711,-4.1618,-13.3843,0.8042
11.251,raw,723,-3.8923,-14.2309,0.7540
11.251,raw,734,-3.5873,-14.9614,0.7110
11.251,raw,745,-3.2526,-15.7411,0.6642
11.251,raw,757,-2.8879,-16.8579,0.5938
11.251,raw,768,9.7983,-0.8895,1.1453
11.251,raw,779,9.5973,-0.5690,1.1615
11.251,raw,791,9.3822,-0.2363,1.1781
11.251,raw,802,9.1961,0.0540,1.1918
11.251,raw,813,9.5505,0.3335,1.1676
11.251,raw,824,10.0085,0.6391,1.1356
11.251,raw,836,-10.1194,-4.9285,1.2656
11.251,raw,847,-10.0156,-5.2941,1.2622
11.251,raw,858,-9.8484,-5.6290,1.2614
11.251,raw,870,-9.7507,-6.0494,1.2553
11.251,raw,881,-9.5579,-6.3757,1.2546
11.251,raw,892,-9.4622,-6.7735,1.2478
11.251,raw,904,-9.2881,-7.1677,1.2434
11.251,raw,915,-9.1248,-7.5341,1.2388
11.251,raw,926,-8.9090,-7.8633,1.2366
11.251,raw,937,-8.7252,-8.2274,1.2317
11.251,raw,949,-8.5423,-8.6539,1.2241
11.251,raw,960,-8.3323,-9.0150,1.2189
11.251,raw,971,-8.1211,-9.3861,1.2129
11.251,raw,983,-7.9017,-9.8205,1.2042
11.251,raw,994,-7.6254,-10.1402,1.2006
11.251,raw,1005,-7.4282,-10.5794,1.1899
11.251,raw,1017,-7.1745,-11.0321,1.1796
11.251,raw,1028,-6.8916,-11.3932,1.1727
11.251,raw,1039,-4.3823,-7.9286,1.3667
11.251,raw,1050,-4.1008,-8.0405,1.3685
11.251,raw,1062,-6.0870,-12.8009,1.1345
11.251,raw,1073,-5.7703,-13.2210,1.1234
11.251,raw,1084,-5.4372,-13.6429,1.1118
11.251,raw,1096,-5.1803,-14.4386,1.0825
11.251,raw,1107,-4.9219,-15.2233,1.0529
11.251,raw,1118,-4.6350,-16.0572,1.0208
11.251,raw,1130,-4.5117,-17.8684,0.9431
11.251,raw,1141,-5.1060,-22.9805,0.7109
11.251,raw,1152,-4.6024,-24.3036,0.6569
11.251,raw,1163,-3.9077,-24.9542,0.6336
11.251,raw,1175,-3.0829,-25.4505,0.6169
11.251,raw,1186,-2.3070,-25.9384,0.5990
11.251,raw,1197,-1.5073,-26.4537,0.5788
11.251,raw,1209,-0.5938,-26.7949,0.5655
11.251,raw,1220,0.2617,-27.2117,0.5473
11.251,raw,1231,1.1444,-27.6696,0.5260
11.251,raw,1243,9.8047,-0.8903,1.3679
11.251,raw,1254,9.5962,-0.5689,1.3790
11.251,raw,1265,9.3880,-0.2627,1.3895
11.251,raw,1276,9.2255,0.0278,1.3975
11.251,raw,1288,9.5315,0.3335,1.3838
11.251,raw,1299,9.9878,0.6384,1.3628
11.251,raw,1310,-17.4917,22.4422,0.5050
11.251,raw,1322,-17.2901,20.7112,0.5713
11.251,raw,1333,-16.8863,19.0160,0.6411
11.251,raw,1344,-16.5387,17.5149,0.7015
11.251,raw,1356,-16.1938,16.0404,0.7597
11.251,raw,1367,-15.7372,14.6665,0.8173
11.251,raw,1378,-15.4121,13.5057,0.8630
11.251,raw,1389,-15.1272,12.4561,0.9032
11.251,raw,1401,-14.8720,11.4294,0.9406
11.251,raw,1412,-10.9590,8.0409,1.1751
11.251,raw,1423,-11.1478,7.6466,1.1778
11.251,raw,1435,-14.1122,8.8444,1.0342
11.251,raw,1446,-13.7897,8.0619,1.0646
11.251,raw,1457,-13.5179,7.3516,1.0906
11.251,raw,1469,-13.6100,0.1930,1.4911
11.251,raw,1480,-13.4647,-0.2440,1.4941
11.251,raw,1491,-13.2919,-0.6710,1.4973
11.251,raw,1502,-8.2195,-0.5816,1.6090
11.251,raw,1514,-8.0716,-0.8624,1.6115
11.251,raw,1525,-12.8270,-1.9491,1.5042
11.251,raw,1536,-12.6991,-2.3556,1.5053
11.251,raw,1548,-12.5376,-2.7905,1.5067
11.251,raw,1559,-12.3961,-3.1874,1.5075
11.251,raw,1570,-12.2283,-3.5741,1.5087
11.251,raw,1582,-12.0981,-4.0107,1.5084
11.251,raw,1593,-11.7919,-4.3409,1.5123
11.251,raw,1604,-11.6769,-4.7396,1.5114
11.251,raw,1615,-11.5711,-5.1457,1.5099
11.251,raw,1627,-11.4465,-5.5901,1.5082
11.251,raw,1638,-11.3286,-6.0014,1.5063
11.251,raw,1649,-11.1117,-6.3619,1.5066
11.251,raw,1661,-10.9711,-6.8149,1.5041
11.251,raw,1672,-10.8050,-7.2140,1.5024
11.251,raw,1683,-10.6490,-7.6269,1.5000
11.251,raw,1695,-10.3750,-8.0077,1.4998
11.251,raw,1706,-10.2368,-8.4510,1.4961
11.251,raw,1717,-9.9705,-8.7966,1.4956
11.251,raw,1728,-9.7951,-9.2297,1.4921
11.251,raw,1740,-9.5872,-9.7028,1.4881
11.251,raw,1751,-9.3255,-10.0770,1.4862
11.251,raw,1762,-9.1833,-10.5966,1.4798
11.251,raw,1774,-8.9004,-11.0410,1.4763
11.251,raw,1785,-8.6254,-11.4442,1.4731
11.251,raw,1796,-8.5537,-12.1474,1.4616
11.251,raw,1808,-8.2498,-12.6448,1.4564
11.251,raw,1819,-7.9494,-13.0939,1.4517
11.251,raw,1830,-7.6498,-13.5723,1.4460
11.251,raw,1841,-7.5252,-14.4116,1.4312
11.251,raw,1853,-7.1648,-14.9834,1.4236
11.251,raw,1864,-8.6901,-19.6367,1.3164
11.251,raw,1875,-8.3632,-20.6520,1.2987
11.251,raw,1887,-7.9828,-21.8621,1.2770
11.251,raw,1898,-7.7040,-23.3628,1.2479
11.251,raw,1909,-7.2805,-24.6782,1.2232
11.251,raw,1921,-6.7746,-26.2649,1.1926
11.251,raw,1932,-6.1061,-27.2205,1.1758
11.251,raw,1943,-5.2925,-27.7076,1.1691
11.251,raw,1954,-4.4589,-28.1961,1.1619
11.251,raw,1966,-3.5288,-28.7605,1.1527
11.251,raw,1977,-2.6493,-29.2732,1.1437
11.251,raw,1988,-1.7474,-29.8452,1.1329
11.251,raw,2000,-0.7317,-30.6050,1.1173
11.251,raw,2011,0.2430,-31.3001,1.1024
11.251,raw,2022,1.2546,-31.7439,1.0924
11.251,raw,2034,2.3917,-32.2179,1.0808
11.251,raw,2045,3.4708,-32.6940,1.0685
11.251,raw,2056,4.6144,-33.3920,1.0504
11.251,raw,2067,9.7899,-0.8609,1.5909
11.251,raw,2079,9.5535,-0.5117,1.5969
11.251,raw,2090,9.3654,-0.2094,1.6015
11.251,raw,2101,9.1805,0.0798,1.6059
11.251,raw,2113,9.6062,0.3867,1.5966
11.251,raw,2124,10.1085,0.6984,1.5853
11.251,raw,2135,-22.2459,25.1046,1.0591
11.251,raw,2147,-21.6374,22.8268,1.1049
11.251,raw,2158,-20.7807,20.6245,1.1525
11.251,raw,2169,-19.9430,18.6217,1.1962
11.251,raw,2180,-19.4347,17.0597,1.2273
11.251,raw,2192,-18.6242,15.2823,1.2660
11.251,raw,2203,-18.2250,14.0373,1.2896
11.251,raw,2214,-11.0007,8.1655,1.4947
11.251,raw,2226,-11.1072,7.6673,1.4988
11.251,raw,2237,-16.8401,10.5839,1.3573
11.251,raw,2248,-16.8380,9.8577,1.3654
11.251,raw,2260,-16.5230,8.9346,1.3811
11.251,raw,2271,-16.2594,8.1473,1.3940
11.251,raw,2282,-15.9722,7.3892,1.4066
11.251,raw,2293,-15.7429,6.6924,1.4172
11.251,raw,2305,-15.7573,6.0625,1.4218
11.251,raw,2316,-15.5332,5.4214,1.4310
11.251,raw,2327,-15.3127,4.8084,1.4396
11.251,raw,2339,-15.0548,4.1635,1.4488
11.251,raw,2350,-14.8584,3.6063,1.4558
11.251,raw,2361,-14.6575,3.0681,1.4625
11.251,raw,2373,-14.4517,2.5045,1.4690
11.251,raw,2384,-14.2789,2.0071,1.4742
11.251,raw,2395,-14.1025,1.5239,1.4791
11.251,raw,2406,-13.9244,1.0544,1.4837
11.251,raw,2418,-13.7279,0.5566,1.4885
11.251,raw,2429,-26.9899,0.0028,1.8371
11.251,raw,2440,-26.3551,-0.8363,1.8363
11.251,raw,2452,-25.7593,-1.7160,1.8355
11.251,raw,2463,-8.5032,-0.6627,1.8121
11.251,raw,2474,-8.4755,-0.9443,1.8121
11.251,raw,2486,-24.1265,-4.0258,1.8337
11.251,raw,2497,-23.6206,-4.7238,1.8332
11.251,raw,2508,-23.1155,-5.3991,1.8328
11.251,raw,2519,-22.6632,-6.0673,1.8324
11.251,raw,2531,-22.1490,-6.7703,1.8320
11.251,raw,2542,-21.7152,-7.4098,1.8317
11.251,raw,2553,-16.9195,-6.3559,1.8251
11.251,raw,2565,-20.7825,-8.6939,1.8312
11.251,raw,2576,-20.3525,-9.2961,1.8310
11.251,raw,2587,-15.2556,-7.5453,1.8237
11.251,raw,2599,-19.4881,-10.5446,1.8307
11.251,raw,2610,-19.0621,-11.1246,1.8306
11.251,raw,2621,-18.6515,-11.7088,1.8305
11.251,raw,2632,-18.2336,-12.2854,1.8305
11.251,raw,2644,-21.5666,-15.6704,1.8368
11.251,raw,2655,-21.2106,-16.4810,1.8371
11.251,raw,2666,-20.8703,-17.3223,1.8374
11.251,raw,2678,-20.4624,-18.2341,1.8378
11.251,raw,2689,-20.0941,-19.1004,1.8382
11.251,raw,2700,-19.7163,-19.9865,1.8387
11.251,raw,2712,-19.3449,-21.0361,1.8394
11.251,raw,2723,-18.9135,-21.9412,1.8399
11.251,raw,2734,-18.4682,-22.8694,1.8405
11.251,raw,2745,-18.0144,-23.8322,1.8411
11.251,raw,2757,-17.4831,-24.8928,1.8419
11.251,raw,2768,-16.9934,-25.9219,1.8426
11.251,raw,2779,-16.4696,-26.9666,1.8434
11.251,raw,2791,-15.8936,-28.1875,1.8445
11.251,raw,2802,-15.3231,-29.3265,1.8454
11.251,raw,2813,-14.7346,-30.5349,1.8465
11.251,raw,2825,9.7741,-0.8590,1.8128
11.251,raw,2836,9.5898,-0.5416,1.8125
11.251,raw,2847,9.3767,-0.2360,1.8122
11.251,raw,2858,9.1795,0.0545,1.8119
11.251,raw,2870,9.5327,0.3598,1.8124
11.251,raw,2881,10.0497,0.6683,1.8131
11.251,raw,2892,-33.2906,9.6463,1.8473
11.251,raw,2904,-32.7609,8.2794,1.8462
11.251,raw,2915,-32.0871,7.0391,1.8449
11.251,raw,2926,-31.1065,5.8037,1.8433
11.251,raw,2938,-30.2266,4.5683,1.8419
11.251,raw,2949,-29.4472,3.5022,1.8407
11.251,raw,2960,-28.7387,2.4977,1.8396
11.251,raw,2971,-28.0660,1.5443,1.8386
11.251,raw,2983,-27.3477,0.5557,1.8376
11.251,raw,2994,-17.5758,-1.1859,2.2467
11.251,raw,3005,-31.9588,-3.8882,2.6082
11.251,raw,3017,-15.4467,-4.8655,2.2128
11.251,raw,3028,-14.7716,-6.8708,2.2156
11.251,raw,3039,-25.9435,-14.2671,2.5458
11.251,raw,3051,-19.5883,-24.1027,2.5816
11.251,raw,3062,9.6502,-0.6547,2.0308
11.251,raw,3073,9.4366,-0.3441,2.0248
11.251,raw,3084,9.2622,-0.0500,2.0201
11.251,raw,3096,9.3771,0.2556,2.0228
11.251,raw,3107,9.8731,0.5526,2.0351
11.251,raw,3118,-31.8015,-3.3045,3.3623
11.251,raw,3130,-17.5535,-6.1304,2.7194
11.251,raw,3141,-25.9180,-14.3519,3.2525
11.251,raw,3152,-19.8000,-24.2172,3.3321
11.251,raw,3164,-26.1818,-13.7082,3.9550
11.251,raw,3175,-11.5834,-8.4565,2.8644
11.251,raw,3186,-17.5299,-6.1219,3.6146
11.251,raw,3197,-16.5383,0.2173,3.8143
11.251,raw,3209,-16.3554,-0.3596,3.7941
11.251,raw,3220,-16.2140,-0.8805,3.7808
11.251,raw,3231,-16.0574,-1.3933,3.7675
11.251,raw,3243,-15.8793,-1.9442,3.7544
11.251,raw,3254,-15.5187,-2.4092,3.7204
11.251,raw,3265,-15.3756,-2.9007,3.7144
11.251,raw,3277,-15.1974,-3.4284,3.7073
11.251,raw,3288,-15.0815,-3.9220,3.7086
11.251,raw,3299,-14.9254,-4.4044,3.7068
11.251,raw,3310,-14.7617,-4.8837,3.7059
11.251,raw,3322,-14.6470,-5.5304,3.7195
11.251,raw,3333,-14.4784,-6.0128,3.7225
11.251,raw,3344,-14.3506,-6.5163,3.7329
11.251,raw,3356,-14.1779,-7.0567,3.7425
11.251,raw,3367,-14.0341,-7.5661,3.7555
11.251,raw,3378,-13.8783,-8.0771,3.7694
12.295,raw,0,-5.5466,-5.9967,0.5869
12.295,raw,11,-5.3874,-6.2304,0.5776
12.295,raw,22,-5.2329,-6.4767,0.5653
12.295,raw,34,-5.0348,-6.7180,0.5561
12.295,raw,45,-4.8720,-6.9726,0.5411
12.295,raw,57,-4.6750,-7.2358,0.5265
12.295,raw,68,-4.4931,-7.4875,0.5106
12.295,raw,80,9.5040,-0.4130,0.5165
12.295,raw,91,9.3261,-0.1142,0.5441
12.295,raw,102,9.1917,0.1717,0.5642
12.295,raw,114,-6.0481,-6.5328,0.7077
12.295,raw,125,-5.9084,-6.8238,0.6935
12.295,raw,137,-5.7197,-7.1114,0.6822
12.295,raw,148,-5.5452,-7.3833,0.6701
12.295,raw,160,-5.3556,-7.6946,0.6541
12.295,raw,171,-5.1479,-7.9447,0.6438
12.295,raw,183,-4.9464,-8.2710,0.6246
12.295,raw,194,-4.4027,-7.9669,0.6873
12.295,raw,205,-4.1282,-8.0952,0.6898
12.295,raw,217,-4.2637,-9.1191,0.5766
12.295,raw,228,-4.0307,-9.4112,0.5574
12.295,raw,240,-3.7557,-9.7117,0.5380
12.295,raw,251,-3.4996,-10.0062,0.5170
12.295,raw,263,9.7192,-0.7288,0.7062
12.295,raw,274,9.5159,-0.4139,0.7332
12.295,raw,286,9.2896,-0.0867,0.7619
12.295,raw,297,9.2244,0.1966,0.7705
12.295,raw,308,9.6603,0.4839,0.7198
12.295,raw,320,-6.7249,-7.2127,0.8414
12.295,raw,331,-6.5000,-7.4525,0.8390
12.295,raw,343,-6.3109,-7.7859,0.8268
12.295,raw,354,-6.1575,-8.1310,0.8107
12.295,raw,366,-5.9226,-8.4356,0.8011
12.295,raw,377,-5.7496,-8.7900,0.7833
12.295,raw,388,-5.5258,-9.0866,0.7715
12.295,raw,400,-4.4108,-7.9261,0.9168
12.295,raw,411,-4.1305,-8.0415,0.9201
12.295,raw,423,-4.7686,-10.0728,0.7259
12.295,raw,434,-4.4764,-10.3161,0.7171
12.295,raw,446,-4.1944,-10.6890,0.6959
12.295,raw,457,-3.9277,-11.0498,0.6739
12.295,raw,469,-3.6564,-11.5562,0.6382
12.295,raw,480,-3.3872,-12.0343,0.6037
12.295,raw,491,-3.0963,-12.5244,0.5675
12.295,raw,503,-2.8008,-13.2787,0.5064
12.295,raw,514,9.6067,-0.5819,0.9407
12.295,raw,526,9.3964,-0.2478,0.9626
12.295,raw,537,9.2082,0.0443,0.9813
12.295,raw,549,9.4335,0.3498,0.9609
12.295,raw,560,9.9478,0.6540,0.9128
12.295,raw,572,-7.6931,-7.4882,1.0250
12.295,raw,583,-7.5110,-7.8105,1.0181
12.295,raw,594,-7.3653,-8.1826,1.0063
12.295,raw,606,-7.1169,-8.5030,1.0010
12.295,raw,617,-6.8930,-8.8096,0.9944
12.295,raw,629,-6.6963,-9.2204,0.9802
12.295,raw,640,-6.4808,-9.5689,0.9693
12.295,raw,652,-6.2253,-9.9392,0.9578
12.295,raw,663,-5.9479,-10.2270,0.9510
12.295,raw,674,-4.2366,-7.9513,1.1461
12.295,raw,686,-4.0683,-8.3396,1.1279
12.295,raw,697,-5.1329,-11.3113,0.9115
12.295,raw,709,-4.8506,-11.7778,0.8902
12.295,raw,720,-4.5723,-12.2082,0.8700
12.295,raw,732,-4.2567,-12.7082,0.8453
12.295,raw,743,-3.9848,-13.2937,0.8130
12.295,raw,755,-3.7042,-14.1156,0.7643
12.295,raw,766,-3.3826,-14.7891,0.7251
12.295,raw,777,-3.0443,-15.5579,0.6786
12.295,raw,789,-2.6809,-16.7075,0.6056
12.295,raw,800,-2.2630,-17.6280,0.5476
12.295,raw,812,9.6337,-0.6114,1.1574
12.295,raw,823,9.4515,-0.3037,1.1718
12.295,raw,835,9.2410,0.0177,1.1874
12.295,raw,846,9.3630,0.2979,1.1794
12.295,raw,858,9.8675,0.6239,1.1443
12.295,raw,869,-10.1602,-4.8438,1.2660
12.295,raw,880,-10.0497,-5.2051,1.2630
12.295,raw,892,-9.9308,-5.6061,1.2589
12.295,raw,903,-9.7621,-5.9437,1.2576
12.295,raw,915,-9.5570,-6.3009,1.2567
12.295,raw,926,-9.4587,-6.6944,1.2502
12.295,raw,938,-9.2502,-7.0595,1.2479
12.295,raw,949,-9.0803,-7.4160,1.2439
12.295,raw,960,-8.8739,-7.7486,1.2413
12.295,raw,972,-8.6889,-8.1554,1.2351
12.295,raw,983,-8.5194,-8.5405,1.2285
12.295,raw,995,-8.2891,-8.9282,1.2231
12.295,raw,1006,-8.0790,-9.2962,1.2171
12.295,raw,1018,-7.7842,-9.6334,1.2141
12.295,raw,1029,-7.5712,-10.0244,1.2061
12.295,raw,1041,-7.3269,-10.4567,1.1969
12.295,raw,1052,-7.1004,-10.8718,1.1872
12.295,raw,1063,-6.8263,-11.2370,1.1800
12.295,raw,1075,-4.3822,-7.9313,1.3663
12.295,raw,1086,-4.0945,-8.0320,1.3686
12.295,raw,1098,-5.9715,-12.6008,1.1446
12.295,raw,1109,-5.6567,-13.0097,1.1338
12.295,raw,1121,-5.2990,-13.4669,1.1212
12.295,raw,1132,-5.0580,-14.1678,1.0955
12.295,raw,1144,-4.7729,-14.9960,1.0643
12.295,raw,1155,-4.4689,-15.7591,1.0354
12.295,raw,1166,-4.2250,-16.9056,0.9882
12.295,raw,1178,-4.8749,-22.4747,0.7350
12.295,raw,1189,-4.3589,-23.6820,0.6862
12.295,raw,1201,-3.6603,-24.6500,0.6484
12.295,raw,1212,-2.9115,-25.0967,0.6332
12.295,raw,1224,-2.0708,-25.5986,0.6147
12.295,raw,1235,-1.2700,-25.9835,0.6001
12.295,raw,1246,-0.4467,-26.3244,0.5863
12.295,raw,1258,0.4746,-26.7800,0.5662
12.295,raw,1269,1.3470,-27.2005,0.5462
12.295,raw,1281,2.3338,-27.6942,0.5214
12.295,raw,1292,9.7504,-0.8144,1.3699
12.295,raw,1304,9.5365,-0.4687,1.3812
12.295,raw,1315,9.3457,-0.1669,1.3909
12.295,raw,1327,9.1417,0.1474,1.4007
12.295,raw,1338,9.5920,0.4297,1.3802
12.295,raw,1349,10.0808,0.7423,1.3576
12.295,raw,1361,25.6330,11.4975,0.5428
12.295,raw,1372,-17.6938,20.3559,0.5724
12.295,raw,1384,-17.2311,18.5388,0.6472
12.295,raw,1395,-16.8148,17.0184,0.7096
12.295,raw,1407,-16.4320,15.5565,0.7679
12.295,raw,1418,-16.1109,14.3425,0.8153
12.295,raw,1430,-15.7410,13.0973,0.8643
12.295,raw,1441,-15.4644,12.0826,0.9024
12.295,raw,1452,-15.0032,11.0034,0.9481
12.295,raw,1464,-11.0733,7.7029,1.1803
12.295,raw,1475,-14.4152,9.2079,1.0150
12.295,raw,1487,-14.2002,8.4086,1.0417
12.295,raw,1498,-13.8807,7.6522,1.0707
12.295,raw,1510,-13.9002,0.2942,1.4851
12.295,raw,1521,-13.7154,-0.1509,1.4890
12.295,raw,1532,-13.5450,-0.5862,1.4923
12.295,raw,1544,-8.3009,-0.5429,1.6077
12.295,raw,1555,-8.0827,-0.7918,1.6118
12.295,raw,1567,-13.0143,-1.9174,1.5005
12.295,raw,1578,-12.8523,-2.3225,1.5024
12.295,raw,1590,-12.6635,-2.7557,1.5044
12.295,raw,1601,-12.5225,-3.1562,1.5053
12.295,raw,1613,-12.3378,-3.5812,1.5066
12.295,raw,1624,-12.1842,-3.9729,1.5071
12.295,raw,1635,-11.8617,-4.2995,1.5114
12.295,raw,1647,-11.7348,-4.7352,1.5104
12.295,raw,1658,-11.5974,-5.1285,1.5097
12.295,raw,1670,-11.4735,-5.5735,1.5080
12.295,raw,1681,-11.3336,-5.9733,1.5067
12.295,raw,1693,-11.1006,-6.3681,1.5069
12.295,raw,1704,-10.9670,-6.7799,1.5047
12.295,raw,1716,-10.7908,-7.2178,1.5027
12.295,raw,1727,-10.6166,-7.6175,1.5008
12.295,raw,1738,-10.3666,-7.9660,1.5006
12.295,raw,1750,-10.1754,-8.4152,1.4977
12.295,raw,1761,-9.9347,-8.7805,1.4965
12.295,raw,1773,-9.7293,-9.2393,1.4930
12.295,raw,1784,-9.5156,-9.6483,1.4901
12.295,raw,1796,-9.2350,-10.0583,1.4878
12.295,raw,1807,-9.0485,-10.5258,1.4829
12.295,raw,1818,-8.7834,-10.9197,1.4800
12.295,raw,1830,-8.4854,-11.3545,1.4765
12.295,raw,1841,-8.2988,-11.8925,1.4693
12.295,raw,1853,-7.9847,-12.3549,1.4648
12.295,raw,1864,-7.6838,-12.7823,1.4604
12.295,raw,1876,-4.4995,-8.2489,1.5823
12.295,raw,1887,-4.2401,-8.4255,1.5817
12.295,raw,1899,-6.8467,-14.6014,1.4341
12.295,raw,1910,-6.5079,-15.1294,1.4266
12.295,raw,1921,-8.1466,-20.5665,1.3021
12.295,raw,1933,-7.7416,-21.7191,1.2816
12.295,raw,1944,-7.4375,-23.1584,1.2538
12.295,raw,1956,-6.9762,-24.6132,1.2262
12.295,raw,1967,-6.4905,-26.0088,1.1994
12.295,raw,1979,-5.7323,-26.9177,1.1838
12.295,raw,1990,-4.9182,-27.3600,1.1779
12.295,raw,2002,-4.0140,-27.8718,1.1702
12.295,raw,2013,-3.1599,-28.3170,1.1631
12.295,raw,2024,-2.2925,-28.8516,1.1534
12.295,raw,2036,-1.3195,-29.5407,1.1398
12.295,raw,2047,-0.3887,-30.1523,1.1271
12.295,raw,2059,0.6682,-30.7241,1.1147
12.295,raw,2070,1.6649,-31.0682,1.1066
12.295,raw,2082,2.7841,-31.4957,1.0957
12.295,raw,2093,3.8641,-32.1018,1.0802
12.295,raw,2104,4.9997,-32.7775,1.0623
12.295,raw,2116,6.3652,-33.8919,1.0333
12.295,raw,2127,9.6057,-0.5818,1.5952
12.295,raw,2139,9.4005,-0.2480,1.6003
12.295,raw,2150,9.2143,0.0441,1.6047
12.295,raw,2162,9.4452,0.3498,1.5997
12.295,raw,2173,9.9401,0.6537,1.5887
12.295,raw,2185,-23.3794,26.2072,1.0249
12.295,raw,2196,-22.9025,24.1312,1.0654
12.295,raw,2207,-21.9498,21.7576,1.1172
12.295,raw,2219,-20.8796,19.3661,1.1704
12.295,raw,2230,-20.2969,17.6982,1.2042
12.295,raw,2242,-19.3901,15.8053,1.2461
12.295,raw,2253,-18.9282,14.4825,1.2718
12.295,raw,2265,-10.9855,8.0693,1.4967
12.295,raw,2276,-11.1617,7.6664,1.4984
12.295,raw,2288,-17.5309,10.8701,1.3415
12.295,raw,2299,-17.4950,10.1019,1.3506
12.295,raw,2310,-17.1961,9.2288,1.3654
12.295,raw,2322,-16.8333,8.3117,1.3815
12.295,raw,2333,-16.5394,7.5347,1.3944
12.295,raw,2345,-16.2164,6.7306,1.4076
12.295,raw,2356,-16.2758,6.1559,1.4108
12.295,raw,2368,-15.9611,5.4206,1.4225
12.295,raw,2379,-15.7159,4.7914,1.4316
12.295,raw,2390,-15.4457,4.1823,1.4408
12.295,raw,2402,-15.2243,3.5630,1.4485
12.295,raw,2413,-15.0028,3.0133,1.4556
12.295,raw,2425,-14.7456,2.4340,1.4632
12.295,raw,2436,-14.5625,1.9292,1.4686
12.295,raw,2448,-14.3363,1.3935,1.4746
12.295,raw,2459,-14.1630,0.9199,1.4790
12.295,raw,2471,-13.9459,0.4169,1.4841
12.295,raw,2482,-31.5745,-0.3906,1.8433
12.295,raw,2493,-17.0543,-0.6157,1.8236
12.295,raw,2505,-30.3425,-2.4004,1.8418
12.295,raw,2516,-8.4936,-0.7427,1.8121
12.295,raw,2528,-8.3721,-1.0354,1.8120
12.295,raw,2539,-28.7061,-5.1535,1.8401
12.295,raw,2551,-17.2642,-3.6307,1.8245
12.295,raw,2562,-16.3303,-3.9798,1.8234
12.295,raw,2574,-16.1328,-4.5417,1.8233
12.295,raw,2585,-15.1383,-4.7865,1.8221
12.295,raw,2596,-25.7328,-9.2055,1.8376
12.295,raw,2608,-24.7182,-9.8286,1.8367
12.295,raw,2619,-23.8595,-10.3845,1.8359
12.295,raw,2631,-22.9576,-10.9630,1.8351
12.295,raw,2642,-22.1421,-11.4608,1.8344
12.295,raw,2654,-23.7135,-13.3621,1.8375
12.295,raw,2665,-23.2775,-14.1220,1.8375
12.295,raw,2676,-22.8286,-14.8753,1.8376
12.295,raw,2688,-22.3605,-15.7156,1.8377
12.295,raw,2699,-11.2915,-8.4682,1.8198
12.295,raw,2711,-21.4453,-17.3396,1.8380
12.295,raw,2722,-20.9727,-18.1041,1.8382
12.295,raw,2734,-20.4921,-18.9845,1.8385
12.295,raw,2745,-19.9962,-19.7577,1.8388
12.295,raw,2757,-19.5261,-20.6961,1.8392
12.295,raw,2768,-19.0557,-21.5444,1.8396
12.295,raw,2779,-18.5652,-22.4005,1.8401
12.295,raw,2791,-18.0139,-23.3540,1.8406
12.295,raw,2802,-17.5054,-24.2664,1.8412
12.295,raw,2814,-16.9203,-25.2735,1.8419
12.295,raw,2825,-16.3713,-26.2340,1.8425
12.295,raw,2837,-15.7544,-27.3256,1.8434
12.295,raw,2848,-15.1520,-28.3384,1.8442
12.295,raw,2860,-14.4838,-29.5190,1.8452
12.295,raw,2871,-13.8529,-30.6713,1.8462
12.295,raw,2882,-13.1734,-31.8357,1.8473
12.295,raw,2894,9.6315,-0.6112,1.8126
12.295,raw,2905,9.4417,-0.3030,1.8123
12.295,raw,2917,9.2493,0.0175,1.8120
12.295,raw,2928,9.3722,0.2979,1.8122
12.295,raw,2940,9.8852,0.6245,1.8129
12.295,raw,2951,-34.5384,5.0893,1.8477
12.295,raw,2962,-33.9720,3.9104,1.8468
12.295,raw,2974,-33.3691,2.6748,1.8458
12.295,raw,2985,-32.7360,1.5809,1.8449
12.295,raw,2997,-32.0889,0.4363,1.8440
12.295,raw,3008,-31.7979,-3.2769,2.6021
12.295,raw,3020,-15.8516,-3.6086,2.2136
12.295,raw,3031,-16.1554,-6.4175,2.2423
12.295,raw,3043,-25.9725,-14.2480,2.5460
12.295,raw,3054,-19.9441,-24.1985,2.5891
12.295,raw,3065,9.6611,-0.6952,2.0316
12.295,raw,3077,9.4589,-0.3568,2.0258
12.295,raw,3088,9.2737,-0.0603,2.0208
12.295,raw,3100,9.2992,0.2468,2.0213
12.295,raw,3111,9.7600,0.5395,2.0327
12.295,raw,3123,-31.7805,-3.1814,3.3599
12.295,raw,3134,-15.6696,-2.2208,2.5833
12.295,raw,3146,-25.9638,-14.2432,3.2516
12.295,raw,3157,-19.9379,-24.1911,3.3355
12.295,raw,3168,-14.8167,-4.9725,2.9539
12.295,raw,3180,-25.9033,-14.4077,3.9610
12.295,raw,3191,-19.6003,-0.1212,3.7041
12.295,raw,3203,-19.3789,-0.7986,3.6855
12.295,raw,3214,-19.1357,-1.6311,3.6687
12.295,raw,3226,-17.5574,-5.8137,3.6064
12.295,raw,3237,-16.6164,0.3366,3.8216
12.295,raw,3248,-16.4522,-0.1956,3.8030
12.295,raw,3260,-16.2847,-0.7662,3.7864
12.295,raw,3271,-16.1299,-1.2813,3.7730
12.295,raw,3283,-15.9518,-1.8344,3.7595
12.295,raw,3294,-15.5970,-2.3035,3.7259
12.295,raw,3306,-15.4210,-2.8374,3.7167
12.295,raw,3317,-15.2792,-3.3271,3.7126
12.295,raw,3329,-15.1153,-3.8569,3.7090
12.295,raw,3340,-14.9615,-4.3402,3.7073
12.295,raw,3351,-14.8137,-4.8250,3.7083
12.295,raw,3363,-14.6694,-5.4607,3.7179
12.295,raw,3374,-14.5265,-5.9533,3.7240
12.295,raw,3386,-14.3706,-6.4955,3.7331
12.295,raw,3397,-14.2180,-6.9935,3.7425
12.295,raw,3409,-14.0416,-7.5385,3.7540
12.295,raw,3420,-13.8912,-8.0522,3.7686
13.394,raw,0,-5.5677,-6.0964,0.5719
13.394,raw,12,-5.3739,-6.3345,0.5652
13.394,raw,24,-5.1827,-6.5817,0.5558
13.394,raw,36,-5.0062,-6.8566,0.5406
13.394,raw,48,-4.8003,-7.1033,0.5296
13.394,raw,61,-4.5743,-7.3779,0.5153
13.394,raw,73,9.5818,-0.4073,0.5095
13.394,raw,85,9.3491,-0.0787,0.5449
13.394,raw,97,9.2723,0.2312,0.5569
13.394,raw,110,-6.0595,-6.7068,0.6897
13.394,raw,122,-5.8571,-6.9768,0.6818
13.394,raw,134,-5.6528,-7.2526,0.6722
13.394,raw,146,-5.4449,-7.5336,0.6611
13.394,raw,158,-5.2599,-7.8602,0.6428
13.394,raw,171,-5.0220,-8.1789,0.6272
13.394,raw,183,-4.5145,-8.0031,0.6754
13.394,raw,195,-4.1489,-8.0290,0.6938
13.394,raw,207,-4.3035,-9.0717,0.5780
13.394,raw,220,-4.0142,-9.3843,0.5597
13.394,raw,232,-3.7369,-9.6765,0.5413
13.394,raw,244,-3.4531,-9.9838,0.5201
13.394,raw,256,9.7887,-0.7509,0.7010
13.394,raw,268,9.5553,-0.4052,0.7319
13.394,raw,281,9.3334,-0.0522,0.7602
13.394,raw,293,9.2889,0.2566,0.7663
13.394,raw,305,9.7735,0.5760,0.7096
13.394,raw,317,-6.7143,-7.3757,0.8292
13.394,raw,330,-6.4808,-7.7053,0.8207
13.394,raw,342,-6.2821,-8.0410,0.8085
13.394,raw,354,-6.0464,-8.3430,0.7997
13.394,raw,366,-5.8479,-8.7112,0.7827
13.394,raw,378,-5.5846,-9.0027,0.7737
13.394,raw,391,-4.5205,-8.0132,0.9034
13.394,raw,403,-4.1415,-8.0154,0.9205
13.394,raw,415,-4.7448,-9.9541,0.7355
13.394,raw,427,-4.4650,-10.2954,0.7182
13.394,raw,440,-4.1476,-10.6703,0.6981
13.394,raw,452,-3.8529,-11.0543,0.6750
13.394,raw,464,-3.5668,-11.5199,0.6432
13.394,raw,476,-3.2629,-12.0107,0.6083
13.394,raw,488,-2.9715,-12.6547,0.5580
13.394,raw,501,-2.6050,-13.3210,0.5060
13.394,raw,513,9.6297,-0.5181,0.9417
13.394,raw,525,9.4159,-0.1857,0.9637
13.394,raw,537,9.1881,0.1310,0.9860
13.394,raw,550,9.6072,0.4657,0.9473
13.394,raw,562,10.1605,0.8110,0.8950
13.394,raw,574,-7.7451,-7.8095,1.0055
13.394,raw,586,-7.5109,-8.1405,1.0003
13.394,raw,598,-7.2945,-8.5004,0.9918
13.394,raw,611,-7.0109,-8.8456,0.9862
13.394,raw,623,-6.7620,-9.1912,0.9779
13.394,raw,635,-6.4859,-9.5133,0.9711
13.394,raw,647,-6.2331,-9.8845,0.9596
13.394,raw,660,-5.9303,-10.2647,0.9484
13.394,raw,672,-4.1728,-7.9592,1.1468
13.394,raw,684,-5.3749,-11.0500,0.9194
13.394,raw,696,-5.0786,-11.4567,0.9031
13.394,raw,708,-4.7418,-11.8106,0.8902
13.394,raw,721,-4.3966,-12.2886,0.8685
13.394,raw,733,-4.0890,-12.8289,0.8406
13.394,raw,745,-3.8106,-13.5633,0.7982
13.394,raw,757,-3.4756,-14.2519,0.7588
13.394,raw,770,-3.0869,-15.0884,0.7091
13.394,raw,782,-2.7201,-16.0778,0.6474
13.394,raw,794,-2.2764,-16.9780,0.5914
13.394,raw,806,-1.8160,-18.2160,0.5111
13.394,raw,818,9.6107,-0.4897,1.1617
13.394,raw,831,9.3854,-0.1321,1.1789
13.394,raw,843,9.1599,0.1821,1.1952
13.394,raw,855,9.6194,0.4924,1.1635
13.394,raw,867,-10.5471,-4.9034,1.2478
13.394,raw,880,-10.3468,-5.3101,1.2477
13.394,raw,892,-10.2023,-5.7094,1.2447
13.394,raw,904,-9.9822,-6.0679,1.2450
13.394,raw,916,-9.8694,-6.4979,1.2388
13.394,raw,928,-9.6544,-6.8669,1.2373
13.394,raw,941,-9.4311,-7.2781,1.2343
13.394,raw,953,-9.2032,-7.6460,1.2319
13.394,raw,965,-8.9661,-8.0112,1.2292
13.394,raw,977,-8.7369,-8.3903,1.2252
13.394,raw,990,-8.4996,-8.8230,1.2190
13.394,raw,1002,-8.2594,-9.2134,1.2136
13.394,raw,1014,-8.0005,-9.5953,1.2082
13.394,raw,1026,-7.7525,-10.0048,1.2010
13.394,raw,1038,-7.4931,-10.4185,1.1931
13.394,raw,1051,-7.1486,-10.7980,1.1881
13.394,raw,1063,-6.8835,-11.2474,1.1775
13.394,raw,1075,-4.4344,-7.9759,1.3627
13.394,raw,1087,-4.0759,-8.0086,1.3693
13.394,raw,1100,-5.9465,-12.6352,1.1431
13.394,raw,1112,-5.5898,-13.0569,1.1325
13.394,raw,1124,-5.2151,-13.4779,1.1216
13.394,raw,1136,-4.9321,-14.1987,1.0957
13.394,raw,1148,-4.6251,-14.9746,1.0669
13.394,raw,1161,-4.2630,-15.8933,1.0318
13.394,raw,1173,-3.9753,-17.1410,0.9803
13.394,raw,1185,-4.4969,-22.5465,0.7352
13.394,raw,1197,-3.8979,-23.7839,0.6852
13.394,raw,1210,-3.0897,-24.6111,0.6538
13.394,raw,1222,-2.2630,-25.0541,0.6383
13.394,raw,1234,-1.4076,-25.4374,0.6243
13.394,raw,1246,-0.5277,-25.7602,0.6118
13.394,raw,1259,0.4483,-26.1898,0.5930
13.394,raw,1271,1.3788,-26.6121,0.5729
13.394,raw,1283,2.3414,-27.0428,0.5510
13.394,raw,1295,3.3397,-27.4846,0.5270
13.394,raw,1307,4.3767,-27.9325,0.5010
13.394,raw,1320,9.5978,-0.4619,1.3797
13.394,raw,1332,9.3658,-0.1311,1.3913
13.394,raw,1344,9.1745,0.1818,1.4005
13.394,raw,1356,9.6387,0.4928,1.3793
13.394,raw,1369,22.2341,9.3397,0.7248
13.394,raw,1381,25.5130,11.7214,0.5448
13.394,raw,1393,-19.0295,19.8232,0.5473
13.394,raw,1405,-18.4980,18.0251,0.6217
13.394,raw,1417,-17.9924,16.3978,0.6885
13.394,raw,1430,-17.4217,14.7615,0.7563
13.394,raw,1442,-16.7280,13.2478,0.8236
13.394,raw,1454,-16.3779,12.0984,0.8673
13.394,raw,1466,-11.0023,7.7541,1.1808
13.394,raw,1479,-15.5199,9.8689,0.9553
13.394,raw,1491,-15.2368,8.9808,0.9867
13.394,raw,1503,-14.8305,8.0825,1.0222
13.394,raw,1515,-15.1767,0.2330,1.4563
13.394,raw,1527,-14.9625,-0.2959,1.4607
13.394,raw,1540,-14.6822,-0.8500,1.4662
13.394,raw,1552,-8.1641,-0.6384,1.6098
13.394,raw,1564,-8.0657,-0.9242,1.6112
13.394,raw,1576,-13.9933,-2.3121,1.4771
13.394,raw,1589,-13.7376,-2.8152,1.4804
13.394,raw,1601,-13.5210,-3.2749,1.4827
13.394,raw,1613,-13.3086,-3.7292,1.4845
13.394,raw,1625,-13.1047,-4.1808,1.4858
13.394,raw,1637,-12.5345,-4.4922,1.4954
13.394,raw,1650,-12.3263,-4.9640,1.4959
13.394,raw,1662,-12.1010,-5.3836,1.4967
13.394,raw,1674,-11.9117,-5.8188,1.4964
13.394,raw,1686,-11.7099,-6.2492,1.4959
13.394,raw,1699,-11.3835,-6.6541,1.4978
13.394,raw,1711,-11.2094,-7.1035,1.4958
13.394,raw,1723,-10.9878,-7.5281,1.4947
13.394,raw,1735,-10.6870,-7.8989,1.4953
13.394,raw,1747,-10.4809,-8.3434,1.4930
13.394,raw,1760,-10.3321,-8.9011,1.4877
13.394,raw,1772,-10.0072,-9.2654,1.4877
13.394,raw,1784,-9.8343,-9.7807,1.4826
13.394,raw,1796,-9.5442,-10.1960,1.4805
13.394,raw,1809,-9.1755,-10.5960,1.4794
13.394,raw,1821,-9.0016,-11.1749,1.4722
13.394,raw,1833,-8.6558,-11.5664,1.4701
13.394,raw,1845,-8.4752,-12.2035,1.4611
13.394,raw,1857,-8.1115,-12.6143,1.4582
13.394,raw,1870,-7.7059,-13.0617,1.4546
13.394,raw,1882,-4.4187,-8.2874,1.5822
13.394,raw,1894,-7.1192,-14.2795,1.4374
13.394,raw,1906,-6.7377,-14.7988,1.4309
13.394,raw,1919,-6.2790,-15.3161,1.4246
13.394,raw,1931,-7.8443,-20.9919,1.2955
13.394,raw,1943,-7.4967,-22.3935,1.2691
13.394,raw,1955,-7.0347,-23.7071,1.2448
13.394,raw,1967,-6.5109,-25.0878,1.2187
13.394,raw,1980,-5.8202,-26.4643,1.1930
13.394,raw,1992,-4.9417,-26.9131,1.1874
13.394,raw,2004,-4.0440,-27.3615,1.1811
13.394,raw,2016,-3.1260,-27.8134,1.1741
13.394,raw,2029,-2.1151,-28.4156,1.1632
13.394,raw,2041,-1.1493,-28.9966,1.1519
13.394,raw,2053,-0.1476,-29.6085,1.1392
13.394,raw,2065,0.8907,-29.9524,1.1317
13.394,raw,2077,1.9515,-30.2485,1.1243
13.394,raw,2090,3.1554,-30.8792,1.1086
13.394,raw,2102,4.3083,-31.4011,1.0945
13.394,raw,2114,5.5223,-32.0186,1.0772
13.394,raw,2126,6.9005,-33.1927,1.0464
13.394,raw,2139,9.6642,-0.6019,1.5945
13.394,raw,2151,9.4445,-0.2656,1.5999
13.394,raw,2163,9.2527,0.0532,1.6045
13.394,raw,2175,9.4212,0.3592,1.6009
13.394,raw,2187,9.9493,0.6906,1.5891
13.394,raw,2200,26.4585,12.2408,1.1677
13.394,raw,2212,-23.8357,22.2518,1.0789
13.394,raw,2224,-23.3500,20.3675,1.1143
13.394,raw,2236,-22.7457,18.5290,1.1503
13.394,raw,2249,-22.8756,17.2633,1.1648
13.394,raw,2261,-22.1425,15.5695,1.1995
13.394,raw,2273,-11.2321,7.6212,1.4971
13.394,raw,2285,-20.2721,12.3166,1.2727
13.394,raw,2297,-20.1866,11.3365,1.2849
13.394,raw,2310,-19.3401,9.9535,1.3154
13.394,raw,2322,-18.7399,8.8570,1.3376
13.394,raw,2334,-18.2706,7.8875,1.3555
13.394,raw,2346,-17.8676,7.0009,1.3709
13.394,raw,2359,-18.1196,6.3188,1.3705
13.394,raw,2371,-17.7225,5.5073,1.3841
13.394,raw,2383,-17.3685,4.7496,1.3960
13.394,raw,2395,-17.0228,4.0306,1.4070
13.394,raw,2407,-16.6675,3.3442,1.4176
13.394,raw,2420,-16.3615,2.6483,1.4266
13.394,raw,2432,-16.0696,2.0315,1.4347
13.394,raw,2444,-15.7817,1.4395,1.4421
13.394,raw,2456,-15.5122,0.8707,1.4487
13.394,raw,2469,-16.9369,0.2221,1.8235
13.394,raw,2481,-34.8953,-2.4306,1.8480
13.394,raw,2493,-31.7504,-3.3038,1.8438
13.394,raw,2505,-33.3631,-4.6705,1.8462
13.394,raw,2518,-32.5359,-5.8132,1.8454
13.394,raw,2530,-31.8098,-6.8353,1.8447
13.394,raw,2542,-31.1023,-7.8275,1.8441
13.394,raw,2554,-30.4224,-8.7964,1.8435
13.394,raw,2566,-15.1797,-4.8739,1.8223
13.394,raw,2579,-14.7472,-5.3667,1.8219
13.394,raw,2591,-16.0861,-6.5281,1.8242
13.394,raw,2603,-27.7480,-12.5353,1.8419
13.394,raw,2615,-27.1085,-13.4088,1.8417
13.394,raw,2628,-16.6556,-8.9998,1.8263
13.394,raw,2640,-25.8371,-15.2214,1.8413
13.394,raw,2652,-25.2272,-16.0796,1.8412
13.394,raw,2664,-24.6193,-16.9351,1.8412
13.394,raw,2676,-23.9969,-17.7786,1.8412
13.394,raw,2689,-23.3517,-18.7160,1.8412
13.394,raw,2701,-22.6714,-19.5156,1.8412
13.394,raw,2713,-21.9843,-20.3095,1.8412
13.394,raw,2725,-21.2703,-21.0801,1.8413
13.394,raw,2738,-20.5348,-21.9591,1.8414
13.394,raw,2750,-19.8685,-22.7987,1.8417
13.394,raw,2762,-19.2078,-23.6662,1.8420
13.394,raw,2774,-18.5280,-24.5374,1.8423
13.394,raw,2786,-17.8434,-25.4355,1.8428
13.394,raw,2799,-17.0890,-26.4371,1.8433
13.394,raw,2811,-16.3542,-27.3525,1.8438
13.394,raw,2823,-15.6163,-28.3192,1.8445
13.394,raw,2835,-14.8609,-29.3248,1.8452
13.394,raw,2848,-14.0054,-30.4359,1.8460
13.394,raw,2860,-13.1791,-31.4840,1.8469
13.394,raw,2872,-0.5272,-34.1281,1.8467
13.394,raw,2884,9.7465,-0.7189,1.8127
13.394,raw,2896,9.5273,-0.3766,1.8124
13.394,raw,2909,9.2935,-0.0249,1.8121
13.394,raw,2921,9.3152,0.2820,1.8121
13.394,raw,2933,9.7875,0.6034,1.8127
13.394,raw,2945,-18.8025,-0.5074,2.2762
13.394,raw,2958,-17.7226,-1.2451,2.2507
13.394,raw,2970,-16.0807,-1.8696,2.2119
13.394,raw,2982,-15.5639,-2.6953,2.2026
13.394,raw,2994,-17.5795,-3.7241,2.2567
13.394,raw,3006,-15.2764,-3.7776,2.2015
13.394,raw,3019,-15.0837,-4.3518,2.2008
13.394,raw,3031,-14.9188,-4.8848,2.2009
13.394,raw,3043,-15.0357,-5.9356,2.2127
13.394,raw,3055,-15.7275,-7.0972,2.2399
13.394,raw,3068,-14.6182,-7.2787,2.2171
13.394,raw,3080,-25.9587,-14.1876,2.5456
13.394,raw,3092,-19.8750,-24.1937,2.5884
13.394,raw,3104,9.6774,-0.6302,2.0312
13.394,raw,3116,9.4586,-0.2927,2.0250
13.394,raw,3129,9.2366,0.0537,2.0191
13.394,raw,3141,9.4250,0.3592,2.0237
13.394,raw,3153,9.9597,0.6910,2.0371
13.394,raw,3165,-31.8622,-3.5984,3.3674
13.394,raw,3178,-26.0839,-13.9604,3.2513
13.394,raw,3190,-11.4697,-8.7473,2.5206
13.394,raw,3202,9.7233,-0.7163,2.2526
13.394,raw,3214,9.5188,-0.3759,2.2412
13.394,raw,3226,9.3106,-0.0513,2.2303
13.394,raw,3239,9.2857,0.2821,2.2287
13.394,raw,3251,9.7827,0.6033,2.2528
13.394,raw,3263,-18.7148,-2.8390,3.1898
13.394,raw,3275,-25.9539,-14.2839,3.9616
13.394,raw,3288,-19.0693,0.0970,3.6557
13.394,raw,3300,-19.4703,-0.5937,3.6959
13.394,raw,3312,-19.2524,-1.2642,3.6792
13.394,raw,3324,-19.0406,-1.9241,3.6653
13.394,raw,3336,-18.8451,-2.5771,3.6550
13.394,raw,3349,-18.4067,-3.3461,3.6264
13.394,raw,3361,-18.1934,-3.9749,3.6190
13.394,raw,3373,-17.9929,-4.6025,3.6149
13.394,raw,3385,-17.7984,-5.2297,3.6136
13.394,raw,3398,-17.5637,-5.9006,3.6121
13.394,raw,3410,-17.4172,-6.6648,3.6243
13.394,raw,3422,-17.2381,-7.3064,3.6319
13.394,raw,3434,-17.0284,-7.9405,3.6386
13.394,raw,3446,-16.8423,-8.5932,3.6504
13.394,raw,3459,-11.2838,-8.4465,3.1927
13.394,raw,3471,-18.3418,0.3204,3.5863
13.394,raw,3483,-16.4552,-0.2111,3.8067
13.394,raw,3495,-16.2891,-0.7828,3.7903
13.394,raw,3508,-16.1018,-1.3914,3.7743
13.394,raw,3520,-15.9241,-1.9443,3.7612
13.394,raw,3532,-15.5484,-2.4556,3.7265
13.394,raw,3544,-15.3820,-2.9910,3.7191
13.394,raw,3556,-15.2389,-3.5285,3.7167
13.394,raw,3569,-15.0337,-4.0956,3.7105
13.394,raw,3581,-14.8787,-4.6273,3.7114
13.394,raw,3593,-14.7251,-5.3088,3.7208
13.394,raw,3605,-14.5484,-5.8381,3.7242
13.394,raw,3618,-14.3878,-6.4288,3.7347
13.394,raw,3630,-14.2040,-6.9637,3.7424
13.394,raw,3642,-14.0341,-7.5119,3.7547
13.394,raw,3654,-13.8718,-8.0737,3.7708
14.552,raw,0,-5.6521,-6.2218,0.5489
14.552,raw,11,-5.4657,-6.4377,0.5439
14.552,raw,23,-5.2936,-6.7163,0.5296
14.552,raw,35,-5.1109,-6.9932,0.5149
14.552,raw,46,-4.9308,-7.2406,0.5018
14.552,raw,58,9.5615,-0.3625,0.5172
14.552,raw,70,9.3512,-0.0380,0.5492
14.552,raw,82,9.3675,0.2699,0.5479
14.552,raw,93,-6.1752,-6.8672,0.6652
14.552,raw,105,-5.9724,-7.1479,0.6564
14.552,raw,117,-5.7604,-7.4260,0.6472
14.552,raw,128,-5.5730,-7.6988,0.6354
14.552,raw,140,-5.3595,-7.9967,0.6219
14.552,raw,152,-5.1603,-8.3324,0.6023
14.552,raw,164,-4.9129,-8.6109,0.5900
14.552,raw,175,-4.1970,-8.0000,0.6931
14.552,raw,187,-4.0355,-8.4054,0.6604
14.552,raw,199,-4.1852,-9.5210,0.5362
14.552,raw,210,-3.9302,-9.7977,0.5191
14.552,raw,222,9.8538,-0.8221,0.6961
14.552,raw,234,9.6274,-0.4739,0.7265
14.552,raw,246,9.3986,-0.1432,0.7557
14.552,raw,257,9.2447,0.1439,0.7748
14.552,raw,269,9.6552,0.4539,0.7272
14.552,raw,281,10.1995,0.7991,0.6626
14.552,raw,292,-6.7067,-7.7198,0.8047
14.552,raw,304,-6.5013,-8.0531,0.7936
14.552,raw,316,-6.3170,-8.4280,0.7771
14.552,raw,328,-6.0537,-8.7145,0.7704
14.552,raw,339,-5.8178,-8.9939,0.7616
14.552,raw,351,-5.5885,-9.3577,0.7448
14.552,raw,363,-4.3346,-7.9649,0.9151
14.552,raw,374,-4.0559,-8.0844,0.9179
14.552,raw,386,-4.7899,-10.3294,0.7019
14.552,raw,398,-4.4891,-10.6584,0.6861
14.552,raw,410,-4.1654,-10.9635,0.6719
14.552,raw,421,-3.8803,-11.3024,0.6523
14.552,raw,433,-3.6049,-11.8299,0.6146
14.552,raw,445,-3.2995,-12.3561,0.5766
14.552,raw,456,-3.0317,-12.9863,0.5269
14.552,raw,468,9.7853,-0.7048,0.9285
14.552,raw,480,9.5481,-0.3615,0.9533
14.552,raw,492,9.3347,-0.0373,0.9747
14.552,raw,503,9.2826,0.2449,0.9802
14.552,raw,515,9.8219,0.5643,0.9300
14.552,raw,527,-8.0373,-7.7519,0.9927
14.552,raw,538,-7.8119,-8.0501,0.9893
14.552,raw,550,-7.6058,-8.4245,0.9804
14.552,raw,562,-7.3549,-8.7611,0.9745
14.552,raw,574,-7.0818,-9.0801,0.9696
14.552,raw,585,-6.8551,-9.4121,0.9610
14.552,raw,597,-6.5781,-9.7480,0.9534
14.552,raw,609,-6.3148,-10.1201,0.9422
14.552,raw,620,-6.0641,-10.4655,0.9311
14.552,raw,632,-4.1792,-7.9681,1.1455
14.552,raw,644,-3.9713,-8.2798,1.1333
14.552,raw,656,-5.1613,-11.6036,0.8911
14.552,raw,667,-4.8782,-11.9987,0.8742
14.552,raw,679,-4.5675,-12.4749,0.8520
14.552,raw,691,-4.2401,-12.9721,0.8277
14.552,raw,703,-3.9286,-13.6036,0.7931
14.552,raw,714,-3.6634,-14.3707,0.7475
14.552,raw,726,-3.3028,-15.1174,0.7039
14.552,raw,738,-2.9028,-15.8922,0.6577
14.552,raw,749,-2.5515,-16.9326,0.5916
14.552,raw,761,-2.1261,-18.2725,0.5047
14.552,raw,773,9.6302,-0.5008,1.1624
14.552,raw,785,9.4156,-0.1700,1.1788
14.552,raw,796,9.2231,0.1190,1.1929
14.552,raw,808,9.5828,0.4265,1.1682
14.552,raw,820,10.1066,0.7667,1.1314
14.552,raw,831,-10.5683,-5.2835,1.2382
14.552,raw,843,-10.4506,-5.7049,1.2340
14.552,raw,855,-10.2383,-6.0777,1.2338
14.552,raw,867,-10.1006,-6.4996,1.2290
14.552,raw,878,-9.9063,-6.8474,1.2275
14.552,raw,890,-9.6793,-7.2192,1.2260
14.552,raw,902,-9.5315,-7.6581,1.2191
14.552,raw,913,-9.3028,-7.9933,1.2174
14.552,raw,925,-9.0595,-8.3691,1.2144
14.552,raw,937,-8.8242,-8.7598,1.2099
14.552,raw,949,-8.5599,-9.1307,1.2063
14.552,raw,960,-8.3311,-9.4935,1.2012
14.552,raw,972,-8.0697,-9.8887,1.1954
14.552,raw,984,-7.8225,-10.3173,1.1872
14.552,raw,995,-7.5718,-10.6965,1.1803
14.552,raw,1007,-7.2544,-11.0656,1.1748
14.552,raw,1019,-6.9895,-11.5353,1.1634
14.552,raw,1031,-4.3491,-7.9351,1.3658
14.552,raw,1042,-4.0496,-8.0149,1.3693
14.552,raw,1054,-6.0951,-12.8970,1.1291
14.552,raw,1066,-5.7312,-13.3263,1.1185
14.552,raw,1077,-5.3825,-13.7217,1.1083
14.552,raw,1089,-5.0905,-14.4370,1.0828
14.552,raw,1101,-4.7820,-15.2267,1.0536
14.552,raw,1113,-4.4439,-16.0738,1.0215
14.552,raw,1124,-4.2778,-17.5678,0.9581
14.552,raw,1136,-4.8021,-22.7700,0.7224
14.552,raw,1148,-4.2130,-24.0403,0.6712
14.552,raw,1159,-3.5307,-24.7455,0.6449
14.552,raw,1171,-2.7011,-25.1695,0.6311
14.552,raw,1183,-1.8500,-25.6012,0.6156
14.552,raw,1195,-0.9708,-25.9668,0.6018
14.552,raw,1206,-0.1453,-26.2864,0.5887
14.552,raw,1218,0.7778,-26.6936,0.5703
14.552,raw,1230,1.7316,-27.1383,0.5488
14.552,raw,1241,2.6336,-27.5195,0.5288
14.552,raw,1253,3.6565,-27.9898,0.5031
14.552,raw,1265,9.6554,-0.5298,1.3782
14.552,raw,1277,9.4469,-0.1977,1.3888
14.552,raw,1288,9.2327,0.0935,1.3991
14.552,raw,1300,9.5387,0.3998,1.3853
14.552,raw,1312,10.0850,0.7379,1.3601
14.552,raw,1323,23.9244,10.5618,0.6334
14.552,raw,1335,-19.2596,20.3234,0.5226
14.552,raw,1347,-18.5595,18.3258,0.6090
14.552,raw,1359,-18.0438,16.6647,0.6774
14.552,raw,1370,-17.5676,15.2562,0.7356
14.552,raw,1382,-17.1305,13.8987,0.7897
14.552,raw,1394,-16.7639,12.6919,0.8360
14.552,raw,1406,-10.9377,7.9189,1.1777
14.552,raw,1417,-11.2186,7.5847,1.1752
14.552,raw,1429,-15.6878,9.6157,0.9532
14.552,raw,1441,-15.2538,8.6584,0.9916
14.552,raw,1452,-15.1642,7.9887,1.0091
14.552,raw,1464,-15.9673,-0.0081,1.4381
14.552,raw,1476,-15.7170,-0.5608,1.4432
14.552,raw,1488,-15.4687,-1.0985,1.4478
14.552,raw,1499,-8.0717,-0.7096,1.6110
14.552,raw,1511,-8.0683,-1.0079,1.6102
14.552,raw,1523,-14.7840,-2.5992,1.4582
14.552,raw,1534,-14.5742,-3.0540,1.4606
14.552,raw,1546,-14.3513,-3.5438,1.4629
14.552,raw,1558,-14.1295,-4.0274,1.4647
14.552,raw,1570,-13.9127,-4.5072,1.4661
14.552,raw,1581,-13.2987,-4.7891,1.4768
14.552,raw,1593,-13.0774,-5.2443,1.4776
14.552,raw,1605,-12.8869,-5.7110,1.4774
14.552,raw,1616,-12.7078,-6.1378,1.4770
14.552,raw,1628,-12.4952,-6.5966,1.4765
14.552,raw,1640,-11.9482,-6.8636,1.4842
14.552,raw,1652,-11.7534,-7.3240,1.4826
14.552,raw,1663,-11.5719,-7.7499,1.4809
14.552,raw,1675,-11.4077,-8.2467,1.4775
14.552,raw,1687,-11.0610,-8.6154,1.4788
14.552,raw,1698,-10.9049,-9.0838,1.4750
14.552,raw,1710,-10.5677,-9.4636,1.4752
14.552,raw,1722,-10.4125,-10.0170,1.4694
14.552,raw,1734,-10.1919,-10.5302,1.4649
14.552,raw,1745,-9.8767,-10.8966,1.4638
14.552,raw,1757,-9.7064,-11.5052,1.4563
14.552,raw,1769,-9.3396,-11.9066,1.4546
14.552,raw,1780,-8.9972,-12.2748,1.4528
14.552,raw,1792,-8.8297,-12.9840,1.4423
14.552,raw,1804,-8.4495,-13.4255,1.4389
14.552,raw,1816,-8.0585,-13.8714,1.4351
14.552,raw,1827,-7.8948,-14.6528,1.4219
14.552,raw,1839,-7.4835,-15.1461,1.4166
14.552,raw,1851,-8.8175,-19.4038,1.3193
14.552,raw,1862,-8.4529,-20.2981,1.3046
14.552,raw,1874,-8.0476,-21.3888,1.2857
14.552,raw,1886,-7.7074,-22.8455,1.2581
14.552,raw,1898,-7.2193,-24.1211,1.2348
14.552,raw,1909,-6.7444,-25.4338,1.2100
14.552,raw,1921,-6.1383,-26.8504,1.1831
14.552,raw,1933,-5.2363,-27.2499,1.1788
14.552,raw,1944,-4.4065,-27.6738,1.1731
14.552,raw,1956,-3.4742,-28.0854,1.1672
14.552,raw,1968,-2.5321,-28.5921,1.1586
14.552,raw,1980,-1.5674,-29.1804,1.1475
14.552,raw,1991,-0.6521,-29.7375,1.1362
14.552,raw,2003,0.3843,-30.3232,1.1237
14.552,raw,2015,1.4511,-30.6091,1.1170
14.552,raw,2026,2.4515,-30.9187,1.1091
14.552,raw,2038,3.5907,-31.4651,1.0951
14.552,raw,2050,4.7841,-32.0744,1.0787
14.552,raw,2062,6.0455,-32.7698,1.0593
14.552,raw,2073,9.8147,-0.7900,1.5914
14.552,raw,2085,9.5862,-0.4439,1.5972
14.552,raw,2097,9.3827,-0.1166,1.6022
14.552,raw,2109,9.2134,0.1950,1.6061
14.552,raw,2120,9.6553,0.4804,1.5963
14.552,raw,2132,24.0216,10.5236,1.2327
14.552,raw,2144,-24.7231,23.8970,1.0392
14.552,raw,2155,-23.4869,21.3582,1.0971
14.552,raw,2167,-23.5651,20.0017,1.1152
14.552,raw,2179,-23.0132,18.2332,1.1490
14.552,raw,2191,-23.2633,17.1627,1.1585
14.552,raw,2202,-22.5743,15.6018,1.1906
14.552,raw,2214,-21.5789,13.8706,1.2297
14.552,raw,2226,-20.7015,12.3459,1.2635
14.552,raw,2237,-20.9781,11.6228,1.2658
14.552,raw,2249,-20.3773,10.4040,1.2898
14.552,raw,2261,-19.7829,9.2689,1.3122
14.552,raw,2273,-19.2588,8.2367,1.3317
14.552,raw,2284,-18.8184,7.3613,1.3477
14.552,raw,2296,-19.5735,6.8648,1.3356
14.552,raw,2308,-19.1105,5.9753,1.3511
14.552,raw,2319,-18.6848,5.2029,1.3647
14.552,raw,2331,-18.2576,4.4129,1.3779
14.552,raw,2343,-17.8467,3.6671,1.3900
14.552,raw,2355,-17.5001,2.9683,1.4001
14.552,raw,2366,-17.1689,2.3533,1.4091
14.552,raw,2378,-16.8420,1.7141,1.4176
14.552,raw,2390,-16.4948,1.1000,1.4261
14.552,raw,2401,-16.2423,0.5607,1.4321
14.552,raw,2413,-17.4651,-1.2250,1.8243
14.552,raw,2425,-17.4267,-2.0528,1.8244
14.552,raw,2437,-33.5740,-5.3994,1.8467
14.552,raw,2448,-17.0260,-3.1860,1.8241
14.552,raw,2460,-32.1863,-7.4114,1.8454
14.552,raw,2472,-16.3017,-4.2600,1.8235
14.552,raw,2483,-30.8354,-9.3122,1.8443
14.552,raw,2495,-17.5107,-5.8914,1.8257
14.552,raw,2507,-29.5309,-11.2261,1.8435
14.552,raw,2519,-16.3923,-6.8376,1.8248
14.552,raw,2530,-14.6738,-6.6781,1.8226
14.552,raw,2542,-15.2737,-7.6250,1.8238
14.552,raw,2554,-25.9406,-14.1865,1.8408
14.552,raw,2565,-26.4714,-15.6065,1.8424
14.552,raw,2577,-25.8165,-16.4674,1.8422
14.552,raw,2589,-25.2263,-17.3655,1.8422
14.552,raw,2601,-24.6099,-18.2462,1.8422
14.552,raw,2612,-24.0257,-19.0405,1.8423
14.552,raw,2624,-23.4162,-19.9342,1.8424
14.552,raw,2636,-22.7962,-20.8288,1.8426
14.552,raw,2647,-22.2125,-21.6460,1.8427
14.552,raw,2659,-21.5880,-22.5661,1.8430
14.552,raw,2671,-20.9648,-23.5114,1.8434
14.552,raw,2683,-19.9315,-23.9976,1.8430
14.552,raw,2694,-19.6988,-25.3252,1.8442
14.552,raw,2706,-19.0246,-26.3082,1.8447
14.552,raw,2718,-18.2933,-27.2557,1.8452
14.552,raw,2729,-17.5966,-28.1249,1.8456
14.552,raw,2741,-16.8250,-29.1050,1.8462
14.552,raw,2753,-16.0722,-30.1857,1.8470
14.552,raw,2765,-15.2556,-31.2301,1.8477
14.552,raw,2776,9.6373,-0.5281,1.8125
14.552,raw,2788,9.4272,-0.1966,1.8122
14.552,raw,2800,9.2383,0.1187,1.8119
14.552,raw,2812,9.5665,0.4263,1.8124
14.552,raw,2823,10.0685,0.7372,1.8131
14.552,raw,2835,-17.5606,-1.7556,2.2487
14.552,raw,2847,-17.6574,-3.3670,2.2574
14.552,raw,2858,-16.6475,-4.0396,2.2367
14.552,raw,2870,-16.3599,-4.9576,2.2361
14.552,raw,2882,-14.6676,-5.7478,2.2032
14.552,raw,2894,-15.1307,-6.5664,2.2216
14.552,raw,2905,-14.3782,-6.8013,2.2071
14.552,raw,2917,-14.2154,-7.3557,2.2097
14.552,raw,2929,-14.0275,-7.9049,2.2121
14.552,raw,2940,-19.8145,-24.2858,2.5896
14.552,raw,2952,9.6999,-0.6146,2.0309
14.552,raw,2964,9.4865,-0.2784,2.0249
14.552,raw,2976,9.2608,0.0419,2.0190
14.552,raw,2987,9.3810,0.3213,2.0218
14.552,raw,2999,9.9140,0.6486,2.0352
14.552,raw,3011,-31.8476,-3.5932,3.3681
14.552,raw,3022,-26.1298,-13.7972,3.2507
14.552,raw,3034,-11.5985,-8.4906,2.5191
14.552,raw,3046,-19.6425,-24.6567,3.3454
14.552,raw,3058,9.6189,-0.4998,2.2450
14.552,raw,3069,9.4378,-0.1972,2.2353
14.552,raw,3081,9.2162,0.1192,2.2240
14.552,raw,3093,9.5458,0.4261,2.2398
14.552,raw,3104,10.0357,0.7357,2.2638
14.552,raw,3116,-26.1274,-13.7959,3.9574
14.552,raw,3128,-11.3555,-8.5226,2.8569
14.552,raw,3140,-19.5688,-0.1955,3.7067
14.552,raw,3151,-19.3790,-0.8180,3.6911
14.552,raw,3163,-19.1532,-1.4843,3.6744
14.552,raw,3175,-18.9363,-2.1403,3.6607
14.552,raw,3186,-17.4875,-2.5343,3.5293
14.552,raw,3198,-18.3710,-3.3440,3.6257
14.552,raw,3210,-18.1740,-3.9764,3.6199
14.552,raw,3222,-17.9656,-4.6022,3.6150
14.552,raw,3233,-17.7857,-5.1766,3.6135
14.552,raw,3245,-17.6049,-5.8082,3.6155
14.552,raw,3257,-17.4500,-6.5697,3.6264
14.552,raw,3268,-17.2720,-7.1520,3.6314
14.552,raw,3280,-17.0438,-7.7765,3.6356
14.552,raw,3292,-16.8576,-8.4266,3.6467
14.552,raw,3304,-16.3763,-8.9244,3.6282
14.552,raw,3315,-16.7403,0.7653,3.4370
14.552,raw,3327,-16.6010,0.2239,3.8267
14.552,raw,3339,-16.3943,-0.3555,3.8037
14.552,raw,3350,-16.2220,-0.8767,3.7866
14.552,raw,3362,-16.0426,-1.4365,3.7713
14.552,raw,3374,-15.8775,-1.9901,3.7599
14.552,raw,3386,-15.4756,-2.5901,3.7242
14.552,raw,3397,-15.3323,-3.0820,3.7189
14.552,raw,3409,-15.1701,-3.6146,3.7145
14.552,raw,3421,-15.0042,-4.1441,3.7119
14.552,raw,3432,-14.8423,-4.6255,3.7103
14.552,raw,3444,-14.7044,-5.3124,3.7217
14.552,raw,3456,-14.5386,-5.8464,3.7265
14.552,raw,3468,-14.3558,-6.3764,3.7316
14.552,raw,3479,-14.1956,-6.8694,3.7394
14.552,raw,3491,-14.0393,-7.4232,3.7529
14.552,raw,3503,-13.8712,-7.9800,3.7677
15.705,raw,0,-5.6166,-6.1914,0.5554
15.705,raw,11,-5.4332,-6.4085,0.5499
15.705,raw,22,-5.2754,-6.6613,0.5371
15.705,raw,33,-5.1106,-6.9149,0.5236
15.705,raw,45,-4.9189,-7.1877,0.5088
15.705,raw,56,9.5687,-0.3826,0.5159
15.705,raw,67,9.3721,-0.0836,0.5459
15.705,raw,78,9.2312,0.2014,0.5668
15.705,raw,90,-6.1289,-6.7435,0.6793
15.705,raw,101,-5.9767,-7.0327,0.6662
15.705,raw,112,-5.8076,-7.3130,0.6539
15.705,raw,123,-5.6431,-7.6108,0.6386
15.705,raw,135,-5.4075,-7.8739,0.6303
15.705,raw,146,-5.2328,-8.1854,0.6120
15.705,raw,157,-5.0155,-8.4480,0.5999
15.705,raw,168,-4.3605,-7.9665,0.6871
15.705,raw,180,-4.0487,-8.0832,0.6928
15.705,raw,191,-4.3411,-9.3579,0.5454
15.705,raw,202,-4.1014,-9.6551,0.5261
15.705,raw,213,-3.8465,-9.9442,0.5071
15.705,raw,225,9.7449,-0.6392,0.7110
15.705,raw,236,9.5446,-0.3280,0.7374
15.705,raw,247,9.3395,-0.0308,0.7631
15.705,raw,258,9.3270,0.2513,0.7654
15.705,raw,270,9.8374,0.5718,0.7057
15.705,raw,281,-6.7887,-7.4544,0.8177
15.705,raw,292,-6.6275,-7.7799,0.8053
15.705,raw,304,-6.3893,-8.0744,0.7986
15.705,raw,315,-6.2420,-8.4454,0.7801
15.705,raw,326,-5.9980,-8.7032,0.7742
15.705,raw,337,-5.8163,-9.0624,0.7564
15.705,raw,349,-5.5621,-9.3908,0.7435
15.705,raw,360,-4.3272,-7.9637,0.9155
15.705,raw,371,-4.0299,-8.0480,0.9220
15.705,raw,382,-4.8358,-10.3622,0.6973
15.705,raw,394,-4.5103,-10.6396,0.6869
15.705,raw,405,-4.2490,-11.0025,0.6656
15.705,raw,416,-3.9755,-11.3753,0.6428
15.705,raw,427,-3.6873,-11.7544,0.6188
15.705,raw,439,-3.4262,-12.4104,0.5683
15.705,raw,450,-3.1329,-12.9399,0.5286
15.705,raw,461,9.7521,-0.6399,0.9321
15.705,raw,472,9.5421,-0.3279,0.9540
15.705,raw,484,9.3148,-0.0042,0.9766
15.705,raw,495,9.3825,0.2766,0.9709
15.705,raw,506,9.8266,0.5715,0.9295
15.705,raw,517,-7.9263,-7.6100,1.0050
15.705,raw,529,-7.7212,-7.9680,0.9978
15.705,raw,540,-7.5082,-8.2791,0.9923
15.705,raw,551,-7.3409,-8.6512,0.9809
15.705,raw,563,-7.0708,-8.9682,0.9761
15.705,raw,574,-6.8515,-9.3040,0.9671
15.705,raw,585,-6.6392,-9.6644,0.9557
15.705,raw,596,-6.3980,-10.0009,0.9459
15.705,raw,608,-6.1405,-10.3974,0.9324
15.705,raw,619,-4.2947,-7.9622,1.1419
15.705,raw,630,-4.0179,-8.0835,1.1438
15.705,raw,641,-5.3545,-11.5004,0.8917
15.705,raw,653,-5.0601,-11.9541,0.8720
15.705,raw,664,-4.7364,-12.2851,0.8598
15.705,raw,675,-4.4557,-12.7649,0.8360
15.705,raw,686,-4.1910,-13.3614,0.8033
15.705,raw,698,-3.9233,-14.2032,0.7536
15.705,raw,709,-3.6039,-14.8684,0.7154
15.705,raw,720,-3.2710,-15.6320,0.6698
15.705,raw,731,-2.9040,-16.4413,0.6205
15.705,raw,743,-2.5730,-18.0727,0.5137
15.705,raw,754,9.6795,-0.5519,1.1587
15.705,raw,765,9.4840,-0.2453,1.1738
15.705,raw,776,9.2953,0.0475,1.1877
15.705,raw,788,9.4687,0.3541,1.1761
15.705,raw,799,9.9531,0.6571,1.1422
15.705,raw,810,-10.2976,-4.9992,1.2550
15.705,raw,821,-10.2054,-5.3792,1.2508
15.705,raw,833,-10.0899,-5.7934,1.2462
15.705,raw,844,-9.9170,-6.1389,1.2449
15.705,raw,855,-9.7296,-6.4775,1.2437
15.705,raw,867,-9.6243,-6.9211,1.2361
15.705,raw,878,-9.4256,-7.2625,1.2340
15.705,raw,889,-9.2405,-7.6191,1.2305
15.705,raw,900,-9.0924,-8.0151,1.2240
15.705,raw,912,-8.8677,-8.4028,1.2197
15.705,raw,923,-8.6687,-8.7737,1.2145
15.705,raw,934,-8.4501,-9.1351,1.2096
15.705,raw,945,-8.1857,-9.4553,1.2069
15.705,raw,957,-7.9465,-9.8720,1.1995
15.705,raw,968,-7.7314,-10.2763,1.1912
15.705,raw,979,-7.5168,-10.7017,1.1815
15.705,raw,990,-7.2230,-11.0345,1.1767
15.705,raw,1002,-6.9836,-11.5426,1.1633
15.705,raw,1013,-4.4013,-7.9819,1.3628
15.705,raw,1024,-4.0617,-7.9920,1.3699
15.705,raw,1035,-6.1136,-12.7653,1.1341
15.705,raw,1047,-5.8158,-13.3273,1.1168
15.705,raw,1058,-5.4796,-13.7522,1.1053
15.705,raw,1069,-5.2145,-14.4091,1.0820
15.705,raw,1080,-4.9497,-15.1669,1.0537
15.705,raw,1092,-4.6283,-16.0420,1.0204
15.705,raw,1103,-4.5184,-17.6858,0.9500
15.705,raw,1114,-5.1698,-22.9098,0.7123
15.705,raw,1126,-4.6100,-24.2838,0.6568
15.705,raw,1137,-3.9327,-25.0298,0.6292
15.705,raw,1148,-3.1731,-25.4698,0.6147
15.705,raw,1159,-2.3924,-25.9097,0.5992
15.705,raw,1171,-1.5205,-26.4631,0.5776
15.705,raw,1182,-0.6858,-26.8298,0.5631
15.705,raw,1193,0.1703,-27.1430,0.5499
15.705,raw,1204,1.0489,-27.5994,0.5288
15.705,raw,1216,2.0418,-28.0966,0.5044
15.705,raw,1227,9.6992,-0.5806,1.3760
15.705,raw,1238,9.4869,-0.2716,1.3868
15.705,raw,1249,9.3091,0.0216,1.3955
15.705,raw,1261,9.4239,0.3281,1.3905
15.705,raw,1272,9.9177,0.6286,1.3678
15.705,raw,1283,24.8282,11.0599,0.5866
15.705,raw,1294,-17.6229,20.6383,0.5630
15.705,raw,1306,-17.2277,18.8641,0.6347
15.705,raw,1317,-17.0014,17.5045,0.6860
15.705,raw,1328,-16.6763,16.1495,0.7393
15.705,raw,1339,-16.3596,14.8989,0.7881
15.705,raw,1351,-15.9918,13.6146,0.8385
15.705,raw,1362,-15.4666,12.3781,0.8920
15.705,raw,1373,-15.2320,11.4381,0.9259
15.705,raw,1384,-10.9463,7.8668,1.1788
15.705,raw,1396,-11.3745,7.5775,1.1694
15.705,raw,1407,-14.4739,8.8458,1.0186
15.705,raw,1418,-14.1451,8.0569,1.0491
15.705,raw,1430,-13.9458,7.3268,1.0722
15.705,raw,1441,-14.0879,0.0205,1.4796
15.705,raw,1452,-13.9159,-0.4301,1.4830
15.705,raw,1463,-13.7553,-0.8722,1.4859
15.705,raw,1475,-8.0931,-0.6924,1.6106
15.705,raw,1486,-8.0327,-0.9576,1.6112
15.705,raw,1497,-13.2422,-2.1900,1.4933
15.705,raw,1508,-13.0874,-2.6060,1.4948
15.705,raw,1520,-12.8959,-3.0495,1.4967
15.705,raw,1531,-12.7534,-3.4606,1.4974
15.705,raw,1542,-12.6093,-3.8697,1.4978
15.705,raw,1553,-12.4501,-4.2725,1.4983
15.705,raw,1565,-12.1019,-4.6418,1.5026
15.705,raw,1576,-11.9523,-5.0413,1.5023
15.705,raw,1587,-11.8022,-5.4421,1.5016
15.705,raw,1598,-11.6569,-5.8478,1.5006
15.705,raw,1610,-11.5039,-6.2980,1.4989
15.705,raw,1621,-11.2615,-6.6557,1.4996
15.705,raw,1632,-11.1228,-7.0779,1.4973
15.705,raw,1643,-10.9409,-7.4791,1.4957
15.705,raw,1655,-10.6652,-7.8665,1.4957
15.705,raw,1666,-10.5121,-8.3009,1.4926
15.705,raw,1677,-10.4015,-8.7832,1.4878
15.705,raw,1689,-10.1287,-9.1942,1.4864
15.705,raw,1700,-10.0236,-9.7162,1.4802
15.705,raw,1711,-9.8633,-10.2076,1.4751
15.705,raw,1722,-9.5807,-10.5881,1.4733
15.705,raw,1734,-9.4530,-11.2241,1.4646
15.705,raw,1745,-9.1700,-11.6391,1.4616
15.705,raw,1756,-8.8900,-12.0735,1.4578
15.705,raw,1767,-8.7731,-12.7594,1.4471
15.705,raw,1779,-8.4504,-13.2740,1.4417
15.705,raw,1790,-8.1243,-13.7255,1.4371
15.705,raw,1801,-8.0080,-14.5752,1.4222
15.705,raw,1812,-7.6686,-15.0929,1.4158
15.705,raw,1824,-8.9573,-19.1495,1.3230
15.705,raw,1835,-8.6296,-20.0958,1.3071
15.705,raw,1846,-8.2917,-21.1402,1.2888
15.705,raw,1857,-7.9135,-22.2287,1.2694
15.705,raw,1869,-7.5884,-23.8844,1.2373
15.705,raw,1880,-7.1282,-25.1680,1.2133
15.705,raw,1891,-6.6564,-26.6814,1.1839
15.705,raw,1902,-5.9444,-27.5263,1.1696
15.705,raw,1914,-5.0357,-28.0169,1.1631
15.705,raw,1925,-4.1936,-28.5282,1.1552
15.705,raw,1936,-3.3248,-29.0153,1.1473
15.705,raw,1947,-2.4316,-29.4956,1.1390
15.705,raw,1959,-1.4344,-30.1112,1.1271
15.705,raw,1970,-0.4888,-30.7451,1.1141
15.705,raw,1981,0.4951,-31.4090,1.0998
15.705,raw,1993,1.6088,-31.9190,1.0880
15.705,raw,2004,2.6567,-32.2949,1.0785
15.705,raw,2015,3.7353,-32.6936,1.0678
15.705,raw,2026,4.8837,-33.3774,1.0498
15.705,raw,2038,9.7998,-0.7539,1.5918
15.705,raw,2049,9.6097,-0.4389,1.5967
15.705,raw,2060,9.3915,-0.1361,1.6019
15.705,raw,2071,9.2233,0.1510,1.6059
15.705,raw,2083,9.6512,0.4608,1.5964
15.705,raw,2094,10.1256,0.7749,1.5858
15.705,raw,2105,-23.0662,25.4257,1.0412
15.705,raw,2116,-22.5284,23.3469,1.0825
15.705,raw,2128,-21.4763,20.8262,1.1379
15.705,raw,2139,-20.5923,18.7872,1.1826
15.705,raw,2150,-20.0573,17.2004,1.2142
15.705,raw,2161,-19.2491,15.5161,1.2514
15.705,raw,2173,-18.8119,14.1463,1.2772
15.705,raw,2184,-10.9278,7.9489,1.4981
15.705,raw,2195,-11.1760,7.5941,1.4978
15.705,raw,2206,-17.6074,10.8456,1.3392
15.705,raw,2218,-17.5577,10.0011,1.3493
15.705,raw,2229,-17.2713,9.1371,1.3636
15.705,raw,2240,-16.9553,8.3042,1.3779
15.705,raw,2252,-16.6612,7.4662,1.3912
15.705,raw,2263,-16.3824,6.7332,1.4030
15.705,raw,2274,-16.4252,6.1463,1.4065
15.705,raw,2285,-16.1637,5.4748,1.4166
15.705,raw,2297,-15.9200,4.7872,1.4260
15.705,raw,2308,-15.6618,4.1745,1.4349
15.705,raw,2319,-15.4520,3.5972,1.4422
15.705,raw,2330,-15.2425,3.0406,1.4490
15.705,raw,2342,-15.0405,2.4590,1.4554
15.705,raw,2353,-14.8214,1.9394,1.4616
15.705,raw,2364,-14.6617,1.4414,1.4661
15.705,raw,2375,-14.4624,0.9542,1.4711
15.705,raw,2387,-14.2451,0.4385,1.4762
15.705,raw,2398,-16.8076,-0.0360,1.8234
15.705,raw,2409,-16.6452,-0.5732,1.8232
15.705,raw,2420,-31.2958,-2.3492,1.8431
15.705,raw,2432,-30.7635,-3.3915,1.8426
15.705,raw,2443,-30.2761,-4.3221,1.8421
15.705,raw,2454,-29.7846,-5.2299,1.8416
15.705,raw,2465,-29.3122,-6.1211,1.8412
15.705,raw,2477,-28.7993,-7.0738,1.8408
15.705,raw,2488,-28.3055,-7.9236,1.8405
15.705,raw,2499,-27.8393,-8.7664,1.8402
15.705,raw,2510,-27.3582,-9.5914,1.8400
15.705,raw,2522,-26.8618,-10.4891,1.8398
15.705,raw,2533,-26.3968,-11.2989,1.8396
15.705,raw,2544,-25.9486,-12.1093,1.8395
15.705,raw,2556,-25.4498,-12.9835,1.8394
15.705,raw,2567,-25.0144,-13.7939,1.8394
15.705,raw,2578,-24.5538,-14.5902,1.8394
15.705,raw,2589,-24.1045,-15.3947,1.8395
15.705,raw,2601,-23.6011,-16.2680,1.8396
15.705,raw,2612,-23.1569,-17.0875,1.8397
15.705,raw,2623,-22.6987,-17.9063,1.8399
15.705,raw,2634,-22.2149,-18.7158,1.8401
15.705,raw,2646,-21.7097,-19.6338,1.8404
15.705,raw,2657,-21.2281,-20.4777,1.8407
15.705,raw,2668,-20.7571,-21.3538,1.8411
15.705,raw,2679,-20.2766,-22.2474,1.8415
15.705,raw,2691,-19.7544,-23.2618,1.8421
15.705,raw,2702,-19.2496,-24.2005,1.8426
15.705,raw,2713,-18.7412,-25.1784,1.8432
15.705,raw,2724,-18.2141,-26.1820,1.8439
15.705,raw,2736,-17.6465,-27.3565,1.8448
15.705,raw,2747,-17.0590,-28.4013,1.8456
15.705,raw,2758,-16.4862,-29.5471,1.8465
15.705,raw,2769,-15.8606,-30.6896,1.8475
15.705,raw,2781,9.6739,-0.5513,1.8126
15.705,raw,2792,9.4595,-0.2437,1.8123
15.705,raw,2803,9.2925,0.0476,1.8120
15.705,raw,2815,9.4737,0.3541,1.8123
15.705,raw,2826,9.9628,0.6575,1.8129
15.705,raw,2837,-34.6086,4.6501,1.8478
15.705,raw,2848,-34.1322,3.4858,1.8470
15.705,raw,2860,-33.6087,2.2573,1.8462
15.705,raw,2871,-33.1412,1.1675,1.8455
15.705,raw,2882,-16.6408,0.2619,2.2230
15.705,raw,2893,-16.9657,-0.2894,2.2313
15.705,raw,2905,-17.7270,-0.9966,2.2510
15.705,raw,2916,-31.7483,-3.5087,2.6029
15.705,raw,2927,-17.0305,-3.1462,2.2411
15.705,raw,2938,-16.5144,-4.2252,2.2347
15.705,raw,2950,-16.5105,-6.9006,2.2563
15.705,raw,2961,-25.8611,-14.3627,2.5462
15.705,raw,2972,-19.7416,-24.3744,2.5901
15.705,raw,2983,9.7272,-0.6373,2.0317
15.705,raw,2995,9.5063,-0.2991,2.0255
15.705,raw,3006,9.3319,-0.0048,2.0208
15.705,raw,3017,9.3722,0.2766,2.0216
15.705,raw,3028,9.8370,0.5718,2.0332
15.705,raw,3040,-16.6857,0.3594,2.2241
15.705,raw,3051,-31.9163,-4.0957,3.3745
15.705,raw,3062,-25.9856,-14.0363,3.2500
15.705,raw,3073,-11.4412,-8.7597,2.5208
15.705,raw,3085,-17.4904,-5.8971,3.1606
15.705,raw,3096,-25.8847,-14.2768,3.9586
15.705,raw,3107,-18.9503,0.0867,3.6473
15.705,raw,3119,-19.3968,-0.6032,3.6917
15.705,raw,3130,-19.2224,-1.2189,3.6788
15.705,raw,3141,-19.0292,-1.8244,3.6659
15.705,raw,3152,-15.9026,-2.0041,3.3723
15.705,raw,3164,-18.1480,-3.9828,3.6176
15.705,raw,3175,-11.2285,-8.4386,3.1899
15.705,raw,3186,-16.5029,0.0677,3.8151
15.705,raw,3197,-16.3229,-0.4597,3.7957
15.705,raw,3209,-16.1559,-1.0264,3.7801
15.705,raw,3220,-15.9829,-1.5361,3.7655
15.705,raw,3231,-15.8206,-2.0401,3.7540
15.705,raw,3242,-15.4739,-2.5057,3.7221
15.705,raw,3254,-15.3278,-3.0440,3.7174
15.705,raw,3265,-15.1659,-3.5287,3.7115
15.705,raw,3276,-15.0236,-4.0161,3.7100
15.705,raw,3287,-14.8408,-4.4905,3.7052
15.705,raw,3299,-14.6778,-5.0184,3.7068
15.705,raw,3310,-14.5820,-5.6243,3.7214
15.705,raw,3321,-14.4292,-6.1143,3.7269
15.705,raw,3332,-14.2687,-6.6045,3.7335
15.705,raw,3344,-14.0925,-7.1439,3.7431
15.705,raw,3355,-13.9455,-7.6527,3.7562
15.705,raw,3366,-13.7847,-8.1618,3.7699
16.948,raw,0,-5.4664,-5.9889,0.5940
16.948,raw,11,-5.3065,-6.2200,0.5849
16.948,raw,22,-5.1564,-6.4701,0.5716
16.948,raw,34,-4.9661,-6.7198,0.5605
16.948,raw,45,-4.8017,-6.9716,0.5457
16.948,raw,56,-4.6118,-7.1976,0.5346
16.948,raw,68,-4.4256,-7.4897,0.5141
16.948,raw,79,9.5929,-0.4374,0.5047
16.948,raw,90,9.3735,-0.1332,0.5383
16.948,raw,102,9.1937,0.1806,0.5650
16.948,raw,113,9.5533,0.4645,0.5146
16.948,raw,125,-5.8074,-6.7153,0.7097
16.948,raw,136,-5.6575,-6.9998,0.6958
16.948,raw,147,-5.4949,-7.2805,0.6820
16.948,raw,159,-5.2977,-7.5746,0.6683
16.948,raw,170,-5.1254,-7.8700,0.6515
16.948,raw,181,-4.9271,-8.1419,0.6375
16.948,raw,193,-4.4342,-7.9786,0.6833
16.948,raw,204,-4.1359,-8.0649,0.6915
16.948,raw,216,-4.2703,-9.0800,0.5794
16.948,raw,227,-4.0275,-9.3478,0.5633
16.948,raw,238,-3.7907,-9.6533,0.5418
16.948,raw,250,-3.5102,-9.9671,0.5199
16.948,raw,261,9.8005,-0.7831,0.6968
16.948,raw,272,9.5967,-0.4644,0.7241
16.948,raw,284,9.3805,-0.1336,0.7519
16.948,raw,295,9.2108,0.1549,0.7728
16.948,raw,306,9.5219,0.4377,0.7368
16.948,raw,318,10.0678,0.7785,0.6722
16.948,raw,329,-6.4868,-7.3549,0.8457
16.948,raw,341,-6.2970,-7.6825,0.8342
16.948,raw,352,-6.1071,-7.9752,0.8241
16.948,raw,363,-5.9339,-8.3029,0.8096
16.948,raw,375,-5.7142,-8.6359,0.7961
16.948,raw,386,-5.4922,-8.9260,0.7849
16.948,raw,397,-5.2698,-9.2311,0.7716
16.948,raw,409,-4.1577,-7.9904,0.9223
16.948,raw,420,-4.0235,-8.3898,0.8953
16.948,raw,432,-4.4989,-10.2225,0.7234
16.948,raw,443,-4.2583,-10.5966,0.7007
16.948,raw,454,-3.9971,-10.9615,0.6785
16.948,raw,466,-3.6710,-11.2952,0.6599
16.948,raw,477,-3.4417,-11.8658,0.6164
16.948,raw,488,-3.1629,-12.3707,0.5789
16.948,raw,500,-2.8700,-13.0944,0.5209
16.948,raw,511,9.6830,-0.6067,0.9340
16.948,raw,523,9.4639,-0.2690,0.9569
16.948,raw,534,9.2927,0.0250,0.9741
16.948,raw,545,9.3172,0.3069,0.9723
16.948,raw,557,9.8031,0.6307,0.9269
16.948,raw,568,-7.6457,-7.3590,1.0329
16.948,raw,579,-7.4597,-7.6713,1.0269
16.948,raw,591,-7.2982,-8.0673,1.0147
16.948,raw,602,-7.0972,-8.3856,1.0074
16.948,raw,613,-6.8842,-8.7001,1.0001
16.948,raw,625,-6.6325,-9.0310,0.9927
16.948,raw,636,-6.4324,-9.3899,0.9807
16.948,raw,648,-6.1800,-9.7528,0.9697
16.948,raw,659,-5.9496,-10.1064,0.9575
16.948,raw,670,-4.2847,-7.9384,1.1447
16.948,raw,682,-4.0123,-8.1243,1.1423
16.948,raw,693,-5.1537,-11.2016,0.9171
16.948,raw,704,-4.9035,-11.6365,0.8971
16.948,raw,716,-4.5663,-12.0080,0.8825
16.948,raw,727,-4.2867,-12.4684,0.8597
16.948,raw,739,-3.9991,-13.1025,0.8248
16.948,raw,750,-3.7548,-13.8616,0.7797
16.948,raw,761,-3.4494,-14.5505,0.7394
16.948,raw,773,-3.0892,-15.3780,0.6896
16.948,raw,784,-2.7642,-16.4034,0.6247
16.948,raw,795,-2.3671,-17.3551,0.5646
16.948,raw,807,9.7105,-0.6366,1.1524
16.948,raw,818,9.5107,-0.3248,1.1681
16.948,raw,830,9.3100,-0.0013,1.1831
16.948,raw,841,9.2532,0.2816,1.1875
16.948,raw,852,9.7115,0.5741,1.1556
16.948,raw,864,-13.2292,13.0190,0.5162
16.948,raw,875,-9.8680,-4.9603,1.2751
16.948,raw,886,-9.7932,-5.3360,1.2700
16.948,raw,898,-9.5932,-5.6843,1.2699
16.948,raw,909,-9.5003,-6.0628,1.2644
16.948,raw,920,-9.3252,-6.3941,1.2626
16.948,raw,932,-9.1545,-6.7747,1.2588
16.948,raw,943,-9.0219,-7.1497,1.2531
16.948,raw,955,-8.8625,-7.5584,1.2469
16.948,raw,966,-8.6699,-7.9026,1.2431
16.948,raw,977,-8.4611,-8.2390,1.2396
16.948,raw,989,-8.2543,-8.6364,1.2334
16.948,raw,1000,-8.0699,-9.0194,1.2264
16.948,raw,1011,-7.8430,-9.3679,1.2212
16.948,raw,1023,-7.6157,-9.7877,1.2130
16.948,raw,1034,-7.3439,-10.1060,1.2090
16.948,raw,1046,-7.1115,-10.5582,1.1984
16.948,raw,1057,-6.9022,-11.0058,1.1867
16.948,raw,1068,-6.6132,-11.3525,1.1802
16.948,raw,1080,-4.1964,-7.9479,1.3694
16.948,raw,1091,-3.9777,-8.1769,1.3648
16.948,raw,1102,-5.7936,-12.7282,1.1425
16.948,raw,1114,-5.4490,-13.1875,1.1299
16.948,raw,1125,-5.1194,-13.6208,1.1173
16.948,raw,1137,-4.8694,-14.4633,1.0854
16.948,raw,1148,-4.5879,-15.2130,1.0572
16.948,raw,1159,-4.2981,-16.0788,1.0232
16.948,raw,1171,-4.1271,-17.8348,0.9480
16.948,raw,1182,-4.6348,-23.0202,0.7128
16.948,raw,1193,-4.1097,-24.3539,0.6579
16.948,raw,1205,-3.3236,-24.9576,0.6366
16.948,raw,1216,-2.5650,-25.4371,0.6194
16.948,raw,1227,-1.7804,-25.9003,0.6019
16.948,raw,1239,-0.8928,-26.3439,0.5844
16.948,raw,1250,-0.0537,-26.6783,0.5704
16.948,raw,1262,0.8876,-27.1928,0.5469
16.948,raw,1273,1.7820,-27.6515,0.5246
16.948,raw,1284,9.8155,-0.7849,1.3674
16.948,raw,1296,9.5815,-0.4364,1.3796
16.948,raw,1307,9.3717,-0.1331,1.3901
16.948,raw,1318,9.2138,0.1548,1.3977
16.948,raw,1330,9.5614,0.4646,1.3819
16.948,raw,1341,10.0607,0.7781,1.3588
16.948,raw,1353,-17.3559,21.7724,0.5337
16.948,raw,1364,-17.1650,20.2262,0.5928
16.948,raw,1375,-16.7517,18.5620,0.6615
16.948,raw,1387,-16.3892,16.9862,0.7244
16.948,raw,1398,-16.0364,15.6360,0.7786
16.948,raw,1409,-15.5737,14.2887,0.8354
16.948,raw,1421,-15.1941,13.0359,0.8854
16.948,raw,1432,-14.9379,12.0404,0.9226
16.948,raw,1443,-14.7075,11.1263,0.9558
16.948,raw,1455,-11.0378,7.9198,1.1762
16.948,raw,1466,-11.2662,7.5516,1.1765
16.948,raw,1478,-13.9125,8.5237,1.0503
16.948,raw,1489,-13.6311,7.7843,1.0778
16.948,raw,1500,-13.3582,7.0910,1.1033
16.948,raw,1512,-13.2265,0.0628,1.4997
16.948,raw,1523,-13.0526,-0.3589,1.5032
16.948,raw,1534,-12.9308,-0.7754,1.5053
16.948,raw,1546,-8.1779,-0.6773,1.6099
16.948,raw,1557,-8.0681,-0.9361,1.6115
16.948,raw,1569,-12.4436,-2.0490,1.5122
16.948,raw,1580,-12.2808,-2.4354,1.5140
16.948,raw,1591,-12.1354,-2.8212,1.5152
16.948,raw,1603,-12.0134,-3.2492,1.5154
16.948,raw,1614,-11.8784,-3.6340,1.5157
16.948,raw,1625,-11.7657,-4.0263,1.5153
16.948,raw,1637,-11.5165,-4.4060,1.5174
16.948,raw,1648,-11.4143,-4.8029,1.5162
16.948,raw,1660,-11.2801,-5.2304,1.5149
16.948,raw,1671,-11.1760,-5.6363,1.5130
16.948,raw,1682,-11.0383,-6.0302,1.5116
16.948,raw,1694,-10.8059,-6.4163,1.5117
16.948,raw,1705,-10.6845,-6.8297,1.5092
16.948,raw,1716,-10.5425,-7.2382,1.5067
16.948,raw,1728,-10.2835,-7.6167,1.5065
16.948,raw,1739,-10.1078,-8.0143,1.5042
16.948,raw,1750,-9.9309,-8.4200,1.5016
16.948,raw,1762,-9.6692,-8.8124,1.5002
16.948,raw,1773,-9.5070,-9.2534,1.4961
16.948,raw,1785,-9.2885,-9.7112,1.4924
16.948,raw,1796,-9.0215,-10.0731,1.4905
16.948,raw,1807,-8.8323,-10.5356,1.4856
16.948,raw,1819,-8.5586,-10.9817,1.4818
16.948,raw,1830,-8.2961,-11.3933,1.4781
16.948,raw,1841,-8.0881,-11.9032,1.4716
16.948,raw,1853,-7.7835,-12.3787,1.4666
16.948,raw,1864,-7.5035,-12.8408,1.4612
16.948,raw,1876,-4.3825,-8.2847,1.5827
16.948,raw,1887,-6.9989,-14.0810,1.4427
16.948,raw,1898,-6.6863,-14.6177,1.4351
16.948,raw,1910,-6.3220,-15.2134,1.4264
16.948,raw,1921,-7.9384,-20.7772,1.2993
16.948,raw,1932,-7.5770,-21.8961,1.2790
16.948,raw,1944,-7.2253,-23.4712,1.2485
16.948,raw,1955,-6.7932,-24.8377,1.2224
16.948,raw,1967,-6.2656,-26.4602,1.1908
16.948,raw,1978,-5.5172,-27.1318,1.1801
16.948,raw,1989,-4.6996,-27.5996,1.1735
16.948,raw,2001,-3.7906,-28.1492,1.1647
16.948,raw,2012,-2.9360,-28.6862,1.1554
16.948,raw,2023,-2.0538,-29.2239,1.1455
16.948,raw,2035,-1.0624,-29.9068,1.1319
16.948,raw,2046,-0.1160,-30.5780,1.1177
16.948,raw,2057,0.8709,-31.1792,1.1045
16.948,raw,2069,1.9812,-31.6195,1.0940
16.948,raw,2080,3.0290,-32.0231,1.0835
16.948,raw,2092,4.2311,-32.6647,1.0668
16.948,raw,2103,5.3938,-33.3416,1.0486
16.948,raw,2114,9.7388,-0.6668,1.5922
16.948,raw,2126,9.4845,-0.3229,1.5985
16.948,raw,2137,9.3229,-0.0275,1.6024
16.948,raw,2148,9.2485,0.2561,1.6042
16.948,raw,2160,9.7216,0.5743,1.5937
16.948,raw,2171,26.4858,12.2481,1.1667
16.948,raw,2183,-22.0726,24.3622,1.0743
16.948,raw,2194,-21.4299,22.2430,1.1178
16.948,raw,2205,-20.5785,20.0968,1.1643
16.948,raw,2217,-19.6576,17.9634,1.2111
16.948,raw,2228,-19.1257,16.4305,1.2419
16.948,raw,2239,-18.4287,14.8807,1.2753
16.948,raw,2251,-17.9979,13.5604,1.3004
16.948,raw,2262,-11.0160,8.0001,1.4970
16.948,raw,2274,-11.2411,7.5823,1.4978
16.948,raw,2285,-16.4714,10.1192,1.3700
16.948,raw,2296,-16.4499,9.4078,1.3781
16.948,raw,2308,-16.1430,8.5200,1.3931
16.948,raw,2319,-15.8683,7.7538,1.4059
16.948,raw,2330,-15.6207,7.0378,1.4172
16.948,raw,2342,-15.3230,6.2853,1.4295
16.948,raw,2353,-15.3699,5.7402,1.4326
16.948,raw,2364,-15.1374,5.1177,1.4417
16.948,raw,2376,-14.8963,4.4723,1.4508
16.948,raw,2387,-14.6762,3.9059,1.4586
16.948,raw,2399,-14.4659,3.3194,1.4659
16.948,raw,2410,-14.2772,2.8023,1.4720
16.948,raw,2421,-14.0779,2.3010,1.4781
16.948,raw,2433,-13.8824,1.7756,1.4837
16.948,raw,2444,-13.6885,1.3080,1.4888
16.948,raw,2455,-13.5222,0.8557,1.4930
16.948,raw,2467,-13.3541,0.3755,1.4970
16.948,raw,2478,-19.5697,-0.1784,1.8270
16.948,raw,2490,-21.8665,-1.0061,1.8302
16.948,raw,2501,-21.3958,-1.6702,1.8296
16.948,raw,2512,-8.3116,-0.7437,1.8119
16.948,raw,2524,-8.1138,-1.0180,1.8116
16.948,raw,2535,-20.0222,-3.5791,1.8281
16.948,raw,2546,-19.6091,-4.1593,1.8278
16.948,raw,2558,-19.1761,-4.7763,1.8274
16.948,raw,2569,-18.7788,-5.3251,1.8271
16.948,raw,2580,-18.3920,-5.8624,1.8268
16.948,raw,2592,-17.9834,-6.4382,1.8265
16.948,raw,2603,-17.6224,-6.9595,1.8263
16.948,raw,2615,-17.2196,-7.5132,1.8261
16.948,raw,2626,-15.7180,-7.4626,1.8242
16.948,raw,2637,-16.4860,-8.5034,1.8258
16.948,raw,2649,-16.0905,-9.0338,1.8257
16.948,raw,2660,-15.7546,-9.5305,1.8256
16.948,raw,2671,-15.4175,-10.0242,1.8256
16.948,raw,2683,-15.0241,-10.5438,1.8255
16.948,raw,2694,-14.6888,-11.0375,1.8256
16.948,raw,2706,-14.3052,-11.5645,1.8256
16.948,raw,2717,-13.9628,-12.0583,1.8257
16.948,raw,2728,-13.6049,-12.5432,1.8258
16.948,raw,2740,-13.2113,-13.0758,1.8259
16.948,raw,2751,-12.8950,-13.6189,1.8261
16.948,raw,2762,-12.5751,-14.1747,1.8264
16.948,raw,2774,-17.5687,-21.2207,1.8380
16.948,raw,2785,-17.1814,-22.1656,1.8387
16.948,raw,2797,-16.7465,-23.2416,1.8395
16.948,raw,2808,-16.3574,-24.3083,1.8404
16.948,raw,2819,-15.9234,-25.3826,1.8413
16.948,raw,2831,-15.4132,-26.5881,1.8423
16.948,raw,2842,-14.9474,-27.7955,1.8434
16.948,raw,2853,-14.3920,-28.9429,1.8444
16.948,raw,2865,-13.7492,-30.2480,1.8456
16.948,raw,2876,-13.1305,-31.5166,1.8469
16.948,raw,2887,9.7297,-0.6658,1.8127
16.948,raw,2899,9.4836,-0.3229,1.8124
16.948,raw,2910,9.3257,-0.0276,1.8121
16.948,raw,2922,9.2921,0.2814,1.8121
16.948,raw,2933,9.7271,0.5745,1.8127
16.948,raw,2944,-32.7901,12.7972,1.8480
16.948,raw,2956,-32.2327,11.3201,1.8466
16.948,raw,2967,-29.2440,9.2810,1.8419
16.948,raw,2978,-28.3208,8.0210,1.8403
16.948,raw,2990,-27.3915,6.7546,1.8386
16.948,raw,3001,-26.6392,5.6870,1.8373
16.948,raw,3013,-25.8733,4.6003,1.8360
16.948,raw,3024,-25.2295,3.6686,1.8350
16.948,raw,3035,-24.5806,2.7846,1.8340
16.948,raw,3047,-23.9125,1.8756,1.8330
16.948,raw,3058,-23.3674,1.0885,1.8322
16.948,raw,3069,-17.0026,0.3366,1.8235
16.948,raw,3081,-17.5549,-1.3167,2.2462
16.948,raw,3092,-31.9459,-4.1480,2.6086
16.948,raw,3104,-17.5349,-5.9819,2.2706
16.948,raw,3115,-16.2936,-6.7582,2.2489
16.948,raw,3126,-14.8894,-6.7922,2.2175
16.948,raw,3138,-25.9928,-14.0706,2.5446
16.948,raw,3149,-30.0465,-17.5563,2.6746
16.948,raw,3160,-29.3773,-18.4533,2.6720
16.948,raw,3172,9.7643,-0.7515,2.0341
16.948,raw,3183,9.5730,-0.4357,2.0287
16.948,raw,3194,9.3699,-0.1330,2.0231
16.948,raw,3206,9.1781,0.1809,2.0181
16.948,raw,3217,9.5482,0.4644,2.0273
16.948,raw,3229,10.0921,0.8076,2.0410
16.948,raw,3240,-31.9229,-4.0502,3.3722
16.948,raw,3251,-26.0761,-13.9192,3.2493
16.948,raw,3263,-11.2870,-8.5757,2.5079
16.948,raw,3274,-19.5512,-0.1779,3.2301
16.948,raw,3285,-25.9303,-14.2334,3.9572
16.948,raw,3297,-15.6139,-2.3066,3.3449
16.948,raw,3308,-16.6151,0.2884,3.8223
16.948,raw,3320,-16.4213,-0.2908,3.8006
16.948,raw,3331,-16.2697,-0.8131,3.7859
16.948,raw,3342,-16.0946,-1.3256,3.7702
16.948,raw,3354,-15.9278,-1.8791,3.7583
16.948,raw,3365,-16.1659,-2.4466,3.7964
16.948,raw,3376,-15.3895,-2.9733,3.7172
16.948,raw,3388,-13.9997,-7.5194,3.7496
16.948,raw,3399,-11.2640,-8.6646,3.5511
18.129,raw,0,-5.4961,-5.9776,0.5939
18.129,raw,12,-5.3126,-6.2193,0.5858
18.129,raw,24,-5.1256,-6.4635,0.5764
18.129,raw,36,-4.9375,-6.7145,0.5649
18.129,raw,49,-4.7210,-6.9802,0.5525
18.129,raw,61,-4.5275,-7.2467,0.5366
18.129,raw,73,-4.3132,-7.4945,0.5230
18.129,raw,85,-4.1113,-7.7793,0.5025
18.129,raw,98,9.4831,-0.2715,0.5201
18.129,raw,110,9.2746,0.0504,0.5514
18.129,raw,122,9.3344,0.3580,0.5437
18.129,raw,134,-5.9002,-6.5700,0.7164
18.129,raw,147,-5.7241,-6.9015,0.7008
18.129,raw,159,-5.5204,-7.1700,0.6915
18.129,raw,171,-5.3169,-7.4489,0.6800
18.129,raw,184,-5.1012,-7.7727,0.6635
18.129,raw,196,-4.8542,-8.0136,0.6557
18.129,raw,208,-4.4585,-8.0074,0.6800
18.129,raw,220,-4.1166,-8.0723,0.6928
18.129,raw,233,-4.1446,-8.9435,0.6010
18.129,raw,245,-3.8860,-9.2373,0.5827
18.129,raw,257,-3.6231,-9.5506,0.5611
18.129,raw,269,-3.3378,-9.8413,0.5414
18.129,raw,282,-3.0188,-10.1698,0.5173
18.129,raw,294,9.6456,-0.5507,0.7162
18.129,raw,306,9.4198,-0.2150,0.7454
18.129,raw,319,9.2067,0.1288,0.7718
18.129,raw,331,9.4411,0.4366,0.7447
18.129,raw,343,9.9731,0.7745,0.6817
18.129,raw,355,-6.4935,-7.3113,0.8493
18.129,raw,368,-6.2816,-7.6565,0.8379
18.129,raw,380,-6.0825,-7.9845,0.8258
18.129,raw,392,-5.8376,-8.2653,0.8186
18.129,raw,404,-5.6040,-8.5733,0.8075
18.129,raw,417,-5.3655,-8.9493,0.7902
18.129,raw,429,-4.3722,-7.9679,0.9153
18.129,raw,441,-4.0702,-8.1015,0.9179
18.129,raw,453,-4.5768,-9.9071,0.7474
18.129,raw,466,-4.2740,-10.2745,0.7282
18.129,raw,478,-3.9539,-10.5502,0.7161
18.129,raw,490,-3.6550,-10.9133,0.6944
18.129,raw,503,-3.3639,-11.4726,0.6539
18.129,raw,515,-3.0638,-11.9866,0.6162
18.129,raw,527,-2.7704,-12.6498,0.5636
18.129,raw,539,-2.4176,-13.2209,0.5191
18.129,raw,552,9.6335,-0.5227,0.9382
18.129,raw,564,9.4125,-0.1885,0.9609
18.129,raw,576,9.2172,0.1286,0.9802
18.129,raw,588,9.4344,0.4365,0.9602
18.129,raw,601,10.0236,0.8046,0.9047
18.129,raw,613,-7.5620,-7.4959,1.0312
18.129,raw,625,-7.3653,-7.8470,1.0234
18.129,raw,638,-7.1614,-8.2521,1.0122
18.129,raw,650,-6.9161,-8.5741,1.0062
18.129,raw,662,-6.6596,-8.8919,0.9999
18.129,raw,674,-6.4245,-9.2518,0.9895
18.129,raw,687,-6.1434,-9.6235,0.9792
18.129,raw,699,-5.8724,-9.9678,0.9691
18.129,raw,711,-4.2728,-7.9589,1.1444
18.129,raw,723,-4.0204,-8.1844,1.1390
18.129,raw,736,-4.9882,-11.0931,0.9293
18.129,raw,748,-4.6924,-11.5081,0.9115
18.129,raw,760,-4.3801,-11.9314,0.8926
18.129,raw,773,-4.0246,-12.4072,0.8702
18.129,raw,785,-3.7704,-13.1636,0.8259
18.129,raw,797,-3.4454,-13.8288,0.7880
18.129,raw,809,-3.0836,-14.5057,0.7488
18.129,raw,822,-2.7055,-15.5476,0.6839
18.129,raw,834,-2.2852,-16.4624,0.6267
18.129,raw,846,-1.8138,-17.4348,0.5647
18.129,raw,858,9.7451,-0.6691,1.1490
18.129,raw,871,9.4849,-0.2979,1.1691
18.129,raw,883,9.2760,0.0247,1.1847
18.129,raw,895,9.2776,0.3322,1.1849
18.129,raw,907,9.7734,0.6569,1.1503
18.129,raw,920,-10.1288,-4.8679,1.2670
18.129,raw,932,-9.9991,-5.2569,1.2641
18.129,raw,944,-9.8742,-5.6542,1.2602
18.129,raw,957,-9.6663,-6.0471,1.2589
18.129,raw,969,-9.4496,-6.3955,1.2584
18.129,raw,981,-9.3260,-6.8142,1.2520
18.129,raw,993,-9.1278,-7.1868,1.2488
18.129,raw,1006,-8.9081,-7.5942,1.2448
18.129,raw,1018,-8.6765,-7.9525,1.2419
18.129,raw,1030,-8.4704,-8.3428,1.2365
18.129,raw,1042,-8.1950,-8.6728,1.2345
18.129,raw,1055,-7.9387,-9.0839,1.2286
18.129,raw,1067,-7.6927,-9.4664,1.2226
18.129,raw,1079,-7.4550,-9.8753,1.2148
18.129,raw,1092,-7.1856,-10.3260,1.2055
18.129,raw,1104,-6.9172,-10.7375,1.1970
18.129,raw,1116,-6.6089,-11.1095,1.1902
18.129,raw,1128,-4.2899,-7.9337,1.3683
18.129,raw,1141,-4.0041,-8.1526,1.3657
18.129,raw,1153,-5.6832,-12.4804,1.1552
18.129,raw,1165,-5.3243,-12.8822,1.1452
18.129,raw,1177,-4.9567,-13.3048,1.1338
18.129,raw,1190,-4.6732,-14.1541,1.1020
18.129,raw,1202,-4.3550,-14.9149,1.0736
18.129,raw,1214,-4.0235,-15.7923,1.0394
18.129,raw,1227,-3.7615,-17.4223,0.9704
18.129,raw,1239,-3.6061,-19.8930,0.8619
18.129,raw,1251,-3.4883,-23.6385,0.6950
18.129,raw,1263,-2.7449,-24.4377,0.6638
18.129,raw,1276,-1.8524,-24.9346,0.6456
18.129,raw,1288,-0.9945,-25.2725,0.6330
18.129,raw,1300,-0.1175,-25.6673,0.6165
18.129,raw,1312,0.7858,-26.0752,0.5980
18.129,raw,1325,1.7996,-26.5579,0.5744
18.129,raw,1337,2.7713,-27.0071,0.5509
18.129,raw,1349,3.7813,-27.4671,0.5252
18.129,raw,1361,9.5999,-0.4928,1.3780
18.129,raw,1374,9.3816,-0.1347,1.3891
18.129,raw,1386,9.1773,0.1802,1.3988
18.129,raw,1398,9.5309,0.4903,1.3827
18.129,raw,1411,10.0801,0.8634,1.3571
18.129,raw,1423,25.5365,11.7390,0.5421
18.129,raw,1435,-18.5890,19.4723,0.5739
18.129,raw,1447,-17.8370,17.4869,0.6615
18.129,raw,1460,-17.5531,15.9975,0.7167
18.129,raw,1472,-16.7952,14.3206,0.7923
18.129,raw,1484,-16.3546,13.0273,0.8445
18.129,raw,1496,-15.9970,11.8883,0.8882
18.129,raw,1509,-11.0487,7.7700,1.1799
18.129,raw,1521,-15.1485,9.6962,0.9752
18.129,raw,1533,-14.8928,8.8381,1.0049
18.129,raw,1546,-14.4557,7.8829,1.0429
18.129,raw,1558,-14.2637,0.2456,1.4772
18.129,raw,1570,-14.0368,-0.2502,1.4819
18.129,raw,1582,-13.8167,-0.7321,1.4862
18.129,raw,1595,-8.2394,-0.6384,1.6089
18.129,raw,1607,-8.1017,-0.9199,1.6111
18.129,raw,1619,-13.1418,-2.1432,1.4970
18.129,raw,1631,-12.9477,-2.5855,1.4992
18.129,raw,1644,-12.7304,-3.0552,1.5015
18.129,raw,1656,-12.5370,-3.4844,1.5031
18.129,raw,1668,-12.3386,-3.9073,1.5045
18.129,raw,1680,-11.9475,-4.2545,1.5101
18.129,raw,1693,-11.7519,-4.7047,1.5104
18.129,raw,1705,-11.6179,-5.1410,1.5093
18.129,raw,1717,-11.4699,-5.5748,1.5081
18.129,raw,1730,-11.3060,-6.0484,1.5065
18.129,raw,1742,-11.0451,-6.4270,1.5073
18.129,raw,1754,-10.8776,-6.8627,1.5055
18.129,raw,1766,-10.6852,-7.2891,1.5038
18.129,raw,1779,-10.3838,-7.6899,1.5040
18.129,raw,1791,-10.1810,-8.1201,1.5018
18.129,raw,1803,-9.9789,-8.5610,1.4990
18.129,raw,1815,-9.6984,-8.9421,1.4980
18.129,raw,1828,-9.4572,-9.4231,1.4945
18.129,raw,1840,-9.1817,-9.8270,1.4924
18.129,raw,1852,-8.8751,-10.2065,1.4907
18.129,raw,1865,-8.6196,-10.7222,1.4857
18.129,raw,1877,-8.3230,-11.1442,1.4824
18.129,raw,1889,-8.0926,-11.6793,1.4758
18.129,raw,1901,-7.7758,-12.1203,1.4717
18.129,raw,1914,-7.4169,-12.6019,1.4669
18.129,raw,1926,-4.2433,-7.9622,1.5906
18.129,raw,1938,-4.0072,-8.2191,1.5881
18.129,raw,1950,-6.4503,-14.2134,1.4455
18.129,raw,1963,-6.0406,-14.7845,1.4377
18.129,raw,1975,-5.6856,-15.4396,1.4272
18.129,raw,1987,-7.2790,-21.8517,1.2822
18.129,raw,2000,-6.7666,-23.1821,1.2578
18.129,raw,2012,-6.2494,-24.5338,1.2322
18.129,raw,2024,-5.6835,-26.0350,1.2030
18.129,raw,2036,-4.8128,-26.4456,1.1981
18.129,raw,2049,-3.8556,-26.9222,1.1914
18.129,raw,2061,-2.9649,-27.4829,1.1818
18.129,raw,2073,-2.0425,-28.0370,1.1717
18.129,raw,2085,-1.0901,-28.6478,1.1597
18.129,raw,2098,-0.0146,-29.3085,1.1459
18.129,raw,2110,1.0149,-29.6347,1.1386
18.129,raw,2122,2.0683,-29.9572,1.1305
18.129,raw,2134,3.1742,-30.5672,1.1153
18.129,raw,2147,4.4211,-31.1762,1.0990
18.129,raw,2159,5.6345,-31.8061,1.0813
18.129,raw,2171,7.0197,-33.0082,1.0497
18.129,raw,2184,9.6633,-0.5793,1.5938
18.129,raw,2196,9.4393,-0.2424,1.5993
18.129,raw,2208,9.2277,0.0774,1.6043
18.129,raw,2220,9.3473,0.3838,1.6018
18.129,raw,2233,9.8989,0.7436,1.5894
18.129,raw,2245,-24.7788,25.2890,1.0182
18.129,raw,2257,-23.5375,22.4737,1.0810
18.129,raw,2269,-22.6247,20.1997,1.1294
18.129,raw,2282,-21.3392,17.7156,1.1863
18.129,raw,2294,-20.6468,16.0028,1.2215
18.129,raw,2306,-20.6478,14.9035,1.2357
18.129,raw,2319,-11.1132,7.6718,1.4993
18.129,raw,2331,-18.9973,11.7929,1.3035
18.129,raw,2343,-18.8588,10.8331,1.3166
18.129,raw,2355,-18.3795,9.7470,1.3371
18.129,raw,2368,-17.8986,8.6661,1.3570
18.129,raw,2380,-17.4830,7.7438,1.3735
18.129,raw,2392,-17.0940,6.8859,1.3885
18.129,raw,2404,-17.0355,6.1876,1.3948
18.129,raw,2417,-16.6787,5.3670,1.4078
18.129,raw,2429,-16.3393,4.6463,1.4193
18.129,raw,2441,-16.0099,3.9638,1.4299
18.129,raw,2454,-15.6670,3.2641,1.4403
18.129,raw,2466,-15.4042,2.6572,1.4482
18.129,raw,2478,-15.1210,2.0722,1.4561
18.129,raw,2490,-14.8548,1.5125,1.4631
18.129,raw,2503,-14.5694,0.9303,1.4702
18.129,raw,2515,-14.3386,0.4136,1.4755
18.129,raw,2527,-18.3009,-0.1537,1.8253
18.129,raw,2539,-33.3444,-1.7095,1.8458
18.129,raw,2552,-32.5083,-2.8951,1.8448
18.129,raw,2564,-8.5789,-0.8593,1.8122
18.129,raw,2576,-8.4227,-1.1485,1.8121
18.129,raw,2588,-30.1303,-5.8920,1.8422
18.129,raw,2601,-29.3260,-6.8930,1.8414
18.129,raw,2613,-16.5997,-4.4218,1.8239
18.129,raw,2625,-27.8911,-8.6471,1.8402
18.129,raw,2638,-14.7867,-5.1144,1.8218
18.129,raw,2650,-16.4744,-6.3853,1.8246
18.129,raw,2662,-25.8039,-11.1676,1.8387
18.129,raw,2674,-25.1803,-11.9615,1.8384
18.129,raw,2687,-24.5099,-12.8051,1.8381
18.129,raw,2699,-23.8422,-13.5406,1.8378
18.129,raw,2711,-23.1852,-14.2653,1.8375
18.129,raw,2723,-22.5629,-14.9986,1.8374
18.129,raw,2736,-17.9472,-12.9285,1.8306
18.129,raw,2748,-16.9178,-13.1155,1.8297
18.129,raw,2760,-15.9294,-13.2740,1.8288
18.129,raw,2773,-14.9480,-13.4574,1.8279
18.129,raw,2785,-14.0699,-13.5976,1.8272
18.129,raw,2797,-13.2814,-13.7774,1.8266
18.129,raw,2809,-12.5247,-13.9493,1.8261
18.129,raw,2822,-11.8118,-14.2173,1.8257
18.129,raw,2834,-11.5582,-14.9560,1.8263
18.129,raw,2846,-16.1787,-22.4591,1.8382
18.129,raw,2858,-15.5605,-23.2794,1.8386
18.129,raw,2871,-14.8365,-24.1301,1.8390
18.129,raw,2883,-14.1640,-24.9532,1.8395
18.129,raw,2895,-13.4723,-25.7958,1.8401
18.129,raw,2907,-12.7595,-26.6615,1.8407
18.129,raw,2920,-11.9673,-27.6441,1.8414
18.129,raw,2932,-11.2184,-28.6102,1.8422
18.129,raw,2944,-10.4230,-29.5731,1.8431
18.129,raw,2957,-9.5167,-30.6398,1.8440
18.129,raw,2969,-8.6455,-31.6821,1.8451
18.129,raw,2981,-7.7388,-32.8023,1.8462
18.129,raw,2993,-6.7886,-34.0087,1.8475
18.129,raw,3006,-3.0441,-32.0846,1.8442
18.129,raw,3018,-1.9611,-32.7073,1.8449
18.129,raw,3030,-0.8414,-33.3538,1.8457
18.129,raw,3042,0.3200,-34.0686,1.8466
18.129,raw,3055,9.7214,-0.6666,1.8127
18.129,raw,3067,9.4910,-0.3247,1.8124
18.129,raw,3079,9.2905,-0.0015,1.8121
18.129,raw,3092,9.2682,0.3322,1.8121
18.129,raw,3104,9.7716,0.6568,1.8128
18.129,raw,3116,-34.9798,0.8341,1.8479
18.129,raw,3128,-16.7043,0.0350,2.2230
18.129,raw,3141,-16.8420,-0.6113,2.2270
18.129,raw,3153,-17.7208,-1.2865,2.2499
18.129,raw,3165,-31.9733,-4.1624,2.6090
18.129,raw,3177,-16.6294,-3.9074,2.2340
18.129,raw,3190,-15.6703,-6.9916,2.2368
18.129,raw,3202,-25.8758,-14.4068,2.5458
18.129,raw,3214,-19.4587,-24.3458,2.5843
18.129,raw,3227,9.5944,-0.4923,2.0296
18.129,raw,3239,9.3727,-0.1602,2.0235
18.129,raw,3251,9.1921,0.1546,2.0188
18.129,raw,3263,9.4634,0.4630,2.0255
18.129,raw,3276,10.0263,0.8326,2.0397
18.129,raw,3288,-31.8552,-3.7689,3.3665
18.129,raw,3300,-14.7856,-5.1140,2.5765
18.129,raw,3312,-25.7742,-14.6477,3.2530
18.129,raw,3325,9.7436,-0.7235,2.2552
18.129,raw,3337,9.5354,-0.3809,2.2436
18.129,raw,3349,9.3274,-0.0545,2.2327
18.129,raw,3361,9.1314,0.2566,2.2228
18.129,raw,3374,9.6687,0.5997,2.2489
18.129,raw,3386,-19.6164,-0.1879,3.2339
18.129,raw,3398,-26.1100,-13.9434,3.9577
18.129,raw,3411,-11.4314,-8.7385,2.8674
18.129,raw,3423,-19.6046,-0.3025,3.7044
18.129,raw,3435,-19.3901,-0.9788,3.6872
18.129,raw,3447,-19.1798,-1.6438,3.6725
18.129,raw,3460,-18.9429,-2.3518,3.6581
18.129,raw,3472,-18.4404,-3.1698,3.6233
18.129,raw,3484,-16.8333,0.7242,3.4398
18.129,raw,3496,-16.5216,-0.1561,3.8105
18.129,raw,3509,-16.3230,-0.7754,3.7904
18.129,raw,3521,-16.1544,-1.3381,3.7759
18.129,raw,3533,-15.9549,-1.8888,3.7601
18.129,raw,3546,-15.5686,-2.4460,3.7248
18.129,raw,3558,-15.4058,-2.9817,3.7178
18.129,raw,3570,-15.2496,-3.5156,3.7138
18.129,raw,3582,-15.0909,-4.0471,3.7117
18.129,raw,3595,-14.8886,-4.6124,3.7083
18.129,raw,3607,-16.6929,-5.9661,3.9639
18.129,raw,3619,-14.5902,-5.7838,3.7228
18.129,raw,3631,-14.4029,-6.3104,3.7270
18.129,raw,3644,-14.2427,-6.9062,3.7401
18.129,raw,3656,-14.0713,-7.4525,3.7519
18.129,raw,3668,-13.8822,-7.9971,3.7640
19.162,raw,0,-5.6646,-6.0118,0.5675
19.162,raw,12,-5.5022,-6.2844,0.5552
19.162,raw,24,-5.2978,-6.5173,0.5496
19.162,raw,36,-5.1200,-6.7890,0.5359
19.162,raw,48,-4.9153,-7.0361,0.5257
19.162,raw,61,-4.6933,-7.3142,0.5118
19.162,raw,73,9.6295,-0.4919,0.5123
19.162,raw,85,9.4276,-0.1641,0.5437
19.162,raw,97,9.2251,0.1487,0.5735
19.162,raw,110,9.6327,0.4842,0.5163
19.162,raw,122,-6.0544,-6.7695,0.6819
19.162,raw,134,-5.8666,-7.0598,0.6712
19.162,raw,146,-5.7016,-7.3890,0.6540
19.162,raw,159,-5.4651,-7.6881,0.6433
19.162,raw,171,-5.2274,-7.9477,0.6349
19.162,raw,183,-5.0126,-8.2530,0.6192
19.162,raw,195,-4.4561,-8.0016,0.6781
19.162,raw,208,-4.0853,-8.0744,0.6920
19.162,raw,220,-4.2603,-9.1588,0.5708
19.162,raw,232,-4.0021,-9.4707,0.5511
19.162,raw,244,-3.7246,-9.7680,0.5323
19.162,raw,257,-3.3806,-10.0110,0.5207
19.162,raw,269,9.8087,-0.7513,0.7074
19.162,raw,281,9.5722,-0.4080,0.7386
19.162,raw,293,9.3699,-0.0842,0.7643
19.162,raw,306,9.2432,0.2493,0.7800
19.162,raw,318,9.7560,0.5669,0.7199
19.162,raw,330,-6.8759,-7.2575,0.8244
19.162,raw,342,-6.6665,-7.5675,0.8168
19.162,raw,355,-6.4411,-7.9158,0.8062
19.162,raw,367,-6.1951,-8.2020,0.8000
19.162,raw,379,-6.0042,-8.5722,0.7834
19.162,raw,391,-5.7326,-8.8463,0.7771
19.162,raw,404,-5.4513,-9.1750,0.7658
19.162,raw,416,-4.3145,-7.9783,0.9150
19.162,raw,428,-4.0207,-8.1279,0.9161
19.162,raw,440,-4.6236,-10.1083,0.7274
19.162,raw,453,-4.3216,-10.4948,0.7068
19.162,raw,465,-4.0254,-10.8488,0.6873
19.162,raw,477,-3.6902,-11.1397,0.6733
19.162,raw,489,-3.4216,-11.6707,0.6349
19.162,raw,502,-3.1078,-12.2862,0.5888
19.162,raw,514,-2.7810,-12.8434,0.5467
19.162,raw,526,-2.4212,-13.3988,0.5040
19.162,raw,538,9.6075,-0.4636,0.9511
19.162,raw,551,9.3645,-0.1096,0.9756
19.162,raw,563,9.1794,0.1996,0.9936
19.162,raw,575,9.6496,0.5110,0.9498
19.162,raw,587,-8.0532,-7.3370,1.0104
19.162,raw,600,-7.8519,-7.7368,1.0018
19.162,raw,612,-7.6170,-8.0677,0.9971
19.162,raw,624,-7.4005,-8.4267,0.9892
19.162,raw,636,-7.1455,-8.7529,0.9838
19.162,raw,649,-6.8469,-9.0885,0.9787
19.162,raw,661,-6.6283,-9.4861,0.9659
19.162,raw,673,-6.3762,-9.8577,0.9548
19.162,raw,685,-6.0616,-10.1512,0.9497
19.162,raw,698,-4.2623,-7.9427,1.1443
19.162,raw,710,-3.9919,-8.1322,1.1418
19.162,raw,722,-5.1867,-11.3433,0.9069
19.162,raw,734,-4.8272,-11.6334,0.8992
19.162,raw,747,-4.4897,-12.1026,0.8784
19.162,raw,759,-4.1459,-12.5070,0.8607
19.162,raw,771,-3.8851,-13.2283,0.8194
19.162,raw,783,-3.5516,-13.8469,0.7852
19.162,raw,796,-3.1752,-14.6207,0.7402
19.162,raw,808,-2.8284,-15.5536,0.6827
19.162,raw,820,-2.4047,-16.3821,0.6320
19.162,raw,832,-1.9423,-17.3065,0.5738
19.162,raw,845,9.7800,-0.7210,1.1537
19.162,raw,857,9.5593,-0.3807,1.1710
19.162,raw,869,9.3531,-0.0579,1.1865
19.162,raw,881,9.2261,0.2494,1.1957
19.162,raw,894,9.7513,0.5934,1.1591
19.162,raw,906,-10.7848,-4.8850,1.2361
19.162,raw,918,-10.5546,-5.2475,1.2383
19.162,raw,930,-10.4219,-5.6599,1.2350
19.162,raw,942,-10.2004,-6.0263,1.2355
19.162,raw,955,-9.9662,-6.4266,1.2350
19.162,raw,967,-9.8257,-6.8502,1.2296
19.162,raw,979,-9.5906,-7.2141,1.2286
19.162,raw,991,-9.3758,-7.5968,1.2256
19.162,raw,1004,-9.1399,-8.0161,1.2217
19.162,raw,1016,-8.8826,-8.3750,1.2195
19.162,raw,1028,-8.6363,-8.7504,1.2157
19.162,raw,1040,-8.3791,-9.1232,1.2117
19.162,raw,1053,-8.0993,-9.5369,1.2063
19.162,raw,1065,-7.8179,-9.9039,1.2018
19.162,raw,1077,-7.5802,-10.3410,1.1928
19.162,raw,1089,-7.2520,-10.6739,1.1894
19.162,raw,1102,-6.9637,-11.1503,1.1788
19.162,raw,1114,-6.6732,-11.5805,1.1692
19.162,raw,1126,-4.1273,-7.9808,1.3690
19.162,raw,1138,-6.0451,-12.4508,1.1484
19.162,raw,1151,-5.6568,-12.8842,1.1384
19.162,raw,1163,-5.2883,-13.2993,1.1280
19.162,raw,1175,-4.9638,-13.8753,1.1092
19.162,raw,1187,-4.6599,-14.6003,1.0829
19.162,raw,1200,-4.3129,-15.4845,1.0495
19.162,raw,1212,-4.0175,-16.5871,1.0048
19.162,raw,1224,-3.8386,-18.5035,0.9221
19.162,raw,1236,-4.0026,-22.8601,0.7265
19.162,raw,1249,-3.3167,-24.1893,0.6723
19.162,raw,1261,-2.5078,-24.6215,0.6578
19.162,raw,1273,-1.6744,-25.0362,0.6428
19.162,raw,1285,-0.8115,-25.3330,0.6320
19.162,raw,1298,0.1421,-25.7439,0.6147
19.162,raw,1310,1.0487,-26.1236,0.5972
19.162,raw,1322,1.9843,-26.5290,0.5771
19.162,raw,1334,2.9527,-26.9463,0.5549
19.162,raw,1347,9.6520,-0.5205,1.3804
19.162,raw,1359,9.4423,-0.1907,1.3910
19.162,raw,1371,9.2234,0.1236,1.4015
19.162,raw,1383,9.5228,0.4299,1.3879
19.162,raw,1396,10.0872,0.7980,1.3617
19.162,raw,1408,24.7534,11.1407,0.5895
19.162,raw,1420,-19.5626,18.9533,0.5540
19.162,raw,1432,-18.9479,17.1685,0.6292
19.162,raw,1445,-18.2980,15.4113,0.7032
19.162,raw,1457,-17.8150,14.0103,0.7597
19.162,raw,1469,-17.3896,12.7526,0.8090
19.162,raw,1481,-11.0053,7.7252,1.1778
19.162,raw,1494,-16.3951,10.3407,0.9066
19.162,raw,1506,-15.8968,9.2943,0.9499
19.162,raw,1518,-15.8467,8.5473,0.9678
19.162,raw,1530,-16.7885,0.1424,1.4191
19.162,raw,1543,-16.3554,-0.4830,1.4283
19.162,raw,1555,-15.9747,-1.0349,1.4359
19.162,raw,1567,-8.1705,-0.7039,1.6081
19.162,raw,1579,-8.0796,-0.9935,1.6092
19.162,raw,1592,-15.0050,-2.6337,1.4524
19.162,raw,1604,-14.7370,-3.1301,1.4560
19.162,raw,1616,-14.4526,-3.6113,1.4596
19.162,raw,1628,-14.1890,-4.0877,1.4623
19.162,raw,1641,-13.4967,-4.4559,1.4744
19.162,raw,1653,-13.2260,-4.8974,1.4768
19.162,raw,1665,-12.9839,-5.3436,1.4781
19.162,raw,1677,-12.7394,-5.7849,1.4791
19.162,raw,1690,-12.4829,-6.2639,1.4796
19.162,raw,1702,-11.9065,-6.5182,1.4882
19.162,raw,1714,-11.6906,-6.9567,1.4875
19.162,raw,1726,-11.4636,-7.3913,1.4867
19.162,raw,1739,-11.0619,-7.7576,1.4896
19.162,raw,1751,-10.9022,-8.2443,1.4861
19.162,raw,1763,-10.7350,-8.7396,1.4823
19.162,raw,1775,-10.3686,-9.0789,1.4837
19.162,raw,1788,-10.1963,-9.6503,1.4781
19.162,raw,1800,-9.8938,-10.0591,1.4767
19.162,raw,1812,-9.5325,-10.4125,1.4766
19.162,raw,1824,-9.3411,-10.9621,1.4704
19.162,raw,1837,-8.9501,-11.3659,1.4692
19.162,raw,1849,-8.7633,-11.9775,1.4611
19.162,raw,1861,-8.3759,-12.3478,1.4595
19.162,raw,1873,-8.0018,-12.7489,1.4567
19.162,raw,1885,-7.6116,-13.1408,1.4540
19.162,raw,1898,-4.3614,-8.4616,1.5793
19.162,raw,1910,-6.9604,-14.3455,1.4377
19.162,raw,1922,-6.5355,-14.7746,1.4332
19.162,raw,1934,-6.1111,-15.2422,1.4276
19.162,raw,1947,-7.7346,-21.2875,1.2904
19.162,raw,1959,-7.2831,-22.4304,1.2701
19.162,raw,1971,-6.7877,-23.6508,1.2478
19.162,raw,1983,-6.2536,-25.0006,1.2224
19.162,raw,1996,-5.5380,-26.2692,1.1989
19.162,raw,2008,-4.6576,-26.6673,1.1943
19.162,raw,2020,-3.7607,-27.0608,1.1891
19.162,raw,2032,-2.8589,-27.5599,1.1809
19.162,raw,2045,-1.8543,-28.1339,1.1705
19.162,raw,2057,-0.8961,-28.6964,1.1595
19.162,raw,2069,0.0985,-29.2083,1.1488
19.162,raw,2081,1.1219,-29.4645,1.1431
19.162,raw,2094,2.2623,-29.9097,1.1322
19.162,raw,2106,3.3567,-30.4018,1.1196
19.162,raw,2118,4.4992,-30.9478,1.1048
19.162,raw,2130,5.6995,-31.5534,1.0877
19.162,raw,2143,7.1498,-32.6379,1.0584
19.162,raw,2155,9.7597,-0.6918,1.5938
19.162,raw,2167,9.5413,-0.3531,1.5993
19.162,raw,2179,9.3193,-0.0311,1.6046
19.162,raw,2192,9.3073,0.2997,1.6050
19.162,raw,2204,9.7899,0.6215,1.5942
19.162,raw,2216,24.7828,11.1538,1.2124
19.162,raw,2228,-28.4963,20.7474,1.0175
19.162,raw,2241,-27.6070,18.5871,1.0605
19.162,raw,2253,-26.8449,16.7777,1.0960
19.162,raw,2265,-29.7102,16.3279,1.0459
19.162,raw,2277,-25.9927,13.2035,1.1503
19.162,raw,2290,-24.3043,11.2540,1.2022
19.162,raw,2302,-22.9583,9.7067,1.2428
19.162,raw,2314,-25.3757,9.6561,1.1934
19.162,raw,2326,-23.9514,8.1989,1.2336
19.162,raw,2339,-22.6693,6.8399,1.2693
19.162,raw,2351,-21.5688,5.7153,1.2992
19.162,raw,2363,-20.6416,4.7213,1.3240
19.162,raw,2375,-19.7621,3.8135,1.3468
19.162,raw,2388,-18.8760,2.9192,1.3692
19.162,raw,2400,-18.2254,2.1771,1.3854
19.162,raw,2412,-17.7794,1.4983,1.3964
19.162,raw,2424,-17.3222,0.8530,1.4072
19.162,raw,2437,-18.4982,-0.5823,1.8257
19.162,raw,2449,-31.5911,-3.7903,1.8438
19.162,raw,2461,-15.6109,-2.3196,1.8221
19.162,raw,2473,-33.4025,-6.4207,1.8468
19.162,raw,2486,-32.5338,-7.5404,1.8460
19.162,raw,2498,-31.7427,-8.5364,1.8453
19.162,raw,2510,-30.9795,-9.5051,1.8446
19.162,raw,2522,-30.2135,-10.4406,1.8440
19.162,raw,2535,-16.7684,-6.4685,1.8251
19.162,raw,2547,-28.7396,-12.3459,1.8431
19.162,raw,2559,-28.0347,-13.2263,1.8427
19.162,raw,2571,-27.3522,-14.0982,1.8424
19.162,raw,2584,-25.7878,-14.5577,1.8409
19.162,raw,2596,-25.9253,-15.8617,1.8419
19.162,raw,2608,-25.2689,-16.7072,1.8418
19.162,raw,2620,-24.6111,-17.5448,1.8417
19.162,raw,2633,-23.9036,-18.4513,1.8417
19.162,raw,2645,-23.2433,-19.2813,1.8417
19.162,raw,2657,-22.5934,-20.1223,1.8417
19.162,raw,2669,-21.8551,-20.8861,1.8417
19.162,raw,2682,-21.0291,-21.6858,1.8417
19.162,raw,2694,-20.2727,-22.4301,1.8417
19.162,raw,2706,-19.5393,-23.2054,1.8418
19.162,raw,2718,-18.8104,-23.9992,1.8420
19.162,raw,2731,-18.0246,-24.8869,1.8423
19.162,raw,2743,-17.2860,-25.7160,1.8427
19.162,raw,2755,-16.5168,-26.5316,1.8430
19.162,raw,2767,-15.7439,-27.3786,1.8435
19.162,raw,2779,-14.9466,-28.2299,1.8439
19.162,raw,2792,-14.0673,-29.1856,1.8445
19.162,raw,2804,-13.1485,-29.9056,1.8449
19.162,raw,2816,-12.2163,-30.6437,1.8453
19.162,raw,2828,-11.2624,-31.3885,1.8458
19.162,raw,2841,-10.1992,-32.1964,1.8463
19.162,raw,2853,-9.1966,-32.9725,1.8469
19.162,raw,2865,-4.3738,-34.3117,1.8473
19.162,raw,2877,-2.9286,-32.0863,1.8441
19.162,raw,2890,-1.7541,-32.7493,1.8449
19.162,raw,2902,-0.6294,-33.3015,1.8455
19.162,raw,2914,0.5310,-33.9334,1.8464
19.162,raw,2926,9.8114,-0.7788,1.8127
19.162,raw,2939,9.5513,-0.4064,1.8123
19.162,raw,2951,9.3768,-0.0845,1.8121
19.162,raw,2963,9.1867,0.2245,1.8118
19.162,raw,2975,9.6828,0.5382,1.8125
19.162,raw,2988,-16.8106,0.6886,2.2283
19.162,raw,3000,-31.9945,-4.3167,2.6125
19.162,raw,3012,-16.6233,-4.1798,2.2378
19.162,raw,3024,-16.3328,-5.0463,2.2369
19.162,raw,3037,-14.6663,-5.7442,2.2038
19.162,raw,3049,-14.7281,-6.4898,2.2124
19.162,raw,3061,-14.3153,-6.9270,2.2078
19.162,raw,3073,-14.1618,-7.4881,2.2107
19.162,raw,3086,-13.9720,-8.0939,2.2139
19.162,raw,3098,-19.5843,-24.6784,2.5937
19.162,raw,3110,9.6218,-0.4913,2.0276
19.162,raw,3122,9.4117,-0.1633,2.0219
19.162,raw,3135,9.1646,0.1747,2.0155
19.162,raw,3147,9.5818,0.4832,2.0258
19.162,raw,3159,10.1060,0.8268,2.0391
19.162,raw,3171,-31.9208,-4.0217,3.3760
19.162,raw,3184,-26.0852,-13.9302,3.2530
19.162,raw,3196,-11.2972,-8.5410,2.5098
19.162,raw,3208,9.7634,-0.7192,2.2509
19.162,raw,3220,9.5509,-0.3801,2.2392
19.162,raw,3233,9.3152,-0.0309,2.2269
19.162,raw,3245,9.2660,0.2744,2.2242
19.162,raw,3257,9.7303,0.5928,2.2469
19.162,raw,3269,-19.5795,-0.1131,3.2385
19.162,raw,3282,-16.6469,-9.0006,3.1973
19.162,raw,3294,-16.7598,0.6875,3.4427
19.162,raw,3306,-16.5786,0.0953,3.4252
19.162,raw,3318,-19.4546,-0.6266,3.7012
19.162,raw,3331,-19.2403,-1.3564,3.6853
19.162,raw,3343,-19.0361,-2.0190,3.6723
19.162,raw,3355,-16.7880,-2.3585,3.4644
19.162,raw,3367,-18.4291,-3.2821,3.6334
19.162,raw,3380,-18.1969,-3.9662,3.6251
19.162,raw,3392,-17.9939,-4.5955,3.6207
19.162,raw,3404,-17.8083,-5.2275,3.6201
19.162,raw,3416,-17.5940,-5.8502,3.6188
19.162,raw,3429,-17.4315,-6.6694,3.6310
19.162,raw,3441,-17.2162,-7.2979,3.6347
19.162,raw,3453,-17.0183,-7.9384,3.6425
19.162,raw,3465,-16.8207,-8.5864,3.6529
19.162,raw,3478,-13.8670,-8.1435,3.3858
19.162,raw,3490,-16.9133,0.4411,3.8688
19.162,raw,3502,-16.7330,-0.1539,3.8480
19.162,raw,3514,-16.4244,-0.7297,3.8143
19.162,raw,3527,-16.1257,-1.3357,3.7845
19.162,raw,3539,-15.9394,-1.8910,3.7701
19.162,raw,3551,-15.5205,-2.5413,3.7327
19.162,raw,3563,-15.3519,-3.0780,3.7253
19.162,raw,3576,-15.1744,-3.6565,3.7203
19.162,raw,3588,-15.0096,-4.1881,3.7179
19.162,raw,3600,-14.8519,-4.7213,3.7187
19.162,raw,3612,-14.6994,-5.4063,3.7286
19.162,raw,3625,-14.5082,-5.9827,3.7328
19.162,raw,3637,-14.3476,-6.5253,3.7413
19.162,raw,3649,-14.1792,-7.0703,3.7514
19.162,raw,3661,-14.0000,-7.6168,3.7627
20.210,raw,0,-5.8320,-6.1166,0.5367
20.210,raw,11,-5.6564,-6.3461,0.5308
20.210,raw,22,-5.4941,-6.5950,0.5204
20.210,raw,34,-5.2817,-6.8327,0.5143
20.210,raw,45,9.7683,-0.6041,0.5039
20.210,raw,56,9.5637,-0.2986,0.5357
20.210,raw,68,9.3548,0.0183,0.5669
20.210,raw,79,9.2781,0.2963,0.5781
20.210,raw,90,9.6927,0.5874,0.5192
20.210,raw,102,-6.2619,-6.8654,0.6543
20.210,raw,113,-6.0904,-7.1406,0.6444
20.210,raw,124,-5.9104,-7.4145,0.6341
20.210,raw,136,-5.7090,-7.7180,0.6215
20.210,raw,147,-5.5187,-8.0001,0.6088
20.210,raw,159,-5.2826,-8.2807,0.5981
20.210,raw,170,-5.0584,-8.5368,0.5876
20.210,raw,181,-4.4224,-8.1127,0.6684
20.210,raw,193,-4.0313,-8.0978,0.6925
20.210,raw,204,-4.3767,-9.4410,0.5356
20.210,raw,215,-4.1174,-9.6976,0.5221
20.210,raw,227,-3.8346,-10.0001,0.5034
20.210,raw,238,9.6640,-0.4362,0.7379
20.210,raw,249,9.4621,-0.1383,0.7634
20.210,raw,261,9.2494,0.1712,0.7891
20.210,raw,272,9.4710,0.4510,0.7631
20.210,raw,284,9.9897,0.7886,0.7013
20.210,raw,295,-6.9853,-7.4417,0.8026
20.210,raw,306,-6.7998,-7.7430,0.7942
20.210,raw,318,-6.6116,-8.0990,0.7812
20.210,raw,329,-6.3887,-8.3768,0.7746
20.210,raw,340,-6.2060,-8.7160,0.7602
20.210,raw,352,-5.9345,-9.0034,0.7535
20.210,raw,363,-5.7060,-9.3069,0.7421
20.210,raw,374,-5.4712,-9.6154,0.7296
20.210,raw,386,-4.1256,-8.0421,0.9183
20.210,raw,397,-3.8954,-8.2516,0.9114
20.210,raw,408,-4.6837,-10.5781,0.6862
20.210,raw,420,-4.3595,-10.8710,0.6741
20.210,raw,431,-4.0789,-11.2024,0.6560
20.210,raw,443,-3.7676,-11.5922,0.6327
20.210,raw,454,-3.4902,-12.0241,0.6033
20.210,raw,465,-3.2398,-12.6194,0.5576
20.210,raw,477,-2.9037,-13.1697,0.5168
20.210,raw,488,9.7298,-0.5474,0.9473
20.210,raw,499,9.5150,-0.2439,0.9691
20.210,raw,511,9.3152,0.0698,0.9887
20.210,raw,522,9.3310,0.3470,0.9874
20.210,raw,533,9.7585,0.6428,0.9471
20.210,raw,545,-8.2675,-7.4975,0.9896
20.210,raw,556,-8.0896,-7.8394,0.9829
20.210,raw,568,-7.8361,-8.1634,0.9799
20.210,raw,579,-7.6481,-8.5123,0.9716
20.210,raw,590,-7.4287,-8.8375,0.9651
20.210,raw,602,-7.1685,-9.1783,0.9588
20.210,raw,613,-6.9391,-9.5123,0.9506
20.210,raw,624,-6.6871,-9.8285,0.9434
20.210,raw,636,-6.4202,-10.1996,0.9329
20.210,raw,647,-6.1728,-10.5537,0.9216
20.210,raw,658,-4.2442,-8.0283,1.1395
20.210,raw,670,-3.9311,-8.1427,1.1431
20.210,raw,681,-5.3170,-11.6251,0.8856
20.210,raw,692,-5.0099,-11.9612,0.8738
20.210,raw,704,-4.6968,-12.4145,0.8537
20.210,raw,715,-4.3583,-12.7449,0.8411
20.210,raw,727,-4.0893,-13.4437,0.8020
20.210,raw,738,-3.8018,-14.0696,0.7669
20.210,raw,749,-3.4825,-14.7025,0.7310
20.210,raw,761,-3.1429,-15.5981,0.6768
20.210,raw,772,-2.7770,-16.3913,0.6286
20.210,raw,783,-2.3741,-17.2339,0.5764
20.210,raw,795,9.7789,-0.6586,1.1603
20.210,raw,806,9.5840,-0.3519,1.1755
20.210,raw,817,9.3927,-0.0589,1.1897
20.210,raw,829,9.1869,0.2462,1.2042
20.210,raw,840,9.5767,0.5313,1.1770
20.210,raw,852,10.1365,0.8799,1.1373
20.210,raw,863,-10.8406,-5.0200,1.2285
20.210,raw,874,-10.7254,-5.4063,1.2256
20.210,raw,886,-10.5047,-5.7816,1.2266
20.210,raw,897,-10.3861,-6.1738,1.2225
20.210,raw,908,-10.1813,-6.5189,1.2223
20.210,raw,920,-10.0494,-6.9585,1.2164
20.210,raw,931,-9.8491,-7.3141,1.2145
20.210,raw,942,-9.6322,-7.6605,1.2129
20.210,raw,954,-9.3964,-8.0431,1.2104
20.210,raw,965,-9.1650,-8.3853,1.2082
20.210,raw,976,-8.9662,-8.7632,1.2032
20.210,raw,988,-8.7199,-9.1574,1.1987
20.210,raw,999,-8.4971,-9.5316,1.1934
20.210,raw,1011,-8.2463,-9.9445,1.1869
20.210,raw,1022,-7.9481,-10.2529,1.1849
20.210,raw,1033,-7.7203,-10.6595,1.1767
20.210,raw,1045,-7.4544,-11.1018,1.1676
20.210,raw,1056,-7.1489,-11.4365,1.1628
20.210,raw,1067,-6.8995,-11.8759,1.1521
20.210,raw,1079,-4.1345,-8.0023,1.3679
20.210,raw,1090,-3.8847,-8.1720,1.3666
20.210,raw,1101,-5.9651,-13.1294,1.1225
20.210,raw,1113,-5.5893,-13.5472,1.1125
20.210,raw,1124,-5.2966,-14.0940,1.0948
20.210,raw,1136,-4.9537,-14.7090,1.0744
20.210,raw,1147,-4.6688,-15.4491,1.0469
20.210,raw,1158,-4.3536,-16.2234,1.0176
20.210,raw,1170,-4.3444,-18.5379,0.9162
20.210,raw,1181,-4.6880,-22.8204,0.7231
20.210,raw,1192,-4.1567,-24.0082,0.6752
20.210,raw,1204,-3.4297,-24.8647,0.6425
20.210,raw,1215,-2.6682,-25.2509,0.6300
20.210,raw,1226,-1.8928,-25.6833,0.6143
20.210,raw,1238,-1.0202,-26.1404,0.5966
20.210,raw,1249,-0.1910,-26.3875,0.5870
20.210,raw,1260,0.6527,-26.7211,0.5723
20.210,raw,1272,1.6008,-27.1738,0.5508
20.210,raw,1283,2.4984,-27.5723,0.5305
20.210,raw,1295,3.5112,-28.0097,0.5066
20.210,raw,1306,9.6920,-0.5176,1.3826
20.210,raw,1317,9.4913,-0.2168,1.3927
20.210,raw,1329,9.2940,0.0954,1.4022
20.210,raw,1340,9.3399,0.3723,1.4001
20.210,raw,1351,9.8031,0.6714,1.3786
20.210,raw,1363,22.9980,10.2470,0.6818
20.210,raw,1374,-19.6081,20.1824,0.5096
20.210,raw,1385,-19.1931,18.5748,0.5739
20.210,raw,1397,-18.6976,16.9171,0.6410
20.210,raw,1408,-17.9649,15.2856,0.7143
20.210,raw,1420,-17.4993,13.9023,0.7698
20.210,raw,1431,-17.1581,12.7844,0.8124
20.210,raw,1442,-16.6703,11.6396,0.8602
20.210,raw,1454,-11.2059,7.4568,1.1723
20.210,raw,1465,-15.9049,9.6332,0.9377
20.210,raw,1476,-15.7136,8.8546,0.9624
20.210,raw,1488,-16.9207,0.4149,1.4143
20.210,raw,1499,-16.6510,-0.1317,1.4202
20.210,raw,1510,-16.3794,-0.6619,1.4258
20.210,raw,1522,-16.0910,-1.2234,1.4312
20.210,raw,1533,-8.1984,-0.8036,1.6054
20.210,raw,1544,-8.0514,-1.0631,1.6079
20.210,raw,1556,-15.3078,-2.7351,1.4438
20.210,raw,1567,-15.1229,-3.2168,1.4457
20.210,raw,1579,-14.8839,-3.7270,1.4482
20.210,raw,1590,-14.6823,-4.1932,1.4497
20.210,raw,1601,-14.0392,-4.5111,1.4612
20.210,raw,1613,-13.8204,-4.9948,1.4623
20.210,raw,1624,-13.6129,-5.4328,1.4631
20.210,raw,1635,-13.4402,-5.8840,1.4628
20.210,raw,1647,-13.2417,-6.3733,1.4623
20.210,raw,1658,-12.6645,-6.6185,1.4712
20.210,raw,1669,-12.5020,-7.0673,1.4697
20.210,raw,1681,-12.2861,-7.5401,1.4685
20.210,raw,1692,-12.0955,-7.9826,1.4669
20.210,raw,1704,-11.5961,-8.2681,1.4725
20.210,raw,1715,-11.4326,-8.7319,1.4694
20.210,raw,1726,-11.2899,-9.2242,1.4653
20.210,raw,1738,-10.9448,-9.6173,1.4656
20.210,raw,1749,-10.7968,-10.1312,1.4605
20.210,raw,1760,-10.4921,-10.5133,1.4596
20.210,raw,1772,-10.1566,-10.9321,1.4583
20.210,raw,1783,-10.0089,-11.5001,1.4513
20.210,raw,1794,-9.6778,-11.8823,1.4497
20.210,raw,1806,-9.5011,-12.5434,1.4409
20.210,raw,1817,-9.1671,-12.9574,1.4381
20.210,raw,1828,-8.8132,-13.3578,1.4354
20.210,raw,1840,-8.4419,-13.8349,1.4311
20.210,raw,1851,-8.2761,-14.5898,1.4189
20.210,raw,1863,-7.8765,-15.0993,1.4135
20.210,raw,1874,-9.0311,-18.5900,1.3335
20.210,raw,1885,-8.6889,-19.4335,1.3201
20.210,raw,1897,-8.3147,-20.4650,1.3027
20.210,raw,1908,-8.0325,-21.6990,1.2798
20.210,raw,1919,-7.6197,-22.7630,1.2610
20.210,raw,1931,-7.1335,-24.0172,1.2382
20.210,raw,1942,-6.6721,-25.3448,1.2130
20.210,raw,1953,-6.1382,-26.6828,1.1875
20.210,raw,1965,-5.3061,-27.3723,1.1768
20.210,raw,1976,-4.4723,-27.7799,1.1715
20.210,raw,1988,-3.5415,-28.2065,1.1655
20.210,raw,1999,-2.6725,-28.6146,1.1590
20.210,raw,2010,-1.7899,-29.0960,1.1503
20.210,raw,2022,-0.8004,-29.6890,1.1386
20.210,raw,2033,0.1395,-30.2492,1.1268
20.210,raw,2044,1.1119,-30.6899,1.1171
20.210,raw,2056,2.1983,-31.0284,1.1087
20.210,raw,2067,3.2173,-31.3282,1.1006
20.210,raw,2078,4.2915,-31.8921,1.0859
20.210,raw,2090,5.5100,-32.4861,1.0693
20.210,raw,2101,6.7247,-33.3045,1.0471
20.210,raw,2112,9.7093,-0.5456,1.5972
20.210,raw,2124,9.4876,-0.2166,1.6026
20.210,raw,2135,9.2943,0.0702,1.6071
20.210,raw,2147,9.3432,0.3724,1.6060
20.210,raw,2158,9.7911,0.6708,1.5960
20.210,raw,2169,24.6824,11.4153,1.2133
20.210,raw,2181,-24.7105,22.5061,1.0570
20.210,raw,2192,-23.9748,20.5176,1.0978
20.210,raw,2203,-24.3047,19.5010,1.1062
20.210,raw,2215,-23.7487,17.7639,1.1389
20.210,raw,2226,-23.2659,16.2970,1.1662
20.210,raw,2237,-22.3913,14.6748,1.2019
20.210,raw,2249,-22.4044,13.6013,1.2139
20.210,raw,2260,-21.7401,12.2886,1.2409
20.210,raw,2272,-21.1643,11.0275,1.2650
20.210,raw,2283,-20.6387,9.9444,1.2857
20.210,raw,2294,-20.1683,8.9480,1.3041
20.210,raw,2306,-21.0555,8.4558,1.2899
20.210,raw,2317,-20.5137,7.4968,1.3083
20.210,raw,2328,-20.1122,6.6356,1.3227
20.210,raw,2340,-19.6228,5.7299,1.3386
20.210,raw,2351,-19.2153,4.9536,1.3516
20.210,raw,2362,-18.8650,4.2262,1.3626
20.210,raw,2374,-18.4896,3.4695,1.3738
20.210,raw,2385,-18.1410,2.8056,1.3836
20.210,raw,2396,-17.7918,2.1694,1.3929
20.210,raw,2408,-17.4942,1.5110,1.4007
20.210,raw,2419,-17.1831,0.9268,1.4083
20.210,raw,2431,-31.7053,-3.8270,1.8441
20.210,raw,2442,-34.1863,-5.2616,1.8477
20.210,raw,2453,-33.4350,-6.2500,1.8469
20.210,raw,2465,-32.6991,-7.3066,1.8462
20.210,raw,2476,-32.0461,-8.2504,1.8456
20.210,raw,2487,-31.3747,-9.1628,1.8451
20.210,raw,2499,-16.0114,-5.2604,1.8237
20.210,raw,2510,-30.0485,-11.0179,1.8442
20.210,raw,2521,-16.0794,-6.4781,1.8243
20.210,raw,2533,-28.7663,-12.8053,1.8435
20.210,raw,2544,-28.1833,-13.6504,1.8433
20.210,raw,2556,-27.5298,-14.5505,1.8430
20.210,raw,2567,-14.3252,-8.2022,1.8232
20.210,raw,2578,-26.3620,-16.1880,1.8427
20.210,raw,2590,-25.7339,-17.0767,1.8427
20.210,raw,2601,-25.1502,-17.8831,1.8426
20.210,raw,2612,-24.5802,-18.6988,1.8426
20.210,raw,2624,-23.9527,-19.5874,1.8427
20.210,raw,2635,-23.3733,-20.4041,1.8428
20.210,raw,2646,-22.7697,-21.2066,1.8429
20.210,raw,2658,-22.1581,-22.1385,1.8432
20.210,raw,2669,-21.5553,-22.9675,1.8434
20.210,raw,2680,-20.9584,-23.8207,1.8437
20.210,raw,2692,-20.3007,-24.7705,1.8441
20.210,raw,2703,-19.6956,-25.6687,1.8446
20.210,raw,2715,-19.0090,-26.6531,1.8451
20.210,raw,2726,-18.3598,-27.5688,1.8456
20.210,raw,2737,-17.7142,-28.5363,1.8462
20.210,raw,2749,-16.9674,-29.5864,1.8469
20.210,raw,2760,-16.2523,-30.5599,1.8476
20.210,raw,2771,9.7014,-0.5184,1.8124
20.210,raw,2783,9.4543,-0.1892,1.8121
20.210,raw,2794,9.2768,0.0957,1.8118
20.210,raw,2805,9.3390,0.3723,1.8119
20.210,raw,2817,9.8353,0.6996,1.8126
20.210,raw,2828,-17.5330,-1.9822,2.2516
20.210,raw,2840,-18.3486,-3.4204,2.2772
20.210,raw,2851,-16.3625,-5.0016,2.2389
20.210,raw,2862,-16.6705,-6.7749,2.2610
20.210,raw,2874,-15.6223,-7.4594,2.2441
20.210,raw,2885,-14.1012,-7.6348,2.2124
20.210,raw,2896,-25.6120,-14.9151,2.5494
20.210,raw,2908,9.8087,-0.7153,2.0306
20.210,raw,2919,9.5995,-0.4052,2.0247
20.210,raw,2930,9.4144,-0.1107,2.0197
20.210,raw,2942,9.2312,0.1963,2.0150
20.210,raw,2953,9.5005,0.4774,2.0217
20.210,raw,2964,9.9387,0.7857,2.0329
20.210,raw,2976,-31.4712,-4.1721,3.3593
20.210,raw,2987,-14.6866,-5.5605,2.5867
20.210,raw,2999,-13.7707,-8.3287,2.6054
20.210,raw,3010,-19.5482,-0.3698,3.2428
20.210,raw,3021,-16.5334,-9.1987,3.2008
20.210,raw,3033,-16.7580,0.5129,3.4504
20.210,raw,3044,-16.5735,-0.0315,3.4328
20.210,raw,3055,-19.4972,-0.7146,3.7135
20.210,raw,3067,-19.2858,-1.3917,3.6976
20.210,raw,3078,-19.0739,-2.0009,3.6832
20.210,raw,3089,-18.8823,-2.6040,3.6726
20.210,raw,3101,-17.2767,-2.9999,3.5277
20.210,raw,3112,-18.2752,-3.8009,3.6359
20.210,raw,3124,-18.0555,-4.4305,3.6292
20.210,raw,3135,-17.8660,-5.0073,3.6260
20.210,raw,3146,-17.6796,-5.5835,3.6249
20.210,raw,3158,-16.7475,-5.9507,3.5520
20.210,raw,3169,-17.3377,-6.9274,3.6376
20.210,raw,3180,-17.1431,-7.5076,3.6419
20.210,raw,3192,-16.9269,-8.1430,3.6485
20.210,raw,3203,-16.7332,-8.7332,3.6571
20.210,raw,3214,-16.1335,-9.1031,3.6236
20.210,raw,3226,-16.9032,0.2642,3.8776
20.210,raw,3237,-16.7659,-0.2837,3.8623
20.210,raw,3248,-16.4924,-0.8155,3.8327
20.210,raw,3260,-16.1766,-1.3765,3.8005
20.210,raw,3271,-15.9723,-1.8860,3.7832
20.210,raw,3283,-15.5313,-2.5861,3.7439
20.210,raw,3294,-15.3710,-3.0801,3.7363
20.210,raw,3305,-15.2199,-3.5727,3.7317
20.210,raw,3317,-15.0333,-4.1018,3.7261
20.210,raw,3328,-14.8852,-4.5915,3.7257
20.210,raw,3339,-14.7228,-5.0767,3.7255
20.210,raw,3351,-14.5573,-5.7614,3.7356
20.210,raw,3362,-14.3946,-6.2513,3.7401
20.210,raw,3373,-14.2530,-6.7545,3.7495
20.210,raw,3385,-14.0572,-7.2891,3.7568
20.210,raw,3396,-13.9090,-7.8016,3.7701
21.264,raw,0,-5.9498,-5.8029,0.5519
21.264,raw,11,-5.7751,-6.0264,0.5478
21.264,raw,23,-5.6238,-6.3157,0.5335
21.264,raw,35,-5.4698,-6.6130,0.5171
21.264,raw,47,-5.2861,-6.8874,0.5044
21.264,raw,58,9.6079,-0.5287,0.5286
21.264,raw,70,9.4045,-0.2042,0.5603
21.264,raw,82,9.2127,0.1049,0.5887
21.264,raw,94,9.3045,0.4045,0.5760
21.264,raw,105,9.7528,0.7018,0.5119
21.264,raw,117,-6.3863,-6.5547,0.6669
21.264,raw,129,-6.2014,-6.8482,0.6576
21.264,raw,141,-6.0542,-7.1928,0.6397
21.264,raw,152,-5.8458,-7.4357,0.6340
21.264,raw,164,-5.6575,-7.7573,0.6186
21.264,raw,176,-5.4752,-8.1037,0.5990
21.264,raw,188,-5.2490,-8.4060,0.5852
21.264,raw,199,-5.0410,-8.6966,0.5699
21.264,raw,211,-4.2209,-8.0069,0.6878
21.264,raw,223,-4.0591,-8.4047,0.6565
21.264,raw,235,-4.2890,-9.6460,0.5158
21.264,raw,246,9.6825,-0.6411,0.7348
21.264,raw,258,9.4895,-0.3118,0.7604
21.264,raw,270,9.2712,0.0036,0.7875
21.264,raw,282,9.1446,0.3035,0.8027
21.264,raw,293,9.5548,0.5891,0.7544
21.264,raw,305,-7.2117,-6.8967,0.8204
21.264,raw,317,-7.0230,-7.2232,0.8122
21.264,raw,329,-6.8456,-7.5711,0.8007
21.264,raw,340,-6.6899,-7.9099,0.7872
21.264,raw,352,-6.4595,-8.2233,0.7791
21.264,raw,364,-6.2921,-8.6291,0.7594
21.264,raw,376,-6.0357,-8.9368,0.7507
21.264,raw,387,-5.8185,-9.2563,0.7378
21.264,raw,399,-5.5678,-9.6025,0.7235
21.264,raw,411,-4.1759,-7.9837,0.9182
21.264,raw,423,-5.0518,-10.3408,0.6879
21.264,raw,434,-4.7632,-10.6150,0.6774
21.264,raw,446,-4.4793,-11.0043,0.6559
21.264,raw,458,-4.1917,-11.4283,0.6303
21.264,raw,470,-3.8606,-11.7907,0.6100
21.264,raw,482,-3.6048,-12.4323,0.5617
21.264,raw,493,-3.3298,-12.9964,0.5194
21.264,raw,505,9.5986,-0.5017,0.9607
21.264,raw,517,9.3843,-0.1777,0.9825
21.264,raw,529,9.1938,0.1300,1.0011
21.264,raw,540,9.2919,0.4043,0.9921
21.264,raw,552,9.8014,0.7307,0.9439
21.264,raw,564,-8.2782,-7.1143,1.0046
21.264,raw,576,-8.0986,-7.4870,0.9971
21.264,raw,587,-7.9650,-7.8679,0.9861
21.264,raw,599,-7.7275,-8.2068,0.9813
21.264,raw,611,-7.4939,-8.5578,0.9747
21.264,raw,623,-7.3030,-8.9697,0.9621
21.264,raw,634,-7.1080,-9.3407,0.9509
21.264,raw,646,-6.8593,-9.7173,0.9408
21.264,raw,658,-6.5395,-10.0097,0.9373
21.264,raw,670,-6.3028,-10.4393,0.9216
21.264,raw,681,-4.3684,-7.9857,1.1359
21.264,raw,693,-4.0482,-8.0923,1.1405
21.264,raw,705,-5.4732,-11.6294,0.8787
21.264,raw,717,-5.2015,-12.1369,0.8554
21.264,raw,728,-4.8828,-12.4924,0.8420
21.264,raw,740,-4.5685,-13.0071,0.8172
21.264,raw,752,-4.2827,-13.6807,0.7804
21.264,raw,764,-3.9635,-14.3728,0.7419
21.264,raw,775,-3.6568,-15.0856,0.7006
21.264,raw,787,-3.3440,-16.1432,0.6352
21.264,raw,799,-2.9384,-17.0751,0.5784
21.264,raw,811,9.6523,-0.5853,1.1702
21.264,raw,822,9.4339,-0.2825,1.1868
21.264,raw,834,9.2174,0.0301,1.2027
21.264,raw,846,9.1752,0.3283,1.2059
21.264,raw,858,9.6516,0.6448,1.1725
21.264,raw,869,-10.8005,-4.2247,1.2436
21.264,raw,881,-10.6283,-4.6095,1.2441
21.264,raw,893,-10.5093,-5.0195,1.2412
21.264,raw,905,-10.3374,-5.4073,1.2404
21.264,raw,917,-10.2492,-5.8446,1.2344
21.264,raw,928,-10.0650,-6.1924,1.2336
21.264,raw,940,-9.8922,-6.5923,1.2305
21.264,raw,952,-9.6929,-6.9799,1.2281
21.264,raw,964,-9.5181,-7.3914,1.2234
21.264,raw,975,-9.4025,-7.8132,1.2157
21.264,raw,987,-9.1720,-8.1995,1.2124
21.264,raw,999,-8.9537,-8.6047,1.2074
21.264,raw,1011,-8.7209,-9.0068,1.2024
21.264,raw,1022,-8.4528,-9.3277,1.2004
21.264,raw,1034,-8.2172,-9.7482,1.1934
21.264,raw,1046,-7.9977,-10.2059,1.1839
21.264,raw,1058,-7.7625,-10.6676,1.1741
21.264,raw,1069,-7.4832,-11.0248,1.1685
21.264,raw,1081,-7.2319,-11.5122,1.1567
21.264,raw,1093,-6.9173,-11.9315,1.1483
21.264,raw,1105,-4.1103,-7.9791,1.3682
21.264,raw,1116,-6.3389,-12.8642,1.1244
21.264,raw,1128,-5.9948,-13.3289,1.1125
21.264,raw,1140,-5.6987,-13.9489,1.0926
21.264,raw,1152,-5.3256,-14.4593,1.0777
21.264,raw,1163,-5.0699,-15.2240,1.0493
21.264,raw,1175,-4.7769,-16.1622,1.0133
21.264,raw,1187,-5.7992,-21.8783,0.7509
21.264,raw,1199,-5.3186,-23.2313,0.6971
21.264,raw,1210,-4.8139,-24.5175,0.6453
21.264,raw,1222,-4.0550,-25.2363,0.6199
21.264,raw,1234,-3.2296,-25.7721,0.6019
21.264,raw,1246,-2.3729,-26.2837,0.5838
21.264,raw,1257,-1.5665,-26.8033,0.5637
21.264,raw,1269,-0.6522,-27.3295,0.5423
21.264,raw,1281,0.2976,-27.6508,0.5289
21.264,raw,1293,1.2729,-28.1298,0.5067
21.264,raw,1304,9.5914,-0.5011,1.3877
21.264,raw,1316,9.3775,-0.1773,1.3984
21.264,raw,1328,9.1838,0.1302,1.4077
21.264,raw,1340,9.3246,0.4299,1.4013
21.264,raw,1352,9.8135,0.7579,1.3785
21.264,raw,1363,25.4655,11.8283,0.5507
21.264,raw,1375,-17.5895,20.4850,0.5635
21.264,raw,1387,-17.1752,18.7038,0.6357
21.264,raw,1399,-16.8093,17.1204,0.6985
21.264,raw,1410,-16.5925,15.8888,0.7441
21.264,raw,1422,-16.3065,14.5967,0.7927
21.264,raw,1434,-15.7457,13.1798,0.8533
21.264,raw,1446,-15.4937,12.1034,0.8922
21.264,raw,1457,-15.0961,11.0638,0.9344
21.264,raw,1469,-11.1254,7.7477,1.1684
21.264,raw,1481,-14.4951,9.1851,1.0035
21.264,raw,1493,-14.6001,1.1420,1.4648
21.264,raw,1504,-14.4464,0.6577,1.4686
21.264,raw,1516,-14.2344,0.1417,1.4734
21.264,raw,1528,-14.0752,-0.3623,1.4766
21.264,raw,1540,-13.9070,-0.8561,1.4796
21.264,raw,1551,-8.2429,-0.6944,1.6044
21.264,raw,1563,-8.1394,-0.9882,1.6059
21.264,raw,1575,-13.4086,-2.2478,1.4866
21.264,raw,1587,-13.2553,-2.7157,1.4879
21.264,raw,1598,-13.0996,-3.1376,1.4892
21.264,raw,1610,-12.7495,-3.5425,1.4943
21.264,raw,1622,-12.6006,-3.9965,1.4945
21.264,raw,1634,-12.4365,-4.4448,1.4947
21.264,raw,1645,-12.2924,-4.8581,1.4945
21.264,raw,1657,-12.1565,-5.3199,1.4933
21.264,raw,1669,-11.8162,-5.6881,1.4967
21.264,raw,1681,-11.6932,-6.1588,1.4945
21.264,raw,1692,-11.5401,-6.5751,1.4930
21.264,raw,1704,-11.3923,-7.0471,1.4905
21.264,raw,1716,-11.1185,-7.4457,1.4909
21.264,raw,1728,-11.0132,-7.9636,1.4864
21.264,raw,1739,-10.7451,-8.3241,1.4864
21.264,raw,1751,-10.6729,-8.8977,1.4798
21.264,raw,1763,-10.5533,-9.4578,1.4739
21.264,raw,1775,-10.2537,-9.8757,1.4726
21.264,raw,1787,-10.1772,-10.5241,1.4638
21.264,raw,1798,-9.9107,-10.9443,1.4612
21.264,raw,1810,-9.6175,-11.4138,1.4579
21.264,raw,1822,-9.5091,-12.1282,1.4473
21.264,raw,1834,-9.2087,-12.6445,1.4425
21.264,raw,1845,-8.9239,-13.1286,1.4376
21.264,raw,1857,-8.8243,-14.0081,1.4228
21.264,raw,1869,-8.4803,-14.5764,1.4162
21.264,raw,1881,-9.5800,-17.7532,1.3435
21.264,raw,1892,-9.2969,-18.6242,1.3295
21.264,raw,1904,-8.9628,-19.6287,1.3130
21.264,raw,1916,-8.7210,-20.9758,1.2882
21.264,raw,1928,-8.3354,-22.1729,1.2671
21.264,raw,1939,-7.9404,-23.3284,1.2463
21.264,raw,1951,-7.4877,-24.7457,1.2199
21.264,raw,1963,-6.9938,-26.3234,1.1898
21.264,raw,1975,-6.3595,-27.7305,1.1633
21.264,raw,1986,-5.5364,-28.2422,1.1564
21.264,raw,1998,-4.6097,-28.7740,1.1488
21.264,raw,2010,-3.6577,-29.3052,1.1406
21.264,raw,2022,-2.6827,-29.8746,1.1308
21.264,raw,2033,-1.7629,-30.4229,1.1206
21.264,raw,2045,-0.7260,-31.0441,1.1083
21.264,raw,2057,0.3496,-31.8349,1.0914
21.264,raw,2069,1.4760,-32.5077,1.0763
21.264,raw,2080,2.5395,-32.9270,1.0660
21.264,raw,2092,3.7342,-33.3806,1.0540
21.264,raw,2104,4.9846,-33.9621,1.0382
21.264,raw,2116,9.6005,-0.5281,1.5999
21.264,raw,2127,9.4130,-0.2302,1.6045
21.264,raw,2139,9.2070,0.0801,1.6093
21.264,raw,2151,9.2312,0.3785,1.6088
21.264,raw,2163,9.7444,0.7014,1.5972
21.264,raw,2174,-23.0342,25.6513,1.0352
21.264,raw,2186,-22.4962,23.4183,1.0790
21.264,raw,2198,-21.5071,20.9483,1.1326
21.264,raw,2210,-20.6058,18.7757,1.1795
21.264,raw,2222,-20.0466,17.0694,1.2132
21.264,raw,2233,-19.2883,15.4330,1.2487
21.264,raw,2245,-18.6101,13.8948,1.2809
21.264,raw,2257,-11.1987,8.0349,1.4890
21.264,raw,2269,-11.3124,7.5348,1.4928
21.264,raw,2280,-17.6037,10.6053,1.3387
21.264,raw,2292,-17.2713,9.6175,1.3556
21.264,raw,2304,-16.9537,8.6945,1.3710
21.264,raw,2316,-16.9960,7.9810,1.3768
21.264,raw,2327,-16.7414,7.2254,1.3884
21.264,raw,2339,-16.4294,6.4284,1.4011
21.264,raw,2351,-16.2175,5.7047,1.4107
21.264,raw,2363,-15.9567,4.9975,1.4208
21.264,raw,2374,-15.7454,4.3840,1.4288
21.264,raw,2386,-15.4928,3.7362,1.4375
21.264,raw,2398,-15.2963,3.1252,1.4443
21.264,raw,2410,-15.0709,2.5312,1.4513
21.264,raw,2421,-14.8822,2.0074,1.4569
21.264,raw,2433,-14.6988,1.4555,1.4621
21.264,raw,2445,-32.9858,1.8059,1.8455
21.264,raw,2457,-32.4849,0.6420,1.8448
21.264,raw,2468,-31.9962,-0.3931,1.8441
21.264,raw,2480,-31.5030,-1.4908,1.8435
21.264,raw,2492,-17.4919,-1.3454,1.8246
21.264,raw,2504,-30.5522,-3.6033,1.8425
21.264,raw,2515,-30.1367,-4.5416,1.8421
21.264,raw,2527,-29.6877,-5.5467,1.8417
21.264,raw,2539,-29.2488,-6.5363,1.8414
21.264,raw,2551,-28.7658,-7.4994,1.8411
21.264,raw,2562,-28.3300,-8.3703,1.8409
21.264,raw,2574,-27.8483,-9.3056,1.8406
21.264,raw,2586,-14.7854,-5.4980,1.8222
21.264,raw,2598,-26.9196,-11.1579,1.8403
21.264,raw,2609,-26.4852,-11.9943,1.8402
21.264,raw,2621,-26.0208,-12.9074,1.8402
21.264,raw,2633,-15.1524,-8.2061,1.8242
21.264,raw,2645,-25.0979,-14.7374,1.8403
21.264,raw,2657,-24.6383,-15.6599,1.8404
21.264,raw,2668,-24.2119,-16.5097,1.8405
21.264,raw,2680,-23.7264,-17.4330,1.8407
21.264,raw,2692,-23.2450,-18.3728,1.8410
21.264,raw,2704,-22.7876,-19.3508,1.8413
21.264,raw,2715,-22.3456,-20.2496,1.8417
21.264,raw,2727,-21.8576,-21.2516,1.8421
21.264,raw,2739,-21.3242,-22.2408,1.8425
21.264,raw,2751,-20.8035,-23.2786,1.8431
21.264,raw,2762,-20.2873,-24.2232,1.8436
21.264,raw,2774,-19.4538,-24.9578,1.8436
21.264,raw,2786,-19.1527,-26.4197,1.8450
21.264,raw,2798,-18.5471,-27.5596,1.8457
21.264,raw,2809,-17.9810,-28.6544,1.8466
21.264,raw,2821,-17.3320,-29.8827,1.8475
21.264,raw,2833,9.5628,-0.4726,1.8122
21.264,raw,2845,9.3640,-0.1513,1.8119
21.264,raw,2856,9.1754,0.1303,1.8117
21.264,raw,2868,9.3289,0.4300,1.8119
21.264,raw,2880,9.8284,0.7587,1.8126
21.264,raw,2892,-34.3400,5.4135,1.8478
21.264,raw,2903,-33.9111,4.2414,1.8470
21.264,raw,2915,-33.4715,3.0055,1.8463
21.264,raw,2927,-16.7601,0.1189,2.2294
21.264,raw,2939,-17.3597,-0.5053,2.2446
21.264,raw,2950,-17.8298,-1.1096,2.2571
21.264,raw,2962,-31.8463,-3.8593,2.6097
21.264,raw,2974,-15.6843,-2.6586,2.2092
21.264,raw,2986,-15.8348,-3.2739,2.2158
21.264,raw,2997,-15.8985,-3.8366,2.2205
21.264,raw,3009,-15.4828,-4.5769,2.2155
21.264,raw,3021,-14.9627,-5.9241,2.2143
21.264,raw,3033,-14.6946,-7.2916,2.2221
21.264,raw,3044,-14.2641,-8.0602,2.2216
21.264,raw,3056,-19.3740,-24.4168,2.5865
21.264,raw,3068,9.5470,-0.4713,2.0233
21.264,raw,3080,9.3700,-0.1516,2.0184
21.264,raw,3092,9.1662,0.1552,2.0131
21.264,raw,3103,9.3402,0.4302,2.0174
21.264,raw,3115,9.8322,0.7589,2.0299
21.264,raw,3127,-31.8073,-3.9489,3.3747
21.264,raw,3139,-26.0997,-14.0140,3.2592
21.264,raw,3150,-13.8988,-8.2423,2.6096
21.264,raw,3162,-19.6274,-0.2554,3.2491
21.264,raw,3174,-25.8999,-14.4004,3.9709
21.264,raw,3186,-18.6216,0.1021,3.6291
21.264,raw,3197,-19.5983,-0.5448,3.7237
21.264,raw,3209,-19.3663,-1.2252,3.7054
21.264,raw,3221,-19.1479,-1.8947,3.6905
21.264,raw,3233,-15.9761,-2.1255,3.3934
21.264,raw,3244,-18.4337,-3.2679,3.6423
21.264,raw,3256,-18.2909,-3.9190,3.6414
21.264,raw,3268,-18.0899,-4.5551,3.6370
21.264,raw,3280,-17.8405,-5.3474,3.6346
21.264,raw,3291,-14.7852,-5.1480,3.3519
21.264,raw,3303,-17.1516,-7.6385,3.6497
21.264,raw,3315,-16.8455,-8.6089,3.6633
21.264,raw,3327,-13.8826,-8.2328,3.3983
21.264,raw,3338,-16.7899,0.4678,3.8657
21.264,raw,3350,-16.5837,-0.1261,3.8416
21.264,raw,3362,-16.4075,-0.7085,3.8234
21.264,raw,3374,-16.1977,-1.2779,3.8036
21.264,raw,3385,-16.0519,-1.7961,3.7930
21.264,raw,3397,-17.0232,-2.5362,3.9199
21.264,raw,3409,-15.4941,-2.8633,3.7475
21.264,raw,3421,-15.3284,-3.4042,3.7417
21.264,raw,3432,-15.1804,-3.8985,3.7387
21.264,raw,3444,-14.9772,-4.4240,3.7325
21.264,raw,3456,-14.8130,-4.9597,3.7334
21.264,raw,3468,-14.6928,-5.6139,3.7465
21.264,raw,3479,-14.5244,-6.1041,3.7498
21.264,raw,3491,-14.3487,-6.6454,3.7568
21.264,raw,3503,-14.1825,-7.1968,3.7677
21.264,raw,3515,-13.9946,-7.7443,3.7783
22.416,raw,0,-5.8852,-5.3832,0.5938
22.416,raw,12,-5.7547,-5.6676,0.5807
22.416,raw,24,-5.5711,-5.9086,0.5758
22.416,raw,36,-5.4160,-6.1841,0.5631
22.416,raw,49,-5.2234,-6.4656,0.5518
22.416,raw,61,-5.0515,-6.7419,0.5376
22.416,raw,73,-4.8701,-7.0178,0.5227
22.416,raw,86,-4.6611,-7.3140,0.5063
22.416,raw,98,9.5548,-0.6024,0.5413
22.416,raw,110,9.3385,-0.2783,0.5751
22.416,raw,122,9.1654,0.0283,0.6013
22.416,raw,135,9.1286,0.3477,0.6069
22.416,raw,147,9.6201,0.6631,0.5369
22.416,raw,159,-6.3419,-5.9946,0.7119
22.416,raw,172,-6.1444,-6.2902,0.7052
22.416,raw,184,-5.9933,-6.6016,0.6919
22.416,raw,196,-5.8038,-6.8826,0.6830
22.416,raw,208,-5.6389,-7.2019,0.6675
22.416,raw,221,-5.4510,-7.5537,0.6493
22.416,raw,233,-5.2529,-7.8625,0.6343
22.416,raw,245,-5.0176,-8.1325,0.6242
22.416,raw,258,-4.4590,-7.9467,0.6775
22.416,raw,270,-4.1664,-8.1058,0.6789
22.416,raw,282,-4.3232,-9.1189,0.5668
22.416,raw,294,-4.0933,-9.4842,0.5409
22.416,raw,307,-3.7990,-9.8211,0.5196
22.416,raw,319,9.5926,-0.6582,0.7502
22.416,raw,331,9.3983,-0.3328,0.7760
22.416,raw,344,9.1626,0.0038,0.8053
22.416,raw,356,9.0655,0.2985,0.8171
22.416,raw,368,9.5400,0.6082,0.7611
22.416,raw,380,-7.0756,-6.3805,0.8589
22.416,raw,393,-6.8946,-6.7309,0.8497
22.416,raw,405,-6.7414,-7.0782,0.8376
22.416,raw,417,-6.5352,-7.3827,0.8306
22.416,raw,430,-6.3652,-7.7838,0.8135
22.416,raw,442,-6.1419,-8.0922,0.8048
22.416,raw,454,-5.9336,-8.4320,0.7919
22.416,raw,466,-5.7316,-8.7983,0.7754
22.416,raw,479,-5.4705,-9.1561,0.7614
22.416,raw,491,-4.3092,-7.9664,0.9117
22.416,raw,503,-4.9773,-9.8630,0.7286
22.416,raw,516,-4.6921,-10.2579,0.7086
22.416,raw,528,-4.4014,-10.5982,0.6919
22.416,raw,540,-4.1312,-11.0207,0.6662
22.416,raw,552,-3.8100,-11.3644,0.6476
22.416,raw,565,-3.5540,-12.0593,0.5951
22.416,raw,577,-3.2554,-12.6260,0.5535
22.416,raw,589,9.6599,-0.7178,0.9572
22.416,raw,602,9.4248,-0.3601,0.9819
22.416,raw,614,9.2130,-0.0473,1.0030
22.416,raw,626,9.0156,0.2500,1.0218
22.416,raw,638,9.4620,0.5543,0.9801
22.416,raw,651,-8.1394,-6.3427,1.0431
22.416,raw,663,-8.0220,-6.7346,1.0328
22.416,raw,675,-7.8329,-7.0783,1.0275
22.416,raw,688,-7.6659,-7.4950,1.0168
22.416,raw,700,-7.4673,-7.8503,1.0095
22.416,raw,712,-7.2689,-8.2172,1.0007
22.416,raw,724,-7.0473,-8.5714,0.9927
22.416,raw,737,-6.8539,-9.0285,0.9771
22.416,raw,749,-6.5746,-9.3417,0.9718
22.416,raw,761,-6.3460,-9.7380,0.9588
22.416,raw,774,-6.0775,-10.1629,0.9447
22.416,raw,786,-4.2734,-7.9601,1.1395
22.416,raw,798,-5.5324,-10.9458,0.9174
22.416,raw,810,-5.2740,-11.4131,0.8972
22.416,raw,823,-4.9282,-11.8319,0.8815
22.416,raw,835,-4.6342,-12.3196,0.8588
22.416,raw,847,-4.3386,-12.8692,0.8310
22.416,raw,860,-4.0344,-13.6130,0.7897
22.416,raw,872,-3.7786,-14.5258,0.7349
22.416,raw,884,-3.4381,-15.3324,0.6876
22.416,raw,896,-3.0666,-16.2203,0.6340
22.416,raw,909,-2.6219,-17.2910,0.5677
22.416,raw,921,9.5466,-0.5757,1.1806
22.416,raw,933,9.3348,-0.2529,1.1969
22.416,raw,946,9.1421,0.0780,1.2111
22.416,raw,958,9.1778,0.3727,1.2087
22.416,raw,970,9.6635,0.6911,1.1746
22.416,raw,982,-10.4064,-3.7652,1.2660
22.416,raw,995,-10.2274,-4.1656,1.2670
22.416,raw,1007,-10.1435,-4.5707,1.2632
22.416,raw,1019,-9.9629,-4.9351,1.2636
22.416,raw,1032,-9.7887,-5.3414,1.2621
22.416,raw,1044,-9.7163,-5.7712,1.2554
22.416,raw,1056,-9.5247,-6.1382,1.2542
22.416,raw,1068,-9.3687,-6.5324,1.2503
22.416,raw,1081,-9.2080,-6.9745,1.2446
22.416,raw,1093,-9.0387,-7.3773,1.2396
22.416,raw,1105,-8.8275,-7.7551,1.2361
22.416,raw,1118,-8.6070,-8.1808,1.2308
22.416,raw,1130,-8.3967,-8.5788,1.2253
22.416,raw,1142,-8.1883,-8.9916,1.2185
22.416,raw,1154,-7.9615,-9.3999,1.2118
22.416,raw,1167,-7.7427,-9.8941,1.2012
22.416,raw,1179,-7.4492,-10.2570,1.1965
22.416,raw,1191,-7.2269,-10.7331,1.1851
22.416,raw,1204,-6.9055,-11.1629,1.1772
22.416,raw,1216,-4.3794,-7.9227,1.3634
22.416,raw,1228,-4.1168,-8.1306,1.3612
22.416,raw,1240,-6.0463,-12.5765,1.1414
22.416,raw,1253,-5.7365,-13.1869,1.1228
22.416,raw,1265,-5.3901,-13.6800,1.1088
22.416,raw,1277,-5.0808,-14.3283,1.0868
22.416,raw,1290,-4.8375,-15.4117,1.0444
22.416,raw,1302,-4.5828,-16.5259,0.9998
22.416,raw,1314,-5.4029,-21.8544,0.7564
22.416,raw,1326,-4.9069,-23.1991,0.7027
22.416,raw,1339,-4.2800,-24.6835,0.6426
22.416,raw,1351,-3.4752,-25.2027,0.6258
22.416,raw,1363,-2.6492,-25.7668,0.6057
22.416,raw,1376,-1.7191,-26.3827,0.5823
22.416,raw,1388,-0.8224,-26.8981,0.5617
22.416,raw,1400,0.1091,-27.2755,0.5460
22.416,raw,1412,1.0677,-27.7969,0.5223
22.416,raw,1425,9.5985,-0.6588,1.3887
22.416,raw,1437,9.3981,-0.3328,1.3991
22.416,raw,1449,9.1917,-0.0218,1.4092
22.416,raw,1462,9.0675,0.2985,1.4151
22.416,raw,1474,9.5646,0.6091,1.3922
22.416,raw,1486,23.7412,10.6824,0.6455
22.416,raw,1498,-16.9948,21.6521,0.5393
22.416,raw,1511,-16.5269,19.5671,0.6253
22.416,raw,1523,-16.1424,17.8722,0.6940
22.416,raw,1535,-15.8617,16.4232,0.7499
22.416,raw,1548,-15.5683,14.9910,0.8044
22.416,raw,1560,-15.1258,13.6261,0.8606
22.416,raw,1572,-14.8742,12.5195,0.9013
22.416,raw,1584,-14.6452,11.5053,0.9376
22.416,raw,1597,-14.2544,10.3833,0.9817
22.416,raw,1609,-11.2171,7.7337,1.1634
22.416,raw,1621,-13.5670,1.4897,1.4860
22.416,raw,1634,-13.4048,0.9496,1.4903
22.416,raw,1646,-13.2313,0.4632,1.4945
22.416,raw,1658,-13.1054,-0.0117,1.4972
22.416,raw,1670,-12.9418,-0.4766,1.5005
22.416,raw,1683,-12.7600,-0.9690,1.5037
22.416,raw,1695,-8.2303,-0.8578,1.6033
22.416,raw,1707,-12.4840,-1.8618,1.5072
22.416,raw,1720,-12.3258,-2.3355,1.5088
22.416,raw,1732,-12.1676,-2.7657,1.5102
22.416,raw,1744,-11.9674,-3.1805,1.5122
22.416,raw,1756,-11.8418,-3.6125,1.5121
22.416,raw,1769,-11.7094,-4.0825,1.5116
22.416,raw,1781,-11.6244,-4.5332,1.5099
22.416,raw,1793,-11.4773,-4.9635,1.5093
22.416,raw,1806,-11.2596,-5.4049,1.5096
22.416,raw,1818,-11.1311,-5.8496,1.5078
22.416,raw,1830,-11.0294,-6.3167,1.5048
22.416,raw,1843,-10.7935,-6.7582,1.5044
22.416,raw,1855,-10.6656,-7.2279,1.5012
22.416,raw,1867,-10.3973,-7.6103,1.5012
22.416,raw,1879,-10.2224,-8.0648,1.4984
22.416,raw,1892,-10.0057,-8.5485,1.4954
22.416,raw,1904,-9.7564,-8.9639,1.4936
22.416,raw,1916,-9.5764,-9.4540,1.4892
22.416,raw,1929,-9.2912,-9.9154,1.4865
22.416,raw,1941,-9.0849,-10.4171,1.4816
22.416,raw,1953,-8.8355,-10.8927,1.4773
22.416,raw,1965,-8.5545,-11.3508,1.4734
22.416,raw,1978,-8.2330,-11.8482,1.4689
22.416,raw,1990,-8.0692,-12.5285,1.4587
22.416,raw,2002,-4.6343,-8.0690,1.5826
22.416,raw,2015,-4.3681,-8.3438,1.5804
22.416,raw,2027,-7.1632,-14.3189,1.4352
22.416,raw,2039,-6.8337,-14.9425,1.4262
22.416,raw,2051,-8.5583,-20.2285,1.3044
22.416,raw,2064,-8.1670,-21.5013,1.2820
22.416,raw,2076,-7.7788,-22.8025,1.2582
22.416,raw,2088,-7.3304,-24.1619,1.2331
22.416,raw,2101,-6.8145,-25.8570,1.2006
22.416,raw,2113,-6.1850,-27.2134,1.1752
22.416,raw,2125,-5.3034,-27.7641,1.1677
22.416,raw,2137,-4.3982,-28.3230,1.1594
22.416,raw,2150,-3.3919,-28.9670,1.1488
22.416,raw,2162,-2.4300,-29.5655,1.1382
22.416,raw,2174,-1.4370,-30.2140,1.1258
22.416,raw,2187,-0.3204,-31.0650,1.1082
22.416,raw,2199,0.7643,-31.8387,1.0914
22.416,raw,2211,1.8920,-32.3372,1.0799
22.416,raw,2223,3.0569,-32.8306,1.0675
22.416,raw,2236,4.3734,-33.4480,1.0513
22.416,raw,2248,9.6508,-0.7168,1.5993
22.416,raw,2260,9.4432,-0.3869,1.6045
22.416,raw,2273,9.2197,-0.0476,1.6099
22.416,raw,2285,8.9945,0.2501,1.6150
22.416,raw,2297,9.4655,0.5544,1.6045
22.416,raw,2309,9.9861,0.8953,1.5926
22.416,raw,2322,-21.3964,24.3441,1.0802
22.416,raw,2334,-20.8332,22.1617,1.1237
22.416,raw,2346,-19.9501,19.8607,1.1733
22.416,raw,2359,-19.4340,17.9884,1.2096
22.416,raw,2371,-18.6365,16.1354,1.2496
22.416,raw,2383,-17.9761,14.5438,1.2828
22.416,raw,2395,-17.6356,13.3072,1.3051
22.416,raw,2408,-11.2686,8.1047,1.4860
22.416,raw,2420,-11.3818,7.5988,1.4898
22.416,raw,2432,-16.0745,9.6920,1.3771
22.416,raw,2445,-15.6409,8.6624,1.3964
22.416,raw,2457,-15.6703,7.9784,1.4025
22.416,raw,2469,-15.4239,7.1953,1.4146
22.416,raw,2481,-15.2049,6.4628,1.4252
22.416,raw,2494,-14.9539,5.7031,1.4362
22.416,raw,2506,-14.7480,5.0437,1.4451
22.416,raw,2518,-14.5489,4.4143,1.4532
22.416,raw,2531,-14.3224,3.7585,1.4616
22.416,raw,2543,-14.1341,3.1822,1.4683
22.416,raw,2555,-13.9487,2.6272,1.4745
22.416,raw,2567,-13.7747,2.0924,1.4800
22.416,raw,2580,-20.2171,2.1823,1.8283
22.416,raw,2592,-19.9325,1.4435,1.8279
22.416,raw,2604,-16.9622,0.6667,1.8238
22.416,raw,2617,-18.4214,-0.0116,1.8258
22.416,raw,2629,-19.1037,-0.7025,1.8267
22.416,raw,2641,-17.4728,-1.2486,1.8246
22.416,raw,2653,-8.2833,-0.7867,1.8121
22.416,raw,2666,-15.7855,-2.3027,1.8225
22.416,raw,2678,-18.0667,-3.3246,1.8258
22.416,raw,2690,-17.8222,-3.9416,1.8256
22.416,raw,2703,-16.3149,-4.2687,1.8237
22.416,raw,2715,-17.3485,-5.2164,1.8254
22.416,raw,2727,-14.9238,-5.0679,1.8223
22.416,raw,2739,-15.0841,-5.7358,1.8228
22.416,raw,2752,-16.6165,-7.0713,1.8254
22.416,raw,2764,-16.3862,-7.6765,1.8254
22.416,raw,2776,-16.1168,-8.2655,1.8254
22.416,raw,2789,-15.8592,-8.9252,1.8256
22.416,raw,2801,-15.6300,-9.5467,1.8257
22.416,raw,2813,-15.3864,-10.1693,1.8259
22.416,raw,2825,-15.1384,-10.8001,1.8261
22.416,raw,2838,-14.8780,-11.5056,1.8264
22.416,raw,2850,-14.6398,-12.1773,1.8267
22.416,raw,2862,-14.4354,-12.9006,1.8271
22.416,raw,2875,-14.2027,-13.7082,1.8276
22.416,raw,2887,-19.0729,-19.6310,1.8379
22.416,raw,2899,-18.7452,-20.6991,1.8387
22.416,raw,2911,-18.4073,-21.8150,1.8395
22.416,raw,2924,-18.0462,-23.1080,1.8405
22.416,raw,2936,-17.5785,-24.2080,1.8413
22.416,raw,2948,-17.1039,-25.3712,1.8422
22.416,raw,2961,-16.5382,-26.6502,1.8432
22.416,raw,2973,-16.0030,-27.9099,1.8443
22.416,raw,2985,-15.4363,-29.2287,1.8455
22.416,raw,2997,-14.8333,-30.6121,1.8468
22.416,raw,3010,9.5540,-0.6023,1.8122
22.416,raw,3022,9.3404,-0.2784,1.8119
22.416,raw,3034,9.1533,0.0286,1.8116
22.416,raw,3047,9.1414,0.3478,1.8116
22.416,raw,3059,9.6426,0.6641,1.8122
22.416,raw,3071,-26.7970,22.0791,1.8475
22.416,raw,3083,-26.0785,20.0436,1.8450
22.416,raw,3096,-25.6975,18.2790,1.8432
22.416,raw,3108,-26.0840,17.2220,1.8428
22.416,raw,3120,-25.8846,15.8400,1.8416
22.416,raw,3133,-24.8446,13.9761,1.8392
22.416,raw,3145,-24.2649,12.5770,1.8376
22.416,raw,3157,-23.8106,11.3209,1.8363
22.416,raw,3169,-23.3246,10.1212,1.8351
22.416,raw,3182,-22.8680,8.9225,1.8339
22.416,raw,3194,-22.4373,7.8718,1.8329
22.416,raw,3206,-22.0677,6.8920,1.8320
22.416,raw,3219,-21.6679,5.8811,1.8311
22.416,raw,3231,-21.3415,5.0003,1.8304
22.416,raw,3243,-20.9866,4.1498,1.8297
22.416,raw,3255,-20.6919,3.3427,1.8292
22.416,raw,3268,-20.3451,2.4973,1.8286
22.416,raw,3280,-17.5557,-0.9929,2.2512
22.416,raw,3292,-31.9340,-3.5975,2.6121
22.416,raw,3305,-17.6636,-3.3561,2.2617
22.416,raw,3317,-16.1115,-4.8385,2.2333
22.416,raw,3329,-16.2145,-6.3353,2.2479
22.416,raw,3341,-14.8461,-6.7411,2.2206
22.416,raw,3354,-26.0310,-14.3043,2.5525
22.416,raw,3366,-19.8606,-24.3487,2.5934
22.416,raw,3378,9.5325,-0.5743,2.0221
22.416,raw,3391,9.3100,-0.2263,2.0159
22.416,raw,3403,9.1231,0.0785,2.0110
22.416,raw,3415,9.1697,0.3726,2.0121
22.416,raw,3427,9.6367,0.6898,2.0239
22.416,raw,3440,-31.9374,-3.6928,3.3814
22.416,raw,3452,-17.6675,-5.9521,2.7313
22.416,raw,3464,-25.9263,-14.5458,3.2659
22.416,raw,3477,-19.6938,-24.7273,3.3533
22.416,raw,3489,-26.2176,-13.9093,3.9768
22.416,raw,3501,-11.6536,-8.5630,2.8842
22.416,raw,3513,-14.8842,-5.1042,3.3633
22.416,raw,3526,-16.8008,0.4629,3.8723
22.416,raw,3538,-16.6273,-0.1337,3.8521
22.416,raw,3550,-16.4448,-0.7188,3.8332
22.416,raw,3563,-16.2590,-1.3422,3.8168
22.416,raw,3575,-16.0584,-1.9054,3.8006
22.416,raw,3587,-15.7000,-2.4336,3.7676
22.416,raw,3599,-15.5175,-2.9785,3.7580
22.416,raw,3612,-15.3265,-3.6132,3.7522
22.416,raw,3624,-15.0374,-4.5103,3.7473
22.416,raw,3636,-14.8050,-5.4771,3.7580
22.416,raw,3649,-14.4795,-6.4704,3.7669
22.416,raw,3661,-14.3001,-7.0703,3.7779
22.416,raw,3673,-14.1284,-7.6285,3.7901
23.685,raw,0,-5.8520,-5.2322,0.6033
23.685,raw,12,-5.6945,-5.4860,0.5971
23.685,raw,25,-5.5292,-5.7713,0.5873
23.685,raw,38,-5.3210,-6.0209,0.5836
23.685,raw,51,-5.1257,-6.2883,0.5752
23.685,raw,64,-4.9573,-6.5953,0.5584
23.685,raw,77,-4.7504,-6.8682,0.5470
23.685,raw,90,-4.5220,-7.1226,0.5378
23.685,raw,103,-4.3122,-7.4147,0.5210
23.685,raw,116,-4.0688,-7.6701,0.5093
23.685,raw,129,9.4792,-0.4350,0.5758
23.685,raw,142,9.2369,-0.1003,0.6121
23.685,raw,155,9.0109,0.2155,0.6444
23.685,raw,168,9.3054,0.5363,0.6021
23.685,raw,181,9.8580,0.9007,0.5218
23.685,raw,194,-6.1938,-5.8537,0.7297
23.685,raw,207,-6.0009,-6.1442,0.7238
23.685,raw,219,-5.8447,-6.4395,0.7129
23.685,raw,232,-5.6396,-6.7322,0.7049
23.685,raw,245,-5.4499,-7.0513,0.6919
23.685,raw,258,-5.2098,-7.3214,0.6855
23.685,raw,271,-5.0144,-7.6600,0.6681
23.685,raw,284,-4.7740,-7.9532,0.6564
23.685,raw,297,-4.4096,-8.0637,0.6688
23.685,raw,310,-4.1205,-8.2900,0.6636
23.685,raw,323,-4.0190,-8.8800,0.6093
23.685,raw,336,-3.7616,-9.2277,0.5866
23.685,raw,349,-3.4863,-9.5718,0.5636
23.685,raw,362,-3.1666,-9.8451,0.5484
23.685,raw,375,-2.8926,-10.2799,0.5121
23.685,raw,388,9.4550,-0.4333,0.7867
23.685,raw,401,9.2357,-0.1003,0.8141
23.685,raw,414,9.0437,0.2156,0.8370
23.685,raw,427,9.3149,0.5367,0.8046
23.685,raw,439,9.7987,0.8698,0.7462
23.685,raw,452,-6.8788,-6.3333,0.8706
23.685,raw,465,-6.6840,-6.6635,0.8639
23.685,raw,478,-6.5133,-7.0261,0.8521
23.685,raw,491,-6.2619,-7.3172,0.8490
23.685,raw,504,-6.0836,-7.6970,0.8340
23.685,raw,517,-5.8329,-8.0070,0.8269
23.685,raw,530,-5.5978,-8.3487,0.8152
23.685,raw,543,-5.3559,-8.6979,0.8020
23.685,raw,556,-4.4543,-8.0298,0.8996
23.685,raw,569,-4.1388,-8.2099,0.9006
23.685,raw,582,-4.5615,-9.7692,0.7555
23.685,raw,595,-4.2647,-10.1220,0.7389
23.685,raw,608,-3.9299,-10.4234,0.7267
23.685,raw,621,-3.6258,-10.8301,0.7029
23.685,raw,634,-3.3157,-11.2792,0.6741
23.685,raw,647,-3.0083,-11.8164,0.6359
23.685,raw,659,-2.7318,-12.4427,0.5876
23.685,raw,672,-2.3825,-13.0906,0.5375
23.685,raw,685,9.5619,-0.5935,0.9820
23.685,raw,698,9.3535,-0.2526,1.0034
23.685,raw,711,9.1212,0.0718,1.0259
23.685,raw,724,9.0697,0.3829,1.0305
23.685,raw,737,9.5653,0.7248,0.9832
23.685,raw,750,-8.1060,-6.2628,1.0437
23.685,raw,763,-7.8656,-6.5946,1.0431
23.685,raw,776,-7.6720,-6.9676,1.0372
23.685,raw,789,-7.5071,-7.3763,1.0271
23.685,raw,802,-7.2698,-7.7298,1.0222
23.685,raw,815,-7.0278,-8.0869,1.0163
23.685,raw,828,-6.7985,-8.4692,1.0073
23.685,raw,841,-6.5364,-8.8273,1.0001
23.685,raw,854,-6.2868,-9.2162,0.9895
23.685,raw,866,-6.0435,-9.5753,0.9793
23.685,raw,879,-4.5337,-8.0498,1.1248
23.685,raw,892,-4.1648,-8.1443,1.1326
23.685,raw,905,-5.1454,-10.7096,0.9452
23.685,raw,918,-4.8056,-11.0662,0.9341
23.685,raw,931,-4.4956,-11.5199,0.9149
23.685,raw,944,-4.1360,-11.9082,0.9000
23.685,raw,957,-3.8301,-12.4938,0.8699
23.685,raw,970,-3.5592,-13.2982,0.8233
23.685,raw,983,-3.1991,-13.9734,0.7859
23.685,raw,996,-2.8264,-14.7730,0.7389
23.685,raw,1009,-2.4107,-15.6204,0.6879
23.685,raw,1022,-1.9482,-16.5288,0.6320
23.685,raw,1035,-1.4436,-17.5978,0.5638
23.685,raw,1048,9.5757,-0.5947,1.1893
23.685,raw,1061,9.3281,-0.2513,1.2080
23.685,raw,1074,9.1070,0.0719,1.2240
23.685,raw,1086,9.0174,0.3579,1.2301
23.685,raw,1099,9.5237,0.6969,1.1942
23.685,raw,1112,-10.6491,-3.5752,1.2533
23.685,raw,1125,-10.4449,-3.9780,1.2560
23.685,raw,1138,-10.2925,-4.3982,1.2555
23.685,raw,1151,-10.1041,-4.8034,1.2560
23.685,raw,1164,-9.8969,-5.1990,1.2567
23.685,raw,1177,-9.6776,-5.5874,1.2572
23.685,raw,1190,-9.5518,-6.0316,1.2521
23.685,raw,1203,-9.3666,-6.4479,1.2492
23.685,raw,1216,-9.1583,-6.8544,1.2466
23.685,raw,1229,-8.9410,-7.2602,1.2436
23.685,raw,1242,-8.7196,-7.6698,1.2398
23.685,raw,1255,-8.4820,-8.0741,1.2360
23.685,raw,1268,-8.2256,-8.4698,1.2324
23.685,raw,1281,-7.9863,-8.8928,1.2264
23.685,raw,1294,-7.6602,-9.2344,1.2252
23.685,raw,1306,-7.4332,-9.6421,1.2179
23.685,raw,1319,-7.1710,-10.0841,1.2097
23.685,raw,1332,-6.8628,-10.4862,1.2033
23.685,raw,1345,-6.5603,-10.9169,1.1950
23.685,raw,1358,-4.2389,-8.0521,1.3617
23.685,raw,1371,-5.8805,-11.7358,1.1792
23.685,raw,1384,-5.5762,-12.2610,1.1646
23.685,raw,1397,-5.2176,-12.7277,1.1526
23.685,raw,1410,-4.8175,-13.1479,1.1425
23.685,raw,1423,-4.5631,-14.0059,1.1104
23.685,raw,1436,-4.2294,-14.7946,1.0817
23.685,raw,1449,-3.8786,-15.6961,1.0473
23.685,raw,1462,-3.4954,-16.7032,1.0076
23.685,raw,1475,-3.2417,-18.6363,0.9245
23.685,raw,1488,-2.9938,-21.4041,0.8029
23.685,raw,1501,-2.5351,-24.1094,0.6844
23.685,raw,1513,-1.7293,-24.5437,0.6691
23.685,raw,1526,-0.8235,-24.9277,0.6550
23.685,raw,1539,0.1052,-25.3686,0.6368
23.685,raw,1552,1.0653,-25.8219,0.6165
23.685,raw,1565,2.0626,-26.3265,0.5922
23.685,raw,1578,9.5432,-0.5665,1.3988
23.685,raw,1591,9.3119,-0.2259,1.4104
23.685,raw,1604,9.1096,0.0959,1.4200
23.685,raw,1617,9.0914,0.4074,1.4207
23.685,raw,1630,9.6044,0.7528,1.3966
23.685,raw,1643,22.6772,10.3801,0.6997
23.685,raw,1656,-19.0658,19.9111,0.5268
23.685,raw,1669,-18.4994,17.9655,0.6067
23.685,raw,1682,-17.9900,16.2396,0.6763
23.685,raw,1695,-17.2000,14.4349,0.7563
23.685,raw,1708,-16.7147,13.0155,0.8131
23.685,raw,1721,-16.1088,11.6253,0.8721
23.685,raw,1733,-15.1365,2.0804,1.4467
23.685,raw,1746,-14.8341,1.4556,1.4547
23.685,raw,1759,-14.5483,0.8577,1.4618
23.685,raw,1772,-14.2625,0.2833,1.4685
23.685,raw,1785,-13.9982,-0.2702,1.4741
23.685,raw,1798,-13.7531,-0.8065,1.4790
23.685,raw,1811,-8.3798,-0.7861,1.5972
23.685,raw,1824,-8.3066,-1.1225,1.5979
23.685,raw,1837,-13.0284,-2.3287,1.4907
23.685,raw,1850,-12.6067,-2.7719,1.4979
23.685,raw,1863,-12.3790,-3.2410,1.5004
23.685,raw,1876,-12.1693,-3.7076,1.5021
23.685,raw,1889,-11.9834,-4.1771,1.5028
23.685,raw,1902,-11.8231,-4.6545,1.5025
23.685,raw,1915,-11.5296,-5.0767,1.5050
23.685,raw,1928,-11.3568,-5.5473,1.5042
23.685,raw,1941,-11.1938,-6.0268,1.5028
23.685,raw,1953,-10.9311,-6.4120,1.5038
23.685,raw,1966,-10.7505,-6.8895,1.5019
23.685,raw,1979,-10.5118,-7.3368,1.5010
23.685,raw,1992,-10.2713,-7.7874,1.4997
23.685,raw,2005,-10.0166,-8.2335,1.4983
23.685,raw,2018,-9.7097,-8.6427,1.4979
23.685,raw,2031,-9.4815,-9.1264,1.4946
23.685,raw,2044,-9.1718,-9.5467,1.4932
23.685,raw,2057,-8.9188,-10.0346,1.4895
23.685,raw,2070,-8.6011,-10.4694,1.4871
23.685,raw,2083,-8.2776,-10.9108,1.4843
23.685,raw,2096,-8.0362,-11.4782,1.4777
23.685,raw,2109,-7.6940,-11.9412,1.4739
23.685,raw,2122,-4.5598,-8.0905,1.5830
23.685,raw,2135,-4.1443,-8.1096,1.5875
23.685,raw,2148,-6.6228,-13.4332,1.4583
23.685,raw,2160,-6.3330,-14.0487,1.4492
23.685,raw,2173,-5.9414,-14.6236,1.4414
23.685,raw,2186,-5.5635,-15.3035,1.4309
23.685,raw,2199,-6.9979,-21.0475,1.3013
23.685,raw,2212,-6.5502,-22.4055,1.2762
23.685,raw,2225,-6.0239,-23.8025,1.2500
23.685,raw,2238,-5.4245,-25.2790,1.2219
23.685,raw,2251,-4.5685,-25.9796,1.2109
23.685,raw,2264,-3.6457,-26.5125,1.2030
23.685,raw,2277,-2.7004,-27.0906,1.1934
23.685,raw,2290,-1.7244,-27.7068,1.1822
23.685,raw,2303,-0.7094,-28.3303,1.1700
23.685,raw,2316,0.3506,-28.7941,1.1606
23.685,raw,2329,1.4417,-29.1566,1.1525
23.685,raw,2342,2.5737,-29.7148,1.1391
23.685,raw,2355,3.7570,-30.3167,1.1238
23.685,raw,2368,4.9984,-30.9499,1.1067
23.685,raw,2380,6.2038,-31.5698,1.0892
23.685,raw,2393,7.7360,-33.0095,1.0516
23.685,raw,2406,9.5425,-0.5664,1.6055
23.685,raw,2419,9.3116,-0.2259,1.6111
23.685,raw,2432,9.0953,0.0961,1.6161
23.685,raw,2445,9.0775,0.4071,1.6164
23.685,raw,2458,9.6119,0.7532,1.6043
23.685,raw,2471,25.2678,12.0175,1.1994
23.685,raw,2484,-24.1496,22.1443,1.0671
23.685,raw,2497,-22.6461,19.3126,1.1328
23.685,raw,2510,-22.1092,17.4897,1.1670
23.685,raw,2523,-21.4649,15.7310,1.2014
23.685,raw,2536,-20.5039,13.9044,1.2415
23.685,raw,2549,-11.4742,7.4430,1.4860
23.685,raw,2562,-18.9249,10.8934,1.3054
23.685,raw,2575,-18.8697,9.9310,1.3163
23.685,raw,2588,-18.3204,8.7849,1.3381
23.685,raw,2600,-17.8642,7.8176,1.3558
23.685,raw,2613,-17.4315,6.8576,1.3723
23.685,raw,2626,-16.9802,5.9494,1.3883
23.685,raw,2639,-16.5686,5.1077,1.4024
23.685,raw,2652,-16.2187,4.3293,1.4143
23.685,raw,2665,-15.8435,3.5857,1.4259
23.685,raw,2678,-15.5262,2.8909,1.4356
23.685,raw,2691,-34.7273,0.1204,1.8481
23.685,raw,2704,-33.8932,-1.1739,1.8470
23.685,raw,2717,-32.8724,-2.3951,1.8457
23.685,raw,2730,-8.5866,-0.8895,1.8127
23.685,raw,2743,-8.4192,-1.2195,1.8126
23.685,raw,2756,-29.8165,-5.6537,1.8422
23.685,raw,2769,-17.3789,-3.9894,1.8252
23.685,raw,2782,-16.3895,-4.4429,1.8241
23.685,raw,2795,-27.1291,-8.4664,1.8396
23.685,raw,2807,-14.9108,-5.2784,1.8225
23.685,raw,2820,-16.5929,-6.6011,1.8252
23.685,raw,2833,-21.5961,-9.5332,1.8330
23.685,raw,2846,-15.4030,-7.5732,1.8243
23.685,raw,2859,-15.6033,-8.4354,1.8251
23.685,raw,2872,-17.1674,-10.1318,1.8280
23.685,raw,2885,-15.9542,-10.2839,1.8267
23.685,raw,2898,-14.8756,-10.4419,1.8256
23.685,raw,2911,-13.8719,-10.5803,1.8246
23.685,raw,2924,-13.1344,-10.8610,1.8240
23.685,raw,2937,-12.6788,-11.3436,1.8240
23.685,raw,2950,-12.2611,-11.8581,1.8240
23.685,raw,2963,-11.8438,-12.3775,1.8241
23.685,raw,2976,-11.4957,-12.9789,1.8244
23.685,raw,2989,-11.1851,-13.6469,1.8248
23.685,raw,3002,-10.8573,-14.3296,1.8252
23.685,raw,3015,-11.0845,-15.8020,1.8269
23.685,raw,3027,-10.8311,-16.6433,1.8277
23.685,raw,3040,-10.5591,-17.6382,1.8286
23.685,raw,3053,-10.2613,-18.6919,1.8296
23.685,raw,3066,-9.9409,-19.8234,1.8307
23.685,raw,3079,-9.5693,-20.9945,1.8319
23.685,raw,3092,-9.1824,-22.2950,1.8333
23.685,raw,3105,-8.7750,-23.7527,1.8349
23.685,raw,3118,-8.3200,-25.3447,1.8367
23.685,raw,3131,-7.8102,-27.0982,1.8387
23.685,raw,3144,-7.2080,-28.9442,1.8409
23.685,raw,3157,-6.1808,-29.5050,1.8413
23.685,raw,3170,-5.1340,-30.0871,1.8418
23.685,raw,3183,-4.0653,-30.7087,1.8424
23.685,raw,3196,-2.9608,-31.3139,1.8430
23.685,raw,3209,-1.8226,-31.9388,1.8437
23.685,raw,3222,-0.6467,-32.6109,1.8445
23.685,raw,3235,0.5755,-33.2937,1.8453
23.685,raw,3247,1.7531,-34.0823,1.8464
23.685,raw,3260,9.5646,-0.6448,1.8120
23.685,raw,3273,9.3525,-0.3021,1.8117
23.685,raw,3286,9.1294,0.0235,1.8113
23.685,raw,3299,8.9858,0.3336,1.8111
23.685,raw,3312,9.4550,0.6678,1.8118
23.685,raw,3325,-16.9884,0.2003,2.2398
23.685,raw,3338,-17.4970,-0.4816,2.2527
23.685,raw,3351,-16.9838,-1.4877,2.2416
23.685,raw,3364,-31.5274,-4.2641,2.6076
23.685,raw,3377,-15.2982,-5.1046,2.2189
23.685,raw,3390,-26.1305,-14.1747,2.5553
23.685,raw,3403,-11.3527,-8.6746,2.1718
23.685,raw,3416,9.5399,-0.5916,2.0184
23.685,raw,3429,9.3298,-0.2514,2.0126
23.685,raw,3442,9.1082,0.0719,2.0069
23.685,raw,3454,9.0056,0.3577,2.0044
23.685,raw,3467,9.5076,0.6960,2.0171
23.685,raw,3480,-31.8954,-3.7422,3.3863
23.685,raw,3493,-18.8466,-3.1541,2.7592
23.685,raw,3506,-25.9297,-14.6645,3.2730
23.685,raw,3519,-19.2499,-24.5173,3.3330
23.685,raw,3532,9.3960,-0.3543,2.2173
23.685,raw,3545,9.1605,-0.0253,2.2052
23.685,raw,3558,8.9637,0.2860,2.1957
23.685,raw,3571,9.3804,0.6139,2.2163
23.685,raw,3584,9.9266,0.9857,2.2438
23.685,raw,3597,-26.0643,-14.3381,3.9880
23.685,raw,3610,-11.5458,-8.8701,2.8958
23.685,raw,3623,-19.7781,-0.3867,3.7585
23.685,raw,3636,-19.5719,-1.1425,3.7422
23.685,raw,3649,-19.3425,-1.8842,3.7263
23.685,raw,3662,-19.1028,-2.6129,3.7120
23.685,raw,3674,-18.5576,-3.3914,3.6726
23.685,raw,3687,-14.8930,-5.2722,3.3800
23.685,raw,3700,-16.8763,0.2508,3.8990
23.685,raw,3713,-16.6661,-0.4014,3.8751
23.685,raw,3726,-16.4645,-1.0402,3.8551
23.685,raw,3739,-16.2668,-1.6676,3.8383
23.685,raw,3752,-16.2018,-2.3048,3.8402
23.685,raw,3765,-15.6691,-2.8576,3.7884
23.685,raw,3778,-15.4638,-3.4513,3.7786
23.685,raw,3791,-15.2678,-4.0420,3.7725
23.685,raw,3804,-15.0628,-4.6268,3.7680
23.685,raw,3817,-14.8899,-5.2207,3.7703
23.685,raw,3830,-14.7027,-5.9654,3.7802
23.685,raw,3843,-14.5205,-6.5644,3.7878
23.685,raw,3856,-14.3148,-7.1582,3.7953
23.685,raw,3869,-14.1213,-7.7649,3.8076
24.768,raw,0,-6.0457,-5.3167,0.5604
24.768,raw,12,-5.9002,-5.5922,0.5524
24.768,raw,25,-5.7078,-5.8663,0.5479
24.768,raw,37,-5.5143,-6.1076,0.5450
24.768,raw,50,-5.3103,-6.3779,0.5388
24.768,raw,63,-5.0976,-6.6442,0.5320
24.768,raw,75,-4.9122,-6.9084,0.5213
24.768,raw,88,-4.7070,-7.1996,0.5077
24.768,raw,100,-4.4800,-7.4284,0.5013
24.768,raw,113,9.4732,-0.4365,0.6082
24.768,raw,126,9.2608,-0.1140,0.6398
24.768,raw,138,9.0710,0.1692,0.6665
24.768,raw,151,9.4118,0.4890,0.6174
24.768,raw,163,9.9400,0.8261,0.5404
24.768,raw,176,-6.4494,-5.9726,0.6870
24.768,raw,189,-6.2772,-6.2973,0.6779
24.768,raw,201,-6.0938,-6.5816,0.6715
24.768,raw,214,-5.8870,-6.8882,0.6638
24.768,raw,226,-5.6798,-7.1608,0.6575
24.768,raw,239,-5.4592,-7.4677,0.6478
24.768,raw,252,-5.2490,-7.7985,0.6337
24.768,raw,264,-5.0130,-8.0615,0.6260
24.768,raw,277,-4.7740,-8.3806,0.6119
24.768,raw,289,-4.2223,-8.1673,0.6678
24.768,raw,302,-4.2644,-8.9642,0.5860
24.768,raw,315,-3.9939,-9.2863,0.5685
24.768,raw,327,-3.7109,-9.5392,0.5573
24.768,raw,340,-3.4168,-9.8612,0.5378
24.768,raw,352,-3.1439,-10.1859,0.5153
24.768,raw,365,9.6081,-0.6439,0.7934
24.768,raw,378,9.3795,-0.3100,0.8224
24.768,raw,390,9.1827,-0.0180,0.8462
24.768,raw,403,9.1207,0.2869,0.8531
24.768,raw,415,9.5595,0.5954,0.8006
24.768,raw,428,-7.3365,-6.3056,0.8301
24.768,raw,441,-7.1150,-6.6303,0.8274
24.768,raw,453,-6.9327,-6.9529,0.8208
24.768,raw,466,-6.6891,-7.2666,0.8177
24.768,raw,478,-6.5012,-7.5979,0.8085
24.768,raw,491,-6.2538,-7.9208,0.8024
24.768,raw,504,-6.0491,-8.3029,0.7882
24.768,raw,516,-5.8230,-8.6256,0.7781
24.768,raw,529,-5.5622,-8.9684,0.7673
24.768,raw,541,-4.5842,-8.2038,0.8772
24.768,raw,554,-4.1369,-8.1889,0.9008
24.768,raw,567,-4.6987,-9.9091,0.7373
24.768,raw,579,-4.4272,-10.2437,0.7222
24.768,raw,592,-4.0854,-10.5370,0.7121
24.768,raw,604,-3.7963,-10.8877,0.6937
24.768,raw,617,-3.4616,-11.2569,0.6739
24.768,raw,630,-3.1590,-11.7680,0.6393
24.768,raw,642,-2.8911,-12.3615,0.5949
24.768,raw,655,-2.5392,-12.9223,0.5541
24.768,raw,667,-2.1960,-13.4916,0.5108
24.768,raw,680,9.4962,-0.4871,1.0098
24.768,raw,693,9.2948,-0.1626,1.0298
24.768,raw,705,9.0827,0.1228,1.0497
24.768,raw,718,9.3142,0.4361,1.0276
24.768,raw,730,9.8322,0.7657,0.9778
24.768,raw,743,-8.4476,-6.4919,1.0075
24.768,raw,756,-8.2198,-6.8573,1.0054
24.768,raw,768,-8.0010,-7.1910,1.0032
24.768,raw,781,-7.7964,-7.5848,0.9965
24.768,raw,794,-7.5609,-7.9603,0.9912
24.768,raw,806,-7.3200,-8.2913,0.9872
24.768,raw,819,-7.0541,-8.6521,0.9819
24.768,raw,831,-6.8043,-8.9887,0.9760
24.768,raw,844,-6.5312,-9.3618,0.9682
24.768,raw,857,-6.2589,-9.7512,0.9583
24.768,raw,869,-5.9905,-10.1036,0.9492
24.768,raw,882,-4.1962,-8.1259,1.1313
24.768,raw,894,-5.3772,-10.8084,0.9307
24.768,raw,907,-5.0300,-11.1567,0.9215
24.768,raw,920,-4.7168,-11.5990,0.9041
24.768,raw,932,-4.3844,-11.9526,0.8917
24.768,raw,945,-4.0152,-12.3523,0.8763
24.768,raw,957,-3.7710,-13.0328,0.8384
24.768,raw,970,-3.4310,-13.6766,0.8040
24.768,raw,983,-3.0702,-14.3875,0.7641
24.768,raw,995,-2.7032,-15.0684,0.7251
24.768,raw,1008,-2.2812,-15.9103,0.6747
24.768,raw,1020,-1.8437,-16.6982,0.6268
24.768,raw,1033,-1.3309,-17.6781,0.5651
24.768,raw,1046,9.6035,-0.6436,1.2028
24.768,raw,1058,9.3715,-0.3338,1.2202
24.768,raw,1071,9.1814,-0.0180,1.2339
24.768,raw,1083,9.0356,0.2614,1.2439
24.768,raw,1096,9.5386,0.5941,1.2082
24.768,raw,1109,-11.3924,-3.5317,1.2136
24.768,raw,1121,-11.1599,-3.9230,1.2184
24.768,raw,1134,-11.0197,-4.3801,1.2176
24.768,raw,1146,-10.7866,-4.7615,1.2211
24.768,raw,1159,-10.5570,-5.1790,1.2232
24.768,raw,1172,-10.3958,-5.6277,1.2210
24.768,raw,1184,-10.1679,-6.0031,1.2223
24.768,raw,1197,-9.9424,-6.4207,1.2218
24.768,raw,1209,-9.7227,-6.8001,1.2213
24.768,raw,1222,-9.5151,-7.2344,1.2181
24.768,raw,1235,-9.2429,-7.6273,1.2177
24.768,raw,1247,-9.0059,-8.0030,1.2157
24.768,raw,1260,-8.7268,-8.3959,1.2139
24.768,raw,1272,-8.4848,-8.7776,1.2105
24.768,raw,1285,-8.2128,-9.1904,1.2063
24.768,raw,1298,-7.9413,-9.6149,1.2008
24.768,raw,1310,-7.6294,-9.9485,1.1989
24.768,raw,1323,-7.3425,-10.3801,1.1921
24.768,raw,1335,-7.0439,-10.7506,1.1870
24.768,raw,1348,-6.7377,-11.1938,1.1787
24.768,raw,1361,-4.1825,-8.1042,1.3601
24.768,raw,1373,-6.0970,-12.0397,1.1618
24.768,raw,1386,-5.7246,-12.4538,1.1536
24.768,raw,1398,-5.3745,-12.8516,1.1448
24.768,raw,1411,-4.9735,-13.2726,1.1352
24.768,raw,1424,-4.6753,-13.9935,1.1103
24.768,raw,1436,-4.3806,-14.7137,1.0844
24.768,raw,1449,-4.0216,-15.5170,1.0551
24.768,raw,1461,-3.6632,-16.3221,1.0247
24.768,raw,1474,-3.3075,-17.5518,0.9747
24.768,raw,1487,-3.0754,-19.8015,0.8771
24.768,raw,1499,-2.7714,-22.2072,0.7720
24.768,raw,1512,-2.1764,-24.1721,0.6875
24.768,raw,1525,-1.2952,-24.5592,0.6744
24.768,raw,1537,-0.4613,-24.9112,0.6613
24.768,raw,1550,0.4653,-25.3164,0.6445
24.768,raw,1562,9.6204,-0.6700,1.4053
24.768,raw,1575,9.3909,-0.3347,1.4167
24.768,raw,1588,9.1698,-0.0178,1.4272
24.768,raw,1600,9.0139,0.2609,1.4342
24.768,raw,1613,9.5444,0.5945,1.4094
24.768,raw,1625,21.9656,9.6065,0.7507
24.768,raw,1638,26.1097,12.6437,0.5209
24.768,raw,1651,-19.9456,16.9835,0.5753
24.768,raw,1663,-18.9987,15.1089,0.6617
24.768,raw,1676,-21.7781,3.8652,1.2908
24.768,raw,1688,-20.6190,2.9100,1.3192
24.768,raw,1701,-19.5394,1.9913,1.3452
24.768,raw,1714,-18.5441,1.1642,1.3685
24.768,raw,1726,-17.8356,0.4743,1.3847
24.768,raw,1739,-17.2583,-0.2198,1.3975
24.768,raw,1751,-16.7464,-0.8239,1.4083
24.768,raw,1764,-16.2502,-1.4460,1.4183
24.768,raw,1777,-8.1927,-1.0857,1.5960
24.768,raw,1789,-15.3988,-2.5669,1.4339
24.768,raw,1802,-14.5463,-3.0289,1.4506
24.768,raw,1814,-14.2429,-3.5183,1.4549
24.768,raw,1827,-13.9232,-4.0362,1.4589
24.768,raw,1840,-13.5967,-4.5387,1.4627
24.768,raw,1852,-13.3299,-5.0034,1.4650
24.768,raw,1865,-12.6502,-5.3438,1.4764
24.768,raw,1877,-12.3914,-5.7825,1.4779
24.768,raw,1890,-12.1223,-6.2581,1.4790
24.768,raw,1903,-11.6283,-6.6114,1.4852
24.768,raw,1915,-11.4308,-7.0654,1.4841
24.768,raw,1928,-11.1033,-7.4912,1.4855
24.768,raw,1940,-10.8697,-7.9265,1.4846
24.768,raw,1953,-10.5995,-8.3903,1.4836
24.768,raw,1966,-10.2451,-8.7930,1.4844
24.768,raw,1978,-10.0176,-9.2465,1.4820
24.768,raw,1991,-9.6741,-9.6619,1.4816
24.768,raw,2003,-9.4372,-10.1260,1.4784
24.768,raw,2016,-9.0835,-10.5442,1.4773
24.768,raw,2029,-8.7455,-10.9871,1.4751
24.768,raw,2041,-8.4300,-11.4030,1.4726
24.768,raw,2054,-8.1351,-11.9310,1.4675
24.768,raw,2066,-7.8024,-12.3604,1.4642
24.768,raw,2079,-4.3506,-8.1077,1.5847
24.768,raw,2092,-4.0713,-8.3507,1.5834
24.768,raw,2104,-6.7697,-13.9188,1.4472
24.768,raw,2117,-6.3591,-14.4301,1.4414
24.768,raw,2129,-5.9673,-14.9170,1.4356
24.768,raw,2142,-5.5800,-15.5892,1.4254
24.768,raw,2155,-7.0109,-21.2001,1.2987
24.768,raw,2167,-6.5769,-22.3658,1.2776
24.768,raw,2180,-6.0310,-23.6377,1.2545
24.768,raw,2192,-5.4806,-24.9142,1.2306
24.768,raw,2205,-4.6864,-25.7929,1.2158
24.768,raw,2218,-3.7637,-26.2483,1.2099
24.768,raw,2230,-2.9060,-26.7591,1.2018
24.768,raw,2243,-1.9438,-27.2844,1.1930
24.768,raw,2255,-1.0304,-27.8054,1.1833
24.768,raw,2268,-0.0024,-28.2804,1.1741
24.768,raw,2281,1.0578,-28.5211,1.1691
24.768,raw,2293,2.0621,-28.9998,1.1581
24.768,raw,2306,3.1893,-29.5029,1.1457
24.768,raw,2319,4.3662,-30.0562,1.1311
24.768,raw,2331,5.5003,-30.5818,1.1163
24.768,raw,2344,6.7585,-31.0178,1.1023
24.768,raw,2356,8.1362,-32.1942,1.0708
24.768,raw,2369,9.6620,-0.7490,1.6075
24.768,raw,2382,9.4547,-0.4110,1.6127
24.768,raw,2394,9.2514,-0.1138,1.6174
24.768,raw,2407,9.0501,0.1922,1.6219
24.768,raw,2419,9.3574,0.4863,1.6149
24.768,raw,2432,9.9079,0.8492,1.6022
24.768,raw,2445,-30.6517,10.7714,1.0631
24.768,raw,2457,-27.4747,8.6145,1.1443
24.768,raw,2470,-25.5157,6.9580,1.1958
24.768,raw,2482,-23.8927,5.6276,1.2376
24.768,raw,2495,-22.4334,4.3899,1.2746
24.768,raw,2508,-18.5188,-0.8567,1.8264
24.768,raw,2520,-17.6893,-1.9515,1.8254
24.768,raw,2533,-15.7589,-2.5754,1.8230
24.768,raw,2545,-33.1922,-7.1548,1.8473
24.768,raw,2558,-32.2200,-8.2562,1.8464
24.768,raw,2571,-31.2713,-9.3120,1.8455
24.768,raw,2583,-30.4086,-10.2477,1.8448
24.768,raw,2596,-29.5410,-11.2425,1.8441
24.768,raw,2608,-16.7037,-7.1891,1.8259
24.768,raw,2621,-27.9107,-13.0683,1.8430
24.768,raw,2634,-27.0780,-13.9773,1.8425
24.768,raw,2646,-25.9310,-14.5848,1.8415
24.768,raw,2659,-25.5676,-15.7004,1.8418
24.768,raw,2671,-24.8354,-16.4957,1.8416
24.768,raw,2684,-23.9281,-17.2603,1.8411
24.768,raw,2697,-23.0117,-17.9892,1.8407
24.768,raw,2709,-22.1757,-18.6449,1.8403
24.768,raw,2722,-21.3318,-19.3847,1.8401
24.768,raw,2734,-20.5727,-20.0724,1.8400
24.768,raw,2747,-19.7632,-20.8210,1.8399
24.768,raw,2760,-18.9038,-21.5112,1.8398
24.768,raw,2772,-18.0087,-22.0222,1.8395
24.768,raw,2785,-17.0598,-22.5774,1.8392
24.768,raw,2797,-16.1754,-23.0610,1.8390
24.768,raw,2810,-15.2348,-23.5914,1.8389
24.768,raw,2823,-14.3156,-24.1423,1.8388
24.768,raw,2835,-13.4554,-24.6275,1.8388
24.768,raw,2848,-12.5243,-25.1523,1.8388
24.768,raw,2860,-11.6657,-25.6415,1.8388
24.768,raw,2873,-9.1913,-22.7232,1.8338
24.768,raw,2886,-8.7299,-24.0745,1.8353
24.768,raw,2898,-8.2923,-25.4995,1.8368
24.768,raw,2911,-7.7364,-27.0918,1.8386
24.768,raw,2923,-7.1873,-28.7622,1.8406
24.768,raw,2936,-6.1733,-29.3292,1.8410
24.768,raw,2949,-5.1239,-29.8385,1.8413
24.768,raw,2961,-4.1364,-30.3127,1.8417
24.768,raw,2974,-3.0405,-30.8092,1.8422
24.768,raw,2986,-2.0117,-31.3308,1.8427
24.768,raw,2999,-0.8620,-31.8593,1.8433
24.768,raw,3012,0.3199,-32.4953,1.8441
24.768,raw,3024,1.4531,-33.1965,1.8451
24.768,raw,3037,2.7182,-33.5990,1.8457
24.768,raw,3050,4.0125,-33.9350,1.8462
24.768,raw,3062,5.2489,-34.3401,1.8470
24.768,raw,3075,9.4580,-0.4356,1.8115
24.768,raw,3087,9.2439,-0.1374,1.8112
24.768,raw,3100,9.0601,0.1691,1.8109
24.768,raw,3113,9.3561,0.4862,1.8114
24.768,raw,3125,9.8649,0.8197,1.8121
24.768,raw,3138,-32.0683,-4.6632,2.6272
24.768,raw,3150,-16.7649,-4.2739,2.2526
24.768,raw,3163,-16.4602,-5.2235,2.2516
24.768,raw,3176,-14.7282,-6.0643,2.2178
24.768,raw,3188,-14.5594,-6.6777,2.2197
24.768,raw,3201,-14.3941,-7.3002,2.2224
24.768,raw,3213,-14.2056,-7.8649,2.2245
24.768,raw,3226,-11.3282,-8.7607,2.1753
24.768,raw,3239,9.6203,-0.6700,2.0149
24.768,raw,3251,9.4061,-0.3597,2.0091
24.768,raw,3264,9.1889,-0.0416,2.0034
24.768,raw,3276,9.0184,0.2379,1.9992
24.768,raw,3289,9.5041,0.5674,2.0116
24.768,raw,3302,-31.9042,-3.8704,3.3973
24.768,raw,3314,-17.5963,-6.2158,2.7458
24.768,raw,3327,-25.7673,-14.9981,3.2805
24.768,raw,3339,9.6629,-0.7490,2.2207
24.768,raw,3352,9.4431,-0.4104,2.2089
24.768,raw,3365,9.2168,-0.0894,2.1974
24.768,raw,3377,9.0438,0.1921,2.1890
24.768,raw,3390,9.3995,0.5127,2.2067
24.768,raw,3402,9.8891,0.8475,2.2314
24.768,raw,3415,-26.1521,-14.2036,3.9991
24.768,raw,3428,-16.8917,0.3510,3.5037
24.768,raw,3440,-16.7023,-0.2620,3.4857
24.768,raw,3453,-16.4988,-0.9123,3.4686
24.768,raw,3465,-16.2831,-1.4989,3.4522
24.768,raw,3478,-16.0913,-2.1271,3.4405
24.768,raw,3491,-17.1638,-2.9577,3.5532
24.768,raw,3503,-18.4514,-3.8653,3.6897
24.768,raw,3516,-18.2278,-4.5732,3.6835
24.768,raw,3528,-17.9891,-5.2141,3.6768
24.768,raw,3541,-17.7737,-5.9175,3.6763
24.768,raw,3554,-17.5339,-6.7937,3.6819
24.768,raw,3566,-17.3426,-7.4512,3.6877
24.768,raw,3579,-17.1000,-8.1536,3.6930
24.768,raw,3591,-16.8822,-8.8101,3.7012
24.768,raw,3604,-15.5544,-8.9357,3.5944
24.768,raw,3617,-17.2736,-0.2726,3.9726
24.768,raw,3629,-16.9257,-0.8845,3.9339
24.768,raw,3642,-16.6197,-1.5294,3.9030
24.768,raw,3654,-16.2435,-2.0964,3.8658
24.768,raw,3667,-15.5821,-2.9885,3.8042
24.768,raw,3680,-15.3762,-3.5872,3.7944
24.768,raw,3692,-15.2236,-4.1447,3.7923
24.768,raw,3705,-14.9997,-4.7304,3.7855
24.768,raw,3717,-14.8279,-5.2797,3.7858
24.768,raw,3730,-14.6664,-6.0401,3.7987
24.768,raw,3743,-14.4669,-6.6375,3.8039
24.768,raw,3755,-14.2955,-7.1990,3.8130
24.768,raw,3768,-14.0953,-7.8073,3.8240
25.894,raw,0,9.0775,0.1042,0.5041
25.894,raw,11,-6.2590,-5.4159,0.5086
25.894,raw,23,-6.0644,-5.6673,0.5090
25.894,raw,34,-5.8898,-5.9709,0.5010
25.894,raw,46,9.5284,-0.5891,0.6270
25.894,raw,58,9.3386,-0.2925,0.6559
25.894,raw,69,9.1741,-0.0328,0.6799
25.894,raw,81,9.2213,0.2443,0.6729
25.894,raw,93,9.7044,0.5515,0.6034
25.894,raw,104,-6.9746,-5.7270,0.6394
25.894,raw,116,-6.7829,-6.0137,0.6377
25.894,raw,128,-6.6076,-6.3156,0.6320
25.894,raw,139,-6.4426,-6.5930,0.6259
25.894,raw,151,-6.2698,-6.9080,0.6163
25.894,raw,163,-6.0912,-7.2259,0.6056
25.894,raw,174,-5.9090,-7.5063,0.5969
25.894,raw,186,-5.6831,-7.7899,0.5902
25.894,raw,198,-5.5095,-8.1445,0.5717
25.894,raw,209,-5.2979,-8.4175,0.5621
25.894,raw,221,-4.6034,-8.0758,0.6421
25.894,raw,233,-4.2203,-8.1192,0.6631
25.894,raw,244,-4.5889,-9.3047,0.5239
25.894,raw,256,-4.3339,-9.6215,0.5074
25.894,raw,268,9.6282,-0.7433,0.8133
25.894,raw,279,9.4274,-0.4624,0.8391
25.894,raw,291,9.2819,-0.1736,0.8574
25.894,raw,303,9.0966,0.1044,0.8792
25.894,raw,314,9.4091,0.3676,0.8422
25.894,raw,326,9.9075,0.6899,0.7821
25.894,raw,338,-7.6668,-6.3700,0.7890
25.894,raw,349,-7.5322,-6.7022,0.7805
25.894,raw,361,-7.2820,-6.9881,0.7821
25.894,raw,373,-7.1366,-7.3663,0.7694
25.894,raw,384,-6.9232,-7.6488,0.7663
25.894,raw,396,-6.7058,-7.9768,0.7594
25.894,raw,408,-6.5289,-8.3573,0.7451
25.894,raw,419,-6.3481,-8.6993,0.7326
25.894,raw,431,-6.0576,-8.9724,0.7304
25.894,raw,443,-5.8009,-9.2943,0.7214
25.894,raw,454,-4.4706,-8.0358,0.8880
25.894,raw,466,-4.1514,-8.1679,0.8944
25.894,raw,478,-5.0223,-10.2699,0.6866
25.894,raw,489,-4.7774,-10.6107,0.6707
25.894,raw,501,-4.4714,-10.9352,0.6576
25.894,raw,513,-4.1874,-11.3304,0.6364
25.894,raw,524,-3.8914,-11.6462,0.6211
25.894,raw,536,-3.6206,-12.1574,0.5869
25.894,raw,548,-3.3777,-12.8246,0.5369
25.894,raw,559,-3.0858,-13.3287,0.5013
25.894,raw,571,9.5128,-0.5638,1.0263
25.894,raw,583,9.3376,-0.2689,1.0439
25.894,raw,594,9.1699,-0.0098,1.0600
25.894,raw,606,9.2496,0.2682,1.0523
25.894,raw,617,9.6930,0.5508,1.0101
25.894,raw,629,-8.9983,-6.1923,0.9767
25.894,raw,641,-8.7831,-6.5431,0.9762
25.894,raw,652,-8.6652,-6.9219,0.9682
25.894,raw,664,-8.4581,-7.2865,0.9649
25.894,raw,676,-8.2258,-7.6356,0.9626
25.894,raw,687,-8.0263,-7.9705,0.9582
25.894,raw,699,-7.8089,-8.3429,0.9521
25.894,raw,711,-7.5664,-8.6996,0.9471
25.894,raw,722,-7.3510,-9.0408,0.9405
25.894,raw,734,-7.1035,-9.4100,0.9331
25.894,raw,746,-6.8663,-9.8042,0.9230
25.894,raw,757,-6.5904,-10.1048,0.9185
25.894,raw,769,-6.3376,-10.5090,0.9064
25.894,raw,781,-4.1904,-8.0740,1.1289
25.894,raw,792,-5.7812,-11.2359,0.8859
25.894,raw,804,-5.4581,-11.5912,0.8762
25.894,raw,816,-5.1759,-12.0464,0.8580
25.894,raw,827,-4.8651,-12.3940,0.8463
25.894,raw,839,-4.5181,-12.7867,0.8318
25.894,raw,851,-4.2877,-13.5086,0.7921
25.894,raw,862,-4.0218,-14.1237,0.7591
25.894,raw,874,-3.6986,-14.8066,0.7219
25.894,raw,886,-3.3532,-15.5481,0.6801
25.894,raw,897,-3.0211,-16.3175,0.6349
25.894,raw,909,-2.6127,-17.1696,0.5842
25.894,raw,921,9.6809,-0.8469,1.2100
25.894,raw,932,9.5195,-0.5643,1.2228
25.894,raw,944,9.3206,-0.2683,1.2376
25.894,raw,956,9.1565,0.0132,1.2493
25.894,raw,967,9.2705,0.2688,1.2412
25.894,raw,979,9.6969,0.5757,1.2109
25.894,raw,991,-11.7496,-3.1901,1.1936
25.894,raw,1002,-11.5208,-3.5631,1.1993
25.894,raw,1014,-11.4166,-4.0076,1.1980
25.894,raw,1026,-11.2037,-4.4158,1.2012
25.894,raw,1037,-11.0102,-4.7865,1.2035
25.894,raw,1049,-10.8928,-5.2284,1.2007
25.894,raw,1061,-10.6795,-5.6297,1.2019
25.894,raw,1072,-10.5001,-6.0047,1.2016
25.894,raw,1084,-10.3101,-6.4179,1.2003
25.894,raw,1096,-10.1240,-6.8365,1.1980
25.894,raw,1107,-10.0005,-7.2552,1.1926
25.894,raw,1119,-9.7677,-7.6540,1.1912
25.894,raw,1131,-9.5317,-8.0538,1.1892
25.894,raw,1142,-9.3225,-8.4301,1.1861
25.894,raw,1154,-9.0242,-8.7871,1.1861
25.894,raw,1166,-8.7782,-9.1932,1.1822
25.894,raw,1177,-8.5768,-9.5974,1.1761
25.894,raw,1189,-8.2768,-9.9683,1.1735
25.894,raw,1200,-8.0622,-10.3820,1.1662
25.894,raw,1212,-7.7604,-10.7705,1.1618
25.894,raw,1224,-7.5098,-11.2376,1.1523
25.894,raw,1235,-7.2060,-11.5854,1.1478
25.894,raw,1247,-4.2238,-8.0235,1.3585
25.894,raw,1259,-6.6114,-12.4997,1.1283
25.894,raw,1270,-6.2950,-12.8845,1.1207
25.894,raw,1282,-5.9501,-13.3314,1.1105
25.894,raw,1294,-5.5944,-13.7928,1.0992
25.894,raw,1305,-5.3262,-14.3818,1.0802
25.894,raw,1317,-5.0428,-15.1281,1.0540
25.894,raw,1329,-4.7369,-15.9294,1.0251
25.894,raw,1340,-4.5576,-17.0886,0.9781
25.894,raw,1352,-4.4287,-18.8420,0.9037
25.894,raw,1364,-4.7679,-22.8479,0.7239
25.894,raw,1375,-4.2577,-23.9794,0.6793
25.894,raw,1387,-3.5482,-24.7925,0.6497
25.894,raw,1399,-2.7393,-25.2638,0.6348
25.894,raw,1410,-1.9835,-25.7498,0.6176
25.894,raw,1422,-1.1143,-26.0918,0.6063
25.894,raw,1434,-0.2293,-26.4824,0.5914
25.894,raw,1445,0.6013,-26.9028,0.5737
25.894,raw,1457,1.5362,-27.3357,0.5541
25.894,raw,1469,2.4924,-27.5698,0.5421
25.894,raw,1480,3.4026,-27.9972,0.5201
25.894,raw,1492,9.6472,-0.7696,1.4128
25.894,raw,1504,9.4303,-0.4626,1.4237
25.894,raw,1515,9.2690,-0.1965,1.4316
25.894,raw,1527,9.0869,0.0816,1.4400
25.894,raw,1539,9.4090,0.3676,1.4250
25.894,raw,1550,9.8226,0.6585,1.4055
25.894,raw,1562,26.3370,12.1436,0.5291
25.894,raw,1574,-19.2287,18.1870,0.5569
25.894,raw,1585,-18.5546,16.5000,0.6303
25.894,raw,1597,-18.1211,15.0403,0.6873
25.894,raw,1609,-18.9686,3.7798,1.3478
25.894,raw,1620,-18.6121,3.0698,1.3582
25.894,raw,1632,-18.2707,2.3342,1.3678
25.894,raw,1644,-17.9461,1.6295,1.3765
25.894,raw,1655,-17.6653,1.0075,1.3836
25.894,raw,1667,-17.3550,0.3514,1.3910
25.894,raw,1679,-17.0493,-0.2825,1.3977
25.894,raw,1690,-16.7667,-0.8456,1.4035
25.894,raw,1702,-8.4173,-0.7684,1.5875
25.894,raw,1714,-8.2833,-1.0869,1.5898
25.894,raw,1725,-15.3273,-2.4534,1.4317
25.894,raw,1737,-15.0975,-2.9961,1.4347
25.894,raw,1749,-14.9027,-3.5376,1.4365
25.894,raw,1760,-14.7038,-4.0242,1.4383
25.894,raw,1772,-14.5063,-4.5554,1.4394
25.894,raw,1783,-13.8713,-4.8911,1.4506
25.894,raw,1795,-13.6836,-5.4039,1.4508
25.894,raw,1807,-13.4951,-5.9164,1.4506
25.894,raw,1818,-13.3202,-6.3863,1.4501
25.894,raw,1830,-12.7968,-6.7402,1.4573
25.894,raw,1842,-12.6335,-7.2597,1.4553
25.894,raw,1853,-12.1376,-7.5455,1.4619
25.894,raw,1865,-11.9759,-8.0664,1.4591
25.894,raw,1877,-11.6750,-8.5061,1.4595
25.894,raw,1888,-11.3503,-8.8738,1.4608
25.894,raw,1900,-11.2148,-9.4375,1.4558
25.894,raw,1912,-10.8926,-9.8689,1.4555
25.894,raw,1923,-10.5500,-10.2250,1.4561
25.894,raw,1935,-10.4487,-10.8666,1.4483
25.894,raw,1947,-10.0932,-11.2885,1.4474
25.894,raw,1958,-9.7741,-11.6868,1.4460
25.894,raw,1970,-9.6456,-12.3813,1.4365
25.894,raw,1982,-9.2883,-12.8423,1.4338
25.894,raw,1993,-8.9585,-13.2750,1.4308
25.894,raw,2005,-8.6018,-13.7695,1.4267
25.894,raw,2017,-8.2044,-14.2268,1.4233
25.894,raw,2028,-8.0680,-15.0366,1.4098
25.894,raw,2040,-9.3036,-18.4522,1.3310
25.894,raw,2052,-8.9668,-19.3905,1.3164
25.894,raw,2063,-8.6356,-20.2980,1.3018
25.894,raw,2075,-8.2456,-21.3435,1.2844
25.894,raw,2087,-7.8360,-22.4885,1.2646
25.894,raw,2098,-7.4161,-23.5771,1.2455
25.894,raw,2110,-6.9345,-24.8974,1.2214
25.894,raw,2122,-6.4007,-26.3124,1.1950
25.894,raw,2133,-5.6884,-27.0289,1.1838
25.894,raw,2145,-4.8000,-27.4751,1.1787
25.894,raw,2157,-3.8955,-27.9278,1.1728
25.894,raw,2168,-3.0537,-28.3737,1.1662
25.894,raw,2180,-2.1192,-28.9218,1.1569
25.894,raw,2192,-1.1604,-29.5456,1.1452
25.894,raw,2203,-0.2488,-30.1266,1.1337
25.894,raw,2215,0.7866,-30.5937,1.1240
25.894,raw,2227,1.8503,-30.9234,1.1167
25.894,raw,2238,2.8508,-31.3033,1.1074
25.894,raw,2250,3.9915,-31.9199,1.0921
25.894,raw,2262,5.1855,-32.5664,1.0751
25.894,raw,2273,6.3103,-33.0433,1.0613
25.894,raw,2285,9.6561,-0.7950,1.6120
25.894,raw,2297,9.4537,-0.4879,1.6170
25.894,raw,2308,9.3037,-0.2209,1.6206
25.894,raw,2320,9.1101,0.0589,1.6249
25.894,raw,2332,9.3268,0.3408,1.6200
25.894,raw,2343,9.8046,0.6323,1.6092
25.894,raw,2355,-25.9738,22.5589,1.0215
25.894,raw,2366,-25.1796,20.5287,1.0632
25.894,raw,2378,-24.4171,18.5557,1.1028
25.894,raw,2390,-23.9471,16.9268,1.1319
25.894,raw,2401,-23.1071,15.2701,1.1674
25.894,raw,2413,-24.7259,15.0664,1.1391
25.894,raw,2425,-23.8992,13.4527,1.1724
25.894,raw,2436,-23.2172,12.1118,1.1993
25.894,raw,2448,-22.4843,10.7495,1.2268
25.894,raw,2460,-21.8654,9.5258,1.2500
25.894,raw,2471,-21.2955,8.4704,1.2703
25.894,raw,2483,-20.7345,7.4082,1.2898
25.894,raw,2495,-20.2303,6.4256,1.3070
25.894,raw,2506,-19.7926,5.5793,1.3213
25.894,raw,2518,-19.3848,4.7193,1.3346
25.894,raw,2530,-18.5193,-0.5347,1.8267
25.894,raw,2541,-17.4986,-1.1508,1.8254
25.894,raw,2553,-31.7302,-3.8667,1.8449
25.894,raw,2565,-33.6146,-5.8255,1.8478
25.894,raw,2576,-32.8800,-6.8155,1.8471
25.894,raw,2588,-32.1220,-7.8669,1.8464
25.894,raw,2600,-31.3873,-8.8893,1.8457
25.894,raw,2611,-30.7226,-9.8013,1.8452
25.894,raw,2623,-29.9965,-10.7681,1.8447
25.894,raw,2635,-14.9440,-6.1825,1.8234
25.894,raw,2646,-28.7018,-12.5872,1.8439
25.894,raw,2658,-28.0114,-13.5000,1.8436
25.894,raw,2670,-26.2382,-13.8459,1.8416
25.894,raw,2681,-26.7538,-15.2349,1.8431
25.894,raw,2693,-26.1267,-16.1394,1.8430
25.894,raw,2705,-25.4876,-17.0297,1.8429
25.894,raw,2716,-24.9070,-17.8450,1.8428
25.894,raw,2728,-24.2777,-18.7360,1.8428
25.894,raw,2740,-23.6287,-19.6133,1.8429
25.894,raw,2751,-23.0521,-20.4358,1.8430
25.894,raw,2763,-22.4136,-21.3333,1.8431
25.894,raw,2775,-21.7796,-22.2476,1.8433
25.894,raw,2786,-21.1733,-23.0755,1.8436
25.894,raw,2798,-20.5161,-24.0022,1.8439
25.894,raw,2810,-19.6895,-24.7541,1.8439
25.894,raw,2821,-19.1507,-25.7248,1.8445
25.894,raw,2833,-18.3875,-26.5973,1.8448
25.894,raw,2845,-17.6532,-27.5427,1.8452
25.894,raw,2856,-16.9605,-28.4199,1.8457
25.894,raw,2868,-16.1738,-29.3764,1.8463
25.894,raw,2880,-15.3937,-30.4064,1.8470
25.894,raw,2891,9.6845,-0.8472,1.8116
25.894,raw,2903,9.4725,-0.5370,1.8113
25.894,raw,2915,9.2860,-0.2437,1.8110
25.894,raw,2926,9.1281,0.0132,1.8108
25.894,raw,2938,9.2594,0.2917,1.8110
25.894,raw,2949,9.7024,0.5760,1.8116
25.894,raw,2961,-31.9039,-3.5983,2.6247
25.894,raw,2973,-16.5485,-4.8228,2.2554
25.894,raw,2984,-16.8830,-6.6928,2.2776
25.894,raw,2996,-15.8056,-7.3706,2.2591
25.894,raw,3008,-26.2338,-13.8437,2.5613
25.894,raw,3019,-11.4015,-8.5875,2.1779
25.894,raw,3031,9.6423,-0.7937,2.0108
25.894,raw,3043,9.4466,-0.4874,2.0053
25.894,raw,3054,9.2812,-0.2202,2.0009
25.894,raw,3066,9.0827,0.0588,1.9959
25.894,raw,3078,9.3445,0.3415,2.0025
25.894,raw,3089,9.7891,0.6312,2.0139
25.894,raw,3101,-31.9555,-3.7004,3.4081
25.894,raw,3113,-17.6220,-6.2988,2.7568
25.894,raw,3124,-25.9364,-14.5862,3.2857
25.894,raw,3136,-19.7500,-24.6814,3.3620
25.894,raw,3148,-13.9896,-8.2003,3.0380
25.894,raw,3159,-16.7969,0.3936,3.5136
25.894,raw,3171,-16.6088,-0.2237,3.4955
25.894,raw,3183,-16.4154,-0.8284,3.4789
25.894,raw,3194,-16.2440,-1.3732,3.4660
25.894,raw,3206,-16.0601,-1.9587,3.4540
25.894,raw,3218,-15.6938,-2.5086,3.4263
25.894,raw,3229,-18.4664,-3.5651,3.7036
25.894,raw,3241,-18.2587,-4.2246,3.6966
25.894,raw,3253,-18.0605,-4.8821,3.6927
25.894,raw,3264,-17.8748,-5.4819,3.6906
25.894,raw,3276,-15.6192,-5.6241,3.4894
25.894,raw,3288,-17.4642,-6.9704,3.6982
25.894,raw,3299,-17.2757,-7.5736,3.7026
25.894,raw,3311,-17.0615,-8.2322,3.7088
25.894,raw,3323,-16.8615,-8.9038,3.7190
25.894,raw,3334,-14.6931,-8.4645,3.5160
25.894,raw,3346,-17.1510,-0.2316,3.9814
25.894,raw,3358,-16.9432,-0.8543,3.9591
25.894,raw,3369,-16.6050,-1.4024,3.9231
25.894,raw,3381,-15.8111,-2.6263,3.8464
25.894,raw,3393,-15.5936,-3.1883,3.8324
25.894,raw,3404,-15.3973,-3.6975,3.8219
25.894,raw,3416,-15.1546,-4.2396,3.8091
25.894,raw,3428,-14.9632,-4.7900,3.8048
25.894,raw,3439,-14.7852,-5.4968,3.8105
25.894,raw,3451,-14.6288,-6.0609,3.8161
25.894,raw,3463,-14.4386,-6.6149,3.8199
25.894,raw,3474,-14.2778,-7.1318,3.8274
25.894,raw,3486,-14.1156,-7.7081,3.8400
27.178,raw,0,9.1404,-0.2476,0.5005
27.178,raw,12,8.9747,0.0274,0.5289
27.178,raw,24,-6.2508,-5.0821,0.5249
27.178,raw,36,-6.0984,-5.3602,0.5194
27.178,raw,48,-5.9336,-5.6322,0.5143
27.178,raw,60,-5.8031,-5.9375,0.5011
27.178,raw,73,9.3828,-0.6355,0.6527
27.178,raw,85,9.1994,-0.3422,0.6814
27.178,raw,97,9.0394,-0.0631,0.7053
27.178,raw,109,9.0262,0.2062,0.7074
27.178,raw,121,9.4781,0.4966,0.6429
27.178,raw,133,-6.7805,-5.4843,0.6643
27.178,raw,146,-6.6490,-5.8424,0.6522
27.178,raw,158,-6.4978,-6.1581,0.6434
27.178,raw,170,-6.3364,-6.4725,0.6342
27.178,raw,182,-6.1918,-6.8105,0.6204
27.178,raw,194,-6.0392,-7.1527,0.6055
27.178,raw,206,-5.8357,-7.4539,0.5968
27.178,raw,219,-5.6490,-7.8290,0.5789
27.178,raw,231,-5.4604,-8.1720,0.5623
27.178,raw,243,-4.7997,-7.9040,0.6341
27.178,raw,255,-4.4400,-7.9932,0.6503
27.178,raw,267,-4.8064,-9.1841,0.5116
27.178,raw,279,9.5095,-0.8155,0.8310
27.178,raw,292,9.2878,-0.4868,0.8602
27.178,raw,304,9.1065,-0.2007,0.8831
27.178,raw,316,8.9244,0.0722,0.9050
27.178,raw,328,9.2318,0.3469,0.8688
27.178,raw,340,9.7135,0.6544,0.8112
27.178,raw,353,-7.4978,-6.1741,0.8045
27.178,raw,365,-7.3458,-6.5254,0.7963
27.178,raw,377,-7.1576,-6.8551,0.7908
27.178,raw,389,-7.0134,-7.2301,0.7782
27.178,raw,401,-6.8131,-7.5651,0.7708
27.178,raw,413,-6.6761,-7.9733,0.7533
27.178,raw,426,-6.4571,-8.3606,0.7411
27.178,raw,438,-6.2606,-8.7390,0.7267
27.178,raw,450,-6.0342,-9.0975,0.7143
27.178,raw,462,-4.6411,-7.8828,0.8819
27.178,raw,474,-4.3664,-8.0870,0.8811
27.178,raw,486,-5.2910,-10.1883,0.6715
27.178,raw,499,-5.0237,-10.6344,0.6490
27.178,raw,511,-4.7267,-10.9876,0.6339
27.178,raw,523,-4.4590,-11.4269,0.6091
27.178,raw,535,-4.1704,-11.8663,0.5837
27.178,raw,547,-3.9251,-12.4626,0.5419
27.178,raw,559,9.4925,-0.8136,1.0299
27.178,raw,572,9.3085,-0.4884,1.0496
27.178,raw,584,9.1236,-0.2013,1.0682
27.178,raw,596,8.9440,0.0721,1.0854
27.178,raw,608,9.2349,0.3470,1.0582
27.178,raw,620,9.7228,0.6550,1.0117
27.178,raw,633,-8.6607,-6.1024,0.9941
27.178,raw,645,-8.5188,-6.4928,0.9876
27.178,raw,657,-8.3286,-6.8565,0.9839
27.178,raw,669,-8.2132,-7.2842,0.9724
27.178,raw,681,-8.0229,-7.6645,0.9661
27.178,raw,693,-7.8247,-8.0468,0.9591
27.178,raw,706,-7.6054,-8.4684,0.9502
27.178,raw,718,-7.3786,-8.8453,0.9428
27.178,raw,730,-7.1886,-9.2751,0.9300
27.178,raw,742,-6.9604,-9.6798,0.9192
27.178,raw,754,-6.6795,-10.0354,0.9123
27.178,raw,766,-4.5637,-7.8731,1.1193
27.178,raw,779,-4.3336,-8.1918,1.1104
27.178,raw,791,-5.8975,-11.3646,0.8678
27.178,raw,803,-5.6021,-11.7857,0.8533
27.178,raw,815,-5.3362,-12.2947,0.8314
27.178,raw,827,-5.0098,-12.7306,0.8148
27.178,raw,839,-4.7454,-13.3486,0.7838
27.178,raw,852,-4.5162,-14.2572,0.7321
27.178,raw,864,-4.2238,-15.0201,0.6901
27.178,raw,876,-3.9169,-15.8772,0.6409
27.178,raw,888,-3.5816,-16.8168,0.5855
27.178,raw,900,9.4796,-0.8122,1.2269
27.178,raw,913,9.2713,-0.4856,1.2433
27.178,raw,925,9.1307,-0.2016,1.2541
27.178,raw,937,8.9395,0.0722,1.2677
27.178,raw,949,9.2450,0.3472,1.2464
27.178,raw,961,9.7249,0.6551,1.2123
27.178,raw,973,-10.9040,-2.9947,1.2301
27.178,raw,986,-10.8274,-3.4599,1.2278
27.178,raw,998,-10.6424,-3.8552,1.2304
27.178,raw,1010,-10.5824,-4.2934,1.2264
27.178,raw,1022,-10.4298,-4.7006,1.2260
27.178,raw,1034,-10.2722,-5.1066,1.2253
27.178,raw,1046,-10.2155,-5.5646,1.2187
27.178,raw,1059,-10.0340,-6.0090,1.2167
27.178,raw,1071,-9.8921,-6.4384,1.2127
27.178,raw,1083,-9.7310,-6.8633,1.2088
27.178,raw,1095,-9.5993,-7.3162,1.2024
27.178,raw,1107,-9.4061,-7.7363,1.1985
27.178,raw,1119,-9.1397,-8.1067,1.1979
27.178,raw,1132,-8.9118,-8.5621,1.1927
27.178,raw,1144,-8.7327,-9.0222,1.1849
27.178,raw,1156,-8.5211,-9.4676,1.1780
27.178,raw,1168,-8.2540,-9.8707,1.1734
27.178,raw,1180,-8.0379,-10.3428,1.1642
27.178,raw,1192,-7.7629,-10.7661,1.1577
27.178,raw,1205,-7.5353,-11.3362,1.1439
27.178,raw,1217,-4.4792,-7.9011,1.3523
27.178,raw,1229,-7.0066,-12.3380,1.1207
27.178,raw,1241,-6.6977,-12.8190,1.1097
27.178,raw,1253,-6.3819,-13.3227,1.0973
27.178,raw,1266,-6.0092,-13.8572,1.0840
27.178,raw,1278,-5.7507,-14.5773,1.0598
27.178,raw,1290,-5.5183,-15.4513,1.0280
27.178,raw,1302,-5.4016,-16.7535,0.9752
27.178,raw,1314,-6.4664,-21.6380,0.7500
27.178,raw,1326,-6.0503,-22.9638,0.6987
27.178,raw,1339,-5.5503,-24.5560,0.6357
27.178,raw,1351,-4.8158,-25.2799,0.6120
27.178,raw,1363,-4.0135,-25.8541,0.5943
27.178,raw,1375,-3.1840,-26.4349,0.5752
27.178,raw,1387,-2.3318,-27.0742,0.5521
27.178,raw,1399,-1.4411,-27.6907,0.5288
27.178,raw,1412,-0.4254,-28.1950,0.5094
27.178,raw,1424,9.4508,-0.7372,1.4237
27.178,raw,1436,9.2636,-0.4386,1.4333
27.178,raw,1448,9.0852,-0.1546,1.4421
27.178,raw,1460,8.9104,0.1165,1.4503
27.178,raw,1472,9.3045,0.3955,1.4321
27.178,raw,1485,9.8651,0.7390,1.4058
27.178,raw,1497,-16.7429,21.9266,0.5136
27.178,raw,1509,-16.4494,20.1221,0.5848
27.178,raw,1521,-15.9203,18.2239,0.6648
27.178,raw,1533,-15.7302,16.8286,0.7162
27.178,raw,1546,-15.5295,15.4395,0.7664
27.178,raw,1558,-15.1572,14.0923,0.8197
27.178,raw,1570,-14.9532,12.9809,0.8590
27.178,raw,1582,-14.4936,3.2137,1.4464
27.178,raw,1594,-14.3441,2.6298,1.4519
27.178,raw,1606,-14.1842,2.0613,1.4572
27.178,raw,1619,-14.0149,1.4637,1.4623
27.178,raw,1631,-13.8597,0.9269,1.4666
27.178,raw,1643,-13.7135,0.4029,1.4702
27.178,raw,1655,-13.5943,-0.1106,1.4729
27.178,raw,1667,-13.4587,-0.6157,1.4755
27.178,raw,1679,-8.3581,-0.6952,1.5877
27.178,raw,1692,-13.1613,-1.6429,1.4801
27.178,raw,1704,-12.8288,-2.0966,1.4860
27.178,raw,1716,-12.7186,-2.5750,1.4866
27.178,raw,1728,-12.5725,-3.0440,1.4876
27.178,raw,1740,-12.4350,-3.5125,1.4881
27.178,raw,1752,-12.3508,-3.9963,1.4870
27.178,raw,1765,-12.0330,-4.4474,1.4906
27.178,raw,1777,-11.9595,-4.9370,1.4884
27.178,raw,1789,-11.8478,-5.4184,1.4867
27.178,raw,1801,-11.6377,-5.8606,1.4870
27.178,raw,1813,-11.5221,-6.3504,1.4846
27.178,raw,1826,-11.3028,-6.8393,1.4838
27.178,raw,1838,-11.1516,-7.3249,1.4813
27.178,raw,1850,-10.9677,-7.7992,1.4792
27.178,raw,1862,-10.7235,-8.2400,1.4783
27.178,raw,1874,-10.6009,-8.7768,1.4735
27.178,raw,1886,-10.3759,-9.2509,1.4710
27.178,raw,1899,-10.1240,-9.7700,1.4679
27.178,raw,1911,-10.0875,-10.4458,1.4585
27.178,raw,1923,-9.8354,-10.9483,1.4548
27.178,raw,1935,-9.5769,-11.4620,1.4506
27.178,raw,1947,-9.5665,-12.2814,1.4373
27.178,raw,1959,-9.2999,-12.8522,1.4315
27.178,raw,1972,-9.0023,-13.4944,1.4244
27.178,raw,1984,-8.7311,-14.1309,1.4165
27.178,raw,1996,-8.4285,-14.7655,1.4086
27.178,raw,2008,-9.9162,-18.4282,1.3227
27.178,raw,2020,-9.6339,-19.4566,1.3061
27.178,raw,2032,-9.3232,-20.5451,1.2881
27.178,raw,2045,-8.9672,-21.8355,1.2660
27.178,raw,2057,-8.6014,-23.1123,1.2435
27.178,raw,2069,-8.2285,-24.5699,1.2167
27.178,raw,2081,-7.8019,-26.1316,1.1876
27.178,raw,2093,-7.2743,-27.6786,1.1587
27.178,raw,2105,-6.4017,-28.2934,1.1509
27.178,raw,2118,-5.4237,-28.9451,1.1422
27.178,raw,2130,-4.5003,-29.5850,1.1326
27.178,raw,2142,-3.5431,-30.2114,1.1226
27.178,raw,2154,-2.5577,-30.8747,1.1111
27.178,raw,2166,-1.5376,-31.5676,1.0982
27.178,raw,2179,-0.3906,-32.4220,1.0812
27.178,raw,2191,0.7201,-33.2599,1.0635
27.178,raw,2203,1.8831,-33.8739,1.0499
27.178,raw,2215,3.0871,-34.4338,1.0365
27.178,raw,2227,9.3711,-0.6581,1.6195
27.178,raw,2239,9.2163,-0.3662,1.6234
27.178,raw,2252,9.0252,-0.0628,1.6278
27.178,raw,2264,9.0186,0.2061,1.6280
27.178,raw,2276,9.5022,0.4977,1.6172
27.178,raw,2288,-21.6613,26.7855,1.0244
27.178,raw,2300,-21.3243,24.6287,1.0649
27.178,raw,2312,-20.4321,22.0869,1.1191
27.178,raw,2325,-19.6692,19.7854,1.1667
27.178,raw,2337,-19.3431,18.1815,1.1958
27.178,raw,2349,-18.6083,16.3591,1.2342
27.178,raw,2361,-18.0062,14.7874,1.2661
27.178,raw,2373,-17.4301,13.3553,1.2951
27.178,raw,2385,-16.9563,12.0980,1.3194
27.178,raw,2398,-11.3615,7.7509,1.4751
27.178,raw,2410,-16.3128,9.9447,1.3563
27.178,raw,2422,-16.0626,9.0352,1.3706
27.178,raw,2434,-15.8528,8.1936,1.3830
27.178,raw,2446,-15.6230,7.3847,1.3950
27.178,raw,2459,-15.4159,6.5689,1.4061
27.178,raw,2471,-15.2270,5.8511,1.4155
27.178,raw,2483,-15.0279,5.1600,1.4244
27.178,raw,2495,-14.8476,4.5023,1.4323
27.178,raw,2507,-14.6911,3.8748,1.4391
27.178,raw,2519,-25.7668,5.5998,1.8373
27.178,raw,2532,-25.5698,4.5244,1.8368
27.178,raw,2544,-25.3956,3.5575,1.8364
27.178,raw,2556,-25.2557,2.6145,1.8360
27.178,raw,2568,-25.0756,1.6847,1.8357
27.178,raw,2580,-24.9049,0.7715,1.8354
27.178,raw,2592,-24.7720,-0.1288,1.8352
27.178,raw,2605,-24.5906,-1.0926,1.8350
27.178,raw,2617,-8.7652,-0.7005,1.8136
27.178,raw,2629,-24.3036,-2.8528,1.8348
27.178,raw,2641,-16.1099,-2.5101,1.8238
27.178,raw,2653,-17.2318,-3.3346,1.8254
27.178,raw,2665,-16.6039,-3.8582,1.8247
27.178,raw,2678,-16.4118,-4.5133,1.8247
27.178,raw,2690,-23.6183,-7.3276,1.8351
27.178,raw,2702,-23.4953,-8.2300,1.8353
27.178,raw,2714,-15.1188,-6.0392,1.8237
27.178,raw,2726,-23.2095,-10.0590,1.8359
27.178,raw,2739,-23.0380,-11.0687,1.8362
27.178,raw,2751,-24.4736,-12.8227,1.8390
27.178,raw,2763,-24.1919,-13.7995,1.8393
27.178,raw,2775,-23.8210,-14.7413,1.8395
27.178,raw,2787,-23.4536,-15.6986,1.8397
27.178,raw,2799,-23.0894,-16.6754,1.8400
27.178,raw,2812,-22.6694,-17.7395,1.8404
27.178,raw,2824,-22.3175,-18.7759,1.8409
27.178,raw,2836,-21.9394,-19.8237,1.8414
27.178,raw,2848,-21.5632,-20.9106,1.8420
27.178,raw,2860,-21.1655,-22.0209,1.8427
27.178,raw,2872,-20.7363,-23.1478,1.8433
27.178,raw,2885,-19.9079,-24.0158,1.8435
27.178,raw,2897,-19.8069,-25.6407,1.8450
27.178,raw,2909,-19.2681,-26.8264,1.8459
27.178,raw,2921,-18.7202,-28.0726,1.8468
27.178,raw,2933,9.5088,-0.8395,1.8113
27.178,raw,2945,9.3223,-0.5362,1.8110
27.178,raw,2958,9.1260,-0.2242,1.8107
27.178,raw,2970,8.9517,0.0499,1.8105
27.178,raw,2982,9.2268,0.3237,1.8108
27.178,raw,2994,9.6766,0.6277,1.8115
27.178,raw,3006,-26.5429,20.9252,1.8470
27.178,raw,3018,-26.9570,19.7550,1.8465
27.178,raw,3031,-27.6843,18.6969,1.8466
27.178,raw,3043,-28.3192,17.6955,1.8466
27.178,raw,3055,-28.9922,16.7124,1.8467
27.178,raw,3067,-28.4783,15.1206,1.8451
27.178,raw,3079,-27.1109,13.2232,1.8423
27.178,raw,3092,-26.8559,11.8523,1.8412
27.178,raw,3104,-26.6444,10.6502,1.8404
27.178,raw,3116,-26.4487,9.4987,1.8396
27.178,raw,3128,-26.2556,8.3881,1.8389
27.178,raw,3140,-26.0833,7.3189,1.8383
27.178,raw,3152,-25.8855,6.2751,1.8377
27.178,raw,3165,-32.0621,-3.0763,2.6286
27.178,raw,3177,-18.6850,-2.9581,2.2992
27.178,raw,3189,-16.3729,-6.3384,2.2645
27.178,raw,3201,-26.2710,-14.1258,2.5673
27.178,raw,3213,-20.1455,-24.4291,2.6064
27.178,raw,3225,9.3517,-0.6091,2.0021
27.178,raw,3238,9.1529,-0.2938,1.9967
27.178,raw,3250,8.9967,-0.0175,1.9926
27.178,raw,3262,9.0918,0.2523,1.9949
27.178,raw,3274,9.5800,0.5495,2.0073
27.178,raw,3286,-32.0573,-3.1724,3.4131
27.178,raw,3298,-15.0744,-4.8716,2.6221
27.178,raw,3311,-26.1497,-14.3637,3.2936
27.178,raw,3323,-16.1945,-1.8605,3.0577
27.178,raw,3335,-17.0319,0.9405,3.5421
27.178,raw,3347,-19.7628,-0.2635,3.8010
27.178,raw,3359,-19.5424,-0.9768,3.7824
27.178,raw,3372,-19.3031,-1.7354,3.7647
27.178,raw,3384,-19.1053,-2.4270,3.7530
27.178,raw,3396,-18.6336,-3.2430,3.7198
27.178,raw,3408,-18.3994,-4.0807,3.7129
27.178,raw,3420,-18.0440,-5.2384,3.7063
27.178,raw,3432,-17.5892,-6.9071,3.7142
27.178,raw,3445,-17.2685,-8.0266,3.7260
27.178,raw,3457,-17.0568,-8.6981,3.7345
27.178,raw,3469,-17.0189,0.9925,3.9739
27.178,raw,3481,-16.8204,0.3598,3.9479
27.178,raw,3493,-16.6487,-0.2592,3.9277
27.178,raw,3505,-16.4349,-0.8649,3.9050
27.178,raw,3518,-16.2615,-1.5124,3.8901
27.178,raw,3530,-15.8728,-2.0734,3.8515
27.178,raw,3542,-15.7124,-2.6495,3.8424
27.178,raw,3554,-15.5304,-3.2168,3.8331
27.178,raw,3566,-15.3455,-3.7785,3.8258
27.178,raw,3578,-15.1699,-4.3391,3.8219
27.178,raw,3591,-14.9849,-5.1516,3.8284
27.178,raw,3603,-14.8417,-5.7249,3.8345
27.178,raw,3615,-14.6731,-6.2925,3.8399
27.178,raw,3627,-14.5040,-6.8642,3.8478
27.178,raw,3639,-14.3298,-7.4392,3.8579
28.347,raw,0,9.2670,-0.4922,0.5004
28.347,raw,12,9.0920,-0.2112,0.5318
28.347,raw,24,8.9426,0.0567,0.5574
28.347,raw,37,9.1687,0.3463,0.5198
28.347,raw,49,-5.7146,-5.3573,0.5459
28.347,raw,62,-5.5278,-5.6371,0.5418
28.347,raw,74,-5.3707,-5.9123,0.5332
28.347,raw,86,-5.1811,-6.1626,0.5288
28.347,raw,99,-5.0555,-6.5205,0.5059
28.347,raw,111,9.4919,-0.8398,0.6541
28.347,raw,124,9.3084,-0.5184,0.6841
28.347,raw,136,9.1092,-0.2343,0.7145
28.347,raw,149,8.9176,0.0569,0.7424
28.347,raw,161,9.1283,0.3228,0.7126
28.347,raw,173,9.6099,0.6202,0.6434
28.347,raw,186,-6.2383,-5.6929,0.6870
28.347,raw,198,-6.0820,-5.9916,0.6797
28.347,raw,211,-5.9004,-6.3116,0.6716
28.347,raw,223,-5.7337,-6.6148,0.6621
28.347,raw,236,-5.5609,-6.9611,0.6482
28.347,raw,248,-5.3954,-7.2865,0.6339
28.347,raw,260,-5.1925,-7.5818,0.6237
28.347,raw,273,-4.9654,-7.9041,0.6115
28.347,raw,285,-4.5653,-7.9550,0.6350
28.347,raw,298,-4.5709,-8.6299,0.5705
28.347,raw,310,-4.3640,-8.9858,0.5490
28.347,raw,323,-4.0715,-9.2829,0.5370
28.347,raw,335,-3.8378,-9.6408,0.5138
28.347,raw,347,9.4094,-0.7130,0.8600
28.347,raw,360,9.1995,-0.3965,0.8875
28.347,raw,372,9.0315,-0.1204,0.9085
28.347,raw,385,8.8775,0.1651,0.9269
28.347,raw,397,9.3140,0.4420,0.8754
28.347,raw,410,9.8395,0.7809,0.8120
28.347,raw,422,-6.8744,-6.2924,0.8331
28.347,raw,434,-6.7250,-6.6368,0.8239
28.347,raw,447,-6.5401,-7.0003,0.8148
28.347,raw,459,-6.3470,-7.3240,0.8074
28.347,raw,472,-6.1869,-7.7353,0.7909
28.347,raw,484,-5.9864,-8.0747,0.7805
28.347,raw,497,-5.7649,-8.4515,0.7675
28.347,raw,509,-4.8433,-7.8905,0.8615
28.347,raw,521,-4.4701,-7.9707,0.8762
28.347,raw,534,-5.0745,-9.5504,0.7241
28.347,raw,546,-4.8353,-9.9257,0.7068
28.347,raw,559,-4.5215,-10.2666,0.6945
28.347,raw,571,-4.2634,-10.6618,0.6738
28.347,raw,584,-3.9521,-11.0654,0.6532
28.347,raw,596,-3.7502,-11.6730,0.6097
28.347,raw,608,-3.4876,-12.2165,0.5725
28.347,raw,621,-3.2256,-12.9655,0.5159
28.347,raw,633,9.3885,-0.6410,1.0540
28.347,raw,646,9.1623,-0.3266,1.0771
28.347,raw,658,8.9966,-0.0535,1.0935
28.347,raw,671,8.9829,0.2314,1.0948
28.347,raw,683,9.4218,0.5159,1.0534
28.347,raw,695,-8.1509,-5.9705,1.0201
28.347,raw,708,-7.9980,-6.3783,1.0133
28.347,raw,720,-7.8601,-6.7659,1.0054
28.347,raw,733,-7.6456,-7.1455,1.0010
28.347,raw,745,-7.4618,-7.5144,0.9944
28.347,raw,758,-7.2973,-7.9572,0.9825
28.347,raw,770,-7.1009,-8.3384,0.9740
28.347,raw,782,-6.8995,-8.7275,0.9643
28.347,raw,795,-6.6487,-9.1288,0.9553
28.347,raw,807,-6.3726,-9.4587,0.9501
28.347,raw,820,-4.6086,-7.8686,1.1115
28.347,raw,832,-4.3760,-8.1367,1.1058
28.347,raw,845,-5.5779,-10.7063,0.9123
28.347,raw,857,-5.3388,-11.1724,0.8936
28.347,raw,869,-5.0266,-11.5451,0.8819
28.347,raw,882,-4.7373,-12.0775,0.8586
28.347,raw,894,-4.4704,-12.6242,0.8326
28.347,raw,907,-4.1923,-13.3220,0.7961
28.347,raw,919,-3.9629,-14.1412,0.7493
28.347,raw,932,-3.6440,-14.9862,0.7016
28.347,raw,944,-3.3219,-15.8369,0.6522
28.347,raw,956,-2.9500,-16.6947,0.6019
28.347,raw,969,-2.5929,-18.1059,0.5128
28.347,raw,981,9.3054,-0.5871,1.2500
28.347,raw,994,9.1427,-0.2806,1.2627
28.347,raw,1006,8.9616,-0.0090,1.2758
28.347,raw,1018,9.0105,0.2538,1.2725
28.347,raw,1031,9.5337,0.5685,1.2356
28.347,raw,1043,-10.4509,-3.1179,1.2423
28.347,raw,1056,-10.2798,-3.5439,1.2443
28.347,raw,1068,-10.1982,-3.9617,1.2418
28.347,raw,1081,-10.0275,-4.3869,1.2422
28.347,raw,1093,-9.8603,-4.7750,1.2425
28.347,raw,1105,-9.7742,-5.2020,1.2380
28.347,raw,1118,-9.5853,-5.6238,1.2371
28.347,raw,1130,-9.4279,-6.0250,1.2346
28.347,raw,1143,-9.2554,-6.4641,1.2311
28.347,raw,1155,-9.1155,-6.8890,1.2260
28.347,raw,1168,-8.8749,-7.2965,1.2244
28.347,raw,1180,-8.7250,-7.7324,1.2180
28.347,raw,1192,-8.5233,-8.1385,1.2135
28.347,raw,1205,-8.3029,-8.5878,1.2077
28.347,raw,1217,-8.0958,-9.0116,1.2014
28.347,raw,1230,-7.8508,-9.4657,1.1947
28.347,raw,1242,-7.5851,-9.8564,1.1899
28.347,raw,1255,-7.3671,-10.3773,1.1784
28.347,raw,1267,-4.8879,-7.9480,1.3353
28.347,raw,1279,-4.4451,-7.9360,1.3478
28.347,raw,1292,-6.5156,-11.7139,1.1528
28.347,raw,1304,-6.2848,-12.2735,1.1370
28.347,raw,1317,-5.9382,-12.7654,1.1258
28.347,raw,1329,-5.6041,-13.2292,1.1145
28.347,raw,1342,-5.2938,-13.8866,1.0940
28.347,raw,1354,-5.1201,-14.8300,1.0582
28.347,raw,1366,-4.8479,-15.6731,1.0275
28.347,raw,1379,-4.6299,-16.9665,0.9758
28.347,raw,1391,-4.6333,-19.0698,0.8848
28.347,raw,1404,-4.9677,-23.1590,0.7019
28.347,raw,1416,-4.4177,-24.4537,0.6509
28.347,raw,1429,-3.5720,-25.0415,0.6329
28.347,raw,1441,-2.7621,-25.5746,0.6155
28.347,raw,1453,-1.9305,-26.1554,0.5947
28.347,raw,1466,-0.9729,-26.5602,0.5809
28.347,raw,1478,-0.0747,-27.0630,0.5610
28.347,raw,1491,0.9331,-27.6591,0.5354
28.347,raw,1503,1.9020,-28.2259,0.5096
28.347,raw,1516,9.3604,-0.6384,1.4346
28.347,raw,1528,9.1658,-0.3493,1.4444
28.347,raw,1540,9.0237,-0.0761,1.4514
28.347,raw,1553,8.9408,0.2091,1.4553
28.347,raw,1565,9.3690,0.4903,1.4354
28.347,raw,1578,23.7141,10.4047,0.6804
28.347,raw,1590,-16.8164,21.4570,0.5240
28.347,raw,1603,-16.1072,19.1373,0.6245
28.347,raw,1615,-15.8861,17.6434,0.6807
28.347,raw,1627,-15.6211,16.2237,0.7346
28.347,raw,1640,-15.1483,14.6435,0.7990
28.347,raw,1652,-14.9251,13.4797,0.8410
28.347,raw,1665,-14.5070,12.1740,0.8928
28.347,raw,1677,-13.8067,2.7616,1.4601
28.347,raw,1690,-13.6292,2.1569,1.4660
28.347,raw,1702,-13.4429,1.6135,1.4715
28.347,raw,1714,-13.2626,1.0871,1.4764
28.347,raw,1727,-13.1103,0.5348,1.4804
28.347,raw,1739,-12.9750,0.0361,1.4835
28.347,raw,1752,-12.7672,-0.4912,1.4878
28.347,raw,1764,-8.4225,-0.6421,1.5833
28.347,raw,1777,-8.5360,-1.0245,1.5800
28.347,raw,1789,-12.3695,-1.9500,1.4934
28.347,raw,1801,-12.1232,-2.3915,1.4972
28.347,raw,1814,-12.0057,-2.8905,1.4975
28.347,raw,1826,-11.8966,-3.3506,1.4974
28.347,raw,1839,-11.7712,-3.8478,1.4971
28.347,raw,1851,-11.6359,-4.3017,1.4969
28.347,raw,1864,-11.3998,-4.7608,1.4984
28.347,raw,1876,-11.2789,-5.2214,1.4970
28.347,raw,1888,-11.1616,-5.6889,1.4952
28.347,raw,1901,-10.9596,-6.1650,1.4946
28.347,raw,1913,-10.8130,-6.6293,1.4927
28.347,raw,1926,-10.5941,-7.1049,1.4916
28.347,raw,1938,-10.4191,-7.5661,1.4895
28.347,raw,1950,-10.2215,-8.0203,1.4875
28.347,raw,1963,-9.9464,-8.4758,1.4864
28.347,raw,1975,-9.7548,-8.9519,1.4832
28.347,raw,1988,-9.4824,-9.4264,1.4811
28.347,raw,2000,-9.3036,-9.9428,1.4763
28.347,raw,2013,-9.0161,-10.4319,1.4733
28.347,raw,2025,-8.7286,-10.8737,1.4706
28.347,raw,2037,-8.4576,-11.3486,1.4667
28.347,raw,2050,-8.2411,-11.9833,1.4590
28.347,raw,2062,-4.5456,-7.8799,1.5805
28.347,raw,2075,-4.3707,-8.2827,1.5754
28.347,raw,2087,-7.2959,-13.5569,1.4427
28.347,raw,2100,-7.0645,-14.3613,1.4302
28.347,raw,2112,-6.7596,-15.0152,1.4209
28.347,raw,2124,-8.6560,-20.1985,1.3000
28.347,raw,2137,-8.2691,-21.4059,1.2795
28.347,raw,2149,-7.9035,-22.6653,1.2571
28.347,raw,2162,-7.4679,-24.1555,1.2299
28.347,raw,2174,-7.0166,-25.6478,1.2020
28.347,raw,2187,-6.3114,-26.8683,1.1808
28.347,raw,2199,-5.4494,-27.4129,1.1740
28.347,raw,2211,-4.5638,-27.9534,1.1668
28.347,raw,2224,-3.5881,-28.6024,1.1568
28.347,raw,2236,-2.6560,-29.2034,1.1468
28.347,raw,2249,-1.6252,-30.0131,1.1317
28.347,raw,2261,-0.6238,-30.7091,1.1182
28.347,raw,2274,0.5108,-31.4458,1.1031
28.347,raw,2286,1.6032,-31.9103,1.0931
28.347,raw,2298,2.7293,-32.4010,1.0817
28.347,raw,2311,4.0100,-33.1683,1.0631
28.347,raw,2323,5.2729,-34.0780,1.0404
28.347,raw,2336,9.3275,-0.5891,1.6236
28.347,raw,2348,9.1380,-0.3028,1.6283
28.347,raw,2361,8.9520,-0.0088,1.6326
28.347,raw,2373,9.0127,0.2538,1.6313
28.347,raw,2385,9.4626,0.5413,1.6211
28.347,raw,2398,-22.0152,26.6175,1.0201
28.347,raw,2410,-21.5412,24.3428,1.0643
28.347,raw,2423,-20.5210,21.5969,1.1233
28.347,raw,2435,-19.7054,19.4162,1.1695
28.347,raw,2448,-18.8962,17.3287,1.2133
28.347,raw,2460,-18.4526,15.8084,1.2422
28.347,raw,2472,-17.7961,14.2418,1.2747
28.347,raw,2485,-17.1617,12.7342,1.3053
28.347,raw,2497,-11.2344,8.0775,1.4711
28.347,raw,2510,-16.3606,10.4086,1.3477
28.347,raw,2522,-15.9516,9.3880,1.3665
28.347,raw,2535,-15.5988,8.3994,1.3834
28.347,raw,2547,-15.3254,7.5647,1.3967
28.347,raw,2559,-15.0898,6.7891,1.4081
28.347,raw,2572,-14.8595,6.0001,1.4191
28.347,raw,2584,-14.6340,5.3015,1.4288
28.347,raw,2597,-14.3956,4.5810,1.4385
28.347,raw,2609,-14.1773,3.9455,1.4467
28.347,raw,2622,-13.9876,3.2956,1.4540
28.347,raw,2634,-21.7671,4.1471,1.8318
28.347,raw,2646,-21.2449,3.2571,1.8309
28.347,raw,2659,-20.7539,2.3504,1.8301
28.347,raw,2671,-20.2581,1.5493,1.8294
28.347,raw,2684,-19.8202,0.7267,1.8287
28.347,raw,2696,-17.1319,0.0116,1.8251
28.347,raw,2709,-18.9836,-0.7603,1.8276
28.347,raw,2721,-8.4229,-0.6421,1.8133
28.347,raw,2733,-8.4864,-0.9900,1.8134
28.347,raw,2746,-17.8403,-2.7747,1.8263
28.347,raw,2758,-17.4760,-3.3883,1.8260
28.347,raw,2771,-17.0977,-4.0371,1.8256
28.347,raw,2783,-16.7887,-4.6309,1.8254
28.347,raw,2796,-16.4391,-5.2577,1.8252
28.347,raw,2808,-16.1009,-5.8203,1.8250
28.347,raw,2820,-15.7756,-6.3774,1.8248
28.347,raw,2833,-15.4330,-6.9762,1.8247
28.347,raw,2845,-15.1193,-7.5240,1.8246
28.347,raw,2858,-14.8001,-8.1233,1.8246
28.347,raw,2870,-14.4846,-8.6640,1.8246
28.347,raw,2882,-14.1740,-9.2065,1.8246
28.347,raw,2895,-11.6105,-8.3431,1.8210
28.347,raw,2907,-13.6113,-10.4016,1.8248
28.347,raw,2920,-13.3472,-11.0598,1.8250
28.347,raw,2932,-13.0957,-11.6771,1.8253
28.347,raw,2945,-12.8282,-12.3705,1.8256
28.347,raw,2957,-12.5606,-13.0145,1.8259
28.347,raw,2969,-12.3195,-13.7094,1.8264
28.347,raw,2982,-12.0502,-14.4909,1.8269
28.347,raw,2994,-17.7177,-22.1584,1.8397
28.347,raw,3007,-17.3014,-23.3967,1.8407
28.347,raw,3019,-16.8976,-24.5926,1.8416
28.347,raw,3032,-16.4444,-25.9646,1.8428
28.347,raw,3044,-15.9448,-27.2115,1.8438
28.347,raw,3056,-15.3717,-28.4401,1.8449
28.347,raw,3069,-14.7310,-29.8611,1.8461
28.347,raw,3081,-14.1070,-31.2486,1.8474
28.347,raw,3094,9.3124,-0.5647,1.8108
28.347,raw,3106,9.1282,-0.2799,1.8105
28.347,raw,3119,8.9459,0.0131,1.8103
28.347,raw,3131,9.0624,0.2768,1.8104
28.347,raw,3143,9.5358,0.5686,1.8111
28.347,raw,3156,-27.3896,13.6445,1.8431
28.347,raw,3168,-26.1901,11.9378,1.8406
28.347,raw,3181,-25.2982,10.3938,1.8387
28.347,raw,3193,-24.5806,9.1025,1.8372
28.347,raw,3206,-23.8628,7.8113,1.8357
28.347,raw,3218,-23.2300,6.7005,1.8345
28.347,raw,3230,-22.6165,5.6577,1.8333
28.347,raw,3243,-22.0269,4.6082,1.8323
28.347,raw,3255,-16.8090,-1.5586,2.2523
28.347,raw,3268,-18.7396,-2.9694,2.3041
28.347,raw,3280,-16.4812,-4.3863,2.2562
28.347,raw,3293,-16.6674,-6.5382,2.2764
28.347,raw,3305,-15.5111,-7.5295,2.2592
28.347,raw,3317,-26.3819,-13.9287,2.5707
28.347,raw,3330,-19.9439,-24.0454,2.5984
28.347,raw,3342,9.3411,-0.6134,1.9984
28.347,raw,3355,9.1494,-0.3034,1.9931
28.347,raw,3367,8.9737,-0.0311,1.9885
28.347,raw,3380,9.0142,0.2539,1.9895
28.347,raw,3392,9.4718,0.5417,2.0011
28.347,raw,3404,-32.0953,-3.0679,3.4212
28.347,raw,3417,-17.8586,-6.0502,2.7739
28.347,raw,3429,-11.9696,-8.3604,2.5623
28.347,raw,3442,9.4541,-0.7882,2.1925
28.347,raw,3454,9.2600,-0.4917,2.1818
28.347,raw,3467,9.0624,-0.1878,2.1714
28.347,raw,3479,8.9129,0.0786,2.1639
28.347,raw,3491,9.1828,0.3467,2.1771
28.347,raw,3504,9.6729,0.6720,2.2015
28.347,raw,3516,-14.2602,-7.9615,3.0621
28.347,raw,3529,-19.6856,-0.6089,3.8080
28.347,raw,3541,-15.9484,-2.1342,3.4645
28.347,raw,3554,-16.9672,0.6979,3.9831
28.347,raw,3566,-16.7678,0.0659,3.9583
28.347,raw,3578,-16.5982,-0.5536,3.9396
28.347,raw,3591,-16.3896,-1.2115,3.9192
28.347,raw,3603,-16.1980,-1.8082,3.9030
28.347,raw,3616,-15.8027,-2.4676,3.8665
28.347,raw,3628,-15.6120,-3.0412,3.8554
28.347,raw,3641,-15.4329,-3.6622,3.8494
28.347,raw,3653,-15.2835,-4.2370,3.8483
28.347,raw,3665,-15.0903,-4.7987,3.8442
28.347,raw,3678,-14.9045,-5.6229,3.8536
28.347,raw,3690,-14.7332,-6.1950,3.8583
28.347,raw,3703,-14.5350,-6.8134,3.8646
28.347,raw,3715,-14.3632,-7.3944,3.8748
29.609,raw,0,9.5607,-0.8685,0.5047
29.609,raw,12,9.3819,-0.5815,0.5384
29.609,raw,25,9.1948,-0.2864,0.5719
29.609,raw,38,9.0250,-0.0062,0.6007
29.609,raw,51,9.4060,0.2803,0.5375
29.609,raw,63,-5.3670,-5.7279,0.5231
29.609,raw,76,-5.1562,-5.9959,0.5216
29.609,raw,89,-4.9932,-6.3109,0.5088
29.609,raw,102,-4.7733,-6.5784,0.5046
29.609,raw,114,9.5021,-0.7713,0.7036
29.609,raw,127,9.3155,-0.4665,0.7331
29.609,raw,140,9.1479,-0.1776,0.7584
29.609,raw,153,9.1204,0.1000,0.7625
29.609,raw,165,9.5485,0.3754,0.7014
29.609,raw,178,-5.8944,-6.0119,0.6717
29.609,raw,191,-5.7241,-6.3433,0.6625
29.609,raw,204,-5.5141,-6.6468,0.6573
29.609,raw,216,-5.3325,-6.9438,0.6487
29.609,raw,229,-5.1223,-7.2604,0.6395
29.609,raw,242,-4.9185,-7.5941,0.6266
29.609,raw,255,-4.7055,-7.9304,0.6126
29.609,raw,267,-4.3853,-8.0907,0.6208
29.609,raw,280,-4.2226,-8.5203,0.5914
29.609,raw,293,-3.9709,-8.8472,0.5761
29.609,raw,306,-3.7106,-9.1799,0.5590
29.609,raw,318,-3.4629,-9.4948,0.5413
29.609,raw,331,-3.1815,-9.8373,0.5211
29.609,raw,344,9.5422,-0.8436,0.8844
29.609,raw,357,9.3466,-0.5346,0.9103
29.609,raw,369,9.1808,-0.2643,0.9312
29.609,raw,382,9.0194,0.0148,0.9506
29.609,raw,395,9.4237,0.3031,0.9030
29.609,raw,408,9.9374,0.6306,0.8412
29.609,raw,420,-6.5227,-6.7836,0.8113
29.609,raw,433,-6.3043,-7.1233,0.8062
29.609,raw,446,-6.1119,-7.4945,0.7959
29.609,raw,459,-5.9153,-7.8739,0.7840
29.609,raw,471,-5.6848,-8.1833,0.7777
29.609,raw,484,-5.4329,-8.5251,0.7691
29.609,raw,497,-4.4872,-7.9842,0.8630
29.609,raw,510,-4.3342,-8.4195,0.8392
29.609,raw,522,-4.6528,-9.5434,0.7368
29.609,raw,535,-4.3732,-9.9080,0.7223
29.609,raw,548,-4.0756,-10.2657,0.7077
29.609,raw,561,-3.7934,-10.6803,0.6863
29.609,raw,573,-3.5263,-11.0861,0.6636
29.609,raw,586,-3.2783,-11.6729,0.6234
29.609,raw,599,-2.9701,-12.1950,0.5893
29.609,raw,612,-2.6528,-12.7774,0.5486
29.609,raw,624,9.6113,-0.9662,1.0632
29.609,raw,637,9.4239,-0.6517,1.0835
29.609,raw,650,9.2464,-0.3536,1.1017
29.609,raw,663,9.0703,-0.0698,1.1188
29.609,raw,675,9.2407,0.1879,1.1029
29.609,raw,688,9.7443,0.5002,1.0551
29.609,raw,701,-7.7814,-6.6968,0.9976
29.609,raw,714,-7.6106,-7.1130,0.9901
29.609,raw,726,-7.3759,-7.4439,0.9886
29.609,raw,739,-7.1952,-7.8705,0.9790
29.609,raw,752,-6.9416,-8.2428,0.9745
29.609,raw,765,-6.6738,-8.6084,0.9699
29.609,raw,777,-6.4262,-8.9528,0.9642
29.609,raw,790,-6.1807,-9.3636,0.9541
29.609,raw,803,-4.4844,-7.9333,1.1045
29.609,raw,816,-4.2741,-8.2852,1.0938
29.609,raw,828,-5.3603,-10.5396,0.9232
29.609,raw,841,-5.0059,-10.8690,0.9173
29.609,raw,854,-4.7022,-11.3021,0.9023
29.609,raw,867,-4.3524,-11.6831,0.8907
29.609,raw,879,-4.1311,-12.2758,0.8608
29.609,raw,892,-3.8418,-12.8894,0.8305
29.609,raw,905,-3.5242,-13.5228,0.7983
29.609,raw,918,-3.2366,-14.3526,0.7513
29.609,raw,930,-2.9024,-15.0503,0.7127
29.609,raw,943,-2.5129,-15.8757,0.6653
29.609,raw,956,-2.0833,-16.7601,0.6131
29.609,raw,969,-1.6146,-17.7471,0.5529
29.609,raw,982,9.4666,-0.7227,1.2625
29.609,raw,994,9.2939,-0.4433,1.2759
29.609,raw,1007,9.1073,-0.1552,1.2896
29.609,raw,1020,9.1037,0.1210,1.2899
29.609,raw,1033,9.6012,0.4233,1.2549
29.609,raw,1045,-10.6222,-3.7506,1.2130
29.609,raw,1058,-10.3651,-4.1715,1.2182
29.609,raw,1071,-10.2526,-4.6401,1.2156
29.609,raw,1084,-10.0182,-5.0613,1.2182
29.609,raw,1096,-9.8102,-5.4506,1.2195
29.609,raw,1109,-9.6530,-5.9059,1.2167
29.609,raw,1122,-9.4504,-6.3414,1.2153
29.609,raw,1135,-9.2393,-6.7753,1.2135
29.609,raw,1147,-9.0361,-7.1739,1.2114
29.609,raw,1160,-8.8369,-7.6261,1.2071
29.609,raw,1173,-8.5734,-8.0379,1.2054
29.609,raw,1186,-8.3121,-8.4560,1.2026
29.609,raw,1198,-8.0735,-8.8506,1.1990
29.609,raw,1211,-7.7360,-9.2104,1.1990
29.609,raw,1224,-7.4738,-9.6506,1.1931
29.609,raw,1237,-7.2124,-10.1074,1.1858
29.609,raw,1249,-6.8943,-10.4533,1.1832
29.609,raw,1262,-4.3862,-7.9956,1.3418
29.609,raw,1275,-6.3233,-11.3998,1.1646
29.609,raw,1288,-5.9781,-11.8257,1.1574
29.609,raw,1300,-5.6481,-12.2216,1.1501
29.609,raw,1313,-5.3335,-12.7556,1.1362
29.609,raw,1326,-4.9743,-13.2534,1.1238
29.609,raw,1339,-4.6993,-13.9858,1.0991
29.609,raw,1351,-4.4718,-14.8198,1.0685
29.609,raw,1364,-4.1455,-15.6618,1.0383
29.609,raw,1377,-3.7951,-16.5908,1.0037
29.609,raw,1390,-3.5535,-18.1007,0.9414
29.609,raw,1402,-3.3933,-20.1143,0.8548
29.609,raw,1415,-3.2940,-23.3534,0.7123
29.609,raw,1428,-2.5171,-24.0908,0.6861
29.609,raw,1441,-1.6506,-24.5012,0.6737
29.609,raw,1453,-0.8337,-24.9005,0.6601
29.609,raw,1466,9.6018,-0.9420,1.4383
29.609,raw,1479,9.4013,-0.6274,1.4489
29.609,raw,1492,9.2314,-0.3312,1.4575
29.609,raw,1504,9.0391,-0.0694,1.4666
29.609,raw,1517,9.2469,0.2097,1.4570
29.609,raw,1530,9.7552,0.5241,1.4332
29.609,raw,1543,23.0362,9.8258,0.7317
29.609,raw,1555,-18.8238,18.9288,0.5292
29.609,raw,1568,-18.3057,17.1144,0.6016
29.609,raw,1581,-17.6922,15.3743,0.6735
29.609,raw,1594,-16.9264,13.6673,0.7483
29.609,raw,1606,-15.8900,2.7661,1.4068
29.609,raw,1619,-15.5022,2.0499,1.4174
29.609,raw,1632,-15.1740,1.3738,1.4261
29.609,raw,1645,-14.8705,0.7272,1.4337
29.609,raw,1657,-14.5567,0.1521,1.4409
29.609,raw,1670,-14.2730,-0.4478,1.4471
29.609,raw,1683,-8.3209,-0.6518,1.5781
29.609,raw,1696,-8.3759,-1.0353,1.5761
29.609,raw,1708,-13.4378,-2.0919,1.4624
29.609,raw,1721,-13.1908,-2.6285,1.4660
29.609,raw,1734,-12.7230,-3.1060,1.4741
29.609,raw,1747,-12.4811,-3.6137,1.4767
29.609,raw,1759,-12.2448,-4.0710,1.4790
29.609,raw,1772,-11.9921,-4.5594,1.4811
29.609,raw,1785,-11.8333,-5.0764,1.4806
29.609,raw,1798,-11.5251,-5.5334,1.4832
29.609,raw,1810,-11.3591,-6.0019,1.4824
29.609,raw,1823,-11.1725,-6.5100,1.4813
29.609,raw,1836,-10.8741,-6.9615,1.4824
29.609,raw,1849,-10.6457,-7.4517,1.4814
29.609,raw,1861,-10.3429,-7.8487,1.4824
29.609,raw,1874,-10.1058,-8.3396,1.4806
29.609,raw,1887,-9.8085,-8.7929,1.4800
29.609,raw,1900,-9.4871,-9.2300,1.4795
29.609,raw,1913,-9.2347,-9.7317,1.4765
29.609,raw,1925,-8.9322,-10.1418,1.4753
29.609,raw,1938,-8.6807,-10.6715,1.4710
29.609,raw,1951,-8.3393,-11.1244,1.4689
29.609,raw,1964,-7.9869,-11.5766,1.4665
29.609,raw,1976,-4.4637,-7.9067,1.5783
29.609,raw,1989,-4.2484,-8.2497,1.5751
29.609,raw,2002,-7.0405,-13.1277,1.4515
29.609,raw,2015,-6.6720,-13.6551,1.4461
29.609,raw,2027,-6.3108,-14.1392,1.4410
29.609,raw,2040,-5.9847,-14.8307,1.4310
29.609,raw,2053,-5.7197,-15.7327,1.4157
29.609,raw,2066,-7.3103,-21.1123,1.2930
29.609,raw,2078,-6.9012,-22.2504,1.2732
29.609,raw,2091,-6.4287,-23.6165,1.2484
29.609,raw,2104,-5.8867,-25.0467,1.2221
29.609,raw,2117,-5.0316,-25.6414,1.2146
29.609,raw,2129,-4.2071,-26.1426,1.2082
29.609,raw,2142,-3.2918,-26.6975,1.2003
29.609,raw,2155,-2.3525,-27.2825,1.1910
29.609,raw,2168,-1.3813,-27.8779,1.1807
29.609,raw,2180,-0.4385,-28.2417,1.1746
29.609,raw,2193,0.6067,-28.6089,1.1679
29.609,raw,2206,1.6760,-29.1753,1.1559
29.609,raw,2219,2.7879,-29.7516,1.1427
29.609,raw,2231,3.8552,-30.2840,1.1297
29.609,raw,2244,5.0628,-30.8963,1.1139
29.609,raw,2257,6.3878,-31.9295,1.0876
29.609,raw,2270,7.8669,-33.2971,1.0525
29.609,raw,2282,9.5745,-0.9158,1.6253
29.609,raw,2295,9.3930,-0.6045,1.6300
29.609,raw,2308,9.2111,-0.3086,1.6344
29.609,raw,2321,9.0174,-0.0272,1.6388
29.609,raw,2333,9.2882,0.2326,1.6328
29.609,raw,2346,9.8104,0.5509,1.6209
29.609,raw,2359,-25.1951,22.7331,1.0228
29.609,raw,2372,-25.8429,21.5695,1.0279
29.609,raw,2384,-24.3775,19.0101,1.0878
29.609,raw,2397,-23.5675,17.0126,1.1277
29.609,raw,2410,-22.2296,14.8451,1.1785
29.609,raw,2423,-20.9626,12.9138,1.2243
29.609,raw,2435,-21.3069,12.0785,1.2264
29.609,raw,2448,-20.1657,10.4578,1.2650
29.609,raw,2461,-19.2601,9.0797,1.2958
29.609,raw,2474,-18.4949,7.8665,1.3215
29.609,raw,2486,-17.9266,6.8760,1.3409
29.609,raw,2499,-17.4692,5.9218,1.3570
29.609,raw,2512,-16.9898,5.0174,1.3727
29.609,raw,2525,-16.6007,4.1869,1.3855
29.609,raw,2537,-16.2208,3.4544,1.3970
29.609,raw,2550,-17.1340,0.3907,1.8255
29.609,raw,2563,-16.5341,-1.6717,1.8248
29.609,raw,2576,-32.8085,-4.4810,1.8472
29.609,raw,2588,-31.9170,-5.5503,1.8462
29.609,raw,2601,-31.0578,-6.6747,1.8453
29.609,raw,2614,-16.4057,-4.3953,1.8253
29.609,raw,2627,-29.3755,-8.7937,1.8438
29.609,raw,2639,-28.6349,-9.7263,1.8432
29.609,raw,2652,-16.5911,-6.6249,1.8264
29.609,raw,2665,-15.6691,-7.0359,1.8254
29.609,raw,2678,-25.8696,-12.3921,1.8410
29.609,raw,2690,-25.0333,-13.1431,1.8404
29.609,raw,2703,-24.2247,-13.9722,1.8399
29.609,raw,2716,-23.4105,-14.7705,1.8395
29.609,raw,2729,-18.1989,-12.7284,1.8320
29.609,raw,2741,-16.5001,-12.5472,1.8300
29.609,raw,2754,-14.9421,-12.4159,1.8282
29.609,raw,2767,-13.5979,-12.3295,1.8266
29.609,raw,2780,-12.6211,-12.4537,1.8257
29.609,raw,2792,-12.1703,-12.9291,1.8257
29.609,raw,2805,-11.7897,-13.5519,1.8259
29.609,raw,2818,-11.4277,-14.2138,1.8262
29.609,raw,2831,-11.5523,-15.4715,1.8276
29.609,raw,2843,-11.3149,-16.3011,1.8283
29.609,raw,2856,-11.0464,-17.2500,1.8291
29.609,raw,2869,-10.7600,-18.2527,1.8300
29.609,raw,2882,-10.4509,-19.3129,1.8309
29.609,raw,2895,-10.1220,-20.4481,1.8320
29.609,raw,2907,-9.7933,-21.5641,1.8331
29.609,raw,2920,-9.4305,-22.9071,1.8345
29.609,raw,2933,-9.0078,-24.3085,1.8360
29.609,raw,2946,-8.5772,-25.9152,1.8378
29.609,raw,2958,-8.1108,-27.4684,1.8395
29.609,raw,2971,-7.3582,-28.7056,1.8408
29.609,raw,2984,-6.3398,-29.2451,1.8411
29.609,raw,2997,-5.3069,-29.8048,1.8415
29.609,raw,3009,-4.3358,-30.3367,1.8419
29.609,raw,3022,-3.2587,-30.9206,1.8424
29.609,raw,3035,-2.1542,-31.5299,1.8431
29.609,raw,3048,-1.0180,-32.1808,1.8438
29.609,raw,3060,0.0655,-32.8219,1.8445
29.609,raw,3073,1.2849,-33.5107,1.8454
29.609,raw,3086,2.5478,-33.9179,1.8460
29.609,raw,3099,3.8444,-34.3405,1.8466
29.609,raw,3111,9.5365,-0.8430,1.8107
29.609,raw,3124,9.3592,-0.5355,1.8104
29.609,raw,3137,9.1700,-0.2425,1.8101
29.609,raw,3150,8.9965,0.0357,1.8099
29.609,raw,3162,9.3780,0.3014,1.8104
29.609,raw,3175,9.9045,0.6282,1.8111
29.609,raw,3188,-18.0272,-0.7267,2.2895
29.609,raw,3201,-17.7631,-1.6159,2.2843
29.609,raw,3213,-15.8438,-2.3235,2.2389
29.609,raw,3226,-15.6655,-2.9643,2.2369
29.609,raw,3239,-15.5152,-3.6058,2.2362
29.609,raw,3252,-15.3801,-4.2500,2.2365
29.609,raw,3264,-17.7561,-6.0502,2.3053
29.609,raw,3277,-15.8099,-7.2106,2.2697
29.609,raw,3290,-14.1949,-7.9828,2.2412
29.609,raw,3303,-20.0769,-24.5517,2.6137
29.609,raw,3315,9.4481,-0.6986,1.9925
29.609,raw,3328,9.2560,-0.3975,1.9872
29.609,raw,3341,9.0520,-0.1118,1.9819
29.609,raw,3354,9.1620,0.1647,1.9846
29.609,raw,3366,9.6392,0.4481,1.9967
29.609,raw,3379,-31.9847,-2.9035,3.4314
29.609,raw,3392,-18.6294,-2.9328,2.7914
29.609,raw,3405,-26.1404,-14.2895,3.3102
29.609,raw,3417,9.5978,-0.9415,2.1830
29.609,raw,3430,9.4021,-0.6275,2.1721
29.609,raw,3443,9.2054,-0.3300,2.1617
29.609,raw,3456,9.0468,-0.0484,2.1537
29.609,raw,3468,9.2380,0.2095,2.1630
29.609,raw,3481,9.7273,0.5223,2.1873
29.609,raw,3494,-15.0121,-4.8808,3.0501
29.609,raw,3507,-16.9118,0.8687,3.5772
29.609,raw,3519,-16.7236,0.2235,3.5575
29.609,raw,3532,-16.4990,-0.4597,3.5366
29.609,raw,3545,-19.3598,-1.3232,3.8127
29.609,raw,3558,-19.1656,-2.0965,3.8003
29.609,raw,3570,-17.7122,-2.6291,3.6687
29.609,raw,3583,-18.4986,-3.5096,3.7557
29.609,raw,3596,-18.2959,-4.2501,3.7501
29.609,raw,3609,-18.0841,-4.9849,3.7463
29.609,raw,3621,-17.8804,-5.6590,3.7444
29.609,raw,3634,-17.6640,-6.5760,3.7509
29.609,raw,3647,-17.4366,-7.3077,3.7542
29.609,raw,3660,-17.2112,-8.0441,3.7606
29.609,raw,3672,-17.0012,-8.7289,3.7689
29.609,raw,3685,-16.7423,-0.5191,3.9973
29.609,raw,3698,-16.3535,-1.3412,3.9562
29.609,raw,3711,-15.7865,-2.2136,3.8995
29.609,raw,3723,-15.6151,-2.8021,3.8893
29.609,raw,3736,-15.4268,-3.4332,3.8807
29.609,raw,3749,-15.2288,-4.0574,3.8737
29.609,raw,3762,-15.0163,-4.6739,3.8677
29.609,raw,3774,-14.8647,-5.4650,3.8779
29.609,raw,3787,-14.6863,-6.0946,3.8827
29.609,raw,3800,-14.4939,-6.7227,3.8888
29.609,raw,3813,-14.3157,-7.3625,3.8999
30.658,raw,0,9.6066,-1.1548,0.5206
30.658,raw,11,9.4533,-0.8894,0.5511
30.658,raw,22,9.2991,-0.6354,0.5803
30.658,raw,34,9.1293,-0.3708,0.6108
30.658,raw,45,8.9836,-0.1395,0.6359
30.658,raw,57,9.4022,0.1136,0.5671
30.658,raw,68,9.6026,-1.1542,0.7080
30.658,raw,80,9.4333,-0.8652,0.7367
30.658,raw,91,9.2975,-0.6139,0.7589
30.658,raw,103,9.1173,-0.3495,0.7864
30.658,raw,114,9.0150,-0.1195,0.8016
30.658,raw,126,9.4411,0.1361,0.7417
30.658,raw,137,9.8500,0.3975,0.6831
30.658,raw,149,-6.0168,-6.7856,0.5916
30.658,raw,160,-5.8328,-7.0624,0.5863
30.658,raw,172,-5.6336,-7.3710,0.5786
30.658,raw,183,-5.4473,-7.6564,0.5703
30.658,raw,195,-5.2594,-7.9931,0.5565
30.658,raw,206,-4.7380,-7.8990,0.6045
30.658,raw,218,-4.4647,-8.1252,0.6042
30.658,raw,229,-4.6159,-8.8796,0.5237
30.658,raw,241,-4.3589,-9.1745,0.5130
30.658,raw,252,-4.1254,-9.4591,0.5004
30.658,raw,263,9.4737,-0.9138,0.9121
30.658,raw,275,9.2898,-0.6347,0.9366
30.658,raw,286,9.1350,-0.3920,0.9564
30.658,raw,298,8.9842,-0.1395,0.9748
30.658,raw,309,9.3522,0.0911,0.9320
30.658,raw,321,9.8273,0.3734,0.8757
30.658,raw,332,-6.8125,-7.2938,0.7510
30.658,raw,344,-6.6097,-7.6367,0.7444
30.658,raw,355,-6.4330,-7.9661,0.7358
30.658,raw,367,-6.2382,-8.3337,0.7247
30.658,raw,378,-6.0319,-8.6519,0.7165
30.658,raw,390,-4.8501,-7.8935,0.8417
30.658,raw,401,-4.5053,-7.9869,0.8554
30.658,raw,413,-5.2614,-9.5839,0.6956
30.658,raw,424,-5.0172,-9.8925,0.6858
30.658,raw,436,-4.7447,-10.2348,0.6736
30.658,raw,447,-4.4964,-10.5671,0.6598
30.658,raw,459,-4.2207,-10.9438,0.6425
30.658,raw,470,-3.9518,-11.2836,0.6266
30.658,raw,482,-3.7291,-11.8325,0.5903
30.658,raw,493,-3.4714,-12.2737,0.5631
30.658,raw,504,-3.2478,-12.8511,0.5218
30.658,raw,516,9.5497,-1.0568,1.0843
30.658,raw,527,9.3851,-0.7945,1.1023
30.658,raw,539,9.2307,-0.5238,1.1186
30.658,raw,550,9.0755,-0.2856,1.1341
30.658,raw,562,9.1422,-0.0376,1.1283
30.658,raw,573,9.5238,0.2038,1.0926
30.658,raw,585,-8.2206,-7.1730,0.9460
30.658,raw,596,-8.0587,-7.5409,0.9401
30.658,raw,608,-7.8110,-7.8932,0.9386
30.658,raw,619,-7.6514,-8.2768,0.9300
30.658,raw,631,-7.3737,-8.6122,0.9289
30.658,raw,642,-7.1399,-8.9421,0.9248
30.658,raw,654,-6.8801,-9.3037,0.9195
30.658,raw,665,-6.6435,-9.6447,0.9132
30.658,raw,677,-4.6109,-7.8846,1.0968
30.658,raw,688,-4.4159,-8.1586,1.0904
30.658,raw,700,-5.8695,-10.7773,0.8856
30.658,raw,711,-5.5635,-11.0726,0.8810
30.658,raw,723,-5.2751,-11.4775,0.8684
30.658,raw,734,-4.9652,-11.7931,0.8608
30.658,raw,745,-4.7156,-12.2357,0.8426
30.658,raw,757,-4.4500,-12.7758,0.8180
30.658,raw,768,-4.2444,-13.4068,0.7848
30.658,raw,780,-3.9576,-14.0365,0.7529
30.658,raw,791,-3.6599,-14.6022,0.7243
30.658,raw,803,-3.3769,-15.4362,0.6768
30.658,raw,814,-3.0468,-16.1143,0.6393
30.658,raw,826,-2.6626,-16.9174,0.5934
30.658,raw,837,-2.2861,-17.7288,0.5454
30.658,raw,849,9.5566,-1.0577,1.2660
30.658,raw,860,9.3656,-0.7925,1.2813
30.658,raw,872,9.2252,-0.5234,1.2925
30.658,raw,883,9.0840,-0.2859,1.3030
30.658,raw,895,9.1180,-0.0376,1.3010
30.658,raw,906,9.5108,0.2034,1.2736
30.658,raw,918,10.0253,0.5010,1.2372
30.658,raw,929,-10.9720,-4.5267,1.1800
30.658,raw,941,-10.8218,-4.9723,1.1794
30.658,raw,952,-10.6096,-5.3505,1.1819
30.658,raw,964,-10.4724,-5.8032,1.1792
30.658,raw,975,-10.2421,-6.1700,1.1813
30.658,raw,986,-10.0437,-6.5512,1.1813
30.658,raw,998,-9.9034,-7.0129,1.1764
30.658,raw,1009,-9.6836,-7.3864,1.1761
30.658,raw,1021,-9.4268,-7.7835,1.1759
30.658,raw,1032,-9.1901,-8.1475,1.1751
30.658,raw,1044,-8.9214,-8.5386,1.1741
30.658,raw,1055,-8.6973,-8.9180,1.1711
30.658,raw,1067,-8.4409,-9.3283,1.1676
30.658,raw,1078,-8.2138,-9.7191,1.1631
30.658,raw,1090,-7.9509,-10.1408,1.1581
30.658,raw,1101,-7.6519,-10.4745,1.1564
30.658,raw,1113,-4.7801,-7.8573,1.3322
30.658,raw,1124,-4.4657,-7.9843,1.3369
30.658,raw,1136,-6.8246,-11.7417,1.1358
30.658,raw,1147,-6.4923,-12.0718,1.1325
30.658,raw,1159,-6.2154,-12.5751,1.1205
30.658,raw,1170,-5.8998,-12.9659,1.1130
30.658,raw,1182,-5.5886,-13.4772,1.0999
30.658,raw,1193,-5.3559,-14.0870,1.0805
30.658,raw,1205,-5.0662,-14.7499,1.0593
30.658,raw,1216,-4.8048,-15.4394,1.0356
30.658,raw,1228,-4.5639,-16.4076,0.9991
30.658,raw,1239,-4.4029,-17.6084,0.9505
30.658,raw,1250,-4.2918,-19.1856,0.8841
30.658,raw,1262,-4.1325,-21.1582,0.8003
30.658,raw,1273,-4.0318,-23.6083,0.6938
30.658,raw,1285,-3.3140,-24.2577,0.6724
30.658,raw,1296,-2.5794,-24.5952,0.6638
30.658,raw,1308,-1.7638,-24.9668,0.6531
30.658,raw,1319,-1.0016,-25.3122,0.6420
30.658,raw,1331,-0.1519,-25.6939,0.6285
30.658,raw,1342,9.5813,-1.1511,1.4461
30.658,raw,1354,9.4280,-0.8646,1.4547
30.658,raw,1365,9.2812,-0.6126,1.4624
30.658,raw,1377,9.1130,-0.3493,1.4708
30.658,raw,1388,8.9942,-0.1192,1.4765
30.658,raw,1400,9.4275,0.1358,1.4567
30.658,raw,1411,9.8123,0.3955,1.4388
30.658,raw,1423,25.7318,10.8421,0.6071
30.658,raw,1434,-19.1069,17.2953,0.5609
30.658,raw,1446,-18.5584,15.6892,0.6260
30.658,raw,1457,-17.8883,14.2019,0.6909
30.658,raw,1469,-17.5024,12.9329,0.7383
30.658,raw,1480,-21.3616,2.6562,1.2835
30.658,raw,1491,-20.3779,1.8313,1.3069
30.658,raw,1503,-19.3869,1.0111,1.3299
30.658,raw,1514,-17.0209,0.2961,1.3827
30.658,raw,1526,-17.7272,-0.3681,1.3671
30.658,raw,1537,-8.5026,-0.5406,1.5704
30.658,raw,1549,-8.3688,-0.8894,1.5729
30.658,raw,1560,-16.1273,-2.1106,1.3998
30.658,raw,1572,-15.6950,-2.6780,1.4076
30.658,raw,1583,-15.3000,-3.1772,1.4144
30.658,raw,1595,-14.4740,-3.6134,1.4304
30.658,raw,1606,-14.1816,-4.0857,1.4343
30.658,raw,1618,-13.8728,-4.5913,1.4380
30.658,raw,1629,-13.6016,-5.0486,1.4407
30.658,raw,1641,-13.3021,-5.5373,1.4435
30.658,raw,1652,-12.6554,-5.8294,1.4545
30.658,raw,1664,-12.3987,-6.3062,1.4557
30.658,raw,1675,-12.1551,-6.7365,1.4566
30.658,raw,1687,-11.8981,-7.2077,1.4571
30.658,raw,1698,-11.4779,-7.5352,1.4618
30.658,raw,1710,-11.3102,-8.0517,1.4592
30.658,raw,1721,-11.1321,-8.5182,1.4571
30.658,raw,1732,-10.7620,-8.8590,1.4596
30.658,raw,1744,-10.5678,-9.3782,1.4564
30.658,raw,1755,-10.2474,-9.7522,1.4569
30.658,raw,1767,-9.8482,-10.1160,1.4586
30.658,raw,1778,-9.6896,-10.6339,1.4536
30.658,raw,1790,-9.3138,-11.0234,1.4537
30.658,raw,1801,-9.1673,-11.5878,1.4471
30.658,raw,1813,-8.7719,-11.9729,1.4468
30.658,raw,1824,-8.4045,-12.3222,1.4463
30.658,raw,1836,-4.6365,-8.3932,1.5660
30.658,raw,1847,-7.8588,-13.3699,1.4355
30.658,raw,1859,-7.4650,-13.8038,1.4327
30.658,raw,1870,-7.1302,-14.2584,1.4284
30.658,raw,1882,-6.7514,-14.7603,1.4233
30.658,raw,1893,-6.4287,-15.2960,1.4165
30.658,raw,1905,-8.4138,-20.5961,1.2925
30.658,raw,1916,-8.0649,-21.5741,1.2764
30.658,raw,1928,-7.6237,-22.6351,1.2589
30.658,raw,1939,-7.2073,-23.7128,1.2403
30.658,raw,1951,-6.7238,-24.9930,1.2174
30.658,raw,1962,-6.0920,-25.7734,1.2053
30.658,raw,1973,-5.3049,-26.1235,1.2028
30.658,raw,1985,-4.4654,-26.6258,1.1967
30.658,raw,1996,-3.6773,-27.0835,1.1906
30.658,raw,2008,-2.8047,-27.6322,1.1823
30.658,raw,2019,-1.9807,-28.1356,1.1740
30.658,raw,2031,-1.0407,-28.5573,1.1673
30.658,raw,2042,-0.1503,-28.8147,1.1633
30.658,raw,2054,0.8291,-29.2607,1.1546
30.658,raw,2065,1.7514,-29.7256,1.1448
30.658,raw,2077,2.7919,-30.2647,1.1326
30.658,raw,2088,3.7799,-30.7554,1.1208
30.658,raw,2100,4.9017,-31.3322,1.1061
30.658,raw,2111,6.0352,-32.3563,1.0809
30.658,raw,2123,7.3721,-33.5680,1.0502
30.658,raw,2134,9.5311,-1.0319,1.6299
30.658,raw,2146,9.3490,-0.7475,1.6346
30.658,raw,2157,9.1899,-0.5000,1.6385
30.658,raw,2169,9.0417,-0.2432,1.6420
30.658,raw,2180,9.1491,-0.0167,1.6397
30.658,raw,2192,9.5812,0.2499,1.6301
30.658,raw,2203,24.0860,9.7845,1.2643
30.658,raw,2214,-29.7790,9.7318,1.0687
30.658,raw,2226,-27.7001,7.9842,1.1235
30.658,raw,2237,-26.0099,6.5870,1.1673
30.658,raw,2249,-24.3869,5.2518,1.2086
30.658,raw,2260,-23.1428,4.1829,1.2398
30.658,raw,2272,-17.0687,0.4605,1.8257
30.658,raw,2283,-17.4083,-1.2517,1.8262
30.658,raw,2295,-32.2938,-3.3766,1.8465
30.658,raw,2306,-16.0835,-3.2671,1.8247
30.658,raw,2318,-32.1898,-8.2091,1.8475
30.658,raw,2329,-15.0944,-4.6810,1.8239
30.658,raw,2341,-30.6168,-10.1443,1.8461
30.658,raw,2352,-29.8874,-11.0306,1.8456
30.658,raw,2364,-29.1043,-11.9716,1.8450
30.658,raw,2375,-28.3847,-12.8075,1.8445
30.658,raw,2387,-26.6368,-13.2466,1.8426
30.658,raw,2398,-26.9950,-14.5385,1.8438
30.658,raw,2410,-26.2672,-15.4109,1.8435
30.658,raw,2421,-25.6104,-16.2012,1.8432
30.658,raw,2433,-24.9052,-17.0564,1.8430
30.658,raw,2444,-24.2657,-17.8350,1.8429
30.658,raw,2456,-23.4433,-18.5849,1.8425
30.658,raw,2467,-22.6826,-19.2500,1.8423
30.658,raw,2478,-21.9158,-19.8944,1.8420
30.658,raw,2490,-21.1686,-20.6603,1.8419
30.658,raw,2501,-20.4609,-21.3368,1.8418
30.658,raw,2513,-19.6959,-22.0773,1.8418
30.658,raw,2524,-18.9978,-22.7589,1.8418
30.658,raw,2536,-18.2208,-23.4880,1.8419
30.658,raw,2547,-17.3873,-24.0098,1.8417
30.658,raw,2559,-16.4761,-24.5628,1.8415
30.658,raw,2570,-15.6587,-25.0842,1.8414
30.658,raw,2582,-14.7568,-25.6318,1.8414
30.658,raw,2593,-13.9446,-26.1539,1.8414
30.658,raw,2605,-13.0466,-26.7059,1.8414
30.658,raw,2616,-12.2226,-27.2157,1.8415
30.658,raw,2628,-11.3259,-27.7890,1.8416
30.658,raw,2639,-10.4932,-28.3099,1.8418
30.658,raw,2651,-9.5756,-28.8832,1.8421
30.658,raw,2662,-8.7196,-29.4017,1.8423
30.658,raw,2674,-7.5660,-29.3327,1.8417
30.658,raw,2685,-6.6869,-29.7965,1.8420
30.658,raw,2697,-5.7107,-30.2943,1.8423
30.658,raw,2708,-4.8077,-30.7825,1.8426
30.658,raw,2719,-3.8910,-31.2962,1.8431
30.658,raw,2731,-2.8642,-31.8422,1.8436
30.658,raw,2742,-1.9021,-32.3666,1.8441
30.658,raw,2754,-0.8222,-32.9311,1.8447
30.658,raw,2765,0.1865,-33.6427,1.8456
30.658,raw,2777,1.3408,-34.0301,1.8461
30.658,raw,2788,2.4212,-34.3832,1.8465
30.658,raw,2800,3.6268,-34.7720,1.8471
30.658,raw,2811,9.4587,-0.9120,1.8103
30.658,raw,2823,9.2739,-0.6334,1.8100
30.658,raw,2834,9.1400,-0.3922,1.8098
30.658,raw,2846,8.9884,-0.1396,1.8096
30.658,raw,2857,9.3347,0.0908,1.8101
30.658,raw,2869,9.7756,0.3707,1.8107
30.658,raw,2880,-32.1305,-2.7693,2.6457
30.658,raw,2892,-17.1421,-6.1341,2.2952
30.658,raw,2903,-16.0847,-6.8980,2.2767
30.658,raw,2915,-14.5131,-7.4037,2.2455
30.658,raw,2926,-12.0666,-8.1851,2.2004
30.658,raw,2938,9.5333,-1.0769,1.9912
30.658,raw,2949,9.3802,-0.8157,1.9867
30.658,raw,2960,9.2381,-0.5667,1.9826
30.658,raw,2972,9.0879,-0.3067,1.9786
30.658,raw,2983,9.0425,-0.0787,1.9773
30.658,raw,2995,9.4720,0.1804,1.9880
30.658,raw,3006,9.8812,0.4453,1.9984
30.658,raw,3018,-32.2694,-3.1761,3.4544
30.658,raw,3029,-26.6637,-13.2590,3.3176
30.658,raw,3041,-20.8149,-23.4884,3.3743
30.658,raw,3052,9.5256,-1.0535,2.1717
30.658,raw,3064,9.3549,-0.7697,2.1619
30.658,raw,3075,9.2013,-0.5218,2.1535
30.658,raw,3087,9.0485,-0.2640,2.1456
30.658,raw,3098,9.1111,-0.0376,2.1484
30.658,raw,3110,9.5291,0.2260,2.1688
30.658,raw,3121,9.9522,0.4961,2.1898
30.658,raw,3133,-19.6869,-0.0292,3.3476
30.658,raw,3144,-19.4948,-0.7056,3.3346
30.658,raw,3156,-17.1163,-8.5076,3.2926
30.658,raw,3167,-16.8493,0.9402,3.5884
30.658,raw,3179,-16.6666,0.2899,3.5688
30.658,raw,3190,-16.4957,-0.2944,3.5524
30.658,raw,3201,-16.3472,-0.8694,3.5399
30.658,raw,3213,-16.1692,-1.4866,3.5267
30.658,raw,3224,-15.8196,-2.0236,3.4984
30.658,raw,3236,-15.6542,-2.6204,3.4901
30.658,raw,3247,-15.4904,-3.1604,3.4830
30.658,raw,3259,-15.3471,-3.7524,3.4806
30.658,raw,3270,-15.1868,-4.2869,3.4772
30.658,raw,3282,-15.0469,-5.0363,3.4831
30.658,raw,3293,-14.8893,-5.5721,3.4840
30.658,raw,3305,-17.5235,-7.1928,3.7720
30.658,raw,3316,-17.3356,-7.8223,3.7769
30.658,raw,3328,-17.1031,-8.5018,3.7819
30.658,raw,3339,-11.8078,-8.1399,3.3169
30.658,raw,3351,-16.0826,-2.7363,3.9626
30.658,raw,3362,-15.9512,-3.2962,3.9581
30.658,raw,3374,-15.6132,-3.8625,3.9319
30.658,raw,3385,-15.4091,-4.3951,3.9228
30.658,raw,3397,-15.0394,-5.5140,3.9173
30.658,raw,3408,-14.8504,-6.0437,3.9164
30.658,raw,3420,-14.7296,-6.6557,3.9287
30.658,raw,3431,-14.5214,-7.1818,3.9299
31.803,raw,0,9.6381,-0.9725,0.5525
31.803,raw,10,9.5164,-0.7398,0.5769
31.803,raw,21,9.3532,-0.4912,0.6072
31.803,raw,31,9.2270,-0.2762,0.6300
31.803,raw,42,9.1008,-0.0490,0.6518
31.803,raw,53,9.2784,0.1755,0.6226
31.803,raw,63,9.6234,0.3979,0.5649
31.803,raw,74,9.6276,-0.9491,0.7366
31.803,raw,84,9.4921,-0.7157,0.7593
31.803,raw,95,9.3372,-0.4691,0.7839
31.803,raw,106,9.2090,-0.2345,0.8037
31.803,raw,116,9.0612,-0.0284,0.8251
31.803,raw,127,9.2853,0.1962,0.7936
31.803,raw,138,9.7037,0.4455,0.7338
31.803,raw,148,-5.9168,-7.1726,0.5454
31.803,raw,159,-5.7757,-7.5101,0.5307
31.803,raw,169,-5.6223,-7.8015,0.5195
31.803,raw,180,-5.4495,-8.1276,0.5059
31.803,raw,191,-4.6279,-7.8996,0.5891
31.803,raw,201,-4.3635,-8.0482,0.5953
31.803,raw,212,9.6004,-0.8798,0.9215
31.803,raw,223,9.4358,-0.6247,0.9437
31.803,raw,233,9.2968,-0.4039,0.9618
31.803,raw,244,9.1798,-0.1722,0.9767
31.803,raw,254,9.0327,0.0317,0.9942
31.803,raw,265,9.4059,0.2617,0.9504
31.803,raw,276,9.7893,0.5164,0.9046
31.803,raw,286,-6.6900,-7.9149,0.7017
31.803,raw,297,-6.5148,-8.2671,0.6912
31.803,raw,307,-6.3238,-8.5640,0.6844
31.803,raw,318,-6.1107,-8.8951,0.6757
31.803,raw,329,-4.7933,-7.9540,0.8219
31.803,raw,339,-4.3900,-7.9391,0.8469
31.803,raw,350,-5.4900,-9.9211,0.6397
31.803,raw,361,-5.2401,-10.2531,0.6287
31.803,raw,371,-5.0173,-10.5736,0.6160
31.803,raw,382,-4.7310,-10.8783,0.6067
31.803,raw,392,-4.4892,-11.1983,0.5930
31.803,raw,403,-4.2240,-11.5732,0.5748
31.803,raw,414,-4.0334,-12.1244,0.5378
31.803,raw,424,-3.7997,-12.5491,0.5119
31.803,raw,435,9.5573,-0.8309,1.1049
31.803,raw,446,9.3993,-0.5791,1.1218
31.803,raw,456,9.2521,-0.3598,1.1369
31.803,raw,467,9.1381,-0.1304,1.1483
31.803,raw,477,9.0931,0.0717,1.1527
31.803,raw,488,9.4859,0.3065,1.1159
31.803,raw,499,9.8841,0.5671,1.0779
31.803,raw,509,-7.9335,-8.0420,0.9104
31.803,raw,520,-7.7273,-8.4023,0.9054
31.803,raw,531,-7.5480,-8.7938,0.8967
31.803,raw,541,-7.3248,-9.1014,0.8933
31.803,raw,552,-7.0980,-9.4643,0.8867
31.803,raw,562,-6.8963,-9.8075,0.8789
31.803,raw,573,-4.7044,-7.8968,1.0779
31.803,raw,584,-4.3423,-7.9742,1.0898
31.803,raw,594,-6.2024,-10.9220,0.8504
31.803,raw,605,-5.9538,-11.3235,0.8382
31.803,raw,615,-5.6686,-11.6179,0.8326
31.803,raw,626,-5.4246,-12.0650,0.8157
31.803,raw,637,-5.1512,-12.4928,0.8001
31.803,raw,647,-4.8801,-12.8670,0.7867
31.803,raw,658,-4.6914,-13.5272,0.7523
31.803,raw,669,-4.4311,-14.1085,0.7239
31.803,raw,679,-4.1791,-14.6595,0.6962
31.803,raw,690,-3.9509,-15.4656,0.6507
31.803,raw,700,-3.6789,-16.1267,0.6145
31.803,raw,711,-3.3496,-16.8758,0.5728
31.803,raw,722,9.6375,-0.9504,1.2754
31.803,raw,732,9.4707,-0.7135,1.2887
31.803,raw,743,9.3290,-0.4685,1.2999
31.803,raw,754,9.1943,-0.2339,1.3101
31.803,raw,764,9.0547,-0.0283,1.3201
31.803,raw,775,9.3044,0.1966,1.3028
31.803,raw,785,9.6525,0.4210,1.2783
31.803,raw,796,-10.8190,-4.7646,1.1724
31.803,raw,807,-10.6203,-5.1543,1.1744
31.803,raw,817,-10.5384,-5.5500,1.1708
31.803,raw,828,-10.3429,-5.9410,1.1714
31.803,raw,838,-10.2489,-6.3392,1.1671
31.803,raw,849,-10.0375,-6.7246,1.1673
31.803,raw,860,-9.9422,-7.1800,1.1606
31.803,raw,870,-9.7103,-7.5109,1.1617
31.803,raw,881,-9.4900,-7.8974,1.1603
31.803,raw,892,-9.2643,-8.2828,1.1585
31.803,raw,902,-9.1290,-8.6908,1.1523
31.803,raw,913,-8.9129,-9.0961,1.1484
31.803,raw,923,-8.6565,-9.4186,1.1477
31.803,raw,934,-8.4319,-9.8290,1.1427
31.803,raw,945,-8.2046,-10.2473,1.1369
31.803,raw,955,-8.0157,-10.6570,1.1295
31.803,raw,966,-7.7876,-11.1017,1.1216
31.803,raw,977,-4.4728,-7.8535,1.3321
31.803,raw,987,-4.2567,-8.0568,1.3311
31.803,raw,998,-6.9577,-12.2843,1.1035
31.803,raw,1008,-6.7483,-12.7550,1.0915
31.803,raw,1019,-6.4372,-13.1803,1.0833
31.803,raw,1030,-6.1630,-13.6903,1.0702
31.803,raw,1040,-5.8775,-14.1225,1.0597
31.803,raw,1051,-5.5930,-14.6885,1.0433
31.803,raw,1062,-5.4202,-15.5397,1.0122
31.803,raw,1072,-5.2824,-16.4497,0.9772
31.803,raw,1083,-5.2459,-17.8666,0.9186
31.803,raw,1093,-6.0901,-21.6843,0.7428
31.803,raw,1104,-5.7939,-23.0899,0.6872
31.803,raw,1115,-5.3398,-24.2464,0.6435
31.803,raw,1125,-4.7688,-24.9239,0.6211
31.803,raw,1136,-4.0372,-25.3826,0.6092
31.803,raw,1146,-3.3582,-25.8060,0.5972
31.803,raw,1157,-2.5907,-26.2603,0.5836
31.803,raw,1168,-1.8106,-26.7657,0.5666
31.803,raw,1178,-1.0581,-27.0358,0.5588
31.803,raw,1189,-0.2234,-27.3956,0.5463
31.803,raw,1200,0.6252,-27.8348,0.5290
31.803,raw,1210,1.4180,-28.2484,0.5116
31.803,raw,1221,9.5808,-0.8555,1.4571
31.803,raw,1231,9.4367,-0.6248,1.4647
31.803,raw,1242,9.2746,-0.3818,1.4729
31.803,raw,1253,9.1298,-0.1504,1.4800
31.803,raw,1263,9.0686,0.0516,1.4829
31.803,raw,1274,9.4302,0.2835,1.4663
31.803,raw,1285,9.8515,0.5426,1.4465
31.803,raw,1295,25.6407,11.2152,0.6142
31.803,raw,1306,-17.8375,19.0547,0.5463
31.803,raw,1316,-17.2762,17.4848,0.6136
31.803,raw,1327,-17.0497,16.2152,0.6593
31.803,raw,1338,-16.7169,14.9415,0.7077
31.803,raw,1348,-16.2828,13.7576,0.7562
31.803,raw,1359,-16.0351,12.7008,0.7935
31.803,raw,1369,-15.6224,11.6703,0.8354
31.803,raw,1380,-10.9729,8.0426,1.1025
31.803,raw,1391,-15.5278,1.3653,1.4099
31.803,raw,1401,-15.3596,0.8490,1.4143
31.803,raw,1412,-15.1807,0.2938,1.4186
31.803,raw,1423,-15.0095,-0.2497,1.4223
31.803,raw,1433,-8.4431,-0.4382,1.5671
31.803,raw,1444,-8.2129,-0.7549,1.5717
31.803,raw,1454,-14.5525,-1.7324,1.4304
31.803,raw,1465,-14.3825,-2.2433,1.4327
31.803,raw,1476,-14.2256,-2.7502,1.4344
31.803,raw,1486,-14.0845,-3.2075,1.4356
31.803,raw,1497,-13.9094,-3.7025,1.4371
31.803,raw,1508,-13.3276,-4.0848,1.4475
31.803,raw,1518,-13.2085,-4.5283,1.4474
31.803,raw,1529,-13.0351,-5.0030,1.4478
31.803,raw,1539,-12.9251,-5.4512,1.4469
31.803,raw,1550,-12.7908,-5.9424,1.4457
31.803,raw,1561,-12.6184,-6.4209,1.4452
31.803,raw,1571,-12.1178,-6.6950,1.4527
31.803,raw,1582,-11.9947,-7.1911,1.4503
31.803,raw,1593,-11.8395,-7.6779,1.4482
31.803,raw,1603,-11.7292,-8.1450,1.4452
31.803,raw,1614,-11.4059,-8.5416,1.4467
31.803,raw,1624,-11.3036,-9.0279,1.4427
31.803,raw,1635,-10.9986,-9.4390,1.4430
31.803,raw,1646,-10.8757,-9.9905,1.4379
31.803,raw,1656,-10.7740,-10.5170,1.4324
31.803,raw,1667,-10.5205,-10.9949,1.4299
31.803,raw,1677,-10.2362,-11.3886,1.4287
31.803,raw,1688,-10.1319,-12.0331,1.4205
31.803,raw,1699,-9.8057,-12.4790,1.4186
31.803,raw,1709,-9.5299,-12.9154,1.4156
31.803,raw,1720,-9.4110,-13.6293,1.4054
31.803,raw,1731,-9.0999,-14.1474,1.4009
31.803,raw,1741,-8.7742,-14.5805,1.3977
31.803,raw,1752,-10.1551,-17.5757,1.3262
31.803,raw,1762,-9.9109,-18.3298,1.3155
31.803,raw,1773,-9.6211,-19.1881,1.3028
31.803,raw,1784,-9.3163,-20.0946,1.2890
31.803,raw,1794,-9.0284,-20.9731,1.2751
31.803,raw,1805,-8.6950,-22.0022,1.2582
31.803,raw,1816,-8.4419,-23.3288,1.2340
31.803,raw,1826,-8.0910,-24.4027,1.2154
31.803,raw,1837,-7.6889,-25.7017,1.1920
31.803,raw,1847,-7.2864,-26.9550,1.1691
31.803,raw,1858,-6.5422,-27.6035,1.1606
31.803,raw,1869,-5.7237,-28.0783,1.1557
31.803,raw,1879,-4.9633,-28.4988,1.1510
31.803,raw,1890,-4.1167,-28.9852,1.1447
31.803,raw,1900,-3.3299,-29.4240,1.1386
31.803,raw,1911,-2.4463,-29.9160,1.1311
31.803,raw,1922,-1.5604,-30.5766,1.1193
31.803,raw,1932,-0.7197,-31.1226,1.1093
31.803,raw,1943,0.2356,-31.7321,1.0974
31.803,raw,1954,1.2318,-32.1239,1.0897
31.803,raw,1964,2.1573,-32.4593,1.0826
31.803,raw,1975,3.2009,-32.9196,1.0720
31.803,raw,1985,4.1856,-33.4792,1.0586
31.803,raw,1996,5.3361,-34.3724,1.0370
31.803,raw,2007,9.5192,-0.7832,1.6353
31.803,raw,2017,9.4071,-0.5586,1.6382
31.803,raw,2028,9.2241,-0.3172,1.6426
31.803,raw,2039,9.0941,-0.0891,1.6457
31.803,raw,2049,9.1445,0.1124,1.6446
31.803,raw,2060,9.5550,0.3518,1.6354
31.803,raw,2070,9.9485,0.5940,1.6264
31.803,raw,2081,-22.7680,22.6860,1.0579
31.803,raw,2092,-22.2187,20.8189,1.0942
31.803,raw,2102,-21.3918,18.9727,1.1343
31.803,raw,2113,-20.5999,17.1804,1.1724
31.803,raw,2124,-20.3048,15.8714,1.1947
31.803,raw,2134,-20.4062,14.9925,1.2038
31.803,raw,2145,-19.7823,13.6016,1.2320
31.803,raw,2155,-11.2510,7.7967,1.4593
31.803,raw,2166,-18.8082,11.3132,1.2759
31.803,raw,2177,-18.4603,10.3008,1.2930
31.803,raw,2187,-18.5645,9.6213,1.2974
31.803,raw,2198,-18.1863,8.6781,1.3135
31.803,raw,2208,-17.9076,7.8884,1.3258
31.803,raw,2219,-17.5733,7.0484,1.3392
31.803,raw,2230,-17.2852,6.2629,1.3507
31.803,raw,2240,-17.0255,5.5787,1.3606
31.803,raw,2251,-16.7482,4.8584,1.3707
31.803,raw,2262,-16.4993,4.1733,1.3795
31.803,raw,2272,-16.2728,3.5724,1.3871
31.803,raw,2283,-16.0191,2.9331,1.3951
31.803,raw,2293,-15.8311,2.3770,1.4009
31.803,raw,2304,-15.6360,1.7835,1.4067
31.803,raw,2315,-31.9268,-2.8019,1.8463
31.803,raw,2325,-32.8794,-3.8970,1.8477
31.803,raw,2336,-15.9887,-2.5728,1.8248
31.803,raw,2347,-31.6450,-5.9374,1.8464
31.803,raw,2357,-31.0979,-6.8300,1.8459
31.803,raw,2368,-30.5380,-7.7977,1.8455
31.803,raw,2378,-30.0389,-8.6620,1.8451
31.803,raw,2389,-29.4850,-9.5936,1.8447
31.803,raw,2400,-15.0949,-5.8007,1.8246
31.803,raw,2410,-15.7937,-6.6182,1.8259
31.803,raw,2421,-27.9146,-12.2286,1.8439
31.803,raw,2431,-27.4537,-13.0439,1.8438
31.803,raw,2442,-26.3669,-13.6548,1.8428
31.803,raw,2453,-26.4110,-14.8040,1.8436
31.803,raw,2463,-25.9608,-15.6109,1.8435
31.803,raw,2474,-25.4284,-16.4762,1.8435
31.803,raw,2485,-24.9068,-17.3477,1.8435
31.803,raw,2495,-24.4348,-18.1435,1.8436
31.803,raw,2506,-23.9173,-19.0253,1.8437
31.803,raw,2516,-23.4460,-19.8334,1.8439
31.803,raw,2527,-22.9200,-20.7269,1.8441
31.803,raw,2538,-22.3930,-21.6335,1.8443
31.803,raw,2548,-21.9147,-22.4739,1.8446
31.803,raw,2559,-21.3678,-23.3989,1.8449
31.803,raw,2570,-20.3870,-23.8866,1.8445
31.803,raw,2580,-20.3218,-25.2357,1.8458
31.803,raw,2591,-19.7639,-26.2356,1.8463
31.803,raw,2601,-19.2401,-27.1600,1.8469
31.803,raw,2612,-18.6418,-28.1923,1.8475
31.803,raw,2623,9.5822,-0.8557,1.8102
31.803,raw,2633,9.4331,-0.6245,1.8100
31.803,raw,2644,9.2686,-0.3814,1.8097
31.803,raw,2655,9.1574,-0.1512,1.8096
31.803,raw,2665,9.0571,0.0516,1.8094
31.803,raw,2676,9.4207,0.2832,1.8099
31.803,raw,2686,9.8077,0.5175,1.8105
31.803,raw,2697,-17.9116,-0.8763,2.2964
31.803,raw,2708,-16.0963,-1.7390,2.2531
31.803,raw,2718,-17.7892,-3.4202,2.3003
31.803,raw,2729,-16.6173,-4.6219,2.2781
31.803,raw,2739,-16.9802,-6.4421,2.2994
31.803,raw,2750,-15.9359,-7.0877,2.2807
31.803,raw,2761,-16.9351,-8.7133,2.3193
31.803,raw,2771,-26.1939,-14.0760,2.5837
31.803,raw,2782,-20.1770,-24.3567,2.6188
31.803,raw,2793,9.4828,-0.7362,1.9839
31.803,raw,2803,9.3521,-0.5121,1.9802
31.803,raw,2814,9.1993,-0.2750,1.9761
31.803,raw,2824,9.0583,-0.0684,1.9724
31.803,raw,2835,9.2410,0.1543,1.9769
31.803,raw,2846,9.6189,0.3977,1.9865
31.803,raw,2856,10.0312,0.6456,1.9970
31.803,raw,2867,-32.2475,-3.7258,3.4667
31.803,raw,2878,-14.1356,-7.8821,2.6716
31.803,raw,2888,-20.4078,-23.9087,3.3855
31.803,raw,2899,-14.9923,-4.7952,3.0745
31.803,raw,2909,-16.8691,0.9727,3.6104
31.803,raw,2920,-16.6831,0.3690,3.5908
31.803,raw,2931,-16.5111,-0.2224,3.5743
31.803,raw,2941,-16.3723,-0.7519,3.5626
31.803,raw,2952,-16.1922,-1.3246,3.5487
31.803,raw,2962,-16.3890,-1.8752,3.5720
31.803,raw,2973,-15.6522,-2.3679,3.5079
31.803,raw,2984,-15.5025,-2.9171,3.5017
31.803,raw,2994,-15.3538,-3.4107,3.4962
31.803,raw,3005,-15.2014,-3.9529,3.4929
31.803,raw,3016,-17.9277,-5.2558,3.7750
31.803,raw,3026,-17.7630,-6.0149,3.7798
31.803,raw,3037,-17.5975,-6.6521,3.7834
31.803,raw,3047,-17.4284,-7.2273,3.7866
31.803,raw,3058,-14.4787,-6.7326,3.5075
31.803,raw,3069,-17.0558,-8.5033,3.7998
31.803,raw,3079,-14.9166,-8.1427,3.6003
31.803,raw,3090,-15.8837,-2.5576,3.9628
31.803,raw,3101,-15.7580,-3.1188,3.9586
31.803,raw,3111,-15.5375,-3.6055,3.9438
31.803,raw,3122,-15.3556,-4.1474,3.9368
31.803,raw,3132,-15.2316,-4.6485,3.9372
31.803,raw,3143,-14.8746,-5.6714,3.9320
31.803,raw,3154,-14.7155,-6.2164,3.9358
31.803,raw,3164,-14.5980,-6.7254,3.9447
31.803,raw,3175,-14.4174,-7.2685,3.9502
33.075,raw,0,9.0482,-0.1176,0.5033
33.075,raw,11,8.9203,0.1022,0.5287
33.075,raw,22,9.4637,-0.7931,0.5917
33.075,raw,34,9.3035,-0.5215,0.6231
33.075,raw,45,9.1337,-0.2823,0.6542
33.075,raw,56,9.0177,-0.0569,0.6752
33.075,raw,68,8.9170,0.1799,0.6925
33.075,raw,79,9.2792,0.4036,0.6326
33.075,raw,90,9.6767,0.6528,0.5657
33.075,raw,102,9.4037,-0.7003,0.7782
33.075,raw,113,9.2499,-0.4544,0.8034
33.075,raw,124,9.1039,-0.2202,0.8263
33.075,raw,136,8.9477,0.0238,0.8496
33.075,raw,147,9.0005,0.2386,0.8426
33.075,raw,159,9.4186,0.4910,0.7832
33.075,raw,170,9.8222,0.7499,0.7248
33.075,raw,181,-5.4313,-7.5490,0.5381
33.075,raw,193,-5.2407,-7.8952,0.5241
33.075,raw,204,-4.6621,-7.7537,0.5811
33.075,raw,215,-4.4838,-8.0607,0.5668
33.075,raw,227,9.3580,-0.6317,0.9581
33.075,raw,238,9.2336,-0.3915,0.9753
33.075,raw,249,9.0806,-0.1589,0.9949
33.075,raw,261,8.9307,0.0826,1.0133
33.075,raw,272,9.1173,0.2991,0.9916
33.075,raw,284,9.5154,0.5584,0.9444
33.075,raw,295,-6.3556,-8.0064,0.7045
33.075,raw,306,-6.1511,-8.3326,0.6966
33.075,raw,318,-5.9364,-8.7074,0.6850
33.075,raw,329,-4.6290,-7.7612,0.8307
33.075,raw,340,-4.4704,-8.0928,0.8164
33.075,raw,352,-5.3287,-9.8587,0.6384
33.075,raw,363,-5.0905,-10.2106,0.6249
33.075,raw,374,-4.8438,-10.5671,0.6103
33.075,raw,386,-4.5733,-10.9768,0.5914
33.075,raw,397,-4.3401,-11.4048,0.5680
33.075,raw,408,-4.1142,-11.8825,0.5390
33.075,raw,420,9.4700,-0.8154,1.1171
33.075,raw,431,9.3361,-0.5665,1.1322
33.075,raw,443,9.1705,-0.3051,1.1497
33.075,raw,454,9.0268,-0.0770,1.1642
33.075,raw,465,8.8916,0.1413,1.1772
33.075,raw,477,9.2586,0.3826,1.1430
33.075,raw,488,9.6703,0.6308,1.1040
33.075,raw,499,-7.4907,-8.1817,0.9174
33.075,raw,511,-7.2821,-8.5900,0.9093
33.075,raw,522,-7.1232,-9.0070,0.8973
33.075,raw,533,-6.8918,-9.3641,0.8908
33.075,raw,545,-4.8517,-7.7407,1.0685
33.075,raw,556,-4.4842,-7.8223,1.0807
33.075,raw,568,-6.2168,-10.6550,0.8533
33.075,raw,579,-5.9333,-11.0031,0.8458
33.075,raw,590,-5.7055,-11.4467,0.8297
33.075,raw,602,-5.4213,-11.9064,0.8138
33.075,raw,613,-5.1729,-12.3771,0.7949
33.075,raw,624,-4.9203,-12.8775,0.7733
33.075,raw,636,-4.7227,-13.6316,0.7334
33.075,raw,647,-4.4790,-14.2720,0.7008
33.075,raw,658,-4.2811,-15.0991,0.6541
33.075,raw,670,-3.9718,-15.8951,0.6110
33.075,raw,681,-3.7301,-16.8635,0.5539
33.075,raw,692,9.4403,-0.7474,1.2936
33.075,raw,704,9.2837,-0.4782,1.3065
33.075,raw,715,9.1138,-0.2408,1.3195
33.075,raw,727,8.9718,0.0036,1.3300
33.075,raw,738,8.9692,0.2188,1.3304
33.075,raw,749,9.3852,0.4482,1.3014
33.075,raw,761,9.8312,0.7284,1.2697
33.075,raw,772,-9.9582,-5.1963,1.1960
33.075,raw,783,-9.8745,-5.6219,1.1912
33.075,raw,795,-9.6853,-6.0435,1.1903
33.075,raw,806,-9.5954,-6.4795,1.1843
33.075,raw,817,-9.4361,-6.8833,1.1812
33.075,raw,829,-9.3255,-7.3719,1.1736
33.075,raw,840,-9.1392,-7.7729,1.1703
33.075,raw,852,-8.9232,-8.2079,1.1665
33.075,raw,863,-8.7221,-8.6113,1.1624
33.075,raw,874,-8.5151,-9.0176,1.1578
33.075,raw,886,-8.3056,-9.4867,1.1507
33.075,raw,897,-8.1099,-9.9271,1.1432
33.075,raw,908,-7.8976,-10.3657,1.1358
33.075,raw,920,-7.6597,-10.8556,1.1267
33.075,raw,931,-4.5009,-7.7955,1.3261
33.075,raw,942,-7.1732,-11.7513,1.1095
33.075,raw,954,-6.9341,-12.3122,1.0957
33.075,raw,965,-6.6367,-12.7448,1.0874
33.075,raw,976,-6.4040,-13.3019,1.0720
33.075,raw,988,-6.0556,-13.7979,1.0610
33.075,raw,999,-5.8628,-14.5164,1.0369
33.075,raw,1011,-5.6250,-15.3321,1.0090
33.075,raw,1022,-5.5167,-16.4066,0.9671
33.075,raw,1033,-6.9258,-21.2052,0.7414
33.075,raw,1045,-6.5437,-22.4463,0.6955
33.075,raw,1056,-6.1653,-23.6909,0.6482
33.075,raw,1067,-5.6687,-24.7809,0.6082
33.075,raw,1079,-4.9509,-25.5737,0.5829
33.075,raw,1090,-4.2013,-26.0700,0.5695
33.075,raw,1101,-3.4438,-26.6228,0.5526
33.075,raw,1113,-2.5907,-27.2346,0.5325
33.075,raw,1124,-1.7807,-27.7952,0.5130
33.075,raw,1136,9.4545,-0.7705,1.4653
33.075,raw,1147,9.2985,-0.5210,1.4736
33.075,raw,1158,9.1611,-0.2842,1.4808
33.075,raw,1170,8.9849,-0.0361,1.4894
33.075,raw,1181,8.9738,0.1797,1.4901
33.075,raw,1192,9.3082,0.4044,1.4747
33.075,raw,1204,9.7586,0.6796,1.4537
33.075,raw,1215,26.3373,11.8994,0.5778
33.075,raw,1226,-15.2792,19.2168,0.6256
33.075,raw,1238,-14.9934,17.6567,0.6860
33.075,raw,1249,-14.8568,16.4566,0.7288
33.075,raw,1260,-14.6688,15.2890,0.7712
33.075,raw,1272,-14.3339,13.9931,0.8213
33.075,raw,1283,-14.2270,13.0459,0.8522
33.075,raw,1295,-14.0192,12.0056,0.8883
33.075,raw,1306,-13.7455,11.0525,0.9235
33.075,raw,1317,-13.5954,10.2353,0.9497
33.075,raw,1329,-11.2042,8.0789,1.0938
33.075,raw,1340,-13.2170,8.6213,1.0019
33.075,raw,1351,-13.1712,0.6100,1.4614
33.075,raw,1363,-13.0163,0.0821,1.4650
33.075,raw,1374,-12.8864,-0.3930,1.4676
33.075,raw,1385,-8.3724,-0.5484,1.5669
33.075,raw,1397,-12.6276,-1.3663,1.4717
33.075,raw,1408,-12.5253,-1.8269,1.4727
33.075,raw,1420,-12.4164,-2.3270,1.4734
33.075,raw,1431,-12.2929,-2.7793,1.4742
33.075,raw,1442,-12.2002,-3.2369,1.4740
33.075,raw,1454,-12.0793,-3.7320,1.4739
33.075,raw,1465,-11.8560,-4.1518,1.4760
33.075,raw,1476,-11.7445,-4.6044,1.4752
33.075,raw,1488,-11.6379,-5.1072,1.4736
33.075,raw,1499,-11.5638,-5.5833,1.4712
33.075,raw,1510,-11.4505,-6.0495,1.4694
33.075,raw,1522,-11.2020,-6.5030,1.4700
33.075,raw,1533,-11.0683,-6.9682,1.4678
33.075,raw,1544,-10.9154,-7.4299,1.4658
33.075,raw,1556,-10.7608,-7.9499,1.4627
33.075,raw,1567,-10.4841,-8.3460,1.4631
33.075,raw,1579,-10.3131,-8.8727,1.4595
33.075,raw,1590,-10.1969,-9.4001,1.4545
33.075,raw,1601,-9.9539,-9.8414,1.4526
33.075,raw,1613,-9.9124,-10.5307,1.4434
33.075,raw,1624,-9.7261,-11.0579,1.4386
33.075,raw,1635,-9.4792,-11.5442,1.4350
33.075,raw,1647,-9.4049,-12.3039,1.4240
33.075,raw,1658,-9.1593,-12.8426,1.4188
33.075,raw,1669,-9.1302,-13.6720,1.4052
33.075,raw,1681,-8.8471,-14.3198,1.3978
33.075,raw,1692,-10.2407,-17.2794,1.3269
33.075,raw,1704,-9.9999,-18.2575,1.3121
33.075,raw,1715,-9.8735,-19.3868,1.2926
33.075,raw,1726,-9.5978,-20.3690,1.2770
33.075,raw,1738,-9.2951,-21.5476,1.2574
33.075,raw,1749,-8.9765,-22.6684,1.2386
33.075,raw,1760,-8.6586,-23.9247,1.2164
33.075,raw,1772,-8.3944,-25.6918,1.1829
33.075,raw,1783,-8.0149,-27.2093,1.1547
33.075,raw,1794,-7.3620,-28.1687,1.1395
33.075,raw,1806,-6.4705,-28.7913,1.1324
33.075,raw,1817,-5.6313,-29.3593,1.1253
33.075,raw,1828,-4.7750,-29.9479,1.1172
33.075,raw,1840,-3.8116,-30.5839,1.1079
33.075,raw,1851,-2.9072,-31.2023,1.0980
33.075,raw,1863,-1.8867,-31.8771,1.0864
33.075,raw,1874,-0.9238,-32.5540,1.0739
33.075,raw,1885,0.0721,-33.2935,1.0593
33.075,raw,1897,1.2083,-34.0665,1.0434
33.075,raw,1908,2.2939,-34.5588,1.0329
33.075,raw,1919,9.3925,-0.6989,1.6393
33.075,raw,1931,9.2536,-0.4342,1.6429
33.075,raw,1942,9.0940,-0.1996,1.6468
33.075,raw,1953,8.9682,0.0232,1.6498
33.075,raw,1965,9.0563,0.2586,1.6479
33.075,raw,1976,9.4427,0.4920,1.6393
33.075,raw,1988,-20.6960,27.2271,1.0189
33.075,raw,1999,-20.4040,25.2324,1.0563
33.075,raw,2010,-19.5988,22.8565,1.1068
33.075,raw,2022,-18.8722,20.6402,1.1528
33.075,raw,2033,-18.5949,19.1326,1.1800
33.075,raw,2044,-18.0652,17.5107,1.2125
33.075,raw,2056,-17.7345,16.0726,1.2383
33.075,raw,2067,-17.1812,14.6550,1.2671
33.075,raw,2078,-16.7008,13.3880,1.2921
33.075,raw,2090,-16.2512,12.1502,1.3156
33.075,raw,2101,-11.1078,8.2292,1.4577
33.075,raw,2112,-15.6890,10.2426,1.3480
33.075,raw,2124,-15.3058,9.2488,1.3658
33.075,raw,2135,-14.9916,8.4091,1.3803
33.075,raw,2147,-14.7180,7.5740,1.3935
33.075,raw,2158,-14.8525,7.0006,1.3956
33.075,raw,2169,-14.6800,6.3216,1.4045
33.075,raw,2181,-14.4795,5.6068,1.4138
33.075,raw,2192,-14.2988,4.9783,1.4217
33.075,raw,2203,-14.1402,4.3783,1.4286
33.075,raw,2215,-13.9821,3.7494,1.4352
33.075,raw,2226,-13.8509,3.1932,1.4405
33.075,raw,2237,-13.6946,2.6480,1.4459
33.075,raw,2249,-13.5384,2.0721,1.4510
33.075,raw,2260,-13.3972,1.5580,1.4553
33.075,raw,2272,-13.2915,1.0130,1.4584
33.075,raw,2283,-21.1168,0.7536,1.8316
33.075,raw,2294,-21.1825,0.0169,1.8316
33.075,raw,2306,-21.2596,-0.7923,1.8318
33.075,raw,2317,-8.7767,-0.6088,1.8149
33.075,raw,2328,-21.3832,-2.2954,1.8321
33.075,raw,2340,-21.4459,-3.1289,1.8323
33.075,raw,2351,-21.5197,-3.9068,1.8326
33.075,raw,2362,-21.5948,-4.6982,1.8329
33.075,raw,2374,-21.6863,-5.5813,1.8333
33.075,raw,2385,-21.7654,-6.4081,1.8336
33.075,raw,2396,-21.8555,-7.2580,1.8341
33.075,raw,2408,-21.9739,-8.2179,1.8346
33.075,raw,2419,-22.0511,-9.1136,1.8352
33.075,raw,2431,-22.1723,-10.1373,1.8358
33.075,raw,2442,-22.3129,-11.1235,1.8365
33.075,raw,2453,-24.3200,-13.0844,1.8401
33.075,raw,2465,-24.0745,-14.1145,1.8405
33.075,raw,2476,-23.7586,-15.0249,1.8407
33.075,raw,2487,-23.4642,-15.9629,1.8411
33.075,raw,2499,-23.1318,-17.0006,1.8414
33.075,raw,2510,-22.8350,-17.9807,1.8419
33.075,raw,2521,-22.5320,-18.9828,1.8424
33.075,raw,2533,-22.1995,-20.1098,1.8430
33.075,raw,2544,-21.8979,-21.1833,1.8436
33.075,raw,2556,-21.5467,-22.3821,1.8444
33.075,raw,2567,-21.1633,-23.4678,1.8450
33.075,raw,2578,-20.3721,-24.1597,1.8450
33.075,raw,2590,-20.2374,-25.7555,1.8465
33.075,raw,2601,-19.7907,-26.9265,1.8473
33.075,raw,2612,9.4537,-0.7918,1.8100
33.075,raw,2624,9.2890,-0.5201,1.8097
33.075,raw,2635,9.1490,-0.2834,1.8095
33.075,raw,2646,9.0031,-0.0564,1.8093
33.075,raw,2658,8.9516,0.1798,1.8092
33.075,raw,2669,9.3155,0.4046,1.8097
33.075,raw,2680,9.6942,0.6538,1.8102
33.075,raw,2692,-23.6931,22.1970,1.8460
33.075,raw,2703,-23.4663,20.6435,1.8444
33.075,raw,2715,-23.2464,19.0722,1.8429
33.075,raw,2726,-23.0566,17.7220,1.8416
33.075,raw,2737,-22.6786,16.3197,1.8401
33.075,raw,2749,-22.0155,14.7300,1.8382
33.075,raw,2760,-21.4233,13.3778,1.8366
33.075,raw,2771,-21.1536,12.2764,1.8356
33.075,raw,2783,-21.0041,11.2030,1.8347
33.075,raw,2794,-20.8366,10.2452,1.8340
33.075,raw,2805,-20.7317,9.3489,1.8334
33.075,raw,2817,-20.5670,8.3860,1.8327
33.075,raw,2828,-20.5584,7.5802,1.8324
33.075,raw,2840,-20.6295,6.7434,1.8321
33.075,raw,2851,-20.6902,5.9855,1.8319
33.075,raw,2862,-20.7456,5.2346,1.8318
33.075,raw,2874,-20.8151,4.4249,1.8317
33.075,raw,2885,-20.8872,3.6888,1.8316
33.075,raw,2896,-20.9337,2.9521,1.8315
33.075,raw,2908,-21.0108,2.1536,1.8315
33.075,raw,2919,-21.0816,1.4210,1.8315
33.075,raw,2930,-17.8993,-0.8229,2.2978
33.075,raw,2942,-15.9661,-1.8788,2.2522
33.075,raw,2953,-15.5234,-4.4654,2.2533
33.075,raw,2964,-15.7611,-7.7193,2.2856
33.075,raw,2976,-26.3565,-13.9015,2.5884
33.075,raw,2987,-20.3820,-24.1704,2.6227
33.075,raw,2999,9.3521,-0.6101,1.9792
33.075,raw,3010,9.1898,-0.3675,1.9746
33.075,raw,3021,9.0660,-0.1383,1.9712
33.075,raw,3033,8.9037,0.1025,1.9670
33.075,raw,3044,9.1576,0.3198,1.9733
33.075,raw,3055,9.5456,0.5598,1.9831
33.075,raw,3067,-32.1136,-2.7379,3.4594
33.075,raw,3078,-18.7220,-2.6833,2.8170
33.075,raw,3089,-14.2845,-7.7556,2.6814
33.075,raw,3101,-20.5135,-23.8923,3.3959
33.075,raw,3112,-15.1490,-4.6337,3.0896
33.075,raw,3124,-18.7765,0.6983,3.7967
33.075,raw,3135,-19.7647,0.0282,3.8904
33.075,raw,3146,-19.5710,-0.6579,3.8735
33.075,raw,3158,-19.3468,-1.3935,3.8561
33.075,raw,3169,-19.1587,-2.0593,3.8440
33.075,raw,3180,-18.7238,-2.8060,3.8117
33.075,raw,3192,-18.5343,-3.5114,3.8046
33.075,raw,3203,-18.3317,-4.1481,3.7973
33.075,raw,3214,-18.1435,-4.7839,3.7933
33.075,raw,3226,-17.8972,-5.4637,3.7871
33.075,raw,3237,-17.7643,-6.3661,3.8002
33.075,raw,3248,-17.5710,-7.0017,3.8027
33.075,raw,3260,-17.3794,-7.7058,3.8097
33.075,raw,3271,-17.1890,-8.3503,3.8170
33.075,raw,3283,-11.7056,-8.2150,3.3466
33.075,raw,3294,-15.8899,-1.9226,3.9635
33.075,raw,3305,-15.7121,-2.4771,3.9513
33.075,raw,3317,-15.5405,-3.0793,3.9430
33.075,raw,3328,-15.3769,-3.6263,3.9368
33.075,raw,3339,-15.2103,-4.1697,3.9323
33.075,raw,3351,-15.0528,-4.9825,3.9400
33.075,raw,3362,-14.9024,-5.5317,3.9428
33.075,raw,3373,-14.7306,-6.0750,3.9451
33.075,raw,3385,-14.5549,-6.6749,3.9516
33.075,raw,3396,-14.3908,-7.2277,3.9597
34.256,raw,0,9.0952,-0.4448,0.5059
34.256,raw,11,8.9557,-0.2174,0.5356
34.256,raw,23,8.8246,0.0188,0.5625
34.256,raw,34,8.9704,0.2264,0.5358
34.256,raw,46,9.2978,-0.7734,0.6325
34.256,raw,58,9.1323,-0.5085,0.6648
34.256,raw,69,8.9966,-0.2787,0.6905
34.256,raw,81,8.8498,-0.0391,0.7168
34.256,raw,92,8.8498,0.1697,0.7177
34.256,raw,104,9.2650,0.4073,0.6493
34.256,raw,116,9.7047,0.6754,0.5755
34.256,raw,127,9.2605,-0.7064,0.8095
34.256,raw,139,9.0883,-0.4441,0.8377
34.256,raw,151,8.9622,-0.1985,0.8582
34.256,raw,162,8.8236,0.0188,0.8790
34.256,raw,174,8.9987,0.2457,0.8550
34.256,raw,185,9.3653,0.4711,0.8032
34.256,raw,197,-5.1612,-7.2672,0.5735
34.256,raw,209,-4.9909,-7.6193,0.5576
34.256,raw,220,-4.7330,-7.8375,0.5586
34.256,raw,232,-4.6142,-8.2767,0.5283
34.256,raw,244,-4.3967,-8.6152,0.5128
34.256,raw,255,-4.1674,-8.8977,0.5019
34.256,raw,267,9.2261,-0.6610,0.9825
34.256,raw,278,9.0779,-0.4233,1.0027
34.256,raw,290,8.9300,-0.1771,1.0221
34.256,raw,302,8.8072,0.0571,1.0376
34.256,raw,313,9.0523,0.2653,1.0094
34.256,raw,325,9.4496,0.5153,0.9626
34.256,raw,337,-5.9098,-8.0251,0.7247
34.256,raw,348,-5.0126,-7.5974,0.8107
34.256,raw,360,-4.7137,-7.8151,0.8142
34.256,raw,371,-5.3064,-9.0802,0.6891
34.256,raw,383,-5.0682,-9.4513,0.6757
34.256,raw,395,-4.8071,-9.8081,0.6632
34.256,raw,406,-4.5558,-10.1327,0.6514
34.256,raw,418,-4.2824,-10.5064,0.6357
34.256,raw,430,-4.0732,-11.0194,0.6045
34.256,raw,441,-3.8774,-11.5271,0.5717
34.256,raw,453,-3.6444,-12.1006,0.5339
34.256,raw,464,-3.3976,-12.6133,0.5002
34.256,raw,476,9.2151,-0.6596,1.1500
34.256,raw,488,9.0716,-0.4029,1.1658
34.256,raw,499,8.9306,-0.1772,1.1805
34.256,raw,511,8.7826,0.0577,1.1951
34.256,raw,523,9.0603,0.2849,1.1696
34.256,raw,534,9.4134,0.5139,1.1365
34.256,raw,546,-7.1742,-8.1694,0.9283
34.256,raw,557,-6.9366,-8.4944,0.9252
34.256,raw,569,-6.7457,-8.9239,0.9138
34.256,raw,581,-4.9381,-7.6071,1.0656
34.256,raw,592,-4.6756,-7.8178,1.0667
34.256,raw,604,-5.9853,-10.0373,0.8911
34.256,raw,616,-5.7126,-10.4312,0.8811
34.256,raw,627,-5.4805,-10.8340,0.8680
34.256,raw,639,-5.1976,-11.2538,0.8548
34.256,raw,650,-4.9500,-11.6812,0.8389
34.256,raw,662,-4.7543,-12.3159,0.8078
34.256,raw,674,-4.4890,-12.8846,0.7819
34.256,raw,685,-4.3044,-13.5836,0.7442
34.256,raw,697,-4.0639,-14.3562,0.7025
34.256,raw,709,-3.7567,-15.0745,0.6648
34.256,raw,720,-3.4538,-15.7735,0.6269
34.256,raw,732,-3.1595,-16.7823,0.5674
34.256,raw,743,-2.8518,-17.7670,0.5085
34.256,raw,755,9.2496,-0.6845,1.3129
34.256,raw,767,9.0814,-0.4236,1.3265
34.256,raw,778,8.9564,-0.1981,1.3363
34.256,raw,790,8.7951,0.0386,1.3482
34.256,raw,802,9.0348,0.2653,1.3319
34.256,raw,813,9.4087,0.4931,1.3058
34.256,raw,825,-9.8777,-5.1482,1.1959
34.256,raw,836,-9.7021,-5.5293,1.1959
34.256,raw,848,-9.5743,-5.9792,1.1919
34.256,raw,860,-9.3752,-6.3961,1.1907
34.256,raw,871,-9.2753,-6.8313,1.1845
34.256,raw,883,-9.0668,-7.2525,1.1822
34.256,raw,894,-8.8634,-7.6342,1.1800
34.256,raw,906,-8.6301,-8.0470,1.1775
34.256,raw,918,-8.4653,-8.5215,1.1700
34.256,raw,929,-8.2454,-8.9103,1.1662
34.256,raw,941,-8.0135,-9.3507,1.1606
34.256,raw,953,-7.7557,-9.7781,1.1555
34.256,raw,964,-7.5453,-10.2081,1.1481
34.256,raw,976,-4.7096,-7.7176,1.3188
34.256,raw,987,-6.9962,-11.0304,1.1365
34.256,raw,999,-6.7443,-11.5287,1.1258
34.256,raw,1011,-6.4837,-12.0434,1.1140
34.256,raw,1022,-6.1765,-12.4420,1.1070
34.256,raw,1034,-5.8948,-12.9858,1.0931
34.256,raw,1046,-5.6078,-13.5643,1.0771
34.256,raw,1057,-5.4583,-14.3561,1.0487
34.256,raw,1069,-5.2036,-15.1353,1.0223
34.256,raw,1080,-4.9611,-15.9172,0.9947
34.256,raw,1092,-4.9684,-17.5578,0.9259
34.256,raw,1104,-4.9570,-19.4531,0.8456
34.256,raw,1115,-5.3411,-22.7261,0.6991
34.256,raw,1127,-4.8400,-23.9830,0.6513
34.256,raw,1139,-4.1236,-24.6944,0.6287
34.256,raw,1150,-3.3844,-25.1178,0.6177
34.256,raw,1162,-2.5647,-25.6086,0.6033
34.256,raw,1173,-1.7717,-25.9203,0.5954
34.256,raw,1185,-0.9061,-26.3707,0.5804
34.256,raw,1197,-0.0182,-26.8396,0.5632
34.256,raw,1208,0.8179,-27.3015,0.5448
34.256,raw,1220,1.7605,-27.7858,0.5243
34.256,raw,1232,2.7356,-28.2819,0.5017
34.256,raw,1243,9.2277,-0.6816,1.4798
34.256,raw,1255,9.0671,-0.4222,1.4884
34.256,raw,1266,8.9559,-0.1981,1.4942
34.256,raw,1278,8.7952,0.0386,1.5021
34.256,raw,1290,9.0193,0.2652,1.4920
34.256,raw,1301,9.4111,0.4932,1.4740
34.256,raw,1313,22.9961,9.5211,0.7656
34.256,raw,1325,-16.8958,20.7969,0.5213
34.256,raw,1336,-16.2963,18.9318,0.6014
34.256,raw,1348,-15.9628,17.3713,0.6618
34.256,raw,1359,-15.6922,16.0780,0.7106
34.256,raw,1371,-15.4097,14.7764,0.7588
34.256,raw,1383,-15.1223,13.5618,0.8034
34.256,raw,1394,-14.6694,12.3847,0.8519
34.256,raw,1406,-14.4209,11.3556,0.8879
34.256,raw,1418,-11.1847,8.5430,1.0810
34.256,raw,1429,-11.4374,8.1123,1.0812
34.256,raw,1441,-13.7119,8.7017,0.9776
34.256,raw,1452,-13.4731,0.4466,1.4529
34.256,raw,1464,-13.2930,-0.0920,1.4569
34.256,raw,1476,-8.5208,-0.3628,1.5619
34.256,raw,1487,-12.9101,-1.0896,1.4641
34.256,raw,1499,-12.7148,-1.5945,1.4672
34.256,raw,1511,-12.5403,-2.0934,1.4695
34.256,raw,1522,-12.4391,-2.5560,1.4700
34.256,raw,1534,-12.2893,-3.0509,1.4710
34.256,raw,1545,-12.1800,-3.5095,1.4709
34.256,raw,1557,-12.0410,-4.0046,1.4710
34.256,raw,1569,-11.7472,-4.4485,1.4742
34.256,raw,1580,-11.6140,-4.8968,1.4737
34.256,raw,1592,-11.4869,-5.3958,1.4723
34.256,raw,1604,-11.3437,-5.8929,1.4709
34.256,raw,1615,-11.2223,-6.3585,1.4689
34.256,raw,1627,-10.9344,-6.7913,1.4702
34.256,raw,1638,-10.7507,-7.2306,1.4691
34.256,raw,1650,-10.5585,-7.7200,1.4672
34.256,raw,1662,-10.3606,-8.2134,1.4650
34.256,raw,1673,-10.0852,-8.6065,1.4650
34.256,raw,1685,-9.8804,-9.1096,1.4620
34.256,raw,1697,-9.5873,-9.5525,1.4610
34.256,raw,1708,-9.3938,-10.0294,1.4574
34.256,raw,1720,-9.1856,-10.5693,1.4527
34.256,raw,1731,-8.8931,-10.9808,1.4510
34.256,raw,1743,-5.0018,-7.5858,1.5646
34.256,raw,1755,-4.7445,-7.8508,1.5640
34.256,raw,1766,-8.0780,-12.4970,1.4381
34.256,raw,1778,-7.8397,-13.1197,1.4305
34.256,raw,1789,-7.5478,-13.6236,1.4254
34.256,raw,1801,-7.1966,-14.1555,1.4200
34.256,raw,1813,-6.9422,-14.8798,1.4095
34.256,raw,1824,-9.1368,-19.8956,1.2895
34.256,raw,1836,-8.7903,-20.9570,1.2726
34.256,raw,1848,-8.4222,-22.0982,1.2537
34.256,raw,1859,-8.0836,-23.2725,1.2332
34.256,raw,1871,-7.6548,-24.5876,1.2101
34.256,raw,1882,-7.3460,-26.2137,1.1790
34.256,raw,1894,-6.4881,-26.7139,1.1747
34.256,raw,1906,-5.6165,-27.2192,1.1697
34.256,raw,1917,-4.8066,-27.6995,1.1641
34.256,raw,1929,-3.9093,-28.2513,1.1568
34.256,raw,1941,-3.0016,-28.8817,1.1470
34.256,raw,1952,-2.1455,-29.4862,1.1369
34.256,raw,1964,-1.1782,-30.1551,1.1250
34.256,raw,1975,-0.2414,-30.5656,1.1180
34.256,raw,1987,0.8069,-30.9652,1.1107
34.256,raw,1999,1.8778,-31.5046,1.0994
34.256,raw,2010,2.8937,-32.1220,1.0857
34.256,raw,2022,4.0484,-32.8005,1.0698
34.256,raw,2034,5.2959,-33.9457,1.0426
34.256,raw,2045,9.2733,-0.7698,1.6435
34.256,raw,2057,9.1311,-0.5084,1.6473
34.256,raw,2068,9.0124,-0.2799,1.6504
34.256,raw,2080,8.8367,-0.0385,1.6546
34.256,raw,2092,8.8839,0.1884,1.6536
34.256,raw,2103,9.2649,0.4073,1.6452
34.256,raw,2115,9.7131,0.6759,1.6351
34.256,raw,2127,-21.9788,24.6589,1.0408
34.256,raw,2138,-21.0277,22.2620,1.0928
34.256,raw,2150,-20.5461,20.3627,1.1289
34.256,raw,2161,-19.6455,18.3689,1.1726
34.256,raw,2173,-19.1308,16.7336,1.2040
34.256,raw,2185,-18.4003,15.0628,1.2390
34.256,raw,2196,-17.8035,13.6946,1.2670
34.256,raw,2208,-11.1427,8.5704,1.4519
34.256,raw,2220,-11.5267,8.1636,1.4492
34.256,raw,2231,-16.7741,10.3954,1.3240
34.256,raw,2243,-16.4318,9.3992,1.3408
34.256,raw,2254,-16.1523,8.5511,1.3543
34.256,raw,2266,-15.8210,7.6621,1.3688
34.256,raw,2278,-15.8440,6.9520,1.3741
34.256,raw,2289,-15.5801,6.2198,1.3849
34.256,raw,2301,-15.3192,5.4655,1.3954
34.256,raw,2313,-15.0554,4.7436,1.4053
34.256,raw,2324,-14.8393,4.1148,1.4132
34.256,raw,2336,-14.5928,3.4525,1.4216
34.256,raw,2347,-14.3585,2.8665,1.4289
34.256,raw,2359,-14.1439,2.2558,1.4354
34.256,raw,2371,-13.9062,1.6629,1.4420
34.256,raw,2382,-13.7370,1.1398,1.4466
34.256,raw,2394,-32.6038,1.1012,1.8472
34.256,raw,2406,-19.1700,0.0295,1.8290
34.256,raw,2417,-8.7298,-0.2163,1.8149
34.256,raw,2429,-8.5770,-0.5848,1.8147
34.256,raw,2440,-30.1430,-3.2567,1.8441
34.256,raw,2452,-17.8318,-2.6323,1.8275
34.256,raw,2464,-16.8397,-3.1660,1.8263
34.256,raw,2475,-28.4537,-6.2446,1.8425
34.256,raw,2487,-15.6519,-4.1919,1.8250
34.256,raw,2499,-27.3873,-8.1903,1.8417
34.256,raw,2510,-26.8705,-9.0480,1.8414
34.256,raw,2522,-15.1658,-5.9853,1.8251
34.256,raw,2533,-16.2697,-7.0479,1.8270
34.256,raw,2545,-17.3283,-8.2553,1.8289
34.256,raw,2557,-24.8646,-12.6529,1.8407
34.256,raw,2568,-24.3877,-13.4749,1.8406
34.256,raw,2580,-23.8782,-14.3739,1.8406
34.256,raw,2592,-23.3826,-15.2808,1.8406
34.256,raw,2603,-22.9206,-16.1102,1.8407
34.256,raw,2615,-22.4082,-17.0151,1.8408
34.256,raw,2626,-21.9280,-17.8440,1.8409
34.256,raw,2638,-21.4147,-18.7672,1.8411
34.256,raw,2650,-20.8764,-19.6851,1.8414
34.256,raw,2661,-20.3889,-20.5476,1.8416
34.256,raw,2673,-19.8657,-21.5197,1.8420
34.256,raw,2684,-19.3940,-22.4461,1.8425
34.256,raw,2696,-18.8237,-23.4317,1.8429
34.256,raw,2708,-18.2776,-24.4848,1.8435
34.256,raw,2719,-17.7536,-25.4656,1.8441
34.256,raw,2731,-17.1741,-26.5803,1.8449
34.256,raw,2743,-16.5580,-27.7102,1.8456
34.256,raw,2754,-15.9730,-28.7812,1.8464
34.256,raw,2766,-15.3061,-29.9857,1.8474
34.256,raw,2777,9.2925,-0.7726,1.8096
34.256,raw,2789,9.1354,-0.5088,1.8094
34.256,raw,2801,8.9690,-0.2572,1.8091
34.256,raw,2812,8.8360,-0.0385,1.8089
34.256,raw,2824,8.9043,0.1883,1.8090
34.256,raw,2836,9.2777,0.4278,1.8095
34.256,raw,2847,9.7169,0.6762,1.8101
34.256,raw,2859,-17.2470,0.8892,2.2834
34.256,raw,2870,-17.6563,0.2732,2.2933
34.256,raw,2882,-18.0787,-0.5446,2.3042
34.256,raw,2894,-32.4817,-2.9040,2.6642
34.256,raw,2905,-15.3363,-4.3831,2.2506
34.256,raw,2917,-15.1320,-7.0662,2.2672
34.256,raw,2929,-11.9229,-7.9039,2.2051
34.256,raw,2940,9.3771,-0.9105,1.9788
34.256,raw,2952,9.2023,-0.6376,1.9736
34.256,raw,2963,9.0448,-0.4004,1.9691
34.256,raw,2975,8.9056,-0.1564,1.9652
34.256,raw,2987,8.7847,0.0765,1.9619
34.256,raw,2998,9.0447,0.2848,1.9683
34.256,raw,3010,9.4816,0.5374,1.9793
34.256,raw,3022,-17.1840,1.0542,2.2820
34.256,raw,3033,-32.4689,-2.8023,3.4810
34.256,raw,3045,-26.9195,-12.9169,3.3434
34.256,raw,3056,-12.1475,-8.1989,2.6049
34.256,raw,3068,9.3099,-0.8373,2.1443
34.256,raw,3080,9.1653,-0.5725,2.1357
34.256,raw,3091,9.0131,-0.3386,2.1273
34.256,raw,3103,8.8744,-0.0973,2.1198
34.256,raw,3115,8.7825,0.1329,2.1150
34.256,raw,3126,9.1581,0.3452,2.1331
34.256,raw,3138,9.5656,0.6040,2.1532
34.256,raw,3149,-15.3011,-4.6989,3.1081
34.256,raw,3161,9.0236,-0.3591,2.2876
34.256,raw,3173,8.8891,-0.1172,2.2768
34.256,raw,3184,8.7684,0.0956,2.2676
34.256,raw,3196,9.1042,0.3246,2.2916
34.256,raw,3208,-19.8974,0.3408,3.9113
34.256,raw,3219,-19.7254,-0.3550,3.8956
34.256,raw,3231,-19.5062,-1.1012,3.8779
34.256,raw,3242,-17.3317,-1.5903,3.6748
34.256,raw,3254,-18.9137,-2.4771,3.8340
34.256,raw,3266,-18.7299,-3.1927,3.8266
34.256,raw,3277,-18.5053,-3.8336,3.8163
34.256,raw,3289,-18.3374,-4.5435,3.8148
34.256,raw,3301,-15.3078,-4.6464,3.5374
34.256,raw,3312,-17.9681,-6.0815,3.8193
34.256,raw,3324,-17.7943,-6.7948,3.8250
34.256,raw,3335,-17.6232,-7.4487,3.8312
34.256,raw,3347,-17.4044,-8.1543,3.8373
34.256,raw,3359,-11.9156,-8.0630,3.3652
34.256,raw,3370,-18.8936,1.0651,3.8171
34.256,raw,3382,-15.9450,-1.9900,3.9818
34.256,raw,3394,-15.7792,-2.6039,3.9724
34.256,raw,3405,-15.6218,-3.1614,3.9653
34.256,raw,3417,-15.4476,-3.7652,3.9596
34.256,raw,3428,-15.3044,-4.3208,3.9587
34.256,raw,3440,-15.1282,-5.1392,3.9651
34.256,raw,3452,-14.9670,-5.7474,3.9695
34.256,raw,3463,-14.8229,-6.3093,3.9763
34.256,raw,3475,-14.6612,-6.9257,3.9859
35.289,raw,0,9.5933,-0.5562,0.5037
35.289,raw,11,9.4548,-0.3280,0.5334
35.289,raw,22,9.3098,-0.1092,0.5630
35.289,raw,34,9.1745,0.1182,0.5894
35.289,raw,45,9.1578,0.3212,0.5922
35.289,raw,57,9.5354,0.5659,0.5192
35.289,raw,68,9.6318,-0.5802,0.6634
35.289,raw,79,9.4714,-0.3486,0.6930
35.289,raw,91,9.3286,-0.1100,0.7186
35.289,raw,102,9.1977,0.0995,0.7409
35.289,raw,114,9.1306,0.3205,0.7516
35.289,raw,125,9.4861,0.5435,0.6918
35.289,raw,137,9.9195,0.8175,0.6175
35.289,raw,148,9.6267,-0.5997,0.8298
35.289,raw,159,9.4870,-0.3693,0.8523
35.289,raw,171,9.3233,-0.1287,0.8772
35.289,raw,182,9.1854,0.0811,0.8973
35.289,raw,194,9.1116,0.3017,0.9075
35.289,raw,205,9.4618,0.5227,0.8573
35.289,raw,216,9.8188,0.7672,0.8049
35.289,raw,228,-4.5110,-7.7460,0.5533
35.289,raw,239,-4.2725,-7.9886,0.5506
35.289,raw,251,-4.0909,-8.3543,0.5314
35.289,raw,262,-3.8591,-8.6200,0.5236
35.289,raw,274,-3.6138,-8.9299,0.5112
35.289,raw,285,9.6803,-0.6864,0.9874
35.289,raw,296,9.5486,-0.4528,1.0054
35.289,raw,308,9.3816,-0.2077,1.0268
35.289,raw,319,9.2393,0.0058,1.0443
35.289,raw,331,9.0775,0.2280,1.0633
35.289,raw,342,9.3279,0.4394,1.0335
35.289,raw,354,9.7136,0.6976,0.9869
35.289,raw,365,-5.3583,-8.3691,0.7114
35.289,raw,376,-4.4511,-7.9104,0.7996
35.289,raw,388,-4.1417,-8.1212,0.8035
35.289,raw,399,-4.6488,-9.3248,0.6872
35.289,raw,411,-4.3612,-9.6342,0.6804
35.289,raw,422,-4.1432,-9.9938,0.6647
35.289,raw,433,-3.8558,-10.2647,0.6583
35.289,raw,445,-3.5627,-10.6056,0.6455
35.289,raw,456,-3.3374,-11.0162,0.6226
35.289,raw,468,-3.0987,-11.5193,0.5916
35.289,raw,479,-2.8304,-11.9226,0.5687
35.289,raw,491,-2.5617,-12.4671,0.5326
35.289,raw,502,9.6778,-0.6659,1.1533
35.289,raw,513,9.5137,-0.4301,1.1706
35.289,raw,525,9.3547,-0.1872,1.1869
35.289,raw,536,9.2103,0.0250,1.2009
35.289,raw,548,9.0945,0.2465,1.2117
35.289,raw,559,9.3107,0.4576,1.1911
35.289,raw,571,9.7363,0.7196,1.1502
35.289,raw,582,-6.6230,-8.5786,0.9164
35.289,raw,593,-6.3809,-8.9087,0.9126
35.289,raw,605,-6.0802,-9.2362,0.9109
35.289,raw,616,-4.3374,-7.8754,1.0613
35.289,raw,628,-4.0875,-8.1527,1.0579
35.289,raw,639,-5.2959,-10.2780,0.8912
35.289,raw,650,-5.0383,-10.6325,0.8822
35.289,raw,662,-4.7490,-11.0246,0.8714
35.289,raw,673,-4.4521,-11.3520,0.8636
35.289,raw,685,-4.1482,-11.7613,0.8502
35.289,raw,696,-3.9275,-12.2701,0.8269
35.289,raw,708,-3.6445,-12.7957,0.8036
35.289,raw,719,-3.4168,-13.3979,0.7728
35.289,raw,730,-3.1273,-13.9263,0.7473
35.289,raw,742,-2.8424,-14.6617,0.7074
35.289,raw,753,-2.5271,-15.2876,0.6741
35.289,raw,765,-2.1887,-16.1106,0.6271
35.289,raw,776,-1.8147,-16.7887,0.5892
35.289,raw,787,-1.4274,-17.5642,0.5439
35.289,raw,799,9.6137,-0.5983,1.3229
35.289,raw,810,9.4991,-0.3702,1.3322
35.289,raw,822,9.3409,-0.1295,1.3441
35.289,raw,833,9.1972,0.0810,1.3544
35.289,raw,845,9.0833,0.3010,1.3622
35.289,raw,856,9.4145,0.5201,1.3388
35.289,raw,867,9.7861,0.7644,1.3120
35.289,raw,879,-9.6179,-5.8403,1.1748
35.289,raw,890,-9.4615,-6.2486,1.1728
35.289,raw,902,-9.3071,-6.7075,1.1689
35.289,raw,913,-9.0714,-7.0772,1.1696
35.289,raw,925,-8.8114,-7.4778,1.1698
35.289,raw,936,-8.6328,-7.8876,1.1660
35.289,raw,947,-8.3725,-8.2428,1.1660
35.289,raw,959,-8.0917,-8.6336,1.1651
35.289,raw,970,-7.8428,-9.0013,1.1631
35.289,raw,982,-7.5660,-9.4028,1.1603
35.289,raw,993,-7.3761,-9.8397,1.1527
35.289,raw,1004,-7.0988,-10.2005,1.1499
35.289,raw,1016,-4.3737,-7.8699,1.3119
35.289,raw,1027,-4.1074,-8.0799,1.3126
35.289,raw,1039,-6.1860,-11.3646,1.1367
35.289,raw,1050,-5.9238,-11.7876,1.1285
35.289,raw,1062,-5.6336,-12.2674,1.1182
35.289,raw,1073,-5.2888,-12.6086,1.1137
35.289,raw,1084,-5.0102,-13.0760,1.1021
35.289,raw,1096,-4.6801,-13.5773,1.0896
35.289,raw,1107,-4.4850,-14.2900,1.0649
35.289,raw,1119,-4.1887,-14.9808,1.0424
35.289,raw,1130,-3.8801,-15.6047,1.0220
35.289,raw,1142,-3.6205,-16.5803,0.9852
35.289,raw,1153,-3.4048,-17.6921,0.9409
35.289,raw,1164,-3.2411,-19.1814,0.8788
35.289,raw,1176,-3.0221,-21.0354,0.8005
35.289,raw,1187,-2.9592,-23.7659,0.6808
35.289,raw,1199,-2.1851,-24.2162,0.6684
35.289,raw,1210,-1.4377,-24.5096,0.6615
35.289,raw,1221,-0.6822,-24.8205,0.6527
35.289,raw,1233,0.1555,-25.1734,0.6413
35.289,raw,1244,9.6618,-0.6640,1.4828
35.289,raw,1256,9.5108,-0.4103,1.4908
35.289,raw,1267,9.3790,-0.1885,1.4975
35.289,raw,1279,9.2171,0.0435,1.5052
35.289,raw,1290,9.0768,0.2462,1.5116
35.289,raw,1301,9.3126,0.4577,1.5006
35.289,raw,1313,9.7375,0.7197,1.4805
35.289,raw,1324,22.9838,10.1144,0.7731
35.289,raw,1336,-19.1440,17.4716,0.5297
35.289,raw,1347,-18.5502,15.9333,0.5938
35.289,raw,1358,-17.7474,14.3574,0.6653
35.289,raw,1370,-17.2811,13.0350,0.7164
35.289,raw,1381,-16.6627,11.7867,0.7703
35.289,raw,1393,-11.1352,7.8351,1.0781
35.289,raw,1404,-15.7533,9.6404,0.8539
35.289,raw,1416,-15.4822,0.0962,1.3978
35.289,raw,1427,-15.1110,-0.4673,1.4058
35.289,raw,1438,-8.2761,-0.5790,1.5563
35.289,raw,1450,-8.2152,-0.9555,1.5570
35.289,raw,1461,-14.0268,-2.0812,1.4267
35.289,raw,1473,-13.6955,-2.6170,1.4322
35.289,raw,1484,-13.3754,-3.0901,1.4372
35.289,raw,1496,-13.0334,-3.5916,1.4422
35.289,raw,1507,-12.7883,-4.0562,1.4449
35.289,raw,1518,-12.5151,-4.5046,1.4480
35.289,raw,1530,-12.2671,-5.0011,1.4498
35.289,raw,1541,-11.7962,-5.3590,1.4569
35.289,raw,1553,-11.5903,-5.8541,1.4571
35.289,raw,1564,-11.3943,-6.3046,1.4570
35.289,raw,1575,-11.2081,-6.7606,1.4564
35.289,raw,1587,-10.9484,-7.2306,1.4568
35.289,raw,1598,-10.6126,-7.6042,1.4592
35.289,raw,1610,-10.3608,-8.0749,1.4586
35.289,raw,1621,-10.1398,-8.5158,1.4574
35.289,raw,1633,-9.7803,-8.9165,1.4588
35.289,raw,1644,-9.5606,-9.3645,1.4568
35.289,raw,1655,-9.3165,-9.8006,1.4550
35.289,raw,1667,-8.9584,-10.2037,1.4552
35.289,raw,1678,-8.7320,-10.6692,1.4519
35.289,raw,1690,-8.4301,-11.1374,1.4495
35.289,raw,1701,-8.1093,-11.5299,1.4481
35.289,raw,1713,-4.2319,-7.8946,1.5650
35.289,raw,1724,-4.0825,-8.2445,1.5612
35.289,raw,1735,-7.1701,-12.8646,1.4389
35.289,raw,1747,-6.8682,-13.4145,1.4331
35.289,raw,1758,-6.5323,-13.8593,1.4292
35.289,raw,1770,-6.1469,-14.3394,1.4248
35.289,raw,1781,-5.8617,-14.9239,1.4169
35.289,raw,1792,-5.6303,-15.6599,1.4051
35.289,raw,1804,-7.3287,-20.5659,1.2916
35.289,raw,1815,-6.9450,-21.4914,1.2767
35.289,raw,1827,-6.5207,-22.6185,1.2575
35.289,raw,1838,-6.0834,-23.6755,1.2392
35.289,raw,1850,-5.6539,-25.1642,1.2114
35.289,raw,1861,-4.9459,-25.7421,1.2039
35.289,raw,1872,-4.1623,-26.1200,1.2005
35.289,raw,1884,-3.3105,-26.6001,1.1947
35.289,raw,1895,-2.5121,-27.0386,1.1888
35.289,raw,1907,-1.6231,-27.5325,1.1815
35.289,raw,1918,-0.7921,-28.0265,1.1733
35.289,raw,1929,0.0858,-28.2814,1.1698
35.289,raw,1941,1.0552,-28.5720,1.1650
35.289,raw,1952,1.9537,-28.9966,1.1565
35.289,raw,1964,2.9626,-29.4423,1.1469
35.289,raw,1975,3.9175,-29.9171,1.1359
35.289,raw,1987,4.9941,-30.4057,1.1238
35.289,raw,1998,6.0176,-30.8740,1.1115
35.289,raw,2009,7.1413,-31.8043,1.0881
35.289,raw,2021,8.4648,-32.9292,1.0591
35.289,raw,2032,9.6850,-0.6870,1.6456
35.289,raw,2044,9.5129,-0.4300,1.6500
35.289,raw,2055,9.3770,-0.2075,1.6533
35.289,raw,2067,9.2405,0.0244,1.6565
35.289,raw,2078,9.0934,0.2282,1.6598
35.289,raw,2089,9.3011,0.4382,1.6551
35.289,raw,2101,9.6743,0.6945,1.6465
35.289,raw,2112,23.8439,10.6888,1.2795
35.289,raw,2124,-25.6385,12.6099,1.1160
35.289,raw,2135,-23.3995,10.6546,1.1783
35.289,raw,2146,-26.4539,10.8226,1.1140
35.289,raw,2158,-23.9921,8.8904,1.1793
35.289,raw,2169,-22.0931,7.4092,1.2290
35.289,raw,2181,-20.4966,6.0812,1.2708
35.289,raw,2192,-19.3401,5.0483,1.3009
35.289,raw,2204,-18.5052,4.0999,1.3231
35.289,raw,2215,-17.8531,3.3088,1.3402
35.289,raw,2226,-17.1954,2.5658,1.3568
35.289,raw,2238,-16.6026,1.8196,1.3715
35.289,raw,2249,-16.2042,1.1833,1.3813
35.289,raw,2261,-15.7636,0.5201,1.3916
35.289,raw,2272,-17.9277,-0.8033,1.8280
35.289,raw,2284,-32.0334,-3.9732,1.8474
35.289,raw,2295,-31.8365,-7.9506,1.8481
35.289,raw,2306,-31.0145,-8.8926,1.8473
35.289,raw,2318,-30.1383,-9.8852,1.8466
35.289,raw,2329,-29.3948,-10.7802,1.8460
35.289,raw,2341,-15.6339,-6.8142,1.8266
35.289,raw,2352,-27.8757,-12.5772,1.8449
35.289,raw,2363,-15.5365,-8.1336,1.8272
35.289,raw,2375,-26.0750,-14.1294,1.8436
35.289,raw,2386,-25.7371,-15.1019,1.8438
35.289,raw,2398,-24.9795,-15.9503,1.8434
35.289,raw,2409,-24.1783,-16.6449,1.8430
35.289,raw,2421,-23.2862,-17.3635,1.8425
35.289,raw,2432,-22.4780,-18.0037,1.8421
35.289,raw,2443,-21.7455,-18.6797,1.8419
35.289,raw,2455,-20.9643,-19.4162,1.8416
35.289,raw,2466,-20.2407,-20.0739,1.8415
35.289,raw,2478,-19.4509,-20.7803,1.8413
35.289,raw,2489,-18.6022,-21.2946,1.8410
35.289,raw,2500,-17.7757,-21.8111,1.8407
35.289,raw,2512,-16.8861,-22.3680,1.8405
35.289,raw,2523,-16.0916,-22.8882,1.8403
35.289,raw,2535,-15.2122,-23.4274,1.8402
35.289,raw,2546,-14.4248,-23.9368,1.8401
35.289,raw,2558,-13.5606,-24.4794,1.8400
35.289,raw,2569,-12.7700,-24.9764,1.8400
35.289,raw,2580,-11.9777,-25.4713,1.8400
35.289,raw,2592,-11.1243,-26.0375,1.8401
35.289,raw,2603,-9.0027,-23.8346,1.8362
35.289,raw,2615,-8.5915,-25.1704,1.8376
35.289,raw,2626,-8.1904,-26.5038,1.8390
35.289,raw,2638,-7.7027,-28.0478,1.8407
35.289,raw,2649,-6.9961,-28.9317,1.8416
35.289,raw,2660,-6.1202,-29.3863,1.8418
35.289,raw,2672,-5.1456,-29.8621,1.8420
35.289,raw,2683,-4.2467,-30.3316,1.8424
35.289,raw,2695,-3.2428,-30.8208,1.8427
35.289,raw,2706,-2.3087,-31.2935,1.8432
35.289,raw,2717,-1.3538,-31.7627,1.8436
35.289,raw,2729,-0.2890,-32.2946,1.8442
35.289,raw,2740,0.7046,-32.9197,1.8449
35.289,raw,2752,1.8324,-33.4855,1.8456
35.289,raw,2763,2.8976,-33.7786,1.8460
35.289,raw,2775,4.0837,-34.1656,1.8465
35.289,raw,2786,5.2014,-34.5790,1.8472
35.289,raw,2797,9.5696,-0.4943,1.8093
35.289,raw,2809,9.3869,-0.2463,1.8090
35.289,raw,2820,9.2640,-0.0323,1.8088
35.289,raw,2832,9.1105,0.1918,1.8086
35.289,raw,2843,9.2129,0.3972,1.8088
35.289,raw,2855,9.6027,0.6492,1.8093
35.289,raw,2866,10.0246,0.9118,1.8099
35.289,raw,2877,-32.1203,-4.1868,2.6705
35.289,raw,2889,-16.6925,-4.2248,2.2936
35.289,raw,2900,-14.7832,-5.7528,2.2582
35.289,raw,2912,-14.6008,-6.4225,2.2596
35.289,raw,2923,-14.4209,-6.9827,2.2606
35.289,raw,2934,-14.2540,-7.5521,2.2624
35.289,raw,2946,-26.0855,-14.1347,2.5972
35.289,raw,2957,-19.9363,-24.1242,2.6232
35.289,raw,2969,9.6164,-0.5986,1.9714
35.289,raw,2980,9.4690,-0.3679,1.9672
35.289,raw,2992,9.2976,-0.1276,1.9626
35.289,raw,3003,9.1872,0.0811,1.9597
35.289,raw,3014,9.0511,0.2821,1.9564
35.289,raw,3026,9.4333,0.5211,1.9661
35.289,raw,3037,9.7718,0.7631,1.9749
35.289,raw,3049,-16.0531,-1.9674,2.7122
35.289,raw,3060,-13.9984,-8.0838,2.6998
35.289,raw,3071,-19.9738,-24.0246,3.4000
35.289,raw,3083,9.6162,-0.5985,2.1336
35.289,raw,3094,9.4592,-0.3671,2.1250
35.289,raw,3106,9.3276,-0.1289,2.1180
35.289,raw,3117,9.1861,0.0811,2.1109
35.289,raw,3129,9.0604,0.3005,2.1049
35.289,raw,3140,9.3876,0.5186,2.1210
35.289,raw,3151,9.7805,0.7639,2.1408
35.289,raw,3163,-15.7670,-2.2049,3.1384
35.289,raw,3174,9.6432,-0.6216,2.2982
35.289,raw,3186,9.4546,-0.3667,2.2830
35.289,raw,3197,9.3331,-0.1481,2.2734
35.289,raw,3209,9.1717,0.0813,2.2613
35.289,raw,3220,9.0480,0.2821,2.2525
35.289,raw,3231,9.3537,0.4977,2.2750
35.289,raw,3243,9.7662,0.7626,2.3058
35.289,raw,3254,-16.6540,0.0925,3.6488
35.289,raw,3266,-16.4474,-0.5690,3.6303
35.289,raw,3277,-16.2499,-1.1638,3.6146
35.289,raw,3288,-16.0526,-1.7487,3.6006
35.289,raw,3300,-15.6793,-2.3554,3.5720
35.289,raw,3311,-15.4944,-2.9202,3.5627
35.289,raw,3323,-15.3339,-3.5383,3.5585
35.289,raw,3334,-15.1117,-4.0850,3.5490
35.289,raw,3346,-14.9486,-4.6964,3.5484
35.289,raw,3357,-14.7832,-5.4181,3.5528
35.289,raw,3368,-17.4293,-6.9690,3.8390
35.289,raw,3380,-17.2035,-7.6728,3.8422
35.289,raw,3391,-17.0096,-8.3267,3.8488
35.289,raw,3403,-16.2106,-8.7698,3.7967
35.289,raw,3414,-11.3719,-8.5411,3.3800
36.494,raw,0,9.6992,-0.7121,0.5159
36.494,raw,11,9.5683,-0.4838,0.5449
36.494,raw,22,9.4257,-0.2644,0.5747
36.494,raw,33,9.3034,-0.0553,0.5993
36.494,raw,44,9.1641,0.1457,0.6259
36.494,raw,55,9.1900,0.3440,0.6203
36.494,raw,66,9.5252,0.5657,0.5550
36.494,raw,77,9.6595,-0.6484,0.6883
36.494,raw,88,9.5419,-0.4240,0.7111
36.494,raw,100,9.3681,-0.1868,0.7420
36.494,raw,111,9.2588,0.0188,0.7609
36.494,raw,122,9.0957,0.2163,0.7877
36.494,raw,133,9.3142,0.4222,0.7507
36.494,raw,144,9.6558,0.6526,0.6924
36.494,raw,155,10.0659,0.9134,0.6213
36.494,raw,166,9.5870,-0.5048,0.8629
36.494,raw,177,9.4359,-0.2837,0.8863
36.494,raw,188,9.2772,-0.0729,0.9099
36.494,raw,200,9.1632,0.1457,0.9262
36.494,raw,211,9.1875,0.3439,0.9222
36.494,raw,222,9.5191,0.5653,0.8742
36.494,raw,233,9.9348,0.8172,0.8132
36.494,raw,244,-4.7787,-7.9860,0.5006
36.494,raw,255,-4.2564,-7.9782,0.5424
36.494,raw,266,-4.1166,-8.3447,0.5207
36.494,raw,277,9.5649,-0.5028,1.0247
36.494,raw,288,9.4274,-0.2832,1.0426
36.494,raw,300,9.3092,-0.0554,1.0575
36.494,raw,311,9.1408,0.1455,1.0773
36.494,raw,322,9.1720,0.3433,1.0732
36.494,raw,333,9.5011,0.5641,1.0336
36.494,raw,344,9.9105,0.8147,0.9837
36.494,raw,355,-5.5472,-8.6413,0.6722
36.494,raw,366,-4.3694,-7.9176,0.7957
36.494,raw,377,-4.0960,-8.1255,0.7979
36.494,raw,388,-4.8462,-9.6122,0.6476
36.494,raw,400,-4.5988,-9.9987,0.6332
36.494,raw,411,-4.3261,-10.3043,0.6250
36.494,raw,422,-4.0498,-10.6153,0.6154
36.494,raw,433,-3.7842,-10.9575,0.6016
36.494,raw,444,-3.5314,-11.3423,0.5827
36.494,raw,455,-3.3152,-11.8260,0.5529
36.494,raw,466,-3.0989,-12.3571,0.5179
36.494,raw,477,9.6900,-0.6716,1.1695
36.494,raw,488,9.5408,-0.4430,1.1853
36.494,raw,500,9.3875,-0.2063,1.2009
36.494,raw,511,9.2250,0.0011,1.2166
36.494,raw,522,9.1126,0.1988,1.2270
36.494,raw,533,9.2647,0.4015,1.2124
36.494,raw,544,9.6137,0.6298,1.1788
36.494,raw,555,10.0153,0.8871,1.1396
36.494,raw,566,-6.8188,-8.9127,0.8835
36.494,raw,577,-6.5762,-9.2631,0.8789
36.494,raw,589,-6.2877,-9.6279,0.8748
36.494,raw,600,-4.2315,-7.9501,1.0561
36.494,raw,611,-4.0953,-8.3191,1.0429
36.494,raw,622,-5.5336,-10.7255,0.8513
36.494,raw,633,-5.2516,-11.0761,0.8437
36.494,raw,644,-4.9781,-11.4523,0.8334
36.494,raw,655,-4.6415,-11.7480,0.8292
36.494,raw,666,-4.3610,-12.1463,0.8159
36.494,raw,677,-4.1462,-12.6899,0.7907
36.494,raw,689,-3.8495,-13.2192,0.7680
36.494,raw,700,-3.6255,-13.8548,0.7354
36.494,raw,711,-3.3766,-14.5092,0.7013
36.494,raw,722,-3.0678,-15.0985,0.6718
36.494,raw,733,-2.7423,-15.7226,0.6394
36.494,raw,744,-2.4498,-16.5474,0.5920
36.494,raw,755,-2.0793,-17.2602,0.5524
36.494,raw,766,9.7140,-0.7139,1.3280
36.494,raw,777,9.5513,-0.4823,1.3409
36.494,raw,789,9.3941,-0.2439,1.3529
36.494,raw,800,9.2672,-0.0361,1.3622
36.494,raw,811,9.1396,0.1634,1.3711
36.494,raw,822,9.2068,0.3627,1.3661
36.494,raw,833,9.5517,0.5867,1.3415
36.494,raw,844,9.9329,0.8373,1.3138
36.494,raw,855,-10.0175,-5.8834,1.1508
36.494,raw,866,-9.8633,-6.3105,1.1487
36.494,raw,877,-9.7355,-6.7559,1.1444
36.494,raw,889,-9.4540,-7.1665,1.1464
36.494,raw,900,-9.2192,-7.5552,1.1463
36.494,raw,911,-9.0339,-7.9780,1.1429
36.494,raw,922,-8.7528,-8.3379,1.1440
36.494,raw,933,-8.5020,-8.7200,1.1427
36.494,raw,944,-8.2419,-9.0972,1.1412
36.494,raw,955,-8.0329,-9.5228,1.1359
36.494,raw,966,-7.7854,-9.9229,1.1320
36.494,raw,977,-7.5153,-10.3089,1.1286
36.494,raw,989,-7.2429,-10.7623,1.1224
36.494,raw,1000,-4.1733,-7.9777,1.3102
36.494,raw,1011,-6.6494,-11.5216,1.1143
36.494,raw,1022,-6.3794,-11.9514,1.1066
36.494,raw,1033,-6.0408,-12.3051,1.1029
36.494,raw,1044,-5.7705,-12.7700,1.0926
36.494,raw,1055,-5.4327,-13.1557,1.0863
36.494,raw,1066,-5.1337,-13.6256,1.0751
36.494,raw,1077,-4.8554,-14.1670,1.0599
36.494,raw,1089,-4.6325,-14.9741,1.0320
36.494,raw,1100,-4.3482,-15.6305,1.0107
36.494,raw,1111,-4.1189,-16.4936,0.9790
36.494,raw,1122,-3.9937,-17.7489,0.9282
36.494,raw,1133,-3.8466,-19.1565,0.8704
36.494,raw,1144,-4.1615,-22.2928,0.7305
36.494,raw,1155,-3.6782,-23.3161,0.6921
36.494,raw,1166,-3.1479,-24.3742,0.6518
36.494,raw,1178,-2.3443,-24.7787,0.6420
36.494,raw,1189,-1.5924,-25.1431,0.6323
36.494,raw,1200,-0.8114,-25.4069,0.6261
36.494,raw,1211,-0.0270,-25.7231,0.6165
36.494,raw,1222,0.7659,-26.1106,0.6025
36.494,raw,1233,1.5806,-26.4669,0.5887
36.494,raw,1244,2.4155,-26.8135,0.5743
36.494,raw,1255,3.2716,-27.1876,0.5574
36.494,raw,1266,9.6470,-0.6079,1.4923
36.494,raw,1278,9.4929,-0.3630,1.5003
36.494,raw,1289,9.3319,-0.1482,1.5081
36.494,raw,1300,9.2002,0.0557,1.5144
36.494,raw,1311,9.0946,0.2517,1.5191
36.494,raw,1322,9.3413,0.4605,1.5075
36.494,raw,1333,9.7061,0.6959,1.4902
36.494,raw,1344,23.8285,10.6841,0.7338
36.494,raw,1355,-19.1677,17.3046,0.5258
36.494,raw,1366,-18.3587,15.6201,0.6014
36.494,raw,1378,-17.8537,14.1813,0.6578
36.494,raw,1389,-17.2308,12.8492,0.7148
36.494,raw,1400,-16.8679,11.7610,0.7547
36.494,raw,1411,-11.1362,7.7996,1.0706
36.494,raw,1422,-16.7941,0.6268,1.3647
36.494,raw,1433,-16.3050,0.0059,1.3756
36.494,raw,1444,-15.9597,-0.5897,1.3830
36.494,raw,1455,-8.3217,-0.6628,1.5512
36.494,raw,1466,-8.2322,-1.0119,1.5525
36.494,raw,1478,-14.9457,-2.3129,1.4020
36.494,raw,1489,-14.6355,-2.8389,1.4070
36.494,raw,1500,-14.3367,-3.3530,1.4115
36.494,raw,1511,-14.0385,-3.8549,1.4156
36.494,raw,1522,-13.7426,-4.3458,1.4193
36.494,raw,1533,-13.4524,-4.8280,1.4225
36.494,raw,1544,-12.7300,-5.1555,1.4355
36.494,raw,1555,-12.4767,-5.6184,1.4374
36.494,raw,1566,-12.2135,-6.0720,1.4391
36.494,raw,1578,-11.9359,-6.5656,1.4405
36.494,raw,1589,-11.6670,-7.0074,1.4417
36.494,raw,1600,-11.2198,-7.3518,1.4471
36.494,raw,1611,-11.0259,-7.8231,1.4458
36.494,raw,1622,-10.8641,-8.3189,1.4433
36.494,raw,1633,-10.6665,-8.8003,1.4413
36.494,raw,1644,-10.2587,-9.1418,1.4446
36.494,raw,1655,-10.0783,-9.6430,1.4413
36.494,raw,1667,-9.8839,-10.2062,1.4370
36.494,raw,1678,-9.4808,-10.5453,1.4391
36.494,raw,1689,-9.3101,-11.0901,1.4339
36.494,raw,1700,-8.9904,-11.5107,1.4327
36.494,raw,1711,-8.6050,-11.8692,1.4331
36.494,raw,1722,-8.4297,-12.4593,1.4262
36.494,raw,1733,-8.0631,-12.8550,1.4249
36.494,raw,1744,-7.6671,-13.2202,1.4242
36.494,raw,1755,-7.4809,-13.8717,1.4154
36.494,raw,1767,-7.0580,-14.3169,1.4128
36.494,raw,1778,-6.6673,-14.7342,1.4100
36.494,raw,1789,-8.5319,-18.9136,1.3099
36.494,raw,1800,-8.2238,-19.8003,1.2964
36.494,raw,1811,-7.8685,-20.6818,1.2830
36.494,raw,1822,-7.4923,-21.6100,1.2684
36.494,raw,1833,-7.0875,-22.5789,1.2527
36.494,raw,1844,-6.6503,-23.5898,1.2359
36.494,raw,1855,-6.3208,-25.0352,1.2087
36.494,raw,1867,-5.7217,-26.1707,1.1894
36.494,raw,1878,-4.9094,-26.5083,1.1876
36.494,raw,1889,-4.1068,-26.9074,1.1839
36.494,raw,1900,-3.2911,-27.3007,1.1797
36.494,raw,1911,-2.4786,-27.7786,1.1731
36.494,raw,1922,-1.6501,-28.2819,1.1653
36.494,raw,1933,-0.7970,-28.7754,1.1573
36.494,raw,1944,0.0861,-29.2086,1.1499
36.494,raw,1955,1.0003,-29.4988,1.1452
36.494,raw,1967,2.0138,-29.8369,1.1388
36.494,raw,1978,2.9614,-30.2834,1.1292
36.494,raw,1989,3.9389,-30.7732,1.1181
36.494,raw,2000,4.9503,-31.2775,1.1059
36.494,raw,2011,5.9951,-31.7538,1.0935
36.494,raw,2022,7.1512,-32.8124,1.0675
36.494,raw,2033,8.4014,-33.9791,1.0380
36.494,raw,2044,9.5973,-0.5445,1.6520
36.494,raw,2055,9.4476,-0.3221,1.6557
36.494,raw,2067,9.3110,-0.0922,1.6590
36.494,raw,2078,9.1946,0.1098,1.6616
36.494,raw,2089,9.0973,0.3050,1.6637
36.494,raw,2100,9.4337,0.5219,1.6561
36.494,raw,2111,9.8125,0.7649,1.6473
36.494,raw,2122,-28.3822,15.7394,1.0278
36.494,raw,2133,-25.4489,13.1715,1.1107
36.494,raw,2144,-23.9371,11.4608,1.1565
36.494,raw,2155,-26.1846,11.3397,1.1115
36.494,raw,2167,-24.6565,9.6713,1.1558
36.494,raw,2178,-23.3076,8.2844,1.1937
36.494,raw,2189,-22.1836,7.0715,1.2250
36.494,raw,2200,-21.1304,5.9674,1.2536
36.494,raw,2211,-20.1537,4.9623,1.2796
36.494,raw,2222,-19.3571,4.0638,1.3006
36.494,raw,2233,-18.6624,3.2403,1.3186
36.494,raw,2244,-18.1162,2.4847,1.3327
36.494,raw,2256,-17.5377,1.7072,1.3471
36.494,raw,2267,-17.0789,1.0364,1.3581
36.494,raw,2278,-18.5287,-0.3764,1.8291
36.494,raw,2289,-17.4766,-0.9986,1.8277
36.494,raw,2300,-17.2295,-1.8593,1.8274
36.494,raw,2311,-15.8183,-2.9822,1.8257
36.494,raw,2322,-31.2398,-8.7100,1.8478
36.494,raw,2333,-17.6387,-5.8976,1.8290
36.494,raw,2344,-29.7501,-10.5690,1.8466
36.494,raw,2356,-28.9923,-11.5542,1.8460
36.494,raw,2367,-28.2772,-12.4246,1.8456
36.494,raw,2378,-27.5835,-13.2810,1.8451
36.494,raw,2389,-26.1892,-13.7827,1.8437
36.494,raw,2400,-26.2409,-14.9573,1.8445
36.494,raw,2411,-25.5920,-15.7837,1.8442
36.494,raw,2422,-24.9406,-16.5965,1.8440
36.494,raw,2433,-24.3023,-17.4072,1.8439
36.494,raw,2444,-23.6625,-18.2093,1.8437
36.494,raw,2456,-22.8390,-18.9849,1.8434
36.494,raw,2467,-22.0783,-19.6758,1.8432
36.494,raw,2478,-21.3430,-20.3742,1.8430
36.494,raw,2489,-20.6460,-21.0976,1.8430
36.494,raw,2500,-19.9468,-21.8159,1.8429
36.494,raw,2511,-19.2800,-22.5666,1.8430
36.494,raw,2522,-18.6021,-23.3117,1.8431
36.494,raw,2533,-17.9060,-24.0445,1.8432
36.494,raw,2544,-17.2174,-24.7966,1.8434
36.494,raw,2556,-16.4639,-25.6324,1.8437
36.494,raw,2567,-15.6846,-26.2952,1.8438
36.494,raw,2578,-14.9021,-26.9638,1.8439
36.494,raw,2589,-14.0912,-27.6016,1.8441
36.494,raw,2600,-13.2918,-28.2748,1.8443
36.494,raw,2611,-12.4689,-28.9290,1.8445
36.494,raw,2622,-11.6399,-29.5986,1.8448
36.494,raw,2633,-10.8067,-30.2948,1.8452
36.494,raw,2644,-9.9357,-30.9481,1.8455
36.494,raw,2656,-8.9907,-31.7305,1.8461
36.494,raw,2667,-8.1048,-32.4653,1.8466
36.494,raw,2678,-7.1926,-33.2031,1.8472
36.494,raw,2689,-5.8459,-33.5897,1.8472
36.494,raw,2700,-4.5182,-32.7123,1.8456
36.494,raw,2711,-3.2623,-31.8236,1.8441
36.494,raw,2722,-2.3050,-32.3468,1.8445
36.494,raw,2733,-1.3226,-32.8547,1.8450
36.494,raw,2744,-0.3193,-33.3949,1.8456
36.494,raw,2756,0.8068,-33.9906,1.8463
36.494,raw,2767,1.8667,-34.6698,1.8471
36.494,raw,2778,9.6005,-0.5642,1.8091
36.494,raw,2789,9.4706,-0.3425,1.8089
36.494,raw,2800,9.3179,-0.1292,1.8087
36.494,raw,2811,9.1897,0.0738,1.8085
36.494,raw,2822,9.0691,0.2688,1.8083
36.494,raw,2833,9.3583,0.4800,1.8087
36.494,raw,2845,9.7740,0.7414,1.8093
36.494,raw,2856,-31.8433,-3.2881,2.6656
36.494,raw,2867,-18.7769,-2.8962,2.3429
36.494,raw,2878,-15.8513,-6.9970,2.2975
36.494,raw,2889,-15.6031,-7.8952,2.3001
36.494,raw,2900,-26.0644,-14.1346,2.6004
36.494,raw,2911,-19.9150,-24.1739,2.6261
36.494,raw,2922,9.6507,-0.6279,1.9677
36.494,raw,2933,9.4866,-0.4005,1.9631
36.494,raw,2945,9.3594,-0.1678,1.9596
36.494,raw,2956,9.2245,0.0374,1.9561
36.494,raw,2967,9.0915,0.2339,1.9528
36.494,raw,2978,9.2859,0.4392,1.9578
36.494,raw,2989,9.6434,0.6710,1.9671
36.494,raw,3000,10.0628,0.9339,1.9780
36.494,raw,3011,-32.1163,-4.2325,3.5030
36.494,raw,3022,-26.0575,-14.1312,3.3575
36.494,raw,3033,-19.9660,-24.0884,3.4066
36.494,raw,3045,9.6400,-0.6072,2.1257
36.494,raw,3056,9.4852,-0.3815,2.1173
36.494,raw,3067,9.3504,-0.1674,2.1102
36.494,raw,3078,9.2038,0.0376,2.1029
36.494,raw,3089,9.0768,0.2336,2.0968
36.494,raw,3100,9.2835,0.4390,2.1071
36.494,raw,3111,9.6383,0.6706,2.1249
36.494,raw,3122,10.0356,0.9307,2.1452
36.494,raw,3133,-19.6421,-0.3368,3.4192
36.494,raw,3145,-19.3937,-1.1029,3.4034
36.494,raw,3156,-17.6076,-5.8886,3.3345
36.494,raw,3167,-16.7879,0.5699,3.6795
36.494,raw,3178,-16.6119,-0.0520,3.6623
36.494,raw,3189,-16.4163,-0.6623,3.6451
36.494,raw,3200,-16.2153,-1.2614,3.6291
36.494,raw,3211,-16.0580,-1.8549,3.6191
36.494,raw,3222,-15.6474,-2.4081,3.5865
36.494,raw,3233,-15.4685,-2.9788,3.5778
36.494,raw,3245,-15.2804,-3.5969,3.5710
36.494,raw,3256,-15.1141,-4.1611,3.5670
36.494,raw,3267,-14.9243,-4.7169,3.5625
36.494,raw,3278,-14.7569,-5.4440,3.5666
36.494,raw,3289,-14.5821,-6.0036,3.5676
36.494,raw,3300,-14.4065,-6.5642,3.5703
36.494,raw,3311,-14.2329,-7.1282,3.5751
36.494,raw,3322,-14.0410,-7.6879,3.5799
37.923,raw,0,9.5848,-0.5436,0.5550
37.923,raw,10,9.4402,-0.3395,0.5861
37.923,raw,21,9.3178,-0.1279,0.6120
37.923,raw,32,9.1751,0.0757,0.6405
37.923,raw,43,9.0603,0.2700,0.6626
37.923,raw,54,8.9453,0.4571,0.6835
37.923,raw,65,9.2706,0.6670,0.6203
37.923,raw,76,9.6301,0.9017,0.5493
37.923,raw,87,9.5414,-0.4624,0.7233
37.923,raw,98,9.3760,-0.2416,0.7537
37.923,raw,108,9.2613,-0.0526,0.7744
37.923,raw,119,9.1456,0.1470,0.7944
37.923,raw,130,9.0114,0.3387,0.8164
37.923,raw,141,9.0646,0.5310,0.8067
37.923,raw,152,9.4129,0.7505,0.7474
37.923,raw,163,9.7726,0.9944,0.6849
37.923,raw,174,9.4968,-0.4199,0.8875
37.923,raw,185,9.3690,-0.2043,0.9079
37.923,raw,196,9.2307,0.0026,0.9288
37.923,raw,206,9.0948,0.1827,0.9485
37.923,raw,217,8.9777,0.3725,0.9648
37.923,raw,228,9.1257,0.5691,0.9430
37.923,raw,239,9.4553,0.7911,0.8948
37.923,raw,250,9.8655,1.0446,0.8341
37.923,raw,261,-4.3602,-7.8481,0.5268
37.923,raw,272,9.5858,-0.5437,1.0307
37.923,raw,283,9.4558,-0.3222,1.0484
37.923,raw,294,9.3152,-0.1096,1.0665
37.923,raw,304,9.1851,0.0754,1.0825
37.923,raw,315,9.0419,0.2699,1.0994
37.923,raw,326,8.9640,0.4577,1.1080
37.923,raw,337,9.2752,0.6673,1.0706
37.923,raw,348,9.6289,0.9016,1.0274
37.923,raw,359,-6.0226,-8.2449,0.6518
37.923,raw,370,-5.8289,-8.6057,0.6414
37.923,raw,381,-4.5024,-7.7697,0.7825
37.923,raw,392,-4.2232,-7.9783,0.7856
37.923,raw,402,-5.1696,-9.6108,0.6138
37.923,raw,413,-4.9287,-9.9607,0.6025
37.923,raw,424,-4.6736,-10.3049,0.5912
37.923,raw,435,-4.4639,-10.7302,0.5702
37.923,raw,446,-4.2019,-11.1006,0.5549
37.923,raw,457,-3.9185,-11.4563,0.5406
37.923,raw,468,-3.7203,-11.9877,0.5070
37.923,raw,479,9.4916,-0.4005,1.1975
37.923,raw,490,9.3441,-0.1843,1.2127
37.923,raw,500,9.2179,0.0031,1.2253
37.923,raw,511,9.1115,0.2001,1.2356
37.923,raw,522,8.9731,0.3895,1.2483
37.923,raw,533,9.1281,0.5868,1.2332
37.923,raw,544,9.5080,0.8143,1.1966
37.923,raw,555,9.8794,1.0662,1.1600
37.923,raw,566,-7.1718,-8.5293,0.8721
37.923,raw,577,-6.9758,-8.9264,0.8640
37.923,raw,588,-6.7259,-9.2817,0.8596
37.923,raw,598,-6.5176,-9.6298,0.8527
37.923,raw,609,-4.3005,-7.8291,1.0480
37.923,raw,620,-6.0770,-10.4508,0.8311
37.923,raw,631,-5.8370,-10.8617,0.8197
37.923,raw,642,-5.5197,-11.1873,0.8153
37.923,raw,653,-5.2942,-11.6522,0.7984
37.923,raw,664,-5.0256,-12.0802,0.7843
37.923,raw,675,-4.7547,-12.5301,0.7680
37.923,raw,686,-4.4988,-13.0377,0.7467
37.923,raw,696,-4.3399,-13.6759,0.7134
37.923,raw,707,-4.0747,-14.2671,0.6853
37.923,raw,718,-3.8590,-15.0320,0.6438
37.923,raw,729,-3.5605,-15.6973,0.6098
37.923,raw,740,-3.3091,-16.5777,0.5596
37.923,raw,751,9.5554,-0.5401,1.3454
37.923,raw,762,9.4319,-0.3201,1.3555
37.923,raw,773,9.3238,-0.1101,1.3640
37.923,raw,784,9.1593,0.0938,1.3759
37.923,raw,794,9.0438,0.2699,1.3840
37.923,raw,805,8.9582,0.4575,1.3896
37.923,raw,816,9.2649,0.6666,1.3678
37.923,raw,827,9.6431,0.9030,1.3404
37.923,raw,838,-10.1468,-5.0629,1.1540
37.923,raw,849,-9.9196,-5.4531,1.1566
37.923,raw,860,-9.8262,-5.9039,1.1519
37.923,raw,871,-9.6135,-6.3006,1.1525
37.923,raw,882,-9.5230,-6.7652,1.1461
37.923,raw,892,-9.3314,-7.1317,1.1453
37.923,raw,903,-9.1318,-7.5438,1.1432
37.923,raw,914,-8.9775,-7.9913,1.1378
37.923,raw,925,-8.7588,-8.4014,1.1351
37.923,raw,936,-8.5048,-8.7891,1.1336
37.923,raw,947,-8.3118,-9.2311,1.1278
37.923,raw,958,-8.1101,-9.6768,1.1215
37.923,raw,969,-7.8618,-10.0910,1.1170
37.923,raw,980,-7.6456,-10.5472,1.1095
37.923,raw,990,-4.4459,-7.7554,1.3020
37.923,raw,1001,-4.1570,-7.9505,1.3043
37.923,raw,1012,-6.8992,-11.8342,1.0887
37.923,raw,1023,-6.5951,-12.2491,1.0825
37.923,raw,1034,-6.3412,-12.7494,1.0711
37.923,raw,1045,-6.0960,-13.2917,1.0573
37.923,raw,1056,-5.7611,-13.7284,1.0489
37.923,raw,1067,-5.4448,-14.2210,1.0372
37.923,raw,1078,-5.2954,-15.0558,1.0074
37.923,raw,1089,-5.0357,-15.7648,0.9843
37.923,raw,1099,-5.1315,-17.1860,0.9242
37.923,raw,1110,-6.2029,-21.2228,0.7366
37.923,raw,1121,-5.8143,-22.2543,0.6999
37.923,raw,1132,-5.3941,-23.3511,0.6598
37.923,raw,1143,-4.9576,-24.5817,0.6131
37.923,raw,1154,-4.3029,-25.2896,0.5909
37.923,raw,1165,-3.5611,-25.7816,0.5781
37.923,raw,1176,-2.7986,-26.2660,0.5646
37.923,raw,1187,-2.0227,-26.7860,0.5484
37.923,raw,1197,-1.2944,-27.2422,0.5336
37.923,raw,1208,-0.4652,-27.7017,0.5181
37.923,raw,1219,0.4016,-27.9967,0.5090
37.923,raw,1230,9.5582,-0.4832,1.5004
37.923,raw,1241,9.3875,-0.2609,1.5091
37.923,raw,1252,9.2531,-0.0522,1.5158
37.923,raw,1263,9.1408,0.1471,1.5212
37.923,raw,1274,9.0089,0.3387,1.5272
37.923,raw,1285,9.0912,0.5322,1.5232
37.923,raw,1295,9.3867,0.7300,1.5092
37.923,raw,1306,9.7346,0.9707,1.4924
37.923,raw,1317,25.2712,12.0269,0.6539
37.923,raw,1328,-16.6749,19.3093,0.5526
37.923,raw,1339,-16.4231,17.9098,0.6045
37.923,raw,1350,-15.9268,16.3955,0.6670
37.923,raw,1361,-15.7421,15.2405,0.7070
37.923,raw,1372,-15.5459,14.1452,0.7445
37.923,raw,1383,-15.0954,12.9345,0.7935
37.923,raw,1393,-14.9414,12.0721,0.8213
37.923,raw,1404,-14.5699,11.0462,0.8607
37.923,raw,1415,-14.4093,10.2031,0.8865
37.923,raw,1426,-14.0383,1.0124,1.4233
37.923,raw,1437,-13.8748,0.4705,1.4272
37.923,raw,1448,-13.6853,-0.0602,1.4314
37.923,raw,1459,-13.5154,-0.5804,1.4347
37.923,raw,1470,-8.2754,-0.6771,1.5500
37.923,raw,1481,-13.1997,-1.5972,1.4398
37.923,raw,1491,-13.0089,-2.0438,1.4428
37.923,raw,1502,-12.8574,-2.5367,1.4444
37.923,raw,1513,-12.7056,-3.0255,1.4456
37.923,raw,1524,-12.5482,-3.5098,1.4467
37.923,raw,1535,-12.3858,-3.9900,1.4475
37.923,raw,1546,-12.0147,-4.4038,1.4528
37.923,raw,1557,-11.9160,-4.8959,1.4515
37.923,raw,1568,-11.7660,-5.3729,1.4510
37.923,raw,1579,-11.6437,-5.8636,1.4495
37.923,raw,1589,-11.5299,-6.3130,1.4479
37.923,raw,1600,-11.2639,-6.7444,1.4491
37.923,raw,1611,-11.0751,-7.2131,1.4482
37.923,raw,1622,-10.8877,-7.6864,1.4468
37.923,raw,1633,-10.7303,-8.1835,1.4442
37.923,raw,1644,-10.4064,-8.5806,1.4455
37.923,raw,1655,-10.3222,-9.1424,1.4400
37.923,raw,1666,-10.2454,-9.7299,1.4338
37.923,raw,1677,-9.9561,-10.1704,1.4329
37.923,raw,1687,-9.8980,-10.7489,1.4257
37.923,raw,1698,-9.6851,-11.2797,1.4215
37.923,raw,1709,-9.3964,-11.7547,1.4190
37.923,raw,1720,-9.3259,-12.4656,1.4090
37.923,raw,1731,-9.0214,-12.9630,1.4056
37.923,raw,1742,-8.7120,-13.4705,1.4017
37.923,raw,1753,-8.6485,-14.3033,1.3885
37.923,raw,1764,-8.3445,-14.8803,1.3825
37.923,raw,1775,-9.6379,-17.7609,1.3143
37.923,raw,1785,-9.5121,-18.7181,1.2984
37.923,raw,1796,-9.2255,-19.6226,1.2850
37.923,raw,1807,-8.9192,-20.5717,1.2704
37.923,raw,1818,-8.6081,-21.6020,1.2539
37.923,raw,1829,-8.2613,-22.6689,1.2364
37.923,raw,1840,-7.9072,-23.8430,1.2163
37.923,raw,1851,-7.6362,-25.3689,1.1878
37.923,raw,1862,-7.2214,-26.7481,1.1629
37.923,raw,1873,-6.6289,-27.8325,1.1448
37.923,raw,1883,-5.8778,-28.2900,1.1404
37.923,raw,1894,-5.0392,-28.8019,1.1348
37.923,raw,1905,-4.1893,-29.3390,1.1280
37.923,raw,1916,-3.3183,-29.8748,1.1208
37.923,raw,1927,-2.4241,-30.4039,1.1130
37.923,raw,1938,-1.5085,-30.9472,1.1044
37.923,raw,1949,-0.5764,-31.5724,1.0934
37.923,raw,1960,0.3838,-32.2563,1.0804
37.923,raw,1971,1.3817,-32.9495,1.0666
37.923,raw,1981,2.3297,-33.3072,1.0594
37.923,raw,1992,3.3956,-33.7461,1.0498
37.923,raw,2003,4.4906,-34.2006,1.0391
37.923,raw,2014,9.5552,-0.4829,1.6548
37.923,raw,2025,9.3967,-0.2616,1.6587
37.923,raw,2036,9.2394,-0.0515,1.6625
37.923,raw,2047,9.1261,0.1473,1.6651
37.923,raw,2058,8.9922,0.3384,1.6681
37.923,raw,2069,9.0663,0.5311,1.6663
37.923,raw,2079,9.3818,0.7296,1.6591
37.923,raw,2090,9.7326,0.9704,1.6509
37.923,raw,2101,-21.9006,23.8195,1.0430
37.923,raw,2112,-21.0096,21.5784,1.0910
37.923,raw,2123,-20.6635,19.9682,1.1199
37.923,raw,2134,-19.9589,18.1822,1.1568
37.923,raw,2145,-19.2007,16.4866,1.1927
37.923,raw,2156,-18.5589,14.9941,1.2233
37.923,raw,2167,-18.2322,13.8055,1.2438
37.923,raw,2178,-17.7158,12.5715,1.2677
37.923,raw,2188,-11.2874,8.2024,1.4388
37.923,raw,2199,-11.5407,7.7508,1.4386
37.923,raw,2210,-16.5307,9.5535,1.3222
37.923,raw,2221,-16.2366,8.6776,1.3362
37.923,raw,2232,-16.3319,7.9999,1.3400
37.923,raw,2243,-16.0980,7.2133,1.3510
37.923,raw,2254,-15.8372,6.4504,1.3620
37.923,raw,2265,-15.6028,5.7273,1.3717
37.923,raw,2276,-15.3721,5.0333,1.3807
37.923,raw,2286,-15.1552,4.4231,1.3885
37.923,raw,2297,-14.9570,3.7834,1.3958
37.923,raw,2308,-14.7523,3.1629,1.4026
37.923,raw,2319,-14.5678,2.5644,1.4086
37.923,raw,2330,-14.3571,1.9799,1.4147
37.923,raw,2341,-14.1782,1.4146,1.4197
37.923,raw,2352,-31.1494,1.5845,1.8463
37.923,raw,2363,-17.2029,0.3984,1.8274
37.923,raw,2374,-30.3363,-0.5572,1.8452
37.923,raw,2384,-29.9812,-1.4986,1.8448
37.923,raw,2395,-17.8638,-1.5213,1.8284
37.923,raw,2406,-29.2233,-3.5125,1.8440
37.923,raw,2417,-16.0225,-2.5861,1.8261
37.923,raw,2428,-28.4599,-5.4587,1.8433
37.923,raw,2439,-28.1181,-6.4197,1.8431
37.923,raw,2450,-27.7682,-7.3700,1.8430
37.923,raw,2461,-27.3893,-8.3048,1.8428
37.923,raw,2472,-27.0272,-9.2376,1.8427
37.923,raw,2482,-16.2555,-6.4522,1.8276
37.923,raw,2493,-26.2660,-10.9811,1.8425
37.923,raw,2504,-15.4497,-7.5121,1.8271
37.923,raw,2515,-25.4721,-12.7973,1.8424
37.923,raw,2526,-25.0827,-13.7098,1.8425
37.923,raw,2537,-24.6612,-14.6092,1.8426
37.923,raw,2548,-24.2414,-15.5135,1.8427
37.923,raw,2559,-23.8452,-16.4392,1.8428
37.923,raw,2570,-23.4346,-17.3668,1.8431
37.923,raw,2580,-23.0639,-18.2233,1.8433
37.923,raw,2591,-22.6487,-19.1761,1.8436
37.923,raw,2602,-22.2126,-20.1317,1.8439
37.923,raw,2613,-21.7827,-21.1145,1.8443
37.923,raw,2624,-21.3425,-22.1150,1.8448
37.923,raw,2635,-20.8966,-23.1410,1.8453
37.923,raw,2646,-20.3930,-24.1433,1.8458
37.923,raw,2657,-19.8888,-25.1804,1.8464
37.923,raw,2668,-19.3593,-26.2298,1.8470
37.923,raw,2678,-18.8687,-27.2126,1.8476
37.923,raw,2689,9.5137,-0.4405,1.8089
37.923,raw,2700,9.3647,-0.2224,1.8086
37.923,raw,2711,9.2497,-0.0161,1.8085
37.923,raw,2722,9.1141,0.1825,1.8083
37.923,raw,2733,8.9757,0.3724,1.8081
37.923,raw,2744,9.1326,0.5694,1.8083
37.923,raw,2755,9.4786,0.7931,1.8088
37.923,raw,2766,9.8391,1.0415,1.8093
37.923,raw,2776,-32.0625,3.9509,1.8478
37.923,raw,2787,-31.6140,2.7997,1.8470
37.923,raw,2798,-16.8881,0.2244,2.2932
37.923,raw,2809,-16.6991,-0.3989,2.2888
37.923,raw,2820,-16.5301,-1.0129,2.2853
37.923,raw,2831,-16.3169,-1.6145,2.2813
37.923,raw,2842,-15.8454,-2.1730,2.2712
37.923,raw,2853,-15.6791,-2.9207,2.2698
37.923,raw,2864,-15.5113,-3.4984,2.2684
37.923,raw,2874,-15.3521,-4.0191,2.2673
37.923,raw,2885,-15.1800,-4.5902,2.2665
37.923,raw,2896,-14.9046,-5.4676,2.2661
37.923,raw,2907,-14.7304,-6.0367,2.2665
37.923,raw,2918,-14.5634,-6.6686,2.2681
37.923,raw,2929,-14.3761,-7.2382,2.2692
37.923,raw,2940,-14.2198,-7.8259,2.2716
37.923,raw,2951,-25.9509,-14.4538,2.6049
37.923,raw,2962,-19.7374,-24.5784,2.6344
37.923,raw,2972,9.4595,-0.3786,1.9604
37.923,raw,2983,9.3308,-0.1652,1.9568
37.923,raw,2994,9.2039,0.0393,1.9534
37.923,raw,3005,9.0759,0.2352,1.9502
37.923,raw,3016,8.9404,0.4228,1.9469
37.923,raw,3027,9.2030,0.6267,1.9536
37.923,raw,3038,9.5986,0.8604,1.9638
37.923,raw,3049,-17.0235,0.8581,2.7670
37.923,raw,3060,-15.8300,-2.1710,2.7164
37.923,raw,3070,-26.1369,-14.0251,3.3655
37.923,raw,3081,-19.9520,-24.1006,3.4143
37.923,raw,3092,-14.9702,-4.9240,3.1425
37.923,raw,3103,-16.9348,0.7406,3.7023
37.923,raw,3114,-16.7200,0.1112,3.6813
37.923,raw,3125,-16.5228,-0.5056,3.6638
37.923,raw,3136,-16.3457,-1.1129,3.6501
37.923,raw,3147,-16.1354,-1.7082,3.6350
37.923,raw,3158,-16.6630,-2.3929,3.6926
37.923,raw,3168,-15.6001,-2.7974,3.5980
37.923,raw,3179,-18.3454,-3.9435,3.8749
37.923,raw,3190,-18.1494,-4.6045,3.8698
37.923,raw,3201,-17.9331,-5.2574,3.8646
37.923,raw,3212,-14.9193,-5.2459,3.5879
37.923,raw,3223,-17.5304,-6.7632,3.8693
37.923,raw,3234,-17.3154,-7.4156,3.8710
37.923,raw,3245,-17.1159,-8.0763,3.8764
37.923,raw,3256,-16.8919,-8.7308,3.8816
39.011,raw,0,9.4971,-0.4156,0.5911
39.011,raw,11,9.3707,-0.2019,0.6186
39.011,raw,22,9.2357,0.0031,0.6464
39.011,raw,34,9.0983,0.2163,0.6734
39.011,raw,45,8.9532,0.4028,0.7006
39.011,raw,56,8.8586,0.5830,0.7172
39.011,raw,68,9.2257,0.8134,0.6453
39.011,raw,79,9.5784,1.0501,0.5748
39.011,raw,90,9.4672,-0.3569,0.7521
39.011,raw,102,9.3097,-0.1255,0.7811
39.011,raw,113,9.1968,0.0750,0.8012
39.011,raw,124,9.0571,0.2681,0.8248
39.011,raw,136,8.9250,0.4692,0.8460
39.011,raw,147,8.9777,0.6566,0.8360
39.011,raw,158,9.2949,0.8731,0.7813
39.011,raw,170,9.7079,1.1423,0.7091
39.011,raw,181,9.4185,-0.2787,0.9130
39.011,raw,193,9.2519,-0.0507,0.9386
39.011,raw,204,9.1328,0.1466,0.9564
39.011,raw,215,9.0119,0.3361,0.9736
39.011,raw,227,8.8730,0.5339,0.9923
39.011,raw,238,9.0978,0.7333,0.9593
39.011,raw,249,9.4363,0.9598,0.9092
39.011,raw,261,-5.0907,-7.0346,0.5214
39.011,raw,272,-4.9842,-7.4132,0.5006
39.011,raw,283,-4.4879,-7.7760,0.5114
39.011,raw,295,-4.2541,-8.0891,0.5028
39.011,raw,306,9.3663,-0.2197,1.0704
39.011,raw,317,9.2218,-0.0138,1.0888
39.011,raw,329,9.0859,0.1993,1.1054
39.011,raw,340,8.9684,0.3863,1.1190
39.011,raw,351,8.8337,0.5652,1.1340
39.011,raw,363,9.1804,0.7920,1.0921
39.011,raw,374,9.5441,1.0274,1.0473
39.011,raw,386,-5.8669,-7.7744,0.6825
39.011,raw,397,-5.7136,-8.1559,0.6689
39.011,raw,408,-5.5027,-8.4923,0.6609
39.011,raw,420,-4.3371,-7.8472,0.7785
39.011,raw,431,-5.0480,-9.2104,0.6404
39.011,raw,442,-4.8600,-9.6083,0.6232
39.011,raw,454,-4.5956,-9.9863,0.6106
39.011,raw,465,-4.3412,-10.3308,0.5986
39.011,raw,476,-4.0934,-10.7010,0.5831
39.011,raw,488,-3.8267,-11.1351,0.5623
39.011,raw,499,-3.6353,-11.6555,0.5297
39.011,raw,510,-3.3879,-12.1180,0.5030
39.011,raw,522,9.3639,-0.2014,1.2193
39.011,raw,533,9.2085,0.0044,1.2349
39.011,raw,544,9.1190,0.1988,1.2437
39.011,raw,556,8.9452,0.4027,1.2598
39.011,raw,567,8.8869,0.5844,1.2646
39.011,raw,579,9.2370,0.8144,1.2308
39.011,raw,590,9.5824,1.0506,1.1968
39.011,raw,601,-7.2027,-7.8577,0.8928
39.011,raw,613,-6.9832,-8.2659,0.8867
39.011,raw,624,-6.8016,-8.6657,0.8779
39.011,raw,635,-6.5716,-9.0306,0.8724
39.011,raw,647,-6.2966,-9.4129,0.8672
39.011,raw,658,-4.2791,-7.8306,1.0421
39.011,raw,669,-5.8366,-10.1895,0.8489
39.011,raw,681,-5.5816,-10.6323,0.8365
39.011,raw,692,-5.3279,-11.0305,0.8254
39.011,raw,703,-5.0939,-11.4753,0.8100
39.011,raw,715,-4.8007,-11.9327,0.7951
39.011,raw,726,-4.4862,-12.3026,0.7849
39.011,raw,737,-4.3083,-12.9358,0.7533
39.011,raw,749,-4.0458,-13.5673,0.7235
39.011,raw,760,-3.8420,-14.2853,0.6854
39.011,raw,772,-3.5414,-14.9899,0.6498
39.011,raw,783,-3.3089,-15.8301,0.6024
39.011,raw,794,-2.9932,-16.5696,0.5625
39.011,raw,806,9.5122,-0.3986,1.3557
39.011,raw,817,9.3395,-0.1814,1.3690
39.011,raw,828,9.2139,0.0217,1.3785
39.011,raw,840,9.0778,0.2337,1.3882
39.011,raw,851,8.9410,0.4193,1.3976
39.011,raw,862,8.9086,0.6022,1.3994
39.011,raw,874,9.2542,0.8337,1.3745
39.011,raw,885,9.6216,1.0742,1.3475
39.011,raw,896,-9.9435,-4.6819,1.1641
39.011,raw,908,-9.7334,-5.1162,1.1657
39.011,raw,919,-9.6294,-5.5532,1.1620
39.011,raw,930,-9.4502,-5.9591,1.1614
39.011,raw,942,-9.2382,-6.3945,1.1608
39.011,raw,953,-9.1360,-6.8488,1.1547
39.011,raw,965,-8.9481,-7.3083,1.1512
39.011,raw,976,-8.7317,-7.7059,1.1496
39.011,raw,987,-8.5967,-8.1657,1.1426
39.011,raw,999,-8.3641,-8.6157,1.1388
39.011,raw,1010,-8.1413,-9.0275,1.1350
39.011,raw,1021,-7.9254,-9.4529,1.1299
39.011,raw,1033,-7.6825,-9.9221,1.1236
39.011,raw,1044,-7.3838,-10.2881,1.1217
39.011,raw,1055,-4.3829,-7.7569,1.2994
39.011,raw,1067,-4.1900,-8.1131,1.2933
39.011,raw,1078,-6.6109,-11.6415,1.0994
39.011,raw,1089,-6.3743,-12.1335,1.0885
39.011,raw,1101,-6.1024,-12.6817,1.0757
39.011,raw,1112,-5.7920,-13.1236,1.0672
39.011,raw,1123,-5.4669,-13.5654,1.0582
39.011,raw,1135,-5.2425,-14.3048,1.0345
39.011,raw,1146,-5.0075,-14.9957,1.0122
39.011,raw,1158,-4.7973,-15.9265,0.9787
39.011,raw,1169,-4.7995,-17.3236,0.9211
39.011,raw,1180,-5.7940,-21.3430,0.7351
39.011,raw,1192,-5.3586,-22.4870,0.6939
39.011,raw,1203,-5.0587,-24.0053,0.6333
39.011,raw,1214,-4.4697,-24.8591,0.6044
39.011,raw,1226,-3.6689,-25.3743,0.5917
39.011,raw,1237,-2.9215,-25.8677,0.5781
39.011,raw,1248,-2.1500,-26.3413,0.5644
39.011,raw,1260,-1.2939,-26.9110,0.5457
39.011,raw,1271,-0.4706,-27.3360,0.5320
39.011,raw,1282,0.3856,-27.6293,0.5231
39.011,raw,1294,1.3241,-28.1192,0.5043
39.011,raw,1305,9.3917,-0.2581,1.5131
39.011,raw,1316,9.2643,-0.0514,1.5195
39.011,raw,1328,9.1183,0.1642,1.5265
39.011,raw,1339,8.9903,0.3528,1.5324
39.011,raw,1351,8.8670,0.5502,1.5378
39.011,raw,1362,9.1248,0.7526,1.5255
39.011,raw,1373,9.4766,0.9826,1.5086
39.011,raw,1385,23.4976,11.1015,0.7498
39.011,raw,1396,-16.4511,19.9804,0.5367
39.011,raw,1407,-16.1484,18.4873,0.5940
39.011,raw,1419,-15.8710,17.0247,0.6482
39.011,raw,1430,-15.4317,15.6235,0.7049
39.011,raw,1441,-15.2814,14.5447,0.7409
39.011,raw,1453,-14.9004,13.2806,0.7892
39.011,raw,1464,-14.7018,12.3001,0.8222
39.011,raw,1475,-14.3439,11.2726,0.8614
39.011,raw,1487,-13.7384,1.7175,1.4268
39.011,raw,1498,-13.5735,1.1734,1.4313
39.011,raw,1509,-13.4108,0.6416,1.4353
39.011,raw,1521,-13.2384,0.0740,1.4391
39.011,raw,1532,-13.0576,-0.4353,1.4428
39.011,raw,1544,-8.3971,-0.6244,1.5452
39.011,raw,1555,-8.5460,-1.0083,1.5411
39.011,raw,1566,-12.5624,-1.9597,1.4506
39.011,raw,1578,-12.3778,-2.4814,1.4527
39.011,raw,1589,-12.2431,-2.9614,1.4536
39.011,raw,1600,-12.1235,-3.4430,1.4538
39.011,raw,1612,-11.8406,-3.9252,1.4572
39.011,raw,1623,-11.7303,-4.4055,1.4565
39.011,raw,1634,-11.5890,-4.8774,1.4561
39.011,raw,1646,-11.4567,-5.4027,1.4548
39.011,raw,1657,-11.3307,-5.8866,1.4533
39.011,raw,1668,-11.0863,-6.3206,1.4544
39.011,raw,1680,-10.9326,-6.8484,1.4523
39.011,raw,1691,-10.7475,-7.3149,1.4511
39.011,raw,1703,-10.5627,-7.8393,1.4489
39.011,raw,1714,-10.2725,-8.2508,1.4496
39.011,raw,1725,-10.0917,-8.7352,1.4470
39.011,raw,1737,-9.8104,-9.2130,1.4460
39.011,raw,1748,-9.5903,-9.6849,1.4436
39.011,raw,1759,-9.4161,-10.2051,1.4393
39.011,raw,1771,-9.1169,-10.6940,1.4372
39.011,raw,1782,-9.0655,-11.3642,1.4280
39.011,raw,1793,-8.7863,-11.8405,1.4250
39.011,raw,1805,-4.4971,-8.0220,1.5513
39.011,raw,1816,-8.4303,-13.1490,1.4090
39.011,raw,1827,-8.1385,-13.6796,1.4041
39.011,raw,1839,-7.8152,-14.2795,1.3981
39.011,raw,1850,-7.5136,-14.8522,1.3918
39.011,raw,1861,-9.2778,-18.6104,1.3013
39.011,raw,1873,-8.9616,-19.5914,1.2867
39.011,raw,1884,-8.6627,-20.5574,1.2716
39.011,raw,1896,-8.3109,-21.6705,1.2537
39.011,raw,1907,-7.9737,-22.7755,1.2352
39.011,raw,1918,-7.7257,-24.2150,1.2087
39.011,raw,1930,-7.2826,-25.5911,1.1845
39.011,raw,1941,-6.8636,-27.0136,1.1585
39.011,raw,1952,-6.1618,-27.8195,1.1468
39.011,raw,1964,-5.2520,-28.3456,1.1416
39.011,raw,1975,-4.4169,-28.8836,1.1351
39.011,raw,1986,-3.5577,-29.4048,1.1283
39.011,raw,1998,-2.5971,-29.9744,1.1203
39.011,raw,2009,-1.6960,-30.5144,1.1119
39.011,raw,2020,-0.7694,-31.0517,1.1030
39.011,raw,2032,0.2574,-31.8013,1.0890
39.011,raw,2043,1.2373,-32.5045,1.0751
39.011,raw,2054,2.2650,-32.9386,1.0664
39.011,raw,2066,3.4153,-33.3748,1.0570
39.011,raw,2077,4.4976,-33.7962,1.0471
39.011,raw,2089,9.4868,-0.4145,1.6585
39.011,raw,2100,9.3485,-0.2002,1.6619
39.011,raw,2111,9.2189,0.0039,1.6651
39.011,raw,2123,9.0742,0.2166,1.6684
39.011,raw,2134,8.9593,0.4029,1.6709
39.011,raw,2145,8.8711,0.5836,1.6727
39.011,raw,2157,9.2351,0.8142,1.6644
39.011,raw,2168,9.5804,1.0504,1.6563
39.011,raw,2179,-22.0301,25.3060,1.0173
39.011,raw,2191,-21.0913,22.7653,1.0711
39.011,raw,2202,-20.6875,21.0286,1.1034
39.011,raw,2213,-19.9677,19.1516,1.1422
39.011,raw,2225,-19.2464,17.3108,1.1799
39.011,raw,2236,-18.5636,15.7337,1.2127
39.011,raw,2247,-18.1891,14.4736,1.2353
39.011,raw,2259,-17.5966,13.0709,1.2630
39.011,raw,2270,-17.0944,11.8954,1.2858
39.011,raw,2282,-11.3924,7.9683,1.4379
39.011,raw,2293,-16.1407,9.7148,1.3270
39.011,raw,2304,-16.0435,8.9277,1.3363
39.011,raw,2316,-15.7606,8.0285,1.3499
39.011,raw,2327,-15.5201,7.2504,1.3611
39.011,raw,2338,-15.2566,6.4977,1.3721
39.011,raw,2350,-15.0299,5.7317,1.3820
39.011,raw,2361,-14.8316,5.0594,1.3903
39.011,raw,2372,-14.6011,4.4034,1.3987
39.011,raw,2384,-14.3912,3.7232,1.4064
39.011,raw,2395,-14.1955,3.1199,1.4130
39.011,raw,2406,-14.0199,2.5378,1.4187
39.011,raw,2418,-13.8128,1.9192,1.4248
39.011,raw,2429,-28.3103,2.4056,1.8427
39.011,raw,2440,-28.0774,1.4011,1.8423
39.011,raw,2452,-27.8732,0.3247,1.8420
39.011,raw,2463,-27.6866,-0.6496,1.8417
39.011,raw,2475,-8.7288,-0.4797,1.8161
39.011,raw,2486,-8.5859,-0.8428,1.8159
39.011,raw,2497,-27.0791,-3.6027,1.8412
39.011,raw,2509,-17.3620,-3.0708,1.8281
39.011,raw,2520,-26.6945,-5.5766,1.8412
39.011,raw,2531,-16.8604,-4.3008,1.8278
39.011,raw,2543,-16.2643,-4.8733,1.8272
39.011,raw,2554,-26.1272,-8.5012,1.8414
39.011,raw,2565,-25.9560,-9.4618,1.8415
39.011,raw,2577,-25.7318,-10.5069,1.8417
39.011,raw,2588,-25.6209,-11.5140,1.8421
39.011,raw,2599,-25.2303,-12.4151,1.8421
39.011,raw,2611,-24.7988,-13.3964,1.8421
39.011,raw,2622,-24.4184,-14.3071,1.8422
39.011,raw,2633,-24.0156,-15.2115,1.8423
39.011,raw,2645,-23.5965,-16.2192,1.8425
39.011,raw,2656,-23.2009,-17.1478,1.8428
39.011,raw,2668,-22.7618,-18.1718,1.8431
39.011,raw,2679,-22.3457,-19.1182,1.8434
39.011,raw,2690,-21.9281,-20.0831,1.8437
39.011,raw,2702,-21.4953,-21.1830,1.8442
39.011,raw,2713,-21.0887,-22.2148,1.8448
39.011,raw,2724,-20.6741,-23.2747,1.8454
39.011,raw,2736,-19.8917,-24.1281,1.8455
39.011,raw,2747,-19.6196,-25.4215,1.8465
39.011,raw,2758,-19.1163,-26.5143,1.8472
39.011,raw,2770,9.4813,-0.3953,1.8087
39.011,raw,2781,9.3406,-0.1815,1.8085
39.011,raw,2792,9.2098,0.0219,1.8083
39.011,raw,2804,9.0645,0.2338,1.8081
39.011,raw,2815,8.9325,0.4192,1.8079
39.011,raw,2826,8.9031,0.6019,1.8079
39.011,raw,2838,9.2571,0.8339,1.8084
39.011,raw,2849,9.6103,1.0728,1.8089
39.011,raw,2861,-30.0724,9.7249,1.8467
39.011,raw,2872,-29.7031,8.5082,1.8458
39.011,raw,2883,-29.4335,7.3554,1.8451
39.011,raw,2895,-29.1758,6.1415,1.8445
39.011,raw,2906,-28.9033,5.0523,1.8439
39.011,raw,2917,-28.6655,3.9944,1.8433
39.011,raw,2929,-18.6572,0.0019,2.3395
39.011,raw,2940,-17.3144,-0.6267,2.3067
39.011,raw,2951,-31.8681,-3.9140,2.6730
39.011,raw,2963,-15.9734,-3.0120,2.2799
39.011,raw,2974,-16.8623,-4.0000,2.3062
39.011,raw,2985,-17.7651,-5.9212,2.3397
39.011,raw,2997,-26.2893,-13.8142,2.6080
39.011,raw,3008,-11.6741,-8.7319,2.2292
39.011,raw,3019,9.4768,-0.3948,1.9586
39.011,raw,3031,9.3190,-0.1619,1.9542
39.011,raw,3042,9.1914,0.0402,1.9508
39.011,raw,3054,9.0510,0.2510,1.9472
39.011,raw,3065,8.9313,0.4359,1.9442
39.011,raw,3076,8.9388,0.6206,1.9446
39.011,raw,3088,9.2904,0.8548,1.9537
39.011,raw,3099,9.6538,1.0971,1.9633
39.011,raw,3110,-16.2005,-1.9741,2.7378
39.011,raw,3122,-26.0370,-14.4218,3.3748
39.011,raw,3133,-19.5508,-24.3273,3.4139
39.011,raw,3144,9.3960,-0.2767,2.1043
39.011,raw,3156,9.2460,-0.0504,2.0963
39.011,raw,3167,9.1133,0.1471,2.0895
39.011,raw,3178,8.9971,0.3360,2.0839
39.011,raw,3190,8.8719,0.5339,2.0781
39.011,raw,3201,9.1165,0.7347,2.0904
39.011,raw,3212,9.4380,0.9600,2.1068
39.011,raw,3224,-17.0653,0.7771,3.2478
39.011,raw,3235,-17.0790,0.7775,3.7251
39.011,raw,3247,-16.8230,0.0836,3.7003
39.011,raw,3258,-16.6310,-0.5391,3.6835
39.011,raw,3269,-19.5026,-1.3774,3.9614
39.011,raw,3281,-19.2495,-2.1365,3.9440
39.011,raw,3292,-16.8835,-2.5217,3.7247
39.011,raw,3303,-18.6066,-3.4678,3.9010
39.011,raw,3315,-18.3667,-4.1942,3.8915
39.011,raw,3326,-18.1478,-4.8549,3.8850
39.011,raw,3337,-17.9485,-5.5172,3.8824
39.011,raw,3349,-17.7217,-6.3674,3.8848
39.011,raw,3360,-17.5164,-7.0282,3.8864
39.011,raw,3371,-17.3184,-7.6938,3.8909
39.011,raw,3383,-17.0595,-8.4059,3.8938
39.011,raw,3394,-16.3174,-8.8248,3.8457
40.253,raw,0,9.6885,-0.6447,0.6260
40.253,raw,11,9.5644,-0.4360,0.6532
40.253,raw,23,9.4079,-0.2174,0.6854
40.253,raw,35,9.2756,-0.0109,0.7116
40.253,raw,47,9.1578,0.1866,0.7338
40.253,raw,59,9.0656,0.3775,0.7499
40.253,raw,71,9.3964,0.5992,0.6849
40.253,raw,83,9.8021,0.8543,0.6040
40.253,raw,95,9.6179,-0.5472,0.7899
40.253,raw,107,9.4619,-0.3235,0.8185
40.253,raw,119,9.3487,-0.1132,0.8389
40.253,raw,131,9.2163,0.0889,0.8611
40.253,raw,143,9.0764,0.2815,0.8835
40.253,raw,155,9.2287,0.4852,0.8569
40.253,raw,167,9.5723,0.7202,0.7974
40.253,raw,179,10.0237,0.9958,0.7184
40.253,raw,191,9.5247,-0.4151,0.9522
40.253,raw,203,9.3869,-0.1994,0.9734
40.253,raw,215,9.2608,0.0060,0.9920
40.253,raw,227,9.1416,0.2025,1.0086
40.253,raw,239,9.0812,0.3944,1.0161
40.253,raw,251,9.4263,0.6190,0.9656
40.253,raw,263,9.8290,0.8761,0.9057
40.253,raw,275,-4.8797,-6.9422,0.5289
40.253,raw,287,-4.6674,-7.2584,0.5234
40.253,raw,299,-4.4498,-7.5745,0.5169
40.253,raw,311,-4.2446,-7.9099,0.5062
40.253,raw,323,9.6552,-0.6048,1.0790
40.253,raw,335,9.5046,-0.3786,1.0989
40.253,raw,347,9.3743,-0.1649,1.1156
40.253,raw,359,9.2210,0.0395,1.1340
40.253,raw,371,9.1035,0.2340,1.1474
40.253,raw,383,9.1345,0.4298,1.1429
40.253,raw,395,9.5115,0.6615,1.0971
40.253,raw,407,9.8681,0.9182,1.0525
40.253,raw,419,-5.6249,-7.5679,0.6977
40.253,raw,431,-5.4396,-7.9536,0.6872
40.253,raw,443,-5.1950,-8.2936,0.6823
40.253,raw,455,-4.2532,-7.9188,0.7685
40.253,raw,467,-4.7435,-9.0353,0.6620
40.253,raw,479,-4.5186,-9.4263,0.6484
40.253,raw,491,-4.2427,-9.7695,0.6398
40.253,raw,503,-3.9667,-10.1242,0.6291
40.253,raw,515,-3.6921,-10.4963,0.6156
40.253,raw,527,-3.4565,-10.9502,0.5923
40.253,raw,539,-3.1954,-11.3955,0.5696
40.253,raw,551,-2.9645,-11.9342,0.5365
40.253,raw,563,9.6445,-0.6036,1.2268
40.253,raw,575,9.4939,-0.3778,1.2427
40.253,raw,587,9.3440,-0.1636,1.2577
40.253,raw,599,9.2328,0.0394,1.2685
40.253,raw,611,9.1114,0.2342,1.2796
40.253,raw,623,9.1470,0.4306,1.2755
40.253,raw,635,9.4669,0.6573,1.2444
40.253,raw,647,9.8932,0.9214,1.2024
40.253,raw,659,-6.9490,-7.6094,0.9047
40.253,raw,671,-6.7949,-8.0580,0.8944
40.253,raw,683,-6.5165,-8.4153,0.8936
40.253,raw,695,-6.3186,-8.8477,0.8841
40.253,raw,707,-6.0559,-9.2308,0.8792
40.253,raw,719,-4.1926,-7.9481,1.0326
40.253,raw,731,-5.4981,-9.9870,0.8681
40.253,raw,743,-5.2341,-10.3978,0.8585
40.253,raw,755,-4.9631,-10.8161,0.8477
40.253,raw,767,-4.6839,-11.2424,0.8357
40.253,raw,779,-4.3359,-11.5887,0.8298
40.253,raw,791,-4.0955,-12.1202,0.8080
40.253,raw,803,-3.8258,-12.6459,0.7864
40.253,raw,815,-3.6133,-13.3268,0.7523
40.253,raw,827,-3.3137,-13.9076,0.7259
40.253,raw,839,-3.0828,-14.7099,0.6824
40.253,raw,851,-2.7503,-15.3779,0.6490
40.253,raw,863,-2.3998,-16.0965,0.6113
40.253,raw,875,-2.0981,-17.0886,0.5534
40.253,raw,887,9.6410,-0.6211,1.3729
40.253,raw,899,9.5293,-0.3980,1.3820
40.253,raw,911,9.3845,-0.1823,1.3930
40.253,raw,923,9.2280,0.0229,1.4042
40.253,raw,935,9.1083,0.2180,1.4123
40.253,raw,947,9.0990,0.4115,1.4124
40.253,raw,959,9.4457,0.6380,1.3874
40.253,raw,971,9.8615,0.8987,1.3569
40.253,raw,983,-9.9394,-4.4351,1.1549
40.253,raw,995,-9.8040,-4.9064,1.1535
40.253,raw,1007,-9.5880,-5.3471,1.1553
40.253,raw,1019,-9.4288,-5.8114,1.1535
40.253,raw,1031,-9.1985,-6.2439,1.1544
40.253,raw,1043,-8.9633,-6.6728,1.1549
40.253,raw,1055,-8.8397,-7.1671,1.1488
40.253,raw,1067,-8.6105,-7.6061,1.1472
40.253,raw,1079,-8.3779,-8.0463,1.1450
40.253,raw,1091,-8.1085,-8.4643,1.1440
40.253,raw,1103,-7.8260,-8.8745,1.1429
40.253,raw,1115,-7.5614,-9.3031,1.1398
40.253,raw,1127,-7.2998,-9.7414,1.1356
40.253,raw,1139,-7.0331,-10.1846,1.1306
40.253,raw,1151,-4.1679,-7.9223,1.2955
40.253,raw,1163,-6.4280,-11.0292,1.1218
40.253,raw,1175,-6.1515,-11.5002,1.1138
40.253,raw,1187,-5.8806,-11.9993,1.1038
40.253,raw,1199,-5.5323,-12.4181,1.0980
40.253,raw,1211,-5.2629,-12.9715,1.0843
40.253,raw,1223,-4.9112,-13.4327,1.0754
40.253,raw,1235,-4.6650,-14.1061,1.0548
40.253,raw,1247,-4.4630,-14.9308,1.0264
40.253,raw,1259,-4.1682,-15.6649,1.0027
40.253,raw,1271,-3.8638,-16.4674,0.9754
40.253,raw,1283,-3.7566,-17.8709,0.9185
40.253,raw,1295,-3.7943,-19.9268,0.8305
40.253,raw,1307,-4.0106,-22.9646,0.6966
40.253,raw,1319,-3.4629,-24.0847,0.6551
40.253,raw,1331,-2.6861,-24.5531,0.6437
40.253,raw,1343,-1.8817,-24.9800,0.6331
40.253,raw,1355,-1.0422,-25.3084,0.6258
40.253,raw,1367,-0.1975,-25.6856,0.6149
40.253,raw,1379,0.6600,-26.1072,0.6007
40.253,raw,1391,1.5394,-26.5390,0.5848
40.253,raw,1403,2.4447,-26.9543,0.5682
40.253,raw,1415,3.3759,-27.4245,0.5477
40.253,raw,1427,4.3388,-27.8758,0.5266
40.253,raw,1439,9.6017,-0.5278,1.5205
40.253,raw,1451,9.4491,-0.3055,1.5283
40.253,raw,1463,9.3171,-0.0953,1.5348
40.253,raw,1475,9.2050,0.1053,1.5400
40.253,raw,1487,9.0643,0.2971,1.5462
40.253,raw,1499,9.2334,0.5021,1.5380
40.253,raw,1511,9.6037,0.7413,1.5203
40.253,raw,1523,23.7961,10.6605,0.7581
40.253,raw,1535,-17.8047,18.0728,0.5313
40.253,raw,1547,-17.4616,16.5795,0.5863
40.253,raw,1559,-16.7855,14.9443,0.6559
40.253,raw,1571,-16.3739,13.6153,0.7061
40.253,raw,1583,-15.1649,2.3510,1.3852
40.253,raw,1595,-14.8662,1.6747,1.3933
40.253,raw,1607,-14.5774,1.0234,1.4007
40.253,raw,1619,-14.2819,0.3943,1.4077
40.253,raw,1631,-14.0108,-0.2142,1.4137
40.253,raw,1643,-8.3348,-0.5245,1.5386
40.253,raw,1655,-8.2810,-0.9298,1.5392
40.253,raw,1667,-13.2377,-1.9419,1.4281
40.253,raw,1679,-12.9849,-2.4906,1.4319
40.253,raw,1691,-12.7592,-3.0329,1.4348
40.253,raw,1703,-12.2786,-3.5086,1.4430
40.253,raw,1715,-12.0479,-4.0246,1.4452
40.253,raw,1727,-11.8596,-4.5469,1.4461
40.253,raw,1739,-11.6958,-5.0753,1.4460
40.253,raw,1751,-11.5084,-5.5959,1.4460
40.253,raw,1763,-11.1975,-6.0655,1.4485
40.253,raw,1775,-11.0148,-6.5860,1.4476
40.253,raw,1787,-10.8215,-7.1052,1.4465
40.253,raw,1799,-10.4785,-7.5473,1.4486
40.253,raw,1811,-10.2476,-8.0487,1.4476
40.253,raw,1823,-10.0205,-8.5572,1.4460
40.253,raw,1835,-9.6855,-8.9982,1.4468
40.253,raw,1847,-9.4557,-9.5150,1.4442
40.253,raw,1859,-9.1442,-9.9776,1.4435
40.253,raw,1871,-8.8167,-10.4306,1.4427
40.253,raw,1883,-8.5581,-10.9510,1.4393
40.253,raw,1895,-8.2446,-11.4331,1.4370
40.253,raw,1907,-4.2020,-8.0043,1.5536
40.253,raw,1919,-7.6463,-12.4670,1.4296
40.253,raw,1931,-7.2967,-12.9524,1.4265
40.253,raw,1943,-7.0393,-13.5745,1.4193
40.253,raw,1955,-6.6788,-14.0926,1.4149
40.253,raw,1967,-6.2977,-14.6060,1.4103
40.253,raw,1979,-5.9259,-15.1628,1.4044
40.253,raw,1991,-7.9371,-19.9328,1.2912
40.253,raw,2003,-7.7160,-21.2200,1.2687
40.253,raw,2015,-7.3209,-22.3114,1.2511
40.253,raw,2027,-6.8853,-23.4497,1.2323
40.253,raw,2039,-6.4279,-24.6938,1.2109
40.253,raw,2051,-5.9371,-26.0458,1.1869
40.253,raw,2063,-5.0683,-26.4736,1.1841
40.253,raw,2075,-4.1933,-26.9149,1.1804
40.253,raw,2087,-3.3143,-27.3929,1.1752
40.253,raw,2099,-2.4330,-27.9446,1.1677
40.253,raw,2111,-1.5284,-28.5061,1.1593
40.253,raw,2123,-0.5972,-29.0748,1.1501
40.253,raw,2135,0.3758,-29.5317,1.1427
40.253,raw,2147,1.3836,-29.8421,1.1379
40.253,raw,2159,2.4038,-30.2624,1.1298
40.253,raw,2171,3.4504,-30.7907,1.1186
40.253,raw,2183,4.5347,-31.3600,1.1056
40.253,raw,2195,5.6630,-31.9619,1.0911
40.253,raw,2207,6.8848,-33.0181,1.0656
40.253,raw,2219,8.2162,-34.2760,1.0345
40.253,raw,2231,9.5084,-0.4137,1.6668
40.253,raw,2243,9.3773,-0.1989,1.6700
40.253,raw,2255,9.2479,0.0062,1.6730
40.253,raw,2267,9.1318,0.2023,1.6755
40.253,raw,2279,9.0756,0.3941,1.6766
40.253,raw,2291,9.4030,0.6169,1.6690
40.253,raw,2303,9.8184,0.8748,1.6593
40.253,raw,2315,-23.7856,22.8561,1.0159
40.253,raw,2327,-22.5335,20.3300,1.0724
40.253,raw,2339,-21.8111,18.4035,1.1107
40.253,raw,2351,-21.2883,16.7538,1.1410
40.253,raw,2363,-20.6101,15.1172,1.1732
40.253,raw,2375,-19.6966,13.4598,1.2093
40.253,raw,2387,-11.1597,7.8767,1.4338
40.253,raw,2399,-19.0139,11.0734,1.2473
40.253,raw,2411,-18.5343,9.9138,1.2677
40.253,raw,2423,-18.0724,8.8291,1.2865
40.253,raw,2435,-17.6216,7.8098,1.3039
40.253,raw,2447,-17.1684,6.8459,1.3203
40.253,raw,2459,-16.7809,5.9534,1.3343
40.253,raw,2471,-16.3970,5.1059,1.3473
40.253,raw,2483,-16.0363,4.3044,1.3591
40.253,raw,2495,-15.7151,3.5465,1.3693
40.253,raw,2507,-15.3855,2.8188,1.3791
40.253,raw,2519,-17.7410,-1.5023,1.8288
40.253,raw,2531,-17.1253,-3.3210,1.8283
40.253,raw,2543,-30.8024,-7.5265,1.8476
40.253,raw,2555,-15.2775,-4.7641,1.8263
40.253,raw,2567,-17.6355,-6.1585,1.8298
40.253,raw,2579,-14.9269,-6.0559,1.8263
40.253,raw,2591,-27.9150,-11.6069,1.8454
40.253,raw,2603,-27.2021,-12.5632,1.8450
40.253,raw,2615,-26.5491,-13.5243,1.8447
40.253,raw,2627,-25.8687,-14.4565,1.8444
40.253,raw,2639,-25.1190,-15.3361,1.8440
40.253,raw,2651,-24.3584,-16.1899,1.8437
40.253,raw,2663,-23.6231,-17.0412,1.8435
40.253,raw,2675,-22.8721,-17.8680,1.8432
40.253,raw,2687,-22.1523,-18.7043,1.8431
40.253,raw,2699,-21.4604,-19.5550,1.8430
40.253,raw,2711,-20.7925,-20.4244,1.8431
40.253,raw,2723,-20.1244,-21.2984,1.8432
40.253,raw,2735,-19.4484,-22.1735,1.8433
40.253,raw,2747,-18.7662,-23.0545,1.8435
40.253,raw,2759,-18.0662,-23.9323,1.8437
40.253,raw,2771,-17.3719,-24.8371,1.8440
40.253,raw,2783,-16.6695,-25.7591,1.8444
40.253,raw,2795,-15.9569,-26.7019,1.8449
40.253,raw,2807,-15.2246,-27.6579,1.8453
40.253,raw,2819,-14.4634,-28.6173,1.8459
40.253,raw,2831,-13.6305,-29.5092,1.8463
40.253,raw,2843,-12.7897,-30.4384,1.8469
40.253,raw,2855,-11.9242,-31.3838,1.8475
40.253,raw,2867,-1.1089,-33.4237,1.8458
40.253,raw,2879,-0.0009,-34.0548,1.8465
40.253,raw,2891,1.1423,-34.6908,1.8472
40.253,raw,2903,9.5294,-0.4155,1.8082
40.253,raw,2915,9.3677,-0.1984,1.8080
40.253,raw,2927,9.2404,0.0063,1.8078
40.253,raw,2939,9.1249,0.2022,1.8076
40.253,raw,2951,9.0794,0.3943,1.8076
40.253,raw,2963,9.3746,0.6144,1.8080
40.253,raw,2975,9.7977,0.8722,1.8086
40.253,raw,2987,-17.9793,-0.9007,2.3326
40.253,raw,2999,-16.0990,-1.8901,2.2879
40.253,raw,3011,-17.7381,-3.6107,2.3340
40.253,raw,3023,-15.2297,-4.2951,2.2765
40.253,raw,3035,-15.0217,-4.9258,2.2753
40.253,raw,3047,-14.7712,-5.7715,2.2753
40.253,raw,3059,-14.5830,-6.4655,2.2764
40.253,raw,3071,-14.3851,-7.1006,2.2775
40.253,raw,3083,-14.2117,-7.7505,2.2798
40.253,raw,3095,-26.0402,-14.2257,2.6132
40.253,raw,3107,-19.8224,-24.2925,2.6359
40.253,raw,3119,9.5478,-0.4696,1.9507
40.253,raw,3131,9.4086,-0.2516,1.9468
40.253,raw,3143,9.2803,-0.0442,1.9435
40.253,raw,3155,9.1547,0.1540,1.9403
40.253,raw,3167,9.0225,0.3434,1.9372
40.253,raw,3179,9.3059,0.5578,1.9445
40.253,raw,3191,9.7078,0.8066,1.9550
40.253,raw,3203,-16.0803,-1.8882,2.7488
40.253,raw,3215,-14.0003,-8.0206,2.7299
40.253,raw,3227,-11.5855,-8.6085,2.6395
40.253,raw,3239,9.6027,-0.5634,2.0964
40.253,raw,3251,9.4656,-0.3411,2.0888
40.253,raw,3263,9.3212,-0.1290,2.0813
40.253,raw,3275,9.2095,0.0724,2.0757
40.253,raw,3287,9.0614,0.2650,2.0687
40.253,raw,3299,9.1510,0.4635,2.0735
40.253,raw,3311,9.5110,0.6964,2.0918
40.253,raw,3323,9.9306,0.9640,2.1134
40.253,raw,3335,-14.8801,-5.2865,3.1732
40.253,raw,3347,9.5764,-0.5076,2.2385
40.253,raw,3359,9.4478,-0.2882,2.2281
40.253,raw,3371,9.2972,-0.0780,2.2166
40.253,raw,3383,9.1786,0.1216,2.2079
40.253,raw,3395,9.0493,0.3126,2.1989
40.253,raw,3407,9.2709,0.5215,2.2157
40.253,raw,3419,9.6195,0.7608,2.2422
40.253,raw,3431,-16.8986,0.8499,3.7450
40.253,raw,3443,-16.6690,0.1455,3.7218
40.253,raw,3455,-16.4775,-0.5440,3.7045
40.253,raw,3467,-16.2658,-1.2206,3.6875
40.253,raw,3479,-16.0342,-1.8835,3.6707
40.253,raw,3491,-15.6565,-2.5152,3.6421
40.253,raw,3503,-15.4262,-3.1519,3.6296
40.253,raw,3515,-15.2277,-3.7868,3.6222
40.253,raw,3527,-15.0284,-4.4168,3.6169
40.253,raw,3539,-17.0723,-5.6720,3.8357
40.253,raw,3551,-14.6645,-5.7949,3.6193
40.253,raw,3563,-14.4826,-6.4291,3.6225
40.253,raw,3575,-14.2648,-7.0522,3.6244
40.253,raw,3587,-16.7671,-8.8820,3.9120
41.419,raw,0,9.7180,-0.7537,0.6664
41.419,raw,11,9.6060,-0.5540,0.6909
41.419,raw,23,9.4634,-0.3445,0.7200
41.419,raw,35,9.3172,-0.1454,0.7485
41.419,raw,47,9.1845,0.0439,0.7731
41.419,raw,59,9.0840,0.2263,0.7905
41.419,raw,71,9.3656,0.4391,0.7346
41.419,raw,83,9.7705,0.6889,0.6535
41.419,raw,95,9.6847,-0.7154,0.8180
41.419,raw,107,9.5565,-0.4997,0.8419
41.419,raw,119,9.4200,-0.2935,0.8660
41.419,raw,131,9.2976,-0.0972,0.8866
41.419,raw,143,9.1599,0.0901,0.9087
41.419,raw,155,9.1082,0.2744,0.9156
41.419,raw,166,9.4180,0.4771,0.8621
41.419,raw,178,9.8199,0.7310,0.7917
41.419,raw,190,9.6751,-0.6799,0.9632
41.419,raw,202,9.5574,-0.4661,0.9821
41.419,raw,214,9.3997,-0.2602,1.0055
41.419,raw,226,9.2559,-0.0655,1.0259
41.419,raw,238,9.1436,0.1207,1.0410
41.419,raw,250,9.1720,0.3102,1.0355
41.419,raw,262,9.5104,0.5369,0.9854
41.419,raw,274,9.9146,0.7983,0.9246
41.419,raw,286,-4.9497,-6.9391,0.5153
41.419,raw,298,-4.7375,-7.2587,0.5110
41.419,raw,310,-4.5285,-7.5853,0.5042
41.419,raw,321,9.6449,-0.6598,1.1092
41.419,raw,333,9.5041,-0.4461,1.1274
41.419,raw,345,9.3732,-0.2432,1.1436
41.419,raw,357,9.2414,-0.0497,1.1591
41.419,raw,369,9.1560,0.1368,1.1685
41.419,raw,381,9.1789,0.3265,1.1645
41.419,raw,393,9.5395,0.5570,1.1202
41.419,raw,405,9.9391,0.8201,1.0702
41.419,raw,417,-5.7784,-7.5479,0.6818
41.419,raw,429,-5.5634,-7.9113,0.6761
41.419,raw,441,-5.3102,-8.2467,0.6733
41.419,raw,453,-4.4675,-8.0163,0.7450
41.419,raw,465,-4.0922,-8.1933,0.7579
41.419,raw,476,-4.6091,-9.2928,0.6509
41.419,raw,488,-4.3680,-9.6705,0.6393
41.419,raw,500,-4.1007,-10.0296,0.6292
41.419,raw,512,-3.8221,-10.3871,0.6185
41.419,raw,524,-3.4880,-10.6783,0.6144
41.419,raw,536,-3.2470,-11.1231,0.5922
41.419,raw,548,-3.0363,-11.6537,0.5604
41.419,raw,560,-2.8080,-12.2025,0.5265
41.419,raw,572,9.6916,-0.7334,1.2449
41.419,raw,584,9.5715,-0.5176,1.2577
41.419,raw,596,9.4459,-0.3108,1.2704
41.419,raw,608,9.3038,-0.1132,1.2839
41.419,raw,620,9.1749,0.0750,1.2956
41.419,raw,631,9.0908,0.2422,1.3026
41.419,raw,643,9.3786,0.4567,1.2744
41.419,raw,655,9.7550,0.7045,1.2372
41.419,raw,667,-7.2596,-7.4084,0.8892
41.419,raw,679,-7.0218,-7.7979,0.8875
41.419,raw,691,-6.8178,-8.2163,0.8816
41.419,raw,703,-6.5389,-8.5812,0.8809
41.419,raw,715,-6.2584,-8.9463,0.8792
41.419,raw,727,-6.0481,-9.3811,0.8696
41.419,raw,739,-4.1241,-8.0874,1.0270
41.419,raw,751,-5.4973,-10.1552,0.8582
41.419,raw,763,-5.1515,-10.4749,0.8575
41.419,raw,775,-4.8773,-10.8865,0.8477
41.419,raw,786,-4.6065,-11.2528,0.8391
41.419,raw,798,-4.3267,-11.6915,0.8258
41.419,raw,810,-3.9845,-12.0591,0.8179
41.419,raw,822,-3.7987,-12.7050,0.7868
41.419,raw,834,-3.5105,-13.2309,0.7652
41.419,raw,846,-3.2598,-13.8796,0.7337
41.419,raw,858,-2.9654,-14.5105,0.7034
41.419,raw,870,-2.6334,-15.1320,0.6735
41.419,raw,882,-2.3396,-15.9384,0.6295
41.419,raw,894,-1.9817,-16.6957,0.5888
41.419,raw,906,-1.5850,-17.4679,0.5466
41.419,raw,918,9.6970,-0.7340,1.3858
41.419,raw,930,9.5524,-0.5162,1.3971
41.419,raw,941,9.4348,-0.3268,1.4059
41.419,raw,953,9.3176,-0.1293,1.4143
41.419,raw,965,9.1927,0.0598,1.4228
41.419,raw,977,9.0768,0.2413,1.4302
41.419,raw,989,9.3755,0.4564,1.4085
41.419,raw,1001,9.7597,0.7051,1.3801
41.419,raw,1013,-10.4730,-4.1738,1.1275
41.419,raw,1025,-10.1891,-4.6174,1.1340
41.419,raw,1037,-10.0459,-5.1022,1.1330
41.419,raw,1049,-9.7992,-5.5478,1.1362
41.419,raw,1061,-9.5139,-5.9714,1.1407
41.419,raw,1073,-9.3738,-6.4587,1.1371
41.419,raw,1085,-9.1325,-6.8993,1.1378
41.419,raw,1096,-8.9004,-7.2964,1.1384
41.419,raw,1108,-8.6722,-7.7445,1.1369
41.419,raw,1120,-8.4122,-8.1750,1.1363
41.419,raw,1132,-8.1618,-8.6142,1.1343
41.419,raw,1144,-7.8818,-9.0351,1.1332
41.419,raw,1156,-7.6063,-9.4629,1.1308
41.419,raw,1168,-7.3215,-9.8879,1.1281
41.419,raw,1180,-7.0531,-10.3351,1.1233
41.419,raw,1192,-4.0958,-8.0586,1.2920
41.419,raw,1204,-6.4532,-11.1969,1.1145
41.419,raw,1216,-6.0850,-11.5655,1.1131
41.419,raw,1228,-5.7976,-12.0398,1.1048
41.419,raw,1240,-5.4466,-12.4506,1.0997
41.419,raw,1251,-5.1827,-12.9232,1.0892
41.419,raw,1263,-4.7963,-13.3176,1.0841
41.419,raw,1275,-4.6024,-14.0507,1.0604
41.419,raw,1287,-4.3264,-14.7106,1.0406
41.419,raw,1299,-4.0233,-15.3850,1.0199
41.419,raw,1311,-3.7174,-16.1293,0.9955
41.419,raw,1323,-3.5309,-17.2523,0.9523
41.419,raw,1335,-3.3701,-18.6275,0.8969
41.419,raw,1347,-3.2217,-20.2989,0.8277
41.419,raw,1359,-3.2737,-22.9864,0.7107
41.419,raw,1371,-2.6891,-23.9915,0.6740
41.419,raw,1383,-1.9145,-24.4277,0.6633
41.419,raw,1395,-1.1043,-24.7716,0.6557
41.419,raw,1406,-0.3521,-25.0962,0.6472
41.419,raw,1418,0.4793,-25.4800,0.6354
41.419,raw,1430,1.3301,-25.8596,0.6225
41.419,raw,1442,9.6383,-0.6249,1.5300
41.419,raw,1454,9.4763,-0.4113,1.5380
41.419,raw,1466,9.3532,-0.2103,1.5440
41.419,raw,1478,9.2382,-0.0181,1.5492
41.419,raw,1490,9.1081,0.1657,1.5549
41.419,raw,1502,9.2293,0.3623,1.5488
41.419,raw,1514,9.5964,0.5976,1.5311
41.419,raw,1526,9.9975,0.8656,1.5113
41.419,raw,1538,-18.6255,16.4591,0.5338
41.419,raw,1550,-17.4307,3.3244,1.3270
41.419,raw,1561,-16.9852,2.5833,1.3390
41.419,raw,1573,-16.4973,1.8136,1.3516
41.419,raw,1585,-16.0538,1.0852,1.3626
41.419,raw,1597,-15.6719,0.3918,1.3717
41.419,raw,1609,-15.2634,-0.2738,1.3808
41.419,raw,1621,-8.4537,-0.6321,1.5309
41.419,raw,1633,-8.1874,-1.0331,1.5362
41.419,raw,1645,-14.1750,-2.1251,1.4024
41.419,raw,1657,-13.8722,-2.7084,1.4073
41.419,raw,1669,-13.1429,-3.1983,1.4214
41.419,raw,1681,-12.8485,-3.7394,1.4254
41.419,raw,1693,-12.5977,-4.2793,1.4281
41.419,raw,1705,-12.3117,-4.8012,1.4311
41.419,raw,1716,-12.0773,-5.2805,1.4329
41.419,raw,1728,-11.6411,-5.7315,1.4388
41.419,raw,1740,-11.4307,-6.2554,1.4389
41.419,raw,1752,-11.2199,-6.7792,1.4387
41.419,raw,1764,-10.9954,-7.2980,1.4383
41.419,raw,1776,-10.6261,-7.7417,1.4411
41.419,raw,1788,-10.3611,-8.2363,1.4409
41.419,raw,1800,-10.0185,-8.6839,1.4423
41.419,raw,1812,-9.7547,-9.1801,1.4413
41.419,raw,1824,-9.4637,-9.6616,1.4404
41.419,raw,1836,-9.1076,-10.0964,1.4410
41.419,raw,1848,-8.8492,-10.6116,1.4383
41.419,raw,1860,-8.4987,-11.0567,1.4377
41.419,raw,1871,-8.1826,-11.4725,1.4366
41.419,raw,1883,-4.3173,-8.3311,1.5460
41.419,raw,1895,-7.5622,-12.4768,1.4303
41.419,raw,1907,-7.1902,-12.9311,1.4282
41.419,raw,1919,-6.9154,-13.5196,1.4220
41.419,raw,1931,-6.5496,-14.0185,1.4182
41.419,raw,1943,-6.1715,-14.5221,1.4140
41.419,raw,1955,-5.7672,-15.0102,1.4099
41.419,raw,1967,-5.5304,-15.8089,1.3976
41.419,raw,1979,-7.3961,-20.5553,1.2861
41.419,raw,1991,-7.0134,-21.5855,1.2699
41.419,raw,2003,-6.5967,-22.6656,1.2524
41.419,raw,2015,-6.1386,-23.7914,1.2336
41.419,raw,2026,-5.6829,-24.8762,1.2151
41.419,raw,2038,-5.0132,-25.7443,1.2021
41.419,raw,2050,-4.1595,-26.1488,1.1994
41.419,raw,2062,-3.3179,-26.6362,1.1941
41.419,raw,2074,-2.4739,-27.1923,1.1867
41.419,raw,2086,-1.5893,-27.6667,1.1804
41.419,raw,2098,-0.6941,-28.2060,1.1721
41.419,raw,2110,0.2533,-28.5412,1.1677
41.419,raw,2122,1.2188,-28.8425,1.1633
41.419,raw,2134,2.1907,-29.3056,1.1546
41.419,raw,2146,3.1905,-29.7994,1.1445
41.419,raw,2158,4.2232,-30.3065,1.1333
41.419,raw,2170,5.2934,-30.8383,1.1208
41.419,raw,2181,6.3127,-31.3587,1.1078
41.419,raw,2193,7.5302,-32.4523,1.0811
41.419,raw,2205,8.8532,-33.6757,1.0505
41.419,raw,2217,9.6870,-0.6983,1.6679
41.419,raw,2229,9.5469,-0.4822,1.6713
41.419,raw,2241,9.4042,-0.2766,1.6747
41.419,raw,2253,9.2568,-0.0813,1.6780
41.419,raw,2265,9.1589,0.1057,1.6801
41.419,raw,2277,9.1035,0.2895,1.6811
41.419,raw,2289,9.4593,0.5146,1.6728
41.419,raw,2301,9.8484,0.7707,1.6636
41.419,raw,2313,-26.4260,13.6467,1.0686
41.419,raw,2325,-24.3453,11.5462,1.1293
41.419,raw,2336,-22.7344,9.9096,1.1756
41.419,raw,2348,-21.2656,8.3809,1.2175
41.419,raw,2360,-20.1986,7.1088,1.2485
41.419,raw,2372,-19.4078,6.0086,1.2719
41.419,raw,2384,-18.6888,4.9988,1.2926
41.419,raw,2396,-17.9951,4.0587,1.3119
41.419,raw,2408,-17.0588,-0.7684,1.8282
41.419,raw,2420,-17.6082,-3.9549,1.8294
41.419,raw,2432,-30.3119,-9.2319,1.8477
41.419,raw,2444,-29.4684,-10.2451,1.8470
41.419,raw,2456,-28.6307,-11.2230,1.8464
41.419,raw,2468,-15.4310,-7.4341,1.8278
41.419,raw,2480,-27.0258,-13.1052,1.8452
41.419,raw,2491,-13.9601,-8.2488,1.8264
41.419,raw,2503,-25.5127,-14.8134,1.8443
41.419,raw,2515,-24.5872,-15.5938,1.8437
41.419,raw,2527,-23.6930,-16.3577,1.8432
41.419,raw,2539,-22.8194,-17.1037,1.8427
41.419,raw,2551,-22.0127,-17.8680,1.8424
41.419,raw,2563,-21.2478,-18.6435,1.8421
41.419,raw,2575,-20.4769,-19.4009,1.8419
41.419,raw,2587,-19.6380,-20.0883,1.8417
41.419,raw,2599,-18.7345,-20.6985,1.8413
41.419,raw,2611,-17.8836,-21.3360,1.8411
41.419,raw,2623,-17.0198,-21.9438,1.8408
41.419,raw,2635,-16.1483,-22.5269,1.8406
41.419,raw,2646,-15.3773,-23.0815,1.8405
41.419,raw,2658,-14.5498,-23.6962,1.8404
41.419,raw,2670,-13.6857,-24.2578,1.8403
41.419,raw,2682,-12.8489,-24.8539,1.8404
41.419,raw,2694,-12.0089,-25.4486,1.8404
41.419,raw,2706,-11.1638,-26.0431,1.8405
41.419,raw,2718,-10.3210,-26.6560,1.8407
41.419,raw,2730,-9.4555,-27.2454,1.8409
41.419,raw,2742,-8.5886,-27.8575,1.8411
41.419,raw,2754,-7.5859,-28.1710,1.8410
41.419,raw,2766,-6.8186,-29.1151,1.8418
41.419,raw,2778,-5.8656,-29.6273,1.8421
41.419,raw,2790,-4.8898,-30.1081,1.8423
41.419,raw,2801,-3.9901,-30.5756,1.8426
41.419,raw,2813,-2.9927,-31.0916,1.8430
41.419,raw,2825,-1.9736,-31.6013,1.8434
41.419,raw,2837,-0.9377,-32.1487,1.8439
41.419,raw,2849,0.1261,-32.6890,1.8444
41.419,raw,2861,1.2092,-33.3604,1.8452
41.419,raw,2873,2.3410,-33.8318,1.8457
41.419,raw,2885,3.5026,-34.2152,1.8462
41.419,raw,2897,4.6903,-34.6000,1.8468
41.419,raw,2909,9.6465,-0.6599,1.8081
41.419,raw,2921,9.5117,-0.4465,1.8078
41.419,raw,2933,9.3803,-0.2434,1.8077
41.419,raw,2945,9.2434,-0.0497,1.8075
41.419,raw,2956,9.1463,0.1208,1.8073
41.419,raw,2968,9.1361,0.3075,1.8073
41.419,raw,2980,9.4965,0.5354,1.8079
41.419,raw,2992,9.8754,0.7926,1.8084
41.419,raw,3004,-16.6624,-4.3315,2.3161
41.419,raw,3016,-16.8534,-6.6497,2.3352
41.419,raw,3028,-14.4334,-6.9328,2.2809
41.419,raw,3040,-15.5187,-8.1092,2.3166
41.419,raw,3052,-26.1528,-13.9695,2.6163
41.419,raw,3064,-19.8843,-24.1161,2.6346
41.419,raw,3076,9.6543,-0.6779,1.9475
41.419,raw,3088,9.5245,-0.4640,1.9439
41.419,raw,3100,9.3739,-0.2594,1.9399
41.419,raw,3111,9.2653,-0.0813,1.9372
41.419,raw,3123,9.1520,0.1054,1.9345
41.419,raw,3135,9.1042,0.2896,1.9335
41.419,raw,3147,9.4436,0.5129,1.9424
41.419,raw,3159,9.8419,0.7698,1.9530
41.419,raw,3171,-17.6111,-6.0226,2.8682
41.419,raw,3183,-25.8454,-14.6625,3.3900
41.419,raw,3195,9.6837,-0.7153,2.0887
41.419,raw,3207,9.5471,-0.4990,2.0813
41.419,raw,3219,9.3986,-0.2928,2.0736
41.419,raw,3231,9.2803,-0.0972,2.0677
41.419,raw,3243,9.1526,0.0899,2.0617
41.419,raw,3255,9.0536,0.2705,2.0574
41.419,raw,3266,9.3717,0.4724,2.0735
41.419,raw,3278,9.7559,0.7222,2.0934
41.419,raw,3290,-18.5272,0.2082,3.3967
41.419,raw,3302,-19.6265,-0.5822,3.4758
41.419,raw,3314,-19.3537,-1.3740,3.4584
41.419,raw,3326,-15.7356,-2.3583,3.2057
41.419,raw,3338,9.6716,-0.6968,2.2284
41.419,raw,3350,9.5385,-0.4817,2.2176
41.419,raw,3362,9.3850,-0.2760,2.2059
41.419,raw,3374,9.2766,-0.0813,2.1979
41.419,raw,3386,9.1731,0.1062,2.1908
41.419,raw,3398,9.0862,0.2883,2.1853
41.419,raw,3410,9.4303,0.5115,2.2113
41.419,raw,3421,-16.7528,0.2425,3.7526
41.419,raw,3433,-16.5217,-0.4599,3.7306
41.419,raw,3445,-16.2830,-1.1469,3.7102
41.419,raw,3457,-16.0671,-1.8218,3.6941
41.419,raw,3469,-15.6726,-2.4641,3.6631
41.419,raw,3481,-15.4531,-3.1119,3.6509
41.419,raw,3493,-15.2452,-3.7538,3.6419
41.419,raw,3505,-15.0527,-4.3933,3.6365
41.419,raw,3517,-14.8361,-5.0233,3.6308
41.419,raw,3529,-14.6820,-5.7265,3.6351
41.419,raw,3541,-14.4872,-6.3616,3.6361
41.419,raw,3553,-14.2814,-6.9941,3.6382
41.419,raw,3565,-14.0837,-7.6326,3.6435
42.742,raw,0,9.5832,-0.7969,0.7053
42.742,raw,11,9.4635,-0.6019,0.7314
42.742,raw,22,9.3661,-0.4168,0.7522
42.742,raw,34,9.2409,-0.2222,0.7771
42.742,raw,45,9.1091,-0.0518,0.8020
42.742,raw,56,9.0065,0.1116,0.8205
42.742,raw,68,9.1129,0.2999,0.7984
42.742,raw,79,9.3899,0.4994,0.7430
42.742,raw,90,9.7558,0.7305,0.6693
42.742,raw,102,9.5031,-0.6714,0.8610
42.742,raw,113,9.3775,-0.4817,0.8841
42.742,raw,124,9.2479,-0.3006,0.9068
42.742,raw,136,9.1339,-0.1128,0.9261
42.742,raw,147,9.0397,0.0527,0.9411
42.742,raw,158,8.9609,0.2136,0.9528
42.742,raw,170,9.2987,0.4256,0.8948
42.742,raw,181,9.6323,0.6449,0.8363
42.742,raw,192,9.5506,-0.7596,0.9903
42.742,raw,204,9.4077,-0.5485,1.0130
42.742,raw,215,9.3037,-0.3659,1.0291
42.742,raw,227,9.1763,-0.1746,1.0478
42.742,raw,238,9.0744,-0.0068,1.0619
42.742,raw,249,8.9728,0.1548,1.0754
42.742,raw,261,9.1688,0.3507,1.0461
42.742,raw,272,9.5020,0.5614,0.9966
42.742,raw,283,9.8724,0.8005,0.9408
42.742,raw,295,9.4462,-0.6168,1.1416
42.742,raw,306,9.3494,-0.4319,1.1544
42.742,raw,317,9.2302,-0.2532,1.1692
42.742,raw,329,9.1123,-0.0670,1.1831
42.742,raw,340,9.0033,0.0965,1.1953
42.742,raw,351,9.0364,0.2637,1.1903
42.742,raw,363,9.3686,0.4809,1.1496
42.742,raw,374,9.7340,0.7101,1.1042
42.742,raw,385,-6.1586,-7.3210,0.6613
42.742,raw,397,-5.9686,-7.7105,0.6537
42.742,raw,408,-5.8100,-8.0875,0.6433
42.742,raw,419,-5.5808,-8.4120,0.6398
42.742,raw,431,-4.4375,-7.9239,0.7485
42.742,raw,442,-4.2884,-8.2835,0.7350
42.742,raw,454,-4.9134,-9.5440,0.6107
42.742,raw,465,-4.6659,-9.8785,0.6029
42.742,raw,476,-4.4209,-10.2249,0.5929
42.742,raw,488,-4.1574,-10.6216,0.5791
42.742,raw,499,-3.9184,-11.0052,0.5636
42.742,raw,510,-3.6790,-11.4082,0.5453
42.742,raw,522,-3.4717,-11.9637,0.5123
42.742,raw,533,9.5239,-0.7067,1.2677
42.742,raw,544,9.3939,-0.5151,1.2813
42.742,raw,556,9.2858,-0.3177,1.2923
42.742,raw,567,9.1390,-0.1435,1.3062
42.742,raw,578,9.0531,0.0230,1.3140
42.742,raw,590,8.9261,0.1967,1.3251
42.742,raw,601,9.2268,0.3871,1.2960
42.742,raw,612,9.5748,0.6037,1.2618
42.742,raw,624,-7.6040,-7.1321,0.8754
42.742,raw,635,-7.4398,-7.5312,0.8702
42.742,raw,646,-7.2307,-7.9049,0.8676
42.742,raw,658,-7.0727,-8.3700,0.8574
42.742,raw,669,-6.8270,-8.7266,0.8556
42.742,raw,681,-6.5573,-9.1175,0.8525
42.742,raw,692,-4.5940,-7.8909,1.0099
42.742,raw,703,-4.2767,-8.0862,1.0164
42.742,raw,715,-5.8365,-10.3050,0.8316
42.742,raw,726,-5.5913,-10.6970,0.8231
42.742,raw,737,-5.2894,-11.0337,0.8191
42.742,raw,749,-5.0200,-11.4861,0.8064
42.742,raw,760,-4.7717,-11.9187,0.7928
42.742,raw,771,-4.4850,-12.3176,0.7817
42.742,raw,783,-4.2881,-12.9597,0.7520
42.742,raw,794,-4.0486,-13.5002,0.7287
42.742,raw,805,-3.8535,-14.1675,0.6953
42.742,raw,817,-3.5728,-14.8397,0.6631
42.742,raw,828,-3.2840,-15.4561,0.6334
42.742,raw,839,-2.9820,-16.1124,0.6005
42.742,raw,851,-2.7209,-17.1044,0.5437
42.742,raw,862,9.5751,-0.7792,1.3992
42.742,raw,873,9.4412,-0.5837,1.4097
42.742,raw,885,9.3192,-0.3825,1.4191
42.742,raw,896,9.1957,-0.2058,1.4280
42.742,raw,908,9.0803,-0.0218,1.4360
42.742,raw,919,8.9721,0.1399,1.4431
42.742,raw,930,9.1030,0.3144,1.4333
42.742,raw,942,9.4768,0.5419,1.4061
42.742,raw,953,9.8497,0.7793,1.3784
42.742,raw,964,-10.3901,-3.9512,1.1306
42.742,raw,976,-10.2670,-4.4440,1.1298
42.742,raw,987,-10.0642,-4.8666,1.1326
42.742,raw,998,-9.9457,-5.3173,1.1307
42.742,raw,1010,-9.7246,-5.7745,1.1324
42.742,raw,1021,-9.5978,-6.2263,1.1294
42.742,raw,1032,-9.3884,-6.6424,1.1299
42.742,raw,1044,-9.1877,-7.1109,1.1282
42.742,raw,1055,-8.9837,-7.5320,1.1270
42.742,raw,1066,-8.7666,-7.9475,1.1257
42.742,raw,1078,-8.5465,-8.4151,1.1225
42.742,raw,1089,-8.3320,-8.8405,1.1195
42.742,raw,1100,-8.0993,-9.2576,1.1167
42.742,raw,1112,-7.8491,-9.7224,1.1124
42.742,raw,1123,-7.5381,-10.0849,1.1125
42.742,raw,1135,-4.4269,-7.8691,1.2851
42.742,raw,1146,-4.2552,-8.2034,1.2801
42.742,raw,1157,-6.7682,-11.4194,1.0953
42.742,raw,1169,-6.5099,-11.9355,1.0858
42.742,raw,1180,-6.1884,-12.3258,1.0817
42.742,raw,1191,-5.9531,-12.8389,1.0700
42.742,raw,1203,-5.6020,-13.2992,1.0627
42.742,raw,1214,-5.2852,-13.7472,1.0541
42.742,raw,1225,-5.1289,-14.4768,1.0300
42.742,raw,1237,-4.8723,-15.2008,1.0077
42.742,raw,1248,-4.6270,-15.9097,0.9849
42.742,raw,1259,-4.4229,-16.7750,0.9541
42.742,raw,1271,-4.5079,-18.5202,0.8806
42.742,raw,1282,-5.1820,-21.8171,0.7307
42.742,raw,1293,-4.7789,-22.8521,0.6937
42.742,raw,1305,-4.2916,-24.0264,0.6508
42.742,raw,1316,-3.6460,-24.6474,0.6329
42.742,raw,1327,-2.9199,-25.0680,0.6236
42.742,raw,1339,-2.1261,-25.5894,0.6093
42.742,raw,1350,-1.3627,-25.9893,0.5989
42.742,raw,1362,-0.5038,-26.3746,0.5886
42.742,raw,1373,0.2893,-26.7958,0.5749
42.742,raw,1384,1.1024,-27.2168,0.5602
42.742,raw,1396,2.0122,-27.7016,0.5416
42.742,raw,1407,2.8706,-28.1836,0.5216
42.742,raw,1418,3.7577,-28.6657,0.5003
42.742,raw,1430,9.4487,-0.6007,1.5422
42.742,raw,1441,9.3338,-0.4150,1.5480
42.742,raw,1452,9.2261,-0.2375,1.5532
42.742,raw,1464,9.1119,-0.0518,1.5585
42.742,raw,1475,8.9758,0.1103,1.5645
42.742,raw,1486,9.0531,0.2801,1.5605
42.742,raw,1498,9.3812,0.4985,1.5447
42.742,raw,1509,9.7604,0.7312,1.5263
42.742,raw,1520,-17.7312,18.4083,0.5071
42.742,raw,1532,-17.0924,16.6408,0.5809
42.742,raw,1543,-15.8381,3.9011,1.3575
42.742,raw,1554,-15.5511,3.2087,1.3666
42.742,raw,1566,-15.2412,2.4830,1.3758
42.742,raw,1577,-14.9996,1.8469,1.3828
42.742,raw,1589,-14.7363,1.1750,1.3898
42.742,raw,1600,-14.4940,0.5779,1.3959
42.742,raw,1611,-14.2589,-0.0025,1.4013
42.742,raw,1623,-13.9893,-0.6181,1.4071
42.742,raw,1634,-8.2955,-0.8394,1.5325
42.742,raw,1645,-13.5623,-1.7086,1.4151
42.742,raw,1657,-13.3210,-2.2843,1.4190
42.742,raw,1668,-12.8903,-2.7684,1.4269
42.742,raw,1679,-12.6744,-3.2712,1.4297
42.742,raw,1691,-12.4687,-3.8178,1.4316
42.742,raw,1702,-12.2704,-4.3114,1.4333
42.742,raw,1713,-12.0865,-4.8048,1.4343
42.742,raw,1725,-11.7396,-5.2916,1.4384
42.742,raw,1736,-11.6060,-5.7944,1.4375
42.742,raw,1747,-11.4489,-6.2910,1.4368
42.742,raw,1759,-11.2907,-6.8420,1.4352
42.742,raw,1770,-10.9567,-7.2608,1.4380
42.742,raw,1781,-10.7681,-7.7474,1.4369
42.742,raw,1793,-10.4532,-8.2210,1.4380
42.742,raw,1804,-10.2267,-8.6904,1.4370
42.742,raw,1816,-10.0045,-9.2233,1.4349
42.742,raw,1827,-9.7099,-9.6556,1.4349
42.742,raw,1838,-9.4350,-10.1034,1.4339
42.742,raw,1850,-9.1967,-10.6466,1.4307
42.742,raw,1861,-8.8900,-11.0808,1.4297
42.742,raw,1872,-8.7702,-11.6915,1.4227
42.742,raw,1884,-8.4255,-12.1797,1.4208
42.742,raw,1895,-8.1233,-12.6501,1.4181
42.742,raw,1906,-7.8025,-13.1122,1.4154
42.742,raw,1918,-7.6647,-13.8860,1.4044
42.742,raw,1929,-7.3411,-14.3924,1.4002
42.742,raw,1940,-7.0091,-14.9087,1.3955
42.742,raw,1952,-8.8214,-18.7017,1.3041
42.742,raw,1963,-8.5319,-19.5719,1.2915
42.742,raw,1974,-8.3851,-20.7557,1.2709
42.742,raw,1986,-8.0054,-21.7867,1.2553
42.742,raw,1997,-7.6538,-22.8221,1.2386
42.742,raw,2008,-7.2682,-23.8991,1.2210
42.742,raw,2020,-6.8192,-25.1575,1.1996
42.742,raw,2031,-6.3768,-26.3964,1.1779
42.742,raw,2043,-5.5304,-26.9219,1.1735
42.742,raw,2054,-4.7291,-27.3660,1.1697
42.742,raw,2065,-3.9235,-27.8383,1.1648
42.742,raw,2077,-3.0322,-28.3751,1.1583
42.742,raw,2088,-2.2069,-28.9203,1.1505
42.742,raw,2099,-1.3641,-29.4990,1.1415
42.742,raw,2111,-0.4172,-30.1550,1.1305
42.742,raw,2122,0.4963,-30.6267,1.1226
42.742,raw,2133,1.4431,-30.9706,1.1170
42.742,raw,2145,2.4941,-31.3799,1.1094
42.742,raw,2156,3.4775,-31.9571,1.0972
42.742,raw,2167,4.4972,-32.5534,1.0839
42.742,raw,2179,5.6637,-33.3732,1.0648
42.742,raw,2190,6.8230,-34.5388,1.0373
42.742,raw,2201,9.4820,-0.6529,1.6742
42.742,raw,2213,9.3558,-0.4483,1.6773
42.742,raw,2224,9.2406,-0.2691,1.6800
42.742,raw,2235,9.1111,-0.0976,1.6829
42.742,raw,2247,9.0211,0.0822,1.6848
42.742,raw,2258,9.0157,0.2472,1.6848
42.742,raw,2270,9.3490,0.4627,1.6770
42.742,raw,2281,9.6788,0.6852,1.6692
42.742,raw,2292,-23.0646,21.9403,1.0329
42.742,raw,2304,-21.9308,19.5646,1.0851
42.742,raw,2315,-20.9590,17.6099,1.1280
42.742,raw,2326,-20.1657,15.9211,1.1636
42.742,raw,2338,-19.5656,14.3789,1.1931
42.742,raw,2349,-19.6418,13.4192,1.2026
42.742,raw,2360,-11.2062,7.9299,1.4242
42.742,raw,2372,-18.6176,10.9221,1.2485
42.742,raw,2383,-18.2241,9.8762,1.2662
42.742,raw,2394,-17.8401,8.8884,1.2827
42.742,raw,2406,-17.4345,7.8723,1.2992
42.742,raw,2417,-17.0615,6.9877,1.3136
42.742,raw,2428,-16.7431,6.1620,1.3259
42.742,raw,2440,-16.3937,5.3013,1.3385
42.742,raw,2451,-16.0949,4.5522,1.3489
42.742,raw,2462,-17.1574,0.3163,1.8284
42.742,raw,2474,-17.5755,-1.3976,1.8290
42.742,raw,2485,-31.1111,-4.5412,1.8477
42.742,raw,2497,-30.2880,-5.6375,1.8468
42.742,raw,2508,-29.5898,-6.6139,1.8461
42.742,raw,2519,-28.9494,-7.5712,1.8455
42.742,raw,2531,-28.1865,-8.5678,1.8448
42.742,raw,2542,-16.7396,-6.2432,1.8290
42.742,raw,2553,-26.9095,-10.3465,1.8439
42.742,raw,2565,-26.2250,-11.2831,1.8434
42.742,raw,2576,-15.7146,-8.0844,1.8286
42.742,raw,2587,-25.0149,-12.9606,1.8428
42.742,raw,2599,-24.4014,-13.8721,1.8425
42.742,raw,2610,-23.8171,-14.6856,1.8423
42.742,raw,2621,-23.2859,-15.5193,1.8422
42.742,raw,2633,-22.6924,-16.4161,1.8422
42.742,raw,2644,-22.1224,-17.2185,1.8421
42.742,raw,2655,-21.5850,-18.0411,1.8421
42.742,raw,2667,-20.9996,-18.9425,1.8422
42.742,raw,2678,-20.4701,-19.7807,1.8423
42.742,raw,2689,-19.9193,-20.6101,1.8425
42.742,raw,2701,-19.3204,-21.5292,1.8427
42.742,raw,2712,-18.7620,-22.3781,1.8430
42.742,raw,2724,-18.1686,-23.3417,1.8433
42.742,raw,2735,-17.5991,-24.2229,1.8437
42.742,raw,2746,-16.9969,-25.0925,1.8440
42.742,raw,2758,-16.3601,-26.1007,1.8446
42.742,raw,2769,-15.7404,-27.0169,1.8451
42.742,raw,2780,-15.1165,-27.9694,1.8456
42.742,raw,2792,-14.4069,-29.0217,1.8463
42.742,raw,2803,-13.7411,-30.0215,1.8470
42.742,raw,2814,9.5881,-0.7807,1.8079
42.742,raw,2826,9.4387,-0.5672,1.8077
42.742,raw,2837,9.3095,-0.3820,1.8075
42.742,raw,2848,9.2034,-0.2059,1.8073
42.742,raw,2860,9.0762,-0.0219,1.8071
42.742,raw,2871,8.9721,0.1399,1.8070
42.742,raw,2882,9.1096,0.3149,1.8072
42.742,raw,2894,9.4758,0.5418,1.8077
42.742,raw,2905,9.8387,0.7777,1.8083
42.742,raw,2916,-18.0013,-0.9833,2.3408
42.742,raw,2928,-18.6658,-3.0280,2.3615
42.742,raw,2939,-16.8683,-3.9522,2.3211
42.742,raw,2951,-16.5309,-4.9278,2.3179
42.742,raw,2962,-14.8565,-5.9157,2.2843
42.742,raw,2973,-14.6778,-6.5672,2.2851
42.742,raw,2985,-14.4855,-7.2169,2.2862
42.742,raw,2996,-14.2948,-7.8099,2.2874
42.742,raw,3007,-26.1670,-14.2038,2.6207
42.742,raw,3019,-19.9672,-24.5304,2.6445
42.742,raw,3030,9.4822,-0.6365,1.9413
42.742,raw,3041,9.3519,-0.4480,1.9377
42.742,raw,3053,9.2255,-0.2531,1.9343
42.742,raw,3064,9.1098,-0.0823,1.9314
42.742,raw,3075,9.0131,0.0819,1.9291
42.742,raw,3087,9.0095,0.2618,1.9293
42.742,raw,3098,9.3341,0.4612,1.9377
42.742,raw,3109,9.7074,0.6891,1.9476
42.742,raw,3121,-15.8606,-2.1482,2.7536
42.742,raw,3132,-26.1887,-14.1089,3.3964
42.742,raw,3143,-19.8316,-24.1136,3.4248
42.742,raw,3155,9.4885,-0.6370,2.0752
42.742,raw,3166,9.3451,-0.4476,2.0676
42.742,raw,3178,9.2280,-0.2531,2.0616
42.742,raw,3189,9.1228,-0.0822,2.0564
42.742,raw,3200,9.0157,0.0820,2.0514
42.742,raw,3212,9.0076,0.2616,2.0515
42.742,raw,3223,9.3209,0.4598,2.0674
42.742,raw,3234,-15.0126,-4.9124,3.1932
42.742,raw,3246,-16.9258,0.7888,3.7780
42.742,raw,3257,-16.7345,0.1305,3.7580
42.742,raw,3268,-16.5588,-0.5155,3.7416
42.742,raw,3280,-16.3095,-1.2054,3.7202
42.742,raw,3291,-16.1355,-1.8296,3.7079
42.742,raw,3302,-15.7428,-2.4204,3.6763
42.742,raw,3314,-15.5319,-3.0748,3.6648
42.742,raw,3325,-15.3577,-3.6715,3.6579
42.742,raw,3336,-15.1769,-4.2628,3.6522
42.742,raw,3348,-14.9813,-4.9044,3.6482
42.742,raw,3359,-14.8196,-5.6119,3.6512
42.742,raw,3370,-14.6583,-6.2052,3.6534
42.742,raw,3382,-14.4365,-6.8381,3.6533
42.742,raw,3393,-14.2510,-7.4261,3.6570
43.825,raw,0,9.4685,-0.7383,0.7408
43.825,raw,11,9.3452,-0.5473,0.7680
43.825,raw,22,9.2413,-0.3665,0.7903
43.825,raw,34,9.1389,-0.1781,0.8113
43.825,raw,45,9.0276,-0.0119,0.8328
43.825,raw,56,8.9190,0.1474,0.8528
43.825,raw,68,8.9701,0.3246,0.8416
43.825,raw,79,9.2539,0.5139,0.7855
43.825,raw,90,9.6184,0.7328,0.7127
43.825,raw,102,9.4095,-0.6661,0.8878
43.825,raw,113,9.3064,-0.4806,0.9078
43.825,raw,124,9.2125,-0.3032,0.9252
43.825,raw,136,9.0755,-0.1163,0.9489
43.825,raw,147,8.9712,0.0466,0.9661
43.825,raw,158,8.8927,0.2042,0.9783
43.825,raw,170,9.0608,0.3903,0.9490
43.825,raw,181,9.3816,0.5902,0.8935
43.825,raw,192,9.7514,0.8186,0.8287
43.825,raw,204,9.3983,-0.6166,1.0234
43.825,raw,215,9.2845,-0.4318,1.0417
43.825,raw,227,9.1672,-0.2398,1.0598
43.825,raw,238,9.0566,-0.0713,1.0759
43.825,raw,249,8.9504,0.0901,1.0908
43.825,raw,261,8.8515,0.2596,1.1037
43.825,raw,272,9.1441,0.4424,1.0611
43.825,raw,283,9.4906,0.6509,1.0098
43.825,raw,295,9.4727,-0.7552,1.1449
43.825,raw,306,9.3472,-0.5633,1.1620
43.825,raw,317,9.2520,-0.3828,1.1748
43.825,raw,329,9.1369,-0.1931,1.1893
43.825,raw,340,9.0315,-0.0267,1.2020
43.825,raw,351,8.9237,0.1330,1.2143
43.825,raw,363,8.9313,0.3076,1.2125
43.825,raw,374,9.2541,0.4984,1.1733
43.825,raw,385,9.5849,0.7119,1.1324
43.825,raw,397,-6.2084,-7.3886,0.6420
43.825,raw,408,-6.0496,-7.7662,0.6327
43.825,raw,419,-5.8339,-8.1053,0.6285
43.825,raw,431,-4.7211,-7.6963,0.7313
43.825,raw,442,-4.4743,-7.9653,0.7312
43.825,raw,454,-5.2333,-9.3078,0.5939
43.825,raw,465,-5.0090,-9.6723,0.5837
43.825,raw,476,-4.7756,-10.0373,0.5729
43.825,raw,488,-4.5145,-10.4418,0.5596
43.825,raw,499,-4.2756,-10.8284,0.5450
43.825,raw,510,-4.0770,-11.2901,0.5213
43.825,raw,522,9.4587,-0.7207,1.2800
43.825,raw,533,9.3429,-0.5312,1.2926
43.825,raw,544,9.2291,-0.3503,1.3044
43.825,raw,556,9.0974,-0.1617,1.3174
43.825,raw,567,8.9985,0.0028,1.3268
43.825,raw,578,8.8996,0.1612,1.3357
43.825,raw,590,8.9991,0.3413,1.3257
43.825,raw,601,9.2965,0.5338,1.2967
43.825,raw,612,9.6362,0.7519,1.2631
43.825,raw,624,-7.5108,-7.3749,0.8633
43.825,raw,635,-7.3702,-7.7994,0.8551
43.825,raw,646,-7.2307,-8.2346,0.8454
43.825,raw,658,-6.9785,-8.6434,0.8421
43.825,raw,669,-6.7429,-9.0190,0.8382
43.825,raw,681,-4.5925,-7.7140,1.0092
43.825,raw,692,-4.4427,-8.0732,0.9997
43.825,raw,703,-6.0301,-10.2374,0.8167
43.825,raw,715,-5.7794,-10.6927,0.8055
43.825,raw,726,-5.5622,-11.1407,0.7922
43.825,raw,737,-5.3208,-11.5788,0.7794
43.825,raw,749,-4.9781,-11.9730,0.7722
43.825,raw,760,-4.7808,-12.5148,0.7498
43.825,raw,771,-4.5747,-13.0817,0.7252
43.825,raw,783,-4.3821,-13.8051,0.6898
43.825,raw,794,-4.1294,-14.3964,0.6632
43.825,raw,805,-3.9460,-15.1761,0.6218
43.825,raw,817,-3.6560,-15.9395,0.5834
43.825,raw,828,-3.3608,-16.6576,0.5467
43.825,raw,839,9.4714,-0.7224,1.4115
43.825,raw,851,9.3307,-0.5143,1.4227
43.825,raw,862,9.2043,-0.3334,1.4324
43.825,raw,873,9.0990,-0.1618,1.4402
43.825,raw,885,9.0023,0.0176,1.4470
43.825,raw,896,8.9024,0.1757,1.4537
43.825,raw,908,8.9991,0.3561,1.4464
43.825,raw,919,9.3199,0.5519,1.4231
43.825,raw,930,9.6827,0.7750,1.3964
43.825,raw,942,-10.2509,-3.9508,1.1319
43.825,raw,953,-10.1602,-4.4086,1.1300
43.825,raw,964,-10.0755,-4.8720,1.1270
43.825,raw,976,-9.8695,-5.3390,1.1284
43.825,raw,987,-9.6761,-5.7636,1.1293
43.825,raw,998,-9.5798,-6.2323,1.1247
43.825,raw,1010,-9.3830,-6.7061,1.1234
43.825,raw,1021,-9.2184,-7.1516,1.1206
43.825,raw,1032,-9.0007,-7.5710,1.1198
43.825,raw,1044,-8.7712,-8.0357,1.1177
43.825,raw,1055,-8.6295,-8.5123,1.1112
43.825,raw,1066,-8.4149,-8.9478,1.1078
43.825,raw,1078,-8.1714,-9.4231,1.1036
43.825,raw,1089,-7.8842,-9.8133,1.1026
43.825,raw,1100,-4.7769,-7.7015,1.2726
43.825,raw,1112,-4.4140,-7.9078,1.2784
43.825,raw,1123,-7.2042,-11.2528,1.0811
43.825,raw,1135,-6.9076,-11.7349,1.0745
43.825,raw,1146,-6.6749,-12.2364,1.0645
43.825,raw,1157,-6.3670,-12.6679,1.0584
43.825,raw,1169,-6.1146,-13.2663,1.0440
43.825,raw,1180,-5.7887,-13.7152,1.0363
43.825,raw,1191,-5.5547,-14.3238,1.0194
43.825,raw,1203,-5.4063,-15.2151,0.9888
43.825,raw,1214,-5.1910,-15.9765,0.9639
43.825,raw,1225,-5.1852,-17.2104,0.9147
43.825,raw,1237,-6.2792,-21.0097,0.7379
43.825,raw,1248,-6.0486,-22.3044,0.6889
43.825,raw,1259,-5.6701,-23.4190,0.6490
43.825,raw,1271,-5.1717,-24.5885,0.6076
43.825,raw,1282,-4.4602,-25.0731,0.5975
43.825,raw,1293,-3.7400,-25.5805,0.5853
43.825,raw,1305,-2.9356,-26.1424,0.5706
43.825,raw,1316,-2.1768,-26.6562,0.5560
43.825,raw,1327,-1.3863,-27.1168,0.5429
43.825,raw,1339,-0.4752,-27.4520,0.5351
43.825,raw,1350,0.3502,-27.9262,0.5191
43.825,raw,1362,9.4861,-0.7570,1.5429
43.825,raw,1373,9.3518,-0.5638,1.5500
43.825,raw,1384,9.2355,-0.3816,1.5560
43.825,raw,1396,9.1332,-0.1930,1.5611
43.825,raw,1407,9.0172,-0.0266,1.5665
43.825,raw,1418,8.9329,0.1333,1.5703
43.825,raw,1430,8.9187,0.3068,1.5706
43.825,raw,1441,9.2242,0.4956,1.5560
43.825,raw,1452,9.5882,0.7123,1.5385
43.825,raw,1464,25.4386,11.5020,0.6880
43.825,raw,1475,-16.1507,18.4911,0.5588
43.825,raw,1486,-15.9808,17.2034,0.6036
43.825,raw,1498,-15.5225,15.6681,0.6644
43.825,raw,1509,-15.3531,14.5509,0.7018
43.825,raw,1520,-14.5832,3.2303,1.3862
43.825,raw,1532,-14.3763,2.5483,1.3930
43.825,raw,1543,-14.1846,1.9413,1.3989
43.825,raw,1554,-14.0051,1.3514,1.4040
43.825,raw,1566,-13.7915,0.7232,1.4095
43.825,raw,1577,-13.6323,0.1623,1.4134
43.825,raw,1589,-8.5532,-0.3159,1.5254
43.825,raw,1600,-8.4192,-0.7023,1.5280
43.825,raw,1611,-13.1002,-1.5069,1.4237
43.825,raw,1623,-12.9401,-2.0798,1.4258
43.825,raw,1634,-12.5501,-2.5616,1.4329
43.825,raw,1645,-12.3794,-3.0646,1.4347
43.825,raw,1657,-12.2505,-3.6207,1.4350
43.825,raw,1668,-12.1347,-4.1307,1.4349
43.825,raw,1679,-12.0063,-4.6381,1.4347
43.825,raw,1691,-11.8595,-5.1908,1.4341
43.825,raw,1702,-11.5948,-5.6521,1.4363
43.825,raw,1713,-11.4619,-6.1601,1.4351
43.825,raw,1725,-11.3021,-6.7130,1.4336
43.825,raw,1736,-11.0119,-7.1559,1.4353
43.825,raw,1747,-10.8378,-7.6542,1.4338
43.825,raw,1759,-10.6548,-8.2079,1.4316
43.825,raw,1770,-10.3640,-8.6488,1.4322
43.825,raw,1781,-10.1825,-9.1593,1.4296
43.825,raw,1793,-9.9591,-9.7096,1.4269
43.825,raw,1804,-9.6943,-10.1791,1.4255
43.825,raw,1816,-9.6155,-10.8667,1.4176
43.825,raw,1827,-9.3373,-11.3498,1.4155
43.825,raw,1838,-9.0573,-11.8400,1.4130
43.825,raw,1850,-9.0015,-12.6321,1.4018
43.825,raw,1861,-8.7023,-13.1441,1.3984
43.825,raw,1872,-8.4148,-13.6847,1.3940
43.825,raw,1884,-8.3446,-14.5882,1.3800
43.825,raw,1895,-9.9099,-17.5520,1.3074
43.825,raw,1906,-9.7092,-18.4694,1.2940
43.825,raw,1918,-9.4007,-19.4185,1.2809
43.825,raw,1929,-9.1171,-20.3557,1.2671
43.825,raw,1940,-8.9453,-21.5593,1.2464
43.825,raw,1952,-8.6049,-22.7358,1.2276
43.825,raw,1963,-8.2915,-23.9273,1.2076
43.825,raw,1974,-7.9158,-25.1228,1.1876
43.825,raw,1986,-7.5007,-26.5838,1.1619
43.825,raw,1997,-6.8510,-27.4315,1.1500
43.825,raw,2008,-6.0440,-27.9410,1.1457
43.825,raw,2020,-5.1553,-28.5208,1.1399
43.825,raw,2031,-4.3184,-29.0364,1.1343
43.825,raw,2043,-3.3930,-29.6300,1.1268
43.825,raw,2054,-2.5244,-30.1815,1.1192
43.825,raw,2065,-1.6416,-30.7826,1.1100
43.825,raw,2077,-0.6591,-31.5240,1.0973
43.825,raw,2088,0.2743,-32.2332,1.0844
43.825,raw,2099,1.2688,-32.6557,1.0772
43.825,raw,2111,2.3769,-33.1504,1.0678
43.825,raw,2122,3.4200,-33.5699,1.0593
43.825,raw,2133,4.4923,-34.1939,1.0454
43.825,raw,2145,9.4137,-0.6505,1.6772
43.825,raw,2156,9.2885,-0.4634,1.6804
43.825,raw,2167,9.1869,-0.2865,1.6829
43.825,raw,2179,9.0802,-0.1015,1.6854
43.825,raw,2190,8.9857,0.0614,1.6875
43.825,raw,2201,8.8686,0.2175,1.6900
43.825,raw,2213,9.1067,0.4090,1.6845
43.825,raw,2224,9.4268,0.6112,1.6770
43.825,raw,2235,9.7931,0.8418,1.6683
43.825,raw,2247,-21.0445,22.4833,1.0590
43.825,raw,2258,-20.7241,20.8216,1.0885
43.825,raw,2270,-19.9192,18.7706,1.1309
43.825,raw,2281,-19.1836,17.0356,1.1670
43.825,raw,2292,-18.5601,15.5027,1.1979
43.825,raw,2304,-17.8947,13.9584,1.2290
43.825,raw,2315,-17.3641,12.6886,1.2537
43.825,raw,2326,-11.1974,8.3694,1.4192
43.825,raw,2338,-16.8404,10.5846,1.2863
43.825,raw,2349,-16.5440,9.6311,1.3015
43.825,raw,2360,-16.2898,8.7425,1.3147
43.825,raw,2372,-15.9784,7.8051,1.3289
43.825,raw,2383,-15.7509,7.0072,1.3398
43.825,raw,2394,-15.5148,6.2387,1.3502
43.825,raw,2406,-15.2549,5.4341,1.3608
43.825,raw,2417,-15.0644,4.7378,1.3689
43.825,raw,2428,-14.8456,4.0584,1.3770
43.825,raw,2440,-31.5649,0.8449,1.8480
43.825,raw,2451,-17.0010,-0.1655,1.8283
43.825,raw,2462,-30.6231,-1.3609,1.8468
43.825,raw,2474,-30.1288,-2.5187,1.8462
43.825,raw,2485,-29.6861,-3.5561,1.8457
43.825,raw,2497,-29.2088,-4.6647,1.8453
43.825,raw,2508,-28.7981,-5.6659,1.8449
43.825,raw,2519,-28.3860,-6.6517,1.8446
43.825,raw,2531,-27.9190,-7.7078,1.8443
43.825,raw,2542,-27.5131,-8.6690,1.8441
43.825,raw,2553,-16.7176,-6.3984,1.8292
43.825,raw,2565,-26.5763,-10.6214,1.8437
43.825,raw,2576,-26.1464,-11.5487,1.8436
43.825,raw,2587,-25.7055,-12.4668,1.8435
43.825,raw,2599,-25.2060,-13.4557,1.8434
43.825,raw,2610,-24.7650,-14.3681,1.8434
43.825,raw,2621,-24.3532,-15.2973,1.8435
43.825,raw,2633,-23.8730,-16.2996,1.8436
43.825,raw,2644,-23.4015,-17.2053,1.8437
43.825,raw,2655,-22.9810,-18.1518,1.8439
43.825,raw,2667,-22.5059,-19.1886,1.8442
43.825,raw,2678,-22.0871,-20.1693,1.8445
43.825,raw,2689,-21.6422,-21.1505,1.8449
43.825,raw,2701,-21.1423,-22.2354,1.8454
43.825,raw,2712,-20.7001,-23.2740,1.8459
43.825,raw,2724,-20.1696,-24.3986,1.8464
43.825,raw,2735,-19.6985,-25.4839,1.8470
43.825,raw,2746,-19.1983,-26.5817,1.8477
43.825,raw,2758,9.3576,-0.5803,1.8075
43.825,raw,2769,9.2579,-0.3987,1.8073
43.825,raw,2780,9.1515,-0.2239,1.8071
43.825,raw,2792,9.0471,-0.0416,1.8070
43.825,raw,2803,8.9210,0.1185,1.8068
43.825,raw,2814,8.8754,0.2753,1.8068
43.825,raw,2826,9.2164,0.4794,1.8072
43.825,raw,2837,9.5455,0.6904,1.8077
43.825,raw,2848,-17.0680,0.8585,2.3197
43.825,raw,2860,-17.2245,0.1363,2.3232
43.825,raw,2871,-16.7031,-0.5184,2.3104
43.825,raw,2882,-16.4242,-1.3893,2.3045
43.825,raw,2894,-15.8823,-2.3846,2.2934
43.825,raw,2905,-15.7209,-2.9967,2.2915
43.825,raw,2916,-15.5635,-3.6053,2.2902
43.825,raw,2928,-15.3621,-4.2594,2.2885
43.825,raw,2939,-17.8935,-5.8137,2.3586
43.825,raw,2951,-14.9438,-5.7889,2.2881
43.825,raw,2962,-14.7709,-6.5080,2.2896
43.825,raw,2973,-14.6069,-7.1141,2.2910
43.825,raw,2985,-26.6212,-13.2673,2.6243
43.825,raw,2996,-11.9142,-8.5037,2.2446
43.825,raw,3007,9.4494,-0.7196,1.9389
43.825,raw,3019,9.3201,-0.5133,1.9352
43.825,raw,3030,9.2127,-0.3339,1.9322
43.825,raw,3041,9.1098,-0.1621,1.9295
43.825,raw,3053,8.9930,0.0175,1.9265
43.825,raw,3064,8.9010,0.1757,1.9243
43.825,raw,3075,8.9791,0.3399,1.9265
43.825,raw,3087,9.3562,0.5556,1.9362
43.825,raw,3098,9.7111,0.7789,1.9456
43.825,raw,3109,-17.9300,-5.4888,2.8850
43.825,raw,3121,-26.2981,-14.0660,3.4061
43.825,raw,3132,-20.2936,-24.2440,3.4513
43.825,raw,3143,9.3761,-0.5822,2.0662
43.825,raw,3155,9.2375,-0.3817,2.0587
43.825,raw,3166,9.1433,-0.2085,2.0537
43.825,raw,3178,9.0309,-0.0267,2.0481
43.825,raw,3189,8.9108,0.1327,2.0424
43.825,raw,3200,8.9112,0.2918,2.0427
43.825,raw,3212,9.2378,0.4969,2.0592
43.825,raw,3223,9.5714,0.7102,2.0763
43.825,raw,3234,-15.9527,-1.8738,3.2295
43.825,raw,3246,-17.0425,1.1590,3.7981
43.825,raw,3257,-16.8412,0.4913,3.7764
43.825,raw,3268,-16.6605,-0.1629,3.7587
43.825,raw,3280,-16.4376,-0.8628,3.7391
43.825,raw,3291,-16.2556,-1.4942,3.7253
43.825,raw,3302,-15.8718,-2.0957,3.6940
43.825,raw,3314,-15.6739,-2.7598,3.6830
43.825,raw,3325,-15.5156,-3.3662,3.6770
43.825,raw,3336,-15.3048,-3.9583,3.6678
43.825,raw,3348,-15.1154,-4.6077,3.6637
43.825,raw,3359,-14.9616,-5.3233,3.6668
43.825,raw,3370,-14.8015,-5.9220,3.6685
43.825,raw,3382,-14.6046,-6.5695,3.6704
43.825,raw,3393,-14.4339,-7.1688,3.6751
44.901,raw,0,9.4962,-0.6785,0.7756
44.901,raw,11,9.3813,-0.4925,0.8015
44.901,raw,22,9.3031,-0.3180,0.8193
44.901,raw,34,9.1648,-0.1319,0.8475
44.901,raw,45,9.0879,0.0291,0.8628
44.901,raw,56,8.9888,0.1848,0.8814
44.901,raw,68,8.9191,0.3497,0.8934
44.901,raw,79,9.1973,0.5261,0.8389
44.901,raw,90,9.5245,0.7268,0.7738
44.901,raw,102,9.5074,-0.6801,0.9052
44.901,raw,113,9.3894,-0.4934,0.9283
44.901,raw,124,9.2929,-0.3172,0.9468
44.901,raw,136,9.1799,-0.1326,0.9672
44.901,raw,147,9.0779,0.0293,0.9847
44.901,raw,158,8.9733,0.1845,1.0018
44.901,raw,170,8.9131,0.3494,1.0107
44.901,raw,181,9.2059,0.5268,0.9608
44.901,raw,192,9.4982,0.7237,0.9099
44.901,raw,204,9.5157,-0.6813,1.0348
44.901,raw,215,9.3904,-0.4935,1.0555
44.901,raw,226,9.2883,-0.3169,1.0721
44.901,raw,238,9.1681,-0.1321,1.0905
44.901,raw,249,9.0647,0.0294,1.1056
44.901,raw,260,8.9819,0.1847,1.1172
44.901,raw,272,8.9273,0.3501,1.1240
44.901,raw,283,9.2150,0.5276,1.0821
44.901,raw,294,9.5032,0.7243,1.0392
44.901,raw,306,9.5115,-0.6807,1.1653
44.901,raw,317,9.4116,-0.4959,1.1796
44.901,raw,328,9.2814,-0.3163,1.1966
44.901,raw,340,9.1716,-0.1322,1.2107
44.901,raw,351,9.0642,0.0294,1.2237
44.901,raw,362,8.9628,0.1843,1.2355
44.901,raw,374,8.9121,0.3493,1.2407
44.901,raw,385,9.1979,0.5261,1.2061
44.901,raw,397,9.5613,0.7470,1.1615
44.901,raw,408,-5.9334,-7.5039,0.6341
44.901,raw,419,-5.7607,-7.8761,0.6255
44.901,raw,431,-4.7353,-7.5666,0.7167
44.901,raw,442,-4.4628,-7.8184,0.7199
44.901,raw,453,-5.1725,-9.0338,0.5947
44.901,raw,465,-4.9147,-9.4143,0.5863
44.901,raw,476,-4.7131,-9.8111,0.5719
44.901,raw,487,-4.4696,-10.1737,0.5612
44.901,raw,499,-4.1955,-10.5728,0.5484
44.901,raw,510,-4.0027,-11.0338,0.5250
44.901,raw,521,-3.7826,-11.4839,0.5027
44.901,raw,533,9.4134,-0.5270,1.3054
44.901,raw,544,9.2998,-0.3478,1.3176
44.901,raw,555,9.1929,-0.1771,1.3285
44.901,raw,567,9.0873,0.0005,1.3389
44.901,raw,578,8.9870,0.1567,1.3482
44.901,raw,589,8.8941,0.3070,1.3564
44.901,raw,601,9.1428,0.4923,1.3324
44.901,raw,612,9.4628,0.6884,1.3012
44.901,raw,623,9.8284,0.9127,1.2650
44.901,raw,635,-7.2372,-7.8419,0.8445
44.901,raw,646,-7.0446,-8.2444,0.8390
44.901,raw,657,-6.7869,-8.6020,0.8379
44.901,raw,669,-4.8236,-7.5536,0.9885
44.901,raw,680,-4.4705,-7.7347,0.9985
44.901,raw,691,-6.1303,-9.8608,0.8144
44.901,raw,703,-5.8783,-10.3095,0.8047
44.901,raw,714,-5.6371,-10.7229,0.7952
44.901,raw,725,-5.3399,-11.0843,0.7899
44.901,raw,737,-5.0614,-11.5465,0.7773
44.901,raw,748,-4.8002,-11.9816,0.7643
44.901,raw,760,-4.6304,-12.6491,0.7336
44.901,raw,771,-4.3962,-13.1893,0.7114
44.901,raw,782,-4.2303,-13.8845,0.6766
44.901,raw,794,-3.9509,-14.5409,0.6469
44.901,raw,805,-3.6900,-15.1917,0.6157
44.901,raw,816,-3.4832,-16.0260,0.5703
44.901,raw,828,-3.1533,-16.8150,0.5300
44.901,raw,839,9.4649,-0.6112,1.4271
44.901,raw,850,9.3332,-0.4264,1.4376
44.901,raw,862,9.2301,-0.2382,1.4458
44.901,raw,873,9.1266,-0.0724,1.4535
44.901,raw,884,9.0371,0.0865,1.4598
44.901,raw,896,8.9273,0.2530,1.4672
44.901,raw,907,8.9981,0.4103,1.4618
44.901,raw,918,9.3093,0.5959,1.4394
44.901,raw,930,9.6760,0.8257,1.4124
44.901,raw,941,-10.2398,-4.1634,1.1188
44.901,raw,952,-10.0491,-4.5986,1.1211
44.901,raw,964,-9.9240,-5.1008,1.1190
44.901,raw,975,-9.7270,-5.5313,1.1202
44.901,raw,986,-9.6211,-6.0009,1.1163
44.901,raw,998,-9.4059,-6.4723,1.1161
44.901,raw,1009,-9.2189,-6.9106,1.1147
44.901,raw,1020,-9.0156,-7.3425,1.1134
44.901,raw,1032,-8.8573,-7.8556,1.1078
44.901,raw,1043,-8.6309,-8.2822,1.1060
44.901,raw,1054,-8.4215,-8.7242,1.1026
44.901,raw,1066,-8.1802,-9.2042,1.0986
44.901,raw,1077,-7.8778,-9.5862,1.0987
44.901,raw,1088,-4.7468,-7.5320,1.2681
44.901,raw,1100,-4.4362,-7.7938,1.2707
44.901,raw,1111,-7.2036,-11.0317,1.0778
44.901,raw,1122,-6.8735,-11.4124,1.0760
44.901,raw,1134,-6.6210,-11.9538,1.0657
44.901,raw,1145,-6.3836,-12.4651,1.0551
44.901,raw,1157,-6.0376,-12.9394,1.0482
44.901,raw,1168,-5.7242,-13.3960,1.0402
44.901,raw,1179,-5.5720,-14.1098,1.0176
44.901,raw,1191,-5.3219,-14.8235,0.9967
44.901,raw,1202,-5.1917,-15.7021,0.9656
44.901,raw,1213,-5.1285,-16.7943,0.9238
44.901,raw,1225,-6.3322,-20.6655,0.7423
44.901,raw,1236,-5.9659,-21.6215,0.7104
44.901,raw,1247,-5.7244,-22.9855,0.6581
44.901,raw,1259,-5.2859,-24.2523,0.6122
44.901,raw,1270,-4.5807,-24.7348,0.6027
44.901,raw,1281,-3.8576,-25.2072,0.5926
44.901,raw,1293,-3.0504,-25.7194,0.5807
44.901,raw,1304,-2.2986,-26.2114,0.5677
44.901,raw,1315,-1.5125,-26.6323,0.5569
44.901,raw,1327,-0.6147,-26.9663,0.5497
44.901,raw,1338,0.1977,-27.4211,0.5350
44.901,raw,1349,1.0297,-27.8931,0.5184
44.901,raw,1361,1.9667,-28.3811,0.5002
44.901,raw,1372,9.3996,-0.5100,1.5576
44.901,raw,1383,9.2856,-0.3316,1.5635
44.901,raw,1395,9.1549,-0.1460,1.5700
44.901,raw,1406,9.0633,0.0152,1.5744
44.901,raw,1417,8.9720,0.1705,1.5786
44.901,raw,1429,8.8755,0.3336,1.5827
44.901,raw,1440,9.1715,0.5092,1.5688
44.901,raw,1451,9.4847,0.7065,1.5537
44.901,raw,1463,9.9064,0.9579,1.5332
44.901,raw,1474,-16.5478,19.1920,0.5196
44.901,raw,1485,-16.0645,17.5953,0.5845
44.901,raw,1497,-15.8256,16.2176,0.6331
44.901,raw,1508,-15.4284,14.8997,0.6843
44.901,raw,1520,-15.1958,13.7016,0.7251
44.901,raw,1531,-14.6298,2.7310,1.3824
44.901,raw,1542,-14.4422,2.1089,1.3882
44.901,raw,1554,-14.2331,1.4483,1.3941
44.901,raw,1565,-14.0311,0.8579,1.3994
44.901,raw,1576,-13.8403,0.2819,1.4039
44.901,raw,1588,-8.4678,-0.2078,1.5224
44.901,raw,1599,-8.4322,-0.6041,1.5228
44.901,raw,1610,-13.2619,-1.4255,1.4152
44.901,raw,1622,-13.0856,-2.0097,1.4177
44.901,raw,1633,-12.8812,-2.5322,1.4206
44.901,raw,1644,-12.4943,-3.0127,1.4273
44.901,raw,1656,-12.2987,-3.5658,1.4290
44.901,raw,1667,-12.1687,-4.0811,1.4292
44.901,raw,1678,-12.0136,-4.5892,1.4295
44.901,raw,1690,-11.8868,-5.1570,1.4285
44.901,raw,1701,-11.5765,-5.6104,1.4317
44.901,raw,1712,-11.4642,-6.1338,1.4299
44.901,raw,1724,-11.2969,-6.6920,1.4285
44.901,raw,1735,-11.0875,-7.1818,1.4282
44.901,raw,1746,-10.8047,-7.6351,1.4293
44.901,raw,1758,-10.5797,-8.1732,1.4280
44.901,raw,1769,-10.3855,-8.6785,1.4261
44.901,raw,1780,-10.0907,-9.1257,1.4264
44.901,raw,1792,-9.9900,-9.7678,1.4203
44.901,raw,1803,-9.7568,-10.2726,1.4179
44.901,raw,1814,-9.4563,-10.7330,1.4170
44.901,raw,1826,-9.3637,-11.4417,1.4086
44.901,raw,1837,-9.0659,-11.9290,1.4064
44.901,raw,1848,-8.9981,-12.6496,1.3966
44.901,raw,1860,-8.6752,-13.2236,1.3926
44.901,raw,1871,-8.3526,-13.7375,1.3891
44.901,raw,1882,-8.0417,-14.2813,1.3846
44.901,raw,1894,-9.9473,-17.7499,1.2987
44.901,raw,1905,-9.6812,-18.5988,1.2874
44.901,raw,1917,-9.3835,-19.5813,1.2735
44.901,raw,1928,-9.0866,-20.5162,1.2599
44.901,raw,1939,-8.7787,-21.5104,1.2448
44.901,raw,1951,-8.5514,-22.8961,1.2208
44.901,raw,1962,-8.2167,-24.0659,1.2014
44.901,raw,1973,-7.8618,-25.3247,1.1800
44.901,raw,1985,-7.4180,-26.7470,1.1553
44.901,raw,1996,-6.6510,-27.3203,1.1501
44.901,raw,2007,-5.8399,-27.8175,1.1461
44.901,raw,2019,-4.9277,-28.3210,1.1420
44.901,raw,2030,-4.0951,-28.8400,1.1363
44.901,raw,2041,-3.2362,-29.3248,1.1308
44.901,raw,2053,-2.2945,-29.9226,1.1227
44.901,raw,2064,-1.4192,-30.5355,1.1131
44.901,raw,2075,-0.5233,-31.2022,1.1018
44.901,raw,2087,0.5144,-31.7361,1.0931
44.901,raw,2098,1.4981,-32.1343,1.0864
44.901,raw,2109,2.5036,-32.4981,1.0799
44.901,raw,2121,3.6202,-33.1013,1.0673
44.901,raw,2132,4.6813,-33.7780,1.0524
44.901,raw,2143,9.5125,-0.6650,1.6796
44.901,raw,2155,9.3673,-0.4604,1.6833
44.901,raw,2166,9.2617,-0.2849,1.6860
44.901,raw,2177,9.1432,-0.1164,1.6888
44.901,raw,2189,9.0265,0.0582,1.6915
44.901,raw,2200,8.9367,0.2116,1.6934
44.901,raw,2211,8.9298,0.3641,1.6934
44.901,raw,2223,9.2390,0.5593,1.6863
44.901,raw,2234,9.5674,0.7636,1.6786
44.901,raw,2245,24.7121,11.0023,1.2855
44.901,raw,2257,-21.2758,22.1163,1.0584
44.901,raw,2268,-20.9386,20.4724,1.0875
44.901,raw,2280,-20.0228,18.3813,1.1319
44.901,raw,2291,-19.2957,16.6923,1.1668
44.901,raw,2302,-18.5975,15.1416,1.1989
44.901,raw,2314,-17.9496,13.6413,1.2288
44.901,raw,2325,-17.4600,12.4191,1.2518
44.901,raw,2336,-11.1992,8.2108,1.4177
44.901,raw,2348,-17.1718,10.4537,1.2777
44.901,raw,2359,-16.8949,9.5097,1.2921
44.901,raw,2370,-16.6005,8.6021,1.3059
44.901,raw,2382,-16.2796,7.6596,1.3201
44.901,raw,2393,-16.0334,6.8519,1.3312
44.901,raw,2404,-15.7552,6.0670,1.3423
44.901,raw,2416,-15.4853,5.2562,1.3529
44.901,raw,2427,-15.2588,4.5469,1.3615
44.901,raw,2438,-15.0252,3.8607,1.3697
44.901,raw,2450,-18.4887,0.5252,1.8306
44.901,raw,2461,-18.7479,-2.5031,1.8312
44.901,raw,2472,-30.5866,-6.8133,1.8479
44.901,raw,2484,-29.9632,-7.9199,1.8474
44.901,raw,2495,-29.4289,-8.9220,1.8470
44.901,raw,2506,-28.8906,-9.9060,1.8467
44.901,raw,2518,-28.3043,-10.9624,1.8464
44.901,raw,2529,-27.7647,-11.9160,1.8461
44.901,raw,2540,-27.2514,-12.8689,1.8460
44.901,raw,2552,-26.3582,-13.7484,1.8453
44.901,raw,2563,-12.1907,-7.9418,1.8246
44.901,raw,2574,-25.6533,-15.7690,1.8457
44.901,raw,2586,-25.0930,-16.7885,1.8457
44.901,raw,2597,-24.5710,-17.7196,1.8457
44.901,raw,2608,-24.0654,-18.6652,1.8459
44.901,raw,2620,-23.4962,-19.6934,1.8460
44.901,raw,2631,-22.9981,-20.6643,1.8463
44.901,raw,2642,-22.4796,-21.6345,1.8465
44.901,raw,2654,-21.9111,-22.7108,1.8469
44.901,raw,2665,-21.3661,-23.6985,1.8472
44.901,raw,2677,-20.7825,-24.8151,1.8477
44.901,raw,2688,9.4251,-0.5749,1.8073
44.901,raw,2699,9.3096,-0.3939,1.8071
44.901,raw,2711,9.1976,-0.2067,1.8069
44.901,raw,2722,9.1043,-0.0429,1.8068
44.901,raw,2733,9.0160,0.1147,1.8066
44.901,raw,2745,8.9161,0.2803,1.8065
44.901,raw,2756,9.0601,0.4429,1.8067
44.901,raw,2767,9.3766,0.6329,1.8072
44.901,raw,2779,9.7549,0.8691,1.8077
44.901,raw,2790,-19.0460,0.0033,2.3737
44.901,raw,2801,-17.8884,-1.1314,2.3459
44.901,raw,2813,-18.0014,-2.9346,2.3530
44.901,raw,2824,-16.8872,-3.7102,2.3287
44.901,raw,2835,-15.1386,-4.7842,2.2920
44.901,raw,2847,-16.1888,-6.4406,2.3284
44.901,raw,2858,-14.6854,-6.6193,2.2945
44.901,raw,2869,-14.5120,-7.2290,2.2958
44.901,raw,2881,-26.4895,-13.3858,2.6285
44.901,raw,2892,-20.4952,-23.6926,2.6480
44.901,raw,2903,9.4107,-0.5576,1.9324
44.901,raw,2915,9.2906,-0.3620,1.9289
44.901,raw,2926,9.1879,-0.1915,1.9261
44.901,raw,2937,9.0746,-0.0278,1.9231
44.901,raw,2949,8.9905,0.1427,1.9210
44.901,raw,2960,8.8883,0.2930,1.9186
44.901,raw,2971,9.0767,0.4584,1.9235
44.901,raw,2983,9.4398,0.6704,1.9329
44.901,raw,2994,9.7804,0.8892,1.9419
44.901,raw,3005,-17.9442,-5.2936,2.8949
44.901,raw,3017,-26.3341,-13.8432,3.4148
44.901,raw,3028,9.4953,-0.6783,2.0625
44.901,raw,3040,9.3613,-0.4750,2.0549
44.901,raw,3051,9.2573,-0.2995,2.0491
44.901,raw,3062,9.1573,-0.1316,2.0438
44.901,raw,3074,9.0427,0.0439,2.0380
44.901,raw,3085,8.9453,0.1979,2.0334
44.901,raw,3096,8.9232,0.3499,2.0326
44.901,raw,3108,9.1992,0.5410,2.0465
44.901,raw,3119,9.5333,0.7436,2.0635
44.901,raw,3130,-19.8828,0.5517,3.5213
44.901,raw,3142,-11.8741,-8.1313,3.0894
44.901,raw,3153,9.3785,-0.5075,2.1806
44.901,raw,3164,9.2824,-0.3314,2.1725
44.901,raw,3176,9.1748,-0.1470,2.1639
44.901,raw,3187,9.0695,0.0151,2.1560
44.901,raw,3198,8.9583,0.1703,2.1480
44.901,raw,3210,8.8800,0.3339,2.1428
44.901,raw,3221,9.1590,0.5082,2.1636
44.901,raw,3232,9.4894,0.7070,2.1885
44.901,raw,3244,9.8925,0.9558,2.2195
44.901,raw,3255,-16.8679,0.7960,3.8005
44.901,raw,3266,-16.6607,0.1322,3.7797
44.901,raw,3278,-16.4597,-0.5779,3.7615
44.901,raw,3289,-16.2736,-1.2178,3.7468
44.901,raw,3300,-15.8978,-1.8302,3.7157
44.901,raw,3312,-15.6851,-2.5014,3.7028
44.901,raw,3323,-15.4978,-3.1102,3.6936
44.901,raw,3334,-15.3199,-3.7153,3.6871
44.901,raw,3346,-15.1488,-4.3765,3.6844
44.901,raw,3357,-14.9875,-5.0980,3.6863
44.901,raw,3368,-14.8143,-5.6992,3.6863
44.901,raw,3380,-14.6259,-6.3561,3.6886
44.901,raw,3391,-14.4523,-6.9602,3.6927
46.045,raw,0,9.6715,-0.6709,0.8065
46.045,raw,11,9.5667,-0.4928,0.8299
46.045,raw,22,9.4520,-0.3218,0.8541
46.045,raw,34,9.3503,-0.1450,0.8749
46.045,raw,45,9.2475,0.0105,0.8947
46.045,raw,57,9.1400,0.1729,0.9145
46.045,raw,68,9.0491,0.3160,0.9302
46.045,raw,80,9.2959,0.5009,0.8811
46.045,raw,91,9.5998,0.6967,0.8200
46.045,raw,103,9.9976,0.9453,0.7390
46.045,raw,114,9.6025,-0.5264,0.9480
46.045,raw,126,9.4729,-0.3377,0.9719
46.045,raw,137,9.3755,-0.1743,0.9893
46.045,raw,149,9.2419,-0.0033,1.0118
46.045,raw,160,9.1477,0.1460,1.0270
46.045,raw,172,9.0700,0.3040,1.0385
46.045,raw,183,9.2540,0.4687,1.0063
46.045,raw,195,9.6030,0.6820,0.9455
46.045,raw,206,9.9391,0.9030,0.8858
46.045,raw,217,9.6027,-0.5564,1.0720
46.045,raw,229,9.4760,-0.3671,1.0921
46.045,raw,240,9.3658,-0.2023,1.1089
46.045,raw,252,9.2646,-0.0312,1.1237
46.045,raw,263,9.1638,0.1193,1.1377
46.045,raw,275,9.0687,0.2772,1.1502
46.045,raw,286,9.2224,0.4380,1.1271
46.045,raw,298,9.5451,0.6447,1.0791
46.045,raw,309,9.8615,0.8585,1.0310
46.045,raw,321,9.6169,-0.5731,1.1939
46.045,raw,332,9.4931,-0.3976,1.2102
46.045,raw,344,9.3675,-0.2166,1.2261
46.045,raw,355,9.2952,-0.0594,1.2351
46.045,raw,367,9.1790,0.1060,1.2485
46.045,raw,378,9.0728,0.2507,1.2603
46.045,raw,390,9.1833,0.4208,1.2461
46.045,raw,401,9.4616,0.6051,1.2118
46.045,raw,413,9.8070,0.8343,1.1684
46.045,raw,424,-5.2429,-8.1908,0.6251
46.045,raw,435,-4.2883,-7.8689,0.7112
46.045,raw,447,-4.8478,-8.9751,0.6034
46.045,raw,458,-4.5901,-9.2963,0.5993
46.045,raw,470,-4.3558,-9.7039,0.5866
46.045,raw,481,-4.1005,-10.0435,0.5785
46.045,raw,493,-3.8019,-10.3994,0.5705
46.045,raw,504,-3.5662,-10.7864,0.5553
46.045,raw,516,-3.3715,-11.3211,0.5255
46.045,raw,527,9.6776,-0.6717,1.3106
46.045,raw,539,9.5628,-0.4776,1.3232
46.045,raw,550,9.4296,-0.3059,1.3368
46.045,raw,562,9.3229,-0.1301,1.3474
46.045,raw,573,9.2223,0.0242,1.3569
46.045,raw,585,9.1228,0.1858,1.3658
46.045,raw,596,9.0342,0.3283,1.3734
46.045,raw,608,9.3328,0.5188,1.3443
46.045,raw,619,9.6380,0.7169,1.3141
46.045,raw,631,10.0496,0.9706,1.2728
46.045,raw,642,-6.5843,-8.4890,0.8393
46.045,raw,653,-6.3400,-8.8579,0.8366
46.045,raw,665,-4.3820,-7.7712,0.9881
46.045,raw,676,-4.1591,-8.0722,0.9855
46.045,raw,688,-5.5702,-10.0726,0.8194
46.045,raw,699,-5.3175,-10.4604,0.8122
46.045,raw,711,-5.0392,-10.8927,0.8028
46.045,raw,722,-4.7650,-11.2794,0.7946
46.045,raw,734,-4.4742,-11.7272,0.7827
46.045,raw,745,-4.1913,-12.1337,0.7716
46.045,raw,757,-4.0018,-12.7798,0.7422
46.045,raw,768,-3.8048,-13.3844,0.7143
46.045,raw,780,-3.5200,-13.9809,0.6889
46.045,raw,791,-3.3083,-14.6706,0.6542
46.045,raw,803,-2.9946,-15.3366,0.6229
46.045,raw,814,-2.7584,-16.1313,0.5801
46.045,raw,826,-2.4049,-16.8823,0.5419
46.045,raw,837,-2.0613,-17.6166,0.5032
46.045,raw,849,9.5648,-0.4926,1.4444
46.045,raw,860,9.4300,-0.3203,1.4546
46.045,raw,871,9.3413,-0.1589,1.4613
46.045,raw,883,9.2384,0.0105,1.4686
46.045,raw,894,9.1348,0.1592,1.4756
46.045,raw,906,9.0382,0.3153,1.4818
46.045,raw,917,9.2753,0.4848,1.4645
46.045,raw,929,9.6044,0.6973,1.4403
46.045,raw,940,9.9836,0.9266,1.4121
46.045,raw,952,-9.7073,-5.0961,1.1155
46.045,raw,963,-9.5785,-5.5565,1.1135
46.045,raw,975,-9.3456,-6.0223,1.1151
46.045,raw,986,-9.2349,-6.4964,1.1108
46.045,raw,998,-8.9734,-6.9491,1.1122
46.045,raw,1009,-8.8692,-7.4382,1.1058
46.045,raw,1021,-8.6087,-7.8953,1.1056
46.045,raw,1032,-8.3349,-8.2926,1.1065
46.045,raw,1044,-8.0716,-8.7497,1.1048
46.045,raw,1055,-7.8063,-9.1543,1.1038
46.045,raw,1067,-7.5595,-9.6327,1.0993
46.045,raw,1078,-7.2973,-10.0490,1.0964
46.045,raw,1089,-4.2012,-7.8808,1.2673
46.045,raw,1101,-6.7675,-10.9595,1.0861
46.045,raw,1112,-6.4480,-11.3428,1.0840
46.045,raw,1124,-6.1695,-11.8451,1.0758
46.045,raw,1135,-5.9073,-12.3152,1.0674
46.045,raw,1147,-5.5487,-12.7578,1.0621
46.045,raw,1158,-5.2862,-13.2669,1.0508
46.045,raw,1170,-4.9850,-13.8333,1.0376
46.045,raw,1181,-4.8332,-14.5820,1.0130
46.045,raw,1193,-4.5586,-15.2917,0.9919
46.045,raw,1204,-4.2975,-15.9848,0.9703
46.045,raw,1216,-4.2551,-17.3015,0.9181
46.045,raw,1227,-4.1738,-18.5838,0.8671
46.045,raw,1239,-4.7891,-21.8617,0.7193
46.045,raw,1250,-4.3671,-22.8549,0.6846
46.045,raw,1262,-3.9478,-24.2279,0.6324
46.045,raw,1273,-3.2333,-24.6613,0.6238
46.045,raw,1285,-2.4354,-25.1216,0.6139
46.045,raw,1296,-1.6862,-25.5302,0.6044
46.045,raw,1307,-0.8968,-25.8137,0.5996
46.045,raw,1319,-0.0397,-26.1976,0.5896
46.045,raw,1330,0.7539,-26.5954,0.5773
46.045,raw,1342,1.6381,-27.0506,0.5615
46.045,raw,1353,2.4731,-27.4328,0.5475
46.045,raw,1365,3.4054,-27.9030,0.5284
46.045,raw,1376,4.2864,-28.3098,0.5108
46.045,raw,1388,9.6106,-0.5724,1.5630
46.045,raw,1399,9.4965,-0.3979,1.5689
46.045,raw,1411,9.3798,-0.2172,1.5748
46.045,raw,1422,9.2723,-0.0591,1.5799
46.045,raw,1434,9.1715,0.1058,1.5845
46.045,raw,1445,9.0739,0.2508,1.5887
46.045,raw,1457,9.1793,0.4205,1.5834
46.045,raw,1468,9.4702,0.6061,1.5693
46.045,raw,1480,9.8138,0.8353,1.5524
46.045,raw,1491,25.5032,11.7367,0.7027
46.045,raw,1503,-17.0155,16.6374,0.5648
46.045,raw,1514,-16.7168,15.3608,0.6105
46.045,raw,1525,-16.0949,13.9407,0.6708
46.045,raw,1537,-15.2627,2.3681,1.3622
46.045,raw,1548,-14.9535,1.7115,1.3705
46.045,raw,1560,-14.6715,1.0244,1.3777
46.045,raw,1571,-14.3984,0.4136,1.3843
46.045,raw,1583,-14.1327,-0.2326,1.3902
46.045,raw,1594,-8.2291,-0.5546,1.5202
46.045,raw,1606,-13.6219,-1.4227,1.4002
46.045,raw,1617,-13.3892,-1.9730,1.4042
46.045,raw,1629,-13.1233,-2.5591,1.4083
46.045,raw,1640,-12.9008,-3.0893,1.4113
46.045,raw,1652,-12.6604,-3.6589,1.4141
46.045,raw,1663,-12.1786,-4.1089,1.4222
46.045,raw,1675,-11.9620,-4.6610,1.4237
46.045,raw,1686,-11.7707,-5.1658,1.4245
46.045,raw,1698,-11.5837,-5.7222,1.4245
46.045,raw,1709,-11.4200,-6.2359,1.4239
46.045,raw,1721,-11.1154,-6.7444,1.4258
46.045,raw,1732,-10.8691,-7.2209,1.4264
46.045,raw,1743,-10.6547,-7.7124,1.4258
46.045,raw,1755,-10.3194,-8.1950,1.4273
46.045,raw,1766,-10.0765,-8.6717,1.4267
46.045,raw,1778,-9.8420,-9.2147,1.4248
46.045,raw,1789,-9.5094,-9.6382,1.4257
46.045,raw,1801,-9.2665,-10.1865,1.4230
46.045,raw,1812,-9.0200,-10.6805,1.4207
46.045,raw,1824,-8.6804,-11.1700,1.4196
46.045,raw,1835,-4.5483,-8.1508,1.5321
46.045,raw,1847,-8.1301,-12.2237,1.4129
46.045,raw,1858,-7.7827,-12.6623,1.4114
46.045,raw,1870,-7.6315,-13.4023,1.4017
46.045,raw,1881,-7.2644,-13.8519,1.3996
46.045,raw,1893,-6.8735,-14.3670,1.3962
46.045,raw,1904,-9.0046,-18.2362,1.2998
46.045,raw,1916,-8.7203,-19.2047,1.2860
46.045,raw,1927,-8.4095,-20.0857,1.2736
46.045,raw,1938,-8.0694,-20.9886,1.2605
46.045,raw,1950,-7.6849,-22.0390,1.2446
46.045,raw,1961,-7.3267,-23.0889,1.2279
46.045,raw,1973,-6.9989,-24.5011,1.2030
46.045,raw,1984,-6.5800,-25.6949,1.1827
46.045,raw,1996,-5.8965,-26.5993,1.1700
46.045,raw,2007,-5.0896,-27.0251,1.1673
46.045,raw,2019,-4.2020,-27.4985,1.1636
46.045,raw,2030,-3.3685,-27.9029,1.1603
46.045,raw,2042,-2.4695,-28.4373,1.1539
46.045,raw,2053,-1.6379,-28.9814,1.1462
46.045,raw,2065,-0.7025,-29.5659,1.1374
46.045,raw,2076,0.1858,-30.0628,1.1296
46.045,raw,2088,1.2020,-30.4138,1.1247
46.045,raw,2099,2.1530,-30.6681,1.1210
46.045,raw,2111,3.1917,-31.2497,1.1095
46.045,raw,2122,4.1767,-31.7598,1.0988
46.045,raw,2134,5.2877,-32.3224,1.0861
46.045,raw,2145,6.3673,-33.2762,1.0641
46.045,raw,2156,7.5277,-34.4118,1.0372
46.045,raw,2168,9.5745,-0.5235,1.6860
46.045,raw,2179,9.4856,-0.3532,1.6883
46.045,raw,2191,9.3499,-0.1733,1.6915
46.045,raw,2202,9.2390,-0.0171,1.6940
46.045,raw,2214,9.1569,0.1463,1.6958
46.045,raw,2225,9.0555,0.2898,1.6979
46.045,raw,2237,9.2352,0.4670,1.6936
46.045,raw,2248,9.5373,0.6586,1.6865
46.045,raw,2260,9.9090,0.8982,1.6777
46.045,raw,2271,-22.6154,20.9764,1.0448
46.045,raw,2283,-21.8655,18.9807,1.0844
46.045,raw,2294,-21.3282,17.3823,1.1143
46.045,raw,2306,-20.8443,15.8163,1.1421
46.045,raw,2317,-19.9455,14.2028,1.1775
46.045,raw,2329,-19.2374,12.7188,1.2071
46.045,raw,2340,-11.3190,7.8387,1.4118
46.045,raw,2352,-18.7562,10.5508,1.2378
46.045,raw,2363,-18.2973,9.4872,1.2565
46.045,raw,2374,-17.8700,8.4920,1.2734
46.045,raw,2386,-17.4374,7.4750,1.2900
46.045,raw,2397,-17.0667,6.5974,1.3037
46.045,raw,2409,-16.7055,5.6973,1.3169
46.045,raw,2420,-16.3556,4.9041,1.3286
46.045,raw,2432,-15.9734,4.0770,1.3408
46.045,raw,2443,-15.6613,3.3582,1.3504
46.045,raw,2455,-15.3388,2.6073,1.3599
46.045,raw,2466,-17.5175,-1.2890,1.8298
46.045,raw,2478,-15.3353,-4.6518,1.8275
46.045,raw,2489,-29.2384,-10.5369,1.8478
46.045,raw,2501,-28.5521,-11.5856,1.8474
46.045,raw,2512,-27.8947,-12.5164,1.8470
46.045,raw,2524,-14.0470,-7.8926,1.8272
46.045,raw,2535,-26.0412,-14.1801,1.8456
46.045,raw,2547,-25.8991,-15.4086,1.8461
46.045,raw,2558,-25.3016,-16.3079,1.8460
46.045,raw,2570,-24.6396,-17.2753,1.8458
46.045,raw,2581,-24.0318,-18.1560,1.8458
46.045,raw,2592,-23.4266,-19.0357,1.8457
46.045,raw,2604,-22.7565,-19.9877,1.8457
46.045,raw,2615,-22.1700,-20.8841,1.8458
46.045,raw,2627,-21.4355,-21.7909,1.8458
46.045,raw,2638,-20.7622,-22.6240,1.8459
46.045,raw,2650,-20.0515,-23.5614,1.8461
46.045,raw,2661,-19.3819,-24.4139,1.8462
46.045,raw,2673,-18.6741,-25.3844,1.8465
46.045,raw,2684,-18.0269,-26.2982,1.8469
46.045,raw,2696,-17.2968,-27.2969,1.8473
46.045,raw,2707,-16.6182,-28.2328,1.8477
46.045,raw,2719,9.5778,-0.5089,1.8070
46.045,raw,2730,9.4662,-0.3373,1.8068
46.045,raw,2742,9.3324,-0.1586,1.8066
46.045,raw,2753,9.2167,-0.0032,1.8065
46.045,raw,2765,9.1358,0.1592,1.8064
46.045,raw,2776,9.0464,0.3025,1.8063
46.045,raw,2788,9.2840,0.4856,1.8066
46.045,raw,2799,9.5693,0.6777,1.8070
46.045,raw,2810,9.9088,0.8981,1.8075
46.045,raw,2822,-16.5399,-4.6189,2.3323
46.045,raw,2833,-16.8897,-6.5330,2.3528
46.045,raw,2845,-15.7104,-7.6608,2.3342
46.045,raw,2856,-26.1903,-13.8233,2.6328
46.045,raw,2868,-20.0269,-24.0858,2.6510
46.045,raw,2879,9.5919,-0.5703,1.9286
46.045,raw,2891,9.4728,-0.3814,1.9252
46.045,raw,2902,9.3754,-0.2170,1.9225
46.045,raw,2914,9.2710,-0.0451,1.9198
46.045,raw,2925,9.1662,0.1057,1.9172
46.045,raw,2937,9.0787,0.2644,1.9152
46.045,raw,2948,9.1626,0.4190,1.9175
46.045,raw,2960,9.4765,0.6215,1.9258
46.045,raw,2971,9.8014,0.8334,1.9345
46.045,raw,2983,-14.9000,-5.1400,2.7652
46.045,raw,2994,-25.9745,-14.3624,3.4224
46.045,raw,3006,9.6350,-0.6510,2.0528
46.045,raw,3017,9.5301,-0.4744,2.0468
46.045,raw,3028,9.4322,-0.3060,2.0414
46.045,raw,3040,9.3212,-0.1300,2.0357
46.045,raw,3051,9.2226,0.0242,2.0308
46.045,raw,3063,9.1130,0.1854,2.0257
46.045,raw,3074,9.0340,0.3283,2.0222
46.045,raw,3086,9.3295,0.5184,2.0372
46.045,raw,3097,9.6243,0.7151,2.0525
46.045,raw,3109,10.0239,0.9662,2.0733
46.045,raw,3120,-19.6012,-0.3056,3.5245
46.045,raw,3132,-19.3593,-1.1240,3.5090
46.045,raw,3143,-16.0811,-1.7373,3.2772
46.045,raw,3155,-11.5861,-8.4233,3.0991
46.045,raw,3166,9.5698,-0.5081,2.1701
46.045,raw,3178,9.4274,-0.3201,2.1588
46.045,raw,3189,9.3486,-0.1591,2.1526
46.045,raw,3201,9.2356,0.0105,2.1443
46.045,raw,3212,9.1235,0.1588,2.1364
46.045,raw,3224,9.0380,0.3153,2.1308
46.045,raw,3235,9.2599,0.4833,2.1476
46.045,raw,3246,9.5640,0.6770,2.1709
46.045,raw,3258,9.9301,0.9178,2.1994
46.045,raw,3269,-16.7693,0.5247,3.8219
46.045,raw,3281,-16.5317,-0.2044,3.7988
46.045,raw,3292,-16.3021,-0.8582,3.7786
46.045,raw,3304,-16.1013,-1.5607,3.7634
46.045,raw,3315,-15.7061,-2.1728,3.7313
46.045,raw,3327,-15.5028,-2.8495,3.7201
46.045,raw,3338,-15.3015,-3.4606,3.7104
46.045,raw,3350,-15.1138,-4.1274,3.7049
46.045,raw,3361,-14.9103,-4.7280,3.6988
46.045,raw,3373,-14.7346,-5.5113,3.7018
46.045,raw,3384,-14.5666,-6.1199,3.7034
46.045,raw,3396,-14.3614,-6.7780,3.7052
46.045,raw,3407,-14.1619,-7.3786,3.7078
46.045,raw,3419,9.1546,0.1326,2.2498
46.045,raw,3430,9.0533,0.2763,2.2408
47.180,raw,0,9.6414,-0.6939,0.8371
47.180,raw,12,9.5121,-0.5050,0.8651
47.180,raw,24,9.4169,-0.3281,0.8855
47.180,raw,36,9.2928,-0.1578,0.9100
47.180,raw,49,9.1805,0.0171,0.9313
47.180,raw,61,9.0713,0.1710,0.9508
47.180,raw,73,8.9957,0.3208,0.9631
47.180,raw,86,9.3386,0.5303,0.8949
47.180,raw,98,9.6465,0.7469,0.8318
47.180,raw,110,9.6245,-0.6622,0.9641
47.180,raw,122,9.4886,-0.4743,0.9894
47.180,raw,135,9.3736,-0.2841,1.0103
47.180,raw,147,9.2700,-0.1167,1.0281
47.180,raw,159,9.1665,0.0434,1.0450
47.180,raw,172,9.0465,0.2086,1.0635
47.180,raw,184,9.0755,0.3668,1.0568
47.180,raw,196,9.3797,0.5635,1.0036
47.180,raw,208,9.7288,0.7904,0.9416
47.180,raw,221,9.5865,-0.6138,1.0923
47.180,raw,233,9.4676,-0.4300,1.1112
47.180,raw,245,9.3447,-0.2552,1.1299
47.180,raw,258,9.2372,-0.0760,1.1455
47.180,raw,270,9.1300,0.0820,1.1602
47.180,raw,282,9.0332,0.2336,1.1728
47.180,raw,294,9.1016,0.3956,1.1613
47.180,raw,307,9.4414,0.6142,1.1105
47.180,raw,319,9.7973,0.8480,1.0562
47.180,raw,331,9.5801,-0.5839,1.2137
47.180,raw,344,9.4507,-0.3863,1.2306
47.180,raw,356,9.3137,-0.2129,1.2475
47.180,raw,368,9.2322,-0.0491,1.2573
47.180,raw,380,9.1230,0.1080,1.2697
47.180,raw,393,9.0258,0.2717,1.2799
47.180,raw,405,9.1944,0.4452,1.2586
47.180,raw,417,9.5249,0.6548,1.2174
47.180,raw,430,9.9138,0.9157,1.1679
47.180,raw,442,-4.3515,-7.9244,0.6991
47.180,raw,454,-4.7739,-8.8882,0.6100
47.180,raw,466,-4.5410,-9.2833,0.5998
47.180,raw,479,-4.2247,-9.6550,0.5950
47.180,raw,491,-3.9702,-10.0480,0.5834
47.180,raw,503,-3.6883,-10.4216,0.5733
47.180,raw,516,-3.4072,-10.8744,0.5558
47.180,raw,528,-3.1949,-11.3844,0.5287
47.180,raw,540,-2.9605,-11.8986,0.5010
47.180,raw,552,9.5267,-0.5207,1.3386
47.180,raw,565,9.4021,-0.3272,1.3514
47.180,raw,577,9.3013,-0.1579,1.3613
47.180,raw,589,9.1790,0.0039,1.3727
47.180,raw,602,9.0585,0.1704,1.3834
47.180,raw,614,8.9870,0.3200,1.3891
47.180,raw,626,9.2732,0.5085,1.3609
47.180,raw,638,9.6178,0.7275,1.3265
47.180,raw,651,-6.5660,-8.2884,0.8446
47.180,raw,663,-6.3215,-8.7039,0.8405
47.180,raw,675,-4.6507,-7.9099,0.9644
47.180,raw,688,-4.1792,-8.0910,0.9805
47.180,raw,700,-5.4682,-9.9348,0.8283
47.180,raw,712,-5.1717,-10.3278,0.8233
47.180,raw,724,-4.9481,-10.8116,0.8091
47.180,raw,737,-4.6276,-11.2667,0.7995
47.180,raw,749,-4.2598,-11.6088,0.7968
47.180,raw,761,-4.0304,-12.1514,0.7760
47.180,raw,774,-3.7986,-12.8088,0.7476
47.180,raw,786,-3.5793,-13.4606,0.7176
47.180,raw,798,-3.2893,-14.0490,0.6926
47.180,raw,810,-3.0355,-14.7632,0.6575
47.180,raw,823,-2.6897,-15.4811,0.6237
47.180,raw,835,-2.3958,-16.2870,0.5812
47.180,raw,847,-2.0365,-17.0437,0.5423
47.180,raw,860,9.6147,-0.6758,1.4489
47.180,raw,872,9.5064,-0.4901,1.4576
47.180,raw,884,9.4096,-0.3137,1.4652
47.180,raw,896,9.2807,-0.1439,1.4745
47.180,raw,909,9.1663,0.0302,1.4824
47.180,raw,921,9.0848,0.1848,1.4876
47.180,raw,933,9.0131,0.3351,1.4918
47.180,raw,946,9.3303,0.5432,1.4685
47.180,raw,958,9.6794,0.7672,1.4425
47.180,raw,970,-9.7715,-5.0008,1.1098
47.180,raw,982,-9.5167,-5.4632,1.1135
47.180,raw,995,-9.3683,-6.0126,1.1103
47.180,raw,1007,-9.0975,-6.4628,1.1132
47.180,raw,1019,-8.8416,-6.9163,1.1146
47.180,raw,1032,-8.6788,-7.4700,1.1092
47.180,raw,1044,-8.4253,-7.9283,1.1087
47.180,raw,1056,-8.1564,-8.3783,1.1081
47.180,raw,1068,-7.8462,-8.8010,1.1090
47.180,raw,1081,-7.5838,-9.3142,1.1048
47.180,raw,1093,-7.2715,-9.7392,1.1040
47.180,raw,1105,-4.3416,-7.8702,1.2607
47.180,raw,1118,-6.6932,-10.7034,1.0947
47.180,raw,1130,-6.3970,-11.1641,1.0897
47.180,raw,1142,-6.1142,-11.6513,1.0825
47.180,raw,1154,-5.7457,-12.0566,1.0799
47.180,raw,1167,-5.4240,-12.6015,1.0701
47.180,raw,1179,-5.1345,-13.1396,1.0587
47.180,raw,1191,-4.8338,-13.6929,1.0462
47.180,raw,1204,-4.6046,-14.4858,1.0219
47.180,raw,1216,-4.3208,-15.1663,1.0022
47.180,raw,1228,-4.0358,-15.9085,0.9791
47.180,raw,1240,-3.8438,-16.9171,0.9425
47.180,raw,1253,-3.7439,-18.4026,0.8833
47.180,raw,1265,-3.5978,-19.8713,0.8246
47.180,raw,1277,-3.9463,-22.9267,0.6893
47.180,raw,1290,-3.3615,-24.0632,0.6493
47.180,raw,1302,-2.5846,-24.5125,0.6403
47.180,raw,1314,-1.7799,-24.9125,0.6324
47.180,raw,1326,-0.9503,-25.2597,0.6257
47.180,raw,1339,-0.0486,-25.6905,0.6145
47.180,raw,1351,0.8000,-26.0986,0.6024
47.180,raw,1363,1.6673,-26.5138,0.5886
47.180,raw,1376,2.6304,-26.9838,0.5712
47.180,raw,1388,3.5464,-27.4011,0.5545
47.180,raw,1400,9.5802,-0.5985,1.5704
47.180,raw,1412,9.4581,-0.4151,1.5767
47.180,raw,1425,9.3350,-0.2273,1.5827
47.180,raw,1437,9.2522,-0.0626,1.5866
47.180,raw,1449,9.1145,0.0946,1.5928
47.180,raw,1462,9.0214,0.2585,1.5966
47.180,raw,1474,9.1157,0.4234,1.5917
47.180,raw,1486,9.4585,0.6309,1.5751
47.180,raw,1498,9.8340,0.8700,1.5565
47.180,raw,1511,-17.8311,17.2040,0.5130
47.180,raw,1523,-17.4113,15.7031,0.5692
47.180,raw,1535,-16.6778,14.0939,0.6383
47.180,raw,1548,-15.2930,2.0897,1.3592
47.180,raw,1560,-14.9387,1.3731,1.3684
47.180,raw,1572,-14.6248,0.6860,1.3762
47.180,raw,1584,-14.2819,0.0224,1.3841
47.180,raw,1597,-8.4796,-0.4895,1.5120
47.180,raw,1609,-8.2862,-0.9275,1.5158
47.180,raw,1621,-13.3647,-1.8947,1.4023
47.180,raw,1634,-13.0822,-2.5349,1.4068
47.180,raw,1646,-12.8094,-3.1109,1.4107
47.180,raw,1658,-12.5371,-3.6751,1.4142
47.180,raw,1670,-12.0278,-4.1699,1.4228
47.180,raw,1683,-11.8043,-4.7701,1.4241
47.180,raw,1695,-11.6183,-5.3273,1.4244
47.180,raw,1707,-11.4174,-5.8788,1.4246
47.180,raw,1720,-11.2196,-6.4844,1.4239
47.180,raw,1732,-10.8541,-6.9646,1.4272
47.180,raw,1744,-10.6003,-7.4891,1.4273
47.180,raw,1756,-10.3508,-8.0161,1.4269
47.180,raw,1769,-9.9842,-8.5335,1.4284
47.180,raw,1781,-9.7294,-9.0592,1.4272
47.180,raw,1793,-9.4668,-9.5851,1.4257
47.180,raw,1806,-9.0789,-10.0864,1.4263
47.180,raw,1818,-8.8156,-10.6225,1.4238
47.180,raw,1830,-8.4626,-11.0940,1.4232
47.180,raw,1843,-4.3135,-8.1674,1.5346
47.180,raw,1855,-7.8132,-12.1738,1.4177
47.180,raw,1867,-7.4587,-12.6677,1.4155
47.180,raw,1879,-7.1899,-13.2695,1.4097
47.180,raw,1892,-6.7938,-13.8276,1.4061
47.180,raw,1904,-6.4167,-14.3472,1.4023
47.180,raw,1916,-6.1164,-14.9958,1.3947
47.180,raw,1929,-8.0841,-19.2231,1.2932
47.180,raw,1941,-7.7676,-20.2235,1.2783
47.180,raw,1953,-7.4155,-21.2574,1.2626
47.180,raw,1965,-7.0129,-22.3028,1.2466
47.180,raw,1978,-6.6625,-23.7514,1.2214
47.180,raw,1990,-6.1884,-24.9334,1.2019
47.180,raw,2002,-5.5911,-25.9705,1.1858
47.180,raw,2015,-4.6559,-26.4462,1.1831
47.180,raw,2027,-3.7889,-26.9043,1.1795
47.180,raw,2039,-2.9330,-27.4500,1.1732
47.180,raw,2051,-2.0507,-27.9743,1.1668
47.180,raw,2064,-1.0803,-28.5917,1.1581
47.180,raw,2076,-0.1496,-29.1185,1.1503
47.180,raw,2088,0.8330,-29.4400,1.1464
47.180,raw,2101,1.9073,-29.8510,1.1399
47.180,raw,2113,2.9117,-30.3755,1.1299
47.180,raw,2125,3.9487,-30.8910,1.1194
47.180,raw,2137,5.0203,-31.4418,1.1073
47.180,raw,2150,6.2370,-32.2602,1.0884
47.180,raw,2162,7.4512,-33.3925,1.0616
47.180,raw,2174,9.6172,-0.6761,1.6877
47.180,raw,2187,9.4744,-0.4731,1.6913
47.180,raw,2199,9.3587,-0.2972,1.6941
47.180,raw,2211,9.2695,-0.1302,1.6962
47.180,raw,2223,9.1652,0.0301,1.6985
47.180,raw,2236,9.0718,0.1970,1.7004
47.180,raw,2248,9.0403,0.3505,1.7008
47.180,raw,2260,9.3215,0.5421,1.6942
47.180,raw,2273,9.7126,0.7877,1.6849
47.180,raw,2285,-23.2216,20.7289,1.0342
47.180,raw,2297,-23.2316,19.2782,1.0528
47.180,raw,2309,-22.5084,17.4215,1.0889
47.180,raw,2322,-21.7368,15.5631,1.1249
47.180,raw,2334,-20.6520,13.7655,1.1654
47.180,raw,2346,-11.2233,7.9020,1.4098
47.180,raw,2359,-19.6585,11.0395,1.2120
47.180,raw,2371,-18.9164,9.7345,1.2386
47.180,raw,2383,-18.4158,8.6082,1.2580
47.180,raw,2395,-17.8902,7.5364,1.2769
47.180,raw,2408,-17.3606,6.4553,1.2953
47.180,raw,2420,-16.9267,5.5277,1.3100
47.180,raw,2432,-16.5028,4.6484,1.3236
47.180,raw,2445,-16.0838,3.7511,1.3367
47.180,raw,2457,-15.6989,2.9617,1.3479
47.180,raw,2469,-19.0214,-0.2290,1.8320
47.180,raw,2481,-15.9256,-2.8742,1.8280
47.180,raw,2494,-16.4916,-5.0203,1.8293
47.180,raw,2506,-29.1634,-9.2461,1.8474
47.180,raw,2518,-28.3836,-10.2666,1.8467
47.180,raw,2531,-27.5446,-11.3376,1.8461
47.180,raw,2543,-26.6840,-12.2615,1.8455
47.180,raw,2555,-25.8387,-13.1570,1.8449
47.180,raw,2567,-25.0214,-14.0336,1.8443
47.180,raw,2580,-24.1948,-14.9818,1.8439
47.180,raw,2592,-23.4041,-15.8188,1.8435
47.180,raw,2604,-22.6838,-16.6763,1.8432
47.180,raw,2617,-21.8955,-17.5843,1.8430
47.180,raw,2629,-21.1978,-18.4311,1.8429
47.180,raw,2641,-20.4529,-19.2351,1.8427
47.180,raw,2653,-19.6788,-20.0058,1.8425
47.180,raw,2666,-18.8565,-20.8443,1.8424
47.180,raw,2678,-18.0882,-21.6040,1.8424
47.180,raw,2690,-17.3352,-22.3760,1.8424
47.180,raw,2703,-16.5190,-23.2146,1.8424
47.180,raw,2715,-15.7456,-23.9724,1.8425
47.180,raw,2727,-14.9834,-24.7529,1.8427
47.180,raw,2739,-14.2101,-25.5344,1.8429
47.180,raw,2752,-13.3649,-26.3939,1.8432
47.180,raw,2764,-12.5682,-27.1901,1.8435
47.180,raw,2776,-11.7723,-28.0216,1.8439
47.180,raw,2789,-10.8747,-28.9086,1.8443
47.180,raw,2801,-10.0393,-29.7670,1.8449
47.180,raw,2813,-9.1544,-30.5830,1.8453
47.180,raw,2825,-8.2863,-31.5096,1.8460
47.180,raw,2838,-7.3037,-32.5186,1.8468
47.180,raw,2850,-6.2234,-33.0498,1.8470
47.180,raw,2862,-4.4333,-31.1687,1.8439
47.180,raw,2875,-3.3350,-31.7648,1.8443
47.180,raw,2887,-2.3082,-32.3539,1.8447
47.180,raw,2899,-1.2537,-32.9295,1.8452
47.180,raw,2911,-0.1773,-33.5383,1.8458
47.180,raw,2924,1.0195,-34.2451,1.8466
47.180,raw,2936,9.6325,-0.6632,1.8069
47.180,raw,2948,9.4932,-0.4747,1.8067
47.180,raw,2961,9.3742,-0.2841,1.8065
47.180,raw,2973,9.2605,-0.1166,1.8064
47.180,raw,2985,9.1562,0.0432,1.8062
47.180,raw,2997,9.0700,0.1969,1.8061
47.180,raw,3010,9.0327,0.3628,1.8061
47.180,raw,3022,9.3486,0.5595,1.8065
47.180,raw,3034,9.7005,0.7858,1.8071
47.180,raw,3047,-16.1202,-1.9371,2.3147
47.180,raw,3059,-16.6055,-4.7270,2.3372
47.180,raw,3071,-14.8466,-5.7067,2.3010
47.180,raw,3083,-15.9389,-7.0621,2.3369
47.180,raw,3096,-14.3767,-7.3293,2.3028
47.180,raw,3108,-14.1561,-7.9958,2.3039
47.180,raw,3120,-11.8276,-8.3849,2.2556
47.180,raw,3133,9.5936,-0.6439,1.9255
47.180,raw,3145,9.4666,-0.4583,1.9219
47.180,raw,3157,9.3674,-0.2838,1.9191
47.180,raw,3169,9.2645,-0.1166,1.9165
47.180,raw,3182,9.1522,0.0563,1.9137
47.180,raw,3194,9.0484,0.2087,1.9113
47.180,raw,3206,9.0411,0.3636,1.9114
47.180,raw,3219,9.3658,0.5757,1.9200
47.180,raw,3231,9.7036,0.8014,1.9291
47.180,raw,3243,-18.8846,-2.8017,2.9387
47.180,raw,3255,-26.2078,-13.9500,3.4284
47.180,raw,3268,-19.9644,-24.2079,3.4603
47.180,raw,3280,9.5569,-0.5670,2.0420
47.180,raw,3292,9.4238,-0.3845,2.0349
47.180,raw,3305,9.3205,-0.1994,2.0295
47.180,raw,3317,9.2159,-0.0358,2.0243
47.180,raw,3329,9.1293,0.1214,2.0203
47.180,raw,3341,9.0233,0.2715,2.0156
47.180,raw,3354,9.1764,0.4566,2.0238
47.180,raw,3366,9.4954,0.6650,2.0404
47.180,raw,3378,9.8688,0.9076,2.0600
47.180,raw,3391,-19.6579,-0.4425,3.5378
47.180,raw,3403,-19.4301,-1.2675,3.5234
47.180,raw,3415,-14.9415,-5.2509,3.2480
47.180,raw,3427,9.5497,-0.5952,2.1597
47.180,raw,3440,9.4155,-0.3980,2.1489
47.180,raw,3452,9.3419,-0.2275,2.1429
47.180,raw,3464,9.2219,-0.0625,2.1341
47.180,raw,3477,9.1118,0.1076,2.1264
47.180,raw,3489,8.9884,0.2562,2.1181
47.180,raw,3501,9.1459,0.4266,2.1305
47.180,raw,3513,9.4579,0.6308,2.1545
47.180,raw,3526,9.8606,0.8904,2.1859
47.180,raw,3538,-16.8806,0.4648,3.8447
47.180,raw,3550,-16.5835,-0.2720,3.8159
47.180,raw,3563,-16.3207,-1.0504,3.7930
47.180,raw,3575,-16.1122,-1.7568,3.7775
47.180,raw,3587,-15.7033,-2.4292,3.7451
47.180,raw,3599,-15.4768,-3.1066,3.7323
47.180,raw,3612,-15.2505,-3.8344,3.7228
47.180,raw,3624,-15.0512,-4.5025,3.7172
47.180,raw,3636,-14.8641,-5.2901,3.7179
47.180,raw,3649,-14.6431,-6.0086,3.7167
47.180,raw,3661,-14.4241,-6.6666,3.7165
47.180,raw,3673,-14.2277,-7.3341,3.7209
48.340,raw,0,9.5732,-0.6818,0.8722
48.340,raw,11,9.4738,-0.5172,0.8938
48.340,raw,23,9.3572,-0.3454,0.9178
48.340,raw,35,9.2411,-0.1821,0.9406
48.340,raw,47,9.1482,-0.0266,0.9580
48.340,raw,59,9.0450,0.1222,0.9763
48.340,raw,71,8.9498,0.2652,0.9922
48.340,raw,83,9.1269,0.4366,0.9556
48.340,raw,95,9.4365,0.6430,0.8924
48.340,raw,107,9.8159,0.8869,0.8141
48.340,raw,119,9.4807,-0.5595,1.0084
48.340,raw,131,9.3753,-0.3869,1.0277
48.340,raw,143,9.2732,-0.2222,1.0455
48.340,raw,155,9.1698,-0.0649,1.0626
48.340,raw,167,9.0575,0.0850,1.0803
48.340,raw,179,8.9831,0.2307,1.0909
48.340,raw,191,9.0420,0.3877,1.0787
48.340,raw,203,9.3515,0.5880,1.0241
48.340,raw,215,9.7126,0.8216,0.9592
48.340,raw,227,9.5253,-0.6058,1.1172
48.340,raw,239,9.4053,-0.4295,1.1360
48.340,raw,251,9.2869,-0.2623,1.1536
48.340,raw,263,9.2115,-0.1035,1.1645
48.340,raw,275,9.1024,0.0489,1.1793
48.340,raw,287,8.9951,0.1943,1.1932
48.340,raw,299,8.9910,0.3441,1.1919
48.340,raw,311,9.2723,0.5355,1.1494
48.340,raw,323,9.6101,0.7584,1.0978
48.340,raw,335,9.5670,-0.6526,1.2278
48.340,raw,347,9.4328,-0.4725,1.2453
48.340,raw,359,9.3056,-0.3029,1.2612
48.340,raw,371,9.2314,-0.1427,1.2702
48.340,raw,383,9.1077,0.0108,1.2844
48.340,raw,395,9.0320,0.1592,1.2923
48.340,raw,407,8.9380,0.3012,1.3019
48.340,raw,419,9.1929,0.4844,1.2700
48.340,raw,431,9.5223,0.6997,1.2284
48.340,raw,443,9.9231,0.9550,1.1771
48.340,raw,455,-4.4453,-7.9313,0.6883
48.340,raw,467,-4.2203,-8.2869,0.6821
48.340,raw,479,-4.6440,-9.2878,0.5898
48.340,raw,491,-4.3540,-9.6370,0.5855
48.340,raw,503,-4.1130,-10.0472,0.5726
48.340,raw,515,-3.8384,-10.4327,0.5620
48.340,raw,527,-3.5527,-10.8175,0.5506
48.340,raw,539,-3.3439,-11.3254,0.5244
48.340,raw,551,9.5233,-0.6338,1.3486
48.340,raw,563,9.4235,-0.4581,1.3592
48.340,raw,575,9.3021,-0.2894,1.3713
48.340,raw,587,9.2179,-0.1296,1.3793
48.340,raw,599,9.1180,0.0239,1.3884
48.340,raw,611,9.0087,0.1702,1.3978
48.340,raw,623,8.9171,0.3114,1.4052
48.340,raw,635,9.2079,0.4997,1.3763
48.340,raw,647,9.5557,0.7198,1.3414
48.340,raw,659,9.9297,0.9721,1.3030
48.340,raw,671,-6.5168,-8.5401,0.8335
48.340,raw,683,-6.2122,-8.9149,0.8342
48.340,raw,695,-4.3583,-7.9473,0.9752
48.340,raw,707,-5.7127,-9.7675,0.8217
48.340,raw,719,-5.4407,-10.1865,0.8152
48.340,raw,731,-5.1439,-10.5893,0.8095
48.340,raw,743,-4.8495,-11.0045,0.8019
48.340,raw,755,-4.5626,-11.4417,0.7917
48.340,raw,767,-4.2742,-11.8950,0.7794
48.340,raw,779,-4.0745,-12.4959,0.7541
48.340,raw,791,-3.8043,-13.0367,0.7338
48.340,raw,803,-3.5890,-13.7079,0.7026
48.340,raw,815,-3.3575,-14.4152,0.6685
48.340,raw,827,-3.0522,-15.0556,0.6396
48.340,raw,839,-2.7253,-15.7194,0.6086
48.340,raw,851,-2.4448,-16.5702,0.5631
48.340,raw,863,-2.0841,-17.3429,0.5233
48.340,raw,875,9.5289,-0.6061,1.4633
48.340,raw,887,9.4000,-0.4292,1.4732
48.340,raw,899,9.2830,-0.2622,1.4818
48.340,raw,910,9.1998,-0.1165,1.4877
48.340,raw,922,9.1139,0.0365,1.4934
48.340,raw,934,8.9962,0.1818,1.5010
48.340,raw,946,8.9281,0.3249,1.5048
48.340,raw,958,9.2379,0.5172,1.4820
48.340,raw,970,9.5546,0.7341,1.4581
48.340,raw,982,-9.8560,-4.7083,1.1065
48.340,raw,994,-9.5807,-5.1682,1.1117
48.340,raw,1006,-9.4443,-5.6750,1.1095
48.340,raw,1018,-9.1907,-6.1352,1.1121
48.340,raw,1030,-9.0513,-6.6461,1.1083
48.340,raw,1042,-8.8130,-7.1129,1.1085
48.340,raw,1054,-8.5692,-7.5768,1.1083
48.340,raw,1066,-8.3356,-8.0482,1.1066
48.340,raw,1078,-8.0615,-8.4968,1.1062
48.340,raw,1090,-7.7817,-8.9428,1.1053
48.340,raw,1102,-7.5791,-9.4500,1.0990
48.340,raw,1114,-7.3088,-9.9151,1.0956
48.340,raw,1126,-4.2762,-7.9667,1.2583
48.340,raw,1138,-6.7431,-10.8473,1.0870
48.340,raw,1150,-6.3999,-11.2684,1.0848
48.340,raw,1162,-6.1132,-11.7561,1.0778
48.340,raw,1174,-5.8425,-12.2795,1.0683
48.340,raw,1186,-5.4605,-12.6890,1.0652
48.340,raw,1198,-5.1835,-13.2472,1.0529
48.340,raw,1210,-4.8837,-13.8066,1.0402
48.340,raw,1222,-4.6901,-14.5663,1.0165
48.340,raw,1234,-4.4185,-15.2671,0.9959
48.340,raw,1246,-4.2110,-16.1494,0.9659
48.340,raw,1258,-4.0103,-17.1465,0.9301
48.340,raw,1270,-3.9045,-18.4767,0.8778
48.340,raw,1282,-3.7909,-19.9929,0.8169
48.340,raw,1294,-4.1389,-22.9638,0.6856
48.340,raw,1306,-3.6575,-24.1528,0.6423
48.340,raw,1318,-2.8827,-24.6166,0.6332
48.340,raw,1330,-2.0967,-25.0955,0.6223
48.340,raw,1342,-1.2667,-25.4647,0.6152
48.340,raw,1354,-0.4288,-25.8541,0.6060
48.340,raw,1366,0.4184,-26.2798,0.5937
48.340,raw,1378,1.2849,-26.7100,0.5800
48.340,raw,1390,2.1688,-27.1891,0.5627
48.340,raw,1402,3.0803,-27.6634,0.5443
48.340,raw,1414,4.0217,-28.1016,0.5261
48.340,raw,1426,4.9923,-28.5837,0.5045
48.340,raw,1438,9.4692,-0.5307,1.5810
48.340,raw,1450,9.3567,-0.3588,1.5866
48.340,raw,1462,9.2609,-0.1956,1.5912
48.340,raw,1474,9.1723,-0.0390,1.5952
48.340,raw,1486,9.0645,0.1106,1.5999
48.340,raw,1498,8.9584,0.2535,1.6043
48.340,raw,1510,9.0810,0.4179,1.5979
48.340,raw,1522,9.3985,0.6230,1.5823
48.340,raw,1534,9.7637,0.8615,1.5641
48.340,raw,1546,-17.5517,17.6454,0.5049
48.340,raw,1558,-17.1144,15.9995,0.5663
48.340,raw,1570,-16.4646,14.4181,0.6322
48.340,raw,1582,-15.0028,2.3589,1.3623
48.340,raw,1594,-14.6709,1.6418,1.3713
48.340,raw,1606,-14.4040,0.9558,1.3783
48.340,raw,1618,-14.0838,0.2896,1.3859
48.340,raw,1630,-13.8057,-0.3540,1.3921
48.340,raw,1642,-8.3327,-0.7342,1.5126
48.340,raw,1654,-13.2625,-1.5878,1.4028
48.340,raw,1666,-13.0175,-2.1840,1.4069
48.340,raw,1678,-12.7420,-2.7635,1.4113
48.340,raw,1690,-12.4888,-3.3342,1.4147
48.340,raw,1702,-12.0464,-3.8524,1.4219
48.340,raw,1714,-11.8617,-4.4149,1.4230
48.340,raw,1726,-11.6683,-4.9720,1.4238
48.340,raw,1738,-11.4798,-5.5289,1.4241
48.340,raw,1750,-11.3025,-6.0898,1.4236
48.340,raw,1762,-10.9685,-6.5882,1.4265
48.340,raw,1774,-10.7747,-7.1412,1.4255
48.340,raw,1786,-10.5244,-7.6704,1.4255
48.340,raw,1798,-10.1549,-8.1359,1.4280
48.340,raw,1809,-9.9608,-8.6395,1.4263
48.340,raw,1821,-9.6973,-9.1636,1.4253
48.340,raw,1833,-9.3550,-9.6390,1.4259
48.340,raw,1845,-9.1148,-10.1875,1.4232
48.340,raw,1857,-8.8028,-10.6910,1.4220
48.340,raw,1869,-4.5871,-7.9154,1.5329
48.340,raw,1881,-4.3387,-8.2534,1.5321
48.340,raw,1893,-7.8588,-12.2391,1.4153
48.340,raw,1905,-7.5790,-12.8149,1.4107
48.340,raw,1917,-7.2260,-13.3321,1.4076
48.340,raw,1929,-6.8755,-13.8681,1.4038
48.340,raw,1941,-6.5058,-14.4003,1.3998
48.340,raw,1953,-6.2138,-15.0614,1.3920
48.340,raw,1965,-8.2301,-19.1755,1.2922
48.340,raw,1977,-7.9019,-20.1450,1.2782
48.340,raw,1989,-7.5571,-21.1747,1.2627
48.340,raw,2001,-7.1648,-22.2205,1.2467
48.340,raw,2013,-6.8667,-23.5727,1.2232
48.340,raw,2025,-6.4343,-24.8082,1.2026
48.340,raw,2037,-5.9541,-26.0998,1.1806
48.340,raw,2049,-5.0920,-26.5594,1.1780
48.340,raw,2061,-4.2270,-27.0391,1.1743
48.340,raw,2073,-3.3468,-27.5122,1.1702
48.340,raw,2085,-2.4791,-28.0915,1.1629
48.340,raw,2097,-1.5878,-28.6750,1.1549
48.340,raw,2109,-0.6712,-29.2648,1.1461
48.340,raw,2121,0.2822,-29.8024,1.1379
48.340,raw,2133,1.2848,-30.1445,1.1332
48.340,raw,2145,2.2986,-30.5444,1.1266
48.340,raw,2157,3.3273,-31.1101,1.1155
48.340,raw,2169,4.3919,-31.6819,1.1035
48.340,raw,2181,5.4966,-32.3061,1.0895
48.340,raw,2193,6.6692,-33.3120,1.0662
48.340,raw,2205,7.9416,-34.5841,1.0361
48.340,raw,2217,9.4777,-0.5314,1.6936
48.340,raw,2229,9.3482,-0.3584,1.6967
48.340,raw,2241,9.2542,-0.1955,1.6989
48.340,raw,2253,9.1393,-0.0396,1.7015
48.340,raw,2265,9.0815,0.1115,1.7026
48.340,raw,2277,8.9802,0.2554,1.7046
48.340,raw,2289,9.0916,0.4192,1.7018
48.340,raw,2301,9.3859,0.6210,1.6947
48.340,raw,2313,9.7572,0.8602,1.6858
48.340,raw,2325,-23.0427,20.8831,1.0325
48.340,raw,2337,-21.8180,18.5525,1.0847
48.340,raw,2349,-20.7565,16.5219,1.1293
48.340,raw,2361,-20.1269,14.9146,1.1600
48.340,raw,2373,-19.4265,13.3759,1.1904
48.340,raw,2385,-11.3859,8.1587,1.4012
48.340,raw,2397,-18.7930,10.9705,1.2272
48.340,raw,2409,-18.2878,9.7779,1.2482
48.340,raw,2421,-17.8009,8.6618,1.2675
48.340,raw,2433,-17.3075,7.6062,1.2858
48.340,raw,2445,-16.9075,6.6389,1.3009
48.340,raw,2457,-16.5076,5.7196,1.3151
48.340,raw,2469,-16.0999,4.8431,1.3286
48.340,raw,2481,-15.7305,4.0166,1.3405
48.340,raw,2493,-15.4067,3.2345,1.3507
48.340,raw,2505,-17.1817,0.1690,1.8296
48.340,raw,2517,-16.5272,-1.8546,1.8288
48.340,raw,2529,-29.9002,-5.8758,1.8475
48.340,raw,2541,-29.0811,-6.9435,1.8467
48.340,raw,2553,-15.3514,-4.8930,1.8279
48.340,raw,2565,-27.4707,-8.9625,1.8452
48.340,raw,2577,-16.5657,-6.7592,1.8301
48.340,raw,2589,-15.5782,-7.2260,1.8291
48.340,raw,2601,-15.3375,-7.9266,1.8291
48.340,raw,2613,-24.4721,-12.6638,1.8430
48.340,raw,2625,-23.7735,-13.5442,1.8426
48.340,raw,2637,-23.0721,-14.4032,1.8423
48.340,raw,2649,-22.3656,-15.2411,1.8420
48.340,raw,2661,-21.6728,-16.0706,1.8417
48.340,raw,2673,-20.9859,-16.8905,1.8415
48.340,raw,2685,-20.3175,-17.7127,1.8414
48.340,raw,2697,-19.6482,-18.5280,1.8413
48.340,raw,2708,-19.0520,-19.2859,1.8413
48.340,raw,2720,-18.4292,-20.1380,1.8414
48.340,raw,2732,-17.7666,-20.9613,1.8415
48.340,raw,2744,-17.1273,-21.8151,1.8417
48.340,raw,2756,-16.4790,-22.6742,1.8419
48.340,raw,2768,-15.8201,-23.5405,1.8422
48.340,raw,2780,-15.1344,-24.3978,1.8424
48.340,raw,2792,-14.4584,-25.2940,1.8428
48.340,raw,2804,-13.7642,-26.2008,1.8433
48.340,raw,2816,-13.0683,-27.1478,1.8438
48.340,raw,2828,-12.3336,-28.0853,1.8443
48.340,raw,2840,-11.5864,-29.0596,1.8450
48.340,raw,2852,-10.8193,-30.0680,1.8457
48.340,raw,2864,-10.0116,-31.0780,1.8464
48.340,raw,2876,-9.1852,-32.1434,1.8473
48.340,raw,2888,-0.8040,-33.7933,1.8462
48.340,raw,2900,0.2967,-34.4619,1.8469
48.340,raw,2912,9.5328,-0.6206,1.8066
48.340,raw,2924,9.4221,-0.4443,1.8064
48.340,raw,2936,9.3141,-0.2765,1.8063
48.340,raw,2948,9.1988,-0.1166,1.8061
48.340,raw,2960,9.0923,0.0358,1.8060
48.340,raw,2972,9.0028,0.1823,1.8059
48.340,raw,2984,8.9242,0.3245,1.8058
48.340,raw,2996,9.2224,0.5150,1.8062
48.340,raw,3008,9.5456,0.7325,1.8067
48.340,raw,3020,-17.0373,0.7292,2.3384
48.340,raw,3032,-17.9152,-1.3158,2.3605
48.340,raw,3044,-17.8408,-3.6695,2.3648
48.340,raw,3056,-16.6140,-4.8074,2.3401
48.340,raw,3068,-14.9883,-5.3475,2.3041
48.340,raw,3080,-14.7722,-6.1374,2.3044
48.340,raw,3092,-14.5614,-6.8693,2.3051
48.340,raw,3104,-14.3367,-7.5363,2.3056
48.340,raw,3116,-26.3106,-13.7729,2.6390
48.340,raw,3128,-11.6591,-8.8278,2.2586
48.340,raw,3140,9.5371,-0.6494,1.9212
48.340,raw,3152,9.4422,-0.4732,1.9185
48.340,raw,3164,9.3168,-0.3033,1.9151
48.340,raw,3176,9.2410,-0.1428,1.9132
48.340,raw,3188,9.1199,0.0112,1.9102
48.340,raw,3200,9.0257,0.1588,1.9080
48.340,raw,3212,8.9264,0.3000,1.9059
48.340,raw,3224,9.1624,0.4804,1.9122
48.340,raw,3236,9.5047,0.6967,1.9214
48.340,raw,3248,9.8929,0.9488,1.9320
48.340,raw,3260,-26.2905,-13.8704,3.4341
48.340,raw,3272,-11.6612,-8.7087,2.6901
48.340,raw,3284,9.5391,-0.6354,2.0359
48.340,raw,3296,9.4237,-0.4581,2.0296
48.340,raw,3308,9.3178,-0.2900,2.0241
48.340,raw,3320,9.2170,-0.1296,2.0191
48.340,raw,3332,9.1254,0.0241,2.0148
48.340,raw,3344,9.0104,0.1703,2.0096
48.340,raw,3356,8.9236,0.3121,2.0060
48.340,raw,3368,9.1824,0.4962,2.0195
48.340,raw,3380,9.5436,0.7177,2.0383
48.340,raw,3392,9.9050,0.9670,2.0577
48.340,raw,3404,-17.7392,-5.9409,3.4612
48.340,raw,3416,9.0632,0.0979,2.1152
48.340,raw,3428,8.9668,0.2418,2.1090
48.340,raw,3440,9.0338,0.3995,2.1149
48.340,raw,3452,-16.7814,0.1020,3.8453
48.340,raw,3464,-16.5582,-0.6328,3.8245
48.340,raw,3476,-16.3261,-1.3529,3.8052
48.340,raw,3488,-16.2036,-2.0701,3.7987
48.340,raw,3500,-15.6766,-2.7315,3.7557
48.340,raw,3512,-15.4768,-3.4158,3.7463
48.340,raw,3524,-15.2396,-4.0866,3.7355
48.340,raw,3536,-15.0100,-4.7519,3.7275
48.340,raw,3548,-14.8430,-5.4895,3.7295
48.340,raw,3560,-14.6247,-6.1526,3.7273
48.340,raw,3572,-14.4350,-6.8250,3.7303
48.340,raw,3584,-14.2077,-7.4860,3.7319
50.063,raw,0,9.5408,-0.5204,0.9258
50.063,raw,11,9.4398,-0.3674,0.9469
50.063,raw,23,9.3232,-0.2084,0.9700
50.063,raw,34,9.2320,-0.0697,0.9874
50.063,raw,46,9.1450,0.0756,1.0030
50.063,raw,57,9.0623,0.2037,1.0172
50.063,raw,69,8.9766,0.3386,1.0309
50.063,raw,80,8.8858,0.4563,1.0451
50.063,raw,92,9.1554,0.6445,0.9894
50.063,raw,103,9.4567,0.8468,0.9265
50.063,raw,115,9.8503,1.1085,0.8434
50.063,raw,126,9.4680,-0.3953,1.0515
50.063,raw,138,9.3522,-0.2346,1.0717
50.063,raw,149,9.2497,-0.0945,1.0888
50.063,raw,161,9.1519,0.0515,1.1043
50.063,raw,172,9.0560,0.1793,1.1189
50.063,raw,184,8.9606,0.3133,1.1326
50.063,raw,195,8.8957,0.4343,1.1409
50.063,raw,207,9.0895,0.6081,1.1051
50.063,raw,218,9.3932,0.8066,1.0501
50.063,raw,230,9.7892,1.0638,0.9776
50.063,raw,241,9.4729,-0.4220,1.1599
50.063,raw,253,9.3639,-0.2605,1.1763
50.063,raw,264,9.2451,-0.1194,1.1933
50.063,raw,276,9.1620,0.0274,1.2047
50.063,raw,287,9.0672,0.1561,1.2171
50.063,raw,299,9.0023,0.2939,1.2246
50.063,raw,310,8.9159,0.4137,1.2347
50.063,raw,322,9.0674,0.5797,1.2103
50.063,raw,333,9.3465,0.7706,1.1671
50.063,raw,345,9.7020,1.0138,1.1112
50.063,raw,356,9.4876,-0.4494,1.2667
50.063,raw,368,9.3747,-0.2866,1.2809
50.063,raw,379,9.2816,-0.1446,1.2922
50.063,raw,391,9.1769,0.0034,1.3042
50.063,raw,402,9.0944,0.1337,1.3132
50.063,raw,414,9.0042,0.2704,1.3224
50.063,raw,425,8.9220,0.3910,1.3304
50.063,raw,437,9.0070,0.5456,1.3181
50.063,raw,448,9.2962,0.7345,1.2812
50.063,raw,460,9.6297,0.9683,1.2377
50.063,raw,471,-5.5250,-8.0803,0.5838
50.063,raw,483,-5.3140,-8.4931,0.5754
50.063,raw,494,-4.2088,-8.0823,0.6781
50.063,raw,506,-4.8612,-9.2663,0.5597
50.063,raw,517,-4.6584,-9.6622,0.5477
50.063,raw,529,-4.3632,-10.0295,0.5423
50.063,raw,540,-4.1170,-10.4000,0.5322
50.063,raw,552,-3.8267,-10.7910,0.5219
50.063,raw,563,-3.6002,-11.2128,0.5043
50.063,raw,575,9.4690,-0.4217,1.3772
50.063,raw,586,9.3715,-0.2736,1.3870
50.063,raw,598,9.2553,-0.1194,1.3980
50.063,raw,609,9.1830,0.0158,1.4046
50.063,raw,621,9.0740,0.1565,1.4141
50.063,raw,632,9.0139,0.2832,1.4187
50.063,raw,644,8.8920,0.4105,1.4286
50.063,raw,655,9.0264,0.5608,1.4143
50.063,raw,667,9.3466,0.7706,1.3816
50.063,raw,678,9.6642,0.9906,1.3486
50.063,raw,690,-6.9560,-8.1373,0.8110
50.063,raw,701,-6.7640,-8.5576,0.8052
50.063,raw,713,-6.5102,-8.9899,0.8013
50.063,raw,724,-4.5745,-7.9784,0.9492
50.063,raw,736,-4.1230,-8.1458,0.9653
50.063,raw,747,-5.7870,-10.2500,0.7824
50.063,raw,759,-5.5135,-10.6969,0.7743
50.063,raw,770,-5.2597,-11.1146,0.7655
50.063,raw,782,-4.8999,-11.4889,0.7628
50.063,raw,793,-4.6397,-11.9227,0.7513
50.063,raw,805,-4.3484,-12.4071,0.7373
50.063,raw,816,-4.1036,-12.9047,0.7195
50.063,raw,828,-3.8990,-13.5782,0.6890
50.063,raw,839,-3.7134,-14.2512,0.6566
50.063,raw,851,-3.4110,-14.8783,0.6298
50.063,raw,862,-3.1358,-15.5090,0.6006
50.063,raw,874,-2.8689,-16.3387,0.5577
50.063,raw,885,-2.5524,-17.0311,0.5234
50.063,raw,897,9.4859,-0.4493,1.4836
50.063,raw,908,9.3815,-0.2997,1.4914
50.063,raw,920,9.2551,-0.1444,1.5004
50.063,raw,931,9.1951,-0.0085,1.5045
50.063,raw,943,9.0968,0.1338,1.5108
50.063,raw,954,9.0160,0.2596,1.5158
50.063,raw,966,8.9153,0.3902,1.5217
50.063,raw,977,8.9762,0.5287,1.5162
50.063,raw,989,9.2754,0.7305,1.4935
50.063,raw,1000,9.6141,0.9506,1.4675
50.063,raw,1012,-10.2432,-4.4900,1.0819
50.063,raw,1023,-9.9921,-4.9329,1.0869
50.063,raw,1035,-9.8779,-5.4662,1.0839
50.063,raw,1046,-9.6430,-5.9080,1.0868
50.063,raw,1058,-9.4014,-6.3922,1.0884
50.063,raw,1069,-9.2919,-6.8876,1.0835
50.063,raw,1081,-9.0424,-7.3697,1.0839
50.063,raw,1092,-8.8081,-7.8085,1.0838
50.063,raw,1104,-8.5783,-8.3039,1.0814
50.063,raw,1115,-8.3942,-8.7796,1.0770
50.063,raw,1127,-8.1234,-9.2588,1.0750
50.063,raw,1138,-7.8747,-9.7017,1.0723
50.063,raw,1150,-7.5920,-10.1820,1.0690
50.063,raw,1161,-4.2381,-7.9697,1.2508
50.063,raw,1173,-7.0040,-11.0828,1.0625
50.063,raw,1184,-6.7613,-11.5622,1.0555
50.063,raw,1196,-6.4820,-12.0870,1.0474
50.063,raw,1207,-6.1417,-12.4908,1.0444
50.063,raw,1219,-5.8478,-13.0326,1.0345
50.063,raw,1230,-5.4984,-13.4492,1.0297
50.063,raw,1242,-5.2135,-14.0501,1.0156
50.063,raw,1253,-4.9706,-14.6621,0.9992
50.063,raw,1265,-4.7035,-15.3765,0.9786
50.063,raw,1276,-4.5365,-16.2195,0.9498
50.063,raw,1288,-4.4797,-17.4681,0.9015
50.063,raw,1299,-4.3995,-18.7014,0.8534
50.063,raw,1311,-5.0937,-21.9367,0.7070
50.063,raw,1322,-4.8338,-23.2767,0.6559
50.063,raw,1334,-4.3474,-24.4356,0.6151
50.063,raw,1345,-3.6745,-25.0082,0.6011
50.063,raw,1357,-2.8675,-25.4750,0.5922
50.063,raw,1368,-2.1226,-25.9321,0.5817
50.063,raw,1380,-1.2912,-26.4281,0.5691
50.063,raw,1391,-0.4997,-26.8266,0.5591
50.063,raw,1403,0.4029,-27.1297,0.5530
50.063,raw,1414,1.2192,-27.5570,0.5393
50.063,raw,1426,2.1358,-27.9915,0.5245
50.063,raw,1437,2.9921,-28.4572,0.5066
50.063,raw,1449,9.4956,-0.4500,1.5909
50.063,raw,1460,9.3664,-0.2991,1.5971
50.063,raw,1472,9.2760,-0.1446,1.6014
50.063,raw,1483,9.1837,-0.0087,1.6056
50.063,raw,1495,9.0873,0.1333,1.6097
50.063,raw,1506,8.9991,0.2581,1.6133
50.063,raw,1518,8.9075,0.3892,1.6168
50.063,raw,1529,8.9838,0.5299,1.6125
50.063,raw,1541,9.2741,0.7303,1.5979
50.063,raw,1552,9.6091,0.9495,1.5810
50.063,raw,1564,25.0216,12.2695,0.7253
50.063,raw,1575,-16.9545,16.3111,0.5554
50.063,raw,1587,-15.7099,3.3674,1.3385
50.063,raw,1598,-15.4430,2.6639,1.3466
50.063,raw,1610,-15.1176,1.9189,1.3557
50.063,raw,1621,-14.8597,1.2630,1.3626
50.063,raw,1633,-14.6111,0.5704,1.3689
50.063,raw,1644,-14.3748,-0.0479,1.3743
50.063,raw,1656,-14.0880,-0.7044,1.3805
50.063,raw,1667,-8.3321,-0.9430,1.5071
50.063,raw,1679,-13.6184,-1.9203,1.3891
50.063,raw,1690,-13.4158,-2.4876,1.3921
50.063,raw,1702,-13.1731,-3.0936,1.3954
50.063,raw,1713,-12.6971,-3.5902,1.4038
50.063,raw,1725,-12.4663,-4.1720,1.4061
50.063,raw,1736,-12.2670,-4.7028,1.4075
50.063,raw,1748,-12.0531,-5.2787,1.4086
50.063,raw,1759,-11.8592,-5.8051,1.4091
50.063,raw,1771,-11.5172,-6.3288,1.4123
50.063,raw,1782,-11.3480,-6.8600,1.4114
50.063,raw,1794,-11.1382,-7.4317,1.4106
50.063,raw,1805,-10.7766,-7.8751,1.4136
50.063,raw,1817,-10.5520,-8.4399,1.4123
50.063,raw,1828,-10.3812,-8.9829,1.4097
50.063,raw,1840,-10.0187,-9.4754,1.4110
50.063,raw,1851,-9.9124,-10.0755,1.4057
50.063,raw,1863,-9.6880,-10.6737,1.4022
50.063,raw,1874,-9.3573,-11.1382,1.4019
50.063,raw,1886,-9.2214,-11.8337,1.3947
50.063,raw,1897,-8.8976,-12.3225,1.3931
50.063,raw,1909,-8.5290,-12.8492,1.3912
50.063,raw,1920,-8.4292,-13.5807,1.3815
50.063,raw,1932,-8.0580,-14.1425,1.3782
50.063,raw,1943,-7.7005,-14.6524,1.3751
50.063,raw,1955,-9.3806,-17.7866,1.2983
50.063,raw,1966,-9.1409,-18.6606,1.2863
50.063,raw,1978,-8.8065,-19.5796,1.2743
50.063,raw,1989,-8.4811,-20.4548,1.2624
50.063,raw,2001,-8.1274,-21.4884,1.2473
50.063,raw,2012,-7.8895,-22.6735,1.2274
50.063,raw,2024,-7.4997,-23.8593,1.2085
50.063,raw,2035,-7.0838,-24.9461,1.1912
50.063,raw,2047,-6.6160,-26.2427,1.1696
50.063,raw,2058,-6.0946,-27.3630,1.1513
50.063,raw,2070,-5.1976,-27.8621,1.1481
50.063,raw,2081,-4.3551,-28.2896,1.1453
50.063,raw,2093,-3.4364,-28.7939,1.1406
50.063,raw,2104,-2.5812,-29.2609,1.1357
50.063,raw,2116,-1.6283,-29.7598,1.1299
50.063,raw,2127,-0.7552,-30.3119,1.1218
50.063,raw,2139,0.2165,-30.9709,1.1110
50.063,raw,2150,1.1409,-31.5507,1.1011
50.063,raw,2162,2.2042,-31.9365,1.0950
50.063,raw,2173,3.1981,-32.2614,1.0894
50.063,raw,2185,4.3004,-32.7031,1.0805
50.063,raw,2196,5.3387,-33.2965,1.0675
50.063,raw,2208,6.5244,-34.1367,1.0482
50.063,raw,2219,9.5127,-0.4779,1.6982
50.063,raw,2231,9.3839,-0.3127,1.7012
50.063,raw,2242,9.3078,-0.1701,1.7030
50.063,raw,2254,9.1753,-0.0212,1.7059
50.063,raw,2265,9.1072,0.1102,1.7073
50.063,raw,2277,8.9911,0.2456,1.7097
50.063,raw,2288,8.9425,0.3701,1.7105
50.063,raw,2300,8.9681,0.5155,1.7095
50.063,raw,2311,9.2355,0.6971,1.7030
50.063,raw,2323,9.5771,0.9282,1.6946
50.063,raw,2334,25.9388,12.8340,1.2552
50.063,raw,2346,-22.1617,19.6183,1.0608
50.063,raw,2357,-21.2692,17.7290,1.1009
50.063,raw,2369,-20.3313,15.8441,1.1410
50.063,raw,2380,-19.5473,14.2875,1.1737
50.063,raw,2392,-19.4353,13.1129,1.1886
50.063,raw,2403,-18.9476,11.8875,1.2106
50.063,raw,2415,-11.5952,7.4905,1.3990
50.063,raw,2426,-18.1030,9.6156,1.2486
50.063,raw,2438,-17.7153,8.5449,1.2654
50.063,raw,2449,-17.3475,7.6069,1.2801
50.063,raw,2461,-16.9774,6.6426,1.2945
50.063,raw,2472,-16.6563,5.8038,1.3064
50.063,raw,2484,-16.2947,4.9253,1.3190
50.063,raw,2495,-16.0137,4.1647,1.3287
50.063,raw,2507,-18.7411,-0.9870,1.8321
50.063,raw,2518,-17.2072,-3.6946,1.8304
50.063,raw,2530,-16.2396,-6.7549,1.8300
50.063,raw,2541,-28.3840,-11.8483,1.8478
50.063,raw,2553,-27.7204,-12.8960,1.8475
50.063,raw,2564,-27.1329,-13.8497,1.8472
50.063,raw,2576,-25.9450,-14.6199,1.8462
50.063,raw,2587,-25.8893,-15.8014,1.8468
50.063,raw,2599,-25.2543,-16.8126,1.8467
50.063,raw,2610,-24.6696,-17.7332,1.8467
50.063,raw,2622,-24.0226,-18.7290,1.8466
50.063,raw,2633,-23.4372,-19.6467,1.8466
50.063,raw,2645,-22.8207,-20.6679,1.8468
50.063,raw,2656,-22.2496,-21.6078,1.8469
50.063,raw,2668,-21.6143,-22.6356,1.8472
50.063,raw,2679,-21.0233,-23.5847,1.8474
50.063,raw,2691,-20.3843,-24.6457,1.8477
50.063,raw,2702,9.5339,-0.5331,1.8063
50.063,raw,2714,9.4258,-0.3666,1.8061
50.063,raw,2725,9.3169,-0.2209,1.8060
50.063,raw,2737,9.2349,-0.0697,1.8059
50.063,raw,2748,9.1217,0.0625,1.8057
50.063,raw,2760,9.0494,0.2027,1.8056
50.063,raw,2771,8.9655,0.3256,1.8055
50.063,raw,2783,8.8699,0.4540,1.8054
50.063,raw,2794,9.1255,0.6267,1.8058
50.063,raw,2806,9.4486,0.8451,1.8063
50.063,raw,2817,9.7989,1.0810,1.8068
50.063,raw,2829,-17.6994,-6.1561,2.3800
50.063,raw,2840,-15.8522,-7.5636,2.3467
50.063,raw,2852,-26.0377,-14.4467,2.6453
50.063,raw,2863,-19.7513,-24.3084,2.6563
50.063,raw,2875,9.5025,-0.4771,1.9141
50.063,raw,2886,9.3875,-0.3257,1.9110
50.063,raw,2898,9.2822,-0.1697,1.9083
50.063,raw,2909,9.2047,-0.0329,1.9063
50.063,raw,2921,9.1003,0.1099,1.9039
50.063,raw,2932,9.0333,0.2373,1.9024
50.063,raw,2944,8.9205,0.3675,1.9000
50.063,raw,2955,8.9470,0.5004,1.9011
50.063,raw,2967,9.2224,0.6947,1.9086
50.063,raw,2978,9.5481,0.9078,1.9176
50.063,raw,2990,-17.7216,-6.1621,2.9301
50.063,raw,3001,-25.8112,-14.9907,3.4466
50.063,raw,3013,-19.4433,-24.9877,3.4793
50.063,raw,3024,9.4251,-0.3926,2.0180
50.063,raw,3036,9.3360,-0.2341,2.0134
50.063,raw,3047,9.2371,-0.0945,2.0085
50.063,raw,3059,9.1308,0.0507,2.0035
50.063,raw,3070,9.0461,0.1786,1.9998
50.063,raw,3082,8.9523,0.3125,1.9958
50.063,raw,3093,8.8821,0.4325,1.9932
50.063,raw,3105,9.1032,0.6104,2.0050
50.063,raw,3116,9.3826,0.8045,2.0200
50.063,raw,3128,9.7754,1.0605,2.0411
50.063,raw,3139,-19.8629,-0.5298,3.5776
50.063,raw,3151,-19.5773,-1.3708,3.5592
50.063,raw,3162,-19.3275,-2.1279,3.5450
50.063,raw,3174,-19.0659,-2.9417,3.5322
50.063,raw,3185,-11.3416,-8.6854,3.1185
50.063,raw,3197,9.4463,-0.3940,2.1258
50.063,raw,3208,9.3452,-0.2471,2.1180
50.063,raw,3220,9.2217,-0.0946,2.1090
50.063,raw,3231,9.1475,0.0392,2.1039
50.063,raw,3243,9.0618,0.1797,2.0983
50.063,raw,3254,8.9859,0.3041,2.0936
50.063,raw,3266,8.9034,0.4354,2.0888
50.063,raw,3277,9.0854,0.5950,2.1035
50.063,raw,3289,9.3785,0.8036,2.1269
50.063,raw,3300,-17.1377,0.4043,3.9025
50.063,raw,3312,-16.7775,-0.3524,3.8677
50.063,raw,3323,-16.5320,-1.0282,3.8461
50.063,raw,3335,-16.2916,-1.7520,3.8274
50.063,raw,3346,-16.6874,-2.4718,3.8713
50.063,raw,3358,-15.6489,-3.0788,3.7804
50.063,raw,3369,-15.4186,-3.7051,3.7682
50.063,raw,3381,-15.1985,-4.3862,3.7600
50.063,raw,3392,-14.9953,-5.0057,3.7543
50.063,raw,3404,-14.7887,-5.8046,3.7550
50.063,raw,3415,-14.5960,-6.4237,3.7547
50.063,raw,3427,-14.3621,-7.0911,3.7543
50.063,raw,3438,-14.1678,-7.7114,3.7580
51.159,raw,0,9.5566,-0.6540,0.9580
51.159,raw,11,9.4677,-0.5041,0.9776
51.159,raw,23,9.3613,-0.3473,0.9996
51.159,raw,35,9.2688,-0.1988,1.0181
51.159,raw,47,9.1733,-0.0568,1.0361
51.159,raw,58,9.0992,0.0682,1.0494
51.159,raw,70,9.0173,0.1996,1.0632
51.159,raw,82,8.9381,0.3264,1.0757
51.159,raw,94,9.1180,0.4877,1.0381
51.159,raw,105,9.3970,0.6689,0.9807
51.159,raw,117,9.7700,0.9043,0.9032
51.159,raw,129,9.5002,-0.5579,1.0769
51.159,raw,141,9.3938,-0.3985,1.0965
51.159,raw,152,9.3052,-0.2598,1.1122
51.159,raw,164,9.2047,-0.1152,1.1291
51.159,raw,176,9.1464,0.0240,1.1382
51.159,raw,188,9.0602,0.1575,1.1512
51.159,raw,199,8.9687,0.2739,1.1646
51.159,raw,211,8.9941,0.4122,1.1578
51.159,raw,223,9.3064,0.6026,1.1024
51.159,raw,235,9.6339,0.8202,1.0430
51.159,raw,247,9.5116,-0.6101,1.1802
51.159,raw,258,9.4335,-0.4635,1.1931
51.159,raw,270,9.3419,-0.3097,1.2072
51.159,raw,282,9.2358,-0.1625,1.2227
51.159,raw,294,9.1606,-0.0221,1.2331
51.159,raw,305,9.0572,0.1004,1.2469
51.159,raw,317,9.0023,0.2322,1.2533
51.159,raw,329,8.8961,0.3546,1.2662
51.159,raw,341,9.2060,0.5371,1.2197
51.159,raw,352,9.5000,0.7269,1.1745
51.159,raw,364,9.8779,0.9711,1.1157
51.159,raw,376,9.4447,-0.5146,1.2944
51.159,raw,388,9.3656,-0.3598,1.3049
51.159,raw,399,9.2866,-0.2231,1.3148
51.159,raw,411,9.1790,-0.0801,1.3274
51.159,raw,423,9.0879,0.0563,1.3376
51.159,raw,435,9.0058,0.1874,1.3462
51.159,raw,447,8.9631,0.3181,1.3497
51.159,raw,458,9.0470,0.4539,1.3380
51.159,raw,470,9.3683,0.6511,1.2975
51.159,raw,482,9.7275,0.8811,1.2513
51.159,raw,494,-5.5603,-7.9374,0.5747
51.159,raw,505,-4.5666,-7.6910,0.6619
51.159,raw,517,-4.3627,-8.0733,0.6542
51.159,raw,529,-4.9466,-9.1733,0.5466
51.159,raw,541,-4.6651,-9.5504,0.5419
51.159,raw,552,-4.4295,-9.9243,0.5329
51.159,raw,564,-4.1514,-10.3200,0.5238
51.159,raw,576,-3.8737,-10.7277,0.5124
51.159,raw,588,9.4713,-0.5296,1.3948
51.159,raw,599,9.3716,-0.3847,1.4051
51.159,raw,611,9.2883,-0.2352,1.4134
51.159,raw,623,9.2001,-0.0917,1.4217
51.159,raw,635,9.0955,0.0451,1.4311
51.159,raw,646,9.0244,0.1663,1.4371
51.159,raw,658,8.9547,0.2948,1.4424
51.159,raw,670,9.0473,0.4425,1.4322
51.159,raw,682,9.3271,0.6311,1.4039
51.159,raw,694,9.7071,0.8629,1.3652
51.159,raw,705,-7.1529,-7.8644,0.7986
51.159,raw,717,-6.8855,-8.2877,0.7980
51.159,raw,729,-6.6542,-8.7390,0.7931
51.159,raw,741,-4.5042,-7.6869,0.9552
51.159,raw,752,-4.3486,-8.0615,0.9472
51.159,raw,764,-5.9193,-10.0490,0.7754
51.159,raw,776,-5.6599,-10.5101,0.7668
51.159,raw,788,-5.3680,-10.9510,0.7596
51.159,raw,799,-5.0565,-11.3169,0.7558
51.159,raw,811,-4.7693,-11.7851,0.7446
51.159,raw,823,-4.5397,-12.3455,0.7247
51.159,raw,835,-4.3448,-12.9877,0.6976
51.159,raw,846,-4.1102,-13.5379,0.6760
51.159,raw,858,-3.9151,-14.2765,0.6409
51.159,raw,870,-3.6326,-14.9373,0.6123
51.159,raw,882,-3.4070,-15.7641,0.5703
51.159,raw,894,-3.0920,-16.5074,0.5349
51.159,raw,905,9.5556,-0.6539,1.4913
51.159,raw,917,9.4591,-0.4907,1.4990
51.159,raw,929,9.3346,-0.3337,1.5084
51.159,raw,941,9.2687,-0.1868,1.5133
51.159,raw,952,9.1717,-0.0568,1.5200
51.159,raw,964,9.0799,0.0788,1.5260
51.159,raw,976,9.0218,0.2113,1.5294
51.159,raw,988,8.9186,0.3352,1.5356
51.159,raw,999,9.1303,0.4896,1.5197
51.159,raw,1011,9.4223,0.6864,1.4976
51.159,raw,1023,9.8135,0.9280,1.4678
51.159,raw,1035,-10.1287,-4.2903,1.0807
51.159,raw,1046,-10.0310,-4.7830,1.0787
51.159,raw,1058,-9.7808,-5.2747,1.0825
51.159,raw,1070,-9.6737,-5.8160,1.0786
51.159,raw,1082,-9.4429,-6.3118,1.0799
51.159,raw,1093,-9.3372,-6.8140,1.0750
51.159,raw,1105,-9.1083,-7.3139,1.0745
51.159,raw,1117,-8.8678,-7.8090,1.0736
51.159,raw,1129,-8.6040,-8.2925,1.0731
51.159,raw,1141,-8.3180,-8.7634,1.0729
51.159,raw,1152,-8.0946,-9.2228,1.0697
51.159,raw,1164,-7.8015,-9.6942,1.0681
51.159,raw,1176,-4.4289,-7.7168,1.2447
51.159,raw,1188,-7.2684,-10.6967,1.0586
51.159,raw,1199,-7.0392,-11.1844,1.0518
51.159,raw,1211,-6.6932,-11.6389,1.0491
51.159,raw,1223,-6.4153,-12.1715,1.0407
51.159,raw,1235,-6.1520,-12.7405,1.0298
51.159,raw,1246,-5.8141,-13.1701,1.0251
51.159,raw,1258,-5.4600,-13.6708,1.0175
51.159,raw,1270,-5.3053,-14.4669,0.9928
51.159,raw,1282,-5.0603,-15.1974,0.9719
51.159,raw,1293,-4.9146,-16.0454,0.9432
51.159,raw,1305,-4.8835,-17.2817,0.8958
51.159,raw,1317,-5.9930,-20.7951,0.7316
51.159,raw,1329,-5.5996,-21.8273,0.6980
51.159,raw,1341,-5.3211,-23.2399,0.6453
51.159,raw,1352,-4.8880,-24.2910,0.6092
51.159,raw,1364,-4.1274,-24.8327,0.5989
51.159,raw,1376,-3.3303,-25.3183,0.5902
51.159,raw,1388,-2.5208,-25.8117,0.5799
51.159,raw,1399,-1.7745,-26.3059,0.5674
51.159,raw,1411,-0.8935,-26.6439,0.5620
51.159,raw,1423,-0.0181,-27.0609,0.5515
51.159,raw,1435,0.8671,-27.5253,0.5375
51.159,raw,1446,1.6967,-27.9640,0.5229
51.159,raw,1458,2.6243,-28.4608,0.5049
51.159,raw,1470,9.4856,-0.5437,1.6001
51.159,raw,1482,9.3658,-0.3843,1.6061
51.159,raw,1493,9.2855,-0.2471,1.6101
51.159,raw,1505,9.1921,-0.1034,1.6144
51.159,raw,1517,9.1112,0.0343,1.6180
51.159,raw,1529,9.0314,0.1668,1.6213
51.159,raw,1540,8.9388,0.2820,1.6250
51.159,raw,1552,9.0058,0.4252,1.6212
51.159,raw,1564,9.3113,0.6159,1.6061
51.159,raw,1576,9.6797,0.8434,1.5877
51.159,raw,1588,26.2690,12.2483,0.6848
51.159,raw,1599,-16.3804,16.6030,0.5606
51.159,raw,1611,-15.6145,3.7412,1.3347
51.159,raw,1623,-15.3311,2.9632,1.3437
51.159,raw,1635,-15.0382,2.2116,1.3523
51.159,raw,1646,-14.8142,1.5494,1.3587
51.159,raw,1658,-14.5356,0.8453,1.3658
51.159,raw,1670,-14.3064,0.1635,1.3714
51.159,raw,1682,-8.3711,-0.3869,1.5023
51.159,raw,1693,-8.5048,-0.8208,1.4990
51.159,raw,1705,-13.6071,-1.7340,1.3853
51.159,raw,1717,-13.3748,-2.3586,1.3890
51.159,raw,1729,-12.8645,-2.9289,1.3984
51.159,raw,1740,-12.6843,-3.4803,1.4003
51.159,raw,1752,-12.4692,-4.0722,1.4023
51.159,raw,1764,-12.2632,-4.6608,1.4036
51.159,raw,1776,-12.0635,-5.2476,1.4044
51.159,raw,1788,-11.7087,-5.7805,1.4083
51.159,raw,1799,-11.5532,-6.3214,1.4075
51.159,raw,1811,-11.3500,-6.9010,1.4070
51.159,raw,1823,-11.1180,-7.4701,1.4067
51.159,raw,1835,-10.7511,-7.9742,1.4093
51.159,raw,1846,-10.6109,-8.5341,1.4064
51.159,raw,1858,-10.2435,-9.0320,1.4081
51.159,raw,1870,-10.1517,-9.6975,1.4022
51.159,raw,1882,-9.9605,-10.3186,1.3983
51.159,raw,1893,-9.6540,-10.8072,1.3976
51.159,raw,1905,-9.5380,-11.5135,1.3903
51.159,raw,1917,-9.1670,-12.0378,1.3894
51.159,raw,1929,-8.8096,-12.5789,1.3876
51.159,raw,1940,-8.7326,-13.3218,1.3777
51.159,raw,1952,-8.3586,-13.8831,1.3749
51.159,raw,1964,-7.9828,-14.4567,1.3714
51.159,raw,1976,-9.8119,-17.6367,1.2921
51.159,raw,1988,-9.5422,-18.5734,1.2799
51.159,raw,1999,-9.2573,-19.4389,1.2686
51.159,raw,2011,-8.9140,-20.4026,1.2557
51.159,raw,2023,-8.5624,-21.4297,1.2411
51.159,raw,2035,-8.3375,-22.7611,1.2187
51.159,raw,2046,-7.9910,-23.8563,1.2016
51.159,raw,2058,-7.5793,-25.1108,1.1813
51.159,raw,2070,-7.1359,-26.4496,1.1590
51.159,raw,2082,-6.3989,-27.2775,1.1490
51.159,raw,2093,-5.5727,-27.7264,1.1466
51.159,raw,2105,-4.6665,-28.2288,1.1431
51.159,raw,2117,-3.7517,-28.7446,1.1386
51.159,raw,2129,-2.8234,-29.2694,1.1332
51.159,raw,2140,-1.9684,-29.8016,1.1265
51.159,raw,2152,-1.0250,-30.4455,1.1171
51.159,raw,2164,-0.0529,-31.1037,1.1067
51.159,raw,2176,0.9802,-31.5575,1.1002
51.159,raw,2187,1.9516,-31.9190,1.0947
51.159,raw,2199,3.0316,-32.2980,1.0883
51.159,raw,2211,4.1253,-32.9245,1.0756
51.159,raw,2223,5.2602,-33.6152,1.0607
51.159,raw,2235,9.5411,-0.6522,1.7016
51.159,raw,2246,9.4437,-0.5019,1.7041
51.159,raw,2258,9.3444,-0.3464,1.7065
51.159,raw,2270,9.2561,-0.1985,1.7086
51.159,raw,2282,9.1743,-0.0568,1.7104
51.159,raw,2293,9.0827,0.0675,1.7123
51.159,raw,2305,9.0067,0.1988,1.7138
51.159,raw,2317,8.9459,0.3273,1.7149
51.159,raw,2329,9.1279,0.4892,1.7104
51.159,raw,2340,9.3849,0.6667,1.7042
51.159,raw,2352,9.7500,0.8999,1.6953
51.159,raw,2364,-22.0346,21.0006,1.0410
51.159,raw,2376,-20.9810,18.7738,1.0891
51.159,raw,2387,-20.1400,16.9750,1.1271
51.159,raw,2399,-19.3732,15.2523,1.1620
51.159,raw,2411,-19.3159,14.0662,1.1766
51.159,raw,2423,-18.8162,12.6938,1.2010
51.159,raw,2435,-11.3502,7.9799,1.3951
51.159,raw,2446,-17.9975,10.3544,1.2401
51.159,raw,2458,-17.6059,9.2467,1.2577
51.159,raw,2470,-17.2613,8.2141,1.2731
51.159,raw,2482,-16.9029,7.2267,1.2878
51.159,raw,2493,-16.5579,6.3579,1.3009
51.159,raw,2505,-16.2262,5.4650,1.3132
51.159,raw,2517,-15.9188,4.6161,1.3242
51.159,raw,2529,-18.4150,0.0195,1.8319
51.159,raw,2540,-16.0157,-2.6175,1.8288
51.159,raw,2552,-15.2132,-5.4949,1.8285
51.159,raw,2564,-27.9182,-13.0678,1.8481
51.159,raw,2576,-26.3243,-13.7116,1.8464
51.159,raw,2587,-26.7240,-15.0963,1.8477
51.159,raw,2599,-26.0786,-16.1290,1.8475
51.159,raw,2611,-25.4442,-17.1597,1.8474
51.159,raw,2623,-24.8205,-18.1927,1.8474
51.159,raw,2634,-24.2534,-19.1425,1.8474
51.159,raw,2646,-23.6152,-20.1687,1.8475
51.159,raw,2658,-22.9984,-21.2165,1.8476
51.159,raw,2670,-22.3777,-22.2732,1.8478
51.159,raw,2682,-20.1363,-24.1981,1.8473
51.159,raw,2693,9.4749,-0.5426,1.8059
51.159,raw,2705,9.3583,-0.3839,1.8058
51.159,raw,2717,9.3078,-0.2357,1.8057
51.159,raw,2729,9.1895,-0.0917,1.8055
51.159,raw,2740,9.1357,0.0352,1.8055
51.159,raw,2752,9.0217,0.1661,1.8053
51.159,raw,2764,8.9544,0.2948,1.8052
51.159,raw,2776,9.0253,0.4393,1.8054
51.159,raw,2787,9.3061,0.6150,1.8058
51.159,raw,2799,9.6616,0.8396,1.8063
51.159,raw,2811,-15.0820,-4.6601,2.3130
51.159,raw,2823,-15.8174,-7.5684,2.3506
51.159,raw,2834,-26.2723,-13.9038,2.6495
51.159,raw,2846,9.5276,-0.6505,1.9102
51.159,raw,2858,9.4378,-0.4889,1.9075
51.159,raw,2870,9.3434,-0.3341,1.9049
51.159,raw,2882,9.2407,-0.1863,1.9023
51.159,raw,2893,9.1602,-0.0570,1.9003
51.159,raw,2905,9.0895,0.0792,1.8986
51.159,raw,2917,8.9994,0.2094,1.8966
51.159,raw,2929,8.9167,0.3350,1.8949
51.159,raw,2940,9.1048,0.4857,1.9000
51.159,raw,2952,9.4334,0.6884,1.9089
51.159,raw,2964,9.8173,0.9289,1.9194
51.159,raw,2976,-17.8154,-5.8322,2.9398
51.159,raw,2987,-26.1903,-14.0830,3.4533
51.159,raw,2999,-20.0993,-24.3015,3.4851
51.159,raw,3011,9.4540,-0.5028,2.0101
51.159,raw,3023,9.3484,-0.3466,2.0045
51.159,raw,3034,9.2627,-0.2106,2.0001
51.159,raw,3046,9.1592,-0.0687,1.9951
51.159,raw,3058,9.0857,0.0676,1.9917
51.159,raw,3070,9.0010,0.1983,1.9881
51.159,raw,3081,8.9467,0.3162,1.9860
51.159,raw,3093,9.0707,0.4690,1.9929
51.159,raw,3105,9.3784,0.6655,2.0091
51.159,raw,3117,9.7613,0.9024,2.0294
51.159,raw,3129,-19.0798,0.5799,3.5363
51.159,raw,3140,-19.7299,-0.1872,3.5822
51.159,raw,3152,-19.4530,-1.0342,3.5636
51.159,raw,3164,-16.2007,-1.6500,3.3330
51.159,raw,3176,-18.7442,-2.8016,3.5223
51.159,raw,3187,-18.3783,-3.8610,3.5065
51.159,raw,3199,-16.9796,-8.6324,3.4986
51.159,raw,3211,9.4873,-0.5820,2.1155
51.159,raw,3223,9.4077,-0.4242,2.1088
51.159,raw,3234,9.3111,-0.2841,2.1013
51.159,raw,3246,9.2167,-0.1387,2.0943
51.159,raw,3258,9.1068,-0.0004,2.0865
51.159,raw,3270,9.0529,0.1342,2.0831
51.159,raw,3281,8.9641,0.2511,2.0774
51.159,raw,3293,8.9228,0.3802,2.0755
51.159,raw,3305,9.2262,0.5646,2.0990
51.159,raw,3317,9.5899,0.7843,2.1275
51.159,raw,3329,-17.1504,0.8448,3.9242
51.159,raw,3340,-16.8133,0.1364,3.8903
51.159,raw,3352,-16.5786,-0.6146,3.8683
51.159,raw,3364,-16.2597,-1.3458,3.8407
51.159,raw,3376,-15.8168,-2.1678,3.8047
51.159,raw,3387,-15.6004,-2.8101,3.7912
51.159,raw,3399,-15.3872,-3.5051,3.7807
51.159,raw,3411,-15.1620,-4.1907,3.7714
51.159,raw,3423,-14.9849,-5.0039,3.7717
51.159,raw,3434,-14.8008,-5.6315,3.7698
51.159,raw,3446,-14.5901,-6.3123,3.7689
51.159,raw,3458,-14.3983,-7.0000,3.7723
51.159,raw,3470,-14.1945,-7.6865,3.7769
51.159,raw,3481,9.1707,-0.0452,2.1867
51.159,raw,3493,9.0744,0.0899,2.1780
51.159,raw,3505,8.9961,0.2204,2.1714
51.159,raw,3517,8.9108,0.3454,2.1645
52.331,raw,0,9.5558,-0.6787,0.9920
52.331,raw,12,9.4382,-0.5191,1.0173
52.331,raw,24,9.3595,-0.3709,1.0342
52.331,raw,37,9.2507,-0.2166,1.0558
52.331,raw,49,9.1907,-0.0811,1.0671
52.331,raw,62,9.0890,0.0593,1.0854
52.331,raw,74,9.0183,0.1847,1.0970
52.331,raw,87,8.9204,0.3131,1.1128
52.331,raw,99,9.1622,0.4792,1.0634
52.331,raw,111,9.4694,0.6766,1.0000
52.331,raw,124,9.8975,0.9399,0.9108
52.331,raw,136,9.4761,-0.5469,1.1111
52.331,raw,149,9.3629,-0.3828,1.1318
52.331,raw,161,9.2594,-0.2396,1.1497
52.331,raw,174,9.1799,-0.0924,1.1630
52.331,raw,186,9.0821,0.0372,1.1784
52.331,raw,198,9.0226,0.1635,1.1868
52.331,raw,211,8.9398,0.2943,1.1982
52.331,raw,223,9.1278,0.4511,1.1642
52.331,raw,236,9.4419,0.6588,1.1076
52.331,raw,248,9.8173,0.8937,1.0394
52.331,raw,261,9.4622,-0.5576,1.2136
52.331,raw,273,9.3741,-0.4071,1.2276
52.331,raw,285,9.2868,-0.2633,1.2408
52.331,raw,298,9.1999,-0.1146,1.2533
52.331,raw,310,9.1063,0.0163,1.2659
52.331,raw,323,9.0438,0.1543,1.2735
52.331,raw,335,8.9601,0.2754,1.2836
52.331,raw,348,9.0616,0.4299,1.2667
52.331,raw,360,9.3691,0.6206,1.2198
52.331,raw,372,9.7429,0.8499,1.1621
52.331,raw,385,9.4970,-0.5855,1.3089
52.331,raw,397,9.3762,-0.4308,1.3245
52.331,raw,410,9.2859,-0.2747,1.3359
52.331,raw,422,9.2128,-0.1371,1.3447
52.331,raw,435,9.1395,0.0066,1.3529
52.331,raw,447,9.0402,0.1324,1.3636
52.331,raw,459,8.9837,0.2566,1.3689
52.331,raw,472,9.0200,0.4018,1.3626
52.331,raw,484,9.3269,0.5888,1.3239
52.331,raw,497,9.7065,0.8285,1.2752
52.331,raw,509,-4.6030,-7.6541,0.6491
52.331,raw,522,-4.4376,-8.1191,0.6345
52.331,raw,534,-4.7068,-8.9339,0.5666
52.331,raw,546,-4.5018,-9.3720,0.5534
52.331,raw,559,-4.1876,-9.7699,0.5484
52.331,raw,571,-3.8945,-10.1399,0.5423
52.331,raw,584,-3.6993,-10.6932,0.5159
52.331,raw,596,9.5287,-0.6382,1.4054
52.331,raw,609,9.4103,-0.4689,1.4179
52.331,raw,621,9.3182,-0.3222,1.4272
52.331,raw,633,9.2345,-0.1824,1.4354
52.331,raw,646,9.1358,-0.0377,1.4444
52.331,raw,658,9.0412,0.0892,1.4527
52.331,raw,671,8.9790,0.2240,1.4574
52.331,raw,683,8.9229,0.3452,1.4613
52.331,raw,696,9.2588,0.5414,1.4278
52.331,raw,708,9.5911,0.7517,1.3940
52.331,raw,720,-6.7042,-7.9093,0.8133
52.331,raw,733,-6.4523,-8.3851,0.8093
52.331,raw,745,-4.6261,-7.6268,0.9420
52.331,raw,758,-4.3744,-8.0208,0.9389
52.331,raw,770,-5.6624,-9.7186,0.7954
52.331,raw,783,-5.4199,-10.2373,0.7837
52.331,raw,795,-5.1294,-10.6658,0.7774
52.331,raw,807,-4.8506,-11.1170,0.7682
52.331,raw,820,-4.5527,-11.6277,0.7555
52.331,raw,832,-4.2820,-12.1250,0.7410
52.331,raw,845,-4.0759,-12.8104,0.7122
52.331,raw,857,-3.8914,-13.5015,0.6807
52.331,raw,870,-3.5932,-14.1628,0.6540
52.331,raw,882,-3.3751,-14.9229,0.6170
52.331,raw,894,-3.0722,-15.6052,0.5863
52.331,raw,907,-2.8006,-16.5394,0.5376
52.331,raw,919,9.5403,-0.6767,1.5048
52.331,raw,932,9.4318,-0.5065,1.5135
52.331,raw,944,9.3488,-0.3586,1.5199
52.331,raw,957,9.2499,-0.2053,1.5271
52.331,raw,969,9.1692,-0.0703,1.5327
52.331,raw,981,9.0959,0.0597,1.5374
52.331,raw,994,8.9766,0.1917,1.5450
52.331,raw,1006,8.9222,0.3134,1.5479
52.331,raw,1019,9.1822,0.4938,1.5283
52.331,raw,1031,9.4869,0.6925,1.5052
52.331,raw,1044,9.8940,0.9530,1.4739
52.331,raw,1056,-9.6344,-4.6888,1.0895
52.331,raw,1068,-9.5149,-5.2169,1.0873
52.331,raw,1081,-9.2629,-5.7467,1.0898
52.331,raw,1093,-9.1319,-6.2757,1.0863
52.331,raw,1106,-8.8925,-6.8105,1.0863
52.331,raw,1118,-8.6717,-7.3049,1.0854
52.331,raw,1131,-8.4013,-7.8258,1.0850
52.331,raw,1143,-8.1416,-8.3019,1.0843
52.331,raw,1155,-7.9028,-8.7937,1.0815
52.331,raw,1168,-7.6182,-9.3149,1.0789
52.331,raw,1180,-4.5150,-7.6319,1.2380
52.331,raw,1193,-7.0457,-10.3173,1.0718
52.331,raw,1205,-6.7851,-10.8234,1.0658
52.331,raw,1218,-6.4782,-11.3634,1.0595
52.331,raw,1230,-6.1315,-11.8112,1.0564
52.331,raw,1243,-5.8367,-12.3945,1.0463
52.331,raw,1255,-5.5541,-12.9443,1.0360
52.331,raw,1267,-5.2407,-13.4815,1.0261
52.331,raw,1280,-5.0613,-14.3127,1.0009
52.331,raw,1292,-4.8101,-15.0204,0.9811
52.331,raw,1305,-4.5193,-15.8228,0.9578
52.331,raw,1317,-4.4896,-17.0453,0.9108
52.331,raw,1330,-4.4453,-18.5204,0.8530
52.331,raw,1342,-5.1338,-21.5755,0.7149
52.331,raw,1354,-4.8417,-22.9423,0.6640
52.331,raw,1367,-4.3057,-24.1118,0.6245
52.331,raw,1379,-3.5387,-24.6100,0.6157
52.331,raw,1392,-2.6829,-25.1252,0.6061
52.331,raw,1404,-1.8746,-25.5918,0.5963
52.331,raw,1417,-0.9541,-25.9884,0.5894
52.331,raw,1429,-0.1062,-26.4187,0.5788
52.331,raw,1441,0.7547,-26.8762,0.5655
52.331,raw,1454,1.7122,-27.3656,0.5500
52.331,raw,1466,2.6140,-27.8789,0.5314
52.331,raw,1479,3.6259,-28.4050,0.5111
52.331,raw,1491,9.4937,-0.6096,1.6078
52.331,raw,1504,9.4112,-0.4452,1.6122
52.331,raw,1516,9.3081,-0.2986,1.6173
52.331,raw,1528,9.2004,-0.1595,1.6223
52.331,raw,1541,9.1378,-0.0156,1.6251
52.331,raw,1553,9.0430,0.1110,1.6291
52.331,raw,1566,8.9608,0.2435,1.6323
52.331,raw,1578,8.9803,0.3744,1.6307
52.331,raw,1591,9.2718,0.5671,1.6163
52.331,raw,1603,9.6495,0.7899,1.5974
52.331,raw,1615,24.6296,11.0842,0.7826
52.331,raw,1628,-16.2044,16.2958,0.5683
52.331,raw,1640,-15.0237,3.4659,1.3446
52.331,raw,1653,-14.6934,2.6416,1.3546
52.331,raw,1665,-14.4169,1.9131,1.3626
52.331,raw,1678,-14.0949,1.1497,1.3711
52.331,raw,1690,-13.8430,0.4712,1.3774
52.331,raw,1702,-13.5955,-0.1885,1.3831
52.331,raw,1715,-8.4039,-0.6865,1.4974
52.331,raw,1727,-13.0618,-1.5088,1.3937
52.331,raw,1740,-12.8073,-2.1723,1.3980
52.331,raw,1752,-12.5758,-2.7732,1.4013
52.331,raw,1765,-12.1436,-3.3793,1.4085
52.331,raw,1777,-11.9475,-3.9624,1.4102
52.331,raw,1789,-11.7807,-4.5484,1.4108
52.331,raw,1802,-11.5903,-5.1792,1.4111
52.331,raw,1814,-11.3967,-5.7553,1.4113
52.331,raw,1827,-11.0986,-6.3461,1.4131
52.331,raw,1839,-10.8804,-6.9101,1.4130
52.331,raw,1852,-10.6225,-7.5127,1.4128
52.331,raw,1864,-10.2648,-8.0098,1.4151
52.331,raw,1876,-10.0368,-8.5708,1.4138
52.331,raw,1889,-9.6887,-9.1244,1.4144
52.331,raw,1901,-9.4538,-9.6902,1.4122
52.331,raw,1914,-9.1649,-10.2895,1.4101
52.331,raw,1926,-4.6569,-7.6501,1.5248
52.331,raw,1939,-4.4304,-8.0665,1.5231
52.331,raw,1951,-8.2145,-11.9500,1.4039
52.331,raw,1963,-7.8702,-12.4756,1.4018
52.331,raw,1976,-7.5808,-13.1415,1.3961
52.331,raw,1988,-7.2226,-13.6837,1.3929
52.331,raw,2001,-6.8378,-14.2936,1.3885
52.331,raw,2013,-9.0967,-18.1510,1.2911
52.331,raw,2026,-8.8067,-19.2077,1.2766
52.331,raw,2038,-8.4895,-20.1901,1.2630
52.331,raw,2050,-8.1576,-21.2302,1.2479
52.331,raw,2063,-7.7503,-22.3833,1.2309
52.331,raw,2075,-7.5009,-23.7912,1.2065
52.331,raw,2088,-7.0413,-25.1301,1.1849
52.331,raw,2100,-6.5098,-26.2887,1.1668
52.331,raw,2113,-5.5693,-26.8212,1.1642
52.331,raw,2125,-4.6929,-27.3167,1.1610
52.331,raw,2137,-3.8060,-27.8165,1.1570
52.331,raw,2150,-2.8520,-28.4372,1.1501
52.331,raw,2162,-1.9552,-29.0357,1.1425
52.331,raw,2175,-0.9662,-29.7387,1.1323
52.331,raw,2187,0.0004,-30.2666,1.1249
52.331,raw,2200,1.0994,-30.6632,1.1200
52.331,raw,2212,2.1263,-31.0663,1.1139
52.331,raw,2224,3.1602,-31.6670,1.1026
52.331,raw,2237,4.3212,-32.3312,1.0892
52.331,raw,2249,5.4354,-33.1560,1.0713
52.331,raw,2262,6.7225,-34.4201,1.0428
52.331,raw,2274,9.4644,-0.5699,1.7075
52.331,raw,2287,9.3709,-0.4068,1.7099
52.331,raw,2299,9.2695,-0.2627,1.7123
52.331,raw,2311,9.2043,-0.1258,1.7138
52.331,raw,2324,9.1110,0.0165,1.7158
52.331,raw,2336,9.0205,0.1418,1.7176
52.331,raw,2349,8.9430,0.2734,1.7190
52.331,raw,2361,9.0606,0.4187,1.7160
52.331,raw,2374,9.3866,0.6239,1.7082
52.331,raw,2386,9.7554,0.8527,1.6992
52.331,raw,2398,-21.8667,20.8717,1.0422
52.331,raw,2411,-20.6937,18.4554,1.0948
52.331,raw,2423,-19.7848,16.5284,1.1355
52.331,raw,2436,-18.9321,14.6878,1.1732
52.331,raw,2448,-18.9102,13.5502,1.1863
52.331,raw,2461,-11.1238,8.3543,1.3921
52.331,raw,2473,-17.8913,10.8575,1.2337
52.331,raw,2486,-17.3903,9.5992,1.2552
52.331,raw,2498,-16.9899,8.5300,1.2723
52.331,raw,2510,-16.6147,7.5252,1.2878
52.331,raw,2523,-16.1826,6.4846,1.3040
52.331,raw,2535,-15.8422,5.5894,1.3167
52.331,raw,2548,-15.4944,4.6692,1.3291
52.331,raw,2560,-15.1562,3.8535,1.3401
52.331,raw,2573,-18.4023,0.1389,1.8321
52.331,raw,2585,-17.2757,-2.9379,1.8308
52.331,raw,2597,-28.9383,-8.8761,1.8479
52.331,raw,2610,-15.8524,-6.3858,1.8299
52.331,raw,2622,-27.3902,-11.0340,1.8467
52.331,raw,2635,-17.0238,-8.5168,1.8323
52.331,raw,2647,-25.9243,-13.1039,1.8458
52.331,raw,2660,-25.1715,-14.1478,1.8454
52.331,raw,2672,-24.5071,-15.1082,1.8452
52.331,raw,2684,-23.8077,-16.0368,1.8449
52.331,raw,2697,-23.0994,-17.0570,1.8448
52.331,raw,2709,-22.4468,-17.9925,1.8447
52.331,raw,2722,-21.7708,-19.0238,1.8447
52.331,raw,2734,-21.1438,-19.9763,1.8448
52.331,raw,2747,-20.4852,-21.0321,1.8450
52.331,raw,2759,-19.8625,-22.0072,1.8452
52.331,raw,2771,-19.2432,-23.0015,1.8454
52.331,raw,2784,-18.5477,-24.0788,1.8458
52.331,raw,2796,-17.8927,-25.0858,1.8461
52.331,raw,2809,-17.1844,-26.2130,1.8466
52.331,raw,2821,-16.5088,-27.2677,1.8472
52.331,raw,2834,9.5506,-0.6780,1.8058
52.331,raw,2846,9.4413,-0.5194,1.8056
52.331,raw,2858,9.3526,-0.3705,1.8055
52.331,raw,2871,9.2419,-0.2165,1.8053
52.331,raw,2883,9.1682,-0.0814,1.8052
52.331,raw,2896,9.0811,0.0589,1.8051
52.331,raw,2908,9.0110,0.1840,1.8051
52.331,raw,2921,8.9150,0.3125,1.8049
52.331,raw,2933,9.1227,0.4729,1.8052
52.331,raw,2945,9.4513,0.6730,1.8057
52.331,raw,2958,9.8674,0.9328,1.8064
52.331,raw,2970,-17.9109,-3.0844,2.3797
52.331,raw,2983,-16.7059,-4.4241,2.3555
52.331,raw,2995,-17.1395,-6.0017,2.3746
52.331,raw,3008,-14.7045,-6.4869,2.3200
52.331,raw,3020,-14.4701,-7.1716,2.3199
52.331,raw,3032,-26.4936,-13.3403,2.6530
52.331,raw,3045,-20.3766,-23.7833,2.6649
52.331,raw,3057,9.4956,-0.5976,1.9047
52.331,raw,3070,9.3861,-0.4315,1.9016
52.331,raw,3082,9.2952,-0.2866,1.8992
52.331,raw,3095,9.2177,-0.1371,1.8972
52.331,raw,3107,9.1311,-0.0047,1.8951
52.331,raw,3119,9.0602,0.1230,1.8935
52.331,raw,3132,8.9711,0.2552,1.8916
52.331,raw,3144,8.9850,0.3859,1.8923
52.331,raw,3157,9.3232,0.5882,1.9014
52.331,raw,3169,9.6640,0.8061,1.9107
52.331,raw,3182,-17.0133,-8.5129,2.9494
52.331,raw,3194,-11.6950,-8.1286,2.7056
52.331,raw,3206,9.5176,-0.6492,2.0051
52.331,raw,3219,9.4216,-0.4817,1.9997
52.331,raw,3231,9.3278,-0.3342,1.9947
52.331,raw,3244,9.2304,-0.1823,1.9898
52.331,raw,3256,9.1467,-0.0485,1.9857
52.331,raw,3269,9.0463,0.0896,1.9812
52.331,raw,3281,8.9803,0.2134,1.9785
52.331,raw,3293,8.9059,0.3324,1.9756
52.331,raw,3306,9.2094,0.5213,1.9914
52.331,raw,3318,9.5333,0.7270,2.0085
52.331,raw,3331,-18.9639,0.7036,3.5414
52.331,raw,3343,-19.7302,-0.1334,3.5953
52.331,raw,3356,-19.4167,-1.0573,3.5740
52.331,raw,3368,9.5195,-0.6371,2.1051
52.331,raw,3380,9.4010,-0.4800,2.0955
52.331,raw,3393,9.3136,-0.3220,2.0885
52.331,raw,3405,9.2299,-0.1823,2.0822
52.331,raw,3418,9.1459,-0.0375,2.0762
52.331,raw,3430,9.0761,0.0914,2.0716
52.331,raw,3443,8.9780,0.2239,2.0654
52.331,raw,3455,8.9149,0.3442,2.0619
52.331,raw,3467,9.1993,0.5197,2.0839
52.331,raw,3480,9.5651,0.7463,2.1127
52.331,raw,3492,-17.0501,1.0235,3.9329
52.331,raw,3505,-16.6609,0.1818,3.8932
52.331,raw,3517,-16.4710,-0.5719,3.8753
52.331,raw,3530,-16.1897,-1.3704,3.8514
52.331,raw,3542,-15.7967,-2.0795,3.8191
52.331,raw,3554,-15.5834,-2.7888,3.8062
52.331,raw,3567,-15.3679,-3.5502,3.7964
52.331,raw,3579,-15.1599,-4.2451,3.7888
52.331,raw,3592,-14.9506,-5.1197,3.7875
52.331,raw,3604,-14.7447,-5.8088,3.7853
52.331,raw,3617,-14.5417,-6.5609,3.7876
52.331,raw,3629,-14.3323,-7.2499,3.7901
52.331,raw,3641,9.3903,-0.4318,2.1912
52.331,raw,3654,9.2869,-0.2748,2.1806
52.331,raw,3666,9.2104,-0.1371,2.1731
52.331,raw,3679,9.1189,0.0058,2.1646
52.331,raw,3691,9.0261,0.1314,2.1564
52.331,raw,3704,8.9494,0.2635,2.1503
52.331,raw,3716,9.0155,0.4011,2.1582
54.143,raw,0,9.5572,-0.7745,1.0525
54.143,raw,13,9.4713,-0.6166,1.0721
54.143,raw,26,9.3722,-0.4656,1.0930
54.143,raw,39,9.2867,-0.3230,1.1102
54.143,raw,52,9.2019,-0.1870,1.1264
54.143,raw,65,9.1462,-0.0558,1.1361
54.143,raw,78,9.0493,0.0681,1.1527
54.143,raw,91,8.9541,0.1857,1.1682
54.143,raw,104,9.0703,0.3317,1.1427
54.143,raw,118,9.4386,0.5502,1.0671
54.143,raw,131,9.8475,0.7994,0.9818
54.143,raw,144,9.5064,-0.6653,1.1589
54.143,raw,157,9.3871,-0.5100,1.1808
54.143,raw,170,9.3111,-0.3660,1.1945
54.143,raw,183,9.2264,-0.2281,1.2088
54.143,raw,196,9.1302,-0.0970,1.2242
54.143,raw,209,9.0727,0.0302,1.2325
54.143,raw,223,8.9855,0.1602,1.2447
54.143,raw,236,9.0136,0.2925,1.2372
54.143,raw,249,9.3080,0.4795,1.1844
54.143,raw,262,9.6782,0.7090,1.1172
54.143,raw,275,9.5309,-0.7137,1.2483
54.143,raw,288,9.4158,-0.5560,1.2667
54.143,raw,301,9.3422,-0.4100,1.2784
54.143,raw,314,9.2518,-0.2699,1.2916
54.143,raw,328,9.1714,-0.1261,1.3027
54.143,raw,341,9.0841,0.0010,1.3141
54.143,raw,354,9.0064,0.1232,1.3235
54.143,raw,367,8.9300,0.2408,1.3321
54.143,raw,380,9.2305,0.4217,1.2865
54.143,raw,393,9.5644,0.6351,1.2348
54.143,raw,406,9.5685,-0.7760,1.3368
54.143,raw,419,9.4670,-0.6162,1.3508
54.143,raw,432,9.4059,-0.4677,1.3592
54.143,raw,446,9.2866,-0.3124,1.3739
54.143,raw,459,9.1946,-0.1768,1.3846
54.143,raw,472,9.1174,-0.0472,1.3931
54.143,raw,485,9.0415,0.0773,1.4009
54.143,raw,498,8.9640,0.1967,1.4084
54.143,raw,511,9.1005,0.3468,1.3901
54.143,raw,524,9.4239,0.5472,1.3489
54.143,raw,537,9.8208,0.7929,1.2977
54.143,raw,551,-4.5729,-8.9921,0.5553
54.143,raw,564,-4.2890,-9.4138,0.5489
54.143,raw,577,-4.0210,-9.8596,0.5381
54.143,raw,590,-3.6916,-10.2532,0.5331
54.143,raw,603,-3.5257,-10.8437,0.5026
54.143,raw,616,9.4742,-0.6617,1.4411
54.143,raw,629,9.4219,-0.5126,1.4472
54.143,raw,642,9.3218,-0.3664,1.4572
54.143,raw,656,9.2184,-0.2178,1.4671
54.143,raw,669,9.1464,-0.0863,1.4735
54.143,raw,682,9.0655,0.0396,1.4803
54.143,raw,695,8.9912,0.1609,1.4860
54.143,raw,708,9.0023,0.2907,1.4834
54.143,raw,721,9.3047,0.4789,1.4528
54.143,raw,734,9.6974,0.7134,1.4128
54.143,raw,747,-4.5667,-7.6953,0.9282
54.143,raw,760,-5.8030,-9.2763,0.7942
54.143,raw,774,-5.5062,-9.7944,0.7872
54.143,raw,787,-5.2295,-10.2854,0.7789
54.143,raw,800,-4.9239,-10.7614,0.7714
54.143,raw,813,-4.5752,-11.2042,0.7661
54.143,raw,826,-4.3109,-11.7548,0.7499
54.143,raw,839,-4.0867,-12.3850,0.7263
54.143,raw,852,-3.8598,-13.0558,0.6991
54.143,raw,865,-3.6307,-13.7770,0.6677
54.143,raw,879,-3.3609,-14.5904,0.6309
54.143,raw,892,-3.0337,-15.2910,0.6011
54.143,raw,905,-2.7519,-16.1493,0.5585
54.143,raw,918,-2.3892,-16.9476,0.5205
54.143,raw,931,9.5149,-0.6776,1.5296
54.143,raw,944,9.4071,-0.5224,1.5380
54.143,raw,957,9.3247,-0.3772,1.5443
54.143,raw,970,9.2479,-0.2386,1.5498
54.143,raw,984,9.1451,-0.0965,1.5567
54.143,raw,997,9.0824,0.0309,1.5605
54.143,raw,1010,8.9878,0.1507,1.5663
54.143,raw,1023,9.0042,0.2811,1.5640
54.143,raw,1036,9.3090,0.4688,1.5411
54.143,raw,1049,9.6562,0.6917,1.5145
54.143,raw,1062,-9.4424,-5.2540,1.0772
54.143,raw,1075,-9.1528,-5.7790,1.0816
54.143,raw,1088,-8.9971,-6.3531,1.0786
54.143,raw,1102,-8.7327,-6.9334,1.0789
54.143,raw,1115,-8.4845,-7.4713,1.0782
54.143,raw,1128,-8.1758,-7.9774,1.0797
54.143,raw,1141,-7.9717,-8.5456,1.0746
54.143,raw,1154,-7.6730,-9.0619,1.0735
54.143,raw,1167,-4.7257,-7.6756,1.2197
54.143,raw,1180,-4.3586,-7.9934,1.2244
54.143,raw,1193,-6.7365,-10.6072,1.0654
54.143,raw,1207,-6.3800,-11.1607,1.0611
54.143,raw,1220,-6.0775,-11.7137,1.0538
54.143,raw,1233,-5.7558,-12.2650,1.0461
54.143,raw,1246,-5.3620,-12.7545,1.0417
54.143,raw,1259,-5.1140,-13.4360,1.0253
54.143,raw,1272,-4.9206,-14.2365,1.0020
54.143,raw,1285,-4.6394,-14.9792,0.9821
54.143,raw,1298,-4.4279,-15.8926,0.9529
54.143,raw,1312,-4.1755,-16.9426,0.9182
54.143,raw,1325,-4.2324,-18.5782,0.8520
54.143,raw,1338,-4.1403,-20.1590,0.7899
54.143,raw,1351,-4.3611,-22.6977,0.6809
54.143,raw,1364,-3.8417,-23.8717,0.6409
54.143,raw,1377,-3.0811,-24.5703,0.6234
54.143,raw,1390,-2.2164,-25.0390,0.6157
54.143,raw,1403,-1.3192,-25.4420,0.6097
54.143,raw,1416,-0.4303,-25.9290,0.5982
54.143,raw,1430,0.5577,-26.4149,0.5860
54.143,raw,1443,1.4929,-26.8860,0.5722
54.143,raw,1456,2.4461,-27.4114,0.5543
54.143,raw,1469,3.4318,-27.9148,0.5359
54.143,raw,1482,4.4480,-28.4494,0.5144
54.143,raw,1495,9.5370,-0.7258,1.6204
54.143,raw,1508,9.4288,-0.5682,1.6261
54.143,raw,1521,9.3614,-0.4218,1.6296
54.143,raw,1535,9.2470,-0.2698,1.6350
54.143,raw,1548,9.1709,-0.1363,1.6384
54.143,raw,1561,9.1021,-0.0078,1.6413
54.143,raw,1574,9.0084,0.1136,1.6451
54.143,raw,1587,8.9306,0.2312,1.6480
54.143,raw,1600,9.1765,0.4015,1.6357
54.143,raw,1613,9.5138,0.6123,1.6188
54.143,raw,1626,9.9471,0.8765,1.5968
54.143,raw,1640,-16.5884,16.1411,0.5442
54.143,raw,1653,-15.9196,14.4387,0.6138
54.143,raw,1666,-14.5921,2.1637,1.3508
54.143,raw,1679,-14.2817,1.3758,1.3593
54.143,raw,1692,-13.9282,0.6139,1.3682
54.143,raw,1705,-13.6102,-0.1190,1.3756
54.143,raw,1718,-8.3548,-0.6714,1.4914
54.143,raw,1731,-13.0199,-1.5176,1.3876
54.143,raw,1744,-12.7142,-2.1871,1.3930
54.143,raw,1758,-12.4374,-2.8961,1.3971
54.143,raw,1771,-12.1430,-3.5350,1.4012
54.143,raw,1784,-11.7859,-4.1466,1.4062
54.143,raw,1797,-11.5860,-4.7833,1.4072
54.143,raw,1810,-11.3800,-5.4157,1.4077
54.143,raw,1823,-11.1663,-6.0445,1.4079
54.143,raw,1836,-10.9523,-6.6735,1.4075
54.143,raw,1849,-10.5634,-7.2291,1.4108
54.143,raw,1863,-10.2635,-7.8721,1.4110
54.143,raw,1876,-9.9981,-8.4767,1.4102
54.143,raw,1889,-9.6152,-9.0177,1.4118
54.143,raw,1902,-9.3492,-9.6266,1.4099
54.143,raw,1915,-8.9660,-10.1646,1.4105
54.143,raw,1928,-4.5434,-7.7232,1.5213
54.143,raw,1941,-8.3632,-11.3694,1.4054
54.143,raw,1954,-7.9917,-11.9308,1.4038
54.143,raw,1968,-7.6698,-12.6181,1.3990
54.143,raw,1981,-7.2774,-13.1862,1.3965
54.143,raw,1994,-6.9717,-13.8619,1.3904
54.143,raw,2007,-6.5809,-14.4715,1.3861
54.143,raw,2020,-6.2068,-15.1271,1.3802
54.143,raw,2033,-8.4690,-19.4061,1.2748
54.143,raw,2046,-8.1270,-20.4853,1.2597
54.143,raw,2059,-7.7525,-21.6113,1.2434
54.143,raw,2072,-7.3348,-22.7753,1.2261
54.143,raw,2086,-6.8491,-24.1051,1.2055
54.143,raw,2099,-6.4865,-25.6854,1.1779
54.143,raw,2112,-5.5919,-26.2707,1.1743
54.143,raw,2125,-4.6546,-26.7835,1.1716
54.143,raw,2138,-3.7256,-27.3526,1.1669
54.143,raw,2151,-2.7989,-27.9897,1.1598
54.143,raw,2164,-1.8491,-28.6389,1.1517
54.143,raw,2177,-0.8680,-29.2806,1.1431
54.143,raw,2191,0.2664,-29.7365,1.1382
54.143,raw,2204,1.3444,-30.1123,1.1338
54.143,raw,2217,2.4140,-30.7233,1.1233
54.143,raw,2230,3.5196,-31.3525,1.1116
54.143,raw,2243,4.6663,-31.9892,1.0988
54.143,raw,2256,5.8605,-32.9766,1.0773
54.143,raw,2269,7.1441,-34.2957,1.0475
54.143,raw,2282,9.5002,-0.6872,1.7138
54.143,raw,2296,9.4200,-0.5234,1.7159
54.143,raw,2309,9.3204,-0.3770,1.7183
54.143,raw,2322,9.2396,-0.2385,1.7202
54.143,raw,2335,9.1304,-0.1071,1.7225
54.143,raw,2348,9.0753,0.0204,1.7236
54.143,raw,2361,8.9803,0.1401,1.7255
54.143,raw,2374,8.9400,0.2617,1.7260
54.143,raw,2387,9.2652,0.4496,1.7182
54.143,raw,2400,9.5904,0.6647,1.7102
54.143,raw,2414,-22.1360,20.9781,1.0291
54.143,raw,2427,-21.3447,18.8214,1.0714
54.143,raw,2440,-20.4603,16.7725,1.1129
54.143,raw,2453,-19.6549,14.9332,1.1495
54.143,raw,2466,-18.9358,13.2808,1.1815
54.143,raw,2479,-11.0872,8.1661,1.3873
54.143,raw,2492,-18.2611,10.6725,1.2206
54.143,raw,2505,-17.6883,9.3757,1.2436
54.143,raw,2519,-17.1525,8.0998,1.2649
54.143,raw,2532,-16.6683,6.9907,1.2829
54.143,raw,2545,-16.2620,5.9660,1.2981
54.143,raw,2558,-15.8038,4.9802,1.3134
54.143,raw,2571,-15.4249,4.0623,1.3260
54.143,raw,2584,-15.0590,3.1885,1.3374
54.143,raw,2597,-17.1643,0.6877,1.8309
54.143,raw,2610,-16.6047,-1.3808,1.8302
54.143,raw,2624,-15.4316,-4.3981,1.8291
54.143,raw,2637,-28.3465,-8.2854,1.8473
54.143,raw,2650,-27.4630,-9.3940,1.8465
54.143,raw,2663,-26.6084,-10.4683,1.8458
54.143,raw,2676,-14.9786,-7.6315,1.8297
54.143,raw,2689,-24.9769,-12.5337,1.8447
54.143,raw,2702,-24.2291,-13.5492,1.8443
54.143,raw,2715,-23.4762,-14.5398,1.8439
54.143,raw,2728,-22.6794,-15.4865,1.8436
54.143,raw,2742,-21.8240,-16.4833,1.8432
54.143,raw,2755,-21.0350,-17.3926,1.8430
54.143,raw,2768,-20.2697,-18.3028,1.8428
54.143,raw,2781,-19.4996,-19.1995,1.8426
54.143,raw,2794,-18.7693,-20.1215,1.8426
54.143,raw,2807,-18.0382,-21.0445,1.8427
54.143,raw,2820,-17.3034,-21.9701,1.8428
54.143,raw,2833,-16.5621,-22.9003,1.8430
54.143,raw,2847,-15.7661,-23.9229,1.8432
54.143,raw,2860,-15.0038,-24.8700,1.8435
54.143,raw,2873,-14.2424,-25.8472,1.8439
54.143,raw,2886,-13.4528,-26.8242,1.8443
54.143,raw,2899,-12.6488,-27.8247,1.8448
54.143,raw,2912,-11.8425,-28.8775,1.8455
54.143,raw,2925,-10.9839,-29.9099,1.8461
54.143,raw,2938,-10.1323,-31.0353,1.8469
54.143,raw,2952,-3.3544,-32.8343,1.8458
54.143,raw,2965,-2.1147,-33.0814,1.8457
54.143,raw,2978,-0.9710,-33.8005,1.8464
54.143,raw,2991,0.2053,-34.5459,1.8471
54.143,raw,3004,9.4988,-0.6871,1.8053
54.143,raw,3017,9.4365,-0.5358,1.8052
54.143,raw,3030,9.3310,-0.3881,1.8050
54.143,raw,3043,9.2389,-0.2489,1.8049
54.143,raw,3056,9.1703,-0.1159,1.8048
54.143,raw,3070,9.0752,0.0204,1.8047
54.143,raw,3083,8.9998,0.1422,1.8046
54.143,raw,3096,8.9611,0.2648,1.8046
54.143,raw,3109,9.2485,0.4465,1.8050
54.143,raw,3122,9.6029,0.6675,1.8055
54.143,raw,3135,-18.0158,-0.6376,2.3858
54.143,raw,3148,-16.9579,-3.4313,2.3651
54.143,raw,3161,-16.6417,-4.5713,2.3621
54.143,raw,3175,-14.8484,-5.9628,2.3268
54.143,raw,3188,-14.6289,-6.7265,2.3270
54.143,raw,3201,-14.4076,-7.4914,2.3279
54.143,raw,3214,-26.2701,-13.9138,2.6600
54.143,raw,3227,9.5418,-0.7494,1.8980
54.143,raw,3240,9.4526,-0.5925,1.8953
54.143,raw,3253,9.3537,-0.4429,1.8926
54.143,raw,3266,9.2875,-0.3019,1.8908
54.143,raw,3280,9.1759,-0.1566,1.8881
54.143,raw,3293,9.0810,-0.0291,1.8858
54.143,raw,3306,9.0285,0.0959,1.8848
54.143,raw,3319,8.9577,0.2154,1.8834
54.143,raw,3332,9.1251,0.3716,1.8881
54.143,raw,3345,9.4572,0.5770,1.8971
54.143,raw,3358,9.8769,0.8325,1.9087
54.143,raw,3371,-26.4561,-13.4510,3.4735
54.143,raw,3384,-20.4188,-23.8113,3.4945
54.143,raw,3398,9.4791,-0.6398,1.9871
54.143,raw,3411,9.4020,-0.4893,1.9827
54.143,raw,3424,9.2837,-0.3439,1.9767
54.143,raw,3437,9.2046,-0.2076,1.9728
54.143,raw,3450,9.1403,-0.0764,1.9698
54.143,raw,3463,9.0603,0.0491,1.9664
54.143,raw,3476,8.9660,0.1677,1.9624
54.143,raw,3489,9.0155,0.3028,1.9656
54.143,raw,3503,9.3469,0.5092,1.9831
54.143,raw,3516,9.7226,0.7441,2.0032
54.143,raw,3529,-19.8231,0.3553,3.6258
54.143,raw,3542,-19.5316,-0.5915,3.6046
54.143,raw,3555,-19.2710,-1.5190,3.5881
54.143,raw,3568,9.5503,-0.7620,2.0844
54.143,raw,3581,9.4408,-0.6025,2.0752
54.143,raw,3594,9.3690,-0.4546,2.0693
54.143,raw,3608,9.2710,-0.3016,2.0618
54.143,raw,3621,9.1582,-0.1672,2.0537
54.143,raw,3634,9.1019,-0.0380,2.0500
54.143,raw,3647,9.0449,0.0875,2.0466
54.143,raw,3660,8.9512,0.2048,2.0408
54.143,raw,3673,9.1065,0.3581,2.0534
54.143,raw,3686,9.4266,0.5592,2.0787
54.143,raw,3699,9.8132,0.8039,2.1096
54.143,raw,3712,-16.9530,0.4842,3.9529
54.143,raw,3726,-16.5119,-0.4206,3.9099
54.143,raw,3739,-16.2196,-1.2350,3.8842
54.143,raw,3752,-15.7621,-2.0783,3.8460
54.143,raw,3765,-15.5545,-2.8606,3.8341
54.143,raw,3778,-15.3249,-3.6309,3.8229
54.143,raw,3791,-15.0843,-4.3912,3.8132
54.143,raw,3804,-14.9194,-5.2256,3.8151
54.143,raw,3817,-14.6921,-5.9821,3.8125
54.143,raw,3831,-14.4443,-6.7947,3.8125
54.143,raw,3844,-14.2315,-7.5570,3.8173
54.143,raw,3857,9.3285,-0.3880,2.1536
54.143,raw,3870,9.2275,-0.2489,2.1436
54.143,raw,3883,9.1711,-0.1159,2.1384
54.143,raw,3896,9.0728,0.0102,2.1297
54.143,raw,3909,8.9910,0.1314,2.1229
54.143,raw,3922,8.9056,0.2469,2.1162
55.150,raw,0,9.6264,-0.6549,1.0784
55.150,raw,12,9.5169,-0.5134,1.1015
55.150,raw,24,9.4217,-0.3808,1.1209
55.150,raw,36,9.3640,-0.2556,1.1325
55.150,raw,48,9.2739,-0.1353,1.1493
55.150,raw,61,9.1866,-0.0111,1.1648
55.150,raw,73,9.1308,0.1006,1.1737
55.150,raw,85,9.0503,0.2059,1.1865
55.150,raw,97,8.9939,0.3106,1.1942
55.150,raw,110,9.1265,0.4602,1.1645
55.150,raw,122,9.4311,0.6529,1.1007
55.150,raw,134,9.7726,0.8802,1.0278
55.150,raw,146,9.5676,-0.5827,1.1818
55.150,raw,159,9.4721,-0.4358,1.1993
55.150,raw,171,9.4002,-0.3076,1.2120
55.150,raw,183,9.2860,-0.1849,1.2310
55.150,raw,195,9.2262,-0.0677,1.2403
55.150,raw,208,9.1394,0.0533,1.2533
55.150,raw,220,9.0720,0.1612,1.2626
55.150,raw,232,9.0122,0.2665,1.2700
55.150,raw,244,8.9975,0.3771,1.2694
55.150,raw,257,9.2675,0.5615,1.2200
55.150,raw,269,9.6251,0.7808,1.1545
55.150,raw,281,9.5872,-0.6284,1.2687
55.150,raw,293,9.5052,-0.4911,1.2819
55.150,raw,306,9.3995,-0.3488,1.2979
55.150,raw,318,9.3375,-0.2249,1.3069
55.150,raw,330,9.2614,-0.1058,1.3173
55.150,raw,342,9.1925,0.0088,1.3262
55.150,raw,355,9.1040,0.1267,1.3372
55.150,raw,367,9.0101,0.2287,1.3485
55.150,raw,379,8.9533,0.3317,1.3542
55.150,raw,391,9.1582,0.4867,1.3219
55.150,raw,404,9.5057,0.7045,1.2676
55.150,raw,416,9.8721,0.9454,1.2093
55.150,raw,428,9.5119,-0.5343,1.3688
55.150,raw,440,9.4496,-0.4030,1.3771
55.150,raw,453,9.3491,-0.2656,1.3893
55.150,raw,465,9.2849,-0.1450,1.3967
55.150,raw,477,9.1878,-0.0304,1.4075
55.150,raw,489,9.1350,0.0817,1.4127
55.150,raw,502,9.0423,0.1954,1.4220
55.150,raw,514,8.9901,0.3006,1.4263
55.150,raw,526,9.0828,0.4318,1.4130
55.150,raw,538,9.3689,0.6165,1.3760
55.150,raw,551,9.7079,0.8503,1.3311
55.150,raw,563,-4.5817,-9.2410,0.5250
55.150,raw,575,-4.3375,-9.6625,0.5157
55.150,raw,587,-4.0667,-10.0680,0.5077
55.150,raw,600,9.5801,-0.6167,1.4496
55.150,raw,612,9.5041,-0.4803,1.4577
55.150,raw,624,9.4045,-0.3490,1.4676
55.150,raw,636,9.3261,-0.2249,1.4751
55.150,raw,649,9.2308,-0.0969,1.4837
55.150,raw,661,9.1596,0.0163,1.4898
55.150,raw,673,9.0995,0.1262,1.4945
55.150,raw,685,9.0433,0.2333,1.4985
55.150,raw,698,8.9701,0.3440,1.5036
55.150,raw,710,9.1936,0.5043,1.4804
55.150,raw,722,9.4887,0.7002,1.4497
55.150,raw,734,9.8803,0.9477,1.4088
55.150,raw,747,-4.2102,-8.0934,0.9198
55.150,raw,759,-5.7160,-9.9387,0.7588
55.150,raw,771,-5.4687,-10.4166,0.7500
55.150,raw,783,-5.1439,-10.8324,0.7467
55.150,raw,796,-4.7914,-11.2887,0.7416
55.150,raw,808,-4.5020,-11.7585,0.7313
55.150,raw,820,-4.2328,-12.2696,0.7168
55.150,raw,832,-4.0097,-12.8649,0.6944
55.150,raw,845,-3.7776,-13.5676,0.6651
55.150,raw,857,-3.5520,-14.2511,0.6352
55.150,raw,869,-3.2498,-14.8690,0.6106
55.150,raw,881,-3.0049,-15.6380,0.5736
55.150,raw,894,-2.7102,-16.5065,0.5308
55.150,raw,906,9.5953,-0.6403,1.5376
55.150,raw,918,9.5065,-0.5018,1.5446
55.150,raw,930,9.4211,-0.3703,1.5510
55.150,raw,942,9.3440,-0.2452,1.5566
55.150,raw,955,9.2490,-0.1161,1.5631
55.150,raw,967,9.1807,-0.0017,1.5674
55.150,raw,979,9.1186,0.1090,1.5711
55.150,raw,991,9.0515,0.2155,1.5748
55.150,raw,1004,8.9527,0.3223,1.5805
55.150,raw,1016,9.1400,0.4729,1.5659
55.150,raw,1028,9.4424,0.6666,1.5426
55.150,raw,1040,9.7871,0.8965,1.5155
55.150,raw,1053,-9.4918,-5.8495,1.0575
55.150,raw,1065,-9.3142,-6.3846,1.0562
55.150,raw,1077,-9.0623,-6.8893,1.0577
55.150,raw,1089,-8.9075,-7.4399,1.0534
55.150,raw,1102,-8.6006,-7.9705,1.0548
55.150,raw,1114,-8.2948,-8.4458,1.0564
55.150,raw,1126,-8.0890,-8.9821,1.0517
55.150,raw,1138,-7.7985,-9.4702,1.0506
55.150,raw,1151,-4.4991,-7.8055,1.2170
55.150,raw,1163,-4.1638,-8.1035,1.2209
55.150,raw,1175,-6.9012,-11.0010,1.0409
55.150,raw,1187,-6.5834,-11.4894,1.0371
55.150,raw,1200,-6.2706,-12.0596,1.0296
55.150,raw,1212,-5.8741,-12.4896,1.0284
55.150,raw,1224,-5.5804,-13.0392,1.0190
55.150,raw,1236,-5.2619,-13.5823,1.0097
55.150,raw,1249,-4.9610,-14.2557,0.9943
55.150,raw,1261,-4.7632,-15.0292,0.9713
55.150,raw,1273,-4.4895,-15.7525,0.9513
55.150,raw,1285,-4.3641,-16.7765,0.9150
55.150,raw,1298,-4.2602,-18.0705,0.8667
55.150,raw,1310,-5.2200,-21.4508,0.7106
55.150,raw,1322,-4.7784,-22.4426,0.6791
55.150,raw,1334,-4.3088,-23.4920,0.6445
55.150,raw,1347,-3.6564,-24.4274,0.6165
55.150,raw,1359,-2.9402,-25.0933,0.5994
55.150,raw,1371,-2.1305,-25.5512,0.5913
55.150,raw,1383,-1.2924,-25.9566,0.5844
55.150,raw,1396,-0.3503,-26.3082,0.5795
55.150,raw,1408,0.5119,-26.7118,0.5699
55.150,raw,1420,1.3817,-27.1657,0.5567
55.150,raw,1432,2.2778,-27.5810,0.5439
55.150,raw,1445,3.2679,-28.0747,0.5265
55.150,raw,1457,4.2080,-28.5362,0.5087
55.150,raw,1469,9.5455,-0.5697,1.6295
55.150,raw,1481,9.4544,-0.4347,1.6341
55.150,raw,1494,9.3816,-0.2968,1.6377
55.150,raw,1506,9.2793,-0.1750,1.6424
55.150,raw,1518,9.2182,-0.0582,1.6450
55.150,raw,1530,9.1487,0.0540,1.6479
55.150,raw,1543,9.0526,0.1684,1.6517
55.150,raw,1555,9.0026,0.2745,1.6533
55.150,raw,1567,9.0171,0.3903,1.6518
55.150,raw,1579,9.2799,0.5643,1.6385
55.150,raw,1592,9.6339,0.7948,1.6203
55.150,raw,1604,23.6860,10.7716,0.8453
55.150,raw,1616,-16.8345,15.1412,0.5545
55.150,raw,1628,-16.4577,13.7897,0.6025
55.150,raw,1641,-15.1944,1.4977,1.3348
55.150,raw,1653,-14.8557,0.7541,1.3433
55.150,raw,1665,-14.5766,0.0370,1.3499
55.150,raw,1677,-8.3872,-0.5287,1.4865
55.150,raw,1690,-13.9268,-1.3912,1.3635
55.150,raw,1702,-13.6327,-2.0485,1.3689
55.150,raw,1714,-13.3484,-2.6911,1.3735
55.150,raw,1726,-13.0601,-3.3190,1.3778
55.150,raw,1739,-12.7676,-3.9889,1.3815
55.150,raw,1751,-12.2412,-4.5354,1.3902
55.150,raw,1763,-11.9773,-5.1268,1.3926
55.150,raw,1775,-11.7696,-5.7289,1.3932
55.150,raw,1788,-11.5275,-6.3736,1.3938
55.150,raw,1800,-11.3240,-6.9757,1.3933
55.150,raw,1812,-10.9010,-7.4847,1.3977
55.150,raw,1824,-10.6457,-8.0594,1.3975
55.150,raw,1837,-10.3542,-8.6759,1.3972
55.150,raw,1849,-9.9764,-9.1852,1.3991
55.150,raw,1861,-9.7220,-9.7641,1.3975
55.150,raw,1873,-9.5664,-10.4157,1.3926
55.150,raw,1885,-9.1281,-10.8849,1.3947
55.150,raw,1898,-8.9792,-11.6367,1.3875
55.150,raw,1910,-8.6390,-12.1921,1.3857
55.150,raw,1922,-8.2247,-12.6901,1.3855
55.150,raw,1934,-8.0373,-13.4061,1.3778
55.150,raw,1947,-7.6072,-13.9889,1.3755
55.150,raw,1959,-7.4115,-14.7597,1.3661
55.150,raw,1971,-9.1441,-17.8505,1.2896
55.150,raw,1983,-8.8375,-18.7488,1.2785
55.150,raw,1996,-8.6240,-19.9521,1.2603
55.150,raw,2008,-8.2661,-20.9259,1.2472
55.150,raw,2020,-7.8836,-21.9386,1.2332
55.150,raw,2032,-7.4633,-22.9760,1.2184
55.150,raw,2045,-7.0203,-24.2360,1.1989
55.150,raw,2057,-6.6927,-25.7004,1.1734
55.150,raw,2069,-6.0984,-26.7674,1.1577
55.150,raw,2081,-5.2086,-27.2436,1.1558
55.150,raw,2094,-4.2284,-27.7388,1.1534
55.150,raw,2106,-3.3088,-28.1779,1.1508
55.150,raw,2118,-2.4092,-28.7191,1.1452
55.150,raw,2130,-1.5006,-29.3012,1.1381
55.150,raw,2143,-0.4953,-29.9619,1.1289
55.150,raw,2155,0.4786,-30.4776,1.1218
55.150,raw,2167,1.5009,-30.8182,1.1179
55.150,raw,2179,2.5362,-31.1629,1.1132
55.150,raw,2192,3.6610,-31.7572,1.1022
55.150,raw,2204,4.7333,-32.3097,1.0913
55.150,raw,2216,5.8412,-32.9353,1.0779
55.150,raw,2228,7.0104,-34.0717,1.0523
55.150,raw,2241,9.5675,-0.5936,1.7168
55.150,raw,2253,9.4611,-0.4562,1.7194
55.150,raw,2265,9.3866,-0.3277,1.7212
55.150,raw,2277,9.3074,-0.2047,1.7230
55.150,raw,2290,9.2140,-0.0779,1.7250
55.150,raw,2302,9.1534,0.0351,1.7262
55.150,raw,2314,9.0757,0.1427,1.7277
55.150,raw,2326,9.0290,0.2502,1.7284
55.150,raw,2339,8.9724,0.3631,1.7292
55.150,raw,2351,9.2223,0.5308,1.7231
55.150,raw,2363,9.5535,0.7392,1.7149
55.150,raw,2375,9.9312,0.9879,1.7054
55.150,raw,2388,-22.3111,18.7355,1.0516
55.150,raw,2400,-21.7578,17.0109,1.0825
55.150,raw,2412,-21.1516,15.3660,1.1127
55.150,raw,2424,-20.1888,13.6364,1.1498
55.150,raw,2437,-20.1391,12.3888,1.1633
55.150,raw,2449,-19.3654,10.9571,1.1921
55.150,raw,2461,-18.8084,9.7085,1.2141
55.150,raw,2473,-18.3149,8.5551,1.2334
55.150,raw,2486,-17.8116,7.3857,1.2523
55.150,raw,2498,-17.3525,6.3656,1.2685
55.150,raw,2510,-16.9468,5.4098,1.2825
55.150,raw,2522,-16.5275,4.4951,1.2961
55.150,raw,2535,-16.1051,3.5569,1.3091
55.150,raw,2547,-15.7555,2.7349,1.3195
55.150,raw,2559,-17.7174,-1.1428,1.8319
55.150,raw,2571,-16.7272,-4.2561,1.8310
55.150,raw,2584,-14.4787,-7.8852,1.8294
55.150,raw,2596,-25.9302,-14.5684,1.8472
55.150,raw,2608,-25.7376,-15.8136,1.8477
55.150,raw,2620,-25.0296,-16.8111,1.8475
55.150,raw,2633,-24.2885,-17.8935,1.8473
55.150,raw,2645,-23.6218,-18.8964,1.8472
55.150,raw,2657,-22.9363,-19.8843,1.8472
55.150,raw,2669,-22.2499,-20.8709,1.8472
55.150,raw,2682,-21.4414,-21.8914,1.8472
55.150,raw,2694,-20.6880,-22.8274,1.8472
55.150,raw,2706,-19.9537,-23.7842,1.8473
55.150,raw,2718,-19.2156,-24.7471,1.8475
55.150,raw,2731,-18.4410,-25.8336,1.8478
55.150,raw,2743,9.5384,-0.5582,1.8051
55.150,raw,2755,9.4516,-0.4241,1.8049
55.150,raw,2767,9.3640,-0.2964,1.8048
55.150,raw,2779,9.2887,-0.1749,1.8047
55.150,raw,2792,9.2084,-0.0489,1.8046
55.150,raw,2804,9.1225,0.0615,1.8045
55.150,raw,2816,9.0749,0.1711,1.8044
55.150,raw,2828,8.9964,0.2735,1.8044
55.150,raw,2841,9.0373,0.4036,1.8044
55.150,raw,2853,9.2948,0.5781,1.8048
55.150,raw,2865,9.6150,0.7898,1.8053
55.150,raw,2877,-15.8227,-2.1925,2.3385
55.150,raw,2890,-26.1154,-14.2122,2.6640
55.150,raw,2902,9.5924,-0.6400,1.8941
55.150,raw,2914,9.5000,-0.5013,1.8915
55.150,raw,2926,9.4110,-0.3699,1.8891
55.150,raw,2939,9.3406,-0.2351,1.8873
55.150,raw,2951,9.2531,-0.1160,1.8852
55.150,raw,2963,9.1609,-0.0030,1.8830
55.150,raw,2975,9.1077,0.1079,1.8819
55.150,raw,2988,9.0358,0.2229,1.8805
55.150,raw,3000,8.9553,0.3228,1.8789
55.150,raw,3012,9.1377,0.4725,1.8840
55.150,raw,3024,9.4308,0.6638,1.8921
55.150,raw,3037,9.8257,0.9197,1.9032
55.150,raw,3049,-26.1982,-14.0296,3.4818
55.150,raw,3061,-19.9270,-24.3091,3.5007
55.150,raw,3073,9.5020,-0.5228,1.9784
55.150,raw,3086,9.4414,-0.3817,1.9750
55.150,raw,3098,9.3566,-0.2555,1.9707
55.150,raw,3110,9.2501,-0.1358,1.9656
55.150,raw,3122,9.1696,-0.0218,1.9620
55.150,raw,3135,9.1324,0.1007,1.9606
55.150,raw,3147,9.0373,0.2042,1.9566
55.150,raw,3159,8.9721,0.3070,1.9542
55.150,raw,3171,9.0757,0.4402,1.9603
55.150,raw,3184,9.4055,0.6468,1.9780
55.150,raw,3196,9.7508,0.8742,1.9968
55.150,raw,3208,-17.9969,0.5582,3.5092
55.150,raw,3220,-19.7398,-0.2672,3.6333
55.150,raw,3233,-19.4351,-1.2107,3.6129
55.150,raw,3245,-19.1776,-2.0655,3.5979
55.150,raw,3257,-17.8548,-2.7908,3.5082
55.150,raw,3269,-18.4555,-3.7070,3.5592
55.150,raw,3282,-18.1784,-4.5877,3.5497
55.150,raw,3294,-17.9293,-5.3942,3.5435
55.150,raw,3306,-17.6993,-6.3448,3.5434
55.150,raw,3318,-11.4291,-8.4329,3.1705
55.150,raw,3331,9.5103,-0.5128,2.0658
55.150,raw,3343,9.4243,-0.3809,2.0590
55.150,raw,3355,9.3481,-0.2554,2.0533
55.150,raw,3367,9.2743,-0.1352,2.0481
55.150,raw,3380,9.1685,-0.0122,2.0408
55.150,raw,3392,9.1106,0.0987,2.0373
55.150,raw,3404,9.0290,0.2032,2.0323
55.150,raw,3416,8.9821,0.3086,2.0301
55.150,raw,3429,9.1055,0.4560,2.0407
55.150,raw,3441,9.3875,0.6425,2.0634
55.150,raw,3453,9.7515,0.8743,2.0928
55.150,raw,3465,-17.1186,-0.2616,3.9862
55.150,raw,3478,-16.7131,-1.1031,3.9492
55.150,raw,3490,-15.8645,-2.2592,3.8759
55.150,raw,3502,-15.6586,-2.9899,3.8641
55.150,raw,3514,-15.3128,-3.6898,3.8412
55.150,raw,3527,-15.0941,-4.4617,3.8340
55.150,raw,3539,-14.8718,-5.3541,3.8320
55.150,raw,3551,-14.6699,-6.0611,3.8308
55.150,raw,3563,-14.4274,-6.7548,3.8280
55.150,raw,3576,-14.1687,-7.5065,3.8279
55.150,raw,3588,9.3995,-0.3385,2.1417
55.150,raw,3600,9.2648,-0.1751,2.1287
55.150,raw,3612,9.2293,-0.0577,2.1256
55.150,raw,3625,9.1319,0.0623,2.1170
55.150,raw,3637,9.0577,0.1690,2.1110
55.150,raw,3649,8.9981,0.2738,2.1067
55.150,raw,3661,8.9900,0.3852,2.1078
56.341,raw,0,9.6878,-0.5790,1.1189
56.341,raw,11,9.6166,-0.4588,1.1343
56.341,raw,23,9.5065,-0.3323,1.1563
56.341,raw,35,9.4588,-0.2140,1.1658
56.341,raw,47,9.3999,-0.0994,1.1767
56.341,raw,59,9.3037,0.0090,1.1938
56.341,raw,71,9.2410,0.1145,1.2040
56.341,raw,83,9.1589,0.2138,1.2172
56.341,raw,95,9.1034,0.3128,1.2248
56.341,raw,107,9.0374,0.4069,1.2338
56.341,raw,119,9.2459,0.5636,1.1891
56.341,raw,131,9.5745,0.7706,1.1195
56.341,raw,143,9.9508,1.0194,1.0383
56.341,raw,155,9.6169,-0.4793,1.2194
56.341,raw,167,9.5276,-0.3529,1.2353
56.341,raw,179,9.4623,-0.2334,1.2466
56.341,raw,191,9.3871,-0.1187,1.2588
56.341,raw,203,9.3323,-0.0079,1.2671
56.341,raw,215,9.2508,0.0971,1.2792
56.341,raw,227,9.1734,0.1977,1.2900
56.341,raw,239,9.1023,0.2948,1.2993
56.341,raw,251,9.0485,0.3915,1.3051
56.341,raw,263,9.2122,0.5366,1.2739
56.341,raw,275,9.4956,0.7277,1.2211
56.341,raw,287,9.8849,0.9748,1.1485
56.341,raw,299,9.6236,-0.5003,1.3030
56.341,raw,310,9.5442,-0.3836,1.3153
56.341,raw,322,9.4733,-0.2627,1.3258
56.341,raw,334,9.3913,-0.1471,1.3374
56.341,raw,346,9.3414,-0.0355,1.3439
56.341,raw,358,9.2451,0.0692,1.3564
56.341,raw,370,9.1887,0.1725,1.3628
56.341,raw,382,9.1448,0.2747,1.3670
56.341,raw,394,9.0736,0.3698,1.3746
56.341,raw,406,9.1178,0.4870,1.3652
56.341,raw,418,9.4129,0.6747,1.3188
56.341,raw,430,9.7615,0.9023,1.2632
56.341,raw,442,9.6585,-0.5344,1.3831
56.341,raw,454,9.5559,-0.4042,1.3962
56.341,raw,466,9.4908,-0.2827,1.4043
56.341,raw,478,9.4334,-0.1658,1.4111
56.341,raw,490,9.3589,-0.0535,1.4195
56.341,raw,502,9.2596,0.0520,1.4303
56.341,raw,514,9.2066,0.1565,1.4352
56.341,raw,526,9.1305,0.2546,1.4426
56.341,raw,538,9.0876,0.3546,1.4456
56.341,raw,550,9.0955,0.4639,1.4422
56.341,raw,562,9.3756,0.6448,1.4056
56.341,raw,574,9.6940,0.8596,1.3633
56.341,raw,586,-4.7148,-9.1495,0.5007
56.341,raw,598,9.6110,-0.4584,1.4730
56.341,raw,609,9.5236,-0.3428,1.4817
56.341,raw,621,9.4318,-0.2234,1.4905
56.341,raw,633,9.3835,-0.1093,1.4949
56.341,raw,645,9.2979,-0.0006,1.5023
56.341,raw,657,9.2536,0.1066,1.5057
56.341,raw,669,9.1613,0.2051,1.5131
56.341,raw,681,9.1070,0.3045,1.5168
56.341,raw,693,9.0476,0.4002,1.5206
56.341,raw,705,9.2231,0.5486,1.5018
56.341,raw,717,9.5310,0.7479,1.4696
56.341,raw,729,9.9069,0.9936,1.4298
56.341,raw,741,-4.2469,-7.8036,0.9142
56.341,raw,753,-5.9639,-9.7260,0.7395
56.341,raw,765,-5.6491,-10.1540,0.7376
56.341,raw,777,-5.4224,-10.6655,0.7260
56.341,raw,789,-5.1146,-11.1149,0.7202
56.341,raw,801,-4.8153,-11.5825,0.7118
56.341,raw,813,-4.4979,-12.0434,0.7033
56.341,raw,825,-4.2571,-12.6105,0.6846
56.341,raw,837,-4.0561,-13.2605,0.6583
56.341,raw,849,-3.8440,-13.9411,0.6295
56.341,raw,861,-3.5630,-14.5720,0.6048
56.341,raw,873,-3.3391,-15.3425,0.5686
56.341,raw,885,-3.0256,-16.0313,0.5389
56.341,raw,897,9.6964,-0.5799,1.5496
56.341,raw,908,9.6129,-0.4586,1.5561
56.341,raw,920,9.5190,-0.3328,1.5631
56.341,raw,932,9.4362,-0.2139,1.5690
56.341,raw,944,9.3716,-0.1002,1.5734
56.341,raw,956,9.3004,0.0088,1.5779
56.341,raw,968,9.2342,0.1138,1.5819
56.341,raw,980,9.1702,0.2153,1.5855
56.341,raw,992,9.1032,0.3128,1.5891
56.341,raw,1004,9.0349,0.4064,1.5925
56.341,raw,1016,9.2606,0.5671,1.5749
56.341,raw,1028,9.5541,0.7649,1.5519
56.341,raw,1040,9.9438,1.0172,1.5212
56.341,raw,1052,-9.8259,-5.3397,1.0387
56.341,raw,1064,-9.5655,-5.8588,1.0423
56.341,raw,1076,-9.4112,-6.4156,1.0398
56.341,raw,1088,-9.1658,-6.9368,1.0409
56.341,raw,1100,-8.9071,-7.4506,1.0417
56.341,raw,1112,-8.7143,-7.9985,1.0383
56.341,raw,1124,-8.4313,-8.5015,1.0386
56.341,raw,1136,-8.1355,-8.9969,1.0386
56.341,raw,1148,-7.8535,-9.5022,1.0370
56.341,raw,1160,-4.4557,-7.7719,1.2090
56.341,raw,1172,-4.0445,-8.0202,1.2172
56.341,raw,1184,-7.0066,-11.0495,1.0258
56.341,raw,1196,-6.7175,-11.5774,1.0201
56.341,raw,1207,-6.4503,-12.0704,1.0139
56.341,raw,1219,-6.1580,-12.6224,1.0058
56.341,raw,1231,-5.7664,-13.0855,1.0028
56.341,raw,1243,-5.4752,-13.6737,0.9916
56.341,raw,1255,-5.1364,-14.2308,0.9819
56.341,raw,1267,-4.9701,-15.0453,0.9572
56.341,raw,1279,-4.6902,-15.7630,0.9381
56.341,raw,1291,-4.7151,-17.0100,0.8902
56.341,raw,1303,-4.6489,-18.2471,0.8439
56.341,raw,1315,-5.6748,-21.6210,0.6874
56.341,raw,1327,-5.2530,-22.6559,0.6547
56.341,raw,1339,-4.8088,-23.7629,0.6181
56.341,raw,1351,-4.2165,-24.6636,0.5915
56.341,raw,1363,-3.4917,-25.3331,0.5755
56.341,raw,1375,-2.6911,-25.8591,0.5653
56.341,raw,1387,-1.8583,-26.3357,0.5563
56.341,raw,1399,-1.0224,-26.8579,0.5439
56.341,raw,1411,-0.1059,-27.1187,0.5424
56.341,raw,1423,0.7844,-27.5322,0.5324
56.341,raw,1435,1.6870,-27.9723,0.5198
56.341,raw,1447,2.6054,-28.4502,0.5041
56.341,raw,1459,9.6075,-0.4887,1.6393
56.341,raw,1471,9.5240,-0.3626,1.6435
56.341,raw,1483,9.4467,-0.2429,1.6471
56.341,raw,1495,9.3803,-0.1283,1.6502
56.341,raw,1506,9.3055,-0.0280,1.6534
56.341,raw,1518,9.2608,0.0797,1.6551
56.341,raw,1530,9.1773,0.1802,1.6584
56.341,raw,1542,9.1224,0.2802,1.6603
56.341,raw,1554,9.0675,0.3775,1.6620
56.341,raw,1566,9.1644,0.5068,1.6564
56.341,raw,1578,9.4520,0.6952,1.6417
56.341,raw,1590,9.7964,0.9243,1.6238
56.341,raw,1602,-16.7245,16.6412,0.5096
56.341,raw,1614,-16.1744,15.0783,0.5712
56.341,raw,1626,-15.3596,2.4831,1.3230
56.341,raw,1638,-15.0388,1.7059,1.3319
56.341,raw,1650,-14.7579,0.9577,1.3393
56.341,raw,1662,-14.4880,0.2320,1.3458
56.341,raw,1674,-14.2061,-0.4739,1.3521
56.341,raw,1686,-8.2531,-0.8867,1.4831
56.341,raw,1698,-13.6891,-1.8349,1.3620
56.341,raw,1710,-13.4145,-2.4917,1.3666
56.341,raw,1722,-13.1726,-3.1398,1.3700
56.341,raw,1734,-12.9329,-3.7784,1.3728
56.341,raw,1746,-12.4199,-4.3474,1.3814
56.341,raw,1758,-12.2009,-4.9663,1.3829
56.341,raw,1770,-11.9587,-5.5743,1.3844
56.341,raw,1782,-11.7229,-6.1802,1.3853
56.341,raw,1794,-11.5145,-6.7942,1.3851
56.341,raw,1805,-11.1234,-7.2759,1.3893
56.341,raw,1817,-10.9537,-7.9036,1.3872
56.341,raw,1829,-10.8062,-8.5503,1.3840
56.341,raw,1841,-10.4063,-9.0733,1.3866
56.341,raw,1853,-10.2971,-9.7576,1.3813
56.341,raw,1865,-10.1400,-10.4321,1.3765
56.341,raw,1877,-9.7752,-10.9843,1.3766
56.341,raw,1889,-9.6375,-11.7035,1.3699
56.341,raw,1901,-9.3360,-12.3214,1.3670
56.341,raw,1913,-8.9295,-12.8637,1.3664
56.341,raw,1925,-8.7945,-13.6553,1.3571
56.341,raw,1937,-8.3932,-14.2302,1.3549
56.341,raw,1949,-9.8901,-16.7875,1.2916
56.341,raw,1961,-9.6213,-17.6770,1.2813
56.341,raw,1973,-9.3108,-18.5685,1.2709
56.341,raw,1985,-8.9872,-19.4974,1.2595
56.341,raw,1997,-8.7675,-20.6318,1.2424
56.341,raw,2009,-8.4159,-21.6680,1.2281
56.341,raw,2021,-8.0428,-22.7561,1.2125
56.341,raw,2033,-7.6426,-23.8968,1.1955
56.341,raw,2045,-7.2253,-25.1206,1.1763
56.341,raw,2057,-6.9201,-26.7112,1.1482
56.341,raw,2069,-6.2079,-27.6123,1.1368
56.341,raw,2081,-5.2905,-28.1068,1.1348
56.341,raw,2093,-4.3721,-28.6212,1.1315
56.341,raw,2104,-3.5064,-29.0525,1.1288
56.341,raw,2116,-2.5705,-29.5869,1.1238
56.341,raw,2128,-1.6077,-30.0856,1.1188
56.341,raw,2140,-0.6556,-30.7100,1.1103
56.341,raw,2152,0.3185,-31.3688,1.1003
56.341,raw,2164,1.3445,-31.9006,1.0925
56.341,raw,2176,2.4192,-32.2330,1.0883
56.341,raw,2188,3.5029,-32.6344,1.0818
56.341,raw,2200,4.6022,-33.1685,1.0716
56.341,raw,2212,5.7335,-33.8374,1.0575
56.341,raw,2224,9.6901,-0.5792,1.7201
56.341,raw,2236,9.5858,-0.4464,1.7226
56.341,raw,2248,9.5167,-0.3228,1.7243
56.341,raw,2260,9.4316,-0.2042,1.7262
56.341,raw,2272,9.3472,-0.0915,1.7281
56.341,raw,2284,9.2901,0.0174,1.7292
56.341,raw,2296,9.2285,0.1224,1.7304
56.341,raw,2308,9.1430,0.2206,1.7320
56.341,raw,2320,9.0782,0.3174,1.7331
56.341,raw,2332,9.0430,0.4169,1.7334
56.341,raw,2344,9.2957,0.5853,1.7272
56.341,raw,2356,9.5907,0.7859,1.7198
56.341,raw,2368,9.9768,1.0399,1.7100
56.341,raw,2380,-21.6056,19.0388,1.0559
56.341,raw,2392,-20.5875,16.9993,1.0996
56.341,raw,2403,-19.8181,15.3669,1.1331
56.341,raw,2415,-19.2170,13.8418,1.1614
56.341,raw,2427,-19.2665,12.7467,1.1718
56.341,raw,2439,-11.1672,7.8759,1.3796
56.341,raw,2451,-18.3428,10.2201,1.2139
56.341,raw,2463,-17.9080,9.0705,1.2324
56.341,raw,2475,-17.4580,7.9755,1.2500
56.341,raw,2487,-17.0872,6.9615,1.2647
56.341,raw,2499,-16.7307,5.9981,1.2782
56.341,raw,2511,-16.3562,5.0727,1.2912
56.341,raw,2523,-16.0071,4.1928,1.3029
56.341,raw,2535,-15.7149,3.3582,1.3125
56.341,raw,2547,-17.7839,-0.6608,1.8323
56.341,raw,2559,-15.4948,-4.8425,1.8299
56.341,raw,2571,-26.2003,-13.6978,1.8474
56.341,raw,2583,-11.5922,-8.7502,1.8266
56.341,raw,2595,9.6270,-0.5211,1.8048
56.341,raw,2607,9.5567,-0.3943,1.8047
56.341,raw,2619,9.4907,-0.2729,1.8046
56.341,raw,2631,9.3893,-0.1566,1.8045
56.341,raw,2643,9.3417,-0.0449,1.8044
56.341,raw,2655,9.2567,0.0610,1.8043
56.341,raw,2667,9.2057,0.1654,1.8043
56.341,raw,2679,9.1225,0.2623,1.8042
56.341,raw,2691,9.0728,0.3607,1.8041
56.341,raw,2702,9.0919,0.4631,1.8042
56.341,raw,2714,9.3767,0.6451,1.8046
56.341,raw,2726,9.7086,0.8639,1.8051
56.341,raw,2738,-14.9013,-4.9678,2.3334
56.341,raw,2750,-25.8577,-14.5363,2.6677
56.341,raw,2762,9.6478,-0.5333,1.8886
56.341,raw,2774,9.5638,-0.4047,1.8863
56.341,raw,2786,9.4787,-0.2823,1.8840
56.341,raw,2798,9.3911,-0.1661,1.8818
56.341,raw,2810,9.3399,-0.0543,1.8806
56.341,raw,2822,9.2528,0.0515,1.8786
56.341,raw,2834,9.1912,0.1547,1.8774
56.341,raw,2846,9.1356,0.2554,1.8763
56.341,raw,2858,9.0655,0.3505,1.8750
56.341,raw,2870,9.0874,0.4621,1.8761
56.341,raw,2882,9.3609,0.6411,1.8837
56.341,raw,2894,9.7049,0.8628,1.8933
56.341,raw,2906,-18.8344,-2.7679,3.0085
56.341,raw,2918,-25.8484,-14.5322,3.4885
56.341,raw,2930,9.6453,-0.5022,1.9722
56.341,raw,2942,9.5431,-0.3735,1.9668
56.341,raw,2954,9.4674,-0.2529,1.9630
56.341,raw,2966,9.3900,-0.1376,1.9592
56.341,raw,2978,9.3198,-0.0272,1.9560
56.341,raw,2990,9.2557,0.0792,1.9533
56.341,raw,3001,9.1720,0.1705,1.9497
56.341,raw,3013,9.1272,0.2720,1.9483
56.341,raw,3025,9.0492,0.3652,1.9453
56.341,raw,3037,9.1203,0.4876,1.9499
56.341,raw,3049,9.4011,0.6716,1.9651
56.341,raw,3061,9.7637,0.9029,1.9850
56.341,raw,3073,-16.8085,0.6092,3.4436
56.341,raw,3085,-16.5752,-0.1810,3.4258
56.341,raw,3097,-19.4205,-1.0597,3.6310
56.341,raw,3109,-19.1480,-1.9233,3.6146
56.341,raw,3121,-17.2465,-2.6039,3.4829
56.341,raw,3133,-18.4060,-3.5810,3.5739
56.341,raw,3145,-18.1487,-4.4018,3.5647
56.341,raw,3157,-17.8826,-5.2128,3.5569
56.341,raw,3169,-17.6360,-6.2393,3.5563
56.341,raw,3181,-17.3837,-7.0453,3.5541
56.341,raw,3193,-17.1107,-7.8431,3.5524
56.341,raw,3205,-16.8631,-8.6497,3.5547
56.341,raw,3217,9.6707,-0.5667,2.0583
56.341,raw,3229,9.5829,-0.4361,2.0513
56.341,raw,3241,9.4986,-0.3123,2.0448
56.341,raw,3253,9.4132,-0.1946,2.0385
56.341,raw,3265,9.3460,-0.0822,2.0338
56.341,raw,3277,9.2775,0.0258,2.0293
56.341,raw,3289,9.2101,0.1296,2.0251
56.341,raw,3300,9.1656,0.2237,2.0227
56.341,raw,3312,9.0843,0.3185,2.0180
56.341,raw,3324,9.0466,0.4177,2.0167
56.341,raw,3336,9.2699,0.5790,2.0348
56.341,raw,3348,9.5780,0.7823,2.0599
56.341,raw,3360,9.9772,1.0400,2.0926
56.341,raw,3372,-16.6355,-1.1613,3.9680
56.341,raw,3384,-15.8490,-2.5232,3.9029
56.341,raw,3396,-15.5131,-3.2441,3.8795
56.341,raw,3408,-15.3003,-3.9705,3.8703
56.341,raw,3420,-14.9286,-4.6573,3.8481
56.341,raw,3432,-14.6927,-5.6166,3.8472
56.341,raw,3444,-14.4655,-6.3218,3.8445
56.341,raw,3456,-14.2438,-7.0276,3.8447
56.341,raw,3468,-14.0098,-7.7299,3.8461
56.341,raw,3480,9.5363,-0.3831,2.1291
56.341,raw,3492,9.4496,-0.2429,2.1204
56.341,raw,3504,9.3734,-0.1285,2.1132
56.341,raw,3516,9.3114,-0.0184,2.1076
56.341,raw,3528,9.2408,0.0871,2.1016
56.341,raw,3540,9.1728,0.1886,2.0962
56.341,raw,3552,9.1009,0.2857,2.0907
56.341,raw,3564,9.0398,0.3810,2.0866
56.341,raw,3576,9.1788,0.5194,2.1023
57.439,raw,0,9.6264,-0.5683,1.1480
57.439,raw,12,9.5376,-0.4426,1.1667
57.439,raw,25,9.4597,-0.3146,1.1825
57.439,raw,38,9.3794,-0.1926,1.1978
57.439,raw,51,9.3221,-0.0755,1.2080
57.439,raw,64,9.2334,0.0350,1.2234
57.439,raw,77,9.1887,0.1449,1.2296
57.439,raw,90,9.0937,0.2445,1.2448
57.439,raw,103,9.0295,0.3442,1.2534
57.439,raw,116,9.0186,0.4531,1.2510
57.439,raw,129,9.3169,0.6486,1.1875
57.439,raw,141,9.6714,0.8774,1.1113
57.439,raw,154,9.5997,-0.5259,1.2367
57.439,raw,167,9.5323,-0.3939,1.2493
57.439,raw,180,9.4368,-0.2671,1.2657
57.439,raw,193,9.3369,-0.1476,1.2820
57.439,raw,206,9.2735,-0.0332,1.2916
57.439,raw,219,9.2008,0.0761,1.3021
57.439,raw,232,9.1438,0.1828,1.3093
57.439,raw,245,9.0706,0.2835,1.3187
57.439,raw,258,9.0102,0.3828,1.3253
57.439,raw,270,9.1004,0.5080,1.3063
57.439,raw,283,9.4296,0.7201,1.2451
57.439,raw,296,9.8414,0.9889,1.1676
57.439,raw,309,9.5563,-0.4732,1.3257
57.439,raw,322,9.4818,-0.3437,1.3371
57.439,raw,335,9.4030,-0.2202,1.3485
57.439,raw,348,9.3079,-0.1032,1.3615
57.439,raw,361,9.2396,0.0090,1.3702
57.439,raw,374,9.1827,0.1180,1.3767
57.439,raw,387,9.1142,0.2218,1.3844
57.439,raw,400,9.0379,0.3203,1.3926
57.439,raw,412,8.9943,0.4133,1.3959
57.439,raw,425,9.2304,0.5871,1.3580
57.439,raw,438,9.5638,0.8117,1.3045
57.439,raw,451,9.6180,-0.5575,1.3983
57.439,raw,464,9.5268,-0.4226,1.4101
57.439,raw,477,9.4437,-0.2953,1.4204
57.439,raw,490,9.3661,-0.1744,1.4295
57.439,raw,503,9.2916,-0.0590,1.4377
57.439,raw,516,9.2104,0.0507,1.4462
57.439,raw,529,9.1551,0.1582,1.4513
57.439,raw,541,9.0923,0.2529,1.4570
57.439,raw,554,9.0406,0.3549,1.4608
57.439,raw,567,9.0319,0.4649,1.4590
57.439,raw,580,9.3520,0.6681,1.4170
57.439,raw,593,9.7314,0.9188,1.3664
57.439,raw,606,-4.6387,-8.7723,0.5231
57.439,raw,619,-4.4447,-9.2841,0.5069
57.439,raw,632,-4.1251,-9.6991,0.5036
57.439,raw,645,9.5316,-0.4422,1.4889
57.439,raw,658,9.4768,-0.3151,1.4946
57.439,raw,670,9.3870,-0.2018,1.5030
57.439,raw,683,9.3162,-0.0848,1.5093
57.439,raw,696,9.2339,0.0262,1.5163
57.439,raw,709,9.1735,0.1344,1.5209
57.439,raw,722,9.0903,0.2354,1.5273
57.439,raw,735,9.0373,0.3372,1.5305
57.439,raw,748,8.9700,0.4332,1.5347
57.439,raw,761,9.2834,0.6298,1.5021
57.439,raw,774,9.6702,0.8771,1.4613
57.439,raw,787,-6.2539,-8.7256,0.7603
57.439,raw,800,-4.2117,-7.9136,0.9076
57.439,raw,812,-5.6910,-9.6600,0.7532
57.439,raw,825,-5.3752,-10.1356,0.7491
57.439,raw,838,-5.1003,-10.6563,0.7394
57.439,raw,851,-4.8040,-11.1717,0.7295
57.439,raw,864,-4.4763,-11.6702,0.7205
57.439,raw,877,-4.2080,-12.2537,0.7028
57.439,raw,890,-3.9823,-12.9224,0.6773
57.439,raw,903,-3.7756,-13.6646,0.6454
57.439,raw,916,-3.5335,-14.4177,0.6127
57.439,raw,929,-3.2277,-15.1378,0.5828
57.439,raw,941,-3.0143,-15.9790,0.5408
57.439,raw,954,-2.6571,-16.7570,0.5059
57.439,raw,967,9.5312,-0.4519,1.5681
57.439,raw,980,9.4654,-0.3242,1.5731
57.439,raw,993,9.3763,-0.2018,1.5794
57.439,raw,1006,9.3089,-0.0852,1.5838
57.439,raw,1019,9.2147,0.0247,1.5899
57.439,raw,1032,9.1429,0.1308,1.5941
57.439,raw,1045,9.1012,0.2371,1.5959
57.439,raw,1058,9.0365,0.3370,1.5991
57.439,raw,1070,8.9683,0.4243,1.6025
57.439,raw,1083,9.2582,0.6134,1.5799
57.439,raw,1096,9.6405,0.8568,1.5499
57.439,raw,1109,21.9975,9.6952,0.5117
57.439,raw,1122,-9.3107,-5.1269,1.0604
57.439,raw,1135,-9.1800,-5.7250,1.0573
57.439,raw,1148,-8.9175,-6.2764,1.0596
57.439,raw,1161,-8.8198,-6.8982,1.0527
57.439,raw,1174,-8.5574,-7.4527,1.0528
57.439,raw,1187,-8.2756,-7.9975,1.0528
57.439,raw,1200,-7.9787,-8.5344,1.0526
57.439,raw,1212,-7.7145,-9.0374,1.0510
57.439,raw,1225,-7.4348,-9.5912,1.0477
57.439,raw,1238,-4.1835,-7.9389,1.2118
57.439,raw,1251,-6.8338,-10.6917,1.0397
57.439,raw,1264,-6.5199,-11.2456,1.0345
57.439,raw,1277,-6.2103,-11.8164,1.0275
57.439,raw,1290,-5.8977,-12.4017,1.0192
57.439,raw,1303,-5.5919,-13.0160,1.0086
57.439,raw,1316,-5.1879,-13.5433,1.0028
57.439,raw,1329,-5.0091,-14.3722,0.9788
57.439,raw,1341,-4.7521,-15.0727,0.9605
57.439,raw,1354,-4.5545,-16.0076,0.9310
57.439,raw,1367,-4.4758,-17.2254,0.8865
57.439,raw,1380,-5.7154,-20.8815,0.7148
57.439,raw,1393,-5.2913,-21.9874,0.6800
57.439,raw,1406,-4.8360,-23.1627,0.6416
57.439,raw,1419,-4.3315,-24.3868,0.6004
57.439,raw,1432,-3.5551,-25.1048,0.5837
57.439,raw,1445,-2.6948,-25.6696,0.5732
57.439,raw,1458,-1.8164,-26.2388,0.5610
57.439,raw,1470,-0.9655,-26.6885,0.5521
57.439,raw,1483,0.0045,-27.0408,0.5472
57.439,raw,1496,0.9513,-27.5641,0.5328
57.439,raw,1509,1.9219,-28.0979,0.5163
57.439,raw,1522,9.6268,-0.5684,1.6423
57.439,raw,1535,9.5349,-0.4328,1.6470
57.439,raw,1548,9.4580,-0.3051,1.6507
57.439,raw,1561,9.3968,-0.1832,1.6536
57.439,raw,1574,9.2938,-0.0679,1.6581
57.439,raw,1587,9.2224,0.0429,1.6610
57.439,raw,1600,9.1466,0.1485,1.6639
57.439,raw,1612,9.0875,0.2435,1.6660
57.439,raw,1625,9.0212,0.3426,1.6682
57.439,raw,1638,9.0291,0.4556,1.6667
57.439,raw,1651,9.3193,0.6492,1.6517
57.439,raw,1664,9.6817,0.8917,1.6328
57.439,raw,1677,-16.0715,17.3194,0.5105
57.439,raw,1690,-15.5024,15.5944,0.5786
57.439,raw,1703,-14.4141,2.8972,1.3404
57.439,raw,1716,-14.1102,2.0797,1.3494
57.439,raw,1729,-13.8329,1.2938,1.3571
57.439,raw,1741,-13.5857,0.5910,1.3635
57.439,raw,1754,-13.3012,-0.1491,1.3701
57.439,raw,1767,-8.2596,-0.7067,1.4812
57.439,raw,1780,-12.8344,-1.5740,1.3793
57.439,raw,1793,-12.5793,-2.2625,1.3836
57.439,raw,1806,-12.3397,-2.9398,1.3869
57.439,raw,1819,-11.9254,-3.5742,1.3937
57.439,raw,1832,-11.7445,-4.2386,1.3946
57.439,raw,1845,-11.5441,-4.8955,1.3955
57.439,raw,1858,-11.3751,-5.5599,1.3951
57.439,raw,1870,-11.2092,-6.1719,1.3944
57.439,raw,1883,-10.8577,-6.7724,1.3972
57.439,raw,1896,-10.6089,-7.4077,1.3970
57.439,raw,1909,-10.3478,-8.0389,1.3965
57.439,raw,1922,-9.9773,-8.6162,1.3982
57.439,raw,1935,-9.7154,-9.2498,1.3966
57.439,raw,1948,-9.3501,-9.8269,1.3970
57.439,raw,1961,-9.0918,-10.4752,1.3940
57.439,raw,1974,-8.8695,-11.1633,1.3893
57.439,raw,1987,-8.5053,-11.7613,1.3878
57.439,raw,2000,-8.3438,-12.5393,1.3797
57.439,raw,2012,-7.9825,-13.0986,1.3775
57.439,raw,2025,-7.8438,-13.9641,1.3667
57.439,raw,2038,-7.4485,-14.6136,1.3625
57.439,raw,2051,-9.2193,-17.7522,1.2850
57.439,raw,2064,-8.9292,-18.7767,1.2719
57.439,raw,2077,-8.7377,-20.0079,1.2531
57.439,raw,2090,-8.3667,-21.0949,1.2385
57.439,raw,2103,-7.9829,-22.2559,1.2219
57.439,raw,2116,-7.5625,-23.4679,1.2040
57.439,raw,2129,-7.2832,-25.0705,1.1763
57.439,raw,2141,-6.8647,-26.4168,1.1541
57.439,raw,2154,-6.0981,-27.3750,1.1423
57.439,raw,2167,-5.1212,-27.9278,1.1396
57.439,raw,2180,-4.1417,-28.5047,1.1355
57.439,raw,2193,-3.1434,-29.0736,1.1308
57.439,raw,2206,-2.1307,-29.6560,1.1250
57.439,raw,2219,-1.1161,-30.3208,1.1165
57.439,raw,2232,-0.0809,-31.0371,1.1060
57.439,raw,2245,0.9988,-31.7113,1.0957
57.439,raw,2258,2.1470,-32.1357,1.0900
57.439,raw,2270,3.2246,-32.5345,1.0839
57.439,raw,2283,4.4068,-33.1241,1.0728
57.439,raw,2296,5.6243,-33.9562,1.0554
57.439,raw,2309,9.5990,-0.5457,1.7242
57.439,raw,2322,9.5278,-0.4130,1.7260
57.439,raw,2335,9.4444,-0.2859,1.7279
57.439,raw,2348,9.3413,-0.1657,1.7302
57.439,raw,2361,9.2859,-0.0503,1.7313
57.439,raw,2374,9.2014,0.0586,1.7330
57.439,raw,2387,9.1519,0.1665,1.7339
57.439,raw,2400,9.0752,0.2672,1.7352
57.439,raw,2412,9.0207,0.3594,1.7360
57.439,raw,2425,9.0383,0.4752,1.7351
57.439,raw,2438,9.3756,0.6846,1.7267
57.439,raw,2451,9.7629,0.9402,1.7169
57.439,raw,2464,-21.1564,20.4492,1.0437
57.439,raw,2477,-20.1850,18.2083,1.0902
57.439,raw,2490,-19.2358,16.1667,1.1327
57.439,raw,2503,-18.4361,14.3791,1.1684
57.439,raw,2516,-18.0438,12.9490,1.1916
57.439,raw,2529,-17.4101,11.4849,1.2189
57.439,raw,2541,-11.4443,7.7801,1.3729
57.439,raw,2554,-16.5771,9.1007,1.2573
57.439,raw,2567,-16.1815,7.9773,1.2744
57.439,raw,2580,-15.8472,6.9334,1.2889
57.439,raw,2593,-15.4739,5.9280,1.3033
57.439,raw,2606,-15.1554,4.9848,1.3154
57.439,raw,2619,-14.8246,4.0798,1.3269
57.439,raw,2632,-14.5486,3.2221,1.3363
57.439,raw,2645,-17.8770,-3.1903,1.8328
57.439,raw,2658,-17.6775,-6.0760,1.8333
57.439,raw,2670,-27.3849,-11.3879,1.8479
57.439,raw,2683,-16.8299,-8.8429,1.8333
57.439,raw,2696,-26.0786,-13.7045,1.8474
57.439,raw,2709,-25.4298,-14.8436,1.8472
57.439,raw,2722,-24.7774,-15.9715,1.8471
57.439,raw,2735,-24.1279,-17.0951,1.8470
57.439,raw,2748,-23.4845,-18.2205,1.8470
57.439,raw,2761,-22.8364,-19.3459,1.8471
57.439,raw,2774,-22.2030,-20.4890,1.8473
57.439,raw,2787,-21.5673,-21.6443,1.8475
57.439,raw,2800,-20.9229,-22.8122,1.8478
57.439,raw,2812,9.6054,-0.5463,1.8047
57.439,raw,2825,9.5072,-0.4118,1.8045
57.439,raw,2838,9.4348,-0.2857,1.8044
57.439,raw,2851,9.3541,-0.1654,1.8043
57.439,raw,2864,9.2722,-0.0511,1.8042
57.439,raw,2877,9.2110,0.0595,1.8041
57.439,raw,2890,9.1523,0.1666,1.8041
57.439,raw,2903,9.0815,0.2683,1.8040
57.439,raw,2916,9.0174,0.3673,1.8039
57.439,raw,2929,9.0647,0.4903,1.8040
57.439,raw,2941,9.3722,0.6837,1.8045
57.439,raw,2954,9.7607,0.9395,1.8051
57.439,raw,2967,-17.9524,-0.9652,2.3983
57.439,raw,2980,-16.8300,-3.9383,2.3776
57.439,raw,2993,-17.6729,-6.0749,2.4086
57.439,raw,3006,-15.7109,-7.5729,2.3722
57.439,raw,3019,-26.1465,-13.9517,2.6703
57.439,raw,3032,9.5980,-0.5555,1.8851
57.439,raw,3045,9.5165,-0.4220,1.8828
57.439,raw,3058,9.4173,-0.2947,1.8803
57.439,raw,3070,9.3743,-0.1835,1.8792
57.439,raw,3083,9.2880,-0.0681,1.8771
57.439,raw,3096,9.2155,0.0423,1.8755
57.439,raw,3109,9.1463,0.1485,1.8741
57.439,raw,3122,9.0798,0.2509,1.8728
57.439,raw,3135,9.0164,0.3501,1.8717
57.439,raw,3148,9.0330,0.4652,1.8727
57.439,raw,3161,9.3631,0.6712,1.8819
57.439,raw,3174,9.7411,0.9219,1.8927
57.439,raw,3187,-17.7140,-5.7221,2.9826
57.439,raw,3200,-25.9623,-14.4222,3.4949
57.439,raw,3212,9.5620,-0.4932,1.9637
57.439,raw,3225,9.4882,-0.3630,1.9597
57.439,raw,3238,9.4111,-0.2388,1.9559
57.439,raw,3251,9.3246,-0.1207,1.9518
57.439,raw,3264,9.2393,-0.0087,1.9479
57.439,raw,3277,9.1666,0.0988,1.9449
57.439,raw,3290,9.1201,0.2055,1.9433
57.439,raw,3303,9.0539,0.3062,1.9409
57.439,raw,3316,8.9741,0.4003,1.9380
57.439,raw,3329,9.1864,0.5662,1.9499
57.439,raw,3341,9.5125,0.7752,1.9677
57.439,raw,3354,9.9368,1.0563,1.9914
57.439,raw,3367,-19.7124,-0.2008,3.6574
57.439,raw,3380,-19.4022,-1.1573,3.6364
57.439,raw,3393,-19.1177,-2.0951,3.6197
57.439,raw,3406,-14.9040,-5.2026,3.3541
57.439,raw,3419,9.6027,-0.5361,2.0466
57.439,raw,3432,9.5330,-0.4036,2.0409
57.439,raw,3445,9.4389,-0.2765,2.0338
57.439,raw,3458,9.3575,-0.1562,2.0280
57.439,raw,3470,9.2819,-0.0506,2.0229
57.439,raw,3483,9.2359,0.0618,2.0202
57.439,raw,3496,9.1287,0.1635,2.0133
57.439,raw,3509,9.0761,0.2673,2.0107
57.439,raw,3522,9.0279,0.3694,2.0086
57.439,raw,3535,9.0639,0.4901,2.0131
57.439,raw,3548,9.4057,0.7031,2.0407
57.439,raw,3561,9.7925,0.9612,2.0726
57.439,raw,3574,-16.6057,-0.3993,3.9719
57.439,raw,3587,-16.2488,-1.2353,3.9401
57.439,raw,3600,-15.7506,-2.1626,3.8986
57.439,raw,3612,-15.5346,-2.9009,3.8855
57.439,raw,3625,-15.2615,-3.6847,3.8703
57.439,raw,3638,-15.0435,-4.4686,3.8631
57.439,raw,3651,-14.8179,-5.3738,3.8609
57.439,raw,3664,-14.5627,-6.1410,3.8562
57.439,raw,3677,-14.3295,-6.9125,3.8564
57.439,raw,3690,-14.0934,-7.6845,3.8593
57.439,raw,3703,9.5720,-0.4940,2.1244
57.439,raw,3716,9.4672,-0.3621,2.1137
57.439,raw,3729,9.3875,-0.2387,2.1058
57.439,raw,3741,9.3295,-0.1296,2.1004
57.439,raw,3754,9.2613,-0.0161,2.0944
57.439,raw,3767,9.1800,0.0915,2.0875
57.439,raw,3780,9.1262,0.1977,2.0837
57.439,raw,3793,9.0423,0.2956,2.0772
57.439,raw,3806,9.0123,0.4002,2.0764
57.439,raw,3819,9.1738,0.5537,2.0947
57.439,raw,3832,9.4918,0.7691,2.1295
57.439,raw,3845,9.0768,0.2589,2.1494
57.439,raw,3858,9.0166,0.3586,2.1445
58.711,raw,0,9.5676,-0.5669,1.1688
58.711,raw,14,9.4703,-0.4264,1.1891
58.711,raw,28,9.3977,-0.2946,1.2036
58.711,raw,42,9.2928,-0.1697,1.2232
58.711,raw,56,9.2334,-0.0500,1.2334
58.711,raw,70,9.1584,0.0639,1.2456
58.711,raw,85,9.0802,0.1806,1.2575
58.711,raw,99,9.0054,0.2844,1.2681
58.711,raw,113,8.9371,0.3853,1.2767
58.711,raw,127,9.0842,0.5419,1.2426
58.711,raw,141,9.4607,0.7873,1.1615
58.711,raw,156,9.5629,-0.5472,1.2509
58.711,raw,170,9.4503,-0.4067,1.2709
58.711,raw,184,9.3613,-0.2760,1.2861
58.711,raw,198,9.2977,-0.1519,1.2964
58.711,raw,212,9.2060,-0.0345,1.3104
58.711,raw,226,9.1469,0.0797,1.3184
58.711,raw,241,9.0712,0.1960,1.3282
58.711,raw,255,8.9964,0.2992,1.3373
58.711,raw,269,8.9366,0.4016,1.3433
58.711,raw,283,9.1404,0.5754,1.3038
58.711,raw,297,9.5487,0.8365,1.2272
58.711,raw,312,9.5303,-0.5251,1.3359
58.711,raw,326,9.4423,-0.3878,1.3494
58.711,raw,340,9.3787,-0.2581,1.3588
58.711,raw,354,9.2781,-0.1349,1.3726
58.711,raw,368,9.1907,-0.0185,1.3839
58.711,raw,383,9.1226,0.1023,1.3917
58.711,raw,397,9.0488,0.2092,1.3999
58.711,raw,411,8.9901,0.3145,1.4054
58.711,raw,425,8.9279,0.4159,1.4108
58.711,raw,439,9.2176,0.6158,1.3643
58.711,raw,453,9.6174,0.8804,1.2998
58.711,raw,468,9.5076,-0.5042,1.4176
58.711,raw,482,9.4392,-0.3691,1.4265
58.711,raw,496,9.3398,-0.2400,1.4383
58.711,raw,510,9.2573,-0.1182,1.4476
58.711,raw,524,9.1951,-0.0010,1.4540
58.711,raw,539,9.1118,0.1178,1.4622
58.711,raw,553,9.0595,0.2276,1.4663
58.711,raw,567,8.9742,0.3277,1.4739
58.711,raw,581,8.9135,0.4288,1.4782
58.711,raw,595,9.2452,0.6425,1.4344
58.711,raw,610,9.7103,0.9447,1.3722
58.711,raw,624,-4.3890,-8.6322,0.5473
58.711,raw,638,-4.1187,-9.1175,0.5380
58.711,raw,652,-3.8264,-9.5945,0.5288
58.711,raw,666,-3.5154,-10.0653,0.5192
58.711,raw,680,9.5730,-0.5578,1.4890
58.711,raw,695,9.4574,-0.4070,1.5007
58.711,raw,709,9.3741,-0.2762,1.5088
58.711,raw,723,9.2759,-0.1525,1.5177
58.711,raw,737,9.2023,-0.0348,1.5240
58.711,raw,751,9.1531,0.0804,1.5276
58.711,raw,766,9.0536,0.1933,1.5353
58.711,raw,780,9.0046,0.3008,1.5381
58.711,raw,794,8.9361,0.4015,1.5423
58.711,raw,808,9.1366,0.5744,1.5203
58.711,raw,822,9.5308,0.8306,1.4785
58.711,raw,837,-5.9673,-8.4788,0.7845
58.711,raw,851,-4.2616,-7.9593,0.9014
58.711,raw,865,-5.3271,-9.4816,0.7791
58.711,raw,879,-5.0363,-10.0172,0.7708
58.711,raw,893,-4.6881,-10.5133,0.7657
58.711,raw,907,-4.4167,-11.0977,0.7509
58.711,raw,922,-4.0597,-11.6805,0.7384
58.711,raw,936,-3.8362,-12.3804,0.7120
58.711,raw,950,-3.5875,-13.0998,0.6838
58.711,raw,964,-3.2686,-13.7780,0.6590
58.711,raw,978,-2.9970,-14.5851,0.6233
58.711,raw,993,-2.6975,-15.5296,0.5785
58.711,raw,1007,-2.3242,-16.3446,0.5419
58.711,raw,1021,9.5379,-0.5353,1.5707
58.711,raw,1035,9.4418,-0.3970,1.5780
58.711,raw,1049,9.3536,-0.2670,1.5843
58.711,raw,1064,9.2627,-0.1355,1.5905
58.711,raw,1078,9.2065,-0.0173,1.5939
58.711,raw,1092,9.1144,0.0929,1.5995
58.711,raw,1106,9.0370,0.1990,1.6038
58.711,raw,1120,9.0051,0.3092,1.6046
58.711,raw,1134,8.9278,0.4077,1.6084
58.711,raw,1149,9.1789,0.6046,1.5881
58.711,raw,1163,9.6027,0.8756,1.5546
58.711,raw,1177,21.9205,9.7670,0.5154
58.711,raw,1191,-9.0094,-5.0657,1.0726
58.711,raw,1205,-8.8552,-5.6937,1.0700
58.711,raw,1220,-8.5718,-6.3246,1.0717
58.711,raw,1234,-8.3200,-6.9173,1.0715
58.711,raw,1248,-8.0232,-7.4887,1.0723
58.711,raw,1262,-7.8599,-8.1344,1.0651
58.711,raw,1276,-7.4578,-8.6498,1.0690
58.711,raw,1290,-7.1650,-9.2314,1.0659
58.711,raw,1305,-4.2379,-7.9419,1.2087
58.711,raw,1319,-6.4837,-10.4060,1.0593
58.711,raw,1333,-6.1394,-10.9741,1.0548
58.711,raw,1347,-5.8009,-11.5599,1.0483
58.711,raw,1361,-5.4698,-12.1712,1.0396
58.711,raw,1376,-5.0843,-12.8193,1.0301
58.711,raw,1390,-4.8406,-13.5913,1.0108
58.711,raw,1404,-4.5306,-14.3347,0.9931
58.711,raw,1418,-4.3203,-15.2766,0.9642
58.711,raw,1432,-3.9828,-16.1173,0.9410
58.711,raw,1447,-3.9346,-17.6478,0.8827
58.711,raw,1461,-3.8406,-19.1989,0.8231
58.711,raw,1475,-4.2949,-22.1368,0.6945
58.711,raw,1489,-3.8954,-23.6756,0.6383
58.711,raw,1503,-3.0879,-24.4360,0.6201
58.711,raw,1517,-2.1798,-25.0049,0.6098
58.711,raw,1532,-1.1420,-25.4717,0.6038
58.711,raw,1546,-0.1839,-25.9994,0.5920
58.711,raw,1560,0.8000,-26.5141,0.5791
58.711,raw,1574,1.8110,-27.0152,0.5651
58.711,raw,1588,2.8399,-27.5871,0.5460
58.711,raw,1603,3.9836,-28.1790,0.5245
58.711,raw,1617,9.5807,-0.5682,1.6467
58.711,raw,1631,9.4657,-0.4261,1.6524
58.711,raw,1645,9.3753,-0.2943,1.6568
58.711,raw,1659,9.3033,-0.1694,1.6600
58.711,raw,1674,9.2221,-0.0420,1.6634
58.711,raw,1688,9.1449,0.0710,1.6665
58.711,raw,1702,9.0647,0.1783,1.6695
58.711,raw,1716,9.0087,0.2851,1.6712
58.711,raw,1730,8.9471,0.3876,1.6730
58.711,raw,1744,9.0745,0.5392,1.6656
58.711,raw,1759,9.4794,0.8036,1.6445
58.711,raw,1773,23.6552,10.8739,0.8591
58.711,raw,1787,-16.0841,15.7516,0.5504
58.711,raw,1801,-14.1058,2.6026,1.3469
58.711,raw,1815,-13.7796,1.7401,1.3563
58.711,raw,1830,-13.4015,0.8510,1.3661
58.711,raw,1844,-13.0621,0.0547,1.3742
58.711,raw,1858,-8.3310,-0.6049,1.4786
58.711,raw,1872,-12.4762,-1.4616,1.3863
58.711,raw,1886,-12.2433,-2.1953,1.3901
58.711,raw,1901,-11.9973,-2.9680,1.3933
58.711,raw,1915,-11.6002,-3.6470,1.3995
58.711,raw,1929,-11.3706,-4.3433,1.4012
58.711,raw,1943,-11.1462,-5.0355,1.4023
58.711,raw,1957,-10.9315,-5.7281,1.4024
58.711,raw,1971,-10.5581,-6.3634,1.4057
58.711,raw,1986,-10.3224,-7.0993,1.4047
58.711,raw,2000,-10.0489,-7.7668,1.4043
58.711,raw,2014,-9.6285,-8.3621,1.4069
58.711,raw,2028,-9.3471,-9.0261,1.4054
58.711,raw,2042,-8.9574,-9.6308,1.4060
58.711,raw,2057,-8.6608,-10.3596,1.4028
58.711,raw,2071,-4.2110,-7.9685,1.5134
58.711,raw,2085,-7.8855,-11.5931,1.4003
58.711,raw,2099,-7.5520,-12.2691,1.3964
58.711,raw,2113,-7.1446,-12.8964,1.3937
58.711,raw,2128,-6.7939,-13.6746,1.3872
58.711,raw,2142,-6.3521,-14.3095,1.3836
58.711,raw,2156,-5.9277,-14.9880,1.3783
58.711,raw,2170,-8.1873,-19.2361,1.2738
58.711,raw,2184,-7.8332,-20.4051,1.2576
58.711,raw,2198,-7.4287,-21.6081,1.2405
58.711,raw,2213,-6.9445,-22.9513,1.2207
58.711,raw,2227,-6.5936,-24.5494,1.1936
58.711,raw,2241,-6.0631,-26.0044,1.1701
58.711,raw,2255,-5.0650,-26.5903,1.1674
58.711,raw,2269,-4.0530,-27.1723,1.1639
58.711,raw,2284,-2.9670,-27.8431,1.1581
58.711,raw,2298,-1.9468,-28.5278,1.1503
58.711,raw,2312,-0.8944,-29.2077,1.1418
58.711,raw,2326,0.1930,-29.8809,1.1326
58.711,raw,2340,1.3538,-30.3237,1.1276
58.711,raw,2354,2.5322,-30.7889,1.1210
58.711,raw,2369,3.8052,-31.5253,1.1076
58.711,raw,2383,5.0421,-32.2269,1.0937
58.711,raw,2397,6.3328,-33.2323,1.0720
58.711,raw,2411,7.7244,-34.6918,1.0391
58.711,raw,2425,9.4827,-0.4552,1.7280
58.711,raw,2440,9.3927,-0.3127,1.7302
58.711,raw,2454,9.3005,-0.1871,1.7322
58.711,raw,2468,9.2424,-0.0668,1.7334
58.711,raw,2482,9.1471,0.0458,1.7353
58.711,raw,2496,9.1068,0.1593,1.7359
58.711,raw,2511,9.0088,0.2685,1.7376
58.711,raw,2525,8.9448,0.3707,1.7385
58.711,raw,2539,9.0460,0.5140,1.7356
58.711,raw,2553,9.4124,0.7517,1.7264
58.711,raw,2567,9.8955,1.0672,1.7141
58.711,raw,2581,-20.8982,18.8510,1.0679
58.711,raw,2596,-19.6910,16.3781,1.1205
58.711,raw,2610,-18.7135,14.3695,1.1620
58.711,raw,2624,-18.2101,12.7832,1.1888
58.711,raw,2638,-11.2773,8.2011,1.3711
58.711,raw,2652,-17.0243,9.8418,1.2406
58.711,raw,2667,-16.4869,8.4657,1.2631
58.711,raw,2681,-16.0091,7.2710,1.2820
58.711,raw,2695,-15.5625,6.1556,1.2988
58.711,raw,2709,-15.1422,5.1083,1.3138
58.711,raw,2723,-14.7119,4.1134,1.3280
58.711,raw,2738,-18.3566,-0.2870,1.8333
58.711,raw,2752,-28.9180,-5.3924,1.8481
58.711,raw,2766,-16.7357,-4.5584,1.8317
58.711,raw,2780,-17.7697,-5.7606,1.8334
58.711,raw,2794,-15.0301,-6.0405,1.8299
58.711,raw,2808,-23.7877,-9.7407,1.8427
58.711,raw,2823,-14.3815,-7.7568,1.8297
58.711,raw,2837,-20.6128,-11.2704,1.8393
58.711,raw,2851,-19.2722,-11.9399,1.8380
58.711,raw,2865,-18.0005,-12.5596,1.8368
58.711,raw,2879,-16.7774,-13.1279,1.8357
58.711,raw,2894,-20.6866,-16.8799,1.8429
58.711,raw,2908,-19.9586,-17.9243,1.8428
58.711,raw,2922,-19.2218,-18.9603,1.8428
58.711,raw,2936,-18.5352,-20.0384,1.8430
58.711,raw,2950,-17.8416,-21.1251,1.8432
58.711,raw,2965,-17.0662,-22.2822,1.8434
58.711,raw,2979,-16.3775,-23.4237,1.8439
58.711,raw,2993,-15.6257,-24.5355,1.8443
58.711,raw,3007,-14.8885,-25.7059,1.8448
58.711,raw,3021,-14.1289,-26.9038,1.8454
58.711,raw,3035,-13.3284,-28.1122,1.8461
58.711,raw,3050,-12.4633,-29.4833,1.8470
58.711,raw,3064,9.5460,-0.5360,1.8045
58.711,raw,3078,9.4579,-0.3977,1.8044
58.711,raw,3092,9.3697,-0.2671,1.8043
58.711,raw,3106,9.2827,-0.1435,1.8041
58.711,raw,3121,9.1806,-0.0193,1.8040
58.711,raw,3135,9.1187,0.0934,1.8039
58.711,raw,3149,9.0423,0.1998,1.8039
58.711,raw,3163,9.0043,0.3091,1.8038
58.711,raw,3177,8.9165,0.4050,1.8037
58.711,raw,3192,9.1962,0.6096,1.8042
58.711,raw,3206,9.5980,0.8740,1.8048
58.711,raw,3220,-19.0220,-0.5059,2.4257
58.711,raw,3234,-17.7159,-1.8714,2.3947
58.711,raw,3248,-16.8572,-3.8978,2.3792
58.711,raw,3262,-15.2091,-4.5275,2.3417
58.711,raw,3277,-14.8464,-5.7957,2.3400
58.711,raw,3291,-14.6040,-6.6384,2.3400
58.711,raw,3305,-14.3552,-7.4802,2.3406
58.711,raw,3319,-26.1141,-14.1866,2.6727
58.711,raw,3333,9.5253,-0.4865,1.8819
58.711,raw,3348,9.4196,-0.3408,1.8791
58.711,raw,3362,9.3250,-0.2134,1.8767
58.711,raw,3376,9.2494,-0.0925,1.8749
58.711,raw,3390,9.1820,0.0236,1.8735
58.711,raw,3404,9.0870,0.1314,1.8714
58.711,raw,3418,9.0189,0.2373,1.8702
58.711,raw,3433,8.9643,0.3503,1.8694
58.711,raw,3447,8.9709,0.4684,1.8702
58.711,raw,3461,9.3239,0.6948,1.8802
58.711,raw,3475,9.7723,0.9887,1.8930
58.711,raw,3489,-26.2674,-13.8118,3.4984
58.711,raw,3504,9.5077,-0.4947,1.9586
58.711,raw,3518,9.4220,-0.3593,1.9541
58.711,raw,3532,9.3305,-0.2311,1.9496
58.711,raw,3546,9.2792,-0.1085,1.9473
58.711,raw,3560,9.1943,0.0075,1.9436
58.711,raw,3575,9.1013,0.1249,1.9397
58.711,raw,3589,9.0457,0.2336,1.9378
58.711,raw,3603,8.9773,0.3366,1.9355
58.711,raw,3617,8.9294,0.4411,1.9344
58.711,raw,3631,9.2667,0.6584,1.9529
58.711,raw,3645,9.6896,0.9377,1.9764
58.711,raw,3660,-19.7719,-0.2146,3.6652
58.711,raw,3674,-15.8635,-2.1288,3.3905
58.711,raw,3688,9.5373,-0.5353,2.0383
58.711,raw,3702,9.4428,-0.3970,2.0308
58.711,raw,3716,9.3462,-0.2669,2.0236
58.711,raw,3731,9.2770,-0.1350,2.0188
58.711,raw,3745,9.2111,-0.0169,2.0146
58.711,raw,3759,9.1142,0.0929,2.0084
58.711,raw,3773,9.0561,0.2020,2.0053
58.711,raw,3787,8.9853,0.3053,2.0017
58.711,raw,3802,8.9278,0.4159,1.9993
58.711,raw,3816,9.1869,0.6069,2.0208
58.711,raw,3830,9.6066,0.8769,2.0553
58.711,raw,3844,-16.6546,-0.2183,3.9812
58.711,raw,3858,-16.3368,-1.1272,3.9526
58.711,raw,3872,-16.6859,-2.0663,3.9911
58.711,raw,3887,-15.5872,-2.9294,3.8952
58.711,raw,3901,-15.3049,-3.7792,3.8800
58.711,raw,3915,-15.0459,-4.6222,3.8703
58.711,raw,3929,-14.7994,-5.5899,3.8681
58.711,raw,3943,-14.5379,-6.4227,3.8652
58.711,raw,3958,-14.2430,-7.3089,3.8642
58.711,raw,3972,9.5515,-0.5461,2.1180
58.711,raw,3986,9.4533,-0.4068,2.1077
58.711,raw,4000,9.3643,-0.2761,2.0989
58.711,raw,4014,9.2832,-0.1523,2.0913
58.711,raw,4029,9.2029,-0.0262,2.0843
58.711,raw,4043,9.1401,0.0874,2.0793
58.711,raw,4057,9.0689,0.1957,2.0740
58.711,raw,4071,8.9901,0.2980,2.0683
58.711,raw,4085,8.9130,0.3960,2.0631
58.711,raw,4099,9.1408,0.5755,2.0884
58.711,raw,4114,9.5571,0.8498,2.1340
58.711,raw,4128,9.5027,-0.4660,2.1905
58.711,raw,4142,9.4231,-0.3317,2.1803
58.711,raw,4156,9.3219,-0.2045,2.1681
58.711,raw,4170,9.2412,-0.0842,2.1590
58.711,raw,4185,9.1526,0.0379,2.1496
58.711,raw,4199,9.0935,0.1490,2.1441
58.711,raw,4213,9.0084,0.2520,2.1361
58.711,raw,4227,8.9607,0.3578,2.1330
58.711,raw,4241,8.9934,0.4828,2.1402
59.861,raw,0,9.5881,-0.6364,1.1808
59.861,raw,14,9.4925,-0.4984,1.2007
59.861,raw,29,9.3926,-0.3598,1.2204
59.861,raw,43,9.3227,-0.2378,1.2334
59.861,raw,58,9.2387,-0.1136,1.2481
59.861,raw,72,9.1714,-0.0024,1.2588
59.861,raw,87,9.1012,0.1122,1.2690
59.861,raw,101,9.0239,0.2127,1.2801
59.861,raw,116,8.9469,0.3166,1.2901
59.861,raw,130,9.1166,0.4783,1.2514
59.861,raw,145,9.5230,0.7455,1.1635
59.861,raw,160,9.5704,-0.5969,1.2637
59.861,raw,174,9.4847,-0.4614,1.2792
59.861,raw,189,9.3754,-0.3244,1.2976
59.861,raw,203,9.3069,-0.2038,1.3085
59.861,raw,218,9.2224,-0.0811,1.3211
59.861,raw,232,9.1499,0.0283,1.3311
59.861,raw,247,9.0871,0.1427,1.3386
59.861,raw,261,9.0157,0.2434,1.3471
59.861,raw,276,8.9578,0.3515,1.3524
59.861,raw,290,9.2039,0.5392,1.3053
59.861,raw,305,9.6626,0.8348,1.2188
59.861,raw,320,9.5307,-0.5563,1.3481
59.861,raw,334,9.4379,-0.4233,1.3620
59.861,raw,349,9.3542,-0.2894,1.3740
59.861,raw,363,9.2781,-0.1707,1.3841
59.861,raw,378,9.2161,-0.0480,1.3916
59.861,raw,392,9.1154,0.0568,1.4039
59.861,raw,407,9.0465,0.1683,1.4110
59.861,raw,421,8.9984,0.2721,1.4148
59.861,raw,436,8.9835,0.3908,1.4129
59.861,raw,450,9.2946,0.6036,1.3628
59.861,raw,465,9.8191,0.9340,1.2784
59.861,raw,480,9.5189,-0.5276,1.4265
59.861,raw,494,9.4320,-0.3962,1.4372
59.861,raw,509,9.3280,-0.2637,1.4494
59.861,raw,523,9.2774,-0.1451,1.4547
59.861,raw,538,9.1767,-0.0268,1.4653
59.861,raw,552,9.1388,0.0848,1.4681
59.861,raw,567,9.0486,0.1931,1.4764
59.861,raw,581,8.9842,0.2932,1.4813
59.861,raw,596,9.0519,0.4344,1.4697
59.861,raw,610,9.4027,0.6663,1.4229
59.861,raw,625,9.9438,1.0141,1.3503
59.861,raw,640,-4.2965,-8.9457,0.5340
59.861,raw,654,-4.0063,-9.4233,0.5260
59.861,raw,669,-3.6651,-9.9181,0.5182
59.861,raw,683,-3.3397,-10.3834,0.5090
59.861,raw,698,9.4983,-0.5171,1.5045
59.861,raw,712,9.4316,-0.3872,1.5112
59.861,raw,727,9.3458,-0.2546,1.5191
59.861,raw,741,9.2776,-0.1365,1.5250
59.861,raw,756,9.1769,-0.0184,1.5334
59.861,raw,770,9.1063,0.0884,1.5386
59.861,raw,785,9.0360,0.1988,1.5433
59.861,raw,800,8.9675,0.3054,1.5475
59.861,raw,814,9.0467,0.4414,1.5373
59.861,raw,829,9.4657,0.7065,1.4930
59.861,raw,843,-6.0874,-8.4294,0.7775
59.861,raw,858,-4.2868,-7.9237,0.8997
59.861,raw,872,-5.4560,-9.5014,0.7699
59.861,raw,887,-5.1129,-10.0543,0.7641
59.861,raw,901,-4.7429,-10.5346,0.7612
59.861,raw,916,-4.3752,-11.0850,0.7531
59.861,raw,930,-4.0830,-11.6695,0.7378
59.861,raw,945,-3.8139,-12.3807,0.7132
59.861,raw,960,-3.5450,-13.1448,0.6837
59.861,raw,974,-3.2224,-13.8159,0.6596
59.861,raw,989,-2.9216,-14.6644,0.6227
59.861,raw,1003,-2.6111,-15.4901,0.5854
59.861,raw,1018,-2.2066,-16.3453,0.5475
59.861,raw,1032,9.5934,-0.6369,1.5725
59.861,raw,1047,9.4774,-0.4884,1.5813
59.861,raw,1061,9.3901,-0.3598,1.5876
59.861,raw,1076,9.3084,-0.2296,1.5932
59.861,raw,1091,9.2390,-0.1051,1.5975
59.861,raw,1105,9.1601,0.0047,1.6022
59.861,raw,1120,9.0806,0.1172,1.6066
59.861,raw,1134,9.0297,0.2220,1.6088
59.861,raw,1149,8.9726,0.3309,1.6110
59.861,raw,1163,9.1159,0.4868,1.5987
59.861,raw,1178,9.5287,0.7577,1.5659
59.861,raw,1192,21.9904,9.5509,0.5215
59.861,raw,1207,-9.3107,-5.1097,1.0562
59.861,raw,1221,-9.1344,-5.7445,1.0548
59.861,raw,1236,-8.8007,-6.3711,1.0590
59.861,raw,1251,-8.5118,-7.0105,1.0597
59.861,raw,1265,-8.2235,-7.5979,1.0601
59.861,raw,1280,-7.9764,-8.2622,1.0559
59.861,raw,1294,-7.5580,-8.7774,1.0606
59.861,raw,1309,-7.2221,-9.3953,1.0583
59.861,raw,1323,-4.1972,-7.9975,1.2076
59.861,raw,1338,-6.5000,-10.5550,1.0536
59.861,raw,1352,-6.1456,-11.1209,1.0495
59.861,raw,1367,-5.7553,-11.7299,1.0441
59.861,raw,1381,-5.3931,-12.3155,1.0371
59.861,raw,1396,-4.9904,-12.9487,1.0286
59.861,raw,1411,-4.7295,-13.7826,1.0075
59.861,raw,1425,-4.4257,-14.5426,0.9889
59.861,raw,1440,-4.1676,-15.5217,0.9596
59.861,raw,1454,-3.8144,-16.3533,0.9369
59.861,raw,1469,-3.7484,-17.8824,0.8788
59.861,raw,1483,-3.6199,-19.3989,0.8210
59.861,raw,1498,-3.4567,-21.2404,0.7491
59.861,raw,1512,-3.5046,-23.7590,0.6434
59.861,raw,1527,-2.5783,-24.4127,0.6311
59.861,raw,1541,-1.6478,-24.8925,0.6243
59.861,raw,1556,-0.6215,-25.3578,0.6175
59.861,raw,1571,0.4092,-25.8709,0.6064
59.861,raw,1585,1.3917,-26.3531,0.5941
59.861,raw,1600,2.4679,-26.8893,0.5781
59.861,raw,1614,3.5016,-27.3916,0.5612
59.861,raw,1629,9.5319,-0.5750,1.6530
59.861,raw,1643,9.4552,-0.4420,1.6569
59.861,raw,1658,9.3618,-0.3069,1.6612
59.861,raw,1672,9.2888,-0.1873,1.6644
59.861,raw,1687,9.2125,-0.0651,1.6675
59.861,raw,1701,9.1521,0.0452,1.6697
59.861,raw,1716,9.0789,0.1577,1.6722
59.861,raw,1731,9.0046,0.2654,1.6746
59.861,raw,1745,8.9378,0.3625,1.6765
59.861,raw,1760,9.2636,0.5847,1.6595
59.861,raw,1774,9.7183,0.8760,1.6357
59.861,raw,1789,-15.5252,3.1942,1.3119
59.861,raw,1803,-15.0843,2.2451,1.3244
59.861,raw,1818,-14.6141,1.2777,1.3368
59.861,raw,1832,-14.1924,0.4176,1.3472
59.861,raw,1847,-13.8110,-0.4641,1.3559
59.861,raw,1861,-13.4234,-1.2562,1.3640
59.861,raw,1876,-13.0574,-2.0781,1.3708
59.861,raw,1891,-12.6558,-2.8700,1.3776
59.861,raw,1905,-12.0898,-3.5524,1.3877
59.861,raw,1920,-11.8056,-4.3144,1.3906
59.861,raw,1934,-11.5802,-5.0269,1.3917
59.861,raw,1949,-11.2946,-5.7733,1.3932
59.861,raw,1963,-11.0441,-6.4712,1.3936
59.861,raw,1978,-10.6220,-7.1568,1.3970
59.861,raw,1992,-10.3063,-7.8204,1.3976
59.861,raw,2007,-9.8315,-8.4611,1.4010
59.861,raw,2021,-9.5261,-9.1236,1.4001
59.861,raw,2036,-9.0805,-9.7665,1.4014
59.861,raw,2051,-8.7428,-10.4778,1.3992
59.861,raw,2065,-4.1925,-8.0405,1.5123
59.861,raw,2080,-7.9034,-11.7432,1.3975
59.861,raw,2094,-7.5756,-12.4308,1.3933
59.861,raw,2109,-7.0978,-13.0724,1.3916
59.861,raw,2123,-6.7494,-13.7825,1.3860
59.861,raw,2138,-6.2596,-14.4483,1.3826
59.861,raw,2152,-5.9662,-15.2903,1.3727
59.861,raw,2167,-7.9967,-19.3861,1.2739
59.861,raw,2182,-7.5938,-20.6158,1.2571
59.861,raw,2196,-7.1691,-21.8010,1.2403
59.861,raw,2211,-6.7842,-23.3348,1.2156
59.861,raw,2225,-6.2699,-24.6596,1.1953
59.861,raw,2240,-5.5492,-25.9130,1.1775
59.861,raw,2254,-4.5296,-26.4164,1.1764
59.861,raw,2269,-3.4562,-27.0276,1.1724
59.861,raw,2283,-2.4596,-27.6662,1.1662
59.861,raw,2298,-1.3727,-28.3838,1.1579
59.861,raw,2312,-0.3157,-29.0086,1.1502
59.861,raw,2327,0.9006,-29.4094,1.1470
59.861,raw,2342,2.1164,-29.9185,1.1403
59.861,raw,2356,3.2635,-30.5292,1.1300
59.861,raw,2371,4.5373,-31.1718,1.1180
59.861,raw,2385,5.7694,-31.8239,1.1047
59.861,raw,2400,7.1620,-33.1422,1.0754
59.861,raw,2414,8.5772,-34.5231,1.0435
59.861,raw,2429,9.5095,-0.5270,1.7293
59.861,raw,2443,9.4251,-0.3960,1.7313
59.861,raw,2458,9.3201,-0.2638,1.7336
59.861,raw,2472,9.2493,-0.1468,1.7351
59.861,raw,2487,9.1823,-0.0262,1.7363
59.861,raw,2502,9.1122,0.0892,1.7376
59.861,raw,2516,9.0499,0.1933,1.7385
59.861,raw,2531,8.9845,0.3014,1.7395
59.861,raw,2545,9.0165,0.4246,1.7381
59.861,raw,2560,9.4240,0.6830,1.7279
59.861,raw,2574,9.9206,1.0056,1.7152
59.861,raw,2589,-22.0405,17.8754,1.0565
59.861,raw,2603,-21.3068,15.8741,1.0934
59.861,raw,2618,-20.9867,14.1429,1.1182
59.861,raw,2632,-11.4508,8.1941,1.3653
59.861,raw,2647,-18.9137,10.4598,1.1946
59.861,raw,2662,-18.2003,8.9269,1.2218
59.861,raw,2676,-17.6149,7.6220,1.2436
59.861,raw,2691,-17.0192,6.3226,1.2646
59.861,raw,2705,-16.4507,5.1812,1.2832
59.861,raw,2720,-15.9330,4.0507,1.2997
59.861,raw,2734,-17.6955,-1.1133,1.8325
59.861,raw,2749,-15.7844,-3.4848,1.8302
59.861,raw,2763,-15.4810,-7.4841,1.8311
59.861,raw,2778,-26.3021,-12.6227,1.8472
59.861,raw,2792,-25.2924,-13.7179,1.8465
59.861,raw,2807,-24.2256,-14.8489,1.8458
59.861,raw,2822,-23.2208,-15.9661,1.8453
59.861,raw,2836,-22.3281,-17.0022,1.8449
59.861,raw,2851,-21.4069,-18.1085,1.8446
59.861,raw,2865,-20.4975,-19.0894,1.8443
59.861,raw,2880,-19.4741,-20.0823,1.8440
59.861,raw,2894,-18.5380,-21.0036,1.8438
59.861,raw,2909,-17.5555,-21.9939,1.8437
59.861,raw,2923,-16.6444,-22.9171,1.8436
59.861,raw,2938,-15.6511,-23.8878,1.8436
59.861,raw,2952,-14.7421,-24.8185,1.8438
59.861,raw,2967,-13.7393,-25.7956,1.8439
59.861,raw,2982,-12.7494,-26.8125,1.8442
59.861,raw,2996,-11.7966,-27.7524,1.8445
59.861,raw,3011,-10.7618,-28.7814,1.8450
59.861,raw,3025,-9.7775,-29.7646,1.8455
59.861,raw,3040,-8.7063,-30.8637,1.8461
59.861,raw,3054,-7.6644,-31.8925,1.8468
59.861,raw,3069,-6.3499,-32.6168,1.8470
59.861,raw,3083,-4.3492,-31.1045,1.8441
59.861,raw,3098,-3.1016,-31.8336,1.8446
59.861,raw,3112,-1.9079,-32.5069,1.8450
59.861,raw,3127,-0.6025,-33.2577,1.8456
59.861,raw,3142,0.7442,-34.0051,1.8463
59.861,raw,3156,2.0309,-34.7883,1.8471
59.861,raw,3171,9.5430,-0.5572,1.8044
59.861,raw,3185,9.4270,-0.4230,1.8042
59.861,raw,3200,9.3442,-0.2895,1.8041
59.861,raw,3214,9.2594,-0.1717,1.8040
59.861,raw,3229,9.1971,-0.0498,1.8039
59.861,raw,3243,9.1309,0.0589,1.8039
59.861,raw,3258,9.0442,0.1679,1.8038
59.861,raw,3273,8.9884,0.2780,1.8037
59.861,raw,3287,8.9555,0.3834,1.8037
59.861,raw,3302,9.3113,0.6182,1.8043
59.861,raw,3316,9.7920,0.9243,1.8050
59.861,raw,3331,-14.9462,-5.1994,2.3405
59.861,raw,3345,-15.7445,-7.5707,2.3753
59.861,raw,3360,-26.1624,-14.0867,2.6740
59.861,raw,3374,9.5313,-0.5656,1.8800
59.861,raw,3389,9.4348,-0.4232,1.8774
59.861,raw,3403,9.3705,-0.2980,1.8758
59.861,raw,3418,9.2738,-0.1709,1.8735
59.861,raw,3433,9.2002,-0.0495,1.8719
59.861,raw,3447,9.1299,0.0588,1.8704
59.861,raw,3462,9.0464,0.1683,1.8688
59.861,raw,3476,8.9809,0.2683,1.8677
59.861,raw,3491,8.9527,0.3826,1.8677
59.861,raw,3505,9.2842,0.6004,1.8771
59.861,raw,3520,9.7698,0.9164,1.8910
59.861,raw,3534,-16.8847,-8.8426,2.9920
59.861,raw,3549,9.5512,-0.6046,1.9568
59.861,raw,3563,9.4735,-0.4700,1.9526
59.861,raw,3578,9.3792,-0.3332,1.9479
59.861,raw,3593,9.2784,-0.2049,1.9431
59.861,raw,3607,9.2092,-0.0906,1.9401
59.861,raw,3622,9.1561,0.0291,1.9382
59.861,raw,3636,9.0964,0.1361,1.9360
59.861,raw,3651,9.0269,0.2458,1.9337
59.861,raw,3665,8.9488,0.3412,1.9311
59.861,raw,3680,9.1574,0.5254,1.9431
59.861,raw,3694,9.5912,0.7997,1.9671
59.861,raw,3709,-16.8454,0.5130,3.4623
59.861,raw,3723,-19.6976,-0.4315,3.6659
59.861,raw,3738,-19.3187,-1.5359,3.6408
59.861,raw,3753,-18.1432,-2.5398,3.5616
59.861,raw,3767,-18.4842,-3.5810,3.5941
59.861,raw,3782,-18.1312,-4.6860,3.5813
59.861,raw,3796,-14.1055,-7.9550,3.3638
59.861,raw,3811,9.4928,-0.5351,2.0286
59.861,raw,3825,9.4172,-0.4048,2.0228
59.861,raw,3840,9.3486,-0.2720,2.0178
59.861,raw,3854,9.2677,-0.1542,2.0123
59.861,raw,3869,9.2026,-0.0325,2.0083
59.861,raw,3883,9.1225,0.0742,2.0035
59.861,raw,3898,9.0571,0.1865,2.0002
59.861,raw,3913,8.9875,0.2940,1.9969
59.861,raw,3927,8.9743,0.4048,1.9979
59.861,raw,3942,9.3683,0.6554,2.0301
59.861,raw,3956,9.8649,0.9735,2.0712
59.861,raw,3971,-16.4021,-1.7250,3.9693
59.861,raw,3985,-15.6170,-3.0118,3.9060
59.861,raw,4000,-15.2725,-3.9198,3.8859
59.861,raw,4014,-15.0093,-4.7642,3.8761
59.861,raw,4029,-14.7249,-5.8541,3.8735
59.861,raw,4043,-14.4618,-6.6888,3.8712
59.861,raw,4058,-14.1746,-7.5807,3.8719
59.861,raw,4073,9.5236,-0.5465,2.1068
59.861,raw,4087,9.4260,-0.4140,2.0969
59.861,raw,4102,9.3616,-0.2806,2.0906
59.861,raw,4116,9.2658,-0.1628,2.0819
59.861,raw,4131,9.1994,-0.0412,2.0764
59.861,raw,4145,9.1275,0.0667,2.0708
59.861,raw,4160,9.0503,0.1771,2.0652
59.861,raw,4174,8.9938,0.2792,2.0619
59.861,raw,4189,8.9743,0.3966,2.0627
59.861,raw,4203,9.2987,0.6143,2.0982
59.861,raw,4218,9.8008,0.9388,2.1535
59.861,raw,4233,9.4947,-0.5169,2.1794
59.861,raw,4247,9.3912,-0.3864,2.1664
59.861,raw,4262,9.3215,-0.2551,2.1581
59.861,raw,4276,9.2534,-0.1380,2.1506
59.861,raw,4291,9.1810,-0.0180,2.1432
59.861,raw,4305,9.1085,0.0887,2.1363
59.861,raw,4320,9.0460,0.2007,2.1311
59.861,raw,4334,8.9651,0.2968,2.1241
59.861,raw,4349,9.0142,0.4323,2.1337
60.994,raw,0,9.6507,-0.6951,1.1875
60.994,raw,13,9.5477,-0.5668,1.2087
60.994,raw,26,9.4810,-0.4477,1.2223
60.994,raw,39,9.3867,-0.3342,1.2401
60.994,raw,52,9.3318,-0.2257,1.2498
60.994,raw,65,9.2744,-0.1210,1.2593
60.994,raw,78,9.2052,-0.0215,1.2702
60.994,raw,91,9.1316,0.0730,1.2814
60.994,raw,104,9.0898,0.1696,1.2859
60.994,raw,117,9.0045,0.2541,1.2981
60.994,raw,130,9.1069,0.3863,1.2732
60.994,raw,143,9.4696,0.6129,1.1955
60.994,raw,156,9.8962,0.8957,1.1023
60.994,raw,169,9.5712,-0.5956,1.2805
60.994,raw,182,9.4981,-0.4748,1.2935
60.994,raw,195,9.4277,-0.3597,1.3053
60.994,raw,208,9.3487,-0.2502,1.3178
60.994,raw,221,9.2728,-0.1460,1.3292
60.994,raw,234,9.1944,-0.0472,1.3405
60.994,raw,247,9.1519,0.0521,1.3452
60.994,raw,260,9.0964,0.1469,1.3515
60.994,raw,273,9.0396,0.2386,1.3575
60.994,raw,286,9.0238,0.3387,1.3560
60.994,raw,299,9.3667,0.5518,1.2922
60.994,raw,313,9.8259,0.8480,1.2053
60.994,raw,326,9.5948,-0.6157,1.3528
60.994,raw,339,9.4844,-0.4920,1.3693
60.994,raw,352,9.4214,-0.3770,1.3784
60.994,raw,365,9.3737,-0.2662,1.3849
60.994,raw,378,9.2958,-0.1609,1.3950
60.994,raw,391,9.2190,-0.0607,1.4044
60.994,raw,404,9.1606,0.0373,1.4107
60.994,raw,417,9.1101,0.1335,1.4155
60.994,raw,430,9.0436,0.2236,1.4221
60.994,raw,443,8.9884,0.3132,1.4266
60.994,raw,456,9.3020,0.5134,1.3766
60.994,raw,469,9.7118,0.7753,1.3107
60.994,raw,482,9.5827,-0.6423,1.4300
60.994,raw,495,9.5217,-0.5204,1.4380
60.994,raw,508,9.4241,-0.4030,1.4498
60.994,raw,521,9.3865,-0.2914,1.4540
60.994,raw,534,9.2890,-0.1863,1.4648
60.994,raw,547,9.2450,-0.0825,1.4689
60.994,raw,560,9.1828,0.0162,1.4747
60.994,raw,573,9.1026,0.1081,1.4822
60.994,raw,586,9.0752,0.2066,1.4831
60.994,raw,599,8.9819,0.2878,1.4915
60.994,raw,613,9.2410,0.4769,1.4566
60.994,raw,626,9.6257,0.7247,1.4052
60.994,raw,639,-4.7732,-8.8330,0.5015
60.994,raw,652,9.5620,-0.6132,1.5075
60.994,raw,665,9.4902,-0.4922,1.5148
60.994,raw,678,9.4299,-0.3770,1.5206
60.994,raw,691,9.3498,-0.2671,1.5278
60.994,raw,704,9.2908,-0.1612,1.5327
60.994,raw,717,9.2487,-0.0574,1.5357
60.994,raw,730,9.1632,0.0377,1.5425
60.994,raw,743,9.0879,0.1293,1.5479
60.994,raw,756,9.0358,0.2218,1.5509
60.994,raw,769,8.9783,0.3105,1.5541
60.994,raw,782,9.2761,0.5054,1.5227
60.994,raw,795,9.6890,0.7673,1.4788
60.994,raw,808,-6.2532,-8.8545,0.7480
60.994,raw,821,-4.1877,-8.0598,0.8963
60.994,raw,834,-5.6818,-9.8527,0.7395
60.994,raw,847,-5.3926,-10.3601,0.7328
60.994,raw,860,-5.0447,-10.8246,0.7297
60.994,raw,873,-4.7087,-11.3068,0.7236
60.994,raw,886,-4.3596,-11.7858,0.7169
60.994,raw,899,-4.1211,-12.4036,0.6964
60.994,raw,913,-3.8625,-13.1076,0.6707
60.994,raw,926,-3.6214,-13.8064,0.6428
60.994,raw,939,-3.3803,-14.5599,0.6103
60.994,raw,952,-3.0349,-15.2167,0.5856
60.994,raw,965,-2.7547,-16.0395,0.5472
60.994,raw,978,-2.4028,-16.8186,0.5122
60.994,raw,991,9.5813,-0.6147,1.5806
60.994,raw,1004,9.4937,-0.4924,1.5871
60.994,raw,1017,9.4257,-0.3770,1.5920
60.994,raw,1030,9.3503,-0.2670,1.5971
60.994,raw,1043,9.2852,-0.1617,1.6012
60.994,raw,1056,9.2205,-0.0605,1.6050
60.994,raw,1069,9.1603,0.0373,1.6082
60.994,raw,1082,9.0895,0.1296,1.6120
60.994,raw,1095,9.0503,0.2251,1.6133
60.994,raw,1108,8.9916,0.3141,1.6158
60.994,raw,1121,9.2711,0.5039,1.5936
60.994,raw,1134,9.6852,0.7660,1.5608
60.994,raw,1147,21.9939,9.5547,0.5250
60.994,raw,1160,-9.7717,-5.2734,1.0304
60.994,raw,1173,-9.5870,-5.8779,1.0299
60.994,raw,1186,-9.3153,-6.4505,1.0326
60.994,raw,1199,-9.1288,-7.0560,1.0300
60.994,raw,1213,-8.8221,-7.6637,1.0313
60.994,raw,1226,-8.4981,-8.2062,1.0334
60.994,raw,1239,-8.1648,-8.7404,1.0350
60.994,raw,1252,-7.8718,-9.2978,1.0334
60.994,raw,1265,-4.6065,-7.8436,1.1940
60.994,raw,1278,-4.1723,-8.1419,1.2024
60.994,raw,1291,-6.8354,-10.8807,1.0304
60.994,raw,1304,-6.4904,-11.4169,1.0269
60.994,raw,1317,-6.1655,-11.9805,1.0210
60.994,raw,1330,-5.8381,-12.5568,1.0136
60.994,raw,1343,-5.4863,-13.1259,1.0061
60.994,raw,1356,-5.0848,-13.6577,1.0003
60.994,raw,1369,-4.8989,-14.4752,0.9771
60.994,raw,1382,-4.5864,-15.1873,0.9602
60.994,raw,1395,-4.3566,-16.0710,0.9335
60.994,raw,1408,-4.1774,-17.1183,0.8982
60.994,raw,1421,-4.2234,-18.6705,0.8367
60.994,raw,1434,-4.8804,-21.5877,0.7061
60.994,raw,1447,-4.4023,-22.6592,0.6725
60.994,raw,1460,-4.0224,-24.0941,0.6204
60.994,raw,1473,-3.1980,-24.6419,0.6119
60.994,raw,1486,-2.3397,-25.1396,0.6044
60.994,raw,1499,-1.4447,-25.5659,0.5988
60.994,raw,1513,-0.4554,-25.9759,0.5934
60.994,raw,1526,0.4546,-26.4389,0.5829
60.994,raw,1539,1.3884,-26.8760,0.5722
60.994,raw,1552,2.3384,-27.3339,0.5589
60.994,raw,1565,3.3101,-27.8067,0.5433
60.994,raw,1578,4.3088,-28.2809,0.5261
60.994,raw,1591,5.3367,-28.7670,0.5066
60.994,raw,1604,9.5628,-0.6133,1.6562
60.994,raw,1617,9.5061,-0.4929,1.6591
60.994,raw,1630,9.4356,-0.3771,1.6624
60.994,raw,1643,9.3674,-0.2664,1.6654
60.994,raw,1656,9.2901,-0.1613,1.6686
60.994,raw,1669,9.2215,-0.0604,1.6713
60.994,raw,1682,9.1860,0.0411,1.6723
60.994,raw,1695,9.1083,0.1331,1.6751
60.994,raw,1708,9.0413,0.2231,1.6773
60.994,raw,1721,8.9852,0.3124,1.6788
60.994,raw,1734,9.2738,0.5047,1.6638
60.994,raw,1747,9.6919,0.7683,1.6420
60.994,raw,1760,-17.0447,3.7615,1.2744
60.994,raw,1773,-16.5895,2.8006,1.2876
60.994,raw,1786,-16.1591,1.8858,1.2994
60.994,raw,1799,-15.7322,1.0101,1.3104
60.994,raw,1813,-15.3201,0.1082,1.3203
60.994,raw,1826,-8.2813,-0.5962,1.4757
60.994,raw,1839,-14.5744,-1.4777,1.3362
60.994,raw,1852,-14.2161,-2.2337,1.3429
60.994,raw,1865,-13.8795,-2.9706,1.3486
60.994,raw,1878,-13.5121,-3.6842,1.3543
60.994,raw,1891,-12.6894,-4.2859,1.3697
60.994,raw,1904,-12.3946,-4.9637,1.3728
60.994,raw,1917,-12.0908,-5.6292,1.3755
60.994,raw,1930,-11.7733,-6.2816,1.3780
60.994,raw,1943,-11.3485,-6.8867,1.3825
60.994,raw,1956,-11.0394,-7.5238,1.3838
60.994,raw,1969,-10.7829,-8.1811,1.3832
60.994,raw,1982,-10.3013,-8.7291,1.3876
60.994,raw,1995,-10.0907,-9.4097,1.3848
60.994,raw,2008,-9.9004,-10.1148,1.3807
60.994,raw,2021,-9.4328,-10.6575,1.3831
60.994,raw,2034,-9.2126,-11.3655,1.3784
60.994,raw,2047,-8.7304,-11.8954,1.3801
60.994,raw,2060,-8.5071,-12.6320,1.3739
60.994,raw,2073,-8.0223,-13.1663,1.3743
60.994,raw,2086,-7.8294,-13.9786,1.3653
60.994,raw,2099,-7.3379,-14.5288,1.3645
60.994,raw,2113,-6.8307,-15.1524,1.3620
60.994,raw,2126,-8.9246,-18.8334,1.2703
60.994,raw,2139,-8.5671,-19.8392,1.2579
60.994,raw,2152,-8.1652,-20.8571,1.2451
60.994,raw,2165,-7.7431,-21.9255,1.2309
60.994,raw,2178,-7.2987,-23.0525,1.2151
60.994,raw,2191,-6.9746,-24.5095,1.1909
60.994,raw,2204,-6.4707,-25.7963,1.1710
60.994,raw,2217,-5.6811,-26.6270,1.1621
60.994,raw,2230,-4.7127,-27.1108,1.1609
60.994,raw,2243,-3.7443,-27.6103,1.1585
60.994,raw,2256,-2.7786,-28.1488,1.1543
60.994,raw,2269,-1.8154,-28.7518,1.1479
60.994,raw,2282,-0.8333,-29.3747,1.1403
60.994,raw,2295,0.1972,-29.9010,1.1341
60.994,raw,2308,1.2811,-30.2497,1.1310
60.994,raw,2321,2.3700,-30.6516,1.1258
60.994,raw,2334,3.4627,-31.2138,1.1163
60.994,raw,2347,4.5888,-31.7867,1.1056
60.994,raw,2360,5.7514,-32.4279,1.0924
60.994,raw,2373,6.9690,-33.6017,1.0666
60.994,raw,2386,8.2830,-34.9042,1.0368
60.994,raw,2399,9.5717,-0.5865,1.7301
60.994,raw,2413,9.4904,-0.4568,1.7320
60.994,raw,2426,9.3863,-0.3428,1.7344
60.994,raw,2439,9.3502,-0.2332,1.7351
60.994,raw,2452,9.2671,-0.1299,1.7368
60.994,raw,2465,9.2189,-0.0280,1.7376
60.994,raw,2478,9.1410,0.0665,1.7390
60.994,raw,2491,9.0714,0.1580,1.7402
60.994,raw,2504,9.0204,0.2500,1.7408
60.994,raw,2517,9.0676,0.3671,1.7392
60.994,raw,2530,9.3851,0.5763,1.7311
60.994,raw,2543,9.8360,0.8627,1.7197
60.994,raw,2556,-23.3003,16.9541,1.0410
60.994,raw,2569,-23.3886,15.5446,1.0544
60.994,raw,2582,-22.2935,13.6075,1.0954
60.994,raw,2595,-21.3688,11.8953,1.1298
60.994,raw,2608,-20.5139,10.3345,1.1606
60.994,raw,2621,-19.7140,8.9019,1.1882
60.994,raw,2634,-19.0123,7.5967,1.2120
60.994,raw,2647,-18.2998,6.3706,1.2347
60.994,raw,2660,-17.7806,5.2670,1.2518
60.994,raw,2673,-17.2594,4.2206,1.2679
60.994,raw,2686,-16.9538,-0.5275,1.8317
60.994,raw,2699,-17.3185,-1.6908,1.8322
60.994,raw,2713,-16.6871,-3.6683,1.8316
60.994,raw,2726,-26.3057,-13.6711,1.8478
60.994,raw,2739,-22.9708,-20.1749,1.8480
60.994,raw,2752,-22.1760,-21.2336,1.8479
60.994,raw,2765,-20.8547,-22.9113,1.8479
60.994,raw,2778,-19.9555,-23.8802,1.8479
60.994,raw,2791,-19.0637,-24.8535,1.8479
60.994,raw,2804,9.6168,-0.6824,1.8044
60.994,raw,2817,9.5399,-0.5573,1.8042
60.994,raw,2830,9.4476,-0.4382,1.8041
60.994,raw,2843,9.3758,-0.3258,1.8040
60.994,raw,2856,9.3037,-0.2187,1.8039
60.994,raw,2869,9.2557,-0.1144,1.8039
60.994,raw,2882,9.1826,-0.0162,1.8038
60.994,raw,2895,9.1044,0.0765,1.8037
60.994,raw,2908,9.0754,0.1747,1.8037
60.994,raw,2921,9.0062,0.2624,1.8036
60.994,raw,2934,9.0931,0.3908,1.8038
60.994,raw,2947,9.4673,0.6219,1.8044
60.994,raw,2960,9.9201,0.9158,1.8051
60.994,raw,2973,-26.2284,-13.8588,2.6751
60.994,raw,2986,9.5962,-0.6435,1.8792
60.994,raw,2999,9.5288,-0.5207,1.8773
60.994,raw,3013,9.4377,-0.3945,1.8750
60.994,raw,3026,9.3531,-0.2839,1.8729
60.994,raw,3039,9.3008,-0.1772,1.8718
60.994,raw,3052,9.2254,-0.0763,1.8701
60.994,raw,3065,9.1755,0.0233,1.8692
60.994,raw,3078,9.0873,0.1133,1.8674
60.994,raw,3091,9.0354,0.2059,1.8666
60.994,raw,3104,8.9913,0.2981,1.8660
60.994,raw,3117,9.2326,0.4744,1.8730
60.994,raw,3130,9.6045,0.7175,1.8836
60.994,raw,3143,-18.8861,-2.7286,3.0254
60.994,raw,3156,-26.1145,-14.1413,3.5036
60.994,raw,3169,9.5618,-0.6132,1.9524
60.994,raw,3182,9.4946,-0.4924,1.9488
60.994,raw,3195,9.4105,-0.3770,1.9446
60.994,raw,3208,9.3257,-0.2679,1.9406
60.994,raw,3221,9.2898,-0.1613,1.9392
60.994,raw,3234,9.2128,-0.0614,1.9359
60.994,raw,3247,9.1386,0.0340,1.9330
60.994,raw,3260,9.1032,0.1322,1.9321
60.994,raw,3273,9.0497,0.2250,1.9304
60.994,raw,3286,8.9728,0.3091,1.9278
60.994,raw,3299,9.2668,0.5026,1.9440
60.994,raw,3313,9.7119,0.7859,1.9687
60.994,raw,3326,-16.8330,0.5428,3.4688
60.994,raw,3339,-16.5853,-0.3267,3.4497
60.994,raw,3352,-16.3061,-1.1765,3.4307
60.994,raw,3365,-16.5226,-2.0437,3.4496
60.994,raw,3378,-15.5616,-2.8017,3.3859
60.994,raw,3391,-18.3023,-4.0440,3.5923
60.994,raw,3404,-18.0295,-4.9426,3.5837
60.994,raw,3417,-14.9080,-5.1895,3.3680
60.994,raw,3430,-17.5330,-6.8053,3.5786
60.994,raw,3443,-17.2418,-7.6848,3.5761
60.994,raw,3456,-16.9626,-8.5670,3.5769
60.994,raw,3469,9.6124,-0.6727,2.0306
60.994,raw,3482,9.5289,-0.5476,2.0240
60.994,raw,3495,9.4621,-0.4297,2.0189
60.994,raw,3508,9.3916,-0.3170,2.0138
60.994,raw,3521,9.3005,-0.2106,2.0075
60.994,raw,3534,9.2441,-0.1073,2.0041
60.994,raw,3547,9.2117,-0.0043,2.0026
60.994,raw,3560,9.1249,0.0880,1.9974
60.994,raw,3573,9.0700,0.1815,1.9948
60.994,raw,3586,9.0012,0.2690,1.9913
60.994,raw,3599,9.1120,0.4045,2.0015
60.994,raw,3613,9.4688,0.6418,2.0310
60.994,raw,3626,9.9870,0.9638,2.0738
60.994,raw,3639,-15.8354,-3.4164,3.9404
60.994,raw,3652,-15.3930,-4.1905,3.9101
60.994,raw,3665,-14.9473,-5.5871,3.8958
60.994,raw,3678,-14.6717,-6.3627,3.8892
60.994,raw,3691,-14.3630,-7.1233,3.8822
60.994,raw,3704,-14.0667,-7.8838,3.8792
60.994,raw,3717,9.5399,-0.5753,2.0988
60.994,raw,3730,9.4846,-0.4567,2.0930
60.994,raw,3743,9.3932,-0.3427,2.0842
60.994,raw,3756,9.3368,-0.2338,2.0791
60.994,raw,3769,9.2647,-0.1301,2.0729
60.994,raw,3782,9.1906,-0.0315,2.0669
60.994,raw,3795,9.1343,0.0654,2.0628
60.994,raw,3808,9.0612,0.1559,2.0575
60.994,raw,3821,9.0150,0.2487,2.0551
60.994,raw,3834,9.0403,0.3595,2.0601
60.994,raw,3847,9.3733,0.5725,2.0963
60.994,raw,3860,9.1883,-0.0317,2.1329
60.994,raw,3873,9.1109,0.0776,2.1256
60.994,raw,3886,9.0502,0.1695,2.1205
60.994,raw,3899,9.0058,0.2623,2.1178
62.056,raw,0,9.6655,-0.6750,1.1931
62.056,raw,12,9.5757,-0.5576,1.2118
62.056,raw,24,9.4977,-0.4472,1.2274
62.056,raw,37,9.4184,-0.3340,1.2426
62.056,raw,49,9.3777,-0.2335,1.2499
62.056,raw,61,9.3136,-0.1372,1.2609
62.056,raw,74,9.2500,-0.0366,1.2710
62.056,raw,86,9.1978,0.0537,1.2786
62.056,raw,98,9.1293,0.1383,1.2887
62.056,raw,111,9.0807,0.2315,1.2942
62.056,raw,123,9.0301,0.3141,1.2998
62.056,raw,136,9.2171,0.4736,1.2578
62.056,raw,148,9.5614,0.6944,1.1835
62.056,raw,160,9.6710,-0.6755,1.2701
62.056,raw,173,9.5675,-0.5480,1.2887
62.056,raw,185,9.4995,-0.4385,1.3007
62.056,raw,197,9.4441,-0.3339,1.3099
62.056,raw,210,9.3602,-0.2258,1.3233
62.056,raw,222,9.2812,-0.1314,1.3353
62.056,raw,235,9.2424,-0.0294,1.3400
62.056,raw,247,9.1947,0.0613,1.3458
62.056,raw,259,9.1147,0.1435,1.3565
62.056,raw,272,9.0668,0.2362,1.3611
62.056,raw,284,9.0156,0.3182,1.3661
62.056,raw,296,9.2109,0.4718,1.3285
62.056,raw,309,9.5901,0.7141,1.2571
62.056,raw,321,9.6472,-0.6638,1.3510
62.056,raw,333,9.5780,-0.5487,1.3619
62.056,raw,346,9.4806,-0.4293,1.3763
62.056,raw,358,9.4266,-0.3254,1.3840
62.056,raw,371,9.3618,-0.2174,1.3926
62.056,raw,383,9.2949,-0.1221,1.4011
62.056,raw,395,9.2381,-0.0299,1.4078
62.056,raw,408,9.1627,0.0644,1.4165
62.056,raw,420,9.1167,0.1518,1.4208
62.056,raw,432,9.0431,0.2309,1.4287
62.056,raw,445,9.0181,0.3267,1.4289
62.056,raw,457,9.2501,0.4922,1.3913
62.056,raw,470,9.6204,0.7346,1.3315
62.056,raw,482,9.6388,-0.6538,1.4284
62.056,raw,494,9.5637,-0.5388,1.4381
62.056,raw,507,9.4901,-0.4208,1.4472
62.056,raw,519,9.4287,-0.3169,1.4544
62.056,raw,531,9.3574,-0.2176,1.4624
62.056,raw,544,9.2878,-0.1145,1.4697
62.056,raw,556,9.2265,-0.0231,1.4757
62.056,raw,569,9.1750,0.0743,1.4801
62.056,raw,581,9.1067,0.1578,1.4863
62.056,raw,593,9.0653,0.2438,1.4889
62.056,raw,606,9.0012,0.3301,1.4937
62.056,raw,618,9.2713,0.5075,1.4579
62.056,raw,630,9.6277,0.7371,1.4102
62.056,raw,643,9.6215,-0.6521,1.5056
62.056,raw,655,9.5643,-0.5389,1.5117
62.056,raw,667,9.5083,-0.4300,1.5174
62.056,raw,680,9.4135,-0.3171,1.5262
62.056,raw,692,9.3662,-0.2172,1.5303
62.056,raw,705,9.2924,-0.1141,1.5365
62.056,raw,717,9.2420,-0.0213,1.5403
62.056,raw,729,9.1766,0.0665,1.5452
62.056,raw,742,9.1216,0.1607,1.5487
62.056,raw,754,9.0538,0.2412,1.5534
62.056,raw,766,9.0195,0.3271,1.5545
62.056,raw,779,9.2816,0.5106,1.5265
62.056,raw,791,9.6222,0.7352,1.4901
62.056,raw,804,-6.4257,-8.9100,0.7326
62.056,raw,816,-4.2099,-7.9809,0.8949
62.056,raw,828,-5.8937,-9.8458,0.7249
62.056,raw,841,-5.5490,-10.3159,0.7233
62.056,raw,853,-5.2588,-10.7779,0.7177
62.056,raw,865,-5.0338,-11.3108,0.7042
62.056,raw,878,-4.6911,-11.8092,0.6968
62.056,raw,890,-4.4013,-12.3101,0.6853
62.056,raw,903,-4.1900,-12.9961,0.6592
62.056,raw,915,-3.9062,-13.5578,0.6415
62.056,raw,927,-3.7044,-14.2630,0.6111
62.056,raw,940,-3.4651,-15.0591,0.5756
62.056,raw,952,-3.1680,-15.7378,0.5475
62.056,raw,964,-2.9193,-16.5578,0.5079
62.056,raw,977,9.5841,-0.5762,1.5836
62.056,raw,989,9.5155,-0.4654,1.5887
62.056,raw,1001,9.4399,-0.3596,1.5941
62.056,raw,1014,9.3629,-0.2508,1.5993
62.056,raw,1026,9.3206,-0.1532,1.6019
62.056,raw,1039,9.2610,-0.0517,1.6054
62.056,raw,1051,9.1873,0.0361,1.6097
62.056,raw,1063,9.1220,0.1211,1.6132
62.056,raw,1076,9.0777,0.2150,1.6149
62.056,raw,1088,9.0383,0.3004,1.6162
62.056,raw,1100,9.1476,0.4277,1.6067
62.056,raw,1113,9.4775,0.6469,1.5804
62.056,raw,1125,9.9398,0.9345,1.5438
62.056,raw,1138,-9.8931,-5.0325,1.0259
62.056,raw,1150,-9.6152,-5.5590,1.0310
62.056,raw,1162,-9.4731,-6.1272,1.0288
62.056,raw,1175,-9.1970,-6.6983,1.0312
62.056,raw,1187,-8.9359,-7.2197,1.0328
62.056,raw,1199,-8.7902,-7.7954,1.0277
62.056,raw,1212,-8.4884,-8.3528,1.0284
62.056,raw,1224,-8.1858,-8.8531,1.0294
62.056,raw,1237,-7.9106,-9.4274,1.0265
62.056,raw,1249,-4.5223,-7.8288,1.1954
62.056,raw,1261,-4.1306,-8.1097,1.2026
62.056,raw,1274,-6.9775,-10.9895,1.0200
62.056,raw,1286,-6.6889,-11.5198,1.0149
62.056,raw,1298,-6.3995,-12.0608,1.0085
62.056,raw,1311,-6.0769,-12.6545,1.0006
62.056,raw,1323,-5.7813,-13.2226,0.9916
62.056,raw,1335,-5.3775,-13.6904,0.9884
62.056,raw,1348,-5.1733,-14.4907,0.9667
62.056,raw,1360,-4.9105,-15.1859,0.9494
62.056,raw,1373,-4.7282,-16.1362,0.9195
62.056,raw,1385,-4.6549,-17.2385,0.8799
62.056,raw,1397,-4.6072,-18.4994,0.8326
62.056,raw,1410,-5.5377,-21.7886,0.6819
62.056,raw,1422,-5.1262,-22.8398,0.6486
62.056,raw,1434,-4.6811,-23.9401,0.6127
62.056,raw,1447,-4.0571,-24.9600,0.5820
62.056,raw,1459,-3.2664,-25.4738,0.5739
62.056,raw,1472,-2.3874,-26.0117,0.5646
62.056,raw,1484,-1.5663,-26.5265,0.5539
62.056,raw,1496,-0.6900,-26.9033,0.5485
62.056,raw,1509,0.2711,-27.3076,0.5412
62.056,raw,1521,1.1561,-27.7546,0.5296
62.056,raw,1533,2.0543,-28.2372,0.5150
62.056,raw,1546,9.6296,-0.6621,1.6549
62.056,raw,1558,9.5719,-0.5483,1.6579
62.056,raw,1570,9.4958,-0.4384,1.6616
62.056,raw,1583,9.4177,-0.3255,1.6652
62.056,raw,1595,9.3637,-0.2256,1.6676
62.056,raw,1608,9.2938,-0.1222,1.6704
62.056,raw,1620,9.2386,-0.0298,1.6725
62.056,raw,1632,9.1900,0.0605,1.6742
62.056,raw,1645,9.1307,0.1544,1.6761
62.056,raw,1657,9.0644,0.2357,1.6783
62.056,raw,1669,9.0031,0.3150,1.6802
62.056,raw,1682,9.2527,0.4930,1.6671
62.056,raw,1694,9.5765,0.7095,1.6500
62.056,raw,1707,24.5641,11.3074,0.8198
62.056,raw,1719,-15.4452,3.0103,1.3110
62.056,raw,1731,-15.1603,2.2071,1.3196
62.056,raw,1744,-14.8365,1.3652,1.3286
62.056,raw,1756,-14.5469,0.6144,1.3360
62.056,raw,1768,-14.2731,-0.1139,1.3425
62.056,raw,1781,-8.2220,-0.7318,1.4760
62.056,raw,1793,-13.7026,-1.5705,1.3543
62.056,raw,1806,-13.4374,-2.3026,1.3589
62.056,raw,1818,-13.1700,-2.9625,1.3631
62.056,raw,1830,-12.9086,-3.6109,1.3666
62.056,raw,1843,-12.3794,-4.2505,1.3755
62.056,raw,1855,-12.1520,-4.8779,1.3774
62.056,raw,1867,-11.9066,-5.4950,1.3792
62.056,raw,1880,-11.6773,-6.1696,1.3797
62.056,raw,1892,-11.3303,-6.7428,1.3829
62.056,raw,1904,-11.0890,-7.3483,1.3831
62.056,raw,1917,-10.8441,-8.0116,1.3825
62.056,raw,1929,-10.7119,-8.6726,1.3790
62.056,raw,1942,-10.3062,-9.2642,1.3810
62.056,raw,1954,-10.1709,-9.9419,1.3764
62.056,raw,1966,-9.7762,-10.4759,1.3778
62.056,raw,1979,-9.6435,-11.2491,1.3710
62.056,raw,1991,-9.3552,-11.8686,1.3683
62.056,raw,2003,-8.9567,-12.4133,1.3681
62.056,raw,2016,-8.7930,-13.2322,1.3595
62.056,raw,2028,-8.4189,-13.8221,1.3571
62.056,raw,2041,-8.2413,-14.6964,1.3468
62.056,raw,2053,-9.6781,-17.2237,1.2848
62.056,raw,2065,-9.4075,-18.1297,1.2742
62.056,raw,2078,-9.2188,-19.2980,1.2573
62.056,raw,2090,-8.8761,-20.2424,1.2458
62.056,raw,2102,-8.5257,-21.2399,1.2327
62.056,raw,2115,-8.1255,-22.3750,1.2171
62.056,raw,2127,-7.7526,-23.5089,1.2004
62.056,raw,2140,-7.4679,-25.0715,1.1739
62.056,raw,2152,-7.0005,-26.2954,1.1550
62.056,raw,2164,-6.4052,-27.3902,1.1392
62.056,raw,2177,-5.4215,-27.9338,1.1373
62.056,raw,2189,-4.5098,-28.4463,1.1344
62.056,raw,2201,-3.5929,-28.9742,1.1305
62.056,raw,2214,-2.5750,-29.5182,1.1262
62.056,raw,2226,-1.6371,-30.0812,1.1200
62.056,raw,2238,-0.6907,-30.6978,1.1120
62.056,raw,2251,0.3561,-31.4112,1.1015
62.056,raw,2263,1.3827,-31.9022,1.0948
62.056,raw,2276,2.5367,-32.2997,1.0897
62.056,raw,2288,3.6151,-32.7077,1.0832
62.056,raw,2300,4.7048,-33.3094,1.0716
62.056,raw,2313,5.9240,-34.1930,1.0531
62.056,raw,2325,9.6344,-0.6534,1.7296
62.056,raw,2337,9.5642,-0.5389,1.7313
62.056,raw,2350,9.4773,-0.4205,1.7333
62.056,raw,2362,9.4161,-0.3170,1.7347
62.056,raw,2375,9.3502,-0.2096,1.7361
62.056,raw,2387,9.2767,-0.1155,1.7375
62.056,raw,2399,9.2153,-0.0245,1.7387
62.056,raw,2412,9.1788,0.0749,1.7392
62.056,raw,2424,9.1057,0.1576,1.7405
62.056,raw,2436,9.0622,0.2431,1.7410
62.056,raw,2449,8.9862,0.3261,1.7422
62.056,raw,2461,9.2606,0.5042,1.7353
62.056,raw,2474,9.6741,0.7634,1.7249
62.056,raw,2486,-21.9849,20.1105,1.0268
62.056,raw,2498,-20.9070,17.9368,1.0737
62.056,raw,2511,-19.9651,15.9132,1.1153
62.056,raw,2523,-19.8933,14.6413,1.1310
62.056,raw,2535,-19.2564,13.1270,1.1593
62.056,raw,2548,-11.1495,8.0546,1.3695
62.056,raw,2560,-18.2367,10.4090,1.2056
62.056,raw,2572,-17.8202,9.2455,1.2239
62.056,raw,2585,-17.3747,8.0543,1.2423
62.056,raw,2597,-16.9840,7.0179,1.2578
62.056,raw,2610,-16.5832,5.9565,1.2728
62.056,raw,2622,-16.2534,5.0317,1.2849
62.056,raw,2634,-15.8788,4.1355,1.2973
62.056,raw,2647,-18.6528,-0.6412,1.8340
62.056,raw,2659,-14.8970,-5.2863,1.8297
62.056,raw,2671,-26.0818,-14.2027,1.8479
62.056,raw,2684,9.5817,-0.5941,1.8042
62.056,raw,2696,9.5203,-0.4832,1.8042
62.056,raw,2709,9.4480,-0.3683,1.8041
62.056,raw,2721,9.3940,-0.2666,1.8040
62.056,raw,2733,9.3237,-0.1695,1.8039
62.056,raw,2746,9.2593,-0.0682,1.8038
62.056,raw,2758,9.2082,0.0229,1.8038
62.056,raw,2770,9.1348,0.1075,1.8037
62.056,raw,2783,9.0745,0.1986,1.8036
62.056,raw,2795,9.0275,0.2820,1.8036
62.056,raw,2807,9.0968,0.3965,1.8037
62.056,raw,2820,9.4488,0.6183,1.8043
62.056,raw,2832,9.8474,0.8783,1.8049
62.056,raw,2845,-26.1032,-14.1014,2.6758
62.056,raw,2857,9.6280,-0.6252,1.8789
62.056,raw,2869,9.5605,-0.5118,1.8770
62.056,raw,2882,9.4677,-0.3943,1.8746
62.056,raw,2894,9.3908,-0.2920,1.8727
62.056,raw,2906,9.3447,-0.1932,1.8717
62.056,raw,2919,9.2806,-0.0906,1.8703
62.056,raw,2931,9.2140,-0.0005,1.8689
62.056,raw,2944,9.1648,0.0967,1.8680
62.056,raw,2956,9.0870,0.1776,1.8665
62.056,raw,2968,9.0395,0.2614,1.8658
62.056,raw,2981,9.0449,0.3658,1.8666
62.056,raw,2993,9.3581,0.5614,1.8754
62.056,raw,3005,9.7487,0.8104,1.8865
62.056,raw,3018,-14.8836,-5.2832,2.8564
62.056,raw,3030,-11.5101,-8.4303,2.7501
62.056,raw,3043,9.5716,-0.5663,1.9506
62.056,raw,3055,9.5084,-0.4564,1.9473
62.056,raw,3067,9.4300,-0.3511,1.9434
62.056,raw,3080,9.3522,-0.2428,1.9398
62.056,raw,3092,9.3062,-0.1459,1.9378
62.056,raw,3104,9.2480,-0.0531,1.9354
62.056,raw,3117,9.1798,0.0430,1.9327
62.056,raw,3129,9.1202,0.1287,1.9305
62.056,raw,3141,9.0690,0.2131,1.9289
62.056,raw,3154,9.0396,0.3086,1.9286
62.056,raw,3166,9.1759,0.4443,1.9367
62.056,raw,3179,9.5146,0.6689,1.9555
62.056,raw,3191,9.9711,0.9575,1.9809
62.056,raw,3203,-16.7138,0.1805,3.4626
62.056,raw,3216,-16.4370,-0.6814,3.4425
62.056,raw,3228,-19.2783,-1.6110,3.6483
62.056,raw,3240,-17.3066,-2.3378,3.5106
62.056,raw,3253,-18.4989,-3.3799,3.6033
62.056,raw,3265,-18.2398,-4.2168,3.5932
62.056,raw,3278,-17.9597,-5.1136,3.5845
62.056,raw,3290,-14.8729,-5.2807,3.3704
62.056,raw,3302,-17.4750,-6.8328,3.5786
62.056,raw,3315,-17.2035,-7.7183,3.5776
62.056,raw,3327,-16.9574,-8.5376,3.5793
62.056,raw,3339,9.6369,-0.6721,2.0293
62.056,raw,3352,9.5617,-0.5477,2.0232
62.056,raw,3364,9.4979,-0.4385,2.0183
62.056,raw,3377,9.4372,-0.3254,2.0138
62.056,raw,3389,9.3464,-0.2264,2.0075
62.056,raw,3401,9.2798,-0.1315,2.0031
62.056,raw,3414,9.2254,-0.0313,1.9999
62.056,raw,3426,9.1772,0.0586,1.9974
62.056,raw,3438,9.1166,0.1438,1.9941
62.056,raw,3451,9.0555,0.2337,1.9911
62.056,raw,3463,9.0049,0.3154,1.9890
62.056,raw,3475,9.2239,0.4757,2.0072
62.056,raw,3488,9.5867,0.7130,2.0372
62.056,raw,3500,-15.8965,-2.5438,3.9409
62.056,raw,3513,-15.6465,-3.3566,3.9262
62.056,raw,3525,-15.2842,-4.0750,3.9025
62.056,raw,3537,-15.0558,-4.8046,3.8940
62.056,raw,3550,-14.6456,-5.9364,3.8807
62.056,raw,3562,-14.3988,-6.6483,3.8766
62.056,raw,3574,-14.1854,-7.3692,3.8782
62.056,raw,3587,9.5269,-0.4924,2.0930
62.056,raw,3599,9.4446,-0.3854,2.0848
62.056,raw,3612,9.3846,-0.2753,2.0792
62.056,raw,3624,9.3322,-0.1773,2.0746
62.056,raw,3636,9.2566,-0.0847,2.0681
62.056,raw,3649,9.1987,0.0136,2.0637
62.056,raw,3661,9.1362,0.0998,2.0590
62.056,raw,3673,9.0853,0.1851,2.0557
62.056,raw,3686,9.0283,0.2744,2.0523
62.056,raw,3698,9.0773,0.3829,2.0594
63.294,raw,0,9.6132,-0.5982,1.1974
63.294,raw,13,9.5321,-0.4729,1.2146
63.294,raw,26,9.4290,-0.3537,1.2351
63.294,raw,40,9.3748,-0.2335,1.2455
63.294,raw,53,9.2963,-0.1272,1.2596
63.294,raw,67,9.2228,-0.0177,1.2720
63.294,raw,80,9.1647,0.0805,1.2809
63.294,raw,93,9.1223,0.1780,1.2861
63.294,raw,107,9.0447,0.2741,1.2972
63.294,raw,120,8.9873,0.3628,1.3040
63.294,raw,134,9.1175,0.5108,1.2732
63.294,raw,147,9.4790,0.7404,1.1954
63.294,raw,160,9.5982,-0.5966,1.2772
63.294,raw,174,9.5181,-0.4631,1.2921
63.294,raw,187,9.4381,-0.3453,1.3061
63.294,raw,201,9.3572,-0.2253,1.3195
63.294,raw,214,9.2996,-0.1187,1.3284
63.294,raw,228,9.2394,-0.0081,1.3369
63.294,raw,241,9.1557,0.0873,1.3488
63.294,raw,254,9.1128,0.1843,1.3534
63.294,raw,268,9.0380,0.2805,1.3626
63.294,raw,281,8.9759,0.3677,1.3693
63.294,raw,295,9.1566,0.5307,1.3337
63.294,raw,308,9.5265,0.7660,1.2642
63.294,raw,321,9.6145,-0.5890,1.3514
63.294,raw,335,9.5055,-0.4534,1.3682
63.294,raw,348,9.4210,-0.3362,1.3807
63.294,raw,362,9.3580,-0.2169,1.3896
63.294,raw,375,9.2929,-0.1108,1.3981
63.294,raw,388,9.2174,-0.0101,1.4077
63.294,raw,402,9.1635,0.0964,1.4135
63.294,raw,415,9.0993,0.1899,1.4204
63.294,raw,429,9.0219,0.2849,1.4285
63.294,raw,442,8.9718,0.3745,1.4325
63.294,raw,456,9.2008,0.5522,1.3950
63.294,raw,469,9.5672,0.7896,1.3361
63.294,raw,482,9.5740,-0.5758,1.4325
63.294,raw,496,9.4888,-0.4436,1.4436
63.294,raw,509,9.4407,-0.3280,1.4497
63.294,raw,523,9.3614,-0.2084,1.4589
63.294,raw,536,9.2861,-0.1029,1.4672
63.294,raw,549,9.2248,-0.0014,1.4734
63.294,raw,563,9.1552,0.1032,1.4800
63.294,raw,576,9.0977,0.1976,1.4849
63.294,raw,590,9.0279,0.2940,1.4908
63.294,raw,603,8.9721,0.3823,1.4947
63.294,raw,617,9.2207,0.5669,1.4611
63.294,raw,630,9.5789,0.8036,1.4131
63.294,raw,643,-4.6776,-8.6534,0.5116
63.294,raw,657,-4.3667,-9.1746,0.5043
63.294,raw,670,9.5296,-0.4817,1.5122
63.294,raw,684,9.4456,-0.3542,1.5205
63.294,raw,697,9.3663,-0.2421,1.5280
63.294,raw,710,9.3168,-0.1345,1.5323
63.294,raw,724,9.2368,-0.0246,1.5390
63.294,raw,737,9.1798,0.0744,1.5433
63.294,raw,751,9.1153,0.1768,1.5478
63.294,raw,764,9.0575,0.2689,1.5515
63.294,raw,777,8.9783,0.3528,1.5570
63.294,raw,791,9.1062,0.4992,1.5421
63.294,raw,804,9.4642,0.7258,1.5042
63.294,raw,818,-6.2260,-8.4662,0.7594
63.294,raw,831,-4.3058,-7.8059,0.8948
63.294,raw,845,-5.7252,-9.5547,0.7444
63.294,raw,858,-5.3906,-10.0194,0.7425
63.294,raw,871,-5.1723,-10.5915,0.7283
63.294,raw,885,-4.8091,-11.1092,0.7224
63.294,raw,898,-4.4970,-11.6261,0.7124
63.294,raw,912,-4.2221,-12.2717,0.6925
63.294,raw,925,-4.0252,-12.9760,0.6644
63.294,raw,938,-3.8234,-13.7256,0.6325
63.294,raw,952,-3.5628,-14.5401,0.5977
63.294,raw,965,-3.2677,-15.2829,0.5665
63.294,raw,979,-3.0017,-16.2469,0.5195
63.294,raw,992,9.5858,-0.5495,1.5812
63.294,raw,1006,9.4953,-0.4174,1.5881
63.294,raw,1019,9.4206,-0.3018,1.5935
63.294,raw,1032,9.3440,-0.1920,1.5987
63.294,raw,1046,9.2673,-0.0795,1.6036
63.294,raw,1059,9.1956,0.0200,1.6080
63.294,raw,1073,9.1396,0.1250,1.6109
63.294,raw,1086,9.0950,0.2209,1.6129
63.294,raw,1099,9.0353,0.3113,1.6157
63.294,raw,1113,8.9668,0.4044,1.6188
63.294,raw,1126,9.2431,0.5912,1.5969
63.294,raw,1140,9.7019,0.8770,1.5607
63.294,raw,1153,22.0580,9.8590,0.5147
63.294,raw,1166,-9.1649,-5.1224,1.0567
63.294,raw,1180,-9.0394,-5.7751,1.0527
63.294,raw,1193,-8.7876,-6.3350,1.0544
63.294,raw,1207,-8.5342,-6.9436,1.0543
63.294,raw,1220,-8.4152,-7.5672,1.0471
63.294,raw,1234,-8.1372,-8.1735,1.0457
63.294,raw,1247,-7.8359,-8.7145,1.0455
63.294,raw,1260,-7.5750,-9.2831,1.0420
63.294,raw,1274,-4.2859,-7.7919,1.2041
63.294,raw,1287,-6.9509,-10.4306,1.0353
63.294,raw,1301,-6.6286,-11.0409,1.0295
63.294,raw,1314,-6.3298,-11.6216,1.0227
63.294,raw,1327,-6.0312,-12.2192,1.0142
63.294,raw,1341,-5.6068,-12.7800,1.0098
63.294,raw,1354,-5.3062,-13.4173,0.9978
63.294,raw,1368,-5.0940,-14.2754,0.9745
63.294,raw,1381,-4.8259,-15.0416,0.9547
63.294,raw,1394,-4.6263,-15.9632,0.9262
63.294,raw,1408,-4.5732,-17.3047,0.8769
63.294,raw,1421,-5.8217,-20.8899,0.7083
63.294,raw,1435,-5.3804,-22.1025,0.6702
63.294,raw,1448,-4.9480,-23.3216,0.6299
63.294,raw,1462,-4.4300,-24.7028,0.5830
63.294,raw,1475,-3.5779,-25.2621,0.5746
63.294,raw,1488,-2.7188,-25.8464,0.5636
63.294,raw,1502,-1.7722,-26.4809,0.5499
63.294,raw,1515,-0.8492,-26.9965,0.5391
63.294,raw,1529,0.1980,-27.4154,0.5322
63.294,raw,1542,1.1537,-27.9592,0.5169
63.294,raw,1555,9.6016,-0.5970,1.6548
63.294,raw,1569,9.5323,-0.4640,1.6584
63.294,raw,1582,9.4444,-0.3455,1.6627
63.294,raw,1596,9.3600,-0.2253,1.6665
63.294,raw,1609,9.2886,-0.1193,1.6696
63.294,raw,1623,9.2293,-0.0090,1.6720
63.294,raw,1636,9.1399,0.0853,1.6755
63.294,raw,1649,9.0961,0.1815,1.6769
63.294,raw,1663,9.0347,0.2798,1.6788
63.294,raw,1676,8.9902,0.3713,1.6798
63.294,raw,1690,9.1478,0.5281,1.6710
63.294,raw,1703,9.5085,0.7600,1.6522
63.294,raw,1716,23.7667,10.7550,0.8649
63.294,raw,1730,-15.1165,16.1931,0.5659
63.294,raw,1743,-14.0062,3.2915,1.3423
63.294,raw,1757,-13.6956,2.4084,1.3520
63.294,raw,1770,-13.4653,1.6246,1.3590
63.294,raw,1783,-13.2013,0.8617,1.3661
63.294,raw,1797,-12.9397,0.0661,1.3725
63.294,raw,1810,-8.3018,-0.5643,1.4749
63.294,raw,1824,-12.4813,-1.4108,1.3819
63.294,raw,1837,-12.2671,-2.1009,1.3855
63.294,raw,1851,-12.0815,-2.8381,1.3876
63.294,raw,1864,-11.7300,-3.4848,1.3930
63.294,raw,1877,-11.5442,-4.1495,1.3942
63.294,raw,1891,-11.3476,-4.8627,1.3948
63.294,raw,1904,-11.1972,-5.5336,1.3941
63.294,raw,1918,-11.0017,-6.2489,1.3933
63.294,raw,1931,-10.6661,-6.8574,1.3957
63.294,raw,1944,-10.4300,-7.5008,1.3952
63.294,raw,1958,-10.1537,-8.1867,1.3945
63.294,raw,1971,-9.8025,-8.7777,1.3956
63.294,raw,1985,-9.5330,-9.4734,1.3934
63.294,raw,1998,-9.1655,-10.0554,1.3937
63.294,raw,2012,-4.6868,-7.8842,1.5026
63.294,raw,2025,-8.5642,-11.3866,1.3881
63.294,raw,2038,-8.4142,-12.1599,1.3803
63.294,raw,2052,-8.0105,-12.8228,1.3777
63.294,raw,2065,-7.6647,-13.4784,1.3737
63.294,raw,2079,-7.5088,-14.4279,1.3615
63.294,raw,2092,-9.3208,-17.5128,1.2846
63.294,raw,2105,-9.0406,-18.5319,1.2718
63.294,raw,2119,-8.8461,-19.8481,1.2520
63.294,raw,2132,-8.5012,-20.9555,1.2370
63.294,raw,2146,-8.1068,-22.2189,1.2190
63.294,raw,2159,-7.7004,-23.4417,1.2010
63.294,raw,2172,-7.4338,-25.0416,1.1735
63.294,raw,2186,-6.9640,-26.6387,1.1473
63.294,raw,2199,-6.1459,-27.5027,1.1380
63.294,raw,2213,-5.1054,-28.1442,1.1342
63.294,raw,2226,-4.1239,-28.7391,1.1299
63.294,raw,2240,-3.0580,-29.4110,1.1236
63.294,raw,2253,-2.0426,-30.0258,1.1172
63.294,raw,2266,-1.0253,-30.7312,1.1079
63.294,raw,2280,0.0968,-31.5472,1.0957
63.294,raw,2293,1.1946,-32.2205,1.0855
63.294,raw,2307,2.4462,-32.7156,1.0786
63.294,raw,2320,3.6303,-33.2037,1.0705
63.294,raw,2333,4.8333,-33.9044,1.0569
63.294,raw,2347,9.6030,-0.5971,1.7296
63.294,raw,2360,9.5273,-0.4726,1.7315
63.294,raw,2374,9.4387,-0.3453,1.7335
63.294,raw,2387,9.3660,-0.2336,1.7352
63.294,raw,2400,9.2913,-0.1274,1.7367
63.294,raw,2414,9.2433,-0.0159,1.7376
63.294,raw,2427,9.1646,0.0805,1.7391
63.294,raw,2441,9.0893,0.1804,1.7404
63.294,raw,2454,9.0317,0.2714,1.7413
63.294,raw,2468,8.9675,0.3656,1.7422
63.294,raw,2481,9.1252,0.5130,1.7380
63.294,raw,2494,9.4766,0.7396,1.7291
63.294,raw,2508,-21.0227,22.1147,1.0184
63.294,raw,2521,-20.1469,19.7955,1.0652
63.294,raw,2535,-19.1725,17.4894,1.1124
63.294,raw,2548,-18.3930,15.6091,1.1498
63.294,raw,2561,-17.5932,13.8616,1.1850
63.294,raw,2575,-17.2172,12.3887,1.2081
63.294,raw,2588,-11.2722,8.3721,1.3653
63.294,raw,2602,-15.9836,9.5759,1.2598
63.294,raw,2615,-15.6587,8.4641,1.2759
63.294,raw,2629,-15.2828,7.3206,1.2925
63.294,raw,2642,-14.9828,6.3291,1.3056
63.294,raw,2655,-14.6328,5.3690,1.3189
63.294,raw,2669,-14.3608,4.4088,1.3298
63.294,raw,2682,-14.0622,3.5436,1.3401
63.294,raw,2696,-28.8359,-4.7523,1.8482
63.294,raw,2709,-16.7837,-4.1055,1.8319
63.294,raw,2722,-27.7487,-7.2393,1.8473
63.294,raw,2736,-27.2116,-8.5522,1.8469
63.294,raw,2749,-26.6400,-9.7348,1.8466
63.294,raw,2763,-15.4257,-7.4874,1.8312
63.294,raw,2776,-14.1065,-7.9136,1.8297
63.294,raw,2789,-24.8983,-13.2843,1.8460
63.294,raw,2803,-11.7140,-8.6771,1.8271
63.294,raw,2816,-23.7302,-15.6409,1.8459
63.294,raw,2830,-23.1198,-16.8600,1.8459
63.294,raw,2843,-22.5808,-18.0144,1.8461
63.294,raw,2857,-21.9563,-19.2425,1.8463
63.294,raw,2870,-21.3996,-20.4142,1.8465
63.294,raw,2883,-20.8491,-21.6131,1.8469
63.294,raw,2897,-20.2309,-22.9163,1.8474
63.294,raw,2910,9.6032,-0.5971,1.8043
63.294,raw,2924,9.5275,-0.4637,1.8042
63.294,raw,2937,9.4451,-0.3455,1.8041
63.294,raw,2950,9.3685,-0.2336,1.8040
63.294,raw,2964,9.3013,-0.1186,1.8039
63.294,raw,2977,9.2292,-0.0172,1.8038
63.294,raw,2991,9.1670,0.0888,1.8037
63.294,raw,3004,9.1076,0.1835,1.8037
63.294,raw,3018,9.0251,0.2778,1.8036
63.294,raw,3031,8.9858,0.3702,1.8036
63.294,raw,3044,9.1411,0.5176,1.8038
63.294,raw,3058,9.5368,0.7694,1.8044
63.294,raw,3071,-19.0390,-0.1217,2.4311
63.294,raw,3085,-17.7934,-1.5224,2.4010
63.294,raw,3098,-17.7425,-3.5535,2.4044
63.294,raw,3111,-16.5204,-4.8116,2.3797
63.294,raw,3125,-16.8837,-6.5806,2.3985
63.294,raw,3138,-14.4524,-7.0329,2.3439
63.294,raw,3152,-14.1027,-7.9122,2.3429
63.294,raw,3165,9.5881,-0.5680,1.8787
63.294,raw,3178,9.5016,-0.4443,1.8763
63.294,raw,3192,9.4220,-0.3191,1.8742
63.294,raw,3205,9.3470,-0.2087,1.8723
63.294,raw,3219,9.2819,-0.0950,1.8708
63.294,raw,3232,9.2129,0.0056,1.8693
63.294,raw,3246,9.1543,0.1111,1.8682
63.294,raw,3259,9.0940,0.2048,1.8671
63.294,raw,3272,9.0295,0.2944,1.8659
63.294,raw,3286,8.9707,0.3898,1.8651
63.294,raw,3299,9.2127,0.5645,1.8720
63.294,raw,3313,9.6285,0.8308,1.8838
63.294,raw,3326,-14.9821,-4.8277,2.8558
63.294,raw,3339,9.6206,-0.6082,1.9549
63.294,raw,3353,9.5143,-0.4717,1.9492
63.294,raw,3366,9.4374,-0.3539,1.9452
63.294,raw,3380,9.3615,-0.2337,1.9415
63.294,raw,3393,9.3068,-0.1266,1.9390
63.294,raw,3406,9.2371,-0.0246,1.9360
63.294,raw,3420,9.1795,0.0824,1.9338
63.294,raw,3433,9.1031,0.1748,1.9308
63.294,raw,3447,9.0569,0.2766,1.9295
63.294,raw,3460,8.9803,0.3610,1.9268
63.294,raw,3474,9.1384,0.5169,1.9361
63.294,raw,3487,9.4760,0.7394,1.9548
63.294,raw,3500,-19.3279,0.3242,3.6481
63.294,raw,3514,-19.5300,-0.7159,3.6624
63.294,raw,3527,-11.4489,-8.3058,3.2061
63.294,raw,3541,9.5366,-0.4912,2.0236
63.294,raw,3554,9.4569,-0.3719,2.0174
63.294,raw,3567,9.3745,-0.2589,2.0114
63.294,raw,3581,9.3027,-0.1434,2.0064
63.294,raw,3594,9.2413,-0.0405,2.0025
63.294,raw,3608,9.1779,0.0662,1.9987
63.294,raw,3621,9.0996,0.1585,1.9941
63.294,raw,3635,9.0501,0.2595,1.9919
63.294,raw,3648,8.9896,0.3477,1.9890
63.294,raw,3661,9.0928,0.4788,1.9985
63.294,raw,3675,9.4420,0.7090,2.0273
63.294,raw,3688,9.8870,0.9978,2.0642
63.294,raw,3702,-16.3871,-0.8584,3.9755
63.294,raw,3715,-16.1009,-1.6946,3.9518
63.294,raw,3728,-15.6084,-2.5565,3.9118
63.294,raw,3742,-15.3703,-3.4227,3.8995
63.294,raw,3755,-15.1115,-4.2118,3.8873
63.294,raw,3769,-14.8932,-5.1301,3.8845
63.294,raw,3782,-14.6661,-5.9150,3.8815
63.294,raw,3795,-14.4149,-6.6913,3.8790
63.294,raw,3809,-14.1489,-7.5279,3.8799
63.294,raw,3822,9.5561,-0.5469,2.0993
63.294,raw,3836,9.4876,-0.4170,2.0920
63.294,raw,3849,9.4123,-0.3017,2.0845
63.294,raw,3863,9.3310,-0.1840,2.0768
63.294,raw,3876,9.2661,-0.0795,2.0711
63.294,raw,3889,9.2075,0.0212,2.0664
63.294,raw,3903,9.1320,0.1239,2.0604
63.294,raw,3916,9.0844,0.2189,2.0574
63.294,raw,3930,9.0016,0.3116,2.0514
63.294,raw,3943,8.9552,0.4013,2.0492
63.294,raw,3956,9.2589,0.5960,2.0821
63.294,raw,3970,9.6853,0.8712,2.1289
63.294,raw,3983,9.1109,0.1682,2.1235
63.294,raw,3997,9.0324,0.2637,2.1163
63.294,raw,4010,8.9914,0.3560,2.1139
64.638,raw,0,9.6061,-0.6100,1.2022
64.638,raw,14,9.5240,-0.4768,1.2197
64.638,raw,29,9.4243,-0.3419,1.2395
64.638,raw,43,9.3724,-0.2231,1.2492
64.638,raw,58,9.2769,-0.1027,1.2662
64.638,raw,73,9.2227,0.0144,1.2745
64.638,raw,87,9.1396,0.1157,1.2876
64.638,raw,102,9.0674,0.2213,1.2977
64.638,raw,117,9.0181,0.3279,1.3026
64.638,raw,131,9.0342,0.4428,1.2942
64.638,raw,146,9.3996,0.6844,1.2152
64.638,raw,161,9.9438,1.0320,1.0968
64.638,raw,175,9.5365,-0.4865,1.2920
64.638,raw,190,9.4321,-0.3506,1.3101
64.638,raw,205,9.3623,-0.2233,1.3216
64.638,raw,219,9.2894,-0.1102,1.3328
64.638,raw,234,9.1934,0.0033,1.3469
64.638,raw,249,9.1474,0.1168,1.3521
64.638,raw,263,9.0596,0.2120,1.3637
64.638,raw,278,9.0245,0.3215,1.3656
64.638,raw,293,9.0233,0.4397,1.3610
64.638,raw,307,9.3759,0.6673,1.2948
64.638,raw,322,9.9189,1.0113,1.1921
64.638,raw,337,9.5171,-0.4852,1.3689
64.638,raw,351,9.4617,-0.3600,1.3775
64.638,raw,366,9.3669,-0.2316,1.3908
64.638,raw,381,9.2805,-0.1107,1.4023
64.638,raw,395,9.2136,-0.0026,1.4104
64.638,raw,410,9.1491,0.1092,1.4174
64.638,raw,425,9.0645,0.2129,1.4267
64.638,raw,439,9.0274,0.3144,1.4289
64.638,raw,454,8.9912,0.4229,1.4301
64.638,raw,469,9.3709,0.6657,1.3693
64.638,raw,483,9.8594,0.9780,1.2903
64.638,raw,498,9.5228,-0.4945,1.4414
64.638,raw,513,9.4521,-0.3597,1.4504
64.638,raw,527,9.3646,-0.2400,1.4606
64.638,raw,542,9.2846,-0.1186,1.4694
64.638,raw,557,9.2123,-0.0028,1.4768
64.638,raw,571,9.1514,0.1016,1.4823
64.638,raw,586,9.0834,0.2087,1.4881
64.638,raw,601,9.0075,0.3098,1.4943
64.638,raw,615,8.9823,0.4126,1.4943
64.638,raw,630,9.3364,0.6453,1.4471
64.638,raw,645,9.8832,0.9867,1.3740
64.638,raw,659,-4.2515,-8.7576,0.5364
64.638,raw,674,-4.0152,-9.3309,0.5194
64.638,raw,689,-3.6793,-9.8336,0.5113
64.638,raw,703,-3.3625,-10.3106,0.5013
64.638,raw,718,9.5207,-0.4944,1.5147
64.638,raw,733,9.4425,-0.3595,1.5225
64.638,raw,747,9.3596,-0.2401,1.5302
64.638,raw,762,9.2914,-0.1182,1.5361
64.638,raw,777,9.2116,-0.0028,1.5426
64.638,raw,791,9.1539,0.1019,1.5468
64.638,raw,806,9.0756,0.2072,1.5524
64.638,raw,821,9.0047,0.3092,1.5569
64.638,raw,835,8.9822,0.4125,1.5565
64.638,raw,850,9.3388,0.6461,1.5187
64.638,raw,865,9.8605,0.9784,1.4630
64.638,raw,879,-4.3654,-7.7868,0.8918
64.638,raw,894,-5.4983,-9.3602,0.7647
64.638,raw,909,-5.0923,-9.8636,0.7650
64.638,raw,923,-4.8094,-10.4208,0.7546
64.638,raw,938,-4.4182,-10.9518,0.7491
64.638,raw,953,-4.0674,-11.5377,0.7371
64.638,raw,967,-3.8328,-12.2147,0.7131
64.638,raw,982,-3.5654,-12.9716,0.6846
64.638,raw,997,-3.3065,-13.8035,0.6495
64.638,raw,1011,-3.0339,-14.6069,0.6146
64.638,raw,1026,-2.7417,-15.5575,0.5698
64.638,raw,1041,-2.3393,-16.4252,0.5317
64.638,raw,1055,9.5403,-0.5494,1.5857
64.638,raw,1070,9.4771,-0.4127,1.5906
64.638,raw,1085,9.3667,-0.2820,1.5984
64.638,raw,1099,9.3137,-0.1665,1.6019
64.638,raw,1114,9.2462,-0.0481,1.6061
64.638,raw,1129,9.1793,0.0655,1.6098
64.638,raw,1143,9.1212,0.1681,1.6128
64.638,raw,1158,9.0469,0.2719,1.6165
64.638,raw,1173,8.9798,0.3729,1.6194
64.638,raw,1187,9.1666,0.5393,1.6039
64.638,raw,1202,9.6368,0.8336,1.5667
64.638,raw,1217,21.9503,9.7042,0.5272
64.638,raw,1231,-9.0440,-5.0606,1.0622
64.638,raw,1246,-8.8761,-5.7425,1.0597
64.638,raw,1261,-8.5927,-6.3841,1.0613
64.638,raw,1275,-8.3175,-6.9762,1.0622
64.638,raw,1290,-8.0384,-7.6180,1.0610
64.638,raw,1305,-7.7203,-8.2420,1.0604
64.638,raw,1319,-7.4158,-8.8222,1.0590
64.638,raw,1334,-4.5437,-7.7248,1.1959
64.638,raw,1349,-6.7838,-10.0993,1.0502
64.638,raw,1363,-6.4473,-10.6794,1.0461
64.638,raw,1378,-6.0736,-11.3014,1.0409
64.638,raw,1393,-5.6982,-11.9375,1.0339
64.638,raw,1407,-5.2669,-12.4660,1.0308
64.638,raw,1422,-4.9063,-13.1585,1.0187
64.638,raw,1437,-4.7061,-14.0880,0.9922
64.638,raw,1451,-4.3945,-14.8656,0.9729
64.638,raw,1466,-4.1361,-15.8797,0.9421
64.638,raw,1480,-3.8861,-16.9141,0.9088
64.638,raw,1495,-3.9519,-18.7511,0.8353
64.638,raw,1510,-4.5143,-21.8776,0.6978
64.638,raw,1524,-4.0004,-23.0952,0.6580
64.638,raw,1539,-3.3406,-24.3434,0.6177
64.638,raw,1554,-2.3742,-24.9659,0.6070
64.638,raw,1568,-1.4214,-25.4522,0.5997
64.638,raw,1583,-0.3747,-25.9385,0.5917
64.638,raw,1598,0.6740,-26.4965,0.5783
64.638,raw,1612,1.6755,-27.0311,0.5633
64.638,raw,1627,2.7831,-27.5827,0.5463
64.638,raw,1642,3.9187,-28.2057,0.5239
64.638,raw,1656,5.0204,-28.7570,0.5024
64.638,raw,1671,9.5239,-0.4857,1.6596
64.638,raw,1686,9.4297,-0.3506,1.6642
64.638,raw,1700,9.3612,-0.2317,1.6673
64.638,raw,1715,9.3061,-0.1091,1.6696
64.638,raw,1730,9.2037,0.0044,1.6738
64.638,raw,1744,9.1389,0.1077,1.6762
64.638,raw,1759,9.0743,0.2148,1.6783
64.638,raw,1774,9.0004,0.3159,1.6806
64.638,raw,1788,8.9900,0.4225,1.6798
64.638,raw,1803,9.3766,0.6675,1.6598
64.638,raw,1818,9.8875,0.9996,1.6328
64.638,raw,1832,-16.1529,16.0675,0.5304
64.638,raw,1847,-14.2376,2.6446,1.3390
64.638,raw,1862,-13.8680,1.7037,1.3496
64.638,raw,1876,-13.5043,0.8604,1.3590
64.638,raw,1891,-13.1736,-0.0057,1.3670
64.638,raw,1906,-8.2978,-0.7103,1.4745
64.638,raw,1920,-12.5336,-1.5989,1.3801
64.638,raw,1935,-12.2405,-2.3911,1.3850
64.638,raw,1950,-11.9833,-3.1712,1.3883
64.638,raw,1964,-11.5678,-3.8539,1.3947
64.638,raw,1979,-11.3598,-4.6179,1.3956
64.638,raw,1994,-11.1147,-5.3693,1.3965
64.638,raw,2008,-10.9081,-6.0758,1.3963
64.638,raw,2023,-10.5108,-6.7681,1.3994
64.638,raw,2038,-10.2267,-7.4978,1.3991
64.638,raw,2052,-9.9291,-8.1657,1.3989
64.638,raw,2067,-9.4992,-8.8240,1.4008
64.638,raw,2082,-9.1915,-9.5479,1.3989
64.638,raw,2096,-8.7922,-10.1605,1.3992
64.638,raw,2111,-4.2522,-7.8920,1.5103
64.638,raw,2126,-7.9942,-11.5213,1.3962
64.638,raw,2140,-7.6809,-12.2203,1.3918
64.638,raw,2155,-7.2296,-12.8885,1.3896
64.638,raw,2170,-6.8605,-13.6542,1.3837
64.638,raw,2184,-6.4384,-14.3166,1.3796
64.638,raw,2199,-5.9755,-15.0418,1.3743
64.638,raw,2214,-8.2615,-19.3709,1.2682
64.638,raw,2228,-7.9191,-20.5648,1.2515
64.638,raw,2243,-7.4689,-21.8427,1.2337
64.638,raw,2258,-6.9741,-23.1859,1.2142
64.638,raw,2272,-6.6234,-24.7982,1.1869
64.638,raw,2287,-5.9718,-26.2096,1.1656
64.638,raw,2302,-4.8830,-26.8148,1.1633
64.638,raw,2316,-3.8569,-27.3818,1.1602
64.638,raw,2331,-2.7666,-28.0636,1.1541
64.638,raw,2346,-1.6683,-28.8135,1.1454
64.638,raw,2360,-0.6065,-29.5001,1.1367
64.638,raw,2375,0.5928,-30.1162,1.1291
64.638,raw,2390,1.8517,-30.5536,1.1243
64.638,raw,2404,3.0261,-31.1388,1.1149
64.638,raw,2419,4.3168,-31.8872,1.1010
64.638,raw,2434,5.6630,-32.6906,1.0846
64.638,raw,2448,6.9884,-34.0004,1.0558
64.638,raw,2463,9.5730,-0.5613,1.7307
64.638,raw,2478,9.4716,-0.4212,1.7332
64.638,raw,2492,9.3970,-0.2989,1.7349
64.638,raw,2507,9.3332,-0.1740,1.7362
64.638,raw,2522,9.2456,-0.0562,1.7380
64.638,raw,2536,9.1720,0.0487,1.7394
64.638,raw,2551,9.1105,0.1585,1.7404
64.638,raw,2566,9.0396,0.2625,1.7415
64.638,raw,2580,8.9833,0.3582,1.7422
64.638,raw,2595,9.1615,0.5292,1.7375
64.638,raw,2610,9.5961,0.8092,1.7264
64.638,raw,2624,-21.5375,20.2094,1.0346
64.638,raw,2639,-20.3026,17.5865,1.0901
64.638,raw,2654,-19.1301,15.2521,1.1396
64.638,raw,2668,-18.6263,13.5972,1.1676
64.638,raw,2683,-17.9156,11.8626,1.1993
64.638,raw,2698,-17.3208,10.3128,1.2257
64.638,raw,2712,-16.7844,8.9722,1.2482
64.638,raw,2727,-16.2721,7.6517,1.2690
64.638,raw,2742,-15.7766,6.4189,1.2878
64.638,raw,2756,-15.3395,5.3416,1.3035
64.638,raw,2771,-14.8994,4.2566,1.3184
64.638,raw,2786,-18.7820,0.0010,1.8342
64.638,raw,2800,-16.9345,-3.6723,1.8320
64.638,raw,2815,-16.2869,-6.3745,1.8319
64.638,raw,2830,-26.5055,-10.6543,1.8468
64.638,raw,2844,-25.6579,-11.8264,1.8462
64.638,raw,2859,-24.7641,-13.0495,1.8457
64.638,raw,2874,-23.9389,-14.2697,1.8453
64.638,raw,2888,-23.1656,-15.3859,1.8450
64.638,raw,2903,-22.3586,-16.5755,1.8448
64.638,raw,2918,-21.5567,-17.7564,1.8447
64.638,raw,2932,-20.8135,-18.8569,1.8447
64.638,raw,2947,-20.0203,-20.0390,1.8447
64.638,raw,2961,-19.2828,-21.1516,1.8449
64.638,raw,2976,-18.4621,-22.3321,1.8451
64.638,raw,2991,-17.6633,-23.5538,1.8454
64.638,raw,3005,-16.8879,-24.6936,1.8458
64.638,raw,3020,-16.0445,-25.9395,1.8462
64.638,raw,3035,-15.1829,-27.2153,1.8468
64.638,raw,3049,-14.3723,-28.4567,1.8475
64.638,raw,3064,9.5428,-0.5317,1.8042
64.638,raw,3079,9.4704,-0.3950,1.8041
64.638,raw,3093,9.3785,-0.2735,1.8040
64.638,raw,3108,9.3132,-0.1500,1.8039
64.638,raw,3123,9.2257,-0.0337,1.8038
64.638,raw,3137,9.1588,0.0708,1.8037
64.638,raw,3152,9.1012,0.1805,1.8037
64.638,raw,3167,9.0244,0.2826,1.8036
64.638,raw,3181,8.9855,0.3822,1.8036
64.638,raw,3196,9.2350,0.5775,1.8040
64.638,raw,3211,9.6879,0.8724,1.8047
64.638,raw,3225,-17.9951,-0.8510,2.4058
64.638,raw,3240,-17.7665,-3.5091,2.4053
64.638,raw,3255,-14.9643,-5.1060,2.3438
64.638,raw,3269,-14.7765,-6.1664,2.3457
64.638,raw,3284,-14.4369,-7.0541,2.3440
64.638,raw,3299,-26.3880,-13.4940,2.6770
64.638,raw,3313,9.5925,-0.5995,1.8784
64.638,raw,3328,9.5114,-0.4583,1.8761
64.638,raw,3343,9.4258,-0.3248,1.8738
64.638,raw,3357,9.3423,-0.2070,1.8718
64.638,raw,3372,9.2546,-0.0879,1.8698
64.638,raw,3387,9.1872,0.0266,1.8684
64.638,raw,3401,9.1208,0.1286,1.8671
64.638,raw,3416,9.0397,0.2315,1.8655
64.638,raw,3431,9.0011,0.3394,1.8652
64.638,raw,3445,9.0479,0.4628,1.8671
64.638,raw,3460,9.4440,0.7180,1.8783
64.638,raw,3475,-19.7844,0.1631,3.0653
64.638,raw,3489,-26.1132,-14.1509,3.5069
64.638,raw,3504,9.5537,-0.5236,1.9503
64.638,raw,3519,9.4525,-0.3857,1.9451
64.638,raw,3533,9.3787,-0.2651,1.9414
64.638,raw,3548,9.2890,-0.1430,1.9373
64.638,raw,3563,9.2172,-0.0264,1.9342
64.638,raw,3577,9.1571,0.0785,1.9319
64.638,raw,3592,9.0652,0.1820,1.9283
64.638,raw,3607,9.0029,0.2856,1.9263
64.638,raw,3621,8.9662,0.3848,1.9257
64.638,raw,3636,9.2451,0.5894,1.9414
64.638,raw,3651,9.7101,0.8909,1.9673
64.638,raw,3665,-19.5531,0.2339,3.6654
64.638,raw,3680,-19.5130,-0.8863,3.6627
64.638,raw,3695,-16.1407,-1.7838,3.4238
64.638,raw,3709,9.5984,-0.6093,2.0273
64.638,raw,3724,9.5100,-0.4671,2.0202
64.638,raw,3739,9.4132,-0.3331,2.0129
64.638,raw,3753,9.3449,-0.2153,2.0080
64.638,raw,3768,9.2787,-0.0945,2.0036
64.638,raw,3783,9.2036,0.0204,1.9990
64.638,raw,3797,9.1277,0.1218,1.9945
64.638,raw,3812,9.0604,0.2278,1.9911
64.638,raw,3827,8.9886,0.3286,1.9876
64.638,raw,3841,9.0053,0.4426,1.9908
64.638,raw,3856,9.4109,0.6975,2.0240
64.638,raw,3871,-16.6238,-0.4211,3.9990
64.638,raw,3885,-16.2822,-1.3345,3.9688
64.638,raw,3900,-15.6748,-2.4571,3.9187
64.638,raw,3915,-15.3789,-3.3827,3.9012
64.638,raw,3929,-15.1221,-4.2373,3.8901
64.638,raw,3944,-14.8575,-5.2753,3.8857
64.638,raw,3959,-14.5892,-6.1796,3.8824
64.638,raw,3973,-14.3248,-7.0178,3.8813
64.638,raw,3988,9.5847,-0.6078,2.1008
64.638,raw,4003,9.5012,-0.4666,2.0917
64.638,raw,4017,9.4167,-0.3417,2.0832
64.638,raw,4032,9.3507,-0.2152,2.0769
64.638,raw,4047,9.2665,-0.0953,2.0694
64.638,raw,4061,9.2015,0.0121,2.0642
64.638,raw,4076,9.1260,0.1216,2.0583
64.638,raw,4091,9.0744,0.2305,2.0553
64.638,raw,4105,8.9888,0.3209,2.0491
64.638,raw,4120,9.0288,0.4493,2.0559
64.638,raw,4135,9.3999,0.6939,2.0965
64.638,raw,4149,9.9214,1.0236,2.1539
64.638,raw,4164,9.4886,-0.4746,2.1628
64.638,raw,4179,9.4129,-0.3417,2.1531
64.638,raw,4193,9.3514,-0.2235,2.1458
64.638,raw,4208,9.2726,-0.1030,2.1371
64.638,raw,4223,9.2016,0.0122,2.1298
64.638,raw,4237,9.1330,0.1147,2.1232
64.638,raw,4252,9.0534,0.2186,2.1160
64.638,raw,4267,8.9870,0.3205,2.1108
64.638,raw,4281,9.0129,0.4368,2.1173
64.638,raw,4296,9.3775,0.6771,2.1671
64.638,raw,4311,9.3245,-0.1578,2.2115
64.638,raw,4325,9.2297,-0.0494,2.1990
64.638,raw,4340,9.1729,0.0647,2.1926
64.638,raw,4355,9.0703,0.1673,2.1803
64.638,raw,4369,9.0132,0.2647,2.1749
64.638,raw,4384,8.9624,0.3684,2.1713
65.841,raw,0,9.6939,-0.6837,1.2033
65.841,raw,14,9.6097,-0.5511,1.2211
65.841,raw,28,9.5024,-0.4254,1.2422
65.841,raw,43,9.4332,-0.2993,1.2551
65.841,raw,57,9.3375,-0.1888,1.2721
65.841,raw,72,9.2668,-0.0749,1.2835
65.841,raw,86,9.2214,0.0299,1.2895
65.841,raw,101,9.1496,0.1351,1.2994
65.841,raw,115,9.0895,0.2308,1.3067
65.841,raw,130,9.0728,0.3435,1.3044
65.841,raw,144,9.4293,0.5713,1.2278
65.841,raw,159,9.9453,0.9048,1.1153
65.841,raw,173,9.6194,-0.5783,1.2935
65.841,raw,188,9.5331,-0.4431,1.3086
65.841,raw,202,9.4284,-0.3244,1.3259
65.841,raw,216,9.3522,-0.2122,1.3377
65.841,raw,231,9.3158,-0.0938,1.3421
65.841,raw,245,9.2287,0.0073,1.3543
65.841,raw,260,9.1428,0.1105,1.3655
65.841,raw,274,9.0967,0.2093,1.3696
65.841,raw,289,9.0469,0.3129,1.3735
65.841,raw,303,9.2990,0.5025,1.3250
65.841,raw,318,9.8003,0.8184,1.2304
65.841,raw,332,9.6256,-0.6055,1.3663
65.841,raw,347,9.5297,-0.4689,1.3808
65.841,raw,361,9.4637,-0.3490,1.3902
65.841,raw,376,9.3835,-0.2269,1.4010
65.841,raw,390,9.3079,-0.1187,1.4105
65.841,raw,404,9.2473,-0.0139,1.4173
65.841,raw,419,9.1780,0.0935,1.4246
65.841,raw,433,9.1241,0.1921,1.4293
65.841,raw,448,9.0558,0.2921,1.4353
65.841,raw,462,9.2351,0.4568,1.4048
65.841,raw,477,9.6897,0.7474,1.3316
65.841,raw,491,9.6307,-0.6327,1.4392
65.841,raw,506,9.5517,-0.4956,1.4494
65.841,raw,520,9.4697,-0.3742,1.4592
65.841,raw,535,9.4017,-0.2507,1.4668
65.841,raw,549,9.3348,-0.1405,1.4738
65.841,raw,564,9.2398,-0.0307,1.4834
65.841,raw,578,9.1836,0.0710,1.4882
65.841,raw,592,9.1242,0.1688,1.4929
65.841,raw,607,9.0565,0.2691,1.4979
65.841,raw,621,9.1440,0.4042,1.4839
65.841,raw,636,9.5811,0.6793,1.4257
65.841,raw,650,-4.5425,-8.7283,0.5151
65.841,raw,665,-4.2050,-9.2253,0.5111
65.841,raw,679,-3.8813,-9.6871,0.5060
65.841,raw,694,9.6161,-0.6137,1.5142
65.841,raw,708,9.5352,-0.4863,1.5223
65.841,raw,723,9.4870,-0.3573,1.5270
65.841,raw,737,9.3842,-0.2432,1.5362
65.841,raw,752,9.3090,-0.1266,1.5425
65.841,raw,766,9.2516,-0.0212,1.5467
65.841,raw,781,9.1707,0.0844,1.5526
65.841,raw,795,9.1303,0.1857,1.5545
65.841,raw,809,9.0514,0.2755,1.5597
65.841,raw,824,9.2001,0.4376,1.5424
65.841,raw,838,9.6076,0.6983,1.4990
65.841,raw,853,-6.0833,-8.7981,0.7527
65.841,raw,867,-4.1321,-8.1338,0.8894
65.841,raw,882,-5.3585,-9.8361,0.7509
65.841,raw,896,-5.0236,-10.3550,0.7458
65.841,raw,911,-4.6225,-10.8816,0.7420
65.841,raw,925,-4.3022,-11.4359,0.7310
65.841,raw,940,-3.9674,-12.0622,0.7153
65.841,raw,954,-3.7229,-12.7582,0.6900
65.841,raw,969,-3.4404,-13.5331,0.6602
65.841,raw,983,-3.1597,-14.2924,0.6292
65.841,raw,997,-2.8071,-15.0084,0.6016
65.841,raw,1012,-2.4643,-15.9098,0.5607
65.841,raw,1026,-2.0668,-16.7051,0.5260
65.841,raw,1041,9.6126,-0.5867,1.5873
65.841,raw,1055,9.5253,-0.4601,1.5938
65.841,raw,1070,9.4598,-0.3322,1.5984
65.841,raw,1084,9.3752,-0.2191,1.6039
65.841,raw,1099,9.2921,-0.1042,1.6091
65.841,raw,1113,9.2471,0.0020,1.6113
65.841,raw,1128,9.1426,0.1027,1.6173
65.841,raw,1142,9.0888,0.1998,1.6196
65.841,raw,1157,9.0494,0.3058,1.6205
65.841,raw,1171,9.2643,0.4829,1.6028
65.841,raw,1185,9.6958,0.7598,1.5685
65.841,raw,1200,22.0031,9.6327,0.5289
65.841,raw,1214,-9.5032,-5.3555,1.0354
65.841,raw,1229,-9.2987,-6.0513,1.0342
65.841,raw,1243,-8.9566,-6.6430,1.0392
65.841,raw,1258,-8.6467,-7.2936,1.0404
65.841,raw,1272,-8.3331,-7.8873,1.0416
65.841,raw,1287,-7.9656,-8.5047,1.0432
65.841,raw,1301,-7.6338,-9.0860,1.0428
65.841,raw,1316,-4.5034,-7.8356,1.1934
65.841,raw,1330,-4.1399,-8.2338,1.1965
65.841,raw,1345,-6.5658,-10.9201,1.0343
65.841,raw,1359,-6.2072,-11.5054,1.0297
65.841,raw,1374,-5.7915,-12.1168,1.0250
65.841,raw,1388,-5.3449,-12.6404,1.0226
65.841,raw,1402,-4.9522,-13.2322,1.0151
65.841,raw,1417,-4.7047,-14.1031,0.9923
65.841,raw,1431,-4.3741,-14.8506,0.9748
65.841,raw,1446,-4.0976,-15.8274,0.9461
65.841,raw,1460,-3.7628,-16.7115,0.9209
65.841,raw,1475,-3.7596,-18.3830,0.8557
65.841,raw,1489,-3.6285,-19.9410,0.7963
65.841,raw,1504,-3.8371,-22.6390,0.6819
65.841,raw,1518,-3.3709,-24.0864,0.6302
65.841,raw,1533,-2.3857,-24.6166,0.6241
65.841,raw,1547,-1.4235,-25.0191,0.6211
65.841,raw,1562,-0.3945,-25.4869,0.6142
65.841,raw,1576,0.5750,-25.9444,0.6049
65.841,raw,1590,1.5591,-26.4224,0.5929
65.841,raw,1605,2.6402,-26.9281,0.5784
65.841,raw,1619,3.6747,-27.4127,0.5624
65.841,raw,1634,9.5932,-0.5501,1.6607
65.841,raw,1648,9.5198,-0.4257,1.6643
65.841,raw,1663,9.4253,-0.2995,1.6686
65.841,raw,1677,9.3571,-0.1876,1.6714
65.841,raw,1692,9.2844,-0.0730,1.6743
65.841,raw,1706,9.2276,0.0308,1.6762
65.841,raw,1721,9.1543,0.1360,1.6787
65.841,raw,1735,9.0892,0.2307,1.6807
65.841,raw,1750,9.0408,0.3345,1.6816
65.841,raw,1764,9.3812,0.5557,1.6639
65.841,raw,1778,9.8490,0.8578,1.6392
65.841,raw,1793,-16.6990,3.2786,1.2809
65.841,raw,1807,-16.1584,2.2631,1.2958
65.841,raw,1822,-15.6200,1.2366,1.3097
65.841,raw,1836,-15.1239,0.3263,1.3217
65.841,raw,1851,-8.2973,-0.5337,1.4726
65.841,raw,1865,-14.2070,-1.4337,1.3416
65.841,raw,1880,-13.7271,-2.2877,1.3508
65.841,raw,1894,-13.3375,-3.0614,1.3574
65.841,raw,1909,-12.6306,-3.8128,1.3702
65.841,raw,1923,-12.2836,-4.5384,1.3746
65.841,raw,1938,-11.8873,-5.2927,1.3791
65.841,raw,1952,-11.6135,-6.0110,1.3805
65.841,raw,1967,-11.1619,-6.7194,1.3850
65.841,raw,1981,-10.8344,-7.4030,1.3864
65.841,raw,1995,-10.5056,-8.0818,1.3872
65.841,raw,2010,-9.9998,-8.7295,1.3911
65.841,raw,2024,-9.6852,-9.4076,1.3902
65.841,raw,2039,-9.2127,-10.0567,1.3920
65.841,raw,2053,-8.8798,-10.7292,1.3901
65.841,raw,2068,-4.2225,-8.2946,1.5051
65.841,raw,2082,-8.0082,-12.0123,1.3889
65.841,raw,2097,-7.6161,-12.7360,1.3853
65.841,raw,2111,-7.1485,-13.3346,1.3840
65.841,raw,2126,-6.7749,-14.1167,1.3777
65.841,raw,2140,-6.2962,-14.7363,1.3749
65.841,raw,2155,-8.4737,-18.7061,1.2771
65.841,raw,2169,-8.0839,-19.7727,1.2639
65.841,raw,2183,-7.6898,-20.9204,1.2484
65.841,raw,2198,-7.1809,-22.1330,1.2323
65.841,raw,2212,-6.6985,-23.3694,1.2144
65.841,raw,2227,-6.2461,-24.9792,1.1881
65.841,raw,2241,-5.5471,-26.1153,1.1724
65.841,raw,2256,-4.4328,-26.6277,1.1720
65.841,raw,2270,-3.4180,-27.1832,1.1689
65.841,raw,2285,-2.3270,-27.8160,1.1636
65.841,raw,2299,-1.2942,-28.4313,1.1571
65.841,raw,2314,-0.1595,-29.0939,1.1492
65.841,raw,2328,0.9885,-29.4076,1.1476
65.841,raw,2343,2.2022,-29.9120,1.1411
65.841,raw,2357,3.3486,-30.4913,1.1316
65.841,raw,2371,4.5327,-31.0558,1.1214
65.841,raw,2386,5.8432,-31.7385,1.1076
65.841,raw,2400,7.1265,-32.8971,1.0821
65.841,raw,2415,8.6149,-34.2627,1.0507
65.841,raw,2429,9.6292,-0.6058,1.7316
65.841,raw,2444,9.5270,-0.4688,1.7340
65.841,raw,2458,9.4660,-0.3490,1.7354
65.841,raw,2473,9.3739,-0.2273,1.7373
65.841,raw,2487,9.2897,-0.1204,1.7390
65.841,raw,2502,9.2409,-0.0068,1.7398
65.841,raw,2516,9.1666,0.0915,1.7411
65.841,raw,2531,9.1043,0.1955,1.7420
65.841,raw,2545,9.0322,0.2858,1.7431
65.841,raw,2560,9.2131,0.4584,1.7382
65.841,raw,2574,9.6434,0.7309,1.7273
65.841,raw,2588,-24.0301,17.3987,1.0197
65.841,raw,2603,-23.1597,13.4140,1.0774
65.841,raw,2617,-21.6929,11.3768,1.1252
65.841,raw,2632,-20.4774,9.5277,1.1650
65.841,raw,2646,-19.4939,7.9957,1.1966
65.841,raw,2661,-18.5344,6.5101,1.2262
65.841,raw,2675,-17.7679,5.2588,1.2494
65.841,raw,2690,-17.1367,4.0470,1.2685
65.841,raw,2704,-17.0608,-0.5611,1.8320
65.841,raw,2719,-17.3188,-1.8681,1.8324
65.841,raw,2733,-17.6690,-5.8035,1.8336
65.841,raw,2748,-26.0693,-14.1169,1.8479
65.841,raw,2762,-24.1851,-17.8316,1.8479
65.841,raw,2776,-23.3061,-18.9590,1.8476
65.841,raw,2791,-22.1658,-20.0150,1.8471
65.841,raw,2805,-21.1371,-20.9935,1.8468
65.841,raw,2820,-20.1124,-22.0774,1.8466
65.841,raw,2834,-19.1754,-23.0948,1.8465
65.841,raw,2849,-18.1694,-24.1794,1.8465
65.841,raw,2863,-17.2305,-25.1947,1.8466
65.841,raw,2878,-16.2073,-26.2745,1.8467
65.841,raw,2892,-15.1984,-27.2322,1.8468
65.841,raw,2907,-14.0283,-28.1547,1.8468
65.841,raw,2921,-12.9195,-28.9971,1.8469
65.841,raw,2936,-11.7442,-29.9329,1.8471
65.841,raw,2950,-10.6269,-30.7981,1.8473
65.841,raw,2964,-5.1833,-33.3830,1.8475
65.841,raw,2979,-3.1428,-31.8825,1.8447
65.841,raw,2993,-1.9374,-32.5121,1.8450
65.841,raw,3008,-0.6222,-33.2046,1.8455
65.841,raw,3022,0.6325,-33.8739,1.8461
65.841,raw,3037,2.0074,-34.6610,1.8469
65.841,raw,3051,3.3637,-35.1086,1.8473
65.841,raw,3066,9.5650,-0.5397,1.8041
65.841,raw,3080,9.4935,-0.4167,1.8040
65.841,raw,3095,9.4233,-0.2913,1.8039
65.841,raw,3109,9.3451,-0.1802,1.8038
65.841,raw,3124,9.2876,-0.0647,1.8037
65.841,raw,3138,9.2036,0.0351,1.8037
65.841,raw,3153,9.1432,0.1416,1.8036
65.841,raw,3167,9.0823,0.2368,1.8035
65.841,raw,3181,9.0187,0.3282,1.8035
65.841,raw,3196,9.4009,0.5712,1.8041
65.841,raw,3210,9.8935,0.8854,1.8049
65.841,raw,3225,-26.2881,-13.6569,2.6775
65.841,raw,3239,9.6602,-0.6533,1.8777
65.841,raw,3254,9.5729,-0.5140,1.8753
65.841,raw,3268,9.4834,-0.3912,1.8730
65.841,raw,3283,9.4079,-0.2669,1.8712
65.841,raw,3297,9.3326,-0.1569,1.8694
65.841,raw,3312,9.2572,-0.0443,1.8679
65.841,raw,3326,9.1844,0.0555,1.8664
65.841,raw,3341,9.1310,0.1625,1.8656
65.841,raw,3355,9.0584,0.2541,1.8643
65.841,raw,3369,9.0702,0.3664,1.8654
65.841,raw,3384,9.4791,0.6252,1.8769
65.841,raw,3398,10.0057,0.9616,1.8921
65.841,raw,3413,-25.9923,-14.3052,3.5068
65.841,raw,3427,9.6243,-0.5965,1.9492
65.841,raw,3442,9.5387,-0.4605,1.9448
65.841,raw,3456,9.4536,-0.3407,1.9406
65.841,raw,3471,9.3629,-0.2198,1.9364
65.841,raw,3485,9.3045,-0.1110,1.9340
65.841,raw,3500,9.2263,-0.0009,1.9309
65.841,raw,3514,9.1718,0.1002,1.9290
65.841,raw,3529,9.0874,0.1995,1.9260
65.841,raw,3543,9.0527,0.2990,1.9255
65.841,raw,3557,9.2186,0.4601,1.9354
65.841,raw,3572,9.6640,0.7483,1.9601
65.841,raw,3586,-16.8194,0.5827,3.4770
65.841,raw,3601,-16.5056,-0.4242,3.4531
65.841,raw,3615,-16.2185,-1.3399,3.4340
65.841,raw,3630,-15.7082,-2.2815,3.4017
65.841,raw,3644,-18.4302,-3.5313,3.6054
65.841,raw,3659,-18.1024,-4.5758,3.5932
65.841,raw,3673,-14.9055,-4.9252,3.3726
65.841,raw,3688,-17.5241,-6.7238,3.5853
65.841,raw,3702,-17.2134,-7.6757,3.5826
65.841,raw,3717,-16.8849,-8.6956,3.5832
65.841,raw,3731,9.6124,-0.6223,2.0212
65.841,raw,3746,9.5343,-0.4863,2.0151
65.841,raw,3760,9.4753,-0.3658,2.0107
65.841,raw,3774,9.4039,-0.2506,2.0057
65.841,raw,3789,9.3060,-0.1349,1.9993
65.841,raw,3803,9.2513,-0.0292,1.9962
65.841,raw,3818,9.1689,0.0763,1.9914
65.841,raw,3832,9.1170,0.1750,1.9891
65.841,raw,3847,9.0509,0.2753,1.9861
65.841,raw,3861,9.1576,0.4165,1.9962
65.841,raw,3876,9.5592,0.6814,2.0295
65.841,raw,3890,-15.9579,-2.7598,3.9564
65.841,raw,3905,-15.6201,-3.6951,3.9357
65.841,raw,3919,-15.2610,-4.5441,3.9156
65.841,raw,3934,-14.6739,-5.9063,3.8896
65.841,raw,3948,-14.3915,-6.7422,3.8854
65.841,raw,3962,-14.1050,-7.5745,3.8840
65.841,raw,3977,9.6180,-0.6049,2.0944
65.841,raw,3991,9.5349,-0.4777,2.0858
65.841,raw,4006,9.4396,-0.3492,2.0766
65.841,raw,4020,9.3908,-0.2347,2.0722
65.841,raw,4035,9.3096,-0.1185,2.0653
65.841,raw,4049,9.2296,-0.0162,2.0588
65.841,raw,4064,9.1608,0.0905,2.0538
65.841,raw,4078,9.0984,0.1865,2.0498
65.841,raw,4093,9.0414,0.2883,2.0468
65.841,raw,4107,9.1834,0.4409,2.0638
65.841,raw,4122,9.6220,0.7233,2.1119
65.841,raw,4136,9.6103,-0.6310,2.1669
65.841,raw,4150,9.5393,-0.5037,2.1575
65.841,raw,4165,9.4684,-0.3742,2.1487
65.841,raw,4179,9.4033,-0.2589,2.1412
65.841,raw,4194,9.3217,-0.1416,2.1324
65.841,raw,4208,9.2545,-0.0367,2.1257
65.841,raw,4223,9.1960,0.0731,2.1207
65.841,raw,4237,9.1383,0.1718,2.1161
65.841,raw,4252,9.0727,0.2732,2.1112
65.841,raw,4266,9.1118,0.3946,2.1196
65.841,raw,4281,9.5088,0.6543,2.1740
65.841,raw,4295,9.1837,0.0710,2.1831
65.841,raw,4310,9.1243,0.1766,2.1776
65.841,raw,4324,9.0769,0.2743,2.1742
67.054,raw,0,9.6920,-0.7015,1.2077
67.054,raw,12,9.6310,-0.5890,1.2209
67.054,raw,25,9.5396,-0.4717,1.2390
67.054,raw,38,9.4930,-0.3609,1.2479
67.054,raw,50,9.4008,-0.2639,1.2647
67.054,raw,63,9.3487,-0.1617,1.2732
67.054,raw,76,9.2707,-0.0659,1.2860
67.054,raw,88,9.2258,0.0224,1.2920
67.054,raw,101,9.1667,0.1136,1.3000
67.054,raw,114,9.1269,0.2062,1.3037
67.054,raw,126,9.0697,0.2849,1.3105
67.054,raw,139,9.2974,0.4579,1.2602
67.054,raw,152,9.6921,0.7113,1.1746
67.054,raw,165,9.6796,-0.6732,1.2862
67.054,raw,177,9.5959,-0.5605,1.3012
67.054,raw,190,9.5330,-0.4459,1.3122
67.054,raw,203,9.4658,-0.3362,1.3231
67.054,raw,215,9.4162,-0.2385,1.3307
67.054,raw,228,9.3342,-0.1388,1.3429
67.054,raw,241,9.2655,-0.0428,1.3523
67.054,raw,253,9.2115,0.0436,1.3590
67.054,raw,266,9.1448,0.1325,1.3671
67.054,raw,279,9.1205,0.2280,1.3675
67.054,raw,291,9.0666,0.3073,1.3728
67.054,raw,304,9.3764,0.5093,1.3146
67.054,raw,317,9.7843,0.7753,1.2371
67.054,raw,330,9.6546,-0.6441,1.3651
67.054,raw,342,9.5931,-0.5341,1.3746
67.054,raw,355,9.5095,-0.4200,1.3868
67.054,raw,368,9.4308,-0.3121,1.3976
67.054,raw,380,9.3578,-0.2176,1.4072
67.054,raw,393,9.3114,-0.1170,1.4125
67.054,raw,406,9.2508,-0.0211,1.4193
67.054,raw,418,9.1936,0.0640,1.4254
67.054,raw,431,9.1422,0.1552,1.4300
67.054,raw,444,9.0790,0.2410,1.4359
67.054,raw,456,9.1207,0.3464,1.4264
67.054,raw,469,9.4419,0.5579,1.3746
67.054,raw,482,9.9061,0.8524,1.2996
67.054,raw,495,9.6395,-0.6162,1.4410
67.054,raw,507,9.5633,-0.5068,1.4505
67.054,raw,520,9.4757,-0.3946,1.4609
67.054,raw,533,9.4206,-0.2877,1.4671
67.054,raw,545,9.3760,-0.1920,1.4716
67.054,raw,558,9.3095,-0.0932,1.4783
67.054,raw,571,9.2431,0.0014,1.4845
67.054,raw,583,9.1777,0.0845,1.4905
67.054,raw,596,9.1168,0.1729,1.4954
67.054,raw,609,9.0726,0.2625,1.4979
67.054,raw,621,9.1869,0.3903,1.4811
67.054,raw,634,9.5369,0.6179,1.4342
67.054,raw,647,10.0353,0.9349,1.3672
67.054,raw,660,9.6159,-0.5880,1.5165
67.054,raw,672,9.5398,-0.4803,1.5239
67.054,raw,685,9.4728,-0.3695,1.5302
67.054,raw,698,9.4068,-0.2637,1.5361
67.054,raw,710,9.3363,-0.1708,1.5420
67.054,raw,723,9.2788,-0.0728,1.5464
67.054,raw,736,9.2206,0.0216,1.5506
67.054,raw,748,9.1571,0.1040,1.5550
67.054,raw,761,9.1021,0.1926,1.5583
67.054,raw,774,9.0522,0.2801,1.5608
67.054,raw,786,9.2603,0.4378,1.5382
67.054,raw,799,9.6281,0.6787,1.4989
67.054,raw,812,-6.2826,-8.8947,0.7373
67.054,raw,825,-4.1403,-8.0669,0.8915
67.054,raw,837,-5.7105,-9.8496,0.7311
67.054,raw,850,-5.3886,-10.3344,0.7275
67.054,raw,863,-5.0915,-10.8478,0.7199
67.054,raw,875,-4.7731,-11.2904,0.7152
67.054,raw,888,-4.4326,-11.7830,0.7078
67.054,raw,901,-4.1421,-12.3449,0.6931
67.054,raw,913,-3.9442,-12.9707,0.6694
67.054,raw,926,-3.7045,-13.6610,0.6426
67.054,raw,939,-3.3889,-14.2965,0.6204
67.054,raw,952,-3.1333,-15.0680,0.5865
67.054,raw,964,-2.9005,-15.8490,0.5497
67.054,raw,977,-2.5310,-16.5730,0.5195
67.054,raw,990,9.6645,-0.6539,1.5850
67.054,raw,1002,9.5864,-0.5425,1.5909
67.054,raw,1015,9.5155,-0.4286,1.5960
67.054,raw,1028,9.4456,-0.3200,1.6007
67.054,raw,1040,9.3837,-0.2240,1.6047
67.054,raw,1053,9.3132,-0.1248,1.6090
67.054,raw,1066,9.2472,-0.0295,1.6128
67.054,raw,1078,9.1994,0.0572,1.6151
67.054,raw,1091,9.1456,0.1481,1.6176
67.054,raw,1104,9.0927,0.2367,1.6198
67.054,raw,1117,9.0968,0.3395,1.6176
67.054,raw,1129,9.4281,0.5441,1.5916
67.054,raw,1142,9.8646,0.8260,1.5568
67.054,raw,1155,-9.9285,-4.9825,1.0211
67.054,raw,1167,-9.6256,-5.5058,1.0275
67.054,raw,1180,-9.4621,-6.1207,1.0257
67.054,raw,1193,-9.1576,-6.6834,1.0296
67.054,raw,1205,-8.8793,-7.1987,1.0322
67.054,raw,1218,-8.6999,-7.8122,1.0278
67.054,raw,1231,-8.3720,-8.3556,1.0299
67.054,raw,1243,-8.0718,-8.8561,1.0308
67.054,raw,1256,-7.7533,-9.4016,1.0304
67.054,raw,1269,-4.3678,-7.8557,1.1979
67.054,raw,1282,-4.1027,-8.2744,1.1967
67.054,raw,1294,-6.7920,-10.9918,1.0242
67.054,raw,1307,-6.4409,-11.5294,1.0210
67.054,raw,1320,-6.1140,-12.0979,1.0149
67.054,raw,1332,-5.8188,-12.6425,1.0075
67.054,raw,1345,-5.4686,-13.2199,0.9998
67.054,raw,1358,-5.0595,-13.7503,0.9944
67.054,raw,1370,-4.8888,-14.5087,0.9729
67.054,raw,1383,-4.5745,-15.2206,0.9562
67.054,raw,1396,-4.3660,-16.1348,0.9280
67.054,raw,1408,-4.2087,-17.1103,0.8951
67.054,raw,1421,-4.2538,-18.6433,0.8347
67.054,raw,1434,-4.9692,-21.6199,0.7007
67.054,raw,1447,-4.4923,-22.6892,0.6675
67.054,raw,1459,-4.0254,-23.7371,0.6336
67.054,raw,1472,-3.3871,-24.7051,0.6046
67.054,raw,1485,-2.5315,-25.2217,0.5967
67.054,raw,1497,-1.7276,-25.6961,0.5883
67.054,raw,1510,-0.7959,-26.0550,0.5852
67.054,raw,1523,0.1255,-26.4829,0.5771
67.054,raw,1535,0.9847,-26.8989,0.5674
67.054,raw,1548,1.9299,-27.3723,0.5543
67.054,raw,1561,2.8983,-27.8457,0.5396
67.054,raw,1573,3.8131,-28.3000,0.5239
67.054,raw,1586,4.8321,-28.7972,0.5050
67.054,raw,1599,9.6490,-0.6168,1.6590
67.054,raw,1612,9.5742,-0.4986,1.6627
67.054,raw,1624,9.4997,-0.3946,1.6662
67.054,raw,1637,9.4182,-0.2878,1.6698
67.054,raw,1650,9.3532,-0.1856,1.6725
67.054,raw,1662,9.2999,-0.0942,1.6745
67.054,raw,1675,9.2271,-0.0009,1.6772
67.054,raw,1688,9.1694,0.0908,1.6791
67.054,raw,1700,9.1432,0.1787,1.6795
67.054,raw,1713,9.0640,0.2602,1.6821
67.054,raw,1726,9.2181,0.4080,1.6735
67.054,raw,1738,9.5387,0.6186,1.6567
67.054,raw,1751,10.0213,0.9295,1.6312
67.054,raw,1764,-16.1621,3.0000,1.2930
67.054,raw,1777,-15.7601,2.0916,1.3044
67.054,raw,1789,-15.4098,1.2879,1.3138
67.054,raw,1802,-15.0576,0.4503,1.3226
67.054,raw,1815,-14.6883,-0.3585,1.3311
67.054,raw,1827,-8.1841,-0.8792,1.4745
67.054,raw,1840,-14.0583,-1.8436,1.3439
67.054,raw,1853,-13.7389,-2.5858,1.3495
67.054,raw,1865,-13.4508,-3.2558,1.3539
67.054,raw,1878,-12.7358,-3.8937,1.3673
67.054,raw,1891,-12.4416,-4.5791,1.3707
67.054,raw,1904,-12.1427,-5.2524,1.3736
67.054,raw,1916,-11.8864,-5.8714,1.3754
67.054,raw,1929,-11.6141,-6.5381,1.3767
67.054,raw,1942,-11.1733,-7.1372,1.3814
67.054,raw,1954,-10.8851,-7.7257,1.3824
67.054,raw,1967,-10.6592,-8.4002,1.3810
67.054,raw,1980,-10.1825,-8.9531,1.3851
67.054,raw,1992,-10.0188,-9.6039,1.3815
67.054,raw,2005,-9.5418,-10.1433,1.3847
67.054,raw,2018,-9.3766,-10.8761,1.3791
67.054,raw,2030,-9.1722,-11.5373,1.3746
67.054,raw,2043,-8.7060,-12.0873,1.3757
67.054,raw,2056,-8.4857,-12.8372,1.3692
67.054,raw,2069,-8.0314,-13.4092,1.3686
67.054,raw,2081,-7.6022,-13.9316,1.3677
67.054,raw,2094,-7.3962,-14.7699,1.3579
67.054,raw,2107,-9.0803,-17.7573,1.2844
67.054,raw,2119,-8.7757,-18.6473,1.2740
67.054,raw,2132,-8.5705,-19.8335,1.2565
67.054,raw,2145,-8.1707,-20.8529,1.2437
67.054,raw,2157,-7.8031,-21.8667,1.2300
67.054,raw,2170,-7.3517,-22.9734,1.2148
67.054,raw,2183,-7.0401,-24.4345,1.1905
67.054,raw,2195,-6.5992,-25.6492,1.1716
67.054,raw,2208,-5.9502,-26.7628,1.1560
67.054,raw,2221,-4.9681,-27.2385,1.1554
67.054,raw,2234,-4.0003,-27.7616,1.1527
67.054,raw,2246,-3.0876,-28.2170,1.1502
67.054,raw,2259,-2.1207,-28.8166,1.1442
67.054,raw,2272,-1.1367,-29.4371,1.1370
67.054,raw,2284,-0.2097,-30.0309,1.1292
67.054,raw,2297,0.8584,-30.4934,1.1240
67.054,raw,2310,1.9644,-30.8325,1.1207
67.054,raw,2322,2.9817,-31.2747,1.1140
67.054,raw,2335,4.1006,-31.8601,1.1036
67.054,raw,2348,5.2562,-32.4598,1.0919
67.054,raw,2360,6.3578,-33.2716,1.0745
67.054,raw,2373,7.6247,-34.4951,1.0472
67.054,raw,2386,9.6535,-0.6350,1.7315
67.054,raw,2399,9.5721,-0.5158,1.7335
67.054,raw,2411,9.4878,-0.4115,1.7354
67.054,raw,2424,9.4460,-0.3034,1.7363
67.054,raw,2437,9.3732,-0.2003,1.7377
67.054,raw,2449,9.3004,-0.1101,1.7392
67.054,raw,2462,9.2436,-0.0142,1.7402
67.054,raw,2475,9.1954,0.0800,1.7409
67.054,raw,2487,9.1297,0.1603,1.7420
67.054,raw,2500,9.0795,0.2488,1.7426
67.054,raw,2513,9.1578,0.3734,1.7402
67.054,raw,2525,9.4460,0.5685,1.7328
67.054,raw,2538,9.9228,0.8696,1.7207
67.054,raw,2551,-22.6829,17.6793,1.0413
67.054,raw,2564,-23.1222,16.4518,1.0468
67.054,raw,2576,-22.0276,14.5512,1.0881
67.054,raw,2589,-20.9616,12.7087,1.1273
67.054,raw,2602,-20.0225,11.0637,1.1612
67.054,raw,2614,-19.2249,9.6801,1.1891
67.054,raw,2627,-18.6114,8.3712,1.2118
67.054,raw,2640,-18.0564,7.1592,1.2318
67.054,raw,2652,-17.5530,6.1038,1.2489
67.054,raw,2665,-17.1078,5.0441,1.2641
67.054,raw,2678,-16.6408,4.0313,1.2788
67.054,raw,2690,-18.4997,-0.4956,1.8340
67.054,raw,2703,-17.2771,-1.6567,1.8323
67.054,raw,2716,-16.3550,-4.5495,1.8315
67.054,raw,2729,-26.1085,-14.0104,1.8479
67.054,raw,2741,9.6616,-0.6716,1.8042
67.054,raw,2754,9.5954,-0.5517,1.8041
67.054,raw,2767,9.5187,-0.4371,1.8040
67.054,raw,2779,9.4468,-0.3366,1.8039
67.054,raw,2792,9.3948,-0.2315,1.8038
67.054,raw,2805,9.3238,-0.1318,1.8038
67.054,raw,2817,9.2590,-0.0437,1.8037
67.054,raw,2830,9.1918,0.0481,1.8036
67.054,raw,2843,9.1336,0.1379,1.8036
67.054,raw,2856,9.0876,0.2277,1.8035
67.054,raw,2868,9.0726,0.3168,1.8035
67.054,raw,2881,9.3712,0.5165,1.8040
67.054,raw,2894,9.8093,0.7950,1.8047
67.054,raw,2906,-14.8578,-5.3048,2.3445
67.054,raw,2919,-11.6953,-8.4392,2.2943
67.054,raw,2932,9.6183,-0.5970,1.8760
67.054,raw,2944,9.5859,-0.4902,1.8750
67.054,raw,2957,9.4693,-0.3779,1.8721
67.054,raw,2970,9.4046,-0.2720,1.8706
67.054,raw,2982,9.3428,-0.1783,1.8692
67.054,raw,2995,9.2645,-0.0824,1.8675
67.054,raw,3008,9.2210,0.0138,1.8667
67.054,raw,3021,9.1737,0.1071,1.8660
67.054,raw,3033,9.1113,0.1870,1.8649
67.054,raw,3046,9.0637,0.2755,1.8643
67.054,raw,3059,9.2369,0.4305,1.8694
67.054,raw,3071,9.5788,0.6517,1.8792
67.054,raw,3084,-16.9166,0.7937,2.9337
67.054,raw,3097,-25.9644,-14.3913,3.5077
67.054,raw,3109,9.6431,-0.6342,1.9492
67.054,raw,3122,9.5473,-0.5149,1.9442
67.054,raw,3135,9.4915,-0.4030,1.9414
67.054,raw,3147,9.4435,-0.3034,1.9392
67.054,raw,3160,9.3556,-0.2015,1.9352
67.054,raw,3173,9.2957,-0.1027,1.9327
67.054,raw,3186,9.2304,-0.0083,1.9302
67.054,raw,3198,9.1934,0.0796,1.9291
67.054,raw,3211,9.1286,0.1678,1.9269
67.054,raw,3224,9.0676,0.2535,1.9250
67.054,raw,3236,9.1446,0.3695,1.9301
67.054,raw,3249,9.4902,0.5926,1.9492
67.054,raw,3262,9.9273,0.8824,1.9738
67.054,raw,3274,-16.7175,0.2475,3.4704
67.054,raw,3287,-16.4444,-0.6198,3.4503
67.054,raw,3300,-16.1665,-1.4671,3.4320
67.054,raw,3312,-15.7608,-2.2211,3.4065
67.054,raw,3325,-18.4780,-3.3882,3.6088
67.054,raw,3338,-18.1867,-4.2960,3.5971
67.054,raw,3351,-17.9074,-5.1949,3.5886
67.054,raw,3363,-16.8485,-5.9027,3.5250
67.054,raw,3376,-17.3965,-6.9851,3.5823
67.054,raw,3389,-17.1356,-7.8760,3.5824
67.054,raw,3401,-16.8724,-8.6918,3.5831
67.054,raw,3414,9.6988,-0.6931,2.0262
67.054,raw,3427,9.5991,-0.5694,2.0184
67.054,raw,3439,9.5181,-0.4626,2.0123
67.054,raw,3452,9.4655,-0.3529,2.0085
67.054,raw,3465,9.3751,-0.2489,2.0023
67.054,raw,3477,9.3350,-0.1548,1.9999
67.054,raw,3490,9.2634,-0.0589,1.9955
67.054,raw,3503,9.2034,0.0345,1.9922
67.054,raw,3516,9.1431,0.1244,1.9891
67.054,raw,3528,9.0992,0.2074,1.9873
67.054,raw,3541,9.0468,0.2940,1.9852
67.054,raw,3554,9.3124,0.4799,2.0073
67.054,raw,3566,9.6866,0.7194,2.0382
67.054,raw,3579,-15.9046,-2.8846,3.9543
67.054,raw,3592,-15.6465,-3.6998,3.9399
67.054,raw,3604,-15.3538,-4.4331,3.9239
67.054,raw,3617,-14.7858,-5.8077,3.8989
67.054,raw,3630,-14.5211,-6.5873,3.8942
67.054,raw,3642,-14.2775,-7.3048,3.8924
67.054,raw,3655,-13.9495,-8.0577,3.8868
67.054,raw,3668,9.6169,-0.5881,2.0920
67.054,raw,3681,9.5420,-0.4717,2.0844
67.054,raw,3693,9.4747,-0.3695,2.0779
67.054,raw,3706,9.4129,-0.2634,2.0723
67.054,raw,3719,9.3250,-0.1637,2.0646
67.054,raw,3731,9.2803,-0.0726,2.0612
67.054,raw,3744,9.2186,0.0213,2.0566
67.054,raw,3757,9.1484,0.1100,2.0515
67.054,raw,3769,9.1141,0.1954,2.0500
67.054,raw,3782,9.0634,0.2832,2.0474
67.054,raw,3795,9.2492,0.4428,2.0686
68.103,raw,0,9.6606,-0.6970,1.2086
68.103,raw,13,9.5922,-0.5748,1.2233
68.103,raw,26,9.5161,-0.4581,1.2387
68.103,raw,39,9.4588,-0.3472,1.2497
68.103,raw,52,9.3759,-0.2416,1.2647
68.103,raw,65,9.3105,-0.1405,1.2758
68.103,raw,78,9.2532,-0.0426,1.2846
68.103,raw,91,9.1963,0.0519,1.2927
68.103,raw,104,9.1549,0.1464,1.2973
68.103,raw,117,9.0736,0.2297,1.3089
68.103,raw,130,9.0794,0.3325,1.3030
68.103,raw,143,9.4005,0.5380,1.2341
68.103,raw,156,9.8003,0.8010,1.1469
68.103,raw,169,9.6153,-0.6298,1.2929
68.103,raw,182,9.5513,-0.5112,1.3046
68.103,raw,195,9.4770,-0.3978,1.3173
68.103,raw,208,9.4113,-0.2897,1.3279
68.103,raw,221,9.3259,-0.1876,1.3411
68.103,raw,234,9.2792,-0.0874,1.3473
68.103,raw,247,9.2190,0.0082,1.3552
68.103,raw,260,9.1598,0.1005,1.3624
68.103,raw,273,9.1016,0.1897,1.3689
68.103,raw,286,9.0378,0.2747,1.3758
68.103,raw,299,9.2434,0.4369,1.3362
68.103,raw,312,9.6033,0.6709,1.2683
68.103,raw,325,9.6720,-0.6891,1.3583
68.103,raw,338,9.6002,-0.5665,1.3697
68.103,raw,351,9.5144,-0.4495,1.3825
68.103,raw,364,9.4402,-0.3390,1.3930
68.103,raw,377,9.3655,-0.2340,1.4030
68.103,raw,390,9.3223,-0.1314,1.4080
68.103,raw,403,9.2658,-0.0331,1.4145
68.103,raw,416,9.1918,0.0591,1.4229
68.103,raw,429,9.1206,0.1473,1.4305
68.103,raw,442,9.0499,0.2317,1.4376
68.103,raw,455,9.1041,0.3472,1.4262
68.103,raw,468,9.4080,0.5495,1.3773
68.103,raw,481,9.8762,0.8392,1.3021
68.103,raw,494,9.6147,-0.6208,1.4407
68.103,raw,507,9.5640,-0.5031,1.4474
68.103,raw,520,9.4718,-0.3893,1.4585
68.103,raw,533,9.4016,-0.2817,1.4665
68.103,raw,546,9.3281,-0.1794,1.4744
68.103,raw,559,9.2868,-0.0786,1.4782
68.103,raw,572,9.2148,0.0155,1.4851
68.103,raw,585,9.1422,0.1050,1.4918
68.103,raw,598,9.0842,0.1936,1.4963
68.103,raw,611,9.0497,0.2854,1.4977
68.103,raw,624,9.2713,0.4538,1.4676
68.103,raw,637,9.6155,0.6849,1.4213
68.103,raw,651,9.6601,-0.6970,1.5090
68.103,raw,664,9.6075,-0.5759,1.5148
68.103,raw,677,9.5205,-0.4583,1.5234
68.103,raw,690,9.4576,-0.3472,1.5293
68.103,raw,703,9.3841,-0.2413,1.5359
68.103,raw,716,9.3162,-0.1400,1.5415
68.103,raw,729,9.2512,-0.0428,1.5466
68.103,raw,742,9.1779,0.0490,1.5521
68.103,raw,755,9.1386,0.1432,1.5542
68.103,raw,768,9.0784,0.2308,1.5579
68.103,raw,781,9.0884,0.3349,1.5546
68.103,raw,794,9.4114,0.5415,1.5205
68.103,raw,807,9.8163,0.8068,1.4771
68.103,raw,820,-4.4717,-7.8231,0.8828
68.103,raw,833,-4.1901,-8.2323,0.8824
68.103,raw,846,-5.5128,-9.9134,0.7395
68.103,raw,859,-5.2604,-10.4529,0.7293
68.103,raw,872,-4.9356,-10.9418,0.7236
68.103,raw,885,-4.6225,-11.4520,0.7149
68.103,raw,898,-4.3118,-11.9799,0.7037
68.103,raw,911,-4.0940,-12.6347,0.6801
68.103,raw,924,-3.8792,-13.3353,0.6525
68.103,raw,937,-3.6650,-14.0881,0.6204
68.103,raw,950,-3.4243,-14.8654,0.5865
68.103,raw,963,-3.1244,-15.6194,0.5544
68.103,raw,976,-2.8662,-16.5160,0.5108
68.103,raw,989,9.6064,-0.6113,1.5873
68.103,raw,1002,9.5442,-0.4936,1.5921
68.103,raw,1015,9.4887,-0.3809,1.5961
68.103,raw,1028,9.4152,-0.2730,1.6011
68.103,raw,1041,9.3320,-0.1710,1.6064
68.103,raw,1054,9.2602,-0.0735,1.6108
68.103,raw,1067,9.2149,0.0234,1.6130
68.103,raw,1080,9.1518,0.1146,1.6163
68.103,raw,1093,9.0691,0.1979,1.6207
68.103,raw,1106,9.0440,0.2917,1.6208
68.103,raw,1119,9.2731,0.4630,1.6024
68.103,raw,1132,9.6724,0.7145,1.5708
68.103,raw,1145,22.0886,9.5797,0.5256
68.103,raw,1158,-9.2740,-5.1961,1.0477
68.103,raw,1171,-9.1381,-5.8024,1.0451
68.103,raw,1184,-8.8658,-6.3614,1.0479
68.103,raw,1197,-8.7509,-6.9843,1.0420
68.103,raw,1210,-8.4681,-7.5386,1.0433
68.103,raw,1223,-8.2083,-8.1038,1.0423
68.103,raw,1236,-7.9265,-8.6590,1.0414
68.103,raw,1249,-7.6506,-9.2208,1.0391
68.103,raw,1262,-4.4527,-7.8102,1.1961
68.103,raw,1275,-4.1429,-8.1977,1.1975
68.103,raw,1288,-6.7407,-10.8859,1.0293
68.103,raw,1302,-6.3937,-11.4859,1.0240
68.103,raw,1315,-6.0879,-12.0709,1.0167
68.103,raw,1328,-5.7702,-12.6623,1.0085
68.103,raw,1341,-5.4628,-13.2859,0.9977
68.103,raw,1354,-5.1181,-13.8945,0.9876
68.103,raw,1367,-4.9374,-14.7369,0.9633
68.103,raw,1380,-4.7554,-15.6460,0.9355
68.103,raw,1393,-4.5489,-16.6017,0.9055
68.103,raw,1406,-4.5040,-17.9085,0.8569
68.103,raw,1419,-5.6108,-21.3677,0.6960
68.103,raw,1432,-5.1831,-22.4960,0.6605
68.103,raw,1445,-4.7158,-23.6792,0.6221
68.103,raw,1458,-4.1799,-24.8666,0.5832
68.103,raw,1471,-3.3253,-25.4222,0.5747
68.103,raw,1484,-2.4564,-25.9830,0.5646
68.103,raw,1497,-1.5778,-26.5736,0.5516
68.103,raw,1510,-0.6389,-27.0276,0.5436
68.103,raw,1523,0.3176,-27.4696,0.5346
68.103,raw,1536,1.2791,-27.9724,0.5212
68.103,raw,1549,2.2575,-28.5199,0.5042
68.103,raw,1562,9.6130,-0.6029,1.6595
68.103,raw,1575,9.5303,-0.4844,1.6635
68.103,raw,1588,9.4358,-0.3724,1.6679
68.103,raw,1601,9.3837,-0.2659,1.6702
68.103,raw,1614,9.3312,-0.1630,1.6723
68.103,raw,1627,9.2756,-0.0638,1.6744
68.103,raw,1640,9.2126,0.0309,1.6767
68.103,raw,1653,9.1467,0.1214,1.6790
68.103,raw,1666,9.0904,0.2104,1.6807
68.103,raw,1679,9.0205,0.2931,1.6829
68.103,raw,1692,9.3014,0.4803,1.6682
68.103,raw,1705,9.7039,0.7356,1.6472
68.103,raw,1718,-15.7886,17.0905,0.5100
68.103,raw,1731,-15.5256,15.5932,0.5606
68.103,raw,1744,-14.1877,2.6852,1.3378
68.103,raw,1757,-13.9018,1.8667,1.3463
68.103,raw,1770,-13.6392,1.0778,1.3537
68.103,raw,1783,-13.3596,0.3121,1.3607
68.103,raw,1796,-13.1049,-0.4308,1.3666
68.103,raw,1809,-8.3313,-0.9725,1.4717
68.103,raw,1822,-12.5962,-1.8620,1.3765
68.103,raw,1835,-12.3804,-2.5587,1.3798
68.103,raw,1848,-12.1280,-3.2396,1.3833
68.103,raw,1861,-11.7753,-3.8901,1.3886
68.103,raw,1874,-11.5853,-4.5610,1.3896
68.103,raw,1887,-11.3946,-5.2292,1.3901
68.103,raw,1900,-11.2211,-5.9019,1.3896
68.103,raw,1913,-10.8868,-6.5207,1.3923
68.103,raw,1926,-10.6745,-7.1789,1.3916
68.103,raw,1939,-10.4077,-7.8168,1.3916
68.103,raw,1953,-10.0084,-8.4503,1.3937
68.103,raw,1966,-9.7510,-9.0926,1.3923
68.103,raw,1979,-9.5124,-9.7525,1.3898
68.103,raw,1992,-9.1408,-10.3391,1.3901
68.103,raw,2005,-8.9317,-11.0379,1.3854
68.103,raw,2018,-8.5740,-11.6466,1.3840
68.103,raw,2031,-8.4455,-12.4476,1.3754
68.103,raw,2044,-8.0625,-13.0671,1.3731
68.103,raw,2057,-7.6794,-13.6985,1.3700
68.103,raw,2070,-7.5543,-14.6068,1.3580
68.103,raw,2083,-9.2674,-17.5782,1.2845
68.103,raw,2096,-8.9810,-18.5879,1.2720
68.103,raw,2109,-8.8164,-19.8221,1.2532
68.103,raw,2122,-8.4560,-20.8981,1.2391
68.103,raw,2135,-8.0776,-22.0350,1.2234
68.103,raw,2148,-7.6863,-23.2548,1.2055
68.103,raw,2161,-7.4052,-24.7924,1.1795
68.103,raw,2174,-6.9496,-26.1889,1.1573
68.103,raw,2187,-6.2969,-27.3499,1.1408
68.103,raw,2200,-5.3281,-27.9216,1.1381
68.103,raw,2213,-4.3531,-28.5067,1.1343
68.103,raw,2226,-3.3735,-29.1230,1.1289
68.103,raw,2239,-2.3694,-29.7264,1.1231
68.103,raw,2252,-1.3601,-30.3943,1.1150
68.103,raw,2265,-0.3323,-31.1123,1.1049
68.103,raw,2278,0.7218,-31.8843,1.0929
68.103,raw,2291,1.8638,-32.3475,1.0869
68.103,raw,2304,3.0281,-32.8090,1.0800
68.103,raw,2317,4.2099,-33.3774,1.0698
68.103,raw,2330,5.4225,-34.1083,1.0551
68.103,raw,2343,9.6433,-0.6772,1.7311
68.103,raw,2356,9.5754,-0.5562,1.7328
68.103,raw,2369,9.4916,-0.4404,1.7347
68.103,raw,2382,9.4232,-0.3309,1.7362
68.103,raw,2395,9.3644,-0.2259,1.7375
68.103,raw,2408,9.2956,-0.1257,1.7388
68.103,raw,2421,9.2477,-0.0274,1.7396
68.103,raw,2434,9.1691,0.0631,1.7411
68.103,raw,2447,9.1188,0.1547,1.7418
68.103,raw,2460,9.0679,0.2437,1.7425
68.103,raw,2473,9.1060,0.3557,1.7410
68.103,raw,2486,9.4716,0.5792,1.7319
68.103,raw,2499,9.9045,0.8604,1.7208
68.103,raw,2512,-20.6751,19.9223,1.0509
68.103,raw,2525,-19.6777,17.6947,1.0974
68.103,raw,2538,-18.8246,15.7433,1.1369
68.103,raw,2551,-18.0553,13.9938,1.1715
68.103,raw,2564,-17.6586,12.5748,1.1945
68.103,raw,2577,-11.2436,8.3035,1.3634
68.103,raw,2590,-16.6269,9.8778,1.2411
68.103,raw,2604,-16.1961,8.6119,1.2606
68.103,raw,2617,-15.8420,7.5188,1.2764
68.103,raw,2630,-15.4741,6.4759,1.2913
68.103,raw,2643,-15.1608,5.4991,1.3040
68.103,raw,2656,-14.8330,4.5616,1.3161
68.103,raw,2669,-14.5190,3.6672,1.3269
68.103,raw,2682,-18.0211,-0.7277,1.8333
68.103,raw,2695,-28.1174,-7.9638,1.8481
68.103,raw,2708,-27.4214,-9.1526,1.8475
68.103,raw,2721,-26.8222,-10.3411,1.8472
68.103,raw,2734,-26.1710,-11.4934,1.8468
68.103,raw,2747,-25.5448,-12.6356,1.8465
68.103,raw,2760,-24.9302,-13.7683,1.8463
68.103,raw,2773,-24.3458,-14.9053,1.8462
68.103,raw,2786,-23.7212,-16.0177,1.8461
68.103,raw,2799,-23.1282,-17.1442,1.8462
68.103,raw,2812,-22.5070,-18.2566,1.8462
68.103,raw,2825,-21.8960,-19.3808,1.8463
68.103,raw,2838,-21.2977,-20.5250,1.8466
68.103,raw,2851,-20.7059,-21.6919,1.8469
68.103,raw,2864,-20.1020,-22.8734,1.8472
68.103,raw,2877,-19.4906,-24.0784,1.8477
68.103,raw,2890,9.6194,-0.6301,1.8042
68.103,raw,2903,9.5575,-0.5115,1.8041
68.103,raw,2916,9.4711,-0.3977,1.8040
68.103,raw,2929,9.4200,-0.2894,1.8039
68.103,raw,2942,9.3501,-0.1860,1.8038
68.103,raw,2955,9.2896,-0.0863,1.8038
68.103,raw,2968,9.2113,0.0071,1.8037
68.103,raw,2981,9.1745,0.1031,1.8036
68.103,raw,2994,9.1156,0.1928,1.8036
68.103,raw,3007,9.0392,0.2750,1.8035
68.103,raw,3020,9.2443,0.4372,1.8038
68.103,raw,3033,9.5888,0.6659,1.8044
68.103,raw,3046,-18.9597,-0.3015,2.4317
68.103,raw,3059,-17.6320,-1.8352,2.3999
68.103,raw,3072,-16.7032,-4.1478,2.3834
68.103,raw,3085,-16.8555,-6.6363,2.4000
68.103,raw,3098,-15.6197,-7.8347,2.3793
68.103,raw,3111,-25.9869,-14.3288,2.6769
68.103,raw,3124,9.6260,-0.6217,1.8769
68.103,raw,3137,9.5428,-0.5022,1.8746
68.103,raw,3150,9.4638,-0.3892,1.8726
68.103,raw,3163,9.4127,-0.2814,1.8714
68.103,raw,3176,9.3324,-0.1791,1.8695
68.103,raw,3189,9.2830,-0.0790,1.8685
68.103,raw,3202,9.2080,0.0145,1.8669
68.103,raw,3215,9.1540,0.1072,1.8660
68.103,raw,3228,9.0866,0.1942,1.8648
68.103,raw,3241,9.0510,0.2858,1.8645
68.103,raw,3255,9.2864,0.4670,1.8713
68.103,raw,3268,9.6892,0.7203,1.8827
68.103,raw,3281,-18.5523,-2.9800,3.0165
68.103,raw,3294,-11.5628,-8.5738,2.7583
68.103,raw,3307,9.5837,-0.5831,1.9474
68.103,raw,3320,9.5183,-0.4668,1.9440
68.103,raw,3333,9.4620,-0.3556,1.9412
68.103,raw,3346,9.3858,-0.2494,1.9377
68.103,raw,3359,9.3185,-0.1479,1.9347
68.103,raw,3372,9.2554,-0.0503,1.9322
68.103,raw,3385,9.1961,0.0441,1.9299
68.103,raw,3398,9.1310,0.1339,1.9276
68.103,raw,3411,9.0624,0.2193,1.9252
68.103,raw,3424,9.0609,0.3195,1.9264
68.103,raw,3437,9.3706,0.5195,1.9434
68.103,raw,3450,9.7771,0.7822,1.9660
68.103,raw,3463,-19.2442,0.2180,3.6497
68.103,raw,3476,-19.5085,-0.7492,3.6684
68.103,raw,3489,-19.1904,-1.7070,3.6479
68.103,raw,3502,-17.6918,-5.7529,3.5802
68.103,raw,3515,9.6433,-0.6682,2.0240
68.103,raw,3528,9.5721,-0.5472,2.0183
68.103,raw,3541,9.4862,-0.4318,2.0118
68.103,raw,3554,9.4447,-0.3222,2.0088
68.103,raw,3567,9.3651,-0.2177,2.0034
68.103,raw,3580,9.3032,-0.1170,1.9995
68.103,raw,3593,9.2224,-0.0228,1.9945
68.103,raw,3606,9.1782,0.0725,1.9923
68.103,raw,3619,9.1035,0.1593,1.9882
68.103,raw,3632,9.0650,0.2507,1.9870
68.103,raw,3645,9.1469,0.3755,1.9950
68.103,raw,3658,9.4778,0.5906,2.0222
68.103,raw,3671,9.9270,0.8797,2.0594
68.103,raw,3684,-16.2133,-1.2250,3.9698
68.103,raw,3697,-15.6834,-2.2309,3.9252
68.103,raw,3710,-15.4362,-3.0399,3.9096
68.103,raw,3723,-15.1968,-3.8390,3.8976
68.103,raw,3736,-14.9576,-4.6297,3.8884
68.103,raw,3749,-14.7047,-5.5400,3.8835
68.103,raw,3762,-14.4839,-6.3262,3.8823
68.103,raw,3775,-14.2252,-7.1002,3.8801
68.103,raw,3788,-13.9968,-7.8848,3.8839
68.103,raw,3801,9.4414,-0.3557,2.0771
68.103,raw,3814,9.3768,-0.2498,2.0712
68.103,raw,3827,9.2939,-0.1498,2.0639
68.103,raw,3840,9.2566,-0.0501,2.0613
68.103,raw,3853,9.2041,0.0453,2.0576
68.103,raw,3866,9.1330,0.1343,2.0524
68.103,raw,3879,9.0809,0.2237,2.0493
68.103,raw,3892,9.0702,0.3221,2.0506
69.132,raw,0,9.5641,-0.5900,1.2088
69.132,raw,14,9.4904,-0.4587,1.2247
69.132,raw,28,9.4260,-0.3341,1.2378
69.132,raw,42,9.3348,-0.2155,1.2551
69.132,raw,56,9.2664,-0.1027,1.2672
69.132,raw,70,9.2057,0.0058,1.2770
69.132,raw,84,9.1163,0.1063,1.2915
69.132,raw,98,9.0697,0.2084,1.2971
69.132,raw,112,9.0022,0.3035,1.3060
69.132,raw,126,8.9302,0.3937,1.3152
69.132,raw,140,9.2160,0.5902,1.2533
69.132,raw,154,9.6528,0.8681,1.1589
69.132,raw,168,9.5355,-0.5331,1.2902
69.132,raw,182,9.4574,-0.4043,1.3044
69.132,raw,196,9.3922,-0.2824,1.3156
69.132,raw,210,9.3069,-0.1665,1.3294
69.132,raw,224,9.2368,-0.0560,1.3399
69.132,raw,238,9.1673,0.0496,1.3496
69.132,raw,252,9.0893,0.1493,1.3601
69.132,raw,267,9.0405,0.2574,1.3648
69.132,raw,281,8.9646,0.3488,1.3737
69.132,raw,295,9.0302,0.4763,1.3580
69.132,raw,309,9.4200,0.7191,1.2852
69.132,raw,323,9.9411,1.0495,1.1865
69.132,raw,337,9.4821,-0.4669,1.3729
69.132,raw,351,9.4229,-0.3426,1.3820
69.132,raw,365,9.3498,-0.2236,1.3923
69.132,raw,379,9.2569,-0.1114,1.4048
69.132,raw,393,9.1960,-0.0031,1.4122
69.132,raw,407,9.1303,0.1004,1.4196
69.132,raw,421,9.0942,0.2049,1.4224
69.132,raw,435,8.9991,0.2951,1.4330
69.132,raw,449,8.9386,0.3883,1.4382
69.132,raw,463,9.1921,0.5742,1.3969
69.132,raw,477,9.6059,0.8413,1.3302
69.132,raw,491,9.5562,-0.5439,1.4362
69.132,raw,505,9.4607,-0.4132,1.4483
69.132,raw,519,9.3899,-0.2909,1.4570
69.132,raw,534,9.2998,-0.1667,1.4673
69.132,raw,548,9.2431,-0.0555,1.4731
69.132,raw,562,9.1752,0.0505,1.4798
69.132,raw,576,9.0942,0.1500,1.4876
69.132,raw,590,9.0243,0.2464,1.4937
69.132,raw,604,8.9706,0.3425,1.4974
69.132,raw,618,9.0284,0.4677,1.4872
69.132,raw,632,9.3860,0.6985,1.4396
69.132,raw,646,9.9062,1.0250,1.3700
69.132,raw,660,-4.3958,-8.8897,0.5178
69.132,raw,674,-4.1741,-9.4345,0.5014
69.132,raw,688,9.5173,-0.5315,1.5140
69.132,raw,702,9.4496,-0.4040,1.5210
69.132,raw,716,9.3847,-0.2824,1.5273
69.132,raw,730,9.2965,-0.1668,1.5353
69.132,raw,744,9.2443,-0.0554,1.5396
69.132,raw,758,9.1617,0.0490,1.5463
69.132,raw,772,9.0990,0.1508,1.5508
69.132,raw,786,9.0251,0.2465,1.5560
69.132,raw,801,8.9847,0.3537,1.5575
69.132,raw,815,9.0470,0.4811,1.5489
69.132,raw,829,9.3987,0.7120,1.5115
69.132,raw,843,9.9356,1.0474,1.4543
69.132,raw,857,-4.3325,-7.8246,0.8918
69.132,raw,871,-5.5902,-9.4512,0.7554
69.132,raw,885,-5.2643,-9.9721,0.7506
69.132,raw,899,-5.0045,-10.5612,0.7376
69.132,raw,913,-4.6531,-11.0836,0.7307
69.132,raw,927,-4.3055,-11.6232,0.7210
69.132,raw,941,-4.0823,-12.3242,0.6955
69.132,raw,955,-3.8636,-13.0798,0.6652
69.132,raw,969,-3.6205,-13.8636,0.6326
69.132,raw,983,-3.3720,-14.7087,0.5950
69.132,raw,997,-3.0402,-15.5053,0.5613
69.132,raw,1011,-2.7498,-16.4565,0.5151
69.132,raw,1025,9.5326,-0.5239,1.5858
69.132,raw,1039,9.4476,-0.3952,1.5922
69.132,raw,1054,9.3616,-0.2654,1.5983
69.132,raw,1068,9.2759,-0.1512,1.6041
69.132,raw,1082,9.2283,-0.0405,1.6069
69.132,raw,1096,9.1542,0.0639,1.6113
69.132,raw,1110,9.0908,0.1651,1.6146
69.132,raw,1124,9.0222,0.2614,1.6181
69.132,raw,1138,8.9650,0.3566,1.6205
69.132,raw,1152,9.0785,0.4983,1.6104
69.132,raw,1166,9.4599,0.7419,1.5803
69.132,raw,1180,22.1866,9.5497,0.5195
69.132,raw,1194,-9.0757,-4.8464,1.0637
69.132,raw,1208,-8.9418,-5.4882,1.0607
69.132,raw,1222,-8.6936,-6.0929,1.0619
69.132,raw,1236,-8.5621,-6.7468,1.0562
69.132,raw,1250,-8.2995,-7.3501,1.0557
69.132,raw,1264,-8.0397,-7.9570,1.0538
69.132,raw,1278,-7.7518,-8.5527,1.0520
69.132,raw,1292,-7.4671,-9.1554,1.0487
69.132,raw,1306,-4.3345,-7.7799,1.2021
69.132,raw,1321,-6.8045,-10.3786,1.0415
69.132,raw,1335,-6.4735,-10.9751,1.0364
69.132,raw,1349,-6.1500,-11.5919,1.0292
69.132,raw,1363,-5.8206,-12.2223,1.0205
69.132,raw,1377,-5.4757,-12.8603,1.0108
69.132,raw,1391,-5.1010,-13.4919,1.0010
69.132,raw,1405,-4.9198,-14.3935,0.9749
69.132,raw,1419,-4.7238,-15.3549,0.9457
69.132,raw,1433,-4.4277,-16.2629,0.9197
69.132,raw,1447,-4.3772,-17.6548,0.8679
69.132,raw,1461,-5.4577,-21.2279,0.7029
69.132,raw,1475,-5.0187,-22.4926,0.6618
69.132,raw,1489,-4.5234,-23.8123,0.6178
69.132,raw,1503,-3.8198,-24.8392,0.5879
69.132,raw,1517,-2.9048,-25.4528,0.5772
69.132,raw,1531,-1.9712,-26.0762,0.5644
69.132,raw,1545,-0.9904,-26.6219,0.5536
69.132,raw,1559,0.0339,-27.0754,0.5454
69.132,raw,1573,1.0563,-27.6232,0.5309
69.132,raw,1588,2.1727,-28.2748,0.5104
69.132,raw,1602,9.5479,-0.5432,1.6579
69.132,raw,1616,9.4597,-0.4132,1.6624
69.132,raw,1630,9.3944,-0.2909,1.6655
69.132,raw,1644,9.2929,-0.1752,1.6701
69.132,raw,1658,9.2277,-0.0647,1.6728
69.132,raw,1672,9.1711,0.0421,1.6749
69.132,raw,1686,9.0951,0.1424,1.6777
69.132,raw,1700,9.0435,0.2424,1.6792
69.132,raw,1714,8.9825,0.3376,1.6810
69.132,raw,1728,9.0177,0.4567,1.6781
69.132,raw,1742,9.3568,0.6796,1.6604
69.132,raw,1756,9.8431,0.9904,1.6349
69.132,raw,1770,-15.2563,16.7209,0.5459
69.132,raw,1784,-14.9766,15.1537,0.5989
69.132,raw,1798,-13.5339,2.5731,1.3548
69.132,raw,1812,-13.2668,1.7304,1.3629
69.132,raw,1826,-13.0079,0.9163,1.3700
69.132,raw,1840,-12.7499,0.1271,1.3764
69.132,raw,1855,-8.3251,-0.5999,1.4741
69.132,raw,1869,-12.3066,-1.4462,1.3855
69.132,raw,1883,-12.0998,-2.1845,1.3887
69.132,raw,1897,-11.9108,-2.9148,1.3908
69.132,raw,1911,-11.5128,-3.5995,1.3971
69.132,raw,1925,-11.3328,-4.3119,1.3978
69.132,raw,1939,-11.1544,-5.0233,1.3978
69.132,raw,1953,-10.9717,-5.7344,1.3973
69.132,raw,1967,-10.6179,-6.3875,1.4001
69.132,raw,1981,-10.4186,-7.0934,1.3986
69.132,raw,1995,-10.1563,-7.7779,1.3980
69.132,raw,2009,-9.7750,-8.4065,1.3996
69.132,raw,2023,-9.5115,-9.0950,1.3977
69.132,raw,2037,-9.1357,-9.7249,1.3979
69.132,raw,2051,-8.8685,-10.4275,1.3945
69.132,raw,2065,-4.2861,-8.0245,1.5079
69.132,raw,2079,-8.1387,-11.7329,1.3907
69.132,raw,2093,-7.8309,-12.4513,1.3859
69.132,raw,2108,-7.4102,-13.1648,1.3823
69.132,raw,2122,-7.1990,-14.0336,1.3723
69.132,raw,2136,-6.7845,-14.7358,1.3674
69.132,raw,2150,-8.8214,-18.3774,1.2773
69.132,raw,2164,-8.6810,-19.7506,1.2557
69.132,raw,2178,-8.3125,-20.9427,1.2395
69.132,raw,2192,-7.8932,-22.1682,1.2223
69.132,raw,2206,-7.4551,-23.4869,1.2028
69.132,raw,2220,-7.1714,-25.2414,1.1723
69.132,raw,2234,-6.6604,-26.7908,1.1471
69.132,raw,2248,-5.6508,-27.4495,1.1434
69.132,raw,2262,-4.6128,-28.0786,1.1395
69.132,raw,2276,-3.5580,-28.7085,1.1347
69.132,raw,2290,-2.4998,-29.3945,1.1276
69.132,raw,2304,-1.4178,-30.0993,1.1192
69.132,raw,2318,-0.3320,-30.9380,1.1068
69.132,raw,2332,0.8220,-31.6635,1.0961
69.132,raw,2346,2.0499,-32.1530,1.0896
69.132,raw,2360,3.2973,-32.7057,1.0807
69.132,raw,2375,4.6625,-33.4830,1.0659
69.132,raw,2389,5.9862,-34.5953,1.0423
69.132,raw,2403,9.5260,-0.5144,1.7317
69.132,raw,2417,9.4451,-0.3865,1.7336
69.132,raw,2431,9.3474,-0.2654,1.7358
69.132,raw,2445,9.2845,-0.1509,1.7372
69.132,raw,2459,9.1989,-0.0428,1.7389
69.132,raw,2473,9.1596,0.0646,1.7395
69.132,raw,2487,9.0765,0.1628,1.7410
69.132,raw,2501,9.0213,0.2613,1.7419
69.132,raw,2515,8.9593,0.3551,1.7427
69.132,raw,2529,9.0627,0.4937,1.7397
69.132,raw,2543,9.4354,0.7337,1.7303
69.132,raw,2557,-20.8506,22.5283,1.0153
69.132,raw,2571,-20.0991,19.7839,1.0660
69.132,raw,2585,-19.1187,17.4747,1.1134
69.132,raw,2599,-18.2330,15.4280,1.1547
69.132,raw,2613,-17.4171,13.5937,1.1911
69.132,raw,2627,-17.0455,12.1420,1.2139
69.132,raw,2642,-11.2126,8.1082,1.3689
69.132,raw,2656,-15.7585,9.1902,1.2675
69.132,raw,2670,-15.3327,7.9906,1.2862
69.132,raw,2684,-15.0073,6.8944,1.3010
69.132,raw,2698,-14.6452,5.8426,1.3156
69.132,raw,2712,-14.2998,4.8479,1.3286
69.132,raw,2726,-14.0020,3.9100,1.3396
69.132,raw,2740,-18.6678,-0.2574,1.8340
69.132,raw,2754,-8.6180,-0.8665,1.8204
69.132,raw,2768,-15.8664,-2.0572,1.8303
69.132,raw,2782,-17.5810,-3.1716,1.8328
69.132,raw,2796,-16.4627,-3.9764,1.8314
69.132,raw,2810,-25.1050,-6.6891,1.8436
69.132,raw,2824,-16.4489,-5.8939,1.8319
69.132,raw,2838,-23.5862,-8.9441,1.8423
69.132,raw,2852,-22.8745,-10.0323,1.8419
69.132,raw,2866,-22.1628,-11.0921,1.8414
69.132,raw,2880,-23.8320,-13.1390,1.8446
69.132,raw,2894,-23.3362,-14.3685,1.8446
69.132,raw,2909,-22.7908,-15.6863,1.8448
69.132,raw,2923,-22.1969,-16.8789,1.8449
69.132,raw,2937,-21.5854,-18.0684,1.8450
69.132,raw,2951,-20.9740,-19.2698,1.8452
69.132,raw,2965,-20.3751,-20.4991,1.8455
69.132,raw,2979,-19.7942,-21.7704,1.8460
69.132,raw,2993,-19.1684,-23.0402,1.8464
69.132,raw,3007,-18.5557,-24.3646,1.8470
69.132,raw,3021,-17.8946,-25.6941,1.8477
69.132,raw,3035,9.5181,-0.5049,1.8042
69.132,raw,3049,9.4458,-0.3778,1.8041
69.132,raw,3063,9.3383,-0.2571,1.8039
69.132,raw,3077,9.2699,-0.1433,1.8038
69.132,raw,3091,9.2079,-0.0341,1.8038
69.132,raw,3105,9.1316,0.0691,1.8037
69.132,raw,3119,9.0757,0.1705,1.8036
69.132,raw,3133,9.0208,0.2689,1.8036
69.132,raw,3147,8.9579,0.3625,1.8035
69.132,raw,3162,9.1291,0.5297,1.8038
69.132,raw,3176,9.5187,0.7811,1.8044
69.132,raw,3190,-16.8416,0.0767,2.3769
69.132,raw,3204,-16.5492,-0.8528,2.3698
69.132,raw,3218,-18.6490,-2.9356,2.4252
69.132,raw,3232,-15.4854,-3.4954,2.3491
69.132,raw,3246,-15.2482,-4.3579,2.3469
69.132,raw,3260,-14.8739,-5.5715,2.3443
69.132,raw,3274,-14.6522,-6.4932,2.3449
69.132,raw,3288,-14.3797,-7.3350,2.3448
69.132,raw,3302,-26.1981,-13.9243,2.6767
69.132,raw,3316,9.5601,-0.5443,1.8776
69.132,raw,3330,9.4426,-0.4123,1.8745
69.132,raw,3344,9.3740,-0.2907,1.8727
69.132,raw,3358,9.3044,-0.1748,1.8710
69.132,raw,3372,9.2268,-0.0648,1.8692
69.132,raw,3386,9.1478,0.0395,1.8675
69.132,raw,3400,9.0963,0.1425,1.8666
69.132,raw,3414,9.0386,0.2415,1.8656
69.132,raw,3429,8.9920,0.3477,1.8650
69.132,raw,3443,9.0054,0.4612,1.8661
69.132,raw,3457,9.3700,0.6932,1.8764
69.132,raw,3471,9.9047,1.0245,1.8916
69.132,raw,3485,-26.1722,-14.0237,3.5071
69.132,raw,3499,9.5305,-0.5237,1.9496
69.132,raw,3513,9.4502,-0.3953,1.9454
69.132,raw,3527,9.3744,-0.2739,1.9416
69.132,raw,3541,9.3006,-0.1585,1.9381
69.132,raw,3555,9.2210,-0.0491,1.9346
69.132,raw,3569,9.1547,0.0561,1.9319
69.132,raw,3583,9.0774,0.1552,1.9288
69.132,raw,3597,9.0270,0.2547,1.9273
69.132,raw,3611,8.9731,0.3508,1.9258
69.132,raw,3625,9.0527,0.4827,1.9311
69.132,raw,3639,9.4158,0.7177,1.9512
69.132,raw,3653,9.9328,1.0464,1.9800
69.132,raw,3667,9.5714,-0.5816,2.0258
69.132,raw,3681,9.4776,-0.4491,2.0183
69.132,raw,3696,9.3973,-0.3165,2.0122
69.132,raw,3710,9.3169,-0.1992,2.0065
69.132,raw,3724,9.2371,-0.0883,2.0011
69.132,raw,3738,9.1754,0.0187,1.9973
69.132,raw,3752,9.1006,0.1197,1.9929
69.132,raw,3766,9.0503,0.2204,1.9905
69.132,raw,3780,8.9962,0.3177,1.9881
69.132,raw,3794,8.9383,0.4113,1.9857
69.132,raw,3808,9.2912,0.6313,2.0144
69.132,raw,3822,9.7374,0.9193,2.0514
69.132,raw,3836,-16.4817,-0.5874,3.9850
69.132,raw,3850,-16.1899,-1.4951,3.9602
69.132,raw,3864,-15.6948,-2.4282,3.9199
69.132,raw,3878,-15.4110,-3.2921,3.9027
69.132,raw,3892,-15.1542,-4.1476,3.8913
69.132,raw,3906,-14.9452,-5.0699,3.8892
69.132,raw,3920,-14.6692,-5.9089,3.8827
69.132,raw,3934,-14.4130,-6.7498,3.8815
69.132,raw,3948,-14.1528,-7.5897,3.8833
69.132,raw,3963,9.5263,-0.5145,2.0952
69.132,raw,3977,9.4326,-0.3860,2.0855
69.132,raw,3991,9.3634,-0.2654,2.0787
69.132,raw,4005,9.3000,-0.1502,2.0729
69.132,raw,4019,9.2131,-0.0417,2.0652
69.132,raw,4033,9.1398,0.0622,2.0593
69.132,raw,4047,9.0946,0.1657,2.0564
69.132,raw,4061,9.0345,0.2639,2.0524
69.132,raw,4075,8.9611,0.3556,2.0475
69.132,raw,4089,9.0781,0.4982,2.0618
69.132,raw,4103,9.4563,0.7407,2.1031
69.132,raw,4117,9.3656,-0.2570,2.1482
69.132,raw,4131,9.2482,-0.1038,2.1348
69.132,raw,4145,9.2001,0.0053,2.1301
69.132,raw,4159,9.1234,0.1073,2.1225
69.132,raw,4173,9.0794,0.2101,2.1192
69.132,raw,4187,8.9879,0.3004,2.1107
69.132,raw,4201,8.9196,0.3910,2.1053
