wall_time,t,event,detail
2026-09-01T16:36:26+0800,0.000,recorder_started,prefix=/home/jkjkzhang/lidar_project/report3/data/static_plan_20260901_plan10
2026-09-01T16:36:26+0800,0.403,goal_status,IDLE code=0; status_seq=1
2026-09-01T16:36:42+0800,16.478,goal_received,frame=camera_init; x=18.000; y=0.000
2026-09-01T16:36:42+0800,16.479,goal_status,QUEUED code=1; waiting for Nav2 action server; status_seq=2
2026-09-01T16:36:42+0800,16.482,goal_status,ACCEPTED code=1; Nav2 goal accepted; status_seq=3
2026-09-01T16:36:42+0800,16.500,plan_received,id=1; source=/unsmoothed_plan; points=24; frame=camera_init; world_frame=camera_init
2026-09-01T16:36:42+0800,16.501,plan_received,id=2; source=/plan; points=24; frame=camera_init; world_frame=camera_init
2026-09-01T16:36:42+0800,16.521,plan_received,id=3; source=/received_global_plan; points=24; frame=wamv/wamv/base_link; world_frame=camera_init
2026-09-01T16:36:42+0800,16.621,plan_received,id=4; source=/received_global_plan; points=24; frame=wamv/wamv/base_link; world_frame=camera_init
2026-09-01T16:36:42+0800,16.721,plan_received,id=5; source=/received_global_plan; points=24; frame=wamv/wamv/base_link; world_frame=camera_init
2026-09-01T16:36:43+0800,16.822,plan_received,id=6; source=/received_global_plan; points=24; frame=wamv/wamv/base_link; world_frame=camera_init
2026-09-01T16:36:43+0800,16.922,plan_received,id=7; source=/received_global_plan; points=24; frame=wamv/wamv/base_link; world_frame=camera_init
2026-09-01T16:36:43+0800,17.021,plan_received,id=8; source=/received_global_plan; points=24; frame=wamv/wamv/base_link; world_frame=camera_init
2026-09-01T16:36:43+0800,17.121,plan_received,id=9; source=/received_global_plan; points=24; frame=wamv/wamv/base_link; world_frame=camera_init
2026-09-01T16:36:43+0800,17.221,plan_received,id=10; source=/received_global_plan; points=24; frame=wamv/wamv/base_link; world_frame=camera_init
2026-09-01T16:36:43+0800,17.321,plan_received,id=11; source=/received_global_plan; points=24; frame=wamv/wamv/base_link; world_frame=camera_init
2026-09-01T16:36:43+0800,17.421,plan_received,id=12; source=/received_global_plan; points=24; frame=wamv/wamv/base_link; world_frame=camera_init
2026-09-01T16:36:43+0800,17.521,plan_received,id=13; source=/received_global_plan; points=24; frame=wamv/wamv/base_link; world_frame=camera_init
2026-09-01T16:36:43+0800,17.621,plan_received,id=14; source=/received_global_plan; points=24; frame=wamv/wamv/base_link; world_frame=camera_init
2026-09-01T16:36:43+0800,17.721,plan_received,id=15; source=/received_global_plan; points=24; frame=wamv/wamv/base_link; world_frame=camera_init
2026-09-01T16:36:44+0800,17.821,plan_received,id=16; source=/received_global_plan; points=24; frame=wamv/wamv/base_link; world_frame=camera_init
2026-09-01T16:36:44+0800,17.922,plan_received,id=17; source=/received_global_plan; points=24; frame=wamv/wamv/base_link; world_frame=camera_init
2026-09-01T16:36:44+0800,18.021,plan_received,id=18; source=/received_global_plan; points=24; frame=wamv/wamv/base_link; world_frame=camera_init
2026-09-01T16:36:44+0800,18.121,plan_received,id=19; source=/received_global_plan; points=24; frame=wamv/wamv/base_link; world_frame=camera_init
2026-09-01T16:36:44+0800,18.222,plan_received,id=20; source=/received_global_plan; points=24; frame=wamv/wamv/base_link; world_frame=camera_init
2026-09-01T16:36:44+0800,18.321,plan_received,id=21; source=/received_global_plan; points=24; frame=wamv/wamv/base_link; world_frame=camera_init
2026-09-01T16:36:44+0800,18.421,plan_received,id=22; source=/received_global_plan; points=24; frame=wamv/wamv/base_link; world_frame=camera_init
2026-09-01T16:36:44+0800,18.523,plan_received,id=23; source=/received_global_plan; points=24; frame=wamv/wamv/base_link; world_frame=camera_init
2026-09-01T16:36:44+0800,18.621,plan_received,id=24; source=/received_global_plan; points=24; frame=wamv/wamv/base_link; world_frame=camera_init
2026-09-01T16:36:44+0800,18.721,plan_received,id=25; source=/received_global_plan; points=24; frame=wamv/wamv/base_link; world_frame=camera_init
2026-09-01T16:36:45+0800,18.822,plan_received,id=26; source=/received_global_plan; points=24; frame=wamv/wamv/base_link; world_frame=camera_init
2026-09-01T16:36:45+0800,18.921,plan_received,id=27; source=/received_global_plan; points=24; frame=wamv/wamv/base_link; world_frame=camera_init
2026-09-01T16:36:45+0800,19.021,plan_received,id=28; source=/received_global_plan; points=24; frame=wamv/wamv/base_link; world_frame=camera_init
2026-09-01T16:36:45+0800,19.122,plan_received,id=29; source=/received_global_plan; points=24; frame=wamv/wamv/base_link; world_frame=camera_init
2026-09-01T16:36:45+0800,19.221,plan_received,id=30; source=/received_global_plan; points=24; frame=wamv/wamv/base_link; world_frame=camera_init
2026-09-01T16:36:45+0800,19.321,plan_received,id=31; source=/received_global_plan; points=24; frame=wamv/wamv/base_link; world_frame=camera_init
2026-09-01T16:36:45+0800,19.421,plan_received,id=32; source=/received_global_plan; points=24; frame=wamv/wamv/base_link; world_frame=camera_init
2026-09-01T16:36:45+0800,19.521,plan_received,id=33; source=/received_global_plan; points=24; frame=wamv/wamv/base_link; world_frame=camera_init
2026-09-01T16:36:45+0800,19.621,plan_received,id=34; source=/received_global_plan; points=24; frame=wamv/wamv/base_link; world_frame=camera_init
2026-09-01T16:36:45+0800,19.721,plan_received,id=35; source=/received_global_plan; points=24; frame=wamv/wamv/base_link; world_frame=camera_init
2026-09-01T16:36:46+0800,19.821,plan_received,id=36; source=/received_global_plan; points=24; frame=wamv/wamv/base_link; world_frame=camera_init
2026-09-01T16:36:46+0800,19.922,plan_received,id=37; source=/received_global_plan; points=23; frame=wamv/wamv/base_link; world_frame=camera_init
2026-09-01T16:36:46+0800,20.022,plan_received,id=38; source=/received_global_plan; points=23; frame=wamv/wamv/base_link; world_frame=camera_init
2026-09-01T16:36:46+0800,20.121,plan_received,id=39; source=/received_global_plan; points=23; frame=wamv/wamv/base_link; world_frame=camera_init
2026-09-01T16:36:46+0800,20.221,plan_received,id=40; source=/received_global_plan; points=23; frame=wamv/wamv/base_link; world_frame=camera_init
2026-09-01T16:36:46+0800,20.322,plan_received,id=41; source=/received_global_plan; points=23; frame=wamv/wamv/base_link; world_frame=camera_init
2026-09-01T16:36:46+0800,20.421,plan_received,id=42; source=/received_global_plan; points=23; frame=wamv/wamv/base_link; world_frame=camera_init
2026-09-01T16:36:46+0800,20.521,plan_received,id=43; source=/received_global_plan; points=23; frame=wamv/wamv/base_link; world_frame=camera_init
2026-09-01T16:36:46+0800,20.531,plan_received,id=44; source=/unsmoothed_plan; points=11; frame=camera_init; world_frame=camera_init
2026-09-01T16:36:46+0800,20.532,plan_received,id=45; source=/plan; points=11; frame=camera_init; world_frame=camera_init
2026-09-01T16:36:46+0800,20.622,plan_received,id=46; source=/received_global_plan; points=11; frame=wamv/wamv/base_link; world_frame=camera_init
2026-09-01T16:36:46+0800,20.721,plan_received,id=47; source=/received_global_plan; points=11; frame=wamv/wamv/base_link; world_frame=camera_init
2026-09-01T16:36:47+0800,20.822,plan_received,id=48; source=/received_global_plan; points=11; frame=wamv/wamv/base_link; world_frame=camera_init
2026-09-01T16:36:47+0800,20.921,plan_received,id=49; source=/received_global_plan; points=11; frame=wamv/wamv/base_link; world_frame=camera_init
2026-09-01T16:36:47+0800,21.021,plan_received,id=50; source=/received_global_plan; points=11; frame=wamv/wamv/base_link; world_frame=camera_init
2026-09-01T16:36:47+0800,21.121,plan_received,id=51; source=/received_global_plan; points=11; frame=wamv/wamv/base_link; world_frame=camera_init
2026-09-01T16:36:47+0800,21.221,plan_received,id=52; source=/received_global_plan; points=11; frame=wamv/wamv/base_link; world_frame=camera_init
2026-09-01T16:36:47+0800,21.321,plan_received,id=53; source=/received_global_plan; points=11; frame=wamv/wamv/base_link; world_frame=camera_init
2026-09-01T16:36:47+0800,21.421,plan_received,id=54; source=/received_global_plan; points=11; frame=wamv/wamv/base_link; world_frame=camera_init
2026-09-01T16:36:47+0800,21.521,plan_received,id=55; source=/received_global_plan; points=11; frame=wamv/wamv/base_link; world_frame=camera_init
2026-09-01T16:36:47+0800,21.621,plan_received,id=56; source=/received_global_plan; points=11; frame=wamv/wamv/base_link; world_frame=camera_init
2026-09-01T16:36:47+0800,21.722,plan_received,id=57; source=/received_global_plan; points=11; frame=wamv/wamv/base_link; world_frame=camera_init
2026-09-01T16:36:48+0800,21.821,plan_received,id=58; source=/received_global_plan; points=11; frame=wamv/wamv/base_link; world_frame=camera_init
2026-09-01T16:36:48+0800,21.921,plan_received,id=59; source=/received_global_plan; points=11; frame=wamv/wamv/base_link; world_frame=camera_init
2026-09-01T16:36:48+0800,22.021,plan_received,id=60; source=/received_global_plan; points=11; frame=wamv/wamv/base_link; world_frame=camera_init
2026-09-01T16:36:48+0800,22.121,plan_received,id=61; source=/received_global_plan; points=11; frame=wamv/wamv/base_link; world_frame=camera_init
2026-09-01T16:36:48+0800,22.220,plan_received,id=62; source=/received_global_plan; points=11; frame=wamv/wamv/base_link; world_frame=camera_init
2026-09-01T16:36:48+0800,22.321,plan_received,id=63; source=/received_global_plan; points=11; frame=wamv/wamv/base_link; world_frame=camera_init
2026-09-01T16:36:48+0800,22.421,plan_received,id=64; source=/received_global_plan; points=11; frame=wamv/wamv/base_link; world_frame=camera_init
2026-09-01T16:36:48+0800,22.520,plan_received,id=65; source=/received_global_plan; points=11; frame=wamv/wamv/base_link; world_frame=camera_init
2026-09-01T16:36:48+0800,22.620,plan_received,id=66; source=/received_global_plan; points=11; frame=wamv/wamv/base_link; world_frame=camera_init
2026-09-01T16:36:48+0800,22.721,plan_received,id=67; source=/received_global_plan; points=11; frame=wamv/wamv/base_link; world_frame=camera_init
2026-09-01T16:36:49+0800,22.821,plan_received,id=68; source=/received_global_plan; points=11; frame=wamv/wamv/base_link; world_frame=camera_init
2026-09-01T16:36:49+0800,22.920,plan_received,id=69; source=/received_global_plan; points=11; frame=wamv/wamv/base_link; world_frame=camera_init
2026-09-01T16:36:49+0800,23.021,plan_received,id=70; source=/received_global_plan; points=11; frame=wamv/wamv/base_link; world_frame=camera_init
2026-09-01T16:36:49+0800,23.121,plan_received,id=71; source=/received_global_plan; points=11; frame=wamv/wamv/base_link; world_frame=camera_init
2026-09-01T16:36:49+0800,23.222,plan_received,id=72; source=/received_global_plan; points=11; frame=wamv/wamv/base_link; world_frame=camera_init
2026-09-01T16:36:49+0800,23.321,plan_received,id=73; source=/received_global_plan; points=11; frame=wamv/wamv/base_link; world_frame=camera_init
2026-09-01T16:36:49+0800,23.421,plan_received,id=74; source=/received_global_plan; points=11; frame=wamv/wamv/base_link; world_frame=camera_init
2026-09-01T16:36:49+0800,23.521,plan_received,id=75; source=/received_global_plan; points=11; frame=wamv/wamv/base_link; world_frame=camera_init
2026-09-01T16:36:49+0800,23.622,plan_received,id=76; source=/received_global_plan; points=11; frame=wamv/wamv/base_link; world_frame=camera_init
2026-09-01T16:36:49+0800,23.721,plan_received,id=77; source=/received_global_plan; points=11; frame=wamv/wamv/base_link; world_frame=camera_init
2026-09-01T16:36:50+0800,23.821,plan_received,id=78; source=/received_global_plan; points=11; frame=wamv/wamv/base_link; world_frame=camera_init
2026-09-01T16:36:50+0800,23.921,plan_received,id=79; source=/received_global_plan; points=11; frame=wamv/wamv/base_link; world_frame=camera_init
2026-09-01T16:36:50+0800,24.023,plan_received,id=80; source=/received_global_plan; points=11; frame=wamv/wamv/base_link; world_frame=camera_init
2026-09-01T16:36:50+0800,24.121,plan_received,id=81; source=/received_global_plan; points=11; frame=wamv/wamv/base_link; world_frame=camera_init
2026-09-01T16:36:50+0800,24.221,plan_received,id=82; source=/received_global_plan; points=11; frame=wamv/wamv/base_link; world_frame=camera_init
2026-09-01T16:36:50+0800,24.321,plan_received,id=83; source=/received_global_plan; points=11; frame=wamv/wamv/base_link; world_frame=camera_init
2026-09-01T16:36:50+0800,24.420,plan_received,id=84; source=/received_global_plan; points=11; frame=wamv/wamv/base_link; world_frame=camera_init
2026-09-01T16:36:50+0800,24.521,plan_received,id=85; source=/received_global_plan; points=11; frame=wamv/wamv/base_link; world_frame=camera_init
2026-09-01T16:36:50+0800,24.558,plan_received,id=86; source=/plan; points=11; frame=camera_init; world_frame=camera_init
2026-09-01T16:36:50+0800,24.559,plan_received,id=87; source=/unsmoothed_plan; points=11; frame=camera_init; world_frame=camera_init
2026-09-01T16:36:50+0800,24.621,plan_received,id=88; source=/received_global_plan; points=11; frame=wamv/wamv/base_link; world_frame=camera_init
2026-09-01T16:36:50+0800,24.721,plan_received,id=89; source=/received_global_plan; points=11; frame=wamv/wamv/base_link; world_frame=camera_init
2026-09-01T16:36:51+0800,24.821,plan_received,id=90; source=/received_global_plan; points=11; frame=wamv/wamv/base_link; world_frame=camera_init
2026-09-01T16:36:51+0800,24.921,plan_received,id=91; source=/received_global_plan; points=11; frame=wamv/wamv/base_link; world_frame=camera_init
2026-09-01T16:36:51+0800,25.021,plan_received,id=92; source=/received_global_plan; points=11; frame=wamv/wamv/base_link; world_frame=camera_init
2026-09-01T16:36:51+0800,25.121,plan_received,id=93; source=/received_global_plan; points=11; frame=wamv/wamv/base_link; world_frame=camera_init
2026-09-01T16:36:51+0800,25.221,plan_received,id=94; source=/received_global_plan; points=11; frame=wamv/wamv/base_link; world_frame=camera_init
2026-09-01T16:36:51+0800,25.321,plan_received,id=95; source=/received_global_plan; points=11; frame=wamv/wamv/base_link; world_frame=camera_init
2026-09-01T16:36:51+0800,25.421,plan_received,id=96; source=/received_global_plan; points=11; frame=wamv/wamv/base_link; world_frame=camera_init
2026-09-01T16:36:51+0800,25.521,plan_received,id=97; source=/received_global_plan; points=11; frame=wamv/wamv/base_link; world_frame=camera_init
2026-09-01T16:36:51+0800,25.621,plan_received,id=98; source=/received_global_plan; points=11; frame=wamv/wamv/base_link; world_frame=camera_init
2026-09-01T16:36:51+0800,25.721,plan_received,id=99; source=/received_global_plan; points=11; frame=wamv/wamv/base_link; world_frame=camera_init
2026-09-01T16:36:52+0800,25.821,plan_received,id=100; source=/received_global_plan; points=11; frame=wamv/wamv/base_link; world_frame=camera_init
2026-09-01T16:36:52+0800,25.920,plan_received,id=101; source=/received_global_plan; points=11; frame=wamv/wamv/base_link; world_frame=camera_init
2026-09-01T16:36:52+0800,26.021,plan_received,id=102; source=/received_global_plan; points=11; frame=wamv/wamv/base_link; world_frame=camera_init
2026-09-01T16:36:52+0800,26.121,plan_received,id=103; source=/received_global_plan; points=11; frame=wamv/wamv/base_link; world_frame=camera_init
2026-09-01T16:36:52+0800,26.221,plan_received,id=104; source=/received_global_plan; points=11; frame=wamv/wamv/base_link; world_frame=camera_init
2026-09-01T16:36:52+0800,26.321,plan_received,id=105; source=/received_global_plan; points=11; frame=wamv/wamv/base_link; world_frame=camera_init
2026-09-01T16:36:52+0800,26.420,plan_received,id=106; source=/received_global_plan; points=11; frame=wamv/wamv/base_link; world_frame=camera_init
2026-09-01T16:36:52+0800,26.521,plan_received,id=107; source=/received_global_plan; points=11; frame=wamv/wamv/base_link; world_frame=camera_init
2026-09-01T16:36:52+0800,26.621,plan_received,id=108; source=/received_global_plan; points=11; frame=wamv/wamv/base_link; world_frame=camera_init
2026-09-01T16:36:52+0800,26.721,plan_received,id=109; source=/received_global_plan; points=11; frame=wamv/wamv/base_link; world_frame=camera_init
2026-09-01T16:36:53+0800,26.821,plan_received,id=110; source=/received_global_plan; points=11; frame=wamv/wamv/base_link; world_frame=camera_init
2026-09-01T16:36:53+0800,26.920,plan_received,id=111; source=/received_global_plan; points=11; frame=wamv/wamv/base_link; world_frame=camera_init
2026-09-01T16:36:53+0800,27.021,plan_received,id=112; source=/received_global_plan; points=11; frame=wamv/wamv/base_link; world_frame=camera_init
2026-09-01T16:36:53+0800,27.121,plan_received,id=113; source=/received_global_plan; points=11; frame=wamv/wamv/base_link; world_frame=camera_init
2026-09-01T16:36:53+0800,27.220,plan_received,id=114; source=/received_global_plan; points=11; frame=wamv/wamv/base_link; world_frame=camera_init
2026-09-01T16:36:53+0800,27.320,plan_received,id=115; source=/received_global_plan; points=11; frame=wamv/wamv/base_link; world_frame=camera_init
2026-09-01T16:36:53+0800,27.420,plan_received,id=116; source=/received_global_plan; points=11; frame=wamv/wamv/base_link; world_frame=camera_init
2026-09-01T16:36:53+0800,27.520,plan_received,id=117; source=/received_global_plan; points=11; frame=wamv/wamv/base_link; world_frame=camera_init
2026-09-01T16:36:53+0800,27.621,plan_received,id=118; source=/received_global_plan; points=11; frame=wamv/wamv/base_link; world_frame=camera_init
2026-09-01T16:36:53+0800,27.722,plan_received,id=119; source=/received_global_plan; points=11; frame=wamv/wamv/base_link; world_frame=camera_init
2026-09-01T16:36:54+0800,27.821,plan_received,id=120; source=/received_global_plan; points=11; frame=wamv/wamv/base_link; world_frame=camera_init
2026-09-01T16:36:54+0800,27.921,plan_received,id=121; source=/received_global_plan; points=11; frame=wamv/wamv/base_link; world_frame=camera_init
2026-09-01T16:36:54+0800,28.021,plan_received,id=122; source=/received_global_plan; points=11; frame=wamv/wamv/base_link; world_frame=camera_init
2026-09-01T16:36:54+0800,28.121,plan_received,id=123; source=/received_global_plan; points=11; frame=wamv/wamv/base_link; world_frame=camera_init
2026-09-01T16:36:54+0800,28.220,plan_received,id=124; source=/received_global_plan; points=11; frame=wamv/wamv/base_link; world_frame=camera_init
2026-09-01T16:36:54+0800,28.321,plan_received,id=125; source=/received_global_plan; points=11; frame=wamv/wamv/base_link; world_frame=camera_init
2026-09-01T16:36:54+0800,28.421,plan_received,id=126; source=/received_global_plan; points=11; frame=wamv/wamv/base_link; world_frame=camera_init
2026-09-01T16:36:54+0800,28.521,plan_received,id=127; source=/received_global_plan; points=11; frame=wamv/wamv/base_link; world_frame=camera_init
2026-09-01T16:36:54+0800,28.575,plan_received,id=128; source=/plan; points=11; frame=camera_init; world_frame=camera_init
2026-09-01T16:36:54+0800,28.575,plan_received,id=129; source=/unsmoothed_plan; points=11; frame=camera_init; world_frame=camera_init
2026-09-01T16:36:54+0800,28.621,plan_received,id=130; source=/received_global_plan; points=11; frame=wamv/wamv/base_link; world_frame=camera_init
2026-09-01T16:36:54+0800,28.721,plan_received,id=131; source=/received_global_plan; points=11; frame=wamv/wamv/base_link; world_frame=camera_init
2026-09-01T16:36:55+0800,28.820,plan_received,id=132; source=/received_global_plan; points=11; frame=wamv/wamv/base_link; world_frame=camera_init
2026-09-01T16:36:55+0800,28.921,plan_received,id=133; source=/received_global_plan; points=11; frame=wamv/wamv/base_link; world_frame=camera_init
2026-09-01T16:36:55+0800,29.021,plan_received,id=134; source=/received_global_plan; points=11; frame=wamv/wamv/base_link; world_frame=camera_init
2026-09-01T16:36:55+0800,29.121,plan_received,id=135; source=/received_global_plan; points=11; frame=wamv/wamv/base_link; world_frame=camera_init
2026-09-01T16:36:55+0800,29.220,plan_received,id=136; source=/received_global_plan; points=11; frame=wamv/wamv/base_link; world_frame=camera_init
2026-09-01T16:36:55+0800,29.320,plan_received,id=137; source=/received_global_plan; points=11; frame=wamv/wamv/base_link; world_frame=camera_init
2026-09-01T16:36:55+0800,29.421,plan_received,id=138; source=/received_global_plan; points=11; frame=wamv/wamv/base_link; world_frame=camera_init
2026-09-01T16:36:55+0800,29.521,plan_received,id=139; source=/received_global_plan; points=11; frame=wamv/wamv/base_link; world_frame=camera_init
2026-09-01T16:36:55+0800,29.621,plan_received,id=140; source=/received_global_plan; points=11; frame=wamv/wamv/base_link; world_frame=camera_init
2026-09-01T16:36:55+0800,29.721,plan_received,id=141; source=/received_global_plan; points=11; frame=wamv/wamv/base_link; world_frame=camera_init
2026-09-01T16:36:56+0800,29.821,plan_received,id=142; source=/received_global_plan; points=11; frame=wamv/wamv/base_link; world_frame=camera_init
2026-09-01T16:36:56+0800,29.921,plan_received,id=143; source=/received_global_plan; points=11; frame=wamv/wamv/base_link; world_frame=camera_init
2026-09-01T16:36:56+0800,30.021,plan_received,id=144; source=/received_global_plan; points=11; frame=wamv/wamv/base_link; world_frame=camera_init
2026-09-01T16:36:56+0800,30.121,plan_received,id=145; source=/received_global_plan; points=11; frame=wamv/wamv/base_link; world_frame=camera_init
2026-09-01T16:36:56+0800,30.221,plan_received,id=146; source=/received_global_plan; points=11; frame=wamv/wamv/base_link; world_frame=camera_init
2026-09-01T16:36:56+0800,30.321,plan_received,id=147; source=/received_global_plan; points=11; frame=wamv/wamv/base_link; world_frame=camera_init
2026-09-01T16:36:56+0800,30.421,plan_received,id=148; source=/received_global_plan; points=11; frame=wamv/wamv/base_link; world_frame=camera_init
2026-09-01T16:36:56+0800,30.520,plan_received,id=149; source=/received_global_plan; points=11; frame=wamv/wamv/base_link; world_frame=camera_init
2026-09-01T16:36:56+0800,30.621,plan_received,id=150; source=/received_global_plan; points=11; frame=wamv/wamv/base_link; world_frame=camera_init
2026-09-01T16:36:56+0800,30.721,plan_received,id=151; source=/received_global_plan; points=11; frame=wamv/wamv/base_link; world_frame=camera_init
2026-09-01T16:36:57+0800,30.821,plan_received,id=152; source=/received_global_plan; points=11; frame=wamv/wamv/base_link; world_frame=camera_init
2026-09-01T16:36:57+0800,30.921,plan_received,id=153; source=/received_global_plan; points=11; frame=wamv/wamv/base_link; world_frame=camera_init
2026-09-01T16:36:57+0800,31.021,plan_received,id=154; source=/received_global_plan; points=11; frame=wamv/wamv/base_link; world_frame=camera_init
2026-09-01T16:36:57+0800,31.121,plan_received,id=155; source=/received_global_plan; points=11; frame=wamv/wamv/base_link; world_frame=camera_init
2026-09-01T16:36:57+0800,31.222,plan_received,id=156; source=/received_global_plan; points=11; frame=wamv/wamv/base_link; world_frame=camera_init
2026-09-01T16:36:57+0800,31.321,plan_received,id=157; source=/received_global_plan; points=11; frame=wamv/wamv/base_link; world_frame=camera_init
2026-09-01T16:36:57+0800,31.421,plan_received,id=158; source=/received_global_plan; points=11; frame=wamv/wamv/base_link; world_frame=camera_init
2026-09-01T16:36:57+0800,31.521,plan_received,id=159; source=/received_global_plan; points=11; frame=wamv/wamv/base_link; world_frame=camera_init
2026-09-01T16:36:57+0800,31.621,plan_received,id=160; source=/received_global_plan; points=11; frame=wamv/wamv/base_link; world_frame=camera_init
2026-09-01T16:36:57+0800,31.721,plan_received,id=161; source=/received_global_plan; points=11; frame=wamv/wamv/base_link; world_frame=camera_init
2026-09-01T16:36:58+0800,31.821,plan_received,id=162; source=/received_global_plan; points=11; frame=wamv/wamv/base_link; world_frame=camera_init
2026-09-01T16:36:58+0800,31.921,plan_received,id=163; source=/received_global_plan; points=11; frame=wamv/wamv/base_link; world_frame=camera_init
2026-09-01T16:36:58+0800,32.021,plan_received,id=164; source=/received_global_plan; points=11; frame=wamv/wamv/base_link; world_frame=camera_init
2026-09-01T16:36:58+0800,32.122,plan_received,id=165; source=/received_global_plan; points=11; frame=wamv/wamv/base_link; world_frame=camera_init
2026-09-01T16:36:58+0800,32.221,plan_received,id=166; source=/received_global_plan; points=11; frame=wamv/wamv/base_link; world_frame=camera_init
2026-09-01T16:36:58+0800,32.321,plan_received,id=167; source=/received_global_plan; points=11; frame=wamv/wamv/base_link; world_frame=camera_init
2026-09-01T16:36:58+0800,32.421,plan_received,id=168; source=/received_global_plan; points=11; frame=wamv/wamv/base_link; world_frame=camera_init
2026-09-01T16:36:58+0800,32.522,plan_received,id=169; source=/received_global_plan; points=11; frame=wamv/wamv/base_link; world_frame=camera_init
2026-09-01T16:36:58+0800,32.609,plan_received,id=170; source=/plan; points=11; frame=camera_init; world_frame=camera_init
2026-09-01T16:36:58+0800,32.610,plan_received,id=171; source=/unsmoothed_plan; points=11; frame=camera_init; world_frame=camera_init
2026-09-01T16:36:58+0800,32.622,plan_received,id=172; source=/received_global_plan; points=11; frame=wamv/wamv/base_link; world_frame=camera_init
2026-09-01T16:36:58+0800,32.721,plan_received,id=173; source=/received_global_plan; points=11; frame=wamv/wamv/base_link; world_frame=camera_init
2026-09-01T16:36:59+0800,32.821,plan_received,id=174; source=/received_global_plan; points=11; frame=wamv/wamv/base_link; world_frame=camera_init
2026-09-01T16:36:59+0800,32.921,plan_received,id=175; source=/received_global_plan; points=11; frame=wamv/wamv/base_link; world_frame=camera_init
2026-09-01T16:36:59+0800,33.020,plan_received,id=176; source=/received_global_plan; points=11; frame=wamv/wamv/base_link; world_frame=camera_init
2026-09-01T16:36:59+0800,33.121,plan_received,id=177; source=/received_global_plan; points=11; frame=wamv/wamv/base_link; world_frame=camera_init
2026-09-01T16:36:59+0800,33.221,plan_received,id=178; source=/received_global_plan; points=11; frame=wamv/wamv/base_link; world_frame=camera_init
2026-09-01T16:36:59+0800,33.320,plan_received,id=179; source=/received_global_plan; points=11; frame=wamv/wamv/base_link; world_frame=camera_init
2026-09-01T16:36:59+0800,33.421,plan_received,id=180; source=/received_global_plan; points=11; frame=wamv/wamv/base_link; world_frame=camera_init
2026-09-01T16:36:59+0800,33.521,plan_received,id=181; source=/received_global_plan; points=11; frame=wamv/wamv/base_link; world_frame=camera_init
2026-09-01T16:36:59+0800,33.621,plan_received,id=182; source=/received_global_plan; points=11; frame=wamv/wamv/base_link; world_frame=camera_init
2026-09-01T16:36:59+0800,33.721,plan_received,id=183; source=/received_global_plan; points=11; frame=wamv/wamv/base_link; world_frame=camera_init
2026-09-01T16:37:00+0800,33.821,plan_received,id=184; source=/received_global_plan; points=11; frame=wamv/wamv/base_link; world_frame=camera_init
2026-09-01T16:37:00+0800,33.921,plan_received,id=185; source=/received_global_plan; points=11; frame=wamv/wamv/base_link; world_frame=camera_init
2026-09-01T16:37:00+0800,34.021,plan_received,id=186; source=/received_global_plan; points=11; frame=wamv/wamv/base_link; world_frame=camera_init
2026-09-01T16:37:00+0800,34.121,plan_received,id=187; source=/received_global_plan; points=11; frame=wamv/wamv/base_link; world_frame=camera_init
2026-09-01T16:37:00+0800,34.221,plan_received,id=188; source=/received_global_plan; points=11; frame=wamv/wamv/base_link; world_frame=camera_init
2026-09-01T16:37:00+0800,34.321,plan_received,id=189; source=/received_global_plan; points=11; frame=wamv/wamv/base_link; world_frame=camera_init
2026-09-01T16:37:00+0800,34.421,plan_received,id=190; source=/received_global_plan; points=11; frame=wamv/wamv/base_link; world_frame=camera_init
2026-09-01T16:37:00+0800,34.520,plan_received,id=191; source=/received_global_plan; points=11; frame=wamv/wamv/base_link; world_frame=camera_init
2026-09-01T16:37:00+0800,34.621,plan_received,id=192; source=/received_global_plan; points=11; frame=wamv/wamv/base_link; world_frame=camera_init
2026-09-01T16:37:00+0800,34.721,plan_received,id=193; source=/received_global_plan; points=11; frame=wamv/wamv/base_link; world_frame=camera_init
2026-09-01T16:37:01+0800,34.821,plan_received,id=194; source=/received_global_plan; points=11; frame=wamv/wamv/base_link; world_frame=camera_init
2026-09-01T16:37:01+0800,34.921,plan_received,id=195; source=/received_global_plan; points=11; frame=wamv/wamv/base_link; world_frame=camera_init
2026-09-01T16:37:01+0800,35.021,plan_received,id=196; source=/received_global_plan; points=11; frame=wamv/wamv/base_link; world_frame=camera_init
2026-09-01T16:37:01+0800,35.121,plan_received,id=197; source=/received_global_plan; points=11; frame=wamv/wamv/base_link; world_frame=camera_init
2026-09-01T16:37:01+0800,35.221,plan_received,id=198; source=/received_global_plan; points=11; frame=wamv/wamv/base_link; world_frame=camera_init
2026-09-01T16:37:01+0800,35.320,plan_received,id=199; source=/received_global_plan; points=11; frame=wamv/wamv/base_link; world_frame=camera_init
2026-09-01T16:37:01+0800,35.421,plan_received,id=200; source=/received_global_plan; points=11; frame=wamv/wamv/base_link; world_frame=camera_init
2026-09-01T16:37:01+0800,35.521,plan_received,id=201; source=/received_global_plan; points=11; frame=wamv/wamv/base_link; world_frame=camera_init
2026-09-01T16:37:01+0800,35.621,plan_received,id=202; source=/received_global_plan; points=11; frame=wamv/wamv/base_link; world_frame=camera_init
2026-09-01T16:37:01+0800,35.720,plan_received,id=203; source=/received_global_plan; points=11; frame=wamv/wamv/base_link; world_frame=camera_init
2026-09-01T16:37:02+0800,35.821,plan_received,id=204; source=/received_global_plan; points=11; frame=wamv/wamv/base_link; world_frame=camera_init
2026-09-01T16:37:02+0800,35.920,plan_received,id=205; source=/received_global_plan; points=11; frame=wamv/wamv/base_link; world_frame=camera_init
2026-09-01T16:37:02+0800,36.021,plan_received,id=206; source=/received_global_plan; points=11; frame=wamv/wamv/base_link; world_frame=camera_init
2026-09-01T16:37:02+0800,36.121,plan_received,id=207; source=/received_global_plan; points=11; frame=wamv/wamv/base_link; world_frame=camera_init
2026-09-01T16:37:02+0800,36.221,plan_received,id=208; source=/received_global_plan; points=11; frame=wamv/wamv/base_link; world_frame=camera_init
2026-09-01T16:37:02+0800,36.321,plan_received,id=209; source=/received_global_plan; points=11; frame=wamv/wamv/base_link; world_frame=camera_init
2026-09-01T16:37:02+0800,36.420,plan_received,id=210; source=/received_global_plan; points=11; frame=wamv/wamv/base_link; world_frame=camera_init
2026-09-01T16:37:02+0800,36.520,plan_received,id=211; source=/received_global_plan; points=11; frame=wamv/wamv/base_link; world_frame=camera_init
2026-09-01T16:37:02+0800,36.620,plan_received,id=212; source=/received_global_plan; points=11; frame=wamv/wamv/base_link; world_frame=camera_init
2026-09-01T16:37:02+0800,36.623,plan_received,id=213; source=/plan; points=11; frame=camera_init; world_frame=camera_init
2026-09-01T16:37:02+0800,36.624,plan_received,id=214; source=/unsmoothed_plan; points=11; frame=camera_init; world_frame=camera_init
2026-09-01T16:37:02+0800,36.721,plan_received,id=215; source=/received_global_plan; points=11; frame=wamv/wamv/base_link; world_frame=camera_init
2026-09-01T16:37:03+0800,36.821,plan_received,id=216; source=/received_global_plan; points=11; frame=wamv/wamv/base_link; world_frame=camera_init
2026-09-01T16:37:03+0800,36.921,plan_received,id=217; source=/received_global_plan; points=11; frame=wamv/wamv/base_link; world_frame=camera_init
2026-09-01T16:37:03+0800,37.021,plan_received,id=218; source=/received_global_plan; points=11; frame=wamv/wamv/base_link; world_frame=camera_init
2026-09-01T16:37:03+0800,37.121,plan_received,id=219; source=/received_global_plan; points=11; frame=wamv/wamv/base_link; world_frame=camera_init
2026-09-01T16:37:03+0800,37.220,plan_received,id=220; source=/received_global_plan; points=11; frame=wamv/wamv/base_link; world_frame=camera_init
2026-09-01T16:37:03+0800,37.321,plan_received,id=221; source=/received_global_plan; points=11; frame=wamv/wamv/base_link; world_frame=camera_init
2026-09-01T16:37:03+0800,37.420,plan_received,id=222; source=/received_global_plan; points=11; frame=wamv/wamv/base_link; world_frame=camera_init
2026-09-01T16:37:03+0800,37.521,plan_received,id=223; source=/received_global_plan; points=11; frame=wamv/wamv/base_link; world_frame=camera_init
2026-09-01T16:37:03+0800,37.621,plan_received,id=224; source=/received_global_plan; points=11; frame=wamv/wamv/base_link; world_frame=camera_init
2026-09-01T16:37:03+0800,37.720,plan_received,id=225; source=/received_global_plan; points=11; frame=wamv/wamv/base_link; world_frame=camera_init
2026-09-01T16:37:04+0800,37.820,plan_received,id=226; source=/received_global_plan; points=11; frame=wamv/wamv/base_link; world_frame=camera_init
2026-09-01T16:37:04+0800,37.921,plan_received,id=227; source=/received_global_plan; points=11; frame=wamv/wamv/base_link; world_frame=camera_init
2026-09-01T16:37:04+0800,38.021,plan_received,id=228; source=/received_global_plan; points=11; frame=wamv/wamv/base_link; world_frame=camera_init
2026-09-01T16:37:04+0800,38.121,plan_received,id=229; source=/received_global_plan; points=11; frame=wamv/wamv/base_link; world_frame=camera_init
2026-09-01T16:37:04+0800,38.221,plan_received,id=230; source=/received_global_plan; points=11; frame=wamv/wamv/base_link; world_frame=camera_init
2026-09-01T16:37:04+0800,38.321,plan_received,id=231; source=/received_global_plan; points=11; frame=wamv/wamv/base_link; world_frame=camera_init
2026-09-01T16:37:04+0800,38.421,plan_received,id=232; source=/received_global_plan; points=11; frame=wamv/wamv/base_link; world_frame=camera_init
2026-09-01T16:37:04+0800,38.522,plan_received,id=233; source=/received_global_plan; points=11; frame=wamv/wamv/base_link; world_frame=camera_init
2026-09-01T16:37:04+0800,38.621,plan_received,id=234; source=/received_global_plan; points=11; frame=wamv/wamv/base_link; world_frame=camera_init
2026-09-01T16:37:04+0800,38.721,plan_received,id=235; source=/received_global_plan; points=11; frame=wamv/wamv/base_link; world_frame=camera_init
2026-09-01T16:37:05+0800,38.821,plan_received,id=236; source=/received_global_plan; points=11; frame=wamv/wamv/base_link; world_frame=camera_init
2026-09-01T16:37:05+0800,38.921,plan_received,id=237; source=/received_global_plan; points=11; frame=wamv/wamv/base_link; world_frame=camera_init
2026-09-01T16:37:05+0800,39.021,plan_received,id=238; source=/received_global_plan; points=11; frame=wamv/wamv/base_link; world_frame=camera_init
2026-09-01T16:37:05+0800,39.121,plan_received,id=239; source=/received_global_plan; points=11; frame=wamv/wamv/base_link; world_frame=camera_init
2026-09-01T16:37:05+0800,39.222,plan_received,id=240; source=/received_global_plan; points=11; frame=wamv/wamv/base_link; world_frame=camera_init
2026-09-01T16:37:05+0800,39.320,plan_received,id=241; source=/received_global_plan; points=11; frame=wamv/wamv/base_link; world_frame=camera_init
2026-09-01T16:37:05+0800,39.421,plan_received,id=242; source=/received_global_plan; points=11; frame=wamv/wamv/base_link; world_frame=camera_init
2026-09-01T16:37:05+0800,39.521,plan_received,id=243; source=/received_global_plan; points=11; frame=wamv/wamv/base_link; world_frame=camera_init
2026-09-01T16:37:05+0800,39.621,plan_received,id=244; source=/received_global_plan; points=11; frame=wamv/wamv/base_link; world_frame=camera_init
2026-09-01T16:37:05+0800,39.721,plan_received,id=245; source=/received_global_plan; points=11; frame=wamv/wamv/base_link; world_frame=camera_init
2026-09-01T16:37:06+0800,39.821,plan_received,id=246; source=/received_global_plan; points=11; frame=wamv/wamv/base_link; world_frame=camera_init
2026-09-01T16:37:06+0800,40.032,plan_received,id=247; source=/received_global_plan; points=11; frame=wamv/wamv/base_link; world_frame=camera_init
2026-09-01T16:37:06+0800,40.041,plan_received,id=248; source=/received_global_plan; points=11; frame=wamv/wamv/base_link; world_frame=camera_init
2026-09-01T16:37:06+0800,40.142,plan_received,id=249; source=/received_global_plan; points=11; frame=wamv/wamv/base_link; world_frame=camera_init
2026-09-01T16:37:06+0800,40.243,plan_received,id=250; source=/received_global_plan; points=11; frame=wamv/wamv/base_link; world_frame=camera_init
2026-09-01T16:37:06+0800,40.343,plan_received,id=251; source=/received_global_plan; points=11; frame=wamv/wamv/base_link; world_frame=camera_init
2026-09-01T16:37:06+0800,40.445,plan_received,id=252; source=/received_global_plan; points=11; frame=wamv/wamv/base_link; world_frame=camera_init
2026-09-01T16:37:06+0800,40.542,plan_received,id=253; source=/received_global_plan; points=11; frame=wamv/wamv/base_link; world_frame=camera_init
2026-09-01T16:37:06+0800,40.641,plan_received,id=254; source=/received_global_plan; points=11; frame=wamv/wamv/base_link; world_frame=camera_init
2026-09-01T16:37:06+0800,40.642,plan_received,id=255; source=/unsmoothed_plan; points=11; frame=camera_init; world_frame=camera_init
2026-09-01T16:37:06+0800,40.643,plan_received,id=256; source=/plan; points=11; frame=camera_init; world_frame=camera_init
2026-09-01T16:37:06+0800,40.746,plan_received,id=257; source=/received_global_plan; points=11; frame=wamv/wamv/base_link; world_frame=camera_init
2026-09-01T16:37:07+0800,40.842,plan_received,id=258; source=/received_global_plan; points=11; frame=wamv/wamv/base_link; world_frame=camera_init
2026-09-01T16:37:07+0800,40.941,plan_received,id=259; source=/received_global_plan; points=11; frame=wamv/wamv/base_link; world_frame=camera_init
2026-09-01T16:37:07+0800,41.041,plan_received,id=260; source=/received_global_plan; points=11; frame=wamv/wamv/base_link; world_frame=camera_init
2026-09-01T16:37:07+0800,41.142,plan_received,id=261; source=/received_global_plan; points=11; frame=wamv/wamv/base_link; world_frame=camera_init
2026-09-01T16:37:07+0800,41.242,plan_received,id=262; source=/received_global_plan; points=11; frame=wamv/wamv/base_link; world_frame=camera_init
2026-09-01T16:37:07+0800,41.342,plan_received,id=263; source=/received_global_plan; points=11; frame=wamv/wamv/base_link; world_frame=camera_init
2026-09-01T16:37:07+0800,41.442,plan_received,id=264; source=/received_global_plan; points=11; frame=wamv/wamv/base_link; world_frame=camera_init
2026-09-01T16:37:07+0800,41.542,plan_received,id=265; source=/received_global_plan; points=11; frame=wamv/wamv/base_link; world_frame=camera_init
2026-09-01T16:37:07+0800,41.642,plan_received,id=266; source=/received_global_plan; points=11; frame=wamv/wamv/base_link; world_frame=camera_init
2026-09-01T16:37:07+0800,41.742,plan_received,id=267; source=/received_global_plan; points=11; frame=wamv/wamv/base_link; world_frame=camera_init
2026-09-01T16:37:08+0800,41.842,plan_received,id=268; source=/received_global_plan; points=11; frame=wamv/wamv/base_link; world_frame=camera_init
2026-09-01T16:37:08+0800,41.942,plan_received,id=269; source=/received_global_plan; points=11; frame=wamv/wamv/base_link; world_frame=camera_init
2026-09-01T16:37:08+0800,42.042,plan_received,id=270; source=/received_global_plan; points=11; frame=wamv/wamv/base_link; world_frame=camera_init
2026-09-01T16:37:08+0800,42.142,plan_received,id=271; source=/received_global_plan; points=11; frame=wamv/wamv/base_link; world_frame=camera_init
2026-09-01T16:37:08+0800,42.242,plan_received,id=272; source=/received_global_plan; points=11; frame=wamv/wamv/base_link; world_frame=camera_init
2026-09-01T16:37:08+0800,42.341,plan_received,id=273; source=/received_global_plan; points=11; frame=wamv/wamv/base_link; world_frame=camera_init
2026-09-01T16:37:08+0800,42.442,plan_received,id=274; source=/received_global_plan; points=11; frame=wamv/wamv/base_link; world_frame=camera_init
2026-09-01T16:37:08+0800,42.542,plan_received,id=275; source=/received_global_plan; points=11; frame=wamv/wamv/base_link; world_frame=camera_init
2026-09-01T16:37:08+0800,42.642,plan_received,id=276; source=/received_global_plan; points=11; frame=wamv/wamv/base_link; world_frame=camera_init
2026-09-01T16:37:08+0800,42.742,plan_received,id=277; source=/received_global_plan; points=11; frame=wamv/wamv/base_link; world_frame=camera_init
2026-09-01T16:37:09+0800,42.842,plan_received,id=278; source=/received_global_plan; points=11; frame=wamv/wamv/base_link; world_frame=camera_init
2026-09-01T16:37:09+0800,42.943,plan_received,id=279; source=/received_global_plan; points=11; frame=wamv/wamv/base_link; world_frame=camera_init
2026-09-01T16:37:09+0800,43.042,plan_received,id=280; source=/received_global_plan; points=11; frame=wamv/wamv/base_link; world_frame=camera_init
2026-09-01T16:37:09+0800,43.142,plan_received,id=281; source=/received_global_plan; points=11; frame=wamv/wamv/base_link; world_frame=camera_init
2026-09-01T16:37:09+0800,43.242,plan_received,id=282; source=/received_global_plan; points=11; frame=wamv/wamv/base_link; world_frame=camera_init
2026-09-01T16:37:09+0800,43.342,plan_received,id=283; source=/received_global_plan; points=11; frame=wamv/wamv/base_link; world_frame=camera_init
2026-09-01T16:37:09+0800,43.442,plan_received,id=284; source=/received_global_plan; points=11; frame=wamv/wamv/base_link; world_frame=camera_init
2026-09-01T16:37:09+0800,43.542,plan_received,id=285; source=/received_global_plan; points=11; frame=wamv/wamv/base_link; world_frame=camera_init
2026-09-01T16:37:09+0800,43.642,plan_received,id=286; source=/received_global_plan; points=11; frame=wamv/wamv/base_link; world_frame=camera_init
2026-09-01T16:37:09+0800,43.742,plan_received,id=287; source=/received_global_plan; points=11; frame=wamv/wamv/base_link; world_frame=camera_init
2026-09-01T16:37:10+0800,43.842,plan_received,id=288; source=/received_global_plan; points=11; frame=wamv/wamv/base_link; world_frame=camera_init
2026-09-01T16:37:10+0800,43.942,plan_received,id=289; source=/received_global_plan; points=11; frame=wamv/wamv/base_link; world_frame=camera_init
2026-09-01T16:37:10+0800,44.042,plan_received,id=290; source=/received_global_plan; points=11; frame=wamv/wamv/base_link; world_frame=camera_init
2026-09-01T16:37:10+0800,44.141,plan_received,id=291; source=/received_global_plan; points=11; frame=wamv/wamv/base_link; world_frame=camera_init
2026-09-01T16:37:10+0800,44.242,plan_received,id=292; source=/received_global_plan; points=11; frame=wamv/wamv/base_link; world_frame=camera_init
2026-09-01T16:37:10+0800,44.342,plan_received,id=293; source=/received_global_plan; points=11; frame=wamv/wamv/base_link; world_frame=camera_init
2026-09-01T16:37:10+0800,44.442,plan_received,id=294; source=/received_global_plan; points=11; frame=wamv/wamv/base_link; world_frame=camera_init
2026-09-01T16:37:10+0800,44.542,plan_received,id=295; source=/received_global_plan; points=11; frame=wamv/wamv/base_link; world_frame=camera_init
2026-09-01T16:37:10+0800,44.642,plan_received,id=296; source=/received_global_plan; points=11; frame=wamv/wamv/base_link; world_frame=camera_init
2026-09-01T16:37:10+0800,44.658,plan_received,id=297; source=/plan; points=11; frame=camera_init; world_frame=camera_init
2026-09-01T16:37:10+0800,44.659,plan_received,id=298; source=/unsmoothed_plan; points=11; frame=camera_init; world_frame=camera_init
2026-09-01T16:37:10+0800,44.742,plan_received,id=299; source=/received_global_plan; points=11; frame=wamv/wamv/base_link; world_frame=camera_init
2026-09-01T16:37:11+0800,44.842,plan_received,id=300; source=/received_global_plan; points=11; frame=wamv/wamv/base_link; world_frame=camera_init
2026-09-01T16:37:11+0800,44.942,plan_received,id=301; source=/received_global_plan; points=11; frame=wamv/wamv/base_link; world_frame=camera_init
2026-09-01T16:37:11+0800,45.044,plan_received,id=302; source=/received_global_plan; points=11; frame=wamv/wamv/base_link; world_frame=camera_init
2026-09-01T16:37:11+0800,45.142,plan_received,id=303; source=/received_global_plan; points=11; frame=wamv/wamv/base_link; world_frame=camera_init
2026-09-01T16:37:11+0800,45.242,plan_received,id=304; source=/received_global_plan; points=11; frame=wamv/wamv/base_link; world_frame=camera_init
2026-09-01T16:37:11+0800,45.341,plan_received,id=305; source=/received_global_plan; points=11; frame=wamv/wamv/base_link; world_frame=camera_init
2026-09-01T16:37:11+0800,45.442,plan_received,id=306; source=/received_global_plan; points=11; frame=wamv/wamv/base_link; world_frame=camera_init
2026-09-01T16:37:11+0800,45.542,plan_received,id=307; source=/received_global_plan; points=11; frame=wamv/wamv/base_link; world_frame=camera_init
2026-09-01T16:37:11+0800,45.641,plan_received,id=308; source=/received_global_plan; points=11; frame=wamv/wamv/base_link; world_frame=camera_init
2026-09-01T16:37:11+0800,45.741,plan_received,id=309; source=/received_global_plan; points=11; frame=wamv/wamv/base_link; world_frame=camera_init
2026-09-01T16:37:12+0800,45.842,plan_received,id=310; source=/received_global_plan; points=11; frame=wamv/wamv/base_link; world_frame=camera_init
2026-09-01T16:37:12+0800,45.942,plan_received,id=311; source=/received_global_plan; points=11; frame=wamv/wamv/base_link; world_frame=camera_init
2026-09-01T16:37:12+0800,46.041,plan_received,id=312; source=/received_global_plan; points=11; frame=wamv/wamv/base_link; world_frame=camera_init
2026-09-01T16:37:12+0800,46.141,plan_received,id=313; source=/received_global_plan; points=11; frame=wamv/wamv/base_link; world_frame=camera_init
2026-09-01T16:37:12+0800,46.242,plan_received,id=314; source=/received_global_plan; points=11; frame=wamv/wamv/base_link; world_frame=camera_init
2026-09-01T16:37:12+0800,46.342,plan_received,id=315; source=/received_global_plan; points=11; frame=wamv/wamv/base_link; world_frame=camera_init
2026-09-01T16:37:12+0800,46.442,plan_received,id=316; source=/received_global_plan; points=11; frame=wamv/wamv/base_link; world_frame=camera_init
2026-09-01T16:37:12+0800,46.541,plan_received,id=317; source=/received_global_plan; points=11; frame=wamv/wamv/base_link; world_frame=camera_init
2026-09-01T16:37:12+0800,46.642,plan_received,id=318; source=/received_global_plan; points=11; frame=wamv/wamv/base_link; world_frame=camera_init
2026-09-01T16:37:12+0800,46.741,plan_received,id=319; source=/received_global_plan; points=11; frame=wamv/wamv/base_link; world_frame=camera_init
2026-09-01T16:37:13+0800,46.842,plan_received,id=320; source=/received_global_plan; points=11; frame=wamv/wamv/base_link; world_frame=camera_init
2026-09-01T16:37:13+0800,46.942,plan_received,id=321; source=/received_global_plan; points=11; frame=wamv/wamv/base_link; world_frame=camera_init
2026-09-01T16:37:13+0800,47.042,plan_received,id=322; source=/received_global_plan; points=11; frame=wamv/wamv/base_link; world_frame=camera_init
2026-09-01T16:37:13+0800,47.142,plan_received,id=323; source=/received_global_plan; points=11; frame=wamv/wamv/base_link; world_frame=camera_init
2026-09-01T16:37:13+0800,47.242,plan_received,id=324; source=/received_global_plan; points=11; frame=wamv/wamv/base_link; world_frame=camera_init
2026-09-01T16:37:13+0800,47.342,plan_received,id=325; source=/received_global_plan; points=11; frame=wamv/wamv/base_link; world_frame=camera_init
2026-09-01T16:37:13+0800,47.442,plan_received,id=326; source=/received_global_plan; points=11; frame=wamv/wamv/base_link; world_frame=camera_init
2026-09-01T16:37:13+0800,47.542,plan_received,id=327; source=/received_global_plan; points=11; frame=wamv/wamv/base_link; world_frame=camera_init
2026-09-01T16:37:13+0800,47.642,plan_received,id=328; source=/received_global_plan; points=11; frame=wamv/wamv/base_link; world_frame=camera_init
2026-09-01T16:37:13+0800,47.741,plan_received,id=329; source=/received_global_plan; points=11; frame=wamv/wamv/base_link; world_frame=camera_init
2026-09-01T16:37:14+0800,47.842,plan_received,id=330; source=/received_global_plan; points=11; frame=wamv/wamv/base_link; world_frame=camera_init
2026-09-01T16:37:14+0800,47.942,plan_received,id=331; source=/received_global_plan; points=11; frame=wamv/wamv/base_link; world_frame=camera_init
2026-09-01T16:37:14+0800,48.042,plan_received,id=332; source=/received_global_plan; points=11; frame=wamv/wamv/base_link; world_frame=camera_init
2026-09-01T16:37:14+0800,48.142,plan_received,id=333; source=/received_global_plan; points=11; frame=wamv/wamv/base_link; world_frame=camera_init
2026-09-01T16:37:14+0800,48.241,plan_received,id=334; source=/received_global_plan; points=11; frame=wamv/wamv/base_link; world_frame=camera_init
2026-09-01T16:37:14+0800,48.342,plan_received,id=335; source=/received_global_plan; points=11; frame=wamv/wamv/base_link; world_frame=camera_init
2026-09-01T16:37:14+0800,48.442,plan_received,id=336; source=/received_global_plan; points=11; frame=wamv/wamv/base_link; world_frame=camera_init
2026-09-01T16:37:14+0800,48.542,plan_received,id=337; source=/received_global_plan; points=11; frame=wamv/wamv/base_link; world_frame=camera_init
2026-09-01T16:37:14+0800,48.642,plan_received,id=338; source=/received_global_plan; points=11; frame=wamv/wamv/base_link; world_frame=camera_init
2026-09-01T16:37:14+0800,48.685,plan_received,id=339; source=/plan; points=11; frame=camera_init; world_frame=camera_init
2026-09-01T16:37:14+0800,48.686,plan_received,id=340; source=/unsmoothed_plan; points=11; frame=camera_init; world_frame=camera_init
2026-09-01T16:37:14+0800,48.742,plan_received,id=341; source=/received_global_plan; points=11; frame=wamv/wamv/base_link; world_frame=camera_init
2026-09-01T16:37:15+0800,48.842,plan_received,id=342; source=/received_global_plan; points=11; frame=wamv/wamv/base_link; world_frame=camera_init
2026-09-01T16:37:15+0800,48.942,plan_received,id=343; source=/received_global_plan; points=11; frame=wamv/wamv/base_link; world_frame=camera_init
2026-09-01T16:37:15+0800,49.042,plan_received,id=344; source=/received_global_plan; points=11; frame=wamv/wamv/base_link; world_frame=camera_init
2026-09-01T16:37:15+0800,49.142,plan_received,id=345; source=/received_global_plan; points=11; frame=wamv/wamv/base_link; world_frame=camera_init
2026-09-01T16:37:15+0800,49.242,plan_received,id=346; source=/received_global_plan; points=11; frame=wamv/wamv/base_link; world_frame=camera_init
2026-09-01T16:37:17+0800,51.681,plan_received,id=347; source=/unsmoothed_plan; points=18; frame=camera_init; world_frame=camera_init
2026-09-01T16:37:17+0800,51.682,plan_received,id=348; source=/plan; points=18; frame=camera_init; world_frame=camera_init
2026-09-01T16:37:17+0800,51.701,plan_received,id=349; source=/received_global_plan; points=18; frame=wamv/wamv/base_link; world_frame=camera_init
2026-09-01T16:37:17+0800,51.802,plan_received,id=350; source=/received_global_plan; points=18; frame=wamv/wamv/base_link; world_frame=camera_init
2026-09-01T16:37:18+0800,51.901,plan_received,id=351; source=/received_global_plan; points=18; frame=wamv/wamv/base_link; world_frame=camera_init
2026-09-01T16:37:18+0800,52.002,plan_received,id=352; source=/received_global_plan; points=18; frame=wamv/wamv/base_link; world_frame=camera_init
2026-09-01T16:37:18+0800,52.101,plan_received,id=353; source=/received_global_plan; points=18; frame=wamv/wamv/base_link; world_frame=camera_init
2026-09-01T16:37:18+0800,52.201,plan_received,id=354; source=/received_global_plan; points=18; frame=wamv/wamv/base_link; world_frame=camera_init
2026-09-01T16:37:18+0800,52.302,plan_received,id=355; source=/received_global_plan; points=18; frame=wamv/wamv/base_link; world_frame=camera_init
2026-09-01T16:37:18+0800,52.401,plan_received,id=356; source=/received_global_plan; points=18; frame=wamv/wamv/base_link; world_frame=camera_init
2026-09-01T16:37:18+0800,52.501,plan_received,id=357; source=/received_global_plan; points=18; frame=wamv/wamv/base_link; world_frame=camera_init
2026-09-01T16:37:18+0800,52.601,plan_received,id=358; source=/received_global_plan; points=18; frame=wamv/wamv/base_link; world_frame=camera_init
2026-09-01T16:37:18+0800,52.702,plan_received,id=359; source=/received_global_plan; points=18; frame=wamv/wamv/base_link; world_frame=camera_init
2026-09-01T16:37:18+0800,52.801,plan_received,id=360; source=/received_global_plan; points=18; frame=wamv/wamv/base_link; world_frame=camera_init
2026-09-01T16:37:19+0800,52.901,plan_received,id=361; source=/received_global_plan; points=18; frame=wamv/wamv/base_link; world_frame=camera_init
2026-09-01T16:37:19+0800,53.000,plan_received,id=362; source=/received_global_plan; points=18; frame=wamv/wamv/base_link; world_frame=camera_init
2026-09-01T16:37:19+0800,53.101,plan_received,id=363; source=/received_global_plan; points=18; frame=wamv/wamv/base_link; world_frame=camera_init
2026-09-01T16:37:19+0800,53.201,plan_received,id=364; source=/received_global_plan; points=18; frame=wamv/wamv/base_link; world_frame=camera_init
2026-09-01T16:37:19+0800,53.302,plan_received,id=365; source=/received_global_plan; points=18; frame=wamv/wamv/base_link; world_frame=camera_init
2026-09-01T16:37:19+0800,53.401,plan_received,id=366; source=/received_global_plan; points=18; frame=wamv/wamv/base_link; world_frame=camera_init
2026-09-01T16:37:19+0800,53.501,plan_received,id=367; source=/received_global_plan; points=18; frame=wamv/wamv/base_link; world_frame=camera_init
2026-09-01T16:37:19+0800,53.601,plan_received,id=368; source=/received_global_plan; points=18; frame=wamv/wamv/base_link; world_frame=camera_init
2026-09-01T16:37:19+0800,53.700,plan_received,id=369; source=/received_global_plan; points=18; frame=wamv/wamv/base_link; world_frame=camera_init
2026-09-01T16:37:19+0800,53.801,plan_received,id=370; source=/received_global_plan; points=18; frame=wamv/wamv/base_link; world_frame=camera_init
2026-09-01T16:37:20+0800,53.901,plan_received,id=371; source=/received_global_plan; points=18; frame=wamv/wamv/base_link; world_frame=camera_init
2026-09-01T16:37:20+0800,54.001,plan_received,id=372; source=/received_global_plan; points=18; frame=wamv/wamv/base_link; world_frame=camera_init
2026-09-01T16:37:20+0800,54.102,plan_received,id=373; source=/received_global_plan; points=18; frame=wamv/wamv/base_link; world_frame=camera_init
2026-09-01T16:37:20+0800,54.201,plan_received,id=374; source=/received_global_plan; points=18; frame=wamv/wamv/base_link; world_frame=camera_init
2026-09-01T16:37:20+0800,54.301,plan_received,id=375; source=/received_global_plan; points=18; frame=wamv/wamv/base_link; world_frame=camera_init
2026-09-01T16:37:20+0800,54.402,plan_received,id=376; source=/received_global_plan; points=18; frame=wamv/wamv/base_link; world_frame=camera_init
2026-09-01T16:37:20+0800,54.501,plan_received,id=377; source=/received_global_plan; points=18; frame=wamv/wamv/base_link; world_frame=camera_init
2026-09-01T16:37:20+0800,54.601,plan_received,id=378; source=/received_global_plan; points=18; frame=wamv/wamv/base_link; world_frame=camera_init
2026-09-01T16:37:20+0800,54.701,plan_received,id=379; source=/received_global_plan; points=18; frame=wamv/wamv/base_link; world_frame=camera_init
2026-09-01T16:37:20+0800,54.801,plan_received,id=380; source=/received_global_plan; points=18; frame=wamv/wamv/base_link; world_frame=camera_init
2026-09-01T16:37:21+0800,54.902,plan_received,id=381; source=/received_global_plan; points=18; frame=wamv/wamv/base_link; world_frame=camera_init
2026-09-01T16:37:21+0800,55.000,plan_received,id=382; source=/received_global_plan; points=18; frame=wamv/wamv/base_link; world_frame=camera_init
2026-09-01T16:37:21+0800,55.100,plan_received,id=383; source=/received_global_plan; points=18; frame=wamv/wamv/base_link; world_frame=camera_init
2026-09-01T16:37:21+0800,55.201,plan_received,id=384; source=/received_global_plan; points=18; frame=wamv/wamv/base_link; world_frame=camera_init
2026-09-01T16:37:21+0800,55.301,plan_received,id=385; source=/received_global_plan; points=18; frame=wamv/wamv/base_link; world_frame=camera_init
2026-09-01T16:37:21+0800,55.401,plan_received,id=386; source=/received_global_plan; points=18; frame=wamv/wamv/base_link; world_frame=camera_init
2026-09-01T16:37:21+0800,55.501,plan_received,id=387; source=/received_global_plan; points=18; frame=wamv/wamv/base_link; world_frame=camera_init
2026-09-01T16:37:21+0800,55.601,plan_received,id=388; source=/received_global_plan; points=18; frame=wamv/wamv/base_link; world_frame=camera_init
2026-09-01T16:37:21+0800,55.701,plan_received,id=389; source=/received_global_plan; points=18; frame=wamv/wamv/base_link; world_frame=camera_init
2026-09-01T16:37:21+0800,55.713,plan_received,id=390; source=/plan; points=11; frame=camera_init; world_frame=camera_init
2026-09-01T16:37:21+0800,55.714,plan_received,id=391; source=/unsmoothed_plan; points=11; frame=camera_init; world_frame=camera_init
2026-09-01T16:37:21+0800,55.801,plan_received,id=392; source=/received_global_plan; points=11; frame=wamv/wamv/base_link; world_frame=camera_init
2026-09-01T16:37:22+0800,55.901,plan_received,id=393; source=/received_global_plan; points=11; frame=wamv/wamv/base_link; world_frame=camera_init
2026-09-01T16:37:22+0800,56.001,plan_received,id=394; source=/received_global_plan; points=11; frame=wamv/wamv/base_link; world_frame=camera_init
2026-09-01T16:37:22+0800,56.101,plan_received,id=395; source=/received_global_plan; points=11; frame=wamv/wamv/base_link; world_frame=camera_init
2026-09-01T16:37:22+0800,56.201,plan_received,id=396; source=/received_global_plan; points=11; frame=wamv/wamv/base_link; world_frame=camera_init
2026-09-01T16:37:22+0800,56.301,plan_received,id=397; source=/received_global_plan; points=11; frame=wamv/wamv/base_link; world_frame=camera_init
2026-09-01T16:37:22+0800,56.401,plan_received,id=398; source=/received_global_plan; points=11; frame=wamv/wamv/base_link; world_frame=camera_init
2026-09-01T16:37:22+0800,56.501,plan_received,id=399; source=/received_global_plan; points=11; frame=wamv/wamv/base_link; world_frame=camera_init
2026-09-01T16:37:22+0800,56.601,plan_received,id=400; source=/received_global_plan; points=11; frame=wamv/wamv/base_link; world_frame=camera_init
2026-09-01T16:37:22+0800,56.701,plan_received,id=401; source=/received_global_plan; points=11; frame=wamv/wamv/base_link; world_frame=camera_init
2026-09-01T16:37:22+0800,56.801,plan_received,id=402; source=/received_global_plan; points=11; frame=wamv/wamv/base_link; world_frame=camera_init
2026-09-01T16:37:23+0800,56.901,plan_received,id=403; source=/received_global_plan; points=11; frame=wamv/wamv/base_link; world_frame=camera_init
2026-09-01T16:37:23+0800,57.001,plan_received,id=404; source=/received_global_plan; points=11; frame=wamv/wamv/base_link; world_frame=camera_init
2026-09-01T16:37:23+0800,57.101,plan_received,id=405; source=/received_global_plan; points=11; frame=wamv/wamv/base_link; world_frame=camera_init
2026-09-01T16:37:23+0800,57.201,plan_received,id=406; source=/received_global_plan; points=11; frame=wamv/wamv/base_link; world_frame=camera_init
2026-09-01T16:37:23+0800,57.301,plan_received,id=407; source=/received_global_plan; points=11; frame=wamv/wamv/base_link; world_frame=camera_init
2026-09-01T16:37:23+0800,57.400,plan_received,id=408; source=/received_global_plan; points=11; frame=wamv/wamv/base_link; world_frame=camera_init
2026-09-01T16:37:23+0800,57.500,plan_received,id=409; source=/received_global_plan; points=11; frame=wamv/wamv/base_link; world_frame=camera_init
2026-09-01T16:37:23+0800,57.600,plan_received,id=410; source=/received_global_plan; points=11; frame=wamv/wamv/base_link; world_frame=camera_init
2026-09-01T16:37:23+0800,57.700,plan_received,id=411; source=/received_global_plan; points=11; frame=wamv/wamv/base_link; world_frame=camera_init
2026-09-01T16:37:23+0800,57.802,plan_received,id=412; source=/received_global_plan; points=11; frame=wamv/wamv/base_link; world_frame=camera_init
2026-09-01T16:37:24+0800,57.901,plan_received,id=413; source=/received_global_plan; points=11; frame=wamv/wamv/base_link; world_frame=camera_init
2026-09-01T16:37:24+0800,58.002,plan_received,id=414; source=/received_global_plan; points=11; frame=wamv/wamv/base_link; world_frame=camera_init
2026-09-01T16:37:24+0800,58.101,plan_received,id=415; source=/received_global_plan; points=11; frame=wamv/wamv/base_link; world_frame=camera_init
2026-09-01T16:37:24+0800,58.200,plan_received,id=416; source=/received_global_plan; points=11; frame=wamv/wamv/base_link; world_frame=camera_init
2026-09-01T16:37:24+0800,58.301,plan_received,id=417; source=/received_global_plan; points=11; frame=wamv/wamv/base_link; world_frame=camera_init
2026-09-01T16:37:24+0800,58.401,plan_received,id=418; source=/received_global_plan; points=11; frame=wamv/wamv/base_link; world_frame=camera_init
2026-09-01T16:37:24+0800,58.501,plan_received,id=419; source=/received_global_plan; points=11; frame=wamv/wamv/base_link; world_frame=camera_init
2026-09-01T16:37:24+0800,58.601,plan_received,id=420; source=/received_global_plan; points=11; frame=wamv/wamv/base_link; world_frame=camera_init
2026-09-01T16:37:24+0800,58.701,plan_received,id=421; source=/received_global_plan; points=11; frame=wamv/wamv/base_link; world_frame=camera_init
2026-09-01T16:37:24+0800,58.801,plan_received,id=422; source=/received_global_plan; points=11; frame=wamv/wamv/base_link; world_frame=camera_init
2026-09-01T16:37:25+0800,58.902,plan_received,id=423; source=/received_global_plan; points=11; frame=wamv/wamv/base_link; world_frame=camera_init
2026-09-01T16:37:25+0800,59.002,plan_received,id=424; source=/received_global_plan; points=11; frame=wamv/wamv/base_link; world_frame=camera_init
2026-09-01T16:37:25+0800,59.101,plan_received,id=425; source=/received_global_plan; points=11; frame=wamv/wamv/base_link; world_frame=camera_init
2026-09-01T16:37:25+0800,59.201,plan_received,id=426; source=/received_global_plan; points=11; frame=wamv/wamv/base_link; world_frame=camera_init
2026-09-01T16:37:25+0800,59.301,plan_received,id=427; source=/received_global_plan; points=11; frame=wamv/wamv/base_link; world_frame=camera_init
2026-09-01T16:37:25+0800,59.401,plan_received,id=428; source=/received_global_plan; points=11; frame=wamv/wamv/base_link; world_frame=camera_init
2026-09-01T16:37:25+0800,59.501,plan_received,id=429; source=/received_global_plan; points=11; frame=wamv/wamv/base_link; world_frame=camera_init
2026-09-01T16:37:25+0800,59.601,plan_received,id=430; source=/received_global_plan; points=11; frame=wamv/wamv/base_link; world_frame=camera_init
2026-09-01T16:37:25+0800,59.702,plan_received,id=431; source=/received_global_plan; points=11; frame=wamv/wamv/base_link; world_frame=camera_init
2026-09-01T16:37:25+0800,59.744,plan_received,id=432; source=/plan; points=11; frame=camera_init; world_frame=camera_init
2026-09-01T16:37:25+0800,59.745,plan_received,id=433; source=/unsmoothed_plan; points=11; frame=camera_init; world_frame=camera_init
2026-09-01T16:37:25+0800,59.801,plan_received,id=434; source=/received_global_plan; points=11; frame=wamv/wamv/base_link; world_frame=camera_init
2026-09-01T16:37:26+0800,59.901,plan_received,id=435; source=/received_global_plan; points=11; frame=wamv/wamv/base_link; world_frame=camera_init
2026-09-01T16:37:26+0800,60.002,plan_received,id=436; source=/received_global_plan; points=11; frame=wamv/wamv/base_link; world_frame=camera_init
2026-09-01T16:37:26+0800,60.101,plan_received,id=437; source=/received_global_plan; points=11; frame=wamv/wamv/base_link; world_frame=camera_init
2026-09-01T16:37:26+0800,60.201,plan_received,id=438; source=/received_global_plan; points=11; frame=wamv/wamv/base_link; world_frame=camera_init
2026-09-01T16:37:26+0800,60.301,plan_received,id=439; source=/received_global_plan; points=11; frame=wamv/wamv/base_link; world_frame=camera_init
2026-09-01T16:37:26+0800,60.401,plan_received,id=440; source=/received_global_plan; points=11; frame=wamv/wamv/base_link; world_frame=camera_init
2026-09-01T16:37:26+0800,60.501,plan_received,id=441; source=/received_global_plan; points=11; frame=wamv/wamv/base_link; world_frame=camera_init
2026-09-01T16:37:26+0800,60.601,plan_received,id=442; source=/received_global_plan; points=11; frame=wamv/wamv/base_link; world_frame=camera_init
2026-09-01T16:37:26+0800,60.701,plan_received,id=443; source=/received_global_plan; points=11; frame=wamv/wamv/base_link; world_frame=camera_init
2026-09-01T16:37:27+0800,60.832,plan_received,id=444; source=/received_global_plan; points=11; frame=wamv/wamv/base_link; world_frame=camera_init
2026-09-01T16:37:27+0800,60.922,plan_received,id=445; source=/received_global_plan; points=11; frame=wamv/wamv/base_link; world_frame=camera_init
2026-09-01T16:37:27+0800,61.021,plan_received,id=446; source=/received_global_plan; points=11; frame=wamv/wamv/base_link; world_frame=camera_init
2026-09-01T16:37:27+0800,61.122,plan_received,id=447; source=/received_global_plan; points=11; frame=wamv/wamv/base_link; world_frame=camera_init
2026-09-01T16:37:27+0800,61.221,plan_received,id=448; source=/received_global_plan; points=11; frame=wamv/wamv/base_link; world_frame=camera_init
2026-09-01T16:37:27+0800,61.322,plan_received,id=449; source=/received_global_plan; points=11; frame=wamv/wamv/base_link; world_frame=camera_init
2026-09-01T16:37:27+0800,61.422,plan_received,id=450; source=/received_global_plan; points=11; frame=wamv/wamv/base_link; world_frame=camera_init
2026-09-01T16:37:27+0800,61.521,plan_received,id=451; source=/received_global_plan; points=11; frame=wamv/wamv/base_link; world_frame=camera_init
2026-09-01T16:37:27+0800,61.622,plan_received,id=452; source=/received_global_plan; points=11; frame=wamv/wamv/base_link; world_frame=camera_init
2026-09-01T16:37:27+0800,61.721,plan_received,id=453; source=/received_global_plan; points=11; frame=wamv/wamv/base_link; world_frame=camera_init
2026-09-01T16:37:28+0800,61.821,plan_received,id=454; source=/received_global_plan; points=11; frame=wamv/wamv/base_link; world_frame=camera_init
2026-09-01T16:37:28+0800,61.921,plan_received,id=455; source=/received_global_plan; points=11; frame=wamv/wamv/base_link; world_frame=camera_init
2026-09-01T16:37:28+0800,62.022,plan_received,id=456; source=/received_global_plan; points=11; frame=wamv/wamv/base_link; world_frame=camera_init
2026-09-01T16:37:28+0800,62.121,plan_received,id=457; source=/received_global_plan; points=11; frame=wamv/wamv/base_link; world_frame=camera_init
2026-09-01T16:37:28+0800,62.221,plan_received,id=458; source=/received_global_plan; points=11; frame=wamv/wamv/base_link; world_frame=camera_init
2026-09-01T16:37:28+0800,62.322,plan_received,id=459; source=/received_global_plan; points=11; frame=wamv/wamv/base_link; world_frame=camera_init
2026-09-01T16:37:28+0800,62.421,plan_received,id=460; source=/received_global_plan; points=11; frame=wamv/wamv/base_link; world_frame=camera_init
2026-09-01T16:37:28+0800,62.522,plan_received,id=461; source=/received_global_plan; points=11; frame=wamv/wamv/base_link; world_frame=camera_init
2026-09-01T16:37:28+0800,62.621,plan_received,id=462; source=/received_global_plan; points=11; frame=wamv/wamv/base_link; world_frame=camera_init
2026-09-01T16:37:28+0800,62.722,plan_received,id=463; source=/received_global_plan; points=11; frame=wamv/wamv/base_link; world_frame=camera_init
2026-09-01T16:37:29+0800,62.822,plan_received,id=464; source=/received_global_plan; points=11; frame=wamv/wamv/base_link; world_frame=camera_init
2026-09-01T16:37:29+0800,62.921,plan_received,id=465; source=/received_global_plan; points=11; frame=wamv/wamv/base_link; world_frame=camera_init
2026-09-01T16:37:29+0800,63.021,plan_received,id=466; source=/received_global_plan; points=11; frame=wamv/wamv/base_link; world_frame=camera_init
2026-09-01T16:37:29+0800,63.121,plan_received,id=467; source=/received_global_plan; points=11; frame=wamv/wamv/base_link; world_frame=camera_init
2026-09-01T16:37:29+0800,63.221,plan_received,id=468; source=/received_global_plan; points=11; frame=wamv/wamv/base_link; world_frame=camera_init
2026-09-01T16:37:29+0800,63.321,plan_received,id=469; source=/received_global_plan; points=11; frame=wamv/wamv/base_link; world_frame=camera_init
2026-09-01T16:37:29+0800,63.421,plan_received,id=470; source=/received_global_plan; points=11; frame=wamv/wamv/base_link; world_frame=camera_init
2026-09-01T16:37:29+0800,63.521,plan_received,id=471; source=/received_global_plan; points=11; frame=wamv/wamv/base_link; world_frame=camera_init
2026-09-01T16:37:29+0800,63.621,plan_received,id=472; source=/received_global_plan; points=11; frame=wamv/wamv/base_link; world_frame=camera_init
2026-09-01T16:37:29+0800,63.721,plan_received,id=473; source=/received_global_plan; points=11; frame=wamv/wamv/base_link; world_frame=camera_init
2026-09-01T16:37:29+0800,63.771,plan_received,id=474; source=/unsmoothed_plan; points=11; frame=camera_init; world_frame=camera_init
2026-09-01T16:37:29+0800,63.772,plan_received,id=475; source=/plan; points=11; frame=camera_init; world_frame=camera_init
2026-09-01T16:37:30+0800,63.821,plan_received,id=476; source=/received_global_plan; points=11; frame=wamv/wamv/base_link; world_frame=camera_init
2026-09-01T16:37:30+0800,63.921,plan_received,id=477; source=/received_global_plan; points=11; frame=wamv/wamv/base_link; world_frame=camera_init
2026-09-01T16:37:30+0800,64.022,plan_received,id=478; source=/received_global_plan; points=11; frame=wamv/wamv/base_link; world_frame=camera_init
2026-09-01T16:37:30+0800,64.121,plan_received,id=479; source=/received_global_plan; points=11; frame=wamv/wamv/base_link; world_frame=camera_init
2026-09-01T16:37:30+0800,64.221,plan_received,id=480; source=/received_global_plan; points=11; frame=wamv/wamv/base_link; world_frame=camera_init
2026-09-01T16:37:30+0800,64.321,plan_received,id=481; source=/received_global_plan; points=11; frame=wamv/wamv/base_link; world_frame=camera_init
2026-09-01T16:37:30+0800,64.421,plan_received,id=482; source=/received_global_plan; points=11; frame=wamv/wamv/base_link; world_frame=camera_init
2026-09-01T16:37:30+0800,64.522,plan_received,id=483; source=/received_global_plan; points=11; frame=wamv/wamv/base_link; world_frame=camera_init
2026-09-01T16:37:30+0800,64.621,plan_received,id=484; source=/received_global_plan; points=11; frame=wamv/wamv/base_link; world_frame=camera_init
2026-09-01T16:37:30+0800,64.721,plan_received,id=485; source=/received_global_plan; points=11; frame=wamv/wamv/base_link; world_frame=camera_init
2026-09-01T16:37:31+0800,64.821,plan_received,id=486; source=/received_global_plan; points=11; frame=wamv/wamv/base_link; world_frame=camera_init
2026-09-01T16:37:31+0800,64.921,plan_received,id=487; source=/received_global_plan; points=11; frame=wamv/wamv/base_link; world_frame=camera_init
2026-09-01T16:37:31+0800,65.022,plan_received,id=488; source=/received_global_plan; points=11; frame=wamv/wamv/base_link; world_frame=camera_init
2026-09-01T16:37:31+0800,65.121,plan_received,id=489; source=/received_global_plan; points=11; frame=wamv/wamv/base_link; world_frame=camera_init
2026-09-01T16:37:31+0800,65.221,plan_received,id=490; source=/received_global_plan; points=11; frame=wamv/wamv/base_link; world_frame=camera_init
2026-09-01T16:37:31+0800,65.321,plan_received,id=491; source=/received_global_plan; points=11; frame=wamv/wamv/base_link; world_frame=camera_init
2026-09-01T16:37:31+0800,65.422,plan_received,id=492; source=/received_global_plan; points=11; frame=wamv/wamv/base_link; world_frame=camera_init
2026-09-01T16:37:31+0800,65.522,plan_received,id=493; source=/received_global_plan; points=11; frame=wamv/wamv/base_link; world_frame=camera_init
2026-09-01T16:37:31+0800,65.621,plan_received,id=494; source=/received_global_plan; points=11; frame=wamv/wamv/base_link; world_frame=camera_init
2026-09-01T16:37:31+0800,65.721,plan_received,id=495; source=/received_global_plan; points=11; frame=wamv/wamv/base_link; world_frame=camera_init
2026-09-01T16:37:32+0800,65.821,plan_received,id=496; source=/received_global_plan; points=11; frame=wamv/wamv/base_link; world_frame=camera_init
2026-09-01T16:37:32+0800,65.921,plan_received,id=497; source=/received_global_plan; points=11; frame=wamv/wamv/base_link; world_frame=camera_init
2026-09-01T16:37:32+0800,66.021,plan_received,id=498; source=/received_global_plan; points=11; frame=wamv/wamv/base_link; world_frame=camera_init
2026-09-01T16:37:32+0800,66.121,plan_received,id=499; source=/received_global_plan; points=11; frame=wamv/wamv/base_link; world_frame=camera_init
2026-09-01T16:37:32+0800,66.221,plan_received,id=500; source=/received_global_plan; points=11; frame=wamv/wamv/base_link; world_frame=camera_init
2026-09-01T16:37:32+0800,66.321,plan_received,id=501; source=/received_global_plan; points=11; frame=wamv/wamv/base_link; world_frame=camera_init
2026-09-01T16:37:32+0800,66.421,plan_received,id=502; source=/received_global_plan; points=11; frame=wamv/wamv/base_link; world_frame=camera_init
2026-09-01T16:37:32+0800,66.521,plan_received,id=503; source=/received_global_plan; points=11; frame=wamv/wamv/base_link; world_frame=camera_init
2026-09-01T16:37:32+0800,66.621,plan_received,id=504; source=/received_global_plan; points=11; frame=wamv/wamv/base_link; world_frame=camera_init
2026-09-01T16:37:32+0800,66.721,plan_received,id=505; source=/received_global_plan; points=11; frame=wamv/wamv/base_link; world_frame=camera_init
2026-09-01T16:37:33+0800,66.822,plan_received,id=506; source=/received_global_plan; points=11; frame=wamv/wamv/base_link; world_frame=camera_init
2026-09-01T16:37:33+0800,66.921,plan_received,id=507; source=/received_global_plan; points=11; frame=wamv/wamv/base_link; world_frame=camera_init
2026-09-01T16:37:33+0800,67.021,plan_received,id=508; source=/received_global_plan; points=11; frame=wamv/wamv/base_link; world_frame=camera_init
2026-09-01T16:37:33+0800,67.122,plan_received,id=509; source=/received_global_plan; points=11; frame=wamv/wamv/base_link; world_frame=camera_init
2026-09-01T16:37:33+0800,67.221,plan_received,id=510; source=/received_global_plan; points=11; frame=wamv/wamv/base_link; world_frame=camera_init
2026-09-01T16:37:33+0800,67.322,plan_received,id=511; source=/received_global_plan; points=11; frame=wamv/wamv/base_link; world_frame=camera_init
2026-09-01T16:37:33+0800,67.422,plan_received,id=512; source=/received_global_plan; points=11; frame=wamv/wamv/base_link; world_frame=camera_init
2026-09-01T16:37:33+0800,67.521,plan_received,id=513; source=/received_global_plan; points=11; frame=wamv/wamv/base_link; world_frame=camera_init
2026-09-01T16:37:33+0800,67.622,plan_received,id=514; source=/received_global_plan; points=11; frame=wamv/wamv/base_link; world_frame=camera_init
2026-09-01T16:37:33+0800,67.721,plan_received,id=515; source=/received_global_plan; points=11; frame=wamv/wamv/base_link; world_frame=camera_init
2026-09-01T16:37:33+0800,67.799,plan_received,id=516; source=/plan; points=17; frame=camera_init; world_frame=camera_init
2026-09-01T16:37:33+0800,67.800,plan_received,id=517; source=/unsmoothed_plan; points=17; frame=camera_init; world_frame=camera_init
2026-09-01T16:37:34+0800,67.822,plan_received,id=518; source=/received_global_plan; points=17; frame=wamv/wamv/base_link; world_frame=camera_init
2026-09-01T16:37:34+0800,67.921,plan_received,id=519; source=/received_global_plan; points=17; frame=wamv/wamv/base_link; world_frame=camera_init
2026-09-01T16:37:34+0800,68.021,plan_received,id=520; source=/received_global_plan; points=17; frame=wamv/wamv/base_link; world_frame=camera_init
2026-09-01T16:37:34+0800,68.121,plan_received,id=521; source=/received_global_plan; points=17; frame=wamv/wamv/base_link; world_frame=camera_init
2026-09-01T16:37:34+0800,68.222,plan_received,id=522; source=/received_global_plan; points=17; frame=wamv/wamv/base_link; world_frame=camera_init
2026-09-01T16:37:34+0800,68.322,plan_received,id=523; source=/received_global_plan; points=17; frame=wamv/wamv/base_link; world_frame=camera_init
2026-09-01T16:37:34+0800,68.422,plan_received,id=524; source=/received_global_plan; points=17; frame=wamv/wamv/base_link; world_frame=camera_init
2026-09-01T16:37:34+0800,68.521,plan_received,id=525; source=/received_global_plan; points=17; frame=wamv/wamv/base_link; world_frame=camera_init
2026-09-01T16:37:34+0800,68.621,plan_received,id=526; source=/received_global_plan; points=17; frame=wamv/wamv/base_link; world_frame=camera_init
2026-09-01T16:37:34+0800,68.722,plan_received,id=527; source=/received_global_plan; points=17; frame=wamv/wamv/base_link; world_frame=camera_init
2026-09-01T16:37:35+0800,68.822,plan_received,id=528; source=/received_global_plan; points=17; frame=wamv/wamv/base_link; world_frame=camera_init
2026-09-01T16:37:35+0800,68.922,plan_received,id=529; source=/received_global_plan; points=17; frame=wamv/wamv/base_link; world_frame=camera_init
2026-09-01T16:37:35+0800,69.022,plan_received,id=530; source=/received_global_plan; points=17; frame=wamv/wamv/base_link; world_frame=camera_init
2026-09-01T16:37:35+0800,69.122,plan_received,id=531; source=/received_global_plan; points=17; frame=wamv/wamv/base_link; world_frame=camera_init
2026-09-01T16:37:35+0800,69.221,plan_received,id=532; source=/received_global_plan; points=17; frame=wamv/wamv/base_link; world_frame=camera_init
2026-09-01T16:37:35+0800,69.322,plan_received,id=533; source=/received_global_plan; points=17; frame=wamv/wamv/base_link; world_frame=camera_init
2026-09-01T16:37:35+0800,69.423,plan_received,id=534; source=/received_global_plan; points=17; frame=wamv/wamv/base_link; world_frame=camera_init
2026-09-01T16:37:35+0800,69.521,plan_received,id=535; source=/received_global_plan; points=17; frame=wamv/wamv/base_link; world_frame=camera_init
2026-09-01T16:37:35+0800,69.622,plan_received,id=536; source=/received_global_plan; points=17; frame=wamv/wamv/base_link; world_frame=camera_init
2026-09-01T16:37:35+0800,69.721,plan_received,id=537; source=/received_global_plan; points=17; frame=wamv/wamv/base_link; world_frame=camera_init
2026-09-01T16:37:36+0800,69.821,plan_received,id=538; source=/received_global_plan; points=17; frame=wamv/wamv/base_link; world_frame=camera_init
2026-09-01T16:37:36+0800,69.921,plan_received,id=539; source=/received_global_plan; points=17; frame=wamv/wamv/base_link; world_frame=camera_init
2026-09-01T16:37:38+0800,72.565,plan_received,id=540; source=/plan; points=10; frame=camera_init; world_frame=camera_init
2026-09-01T16:37:38+0800,72.566,plan_received,id=541; source=/unsmoothed_plan; points=10; frame=camera_init; world_frame=camera_init
2026-09-01T16:37:38+0800,72.579,plan_received,id=542; source=/received_global_plan; points=10; frame=wamv/wamv/base_link; world_frame=camera_init
2026-09-01T16:37:38+0800,72.679,plan_received,id=543; source=/received_global_plan; points=10; frame=wamv/wamv/base_link; world_frame=camera_init
2026-09-01T16:37:38+0800,72.779,plan_received,id=544; source=/received_global_plan; points=10; frame=wamv/wamv/base_link; world_frame=camera_init
2026-09-01T16:37:39+0800,72.878,plan_received,id=545; source=/received_global_plan; points=10; frame=wamv/wamv/base_link; world_frame=camera_init
2026-09-01T16:37:39+0800,72.978,plan_received,id=546; source=/received_global_plan; points=10; frame=wamv/wamv/base_link; world_frame=camera_init
2026-09-01T16:37:39+0800,73.079,plan_received,id=547; source=/received_global_plan; points=10; frame=wamv/wamv/base_link; world_frame=camera_init
2026-09-01T16:37:39+0800,73.178,plan_received,id=548; source=/received_global_plan; points=10; frame=wamv/wamv/base_link; world_frame=camera_init
2026-09-01T16:37:39+0800,73.278,plan_received,id=549; source=/received_global_plan; points=10; frame=wamv/wamv/base_link; world_frame=camera_init
2026-09-01T16:37:39+0800,73.378,plan_received,id=550; source=/received_global_plan; points=10; frame=wamv/wamv/base_link; world_frame=camera_init
2026-09-01T16:37:39+0800,73.479,plan_received,id=551; source=/received_global_plan; points=10; frame=wamv/wamv/base_link; world_frame=camera_init
2026-09-01T16:37:39+0800,73.579,plan_received,id=552; source=/received_global_plan; points=10; frame=wamv/wamv/base_link; world_frame=camera_init
2026-09-01T16:37:39+0800,73.679,plan_received,id=553; source=/received_global_plan; points=10; frame=wamv/wamv/base_link; world_frame=camera_init
2026-09-01T16:37:39+0800,73.778,plan_received,id=554; source=/received_global_plan; points=10; frame=wamv/wamv/base_link; world_frame=camera_init
2026-09-01T16:37:40+0800,73.879,plan_received,id=555; source=/received_global_plan; points=10; frame=wamv/wamv/base_link; world_frame=camera_init
2026-09-01T16:37:40+0800,73.978,plan_received,id=556; source=/received_global_plan; points=10; frame=wamv/wamv/base_link; world_frame=camera_init
2026-09-01T16:37:40+0800,74.080,plan_received,id=557; source=/received_global_plan; points=10; frame=wamv/wamv/base_link; world_frame=camera_init
2026-09-01T16:37:40+0800,74.178,plan_received,id=558; source=/received_global_plan; points=10; frame=wamv/wamv/base_link; world_frame=camera_init
2026-09-01T16:37:40+0800,74.279,plan_received,id=559; source=/received_global_plan; points=10; frame=wamv/wamv/base_link; world_frame=camera_init
2026-09-01T16:37:40+0800,74.379,plan_received,id=560; source=/received_global_plan; points=10; frame=wamv/wamv/base_link; world_frame=camera_init
2026-09-01T16:37:40+0800,74.479,plan_received,id=561; source=/received_global_plan; points=10; frame=wamv/wamv/base_link; world_frame=camera_init
2026-09-01T16:37:40+0800,74.578,plan_received,id=562; source=/received_global_plan; points=10; frame=wamv/wamv/base_link; world_frame=camera_init
2026-09-01T16:37:40+0800,74.679,plan_received,id=563; source=/received_global_plan; points=10; frame=wamv/wamv/base_link; world_frame=camera_init
2026-09-01T16:37:40+0800,74.778,plan_received,id=564; source=/received_global_plan; points=10; frame=wamv/wamv/base_link; world_frame=camera_init
2026-09-01T16:37:41+0800,74.879,plan_received,id=565; source=/received_global_plan; points=10; frame=wamv/wamv/base_link; world_frame=camera_init
2026-09-01T16:37:41+0800,74.979,plan_received,id=566; source=/received_global_plan; points=10; frame=wamv/wamv/base_link; world_frame=camera_init
2026-09-01T16:37:41+0800,75.079,plan_received,id=567; source=/received_global_plan; points=10; frame=wamv/wamv/base_link; world_frame=camera_init
2026-09-01T16:37:41+0800,75.178,plan_received,id=568; source=/received_global_plan; points=10; frame=wamv/wamv/base_link; world_frame=camera_init
2026-09-01T16:37:41+0800,75.279,plan_received,id=569; source=/received_global_plan; points=10; frame=wamv/wamv/base_link; world_frame=camera_init
2026-09-01T16:37:41+0800,75.379,plan_received,id=570; source=/received_global_plan; points=10; frame=wamv/wamv/base_link; world_frame=camera_init
2026-09-01T16:37:41+0800,75.479,plan_received,id=571; source=/received_global_plan; points=10; frame=wamv/wamv/base_link; world_frame=camera_init
2026-09-01T16:37:41+0800,75.579,plan_received,id=572; source=/received_global_plan; points=10; frame=wamv/wamv/base_link; world_frame=camera_init
2026-09-01T16:37:41+0800,75.679,plan_received,id=573; source=/received_global_plan; points=10; frame=wamv/wamv/base_link; world_frame=camera_init
2026-09-01T16:37:41+0800,75.779,plan_received,id=574; source=/received_global_plan; points=10; frame=wamv/wamv/base_link; world_frame=camera_init
2026-09-01T16:37:42+0800,75.879,plan_received,id=575; source=/received_global_plan; points=10; frame=wamv/wamv/base_link; world_frame=camera_init
2026-09-01T16:37:42+0800,75.979,plan_received,id=576; source=/received_global_plan; points=10; frame=wamv/wamv/base_link; world_frame=camera_init
2026-09-01T16:37:42+0800,76.080,plan_received,id=577; source=/received_global_plan; points=10; frame=wamv/wamv/base_link; world_frame=camera_init
2026-09-01T16:37:42+0800,76.179,plan_received,id=578; source=/received_global_plan; points=10; frame=wamv/wamv/base_link; world_frame=camera_init
2026-09-01T16:37:42+0800,76.279,plan_received,id=579; source=/received_global_plan; points=10; frame=wamv/wamv/base_link; world_frame=camera_init
2026-09-01T16:37:42+0800,76.379,plan_received,id=580; source=/received_global_plan; points=10; frame=wamv/wamv/base_link; world_frame=camera_init
2026-09-01T16:37:42+0800,76.479,plan_received,id=581; source=/received_global_plan; points=10; frame=wamv/wamv/base_link; world_frame=camera_init
2026-09-01T16:37:42+0800,76.579,plan_received,id=582; source=/received_global_plan; points=10; frame=wamv/wamv/base_link; world_frame=camera_init
2026-09-01T16:37:42+0800,76.679,plan_received,id=583; source=/received_global_plan; points=10; frame=wamv/wamv/base_link; world_frame=camera_init
2026-09-01T16:37:42+0800,76.779,plan_received,id=584; source=/received_global_plan; points=10; frame=wamv/wamv/base_link; world_frame=camera_init
2026-09-01T16:37:43+0800,76.879,plan_received,id=585; source=/received_global_plan; points=10; frame=wamv/wamv/base_link; world_frame=camera_init
2026-09-01T16:37:43+0800,76.979,plan_received,id=586; source=/received_global_plan; points=10; frame=wamv/wamv/base_link; world_frame=camera_init
2026-09-01T16:37:43+0800,77.079,plan_received,id=587; source=/received_global_plan; points=10; frame=wamv/wamv/base_link; world_frame=camera_init
2026-09-01T16:37:43+0800,77.180,plan_received,id=588; source=/received_global_plan; points=10; frame=wamv/wamv/base_link; world_frame=camera_init
2026-09-01T16:37:43+0800,77.279,plan_received,id=589; source=/received_global_plan; points=10; frame=wamv/wamv/base_link; world_frame=camera_init
2026-09-01T16:37:43+0800,77.361,plan_received,id=590; source=/plan; points=63; frame=camera_init; world_frame=camera_init
2026-09-01T16:37:43+0800,77.363,plan_received,id=591; source=/unsmoothed_plan; points=63; frame=camera_init; world_frame=camera_init
2026-09-01T16:37:43+0800,77.381,plan_received,id=592; source=/received_global_plan; points=63; frame=wamv/wamv/base_link; world_frame=camera_init
2026-09-01T16:37:43+0800,77.480,plan_received,id=593; source=/received_global_plan; points=63; frame=wamv/wamv/base_link; world_frame=camera_init
2026-09-01T16:37:43+0800,77.580,plan_received,id=594; source=/received_global_plan; points=63; frame=wamv/wamv/base_link; world_frame=camera_init
2026-09-01T16:37:43+0800,77.680,plan_received,id=595; source=/received_global_plan; points=63; frame=wamv/wamv/base_link; world_frame=camera_init
2026-09-01T16:37:43+0800,77.780,plan_received,id=596; source=/received_global_plan; points=63; frame=wamv/wamv/base_link; world_frame=camera_init
2026-09-01T16:37:44+0800,77.880,plan_received,id=597; source=/received_global_plan; points=63; frame=wamv/wamv/base_link; world_frame=camera_init
2026-09-01T16:37:44+0800,77.980,plan_received,id=598; source=/received_global_plan; points=63; frame=wamv/wamv/base_link; world_frame=camera_init
2026-09-01T16:37:44+0800,78.079,plan_received,id=599; source=/received_global_plan; points=63; frame=wamv/wamv/base_link; world_frame=camera_init
2026-09-01T16:37:44+0800,78.179,plan_received,id=600; source=/received_global_plan; points=63; frame=wamv/wamv/base_link; world_frame=camera_init
2026-09-01T16:37:44+0800,78.280,plan_received,id=601; source=/received_global_plan; points=63; frame=wamv/wamv/base_link; world_frame=camera_init
2026-09-01T16:37:44+0800,78.380,plan_received,id=602; source=/received_global_plan; points=63; frame=wamv/wamv/base_link; world_frame=camera_init
2026-09-01T16:37:44+0800,78.482,plan_received,id=603; source=/received_global_plan; points=63; frame=wamv/wamv/base_link; world_frame=camera_init
2026-09-01T16:37:44+0800,78.581,plan_received,id=604; source=/received_global_plan; points=63; frame=wamv/wamv/base_link; world_frame=camera_init
2026-09-01T16:37:44+0800,78.680,plan_received,id=605; source=/received_global_plan; points=63; frame=wamv/wamv/base_link; world_frame=camera_init
2026-09-01T16:37:44+0800,78.780,plan_received,id=606; source=/received_global_plan; points=63; frame=wamv/wamv/base_link; world_frame=camera_init
2026-09-01T16:37:45+0800,78.880,plan_received,id=607; source=/received_global_plan; points=63; frame=wamv/wamv/base_link; world_frame=camera_init
2026-09-01T16:37:45+0800,78.979,plan_received,id=608; source=/received_global_plan; points=63; frame=wamv/wamv/base_link; world_frame=camera_init
2026-09-01T16:37:45+0800,79.080,plan_received,id=609; source=/received_global_plan; points=63; frame=wamv/wamv/base_link; world_frame=camera_init
2026-09-01T16:37:45+0800,79.179,plan_received,id=610; source=/received_global_plan; points=63; frame=wamv/wamv/base_link; world_frame=camera_init
2026-09-01T16:37:45+0800,79.280,plan_received,id=611; source=/received_global_plan; points=63; frame=wamv/wamv/base_link; world_frame=camera_init
2026-09-01T16:37:45+0800,79.381,plan_received,id=612; source=/received_global_plan; points=63; frame=wamv/wamv/base_link; world_frame=camera_init
2026-09-01T16:37:45+0800,79.479,plan_received,id=613; source=/received_global_plan; points=63; frame=wamv/wamv/base_link; world_frame=camera_init
2026-09-01T16:37:45+0800,79.580,plan_received,id=614; source=/received_global_plan; points=63; frame=wamv/wamv/base_link; world_frame=camera_init
2026-09-01T16:37:45+0800,79.680,plan_received,id=615; source=/received_global_plan; points=63; frame=wamv/wamv/base_link; world_frame=camera_init
2026-09-01T16:37:45+0800,79.779,plan_received,id=616; source=/received_global_plan; points=63; frame=wamv/wamv/base_link; world_frame=camera_init
2026-09-01T16:37:46+0800,79.879,plan_received,id=617; source=/received_global_plan; points=63; frame=wamv/wamv/base_link; world_frame=camera_init
2026-09-01T16:37:46+0800,79.979,plan_received,id=618; source=/received_global_plan; points=63; frame=wamv/wamv/base_link; world_frame=camera_init
2026-09-01T16:37:46+0800,80.079,plan_received,id=619; source=/received_global_plan; points=63; frame=wamv/wamv/base_link; world_frame=camera_init
2026-09-01T16:37:46+0800,80.180,plan_received,id=620; source=/received_global_plan; points=63; frame=wamv/wamv/base_link; world_frame=camera_init
2026-09-01T16:37:46+0800,80.280,plan_received,id=621; source=/received_global_plan; points=63; frame=wamv/wamv/base_link; world_frame=camera_init
2026-09-01T16:37:46+0800,80.380,plan_received,id=622; source=/received_global_plan; points=63; frame=wamv/wamv/base_link; world_frame=camera_init
2026-09-01T16:37:46+0800,80.481,plan_received,id=623; source=/received_global_plan; points=63; frame=wamv/wamv/base_link; world_frame=camera_init
2026-09-01T16:37:46+0800,80.581,plan_received,id=624; source=/received_global_plan; points=63; frame=wamv/wamv/base_link; world_frame=camera_init
2026-09-01T16:37:46+0800,80.681,plan_received,id=625; source=/received_global_plan; points=63; frame=wamv/wamv/base_link; world_frame=camera_init
2026-09-01T16:37:46+0800,80.782,plan_received,id=626; source=/received_global_plan; points=63; frame=wamv/wamv/base_link; world_frame=camera_init
2026-09-01T16:37:47+0800,80.881,plan_received,id=627; source=/received_global_plan; points=63; frame=wamv/wamv/base_link; world_frame=camera_init
2026-09-01T16:37:47+0800,80.980,plan_received,id=628; source=/received_global_plan; points=63; frame=wamv/wamv/base_link; world_frame=camera_init
2026-09-01T16:37:47+0800,81.081,plan_received,id=629; source=/received_global_plan; points=63; frame=wamv/wamv/base_link; world_frame=camera_init
2026-09-01T16:37:47+0800,81.180,plan_received,id=630; source=/received_global_plan; points=63; frame=wamv/wamv/base_link; world_frame=camera_init
2026-09-01T16:37:47+0800,81.281,plan_received,id=631; source=/received_global_plan; points=63; frame=wamv/wamv/base_link; world_frame=camera_init
2026-09-01T16:37:47+0800,81.380,plan_received,id=632; source=/received_global_plan; points=63; frame=wamv/wamv/base_link; world_frame=camera_init
2026-09-01T16:37:47+0800,81.400,plan_received,id=633; source=/plan; points=10; frame=camera_init; world_frame=camera_init
2026-09-01T16:37:47+0800,81.400,plan_received,id=634; source=/unsmoothed_plan; points=10; frame=camera_init; world_frame=camera_init
2026-09-01T16:37:47+0800,81.478,plan_received,id=635; source=/received_global_plan; points=10; frame=wamv/wamv/base_link; world_frame=camera_init
2026-09-01T16:37:47+0800,81.579,plan_received,id=636; source=/received_global_plan; points=10; frame=wamv/wamv/base_link; world_frame=camera_init
2026-09-01T16:37:47+0800,81.678,plan_received,id=637; source=/received_global_plan; points=10; frame=wamv/wamv/base_link; world_frame=camera_init
2026-09-01T16:37:47+0800,81.778,plan_received,id=638; source=/received_global_plan; points=10; frame=wamv/wamv/base_link; world_frame=camera_init
2026-09-01T16:37:48+0800,81.879,plan_received,id=639; source=/received_global_plan; points=10; frame=wamv/wamv/base_link; world_frame=camera_init
2026-09-01T16:37:48+0800,81.979,plan_received,id=640; source=/received_global_plan; points=10; frame=wamv/wamv/base_link; world_frame=camera_init
2026-09-01T16:37:48+0800,82.079,plan_received,id=641; source=/received_global_plan; points=10; frame=wamv/wamv/base_link; world_frame=camera_init
2026-09-01T16:37:48+0800,82.178,plan_received,id=642; source=/received_global_plan; points=10; frame=wamv/wamv/base_link; world_frame=camera_init
2026-09-01T16:37:48+0800,82.279,plan_received,id=643; source=/received_global_plan; points=10; frame=wamv/wamv/base_link; world_frame=camera_init
2026-09-01T16:37:48+0800,82.378,plan_received,id=644; source=/received_global_plan; points=10; frame=wamv/wamv/base_link; world_frame=camera_init
2026-09-01T16:37:48+0800,82.479,plan_received,id=645; source=/received_global_plan; points=10; frame=wamv/wamv/base_link; world_frame=camera_init
2026-09-01T16:37:48+0800,82.579,plan_received,id=646; source=/received_global_plan; points=9; frame=wamv/wamv/base_link; world_frame=camera_init
2026-09-01T16:37:48+0800,82.679,plan_received,id=647; source=/received_global_plan; points=9; frame=wamv/wamv/base_link; world_frame=camera_init
2026-09-01T16:37:48+0800,82.779,plan_received,id=648; source=/received_global_plan; points=9; frame=wamv/wamv/base_link; world_frame=camera_init
2026-09-01T16:37:49+0800,82.879,plan_received,id=649; source=/received_global_plan; points=9; frame=wamv/wamv/base_link; world_frame=camera_init
2026-09-01T16:37:49+0800,82.979,plan_received,id=650; source=/received_global_plan; points=9; frame=wamv/wamv/base_link; world_frame=camera_init
2026-09-01T16:37:49+0800,83.079,plan_received,id=651; source=/received_global_plan; points=9; frame=wamv/wamv/base_link; world_frame=camera_init
2026-09-01T16:37:49+0800,83.179,plan_received,id=652; source=/received_global_plan; points=9; frame=wamv/wamv/base_link; world_frame=camera_init
2026-09-01T16:37:49+0800,83.279,plan_received,id=653; source=/received_global_plan; points=9; frame=wamv/wamv/base_link; world_frame=camera_init
2026-09-01T16:37:49+0800,83.379,plan_received,id=654; source=/received_global_plan; points=9; frame=wamv/wamv/base_link; world_frame=camera_init
2026-09-01T16:37:49+0800,83.478,plan_received,id=655; source=/received_global_plan; points=9; frame=wamv/wamv/base_link; world_frame=camera_init
2026-09-01T16:37:49+0800,83.579,plan_received,id=656; source=/received_global_plan; points=9; frame=wamv/wamv/base_link; world_frame=camera_init
2026-09-01T16:37:49+0800,83.776,plan_received,id=657; source=/received_global_plan; points=9; frame=wamv/wamv/base_link; world_frame=camera_init
2026-09-01T16:37:49+0800,83.779,plan_received,id=658; source=/received_global_plan; points=9; frame=wamv/wamv/base_link; world_frame=camera_init
2026-09-01T16:37:50+0800,83.879,plan_received,id=659; source=/received_global_plan; points=9; frame=wamv/wamv/base_link; world_frame=camera_init
2026-09-01T16:37:50+0800,83.979,plan_received,id=660; source=/received_global_plan; points=9; frame=wamv/wamv/base_link; world_frame=camera_init
2026-09-01T16:37:50+0800,84.079,plan_received,id=661; source=/received_global_plan; points=9; frame=wamv/wamv/base_link; world_frame=camera_init
2026-09-01T16:37:50+0800,84.179,plan_received,id=662; source=/received_global_plan; points=9; frame=wamv/wamv/base_link; world_frame=camera_init
2026-09-01T16:37:50+0800,84.279,plan_received,id=663; source=/received_global_plan; points=9; frame=wamv/wamv/base_link; world_frame=camera_init
2026-09-01T16:37:50+0800,84.379,plan_received,id=664; source=/received_global_plan; points=9; frame=wamv/wamv/base_link; world_frame=camera_init
2026-09-01T16:37:50+0800,84.478,plan_received,id=665; source=/received_global_plan; points=9; frame=wamv/wamv/base_link; world_frame=camera_init
2026-09-01T16:37:50+0800,84.757,plan_received,id=666; source=/received_global_plan; points=9; frame=wamv/wamv/base_link; world_frame=camera_init
2026-09-01T16:37:50+0800,84.759,plan_received,id=667; source=/received_global_plan; points=9; frame=wamv/wamv/base_link; world_frame=camera_init
2026-09-01T16:37:50+0800,84.778,plan_received,id=668; source=/received_global_plan; points=9; frame=wamv/wamv/base_link; world_frame=camera_init
2026-09-01T16:37:51+0800,84.878,plan_received,id=669; source=/received_global_plan; points=9; frame=wamv/wamv/base_link; world_frame=camera_init
2026-09-01T16:37:51+0800,84.978,plan_received,id=670; source=/received_global_plan; points=9; frame=wamv/wamv/base_link; world_frame=camera_init
2026-09-01T16:37:51+0800,85.078,plan_received,id=671; source=/received_global_plan; points=9; frame=wamv/wamv/base_link; world_frame=camera_init
2026-09-01T16:37:51+0800,85.179,plan_received,id=672; source=/received_global_plan; points=9; frame=wamv/wamv/base_link; world_frame=camera_init
2026-09-01T16:37:51+0800,85.279,plan_received,id=673; source=/received_global_plan; points=9; frame=wamv/wamv/base_link; world_frame=camera_init
2026-09-01T16:37:51+0800,85.379,plan_received,id=674; source=/received_global_plan; points=9; frame=wamv/wamv/base_link; world_frame=camera_init
2026-09-01T16:37:51+0800,85.428,plan_received,id=675; source=/unsmoothed_plan; points=15; frame=camera_init; world_frame=camera_init
2026-09-01T16:37:51+0800,85.429,plan_received,id=676; source=/plan; points=15; frame=camera_init; world_frame=camera_init
2026-09-01T16:37:51+0800,85.479,plan_received,id=677; source=/received_global_plan; points=15; frame=wamv/wamv/base_link; world_frame=camera_init
2026-09-01T16:37:51+0800,85.578,plan_received,id=678; source=/received_global_plan; points=15; frame=wamv/wamv/base_link; world_frame=camera_init
2026-09-01T16:37:51+0800,85.679,plan_received,id=679; source=/received_global_plan; points=15; frame=wamv/wamv/base_link; world_frame=camera_init
2026-09-01T16:37:51+0800,85.779,plan_received,id=680; source=/received_global_plan; points=15; frame=wamv/wamv/base_link; world_frame=camera_init
2026-09-01T16:37:52+0800,85.879,plan_received,id=681; source=/received_global_plan; points=15; frame=wamv/wamv/base_link; world_frame=camera_init
2026-09-01T16:37:52+0800,85.978,plan_received,id=682; source=/received_global_plan; points=15; frame=wamv/wamv/base_link; world_frame=camera_init
2026-09-01T16:37:52+0800,86.079,plan_received,id=683; source=/received_global_plan; points=15; frame=wamv/wamv/base_link; world_frame=camera_init
2026-09-01T16:37:52+0800,86.178,plan_received,id=684; source=/received_global_plan; points=15; frame=wamv/wamv/base_link; world_frame=camera_init
2026-09-01T16:37:52+0800,86.279,plan_received,id=685; source=/received_global_plan; points=15; frame=wamv/wamv/base_link; world_frame=camera_init
2026-09-01T16:37:52+0800,86.379,plan_received,id=686; source=/received_global_plan; points=15; frame=wamv/wamv/base_link; world_frame=camera_init
2026-09-01T16:37:52+0800,86.479,plan_received,id=687; source=/received_global_plan; points=15; frame=wamv/wamv/base_link; world_frame=camera_init
2026-09-01T16:37:52+0800,86.579,plan_received,id=688; source=/received_global_plan; points=15; frame=wamv/wamv/base_link; world_frame=camera_init
2026-09-01T16:37:52+0800,86.679,plan_received,id=689; source=/received_global_plan; points=15; frame=wamv/wamv/base_link; world_frame=camera_init
2026-09-01T16:37:52+0800,86.779,plan_received,id=690; source=/received_global_plan; points=15; frame=wamv/wamv/base_link; world_frame=camera_init
2026-09-01T16:37:53+0800,86.879,plan_received,id=691; source=/received_global_plan; points=15; frame=wamv/wamv/base_link; world_frame=camera_init
2026-09-01T16:37:53+0800,86.978,plan_received,id=692; source=/received_global_plan; points=15; frame=wamv/wamv/base_link; world_frame=camera_init
2026-09-01T16:37:53+0800,87.078,plan_received,id=693; source=/received_global_plan; points=15; frame=wamv/wamv/base_link; world_frame=camera_init
2026-09-01T16:37:53+0800,87.178,plan_received,id=694; source=/received_global_plan; points=15; frame=wamv/wamv/base_link; world_frame=camera_init
2026-09-01T16:37:53+0800,87.279,plan_received,id=695; source=/received_global_plan; points=14; frame=wamv/wamv/base_link; world_frame=camera_init
2026-09-01T16:37:53+0800,87.379,plan_received,id=696; source=/received_global_plan; points=14; frame=wamv/wamv/base_link; world_frame=camera_init
2026-09-01T16:37:53+0800,87.479,plan_received,id=697; source=/received_global_plan; points=14; frame=wamv/wamv/base_link; world_frame=camera_init
2026-09-01T16:37:53+0800,87.578,plan_received,id=698; source=/received_global_plan; points=14; frame=wamv/wamv/base_link; world_frame=camera_init
2026-09-01T16:37:53+0800,87.678,plan_received,id=699; source=/received_global_plan; points=14; frame=wamv/wamv/base_link; world_frame=camera_init
2026-09-01T16:37:53+0800,87.779,plan_received,id=700; source=/received_global_plan; points=14; frame=wamv/wamv/base_link; world_frame=camera_init
2026-09-01T16:37:54+0800,87.878,plan_received,id=701; source=/received_global_plan; points=14; frame=wamv/wamv/base_link; world_frame=camera_init
2026-09-01T16:37:54+0800,87.979,plan_received,id=702; source=/received_global_plan; points=14; frame=wamv/wamv/base_link; world_frame=camera_init
2026-09-01T16:37:54+0800,88.079,plan_received,id=703; source=/received_global_plan; points=14; frame=wamv/wamv/base_link; world_frame=camera_init
2026-09-01T16:37:54+0800,88.179,plan_received,id=704; source=/received_global_plan; points=14; frame=wamv/wamv/base_link; world_frame=camera_init
2026-09-01T16:37:54+0800,88.279,plan_received,id=705; source=/received_global_plan; points=14; frame=wamv/wamv/base_link; world_frame=camera_init
2026-09-01T16:37:54+0800,88.379,plan_received,id=706; source=/received_global_plan; points=14; frame=wamv/wamv/base_link; world_frame=camera_init
2026-09-01T16:37:54+0800,88.479,plan_received,id=707; source=/received_global_plan; points=14; frame=wamv/wamv/base_link; world_frame=camera_init
2026-09-01T16:37:54+0800,88.579,plan_received,id=708; source=/received_global_plan; points=14; frame=wamv/wamv/base_link; world_frame=camera_init
2026-09-01T16:37:54+0800,88.679,plan_received,id=709; source=/received_global_plan; points=14; frame=wamv/wamv/base_link; world_frame=camera_init
2026-09-01T16:37:54+0800,88.779,plan_received,id=710; source=/received_global_plan; points=14; frame=wamv/wamv/base_link; world_frame=camera_init
2026-09-01T16:37:55+0800,88.879,plan_received,id=711; source=/received_global_plan; points=14; frame=wamv/wamv/base_link; world_frame=camera_init
2026-09-01T16:37:55+0800,88.979,plan_received,id=712; source=/received_global_plan; points=14; frame=wamv/wamv/base_link; world_frame=camera_init
2026-09-01T16:37:55+0800,89.079,plan_received,id=713; source=/received_global_plan; points=14; frame=wamv/wamv/base_link; world_frame=camera_init
2026-09-01T16:37:55+0800,89.179,plan_received,id=714; source=/received_global_plan; points=14; frame=wamv/wamv/base_link; world_frame=camera_init
2026-09-01T16:37:55+0800,89.279,plan_received,id=715; source=/received_global_plan; points=14; frame=wamv/wamv/base_link; world_frame=camera_init
2026-09-01T16:37:55+0800,89.379,plan_received,id=716; source=/received_global_plan; points=14; frame=wamv/wamv/base_link; world_frame=camera_init
2026-09-01T16:37:55+0800,89.458,plan_received,id=717; source=/unsmoothed_plan; points=18; frame=camera_init; world_frame=camera_init
2026-09-01T16:37:55+0800,89.459,plan_received,id=718; source=/plan; points=18; frame=camera_init; world_frame=camera_init
2026-09-01T16:37:55+0800,89.479,plan_received,id=719; source=/received_global_plan; points=18; frame=wamv/wamv/base_link; world_frame=camera_init
2026-09-01T16:37:55+0800,89.579,plan_received,id=720; source=/received_global_plan; points=18; frame=wamv/wamv/base_link; world_frame=camera_init
2026-09-01T16:37:55+0800,89.679,plan_received,id=721; source=/received_global_plan; points=18; frame=wamv/wamv/base_link; world_frame=camera_init
2026-09-01T16:37:55+0800,89.779,plan_received,id=722; source=/received_global_plan; points=18; frame=wamv/wamv/base_link; world_frame=camera_init
2026-09-01T16:37:56+0800,89.878,plan_received,id=723; source=/received_global_plan; points=18; frame=wamv/wamv/base_link; world_frame=camera_init
2026-09-01T16:37:56+0800,89.979,plan_received,id=724; source=/received_global_plan; points=18; frame=wamv/wamv/base_link; world_frame=camera_init
2026-09-01T16:37:56+0800,90.078,plan_received,id=725; source=/received_global_plan; points=18; frame=wamv/wamv/base_link; world_frame=camera_init
2026-09-01T16:37:56+0800,90.179,plan_received,id=726; source=/received_global_plan; points=18; frame=wamv/wamv/base_link; world_frame=camera_init
2026-09-01T16:37:56+0800,90.278,plan_received,id=727; source=/received_global_plan; points=18; frame=wamv/wamv/base_link; world_frame=camera_init
2026-09-01T16:37:56+0800,90.378,plan_received,id=728; source=/received_global_plan; points=18; frame=wamv/wamv/base_link; world_frame=camera_init
2026-09-01T16:37:56+0800,90.479,plan_received,id=729; source=/received_global_plan; points=18; frame=wamv/wamv/base_link; world_frame=camera_init
2026-09-01T16:37:56+0800,90.579,plan_received,id=730; source=/received_global_plan; points=18; frame=wamv/wamv/base_link; world_frame=camera_init
2026-09-01T16:37:56+0800,90.679,plan_received,id=731; source=/received_global_plan; points=18; frame=wamv/wamv/base_link; world_frame=camera_init
2026-09-01T16:37:56+0800,90.779,plan_received,id=732; source=/received_global_plan; points=18; frame=wamv/wamv/base_link; world_frame=camera_init
2026-09-01T16:37:57+0800,90.879,plan_received,id=733; source=/received_global_plan; points=18; frame=wamv/wamv/base_link; world_frame=camera_init
2026-09-01T16:37:57+0800,90.979,plan_received,id=734; source=/received_global_plan; points=18; frame=wamv/wamv/base_link; world_frame=camera_init
2026-09-01T16:37:57+0800,91.080,plan_received,id=735; source=/received_global_plan; points=18; frame=wamv/wamv/base_link; world_frame=camera_init
2026-09-01T16:37:57+0800,91.180,plan_received,id=736; source=/received_global_plan; points=18; frame=wamv/wamv/base_link; world_frame=camera_init
2026-09-01T16:37:57+0800,91.279,plan_received,id=737; source=/received_global_plan; points=18; frame=wamv/wamv/base_link; world_frame=camera_init
2026-09-01T16:37:57+0800,91.380,plan_received,id=738; source=/received_global_plan; points=18; frame=wamv/wamv/base_link; world_frame=camera_init
2026-09-01T16:37:57+0800,91.479,plan_received,id=739; source=/received_global_plan; points=18; frame=wamv/wamv/base_link; world_frame=camera_init
2026-09-01T16:37:57+0800,91.579,plan_received,id=740; source=/received_global_plan; points=17; frame=wamv/wamv/base_link; world_frame=camera_init
2026-09-01T16:37:57+0800,91.679,plan_received,id=741; source=/received_global_plan; points=17; frame=wamv/wamv/base_link; world_frame=camera_init
2026-09-01T16:37:57+0800,91.779,plan_received,id=742; source=/received_global_plan; points=17; frame=wamv/wamv/base_link; world_frame=camera_init
2026-09-01T16:37:58+0800,91.879,plan_received,id=743; source=/received_global_plan; points=17; frame=wamv/wamv/base_link; world_frame=camera_init
2026-09-01T16:37:58+0800,91.978,plan_received,id=744; source=/received_global_plan; points=17; frame=wamv/wamv/base_link; world_frame=camera_init
2026-09-01T16:37:58+0800,92.079,plan_received,id=745; source=/received_global_plan; points=17; frame=wamv/wamv/base_link; world_frame=camera_init
2026-09-01T16:37:58+0800,92.179,plan_received,id=746; source=/received_global_plan; points=17; frame=wamv/wamv/base_link; world_frame=camera_init
2026-09-01T16:37:58+0800,92.279,plan_received,id=747; source=/received_global_plan; points=17; frame=wamv/wamv/base_link; world_frame=camera_init
2026-09-01T16:37:58+0800,92.379,plan_received,id=748; source=/received_global_plan; points=17; frame=wamv/wamv/base_link; world_frame=camera_init
2026-09-01T16:37:58+0800,92.479,plan_received,id=749; source=/received_global_plan; points=17; frame=wamv/wamv/base_link; world_frame=camera_init
2026-09-01T16:37:58+0800,92.579,plan_received,id=750; source=/received_global_plan; points=17; frame=wamv/wamv/base_link; world_frame=camera_init
2026-09-01T16:37:58+0800,92.679,plan_received,id=751; source=/received_global_plan; points=17; frame=wamv/wamv/base_link; world_frame=camera_init
2026-09-01T16:37:58+0800,92.779,plan_received,id=752; source=/received_global_plan; points=17; frame=wamv/wamv/base_link; world_frame=camera_init
2026-09-01T16:37:59+0800,92.879,plan_received,id=753; source=/received_global_plan; points=17; frame=wamv/wamv/base_link; world_frame=camera_init
2026-09-01T16:37:59+0800,92.978,plan_received,id=754; source=/received_global_plan; points=17; frame=wamv/wamv/base_link; world_frame=camera_init
2026-09-01T16:37:59+0800,93.079,plan_received,id=755; source=/received_global_plan; points=17; frame=wamv/wamv/base_link; world_frame=camera_init
2026-09-01T16:37:59+0800,93.179,plan_received,id=756; source=/received_global_plan; points=17; frame=wamv/wamv/base_link; world_frame=camera_init
2026-09-01T16:37:59+0800,93.279,plan_received,id=757; source=/received_global_plan; points=17; frame=wamv/wamv/base_link; world_frame=camera_init
2026-09-01T16:37:59+0800,93.379,plan_received,id=758; source=/received_global_plan; points=17; frame=wamv/wamv/base_link; world_frame=camera_init
2026-09-01T16:37:59+0800,93.479,plan_received,id=759; source=/received_global_plan; points=17; frame=wamv/wamv/base_link; world_frame=camera_init
2026-09-01T16:37:59+0800,93.487,plan_received,id=760; source=/plan; points=8; frame=camera_init; world_frame=camera_init
2026-09-01T16:37:59+0800,93.487,plan_received,id=761; source=/unsmoothed_plan; points=8; frame=camera_init; world_frame=camera_init
2026-09-01T16:37:59+0800,93.578,plan_received,id=762; source=/received_global_plan; points=8; frame=wamv/wamv/base_link; world_frame=camera_init
2026-09-01T16:37:59+0800,93.679,plan_received,id=763; source=/received_global_plan; points=8; frame=wamv/wamv/base_link; world_frame=camera_init
2026-09-01T16:37:59+0800,93.779,plan_received,id=764; source=/received_global_plan; points=8; frame=wamv/wamv/base_link; world_frame=camera_init
2026-09-01T16:38:00+0800,93.879,plan_received,id=765; source=/received_global_plan; points=8; frame=wamv/wamv/base_link; world_frame=camera_init
2026-09-01T16:38:00+0800,93.979,plan_received,id=766; source=/received_global_plan; points=8; frame=wamv/wamv/base_link; world_frame=camera_init
2026-09-01T16:38:00+0800,94.078,plan_received,id=767; source=/received_global_plan; points=8; frame=wamv/wamv/base_link; world_frame=camera_init
2026-09-01T16:38:00+0800,94.178,plan_received,id=768; source=/received_global_plan; points=8; frame=wamv/wamv/base_link; world_frame=camera_init
2026-09-01T16:38:00+0800,94.278,plan_received,id=769; source=/received_global_plan; points=8; frame=wamv/wamv/base_link; world_frame=camera_init
2026-09-01T16:38:00+0800,94.379,plan_received,id=770; source=/received_global_plan; points=8; frame=wamv/wamv/base_link; world_frame=camera_init
2026-09-01T16:38:00+0800,94.478,plan_received,id=771; source=/received_global_plan; points=8; frame=wamv/wamv/base_link; world_frame=camera_init
2026-09-01T16:38:00+0800,94.579,plan_received,id=772; source=/received_global_plan; points=8; frame=wamv/wamv/base_link; world_frame=camera_init
2026-09-01T16:38:00+0800,94.678,plan_received,id=773; source=/received_global_plan; points=8; frame=wamv/wamv/base_link; world_frame=camera_init
2026-09-01T16:38:00+0800,94.779,plan_received,id=774; source=/received_global_plan; points=8; frame=wamv/wamv/base_link; world_frame=camera_init
2026-09-01T16:38:01+0800,94.879,plan_received,id=775; source=/received_global_plan; points=8; frame=wamv/wamv/base_link; world_frame=camera_init
2026-09-01T16:38:01+0800,94.979,plan_received,id=776; source=/received_global_plan; points=8; frame=wamv/wamv/base_link; world_frame=camera_init
2026-09-01T16:38:01+0800,95.078,plan_received,id=777; source=/received_global_plan; points=8; frame=wamv/wamv/base_link; world_frame=camera_init
2026-09-01T16:38:01+0800,95.178,plan_received,id=778; source=/received_global_plan; points=8; frame=wamv/wamv/base_link; world_frame=camera_init
2026-09-01T16:38:01+0800,95.278,plan_received,id=779; source=/received_global_plan; points=8; frame=wamv/wamv/base_link; world_frame=camera_init
2026-09-01T16:38:01+0800,95.378,plan_received,id=780; source=/received_global_plan; points=8; frame=wamv/wamv/base_link; world_frame=camera_init
2026-09-01T16:38:01+0800,95.478,plan_received,id=781; source=/received_global_plan; points=8; frame=wamv/wamv/base_link; world_frame=camera_init
2026-09-01T16:38:01+0800,95.578,plan_received,id=782; source=/received_global_plan; points=8; frame=wamv/wamv/base_link; world_frame=camera_init
2026-09-01T16:38:02+0800,95.864,plan_received,id=783; source=/received_global_plan; points=8; frame=wamv/wamv/base_link; world_frame=camera_init
2026-09-01T16:38:02+0800,95.864,plan_received,id=784; source=/received_global_plan; points=8; frame=wamv/wamv/base_link; world_frame=camera_init
2026-09-01T16:38:02+0800,95.964,plan_received,id=785; source=/received_global_plan; points=8; frame=wamv/wamv/base_link; world_frame=camera_init
2026-09-01T16:38:02+0800,96.064,plan_received,id=786; source=/received_global_plan; points=8; frame=wamv/wamv/base_link; world_frame=camera_init
2026-09-01T16:38:02+0800,96.164,plan_received,id=787; source=/received_global_plan; points=8; frame=wamv/wamv/base_link; world_frame=camera_init
2026-09-01T16:38:02+0800,96.264,plan_received,id=788; source=/received_global_plan; points=8; frame=wamv/wamv/base_link; world_frame=camera_init
2026-09-01T16:38:02+0800,96.364,plan_received,id=789; source=/received_global_plan; points=8; frame=wamv/wamv/base_link; world_frame=camera_init
2026-09-01T16:38:02+0800,96.464,plan_received,id=790; source=/received_global_plan; points=8; frame=wamv/wamv/base_link; world_frame=camera_init
2026-09-01T16:38:02+0800,96.564,plan_received,id=791; source=/received_global_plan; points=8; frame=wamv/wamv/base_link; world_frame=camera_init
2026-09-01T16:38:02+0800,96.664,plan_received,id=792; source=/received_global_plan; points=8; frame=wamv/wamv/base_link; world_frame=camera_init
2026-09-01T16:38:02+0800,96.764,plan_received,id=793; source=/received_global_plan; points=8; frame=wamv/wamv/base_link; world_frame=camera_init
2026-09-01T16:38:03+0800,96.864,plan_received,id=794; source=/received_global_plan; points=8; frame=wamv/wamv/base_link; world_frame=camera_init
2026-09-01T16:38:03+0800,96.964,plan_received,id=795; source=/received_global_plan; points=8; frame=wamv/wamv/base_link; world_frame=camera_init
2026-09-01T16:38:03+0800,97.064,plan_received,id=796; source=/received_global_plan; points=8; frame=wamv/wamv/base_link; world_frame=camera_init
2026-09-01T16:38:03+0800,97.164,plan_received,id=797; source=/received_global_plan; points=8; frame=wamv/wamv/base_link; world_frame=camera_init
2026-09-01T16:38:03+0800,97.264,plan_received,id=798; source=/received_global_plan; points=8; frame=wamv/wamv/base_link; world_frame=camera_init
2026-09-01T16:38:03+0800,97.364,plan_received,id=799; source=/received_global_plan; points=8; frame=wamv/wamv/base_link; world_frame=camera_init
2026-09-01T16:38:03+0800,97.465,plan_received,id=800; source=/received_global_plan; points=8; frame=wamv/wamv/base_link; world_frame=camera_init
2026-09-01T16:38:03+0800,97.516,plan_received,id=801; source=/plan; points=9; frame=camera_init; world_frame=camera_init
2026-09-01T16:38:03+0800,97.516,plan_received,id=802; source=/unsmoothed_plan; points=9; frame=camera_init; world_frame=camera_init
2026-09-01T16:38:03+0800,97.564,plan_received,id=803; source=/received_global_plan; points=9; frame=wamv/wamv/base_link; world_frame=camera_init
2026-09-01T16:38:03+0800,97.664,plan_received,id=804; source=/received_global_plan; points=9; frame=wamv/wamv/base_link; world_frame=camera_init
2026-09-01T16:38:03+0800,97.764,plan_received,id=805; source=/received_global_plan; points=9; frame=wamv/wamv/base_link; world_frame=camera_init
2026-09-01T16:38:04+0800,97.864,plan_received,id=806; source=/received_global_plan; points=9; frame=wamv/wamv/base_link; world_frame=camera_init
2026-09-01T16:38:04+0800,97.964,plan_received,id=807; source=/received_global_plan; points=9; frame=wamv/wamv/base_link; world_frame=camera_init
2026-09-01T16:38:04+0800,98.064,plan_received,id=808; source=/received_global_plan; points=9; frame=wamv/wamv/base_link; world_frame=camera_init
2026-09-01T16:38:04+0800,98.164,plan_received,id=809; source=/received_global_plan; points=9; frame=wamv/wamv/base_link; world_frame=camera_init
2026-09-01T16:38:04+0800,98.264,plan_received,id=810; source=/received_global_plan; points=9; frame=wamv/wamv/base_link; world_frame=camera_init
2026-09-01T16:38:04+0800,98.365,plan_received,id=811; source=/received_global_plan; points=9; frame=wamv/wamv/base_link; world_frame=camera_init
2026-09-01T16:38:04+0800,98.464,plan_received,id=812; source=/received_global_plan; points=9; frame=wamv/wamv/base_link; world_frame=camera_init
2026-09-01T16:38:04+0800,98.566,plan_received,id=813; source=/received_global_plan; points=9; frame=wamv/wamv/base_link; world_frame=camera_init
2026-09-01T16:38:04+0800,98.664,plan_received,id=814; source=/received_global_plan; points=9; frame=wamv/wamv/base_link; world_frame=camera_init
2026-09-01T16:38:04+0800,98.765,plan_received,id=815; source=/received_global_plan; points=9; frame=wamv/wamv/base_link; world_frame=camera_init
2026-09-01T16:38:05+0800,98.865,plan_received,id=816; source=/received_global_plan; points=9; frame=wamv/wamv/base_link; world_frame=camera_init
2026-09-01T16:38:05+0800,98.964,plan_received,id=817; source=/received_global_plan; points=9; frame=wamv/wamv/base_link; world_frame=camera_init
2026-09-01T16:38:05+0800,99.066,plan_received,id=818; source=/received_global_plan; points=9; frame=wamv/wamv/base_link; world_frame=camera_init
2026-09-01T16:38:05+0800,99.165,plan_received,id=819; source=/received_global_plan; points=9; frame=wamv/wamv/base_link; world_frame=camera_init
2026-09-01T16:38:05+0800,99.264,plan_received,id=820; source=/received_global_plan; points=9; frame=wamv/wamv/base_link; world_frame=camera_init
2026-09-01T16:38:05+0800,99.364,plan_received,id=821; source=/received_global_plan; points=9; frame=wamv/wamv/base_link; world_frame=camera_init
2026-09-01T16:38:05+0800,99.465,plan_received,id=822; source=/received_global_plan; points=9; frame=wamv/wamv/base_link; world_frame=camera_init
2026-09-01T16:38:05+0800,99.564,plan_received,id=823; source=/received_global_plan; points=9; frame=wamv/wamv/base_link; world_frame=camera_init
2026-09-01T16:38:05+0800,99.664,plan_received,id=824; source=/received_global_plan; points=9; frame=wamv/wamv/base_link; world_frame=camera_init
2026-09-01T16:38:05+0800,99.764,plan_received,id=825; source=/received_global_plan; points=9; frame=wamv/wamv/base_link; world_frame=camera_init
2026-09-01T16:38:06+0800,99.864,plan_received,id=826; source=/received_global_plan; points=9; frame=wamv/wamv/base_link; world_frame=camera_init
2026-09-01T16:38:06+0800,99.964,plan_received,id=827; source=/received_global_plan; points=9; frame=wamv/wamv/base_link; world_frame=camera_init
2026-09-01T16:38:06+0800,100.064,plan_received,id=828; source=/received_global_plan; points=9; frame=wamv/wamv/base_link; world_frame=camera_init
2026-09-01T16:38:06+0800,100.164,plan_received,id=829; source=/received_global_plan; points=9; frame=wamv/wamv/base_link; world_frame=camera_init
2026-09-01T16:38:06+0800,100.264,plan_received,id=830; source=/received_global_plan; points=9; frame=wamv/wamv/base_link; world_frame=camera_init
2026-09-01T16:38:06+0800,100.364,plan_received,id=831; source=/received_global_plan; points=9; frame=wamv/wamv/base_link; world_frame=camera_init
2026-09-01T16:38:06+0800,100.464,plan_received,id=832; source=/received_global_plan; points=9; frame=wamv/wamv/base_link; world_frame=camera_init
2026-09-01T16:38:06+0800,100.564,plan_received,id=833; source=/received_global_plan; points=9; frame=wamv/wamv/base_link; world_frame=camera_init
2026-09-01T16:38:06+0800,100.664,plan_received,id=834; source=/received_global_plan; points=9; frame=wamv/wamv/base_link; world_frame=camera_init
2026-09-01T16:38:06+0800,100.764,plan_received,id=835; source=/received_global_plan; points=9; frame=wamv/wamv/base_link; world_frame=camera_init
2026-09-01T16:38:07+0800,100.864,plan_received,id=836; source=/received_global_plan; points=9; frame=wamv/wamv/base_link; world_frame=camera_init
2026-09-01T16:38:07+0800,100.964,plan_received,id=837; source=/received_global_plan; points=9; frame=wamv/wamv/base_link; world_frame=camera_init
2026-09-01T16:38:07+0800,101.064,plan_received,id=838; source=/received_global_plan; points=9; frame=wamv/wamv/base_link; world_frame=camera_init
2026-09-01T16:38:07+0800,101.164,plan_received,id=839; source=/received_global_plan; points=9; frame=wamv/wamv/base_link; world_frame=camera_init
2026-09-01T16:38:07+0800,101.264,plan_received,id=840; source=/received_global_plan; points=9; frame=wamv/wamv/base_link; world_frame=camera_init
2026-09-01T16:38:07+0800,101.365,plan_received,id=841; source=/received_global_plan; points=9; frame=wamv/wamv/base_link; world_frame=camera_init
2026-09-01T16:38:07+0800,101.464,plan_received,id=842; source=/received_global_plan; points=9; frame=wamv/wamv/base_link; world_frame=camera_init
2026-09-01T16:38:07+0800,101.565,plan_received,id=843; source=/received_global_plan; points=9; frame=wamv/wamv/base_link; world_frame=camera_init
2026-09-01T16:38:07+0800,101.598,goal_status,ABORTED code=6; status_seq=4
2026-09-01T16:38:08+0800,101.869,plan_received,id=844; source=/plan; points=12; frame=camera_init; world_frame=camera_init
2026-09-01T16:38:08+0800,101.869,plan_received,id=845; source=/unsmoothed_plan; points=12; frame=camera_init; world_frame=camera_init
2026-09-01T16:38:15+0800,108.873,recorder_stopped,
