t,source,point_index,x,y,z
2.213,raw,0,-5.4868,-6.2862,0.5658
2.213,raw,9,-5.3499,-6.4757,0.5590
2.213,raw,19,-5.1866,-6.6776,0.5523
2.213,raw,29,-5.0439,-6.9108,0.5394
2.213,raw,39,-4.8886,-7.1361,0.5274
2.213,raw,48,-4.7545,-7.3546,0.5135
2.213,raw,58,-5.9994,-6.8396,0.6879
2.213,raw,68,-5.8311,-7.0648,0.6815
2.213,raw,78,-5.7008,-7.3414,0.6668
2.213,raw,88,-5.5316,-7.5802,0.6574
2.213,raw,97,-5.3851,-7.8098,0.6464
2.213,raw,107,-5.2227,-8.0762,0.6322
2.213,raw,117,-5.0345,-8.3161,0.6212
2.213,raw,127,-4.4315,-7.8884,0.7007
2.213,raw,137,-4.1721,-7.9822,0.7067
2.213,raw,146,-4.5130,-9.1279,0.5710
2.213,raw,156,-4.2801,-9.3411,0.5615
2.213,raw,166,-4.0802,-9.6366,0.5407
2.213,raw,176,-3.8518,-9.8928,0.5244
2.213,raw,186,-3.5933,-10.0959,0.5142
2.213,raw,195,-6.5723,-7.5915,0.8272
2.213,raw,205,-6.4381,-7.8986,0.8141
2.213,raw,215,-6.2456,-8.1472,0.8079
2.213,raw,225,-6.0956,-8.4582,0.7938
2.213,raw,235,-5.8987,-8.7194,0.7852
2.213,raw,244,-5.7150,-8.9533,0.7773
2.213,raw,254,-5.5240,-9.2439,0.7645
2.213,raw,264,-4.3346,-7.8854,0.9295
2.213,raw,274,-4.1135,-8.0436,0.9271
2.213,raw,284,-4.8880,-10.1053,0.7251
2.213,raw,293,-4.6974,-10.3983,0.7089
2.213,raw,303,-4.4312,-10.6309,0.7000
2.213,raw,313,-4.2011,-10.9638,0.6803
2.213,raw,323,-3.9578,-11.2973,0.6601
2.213,raw,333,-3.7156,-11.6721,0.6354
2.213,raw,342,-3.5349,-12.1664,0.5975
2.213,raw,352,-3.2755,-12.6059,0.5658
2.213,raw,362,-3.0089,-13.0961,0.5287
2.213,raw,372,-7.6558,-7.7617,1.0144
2.213,raw,382,-7.5139,-8.0852,1.0055
2.213,raw,391,-7.3399,-8.3359,1.0012
2.213,raw,401,-7.1830,-8.6624,0.9916
2.213,raw,411,-6.9931,-8.9618,0.9843
2.213,raw,421,-6.7905,-9.2551,0.9772
2.213,raw,431,-6.6043,-9.5815,0.9669
2.213,raw,440,-6.4129,-9.8541,0.9591
2.213,raw,450,-6.1743,-10.1298,0.9525
2.213,raw,460,-4.3973,-7.8845,1.1489
2.213,raw,470,-4.1304,-7.9637,1.1536
2.213,raw,480,-5.4797,-11.0766,0.9204
2.213,raw,489,-5.2891,-11.4332,0.9046
2.213,raw,499,-5.0516,-11.8076,0.8884
2.213,raw,509,-4.7715,-12.1179,0.8767
2.213,raw,519,-4.4808,-12.4283,0.8645
2.213,raw,529,-4.2835,-13.0274,0.8307
2.213,raw,538,-4.0668,-13.5261,0.8031
2.213,raw,548,-3.8455,-14.2301,0.7614
2.213,raw,558,-3.5682,-14.8611,0.7248
2.213,raw,568,-3.2693,-15.5345,0.6848
2.213,raw,578,-2.9437,-16.2446,0.6420
2.213,raw,587,-2.6699,-17.1599,0.5836
2.213,raw,597,-10.2234,-5.0022,1.2579
2.213,raw,607,-10.0484,-5.2970,1.2590
2.213,raw,617,-9.9757,-5.6475,1.2544
2.213,raw,626,-9.7949,-5.9008,1.2558
2.213,raw,636,-9.7018,-6.2482,1.2512
2.213,raw,646,-9.5282,-6.5491,1.2503
2.213,raw,656,-9.4393,-6.9120,1.2443
2.213,raw,666,-9.2662,-7.2211,1.2423
2.213,raw,675,-9.1721,-7.5516,1.2364
2.213,raw,685,-8.9809,-7.8561,1.2343
2.213,raw,695,-8.7925,-8.1669,1.2315
2.213,raw,705,-8.5885,-8.4683,1.2290
2.213,raw,715,-8.4575,-8.8481,1.2212
2.213,raw,724,-8.2405,-9.0975,1.2199
2.213,raw,734,-8.0521,-9.4369,1.2143
2.213,raw,744,-7.8745,-9.8005,1.2070
2.213,raw,754,-7.6771,-10.1545,1.2002
2.213,raw,764,-7.4296,-10.4560,1.1962
2.213,raw,773,-7.2510,-10.7979,1.1884
2.213,raw,783,-7.0021,-11.1213,1.1826
2.213,raw,793,-6.7943,-11.5249,1.1723
2.213,raw,803,-4.2202,-7.9039,1.3740
2.213,raw,813,-4.0430,-8.1407,1.3686
2.213,raw,822,-6.0661,-12.6209,1.1452
2.213,raw,832,-5.8311,-13.0883,1.1309
2.213,raw,842,-5.5369,-13.4675,1.1208
2.213,raw,852,-5.2343,-13.8609,1.1097
2.213,raw,862,-5.0556,-14.6248,1.0803
2.213,raw,871,-4.8301,-15.2238,1.0582
2.213,raw,881,-4.5820,-15.9967,1.0283
2.213,raw,891,-4.4500,-17.3199,0.9723
2.213,raw,901,-5.0985,-22.0299,0.7576
2.213,raw,911,-4.7395,-23.4509,0.6984
2.213,raw,920,-4.3041,-24.4900,0.6561
2.213,raw,930,-3.6407,-24.9060,0.6428
2.213,raw,940,-2.9598,-25.3219,0.6287
2.213,raw,950,-2.2597,-25.7318,0.6140
2.213,raw,960,-1.5427,-26.1709,0.5971
2.213,raw,969,-0.8744,-26.4840,0.5848
2.213,raw,979,-0.1131,-26.7550,0.5738
2.213,raw,989,0.6636,-27.1654,0.5554
2.213,raw,999,1.4632,-27.5486,0.5372
2.213,raw,1009,2.2884,-27.9618,0.5166
2.213,raw,1018,22.2350,9.6191,0.7215
2.213,raw,1028,26.3423,12.2974,0.5009
2.213,raw,1038,-17.4936,20.3919,0.5682
2.213,raw,1048,-17.3460,19.1018,0.6161
2.213,raw,1058,-16.9759,17.6735,0.6745
2.213,raw,1067,-16.5286,16.3658,0.7306
2.213,raw,1077,-16.2549,15.2130,0.7754
2.213,raw,1087,-15.9416,14.1000,0.8194
2.213,raw,1097,-15.7133,13.1253,0.8556
2.213,raw,1107,-15.2655,12.0421,0.9019
2.213,raw,1116,-15.1210,11.3123,0.9269
2.213,raw,1126,-11.0763,7.9377,1.1657
2.213,raw,1136,-11.3416,7.6314,1.1631
2.213,raw,1146,-14.2538,8.8825,1.0203
2.213,raw,1156,-14.1070,8.2392,1.0406
2.213,raw,1165,-13.8633,7.6267,1.0635
2.213,raw,1175,-13.7483,7.0548,1.0799
2.213,raw,1185,-13.7100,-0.1305,1.4863
2.213,raw,1195,-13.5573,-0.5318,1.4894
2.213,raw,1204,-8.4498,-0.5063,1.6019
2.213,raw,1214,-8.1640,-0.7356,1.6077
2.213,raw,1224,-8.2288,-0.9970,1.6056
2.213,raw,1234,-12.9921,-2.0348,1.4983
2.213,raw,1244,-12.8263,-2.4029,1.5004
2.213,raw,1253,-12.7072,-2.7362,1.5015
2.213,raw,1263,-12.5527,-3.0982,1.5030
2.213,raw,1273,-12.4545,-3.4724,1.5030
2.213,raw,1283,-12.2835,-3.8242,1.5044
2.213,raw,1293,-12.1579,-4.1882,1.5045
2.213,raw,1302,-11.8647,-4.4483,1.5086
2.213,raw,1312,-11.7306,-4.8034,1.5085
2.213,raw,1322,-11.6389,-5.1778,1.5072
2.213,raw,1332,-11.5192,-5.5432,1.5062
2.213,raw,1342,-11.4004,-5.9121,1.5050
2.213,raw,1351,-11.3120,-6.2578,1.5031
2.213,raw,1361,-11.0847,-6.5728,1.5041
2.213,raw,1371,-10.9588,-6.9483,1.5022
2.213,raw,1381,-10.7984,-7.3073,1.5009
2.213,raw,1391,-10.6592,-7.6857,1.4987
2.213,raw,1400,-10.4409,-7.9635,1.4990
2.213,raw,1410,-10.2756,-8.3324,1.4970
2.213,raw,1420,-10.1221,-8.7186,1.4942
2.213,raw,1430,-9.8745,-9.0313,1.4938
2.213,raw,1440,-9.7063,-9.4205,1.4908
2.213,raw,1449,-9.5492,-9.7750,1.4879
2.213,raw,1459,-9.3404,-10.1451,1.4853
2.213,raw,1469,-9.1021,-10.4931,1.4832
2.213,raw,1479,-8.9981,-11.0080,1.4761
2.213,raw,1489,-8.7683,-11.3958,1.4728
2.213,raw,1498,-8.5230,-11.7070,1.4707
2.213,raw,1508,-8.4533,-12.3470,1.4602
2.213,raw,1518,-8.1895,-12.7478,1.4563
2.213,raw,1528,-7.9095,-13.1427,1.4523
2.213,raw,1538,-7.6344,-13.5668,1.4475
2.213,raw,1547,-7.5611,-14.2839,1.4346
2.213,raw,1557,-7.2650,-14.7458,1.4287
2.213,raw,1567,-8.7800,-18.9827,1.3302
2.213,raw,1577,-8.5158,-19.8878,1.3145
2.213,raw,1587,-8.2067,-20.7919,1.2989
2.213,raw,1596,-7.9059,-21.6448,1.2839
2.213,raw,1606,-7.6684,-22.9925,1.2578
2.213,raw,1616,-7.2790,-24.0908,1.2376
2.213,raw,1626,-6.8859,-25.3681,1.2131
2.213,raw,1636,-6.4272,-26.6482,1.1886
2.213,raw,1645,-5.8074,-27.1493,1.1811
2.213,raw,1655,-5.0722,-27.5820,1.1752
2.213,raw,1665,-4.3219,-28.0224,1.1686
2.213,raw,1675,-3.5500,-28.4355,1.1622
2.213,raw,1685,-2.7655,-28.8916,1.1544
2.213,raw,1694,-2.0433,-29.3234,1.1465
2.213,raw,1704,-1.2248,-29.9138,1.1348
2.213,raw,1714,-0.3751,-30.5050,1.1226
2.213,raw,1724,0.5072,-31.0994,1.1098
2.213,raw,1734,1.4160,-31.4274,1.1022
2.213,raw,1743,2.2531,-31.7571,1.0942
2.213,raw,1753,3.2048,-32.1069,1.0850
2.213,raw,1763,4.2024,-32.6442,1.0711
2.213,raw,1773,5.2491,-33.2633,1.0546
2.213,raw,1782,6.2906,-34.1869,1.0309
2.213,raw,1792,-23.1020,25.9369,1.0290
2.213,raw,1802,-22.6012,23.9793,1.0680
2.213,raw,1812,-21.8782,21.9461,1.1110
2.213,raw,1822,-21.0336,19.9524,1.1548
2.213,raw,1831,-20.2720,18.2853,1.1919
2.213,raw,1841,-19.8144,16.8838,1.2196
2.213,raw,1851,-19.1055,15.3778,1.2525
2.213,raw,1861,-18.4999,14.0527,1.2808
2.213,raw,1871,-11.1039,8.1511,1.4893
2.213,raw,1880,-11.1449,7.7435,1.4935
2.213,raw,1890,-17.4909,11.1437,1.3350
2.213,raw,1900,-17.1567,10.2558,1.3513
2.213,raw,1910,-17.2023,9.6179,1.3573
2.213,raw,1920,-16.9020,8.8249,1.3712
2.213,raw,1929,-16.6585,8.1573,1.3824
2.213,raw,1939,-16.3907,7.4499,1.3942
2.213,raw,1949,-16.1472,6.7847,1.4047
2.213,raw,1959,-15.9013,6.1474,1.4148
2.213,raw,1969,-15.9474,5.6342,1.4176
2.213,raw,1978,-15.7551,5.1074,1.4251
2.213,raw,1988,-15.5441,4.5441,1.4330
2.213,raw,1998,-15.3228,3.9990,1.4408
2.213,raw,2008,-15.1387,3.4820,1.4473
2.213,raw,2018,-14.9236,2.9761,1.4541
2.213,raw,2027,-14.7575,2.5401,1.4593
2.213,raw,2037,-14.5708,2.0694,1.4648
2.213,raw,2047,-14.3891,1.6133,1.4699
2.213,raw,2057,-14.2178,1.1709,1.4745
2.213,raw,2067,-14.0699,0.7409,1.4782
2.213,raw,2076,-13.8970,0.3615,1.4822
2.213,raw,2086,-19.6303,-0.0855,1.8273
2.213,raw,2096,-18.4611,-0.6157,1.8257
2.213,raw,2106,-17.4817,-1.0932,1.8244
2.213,raw,2116,-8.6214,-0.7308,1.8124
2.213,raw,2125,-8.5806,-0.9647,1.8124
2.213,raw,2135,-28.0349,-4.2498,1.8391
2.213,raw,2145,-27.3473,-4.9668,1.8384
2.213,raw,2155,-17.2744,-3.6371,1.8246
2.213,raw,2165,-16.3686,-3.9532,1.8235
2.213,raw,2174,-25.4469,-6.8928,1.8364
2.213,raw,2184,-16.0740,-4.8545,1.8235
2.213,raw,2194,-17.6102,-5.8947,1.8259
2.213,raw,2204,-23.6668,-8.7061,1.8349
2.213,raw,2214,-23.1015,-9.2769,1.8344
2.213,raw,2223,-22.6290,-9.7894,1.8341
2.213,raw,2233,-22.0753,-10.3301,1.8337
2.213,raw,2243,-21.5501,-10.8674,1.8334
2.213,raw,2253,-14.7049,-7.9934,1.8234
2.213,raw,2263,-20.5355,-11.9186,1.8329
2.213,raw,2272,-22.9412,-14.1214,1.8372
2.213,raw,2282,-22.5913,-14.8351,1.8373
2.213,raw,2292,-22.2433,-15.5570,1.8375
2.213,raw,2302,-21.8823,-16.2781,1.8376
2.213,raw,2312,-21.5153,-17.0045,1.8378
2.213,raw,2321,-21.1922,-17.6742,1.8381
2.213,raw,2331,-20.8312,-18.4307,1.8384
2.213,raw,2341,-20.4437,-19.1805,1.8386
2.213,raw,2351,-20.0468,-19.9390,1.8390
2.213,raw,2360,-19.6793,-20.6284,1.8393
2.213,raw,2370,-19.2678,-21.4126,1.8397
2.213,raw,2380,-18.8331,-22.1963,1.8401
2.213,raw,2390,-18.4055,-23.0168,1.8405
2.213,raw,2400,-17.9671,-23.8578,1.8411
2.213,raw,2409,-17.5484,-24.6148,1.8415
2.213,raw,2419,-17.0981,-25.5172,1.8422
2.213,raw,2429,-16.6181,-26.4253,1.8429
2.213,raw,2439,-16.1124,-27.3470,1.8436
2.213,raw,2449,-15.5956,-28.3107,1.8443
2.213,raw,2458,-15.1093,-29.1991,1.8451
2.213,raw,2468,-14.5694,-30.2637,1.8460
2.213,raw,2478,-13.9947,-31.3506,1.8470
2.213,raw,2488,-34.0959,7.1754,1.8478
2.213,raw,2498,-33.6057,6.0614,1.8469
2.213,raw,2507,-33.1843,5.0952,1.8461
2.213,raw,2517,-32.7052,4.0542,1.8453
2.213,raw,2527,-32.1675,3.0426,1.8444
2.213,raw,2537,-31.6494,2.0680,1.8436
2.213,raw,2547,-31.1701,1.1277,1.8429
2.213,raw,2556,-30.7072,0.3062,1.8423
2.213,raw,2566,-16.6453,-1.4808,2.2269
2.213,raw,2576,-16.0036,-1.9472,2.2123
2.213,raw,2586,-15.6643,-3.9287,2.2133
2.213,raw,2596,-14.9703,-5.8140,2.2111
2.213,raw,2605,-15.5187,-7.6171,2.2415
2.213,raw,2615,-25.8924,-14.3992,2.5471
2.213,raw,2625,-19.8216,-24.3197,2.5887
2.213,raw,2635,-31.8575,-3.4229,3.3703
2.213,raw,2645,-15.6822,-2.2377,2.5892
2.213,raw,2654,-26.0761,-14.0061,3.2530
2.213,raw,2664,-11.3773,-8.4499,2.5081
2.213,raw,2674,-16.8393,0.7979,2.6369
2.213,raw,2684,-26.1951,-13.7753,3.9609
2.213,raw,2694,-25.8510,-14.5747,3.9664
2.213,raw,2703,-19.6440,-0.1436,3.7204
2.213,raw,2713,-19.4634,-0.7152,3.7049
2.213,raw,2723,-19.1423,-1.7224,3.6811
2.213,raw,2733,-15.7029,-2.1932,3.3610
2.213,raw,2743,-11.4736,-8.5198,3.2107
2.213,raw,2752,-16.5005,-0.1912,3.8238
2.213,raw,2762,-16.3610,-0.6735,3.8093
2.213,raw,2772,-16.2019,-1.1476,3.7940
2.213,raw,2782,-16.0653,-1.6171,3.7831
2.213,raw,2792,-16.4674,-2.1559,3.8384
2.213,raw,2801,-15.5700,-2.4576,3.7381
2.213,raw,2811,-15.4489,-2.9109,3.7334
2.213,raw,2821,-15.3028,-3.3567,3.7272
2.213,raw,2831,-15.1715,-3.8035,3.7244
2.213,raw,2841,-15.0341,-4.2476,3.7224
2.213,raw,2850,-14.8945,-4.6417,3.7199
2.213,raw,2860,-14.8015,-5.2482,3.7322
2.213,raw,2870,-14.6319,-5.6829,3.7313
2.213,raw,2880,-14.5052,-6.1356,3.7375
2.213,raw,2890,-14.3499,-6.5790,3.7417
2.213,raw,2899,-14.2273,-6.9887,3.7493
2.213,raw,2909,-14.0807,-7.4432,3.7581
2.213,raw,2919,-13.9496,-7.9117,3.7709
2.213,raw,2929,-16.7441,0.5961,3.8529
3.421,raw,0,-5.5032,-6.2895,0.5627
3.421,raw,10,-5.3505,-6.5005,0.5550
3.421,raw,20,-5.1906,-6.7080,0.5474
3.421,raw,30,-5.0617,-6.9607,0.5311
3.421,raw,40,-4.9142,-7.2000,0.5168
3.421,raw,50,-4.7141,-7.3736,0.5132
3.421,raw,61,-5.9995,-6.9470,0.6776
3.421,raw,71,-5.8376,-7.1841,0.6695
3.421,raw,81,-5.6897,-7.4454,0.6572
3.421,raw,91,-5.5451,-7.7213,0.6424
3.421,raw,101,-5.3447,-7.9327,0.6366
3.421,raw,111,-5.1897,-8.2167,0.6198
3.421,raw,122,-4.6862,-8.0209,0.6709
3.421,raw,132,-4.2862,-7.8935,0.7078
3.421,raw,142,-4.1133,-8.1383,0.6932
3.421,raw,152,-4.3692,-9.2279,0.5674
3.421,raw,162,-4.1425,-9.4593,0.5552
3.421,raw,172,-3.9323,-9.7433,0.5355
3.421,raw,183,-3.6650,-9.9978,0.5205
3.421,raw,193,-6.7230,-7.5597,0.8191
3.421,raw,203,-6.5163,-7.7857,0.8164
3.421,raw,213,-6.3767,-8.0955,0.8030
3.421,raw,223,-6.1835,-8.3506,0.7959
3.421,raw,233,-6.0341,-8.6732,0.7805
3.421,raw,244,-5.8076,-8.9578,0.7712
3.421,raw,254,-5.5948,-9.2165,0.7623
3.421,raw,264,-4.3937,-7.8624,0.9276
3.421,raw,274,-4.1481,-7.9783,0.9299
3.421,raw,284,-4.9475,-10.0548,0.7258
3.421,raw,294,-4.7231,-10.3529,0.7107
3.421,raw,305,-4.4404,-10.6291,0.6989
3.421,raw,315,-4.1985,-10.9346,0.6820
3.421,raw,325,-3.9649,-11.2911,0.6596
3.421,raw,335,-3.7069,-11.6214,0.6393
3.421,raw,345,-3.5085,-12.1771,0.5965
3.421,raw,355,-3.2433,-12.6005,0.5663
3.421,raw,366,-2.9731,-13.2374,0.5161
3.421,raw,376,-7.7452,-7.8315,1.0060
3.421,raw,386,-7.5806,-8.1366,0.9992
3.421,raw,396,-7.4181,-8.4530,0.9910
3.421,raw,406,-7.2338,-8.7548,0.9839
3.421,raw,416,-7.0283,-9.0405,0.9779
3.421,raw,427,-6.7953,-9.3557,0.9708
3.421,raw,437,-6.5950,-9.6683,0.9618
3.421,raw,447,-6.3924,-9.9916,0.9515
3.421,raw,457,-6.1719,-10.3033,0.9419
3.421,raw,467,-4.3026,-7.8683,1.1526
3.421,raw,477,-4.0937,-8.0472,1.1491
3.421,raw,488,-5.4348,-11.2865,0.9084
3.421,raw,498,-5.1571,-11.5655,0.8997
3.421,raw,508,-4.9322,-11.9813,0.8802
3.421,raw,518,-4.6290,-12.2505,0.8714
3.421,raw,528,-4.4006,-12.7385,0.8459
3.421,raw,539,-4.1373,-13.3168,0.8145
3.421,raw,549,-3.8756,-13.8562,0.7848
3.421,raw,559,-3.6466,-14.6047,0.7397
3.421,raw,569,-3.3527,-15.2500,0.7019
3.421,raw,579,-3.0367,-15.9428,0.6603
3.421,raw,589,-2.7271,-16.8576,0.6028
3.421,raw,600,-2.3828,-18.2005,0.5155
3.421,raw,610,-10.2640,-5.2747,1.2504
3.421,raw,620,-10.1768,-5.6223,1.2466
3.421,raw,630,-10.0790,-5.9696,1.2427
3.421,raw,640,-9.8841,-6.2629,1.2434
3.421,raw,650,-9.7857,-6.6191,1.2385
3.421,raw,661,-9.6043,-6.9686,1.2363
3.421,raw,671,-9.4157,-7.2721,1.2351
3.421,raw,681,-9.2994,-7.6356,1.2291
3.421,raw,691,-9.1035,-7.9421,1.2272
3.421,raw,701,-8.8852,-8.2321,1.2260
3.421,raw,711,-8.7077,-8.5634,1.2217
3.421,raw,722,-8.5155,-8.9403,1.2159
3.421,raw,732,-8.3359,-9.2885,1.2102
3.421,raw,742,-8.0873,-9.5697,1.2083
3.421,raw,752,-7.8863,-9.9124,1.2024
3.421,raw,762,-7.6918,-10.2760,1.1951
3.421,raw,772,-7.4910,-10.6473,1.1871
3.421,raw,783,-7.2177,-11.0007,1.1813
3.421,raw,793,-7.0019,-11.3860,1.1722
3.421,raw,803,-4.3760,-7.8333,1.3727
3.421,raw,813,-4.1336,-7.9528,1.3736
3.421,raw,823,-6.2222,-12.4495,1.1484
3.421,raw,833,-5.9555,-12.8376,1.1383
3.421,raw,844,-5.6739,-13.3273,1.1237
3.421,raw,854,-5.3666,-13.6969,1.1139
3.421,raw,864,-5.1070,-14.2242,1.0961
3.421,raw,874,-4.9147,-15.0079,1.0657
3.421,raw,884,-4.6623,-15.7320,1.0382
3.421,raw,894,-4.4499,-16.7178,0.9982
3.421,raw,905,-4.3518,-18.5597,0.9186
3.421,raw,915,-4.8236,-23.1208,0.7118
3.421,raw,925,-4.3451,-24.2395,0.6665
3.421,raw,935,-3.7126,-24.7917,0.6470
3.421,raw,945,-3.0276,-25.1512,0.6356
3.421,raw,955,-2.3346,-25.5747,0.6203
3.421,raw,966,-1.5491,-26.0382,0.6027
3.421,raw,976,-0.8038,-26.2734,0.5942
3.421,raw,986,-0.0483,-26.5622,0.5822
3.421,raw,996,0.7237,-26.9440,0.5651
3.421,raw,1006,1.5183,-27.3309,0.5467
3.421,raw,1017,2.4201,-27.7592,0.5250
3.421,raw,1027,3.2671,-28.1498,0.5041
3.421,raw,1037,23.7932,10.6825,0.6373
3.421,raw,1047,-18.3476,21.2733,0.5126
3.421,raw,1057,-17.8838,19.6016,0.5829
3.421,raw,1067,-17.7448,18.3779,0.6272
3.421,raw,1078,-17.3426,16.8860,0.6876
3.421,raw,1088,-16.7816,15.4534,0.7503
3.421,raw,1098,-16.4600,14.3227,0.7949
3.421,raw,1108,-16.1973,13.3092,0.8333
3.421,raw,1118,-15.7136,12.1917,0.8816
3.421,raw,1128,-15.5203,11.3503,0.9111
3.421,raw,1139,-11.1428,7.7655,1.1675
3.421,raw,1149,-14.9137,9.5996,0.9778
3.421,raw,1159,-14.7641,8.9161,0.9995
3.421,raw,1169,-14.4283,8.1637,1.0294
3.421,raw,1179,-14.1408,7.4771,1.0554
3.421,raw,1189,-14.3842,0.0457,1.4714
3.421,raw,1200,-14.1995,-0.4178,1.4752
3.421,raw,1210,-14.0168,-0.8290,1.4788
3.421,raw,1220,-8.1746,-0.6715,1.6075
3.421,raw,1230,-8.1909,-0.9263,1.6065
3.421,raw,1240,-13.5197,-2.0199,1.4867
3.421,raw,1250,-13.3673,-2.4064,1.4886
3.421,raw,1261,-13.1831,-2.8227,1.4907
3.421,raw,1271,-13.0229,-3.1978,1.4923
3.421,raw,1281,-12.8729,-3.5719,1.4934
3.421,raw,1291,-12.7278,-3.9450,1.4941
3.421,raw,1301,-12.5657,-4.3106,1.4950
3.421,raw,1311,-12.2339,-4.6101,1.4996
3.421,raw,1322,-12.0680,-5.0071,1.4998
3.421,raw,1332,-11.9180,-5.3683,1.4997
3.421,raw,1342,-11.7743,-5.7332,1.4992
3.421,raw,1352,-11.6482,-6.1091,1.4980
3.421,raw,1362,-11.5028,-6.4783,1.4969
3.421,raw,1372,-11.2876,-6.8095,1.4974
3.421,raw,1383,-11.0815,-7.1922,1.4969
3.421,raw,1393,-10.9444,-7.5762,1.4947
3.421,raw,1403,-10.7740,-7.9434,1.4932
3.421,raw,1413,-10.5299,-8.2598,1.4933
3.421,raw,1423,-10.3759,-8.6492,1.4907
3.421,raw,1433,-10.2706,-9.0901,1.4862
3.421,raw,1444,-9.9780,-9.4316,1.4860
3.421,raw,1454,-9.8611,-9.8883,1.4810
3.421,raw,1464,-9.6891,-10.3075,1.4771
3.421,raw,1474,-9.4254,-10.6420,1.4758
3.421,raw,1484,-9.3285,-11.1753,1.4684
3.421,raw,1494,-9.0597,-11.5290,1.4662
3.421,raw,1505,-8.7592,-11.9230,1.4635
3.421,raw,1515,-8.6714,-12.5507,1.4536
3.421,raw,1525,-8.3741,-12.9164,1.4507
3.421,raw,1535,-8.0900,-13.3173,1.4468
3.421,raw,1545,-7.7999,-13.7288,1.4424
3.421,raw,1556,-7.6559,-14.5253,1.4287
3.421,raw,1566,-7.3391,-14.9652,1.4235
3.421,raw,1576,-8.8526,-19.2368,1.3242
3.421,raw,1586,-8.5411,-20.0586,1.3107
3.421,raw,1596,-8.2336,-20.9839,1.2946
3.421,raw,1606,-7.8942,-21.9446,1.2776
3.421,raw,1617,-7.5902,-23.3624,1.2505
3.421,raw,1627,-7.1898,-24.4821,1.2297
3.421,raw,1637,-6.7586,-25.6940,1.2068
3.421,raw,1647,-6.2606,-26.8877,1.1841
3.421,raw,1657,-5.5253,-27.2786,1.1795
3.421,raw,1667,-4.7752,-27.6606,1.1745
3.421,raw,1678,-3.9402,-28.1189,1.1677
3.421,raw,1688,-3.1606,-28.5148,1.1615
3.421,raw,1698,-2.3679,-28.9496,1.1539
3.421,raw,1708,-1.5613,-29.4786,1.1438
3.421,raw,1718,-0.7271,-29.9953,1.1334
3.421,raw,1728,0.1342,-30.5703,1.1212
3.421,raw,1739,1.1143,-30.9578,1.1126
3.421,raw,1749,2.0252,-31.2586,1.1052
3.421,raw,1759,2.9598,-31.6110,1.0962
3.421,raw,1769,3.9353,-32.1178,1.0831
3.421,raw,1779,4.9494,-32.6492,1.0688
3.421,raw,1789,6.0349,-33.3799,1.0493
3.421,raw,1800,25.6056,11.6733,1.1908
3.421,raw,1810,-23.7473,24.5005,1.0422
3.421,raw,1820,-22.7567,22.2039,1.0932
3.421,raw,1830,-21.8054,20.1197,1.1398
3.421,raw,1840,-21.2330,18.5126,1.1726
3.421,raw,1850,-20.3716,16.7839,1.2115
3.421,raw,1861,-19.5670,15.1335,1.2477
3.421,raw,1871,-19.5650,14.2538,1.2591
3.421,raw,1881,-11.0896,7.8260,1.4936
3.421,raw,1891,-18.7157,12.0729,1.3013
3.421,raw,1901,-18.3346,11.1015,1.3195
3.421,raw,1911,-18.3449,10.3955,1.3269
3.421,raw,1922,-17.9925,9.4608,1.3434
3.421,raw,1932,-17.6714,8.6551,1.3575
3.421,raw,1942,-17.3670,7.8962,1.3705
3.421,raw,1952,-17.0708,7.1764,1.3826
3.421,raw,1962,-16.7776,6.4909,1.3940
3.421,raw,1972,-16.8282,5.9505,1.3969
3.421,raw,1983,-16.5539,5.2664,1.4072
3.421,raw,1993,-16.3292,4.6770,1.4155
3.421,raw,2003,-16.0710,4.1016,1.4241
3.421,raw,2013,-15.8222,3.5506,1.4321
3.421,raw,2023,-15.6177,3.0281,1.4387
3.421,raw,2034,-15.4092,2.4752,1.4452
3.421,raw,2044,-15.2084,1.9871,1.4510
3.421,raw,2054,-14.9827,1.5117,1.4570
3.421,raw,2064,-14.7974,1.0537,1.4618
3.421,raw,2074,-14.5975,0.6075,1.4666
3.421,raw,2084,-14.4502,0.1734,1.4700
3.421,raw,2095,-34.2280,-0.8417,1.8471
3.421,raw,2105,-33.6429,-1.8079,1.8463
3.421,raw,2115,-33.0648,-2.7442,1.8457
3.421,raw,2125,-31.8475,-3.5775,1.8441
3.421,raw,2135,-31.9541,-4.5390,1.8444
3.421,raw,2145,-31.4079,-5.4004,1.8439
3.421,raw,2156,-30.8703,-6.3347,1.8434
3.421,raw,2166,-30.3257,-7.1518,1.8429
3.421,raw,2176,-29.8150,-7.9577,1.8425
3.421,raw,2186,-29.3413,-8.7576,1.8422
3.421,raw,2196,-17.6202,-5.8177,1.8259
3.421,raw,2206,-28.3534,-10.3033,1.8416
3.421,raw,2217,-16.1659,-6.4768,1.8243
3.421,raw,2227,-15.5706,-6.7811,1.8237
3.421,raw,2237,-26.9043,-12.6419,1.8410
3.421,raw,2247,-26.4314,-13.3776,1.8409
3.421,raw,2257,-25.9792,-14.1184,1.8408
3.421,raw,2267,-25.5204,-14.8525,1.8407
3.421,raw,2278,-24.9814,-15.6363,1.8406
3.421,raw,2288,-24.4759,-16.3356,1.8406
3.421,raw,2298,-24.0026,-17.0550,1.8406
3.421,raw,2308,-11.5869,-8.8503,1.8205
3.421,raw,2318,-23.0152,-18.4693,1.8407
3.421,raw,2328,-22.5404,-19.1974,1.8408
3.421,raw,2339,-22.0042,-19.9952,1.8410
3.421,raw,2349,-21.4953,-20.7101,1.8411
3.421,raw,2359,-21.0051,-21.4540,1.8413
3.421,raw,2369,-20.5027,-22.2001,1.8416
3.421,raw,2379,-20.0114,-22.9761,1.8419
3.421,raw,2389,-19.5254,-23.7813,1.8423
3.421,raw,2400,-18.9737,-24.6783,1.8428
3.421,raw,2410,-18.4648,-25.5175,1.8433
3.421,raw,2420,-17.9324,-26.3605,1.8438
3.421,raw,2430,-17.4006,-27.2452,1.8444
3.421,raw,2440,-16.8432,-28.1378,1.8450
3.421,raw,2450,-16.2730,-29.0623,1.8457
3.421,raw,2461,-15.6287,-30.1204,1.8465
3.421,raw,2471,-15.0224,-31.1187,1.8473
3.421,raw,2481,-34.9000,0.3584,1.8480
3.421,raw,2491,-17.0049,-0.1805,2.2340
3.421,raw,2501,-16.4843,-0.6585,2.2215
3.421,raw,2511,-16.3526,-1.1385,2.2190
3.421,raw,2522,-16.1876,-1.6581,2.2161
3.421,raw,2532,-15.6940,-2.2190,2.2058
3.421,raw,2542,-15.9014,-2.8314,2.2133
3.421,raw,2552,-16.9291,-3.5415,2.2418
3.421,raw,2562,-15.3407,-3.7778,2.2047
3.421,raw,2573,-15.1650,-4.2646,2.2036
3.421,raw,2583,-15.2307,-4.7763,2.2088
3.421,raw,2593,-16.6339,-6.7784,2.2584
3.421,raw,2603,-26.0976,-13.9854,2.5469
3.421,raw,2613,-11.5558,-8.7732,2.1723
3.421,raw,2623,-16.8523,0.8201,2.2304
3.421,raw,2634,-19.6375,-0.0620,2.7715
3.421,raw,2644,-32.0563,-4.0769,3.3838
3.421,raw,2654,-26.1577,-13.8213,3.2526
3.421,raw,2664,-13.9591,-8.0607,2.6030
3.421,raw,2674,-19.4698,-24.1380,3.3181
3.421,raw,2684,-18.4967,-3.0835,3.1831
3.421,raw,2695,-26.0147,-14.2362,3.9655
3.421,raw,2705,-19.6148,-0.0039,3.7178
3.421,raw,2715,-19.5143,-0.5787,3.7096
3.421,raw,2725,-19.3313,-1.1435,3.6950
3.421,raw,2735,-19.1845,-1.7034,3.6854
3.421,raw,2745,-18.9987,-2.2530,3.6735
3.421,raw,2756,-17.9028,-2.8181,3.5778
3.421,raw,2766,-18.3965,-3.4593,3.6348
3.421,raw,2776,-18.2422,-3.9917,3.6308
3.421,raw,2786,-18.0882,-4.5221,3.6282
3.421,raw,2796,-17.9051,-5.0431,3.6242
3.421,raw,2806,-17.7428,-5.5686,3.6238
3.421,raw,2817,-17.4887,-6.5890,3.6327
3.421,raw,2827,-17.1739,-7.5971,3.6412
3.421,raw,2837,-16.8968,-8.5135,3.6545
3.421,raw,2847,-11.3177,-8.4913,3.1979
3.421,raw,2857,-19.0769,0.1692,3.6665
3.421,raw,2867,-16.4843,-0.2673,3.8225
3.421,raw,2878,-16.3315,-0.7965,3.8070
3.421,raw,2888,-16.1813,-1.2699,3.7933
3.421,raw,2898,-16.0162,-1.7354,3.7794
3.421,raw,2908,-15.6729,-2.1684,3.7455
3.421,raw,2918,-15.5293,-2.6203,3.7372
3.421,raw,2928,-15.4000,-3.0713,3.7321
3.421,raw,2939,-15.2483,-3.5627,3.7271
3.421,raw,2949,-15.0953,-4.0035,3.7223
3.421,raw,2959,-14.9817,-4.4541,3.7240
3.421,raw,2969,-14.8344,-4.8948,3.7230
3.421,raw,2979,-14.7247,-5.4982,3.7346
3.421,raw,2989,-14.5766,-5.9423,3.7373
3.421,raw,3000,-14.4182,-6.4350,3.7429
3.421,raw,3010,-14.2724,-6.8854,3.7496
3.421,raw,3020,-14.1278,-7.3405,3.7583
3.421,raw,3030,-13.9838,-7.8011,3.7689
3.421,raw,3040,-16.7787,0.6682,3.8576
4.520,raw,0,-5.5319,-6.3370,0.5523
4.520,raw,10,-5.3672,-6.5375,0.5469
4.520,raw,20,-5.1973,-6.7355,0.5412
4.520,raw,30,-5.0882,-7.0155,0.5202
4.520,raw,40,-4.9059,-7.2108,0.5138
4.520,raw,50,-4.7275,-7.4168,0.5049
4.520,raw,60,-5.9445,-7.1103,0.6655
4.520,raw,71,-5.7719,-7.3851,0.6544
4.520,raw,81,-5.6041,-7.6300,0.6445
4.520,raw,91,-5.4047,-7.8408,0.6391
4.520,raw,101,-5.2458,-8.1148,0.6239
4.520,raw,111,-5.0621,-8.3651,0.6118
4.520,raw,121,-4.4247,-7.8882,0.6983
4.520,raw,131,-4.1556,-7.9666,0.7064
4.520,raw,142,-4.4601,-9.1687,0.5670
4.520,raw,152,-4.2372,-9.4050,0.5545
4.520,raw,162,-4.0143,-9.6567,0.5393
4.520,raw,172,-3.8061,-9.9623,0.5167
4.520,raw,182,-3.5522,-10.1834,0.5041
4.520,raw,192,-6.6236,-7.6911,0.8145
4.520,raw,202,-6.4847,-7.9990,0.8017
4.520,raw,213,-6.3042,-8.3186,0.7896
4.520,raw,223,-6.1099,-8.5816,0.7814
4.520,raw,233,-5.9104,-8.8464,0.7726
4.520,raw,243,-5.6872,-9.0860,0.7661
4.520,raw,253,-4.5968,-7.9570,0.9088
4.520,raw,263,-4.2444,-7.9043,0.9300
4.520,raw,273,-4.0732,-8.1529,0.9179
4.520,raw,284,-4.8027,-10.2397,0.7155
4.520,raw,294,-4.5680,-10.5299,0.7011
4.520,raw,304,-4.3297,-10.8348,0.6846
4.520,raw,314,-4.0566,-11.0821,0.6734
4.520,raw,324,-3.8161,-11.4372,0.6509
4.520,raw,334,-3.5760,-11.8376,0.6234
4.520,raw,344,-3.3604,-12.3756,0.5823
4.520,raw,355,-3.0581,-12.8435,0.5485
4.520,raw,365,-7.9184,-7.7773,0.9985
4.520,raw,375,-7.7662,-8.0970,0.9907
4.520,raw,385,-7.5505,-8.3595,0.9881
4.520,raw,395,-7.3468,-8.6389,0.9834
4.520,raw,405,-7.1656,-8.9517,0.9753
4.520,raw,416,-6.9135,-9.2419,0.9708
4.520,raw,426,-6.6909,-9.5213,0.9648
4.520,raw,436,-6.4753,-9.8196,0.9569
4.520,raw,446,-6.2760,-10.1555,0.9454
4.520,raw,456,-4.4445,-7.8684,1.1465
4.520,raw,466,-4.1574,-7.9157,1.1538
4.520,raw,476,-5.5653,-11.0830,0.9156
4.520,raw,487,-5.3017,-11.4614,0.9009
4.520,raw,497,-5.0612,-11.8319,0.8851
4.520,raw,507,-4.7800,-12.1420,0.8735
4.520,raw,517,-4.4690,-12.4044,0.8649
4.520,raw,527,-4.2796,-13.0218,0.8298
4.520,raw,537,-4.0216,-13.5268,0.8027
4.520,raw,547,-3.7975,-14.2243,0.7615
4.520,raw,558,-3.4793,-14.8778,0.7241
4.520,raw,568,-3.1769,-15.5477,0.6843
4.520,raw,578,-2.8381,-16.2066,0.6449
4.520,raw,588,-2.5213,-17.1823,0.5829
4.520,raw,598,-10.6171,-5.1345,1.2376
4.520,raw,608,-10.4034,-5.4240,1.2405
4.520,raw,618,-10.2895,-5.7645,1.2378
4.520,raw,629,-10.1170,-6.1161,1.2367
4.520,raw,639,-10.0223,-6.4770,1.2318
4.520,raw,649,-9.8004,-6.7601,1.2332
4.520,raw,659,-9.7145,-7.1387,1.2266
4.520,raw,669,-9.5151,-7.4418,1.2258
4.520,raw,679,-9.3882,-7.8052,1.2201
4.520,raw,689,-9.1532,-8.0861,1.2202
4.520,raw,700,-8.9445,-8.4406,1.2166
4.520,raw,710,-8.7355,-8.7509,1.2139
4.520,raw,720,-8.5389,-9.0790,1.2098
4.520,raw,730,-8.3461,-9.4195,1.2046
4.520,raw,740,-8.1430,-9.7586,1.1993
4.520,raw,750,-7.8998,-10.0601,1.1960
4.520,raw,761,-7.6651,-10.4426,1.1890
4.520,raw,771,-7.4563,-10.8116,1.1812
4.520,raw,781,-7.1930,-11.1188,1.1767
4.520,raw,791,-6.9701,-11.5002,1.1678
4.520,raw,801,-4.3054,-7.8486,1.3731
4.520,raw,811,-4.0789,-7.9957,1.3725
4.520,raw,821,-6.1817,-12.5704,1.1438
4.520,raw,832,-5.9206,-13.0756,1.1287
4.520,raw,842,-5.6240,-13.4488,1.1190
4.520,raw,852,-5.3057,-13.8025,1.1100
4.520,raw,862,-5.1062,-14.4983,1.0840
4.520,raw,872,-4.8619,-15.1666,1.0593
4.520,raw,882,-4.5881,-15.8465,1.0339
4.520,raw,892,-4.3999,-16.9410,0.9887
4.520,raw,903,-4.3110,-18.8791,0.9046
4.520,raw,913,-4.6938,-23.1806,0.7101
4.520,raw,923,-4.2070,-24.2861,0.6654
4.520,raw,933,-3.5537,-24.7289,0.6508
4.520,raw,943,-2.8732,-25.1127,0.6381
4.520,raw,953,-2.1751,-25.4889,0.6249
4.520,raw,963,-1.4586,-25.8499,0.6114
4.520,raw,974,-0.6439,-26.1099,0.6019
4.520,raw,984,0.1076,-26.4292,0.5884
4.520,raw,994,0.8773,-26.7939,0.5718
4.520,raw,1004,1.6682,-27.1484,0.5547
4.520,raw,1014,2.4812,-27.5018,0.5366
4.520,raw,1024,3.3200,-27.8757,0.5164
4.520,raw,1034,22.1777,9.5421,0.7268
4.520,raw,1045,26.3092,12.3087,0.5036
4.520,raw,1055,-18.7043,19.6272,0.5552
4.520,raw,1065,-18.1284,17.9915,0.6261
4.520,raw,1075,-17.7705,16.6716,0.6788
4.520,raw,1085,-17.3706,15.4026,0.7306
4.520,raw,1095,-17.0577,14.2865,0.7739
4.520,raw,1105,-16.5089,13.0600,0.8279
4.520,raw,1116,-16.2177,12.0274,0.8663
4.520,raw,1126,-11.0480,7.8840,1.1671
4.520,raw,1136,-15.5882,10.2455,0.9351
4.520,raw,1146,-15.4010,9.5034,0.9599
4.520,raw,1156,-15.0396,8.7013,0.9922
4.520,raw,1166,-14.7134,7.9624,1.0210
4.520,raw,1177,-15.3368,0.1452,1.4498
4.520,raw,1187,-15.1234,-0.3044,1.4543
4.520,raw,1197,-14.9493,-0.7450,1.4577
4.520,raw,1207,-8.1861,-0.5897,1.6068
4.520,raw,1217,-8.1115,-0.8343,1.6079
4.520,raw,1227,-14.4167,-2.0167,1.4665
4.520,raw,1237,-14.2291,-2.4246,1.4692
4.520,raw,1248,-14.0415,-2.8695,1.4714
4.520,raw,1258,-13.8729,-3.2692,1.4731
4.520,raw,1268,-13.6863,-3.6598,1.4749
4.520,raw,1278,-13.5279,-4.0542,1.4759
4.520,raw,1288,-13.3724,-4.4473,1.4765
4.520,raw,1298,-12.7934,-4.6842,1.4869
4.520,raw,1308,-12.6294,-5.0578,1.4873
4.520,raw,1319,-12.4760,-5.4795,1.4869
4.520,raw,1329,-12.3213,-5.8575,1.4865
4.520,raw,1339,-12.1459,-6.2263,1.4864
4.520,raw,1349,-11.9924,-6.6075,1.4855
4.520,raw,1359,-11.5103,-6.8013,1.4927
4.520,raw,1369,-11.4253,-7.2194,1.4896
4.520,raw,1379,-11.3156,-7.6313,1.4867
4.520,raw,1390,-11.1845,-8.0882,1.4834
4.520,raw,1400,-10.8656,-8.3644,1.4855
4.520,raw,1410,-10.7442,-8.7912,1.4819
4.520,raw,1420,-10.6289,-9.2360,1.4776
4.520,raw,1430,-10.3025,-9.5073,1.4791
4.520,raw,1440,-10.1878,-9.9743,1.4740
4.520,raw,1450,-10.0546,-10.4422,1.4689
4.520,raw,1461,-9.7398,-10.7999,1.4681
4.520,raw,1471,-9.4525,-11.1278,1.4670
4.520,raw,1481,-9.3359,-11.6655,1.4596
4.520,raw,1491,-9.0464,-12.0146,1.4577
4.520,raw,1501,-8.7604,-12.3777,1.4551
4.520,raw,1511,-8.6442,-12.9970,1.4455
4.520,raw,1522,-8.3017,-13.4019,1.4423
4.520,raw,1532,-7.9834,-13.7746,1.4391
4.520,raw,1542,-7.6665,-14.1675,1.4352
4.520,raw,1552,-7.5412,-14.9418,1.4216
4.520,raw,1562,-8.9914,-18.9645,1.3280
4.520,raw,1572,-8.6852,-19.7676,1.3149
4.520,raw,1582,-8.3717,-20.6412,1.3001
4.520,raw,1593,-7.9983,-21.6533,1.2825
4.520,raw,1603,-7.7306,-22.9052,1.2587
4.520,raw,1613,-7.3464,-24.0016,1.2386
4.520,raw,1623,-6.9223,-25.1504,1.2171
4.520,raw,1633,-6.4699,-26.4133,1.1930
4.520,raw,1643,-5.7925,-26.9898,1.1842
4.520,raw,1653,-5.0501,-27.3644,1.1796
4.520,raw,1664,-4.2183,-27.7739,1.1741
4.520,raw,1674,-3.4489,-28.1558,1.1684
4.520,raw,1684,-2.6656,-28.5540,1.1618
4.520,raw,1694,-1.8696,-29.0151,1.1534
4.520,raw,1704,-1.0540,-29.5317,1.1432
4.520,raw,1714,-0.2119,-30.0784,1.1319
4.520,raw,1724,0.6597,-30.4438,1.1240
4.520,raw,1735,1.6387,-30.7242,1.1174
4.520,raw,1745,2.5490,-31.0276,1.1097
4.520,raw,1755,3.4938,-31.4757,1.0982
4.520,raw,1765,4.4770,-31.9848,1.0847
4.520,raw,1775,5.4993,-32.5125,1.0701
4.520,raw,1785,6.6398,-33.4741,1.0450
4.520,raw,1795,25.6249,11.7237,1.1906
4.520,raw,1806,-23.9496,23.0132,1.0613
4.520,raw,1816,-22.8186,20.7366,1.1135
4.520,raw,1826,-22.4523,19.2705,1.1407
4.520,raw,1836,-22.0151,17.8379,1.1681
4.520,raw,1846,-21.6181,16.5226,1.1926
4.520,raw,1856,-21.8477,15.7191,1.1988
4.520,raw,1866,-11.4430,7.9984,1.4845
4.520,raw,1877,-20.2622,12.8317,1.2629
4.520,raw,1887,-19.6135,11.6575,1.2884
4.520,raw,1897,-19.7262,10.9628,1.2936
4.520,raw,1907,-19.1118,9.9224,1.3162
4.520,raw,1917,-18.6881,9.0337,1.3331
4.520,raw,1927,-18.3348,8.2223,1.3474
4.520,raw,1938,-17.9955,7.3947,1.3613
4.520,raw,1948,-18.2408,6.8755,1.3602
4.520,raw,1958,-17.9051,6.1646,1.3723
4.520,raw,1968,-17.6239,5.5018,1.3825
4.520,raw,1978,-17.3519,4.8686,1.3920
4.520,raw,1988,-17.1339,4.2728,1.3998
4.520,raw,1998,-16.8496,3.6840,1.4087
4.520,raw,2009,-16.6002,3.0736,1.4166
4.520,raw,2019,-16.3936,2.5407,1.4229
4.520,raw,2029,-16.1677,2.0218,1.4292
4.520,raw,2039,-15.9429,1.5192,1.4352
4.520,raw,2049,-15.7125,1.0315,1.4410
4.520,raw,2059,-15.5071,0.5591,1.4459
4.520,raw,2069,-19.6131,-0.0399,1.8273
4.520,raw,2080,-34.5881,-3.1464,1.8478
4.520,raw,2090,-31.9772,-3.8443,1.8444
4.520,raw,2100,-18.7642,-2.7711,1.8264
4.520,raw,2110,-32.7357,-5.8965,1.8458
4.520,raw,2120,-17.3676,-3.6208,1.8248
4.520,raw,2130,-31.5553,-7.6094,1.8447
4.520,raw,2140,-30.9753,-8.4346,1.8443
4.520,raw,2151,-16.1138,-4.9388,1.8236
4.520,raw,2161,-29.8562,-10.1357,1.8435
4.520,raw,2171,-29.3221,-10.9212,1.8432
4.520,raw,2181,-16.7201,-6.8031,1.8252
4.520,raw,2191,-28.2698,-12.4581,1.8426
4.520,raw,2201,-27.7564,-13.2152,1.8424
4.520,raw,2211,-27.2519,-13.9679,1.8422
4.520,raw,2222,-25.9164,-14.3585,1.8409
4.520,raw,2232,-26.1963,-15.5294,1.8420
4.520,raw,2242,-25.6946,-16.2666,1.8419
4.520,raw,2252,-25.2005,-17.0067,1.8419
4.520,raw,2262,-24.6723,-17.7226,1.8419
4.520,raw,2272,-24.1998,-18.4793,1.8420
4.520,raw,2283,-23.6359,-19.2829,1.8420
4.520,raw,2293,-23.1321,-20.0257,1.8422
4.520,raw,2303,-22.6309,-20.7784,1.8423
4.520,raw,2313,-22.1188,-21.5314,1.8425
4.520,raw,2323,-21.5937,-22.2836,1.8427
4.520,raw,2333,-21.0848,-23.0674,1.8430
4.520,raw,2343,-20.5538,-23.8458,1.8433
4.520,raw,2354,-19.4677,-24.1167,1.8426
4.520,raw,2364,-19.4302,-25.5440,1.8441
4.520,raw,2374,-18.8344,-26.3150,1.8445
4.520,raw,2384,-18.2403,-27.1161,1.8449
4.520,raw,2394,-17.6187,-27.9088,1.8453
4.520,raw,2404,-17.0215,-28.7782,1.8459
4.520,raw,2414,-16.3920,-29.6413,1.8465
4.520,raw,2425,-15.6847,-30.6252,1.8472
4.520,raw,2435,-19.6111,-0.0399,2.2992
4.520,raw,2445,-17.8697,-0.9208,2.2568
4.520,raw,2455,-17.6102,-1.7456,2.2521
4.520,raw,2465,-15.7064,-2.1592,2.2066
4.520,raw,2475,-15.5959,-2.7142,2.2061
4.520,raw,2485,-17.6415,-3.6245,2.2602
4.520,raw,2496,-16.6582,-4.0946,2.2390
4.520,raw,2506,-15.1169,-4.3379,2.2037
4.520,raw,2516,-14.9675,-4.7817,2.2034
4.520,raw,2526,-14.7956,-5.5162,2.2053
4.520,raw,2536,-14.6434,-5.9617,2.2058
4.520,raw,2546,-14.5277,-6.4765,2.2081
4.520,raw,2556,-14.3913,-6.9359,2.2098
4.520,raw,2567,-14.2192,-7.4355,2.2115
4.520,raw,2577,-14.0721,-7.8995,2.2137
4.520,raw,2587,-19.6320,-24.1732,2.5836
4.520,raw,2597,-31.8601,-3.5465,3.3727
4.520,raw,2607,-18.4592,-3.0044,2.7289
4.520,raw,2617,-26.0684,-14.0461,3.2551
4.520,raw,2627,-20.0369,-23.9477,3.3295
4.520,raw,2638,-15.9893,-1.9099,2.9948
4.520,raw,2648,-26.2000,-13.7236,3.9618
4.520,raw,2658,-13.9641,-8.0038,2.9945
4.520,raw,2668,-19.6287,-0.0980,3.7220
4.520,raw,2678,-19.4595,-0.6708,3.7075
4.520,raw,2688,-19.2712,-1.2339,3.6926
4.520,raw,2699,-19.1114,-1.8484,3.6826
4.520,raw,2709,-18.9301,-2.3969,3.6715
4.520,raw,2719,-17.8832,-2.7988,3.5784
4.520,raw,2729,-18.4109,-3.4460,3.6387
4.520,raw,2739,-18.2271,-3.9731,3.6317
4.520,raw,2749,-18.0580,-4.5000,3.6276
4.520,raw,2759,-17.8977,-5.0273,3.6258
4.520,raw,2770,-17.7129,-5.6040,3.6247
4.520,raw,2780,-17.5501,-6.3054,3.6314
4.520,raw,2790,-17.3946,-6.8375,3.6354
4.520,raw,2800,-17.2524,-7.3784,3.6423
4.520,raw,2810,-17.0725,-7.9070,3.6470
4.520,raw,2820,-16.9050,-8.4455,3.6547
4.520,raw,2830,-16.3656,-8.7922,3.6241
4.520,raw,2841,-16.9397,0.8939,3.4669
4.520,raw,2851,-18.4756,0.4093,3.6120
4.520,raw,2861,-16.5453,-0.0544,3.8327
4.520,raw,2871,-16.3522,-0.5374,3.8114
4.520,raw,2881,-16.2452,-1.0167,3.8019
4.520,raw,2891,-16.0872,-1.4867,3.7880
4.520,raw,2901,-16.0344,-1.9640,3.7883
4.520,raw,2912,-15.5524,-2.5159,3.7412
4.520,raw,2922,-15.4084,-2.9653,3.7339
4.520,raw,2932,-15.2873,-3.4167,3.7310
4.520,raw,2942,-15.1399,-3.8602,3.7264
4.520,raw,2952,-15.0065,-4.3059,3.7251
4.520,raw,2962,-14.8648,-4.7487,3.7244
4.520,raw,2972,-14.7123,-5.3856,3.7318
4.520,raw,2983,-14.5632,-5.8787,3.7362
4.520,raw,2993,-14.4349,-6.3329,3.7430
4.520,raw,3003,-14.3146,-6.7948,3.7527
4.520,raw,3013,-14.1538,-7.2419,3.7588
4.520,raw,3023,-14.0148,-7.7047,3.7697
4.520,raw,3033,-16.8138,0.6892,3.8653
5.592,raw,0,-5.5131,-6.3338,0.5535
5.592,raw,10,-5.3640,-6.5517,0.5448
5.592,raw,20,-5.1944,-6.7507,0.5390
5.592,raw,30,-5.0788,-7.0233,0.5194
5.592,raw,40,-4.9009,-7.2249,0.5119
5.592,raw,51,-4.6934,-7.4363,0.5046
5.592,raw,61,-5.9053,-7.1266,0.6664
5.592,raw,71,-5.7424,-7.3689,0.6573
5.592,raw,81,-5.5952,-7.6389,0.6437
5.592,raw,91,-5.4003,-7.8561,0.6373
5.592,raw,102,-5.2241,-8.1572,0.6208
5.592,raw,112,-5.0590,-8.4382,0.6043
5.592,raw,122,-4.3755,-7.8846,0.7011
5.592,raw,132,-4.1282,-7.9995,0.7042
5.592,raw,142,-4.4443,-9.1680,0.5675
5.592,raw,153,-4.2035,-9.4374,0.5524
5.592,raw,163,-3.9808,-9.6918,0.5368
5.592,raw,173,-3.7611,-9.9735,0.5171
5.592,raw,183,-6.7352,-7.6044,0.8128
5.592,raw,193,-6.5462,-7.8533,0.8075
5.592,raw,204,-6.3676,-8.1691,0.7961
5.592,raw,214,-6.1786,-8.4336,0.7879
5.592,raw,224,-6.0275,-8.7585,0.7724
5.592,raw,234,-5.7968,-8.9857,0.7676
5.592,raw,245,-5.5683,-9.2816,0.7566
5.592,raw,255,-4.3409,-7.8800,0.9269
5.592,raw,265,-4.1086,-8.0198,0.9266
5.592,raw,275,-4.9196,-10.1306,0.7191
5.592,raw,285,-4.6878,-10.4191,0.7051
5.592,raw,296,-4.3946,-10.6775,0.6951
5.592,raw,306,-4.1591,-11.0024,0.6763
5.592,raw,316,-3.9116,-11.3293,0.6568
5.592,raw,326,-3.6671,-11.7018,0.6323
5.592,raw,336,-3.4484,-12.2050,0.5947
5.592,raw,347,-3.1688,-12.7218,0.5564
5.592,raw,357,-2.9268,-13.3315,0.5078
5.592,raw,367,-7.7561,-7.9628,0.9973
5.592,raw,377,-7.5445,-8.2250,0.9947
5.592,raw,387,-7.3760,-8.5384,0.9868
5.592,raw,398,-7.1625,-8.8622,0.9798
5.592,raw,408,-6.9577,-9.1526,0.9733
5.592,raw,418,-6.7490,-9.4473,0.9661
5.592,raw,428,-6.5454,-9.7600,0.9571
5.592,raw,439,-6.3143,-10.1095,0.9463
5.592,raw,449,-4.5262,-7.9208,1.1401
5.592,raw,459,-4.1871,-7.8856,1.1543
5.592,raw,469,-4.0508,-8.1965,1.1403
5.592,raw,479,-5.3822,-11.4040,0.9016
5.592,raw,490,-5.0653,-11.6967,0.8932
5.592,raw,500,-4.8198,-12.0777,0.8762
5.592,raw,510,-4.5258,-12.3772,0.8650
5.592,raw,520,-4.3197,-12.9416,0.8338
5.592,raw,530,-4.0604,-13.4310,0.8080
5.592,raw,541,-3.8200,-14.2040,0.7622
5.592,raw,551,-3.5331,-14.7956,0.7285
5.592,raw,561,-3.2292,-15.4380,0.6907
5.592,raw,571,-2.9037,-16.1321,0.6490
5.592,raw,581,-2.5937,-17.1091,0.5869
5.592,raw,592,-10.5063,-5.1318,1.2418
5.592,raw,602,-10.3056,-5.4248,1.2441
5.592,raw,612,-10.2053,-5.7705,1.2407
5.592,raw,622,-10.0309,-6.0777,1.2406
5.592,raw,633,-9.9004,-6.4552,1.2367
5.592,raw,643,-9.7271,-6.7674,1.2355
5.592,raw,653,-9.6260,-7.1339,1.2297
5.592,raw,663,-9.4196,-7.4294,1.2292
5.592,raw,673,-9.2844,-7.7838,1.2241
5.592,raw,684,-9.0656,-8.1233,1.2218
5.592,raw,694,-8.8693,-8.4387,1.2189
5.592,raw,704,-8.6679,-8.7546,1.2157
5.592,raw,714,-8.4715,-9.0818,1.2115
5.592,raw,724,-8.2779,-9.4204,1.2064
5.592,raw,735,-8.0608,-9.8000,1.2000
5.592,raw,745,-7.8029,-10.0834,1.1977
5.592,raw,755,-7.6068,-10.4529,1.1900
5.592,raw,765,-7.3896,-10.8101,1.1828
5.592,raw,775,-7.1302,-11.1219,1.1780
5.592,raw,786,-6.8949,-11.5578,1.1673
5.592,raw,796,-4.2345,-7.8601,1.3741
5.592,raw,806,-4.0368,-8.0581,1.3707
5.592,raw,816,-6.1143,-12.6534,1.1417
5.592,raw,827,-5.8412,-13.1416,1.1274
5.592,raw,837,-5.5346,-13.4974,1.1185
5.592,raw,847,-5.2264,-13.8801,1.1080
5.592,raw,857,-5.0418,-14.6289,1.0793
5.592,raw,867,-4.7978,-15.3178,1.0536
5.592,raw,878,-4.4979,-16.1019,1.0239
5.592,raw,888,-4.3885,-17.5364,0.9627
5.592,raw,898,-4.9644,-22.0627,0.7568
5.592,raw,908,-4.5952,-23.4662,0.6983
5.592,raw,918,-4.0768,-24.4766,0.6579
5.592,raw,929,-3.3390,-24.8954,0.6448
5.592,raw,939,-2.6526,-25.2838,0.6316
5.592,raw,949,-1.9496,-25.6800,0.6172
5.592,raw,959,-1.2252,-26.0364,0.6037
5.592,raw,969,-0.4781,-26.2642,0.5952
5.592,raw,980,0.3560,-26.6457,0.5787
5.592,raw,990,1.1353,-27.0108,0.5618
5.592,raw,1000,1.9372,-27.3900,0.5433
5.592,raw,1010,2.7654,-27.7947,0.5224
5.592,raw,1021,23.1895,10.0615,0.6755
5.592,raw,1031,26.3203,12.3200,0.5033
5.592,raw,1041,-18.3280,19.5735,0.5686
5.592,raw,1051,-17.9102,18.0850,0.6299
5.592,raw,1061,-17.5671,16.7691,0.6823
5.592,raw,1072,-17.1956,15.4265,0.7355
5.592,raw,1082,-16.8527,14.2836,0.7809
5.592,raw,1092,-16.3475,13.0880,0.8326
5.592,raw,1102,-16.0818,12.1444,0.8679
5.592,raw,1112,-11.0248,8.0126,1.1643
5.592,raw,1123,-11.2983,7.6631,1.1626
5.592,raw,1133,-15.0532,9.4179,0.9751
5.592,raw,1143,-14.8800,8.7266,0.9976
5.592,raw,1153,-14.5588,7.9903,1.0263
5.592,raw,1163,-14.4159,7.3795,1.0445
5.592,raw,1174,-14.5932,-0.2077,1.4658
5.592,raw,1184,-14.4015,-0.6331,1.4697
5.592,raw,1194,-8.2162,-0.5469,1.6060
5.592,raw,1204,-8.1160,-0.7899,1.6077
5.592,raw,1214,-13.9189,-1.8665,1.4776
5.592,raw,1225,-13.7338,-2.3030,1.4802
5.592,raw,1235,-13.5804,-2.6968,1.4819
5.592,raw,1245,-13.4305,-3.0872,1.4833
5.592,raw,1255,-13.2720,-3.4719,1.4846
5.592,raw,1266,-13.1259,-3.8998,1.4851
5.592,raw,1276,-12.9526,-4.2744,1.4863
5.592,raw,1286,-12.4767,-4.5364,1.4943
5.592,raw,1296,-12.3198,-4.9024,1.4947
5.592,raw,1306,-12.1644,-5.2683,1.4948
5.592,raw,1317,-11.9942,-5.6713,1.4946
5.592,raw,1327,-11.8340,-6.0360,1.4943
5.592,raw,1337,-11.6831,-6.4069,1.4934
5.592,raw,1347,-11.4183,-6.7151,1.4952
5.592,raw,1357,-11.2435,-7.0735,1.4945
5.592,raw,1368,-11.1005,-7.5035,1.4921
5.592,raw,1378,-11.0038,-7.9257,1.4886
5.592,raw,1388,-10.6825,-8.1920,1.4909
5.592,raw,1398,-10.5786,-8.6233,1.4869
5.592,raw,1408,-10.4752,-9.0689,1.4824
5.592,raw,1419,-10.1421,-9.3813,1.4835
5.592,raw,1429,-10.0339,-9.8469,1.4783
5.592,raw,1439,-9.9114,-10.3178,1.4729
5.592,raw,1449,-9.6244,-10.6343,1.4723
5.592,raw,1460,-9.3372,-11.0183,1.4703
5.592,raw,1470,-9.2338,-11.5654,1.4626
5.592,raw,1480,-8.9551,-11.9220,1.4604
5.592,raw,1490,-8.6629,-12.2706,1.4582
5.592,raw,1500,-8.5512,-12.8897,1.4485
5.592,raw,1511,-8.2225,-13.3080,1.4449
5.592,raw,1521,-7.9189,-13.6985,1.4412
5.592,raw,1531,-7.6205,-14.1186,1.4365
5.592,raw,1541,-7.4785,-14.8583,1.4237
5.592,raw,1551,-8.9424,-18.9060,1.3295
5.592,raw,1562,-8.6269,-19.8354,1.3140
5.592,raw,1572,-8.2844,-20.6493,1.3006
5.592,raw,1582,-7.9599,-21.6069,1.2837
5.592,raw,1592,-7.6971,-22.8690,1.2597
5.592,raw,1602,-7.3220,-23.9906,1.2389
5.592,raw,1613,-6.8643,-25.2951,1.2144
5.592,raw,1623,-6.3955,-26.5234,1.1910
5.592,raw,1633,-5.7036,-27.0545,1.1832
5.592,raw,1643,-4.9593,-27.4291,1.1786
5.592,raw,1654,-4.1300,-27.8679,1.1724
5.592,raw,1664,-3.3606,-28.2733,1.1661
5.592,raw,1674,-2.5770,-28.7062,1.1587
5.592,raw,1684,-1.7766,-29.1788,1.1499
5.592,raw,1694,-0.9558,-29.7136,1.1393
5.592,raw,1705,-0.0202,-30.3053,1.1270
5.592,raw,1715,0.8602,-30.6811,1.1188
5.592,raw,1725,1.7584,-30.9486,1.1124
5.592,raw,1735,2.6748,-31.2270,1.1052
5.592,raw,1745,3.6348,-31.7526,1.0919
5.592,raw,1756,4.7308,-32.3216,1.0767
5.592,raw,1766,5.7734,-32.8842,1.0611
5.592,raw,1776,24.8522,11.2050,1.2110
5.592,raw,1786,-23.9638,23.9566,1.0466
5.592,raw,1796,-22.9117,21.6628,1.0982
5.592,raw,1807,-22.2173,19.7408,1.1378
5.592,raw,1817,-21.2788,17.8702,1.1802
5.592,raw,1827,-20.8501,16.5271,1.2059
5.592,raw,1837,-21.1497,15.7895,1.2103
5.592,raw,1848,-11.2897,8.1424,1.4853
5.592,raw,1858,-11.4069,7.7317,1.4881
5.592,raw,1868,-19.1351,11.8339,1.2954
5.592,raw,1878,-19.1279,11.0787,1.3038
5.592,raw,1888,-18.7296,10.1455,1.3212
5.592,raw,1899,-18.3333,9.1963,1.3384
5.592,raw,1909,-17.9870,8.3857,1.3528
5.592,raw,1919,-17.6737,7.6287,1.3657
5.592,raw,1929,-17.3736,6.9119,1.3777
5.592,raw,1939,-17.4258,6.3484,1.3808
5.592,raw,1950,-17.1120,5.6234,1.3923
5.592,raw,1960,-16.8461,4.9989,1.4018
5.592,raw,1970,-16.5790,4.3992,1.4109
5.592,raw,1980,-16.3268,3.8263,1.4191
5.592,raw,1990,-16.0974,3.2792,1.4265
5.592,raw,2001,-15.8395,2.6983,1.4342
5.592,raw,2011,-15.6305,2.1924,1.4403
5.592,raw,2021,-15.3993,1.6999,1.4466
5.592,raw,2031,-15.1956,1.2252,1.4519
5.592,raw,2042,-14.9905,0.7192,1.4570
5.592,raw,2052,-14.7733,0.2713,1.4620
5.592,raw,2062,-34.6831,-1.1363,1.8478
5.592,raw,2072,-34.1339,-2.1152,1.8471
5.592,raw,2082,-33.5058,-3.0587,1.8463
5.592,raw,2093,-15.9807,-1.9174,1.8226
5.592,raw,2103,-32.2452,-4.9497,1.8450
5.592,raw,2113,-15.8074,-2.8587,1.8225
5.592,raw,2123,-17.5929,-3.7336,1.8251
5.592,raw,2133,-30.6068,-7.4898,1.8435
5.592,raw,2144,-30.0252,-8.3801,1.8430
5.592,raw,2154,-29.5040,-9.1734,1.8426
5.592,raw,2164,-29.0209,-9.9638,1.8423
5.592,raw,2174,-16.2242,-6.1147,1.8243
5.592,raw,2184,-28.0136,-11.4923,1.8418
5.592,raw,2195,-27.4845,-12.3242,1.8416
5.592,raw,2205,-26.9839,-13.0622,1.8414
5.592,raw,2215,-15.4713,-8.0964,1.8244
5.592,raw,2225,-25.8484,-14.4398,1.8409
5.592,raw,2235,-25.5471,-15.2692,1.8411
5.592,raw,2246,-25.0255,-16.0736,1.8411
5.592,raw,2256,-24.5663,-16.8143,1.8411
5.592,raw,2266,-24.0864,-17.5427,1.8411
5.592,raw,2276,-23.5896,-18.2608,1.8412
5.592,raw,2287,-23.0570,-19.0655,1.8413
5.592,raw,2297,-22.5208,-19.7591,1.8413
5.592,raw,2307,-22.0035,-20.4736,1.8414
5.592,raw,2317,-21.4605,-21.1714,1.8415
5.592,raw,2327,-20.9507,-21.9113,1.8418
5.592,raw,2338,-20.3728,-22.7237,1.8420
5.592,raw,2348,-19.8497,-23.4825,1.8423
5.592,raw,2358,-19.3194,-24.2537,1.8427
5.592,raw,2368,-18.7812,-25.0394,1.8431
5.592,raw,2378,-18.2522,-25.8672,1.8435
5.592,raw,2389,-17.6466,-26.7855,1.8441
5.592,raw,2399,-17.0846,-27.6456,1.8446
5.592,raw,2409,-16.4955,-28.5080,1.8452
5.592,raw,2419,-15.9148,-29.4376,1.8459
5.592,raw,2429,-15.2906,-30.3497,1.8466
5.592,raw,2440,-14.5904,-31.4049,1.8475
5.592,raw,2450,-16.5237,-0.4053,2.2232
5.592,raw,2460,-16.3679,-0.8872,2.2199
5.592,raw,2470,-16.2398,-1.3645,2.2177
5.592,raw,2481,-16.0880,-1.8825,2.2153
5.592,raw,2491,-15.6257,-2.5372,2.2063
5.592,raw,2501,-15.4793,-2.9886,2.2048
5.592,raw,2511,-15.3643,-3.4439,2.2043
5.592,raw,2521,-15.2429,-3.8969,2.2041
5.592,raw,2532,-15.0976,-4.3914,2.2038
5.592,raw,2542,-14.9410,-4.8331,2.2034
5.592,raw,2552,-15.0218,-5.7140,2.2125
5.592,raw,2562,-15.3980,-6.3866,2.2273
5.592,raw,2572,-14.4068,-6.7985,2.2089
5.592,raw,2583,-14.5779,-7.4699,2.2200
5.592,raw,2593,-14.2969,-7.8716,2.2184
5.592,raw,2603,-19.9615,-24.0315,2.5863
5.592,raw,2613,-31.8176,-3.1796,3.3692
5.592,raw,2623,-32.0668,-4.1561,3.3867
5.592,raw,2634,-26.1464,-13.8126,3.2536
5.592,raw,2644,-13.9408,-8.0598,2.6039
5.592,raw,2654,-19.4437,-24.1198,3.3178
5.592,raw,2664,-18.4518,-3.0694,3.1825
5.592,raw,2675,-25.9702,-14.2098,3.9643
5.592,raw,2685,-19.3086,0.1261,3.6923
5.592,raw,2695,-19.5019,-0.4509,3.7117
5.592,raw,2705,-19.3448,-1.0188,3.6992
5.592,raw,2715,-19.1774,-1.5788,3.6873
5.592,raw,2726,-18.9621,-2.1831,3.6729
5.592,raw,2736,-18.2046,-2.6400,3.6073
5.592,raw,2746,-18.4066,-3.2864,3.6364
5.592,raw,2756,-18.2529,-3.8198,3.6319
5.592,raw,2766,-18.1052,-4.3523,3.6295
5.592,raw,2777,-17.9086,-4.9274,3.6252
5.592,raw,2787,-17.7446,-5.4528,3.6242
5.592,raw,2797,-17.5398,-6.1385,3.6261
5.592,raw,2807,-17.4284,-6.6854,3.6340
5.592,raw,2817,-17.2578,-7.2133,3.6376
5.592,raw,2828,-17.0703,-7.7975,3.6434
5.592,raw,2838,-16.9136,-8.3395,3.6519
5.592,raw,2848,-16.7231,-8.8700,3.6585
5.592,raw,2858,-11.2589,-8.5170,3.1978
5.592,raw,2869,-18.9485,0.2384,3.6580
5.592,raw,2879,-16.4625,-0.2075,3.8244
5.592,raw,2889,-16.3336,-0.6903,3.8112
5.592,raw,2899,-16.1784,-1.1651,3.7966
5.592,raw,2909,-16.0359,-1.6345,3.7850
5.592,raw,2920,-15.6352,-2.1576,3.7455
5.592,raw,2930,-15.5031,-2.6115,3.7385
5.592,raw,2940,-15.3759,-3.0633,3.7336
5.592,raw,2950,-15.2332,-3.5095,3.7284
5.592,raw,2960,-15.0922,-3.9539,3.7249
5.592,raw,2971,-14.9479,-4.4445,3.7242
5.592,raw,2981,-14.7954,-4.8835,3.7226
5.592,raw,2991,-14.6812,-5.4850,3.7335
5.592,raw,3001,-14.5458,-5.9339,3.7379
5.592,raw,3011,-14.3901,-6.3767,3.7413
5.592,raw,3022,-14.2293,-6.8714,3.7484
5.592,raw,3032,-14.1156,-7.3420,3.7612
5.592,raw,3042,-13.9462,-7.7893,3.7684
5.592,raw,3052,-16.7460,0.6800,3.8585
6.724,raw,0,-5.4495,-6.2692,0.5681
6.724,raw,9,-5.3262,-6.4735,0.5584
6.724,raw,19,-5.1616,-6.6741,0.5520
6.724,raw,29,-5.0174,-6.9054,0.5395
6.724,raw,39,-4.8618,-7.1302,0.5276
6.724,raw,49,-4.6948,-7.3475,0.5164
6.724,raw,59,-4.5175,-7.6067,0.5001
6.724,raw,68,-5.9005,-7.0006,0.6793
6.724,raw,78,-5.7166,-7.2122,0.6747
6.724,raw,88,-5.5572,-7.4586,0.6643
6.724,raw,98,-5.4030,-7.7209,0.6512
6.724,raw,108,-5.2537,-8.0017,0.6350
6.724,raw,118,-5.0697,-8.2452,0.6237
6.724,raw,128,-4.5350,-7.9372,0.6875
6.724,raw,137,-4.2370,-7.9188,0.7073
6.724,raw,147,-4.0784,-8.1910,0.6889
6.724,raw,157,-4.3263,-9.2754,0.5640
6.724,raw,167,-4.0776,-9.4638,0.5572
6.724,raw,177,-3.8646,-9.7414,0.5382
6.724,raw,187,-3.6380,-10.0116,0.5196
6.724,raw,196,-3.4302,-10.2669,0.5009
6.724,raw,206,-6.4891,-7.7039,0.8226
6.724,raw,216,-6.3520,-8.0123,0.8093
6.724,raw,226,-6.1643,-8.2707,0.8018
6.724,raw,236,-5.9773,-8.5383,0.7927
6.724,raw,246,-5.8133,-8.8489,0.7783
6.724,raw,256,-5.6165,-9.1264,0.7673
6.724,raw,265,-4.5265,-7.9237,0.9155
6.724,raw,275,-4.1968,-7.9035,0.9329
6.724,raw,285,-4.0483,-8.1931,0.9163
6.724,raw,295,-4.7530,-10.1800,0.7232
6.724,raw,305,-4.5239,-10.4773,0.7078
6.724,raw,315,-4.2968,-10.8031,0.6891
6.724,raw,324,-4.0522,-11.0250,0.6790
6.724,raw,334,-3.8015,-11.3472,0.6597
6.724,raw,344,-3.5739,-11.7745,0.6296
6.724,raw,354,-3.3615,-12.3146,0.5882
6.724,raw,364,-3.1070,-12.8006,0.5517
6.724,raw,374,-2.8601,-13.4122,0.5028
6.724,raw,384,-7.6230,-7.8878,1.0084
6.724,raw,393,-7.4383,-8.1238,1.0057
6.724,raw,403,-7.2781,-8.4398,0.9973
6.724,raw,413,-7.0805,-8.7230,0.9916
6.724,raw,423,-6.8957,-9.0302,0.9835
6.724,raw,433,-6.6975,-9.3315,0.9755
6.724,raw,443,-6.4891,-9.6303,0.9675
6.724,raw,452,-6.3088,-9.9207,0.9581
6.724,raw,462,-6.1088,-10.2596,0.9461
6.724,raw,472,-4.2737,-7.8748,1.1527
6.724,raw,482,-4.0680,-8.0595,1.1487
6.724,raw,492,-5.4156,-11.2358,0.9116
6.724,raw,502,-5.1347,-11.5046,0.9037
6.724,raw,512,-4.8991,-11.8907,0.8865
6.724,raw,521,-4.6435,-12.1668,0.8760
6.724,raw,531,-4.4033,-12.6135,0.8536
6.724,raw,541,-4.1627,-13.1163,0.8268
6.724,raw,551,-3.9191,-13.6836,0.7950
6.724,raw,561,-3.6968,-14.4210,0.7508
6.724,raw,571,-3.3984,-15.0126,0.7169
6.724,raw,580,-3.1217,-15.6184,0.6808
6.724,raw,590,-2.7956,-16.3614,0.6354
6.724,raw,600,-2.4765,-17.3716,0.5709
6.724,raw,610,-10.2215,-5.0847,1.2551
6.724,raw,620,-10.0431,-5.3796,1.2563
6.724,raw,630,-9.9576,-5.7255,1.2522
6.724,raw,640,-9.7803,-6.0225,1.2524
6.724,raw,649,-9.6817,-6.3287,1.2488
6.724,raw,659,-9.5071,-6.6309,1.2479
6.724,raw,669,-9.4240,-7.0008,1.2414
6.724,raw,679,-9.2273,-7.2945,1.2406
6.724,raw,689,-9.1227,-7.6647,1.2339
6.724,raw,699,-8.9378,-7.9773,1.2312
6.724,raw,708,-8.7434,-8.2374,1.2300
6.724,raw,718,-8.5420,-8.5431,1.2271
6.724,raw,728,-8.3790,-8.8934,1.2212
6.724,raw,738,-8.2011,-9.2392,1.2154
6.724,raw,748,-8.0236,-9.5970,1.2087
6.724,raw,758,-7.7619,-9.8664,1.2071
6.724,raw,768,-7.5667,-10.2253,1.1999
6.724,raw,777,-7.4042,-10.5797,1.1915
6.724,raw,787,-7.1541,-10.8933,1.1865
6.724,raw,797,-6.9507,-11.2907,1.1766
6.724,raw,807,-4.3947,-7.8660,1.3706
6.724,raw,817,-4.1263,-7.9430,1.3738
6.724,raw,827,-6.1917,-12.3722,1.1519
6.724,raw,836,-5.9352,-12.6822,1.1447
6.724,raw,846,-5.6985,-13.1533,1.1301
6.724,raw,856,-5.4037,-13.5371,1.1197
6.724,raw,866,-5.1186,-13.9821,1.1059
6.724,raw,876,-4.9351,-14.7564,1.0760
6.724,raw,886,-4.6900,-15.4662,1.0492
6.724,raw,896,-4.4155,-16.1977,1.0212
6.724,raw,905,-4.3134,-17.5007,0.9655
6.724,raw,915,-4.9822,-22.4820,0.7384
6.724,raw,925,-4.5367,-23.6083,0.6929
6.724,raw,935,-3.9977,-24.5462,0.6558
6.724,raw,945,-3.3293,-24.9541,0.6425
6.724,raw,955,-2.6428,-25.3561,0.6287
6.724,raw,964,-2.0112,-25.7365,0.6146
6.724,raw,974,-1.2889,-26.1412,0.5990
6.724,raw,984,-0.5392,-26.3700,0.5905
6.724,raw,994,0.2204,-26.7334,0.5748
6.724,raw,1004,1.0011,-27.1399,0.5562
6.724,raw,1014,1.8047,-27.5181,0.5379
6.724,raw,1024,2.6362,-27.9488,0.5160
6.724,raw,1033,23.8918,10.6483,0.6348
6.724,raw,1043,-17.8400,20.7025,0.5465
6.724,raw,1053,-17.3935,19.0815,0.6145
6.724,raw,1063,-17.2556,17.8879,0.6578
6.724,raw,1073,-16.7107,16.3859,0.7232
6.724,raw,1083,-16.4161,15.2156,0.7690
6.724,raw,1092,-16.1775,14.2487,0.8060
6.724,raw,1102,-15.8888,13.2181,0.8459
6.724,raw,1112,-15.4475,12.1355,0.8919
6.724,raw,1122,-15.2140,11.2697,0.9236
6.724,raw,1132,-11.0582,7.8543,1.1675
6.724,raw,1142,-14.6779,9.6339,0.9851
6.724,raw,1152,-14.5312,8.9530,1.0068
6.724,raw,1161,-14.2385,8.2784,1.0335
6.724,raw,1171,-13.9353,7.5798,1.0606
6.724,raw,1181,-13.8421,7.0184,1.0757
6.724,raw,1191,-13.8105,-0.2095,1.4835
6.724,raw,1201,-13.6445,-0.6130,1.4867
6.724,raw,1211,-8.2342,-0.5624,1.6059
6.724,raw,1220,-8.1129,-0.7778,1.6081
6.724,raw,1230,-8.2628,-1.0512,1.6041
6.724,raw,1240,-13.0417,-2.1213,1.4963
6.724,raw,1250,-12.8938,-2.4952,1.4980
6.724,raw,1260,-12.7550,-2.8669,1.4992
6.724,raw,1270,-12.6128,-3.2346,1.5004
6.724,raw,1280,-12.4615,-3.5970,1.5015
6.724,raw,1289,-12.3258,-3.9210,1.5022
6.724,raw,1299,-12.1922,-4.2851,1.5025
6.724,raw,1309,-11.8637,-4.5741,1.5071
6.724,raw,1319,-11.7395,-4.9356,1.5067
6.724,raw,1329,-11.6301,-5.3053,1.5056
6.724,raw,1339,-11.5021,-5.6694,1.5048
6.724,raw,1348,-11.4059,-6.0094,1.5033
6.724,raw,1358,-11.2866,-6.3851,1.5017
6.724,raw,1368,-11.0797,-6.7141,1.5020
6.724,raw,1378,-10.9380,-7.0836,1.5004
6.724,raw,1388,-10.7584,-7.4331,1.4995
6.724,raw,1398,-10.6130,-7.8104,1.4974
6.724,raw,1408,-10.3710,-8.1214,1.4976
6.724,raw,1417,-10.2143,-8.4502,1.4959
6.724,raw,1427,-10.0473,-8.8282,1.4934
6.724,raw,1437,-9.8179,-9.1591,1.4924
6.724,raw,1447,-9.6406,-9.5439,1.4895
6.724,raw,1457,-9.4568,-9.9334,1.4863
6.724,raw,1467,-9.2203,-10.2788,1.4844
6.724,raw,1477,-8.9883,-10.6372,1.4820
6.724,raw,1486,-8.9158,-11.1321,1.4748
6.724,raw,1496,-8.6499,-11.4791,1.4725
6.724,raw,1506,-8.3810,-11.8326,1.4699
6.724,raw,1516,-8.2878,-12.4502,1.4600
6.724,raw,1526,-8.0309,-12.8657,1.4556
6.724,raw,1536,-7.7428,-13.2532,1.4518
6.724,raw,1545,-4.2987,-8.1327,1.5878
6.724,raw,1555,-7.3868,-14.4028,1.4338
6.724,raw,1565,-7.0623,-14.8180,1.4290
6.724,raw,1575,-8.6407,-19.3084,1.3247
6.724,raw,1585,-8.3247,-20.1328,1.3110
6.724,raw,1595,-8.0213,-21.0856,1.2941
6.724,raw,1605,-7.6787,-22.0601,1.2768
6.724,raw,1614,-7.4625,-23.3299,1.2520
6.724,raw,1624,-7.0682,-24.4739,1.2306
6.724,raw,1634,-6.6367,-25.6941,1.2075
6.724,raw,1644,-6.1170,-26.8113,1.1865
6.724,raw,1654,-5.3852,-27.2073,1.1816
6.724,raw,1664,-4.6461,-27.6373,1.1755
6.724,raw,1673,-3.9646,-28.0117,1.1700
6.724,raw,1683,-3.1922,-28.4350,1.1631
6.724,raw,1693,-2.4052,-28.8963,1.1550
6.724,raw,1703,-1.6025,-29.4447,1.1445
6.724,raw,1713,-0.7727,-30.0157,1.1330
6.724,raw,1723,0.0881,-30.5715,1.1212
6.724,raw,1733,0.9781,-30.9845,1.1121
6.724,raw,1742,1.7968,-31.2766,1.1052
6.724,raw,1752,2.7263,-31.6026,1.0969
6.724,raw,1762,3.6958,-32.1067,1.0840
6.724,raw,1772,4.7067,-32.6647,1.0693
6.724,raw,1782,5.7729,-33.3224,1.0516
6.724,raw,1792,-23.4903,25.9521,1.0226
6.724,raw,1801,-23.0336,24.1861,1.0577
6.724,raw,1811,-22.1929,22.0362,1.1043
6.724,raw,1821,-21.3488,20.0461,1.1479
6.724,raw,1831,-20.8138,18.4694,1.1798
6.724,raw,1841,-19.9836,16.7598,1.2180
6.724,raw,1851,-19.2474,15.2463,1.2514
6.724,raw,1861,-18.9062,14.1223,1.2722
6.724,raw,1870,-11.0208,8.0220,1.4920
6.724,raw,1880,-11.2365,7.6838,1.4921
6.724,raw,1890,-17.7602,11.1170,1.3298
6.724,raw,1900,-17.7903,10.4321,1.3368
6.724,raw,1910,-17.4550,9.5764,1.3523
6.724,raw,1920,-17.1363,8.7730,1.3665
6.724,raw,1929,-16.8904,8.1031,1.3777
6.724,raw,1939,-16.6276,7.3960,1.3893
6.724,raw,1949,-16.3376,6.7102,1.4009
6.724,raw,1959,-16.4013,6.1814,1.4036
6.724,raw,1969,-16.1441,5.5562,1.4134
6.724,raw,1979,-15.8890,4.9577,1.4227
6.724,raw,1989,-15.6742,4.3941,1.4306
6.724,raw,1998,-15.4737,3.9030,1.4375
6.724,raw,2008,-15.2871,3.3835,1.4439
6.724,raw,2018,-15.0732,2.8759,1.4506
6.724,raw,2028,-14.8903,2.3901,1.4563
6.724,raw,2038,-14.6859,1.9163,1.4621
6.724,raw,2048,-14.4990,1.4588,1.4672
6.724,raw,2057,-14.3247,1.0577,1.4717
6.724,raw,2067,-14.1611,0.6250,1.4757
6.724,raw,2077,-13.9879,0.2024,1.4797
6.724,raw,2087,-18.9331,-0.2936,1.8264
6.724,raw,2097,-17.9052,-0.7991,1.8250
6.724,raw,2107,-30.4633,-2.3630,1.8421
6.724,raw,2117,-8.4033,-0.8101,1.8122
6.724,raw,2126,-29.5273,-3.9477,1.8411
6.724,raw,2136,-29.0599,-4.7537,1.8406
6.724,raw,2146,-28.5936,-5.5406,1.8402
6.724,raw,2156,-28.1548,-6.3158,1.8398
6.724,raw,2166,-27.7143,-7.0753,1.8395
6.724,raw,2176,-27.2753,-7.8210,1.8392
6.724,raw,2185,-15.1494,-4.7729,1.8223
6.724,raw,2195,-26.4622,-9.2102,1.8387
6.724,raw,2205,-14.9574,-5.7106,1.8224
6.724,raw,2215,-25.0452,-10.4008,1.8375
6.724,raw,2225,-14.6230,-6.6040,1.8225
6.724,raw,2235,-24.7777,-12.0375,1.8381
6.724,raw,2245,-15.5037,-8.1355,1.8245
6.724,raw,2254,-24.0084,-13.3650,1.8380
6.724,raw,2264,-23.6313,-14.0778,1.8380
6.724,raw,2274,-23.2349,-14.7810,1.8380
6.724,raw,2284,-22.8269,-15.4791,1.8381
6.724,raw,2294,-22.4045,-16.1706,1.8382
6.724,raw,2304,-21.9993,-16.8791,1.8383
6.724,raw,2313,-21.6390,-17.5268,1.8384
6.724,raw,2323,-21.2037,-18.2268,1.8386
6.724,raw,2333,-20.7746,-18.9416,1.8388
6.724,raw,2343,-20.3376,-19.6613,1.8390
6.724,raw,2353,-19.9174,-20.4127,1.8393
6.724,raw,2363,-19.4779,-21.1635,1.8396
6.724,raw,2373,-19.0395,-21.9369,1.8400
6.724,raw,2382,-18.6393,-22.6483,1.8404
6.724,raw,2392,-18.1650,-23.4294,1.8408
6.724,raw,2402,-17.7106,-24.2677,1.8413
6.724,raw,2412,-17.2406,-25.1240,1.8419
6.724,raw,2422,-16.7467,-25.9889,1.8425
6.724,raw,2432,-16.2360,-26.8760,1.8431
6.724,raw,2441,-15.7713,-27.7126,1.8438
6.724,raw,2451,-15.2392,-28.6752,1.8446
6.724,raw,2461,-14.6894,-29.6779,1.8454
6.724,raw,2471,-14.1037,-30.6911,1.8463
6.724,raw,2481,-13.4991,-31.7563,1.8473
6.724,raw,2491,-34.4103,4.8777,1.8478
6.724,raw,2501,-33.9122,3.8065,1.8469
6.724,raw,2510,-33.4902,2.8746,1.8462
6.724,raw,2520,-32.9363,1.8648,1.8454
6.724,raw,2530,-32.3596,0.8892,1.8446
6.724,raw,2540,-18.1003,0.1017,2.2616
6.724,raw,2550,-18.7981,-0.4571,2.2791
6.724,raw,2560,-31.7663,-3.2192,2.6047
6.724,raw,2569,-32.0028,-4.0975,2.6130
6.724,raw,2579,-16.4852,-4.2417,2.2356
6.724,raw,2589,-15.1682,-5.9984,2.2180
6.724,raw,2599,-26.1452,-13.7544,2.5457
6.724,raw,2609,-25.8074,-14.5565,2.5478
6.724,raw,2619,-19.4468,-24.1734,2.5805
6.724,raw,2629,-31.7861,-3.3152,3.3676
6.724,raw,2638,-32.0571,-4.1999,3.3858
6.724,raw,2648,-16.6950,-8.9430,2.7401
6.724,raw,2658,-11.6325,-8.4364,2.5189
6.724,raw,2668,-19.6766,-24.5985,3.3421
6.724,raw,2678,-14.7730,-5.2906,2.9657
6.724,raw,2688,-25.8509,-14.4814,3.9650
6.724,raw,2697,-19.6155,-0.0786,3.7202
6.724,raw,2707,-19.4705,-0.6521,3.7079
6.724,raw,2717,-19.2818,-1.2154,3.6930
6.724,raw,2727,-19.1067,-1.7716,3.6808
6.724,raw,2737,-15.9583,-1.9383,3.3844
6.724,raw,2747,-18.4528,-3.0401,3.6351
6.724,raw,2757,-16.8206,0.8049,3.4547
6.724,raw,2766,-16.4827,-0.0869,3.8247
6.724,raw,2776,-16.3551,-0.5706,3.8112
6.724,raw,2786,-16.2185,-1.0476,3.7984
6.724,raw,2796,-16.0572,-1.5162,3.7841
6.724,raw,2806,-15.9264,-1.9823,3.7751
6.724,raw,2816,-15.5689,-2.4078,3.7403
6.724,raw,2825,-15.4468,-2.8140,3.7343
6.724,raw,2835,-15.2954,-3.2591,3.7272
6.724,raw,2845,-15.1628,-3.7058,3.7238
6.724,raw,2855,-15.0204,-4.1484,3.7208
6.724,raw,2865,-14.8756,-4.5891,3.7191
6.724,raw,2875,-16.2526,-5.7113,3.9166
6.724,raw,2885,-14.6223,-5.6330,3.7313
6.724,raw,2894,-14.4859,-6.0309,3.7338
6.724,raw,2904,-14.3560,-6.4844,3.7409
6.724,raw,2914,-14.2237,-6.9410,3.7496
6.724,raw,2924,-14.0636,-7.3883,3.7564
6.724,raw,2934,-13.9252,-7.8519,3.7680
6.724,raw,2944,-16.7297,0.6030,3.8544
8.181,raw,0,-5.4244,-6.2274,0.5767
8.181,raw,9,-5.2866,-6.4128,0.5704
8.181,raw,19,-5.1227,-6.6104,0.5642
8.181,raw,29,-4.9797,-6.8391,0.5518
8.181,raw,39,-4.8159,-7.0487,0.5423
8.181,raw,49,-4.6633,-7.2814,0.5282
8.181,raw,59,-4.4948,-7.5009,0.5159
8.181,raw,69,-4.3183,-7.7174,0.5034
8.181,raw,79,-5.7927,-6.9886,0.6902
8.181,raw,89,-5.6387,-7.2327,0.6803
8.181,raw,99,-5.4841,-7.4844,0.6688
8.181,raw,109,-5.2971,-7.7021,0.6617
8.181,raw,119,-5.1321,-7.9579,0.6487
8.181,raw,129,-4.9612,-8.2170,0.6348
8.181,raw,139,-4.4248,-7.8916,0.7000
8.181,raw,149,-4.1699,-7.9937,0.7049
8.181,raw,159,-4.3938,-8.9864,0.5913
8.181,raw,169,-4.2038,-9.2750,0.5716
8.181,raw,179,-3.9844,-9.5240,0.5566
8.181,raw,189,-3.7552,-9.7693,0.5414
8.181,raw,199,-3.5033,-9.9784,0.5301
8.181,raw,209,-3.2685,-10.2522,0.5099
8.181,raw,219,-6.4757,-7.5838,0.8330
8.181,raw,229,-6.2964,-7.8365,0.8263
8.181,raw,239,-6.1556,-8.1442,0.8126
8.181,raw,249,-5.9613,-8.3956,0.8053
8.181,raw,259,-5.7760,-8.6680,0.7951
8.181,raw,269,-5.5747,-8.9281,0.7858
8.181,raw,279,-4.6080,-7.9791,0.9082
8.181,raw,289,-4.2531,-7.9216,0.9298
8.181,raw,299,-4.0816,-8.1702,0.9177
8.181,raw,309,-4.7308,-10.0365,0.7369
8.181,raw,319,-4.5099,-10.3398,0.7207
8.181,raw,329,-4.2852,-10.6602,0.7025
8.181,raw,338,-4.0394,-10.8686,0.6937
8.181,raw,348,-3.8025,-11.2129,0.6721
8.181,raw,358,-3.5603,-11.5837,0.6474
8.181,raw,368,-3.3603,-12.1410,0.6042
8.181,raw,378,-3.1018,-12.5909,0.5711
8.181,raw,388,-2.8637,-13.2072,0.5217
8.181,raw,398,-7.6357,-7.6597,1.0198
8.181,raw,408,-7.4682,-7.9530,1.0137
8.181,raw,418,-7.2766,-8.2280,1.0091
8.181,raw,428,-7.1352,-8.5668,0.9983
8.181,raw,438,-6.9217,-8.8326,0.9938
8.181,raw,448,-6.7353,-9.1399,0.9853
8.181,raw,458,-6.5270,-9.4296,0.9780
8.181,raw,468,-6.3308,-9.7483,0.9679
8.181,raw,478,-6.0792,-9.9973,0.9633
8.181,raw,488,-4.3824,-7.8742,1.1496
8.181,raw,498,-4.1289,-7.9763,1.1524
8.181,raw,508,-5.3914,-10.9286,0.9319
8.181,raw,518,-5.1695,-11.2954,0.9163
8.181,raw,528,-4.9355,-11.6673,0.9001
8.181,raw,538,-4.6621,-11.9822,0.8879
8.181,raw,548,-4.4132,-12.3882,0.8684
8.181,raw,558,-4.1748,-12.8725,0.8429
8.181,raw,568,-3.9255,-13.3930,0.8145
8.181,raw,578,-3.6997,-14.0776,0.7740
8.181,raw,588,-3.4203,-14.6928,0.7383
8.181,raw,598,-3.1193,-15.3480,0.6994
8.181,raw,608,-2.7930,-16.0425,0.6574
8.181,raw,618,-2.4867,-17.0592,0.5924
8.181,raw,628,-2.1548,-18.2808,0.5127
8.181,raw,638,-10.0138,-5.1686,1.2627
8.181,raw,648,-9.9234,-5.5057,1.2592
8.181,raw,658,-9.8232,-5.8425,1.2557
8.181,raw,667,-9.6496,-6.0989,1.2564
8.181,raw,677,-9.5534,-6.4465,1.2516
8.181,raw,687,-9.3927,-6.7568,1.2497
8.181,raw,697,-9.2121,-7.0555,1.2484
8.181,raw,707,-9.1143,-7.4221,1.2418
8.181,raw,717,-8.9225,-7.7213,1.2400
8.181,raw,727,-8.7153,-8.0102,1.2385
8.181,raw,737,-8.5739,-8.3640,1.2324
8.181,raw,747,-8.3874,-8.6840,1.2284
8.181,raw,757,-8.1721,-8.9816,1.2255
8.181,raw,767,-7.9737,-9.3040,1.2208
8.181,raw,777,-7.7768,-9.6377,1.2152
8.181,raw,787,-7.5925,-9.9990,1.2078
8.181,raw,797,-7.3433,-10.2901,1.2043
8.181,raw,807,-7.1669,-10.6924,1.1942
8.181,raw,817,-6.8991,-10.9806,1.1903
8.181,raw,827,-6.6938,-11.3793,1.1801
8.181,raw,837,-4.2071,-7.8963,1.3743
8.181,raw,847,-4.0252,-8.1241,1.3693
8.181,raw,857,-5.9378,-12.4797,1.1533
8.181,raw,867,-5.6989,-12.9293,1.1398
8.181,raw,877,-5.4103,-13.3092,1.1295
8.181,raw,887,-5.1005,-13.6722,1.1197
8.181,raw,897,-4.9302,-14.4467,1.0897
8.181,raw,907,-4.6862,-15.1231,1.0644
8.181,raw,917,-4.4141,-15.8183,1.0381
8.181,raw,927,-4.1904,-16.8143,0.9974
8.181,raw,937,-4.1116,-18.6169,0.9189
8.181,raw,947,-4.5043,-23.0798,0.7170
8.181,raw,957,-4.0194,-24.2143,0.6707
8.181,raw,967,-3.3762,-24.7176,0.6530
8.181,raw,977,-2.6957,-25.1081,0.6397
8.181,raw,987,-2.0004,-25.5253,0.6244
8.181,raw,997,-1.2805,-25.8777,0.6111
8.181,raw,1006,-0.6143,-26.1116,0.6022
8.181,raw,1016,0.1371,-26.4716,0.5868
8.181,raw,1026,0.9087,-26.8476,0.5696
8.181,raw,1036,1.7043,-27.2607,0.5498
8.181,raw,1046,2.5255,-27.6709,0.5290
8.181,raw,1056,3.3716,-28.0598,0.5080
8.181,raw,1066,22.9982,10.2648,0.6782
8.181,raw,1076,-17.9430,21.0197,0.5331
8.181,raw,1086,-17.7598,19.6553,0.5847
8.181,raw,1096,-17.3513,18.1553,0.6467
8.181,raw,1106,-16.8602,16.6842,0.7095
8.181,raw,1116,-16.5363,15.4688,0.7579
8.181,raw,1126,-16.2155,14.3352,0.8028
8.181,raw,1136,-15.9603,13.3259,0.8409
8.181,raw,1146,-15.4787,12.2059,0.8895
8.181,raw,1156,-15.2419,11.3338,0.9216
8.181,raw,1166,-11.0705,7.8903,1.1668
8.181,raw,1176,-11.4026,7.6264,1.1607
8.181,raw,1186,-14.3711,8.8973,1.0151
8.181,raw,1196,-14.2083,8.2431,1.0362
8.181,raw,1206,-13.9098,7.5490,1.0630
8.181,raw,1216,-13.8167,6.9895,1.0781
8.181,raw,1226,-13.7073,-0.2126,1.4862
8.181,raw,1236,-13.5601,-0.6137,1.4890
8.181,raw,1246,-8.2706,-0.5685,1.6055
8.181,raw,1256,-8.1208,-0.8062,1.6083
8.181,raw,1266,-8.3498,-1.0913,1.6025
8.181,raw,1276,-12.9186,-2.1433,1.4993
8.181,raw,1286,-12.7721,-2.5132,1.5009
8.181,raw,1296,-12.5991,-2.8728,1.5030
8.181,raw,1306,-12.4780,-3.2408,1.5036
8.181,raw,1316,-12.3320,-3.6002,1.5046
8.181,raw,1326,-12.1670,-3.9511,1.5058
8.181,raw,1335,-12.0374,-4.2710,1.5062
8.181,raw,1345,-11.7524,-4.5709,1.5098
8.181,raw,1355,-11.6412,-4.9341,1.5091
8.181,raw,1365,-11.5194,-5.2950,1.5083
8.181,raw,1375,-11.4109,-5.6648,1.5070
8.181,raw,1385,-11.2913,-6.0331,1.5057
8.181,raw,1395,-11.1718,-6.4057,1.5041
8.181,raw,1405,-10.9474,-6.7205,1.5048
8.181,raw,1415,-10.8117,-7.0901,1.5031
8.181,raw,1425,-10.6462,-7.4454,1.5018
8.181,raw,1435,-10.4790,-7.8040,1.5002
8.181,raw,1445,-10.2564,-8.1253,1.4999
8.181,raw,1455,-10.0831,-8.4884,1.4979
8.181,raw,1465,-9.9193,-8.8671,1.4953
8.181,raw,1475,-9.6684,-9.1754,1.4949
8.181,raw,1485,-9.5065,-9.5724,1.4915
8.181,raw,1495,-9.3017,-9.9384,1.4890
8.181,raw,1505,-9.0643,-10.2789,1.4871
8.181,raw,1515,-8.9064,-10.7196,1.4821
8.181,raw,1525,-8.6460,-11.0554,1.4801
8.181,raw,1535,-8.4017,-11.4211,1.4772
8.181,raw,1545,-8.2456,-11.9227,1.4703
8.181,raw,1555,-7.9858,-12.3040,1.4667
8.181,raw,1565,-7.7040,-12.6690,1.4634
8.181,raw,1575,-4.4278,-8.0554,1.5881
8.181,raw,1585,-4.2840,-8.3632,1.5838
8.181,raw,1595,-7.0229,-14.1995,1.4418
8.181,raw,1605,-6.7182,-14.6392,1.4361
8.181,raw,1615,-6.4154,-15.1194,1.4294
8.181,raw,1625,-8.0901,-20.3733,1.3083
8.181,raw,1635,-7.7595,-21.2966,1.2921
8.181,raw,1645,-7.5133,-22.5883,1.2672
8.181,raw,1655,-7.1241,-23.6476,1.2478
8.181,raw,1664,-6.7682,-24.7378,1.2271
8.181,raw,1674,-6.3286,-26.0073,1.2027
8.181,raw,1684,-5.7015,-26.7493,1.1901
8.181,raw,1694,-4.9728,-27.1553,1.1847
8.181,raw,1704,-4.2286,-27.5573,1.1790
8.181,raw,1714,-3.4719,-27.9820,1.1723
8.181,raw,1724,-2.6980,-28.4156,1.1650
8.181,raw,1734,-1.9102,-28.9215,1.1555
8.181,raw,1744,-1.1003,-29.4848,1.1444
8.181,raw,1754,-0.2610,-30.0670,1.1323
8.181,raw,1764,0.6100,-30.4928,1.1231
8.181,raw,1774,1.5027,-30.8275,1.1153
8.181,raw,1784,2.4162,-31.1599,1.1071
8.181,raw,1794,3.3653,-31.6397,1.0949
8.181,raw,1804,4.3514,-32.1576,1.0813
8.181,raw,1814,5.3813,-32.7234,1.0659
8.181,raw,1824,6.5272,-33.7087,1.0404
8.181,raw,1834,-23.6517,26.0847,1.0183
8.181,raw,1844,-23.1727,24.1513,1.0564
8.181,raw,1854,-22.2501,21.9302,1.1053
8.181,raw,1864,-21.3389,19.8898,1.1507
8.181,raw,1874,-20.7612,18.2875,1.1836
8.181,raw,1884,-19.9368,16.5961,1.2214
8.181,raw,1894,-19.1836,15.0812,1.2550
8.181,raw,1904,-18.8954,14.0046,1.2742
8.181,raw,1914,-11.0317,7.9124,1.4935
8.181,raw,1924,-11.4036,7.6747,1.4894
8.181,raw,1934,-17.6776,10.9046,1.3341
8.181,raw,1944,-17.6979,10.2228,1.3412
8.181,raw,1954,-17.3506,9.3720,1.3568
8.181,raw,1964,-17.0553,8.5906,1.3703
8.181,raw,1974,-16.7516,7.8435,1.3832
8.181,raw,1984,-16.4871,7.1485,1.3946
8.181,raw,1994,-16.1926,6.4734,1.4061
8.181,raw,2003,-16.2665,6.0103,1.4081
8.181,raw,2013,-16.0189,5.3970,1.4175
8.181,raw,2023,-15.7793,4.8111,1.4263
8.181,raw,2033,-15.5473,4.2502,1.4345
8.181,raw,2043,-15.3264,3.7132,1.4420
8.181,raw,2053,-15.1092,3.1964,1.4490
8.181,raw,2063,-14.9287,2.7037,1.4548
8.181,raw,2073,-14.7186,2.2220,1.4610
8.181,raw,2083,-14.5257,1.7578,1.4664
8.181,raw,2093,-14.3371,1.3078,1.4714
8.181,raw,2103,-14.1621,0.8712,1.4759
8.181,raw,2113,-13.9844,0.4458,1.4801
8.181,raw,2123,-31.6842,-0.0628,1.8436
8.181,raw,2133,-31.0832,-0.9668,1.8428
8.181,raw,2143,-30.5385,-1.8418,1.8422
8.181,raw,2153,-8.5585,-0.6719,1.8123
8.181,raw,2163,-8.5433,-0.9337,1.8124
8.181,raw,2173,-29.0032,-4.3182,1.8404
8.181,raw,2183,-17.1608,-3.0348,1.8243
8.181,raw,2193,-17.2925,-3.5904,1.8247
8.181,raw,2203,-16.3795,-3.9074,1.8235
8.181,raw,2213,-27.0440,-7.3338,1.8387
8.181,raw,2223,-16.0766,-4.8588,1.8235
8.181,raw,2233,-17.6269,-5.9045,1.8259
8.181,raw,2243,-24.4014,-8.9824,1.8360
8.181,raw,2253,-23.5851,-9.4770,1.8352
8.181,raw,2263,-15.5165,-6.7837,1.8237
8.181,raw,2273,-22.0787,-10.4176,1.8338
8.181,raw,2283,-21.3698,-10.8630,1.8332
8.181,raw,2293,-20.7056,-11.3044,1.8327
8.181,raw,2303,-20.0197,-11.7083,1.8321
8.181,raw,2313,-19.3807,-12.1149,1.8317
8.181,raw,2323,-18.7563,-12.5083,1.8313
8.181,raw,2332,-11.8123,-8.3995,1.8203
8.181,raw,2342,-21.5660,-16.1540,1.8372
8.181,raw,2352,-21.1395,-16.8226,1.8373
8.181,raw,2362,-20.7174,-17.5007,1.8374
8.181,raw,2372,-20.3053,-18.1959,1.8376
8.181,raw,2382,-19.8874,-18.8977,1.8378
8.181,raw,2392,-19.4694,-19.6135,1.8381
8.181,raw,2402,-19.0548,-20.3501,1.8384
8.181,raw,2412,-18.6209,-21.0864,1.8388
8.181,raw,2422,-18.1977,-21.8583,1.8392
8.181,raw,2432,-17.7563,-22.6363,1.8396
8.181,raw,2442,-17.3176,-23.4496,1.8401
8.181,raw,2452,-16.8692,-24.2874,1.8407
8.181,raw,2462,-16.3936,-25.1284,1.8412
8.181,raw,2472,-15.9094,-26.0027,1.8419
8.181,raw,2482,-15.4056,-26.8984,1.8426
8.181,raw,2492,-14.9016,-27.8556,1.8433
8.181,raw,2502,-14.3601,-28.8147,1.8441
8.181,raw,2512,-13.7989,-29.8135,1.8450
8.181,raw,2522,-13.1980,-30.8161,1.8459
8.181,raw,2532,-12.5614,-31.8337,1.8468
8.181,raw,2542,-34.6025,5.1953,1.8481
8.181,raw,2552,-34.0633,4.1082,1.8471
8.181,raw,2562,-33.5432,3.0607,1.8463
8.181,raw,2572,-32.9561,2.0443,1.8454
8.181,raw,2582,-32.3413,1.0642,1.8445
8.181,raw,2592,-31.7734,0.1208,1.8437
8.181,raw,2602,-16.6314,-1.4811,2.2267
8.181,raw,2612,-15.9960,-1.9481,2.2124
8.181,raw,2622,-15.8957,-3.6408,2.2174
8.181,raw,2632,-16.2433,-6.2009,2.2442
8.181,raw,2642,-26.1916,-13.6846,2.5455
8.181,raw,2652,-25.8680,-14.4940,2.5479
8.181,raw,2661,-19.8013,-24.3130,2.5885
8.181,raw,2671,-31.8694,-3.4294,3.3713
8.181,raw,2681,-15.6948,-2.2416,2.5902
8.181,raw,2691,-26.0376,-14.0927,3.2537
8.181,raw,2701,-11.5187,-8.7190,2.5217
8.181,raw,2711,-19.6154,-0.0291,3.2437
8.181,raw,2721,-26.1532,-13.7621,3.9584
8.181,raw,2731,-13.9387,-8.0758,2.9937
8.181,raw,2741,-19.6437,-0.1453,3.7212
8.181,raw,2751,-19.4387,-0.7159,3.7033
8.181,raw,2761,-19.2810,-1.2797,3.6915
8.181,raw,2771,-19.0658,-1.9447,3.6768
8.181,raw,2781,-15.6915,-2.1935,3.3607
8.181,raw,2791,-13.9305,-8.0712,3.3853
8.181,raw,2801,-16.5697,0.0027,3.8326
8.181,raw,2811,-16.3867,-0.4814,3.8123
8.181,raw,2821,-16.2639,-0.9601,3.8007
8.181,raw,2831,-16.1131,-1.4309,3.7874
8.181,raw,2841,-15.9505,-1.8941,3.7743
8.181,raw,2851,-15.6164,-2.3247,3.7421
8.181,raw,2861,-15.4832,-2.7770,3.7355
8.181,raw,2871,-15.3528,-3.2271,3.7307
8.181,raw,2881,-15.2088,-3.6718,3.7259
8.181,raw,2891,-15.0612,-4.1136,3.7222
8.181,raw,2901,-14.9137,-4.5539,3.7200
8.181,raw,2911,-14.7783,-4.9976,3.7209
8.181,raw,2921,-14.6610,-5.5981,3.7319
8.181,raw,2931,-14.5159,-6.0430,3.7354
8.181,raw,2941,-14.3901,-6.4988,3.7432
8.181,raw,2951,-14.2449,-6.9498,3.7502
8.181,raw,2961,-14.1113,-7.4111,3.7605
8.181,raw,2971,-13.9501,-7.8632,3.7691
8.181,raw,2981,-16.7473,0.5954,3.8542
9.353,raw,0,4.8097,-0.8231,0.9699
9.353,raw,15,4.6625,-0.6020,1.0056
9.353,raw,31,4.5355,-0.3881,1.0357
9.353,raw,47,4.3844,-0.1863,1.0684
9.353,raw,62,4.3013,-0.0143,1.0863
9.353,raw,78,4.1651,0.1607,1.1129
9.353,raw,94,4.3790,0.3376,1.0720
9.353,raw,109,4.6861,0.5308,1.0120
9.353,raw,125,5.0946,0.7785,0.9306
9.353,raw,141,4.6927,-0.6450,1.1013
9.353,raw,157,4.5555,-0.4265,1.1296
9.353,raw,172,4.4395,-0.2371,1.1524
9.353,raw,188,4.3011,-0.0470,1.1776
9.353,raw,204,4.1929,0.1289,1.1964
9.353,raw,219,4.3300,0.2916,1.1737
9.353,raw,235,4.6387,0.4910,1.1214
9.353,raw,251,5.0146,0.7286,1.0562
9.353,raw,267,-5.3207,-6.4475,0.5634
9.353,raw,282,-5.0803,-6.7557,0.5521
9.353,raw,298,-4.8512,-7.1357,0.5295
9.353,raw,314,-4.5554,-7.4441,0.5178
9.353,raw,329,4.7906,-0.7928,1.1857
9.353,raw,345,4.6415,-0.5612,1.2126
9.353,raw,361,4.5129,-0.3498,1.2350
9.353,raw,376,4.3665,-0.1623,1.2582
9.353,raw,392,4.2673,0.0199,1.2738
9.353,raw,408,4.1568,0.1922,1.2897
9.353,raw,424,4.4535,0.3747,1.2475
9.353,raw,439,4.7724,0.5751,1.2009
9.353,raw,455,5.1704,0.8293,1.1414
9.353,raw,471,-5.7259,-7.1591,0.6802
9.353,raw,486,-5.5031,-7.5487,0.6614
9.353,raw,502,-5.2423,-7.9596,0.6411
9.353,raw,518,-4.9550,-8.3607,0.6211
9.353,raw,534,-4.1999,-7.9852,0.7041
9.353,raw,549,-4.3284,-9.1108,0.5821
9.353,raw,565,-3.9875,-9.5204,0.5569
9.353,raw,581,-3.6210,-9.9225,0.5311
9.353,raw,596,-3.2496,-10.2798,0.5078
9.353,raw,612,4.6714,-0.6284,1.3076
9.353,raw,628,4.5380,-0.4120,1.3271
9.353,raw,643,4.4331,-0.2250,1.3419
9.353,raw,659,4.2908,-0.0355,1.3601
9.353,raw,675,4.1769,0.1396,1.3741
9.353,raw,691,4.3525,0.3144,1.3534
9.353,raw,706,4.6475,0.5037,1.3179
9.353,raw,722,5.0199,0.7424,1.2720
9.353,raw,738,-6.4659,-7.7024,0.8253
9.353,raw,753,-6.2122,-8.1098,0.8118
9.353,raw,769,-5.9562,-8.5894,0.7911
9.353,raw,785,-5.6106,-8.9736,0.7804
9.353,raw,801,-4.3592,-7.8822,0.9279
9.353,raw,816,-4.0844,-8.2258,0.9131
9.353,raw,832,-4.6106,-10.3051,0.7196
9.353,raw,848,-4.2099,-10.7299,0.6994
9.353,raw,863,-3.8412,-11.1999,0.6720
9.353,raw,879,-3.4855,-11.9077,0.6213
9.353,raw,895,-3.0692,-12.5905,0.5721
9.353,raw,910,-2.6854,-13.4572,0.5033
9.353,raw,926,4.6701,-0.6158,1.4082
9.353,raw,942,4.5374,-0.4001,1.4236
9.353,raw,958,4.4148,-0.2005,1.4371
9.353,raw,973,4.2848,-0.0243,1.4503
9.353,raw,989,4.1843,0.1501,1.4601
9.353,raw,1005,4.3801,0.3265,1.4418
9.353,raw,1020,4.6758,0.5179,1.4134
9.353,raw,1036,5.0726,0.7623,1.3744
9.353,raw,1052,-7.6113,-7.9500,1.0069
9.353,raw,1068,-7.3157,-8.4100,0.9980
9.353,raw,1083,-6.9891,-8.8003,0.9925
9.353,raw,1099,-6.6872,-9.2921,0.9790
9.353,raw,1115,-6.3740,-9.8012,0.9632
9.353,raw,1130,-6.0357,-10.2452,0.9504
9.353,raw,1146,-4.1173,-8.0044,1.1511
9.353,raw,1162,-5.2724,-11.2404,0.9166
9.353,raw,1178,-4.8707,-11.7815,0.8948
9.353,raw,1193,-4.4408,-12.2294,0.8780
9.353,raw,1209,-4.0766,-13.0535,0.8335
9.353,raw,1225,-3.7023,-14.0571,0.7754
9.353,raw,1240,-3.2705,-14.9686,0.7225
9.353,raw,1256,-2.7532,-16.0349,0.6586
9.353,raw,1272,-2.2042,-17.4655,0.5680
9.353,raw,1287,4.7337,-0.7036,1.5025
9.353,raw,1303,4.5858,-0.4790,1.5153
9.353,raw,1319,4.4559,-0.2732,1.5261
9.353,raw,1335,4.3083,-0.0803,1.5375
9.353,raw,1350,4.2249,0.0858,1.5438
9.353,raw,1366,4.2728,0.2575,1.5405
9.353,raw,1382,4.5570,0.4498,1.5203
9.353,raw,1397,4.9121,0.6648,1.4946
9.353,raw,1413,-10.2364,-5.1585,1.2537
9.353,raw,1429,-10.0731,-5.6989,1.2489
9.353,raw,1445,-9.8296,-6.2029,1.2468
9.353,raw,1460,-9.5959,-6.6773,1.2440
9.353,raw,1476,-9.3541,-7.1977,1.2393
9.353,raw,1492,-9.0752,-7.7015,1.2351
9.353,raw,1507,-8.8116,-8.1837,1.2299
9.353,raw,1523,-8.5267,-8.7111,1.2229
9.353,raw,1539,-8.2164,-9.2337,1.2157
9.353,raw,1554,-7.8833,-9.6961,1.2100
9.353,raw,1570,-7.5406,-10.2269,1.2011
9.353,raw,1586,-7.1821,-10.7688,1.1909
9.353,raw,1602,-6.8109,-11.3314,1.1791
9.353,raw,1617,-4.1636,-7.9223,1.3743
9.353,raw,1633,-6.0153,-12.4354,1.1535
9.353,raw,1649,-5.6057,-13.1069,1.1343
9.353,raw,1664,-5.1405,-13.6347,1.1207
9.353,raw,1680,-4.8087,-14.7470,1.0788
9.353,raw,1696,-4.3968,-15.8919,1.0352
9.353,raw,1712,-4.0922,-17.8174,0.9545
9.353,raw,1727,-4.3875,-23.1077,0.7169
9.353,raw,1743,-3.5051,-24.4950,0.6622
9.353,raw,1759,-2.4209,-25.1220,0.6407
9.353,raw,1774,-1.3559,-25.6138,0.6230
9.353,raw,1790,-0.1799,-26.1144,0.6029
9.353,raw,1806,1.0403,-26.6636,0.5780
9.353,raw,1821,2.2345,-27.2171,0.5506
9.353,raw,1837,3.5738,-27.8581,0.5163
9.353,raw,1853,4.7244,-0.7017,1.6042
9.353,raw,1869,4.5906,-0.4798,1.6120
9.353,raw,1884,4.4736,-0.2868,1.6185
9.353,raw,1900,4.3089,-0.0913,1.6268
9.353,raw,1916,4.2265,0.0857,1.6310
9.353,raw,1931,4.2510,0.2463,1.6299
9.353,raw,1947,4.5414,0.4371,1.6163
9.353,raw,1963,4.9148,0.6651,1.5985
9.353,raw,1979,22.1357,9.7003,0.7247
9.353,raw,1994,-18.4514,20.2001,0.5448
9.353,raw,2010,-17.8755,17.8855,0.6381
9.353,raw,2026,-17.1786,15.7118,0.7284
9.353,raw,2041,-16.7668,14.0783,0.7906
9.353,raw,2057,-16.1913,12.3943,0.8581
9.353,raw,2073,-11.0707,7.8581,1.1674
9.353,raw,2088,-15.0827,9.5762,0.9712
9.353,raw,2104,-14.6853,8.4090,1.0133
9.353,raw,2120,-14.4012,7.3890,1.0460
9.353,raw,2136,-14.2592,-0.3873,1.4738
9.353,raw,2151,-8.2776,-0.5388,1.6054
9.353,raw,2167,-8.1859,-0.9358,1.6065
9.353,raw,2183,-13.4192,-2.2617,1.4879
9.353,raw,2198,-13.1802,-2.8333,1.4906
9.353,raw,2214,-12.8883,-3.4224,1.4938
9.353,raw,2230,-12.6259,-4.0084,1.4957
9.353,raw,2246,-12.2059,-4.5289,1.5007
9.353,raw,2261,-11.9568,-5.0584,1.5015
9.353,raw,2277,-11.7311,-5.6396,1.5008
9.353,raw,2293,-11.5139,-6.2300,1.4993
9.353,raw,2308,-11.2095,-6.7324,1.4997
9.353,raw,2324,-10.9459,-7.3076,1.4979
9.353,raw,2340,-10.6697,-7.8842,1.4958
9.353,raw,2356,-10.3240,-8.4190,1.4947
9.353,raw,2371,-10.0570,-8.9765,1.4914
9.353,raw,2387,-9.7113,-9.5348,1.4888
9.353,raw,2403,-9.3870,-10.1333,1.4845
9.353,raw,2418,-8.9969,-10.6226,1.4824
9.353,raw,2434,-8.7164,-11.3303,1.4744
9.353,raw,2450,-8.4470,-12.1121,1.4643
9.353,raw,2465,-8.0097,-12.6384,1.4603
9.353,raw,2481,-4.5279,-8.2157,1.5839
9.353,raw,2497,-7.2284,-14.1675,1.4403
9.353,raw,2513,-6.7146,-14.8278,1.4324
9.353,raw,2528,-8.2194,-20.1492,1.3118
9.353,raw,2544,-7.6661,-21.5672,1.2873
9.353,raw,2560,-7.1727,-23.5069,1.2505
9.353,raw,2575,-6.5459,-25.2621,1.2174
9.353,raw,2591,-5.6265,-26.6870,1.1918
9.353,raw,2607,-4.4436,-27.2653,1.1846
9.353,raw,2623,-3.2322,-27.8802,1.1753
9.353,raw,2638,-2.0697,-28.5747,1.1629
9.353,raw,2654,-0.7788,-29.4359,1.1458
9.353,raw,2670,0.5855,-30.1024,1.1318
9.353,raw,2685,1.9109,-30.5185,1.1219
9.353,raw,2701,3.3955,-31.2382,1.1038
9.353,raw,2717,4.9724,-32.0532,1.0819
9.353,raw,2732,6.6215,-33.2772,1.0495
9.353,raw,2748,4.6904,-0.6695,1.7059
9.353,raw,2764,4.5715,-0.4528,1.7094
9.353,raw,2780,4.4292,-0.2474,1.7131
9.353,raw,2795,4.3053,-0.0692,1.7161
9.353,raw,2811,4.1998,0.1076,1.7186
9.353,raw,2827,4.2939,0.2797,1.7165
9.353,raw,2842,4.5904,0.4638,1.7098
9.353,raw,2858,4.9672,0.6968,1.7011
9.353,raw,2874,26.3983,12.2954,1.1693
9.353,raw,2890,-22.9676,21.6464,1.0979
9.353,raw,2905,-21.7809,18.8626,1.1581
9.353,raw,2921,-20.7771,16.4152,1.2091
9.353,raw,2937,-20.5619,14.7690,1.2343
9.353,raw,2952,-11.4299,7.7068,1.4884
9.353,raw,2968,-18.7424,11.1127,1.3113
9.353,raw,2984,-18.4982,9.8464,1.3293
9.353,raw,2999,-17.9419,8.5829,1.3525
9.353,raw,3015,-17.4228,7.3703,1.3735
9.353,raw,3031,-17.2816,6.3803,1.3841
9.353,raw,3047,-16.8256,5.3405,1.4008
9.353,raw,3062,-16.4486,4.4418,1.4140
9.353,raw,3078,-16.0381,3.5380,1.4273
9.353,raw,3094,-15.6518,2.6921,1.4390
9.353,raw,3109,-15.3127,1.9447,1.4486
9.353,raw,3125,-14.9519,1.1875,1.4580
9.353,raw,3141,-14.6325,0.4688,1.4657
9.353,raw,3157,-34.5924,-0.6609,1.8476
9.353,raw,3172,-33.6783,-2.1165,1.8464
9.353,raw,3188,-31.8637,-3.4962,1.8441
9.353,raw,3204,-31.7249,-4.9911,1.8442
9.353,raw,3219,-30.9028,-6.2592,1.8434
9.353,raw,3235,-30.0064,-7.5530,1.8427
9.353,raw,3251,-29.1630,-8.8100,1.8420
9.353,raw,3266,-17.5977,-6.1714,1.8260
9.353,raw,3282,-27.5973,-11.1539,1.8411
9.353,raw,3298,-26.6972,-12.2744,1.8405
9.353,raw,3314,-25.8520,-13.3867,1.8402
9.353,raw,3329,-13.9459,-8.0679,1.8226
9.353,raw,3345,-24.2208,-15.4769,1.8397
9.353,raw,3361,-23.3917,-16.5393,1.8395
9.353,raw,3376,-22.6120,-17.5258,1.8395
9.353,raw,3392,-21.8386,-18.6250,1.8396
9.353,raw,3408,-21.0345,-19.7102,1.8397
9.353,raw,3424,-20.2613,-20.8457,1.8400
9.353,raw,3439,-19.5042,-21.9074,1.8404
9.353,raw,3455,-18.6904,-23.0740,1.8409
9.353,raw,3471,-17.8616,-24.2791,1.8414
9.353,raw,3486,-17.0704,-25.4567,1.8421
9.353,raw,3502,-16.1754,-26.7250,1.8429
9.353,raw,3518,-15.2640,-28.0782,1.8438
9.353,raw,3534,-14.2921,-29.4621,1.8449
9.353,raw,3549,-13.3497,-30.8538,1.8460
9.353,raw,3565,-12.2825,-32.4108,1.8474
9.353,raw,3581,4.6653,-0.6272,1.8057
9.353,raw,3596,4.5587,-0.4270,1.8055
9.353,raw,3612,4.4142,-0.2231,1.8053
9.353,raw,3628,4.2773,-0.0348,1.8051
9.353,raw,3643,4.1839,0.1290,1.8050
9.353,raw,3659,4.3215,0.3023,1.8052
9.353,raw,3675,4.6423,0.5032,1.8056
9.353,raw,3691,5.0092,0.7410,1.8061
9.353,raw,3706,-16.6518,-0.0346,2.2254
9.353,raw,3722,-16.4409,-0.8128,2.2208
9.353,raw,3738,-16.2098,-1.5737,2.2167
9.353,raw,3753,-15.6682,-2.4642,2.2063
9.353,raw,3769,-16.2718,-3.3618,2.2251
9.353,raw,3785,-15.2199,-4.0488,2.2037
9.353,raw,3801,-15.7010,-4.9882,2.2217
9.353,raw,3816,-26.1518,-13.8330,2.5464
9.353,raw,3832,-19.8694,-24.2146,2.5877
9.353,raw,3848,4.7072,-0.6730,1.9060
9.353,raw,3863,4.5533,-0.4618,1.9013
9.353,raw,3879,4.4329,-0.2592,1.8977
9.353,raw,3895,4.2961,-0.0686,1.8939
9.353,raw,3910,4.1900,0.0972,1.8911
9.353,raw,3926,4.2583,0.2679,1.8928
9.353,raw,3942,4.5756,0.4628,1.9009
9.353,raw,3958,4.9525,0.6951,1.9107
9.353,raw,3973,-16.7696,0.3607,2.2283
9.353,raw,3989,-32.0491,-4.0872,3.3839
9.353,raw,4005,-26.0224,-14.1568,3.2547
9.353,raw,4020,-19.6272,-24.2083,3.3255
9.353,raw,4036,4.6563,-0.6255,2.0035
9.353,raw,4052,4.5216,-0.4096,1.9954
9.353,raw,4068,4.3781,-0.2081,1.9873
9.353,raw,4083,4.2846,-0.0352,1.9822
9.353,raw,4099,4.1809,0.1396,1.9769
9.353,raw,4115,4.3507,0.3143,1.9852
9.353,raw,4130,4.6434,0.5033,1.9998
9.353,raw,4146,4.9921,0.7389,2.0177
9.353,raw,4162,-17.5647,-6.1599,3.1742
9.353,raw,4177,-11.5344,-8.6133,2.8699
9.353,raw,4193,4.6511,-0.5998,2.1020
9.353,raw,4209,4.5001,-0.3831,2.0888
9.353,raw,4225,4.3621,-0.1842,2.0773
9.353,raw,4240,4.2774,-0.0131,2.0704
9.353,raw,4256,4.1582,0.1608,2.0615
9.353,raw,4272,4.3855,0.3378,2.0780
9.353,raw,4287,4.6710,0.5296,2.0993
9.353,raw,4303,5.0542,0.7732,2.1285
9.353,raw,4319,-19.5331,-0.4739,3.7119
9.353,raw,4335,-19.2787,-1.3789,3.6924
9.353,raw,4350,-18.9821,-2.2047,3.6721
9.353,raw,4366,-18.4919,-3.1500,3.6392
9.353,raw,4382,-18.2186,-3.9979,3.6294
9.353,raw,4397,-17.9860,-4.7920,3.6259
9.353,raw,4413,-17.7014,-5.6833,3.6239
9.353,raw,4429,-11.3595,-8.3815,3.1952
9.353,raw,4444,4.4303,-0.2361,2.1754
9.353,raw,4460,4.2965,-0.0468,2.1612
9.353,raw,4476,4.2077,0.1287,2.1522
9.353,raw,4492,4.3413,0.3030,2.1650
9.353,raw,4507,-16.8783,0.8621,3.4591
9.353,raw,4523,-16.5412,-0.0823,3.8299
9.353,raw,4539,-16.2960,-0.8529,3.8042
9.353,raw,4554,-16.0613,-1.5581,3.7834
9.353,raw,4570,-15.6495,-2.2707,3.7455
9.353,raw,4586,-15.4133,-2.9900,3.7326
9.353,raw,4602,-15.1879,-3.7033,3.7249
9.353,raw,4617,-15.0071,-4.3768,3.7250
9.353,raw,4633,-15.8479,-5.5580,3.8634
9.353,raw,4649,-14.5697,-5.9021,3.7354
9.353,raw,4664,-14.3680,-6.5804,3.7451
9.353,raw,4680,-14.1550,-7.3154,3.7603
9.353,raw,4696,-13.8958,-8.0393,3.7741
10.364,raw,0,4.8137,-0.8268,0.9741
10.364,raw,15,4.6854,-0.6101,1.0062
10.364,raw,31,4.5504,-0.3951,1.0378
10.364,raw,46,4.4264,-0.2076,1.0652
10.364,raw,62,4.3059,-0.0216,1.0904
10.364,raw,77,4.2103,0.1417,1.1093
10.364,raw,93,4.3978,0.3176,1.0735
10.364,raw,108,4.6997,0.5090,1.0147
10.364,raw,124,5.1018,0.7536,0.9346
10.364,raw,139,4.7364,-0.6823,1.0975
10.364,raw,155,4.6078,-0.4630,1.1247
10.364,raw,171,4.4708,-0.2576,1.1514
10.364,raw,186,4.3214,-0.0769,1.1784
10.364,raw,202,4.2356,0.0990,1.1937
10.364,raw,217,4.3068,0.2600,1.1820
10.364,raw,233,4.6177,0.4552,1.1295
10.364,raw,248,4.9749,0.6728,1.0679
10.364,raw,264,-5.4251,-6.4762,0.5489
10.364,raw,279,-5.2198,-6.8327,0.5297
10.364,raw,295,-4.9530,-7.1722,0.5154
10.364,raw,311,4.8274,-0.8170,1.1837
10.364,raw,326,4.6838,-0.5975,1.2097
10.364,raw,342,4.5482,-0.3830,1.2332
10.364,raw,357,4.4185,-0.1956,1.2543
10.364,raw,373,4.3043,-0.0107,1.2721
10.364,raw,388,4.2031,0.1523,1.2869
10.364,raw,404,4.4254,0.3299,1.2553
10.364,raw,419,4.7161,0.5224,1.2130
10.364,raw,435,5.1017,0.7670,1.1556
10.364,raw,451,-5.8879,-7.2455,0.6588
10.364,raw,466,-5.6178,-7.5857,0.6484
10.364,raw,482,-5.3595,-8.0061,0.6276
10.364,raw,497,-5.0699,-8.3566,0.6131
10.364,raw,513,-4.2576,-7.9079,0.7075
10.364,raw,528,-4.4788,-9.1763,0.5664
10.364,raw,544,-4.0943,-9.5027,0.5528
10.364,raw,559,-3.7747,-9.9316,0.5227
10.364,raw,575,4.8262,-0.8038,1.2889
10.364,raw,591,4.6418,-0.5653,1.3155
10.364,raw,606,4.5514,-0.3717,1.3294
10.364,raw,622,4.4063,-0.1720,1.3487
10.364,raw,637,4.2943,0.0006,1.3631
10.364,raw,653,4.1868,0.1734,1.3760
10.364,raw,668,4.4536,0.3423,1.3446
10.364,raw,684,4.7546,0.5501,1.3080
10.364,raw,699,5.1338,0.7846,1.2612
10.364,raw,715,-6.5481,-7.9601,0.8012
10.364,raw,731,-6.2564,-8.3903,0.7878
10.364,raw,746,-5.9631,-8.7884,0.7749
10.364,raw,762,-5.6505,-9.2394,0.7570
10.364,raw,777,-4.2847,-7.9006,0.9292
10.364,raw,793,-4.9644,-10.0808,0.7225
10.364,raw,808,-4.6112,-10.5031,0.7025
10.364,raw,824,-4.2045,-10.9383,0.6814
10.364,raw,839,-3.8154,-11.3823,0.6567
10.364,raw,855,-3.4679,-12.1490,0.6004
10.364,raw,870,-3.0710,-12.8062,0.5527
10.364,raw,886,4.7892,-0.7697,1.3970
10.364,raw,902,4.6336,-0.5395,1.4153
10.364,raw,917,4.5147,-0.3435,1.4289
10.364,raw,933,4.3984,-0.1489,1.4415
10.364,raw,948,4.2695,0.0232,1.4544
10.364,raw,964,4.2045,0.1944,1.4607
10.364,raw,979,4.4843,0.3663,1.4344
10.364,raw,995,4.8091,0.5797,1.4029
10.364,raw,1010,5.1848,0.8186,1.3658
10.364,raw,1026,-7.6372,-8.1871,0.9930
10.364,raw,1042,-7.3294,-8.6496,0.9841
10.364,raw,1057,-7.0402,-9.1010,0.9734
10.364,raw,1073,-6.6821,-9.5421,0.9646
10.364,raw,1088,-6.3804,-10.0268,0.9494
10.364,raw,1104,-4.3885,-7.8629,1.1495
10.364,raw,1119,-4.0450,-8.0813,1.1484
10.364,raw,1135,-5.2558,-11.4943,0.9010
10.364,raw,1150,-4.8692,-12.0073,0.8803
10.364,raw,1166,-4.4432,-12.6009,0.8538
10.364,raw,1182,-4.0485,-13.4015,0.8111
10.364,raw,1197,-3.6920,-14.3877,0.7536
10.364,raw,1213,-3.2156,-15.3847,0.6955
10.364,raw,1228,-2.7092,-16.3865,0.6354
10.364,raw,1244,-2.1927,-18.1852,0.5191
10.364,raw,1259,4.6747,-0.6327,1.5093
10.364,raw,1275,4.5513,-0.4188,1.5202
10.364,raw,1290,4.4358,-0.2311,1.5297
10.364,raw,1306,4.3291,-0.0446,1.5381
10.364,raw,1322,4.2048,0.1312,1.5471
10.364,raw,1337,4.3622,0.2943,1.5361
10.364,raw,1353,4.6500,0.4931,1.5155
10.364,raw,1368,5.0247,0.7176,1.4882
10.364,raw,1384,-10.4088,-5.4114,1.2406
10.364,raw,1399,-10.2733,-5.9434,1.2346
10.364,raw,1415,-10.0024,-6.4477,1.2334
10.364,raw,1430,-9.7498,-6.9253,1.2310
10.364,raw,1446,-9.4918,-7.4510,1.2265
10.364,raw,1462,-9.1952,-7.9580,1.2227
10.364,raw,1477,-8.9324,-8.4582,1.2167
10.364,raw,1493,-8.6214,-8.9803,1.2106
10.364,raw,1508,-8.3018,-9.4575,1.2050
10.364,raw,1524,-7.9510,-9.9749,1.1978
10.364,raw,1539,-7.6027,-10.4580,1.1905
10.364,raw,1555,-7.2406,-11.0156,1.1797
10.364,raw,1570,-6.8992,-11.5743,1.1671
10.364,raw,1586,-4.1005,-7.9595,1.3738
10.364,raw,1601,-6.0770,-12.6805,1.1420
10.364,raw,1617,-5.6526,-13.3499,1.1231
10.364,raw,1633,-5.1687,-13.9778,1.1055
10.364,raw,1648,-4.8511,-15.0510,1.0649
10.364,raw,1664,-4.4187,-16.1839,1.0221
10.364,raw,1679,-4.2319,-18.4194,0.9264
10.364,raw,1695,-4.4033,-23.5719,0.6961
10.364,raw,1710,-3.5219,-24.6592,0.6548
10.364,raw,1726,-2.4285,-25.2689,0.6342
10.364,raw,1741,-1.3581,-25.7677,0.6162
10.364,raw,1757,-0.1743,-26.2267,0.5980
10.364,raw,1773,1.0501,-26.7653,0.5737
10.364,raw,1788,2.2467,-27.2980,0.5473
10.364,raw,1804,3.5876,-27.9268,0.5136
10.364,raw,1819,4.7423,-0.7087,1.6046
10.364,raw,1835,4.6013,-0.4859,1.6127
10.364,raw,1850,4.4752,-0.2925,1.6196
10.364,raw,1866,4.3498,-0.1008,1.6262
10.364,raw,1881,4.2353,0.0671,1.6317
10.364,raw,1897,4.2711,0.2377,1.6302
10.364,raw,1913,4.5504,0.4274,1.6171
10.364,raw,1928,4.8817,0.6370,1.6013
10.364,raw,1944,22.2068,9.6222,0.7241
10.364,raw,1959,-19.0097,20.3697,0.5206
10.364,raw,1975,-18.2053,17.8361,0.6277
10.364,raw,1990,-17.7785,16.0002,0.6981
10.364,raw,2006,-17.0485,14.0097,0.7814
10.364,raw,2021,-16.5136,12.4369,0.8439
10.364,raw,2037,-11.0954,7.7539,1.1679
10.364,raw,2053,-15.3644,9.5232,0.9603
10.364,raw,2068,-15.0265,8.4431,0.9977
10.364,raw,2084,-15.4213,0.1689,1.4478
10.364,raw,2099,-15.1019,-0.5058,1.4545
10.364,raw,2115,-8.1849,-0.6090,1.6067
10.364,raw,2130,-8.1887,-0.9904,1.6057
10.364,raw,2146,-14.2253,-2.4904,1.4689
10.364,raw,2161,-13.9297,-3.0867,1.4727
10.364,raw,2177,-13.6513,-3.7175,1.4753
10.364,raw,2193,-13.3778,-4.3400,1.4771
10.364,raw,2208,-12.7401,-4.7754,1.4873
10.364,raw,2224,-12.4548,-5.3620,1.4883
10.364,raw,2239,-12.2300,-5.9293,1.4877
10.364,raw,2255,-11.9664,-6.5262,1.4869
10.364,raw,2270,-11.4409,-6.9257,1.4927
10.364,raw,2286,-11.2668,-7.5772,1.4883
10.364,raw,2301,-11.0826,-8.1947,1.4840
10.364,raw,2317,-10.6942,-8.7270,1.4837
10.364,raw,2333,-10.5036,-9.4345,1.4770
10.364,raw,2348,-10.1250,-9.9449,1.4756
10.364,raw,2364,-9.8027,-10.5849,1.4707
10.364,raw,2379,-9.3806,-11.0787,1.4690
10.364,raw,2395,-9.0838,-11.8105,1.4608
10.364,raw,2410,-8.6587,-12.3507,1.4571
10.364,raw,2426,-8.3513,-13.1779,1.4460
10.364,raw,2441,-7.8717,-13.7207,1.4416
10.364,raw,2457,-7.5506,-14.6925,1.4265
10.364,raw,2472,-8.8578,-19.0213,1.3284
10.364,raw,2488,-8.3641,-20.3517,1.3063
10.364,raw,2504,-7.8234,-21.8237,1.2807
10.364,raw,2519,-7.3561,-23.6369,1.2464
10.364,raw,2535,-6.6571,-25.4101,1.2135
10.364,raw,2550,-5.8138,-26.8271,1.1879
10.364,raw,2566,-4.6205,-27.3821,1.1813
10.364,raw,2581,-3.4792,-27.9366,1.1734
10.364,raw,2597,-2.2377,-28.6620,1.1607
10.364,raw,2612,-1.0257,-29.3862,1.1468
10.364,raw,2628,0.3296,-30.1796,1.1302
10.364,raw,2644,1.7421,-30.5901,1.1206
10.364,raw,2659,3.1220,-31.1795,1.1058
10.364,raw,2675,4.6816,-31.9666,1.0849
10.364,raw,2690,6.2776,-32.9992,1.0571
10.364,raw,2706,4.7645,-0.7261,1.7047
10.364,raw,2721,4.6235,-0.5136,1.7086
10.364,raw,2737,4.4741,-0.3038,1.7125
10.364,raw,2752,4.3669,-0.1242,1.7153
10.364,raw,2768,4.2464,0.0562,1.7182
10.364,raw,2784,4.2511,0.2267,1.7181
10.364,raw,2799,4.5119,0.4020,1.7122
10.364,raw,2815,4.8676,0.6230,1.7040
10.364,raw,2830,24.8179,11.0949,1.2125
10.364,raw,2846,-23.8756,22.5255,1.0695
10.364,raw,2861,-23.0092,19.9357,1.1216
10.364,raw,2877,-22.2825,17.6023,1.1663
10.364,raw,2892,-22.3442,16.1362,1.1843
10.364,raw,2908,-21.0270,13.7876,1.2372
10.364,raw,2924,-19.9042,11.8001,1.2810
10.364,raw,2939,-19.6446,10.5275,1.2994
10.364,raw,2955,-18.8006,8.9962,1.3309
10.364,raw,2970,-18.2627,7.7896,1.3523
10.364,raw,2986,-18.5245,6.8930,1.3539
10.364,raw,3001,-17.9674,5.8124,1.3730
10.364,raw,3017,-17.4917,4.7730,1.3893
10.364,raw,3032,-17.0806,3.8673,1.4027
10.364,raw,3048,-16.6896,2.9654,1.4148
10.364,raw,3064,-16.3043,2.1132,1.4258
10.364,raw,3079,-15.9414,1.3545,1.4354
10.364,raw,3095,-15.6128,0.5862,1.4434
10.364,raw,3110,-35.0103,-2.0865,1.8483
10.364,raw,3126,-31.8213,-3.3836,1.8441
10.364,raw,3141,-18.7543,-2.7942,1.8264
10.364,raw,3157,-32.1125,-6.3973,1.8451
10.364,raw,3172,-31.2224,-7.6565,1.8443
10.364,raw,3188,-30.3192,-8.9577,1.8436
10.364,raw,3203,-29.5020,-10.1437,1.8430
10.364,raw,3219,-16.1449,-6.4292,1.8243
10.364,raw,3235,-27.8220,-12.5870,1.8421
10.364,raw,3250,-27.0486,-13.6986,1.8418
10.364,raw,3266,-26.2390,-14.8721,1.8416
10.364,raw,3281,-25.5015,-15.9726,1.8415
10.364,raw,3297,-24.6911,-17.1249,1.8414
10.364,raw,3312,-23.9426,-18.2117,1.8415
10.364,raw,3328,-23.1521,-19.3843,1.8416
10.364,raw,3343,-22.3807,-20.4715,1.8418
10.364,raw,3359,-21.4862,-21.5813,1.8419
10.364,raw,3375,-20.5977,-22.7171,1.8422
10.364,raw,3390,-19.7440,-23.7870,1.8425
10.364,raw,3406,-18.8520,-24.9939,1.8430
10.364,raw,3421,-18.0036,-26.1677,1.8436
10.364,raw,3437,-17.0632,-27.4476,1.8444
10.364,raw,3452,-16.1462,-28.6820,1.8452
10.364,raw,3468,-15.1417,-30.0737,1.8462
10.364,raw,3483,-14.1524,-31.4291,1.8472
10.364,raw,3499,4.7324,-0.6941,1.8058
10.364,raw,3515,4.5874,-0.4717,1.8056
10.364,raw,3530,4.4676,-0.2801,1.8054
10.364,raw,3546,4.3530,-0.0900,1.8052
10.364,raw,3561,4.2357,0.0778,1.8050
10.364,raw,3577,4.2873,0.2488,1.8051
10.364,raw,3592,4.5699,0.4286,1.8055
10.364,raw,3608,4.9101,0.6528,1.8060
10.364,raw,3623,-18.8388,-0.4447,2.2804
10.364,raw,3639,-17.5965,-1.7150,2.2518
10.364,raw,3655,-15.6472,-2.5073,2.2066
10.364,raw,3670,-17.6282,-3.6463,2.2600
10.364,raw,3686,-15.2021,-3.9970,2.2035
10.364,raw,3701,-15.0081,-4.6717,2.2035
10.364,raw,3717,-14.7201,-5.6634,2.2048
10.364,raw,3732,-14.5315,-6.4006,2.2074
10.364,raw,3748,-14.3024,-7.1303,2.2099
10.364,raw,3763,-14.1007,-7.8326,2.2135
10.364,raw,3779,-19.6559,-24.6802,2.5935
10.364,raw,3795,4.6857,-0.6101,1.9045
10.364,raw,3810,4.5485,-0.4066,1.9004
10.364,raw,3826,4.4241,-0.2073,1.8967
10.364,raw,3841,4.3230,-0.0334,1.8939
10.364,raw,3857,4.1850,0.1419,1.8903
10.364,raw,3872,4.3561,0.3051,1.8946
10.364,raw,3888,4.6976,0.5088,1.9034
10.364,raw,3903,5.0469,0.7335,1.9125
10.364,raw,3919,-31.9728,-3.8739,3.3802
10.364,raw,3934,-26.0774,-13.9862,3.2541
10.364,raw,3950,-19.6052,-24.1856,3.3245
10.364,raw,3966,4.7048,-0.6386,2.0046
10.364,raw,3981,4.5474,-0.4300,1.9955
10.364,raw,3997,4.4367,-0.2312,1.9889
10.364,raw,4012,4.3173,-0.0549,1.9825
10.364,raw,4028,4.2248,0.1204,1.9777
10.364,raw,4043,4.3323,0.2824,1.9830
10.364,raw,4059,4.6513,0.4813,1.9988
10.364,raw,4074,4.9910,0.7006,2.0162
10.364,raw,4090,-14.8190,-4.9540,2.9615
10.364,raw,4106,-11.3907,-8.4687,2.8568
10.364,raw,4121,4.6886,-0.6354,2.1032
10.364,raw,4137,4.5406,-0.4172,2.0901
10.364,raw,4152,4.4348,-0.2310,2.0809
10.364,raw,4168,4.3199,-0.0441,2.0716
10.364,raw,4183,4.1978,0.1208,2.0624
10.364,raw,4199,4.3390,0.2936,2.0727
10.364,raw,4214,4.6456,0.4809,2.0953
10.364,raw,4230,4.9988,0.7145,2.1222
10.364,raw,4246,-19.5704,-0.2945,3.7174
10.364,raw,4261,-19.3106,-1.1462,3.6963
10.364,raw,4277,-19.0464,-2.0368,3.6788
10.364,raw,4292,-17.1961,-2.6068,3.5112
10.364,raw,4308,-18.3310,-3.6809,3.6359
10.364,raw,4323,-18.0642,-4.4700,3.6277
10.364,raw,4339,-17.8066,-5.3130,3.6253
10.364,raw,4354,-17.5596,-6.2763,3.6315
10.364,raw,4370,-17.3064,-7.1272,3.6379
10.364,raw,4386,-17.0524,-7.9865,3.6485
10.364,raw,4401,-16.8070,-8.8006,3.6616
10.364,raw,4417,4.3719,-0.1467,2.1665
10.364,raw,4432,4.2635,0.0235,2.1552
10.364,raw,4448,4.1669,0.1942,2.1457
10.364,raw,4463,-16.8274,0.8172,3.4566
10.364,raw,4479,-16.5708,0.0703,3.8364
10.364,raw,4494,-16.3445,-0.6570,3.8118
10.364,raw,4510,-16.0984,-1.4142,3.7891
10.364,raw,4526,-15.6484,-2.1739,3.7467
10.364,raw,4541,-15.4473,-2.8534,3.7364
10.364,raw,4557,-15.2284,-3.5703,3.7287
10.364,raw,4572,-15.0199,-4.2372,3.7247
10.364,raw,4588,-14.7876,-4.9435,3.7230
10.364,raw,4603,-14.5923,-5.8148,3.7367
10.364,raw,4619,-14.3721,-6.5362,3.7460
10.364,raw,4634,-14.1522,-7.2145,3.7571
10.364,raw,4650,-13.9395,-7.9621,3.7765
11.607,raw,0,4.8418,-0.8252,0.9690
11.607,raw,15,4.7083,-0.6065,1.0021
11.607,raw,30,4.5802,-0.4034,1.0321
11.607,raw,45,4.4408,-0.2128,1.0625
11.607,raw,60,4.3395,-0.0379,1.0841
11.607,raw,76,4.1938,0.1386,1.1126
11.607,raw,91,4.3750,0.3020,1.0782
11.607,raw,106,4.6683,0.4901,1.0211
11.607,raw,121,5.0197,0.7118,0.9512
11.607,raw,137,4.7521,-0.6901,1.0948
11.607,raw,152,4.6176,-0.4808,1.1227
11.607,raw,167,4.4907,-0.2867,1.1477
11.607,raw,182,4.3652,-0.1055,1.1710
11.607,raw,197,4.2671,0.0628,1.1885
11.607,raw,213,4.2709,0.2343,1.1881
11.607,raw,228,4.5408,0.4111,1.1428
11.607,raw,243,4.8696,0.6183,1.0863
11.607,raw,258,-5.5166,-6.4322,0.5443
11.607,raw,274,-5.2648,-6.7737,0.5315
11.607,raw,289,-5.0413,-7.1240,0.5128
11.607,raw,304,4.7550,-0.7160,1.1967
11.607,raw,319,4.6378,-0.5082,1.2182
11.607,raw,335,4.4883,-0.2979,1.2431
11.607,raw,350,4.3767,-0.1175,1.2612
11.607,raw,365,4.2750,0.0518,1.2767
11.607,raw,380,4.2416,0.2125,1.2817
11.607,raw,395,4.5063,0.3862,1.2438
11.607,raw,411,4.8552,0.6043,1.1928
11.607,raw,426,-6.0616,-6.9854,0.6675
11.607,raw,441,-5.8383,-7.3716,0.6510
11.607,raw,456,-5.5912,-7.7483,0.6350
11.607,raw,472,-5.3351,-8.1851,0.6118
11.607,raw,487,-5.0477,-8.5532,0.5949
11.607,raw,502,-4.1879,-7.9627,0.7056
11.607,raw,517,-4.4373,-9.3113,0.5543
11.607,raw,533,-4.0975,-9.7475,0.5264
11.607,raw,548,-3.7469,-10.1341,0.5017
11.607,raw,563,4.7280,-0.6727,1.3033
11.607,raw,578,4.6021,-0.4663,1.3220
11.607,raw,593,4.4865,-0.2747,1.3383
11.607,raw,609,4.3535,-0.0827,1.3557
11.607,raw,624,4.2597,0.0844,1.3675
11.607,raw,639,4.2804,0.2451,1.3652
11.607,raw,654,4.5713,0.4246,1.3305
11.607,raw,670,4.9002,0.6467,1.2903
11.607,raw,685,-6.7118,-7.7362,0.8062
11.607,raw,700,-6.4846,-8.1850,0.7888
11.607,raw,715,-6.2114,-8.6018,0.7746
11.607,raw,731,-5.9013,-9.0471,0.7583
11.607,raw,746,-5.5550,-9.4062,0.7485
11.607,raw,761,-4.1470,-7.9460,0.9317
11.607,raw,776,-4.8982,-10.2624,0.7102
11.607,raw,791,-4.5348,-10.6833,0.6901
11.607,raw,807,-4.1388,-11.1684,0.6638
11.607,raw,822,-3.7787,-11.7266,0.6276
11.607,raw,837,-3.4475,-12.4919,0.5703
11.607,raw,852,-3.0423,-13.1912,0.5186
11.607,raw,868,4.7230,-0.6342,1.4056
11.607,raw,883,4.5659,-0.4250,1.4232
11.607,raw,898,4.4402,-0.2354,1.4370
11.607,raw,913,4.3586,-0.0610,1.4459
11.607,raw,929,4.2339,0.1169,1.4580
11.607,raw,944,4.3457,0.2792,1.4476
11.607,raw,959,4.6197,0.4629,1.4214
11.607,raw,974,4.9454,0.6772,1.3896
11.607,raw,989,-7.8107,-7.9445,0.9961
11.607,raw,1005,-7.5446,-8.4436,0.9844
11.607,raw,1020,-7.2520,-8.8846,0.9752
11.607,raw,1035,-6.9246,-9.3016,0.9673
11.607,raw,1050,-6.6319,-9.7851,0.9528
11.607,raw,1066,-6.2668,-10.2582,0.9402
11.607,raw,1081,-4.2408,-7.8928,1.1527
11.607,raw,1096,-5.5688,-11.2275,0.9071
11.607,raw,1111,-5.1976,-11.7420,0.8871
11.607,raw,1127,-4.7838,-12.3224,0.8624
11.607,raw,1142,-4.4112,-12.9952,0.8289
11.607,raw,1157,-4.0340,-13.7923,0.7856
11.607,raw,1172,-3.6604,-14.8063,0.7261
11.607,raw,1187,-3.2072,-15.8115,0.6667
11.607,raw,1203,-2.6965,-17.1913,0.5808
11.607,raw,1218,4.7756,-0.7204,1.5013
11.607,raw,1233,4.6378,-0.5082,1.5133
11.607,raw,1248,4.5066,-0.3117,1.5243
11.607,raw,1264,4.3869,-0.1183,1.5338
11.607,raw,1279,4.2822,0.0516,1.5417
11.607,raw,1294,4.2424,0.2125,1.5445
11.607,raw,1309,4.4880,0.3853,1.5272
11.607,raw,1325,4.8415,0.6029,1.5018
11.607,raw,1340,-10.5326,-5.1654,1.2404
11.607,raw,1355,-10.2974,-5.6405,1.2401
11.607,raw,1370,-10.0660,-6.1197,1.2386
11.607,raw,1385,-9.9166,-6.6572,1.2314
11.607,raw,1401,-9.6480,-7.1717,1.2282
11.607,raw,1416,-9.3963,-7.6627,1.2239
11.607,raw,1431,-9.1303,-8.1536,1.2190
11.607,raw,1446,-8.8717,-8.6656,1.2122
11.607,raw,1462,-8.5264,-9.1623,1.2075
11.607,raw,1477,-8.1963,-9.6352,1.2020
11.607,raw,1492,-7.8880,-10.1531,1.1932
11.607,raw,1507,-7.5595,-10.6737,1.1837
11.607,raw,1523,-7.1879,-11.2350,1.1727
11.607,raw,1538,-4.4279,-7.8881,1.3689
11.607,raw,1553,-4.0301,-8.0131,1.3731
11.607,raw,1568,-6.0420,-12.9133,1.1331
11.607,raw,1583,-5.6559,-13.5943,1.1127
11.607,raw,1599,-5.1789,-14.2755,1.0926
11.607,raw,1614,-4.8737,-15.4403,1.0477
11.607,raw,1629,-4.5885,-16.9729,0.9853
11.607,raw,1644,-5.1293,-22.2618,0.7466
11.607,raw,1660,-4.4725,-24.3622,0.6600
11.607,raw,1675,-3.4929,-25.0731,0.6362
11.607,raw,1690,-2.4552,-25.6921,0.6147
11.607,raw,1705,-1.3732,-26.2918,0.5921
11.607,raw,1720,-0.2393,-26.6499,0.5785
11.607,raw,1736,1.0053,-27.2794,0.5502
11.607,raw,1751,2.2268,-27.8756,0.5209
11.607,raw,1766,4.7970,-0.7505,1.6017
11.607,raw,1781,4.6381,-0.5325,1.6107
11.607,raw,1797,4.5019,-0.3226,1.6183
11.607,raw,1812,4.3698,-0.1391,1.6251
11.607,raw,1827,4.2742,0.0303,1.6300
11.607,raw,1842,4.1922,0.1911,1.6338
11.607,raw,1858,4.4770,0.3734,1.6206
11.607,raw,1873,4.7934,0.5735,1.6056
11.607,raw,1888,5.1621,0.8098,1.5877
11.607,raw,1903,-18.3885,20.3859,0.5397
11.607,raw,1918,-17.7367,18.0770,0.6356
11.607,raw,1934,-17.1104,15.9408,0.7228
11.607,raw,1949,-16.4605,14.0908,0.8001
11.607,raw,1964,-15.9745,12.5438,0.8609
11.607,raw,1979,-11.0690,8.1132,1.1599
11.607,raw,1995,-15.1494,9.8753,0.9604
11.607,raw,2010,-14.8269,8.7834,0.9983
11.607,raw,2025,-14.3547,7.6947,1.0406
11.607,raw,2040,-14.5373,-0.0996,1.4672
11.607,raw,2056,-14.2792,-0.7777,1.4723
11.607,raw,2071,-8.0967,-0.7549,1.6083
11.607,raw,2086,-13.7815,-1.9959,1.4803
11.607,raw,2101,-13.5706,-2.5908,1.4827
11.607,raw,2116,-13.3390,-3.1726,1.4849
11.607,raw,2132,-13.1290,-3.7951,1.4859
11.607,raw,2147,-12.9257,-4.3741,1.4863
11.607,raw,2162,-12.3655,-4.8143,1.4946
11.607,raw,2177,-12.1425,-5.3678,1.4945
11.607,raw,2193,-11.9324,-5.9738,1.4931
11.607,raw,2208,-11.7323,-6.5477,1.4912
11.607,raw,2223,-11.3146,-6.9999,1.4942
11.607,raw,2238,-11.1630,-7.6166,1.4897
11.607,raw,2254,-10.7856,-8.1415,1.4899
11.607,raw,2269,-10.6424,-8.8033,1.4835
11.607,raw,2284,-10.3132,-9.3368,1.4815
11.607,raw,2299,-10.1525,-10.0437,1.4736
11.607,raw,2314,-9.8653,-10.6652,1.4684
11.607,raw,2330,-9.4480,-11.2375,1.4653
11.607,raw,2345,-9.1994,-11.9726,1.4564
11.607,raw,2360,-8.7822,-12.5387,1.4520
11.607,raw,2375,-8.5326,-13.3878,1.4399
11.607,raw,2391,-8.0479,-14.0364,1.4335
11.607,raw,2406,-7.7849,-15.0472,1.4171
11.607,raw,2421,-8.9839,-19.1772,1.3240
11.607,raw,2436,-8.5273,-20.4487,1.3028
11.607,raw,2452,-7.9883,-21.9291,1.2771
11.607,raw,2467,-7.5406,-23.7979,1.2417
11.607,raw,2482,-6.9393,-25.6408,1.2068
11.607,raw,2497,-6.1190,-27.1685,1.1789
11.607,raw,2512,-4.9985,-27.7544,1.1716
11.607,raw,2528,-3.7742,-28.4142,1.1619
11.607,raw,2543,-2.5881,-29.0425,1.1515
11.607,raw,2558,-1.3659,-29.7791,1.1376
11.607,raw,2573,-0.0887,-30.5998,1.1207
11.607,raw,2589,1.3443,-31.2820,1.1055
11.607,raw,2604,2.7364,-31.7559,1.0936
11.607,raw,2619,4.2015,-32.4404,1.0757
11.607,raw,2634,5.7802,-33.3818,1.0505
11.607,raw,2650,4.7377,-0.6872,1.7054
11.607,raw,2665,4.6173,-0.4807,1.7089
11.607,raw,2680,4.4782,-0.2852,1.7125
11.607,raw,2695,4.3662,-0.1056,1.7154
11.607,raw,2710,4.2691,0.0627,1.7177
11.607,raw,2726,4.2657,0.2342,1.7178
11.607,raw,2741,4.5439,0.4113,1.7115
11.607,raw,2756,4.8700,0.6183,1.7040
11.607,raw,2771,-24.1234,25.6148,1.0181
11.607,raw,2787,-22.8570,22.1871,1.0911
11.607,raw,2802,-21.7957,19.4431,1.1490
11.607,raw,2817,-20.5035,16.8020,1.2081
11.607,raw,2832,-20.3411,15.2587,1.2315
11.607,raw,2848,-11.0660,7.7730,1.4939
11.607,raw,2863,-18.7604,11.6521,1.3045
11.607,raw,2878,-18.5599,10.4455,1.3214
11.607,raw,2893,-18.0813,9.1760,1.3436
11.607,raw,2908,-17.6082,8.0012,1.3638
11.607,raw,2924,-17.1019,6.8388,1.3838
11.607,raw,2939,-17.0731,5.9736,1.3908
11.607,raw,2954,-16.6711,5.0298,1.4053
11.607,raw,2969,-16.3201,4.1550,1.4177
11.607,raw,2985,-15.9449,3.2741,1.4298
11.607,raw,3000,-15.6281,2.4982,1.4395
11.607,raw,3015,-15.3222,1.7601,1.4482
11.607,raw,3030,-15.0235,1.0550,1.4560
11.607,raw,3046,-14.7193,0.3351,1.4632
11.607,raw,3061,-34.3314,-0.8633,1.8473
11.607,raw,3076,-33.4688,-2.3081,1.8462
11.607,raw,3091,-16.4631,-1.8055,1.8232
11.607,raw,3106,-31.7856,-5.0124,1.8444
11.607,raw,3122,-30.9802,-6.3822,1.8436
11.607,raw,3137,-30.1696,-7.6084,1.8429
11.607,raw,3152,-29.4348,-8.8137,1.8424
11.607,raw,3167,-28.7140,-9.9912,1.8420
11.607,raw,3183,-27.9517,-11.2198,1.8416
11.607,raw,3198,-27.2561,-12.3571,1.8413
11.607,raw,3213,-26.5786,-13.4874,1.8411
11.607,raw,3228,-25.8003,-14.5518,1.8409
11.607,raw,3243,-25.1795,-15.6973,1.8409
11.607,raw,3259,-24.4635,-16.8909,1.8410
11.607,raw,3274,-11.5316,-8.8506,1.8204
11.607,raw,3289,-23.0582,-19.1098,1.8413
11.607,raw,3304,-22.3287,-20.2194,1.8415
11.607,raw,3320,-21.5252,-21.4041,1.8418
11.607,raw,3335,-20.7753,-22.5492,1.8422
11.607,raw,3350,-20.0280,-23.7399,1.8427
11.607,raw,3365,-19.2605,-24.9629,1.8434
11.607,raw,3381,-18.4059,-26.2967,1.8441
11.607,raw,3396,-17.6045,-27.6363,1.8450
11.607,raw,3411,-16.7517,-29.0050,1.8460
11.607,raw,3426,-15.8716,-30.4582,1.8471
11.607,raw,3441,4.7643,-0.7307,1.8059
11.607,raw,3457,4.6289,-0.5067,1.8056
11.607,raw,3472,4.4937,-0.3101,1.8054
11.607,raw,3487,4.3897,-0.1296,1.8052
11.607,raw,3502,4.2704,0.0412,1.8051
11.607,raw,3518,4.2310,0.2124,1.8050
11.607,raw,3533,4.5057,0.3862,1.8054
11.607,raw,3548,4.8165,0.5880,1.8058
11.607,raw,3563,-16.8434,0.8072,1.8236
11.607,raw,3579,-16.5690,-0.3336,2.2242
11.607,raw,3594,-16.3563,-1.0579,2.2198
11.607,raw,3609,-16.1203,-1.7656,2.2156
11.607,raw,3624,-15.5672,-2.7426,2.2057
11.607,raw,3639,-15.3896,-3.4259,2.2047
11.607,raw,3655,-15.1607,-4.1417,2.2035
11.607,raw,3670,-14.9544,-4.8127,2.2034
11.607,raw,3685,-15.3235,-6.0633,2.2224
11.607,raw,3700,-14.3808,-6.9163,2.2094
11.607,raw,3716,-14.7278,-7.9619,2.2287
11.607,raw,3731,-19.8445,-24.2274,2.5879
11.607,raw,3746,4.7242,-0.6844,1.9058
11.607,raw,3761,4.5918,-0.4766,1.9017
11.607,raw,3777,4.4898,-0.2751,1.8985
11.607,raw,3792,4.3469,-0.0932,1.8945
11.607,raw,3807,4.2612,0.0737,1.8922
11.607,raw,3822,4.2730,0.2343,1.8925
11.607,raw,3837,4.5430,0.4113,1.8993
11.607,raw,3853,4.8861,0.6326,1.9083
11.607,raw,3868,-16.7223,0.2567,2.2278
11.607,raw,3883,-15.6863,-2.1895,2.5909
11.607,raw,3898,-25.8663,-14.3901,3.2546
11.607,raw,3914,4.8242,-0.8082,2.0120
11.607,raw,3929,4.6749,-0.5879,2.0028
11.607,raw,3944,4.5468,-0.3869,1.9951
11.607,raw,3959,4.4200,-0.1994,1.9880
11.607,raw,3975,4.3299,-0.0155,1.9830
11.607,raw,3990,4.1893,0.1491,1.9760
11.607,raw,4005,4.3754,0.3131,1.9851
11.607,raw,4020,4.6732,0.5024,1.9999
11.607,raw,4035,5.0266,0.7257,2.0180
11.607,raw,4051,-26.1614,-13.7619,3.9608
11.607,raw,4066,4.8025,-0.7774,2.1133
11.607,raw,4081,4.6313,-0.5555,2.0981
11.607,raw,4096,4.5334,-0.3616,2.0890
11.607,raw,4112,4.3988,-0.1638,2.0778
11.607,raw,4127,4.2736,0.0089,2.0680
11.607,raw,4142,4.1713,0.1701,2.0604
11.607,raw,4157,4.4155,0.3368,2.0782
11.607,raw,4173,4.7638,0.5462,2.1041
11.607,raw,4188,5.1108,0.7760,2.1306
11.607,raw,4203,-19.5005,-0.4787,3.7114
11.607,raw,4218,-19.2292,-1.3249,3.6899
11.607,raw,4233,-18.9790,-2.1557,3.6739
11.607,raw,4249,-18.4164,-3.0904,3.6336
11.607,raw,4264,-18.2241,-3.8971,3.6303
11.607,raw,4279,-17.9718,-4.6866,3.6245
11.607,raw,4294,-17.7450,-5.4800,3.6245
11.607,raw,4310,-17.4959,-6.5019,3.6333
11.607,raw,4325,-17.2465,-7.2963,3.6390
11.607,raw,4340,-16.9966,-8.0979,3.6484
11.607,raw,4355,-16.7454,-8.9102,3.6615
11.607,raw,4371,-18.4260,0.3736,3.6080
11.607,raw,4386,-16.4276,-0.3294,3.8203
11.607,raw,4401,-16.2029,-1.0467,3.7980
11.607,raw,4416,-15.9856,-1.7499,3.7801
11.607,raw,4431,-15.5742,-2.4102,3.7424
11.607,raw,4447,-15.3351,-3.1268,3.7299
11.607,raw,4462,-15.1260,-3.7949,3.7235
11.607,raw,4477,-14.9332,-4.4644,3.7226
11.607,raw,4492,-14.7432,-5.2837,3.7315
11.607,raw,4508,-14.5401,-6.0069,3.7398
11.607,raw,4523,-14.3005,-6.6701,3.7452
11.607,raw,4538,-14.0973,-7.3578,3.7593
11.607,raw,4553,-13.8800,-8.0508,3.7759
12.635,raw,0,4.8263,-0.8426,0.9691
12.635,raw,14,4.6934,-0.6356,1.0018
12.635,raw,29,4.5776,-0.4333,1.0298
12.635,raw,44,4.4306,-0.2401,1.0619
12.635,raw,59,4.3349,-0.0646,1.0826
12.635,raw,74,4.2190,0.1021,1.1057
12.635,raw,89,4.3291,0.2636,1.0850
12.635,raw,103,4.6050,0.4342,1.0317
12.635,raw,118,4.9458,0.6475,0.9644
12.635,raw,133,4.7787,-0.7670,1.0861
12.635,raw,148,4.6592,-0.5553,1.1122
12.635,raw,163,4.4918,-0.3506,1.1444
12.635,raw,178,4.3861,-0.1682,1.1650
12.635,raw,193,4.2778,0.0038,1.1846
12.635,raw,207,4.1889,0.1553,1.1999
12.635,raw,222,4.4313,0.3221,1.1597
12.635,raw,237,4.7373,0.5155,1.1077
12.635,raw,252,5.0734,0.7405,1.0491
12.635,raw,267,-5.3514,-6.5255,0.5510
12.635,raw,282,-5.1477,-6.8856,0.5307
12.635,raw,296,-4.9477,-7.2282,0.5098
12.635,raw,311,4.7893,-0.8080,1.1877
12.635,raw,326,4.6598,-0.5922,1.2116
12.635,raw,341,4.5510,-0.3939,1.2312
12.635,raw,356,4.4167,-0.2048,1.2530
12.635,raw,371,4.2834,-0.0289,1.2735
12.635,raw,386,4.2188,0.1339,1.2833
12.635,raw,400,4.3821,0.2870,1.2603
12.635,raw,415,4.6553,0.4731,1.2207
12.635,raw,430,5.0122,0.6937,1.1681
12.635,raw,445,-5.9313,-7.0594,0.6721
12.635,raw,460,-5.7196,-7.4611,0.6526
12.635,raw,475,-5.4425,-7.8008,0.6413
12.635,raw,489,-5.1949,-8.1484,0.6253
12.635,raw,504,-4.5173,-7.8866,0.6940
12.635,raw,519,-4.1355,-8.0446,0.7009
12.635,raw,534,-4.3665,-9.3902,0.5505
12.635,raw,549,-4.0221,-9.7506,0.5302
12.635,raw,564,-3.6686,-10.1306,0.5060
12.635,raw,579,4.7166,-0.6652,1.3035
12.635,raw,593,4.6053,-0.4735,1.3202
12.635,raw,608,4.4900,-0.2811,1.3366
12.635,raw,623,4.3562,-0.0991,1.3540
12.635,raw,638,4.2507,0.0693,1.3673
12.635,raw,653,4.2906,0.2303,1.3628
12.635,raw,668,4.5515,0.4076,1.3317
12.635,raw,682,4.8662,0.6012,1.2935
12.635,raw,697,-6.7034,-7.5586,0.8194
12.635,raw,712,-6.4547,-7.9698,0.8064
12.635,raw,727,-6.1931,-8.3856,0.7920
12.635,raw,742,-5.9106,-8.7968,0.7773
12.635,raw,757,-5.6339,-9.2436,0.7576
12.635,raw,772,-4.2745,-7.9062,0.9294
12.635,raw,786,-5.0301,-10.0973,0.7184
12.635,raw,801,-4.6732,-10.5146,0.6991
12.635,raw,816,-4.3161,-10.9788,0.6739
12.635,raw,831,-3.9296,-11.4347,0.6483
12.635,raw,846,-3.6227,-12.2056,0.5908
12.635,raw,861,-3.2309,-12.8792,0.5420
12.635,raw,875,4.7706,-0.7524,1.3981
12.635,raw,890,4.6452,-0.5406,1.4133
12.635,raw,905,4.4983,-0.3399,1.4295
12.635,raw,920,4.3777,-0.1563,1.4424
12.635,raw,935,4.2813,0.0145,1.4524
12.635,raw,950,4.1877,0.1763,1.4614
12.635,raw,965,4.4439,0.3451,1.4373
12.635,raw,979,4.7718,0.5305,1.4059
12.635,raw,994,5.1174,0.7593,1.3719
12.635,raw,1009,-7.6838,-8.0210,0.9991
12.635,raw,1024,-7.3998,-8.4513,0.9912
12.635,raw,1039,-7.0910,-8.8688,0.9837
12.635,raw,1054,-6.8274,-9.3617,0.9686
12.635,raw,1068,-6.5240,-9.7718,0.9583
12.635,raw,1083,-6.2411,-10.3026,0.9389
12.635,raw,1098,-4.2086,-7.9007,1.1537
12.635,raw,1113,-5.5501,-11.2933,0.9041
12.635,raw,1128,-5.1407,-11.7352,0.8895
12.635,raw,1143,-4.7577,-12.2884,0.8655
12.635,raw,1158,-4.4131,-13.0328,0.8266
12.635,raw,1172,-4.0627,-13.7833,0.7857
12.635,raw,1187,-3.7068,-14.8557,0.7221
12.635,raw,1202,-3.2520,-15.8599,0.6629
12.635,raw,1217,-2.7865,-17.2095,0.5785
12.635,raw,1232,4.7431,-0.7210,1.5027
12.635,raw,1247,4.5933,-0.5075,1.5156
12.635,raw,1261,4.4918,-0.3275,1.5244
12.635,raw,1276,4.3929,-0.1465,1.5325
12.635,raw,1291,4.2624,0.0260,1.5422
12.635,raw,1306,4.2192,0.1869,1.5454
12.635,raw,1321,4.4925,0.3586,1.5263
12.635,raw,1336,4.8100,0.5585,1.5035
12.635,raw,1351,5.1549,0.7911,1.4780
12.635,raw,1365,-10.1317,-5.3702,1.2530
12.635,raw,1380,-10.0006,-5.8926,1.2468
12.635,raw,1395,-9.7838,-6.3755,1.2438
12.635,raw,1410,-9.5733,-6.8708,1.2393
12.635,raw,1425,-9.3427,-7.3628,1.2346
12.635,raw,1440,-9.0906,-7.8499,1.2297
12.635,raw,1454,-8.8369,-8.3001,1.2250
12.635,raw,1469,-8.5928,-8.8242,1.2167
12.635,raw,1484,-8.3032,-9.3241,1.2095
12.635,raw,1499,-7.9792,-9.8059,1.2029
12.635,raw,1514,-7.6715,-10.3306,1.1933
12.635,raw,1529,-7.3483,-10.8668,1.1825
12.635,raw,1544,-7.0277,-11.4464,1.1689
12.635,raw,1558,-4.2393,-7.8471,1.3751
12.635,raw,1573,-6.2977,-12.5267,1.1436
12.635,raw,1588,-5.9218,-13.1776,1.1249
12.635,raw,1603,-5.4848,-13.7788,1.1083
12.635,raw,1618,-5.1482,-14.7356,1.0737
12.635,raw,1633,-4.7776,-15.8016,1.0336
12.635,raw,1647,-4.6356,-17.7556,0.9506
12.635,raw,1662,-5.1170,-23.1662,0.7069
12.635,raw,1677,-4.3628,-24.6951,0.6462
12.635,raw,1692,-3.3528,-25.3195,0.6261
12.635,raw,1707,-2.3034,-25.9535,0.6037
12.635,raw,1722,-1.2091,-26.5835,0.5794
12.635,raw,1737,-0.0624,-27.0135,0.5621
12.635,raw,1751,1.0422,-27.5713,0.5368
12.635,raw,1766,2.2799,-28.2088,0.5056
12.635,raw,1781,4.7045,-0.6752,1.6061
12.635,raw,1796,4.5968,-0.4721,1.6126
12.635,raw,1811,4.4617,-0.2778,1.6199
12.635,raw,1826,4.3374,-0.0978,1.6263
12.635,raw,1840,4.2390,0.0590,1.6311
12.635,raw,1855,4.2757,0.2193,1.6295
12.635,raw,1870,4.5130,0.3939,1.6185
12.635,raw,1885,4.8709,0.6017,1.6015
12.635,raw,1900,24.8271,11.0100,0.5892
12.635,raw,1915,-17.3904,20.2675,0.5747
12.635,raw,1930,-16.9411,18.1412,0.6594
12.635,raw,1944,-16.3816,16.2209,0.7390
12.635,raw,1959,-16.0821,14.6286,0.7978
12.635,raw,1974,-15.5962,13.0279,0.8615
12.635,raw,1989,-15.1598,11.6101,0.9164
12.635,raw,2004,-11.0250,7.8573,1.1685
12.635,raw,2019,-14.3284,9.1544,1.0099
12.635,raw,2033,-14.0640,8.2116,1.0417
12.635,raw,2048,-13.8098,7.2842,1.0715
12.635,raw,2063,-13.8364,-0.1907,1.4829
12.635,raw,2078,-13.5986,-0.7952,1.4875
12.635,raw,2093,-8.1158,-0.7938,1.6080
12.635,raw,2108,-13.1565,-1.9607,1.4943
12.635,raw,2123,-12.9529,-2.5288,1.4965
12.635,raw,2137,-12.7657,-3.0527,1.4981
12.635,raw,2152,-12.5626,-3.6079,1.4992
12.635,raw,2167,-12.3405,-4.1529,1.5003
12.635,raw,2182,-11.9636,-4.6350,1.5045
12.635,raw,2197,-11.7603,-5.1759,1.5042
12.635,raw,2212,-11.6024,-5.7418,1.5021
12.635,raw,2227,-11.4336,-6.3122,1.4996
12.635,raw,2241,-11.1707,-6.7929,1.4994
12.635,raw,2256,-10.9303,-7.3373,1.4976
12.635,raw,2271,-10.6862,-7.8893,1.4951
12.635,raw,2286,-10.3816,-8.4073,1.4936
12.635,raw,2301,-10.1832,-9.0258,1.4883
12.635,raw,2316,-9.8801,-9.5760,1.4852
12.635,raw,2330,-9.6682,-10.1788,1.4792
12.635,raw,2345,-9.3091,-10.7158,1.4761
12.635,raw,2360,-9.1139,-11.4721,1.4663
12.635,raw,2375,-8.7257,-12.0393,1.4618
12.635,raw,2390,-8.5126,-12.8923,1.4493
12.635,raw,2405,-8.1122,-13.5418,1.4422
12.635,raw,2420,-7.8749,-14.5353,1.4261
12.635,raw,2434,-9.1839,-18.5367,1.3347
12.635,raw,2449,-8.7711,-19.8034,1.3136
12.635,raw,2464,-8.3083,-21.1687,1.2902
12.635,raw,2479,-7.8161,-22.7264,1.2620
12.635,raw,2494,-7.3478,-24.7298,1.2235
12.635,raw,2509,-6.7097,-26.6889,1.1860
12.635,raw,2523,-5.7463,-27.5020,1.1737
12.635,raw,2538,-4.6217,-28.1548,1.1645
12.635,raw,2553,-3.4597,-28.8152,1.1542
12.635,raw,2568,-2.2580,-29.5088,1.1420
12.635,raw,2583,-1.0140,-30.3543,1.1254
12.635,raw,2598,0.2972,-31.2244,1.1070
12.635,raw,2613,1.6730,-31.8252,1.0933
12.635,raw,2627,3.0017,-32.3085,1.0810
12.635,raw,2642,4.5105,-33.0993,1.0604
12.635,raw,2657,4.7874,-0.8204,1.7035
12.635,raw,2672,4.6711,-0.6066,1.7070
12.635,raw,2687,4.5262,-0.4021,1.7109
12.635,raw,2702,4.4238,-0.2168,1.7136
12.635,raw,2716,4.3112,-0.0522,1.7164
12.635,raw,2731,4.2003,0.1130,1.7190
12.635,raw,2746,4.3603,0.2754,1.7154
12.635,raw,2761,4.6497,0.4608,1.7089
12.635,raw,2776,4.9871,0.6778,1.7010
12.635,raw,2791,-22.8409,25.3400,1.0421
12.635,raw,2806,-21.9096,22.3397,1.1040
12.635,raw,2820,-20.7745,19.5890,1.1640
12.635,raw,2835,-19.8751,17.2192,1.2133
12.635,raw,2850,-18.8192,14.9696,1.2625
12.635,raw,2865,-18.2844,13.3157,1.2936
12.635,raw,2880,-11.3427,7.7285,1.4895
12.635,raw,2895,-17.2488,10.4363,1.3470
12.635,raw,2909,-17.1652,9.4599,1.3590
12.635,raw,2924,-16.7870,8.3299,1.3776
12.635,raw,2939,-16.3885,7.2684,1.3952
12.635,raw,2954,-16.0282,6.2924,1.4105
12.635,raw,2969,-15.9689,5.4743,1.4176
12.635,raw,2984,-15.6457,4.6113,1.4299
12.635,raw,2999,-15.3431,3.8006,1.4407
12.635,raw,3013,-15.0578,3.0812,1.4501
12.635,raw,3028,-14.7937,2.3534,1.4584
12.635,raw,3043,-14.5215,1.6563,1.4662
12.635,raw,3058,-14.2885,0.9906,1.4725
12.635,raw,3073,-14.0212,0.3478,1.4789
12.635,raw,3088,-31.4694,-0.7343,1.8434
12.635,raw,3102,-30.8258,-1.9809,1.8426
12.635,raw,3117,-8.4902,-0.8358,1.8123
12.635,raw,3132,-29.5247,-4.5174,1.8412
12.635,raw,3147,-17.0160,-3.3443,1.8242
12.635,raw,3162,-28.2898,-6.9116,1.8402
12.635,raw,3177,-27.6887,-8.0687,1.8398
12.635,raw,3192,-27.0580,-9.1928,1.8395
12.635,raw,3206,-16.5081,-6.3854,1.8247
12.635,raw,3221,-15.5300,-6.8178,1.8237
12.635,raw,3236,-15.2940,-7.5427,1.8239
12.635,raw,3251,-24.6634,-13.4882,1.8388
12.635,raw,3266,-24.0667,-14.5708,1.8389
12.635,raw,3281,-23.4650,-15.6548,1.8389
12.635,raw,3295,-22.8975,-16.6712,1.8391
12.635,raw,3310,-22.3062,-17.7886,1.8394
12.635,raw,3325,-21.6819,-18.9033,1.8397
12.635,raw,3340,-21.0651,-20.0550,1.8401
12.635,raw,3355,-20.4361,-21.2357,1.8406
12.635,raw,3370,-19.8026,-22.4635,1.8412
12.635,raw,3385,-19.1571,-23.7432,1.8420
12.635,raw,3399,-18.5176,-24.9630,1.8427
12.635,raw,3414,-17.8159,-26.3382,1.8437
12.635,raw,3429,-17.0643,-27.7525,1.8447
12.635,raw,3444,-16.2798,-29.2476,1.8459
12.635,raw,3459,-15.4752,-30.8745,1.8473
12.635,raw,3474,4.7252,-0.6920,1.8058
12.635,raw,3488,4.6006,-0.4967,1.8056
12.635,raw,3503,4.4690,-0.3016,1.8054
12.635,raw,3518,4.3795,-0.1231,1.8052
12.635,raw,3533,4.2546,0.0478,1.8050
12.635,raw,3548,4.2456,0.2083,1.8050
12.635,raw,3563,4.5425,0.3840,1.8054
12.635,raw,3578,4.8448,0.5866,1.8059
12.635,raw,3592,-34.6130,5.9952,1.8483
12.635,raw,3607,-33.9151,4.3638,1.8470
12.635,raw,3622,-33.2828,2.8143,1.8459
12.635,raw,3637,-32.5423,1.3259,1.8448
12.635,raw,3652,-18.0093,0.0756,2.2594
12.635,raw,3667,-17.6580,-1.1272,2.2518
12.635,raw,3681,-18.4274,-3.0077,2.2763
12.635,raw,3696,-16.7473,-6.2504,2.2568
12.635,raw,3711,-14.6041,-7.9196,2.2253
12.635,raw,3726,-19.7389,-24.1636,2.5849
12.635,raw,3741,4.7165,-0.6777,1.9059
12.635,raw,3756,4.5757,-0.4687,1.9015
12.635,raw,3771,4.4584,-0.2774,1.8980
12.635,raw,3785,4.3512,-0.1098,1.8949
12.635,raw,3800,4.2446,0.0588,1.8921
12.635,raw,3815,4.2673,0.2193,1.8926
12.635,raw,3830,4.5426,0.3956,1.8996
12.635,raw,3845,4.8714,0.6017,1.9081
12.635,raw,3860,-17.8064,0.3922,2.2544
12.635,raw,3874,-15.9756,-1.9171,2.6025
12.635,raw,3889,-26.0130,-14.1216,3.2541
12.635,raw,3904,-19.5577,-24.0874,3.3193
12.635,raw,3919,4.6852,-0.6464,2.0043
12.635,raw,3934,4.5566,-0.4420,1.9965
12.635,raw,3949,4.4423,-0.2528,1.9898
12.635,raw,3964,4.3174,-0.0745,1.9831
12.635,raw,3978,4.2377,0.0804,1.9789
12.635,raw,3993,4.3151,0.2416,1.9826
12.635,raw,4008,4.5922,0.4217,1.9963
12.635,raw,4023,4.9044,0.6303,2.0121
12.635,raw,4038,-15.6876,-2.1654,2.9755
12.635,raw,4053,-25.9784,-14.2015,3.9633
12.635,raw,4067,4.7472,-0.7346,2.1095
12.635,raw,4082,4.6104,-0.5225,2.0970
12.635,raw,4097,4.4898,-0.3272,2.0863
12.635,raw,4112,4.3834,-0.1457,2.0774
12.635,raw,4127,4.2582,0.0262,2.0676
12.635,raw,4142,4.2165,0.1869,2.0644
12.635,raw,4157,4.5026,0.3590,2.0853
12.635,raw,4171,4.7833,0.5438,2.1062
12.635,raw,4186,5.1397,0.7756,2.1334
12.635,raw,4201,-19.4864,-0.4506,3.7089
12.635,raw,4216,-19.2343,-1.2973,3.6892
12.635,raw,4231,-18.9937,-2.1291,3.6739
12.635,raw,4246,-17.5993,-5.8064,3.6198
12.635,raw,4260,-16.5767,0.2309,3.8359
12.635,raw,4275,-16.3473,-0.4978,3.8102
12.635,raw,4290,-16.1344,-1.2107,3.7901
12.635,raw,4305,-15.9325,-1.9116,3.7749
12.635,raw,4320,-15.5008,-2.5634,3.7355
12.635,raw,4335,-15.2992,-3.2371,3.7272
12.635,raw,4350,-15.1046,-3.9076,3.7231
12.635,raw,4364,-14.9070,-4.5270,3.7206
12.635,raw,4379,-14.7220,-5.3477,3.7306
12.635,raw,4394,-14.5120,-6.0174,3.7360
12.635,raw,4409,-14.3101,-6.6966,3.7464
12.635,raw,4424,-14.0946,-7.3787,3.7591
12.635,raw,4439,-16.8088,0.9292,3.8654
14.124,raw,0,4.8017,-0.8310,0.9713
14.124,raw,15,4.6769,-0.6138,1.0028
14.124,raw,30,4.5438,-0.4096,1.0340
14.124,raw,46,4.4119,-0.2082,1.0633
14.124,raw,61,4.3170,-0.0337,1.0837
14.124,raw,76,4.1959,0.1321,1.1076
14.124,raw,92,4.3588,0.3065,1.0766
14.124,raw,107,4.6646,0.4956,1.0172
14.124,raw,122,5.0361,0.7202,0.9436
14.124,raw,138,4.7217,-0.6852,1.0956
14.124,raw,153,4.5715,-0.4733,1.1262
14.124,raw,168,4.4493,-0.2806,1.1504
14.124,raw,184,4.3325,-0.0897,1.1725
14.124,raw,199,4.2297,0.0782,1.1907
14.124,raw,214,4.2535,0.2387,1.1870
14.124,raw,230,4.5755,0.4303,1.1330
14.124,raw,245,4.8876,0.6390,1.0792
14.124,raw,260,-5.3770,-6.2702,0.5757
14.124,raw,276,-5.1299,-6.6015,0.5635
14.124,raw,291,-4.9237,-6.9587,0.5424
14.124,raw,306,-4.6628,-7.2614,0.5296
14.124,raw,322,-4.4046,-7.6339,0.5060
14.124,raw,337,4.7179,-0.6844,1.1991
14.124,raw,352,4.5762,-0.4741,1.2239
14.124,raw,368,4.4380,-0.2678,1.2471
14.124,raw,383,4.3590,-0.0916,1.2604
14.124,raw,399,4.2166,0.0893,1.2816
14.124,raw,414,4.3012,0.2503,1.2698
14.124,raw,429,4.5675,0.4299,1.2315
14.124,raw,445,4.9274,0.6560,1.1787
14.124,raw,460,-5.8537,-6.8326,0.6982
14.124,raw,475,-5.6319,-7.2048,0.6824
14.124,raw,491,-5.3916,-7.6195,0.6620
14.124,raw,506,-5.1296,-7.9824,0.6457
14.124,raw,521,-4.5698,-7.8964,0.6899
14.124,raw,537,-4.1550,-8.0549,0.6988
14.124,raw,552,-4.2799,-9.1958,0.5751
14.124,raw,567,-3.9408,-9.5460,0.5557
14.124,raw,583,-3.5663,-9.9328,0.5316
14.124,raw,598,4.8109,-0.8331,1.2869
14.124,raw,613,4.6676,-0.6120,1.3086
14.124,raw,629,4.5251,-0.3950,1.3291
14.124,raw,644,4.4042,-0.2074,1.3457
14.124,raw,659,4.2962,-0.0325,1.3598
14.124,raw,675,4.1764,0.1429,1.3745
14.124,raw,690,4.3815,0.3073,1.3504
14.124,raw,705,4.6739,0.4963,1.3153
14.124,raw,721,5.0574,0.7360,1.2682
14.124,raw,736,-6.4421,-7.6149,0.8323
14.124,raw,751,-6.1820,-8.0085,0.8202
14.124,raw,767,-5.9469,-8.5077,0.7971
14.124,raw,782,-5.6289,-8.8705,0.7868
14.124,raw,798,-4.4202,-7.8625,0.9259
14.124,raw,813,-4.1083,-8.1390,0.9184
14.124,raw,828,-4.6841,-10.2065,0.7242
14.124,raw,844,-4.3034,-10.6653,0.7008
14.124,raw,859,-3.9305,-11.1151,0.6757
14.124,raw,874,-3.5611,-11.6496,0.6411
14.124,raw,890,-3.2002,-12.4622,0.5796
14.124,raw,905,-2.8273,-13.3200,0.5119
14.124,raw,920,4.6970,-0.6551,1.4052
14.124,raw,936,4.5554,-0.4350,1.4217
14.124,raw,951,4.4378,-0.2450,1.4348
14.124,raw,966,4.3297,-0.0674,1.4462
14.124,raw,982,4.1999,0.1109,1.4589
14.124,raw,997,4.3181,0.2724,1.4479
14.124,raw,1012,4.5996,0.4554,1.4211
14.124,raw,1028,4.9490,0.6841,1.3870
14.124,raw,1043,-7.6083,-7.7010,1.0186
14.124,raw,1058,-7.3541,-8.1425,1.0093
14.124,raw,1074,-7.0755,-8.6261,0.9974
14.124,raw,1089,-6.8023,-9.0892,0.9847
14.124,raw,1104,-6.4776,-9.5094,0.9751
14.124,raw,1120,-6.1244,-9.9733,0.9625
14.124,raw,1135,-4.2670,-7.8703,1.1535
14.124,raw,1151,-5.4599,-11.0224,0.9235
14.124,raw,1166,-5.0545,-11.4433,0.9102
14.124,raw,1181,-4.6732,-11.9653,0.8882
14.124,raw,1197,-4.3006,-12.7034,0.8505
14.124,raw,1212,-3.9282,-13.4751,0.8087
14.124,raw,1227,-3.5629,-14.4718,0.7501
14.124,raw,1243,-3.0980,-15.5732,0.6843
14.124,raw,1258,-2.6279,-16.8661,0.6035
14.124,raw,1273,4.8018,-0.8180,1.4963
14.124,raw,1289,4.6242,-0.5792,1.5117
14.124,raw,1304,4.5173,-0.3822,1.5211
14.124,raw,1319,4.3764,-0.1934,1.5323
14.124,raw,1335,4.2988,-0.0108,1.5386
14.124,raw,1350,4.1484,0.1537,1.5493
14.124,raw,1365,4.3871,0.3186,1.5327
14.124,raw,1381,4.7105,0.5233,1.5096
14.124,raw,1396,5.0816,0.7522,1.4825
14.124,raw,1411,-10.0222,-5.2271,1.2608
14.124,raw,1427,-9.8776,-5.7720,1.2547
14.124,raw,1442,-9.6621,-6.2466,1.2520
14.124,raw,1457,-9.4397,-6.7240,1.2484
14.124,raw,1473,-9.2097,-7.2494,1.2428
14.124,raw,1488,-8.9564,-7.7253,1.2383
14.124,raw,1503,-8.6815,-8.1944,1.2337
14.124,raw,1519,-8.4139,-8.7356,1.2255
14.124,raw,1534,-8.1076,-9.2064,1.2197
14.124,raw,1550,-7.7693,-9.7155,1.2124
14.124,raw,1565,-7.4545,-10.2196,1.2034
14.124,raw,1580,-7.1358,-10.7494,1.1926
14.124,raw,1596,-6.7802,-11.3346,1.1794
14.124,raw,1611,-4.1425,-7.9238,1.3744
14.124,raw,1626,-6.0180,-12.4158,1.1540
14.124,raw,1642,-5.6235,-13.1182,1.1331
14.124,raw,1657,-5.1662,-13.6673,1.1185
14.124,raw,1672,-4.8730,-14.7561,1.0771
14.124,raw,1688,-4.4676,-15.9158,1.0329
14.124,raw,1703,-4.2197,-17.8297,0.9522
14.124,raw,1718,-4.5824,-23.2790,0.7071
14.124,raw,1734,-3.6829,-24.5769,0.6569
14.124,raw,1749,-2.6708,-25.2054,0.6353
14.124,raw,1764,-1.6147,-25.8215,0.6124
14.124,raw,1780,-0.4302,-26.2642,0.5954
14.124,raw,1795,0.7146,-26.8288,0.5705
14.124,raw,1810,1.9102,-27.4179,0.5421
14.124,raw,1826,3.2484,-28.0560,0.5086
14.124,raw,1841,4.6668,-0.6614,1.6072
14.124,raw,1856,4.5737,-0.4617,1.6130
14.124,raw,1872,4.4230,-0.2547,1.6211
14.124,raw,1887,4.3115,-0.0772,1.6269
14.124,raw,1902,4.2105,0.0894,1.6318
14.124,raw,1918,4.2983,0.2611,1.6278
14.124,raw,1933,4.5769,0.4421,1.6148
14.124,raw,1949,4.9382,0.6700,1.5975
14.124,raw,1964,22.9899,10.0601,0.6827
14.124,raw,1979,-17.7731,20.4371,0.5579
14.124,raw,1995,-17.2861,18.1623,0.6484
14.124,raw,2010,-16.7138,16.1456,0.7310
14.124,raw,2025,-16.1431,14.3328,0.8052
14.124,raw,2041,-15.5943,12.6385,0.8732
14.124,raw,2056,-15.1477,11.2485,0.9271
14.124,raw,2071,-11.2101,7.7314,1.1653
14.124,raw,2087,-14.4230,8.8548,1.0138
14.124,raw,2102,-13.9490,7.7658,1.0567
14.124,raw,2117,-13.8938,0.1414,1.4820
14.124,raw,2133,-13.6230,-0.5086,1.4876
14.124,raw,2148,-8.1692,-0.6177,1.6075
14.124,raw,2163,-8.2788,-1.0121,1.6041
14.124,raw,2179,-12.9198,-2.2772,1.4986
14.124,raw,2194,-12.6872,-2.8280,1.5011
14.124,raw,2209,-12.4843,-3.3777,1.5025
14.124,raw,2225,-12.2402,-3.9501,1.5041
14.124,raw,2240,-11.8588,-4.4248,1.5086
14.124,raw,2255,-11.7016,-4.9763,1.5073
14.124,raw,2271,-11.5022,-5.5568,1.5061
14.124,raw,2286,-11.3233,-6.1119,1.5041
14.124,raw,2302,-11.0250,-6.6517,1.5040
14.124,raw,2317,-10.8065,-7.1995,1.5017
14.124,raw,2332,-10.5621,-7.7411,1.4994
14.124,raw,2348,-10.2365,-8.2818,1.4980
14.124,raw,2363,-9.9963,-8.8531,1.4941
14.124,raw,2378,-9.6630,-9.3598,1.4921
14.124,raw,2394,-9.3533,-9.9614,1.4876
14.124,raw,2409,-8.9965,-10.4780,1.4847
14.124,raw,2424,-8.7119,-11.1030,1.4783
14.124,raw,2440,-8.3039,-11.6775,1.4738
14.124,raw,2455,-8.0249,-12.4010,1.4643
14.124,raw,2470,-4.5069,-7.9513,1.5890
14.124,raw,2486,-7.3474,-13.9684,1.4427
14.124,raw,2501,-6.8898,-14.6135,1.4348
14.124,raw,2516,-8.4330,-19.8059,1.3167
14.124,raw,2532,-7.9263,-21.2679,1.2912
14.124,raw,2547,-7.5068,-23.1007,1.2565
14.124,raw,2562,-6.9101,-24.8198,1.2244
14.124,raw,2578,-6.1264,-26.6438,1.1901
14.124,raw,2593,-5.0317,-27.2404,1.1825
14.124,raw,2608,-3.9070,-27.8495,1.1737
14.124,raw,2624,-2.6732,-28.5614,1.1617
14.124,raw,2639,-1.4757,-29.3296,1.1472
14.124,raw,2654,-0.2209,-30.1752,1.1298
14.124,raw,2670,1.1886,-30.7738,1.1166
14.124,raw,2685,2.5573,-31.2554,1.1047
14.124,raw,2701,4.1117,-32.1282,1.0825
14.124,raw,2716,5.6612,-32.9752,1.0595
14.124,raw,2731,4.7647,-0.7580,1.7040
14.124,raw,2747,4.5921,-0.5248,1.7087
14.124,raw,2762,4.4867,-0.3314,1.7116
14.124,raw,2777,4.3457,-0.1460,1.7152
14.124,raw,2793,4.2556,0.0345,1.7174
14.124,raw,2808,4.1844,0.1955,1.7191
14.124,raw,2823,4.4580,0.3664,1.7129
14.124,raw,2839,4.7878,0.5791,1.7053
14.124,raw,2854,23.9955,10.5020,1.2340
14.124,raw,2869,-23.1789,24.5294,1.0503
14.124,raw,2885,-21.7953,21.0925,1.1252
14.124,raw,2900,-20.7780,18.4808,1.1804
14.124,raw,2915,-19.5703,15.9906,1.2359
14.124,raw,2931,-18.8601,14.0383,1.2743
14.124,raw,2946,-11.1258,7.7722,1.4933
14.124,raw,2961,-17.6822,10.9571,1.3333
14.124,raw,2977,-17.5308,9.7756,1.3490
14.124,raw,2992,-17.0413,8.5658,1.3706
14.124,raw,3007,-16.6439,7.4855,1.3885
14.124,raw,3023,-16.1709,6.3946,1.4071
14.124,raw,3038,-16.1361,5.5767,1.4137
14.124,raw,3053,-15.7540,4.6881,1.4274
14.124,raw,3069,-15.4187,3.8156,1.4393
14.124,raw,3084,-15.0898,3.0393,1.4499
14.124,raw,3100,-14.7893,2.2624,1.4591
14.124,raw,3115,-14.4866,1.5660,1.4675
14.124,raw,3130,-14.2184,0.9027,1.4744
14.124,raw,3146,-13.9575,0.2238,1.4806
14.124,raw,3161,-32.2256,-1.0434,1.8444
14.124,raw,3176,-31.3699,-2.3911,1.8433
14.124,raw,3192,-8.4296,-0.9541,1.8122
14.124,raw,3207,-29.7080,-4.9946,1.8415
14.124,raw,3222,-28.9557,-6.1842,1.8409
14.124,raw,3238,-28.1742,-7.4113,1.8402
14.124,raw,3253,-15.1900,-4.7073,1.8223
14.124,raw,3268,-26.7756,-9.6248,1.8393
14.124,raw,3284,-26.0341,-10.7613,1.8389
14.124,raw,3299,-25.3406,-11.8042,1.8386
14.124,raw,3314,-24.6950,-12.8533,1.8385
14.124,raw,3330,-24.0083,-13.9636,1.8384
14.124,raw,3345,-23.3575,-14.9960,1.8383
14.124,raw,3360,-22.7176,-16.0364,1.8384
14.124,raw,3376,-22.0208,-17.1440,1.8385
14.124,raw,3391,-21.3788,-18.2049,1.8387
14.124,raw,3406,-20.7153,-19.2686,1.8390
14.124,raw,3422,-20.0058,-20.4323,1.8394
14.124,raw,3437,-19.3379,-21.5603,1.8399
14.124,raw,3453,-18.5914,-22.7797,1.8405
14.124,raw,3468,-17.8913,-23.9857,1.8412
14.124,raw,3483,-17.1630,-25.2318,1.8419
14.124,raw,3499,-16.3499,-26.6121,1.8429
14.124,raw,3514,-15.5447,-27.9544,1.8439
14.124,raw,3529,-14.7169,-29.3972,1.8451
14.124,raw,3545,-13.7660,-30.9945,1.8465
14.124,raw,3560,4.7896,-0.8022,1.8059
14.124,raw,3575,4.6356,-0.5813,1.8057
14.124,raw,3591,4.5055,-0.3688,1.8055
14.124,raw,3606,4.3912,-0.1836,1.8053
14.124,raw,3621,4.2794,-0.0099,1.8051
14.124,raw,3637,4.1457,0.1641,1.8049
14.124,raw,3652,4.4155,0.3308,1.8053
14.124,raw,3667,4.7034,0.5228,1.8057
14.124,raw,3683,5.0883,0.7664,1.8062
14.124,raw,3698,-34.2775,2.5830,1.8473
14.124,raw,3713,-33.5120,1.0596,1.8461
14.124,raw,3729,-18.0680,-0.1382,2.2606
14.124,raw,3744,-31.8234,-3.1778,2.6057
14.124,raw,3759,-17.5032,-3.6553,2.2565
14.124,raw,3775,-16.6331,-6.7132,2.2580
14.124,raw,3790,-25.9277,-14.3698,2.5480
14.124,raw,3805,4.7843,-0.8139,1.9086
14.124,raw,3821,4.6351,-0.5812,1.9038
14.124,raw,3836,4.5116,-0.3814,1.9000
14.124,raw,3852,4.4054,-0.1850,1.8968
14.124,raw,3867,4.2892,-0.0104,1.8936
14.124,raw,3882,4.1680,0.1535,1.8905
14.124,raw,3898,4.4031,0.3303,1.8964
14.124,raw,3913,4.7062,0.5230,1.9042
14.124,raw,3928,5.0514,0.7485,1.9132
14.124,raw,3944,-31.7165,-3.5417,3.3650
14.124,raw,3959,-16.7393,-8.8652,2.7398
14.124,raw,3974,-20.0042,-24.0495,3.3316
14.124,raw,3990,4.6978,-0.6803,2.0059
14.124,raw,4005,4.5597,-0.4714,1.9976
14.124,raw,4020,4.4444,-0.2800,1.9908
14.124,raw,4036,4.3084,-0.0879,1.9834
14.124,raw,4051,4.1981,0.0791,1.9776
14.124,raw,4066,4.2551,0.2387,1.9803
14.124,raw,4082,4.5685,0.4299,1.9958
14.124,raw,4097,4.8929,0.6396,2.0122
14.124,raw,4112,-15.6897,-2.1627,2.9747
14.124,raw,4128,-13.9576,-8.0000,2.9928
14.124,raw,4143,4.6767,-0.6510,2.1044
14.124,raw,4158,4.5486,-0.4459,2.0928
14.124,raw,4174,4.4407,-0.2453,2.0832
14.124,raw,4189,4.3005,-0.0655,2.0720
14.124,raw,4204,4.1928,0.1004,2.0638
14.124,raw,4220,4.3255,0.2726,2.0733
14.124,raw,4235,4.5989,0.4553,2.0935
14.124,raw,4251,4.9532,0.6845,2.1203
14.124,raw,4266,-19.6139,-0.1072,3.7190
14.124,raw,4281,-19.3473,-0.9610,3.6966
14.124,raw,4297,-19.0883,-1.8537,3.6788
14.124,raw,4312,-18.8385,-2.6756,3.6649
14.124,raw,4327,4.5399,-0.4326,2.1880
14.124,raw,4343,4.3997,-0.2295,2.1722
14.124,raw,4358,4.3047,-0.0549,2.1618
14.124,raw,4373,4.2014,0.1108,2.1513
14.124,raw,4389,4.3297,0.2837,2.1636
14.124,raw,4404,4.6163,0.4683,2.1917
14.124,raw,4419,-16.4844,-0.1596,3.8237
14.124,raw,4435,-16.2450,-0.9272,3.7991
14.124,raw,4450,-16.0239,-1.6313,3.7803
14.124,raw,4465,-15.6013,-2.2920,3.7407
14.124,raw,4481,-15.3936,-3.0150,3.7313
14.124,raw,4496,-15.1804,-3.6828,3.7239
14.124,raw,4511,-14.9721,-4.3479,3.7206
14.124,raw,4527,-14.7796,-5.2142,3.7304
14.124,raw,4542,-14.5800,-5.8875,3.7365
14.124,raw,4557,-14.3593,-6.5574,3.7437
14.124,raw,4573,-14.1358,-7.2863,3.7573
14.124,raw,4588,-13.9338,-7.9865,3.7756
15.160,raw,0,4.7908,-0.8065,0.9744
15.160,raw,15,4.6746,-0.5923,1.0041
15.160,raw,31,4.5362,-0.3765,1.0363
15.160,raw,47,4.4230,-0.1785,1.0618
15.160,raw,63,4.2948,0.0081,1.0884
15.160,raw,79,4.1628,0.1821,1.1140
15.160,raw,95,4.4225,0.3615,1.0644
15.160,raw,111,4.7555,0.5722,0.9992
15.160,raw,127,5.1536,0.8244,0.9194
15.160,raw,143,4.6611,-0.5897,1.1084
15.160,raw,159,4.5301,-0.3756,1.1353
15.160,raw,175,4.3888,-0.1753,1.1622
15.160,raw,191,4.2842,0.0086,1.1814
15.160,raw,207,4.1587,0.1822,1.2027
15.160,raw,223,4.4312,0.3619,1.1574
15.160,raw,239,4.7352,0.5703,1.1053
15.160,raw,255,5.1351,0.8218,1.0354
15.160,raw,271,-5.2099,-6.5163,0.5650
15.160,raw,286,-4.9830,-6.8429,0.5497
15.160,raw,302,-4.7105,-7.1679,0.5361
15.160,raw,318,-4.4449,-7.5217,0.5159
15.160,raw,334,4.7437,-0.7190,1.1946
15.160,raw,350,4.6029,-0.4940,1.2198
15.160,raw,366,4.4798,-0.2875,1.2410
15.160,raw,382,4.3314,-0.0927,1.2643
15.160,raw,398,4.2480,0.0855,1.2773
15.160,raw,414,4.2316,0.2568,1.2797
15.160,raw,430,4.5642,0.4495,1.2320
15.160,raw,446,4.9118,0.6757,1.1807
15.160,raw,462,-5.8466,-6.8827,0.6941
15.160,raw,478,-5.5903,-7.2598,0.6803
15.160,raw,494,-5.3364,-7.6600,0.6618
15.160,raw,510,-5.0810,-8.0856,0.6387
15.160,raw,526,-4.4211,-7.8868,0.6996
15.160,raw,542,-4.0917,-8.1908,0.6883
15.160,raw,558,-4.1238,-9.2524,0.5771
15.160,raw,573,-3.7813,-9.6000,0.5572
15.160,raw,589,-3.4339,-10.0653,0.5226
15.160,raw,605,4.7820,-0.7657,1.2919
15.160,raw,621,4.6213,-0.5335,1.3156
15.160,raw,637,4.4886,-0.3233,1.3345
15.160,raw,653,4.3641,-0.1284,1.3513
15.160,raw,669,4.2696,0.0525,1.3635
15.160,raw,685,4.2067,0.2245,1.3710
15.160,raw,701,4.4896,0.4103,1.3374
15.160,raw,717,4.8296,0.6290,1.2960
15.160,raw,733,-6.5774,-7.4703,0.8335
15.160,raw,749,-6.2856,-7.8686,0.8238
15.160,raw,765,-6.0313,-8.3332,0.8051
15.160,raw,781,-5.7385,-8.7769,0.7879
15.160,raw,797,-5.3875,-9.1622,0.7762
15.160,raw,813,-4.1391,-7.9963,0.9283
15.160,raw,829,-4.6891,-10.0287,0.7384
15.160,raw,844,-4.3282,-10.4282,0.7196
15.160,raw,860,-3.9346,-10.8874,0.6949
15.160,raw,876,-3.5585,-11.4745,0.6562
15.160,raw,892,-3.1908,-12.2278,0.6004
15.160,raw,908,-2.7912,-13.0874,0.5334
15.160,raw,924,4.7465,-0.7069,1.3998
15.160,raw,940,4.6024,-0.4819,1.4167
15.160,raw,956,4.4725,-0.2751,1.4313
15.160,raw,972,4.3320,-0.0817,1.4459
15.160,raw,988,4.2300,0.0967,1.4561
15.160,raw,1004,4.2788,0.2685,1.4517
15.160,raw,1020,4.5671,0.4614,1.4242
15.160,raw,1036,4.9279,0.6903,1.3890
15.160,raw,1052,-7.6140,-7.7257,1.0170
15.160,raw,1068,-7.3591,-8.2166,1.0051
15.160,raw,1084,-7.0595,-8.6812,0.9950
15.160,raw,1100,-6.7547,-9.1627,0.9826
15.160,raw,1116,-6.3912,-9.5920,0.9737
15.160,raw,1131,-6.0523,-10.0188,0.9624
15.160,raw,1147,-4.1828,-7.9098,1.1539
15.160,raw,1163,-5.3413,-11.0675,0.9244
15.160,raw,1179,-4.9420,-11.5932,0.9039
15.160,raw,1195,-4.4861,-12.0555,0.8873
15.160,raw,1211,-4.1114,-12.8158,0.8475
15.160,raw,1227,-3.7471,-13.7965,0.7911
15.160,raw,1243,-3.2922,-14.7317,0.7374
15.160,raw,1259,-2.7888,-15.7923,0.6739
15.160,raw,1275,-2.2461,-17.1533,0.5882
15.160,raw,1291,4.7512,-0.7333,1.5010
15.160,raw,1307,4.5990,-0.5055,1.5143
15.160,raw,1323,4.4859,-0.2998,1.5241
15.160,raw,1339,4.3535,-0.1054,1.5345
15.160,raw,1355,4.2393,0.0750,1.5430
15.160,raw,1371,4.2436,0.2463,1.5428
15.160,raw,1387,4.5290,0.4356,1.5226
15.160,raw,1403,4.8912,0.6607,1.4964
15.160,raw,1418,-10.3184,-5.1222,1.2508
15.160,raw,1434,-10.0556,-5.6108,1.2512
15.160,raw,1450,-9.8157,-6.1138,1.2491
15.160,raw,1466,-9.5628,-6.6144,1.2465
15.160,raw,1482,-9.3165,-7.1279,1.2422
15.160,raw,1498,-9.0717,-7.6556,1.2362
15.160,raw,1514,-8.7675,-8.1479,1.2321
15.160,raw,1530,-8.4858,-8.6755,1.2250
15.160,raw,1546,-8.1692,-9.1884,1.2183
15.160,raw,1562,-7.8259,-9.6926,1.2114
15.160,raw,1578,-7.4873,-10.2276,1.2021
15.160,raw,1594,-7.1182,-10.7539,1.1927
15.160,raw,1610,-6.7508,-11.3209,1.1805
15.160,raw,1626,-4.1098,-7.9446,1.3742
15.160,raw,1642,-5.9200,-12.4440,1.1547
15.160,raw,1658,-5.5035,-13.1040,1.1359
15.160,raw,1674,-5.0235,-13.7114,1.1190
15.160,raw,1689,-4.7142,-14.7810,1.0783
15.160,raw,1705,-4.2876,-15.8998,1.0358
15.160,raw,1721,-3.9680,-17.8092,0.9558
15.160,raw,1737,-4.1852,-23.2190,0.7134
15.160,raw,1753,-3.2663,-24.4669,0.6647
15.160,raw,1769,-2.1773,-25.0680,0.6440
15.160,raw,1785,-1.0357,-25.5347,0.6271
15.160,raw,1801,0.1414,-26.0650,0.6050
15.160,raw,1817,1.3677,-26.6525,0.5778
15.160,raw,1833,2.6509,-27.2312,0.5483
15.160,raw,1849,4.0001,-27.8357,0.5147
15.160,raw,1865,4.7196,-0.6760,1.6047
15.160,raw,1881,4.5632,-0.4516,1.6136
15.160,raw,1897,4.4559,-0.2502,1.6196
15.160,raw,1913,4.3267,-0.0593,1.6263
15.160,raw,1929,4.2121,0.1184,1.6318
15.160,raw,1945,4.3187,0.2912,1.6269
15.160,raw,1961,4.6003,0.4872,1.6137
15.160,raw,1976,4.9562,0.7065,1.5966
15.160,raw,1992,22.9431,10.2324,0.6816
15.160,raw,2008,-18.5344,19.5965,0.5621
15.160,raw,2024,-17.9545,17.3509,0.6523
15.160,raw,2040,-17.1846,15.1798,0.7441
15.160,raw,2056,-16.4931,13.3001,0.8224
15.160,raw,2072,-15.9519,11.7159,0.8850
15.160,raw,2088,-11.2768,7.6597,1.1645
15.160,raw,2104,-15.0749,9.0890,0.9828
15.160,raw,2120,-14.5311,7.8838,1.0307
15.160,raw,2136,-14.4373,-0.0496,1.4699
15.160,raw,2152,-14.1341,-0.7197,1.4761
15.160,raw,2168,-8.1328,-0.7490,1.6080
15.160,raw,2184,-13.5512,-1.9938,1.4858
15.160,raw,2200,-13.2673,-2.6041,1.4896
15.160,raw,2216,-12.9877,-3.2006,1.4927
15.160,raw,2232,-12.7303,-3.7916,1.4948
15.160,raw,2248,-12.4519,-4.3678,1.4967
15.160,raw,2263,-12.0189,-4.8327,1.5020
15.160,raw,2279,-11.7680,-5.4006,1.5022
15.160,raw,2295,-11.5676,-5.9950,1.5004
15.160,raw,2311,-11.2429,-6.5283,1.5011
15.160,raw,2327,-11.0032,-7.1134,1.4990
15.160,raw,2343,-10.7253,-7.6843,1.4971
15.160,raw,2359,-10.3817,-8.2161,1.4963
15.160,raw,2375,-10.1041,-8.8102,1.4928
15.160,raw,2391,-9.7297,-9.3359,1.4913
15.160,raw,2407,-9.4325,-9.9512,1.4865
15.160,raw,2423,-9.0314,-10.4824,1.4840
15.160,raw,2439,-8.7019,-11.1199,1.4780
15.160,raw,2455,-8.2849,-11.6836,1.4739
15.160,raw,2471,-7.9584,-12.4156,1.4648
15.160,raw,2487,-4.4447,-7.9781,1.5891
15.160,raw,2503,-7.1783,-13.8971,1.4458
15.160,raw,2519,-6.6797,-14.5579,1.4379
15.160,raw,2534,-6.1719,-15.1628,1.4305
15.160,raw,2550,-7.6823,-21.2723,1.2930
15.160,raw,2566,-7.1964,-23.1687,1.2572
15.160,raw,2582,-6.5094,-24.9090,1.2249
15.160,raw,2598,-5.6423,-26.4787,1.1960
15.160,raw,2614,-4.4654,-27.0367,1.1892
15.160,raw,2630,-3.2633,-27.6400,1.1803
15.160,raw,2646,-2.0376,-28.4283,1.1660
15.160,raw,2662,-0.7496,-29.2174,1.1505
15.160,raw,2678,0.6054,-29.8727,1.1366
15.160,raw,2694,2.0089,-30.2802,1.1268
15.160,raw,2710,3.4892,-31.0325,1.1079
15.160,raw,2726,5.0605,-31.8447,1.0860
15.160,raw,2742,6.8388,-33.2444,1.0492
15.160,raw,2758,4.7144,-0.6623,1.7055
15.160,raw,2774,4.5643,-0.4399,1.7096
15.160,raw,2790,4.4311,-0.2361,1.7131
15.160,raw,2806,4.3162,-0.0477,1.7160
15.160,raw,2821,4.2111,0.1184,1.7185
15.160,raw,2837,4.3061,0.2909,1.7164
15.160,raw,2853,4.5793,0.4857,1.7101
15.160,raw,2869,4.9608,0.7200,1.7012
15.160,raw,2885,-24.6580,24.9655,1.0205
15.160,raw,2901,-22.9242,21.2272,1.1049
15.160,raw,2917,-21.7240,18.3750,1.1660
15.160,raw,2933,-21.0059,16.1948,1.2081
15.160,raw,2949,-11.2962,8.1569,1.4855
15.160,raw,2965,-19.5032,12.3932,1.2825
15.160,raw,2981,-19.1378,10.9634,1.3053
15.160,raw,2997,-18.4901,9.4986,1.3329
15.160,raw,3013,-17.9468,8.2020,1.3558
15.160,raw,3029,-17.3690,6.9921,1.3777
15.160,raw,3045,-17.2434,6.0247,1.3874
15.160,raw,3061,-16.7598,4.9978,1.4042
15.160,raw,3077,-16.3365,4.0548,1.4184
15.160,raw,3093,-15.9045,3.1684,1.4317
15.160,raw,3108,-15.5729,2.3967,1.4416
15.160,raw,3124,-15.2022,1.6133,1.4517
15.160,raw,3140,-14.8577,0.8716,1.4604
15.160,raw,3156,-14.5356,0.1646,1.4678
15.160,raw,3172,-18.7573,-0.7281,1.8261
15.160,raw,3188,-33.3288,-2.9847,1.8461
15.160,raw,3204,-32.3234,-4.4217,1.8449
15.160,raw,3220,-17.4756,-3.1878,1.8248
15.160,raw,3236,-30.5133,-7.1246,1.8432
15.160,raw,3252,-29.6438,-8.4009,1.8425
15.160,raw,3268,-28.7826,-9.6329,1.8419
15.160,raw,3284,-27.9611,-10.8382,1.8414
15.160,raw,3300,-27.1540,-12.0167,1.8410
15.160,raw,3316,-26.2406,-13.1154,1.8405
15.160,raw,3332,-25.3455,-14.1895,1.8401
15.160,raw,3348,-24.4840,-15.2564,1.8398
15.160,raw,3364,-23.6180,-16.3009,1.8396
15.160,raw,3379,-11.5568,-8.8485,1.8204
15.160,raw,3395,-22.0044,-18.3416,1.8395
15.160,raw,3411,-21.2013,-19.4230,1.8396
15.160,raw,3427,-20.3723,-20.4953,1.8398
15.160,raw,3443,-19.5620,-21.6103,1.8402
15.160,raw,3459,-18.7446,-22.7557,1.8406
15.160,raw,3475,-17.9045,-23.9246,1.8411
15.160,raw,3491,-17.0284,-25.1092,1.8417
15.160,raw,3507,-16.1310,-26.3418,1.8424
15.160,raw,3523,-15.2108,-27.6402,1.8433
15.160,raw,3539,-14.2318,-28.9601,1.8443
15.160,raw,3555,-13.1703,-30.2618,1.8452
15.160,raw,3571,-12.0589,-31.6250,1.8463
15.160,raw,3587,-0.5719,-34.3130,1.8468
15.160,raw,3603,4.7907,-0.7677,1.8059
15.160,raw,3619,4.6265,-0.5344,1.8057
15.160,raw,3635,4.5057,-0.3255,1.8054
15.160,raw,3651,4.3366,-0.1262,1.8052
15.160,raw,3666,4.2442,0.0427,1.8051
15.160,raw,3682,4.1828,0.2137,1.8050
15.160,raw,3698,4.4740,0.3980,1.8054
15.160,raw,3714,4.8142,0.6149,1.8059
15.160,raw,3730,-17.0180,0.3121,1.8238
15.160,raw,3746,-16.5752,-0.4276,2.2238
15.160,raw,3762,-16.3062,-1.1945,2.2183
15.160,raw,3778,-15.9871,-1.9359,2.2123
15.160,raw,3794,-15.7112,-2.9052,2.2094
15.160,raw,3810,-15.3661,-3.6036,2.2046
15.160,raw,3826,-15.2421,-4.3492,2.2064
15.160,raw,3842,-16.2377,-6.1339,2.2437
15.160,raw,3858,-14.3305,-7.8997,2.2189
15.160,raw,3874,-19.6378,-24.6781,2.5931
15.160,raw,3890,4.6657,-0.5906,1.9046
15.160,raw,3906,4.5092,-0.3727,1.8999
15.160,raw,3922,4.3995,-0.1763,1.8966
15.160,raw,3938,4.2733,0.0091,1.8932
15.160,raw,3953,4.1563,0.1717,1.8902
15.160,raw,3969,4.4037,0.3495,1.8964
15.160,raw,3985,4.7082,0.5558,1.9042
15.160,raw,4001,5.0970,0.8032,1.9145
15.160,raw,4017,-31.8204,-3.2188,3.3683
15.160,raw,4033,-17.5956,-5.8256,2.7205
15.160,raw,4049,-11.3883,-8.4582,2.5096
15.160,raw,4065,4.7356,-0.7172,2.0081
15.160,raw,4081,4.5943,-0.4926,1.9994
15.160,raw,4097,4.4544,-0.2845,1.9912
15.160,raw,4113,4.3549,-0.0944,1.9856
15.160,raw,4129,4.2217,0.0862,1.9787
15.160,raw,4145,4.2361,0.2569,1.9794
15.160,raw,4161,4.5529,0.4488,1.9950
15.160,raw,4177,4.8858,0.6728,2.0120
15.160,raw,4193,-18.4703,-3.0365,3.1816
15.160,raw,4209,-13.9624,-8.0261,2.9942
15.160,raw,4224,4.7012,-0.6597,2.1062
15.160,raw,4240,4.5721,-0.4411,2.0943
15.160,raw,4256,4.4438,-0.2375,2.0833
15.160,raw,4272,4.3036,-0.0469,2.0721
15.160,raw,4288,4.1967,0.1292,2.0640
15.160,raw,4304,4.2956,0.3015,2.0712
15.160,raw,4320,4.6359,0.5017,2.0963
15.160,raw,4336,4.9982,0.7375,2.1239
15.160,raw,4352,-19.5808,-0.3044,3.7163
15.160,raw,4368,-19.3126,-1.2121,3.6949
15.160,raw,4384,-19.0191,-2.0979,3.6749
15.160,raw,4400,-18.4519,-3.0334,3.6340
15.160,raw,4416,-18.2605,-3.8970,3.6317
15.160,raw,4432,-18.0075,-4.7439,3.6273
15.160,raw,4448,-17.7223,-5.5780,3.6234
15.160,raw,4464,-17.0057,-8.2124,3.6523
15.160,raw,4480,4.6662,-0.6154,2.2028
15.160,raw,4496,4.5375,-0.4003,2.1873
15.160,raw,4511,4.4232,-0.2125,2.1743
15.160,raw,4527,4.2802,-0.0237,2.1592
15.160,raw,4543,4.1823,0.1505,2.1494
15.160,raw,4559,4.3472,0.3251,2.1653
15.160,raw,4575,4.6450,0.5263,2.1948
15.160,raw,4591,-16.5902,0.1130,3.8360
15.160,raw,4607,-16.3509,-0.6624,3.8100
15.160,raw,4623,-16.1044,-1.4187,3.7873
15.160,raw,4639,-15.6904,-2.1349,3.7485
15.160,raw,4655,-15.4695,-2.8591,3.7368
15.160,raw,4671,-15.2244,-3.5698,3.7260
15.160,raw,4687,-15.0097,-4.2823,3.7229
15.160,raw,4703,-16.6165,-5.7753,3.9590
15.160,raw,4719,-14.5737,-5.8557,3.7346
15.160,raw,4735,-14.3556,-6.5775,3.7445
15.160,raw,4751,-14.1359,-7.3089,3.7588
15.160,raw,4767,-13.9047,-8.0482,3.7765
16.516,raw,0,4.8326,-0.8356,0.9708
16.516,raw,15,4.6851,-0.6144,1.0065
16.516,raw,31,4.5688,-0.4022,1.0346
16.516,raw,46,4.4225,-0.2118,1.0662
16.516,raw,62,4.2977,-0.0258,1.0923
16.516,raw,78,4.2066,0.1476,1.1103
16.516,raw,93,4.4160,0.3136,1.0704
16.516,raw,109,4.7300,0.5188,1.0091
16.516,raw,125,5.1044,0.7624,0.9341
16.516,raw,140,4.7220,-0.6713,1.1006
16.516,raw,156,4.5852,-0.4520,1.1290
16.516,raw,172,4.4627,-0.2499,1.1532
16.516,raw,187,4.3328,-0.0714,1.1769
16.516,raw,203,4.2279,0.1051,1.1952
16.516,raw,219,4.3628,0.2786,1.1729
16.516,raw,234,4.6463,0.4642,1.1250
16.516,raw,250,5.0208,0.6992,1.0601
16.516,raw,266,-5.3894,-6.5207,0.5479
16.516,raw,281,-5.1417,-6.8269,0.5377
16.516,raw,297,-4.8776,-7.1666,0.5227
16.516,raw,313,-4.6068,-7.5157,0.5046
16.516,raw,328,4.7155,-0.6575,1.2041
16.516,raw,344,4.5729,-0.4383,1.2290
16.516,raw,359,4.4500,-0.2485,1.2495
16.516,raw,375,4.3129,-0.0592,1.2708
16.516,raw,391,4.2195,0.1158,1.2848
16.516,raw,406,4.3445,0.2780,1.2671
16.516,raw,422,4.6646,0.4775,1.2209
16.516,raw,438,5.0416,0.7148,1.1651
16.516,raw,453,-5.9085,-7.1061,0.6697
16.516,raw,469,-5.6414,-7.4867,0.6560
16.516,raw,485,-5.3831,-7.8993,0.6364
16.516,raw,500,-5.1087,-8.2647,0.6199
16.516,raw,516,-4.3440,-7.9026,0.7032
16.516,raw,532,-4.4951,-9.0876,0.5750
16.516,raw,547,-4.1534,-9.4224,0.5586
16.516,raw,563,-3.7981,-9.8371,0.5321
16.516,raw,579,-3.4106,-10.2285,0.5069
16.516,raw,594,4.7468,-0.7014,1.3008
16.516,raw,610,4.5931,-0.4771,1.3230
16.516,raw,626,4.4691,-0.2734,1.3405
16.516,raw,641,4.3469,-0.0942,1.3565
16.516,raw,657,4.2494,0.0834,1.3688
16.516,raw,672,4.3038,0.2444,1.3625
16.516,raw,688,4.6037,0.4377,1.3267
16.516,raw,704,4.9647,0.6668,1.2825
16.516,raw,719,-6.6092,-7.6665,0.8180
16.516,raw,735,-6.3560,-8.1247,0.8014
16.516,raw,751,-6.0586,-8.5534,0.7874
16.516,raw,766,-5.7756,-8.9732,0.7713
16.516,raw,782,-4.5165,-7.9229,0.9166
16.516,raw,798,-4.0912,-8.0614,0.9257
16.516,raw,813,-4.7156,-10.1913,0.7245
16.516,raw,829,-4.3281,-10.6311,0.7032
16.516,raw,845,-3.9262,-11.0949,0.6782
16.516,raw,860,-3.5738,-11.6715,0.6395
16.516,raw,876,-3.2030,-12.4471,0.5817
16.516,raw,892,-2.7961,-13.3211,0.5135
16.516,raw,907,4.7196,-0.6708,1.4055
16.516,raw,923,4.5957,-0.4536,1.4203
16.516,raw,939,4.4517,-0.2487,1.4359
16.516,raw,954,4.3423,-0.0720,1.4474
16.516,raw,970,4.2508,0.1047,1.4565
16.516,raw,985,4.3340,0.2668,1.4487
16.516,raw,1001,4.6426,0.4640,1.4193
16.516,raw,1017,4.9961,0.6963,1.3847
16.516,raw,1032,-7.7178,-7.8973,1.0033
16.516,raw,1048,-7.4336,-8.3705,0.9937
16.516,raw,1064,-7.1320,-8.8448,0.9831
16.516,raw,1079,-6.8413,-9.3017,0.9714
16.516,raw,1095,-6.4696,-9.7320,0.9628
16.516,raw,1111,-6.1552,-10.2748,0.9439
16.516,raw,1126,-4.1713,-7.9294,1.1534
16.516,raw,1142,-5.4039,-11.2212,0.9134
16.516,raw,1158,-4.9999,-11.7530,0.8928
16.516,raw,1173,-4.5690,-12.1937,0.8769
16.516,raw,1189,-4.1934,-12.9650,0.8366
16.516,raw,1205,-3.8205,-13.9313,0.7815
16.516,raw,1220,-3.3988,-14.8293,0.7299
16.516,raw,1236,-2.8873,-15.8450,0.6699
16.516,raw,1252,-2.3504,-17.2040,0.5846
16.516,raw,1267,4.7712,-0.7701,1.5010
16.516,raw,1283,4.6342,-0.5441,1.5133
16.516,raw,1298,4.4992,-0.3460,1.5246
16.516,raw,1314,4.4058,-0.1541,1.5324
16.516,raw,1330,4.2731,0.0292,1.5423
16.516,raw,1345,4.2020,0.1897,1.5474
16.516,raw,1361,4.5044,0.3739,1.5261
16.516,raw,1377,4.8382,0.5901,1.5020
16.516,raw,1392,-10.5080,-5.1130,1.2426
16.516,raw,1408,-10.2636,-5.6207,1.2421
16.516,raw,1424,-9.9938,-6.1160,1.2417
16.516,raw,1439,-9.8184,-6.6333,1.2359
16.516,raw,1455,-9.5633,-7.1520,1.2321
16.516,raw,1471,-9.3089,-7.6828,1.2267
16.516,raw,1486,-9.0325,-8.1620,1.2224
16.516,raw,1502,-8.6838,-8.6356,1.2196
16.516,raw,1518,-8.3529,-9.1378,1.2141
16.516,raw,1533,-8.0832,-9.6719,1.2045
16.516,raw,1549,-7.7331,-10.1976,1.1963
16.516,raw,1565,-7.3724,-10.7387,1.1867
16.516,raw,1580,-7.0315,-11.2759,1.1754
16.516,raw,1596,-4.2603,-7.8683,1.3739
16.516,raw,1611,-6.2320,-12.3648,1.1516
16.516,raw,1627,-5.7978,-12.9722,1.1360
16.516,raw,1643,-5.3220,-13.5658,1.1203
16.516,raw,1658,-4.9732,-14.4655,1.0882
16.516,raw,1674,-4.5633,-15.5295,1.0487
16.516,raw,1690,-4.1723,-16.9691,0.9910
16.516,raw,1705,-4.6648,-22.5463,0.7394
16.516,raw,1721,-3.8902,-24.2791,0.6692
16.516,raw,1737,-2.8148,-24.8534,0.6510
16.516,raw,1752,-1.7749,-25.4350,0.6299
16.516,raw,1768,-0.6109,-25.8628,0.6141
16.516,raw,1784,0.5880,-26.4209,0.5898
16.516,raw,1799,1.7579,-26.9300,0.5654
16.516,raw,1815,3.0656,-27.5400,0.5337
16.516,raw,1831,4.8197,-0.8325,1.6000
16.516,raw,1846,4.6973,-0.6167,1.6075
16.516,raw,1862,4.5512,-0.3997,1.6157
16.516,raw,1878,4.4181,-0.2001,1.6228
16.516,raw,1893,4.3237,-0.0272,1.6276
16.516,raw,1909,4.1951,0.1476,1.6337
16.516,raw,1924,4.4052,0.3131,1.6240
16.516,raw,1940,4.7260,0.5184,1.6089
16.516,raw,1956,5.0824,0.7596,1.5916
16.516,raw,1971,25.4829,11.7367,0.5486
16.516,raw,1987,-18.6710,19.0133,0.5751
16.516,raw,2003,-17.9208,16.6822,0.6726
16.516,raw,2018,-17.1594,14.6775,0.7582
16.516,raw,2034,-16.5124,12.8827,0.8318
16.516,raw,2050,-11.0286,7.9930,1.1642
16.516,raw,2065,-15.5924,10.0941,0.9378
16.516,raw,2081,-15.1734,8.8667,0.9825
16.516,raw,2097,-14.6419,7.6822,1.0289
16.516,raw,2112,-14.8822,-0.2358,1.4595
16.516,raw,2128,-14.5801,-0.9252,1.4654
16.516,raw,2144,-8.1034,-0.8584,1.6079
16.516,raw,2159,-13.9971,-2.1972,1.4749
16.516,raw,2175,-13.7103,-2.8289,1.4786
16.516,raw,2191,-13.4216,-3.4458,1.4817
16.516,raw,2206,-13.1469,-4.0119,1.4842
16.516,raw,2222,-12.8779,-4.6146,1.4856
16.516,raw,2237,-12.2829,-5.0358,1.4946
16.516,raw,2253,-12.0284,-5.6191,1.4946
16.516,raw,2269,-11.7621,-6.1976,1.4943
16.516,raw,2284,-11.4104,-6.6842,1.4960
16.516,raw,2300,-11.1486,-7.2683,1.4943
16.516,raw,2316,-10.9182,-7.8849,1.4909
16.516,raw,2331,-10.5253,-8.3443,1.4919
16.516,raw,2347,-10.3410,-9.0289,1.4856
16.516,raw,2363,-9.9699,-9.5781,1.4837
16.516,raw,2378,-9.7489,-10.2332,1.4771
16.516,raw,2394,-9.2948,-10.7340,1.4760
16.516,raw,2410,-9.0029,-11.4419,1.4683
16.516,raw,2425,-8.5709,-11.9452,1.4655
16.516,raw,2441,-8.2832,-12.7597,1.4546
16.516,raw,2457,-7.7882,-13.3279,1.4500
16.516,raw,2472,-7.4986,-14.2105,1.4365
16.516,raw,2488,-6.9849,-14.8765,1.4288
16.516,raw,2504,-8.3652,-19.8904,1.3157
16.516,raw,2519,-7.8636,-21.1993,1.2933
16.516,raw,2535,-7.3816,-23.0554,1.2585
16.516,raw,2550,-6.7568,-24.6808,1.2285
16.516,raw,2566,-5.9736,-26.4912,1.1944
16.516,raw,2582,-4.8035,-27.0806,1.1872
16.516,raw,2597,-3.6783,-27.6424,1.1793
16.516,raw,2613,-2.4524,-28.3500,1.1672
16.516,raw,2629,-1.1761,-29.1040,1.1529
16.516,raw,2644,0.0759,-29.8740,1.1370
16.516,raw,2660,1.4707,-30.2980,1.1274
16.516,raw,2676,2.9240,-30.9247,1.1118
16.516,raw,2691,4.3668,-31.6666,1.0924
16.516,raw,2707,6.0176,-32.6019,1.0668
16.516,raw,2723,4.8044,-0.7903,1.7036
16.516,raw,2738,4.6500,-0.5712,1.7079
16.516,raw,2754,4.5361,-0.3625,1.7111
16.516,raw,2770,4.3817,-0.1633,1.7149
16.516,raw,2785,4.2942,0.0068,1.7171
16.516,raw,2801,4.1788,0.1791,1.7197
16.516,raw,2817,4.4659,0.3606,1.7133
16.516,raw,2832,4.8010,0.5617,1.7056
16.516,raw,2848,5.1732,0.8121,1.6968
16.516,raw,2863,-24.0991,22.9858,1.0589
16.516,raw,2879,-22.9912,20.0303,1.1204
16.516,raw,2895,-22.1891,17.6289,1.1675
16.516,raw,2910,-22.2600,16.1693,1.1853
16.516,raw,2926,-11.3166,7.7004,1.4900
16.516,raw,2942,-19.7849,11.8041,1.2831
16.516,raw,2957,-19.5085,10.5251,1.3020
16.516,raw,2973,-18.6932,9.0085,1.3328
16.516,raw,2989,-18.1227,7.7274,1.3556
16.516,raw,3004,-18.1711,6.8234,1.3617
16.516,raw,3020,-17.6386,5.7066,1.3806
16.516,raw,3036,-17.1582,4.6824,1.3969
16.516,raw,3051,-16.7666,3.7958,1.4097
16.516,raw,3067,-16.3308,2.9016,1.4228
16.516,raw,3083,-15.9665,2.0686,1.4333
16.516,raw,3098,-15.6264,1.3262,1.4423
16.516,raw,3114,-15.2820,0.5719,1.4507
16.516,raw,3130,-18.7452,-0.7254,1.8262
16.516,raw,3145,-33.9164,-2.9206,1.8469
16.516,raw,3161,-32.8962,-4.3869,1.8457
16.516,raw,3176,-15.8122,-2.7828,1.8225
16.516,raw,3192,-31.0557,-7.0469,1.8439
16.516,raw,3208,-16.2436,-4.4863,1.8236
16.516,raw,3223,-29.3583,-9.5285,1.8426
16.516,raw,3239,-16.2102,-6.1297,1.8242
16.516,raw,3255,-27.6581,-11.9405,1.8416
16.516,raw,3270,-26.8833,-13.0355,1.8412
16.516,raw,3286,-25.9819,-14.1392,1.8408
16.516,raw,3302,-25.2843,-15.3364,1.8408
16.516,raw,3317,-24.5083,-16.3798,1.8407
16.516,raw,3333,-23.6036,-17.4283,1.8405
16.516,raw,3349,-22.7195,-18.4800,1.8404
16.516,raw,3364,-21.8907,-19.4623,1.8404
16.516,raw,3380,-21.0347,-20.5402,1.8405
16.516,raw,3396,-20.1980,-21.6556,1.8408
16.516,raw,3411,-19.4151,-22.7323,1.8412
16.516,raw,3427,-18.5554,-23.8955,1.8416
16.516,raw,3443,-17.6653,-25.0757,1.8422
16.516,raw,3458,-16.8218,-26.2346,1.8428
16.516,raw,3474,-15.8861,-27.5043,1.8436
16.516,raw,3489,-14.9720,-28.7342,1.8444
16.516,raw,3505,-13.9616,-30.1158,1.8455
16.516,raw,3521,-12.8929,-31.5505,1.8467
16.516,raw,3536,4.7917,-0.8003,1.8059
16.516,raw,3552,4.6805,-0.5767,1.8057
16.516,raw,3568,4.5087,-0.3588,1.8054
16.516,raw,3583,4.4017,-0.1762,1.8053
16.516,raw,3599,4.2931,0.0068,1.8051
16.516,raw,3615,4.1904,0.1791,1.8049
16.516,raw,3630,4.4527,0.3487,1.8053
16.516,raw,3646,4.7700,0.5589,1.8058
16.516,raw,3662,5.1648,0.8109,1.8063
16.516,raw,3677,-17.8202,-1.0532,2.2560
16.516,raw,3693,-16.0974,-1.8071,2.2152
16.516,raw,3709,-15.5811,-2.7411,2.2060
16.516,raw,3724,-15.4034,-3.4249,2.2050
16.516,raw,3740,-15.1751,-4.1415,2.2038
16.516,raw,3756,-14.9575,-4.8585,2.2037
16.516,raw,3771,-15.1419,-6.0389,2.2179
16.516,raw,3787,-14.4795,-7.0640,2.2131
16.516,raw,3802,-14.6057,-7.9468,2.2258
16.516,raw,3818,-19.6971,-24.5947,2.5925
16.516,raw,3834,4.6920,-0.6281,1.9047
16.516,raw,3849,4.5683,-0.4258,1.9009
16.516,raw,3865,4.4279,-0.2236,1.8968
16.516,raw,3881,4.2904,-0.0363,1.8930
16.516,raw,3896,4.2173,0.1264,1.8911
16.516,raw,3912,4.3862,0.3014,1.8953
16.516,raw,3928,4.6987,0.5041,1.9033
16.516,raw,3943,5.0266,0.7261,1.9120
16.516,raw,3959,-31.9808,-3.8819,3.3807
16.516,raw,3975,-26.0292,-14.0663,3.2538
16.516,raw,3990,-19.5953,-24.1831,3.3240
16.516,raw,4006,4.6987,-0.6418,2.0043
16.516,raw,4022,4.5658,-0.4254,1.9962
16.516,raw,4037,4.4406,-0.2362,1.9891
16.516,raw,4053,4.3246,-0.0490,1.9828
16.516,raw,4069,4.2196,0.1264,1.9774
16.516,raw,4084,4.3609,0.2895,1.9843
16.516,raw,4100,4.6718,0.4900,1.9998
16.516,raw,4115,5.0203,0.7122,2.0176
16.516,raw,4131,-17.5799,-6.1146,3.1759
16.516,raw,4147,-11.3947,-8.4786,2.8573
16.516,raw,4162,4.6849,-0.6391,2.1028
16.516,raw,4178,4.5444,-0.4222,2.0902
16.516,raw,4194,4.4437,-0.2252,2.0813
16.516,raw,4209,4.3133,-0.0484,2.0710
16.516,raw,4225,4.2028,0.1265,2.0627
16.516,raw,4241,4.3628,0.3005,2.0743
16.516,raw,4256,4.6530,0.4885,2.0958
16.516,raw,4272,5.0329,0.7269,2.1247
16.516,raw,4288,-19.5548,-0.3580,3.7162
16.516,raw,4303,-19.2915,-1.2083,3.6950
16.516,raw,4319,-19.0034,-2.0951,3.6754
16.516,raw,4335,-17.8975,-2.8316,3.5807
16.516,raw,4350,-18.3019,-3.7378,3.6343
16.516,raw,4366,-18.0209,-4.5791,3.6263
16.516,raw,4382,-17.7538,-5.4185,3.6234
16.516,raw,4397,-17.5116,-6.3830,3.6306
16.516,raw,4413,-17.2498,-7.2304,3.6366
16.516,raw,4428,-17.0176,-8.0386,3.6475
16.516,raw,4444,-16.6974,-8.8769,3.6556
16.516,raw,4460,4.3043,-0.0262,2.1591
16.516,raw,4475,4.1962,0.1371,2.1484
16.516,raw,4491,-17.3063,0.7264,3.5021
16.516,raw,4507,-16.5462,-0.0337,3.8337
16.516,raw,4522,-16.3111,-0.7584,3.8086
16.516,raw,4538,-16.0648,-1.5134,3.7864
16.516,raw,4554,-15.6156,-2.2701,3.7446
16.516,raw,4569,-15.4026,-2.9461,3.7333
16.516,raw,4585,-15.1661,-3.6572,3.7240
16.516,raw,4601,-14.9657,-4.3730,3.7230
16.516,raw,4616,-15.6737,-5.5060,3.8445
16.516,raw,4632,-14.5541,-5.9068,3.7365
16.516,raw,4648,-14.3248,-6.6245,3.7451
16.516,raw,4663,-14.1202,-7.3110,3.7588
16.516,raw,4679,-13.8864,-8.0486,3.7759
17.921,raw,0,4.8364,-0.8333,0.9691
17.921,raw,14,4.7044,-0.6272,1.0014
17.921,raw,29,4.5611,-0.4214,1.0345
17.921,raw,44,4.4511,-0.2338,1.0594
17.921,raw,59,4.3410,-0.0573,1.0827
17.921,raw,74,4.2180,0.1090,1.1070
17.921,raw,89,4.3568,0.2715,1.0807
17.921,raw,104,4.6373,0.4563,1.0263
17.921,raw,119,4.9539,0.6707,0.9633
17.921,raw,134,4.7789,-0.7431,1.0881
17.921,raw,149,4.6277,-0.5276,1.1192
17.921,raw,164,4.5299,-0.3349,1.1397
17.921,raw,179,4.3850,-0.1489,1.1665
17.921,raw,194,4.2883,0.0215,1.1840
17.921,raw,209,4.2028,0.1831,1.1985
17.921,raw,224,4.4750,0.3541,1.1532
17.921,raw,239,4.7638,0.5508,1.1037
17.921,raw,254,5.1551,0.7879,1.0355
17.921,raw,269,-5.3328,-6.6538,0.5395
17.921,raw,284,-5.0999,-6.9849,0.5244
17.921,raw,299,-4.8632,-7.3279,0.5060
17.921,raw,314,4.7325,-0.6576,1.2009
17.921,raw,329,4.5721,-0.4467,1.2281
17.921,raw,344,4.5076,-0.2627,1.2404
17.921,raw,359,4.3395,-0.0792,1.2661
17.921,raw,374,4.2447,0.0873,1.2804
17.921,raw,389,4.3045,0.2485,1.2720
17.921,raw,404,4.6161,0.4313,1.2273
17.921,raw,419,4.9153,0.6408,1.1830
17.921,raw,434,-5.9981,-7.0413,0.6687
17.921,raw,449,-5.7445,-7.3923,0.6572
17.921,raw,463,-5.5506,-7.7898,0.6351
17.921,raw,478,-5.2850,-8.1636,0.6183
17.921,raw,493,-5.0139,-8.5537,0.5980
17.921,raw,508,-4.1665,-7.9770,0.7065
17.921,raw,523,-4.4036,-9.3092,0.5574
17.921,raw,538,-4.0908,-9.7279,0.5299
17.921,raw,553,-3.7348,-10.0980,0.5072
17.921,raw,568,4.7383,-0.6965,1.3012
17.921,raw,583,4.6169,-0.4896,1.3194
17.921,raw,598,4.4777,-0.2938,1.3386
17.921,raw,613,4.3605,-0.1137,1.3541
17.921,raw,628,4.2518,0.0550,1.3678
17.921,raw,643,4.2473,0.2152,1.3685
17.921,raw,658,4.5125,0.3902,1.3370
17.921,raw,673,4.8598,0.5971,1.2948
17.921,raw,688,-6.7332,-7.6243,0.8133
17.921,raw,703,-6.4764,-8.0308,0.8011
17.921,raw,718,-6.2141,-8.4502,0.7864
17.921,raw,733,-5.9317,-8.8663,0.7712
17.921,raw,748,-5.6332,-9.2852,0.7548
17.921,raw,763,-4.2476,-7.9017,0.9314
17.921,raw,778,-4.9905,-10.1442,0.7167
17.921,raw,793,-4.6402,-10.5792,0.6955
17.921,raw,808,-4.2737,-11.0288,0.6717
17.921,raw,823,-3.8841,-11.4826,0.6462
17.921,raw,838,-3.5695,-12.2418,0.5897
17.921,raw,853,-3.1825,-12.9422,0.5382
17.921,raw,868,4.7684,-0.7281,1.3994
17.921,raw,883,4.6246,-0.5150,1.4162
17.921,raw,898,4.4975,-0.3193,1.4304
17.921,raw,912,4.3809,-0.1485,1.4428
17.921,raw,927,4.2895,0.0215,1.4522
17.921,raw,942,4.1733,0.1829,1.4632
17.921,raw,957,4.4533,0.3531,1.4369
17.921,raw,972,4.7920,0.5534,1.4043
17.921,raw,987,5.1525,0.7875,1.3687
17.921,raw,1002,-7.6489,-8.1154,0.9963
17.921,raw,1017,-7.3951,-8.5828,0.9849
17.921,raw,1032,-7.1107,-9.0371,0.9741
17.921,raw,1047,-6.7727,-9.4449,0.9666
17.921,raw,1062,-6.4460,-9.8870,0.9551
17.921,raw,1077,-6.1654,-10.4306,0.9346
17.921,raw,1092,-4.1183,-7.9474,1.1543
17.921,raw,1107,-5.4649,-11.4268,0.8989
17.921,raw,1122,-5.0868,-11.9490,0.8781
17.921,raw,1137,-4.6483,-12.3959,0.8620
17.921,raw,1152,-4.3039,-13.1638,0.8211
17.921,raw,1167,-3.9255,-13.9976,0.7750
17.921,raw,1182,-3.5510,-15.0727,0.7110
17.921,raw,1197,-3.0798,-16.0868,0.6507
17.921,raw,1212,-2.6279,-17.6467,0.5513
17.921,raw,1227,4.7420,-0.6847,1.5038
17.921,raw,1242,4.6188,-0.4779,1.5147
17.921,raw,1257,4.4837,-0.2831,1.5258
17.921,raw,1272,4.3714,-0.1034,1.5346
17.921,raw,1287,4.2537,0.0657,1.5433
17.921,raw,1302,4.2750,0.2263,1.5419
17.921,raw,1317,4.5504,0.4039,1.5225
17.921,raw,1332,4.8580,0.6095,1.5002
17.921,raw,1347,-10.3869,-5.1380,1.2473
17.921,raw,1361,-10.1450,-5.5626,1.2483
17.921,raw,1376,-9.9362,-6.0462,1.2457
17.921,raw,1391,-9.7821,-6.5725,1.2390
17.921,raw,1406,-9.5564,-7.0643,1.2349
17.921,raw,1421,-9.3270,-7.5646,1.2295
17.921,raw,1436,-9.0619,-8.0488,1.2249
17.921,raw,1451,-8.7959,-8.5455,1.2189
17.921,raw,1466,-8.5039,-9.0335,1.2129
17.921,raw,1481,-8.1899,-9.5156,1.2067
17.921,raw,1496,-7.8753,-10.0171,1.1987
17.921,raw,1511,-7.5534,-10.5356,1.1893
17.921,raw,1526,-7.2268,-11.0805,1.1779
17.921,raw,1541,-6.8950,-11.6597,1.1642
17.921,raw,1556,-4.0938,-7.9587,1.3743
17.921,raw,1571,-6.1129,-12.7700,1.1379
17.921,raw,1586,-5.7243,-13.4251,1.1188
17.921,raw,1601,-5.2607,-13.9954,1.1034
17.921,raw,1616,-4.9638,-15.1188,1.0605
17.921,raw,1631,-4.5826,-16.2487,1.0173
17.921,raw,1646,-5.2865,-21.7972,0.7657
17.921,raw,1661,-4.7244,-23.8054,0.6828
17.921,raw,1676,-3.8403,-24.8924,0.6421
17.921,raw,1691,-2.8143,-25.5036,0.6216
17.921,raw,1706,-1.7474,-26.1152,0.5992
17.921,raw,1721,-0.6313,-26.6225,0.5794
17.921,raw,1736,0.5243,-27.1404,0.5570
17.921,raw,1751,1.7283,-27.7446,0.5284
17.921,raw,1766,4.8202,-0.8166,1.5999
17.921,raw,1781,4.6858,-0.5990,1.6079
17.921,raw,1796,4.5516,-0.3964,1.6154
17.921,raw,1810,4.4458,-0.2219,1.6212
17.921,raw,1825,4.3350,-0.0460,1.6268
17.921,raw,1840,4.2456,0.1192,1.6311
17.921,raw,1855,4.3644,0.2827,1.6257
17.921,raw,1870,4.6506,0.4692,1.6122
17.921,raw,1885,4.9987,0.6887,1.5955
17.921,raw,1900,-18.3130,21.6161,0.5004
17.921,raw,1915,-17.5369,19.0275,0.6111
17.921,raw,1930,-17.0218,16.9759,0.6937
17.921,raw,1945,-16.4903,15.1153,0.7688
17.921,raw,1960,-16.1126,13.5584,0.8276
17.921,raw,1975,-15.6484,12.0738,0.8855
17.921,raw,1990,-11.0470,7.9426,1.1651
17.921,raw,2005,-14.7299,9.4860,0.9860
17.921,raw,2020,-14.4177,8.4327,1.0224
17.921,raw,2035,-13.9857,7.3952,1.0617
17.921,raw,2050,-14.1226,-0.1827,1.4764
17.921,raw,2065,-13.8795,-0.7998,1.4812
17.921,raw,2080,-8.1067,-0.7875,1.6081
17.921,raw,2095,-13.3936,-1.9838,1.4890
17.921,raw,2110,-13.1633,-2.5574,1.4918
17.921,raw,2125,-12.9355,-3.1215,1.4940
17.921,raw,2140,-12.7242,-3.6825,1.4953
17.921,raw,2155,-12.5026,-4.2359,1.4963
17.921,raw,2170,-12.1065,-4.7187,1.5009
17.921,raw,2185,-11.9019,-5.2669,1.5005
17.921,raw,2200,-11.6935,-5.8163,1.4995
17.921,raw,2215,-11.4988,-6.3784,1.4977
17.921,raw,2230,-11.2212,-6.9005,1.4973
17.921,raw,2245,-10.9651,-7.4402,1.4957
17.921,raw,2259,-10.7425,-7.9636,1.4932
17.921,raw,2274,-10.4225,-8.4745,1.4920
17.921,raw,2289,-10.2775,-9.1435,1.4851
17.921,raw,2304,-9.9467,-9.6767,1.4826
17.921,raw,2319,-9.7249,-10.3367,1.4759
17.921,raw,2334,-9.3454,-10.8617,1.4732
17.921,raw,2349,-9.1261,-11.6005,1.4640
17.921,raw,2364,-8.7308,-12.1671,1.4595
17.921,raw,2379,-8.5089,-13.0193,1.4471
17.921,raw,2394,-8.0822,-13.6374,1.4408
17.921,raw,2409,-7.8209,-14.6001,1.4255
17.921,raw,2424,-9.0782,-18.6736,1.3332
17.921,raw,2439,-8.6482,-19.9263,1.3124
17.921,raw,2454,-8.1735,-21.2886,1.2890
17.921,raw,2469,-7.7503,-23.0740,1.2555
17.921,raw,2484,-7.1708,-24.8027,1.2233
17.921,raw,2499,-6.5200,-26.7630,1.1856
17.921,raw,2514,-5.4551,-27.5156,1.1749
17.921,raw,2529,-4.3274,-28.1620,1.1656
17.921,raw,2544,-3.1619,-28.8160,1.1552
17.921,raw,2559,-1.9548,-29.4919,1.1431
17.921,raw,2574,-0.7050,-30.3309,1.1264
17.921,raw,2589,0.6127,-31.1865,1.1080
17.921,raw,2604,1.9880,-31.6787,1.0965
17.921,raw,2619,3.4189,-32.2564,1.0816
17.921,raw,2634,4.9462,-33.1014,1.0594
17.921,raw,2649,4.8017,-0.7994,1.7035
17.921,raw,2664,4.6440,-0.5791,1.7079
17.921,raw,2679,4.5465,-0.3839,1.7107
17.921,raw,2694,4.4217,-0.1969,1.7139
17.921,raw,2708,4.3216,-0.0343,1.7163
17.921,raw,2723,4.2099,0.1303,1.7189
17.921,raw,2738,4.3689,0.2939,1.7154
17.921,raw,2753,4.6598,0.4818,1.7087
17.921,raw,2768,5.0111,0.7032,1.7005
17.921,raw,2783,-23.2267,24.4008,1.0510
17.921,raw,2798,-21.9428,21.1966,1.1207
17.921,raw,2813,-21.0116,18.6500,1.1735
17.921,raw,2828,-19.8091,16.1496,1.2291
17.921,raw,2843,-19.1817,14.3263,1.2643
17.921,raw,2858,-11.0607,7.7599,1.4941
17.921,raw,2873,-18.0387,11.2144,1.3231
17.921,raw,2888,-17.8529,10.0569,1.3392
17.921,raw,2903,-17.4251,8.8506,1.3598
17.921,raw,2918,-17.0025,7.7319,1.3785
17.921,raw,2933,-16.5585,6.6818,1.3963
17.921,raw,2948,-16.5248,5.8397,1.4032
17.921,raw,2963,-16.1461,4.9259,1.4172
17.921,raw,2978,-15.8017,4.0748,1.4293
17.921,raw,2993,-15.4968,3.2781,1.4396
17.921,raw,3008,-15.2016,2.5223,1.4488
17.921,raw,3023,-14.9172,1.8025,1.4571
17.921,raw,3038,-14.6408,1.1142,1.4644
17.921,raw,3053,-14.3719,0.4535,1.4710
17.921,raw,3068,-32.7840,-0.5344,1.8452
17.921,raw,3083,-31.9948,-1.9231,1.8442
17.921,raw,3098,-31.2305,-3.2540,1.8433
17.921,raw,3113,-30.4850,-4.5338,1.8425
17.921,raw,3128,-15.7272,-3.0191,1.8225
17.921,raw,3143,-29.0274,-6.9619,1.8412
17.921,raw,3157,-28.3639,-8.0452,1.8407
17.921,raw,3172,-17.5594,-5.8285,1.8258
17.921,raw,3187,-16.5208,-6.3128,1.8247
17.921,raw,3202,-26.3309,-11.3893,1.8396
17.921,raw,3217,-25.6718,-12.4710,1.8394
17.921,raw,3232,-14.6725,-7.9921,1.8234
17.921,raw,3247,-24.3705,-14.6128,1.8392
17.921,raw,3262,-23.7230,-15.6809,1.8393
17.921,raw,3277,-23.0600,-16.7424,1.8393
17.921,raw,3292,-22.4125,-17.8248,1.8395
17.921,raw,3307,-21.7692,-18.9286,1.8398
17.921,raw,3322,-21.1184,-20.0526,1.8401
17.921,raw,3337,-20.4524,-21.1969,1.8406
17.921,raw,3352,-19.7821,-22.3815,1.8411
17.921,raw,3367,-19.1005,-23.6108,1.8418
17.921,raw,3382,-18.3891,-24.8741,1.8425
17.921,raw,3397,-17.6580,-26.1969,1.8434
17.921,raw,3412,-16.8894,-27.5689,1.8444
17.921,raw,3427,-16.0790,-28.9988,1.8455
17.921,raw,3442,-15.2450,-30.5414,1.8468
17.921,raw,3457,4.7711,-0.7669,1.8059
17.921,raw,3472,4.6545,-0.5565,1.8057
17.921,raw,3487,4.5147,-0.3563,1.8054
17.921,raw,3502,4.3941,-0.1720,1.8052
17.921,raw,3517,4.3016,-0.0007,1.8051
17.921,raw,3532,4.1839,0.1620,1.8049
17.921,raw,3547,4.4363,0.3298,1.8053
17.921,raw,3562,4.7327,0.5237,1.8057
17.921,raw,3577,5.0980,0.7535,1.8062
17.921,raw,3592,-34.3851,2.5457,1.8474
17.921,raw,3606,-33.7055,1.1182,1.8464
17.921,raw,3621,-16.6129,-0.0452,2.2250
17.921,raw,3636,-16.4484,-0.7764,2.2215
17.921,raw,3651,-17.5831,-1.6256,2.2512
17.921,raw,3666,-17.3542,-2.9656,2.2501
17.921,raw,3681,-15.7600,-3.6628,2.2148
17.921,raw,3696,-16.3697,-4.8469,2.2370
17.921,raw,3711,-15.7402,-6.8887,2.2396
17.921,raw,3726,-25.8762,-14.3976,2.5474
17.921,raw,3741,-19.6315,-24.6874,2.5932
17.921,raw,3756,4.6976,-0.6259,1.9050
17.921,raw,3771,4.5620,-0.4215,1.9008
17.921,raw,3786,4.4612,-0.2348,1.8978
17.921,raw,3801,4.3115,-0.0555,1.8937
17.921,raw,3816,4.2123,0.1091,1.8911
17.921,raw,3831,4.3510,0.2714,1.8946
17.921,raw,3846,4.6391,0.4565,1.9019
17.921,raw,3861,4.9776,0.6733,1.9108
17.921,raw,3876,-16.7263,0.3000,2.2278
17.921,raw,3891,-32.0197,-4.1935,3.3842
17.921,raw,3906,-25.8794,-14.3993,3.2549
17.921,raw,3921,4.8316,-0.8322,2.0127
17.921,raw,3936,4.6646,-0.6073,2.0026
17.921,raw,3951,4.5520,-0.4082,1.9957
17.921,raw,3966,4.4166,-0.2190,1.9881
17.921,raw,3981,4.3085,-0.0445,1.9822
17.921,raw,3996,4.2110,0.1197,1.9773
17.921,raw,4011,4.3671,0.2828,1.9849
17.921,raw,4026,4.6270,0.4674,1.9978
17.921,raw,4041,4.9969,0.6885,2.0166
17.921,raw,4055,-18.4265,-3.0973,3.1803
17.921,raw,4070,-13.9117,-8.0721,2.9932
17.921,raw,4085,4.7176,-0.6547,2.1057
17.921,raw,4100,4.5728,-0.4468,2.0929
17.921,raw,4115,4.4502,-0.2564,2.0824
17.921,raw,4130,4.3266,-0.0783,2.0725
17.921,raw,4145,4.2221,0.0878,2.0645
17.921,raw,4160,4.3160,0.2487,2.0712
17.921,raw,4175,4.6039,0.4305,2.0924
17.921,raw,4190,4.9121,0.6404,2.1158
17.921,raw,4205,-19.5573,-0.3131,3.7158
17.921,raw,4220,-19.3079,-1.1646,3.6958
17.921,raw,4235,-19.0310,-1.9964,3.6765
17.921,raw,4250,-18.3140,-2.7442,3.6181
17.921,raw,4265,-18.1404,-4.1659,3.6275
17.921,raw,4280,-17.5217,-6.1637,3.6240
17.921,raw,4295,-19.0104,0.1488,3.6631
17.921,raw,4310,-16.3627,-0.5282,3.8128
17.921,raw,4325,-16.1542,-1.2422,3.7933
17.921,raw,4340,-15.9383,-1.9423,3.7766
17.921,raw,4355,-15.5017,-2.5936,3.7367
17.921,raw,4370,-15.2823,-3.2637,3.7263
17.921,raw,4385,-15.0800,-3.9319,3.7214
17.921,raw,4400,-14.8869,-4.6006,3.7212
17.921,raw,4415,-14.6917,-5.4183,3.7303
17.921,raw,4430,-14.4872,-6.0904,3.7368
17.921,raw,4445,-14.2705,-6.7636,3.7457
17.921,raw,4460,-14.0552,-7.4461,3.7587
17.921,raw,4475,-16.7949,0.8488,3.8641
19.436,raw,0,4.7893,-0.8002,0.9730
19.436,raw,15,4.6686,-0.5848,1.0036
19.436,raw,30,4.5297,-0.3807,1.0356
19.436,raw,45,4.4035,-0.1922,1.0635
19.436,raw,60,4.2870,-0.0168,1.0879
19.436,raw,75,4.1779,0.1478,1.1095
19.436,raw,91,4.3570,0.3225,1.0754
19.436,raw,106,4.6488,0.5113,1.0186
19.436,raw,121,5.0004,0.7337,0.9487
19.436,raw,136,4.7451,-0.6878,1.0902
19.436,raw,151,4.6000,-0.4750,1.1200
19.436,raw,167,4.4684,-0.2678,1.1461
19.436,raw,182,4.3267,-0.0851,1.1720
19.436,raw,197,4.2405,0.0826,1.1876
19.436,raw,212,4.2299,0.2434,1.1896
19.436,raw,227,4.4964,0.4190,1.1449
19.436,raw,242,4.8206,0.6243,1.0892
19.436,raw,258,-5.4273,-6.2887,0.5688
19.436,raw,273,-5.2380,-6.6525,0.5479
19.436,raw,288,-4.9831,-6.9531,0.5375
19.436,raw,303,-4.7653,-7.3191,0.5142
19.436,raw,318,4.7975,-0.7891,1.1837
19.436,raw,334,4.6457,-0.5560,1.2111
19.436,raw,349,4.5267,-0.3567,1.2319
19.436,raw,364,4.3993,-0.1692,1.2527
19.436,raw,379,4.2886,0.0049,1.2699
19.436,raw,394,4.1590,0.1690,1.2887
19.436,raw,410,4.3864,0.3458,1.2564
19.436,raw,425,4.6953,0.5390,1.2116
19.436,raw,440,5.0319,0.7639,1.1614
19.436,raw,455,-5.8494,-7.0786,0.6769
19.436,raw,470,-5.6093,-7.4449,0.6621
19.436,raw,485,-5.3829,-7.8497,0.6408
19.436,raw,501,-5.0947,-8.2444,0.6223
19.436,raw,516,-4.3539,-7.8619,0.7060
19.436,raw,531,-4.0965,-8.2368,0.6831
19.436,raw,546,-4.2136,-9.4139,0.5553
19.436,raw,561,-3.8649,-9.7676,0.5351
19.436,raw,577,-3.5050,-10.2247,0.5019
19.436,raw,592,4.6963,-0.6400,1.3036
19.436,raw,607,4.5713,-0.4344,1.3220
19.436,raw,622,4.4206,-0.2394,1.3424
19.436,raw,637,4.3106,-0.0620,1.3570
19.436,raw,653,4.2099,0.1154,1.3696
19.436,raw,668,4.2802,0.2765,1.3614
19.436,raw,683,4.5692,0.4583,1.3269
19.436,raw,698,4.8890,0.6693,1.2878
19.436,raw,713,-6.6045,-7.5744,0.8248
19.436,raw,728,-6.3819,-8.0154,0.8076
19.436,raw,744,-6.1074,-8.4678,0.7908
19.436,raw,759,-5.8214,-8.8790,0.7757
19.436,raw,774,-5.5049,-9.2700,0.7618
19.436,raw,789,-4.1769,-7.9339,0.9313
19.436,raw,804,-4.8495,-10.1027,0.7253
19.436,raw,820,-4.4772,-10.5687,0.7018
19.436,raw,835,-4.1076,-11.0138,0.6777
19.436,raw,850,-3.7433,-11.5418,0.6443
19.436,raw,865,-3.4186,-12.3034,0.5871
19.436,raw,880,-3.0231,-13.0099,0.5345
19.436,raw,896,4.6955,-0.6523,1.4045
19.436,raw,911,4.5896,-0.4492,1.4175
19.436,raw,926,4.4271,-0.2515,1.4349
19.436,raw,941,4.3352,-0.0747,1.4448
19.436,raw,956,4.2180,0.0939,1.4564
19.436,raw,971,4.2413,0.2542,1.4544
19.436,raw,987,4.5380,0.4446,1.4262
19.436,raw,1002,4.8570,0.6532,1.3952
19.436,raw,1017,-7.7681,-7.7247,1.0095
19.436,raw,1032,-7.4870,-8.1449,1.0027
19.436,raw,1047,-7.2188,-8.5940,0.9924
19.436,raw,1063,-6.9183,-9.0795,0.9800
19.436,raw,1078,-6.6253,-9.5461,0.9668
19.436,raw,1093,-6.3007,-9.9971,0.9541
19.436,raw,1108,-4.3958,-7.8788,1.1481
19.436,raw,1123,-4.0543,-8.1028,1.1465
19.436,raw,1139,-5.2373,-11.4969,0.9010
19.436,raw,1154,-4.8582,-12.0300,0.8786
19.436,raw,1169,-4.4656,-12.6085,0.8521
19.436,raw,1184,-4.1044,-13.3857,0.8102
19.436,raw,1199,-3.7531,-14.3874,0.7516
19.436,raw,1214,-3.3198,-15.3669,0.6940
19.436,raw,1230,-2.7914,-16.4926,0.6261
19.436,raw,1245,4.8061,-0.7911,1.4957
19.436,raw,1260,4.6520,-0.5694,1.5092
19.436,raw,1275,4.5228,-0.3679,1.5203
19.436,raw,1290,4.3918,-0.1798,1.5308
19.436,raw,1306,4.2835,0.0052,1.5392
19.436,raw,1321,4.1505,0.1690,1.5487
19.436,raw,1336,4.3594,0.3337,1.5341
19.436,raw,1351,4.6419,0.5227,1.5139
19.436,raw,1366,5.0230,0.7496,1.4861
19.436,raw,1381,-10.1579,-5.2642,1.2546
19.436,raw,1397,-10.0057,-5.8117,1.2489
19.436,raw,1412,-9.7812,-6.2871,1.2465
19.436,raw,1427,-9.5625,-6.7732,1.2426
19.436,raw,1442,-9.3387,-7.2659,1.2377
19.436,raw,1457,-9.0930,-7.7537,1.2327
19.436,raw,1473,-8.8207,-8.2806,1.2263
19.436,raw,1488,-8.5443,-8.7714,1.2201
19.436,raw,1503,-8.2611,-9.2738,1.2126
19.436,raw,1518,-7.9441,-9.7600,1.2056
19.436,raw,1533,-7.6405,-10.2864,1.1957
19.436,raw,1549,-7.2935,-10.8532,1.1844
19.436,raw,1564,-6.9504,-11.3972,1.1726
19.436,raw,1579,-4.2093,-7.8825,1.3742
19.436,raw,1594,-6.1914,-12.5027,1.1466
19.436,raw,1609,-5.8183,-13.1605,1.1274
19.436,raw,1624,-5.3533,-13.6968,1.1137
19.436,raw,1640,-5.0137,-14.7792,1.0736
19.436,raw,1655,-4.6159,-15.7917,1.0359
19.436,raw,1670,-4.4093,-17.7781,0.9519
19.436,raw,1685,-4.8402,-23.2854,0.7039
19.436,raw,1700,-4.0379,-24.6679,0.6496
19.436,raw,1716,-2.9530,-25.3137,0.6283
19.436,raw,1731,-1.8965,-25.9401,0.6055
19.436,raw,1746,-0.7883,-26.4411,0.5862
19.436,raw,1761,0.3584,-26.9186,0.5659
19.436,raw,1776,1.5501,-27.5106,0.5381
19.436,raw,1792,2.8837,-28.1627,0.5048
19.436,raw,1807,4.6767,-0.6236,1.6067
19.436,raw,1822,4.5286,-0.4160,1.6149
19.436,raw,1837,4.4364,-0.2297,1.6202
19.436,raw,1852,4.3225,-0.0518,1.6260
19.436,raw,1867,4.2089,0.1154,1.6315
19.436,raw,1883,4.2996,0.2879,1.6274
19.436,raw,1898,4.5788,0.4706,1.6143
19.436,raw,1913,4.9368,0.6874,1.5972
19.436,raw,1928,22.9754,10.1073,0.6823
19.436,raw,1943,-17.7840,20.6243,0.5519
19.436,raw,1959,-17.2777,18.3093,0.6445
19.436,raw,1974,-16.8386,16.4015,0.7195
19.436,raw,1989,-16.3218,14.6115,0.7913
19.436,raw,2004,-15.8141,12.9992,0.8557
19.436,raw,2019,-15.3530,11.5682,0.9116
19.436,raw,2035,-11.1358,7.7587,1.1680
19.436,raw,2050,-14.4383,9.0121,1.0101
19.436,raw,2065,-14.1409,8.0058,1.0444
19.436,raw,2080,-13.8974,7.0957,1.0729
19.436,raw,2095,-13.8935,-0.3672,1.4819
19.436,raw,2110,-8.2886,-0.5294,1.6052
19.436,raw,2126,-8.1930,-0.9262,1.6064
19.436,raw,2141,-13.1613,-2.1690,1.4939
19.436,raw,2156,-12.9497,-2.7349,1.4960
19.436,raw,2171,-12.7294,-3.2908,1.4979
19.436,raw,2186,-12.5089,-3.8401,1.4992
19.436,raw,2202,-12.1144,-4.3638,1.5038
19.436,raw,2217,-11.8970,-4.8999,1.5040
19.436,raw,2232,-11.6912,-5.4416,1.5034
19.436,raw,2247,-11.5300,-6.0101,1.5011
19.436,raw,2262,-11.2520,-6.5236,1.5011
19.436,raw,2278,-11.0168,-7.1118,1.4989
19.436,raw,2293,-10.7762,-7.6610,1.4966
19.436,raw,2308,-10.4614,-8.1661,1.4956
19.436,raw,2323,-10.2151,-8.7347,1.4920
19.436,raw,2338,-9.8892,-9.2512,1.4900
19.436,raw,2353,-9.6943,-9.9103,1.4831
19.436,raw,2369,-9.3276,-10.4868,1.4796
19.436,raw,2384,-9.1265,-11.2187,1.4704
19.436,raw,2399,-8.7375,-11.7682,1.4663
19.436,raw,2414,-8.5203,-12.5903,1.4546
19.436,raw,2429,-8.1167,-13.2097,1.4482
19.436,raw,2445,-4.3201,-8.1271,1.5877
19.436,raw,2460,-7.3885,-14.8761,1.4245
19.436,raw,2475,-8.7471,-19.4887,1.3200
19.436,raw,2490,-8.2805,-20.8018,1.2977
19.436,raw,2505,-7.7823,-22.2862,1.2712
19.436,raw,2520,-7.3103,-24.1970,1.2347
19.436,raw,2536,-6.6454,-26.2483,1.1955
19.436,raw,2551,-5.6718,-27.3005,1.1781
19.436,raw,2566,-4.5531,-27.9419,1.1691
19.436,raw,2581,-3.3932,-28.5578,1.1597
19.436,raw,2596,-2.1998,-29.2367,1.1478
19.436,raw,2612,-0.8788,-30.0914,1.1309
19.436,raw,2627,0.4256,-30.9423,1.1129
19.436,raw,2642,1.7889,-31.4398,1.1013
19.436,raw,2657,3.2013,-31.9549,1.0880
19.436,raw,2672,4.7085,-32.7830,1.0664
19.436,raw,2688,4.7939,-0.8012,1.7029
19.436,raw,2703,4.6668,-0.5845,1.7066
19.436,raw,2718,4.5396,-0.3821,1.7101
19.436,raw,2733,4.3973,-0.1916,1.7138
19.436,raw,2748,4.2834,-0.0166,1.7166
19.436,raw,2763,4.1881,0.1476,1.7188
19.436,raw,2779,4.3594,0.3226,1.7150
19.436,raw,2794,4.6340,0.5101,1.7087
19.436,raw,2809,4.9782,0.7311,1.7007
19.436,raw,2824,-23.4940,25.9399,1.0232
19.436,raw,2839,-22.5965,22.9284,1.0847
19.436,raw,2855,-21.1614,19.6386,1.1575
19.436,raw,2870,-20.2295,17.2475,1.2075
19.436,raw,2885,-19.1319,14.9734,1.2576
19.436,raw,2900,-11.0970,8.1678,1.4893
19.436,raw,2915,-18.0968,11.8293,1.3157
19.436,raw,2931,-17.8971,10.5591,1.3338
19.436,raw,2946,-17.4223,9.2970,1.3562
19.436,raw,2961,-16.9825,8.1450,1.3760
19.436,raw,2976,-16.5991,7.0973,1.3929
19.436,raw,2991,-16.5322,6.2301,1.4010
19.436,raw,3006,-16.1586,5.3006,1.4153
19.436,raw,3022,-15.7840,4.3771,1.4288
19.436,raw,3037,-15.4825,3.5724,1.4393
19.436,raw,3052,-15.1511,2.8030,1.4497
19.436,raw,3067,-14.8716,2.0794,1.4580
19.436,raw,3082,-14.6051,1.3883,1.4654
19.436,raw,3098,-14.3040,0.6811,1.4729
19.436,raw,3113,-33.6476,-0.0570,1.8463
19.436,raw,3128,-32.7957,-1.4881,1.8452
19.436,raw,3143,-31.9669,-2.8539,1.8442
19.436,raw,3158,-31.1926,-4.1666,1.8434
19.436,raw,3174,-17.1391,-3.0661,1.8243
19.436,raw,3189,-29.5999,-6.7224,1.8419
19.436,raw,3204,-28.8594,-7.8995,1.8413
19.436,raw,3219,-28.1635,-9.0547,1.8408
19.436,raw,3234,-27.4800,-10.1862,1.8404
19.436,raw,3249,-26.7807,-11.2879,1.8401
19.436,raw,3265,-26.0665,-12.4554,1.8399
19.436,raw,3280,-16.7070,-8.9303,1.8264
19.436,raw,3295,-24.7457,-14.6194,1.8397
19.436,raw,3310,-24.0695,-15.6849,1.8396
19.436,raw,3325,-23.4077,-16.7618,1.8397
19.436,raw,3341,-22.6938,-17.9144,1.8399
19.436,raw,3356,-22.0098,-18.9982,1.8401
19.436,raw,3371,-21.3457,-20.1222,1.8404
19.436,raw,3386,-20.6656,-21.2640,1.8408
19.436,raw,3401,-20.0058,-22.4714,1.8414
19.436,raw,3417,-19.2611,-23.7774,1.8421
19.436,raw,3432,-18.5431,-25.0493,1.8428
19.436,raw,3447,-17.7900,-26.3588,1.8437
19.436,raw,3462,-17.0180,-27.7437,1.8447
19.436,raw,3477,-16.2157,-29.2084,1.8458
19.436,raw,3492,-15.3547,-30.7241,1.8471
19.436,raw,3508,4.7268,-0.6839,1.8058
19.436,raw,3523,4.5728,-0.4706,1.8056
19.436,raw,3538,4.4450,-0.2765,1.8054
19.436,raw,3553,4.3387,-0.0970,1.8052
19.436,raw,3568,4.2286,0.0722,1.8050
19.436,raw,3584,4.2176,0.2432,1.8050
19.436,raw,3599,4.4932,0.4188,1.8054
19.436,raw,3614,4.8278,0.6251,1.8059
19.436,raw,3629,-34.9894,2.7933,1.8482
19.436,raw,3644,-34.2717,1.2369,1.8471
19.436,raw,3659,-16.8002,0.0173,2.2289
19.436,raw,3675,-17.8535,-0.8390,2.2557
19.436,raw,3690,-31.8647,-3.5028,2.6074
19.436,raw,3705,-16.6902,-3.8609,2.2379
19.436,raw,3720,-14.8323,-4.9988,2.2013
19.436,raw,3735,-16.7076,-8.9306,2.2828
19.436,raw,3751,-19.8632,-24.2202,2.5879
19.436,raw,3766,4.7071,-0.6672,1.9062
19.436,raw,3781,4.5695,-0.4580,1.9019
19.436,raw,3796,4.4606,-0.2669,1.8986
19.436,raw,3811,4.3381,-0.0859,1.8951
19.436,raw,3827,4.2317,0.0935,1.8923
19.436,raw,3842,4.2463,0.2543,1.8926
19.436,raw,3857,4.5149,0.4316,1.8994
19.436,raw,3872,4.8433,0.6392,1.9080
19.436,raw,3887,-16.8264,0.5146,2.2296
19.436,raw,3902,-31.9806,-3.8001,3.3788
19.436,raw,3918,-25.7386,-13.9112,3.2372
19.436,raw,3933,-19.8208,-24.3122,3.3357
19.436,raw,3948,4.6950,-0.6397,2.0059
19.436,raw,3963,4.5500,-0.4311,1.9972
19.436,raw,3978,4.4486,-0.2425,1.9912
19.436,raw,3994,4.3092,-0.0509,1.9837
19.436,raw,4009,4.2104,0.1154,1.9786
19.436,raw,4024,4.2767,0.2765,1.9818
19.436,raw,4039,4.5590,0.4576,1.9958
19.436,raw,4054,4.8883,0.6693,2.0125
19.436,raw,4070,-18.7751,-2.7980,3.1999
19.436,raw,4085,-25.9107,-14.3976,3.9651
19.436,raw,4100,4.6929,-0.6518,2.1062
19.436,raw,4115,4.5706,-0.4462,2.0950
19.436,raw,4130,4.4363,-0.2526,2.0836
19.436,raw,4145,4.3097,-0.0729,2.0733
19.436,raw,4161,4.2184,0.1046,2.0662
19.436,raw,4176,4.2553,0.2652,2.0688
19.436,raw,4191,4.5482,0.4452,2.0903
19.436,raw,4206,4.8640,0.6540,2.1142
19.436,raw,4221,-19.3871,0.0480,3.6965
19.436,raw,4237,-19.4220,-0.8699,3.7025
19.436,raw,4252,-19.1443,-1.7073,3.6821
19.436,raw,4267,-18.8859,-2.5304,3.6668
19.436,raw,4282,-18.2062,-4.0483,3.6292
19.436,raw,4297,-11.3789,-8.3367,3.1947
19.436,raw,4313,4.3084,-0.0508,2.1629
19.436,raw,4328,4.2149,0.1153,2.1534
19.436,raw,4343,4.2770,0.2765,2.1593
19.436,raw,4358,-18.5628,0.3274,3.6179
19.436,raw,4373,-16.4284,-0.3686,3.8168
19.436,raw,4388,-16.2160,-1.0849,3.7962
19.436,raw,4404,-15.9516,-1.8293,3.7737
19.436,raw,4419,-15.5595,-2.4885,3.7387
19.436,raw,4434,-15.3721,-3.1666,3.7318
19.436,raw,4449,-15.1502,-3.8320,3.7242
19.436,raw,4464,-14.9425,-4.4972,3.7217
19.436,raw,4480,-14.7364,-5.3602,3.7310
19.436,raw,4495,-14.5281,-6.0309,3.7368
19.436,raw,4510,-14.3162,-6.7060,3.7460
19.436,raw,4525,-14.0975,-7.3866,3.7585
19.436,raw,4540,-13.8946,-8.0882,3.7773
20.579,raw,0,4.8115,-0.8077,0.9717
20.579,raw,15,4.6654,-0.5871,1.0072
20.579,raw,31,4.5208,-0.3710,1.0407
20.579,raw,47,4.3930,-0.1726,1.0689
20.579,raw,63,4.2906,0.0112,1.0906
20.579,raw,79,4.1790,0.1847,1.1124
20.579,raw,95,4.4431,0.3644,1.0620
20.579,raw,110,4.7702,0.5625,0.9982
20.579,raw,126,5.1445,0.8102,0.9230
20.579,raw,142,4.6817,-0.6025,1.1058
20.579,raw,158,4.5431,-0.3860,1.1341
20.579,raw,174,4.4138,-0.1858,1.1591
20.579,raw,190,4.2979,-0.0001,1.1803
20.579,raw,205,4.1965,0.1636,1.1978
20.579,raw,221,4.4088,0.3406,1.1625
20.579,raw,237,4.7229,0.5463,1.1090
20.579,raw,253,5.0883,0.7893,1.0452
20.579,raw,269,-5.2652,-6.5319,0.5570
20.579,raw,285,-5.0103,-6.8680,0.5433
20.579,raw,301,-4.7521,-7.2165,0.5258
20.579,raw,316,-4.5078,-7.5603,0.5053
20.579,raw,332,4.7198,-0.6348,1.2011
20.579,raw,348,4.5466,-0.4101,1.2304
20.579,raw,364,4.4462,-0.2118,1.2479
20.579,raw,380,4.3138,-0.0227,1.2685
20.579,raw,396,4.1950,0.1531,1.2859
20.579,raw,411,4.3668,0.3169,1.2616
20.579,raw,427,4.6790,0.5185,1.2164
20.579,raw,443,5.0410,0.7568,1.1626
20.579,raw,459,-5.8324,-7.1054,0.6747
20.579,raw,475,-5.5368,-7.4489,0.6659
20.579,raw,491,-5.2912,-7.8750,0.6437
20.579,raw,506,-5.0024,-8.2162,0.6300
20.579,raw,522,-4.2818,-7.9082,0.7048
20.579,raw,538,-4.4035,-9.0577,0.5814
20.579,raw,554,-4.0757,-9.4908,0.5535
20.579,raw,570,-3.6914,-9.8486,0.5338
20.579,raw,586,-3.3051,-10.2496,0.5068
20.579,raw,602,4.7093,-0.6328,1.3042
20.579,raw,617,4.5596,-0.4239,1.3255
20.579,raw,633,4.4340,-0.2219,1.3430
20.579,raw,649,4.3183,-0.0339,1.3582
20.579,raw,665,4.2137,0.1422,1.3711
20.579,raw,681,4.3633,0.3167,1.3535
20.579,raw,697,4.6762,0.5183,1.3159
20.579,raw,712,5.0408,0.7435,1.2711
20.579,raw,728,-6.4941,-7.7261,0.8202
20.579,raw,744,-6.2402,-8.1862,0.8029
20.579,raw,760,-5.9433,-8.6184,0.7879
20.579,raw,776,-5.6406,-9.0706,0.7697
20.579,raw,792,-4.3146,-7.8578,0.9303
20.579,raw,808,-4.9491,-9.9411,0.7336
20.579,raw,823,-4.5828,-10.3232,0.7176
20.579,raw,839,-4.1961,-10.7846,0.6936
20.579,raw,855,-3.7852,-11.2522,0.6677
20.579,raw,871,-3.4421,-12.0157,0.6114
20.579,raw,887,-3.0286,-12.7382,0.5583
20.579,raw,903,4.7990,-0.7660,1.3945
20.579,raw,918,4.6444,-0.5464,1.4125
20.579,raw,934,4.5006,-0.3333,1.4287
20.579,raw,950,4.3944,-0.1391,1.4404
20.579,raw,966,4.2590,0.0450,1.4540
20.579,raw,982,4.1905,0.2163,1.4606
20.579,raw,998,4.4812,0.4003,1.4332
20.579,raw,1013,4.8001,0.6023,1.4024
20.579,raw,1029,-7.7858,-7.6504,1.0113
20.579,raw,1045,-7.5010,-8.1117,1.0029
20.579,raw,1061,-7.1946,-8.5671,0.9942
20.579,raw,1077,-6.8929,-9.0488,0.9821
20.579,raw,1093,-6.5727,-9.5343,0.9690
20.579,raw,1109,-6.2145,-9.9962,0.9569
20.579,raw,1124,-4.3177,-7.8630,1.1513
20.579,raw,1140,-5.4874,-10.9377,0.9269
20.579,raw,1156,-5.0940,-11.4608,0.9071
20.579,raw,1172,-4.6902,-12.0301,0.8829
20.579,raw,1188,-4.2917,-12.7096,0.8495
20.579,raw,1204,-3.8923,-13.5352,0.8047
20.579,raw,1219,-3.5224,-14.5350,0.7459
20.579,raw,1235,-3.0395,-15.5838,0.6837
20.579,raw,1251,-2.5269,-16.9467,0.5985
20.579,raw,1267,4.7878,-0.7634,1.4985
20.579,raw,1283,4.6317,-0.5319,1.5122
20.579,raw,1299,4.5160,-0.3236,1.5223
20.579,raw,1314,4.3725,-0.1372,1.5335
20.579,raw,1330,4.2690,0.0446,1.5414
20.579,raw,1346,4.1959,0.2164,1.5467
20.579,raw,1362,4.4908,0.4008,1.5259
20.579,raw,1378,4.8471,0.6194,1.5003
20.579,raw,1394,-10.3643,-5.0911,1.2491
20.579,raw,1410,-10.1395,-5.6022,1.2476
20.579,raw,1425,-9.9090,-6.0741,1.2460
20.579,raw,1441,-9.7357,-6.6309,1.2391
20.579,raw,1457,-9.4893,-7.1527,1.2347
20.579,raw,1473,-9.2237,-7.6720,1.2299
20.579,raw,1489,-8.8598,-8.1190,1.2294
20.579,raw,1505,-8.5796,-8.6504,1.2223
20.579,raw,1520,-8.2567,-9.1053,1.2179
20.579,raw,1536,-7.9790,-9.6839,1.2068
20.579,raw,1552,-7.6346,-10.2158,1.1980
20.579,raw,1568,-7.2742,-10.7580,1.1881
20.579,raw,1584,-6.9090,-11.3321,1.1758
20.579,raw,1600,-4.1697,-7.8771,1.3750
20.579,raw,1616,-6.0826,-12.4715,1.1498
20.579,raw,1631,-5.7057,-13.1187,1.1310
20.579,raw,1647,-5.2127,-13.6949,1.1161
20.579,raw,1663,-4.8742,-14.7936,1.0750
20.579,raw,1679,-4.4522,-15.9081,1.0329
20.579,raw,1695,-4.1842,-17.9605,0.9464
20.579,raw,1711,-4.4513,-23.4055,0.7023
20.579,raw,1726,-3.5964,-24.6019,0.6560
20.579,raw,1742,-2.5058,-25.2149,0.6353
20.579,raw,1758,-1.3686,-25.7947,0.6140
20.579,raw,1774,-0.1826,-26.2547,0.5958
20.579,raw,1790,1.0448,-26.8207,0.5702
20.579,raw,1806,2.3284,-27.4162,0.5407
20.579,raw,1821,3.5921,-28.0057,0.5089
20.579,raw,1837,4.6896,-0.6413,1.6067
20.579,raw,1853,4.5686,-0.4253,1.6138
20.579,raw,1869,4.4287,-0.2213,1.6213
20.579,raw,1885,4.3219,-0.0341,1.6269
20.579,raw,1901,4.2046,0.1424,1.6325
20.579,raw,1917,4.3733,0.3171,1.6248
20.579,raw,1932,4.6641,0.5054,1.6111
20.579,raw,1948,5.0099,0.7398,1.5944
20.579,raw,1964,24.6775,11.2353,0.5913
20.579,raw,1980,-18.1882,19.5147,0.5757
20.579,raw,1996,-17.4451,17.1163,0.6765
20.579,raw,2012,-17.0357,15.2691,0.7466
20.579,raw,2027,-16.4323,13.5258,0.8182
20.579,raw,2043,-15.8837,11.9151,0.8822
20.579,raw,2059,-11.1410,7.7420,1.1675
20.579,raw,2075,-15.0207,9.2667,0.9807
20.579,raw,2091,-14.4772,8.0481,1.0292
20.579,raw,2107,-14.4989,0.0990,1.4684
20.579,raw,2123,-14.2249,-0.5783,1.4740
20.579,raw,2138,-8.1446,-0.6361,1.6078
20.579,raw,2154,-8.3203,-1.0656,1.6028
20.579,raw,2170,-13.3964,-2.4460,1.4873
20.579,raw,2186,-13.1052,-3.0463,1.4908
20.579,raw,2202,-12.8692,-3.6487,1.4925
20.579,raw,2218,-12.6195,-4.2406,1.4939
20.579,raw,2233,-12.1920,-4.7164,1.4992
20.579,raw,2249,-11.9394,-5.2900,1.4995
20.579,raw,2265,-11.6823,-5.8613,1.4993
20.579,raw,2281,-11.4894,-6.4707,1.4968
20.579,raw,2297,-11.1554,-7.0068,1.4972
20.579,raw,2313,-10.8658,-7.5728,1.4958
20.579,raw,2328,-10.5420,-8.0727,1.4952
20.579,raw,2344,-10.2613,-8.6639,1.4920
20.579,raw,2360,-9.9153,-9.2158,1.4898
20.579,raw,2376,-9.7289,-9.9400,1.4819
20.579,raw,2392,-9.3348,-10.4902,1.4792
20.579,raw,2408,-9.0704,-11.2142,1.4710
20.579,raw,2424,-8.6257,-11.7607,1.4678
20.579,raw,2439,-8.3840,-12.5473,1.4569
20.579,raw,2455,-7.9122,-13.1384,1.4518
20.579,raw,2471,-4.3208,-8.3046,1.5841
20.579,raw,2487,-7.1109,-14.7553,1.4296
20.579,raw,2503,-8.5256,-19.7370,1.3169
20.579,raw,2519,-8.0079,-21.1530,1.2927
20.579,raw,2534,-7.5819,-22.9326,1.2592
20.579,raw,2550,-6.9387,-24.7106,1.2263
20.579,raw,2566,-6.1842,-26.6193,1.1901
20.579,raw,2582,-5.0127,-27.2369,1.1825
20.579,raw,2598,-3.8031,-27.8336,1.1742
20.579,raw,2614,-2.5622,-28.4871,1.1634
20.579,raw,2629,-1.3654,-29.2511,1.1489
20.579,raw,2645,-0.0244,-30.1137,1.1311
20.579,raw,2661,1.3832,-30.6000,1.1202
20.579,raw,2677,2.8430,-31.1379,1.1067
20.579,raw,2693,4.3973,-31.9651,1.0852
20.579,raw,2709,6.0750,-32.9685,1.0580
20.579,raw,2725,4.7359,-0.7011,1.7050
20.579,raw,2740,4.6061,-0.4912,1.7087
20.579,raw,2756,4.4514,-0.2809,1.7127
20.579,raw,2772,4.3547,-0.0914,1.7153
20.579,raw,2788,4.2121,0.0893,1.7186
20.579,raw,2804,4.2685,0.2599,1.7174
20.579,raw,2820,4.5897,0.4528,1.7101
20.579,raw,2835,4.8985,0.6625,1.7029
20.579,raw,2851,25.5729,11.7319,1.1914
20.579,raw,2867,-23.1362,22.3478,1.0847
20.579,raw,2883,-21.9170,19.3480,1.1489
20.579,raw,2899,-20.6145,16.6182,1.2092
20.579,raw,2915,-20.4999,15.0310,1.2321
20.579,raw,2931,-11.2468,7.7148,1.4917
20.579,raw,2946,-18.7435,11.3655,1.3085
20.579,raw,2962,-18.5306,10.1007,1.3260
20.579,raw,2978,-17.9662,8.7515,1.3503
20.579,raw,2994,-17.4370,7.5237,1.3719
20.579,raw,3010,-17.3106,6.5323,1.3823
20.579,raw,3026,-16.8595,5.4853,1.3990
20.579,raw,3041,-16.4548,4.5720,1.4130
20.579,raw,3057,-16.0543,3.6645,1.4262
20.579,raw,3073,-15.7033,2.8189,1.4372
20.579,raw,3089,-15.3512,2.0177,1.4473
20.579,raw,3105,-15.0153,1.2582,1.4562
20.579,raw,3121,-14.6922,0.5347,1.4641
20.579,raw,3136,-18.2313,-0.1940,1.8254
20.579,raw,3152,-34.0482,-2.1139,1.8469
20.579,raw,3168,-31.8459,-3.4679,1.8441
20.579,raw,3184,-32.1254,-5.0294,1.8448
20.579,raw,3200,-31.2251,-6.3951,1.8439
20.579,raw,3216,-30.3819,-7.7181,1.8432
20.579,raw,3232,-29.5056,-8.9840,1.8425
20.579,raw,3247,-28.7722,-10.1603,1.8421
20.579,raw,3263,-14.8895,-6.0654,1.8225
20.579,raw,3279,-27.1789,-12.5687,1.8413
20.579,raw,3295,-15.5029,-8.1036,1.8245
20.579,raw,3311,-25.6458,-14.9186,1.8409
20.579,raw,3327,-24.8842,-16.0807,1.8409
20.579,raw,3342,-24.1357,-17.1442,1.8408
20.579,raw,3358,-23.2831,-18.2369,1.8408
20.579,raw,3374,-22.4658,-19.3589,1.8409
20.579,raw,3390,-21.6184,-20.4659,1.8410
20.579,raw,3406,-20.7749,-21.5947,1.8413
20.579,raw,3422,-19.9608,-22.7867,1.8417
20.579,raw,3438,-19.1457,-24.0280,1.8423
20.579,raw,3453,-18.3457,-25.2063,1.8429
20.579,raw,3469,-17.4722,-26.5132,1.8436
20.579,raw,3485,-16.5451,-27.8375,1.8445
20.579,raw,3501,-15.6138,-29.2782,1.8455
20.579,raw,3517,-14.6233,-30.7686,1.8467
20.579,raw,3533,4.7833,-0.7624,1.8059
20.579,raw,3548,4.6403,-0.5457,1.8057
20.579,raw,3564,4.5053,-0.3339,1.8054
20.579,raw,3580,4.3754,-0.1375,1.8052
20.579,raw,3596,4.2562,0.0451,1.8051
20.579,raw,3612,4.1894,0.2163,1.8050
20.579,raw,3628,4.4861,0.4005,1.8054
20.579,raw,3643,4.7896,0.6013,1.8058
20.579,raw,3659,-17.0171,0.3346,1.8238
20.579,raw,3675,-16.5572,-0.4051,2.2235
20.579,raw,3691,-16.3164,-1.1740,2.2187
20.579,raw,3707,-15.9685,-1.9127,2.2120
20.579,raw,3723,-15.5334,-2.8511,2.2050
20.579,raw,3739,-15.3430,-3.5782,2.2042
20.579,raw,3754,-15.1467,-4.2533,2.2037
20.579,raw,3770,-17.5607,-6.1398,2.2748
20.579,raw,3786,-15.0060,-6.6924,2.2210
20.579,raw,3802,-25.8783,-14.4516,2.5482
20.579,raw,3818,4.7890,-0.7895,1.9084
20.579,raw,3834,4.6385,-0.5575,1.9036
20.579,raw,3849,4.5243,-0.3598,1.9000
20.579,raw,3865,4.3774,-0.1600,1.8959
20.579,raw,3881,4.2839,0.0223,1.8932
20.579,raw,3897,4.1581,0.1952,1.8900
20.579,raw,3913,4.4546,0.3762,1.8975
20.579,raw,3929,4.7942,0.5894,1.9062
20.579,raw,3944,5.1532,0.8249,1.9157
20.579,raw,3960,-31.8716,-3.4708,3.3725
20.579,raw,3976,-26.1958,-13.7364,3.2534
20.579,raw,3992,-19.9755,-24.0368,3.3308
20.579,raw,4008,4.7134,-0.6712,2.0063
20.579,raw,4024,4.5752,-0.4501,1.9978
20.579,raw,4040,4.4450,-0.2458,1.9902
20.579,raw,4055,4.3053,-0.0659,1.9828
20.579,raw,4071,4.2072,0.1106,1.9776
20.579,raw,4087,4.3046,0.2822,1.9823
20.579,raw,4103,4.5991,0.4770,1.9970
20.579,raw,4119,4.9759,0.7097,2.0161
20.579,raw,4135,-18.4525,-3.0665,3.1813
20.579,raw,4150,-13.9414,-8.0496,2.9944
20.579,raw,4166,4.6700,-0.6003,2.1027
20.579,raw,4182,4.5239,-0.3832,2.0898
20.579,raw,4198,4.3995,-0.1845,2.0792
20.579,raw,4214,4.2799,0.0009,2.0697
20.579,raw,4230,4.1593,0.1743,2.0607
20.579,raw,4246,4.3976,0.3513,2.0780
20.579,raw,4261,4.7019,0.5445,2.1007
20.579,raw,4277,5.0742,0.7875,2.1291
20.579,raw,4293,-19.5074,-0.5085,3.7107
20.579,raw,4309,-19.2389,-1.4112,3.6901
20.579,raw,4325,-15.9826,-1.9145,3.3863
20.579,raw,4341,-18.4529,-3.2353,3.6383
20.579,raw,4356,-18.2109,-4.0329,3.6308
20.579,raw,4372,-17.9498,-4.8769,3.6261
20.579,raw,4388,-17.6783,-5.7147,3.6242
20.579,raw,4404,-17.3862,-6.8998,3.6363
20.579,raw,4420,-16.9944,-8.1844,3.6511
20.579,raw,4436,-11.3541,-8.3640,3.1955
20.579,raw,4451,4.6757,-0.6014,2.2028
20.579,raw,4467,4.5397,-0.3855,2.1866
20.579,raw,4483,4.3870,-0.1832,2.1699
20.579,raw,4499,4.2670,0.0015,2.1571
20.579,raw,4515,4.1741,0.1743,2.1478
20.579,raw,4531,4.3956,0.3512,2.1692
20.579,raw,4547,4.7388,0.5598,2.2032
20.579,raw,4562,-16.5974,0.0859,3.8378
20.579,raw,4578,-16.3363,-0.6887,3.8094
20.579,raw,4594,-16.1030,-1.4457,3.7885
20.579,raw,4610,-15.6595,-2.1575,3.7463
20.579,raw,4626,-15.4413,-2.8812,3.7350
20.579,raw,4642,-15.2139,-3.5953,3.7266
20.579,raw,4657,-15.0139,-4.2639,3.7239
20.579,raw,4673,-14.7821,-4.9700,3.7225
20.579,raw,4689,-14.5830,-5.8400,3.7361
20.579,raw,4705,-14.3669,-6.5633,3.7461
20.579,raw,4721,-14.1314,-7.2872,3.7583
20.579,raw,4737,-13.9002,-8.0261,3.7759
22.003,raw,0,4.8331,-0.8193,0.9698
22.003,raw,15,4.6869,-0.5983,1.0053
22.003,raw,31,4.5400,-0.3815,1.0393
22.003,raw,46,4.4249,-0.1952,1.0649
22.003,raw,62,4.3001,-0.0090,1.0909
22.003,raw,77,4.2054,0.1542,1.1096
22.003,raw,93,4.4062,0.3306,1.0714
22.003,raw,108,4.7146,0.5231,1.0113
22.003,raw,124,5.1038,0.7671,0.9336
22.003,raw,140,4.7155,-0.6410,1.1014
22.003,raw,155,4.5812,-0.4348,1.1289
22.003,raw,171,4.4491,-0.2316,1.1547
22.003,raw,186,4.3361,-0.0547,1.1756
22.003,raw,202,4.2154,0.1224,1.1965
22.003,raw,217,4.3468,0.2845,1.1748
22.003,raw,233,4.6384,0.4813,1.1255
22.003,raw,248,4.9892,0.7005,1.0648
22.003,raw,264,-5.3419,-6.4509,0.5584
22.003,raw,280,-5.0893,-6.7869,0.5453
22.003,raw,295,-4.8544,-7.1187,0.5287
22.003,raw,311,-4.5842,-7.4652,0.5107
22.003,raw,326,4.7742,-0.7288,1.1929
22.003,raw,342,4.6261,-0.5019,1.2192
22.003,raw,357,4.4986,-0.3061,1.2409
22.003,raw,373,4.3587,-0.1113,1.2631
22.003,raw,388,4.2657,0.0572,1.2774
22.003,raw,404,4.2524,0.2286,1.2795
22.003,raw,420,4.5458,0.4167,1.2375
22.003,raw,435,4.8510,0.6217,1.1926
22.003,raw,451,-5.9406,-6.9183,0.6825
22.003,raw,466,-5.7140,-7.2932,0.6670
22.003,raw,482,-5.4485,-7.6841,0.6507
22.003,raw,497,-5.1813,-8.0463,0.6349
22.003,raw,513,-4.5760,-7.9492,0.6832
22.003,raw,528,-4.1425,-8.0247,0.7015
22.003,raw,544,-4.2826,-9.2543,0.5680
22.003,raw,560,-3.9130,-9.6187,0.5485
22.003,raw,575,-3.5548,-9.9712,0.5272
22.003,raw,591,4.8100,-0.8010,1.2902
22.003,raw,606,4.6762,-0.5840,1.3106
22.003,raw,622,4.5387,-0.3696,1.3303
22.003,raw,637,4.4298,-0.1844,1.3454
22.003,raw,653,4.2989,0.0019,1.3621
22.003,raw,668,4.2000,0.1647,1.3741
22.003,raw,684,4.4216,0.3424,1.3480
22.003,raw,700,4.7601,0.5513,1.3071
22.003,raw,715,5.1078,0.7810,1.2641
22.003,raw,731,-6.4543,-7.8448,0.8144
22.003,raw,746,-6.1905,-8.2499,0.8012
22.003,raw,762,-5.9039,-8.6995,0.7841
22.003,raw,777,-5.5922,-9.0855,0.7712
22.003,raw,793,-4.2732,-7.8728,0.9313
22.003,raw,808,-4.9289,-9.9384,0.7350
22.003,raw,824,-4.5542,-10.3789,0.7144
22.003,raw,840,-4.1587,-10.8256,0.6919
22.003,raw,855,-3.7714,-11.2609,0.6678
22.003,raw,871,-3.4335,-12.0403,0.6101
22.003,raw,886,-3.0412,-12.6979,0.5622
22.003,raw,902,4.8178,-0.7898,1.3935
22.003,raw,917,4.6796,-0.5723,1.4101
22.003,raw,933,4.5342,-0.3572,1.4265
22.003,raw,948,4.3986,-0.1702,1.4410
22.003,raw,964,4.2753,0.0138,1.4535
22.003,raw,980,4.1845,0.1858,1.4623
22.003,raw,995,4.4431,0.3545,1.4380
22.003,raw,1011,4.7750,0.5648,1.4060
22.003,raw,1026,5.1425,0.7990,1.3698
22.003,raw,1042,-7.5735,-8.0672,1.0016
22.003,raw,1057,-7.2817,-8.4883,0.9942
22.003,raw,1073,-6.9611,-8.9436,0.9848
22.003,raw,1088,-6.6510,-9.3784,0.9745
22.003,raw,1104,-6.3368,-9.8937,0.9582
22.003,raw,1120,-4.4296,-7.8696,1.1471
22.003,raw,1135,-4.0571,-8.0390,1.1500
22.003,raw,1151,-5.2149,-11.3239,0.9122
22.003,raw,1166,-4.8427,-11.8498,0.8904
22.003,raw,1182,-4.4074,-12.3990,0.8670
22.003,raw,1197,-4.0527,-13.1591,0.8263
22.003,raw,1213,-3.6708,-14.1618,0.7683
22.003,raw,1228,-3.2424,-15.1141,0.7125
22.003,raw,1244,-2.7137,-16.1699,0.6493
22.003,raw,1260,-2.1736,-17.7236,0.5501
22.003,raw,1275,4.7423,-0.6715,1.5038
22.003,raw,1291,4.5989,-0.4495,1.5163
22.003,raw,1306,4.4828,-0.2582,1.5260
22.003,raw,1322,4.3339,-0.0655,1.5374
22.003,raw,1337,4.2395,0.1007,1.5444
22.003,raw,1353,4.3304,0.2731,1.5381
22.003,raw,1368,4.5970,0.4549,1.5192
22.003,raw,1384,4.9594,0.6842,1.4928
22.003,raw,1400,-10.2370,-5.2392,1.2510
22.003,raw,1415,-10.0715,-5.7422,1.2469
22.003,raw,1431,-9.8470,-6.2604,1.2438
22.003,raw,1446,-9.5870,-6.7207,1.2423
22.003,raw,1462,-9.3486,-7.2462,1.2372
22.003,raw,1477,-9.0996,-7.7314,1.2324
22.003,raw,1493,-8.8026,-8.2356,1.2277
22.003,raw,1508,-8.5313,-8.7288,1.2213
22.003,raw,1524,-8.2195,-9.2521,1.2141
22.003,raw,1540,-7.8817,-9.7692,1.2067
22.003,raw,1555,-7.5505,-10.2591,1.1988
22.003,raw,1571,-7.1970,-10.8120,1.1881
22.003,raw,1586,-6.8535,-11.3499,1.1765
22.003,raw,1602,-4.1303,-7.8952,1.3753
22.003,raw,1617,-6.0498,-12.4448,1.1517
22.003,raw,1633,-5.6425,-13.1223,1.1323
22.003,raw,1649,-5.1485,-13.6956,1.1173
22.003,raw,1664,-4.8395,-14.7455,1.0778
22.003,raw,1680,-4.4184,-15.8536,1.0360
22.003,raw,1695,-4.1422,-17.6516,0.9608
22.003,raw,1711,-4.4384,-23.0923,0.7167
22.003,raw,1726,-3.6292,-24.4601,0.6624
22.003,raw,1742,-2.5459,-25.0678,0.6422
22.003,raw,1757,-1.4903,-25.6309,0.6214
22.003,raw,1773,-0.3134,-26.0647,0.6047
22.003,raw,1789,0.9019,-26.6387,0.5791
22.003,raw,1804,2.0917,-27.1999,0.5516
22.003,raw,1820,3.4268,-27.8545,0.5171
22.003,raw,1835,4.7656,-0.7142,1.6032
22.003,raw,1851,4.6075,-0.4868,1.6122
22.003,raw,1866,4.4958,-0.2942,1.6185
22.003,raw,1882,4.3845,-0.1021,1.6244
22.003,raw,1897,4.2567,0.0682,1.6306
22.003,raw,1913,4.2534,0.2393,1.6308
22.003,raw,1929,4.5493,0.4285,1.6170
22.003,raw,1944,4.8844,0.6378,1.6010
22.003,raw,1960,23.0292,10.1587,0.6801
22.003,raw,1975,-18.4723,19.8057,0.5565
22.003,raw,1991,-17.7103,17.3631,0.6593
22.003,raw,2006,-17.2884,15.5719,0.7282
22.003,raw,2022,-16.6142,13.6648,0.8071
22.003,raw,2037,-16.0847,12.1265,0.8684
22.003,raw,2053,-11.1005,7.7591,1.1680
22.003,raw,2069,-15.0002,9.3093,0.9799
22.003,raw,2084,-14.6622,8.2506,1.0168
22.003,raw,2100,-14.5755,0.1737,1.4665
22.003,raw,2115,-14.2792,-0.4654,1.4727
22.003,raw,2131,-8.1751,-0.6006,1.6070
22.003,raw,2146,-8.1695,-0.9802,1.6062
22.003,raw,2162,-13.4491,-2.3451,1.4864
22.003,raw,2177,-13.1759,-2.9114,1.4898
22.003,raw,2193,-12.9130,-3.5094,1.4922
22.003,raw,2209,-12.6354,-4.0935,1.4944
22.003,raw,2224,-12.2197,-4.5755,1.4995
22.003,raw,2240,-11.9689,-5.1491,1.5000
22.003,raw,2255,-11.7395,-5.6889,1.4997
22.003,raw,2271,-11.5247,-6.2836,1.4980
22.003,raw,2286,-11.2260,-6.7923,1.4982
22.003,raw,2302,-10.9389,-7.3560,1.4970
22.003,raw,2317,-10.6853,-7.9027,1.4948
22.003,raw,2333,-10.3365,-8.4377,1.4938
22.003,raw,2349,-10.0838,-9.0635,1.4892
22.003,raw,2364,-9.7427,-9.5766,1.4872
22.003,raw,2380,-9.4474,-10.2098,1.4820
22.003,raw,2395,-9.0347,-10.6812,1.4805
22.003,raw,2411,-8.7702,-11.4151,1.4718
22.003,raw,2426,-8.3331,-11.9029,1.4692
22.003,raw,2442,-8.0449,-12.7140,1.4581
22.003,raw,2457,-7.6081,-13.2820,1.4527
22.003,raw,2473,-7.3059,-14.2408,1.4377
22.003,raw,2489,-6.7877,-14.9016,1.4299
22.003,raw,2504,-8.2446,-20.0816,1.3126
22.003,raw,2520,-7.7138,-21.5437,1.2871
22.003,raw,2535,-7.2572,-23.3514,1.2529
22.003,raw,2551,-6.5790,-25.1514,1.2193
22.003,raw,2566,-5.7619,-26.6327,1.1921
22.003,raw,2582,-4.5823,-27.2144,1.1849
22.003,raw,2597,-3.4526,-27.8017,1.1762
22.003,raw,2613,-2.2179,-28.5399,1.1632
22.003,raw,2629,-0.9305,-29.3606,1.1472
22.003,raw,2644,0.3396,-30.1028,1.1316
22.003,raw,2660,1.7494,-30.5164,1.1220
22.003,raw,2675,3.1327,-31.1756,1.1056
22.003,raw,2691,4.6920,-31.9544,1.0849
22.003,raw,2706,6.2983,-33.0431,1.0558
22.003,raw,2722,4.7749,-0.7162,1.7044
22.003,raw,2737,4.6089,-0.4991,1.7089
22.003,raw,2753,4.4812,-0.2925,1.7123
22.003,raw,2769,4.3667,-0.1008,1.7152
22.003,raw,2784,4.2550,0.0682,1.7179
22.003,raw,2800,4.2637,0.2394,1.7177
22.003,raw,2815,4.5425,0.4166,1.7115
22.003,raw,2831,4.8756,0.6368,1.7037
22.003,raw,2846,24.7684,11.1810,1.2128
22.003,raw,2862,-23.2981,22.2394,1.0834
22.003,raw,2877,-22.0432,19.3393,1.1465
22.003,raw,2893,-20.9825,16.8003,1.2000
22.003,raw,2909,-20.8704,15.1950,1.2230
22.003,raw,2924,-11.2319,7.7009,1.4918
22.003,raw,2940,-18.9205,11.3874,1.3045
22.003,raw,2955,-18.7010,10.1826,1.3215
22.003,raw,2971,-18.1380,8.8238,1.3459
22.003,raw,2986,-17.6332,7.6572,1.3664
22.003,raw,3002,-17.0895,6.5027,1.3868
22.003,raw,3017,-17.0423,5.6429,1.3938
22.003,raw,3033,-16.5787,4.6475,1.4097
22.003,raw,3049,-16.1718,3.7298,1.4231
22.003,raw,3064,-15.8163,2.9237,1.4341
22.003,raw,3080,-15.4422,2.1108,1.4448
22.003,raw,3095,-15.1305,1.3910,1.4532
22.003,raw,3111,-14.7862,0.6575,1.4617
22.003,raw,3126,-34.8534,-0.1445,1.8479
22.003,raw,3142,-33.9037,-1.7216,1.8467
22.003,raw,3158,-31.7446,-3.0962,1.8440
22.003,raw,3173,-31.9907,-4.5452,1.8445
22.003,raw,3189,-15.7608,-2.9569,1.8225
22.003,raw,3204,-30.2610,-7.1404,1.8429
22.003,raw,3220,-29.4124,-8.4110,1.8422
22.003,raw,3235,-28.6563,-9.5743,1.8417
22.003,raw,3251,-27.8391,-10.7757,1.8412
22.003,raw,3266,-27.0198,-11.8486,1.8407
22.003,raw,3282,-26.1864,-12.9791,1.8404
22.003,raw,3298,-25.3231,-14.0670,1.8400
22.003,raw,3313,-24.5365,-15.0781,1.8398
22.003,raw,3329,-23.7105,-16.1488,1.8396
22.003,raw,3344,-22.9394,-17.1458,1.8395
22.003,raw,3360,-22.1191,-18.2078,1.8395
22.003,raw,3375,-21.3968,-19.2482,1.8397
22.003,raw,3391,-20.5921,-20.3446,1.8399
22.003,raw,3406,-19.8588,-21.4176,1.8402
22.003,raw,3422,-19.0570,-22.5796,1.8407
22.003,raw,3438,-18.2418,-23.7780,1.8412
22.003,raw,3453,-17.4353,-24.9054,1.8418
22.003,raw,3469,-16.5760,-26.1876,1.8426
22.003,raw,3484,-15.7287,-27.4188,1.8434
22.003,raw,3500,-14.7848,-28.7845,1.8444
22.003,raw,3515,-13.8631,-30.1361,1.8455
22.003,raw,3531,-12.8246,-31.6490,1.8468
22.003,raw,3546,4.7802,-0.7556,1.8059
22.003,raw,3562,4.6168,-0.5245,1.8056
22.003,raw,3578,4.5003,-0.3179,1.8054
22.003,raw,3593,4.3732,-0.1346,1.8052
22.003,raw,3609,4.2726,0.0462,1.8051
22.003,raw,3624,4.2152,0.2070,1.8050
22.003,raw,3640,4.4902,0.3907,1.8054
22.003,raw,3655,4.8034,0.5921,1.8058
22.003,raw,3671,-16.8436,0.8212,1.8236
22.003,raw,3686,-16.5672,-0.3194,2.2240
22.003,raw,3702,-16.3489,-1.0918,2.2196
22.003,raw,3718,-16.0970,-1.8454,2.2152
22.003,raw,3733,-15.5655,-2.7277,2.2055
22.003,raw,3749,-15.3815,-3.4573,2.2046
22.003,raw,3764,-15.1657,-4.1279,2.2035
22.003,raw,3780,-15.2926,-4.9563,2.2124
22.003,raw,3795,-26.1569,-13.7361,2.5460
22.003,raw,3811,-19.8647,-24.2187,2.5882
22.003,raw,3826,4.7312,-0.6818,1.9061
22.003,raw,3842,4.5996,-0.4615,1.9019
22.003,raw,3858,4.4536,-0.2549,1.8977
22.003,raw,3873,4.3505,-0.0776,1.8947
22.003,raw,3889,4.2279,0.1009,1.8915
22.003,raw,3904,4.2851,0.2613,1.8929
22.003,raw,3920,4.5833,0.4540,1.9005
22.003,raw,3935,4.9230,0.6673,1.9093
22.003,raw,3951,-16.7674,0.4203,2.2288
22.003,raw,3966,-15.9638,-1.9255,2.6023
22.003,raw,3982,-25.9612,-14.2207,3.2546
22.003,raw,3998,-19.6996,-24.5946,3.3430
22.003,raw,4013,4.6963,-0.6124,2.0043
22.003,raw,4029,4.5566,-0.3956,1.9959
22.003,raw,4044,4.4254,-0.2065,1.9885
22.003,raw,4060,4.3133,-0.0206,1.9824
22.003,raw,4075,4.1965,0.1437,1.9765
22.003,raw,4091,4.3788,0.3185,1.9854
22.003,raw,4106,4.6733,0.5078,2.0001
22.003,raw,4122,5.0535,0.7475,2.0195
22.003,raw,4138,-14.8183,-4.9490,2.9614
22.003,raw,4153,-11.3730,-8.4503,2.8552
22.003,raw,4169,4.6721,-0.5955,2.1019
22.003,raw,4184,4.5455,-0.3940,2.0905
22.003,raw,4200,4.4302,-0.1957,2.0806
22.003,raw,4215,4.2973,-0.0197,2.0702
22.003,raw,4231,4.1989,0.1542,2.0627
22.003,raw,4246,4.3772,0.3184,2.0757
22.003,raw,4262,4.6783,0.5202,2.0981
22.003,raw,4278,5.0748,0.7634,2.1282
22.003,raw,4293,-19.5586,-0.3495,3.7162
22.003,raw,4309,-19.2795,-1.2559,3.6939
22.003,raw,4324,-19.0288,-2.0889,3.6775
22.003,raw,4340,-18.4619,-3.0262,3.6366
22.003,raw,4355,-18.2425,-3.8286,3.6304
22.003,raw,4371,-18.0054,-4.6791,3.6272
22.003,raw,4386,-17.7486,-5.4645,3.6242
22.003,raw,4402,-17.2041,-7.3814,3.6384
22.003,raw,4418,-11.2666,-8.5294,3.1984
22.003,raw,4433,4.2794,0.0028,2.1571
22.003,raw,4449,4.1539,0.1754,2.1448
22.003,raw,4464,-17.7883,0.5923,3.5472
22.003,raw,4480,-16.4795,-0.1700,3.8255
22.003,raw,4495,-16.2710,-0.8917,3.8044
22.003,raw,4511,-16.0342,-1.6446,3.7841
22.003,raw,4526,-15.6041,-2.3054,3.7436
22.003,raw,4542,-15.3723,-3.0246,3.7314
22.003,raw,4558,-15.1523,-3.7387,3.7246
22.003,raw,4573,-14.9567,-4.4077,3.7231
22.003,raw,4589,-14.7716,-5.2287,3.7323
22.003,raw,4604,-14.5591,-5.8976,3.7368
22.003,raw,4620,-14.3158,-6.6090,3.7437
22.003,raw,4635,-14.1213,-7.3001,3.7586
22.003,raw,4651,-13.8735,-8.0298,3.7739
23.062,raw,0,4.8109,-0.8224,0.9729
23.062,raw,15,4.6766,-0.6045,1.0061
23.062,raw,30,4.5726,-0.4059,1.0315
23.062,raw,45,4.4262,-0.2144,1.0632
23.062,raw,60,4.3241,-0.0396,1.0849
23.062,raw,75,4.2159,0.1256,1.1064
23.062,raw,90,4.3580,0.2888,1.0794
23.062,raw,105,4.6391,0.4749,1.0247
23.062,raw,120,4.9868,0.6943,0.9557
23.062,raw,135,4.7743,-0.7243,1.0884
23.062,raw,150,4.6361,-0.5117,1.1172
23.062,raw,165,4.4886,-0.3128,1.1458
23.062,raw,180,4.3918,-0.1326,1.1646
23.062,raw,195,4.2875,0.0382,1.1833
23.062,raw,210,4.2132,0.1998,1.1958
23.062,raw,225,4.4986,0.3730,1.1482
23.062,raw,240,4.8153,0.5746,1.0940
23.062,raw,255,5.1503,0.8078,1.0351
23.062,raw,270,-5.2412,-6.5778,0.5559
23.062,raw,285,-5.0191,-6.9151,0.5390
23.062,raw,300,-4.7702,-7.2342,0.5241
23.062,raw,315,-4.5132,-7.6076,0.5012
23.062,raw,330,4.7111,-0.6484,1.2032
23.062,raw,345,4.5934,-0.4447,1.2243
23.062,raw,360,4.4642,-0.2525,1.2457
23.062,raw,376,4.3269,-0.0617,1.2672
23.062,raw,391,4.2341,0.1041,1.2811
23.062,raw,406,4.3081,0.2656,1.2707
23.062,raw,421,4.5984,0.4484,1.2289
23.062,raw,436,4.9489,0.6641,1.1773
23.062,raw,451,-5.8926,-6.9578,0.6842
23.062,raw,466,-5.6639,-7.3306,0.6687
23.062,raw,481,-5.4290,-7.7154,0.6505
23.062,raw,496,-5.1620,-8.0790,0.6344
23.062,raw,511,-4.5746,-7.9561,0.6839
23.062,raw,526,-4.1297,-8.0109,0.7050
23.062,raw,541,-4.3104,-9.2514,0.5681
23.062,raw,556,-3.9702,-9.6046,0.5485
23.062,raw,571,-3.6210,-9.9764,0.5250
23.062,raw,586,4.8169,-0.7850,1.2893
23.062,raw,601,4.6509,-0.5629,1.3133
23.062,raw,616,4.5416,-0.3662,1.3294
23.062,raw,631,4.3998,-0.1781,1.3482
23.062,raw,646,4.3041,-0.0058,1.3607
23.062,raw,661,4.1794,0.1576,1.3757
23.062,raw,676,4.3999,0.3235,1.3498
23.062,raw,691,4.6974,0.5153,1.3139
23.062,raw,706,5.0603,0.7425,1.2692
23.062,raw,721,-6.4766,-7.7426,0.8212
23.062,raw,736,-6.2061,-8.1324,0.8098
23.062,raw,752,-5.9636,-8.6319,0.7870
23.062,raw,767,-5.6426,-8.9996,0.7763
23.062,raw,782,-4.4146,-7.9061,0.9229
23.062,raw,797,-4.0624,-8.1128,0.9228
23.062,raw,812,-4.6530,-10.2107,0.7254
23.062,raw,827,-4.3338,-10.7229,0.6952
23.062,raw,842,-3.9249,-11.0873,0.6787
23.062,raw,857,-3.5756,-11.6734,0.6391
23.062,raw,872,-3.2459,-12.4574,0.5794
23.062,raw,887,-2.8730,-13.3014,0.5132
23.062,raw,902,4.7279,-0.6642,1.4037
23.062,raw,917,4.5883,-0.4558,1.4198
23.062,raw,932,4.4629,-0.2638,1.4336
23.062,raw,947,4.3599,-0.0858,1.4446
23.062,raw,962,4.2499,0.0824,1.4555
23.062,raw,977,4.2666,0.2431,1.4540
23.062,raw,992,4.5500,0.4220,1.4271
23.062,raw,1007,4.8903,0.6323,1.3941
23.062,raw,1022,-7.7136,-7.7074,1.0129
23.062,raw,1037,-7.4374,-8.1296,1.0058
23.062,raw,1052,-7.1583,-8.5632,0.9968
23.062,raw,1067,-6.8822,-9.0200,0.9850
23.062,raw,1082,-6.5914,-9.4834,0.9719
23.062,raw,1097,-6.2705,-9.9328,0.9593
23.062,raw,1112,-4.4043,-7.8892,1.1476
23.062,raw,1128,-4.0476,-8.1425,1.1449
23.062,raw,1143,-5.1983,-11.3861,0.9096
23.062,raw,1158,-4.8247,-11.9158,0.8875
23.062,raw,1173,-4.4265,-12.4612,0.8633
23.062,raw,1188,-4.0631,-13.2043,0.8238
23.062,raw,1203,-3.7141,-14.1738,0.7674
23.062,raw,1218,-3.2789,-15.0934,0.7141
23.062,raw,1233,-2.7975,-16.1260,0.6519
23.062,raw,1248,-2.2975,-17.5424,0.5619
23.062,raw,1263,4.7354,-0.6908,1.5037
23.062,raw,1278,4.6143,-0.4839,1.5145
23.062,raw,1293,4.4777,-0.2884,1.5257
23.062,raw,1308,4.3678,-0.1085,1.5344
23.062,raw,1323,4.2418,0.0612,1.5437
23.062,raw,1338,4.2275,0.2211,1.5448
23.062,raw,1353,4.5175,0.3970,1.5244
23.062,raw,1368,4.8628,0.6042,1.4995
23.062,raw,1383,-10.2843,-5.0450,1.2535
23.062,raw,1398,-10.0595,-5.5117,1.2529
23.062,raw,1413,-9.8237,-5.9742,1.2519
23.062,raw,1428,-9.6720,-6.4951,1.2452
23.062,raw,1443,-9.4522,-6.9840,1.2409
23.062,raw,1458,-9.2063,-7.4640,1.2368
23.062,raw,1473,-8.9402,-7.9383,1.2324
23.062,raw,1488,-8.6813,-8.4320,1.2262
23.062,raw,1504,-8.3584,-8.9309,1.2209
23.062,raw,1519,-8.0409,-9.3985,1.2152
23.062,raw,1534,-7.7300,-9.8926,1.2073
23.062,raw,1549,-7.4044,-10.3939,1.1985
23.062,raw,1564,-7.0827,-10.9319,1.1872
23.062,raw,1579,-6.7368,-11.4739,1.1751
23.062,raw,1594,-4.0811,-7.9799,1.3736
23.062,raw,1609,-5.9729,-12.5787,1.1484
23.062,raw,1624,-5.5873,-13.2197,1.1298
23.062,raw,1639,-5.1330,-13.7879,1.1142
23.062,raw,1654,-4.8182,-14.8393,1.0746
23.062,raw,1669,-4.4322,-15.9188,1.0335
23.062,raw,1684,-4.1892,-17.8571,0.9517
23.062,raw,1699,-4.5030,-23.1109,0.7157
23.062,raw,1714,-3.7007,-24.5080,0.6602
23.062,raw,1729,-2.6925,-25.1349,0.6388
23.062,raw,1744,-1.6376,-25.7147,0.6175
23.062,raw,1759,-0.5341,-26.1399,0.6013
23.062,raw,1774,0.6025,-26.6960,0.5770
23.062,raw,1789,1.7881,-27.2707,0.5495
23.062,raw,1804,3.0334,-27.9037,0.5170
23.062,raw,1819,4.7966,-0.7419,1.6014
23.062,raw,1834,4.6276,-0.5224,1.6108
23.062,raw,1849,4.5133,-0.3274,1.6173
23.062,raw,1864,4.3606,-0.1412,1.6251
23.062,raw,1880,4.2839,0.0383,1.6290
23.062,raw,1895,4.2098,0.1997,1.6325
23.062,raw,1910,4.4936,0.3728,1.6194
23.062,raw,1925,4.8018,0.5734,1.6047
23.062,raw,1940,5.1676,0.8102,1.5869
23.062,raw,1955,-18.3100,20.5146,0.5381
23.062,raw,1970,-17.7323,18.2606,0.6301
23.062,raw,1985,-17.1207,16.2083,0.7146
23.062,raw,2000,-16.4795,14.3369,0.7926
23.062,raw,2015,-15.9821,12.7583,0.8551
23.062,raw,2030,-15.4943,11.3285,0.9113
23.062,raw,2045,-11.2623,7.6494,1.1645
23.062,raw,2060,-14.7515,8.9616,0.9977
23.062,raw,2075,-14.2567,7.8488,1.0417
23.062,raw,2090,-14.1928,0.0713,1.4751
23.062,raw,2105,-13.8903,-0.5489,1.4814
23.062,raw,2120,-8.1521,-0.6376,1.6076
23.062,raw,2135,-8.1972,-1.0231,1.6056
23.062,raw,2150,-13.1607,-2.3093,1.4929
23.062,raw,2165,-12.9135,-2.8683,1.4958
23.062,raw,2180,-12.6886,-3.4228,1.4977
23.062,raw,2195,-12.4502,-3.9665,1.4993
23.062,raw,2210,-12.0450,-4.4433,1.5044
23.062,raw,2225,-11.8164,-4.9736,1.5048
23.062,raw,2240,-11.6212,-5.5188,1.5039
23.062,raw,2256,-11.4386,-6.1199,1.5016
23.062,raw,2271,-11.1515,-6.6271,1.5017
23.062,raw,2286,-10.9135,-7.1666,1.5000
23.062,raw,2301,-10.6782,-7.7176,1.4975
23.062,raw,2316,-10.3301,-8.1954,1.4974
23.062,raw,2331,-10.0892,-8.7650,1.4937
23.062,raw,2346,-9.7596,-9.2746,1.4917
23.062,raw,2361,-9.5055,-9.8722,1.4866
23.062,raw,2376,-9.1419,-10.3814,1.4841
23.062,raw,2391,-8.8857,-11.0358,1.4769
23.062,raw,2406,-8.4855,-11.5505,1.4736
23.062,raw,2421,-8.2582,-12.3360,1.4626
23.062,raw,2436,-7.8364,-12.8994,1.4575
23.062,raw,2451,-4.3077,-8.1557,1.5874
23.062,raw,2466,-7.1327,-14.4355,1.4359
23.062,raw,2481,-6.6625,-15.1062,1.4273
23.062,raw,2496,-8.1065,-20.4355,1.3069
23.062,raw,2511,-7.6081,-21.8661,1.2815
23.062,raw,2526,-7.1324,-23.6976,1.2467
23.062,raw,2541,-6.4993,-25.4756,1.2131
23.062,raw,2556,-5.6235,-26.7900,1.1897
23.062,raw,2571,-4.5174,-27.3671,1.1821
23.062,raw,2586,-3.3868,-27.9990,1.1723
23.062,raw,2601,-2.2220,-28.6988,1.1599
23.062,raw,2616,-1.0113,-29.4884,1.1445
23.062,raw,2632,0.3490,-30.3692,1.1260
23.062,raw,2647,1.6838,-30.8378,1.1152
23.062,raw,2662,3.0714,-31.4059,1.1008
23.062,raw,2677,4.5463,-32.2035,1.0800
23.062,raw,2692,6.1544,-33.2877,1.0512
23.062,raw,2707,4.7530,-0.7071,1.7048
23.062,raw,2722,4.6052,-0.4945,1.7089
23.062,raw,2737,4.4790,-0.3001,1.7122
23.062,raw,2752,4.3571,-0.1188,1.7153
23.062,raw,2767,4.2517,0.0502,1.7178
23.062,raw,2782,4.2282,0.2105,1.7184
23.062,raw,2797,4.5062,0.3849,1.7121
23.062,raw,2812,4.8156,0.5871,1.7050
23.062,raw,2827,26.5615,12.2788,1.1665
23.062,raw,2842,-22.9757,22.6640,1.0821
23.062,raw,2857,-21.5013,19.5048,1.1532
23.062,raw,2872,-20.5136,17.0900,1.2042
23.062,raw,2887,-19.4182,14.8402,1.2536
23.062,raw,2902,-11.0148,7.9182,1.4932
23.062,raw,2917,-18.5048,11.7852,1.3080
23.062,raw,2932,-18.3026,10.5757,1.3252
23.062,raw,2947,-17.7876,9.2839,1.3485
23.062,raw,2962,-17.3026,8.1032,1.3693
23.062,raw,2977,-16.8560,7.0232,1.3876
23.062,raw,2992,-16.7538,6.1359,1.3965
23.062,raw,3008,-16.3230,5.1330,1.4123
23.062,raw,3023,-15.9264,4.2545,1.4258
23.062,raw,3038,-15.6088,3.4445,1.4366
23.062,raw,3053,-15.2628,2.6712,1.4472
23.062,raw,3068,-14.9628,1.9433,1.4559
23.062,raw,3083,-14.6439,1.2469,1.4643
23.062,raw,3098,-14.3865,0.5840,1.4707
23.062,raw,3113,-18.2779,-0.0653,1.8255
23.062,raw,3128,-32.0339,-1.6462,1.8442
23.062,raw,3143,-31.1353,-2.9697,1.8431
23.062,raw,3158,-30.2912,-4.2345,1.8422
23.062,raw,3173,-17.4263,-3.1898,1.8248
23.062,raw,3188,-15.9128,-3.6465,1.8229
23.062,raw,3203,-27.9353,-7.7474,1.8400
23.062,raw,3218,-27.2002,-8.8476,1.8395
23.062,raw,3233,-16.2453,-6.0953,1.8243
23.062,raw,3248,-25.7599,-10.9649,1.8387
23.062,raw,3263,-25.0732,-12.0011,1.8384
23.062,raw,3278,-16.6994,-8.9496,1.8264
23.062,raw,3293,-23.7401,-14.0499,1.8381
23.062,raw,3308,-23.0848,-15.0701,1.8381
23.062,raw,3323,-22.4135,-16.0793,1.8381
23.062,raw,3338,-21.7450,-17.0945,1.8382
23.062,raw,3353,-21.0629,-18.1087,1.8383
23.062,raw,3368,-20.3974,-19.1541,1.8386
23.062,raw,3384,-19.6492,-20.2603,1.8389
23.062,raw,3399,-18.9766,-21.3617,1.8394
23.062,raw,3414,-18.2776,-22.4804,1.8399
23.062,raw,3429,-17.5702,-23.6470,1.8405
23.062,raw,3444,-16.8277,-24.8389,1.8412
23.062,raw,3459,-16.0772,-26.1078,1.8421
23.062,raw,3474,-15.2756,-27.4040,1.8431
23.062,raw,3489,-14.4359,-28.7628,1.8441
23.062,raw,3504,-13.5448,-30.1790,1.8453
23.062,raw,3519,-12.6157,-31.7087,1.8467
23.062,raw,3534,4.7684,-0.7485,1.8059
23.062,raw,3549,4.6455,-0.5376,1.8057
23.062,raw,3564,4.5147,-0.3392,1.8054
23.062,raw,3579,4.3975,-0.1555,1.8053
23.062,raw,3594,4.2839,0.0167,1.8051
23.062,raw,3609,4.1960,0.1786,1.8050
23.062,raw,3624,4.4675,0.3488,1.8053
23.062,raw,3639,4.7540,0.5444,1.8057
23.062,raw,3654,5.1177,0.7765,1.8063
23.062,raw,3669,-34.2565,1.9312,1.8472
23.062,raw,3684,-33.4259,0.4238,1.8460
23.062,raw,3699,-16.6866,-0.3917,2.2268
23.062,raw,3714,-17.6569,-1.2101,2.2520
23.062,raw,3729,-15.9686,-1.9444,2.2122
23.062,raw,3744,-15.1977,-4.7932,2.2087
23.062,raw,3760,-26.1285,-13.8447,2.5463
23.062,raw,3775,-19.8788,-24.1235,2.5863
23.062,raw,3790,4.7687,-0.7104,1.9073
23.062,raw,3805,4.6132,-0.4958,1.9025
23.062,raw,3820,4.4774,-0.2999,1.8985
23.062,raw,3835,4.3612,-0.1191,1.8952
23.062,raw,3850,4.2582,0.0500,1.8924
23.062,raw,3865,4.2189,0.2104,1.8914
23.062,raw,3880,4.4888,0.3839,1.8982
23.062,raw,3895,4.7943,0.5850,1.9062
23.062,raw,3910,-16.8351,0.8012,2.2306
23.062,raw,3925,-31.8737,-3.5140,3.3730
23.062,raw,3940,-26.1388,-13.7524,3.2511
23.062,raw,3955,-19.9784,-23.9590,3.3275
23.062,raw,3970,4.7653,-0.7224,2.0088
23.062,raw,3985,4.6339,-0.5113,2.0007
23.062,raw,4000,4.4884,-0.3127,1.9923
23.062,raw,4015,4.3736,-0.1312,1.9860
23.062,raw,4030,4.2635,0.0391,1.9802
23.062,raw,4045,4.2098,0.1997,1.9775
23.062,raw,4060,4.4620,0.3712,1.9899
23.062,raw,4075,4.7907,0.5723,2.0064
23.062,raw,4090,5.1526,0.8081,2.0250
23.062,raw,4105,-16.6783,-8.9384,3.1968
23.062,raw,4120,4.7679,-0.7484,2.1111
23.062,raw,4136,4.6365,-0.5239,2.0988
23.062,raw,4151,4.5096,-0.3269,2.0877
23.062,raw,4166,4.3732,-0.1423,2.0766
23.062,raw,4181,4.2730,0.0280,2.0687
23.062,raw,4196,4.1989,0.1891,2.0632
23.062,raw,4211,4.4517,0.3594,2.0816
23.062,raw,4226,4.7423,0.5556,2.1034
23.062,raw,4241,5.1270,0.7912,2.1327
23.062,raw,4256,-19.4947,-0.5415,3.7100
23.062,raw,4271,-19.2311,-1.3871,3.6895
23.062,raw,4286,-18.9751,-2.2165,3.6731
23.062,raw,4301,-18.4699,-3.2160,3.6397
23.062,raw,4316,-18.7962,0.2606,3.6422
23.062,raw,4331,-16.4029,-0.4311,3.8165
23.062,raw,4346,-16.1695,-1.1452,3.7936
23.062,raw,4361,-15.9386,-1.8444,3.7746
23.062,raw,4376,-15.5287,-2.5011,3.7375
23.062,raw,4391,-15.3361,-3.1776,3.7299
23.062,raw,4406,-15.1122,-3.8417,3.7219
23.062,raw,4421,-14.9184,-4.5103,3.7212
23.062,raw,4436,-14.7416,-5.3341,3.7321
23.062,raw,4451,-14.5045,-5.9931,3.7339
23.062,raw,4466,-14.2953,-6.6680,3.7432
23.062,raw,4481,-14.0765,-7.3469,3.7552
23.062,raw,4496,-13.8607,-8.0391,3.7719
24.167,raw,0,4.8237,-0.8504,0.9674
24.167,raw,14,4.6975,-0.6445,0.9988
24.167,raw,29,4.5524,-0.4371,1.0324
24.167,raw,44,4.4156,-0.2457,1.0625
24.167,raw,59,4.3329,-0.0712,1.0808
24.167,raw,74,4.2115,0.0960,1.1049
24.167,raw,89,4.3361,0.2582,1.0814
24.167,raw,104,4.6122,0.4414,1.0280
24.167,raw,119,4.9598,0.6575,0.9592
24.167,raw,134,4.7570,-0.7577,1.0883
24.167,raw,149,4.6143,-0.5431,1.1180
24.167,raw,164,4.5043,-0.3481,1.1407
24.167,raw,179,4.3803,-0.1635,1.1642
24.167,raw,194,4.2737,0.0084,1.1835
24.167,raw,209,4.1887,0.1704,1.1980
24.167,raw,224,4.4479,0.3399,1.1548
24.167,raw,239,4.7682,0.5378,1.1003
24.167,raw,254,5.1377,0.7713,1.0359
24.167,raw,269,-5.3131,-6.5575,0.5530
24.167,raw,284,-5.0752,-6.8750,0.5400
24.167,raw,299,-4.8342,-7.2030,0.5238
24.167,raw,314,-4.5782,-7.5761,0.5012
24.167,raw,329,4.6995,-0.6574,1.2030
24.167,raw,344,4.5634,-0.4506,1.2268
24.167,raw,359,4.4501,-0.2608,1.2460
24.167,raw,374,4.3320,-0.0821,1.2647
24.167,raw,389,4.2057,0.0855,1.2834
24.167,raw,404,4.3266,0.2470,1.2665
24.167,raw,419,4.5883,0.4281,1.2288
24.167,raw,434,4.9438,0.6428,1.1766
24.167,raw,449,-5.9384,-6.9417,0.6832
24.167,raw,464,-5.7021,-7.3051,0.6694
24.167,raw,479,-5.4743,-7.6977,0.6502
24.167,raw,494,-5.2058,-8.0583,0.6346
24.167,raw,509,-4.6270,-7.9518,0.6822
24.167,raw,524,-4.1764,-7.9996,0.7045
24.167,raw,539,-4.3698,-9.2546,0.5657
24.167,raw,554,-4.0504,-9.6529,0.5405
24.167,raw,569,-3.6835,-9.9874,0.5220
24.167,raw,584,4.7544,-0.7827,1.2952
24.167,raw,599,4.6398,-0.5719,1.3131
24.167,raw,614,4.5142,-0.3727,1.3312
24.167,raw,629,4.3935,-0.1871,1.3476
24.167,raw,644,4.2858,-0.0139,1.3615
24.167,raw,659,4.1877,0.1493,1.3734
24.167,raw,674,4.4163,0.3161,1.3465
24.167,raw,689,4.7089,0.5084,1.3112
24.167,raw,704,5.0964,0.7392,1.2637
24.167,raw,719,-6.4942,-7.7346,0.8217
24.167,raw,734,-6.2763,-8.1886,0.8027
24.167,raw,749,-6.0117,-8.6109,0.7868
24.167,raw,764,-5.6852,-8.9698,0.7773
24.167,raw,779,-4.4464,-7.8699,0.9251
24.167,raw,794,-4.1123,-8.1068,0.9219
24.167,raw,809,-4.7157,-10.2117,0.7235
24.167,raw,824,-4.3930,-10.7150,0.6944
24.167,raw,839,-3.9948,-11.1052,0.6755
24.167,raw,854,-3.6525,-11.7104,0.6342
24.167,raw,869,-3.3196,-12.4825,0.5758
24.167,raw,884,-2.9459,-13.3182,0.5106
24.167,raw,899,4.6976,-0.6695,1.4053
24.167,raw,914,4.5659,-0.4629,1.4207
24.167,raw,929,4.4318,-0.2702,1.4354
24.167,raw,944,4.3476,-0.0942,1.4446
24.167,raw,959,4.2098,0.0748,1.4581
24.167,raw,974,4.2985,0.2356,1.4500
24.167,raw,989,4.5526,0.4142,1.4258
24.167,raw,1004,4.8878,0.6242,1.3933
24.167,raw,1019,-7.7487,-7.7154,1.0115
24.167,raw,1034,-7.5117,-8.1794,1.0005
24.167,raw,1049,-7.2314,-8.6164,0.9915
24.167,raw,1064,-6.9134,-9.0263,0.9840
24.167,raw,1079,-6.6397,-9.5133,0.9690
24.167,raw,1094,-6.2979,-9.9348,0.9588
24.167,raw,1109,-4.4093,-7.8614,1.1497
24.167,raw,1124,-4.0794,-8.1038,1.1468
24.167,raw,1139,-5.2718,-11.3974,0.9073
24.167,raw,1154,-4.8931,-11.9160,0.8861
24.167,raw,1169,-4.5082,-12.4933,0.8597
24.167,raw,1184,-4.1564,-13.2693,0.8180
24.167,raw,1199,-3.7933,-14.1927,0.7651
24.167,raw,1214,-3.3718,-15.1592,0.7086
24.167,raw,1229,-2.8923,-16.1998,0.6460
24.167,raw,1244,-2.4234,-17.7960,0.5436
24.167,raw,1259,4.7130,-0.6851,1.5046
24.167,raw,1274,4.5738,-0.4761,1.5166
24.167,raw,1289,4.4553,-0.2843,1.5265
24.167,raw,1304,4.3513,-0.1055,1.5348
24.167,raw,1319,4.2362,0.0635,1.5433
24.167,raw,1334,4.2837,0.2245,1.5401
24.167,raw,1349,4.5548,0.4027,1.5210
24.167,raw,1364,4.8816,0.6108,1.4973
24.167,raw,1379,-10.2612,-5.0550,1.2548
24.167,raw,1394,-10.0287,-5.5162,1.2546
24.167,raw,1409,-9.8378,-6.0037,1.2512
24.167,raw,1424,-9.6669,-6.5131,1.2455
24.167,raw,1439,-9.4558,-7.0081,1.2407
24.167,raw,1454,-9.2294,-7.5039,1.2353
24.167,raw,1469,-8.9629,-7.9800,1.2309
24.167,raw,1484,-8.6401,-8.4160,1.2286
24.167,raw,1499,-8.3953,-8.9395,1.2199
24.167,raw,1514,-8.0772,-9.4075,1.2143
24.167,raw,1529,-7.7615,-9.8970,1.2067
24.167,raw,1544,-7.4431,-10.4081,1.1974
24.167,raw,1559,-7.1261,-10.9545,1.1856
24.167,raw,1574,-4.5428,-7.9215,1.3656
24.167,raw,1589,-4.1090,-7.9905,1.3730
24.167,raw,1604,-6.0214,-12.6182,1.1462
24.167,raw,1619,-5.6405,-13.2731,1.1270
24.167,raw,1634,-5.1992,-13.8795,1.1096
24.167,raw,1649,-4.8950,-14.9705,1.0681
24.167,raw,1664,-4.5100,-16.0704,1.0262
24.167,raw,1679,-4.3132,-18.2029,0.9353
24.167,raw,1694,-4.6126,-23.4353,0.7005
24.167,raw,1709,-3.7655,-24.6487,0.6537
24.167,raw,1724,-2.7489,-25.2548,0.6333
24.167,raw,1739,-1.6927,-25.8741,0.6103
24.167,raw,1754,-0.5835,-26.3138,0.5935
24.167,raw,1769,0.5599,-26.8791,0.5689
24.167,raw,1784,1.7532,-27.4690,0.5407
24.167,raw,1799,3.0052,-28.0930,0.5086
24.167,raw,1814,4.6824,-0.6789,1.6066
24.167,raw,1829,4.5711,-0.4757,1.6132
24.167,raw,1844,4.4372,-0.2822,1.6205
24.167,raw,1859,4.3362,-0.1044,1.6258
24.167,raw,1874,4.2327,0.0636,1.6309
24.167,raw,1889,4.2541,0.2240,1.6300
24.167,raw,1904,4.5407,0.4019,1.6166
24.167,raw,1919,4.8964,0.6123,1.5997
24.167,raw,1934,24.7899,11.0012,0.5903
24.167,raw,1949,-17.9103,19.9983,0.5679
24.167,raw,1964,-17.2653,17.7222,0.6627
24.167,raw,1979,-16.6947,15.7529,0.7432
24.167,raw,1994,-16.1215,13.9769,0.8159
24.167,raw,2009,-15.6278,12.4317,0.8772
24.167,raw,2024,-15.1930,11.0667,0.9297
24.167,raw,2039,-11.3584,7.6704,1.1607
24.167,raw,2054,-14.4928,8.7679,1.0126
24.167,raw,2069,-14.0512,7.7004,1.0535
24.167,raw,2084,-14.0165,0.0437,1.4792
24.167,raw,2099,-13.7817,-0.5714,1.4840
24.167,raw,2114,-8.1438,-0.6547,1.6080
24.167,raw,2129,-8.3034,-1.0555,1.6035
24.167,raw,2144,-13.0455,-2.3143,1.4957
24.167,raw,2159,-12.8284,-2.8744,1.4979
24.167,raw,2174,-12.6154,-3.4279,1.4995
24.167,raw,2189,-12.4012,-3.9755,1.5006
24.167,raw,2204,-11.9906,-4.4474,1.5057
24.167,raw,2219,-11.8031,-4.9920,1.5052
24.167,raw,2234,-11.6124,-5.5386,1.5041
24.167,raw,2249,-11.4446,-6.1031,1.5019
24.167,raw,2263,-11.1585,-6.5654,1.5025
24.167,raw,2278,-10.9463,-7.1191,1.5002
24.167,raw,2293,-10.7142,-7.6712,1.4977
24.167,raw,2308,-10.3838,-8.1618,1.4972
24.167,raw,2323,-10.1415,-8.7300,1.4935
24.167,raw,2338,-9.8215,-9.2481,1.4914
24.167,raw,2353,-9.5576,-9.8356,1.4866
24.167,raw,2368,-9.2002,-10.3507,1.4839
24.167,raw,2383,-8.9741,-11.0390,1.4759
24.167,raw,2398,-8.5689,-11.5496,1.4727
24.167,raw,2413,-8.3544,-12.3525,1.4613
24.167,raw,2428,-7.9527,-12.9498,1.4554
24.167,raw,2443,-4.3442,-8.1251,1.5878
24.167,raw,2458,-7.2530,-14.5024,1.4336
24.167,raw,2473,-6.7984,-15.2128,1.4241
24.167,raw,2488,-8.2408,-20.4978,1.3046
24.167,raw,2503,-7.7483,-21.9431,1.2790
24.167,raw,2518,-7.2828,-23.8008,1.2437
24.167,raw,2533,-6.6617,-25.6207,1.2092
24.167,raw,2548,-5.7765,-26.9092,1.1865
24.167,raw,2563,-4.6758,-27.5408,1.1778
24.167,raw,2578,-3.5378,-28.1664,1.1683
24.167,raw,2593,-2.3658,-28.8482,1.1565
24.167,raw,2608,-1.1523,-29.6589,1.1407
24.167,raw,2623,0.1244,-30.5201,1.1227
24.167,raw,2638,1.4631,-31.0244,1.1113
24.167,raw,2653,2.8524,-31.5758,1.0975
24.167,raw,2668,4.3301,-32.3997,1.0763
24.167,raw,2683,5.9284,-33.4350,1.0489
24.167,raw,2698,4.7248,-0.7127,1.7052
24.167,raw,2713,4.5992,-0.5042,1.7087
24.167,raw,2728,4.4774,-0.3099,1.7120
24.167,raw,2743,4.3555,-0.1280,1.7151
24.167,raw,2758,4.2562,0.0414,1.7175
24.167,raw,2773,4.2276,0.2023,1.7181
24.167,raw,2788,4.5134,0.3773,1.7117
24.167,raw,2803,4.8327,0.5809,1.7044
24.167,raw,2818,26.4927,12.1211,1.1690
24.167,raw,2833,-22.8134,23.1982,1.0766
24.167,raw,2848,-21.4092,20.0210,1.1473
24.167,raw,2863,-20.4329,17.5542,1.1992
24.167,raw,2878,-19.3185,15.2345,1.2503
24.167,raw,2893,-11.0746,8.2104,1.4887
24.167,raw,2908,-18.2977,12.0527,1.3089
24.167,raw,2923,-17.7365,10.6258,1.3357
24.167,raw,2938,-17.5796,9.5240,1.3504
24.167,raw,2953,-17.1187,8.3427,1.3710
24.167,raw,2968,-16.7096,7.2680,1.3888
24.167,raw,2983,-16.2935,6.2629,1.4054
24.167,raw,2998,-16.2532,5.4423,1.4120
24.167,raw,3013,-15.8692,4.5551,1.4256
24.167,raw,3028,-15.5342,3.7318,1.4371
24.167,raw,3043,-15.2311,2.9584,1.4470
24.167,raw,3058,-14.9070,2.2199,1.4566
24.167,raw,3073,-14.6451,1.5231,1.4640
24.167,raw,3088,-14.3646,0.8534,1.4712
24.167,raw,3103,-14.0855,0.2104,1.4777
24.167,raw,3118,-31.7715,-1.0392,1.8438
24.167,raw,3133,-30.9342,-2.3689,1.8428
24.167,raw,3148,-15.9981,-1.8829,1.8225
24.167,raw,3163,-18.4708,-3.0266,1.8261
24.167,raw,3178,-17.6469,-3.6998,1.8252
24.167,raw,3193,-27.9761,-7.1972,1.8399
24.167,raw,3208,-16.0567,-4.8870,1.8235
24.167,raw,3223,-14.8108,-5.2394,1.8220
24.167,raw,3238,-16.8145,-6.8003,1.8253
24.167,raw,3253,-25.2844,-11.5225,1.8384
24.167,raw,3268,-24.6595,-12.5748,1.8382
24.167,raw,3283,-24.0089,-13.6044,1.8381
24.167,raw,3298,-23.3874,-14.6457,1.8381
24.167,raw,3313,-22.7405,-15.6718,1.8381
24.167,raw,3328,-22.1211,-16.7231,1.8383
24.167,raw,3343,-21.4748,-17.7671,1.8384
24.167,raw,3358,-20.8165,-18.8187,1.8387
24.167,raw,3373,-20.1735,-19.9102,1.8391
24.167,raw,3388,-19.5061,-21.0133,1.8395
24.167,raw,3403,-18.8294,-22.1509,1.8400
24.167,raw,3418,-18.1362,-23.3254,1.8406
24.167,raw,3433,-17.4277,-24.5505,1.8414
24.167,raw,3448,-16.6917,-25.8240,1.8422
24.167,raw,3463,-15.9001,-27.1145,1.8431
24.167,raw,3478,-15.1092,-28.5323,1.8443
24.167,raw,3493,-14.2431,-29.9662,1.8455
24.167,raw,3508,-13.3352,-31.4997,1.8468
24.167,raw,3523,4.7462,-0.7554,1.8059
24.167,raw,3538,4.6210,-0.5442,1.8056
24.167,raw,3553,4.5124,-0.3491,1.8055
24.167,raw,3568,4.3813,-0.1636,1.8053
24.167,raw,3583,4.2778,0.0082,1.8051
24.167,raw,3598,4.1813,0.1703,1.8050
24.167,raw,3613,4.4595,0.3404,1.8053
24.167,raw,3628,4.7542,0.5366,1.8058
24.167,raw,3643,5.1351,0.7709,1.8063
24.167,raw,3658,-34.1510,3.0629,1.8471
24.167,raw,3673,-16.8552,0.8677,1.8236
24.167,raw,3688,-17.1364,0.1689,2.2375
24.167,raw,3703,-17.8051,-0.6745,2.2545
24.167,raw,3718,-31.9611,-3.6776,2.6104
24.167,raw,3733,-16.2654,-4.9506,2.2348
24.167,raw,3748,-14.7990,-6.9309,2.2184
24.167,raw,3763,-13.9624,-8.0172,2.2122
24.167,raw,3778,4.7789,-0.8140,1.9084
24.167,raw,3793,4.6560,-0.5994,1.9043
24.167,raw,3808,4.5124,-0.3959,1.9000
24.167,raw,3823,4.3994,-0.2101,1.8966
24.167,raw,3838,4.2812,-0.0353,1.8934
24.167,raw,3853,4.1903,0.1281,1.8910
24.167,raw,3868,4.3538,0.2917,1.8951
24.167,raw,3883,4.6546,0.4801,1.9028
24.167,raw,3898,5.0317,0.7048,1.9126
24.167,raw,3913,-17.0519,0.2692,2.2354
24.167,raw,3928,-15.6701,-2.1738,2.5889
24.167,raw,3943,-25.9222,-14.3805,3.2556
24.167,raw,3958,4.7894,-0.8294,2.0116
24.167,raw,3973,4.6663,-0.6137,2.0036
24.167,raw,3988,4.5445,-0.4122,1.9962
24.167,raw,4003,4.4255,-0.2240,1.9894
24.167,raw,4018,4.2759,-0.0459,1.9815
24.167,raw,4033,4.1963,0.1175,1.9774
24.167,raw,4048,4.3655,0.2810,1.9856
24.167,raw,4063,4.6394,0.4670,1.9993
24.167,raw,4078,4.9846,0.6862,2.0168
24.167,raw,4093,-17.5761,-6.0985,3.1737
24.167,raw,4108,4.8282,-0.8515,2.1177
24.167,raw,4123,4.6670,-0.6262,2.1030
24.167,raw,4138,4.5382,-0.4231,2.0915
24.167,raw,4153,4.4078,-0.2335,2.0805
24.167,raw,4168,4.2996,-0.0581,2.0717
24.167,raw,4183,4.1988,0.1069,2.0641
24.167,raw,4198,4.3357,0.2691,2.0739
24.167,raw,4213,4.6304,0.4545,2.0957
24.167,raw,4228,4.9866,0.6734,2.1226
24.167,raw,4243,-19.6072,-0.1205,3.7186
24.167,raw,4258,-19.3337,-0.9738,3.6954
24.167,raw,4273,-19.0890,-1.8105,3.6785
24.167,raw,4288,-15.6890,-2.1765,3.3610
24.167,raw,4303,-18.9199,0.2797,3.6529
24.167,raw,4318,-16.3825,-0.4143,3.8126
24.167,raw,4333,-16.1923,-1.1306,3.7947
24.167,raw,4348,-15.9503,-1.8289,3.7743
24.167,raw,4363,-15.5536,-2.4881,3.7387
24.167,raw,4378,-15.3494,-3.1627,3.7296
24.167,raw,4393,-15.1311,-3.8282,3.7222
24.167,raw,4408,-14.9186,-4.4913,3.7191
24.167,raw,4423,-14.7404,-5.3134,3.7296
24.167,raw,4438,-14.5324,-5.9834,3.7351
24.167,raw,4453,-14.3273,-6.6605,3.7448
24.167,raw,4468,-14.1186,-7.3451,3.7581
24.167,raw,4483,-16.8172,0.9161,3.8650
25.227,raw,0,4.8122,-0.8228,0.9699
25.227,raw,15,4.6648,-0.6017,1.0056
25.227,raw,31,4.5268,-0.3864,1.0378
25.227,raw,46,4.4113,-0.1999,1.0635
25.227,raw,62,4.3029,-0.0143,1.0864
25.227,raw,77,4.1874,0.1500,1.1090
25.227,raw,93,4.4039,0.3274,1.0677
25.227,raw,108,4.6906,0.5193,1.0117
25.227,raw,124,5.0675,0.7620,0.9363
25.227,raw,139,4.6991,-0.6580,1.1002
25.227,raw,155,4.5844,-0.4423,1.1249
25.227,raw,170,4.4663,-0.2511,1.1482
25.227,raw,186,4.3347,-0.0599,1.1723
25.227,raw,201,4.1996,0.1075,1.1956
25.227,raw,217,4.3351,0.2807,1.1732
25.227,raw,232,4.6363,0.4671,1.1224
25.227,raw,248,4.9697,0.6974,1.0644
25.227,raw,263,-5.3860,-6.4588,0.5563
25.227,raw,279,-5.1580,-6.8258,0.5378
25.227,raw,294,-4.9219,-7.1596,0.5211
25.227,raw,310,-4.6575,-7.5186,0.5014
25.227,raw,325,4.7058,-0.6594,1.2015
25.227,raw,341,4.5555,-0.4379,1.2276
25.227,raw,356,4.4359,-0.2478,1.2477
25.227,raw,372,4.3154,-0.0587,1.2667
25.227,raw,387,4.2126,0.1073,1.2821
25.227,raw,403,4.3209,0.2803,1.2668
25.227,raw,418,4.6102,0.4653,1.2250
25.227,raw,434,4.9722,0.6977,1.1715
25.227,raw,449,-5.9595,-7.1035,0.6674
25.227,raw,465,-5.6907,-7.4832,0.6539
25.227,raw,480,-5.4191,-7.8303,0.6414
25.227,raw,496,-5.1505,-8.2520,0.6193
25.227,raw,511,-4.4274,-7.9084,0.6984
25.227,raw,527,-4.0762,-8.1739,0.6922
25.227,raw,542,-4.2381,-9.4267,0.5543
25.227,raw,558,-3.8757,-9.8264,0.5300
25.227,raw,573,-3.5326,-10.2435,0.5004
25.227,raw,589,4.6609,-0.6010,1.3096
25.227,raw,604,4.5391,-0.3999,1.3274
25.227,raw,620,4.4156,-0.2003,1.3445
25.227,raw,635,4.2916,-0.0246,1.3604
25.227,raw,651,4.1812,0.1500,1.3738
25.227,raw,666,4.3705,0.3150,1.3515
25.227,raw,682,4.7106,0.5209,1.3106
25.227,raw,697,5.0529,0.7469,1.2683
25.227,raw,713,-6.5324,-7.8399,0.8118
25.227,raw,728,-6.3067,-8.2931,0.7932
25.227,raw,744,-6.0078,-8.7311,0.7778
25.227,raw,759,-5.6825,-9.1007,0.7671
25.227,raw,775,-4.3497,-7.8850,0.9283
25.227,raw,791,-4.0983,-8.3294,0.9042
25.227,raw,806,-4.6662,-10.4444,0.7059
25.227,raw,822,-4.2650,-10.8855,0.6844
25.227,raw,837,-3.8910,-11.3619,0.6565
25.227,raw,853,-3.5364,-12.0989,0.6032
25.227,raw,868,-3.1486,-12.7747,0.5539
25.227,raw,884,4.7836,-0.7645,1.3954
25.227,raw,899,4.6232,-0.5451,1.4139
25.227,raw,915,4.4820,-0.3337,1.4297
25.227,raw,930,4.3833,-0.1523,1.4406
25.227,raw,946,4.2514,0.0313,1.4538
25.227,raw,961,4.1748,0.1921,1.4612
25.227,raw,977,4.4750,0.3758,1.4329
25.227,raw,992,4.7837,0.5764,1.4031
25.227,raw,1008,-7.8517,-7.6930,1.0073
25.227,raw,1023,-7.6018,-8.1457,0.9978
25.227,raw,1039,-7.2927,-8.6023,0.9892
25.227,raw,1054,-7.0175,-9.0662,0.9772
25.227,raw,1070,-6.6567,-9.4999,0.9688
25.227,raw,1085,-6.3763,-10.0119,0.9512
25.227,raw,1101,-4.4138,-7.8862,1.1479
25.227,raw,1116,-4.0608,-8.0894,1.1480
25.227,raw,1132,-5.2658,-11.5027,0.9007
25.227,raw,1147,-4.8814,-12.0219,0.8795
25.227,raw,1163,-4.4636,-12.6398,0.8512
25.227,raw,1178,-4.1014,-13.4158,0.8094
25.227,raw,1194,-3.7108,-14.4406,0.7500
25.227,raw,1209,-3.2673,-15.3927,0.6943
25.227,raw,1225,-2.7386,-16.5308,0.6254
25.227,raw,1240,4.8283,-0.8265,1.4944
25.227,raw,1256,4.6527,-0.5871,1.5097
25.227,raw,1271,4.5166,-0.3850,1.5212
25.227,raw,1287,4.3966,-0.1872,1.5310
25.227,raw,1302,4.2835,-0.0133,1.5396
25.227,raw,1318,4.1675,0.1606,1.5480
25.227,raw,1333,4.3985,0.3272,1.5318
25.227,raw,1349,4.7108,0.5331,1.5094
25.227,raw,1364,5.0847,0.7642,1.4821
25.227,raw,1380,-10.2603,-5.4568,1.2466
25.227,raw,1395,-10.1004,-5.9697,1.2417
25.227,raw,1411,-9.8513,-6.4800,1.2393
25.227,raw,1426,-9.6155,-6.9634,1.2359
25.227,raw,1442,-9.3792,-7.5012,1.2300
25.227,raw,1457,-9.0983,-7.9707,1.2265
25.227,raw,1473,-8.7995,-8.4839,1.2211
25.227,raw,1488,-8.5271,-8.9884,1.2140
25.227,raw,1504,-8.1777,-9.4849,1.2085
25.227,raw,1519,-7.8666,-9.9881,1.2004
25.227,raw,1535,-7.5166,-10.5307,1.1908
25.227,raw,1551,-7.1556,-11.0940,1.1795
25.227,raw,1566,-4.5031,-7.9273,1.3662
25.227,raw,1582,-4.0615,-8.0350,1.3722
25.227,raw,1597,-5.9903,-12.7784,1.1402
25.227,raw,1613,-5.5698,-13.4716,1.1199
25.227,raw,1628,-5.1296,-14.1101,1.1009
25.227,raw,1644,-4.7966,-15.3161,1.0546
25.227,raw,1659,-4.4259,-16.5530,1.0061
25.227,raw,1675,-4.9657,-22.1036,0.7557
25.227,raw,1690,-4.3616,-24.1187,0.6722
25.227,raw,1706,-3.3361,-24.9467,0.6432
25.227,raw,1721,-2.3002,-25.5504,0.6221
25.227,raw,1737,-1.1439,-26.1191,0.6008
25.227,raw,1752,-0.0168,-26.5521,0.5832
25.227,raw,1768,1.2280,-27.1408,0.5563
25.227,raw,1783,2.4482,-27.7123,0.5276
25.227,raw,1799,4.7800,-0.7766,1.6011
25.227,raw,1814,4.6356,-0.5595,1.6095
25.227,raw,1830,4.4929,-0.3467,1.6174
25.227,raw,1845,4.3757,-0.1629,1.6236
25.227,raw,1861,4.2719,0.0197,1.6289
25.227,raw,1876,4.1631,0.1816,1.6340
25.227,raw,1892,4.4393,0.3627,1.6212
25.227,raw,1907,4.7505,0.5610,1.6064
25.227,raw,1923,5.1283,0.8103,1.5881
25.227,raw,1938,26.2724,12.3458,0.5034
25.227,raw,1954,-18.0210,19.0540,0.5958
25.227,raw,1969,-17.5535,17.0567,0.6745
25.227,raw,1985,-16.8812,14.9909,0.7600
25.227,raw,2000,-16.3024,13.2906,0.8293
25.227,raw,2016,-15.7808,11.7195,0.8910
25.227,raw,2031,-11.1447,7.7023,1.1683
25.227,raw,2047,-14.9973,9.2070,0.9830
25.227,raw,2062,-14.5024,8.0726,1.0277
25.227,raw,2078,-14.5444,0.1079,1.4677
25.227,raw,2093,-14.2750,-0.5291,1.4732
25.227,raw,2109,-8.1734,-0.6400,1.6074
25.227,raw,2124,-8.2194,-1.0260,1.6054
25.227,raw,2140,-13.4634,-2.4072,1.4863
25.227,raw,2155,-13.2420,-2.9850,1.4885
25.227,raw,2171,-12.9808,-3.5859,1.4908
25.227,raw,2186,-12.7301,-4.1393,1.4926
25.227,raw,2202,-12.3050,-4.6634,1.4976
25.227,raw,2217,-12.0706,-5.2055,1.4979
25.227,raw,2233,-11.8208,-5.7838,1.4977
25.227,raw,2248,-11.6187,-6.3455,1.4960
25.227,raw,2264,-11.2879,-6.8856,1.4965
25.227,raw,2279,-11.0391,-7.4316,1.4947
25.227,raw,2295,-10.8177,-8.0568,1.4909
25.227,raw,2310,-10.4692,-8.5511,1.4904
25.227,raw,2326,-10.3006,-9.2599,1.4833
25.227,raw,2342,-9.9266,-9.8153,1.4811
25.227,raw,2357,-9.6615,-10.4388,1.4755
25.227,raw,2373,-9.2433,-10.9877,1.4728
25.227,raw,2388,-9.0019,-11.7086,1.4640
25.227,raw,2404,-8.7355,-12.5320,1.4531
25.227,raw,2419,-8.3099,-13.1157,1.4479
25.227,raw,2435,-7.8287,-13.7396,1.4419
25.227,raw,2450,-7.5581,-14.7074,1.4263
25.227,raw,2466,-8.8389,-19.1375,1.3264
25.227,raw,2481,-8.3940,-20.4397,1.3044
25.227,raw,2497,-7.8565,-21.9358,1.2782
25.227,raw,2512,-7.3951,-23.7888,1.2431
25.227,raw,2528,-6.7184,-25.6760,1.2076
25.227,raw,2543,-5.8549,-27.0645,1.1826
25.227,raw,2559,-4.6557,-27.6506,1.1754
25.227,raw,2574,-3.5090,-28.2530,1.1664
25.227,raw,2590,-2.2507,-28.9648,1.1540
25.227,raw,2605,-1.0274,-29.7405,1.1389
25.227,raw,2621,0.3448,-30.6302,1.1202
25.227,raw,2636,1.6903,-31.0755,1.1099
25.227,raw,2652,3.1804,-31.6415,1.0954
25.227,raw,2667,4.6688,-32.4352,1.0745
25.227,raw,2683,6.4192,-33.6757,1.0417
25.227,raw,2698,4.7165,-0.6615,1.7055
25.227,raw,2714,4.5450,-0.4363,1.7101
25.227,raw,2729,4.4082,-0.2448,1.7136
25.227,raw,2745,4.3141,-0.0587,1.7160
25.227,raw,2760,4.2225,0.1071,1.7182
25.227,raw,2776,4.3092,0.2800,1.7162
25.227,raw,2791,4.6013,0.4647,1.7096
25.227,raw,2807,4.9867,0.6994,1.7006
25.227,raw,2822,-24.2145,25.5071,1.0188
25.227,raw,2838,-22.8748,22.0282,1.0936
25.227,raw,2853,-21.8201,19.3080,1.1510
25.227,raw,2869,-20.3935,16.4809,1.2149
25.227,raw,2884,-20.2958,15.0079,1.2360
25.227,raw,2900,-11.1671,7.7168,1.4931
25.227,raw,2915,-18.6758,11.4226,1.3091
25.227,raw,2931,-18.4689,10.1584,1.3267
25.227,raw,2946,-17.9470,8.8897,1.3495
25.227,raw,2962,-17.4514,7.6662,1.3704
25.227,raw,2977,-16.9951,6.6049,1.3884
25.227,raw,2993,-16.9011,5.6759,1.3969
25.227,raw,3008,-16.5070,4.7547,1.4110
25.227,raw,3024,-16.1218,3.8400,1.4240
25.227,raw,3039,-15.7699,3.0328,1.4351
25.227,raw,3055,-15.4237,2.2219,1.4454
25.227,raw,3070,-15.1300,1.5019,1.4535
25.227,raw,3086,-14.8203,0.7676,1.4613
25.227,raw,3102,-16.9830,0.0970,1.8237
25.227,raw,3117,-18.7518,-0.7424,1.8261
25.227,raw,3133,-33.1114,-2.9810,1.8458
25.227,raw,3148,-32.2772,-4.3358,1.8448
25.227,raw,3164,-31.3838,-5.7182,1.8439
25.227,raw,3179,-30.6105,-6.9752,1.8433
25.227,raw,3195,-29.7719,-8.2657,1.8426
25.227,raw,3210,-29.0057,-9.4414,1.8421
25.227,raw,3226,-16.2474,-6.1515,1.8243
25.227,raw,3241,-27.5374,-11.8185,1.8413
25.227,raw,3257,-26.7729,-13.0068,1.8411
25.227,raw,3272,-25.7086,-13.9178,1.8403
25.227,raw,3288,-25.3181,-15.2791,1.8408
25.227,raw,3303,-24.5956,-16.3569,1.8407
25.227,raw,3319,-23.7982,-17.4860,1.8407
25.227,raw,3334,-23.0424,-18.5399,1.8408
25.227,raw,3350,-22.2485,-19.6829,1.8409
25.227,raw,3365,-21.4778,-20.7468,1.8411
25.227,raw,3381,-20.6741,-21.9251,1.8415
25.227,raw,3396,-19.9313,-23.0788,1.8420
25.227,raw,3412,-19.1210,-24.3444,1.8426
25.227,raw,3427,-18.3503,-25.5837,1.8433
25.227,raw,3443,-17.4796,-26.9260,1.8441
25.227,raw,3458,-16.6474,-28.2608,1.8450
25.227,raw,3474,-15.7099,-29.7349,1.8461
25.227,raw,3489,-14.7954,-31.2053,1.8473
25.227,raw,3505,4.7062,-0.6720,1.8058
25.227,raw,3520,4.5789,-0.4653,1.8056
25.227,raw,3536,4.4267,-0.2582,1.8053
25.227,raw,3551,4.3203,-0.0810,1.8052
25.227,raw,3567,4.2131,0.0967,1.8050
25.227,raw,3582,4.2618,0.2572,1.8051
25.227,raw,3598,4.5863,0.4518,1.8055
25.227,raw,3613,4.9110,0.6650,1.8060
25.227,raw,3629,-16.6949,0.0983,2.2265
25.227,raw,3644,-16.4963,-0.6349,2.2220
25.227,raw,3660,-16.2659,-1.3997,2.2177
25.227,raw,3675,-15.7110,-2.2471,2.2065
25.227,raw,3691,-15.4879,-3.1155,2.2048
25.227,raw,3706,-15.3047,-3.7956,2.2042
25.227,raw,3722,-15.0749,-4.5095,2.2034
25.227,raw,3737,-16.1788,-6.0162,2.2412
25.227,raw,3753,-15.5530,-7.7583,2.2441
25.227,raw,3768,-25.8245,-14.5711,2.5480
25.227,raw,3784,4.7878,-0.7912,1.9085
25.227,raw,3799,4.6526,-0.5748,1.9042
25.227,raw,3815,4.4984,-0.3591,1.8996
25.227,raw,3830,4.3908,-0.1754,1.8964
25.227,raw,3846,4.2611,0.0094,1.8929
25.227,raw,3861,4.1659,0.1711,1.8905
25.227,raw,3877,4.4239,0.3507,1.8969
25.227,raw,3893,4.7419,0.5602,1.9052
25.227,raw,3908,5.1118,0.7946,1.9149
25.227,raw,3924,-31.8805,-3.5244,3.3726
25.227,raw,3939,-26.1812,-13.7786,3.2529
25.227,raw,3955,-19.9533,-24.0706,3.3304
25.227,raw,3970,4.7118,-0.6983,2.0067
25.227,raw,3986,4.5849,-0.4783,1.9988
25.227,raw,4001,4.4545,-0.2842,1.9913
25.227,raw,4017,4.3221,-0.0921,1.9841
25.227,raw,4032,4.2311,0.0749,1.9793
25.227,raw,4048,4.2342,0.2459,1.9794
25.227,raw,4063,4.5518,0.4262,1.9951
25.227,raw,4079,4.8910,0.6500,2.0123
25.227,raw,4094,-15.6709,-2.2411,2.9740
25.227,raw,4110,-13.9415,-8.0827,2.9943
25.227,raw,4125,4.6590,-0.6253,2.1027
25.227,raw,4141,4.5474,-0.4129,2.0923
25.227,raw,4156,4.4024,-0.2216,2.0803
25.227,raw,4172,4.3019,-0.0361,2.0721
25.227,raw,4187,4.1779,0.1290,2.0628
25.227,raw,4203,4.3643,0.3037,2.0763
25.227,raw,4218,4.6431,0.4915,2.0970
25.227,raw,4234,5.0062,0.7279,2.1246
25.227,raw,4249,-19.6010,-0.3196,3.7181
25.227,raw,4265,-19.3066,-1.2262,3.6941
25.227,raw,4280,-19.0406,-2.0579,3.6762
25.227,raw,4296,-18.0472,-2.9240,3.5939
25.227,raw,4311,-18.2670,-3.7997,3.6300
25.227,raw,4327,-18.0311,-4.6503,3.6267
25.227,raw,4342,-17.7927,-5.4412,3.6254
25.227,raw,4358,-17.4841,-6.6182,3.6338
25.227,raw,4373,-17.1446,-7.6771,3.6423
25.227,raw,4389,-16.8315,-8.6391,3.6547
25.227,raw,4404,4.3927,-0.1644,2.1710
25.227,raw,4420,4.2633,0.0201,2.1576
25.227,raw,4435,4.1507,0.1816,2.1465
25.227,raw,4451,-17.7948,0.5663,3.5457
25.227,raw,4466,-16.5059,-0.1455,3.8260
25.227,raw,4482,-16.2958,-0.9162,3.8049
25.227,raw,4497,-16.0735,-1.6225,3.7858
25.227,raw,4513,-15.6252,-2.3292,3.7439
25.227,raw,4528,-15.4237,-3.0069,3.7343
25.227,raw,4544,-15.1830,-3.7171,3.7248
25.227,raw,4559,-14.9804,-4.3841,3.7223
25.227,raw,4575,-14.7775,-5.2477,3.7310
25.227,raw,4590,-14.5619,-5.9149,3.7352
25.227,raw,4606,-14.3490,-6.6397,3.7461
25.227,raw,4621,-14.1256,-7.3171,3.7573
25.227,raw,4637,-13.8934,-8.0553,3.7748
26.727,raw,0,4.8478,-0.8191,0.9673
26.727,raw,15,4.6785,-0.5930,1.0072
26.727,raw,30,4.5594,-0.3923,1.0356
26.727,raw,46,4.4016,-0.1892,1.0696
26.727,raw,61,4.3167,-0.0171,1.0880
26.727,raw,77,4.1946,0.1579,1.1121
26.727,raw,92,4.3925,0.3224,1.0744
26.727,raw,107,4.7047,0.5134,1.0137
26.727,raw,123,5.0704,0.7525,0.9407
26.727,raw,138,4.7518,-0.6698,1.0947
26.727,raw,154,4.6000,-0.4460,1.1258
26.727,raw,169,4.4592,-0.2518,1.1529
26.727,raw,184,4.3509,-0.0739,1.1732
26.727,raw,200,4.2394,0.1043,1.1928
26.727,raw,215,4.3297,0.2657,1.1781
26.727,raw,231,4.6138,0.4593,1.1301
26.727,raw,246,4.9485,0.6731,1.0723
26.727,raw,261,-5.4694,-6.4675,0.5440
26.727,raw,277,-5.2365,-6.8333,0.5265
26.727,raw,292,-4.9995,-7.1702,0.5099
26.727,raw,308,4.7813,-0.7395,1.1917
26.727,raw,323,4.6475,-0.5262,1.2159
26.727,raw,338,4.5055,-0.3265,1.2397
26.727,raw,354,4.3897,-0.1323,1.2587
26.727,raw,369,4.2894,0.0384,1.2742
26.727,raw,385,4.2135,0.2106,1.2853
26.727,raw,400,4.4856,0.3825,1.2465
26.727,raw,415,4.8049,0.5830,1.1999
26.727,raw,431,-6.0762,-6.9314,0.6701
26.727,raw,446,-5.8452,-7.3061,0.6554
26.727,raw,462,-5.5891,-7.7147,0.6373
26.727,raw,477,-5.3442,-8.1146,0.6169
26.727,raw,492,-5.0710,-8.5002,0.5975
26.727,raw,508,-4.2018,-7.9523,0.7047
26.727,raw,523,-4.4335,-9.2652,0.5581
26.727,raw,539,-4.0837,-9.6761,0.5334
26.727,raw,554,-3.7342,-10.0580,0.5092
26.727,raw,569,4.7434,-0.6933,1.3005
26.727,raw,585,4.6157,-0.4724,1.3198
26.727,raw,600,4.5025,-0.2798,1.3360
26.727,raw,616,4.3461,-0.0846,1.3562
26.727,raw,631,4.2579,0.0825,1.3674
26.727,raw,646,4.2694,0.2431,1.3662
26.727,raw,662,4.5598,0.4325,1.3317
26.727,raw,677,4.9109,0.6436,1.2889
26.727,raw,693,-6.7217,-7.7169,0.8062
26.727,raw,708,-6.4976,-8.1691,0.7884
26.727,raw,723,-6.2036,-8.5590,0.7774
26.727,raw,739,-5.8975,-9.0072,0.7607
26.727,raw,754,-5.5657,-9.3867,0.7486
26.727,raw,770,-4.1440,-7.9604,0.9298
26.727,raw,785,-4.8780,-10.2557,0.7107
26.727,raw,800,-4.5125,-10.6723,0.6910
26.727,raw,816,-4.1146,-11.1533,0.6649
26.727,raw,831,-3.7499,-11.6995,0.6299
26.727,raw,847,-3.3928,-12.5108,0.5691
26.727,raw,862,-2.9808,-13.1970,0.5185
26.727,raw,877,4.6871,-0.6194,1.4087
26.727,raw,893,4.5558,-0.4036,1.4241
26.727,raw,908,4.4500,-0.2167,1.4359
26.727,raw,924,4.3138,-0.0278,1.4499
26.727,raw,939,4.2301,0.1364,1.4582
26.727,raw,955,4.3848,0.3111,1.4437
26.727,raw,970,4.6605,0.4981,1.4173
26.727,raw,985,5.0133,0.7193,1.3828
26.727,raw,1001,-7.8073,-8.0520,0.9905
26.727,raw,1016,-7.4967,-8.4604,0.9852
26.727,raw,1032,-7.1999,-8.9497,0.9736
26.727,raw,1047,-6.9057,-9.4127,0.9615
26.727,raw,1062,-6.5700,-9.8447,0.9514
26.727,raw,1078,-6.2462,-10.3869,0.9328
26.727,raw,1093,-4.1634,-7.8864,1.1551
26.727,raw,1109,-5.5117,-11.3960,0.8980
26.727,raw,1124,-5.0894,-11.8223,0.8846
26.727,raw,1139,-4.6908,-12.3520,0.8623
26.727,raw,1155,-4.3128,-13.1397,0.8211
26.727,raw,1170,-3.9282,-13.9519,0.7766
26.727,raw,1186,-3.5177,-15.0606,0.7110
26.727,raw,1201,-3.0462,-16.0815,0.6502
26.727,raw,1216,-2.5802,-17.5802,0.5550
26.727,raw,1232,4.7122,-0.6617,1.5061
26.727,raw,1247,4.5831,-0.4552,1.5174
26.727,raw,1263,4.4555,-0.2514,1.5280
26.727,raw,1278,4.3528,-0.0741,1.5362
26.727,raw,1293,4.2271,0.0940,1.5454
26.727,raw,1309,4.3211,0.2656,1.5389
26.727,raw,1324,4.5744,0.4450,1.5209
26.727,raw,1340,4.9585,0.6742,1.4932
26.727,raw,1355,-10.4427,-5.2518,1.2422
26.727,raw,1370,-10.3116,-5.7826,1.2363
26.727,raw,1386,-10.0470,-6.2882,1.2351
26.727,raw,1401,-9.8245,-6.7833,1.2315
26.727,raw,1417,-9.5763,-7.3141,1.2268
26.727,raw,1432,-9.3714,-7.8468,1.2193
26.727,raw,1447,-9.0350,-8.2834,1.2181
26.727,raw,1463,-8.7476,-8.8236,1.2110
26.727,raw,1478,-8.4189,-9.2878,1.2065
26.727,raw,1494,-8.1308,-9.8718,1.1955
26.727,raw,1509,-7.8155,-10.3964,1.1862
26.727,raw,1524,-7.4731,-10.9152,1.1768
26.727,raw,1540,-7.0969,-11.4901,1.1649
26.727,raw,1555,-4.2450,-7.8660,1.3736
26.727,raw,1571,-6.2862,-12.6088,1.1399
26.727,raw,1586,-5.9021,-13.2539,1.1215
26.727,raw,1601,-5.4509,-13.8331,1.1060
26.727,raw,1617,-5.0833,-14.8516,1.0692
26.727,raw,1632,-4.6927,-15.8879,1.0305
26.727,raw,1648,-4.5031,-18.1278,0.9353
26.727,raw,1663,-4.8764,-23.4171,0.6977
26.727,raw,1678,-4.0557,-24.7228,0.6470
26.727,raw,1694,-2.9640,-25.3332,0.6275
26.727,raw,1709,-1.9062,-25.9460,0.6053
26.727,raw,1725,-0.7195,-26.3983,0.5885
26.727,raw,1740,0.4257,-26.8822,0.5678
26.727,raw,1755,1.6145,-27.4239,0.5422
26.727,raw,1771,2.9435,-28.0586,0.5097
26.727,raw,1786,4.7422,-0.6804,1.6046
26.727,raw,1802,4.5873,-0.4559,1.6134
26.727,raw,1817,4.4781,-0.2654,1.6195
26.727,raw,1832,4.3642,-0.0859,1.6254
26.727,raw,1848,4.2351,0.0938,1.6317
26.727,raw,1863,4.3021,0.2544,1.6287
26.727,raw,1879,4.5812,0.4454,1.6156
26.727,raw,1894,4.8999,0.6551,1.6004
26.727,raw,1910,22.1745,9.6961,0.7244
26.727,raw,1925,-18.6189,20.6816,0.5232
26.727,raw,1940,-17.9462,18.3275,0.6212
26.727,raw,1956,-17.3145,16.1646,0.7096
26.727,raw,1971,-16.6355,14.2724,0.7891
26.727,raw,1987,-16.0848,12.5878,0.8561
26.727,raw,2002,-11.0382,8.0707,1.1625
26.727,raw,2017,-15.2793,9.9878,0.9531
26.727,raw,2033,-14.9074,8.8010,0.9951
26.727,raw,2048,-14.4417,7.7141,1.0370
26.727,raw,2064,-14.8867,-0.1674,1.4595
26.727,raw,2079,-14.6257,-0.8166,1.4646
26.727,raw,2094,-8.1095,-0.7603,1.6080
26.727,raw,2110,-14.1075,-2.1043,1.4728
26.727,raw,2125,-13.9128,-2.7169,1.4747
26.727,raw,2141,-13.6559,-3.3513,1.4772
26.727,raw,2156,-13.4220,-3.9397,1.4787
26.727,raw,2171,-13.2061,-4.5290,1.4793
26.727,raw,2187,-12.5987,-5.0073,1.4882
26.727,raw,2202,-12.3676,-5.5710,1.4881
26.727,raw,2218,-12.1416,-6.1846,1.4868
26.727,raw,2233,-11.9487,-6.7774,1.4844
26.727,raw,2248,-11.4530,-7.1960,1.4892
26.727,raw,2264,-11.2772,-7.8596,1.4845
26.727,raw,2279,-10.9133,-8.3570,1.4847
26.727,raw,2295,-10.7404,-9.0648,1.4780
26.727,raw,2310,-10.3876,-9.5930,1.4764
26.727,raw,2325,-10.2182,-10.3110,1.4683
26.727,raw,2341,-9.8423,-10.9209,1.4645
26.727,raw,2356,-9.6085,-11.6554,1.4558
26.727,raw,2372,-9.1429,-12.2244,1.4526
26.727,raw,2387,-8.9039,-13.0580,1.4410
26.727,raw,2402,-8.4661,-13.6712,1.4352
26.727,raw,2418,-7.9652,-14.3194,1.4289
26.727,raw,2433,-9.3143,-18.4155,1.3354
26.727,raw,2449,-8.8596,-19.7193,1.3142
26.727,raw,2464,-8.3817,-21.0310,1.2920
26.727,raw,2479,-7.8643,-22.4901,1.2663
26.727,raw,2495,-7.3515,-24.5408,1.2272
26.727,raw,2510,-6.6968,-26.3958,1.1920
26.727,raw,2526,-5.6339,-27.4474,1.1751
26.727,raw,2541,-4.4942,-28.0079,1.1679
26.727,raw,2556,-3.3309,-28.6211,1.1585
26.727,raw,2572,-2.0468,-29.2750,1.1473
26.727,raw,2587,-0.8067,-30.0824,1.1313
26.727,raw,2603,0.5876,-30.9018,1.1139
26.727,raw,2618,1.9473,-31.3123,1.1041
26.727,raw,2633,3.3613,-31.8762,1.0896
26.727,raw,2649,4.9622,-32.6767,1.0682
26.727,raw,2664,6.6535,-34.0158,1.0332
26.727,raw,2680,4.6728,-0.6043,1.7071
26.727,raw,2695,4.5722,-0.4060,1.7100
26.727,raw,2710,4.4473,-0.2164,1.7133
26.727,raw,2726,4.3077,-0.0274,1.7167
26.727,raw,2741,4.2260,0.1364,1.7186
26.727,raw,2757,4.3827,0.3110,1.7151
26.727,raw,2772,4.6777,0.4994,1.7084
26.727,raw,2788,5.0486,0.7366,1.6997
26.727,raw,2803,-24.2967,24.9829,1.0256
26.727,raw,2818,-22.8290,21.5879,1.1008
26.727,raw,2834,-21.6467,18.7039,1.1623
26.727,raw,2849,-20.7743,16.4701,1.2081
26.727,raw,2865,-20.6520,14.8848,1.2309
26.727,raw,2880,-11.3789,7.7146,1.4890
26.727,raw,2895,-18.9218,11.3345,1.3051
26.727,raw,2911,-18.7303,10.0773,1.3220
26.727,raw,2926,-18.2050,8.8083,1.3447
26.727,raw,2942,-17.7073,7.5832,1.3655
26.727,raw,2957,-17.6214,6.6519,1.3746
26.727,raw,2972,-17.2000,5.6528,1.3904
26.727,raw,2988,-16.7846,4.6641,1.4052
26.727,raw,3003,-16.4141,3.7968,1.4175
26.727,raw,3019,-16.0333,2.9263,1.4293
26.727,raw,3034,-15.7709,2.1652,1.4374
26.727,raw,3049,-15.4947,1.4335,1.4451
26.727,raw,3065,-15.1988,0.6845,1.4525
26.727,raw,3080,-18.7045,-0.6986,1.8261
26.727,raw,3096,-34.1368,-3.0131,1.8472
26.727,raw,3111,-33.2525,-4.4075,1.8462
26.727,raw,3126,-32.3878,-5.7453,1.8453
26.727,raw,3142,-31.5133,-7.1234,1.8445
26.727,raw,3157,-30.7166,-8.3744,1.8439
26.727,raw,3173,-29.8826,-9.6703,1.8433
26.727,raw,3188,-29.1271,-10.8598,1.8429
26.727,raw,3203,-28.3827,-12.0266,1.8425
26.727,raw,3219,-27.6015,-13.2530,1.8423
26.727,raw,3234,-26.0749,-13.9636,1.8408
26.727,raw,3250,-26.0976,-15.5876,1.8419
26.727,raw,3265,-25.3698,-16.7060,1.8419
26.727,raw,3280,-24.6492,-17.8298,1.8420
26.727,raw,3296,-23.8839,-19.0393,1.8421
26.727,raw,3311,-23.1491,-20.1744,1.8423
26.727,raw,3327,-22.3574,-21.4018,1.8426
26.727,raw,3342,-21.6054,-22.5740,1.8430
26.727,raw,3357,-20.8576,-23.7919,1.8435
26.727,raw,3373,-19.6552,-24.6552,1.8434
26.727,raw,3388,-19.2539,-26.4281,1.8449
26.727,raw,3404,-18.3551,-27.8227,1.8458
26.727,raw,3419,-17.4973,-29.2094,1.8467
26.727,raw,3434,-16.5971,-30.6500,1.8478
26.727,raw,3450,4.6735,-0.5921,1.8057
26.727,raw,3465,4.5668,-0.3934,1.8055
26.727,raw,3481,4.4184,-0.1909,1.8053
26.727,raw,3496,4.2915,-0.0157,1.8051
26.727,raw,3511,4.2065,0.1473,1.8050
26.727,raw,3527,4.4066,0.3229,1.8052
26.727,raw,3542,4.6766,0.5113,1.8056
26.727,raw,3558,5.0494,0.7499,1.8062
26.727,raw,3573,-17.8738,-0.8726,2.2570
26.727,raw,3588,-16.1190,-1.7850,2.2157
26.727,raw,3604,-15.5444,-2.8052,2.2054
26.727,raw,3619,-15.3634,-3.4871,2.2044
26.727,raw,3635,-15.1446,-4.2051,2.2036
26.727,raw,3650,-14.9428,-4.8777,2.2036
26.727,raw,3665,-14.6746,-5.8789,2.2059
26.727,raw,3681,-14.4496,-6.6557,2.2083
26.727,raw,3696,-14.2418,-7.3470,2.2111
26.727,raw,3712,-11.6884,-8.3996,2.1703
26.727,raw,3727,4.7853,-0.7659,1.9079
26.727,raw,3743,4.6318,-0.5356,1.9030
26.727,raw,3758,4.5065,-0.3382,1.8992
26.727,raw,3773,4.3950,-0.1550,1.8959
26.727,raw,3789,4.2842,0.0279,1.8929
26.727,raw,3804,4.1885,0.1894,1.8904
26.727,raw,3820,4.4588,0.3699,1.8972
26.727,raw,3835,4.7628,0.5669,1.9051
26.727,raw,3850,5.1533,0.8033,1.9154
26.727,raw,3866,-15.6875,-2.2085,2.5911
26.727,raw,3881,-25.9124,-14.3686,3.2562
26.727,raw,3897,4.8013,-0.7953,2.0110
26.727,raw,3912,4.6527,-0.5759,2.0018
26.727,raw,3927,4.5236,-0.3755,1.9941
26.727,raw,3943,4.4105,-0.1789,1.9876
26.727,raw,3958,4.2938,-0.0050,1.9813
26.727,raw,3974,4.1878,0.1685,1.9760
26.727,raw,3989,4.4074,0.3341,1.9867
26.727,raw,4004,4.7104,0.5260,2.0019
26.727,raw,4020,5.0851,0.7676,2.0210
26.727,raw,4035,-26.1539,-13.8094,3.9622
26.727,raw,4051,4.7545,-0.7463,2.1098
26.727,raw,4066,4.6286,-0.5350,2.0979
26.727,raw,4081,4.5169,-0.3396,2.0879
26.727,raw,4097,4.3961,-0.1440,2.0777
26.727,raw,4112,4.2583,0.0290,2.0671
26.727,raw,4128,4.1904,0.1999,2.0619
26.727,raw,4143,4.4549,0.3697,2.0812
26.727,raw,4158,4.7705,0.5676,2.1048
26.727,raw,4174,5.1692,0.8189,2.1352
26.727,raw,4189,-19.4849,-0.5616,3.7100
26.727,raw,4205,-19.2159,-1.4636,3.6896
26.727,raw,4220,-15.9799,-1.9131,3.3873
26.727,raw,4235,-18.4422,-3.0632,3.6356
26.727,raw,4251,-18.2258,-3.9221,3.6311
26.727,raw,4266,-18.0043,-4.7200,3.6284
26.727,raw,4282,-17.7305,-5.5583,3.6256
26.727,raw,4297,-17.4887,-6.5252,3.6337
26.727,raw,4312,-17.2267,-7.3146,3.6382
26.727,raw,4328,-16.9828,-8.1807,3.6509
26.727,raw,4343,-16.4319,-8.8356,3.6321
26.727,raw,4359,4.4165,-0.2020,2.1715
26.727,raw,4374,4.2947,-0.0267,2.1586
26.727,raw,4389,4.2075,0.1367,2.1497
26.727,raw,4405,4.3569,0.3102,2.1641
26.727,raw,4420,-17.5530,0.6545,3.5251
26.727,raw,4436,-16.5163,-0.1069,3.8300
26.727,raw,4451,-16.2949,-0.8301,3.8070
26.727,raw,4466,-16.0584,-1.5363,3.7859
26.727,raw,4482,-15.5959,-2.3374,3.7436
26.727,raw,4497,-15.4025,-3.0165,3.7351
26.727,raw,4513,-15.1677,-3.7284,3.7265
26.727,raw,4528,-14.9563,-4.3934,3.7230
26.727,raw,4543,-14.7724,-5.2147,3.7323
26.727,raw,4559,-14.5360,-5.9244,3.7359
26.727,raw,4574,-14.3483,-6.6094,3.7477
26.727,raw,4590,-14.0991,-7.3273,3.7583
26.727,raw,4605,-13.8939,-8.0266,3.7764
27.837,raw,0,4.8258,-0.8103,0.9716
27.837,raw,15,4.7078,-0.5950,1.0017
27.837,raw,30,4.5614,-0.3891,1.0353
27.837,raw,45,4.4332,-0.2001,1.0636
27.837,raw,60,4.3320,-0.0254,1.0851
27.837,raw,75,4.2157,0.1400,1.1081
27.837,raw,91,4.3941,0.3148,1.0743
27.837,raw,106,4.6857,0.5034,1.0176
27.837,raw,121,5.0288,0.7246,0.9493
27.837,raw,136,4.7498,-0.6910,1.0943
27.837,raw,151,4.6239,-0.4822,1.1210
27.837,raw,167,4.4967,-0.2756,1.1464
27.837,raw,182,4.3862,-0.0951,1.1673
27.837,raw,197,4.2675,0.0749,1.1882
27.837,raw,212,4.2642,0.2357,1.1890
27.837,raw,227,4.5419,0.4117,1.1425
27.837,raw,243,4.8829,0.6315,1.0839
27.837,raw,258,-5.4354,-6.3162,0.5626
27.837,raw,273,-5.2278,-6.6609,0.5455
27.837,raw,288,-4.9858,-6.9793,0.5320
27.837,raw,303,-4.7697,-7.3501,0.5081
27.837,raw,319,4.7631,-0.7191,1.1948
27.837,raw,334,4.6351,-0.5083,1.2180
27.837,raw,349,4.5217,-0.3134,1.2377
27.837,raw,364,4.3885,-0.1287,1.2590
27.837,raw,379,4.2578,0.0431,1.2788
27.837,raw,395,4.2260,0.2140,1.2836
27.837,raw,410,4.5078,0.3870,1.2435
27.837,raw,425,4.8131,0.5872,1.1988
27.837,raw,440,5.1818,0.8241,1.1437
27.837,raw,455,-5.7937,-7.2029,0.6681
27.837,raw,471,-5.5327,-7.5961,0.6519
27.837,raw,486,-5.2710,-7.9624,0.6359
27.837,raw,501,-5.0403,-8.3995,0.6090
27.837,raw,516,-4.2396,-7.9110,0.7063
27.837,raw,531,-4.4421,-9.1528,0.5689
27.837,raw,547,-4.1129,-9.5942,0.5402
27.837,raw,562,-3.7576,-9.9528,0.5191
27.837,raw,577,4.7885,-0.7374,1.2943
27.837,raw,592,4.6523,-0.5234,1.3146
27.837,raw,607,4.5084,-0.3233,1.3347
27.837,raw,623,4.3963,-0.1293,1.3500
27.837,raw,638,4.2800,0.0423,1.3648
27.837,raw,653,4.1869,0.2033,1.3759
27.837,raw,668,4.4814,0.3743,1.3412
27.837,raw,683,4.7679,0.5708,1.3064
27.837,raw,699,5.1635,0.8216,1.2574
27.837,raw,714,-6.4604,-7.8869,0.8103
27.837,raw,729,-6.2167,-8.3210,0.7938
27.837,raw,744,-5.9355,-8.7312,0.7793
27.837,raw,759,-5.6485,-9.1585,0.7619
27.837,raw,775,-4.2698,-7.8561,0.9320
27.837,raw,790,-4.9825,-10.0246,0.7248
27.837,raw,805,-4.6259,-10.4360,0.7060
27.837,raw,820,-4.2704,-10.8963,0.6810
27.837,raw,835,-3.8818,-11.3379,0.6567
27.837,raw,851,-3.5423,-12.1176,0.5993
27.837,raw,866,-3.1588,-12.8125,0.5482
27.837,raw,881,4.7981,-0.7395,1.3964
27.837,raw,896,4.6491,-0.5229,1.4138
27.837,raw,911,4.5349,-0.3267,1.4270
27.837,raw,926,4.4120,-0.1419,1.4401
27.837,raw,942,4.2855,0.0420,1.4529
27.837,raw,957,4.2117,0.2034,1.4600
27.837,raw,972,4.4815,0.3743,1.4346
27.837,raw,987,4.7821,0.5721,1.4056
27.837,raw,1002,5.1389,0.8048,1.3704
27.837,raw,1018,-7.6012,-8.0834,0.9989
27.837,raw,1033,-7.3165,-8.5147,0.9907
27.837,raw,1048,-7.0464,-8.9813,0.9785
27.837,raw,1063,-6.7350,-9.4200,0.9681
27.837,raw,1078,-6.4456,-9.9150,0.9521
27.837,raw,1094,-4.5523,-7.9522,1.1372
27.837,raw,1109,-4.0895,-7.9752,1.1521
27.837,raw,1124,-5.3675,-11.3646,0.9043
27.837,raw,1139,-4.9977,-11.9007,0.8821
27.837,raw,1154,-4.5591,-12.3436,0.8661
27.837,raw,1170,-4.2016,-13.1980,0.8197
27.837,raw,1185,-3.8620,-14.1798,0.7627
27.837,raw,1200,-3.4291,-15.0903,0.7104
27.837,raw,1215,-2.9620,-16.1588,0.6460
27.837,raw,1230,-2.5061,-17.7823,0.5419
27.837,raw,1246,4.6984,-0.6304,1.5074
27.837,raw,1261,4.5965,-0.4299,1.5167
27.837,raw,1276,4.4590,-0.2369,1.5279
27.837,raw,1291,4.3354,-0.0584,1.5375
27.837,raw,1306,4.2521,0.1075,1.5437
27.837,raw,1322,4.3233,0.2799,1.5388
27.837,raw,1337,4.6076,0.4623,1.5186
27.837,raw,1352,4.9615,0.6780,1.4930
27.837,raw,1367,-10.2258,-5.1441,1.2531
27.837,raw,1382,-10.0812,-5.6556,1.2482
27.837,raw,1398,-9.8600,-6.1738,1.2450
27.837,raw,1413,-9.6279,-6.6510,1.2422
27.837,raw,1428,-9.4822,-7.1999,1.2332
27.837,raw,1443,-9.2106,-7.6704,1.2299
27.837,raw,1458,-8.9037,-8.1195,1.2274
27.837,raw,1474,-8.6062,-8.6362,1.2214
27.837,raw,1489,-8.3217,-9.1321,1.2145
27.837,raw,1504,-8.0542,-9.6690,1.2047
27.837,raw,1519,-7.7443,-10.1844,1.1957
27.837,raw,1534,-7.4105,-10.6977,1.1863
27.837,raw,1550,-7.0522,-11.2795,1.1739
27.837,raw,1565,-4.3062,-7.8644,1.3721
27.837,raw,1580,-4.0243,-8.1940,1.3655
27.837,raw,1595,-5.9340,-13.0306,1.1299
27.837,raw,1610,-5.4813,-13.5794,1.1159
27.837,raw,1626,-5.1005,-14.5161,1.0830
27.837,raw,1641,-4.7326,-15.5557,1.0441
27.837,raw,1656,-4.4522,-17.1710,0.9777
27.837,raw,1671,-5.0201,-22.8426,0.7215
27.837,raw,1686,-4.3069,-24.5125,0.6541
27.837,raw,1702,-3.2303,-25.1404,0.6343
27.837,raw,1717,-2.1855,-25.7610,0.6123
27.837,raw,1732,-1.0925,-26.3105,0.5915
27.837,raw,1747,0.0443,-26.7351,0.5742
27.837,raw,1762,1.2199,-27.3175,0.5475
27.837,raw,1778,2.5338,-27.9630,0.5153
27.837,raw,1793,4.7431,-0.6896,1.6045
27.837,raw,1808,4.6185,-0.4814,1.6118
27.837,raw,1823,4.4923,-0.2866,1.6188
27.837,raw,1838,4.3623,-0.1044,1.6255
27.837,raw,1853,4.2614,0.0644,1.6305
27.837,raw,1869,4.2505,0.2355,1.6311
27.837,raw,1884,4.5280,0.4110,1.6182
27.837,raw,1899,4.8383,0.6145,1.6034
27.837,raw,1914,23.1122,10.0379,0.6791
27.837,raw,1929,-17.9401,20.6483,0.5453
27.837,raw,1945,-17.4570,18.3596,0.6361
27.837,raw,1960,-16.9395,16.3782,0.7157
27.837,raw,1975,-16.3513,14.5318,0.7915
27.837,raw,1990,-15.8495,12.9321,0.8552
27.837,raw,2005,-15.3816,11.5022,0.9111
27.837,raw,2021,-11.1362,7.7033,1.1681
27.837,raw,2036,-14.6645,9.0709,0.9986
27.837,raw,2051,-14.1933,7.9642,1.0418
27.837,raw,2066,-14.2431,0.1878,1.4738
27.837,raw,2081,-13.9680,-0.4380,1.4795
27.837,raw,2097,-8.1825,-0.5898,1.6068
27.837,raw,2112,-8.1799,-0.9703,1.6059
27.837,raw,2127,-13.2475,-2.2545,1.4910
27.837,raw,2142,-13.0198,-2.8221,1.4935
27.837,raw,2157,-12.7940,-3.3814,1.4954
27.837,raw,2173,-12.5578,-3.9723,1.4967
27.837,raw,2188,-12.1441,-4.4516,1.5019
27.837,raw,2203,-11.9268,-4.9917,1.5021
27.837,raw,2218,-11.7298,-5.5420,1.5011
27.837,raw,2233,-11.5628,-6.1132,1.4989
27.837,raw,2249,-11.2425,-6.6527,1.4993
27.837,raw,2264,-11.0235,-7.2098,1.4970
27.837,raw,2279,-10.7807,-7.7624,1.4947
27.837,raw,2294,-10.4611,-8.2689,1.4937
27.837,raw,2309,-10.2255,-8.8522,1.4897
27.837,raw,2325,-9.8814,-9.4141,1.4872
27.837,raw,2340,-9.7361,-10.1341,1.4785
27.837,raw,2355,-9.3569,-10.6500,1.4761
27.837,raw,2370,-9.1304,-11.3654,1.4675
27.837,raw,2385,-8.7285,-11.9087,1.4636
27.837,raw,2401,-8.4814,-12.7809,1.4513
27.837,raw,2416,-8.0599,-13.3883,1.4453
27.837,raw,2431,-7.6115,-13.9985,1.4389
27.837,raw,2446,-7.3462,-15.0193,1.4219
27.837,raw,2461,-8.6795,-19.6393,1.3174
27.837,raw,2477,-8.1762,-21.0618,1.2931
27.837,raw,2492,-7.6684,-22.5723,1.2660
27.837,raw,2507,-7.1869,-24.5279,1.2285
27.837,raw,2522,-6.5414,-26.4450,1.1918
27.837,raw,2537,-5.5280,-27.3669,1.1773
27.837,raw,2553,-4.3205,-27.9985,1.1687
27.837,raw,2568,-3.1616,-28.6543,1.1582
27.837,raw,2583,-1.9609,-29.3304,1.1462
27.837,raw,2598,-0.7171,-30.1578,1.1297
27.837,raw,2613,0.5935,-30.9620,1.1125
27.837,raw,2629,2.0533,-31.5054,1.0997
27.837,raw,2644,3.4775,-32.0638,1.0852
27.837,raw,2659,4.9987,-32.8991,1.0631
27.837,raw,2674,4.8105,-0.7938,1.7033
27.837,raw,2689,4.6817,-0.5777,1.7070
27.837,raw,2705,4.5298,-0.3611,1.7111
27.837,raw,2720,4.4167,-0.1760,1.7140
27.837,raw,2735,4.3198,-0.0029,1.7165
27.837,raw,2750,4.1945,0.1613,1.7193
27.837,raw,2765,4.4124,0.3265,1.7145
27.837,raw,2780,4.7005,0.5166,1.7079
27.837,raw,2796,5.0672,0.7556,1.6993
27.837,raw,2811,-23.4777,25.1450,1.0357
27.837,raw,2826,-22.3387,21.9972,1.1025
27.837,raw,2841,-20.9640,18.9864,1.1698
27.837,raw,2856,-20.0820,16.7033,1.2170
27.837,raw,2872,-19.3285,14.6527,1.2577
27.837,raw,2887,-11.0268,7.8701,1.4936
27.837,raw,2902,-18.1467,11.4677,1.3184
27.837,raw,2917,-17.9825,10.3062,1.3343
27.837,raw,2932,-17.5014,9.0563,1.3564
27.837,raw,2948,-17.0366,7.8460,1.3769
27.837,raw,2963,-16.6257,6.8023,1.3941
27.837,raw,2978,-16.5625,5.9445,1.4018
27.837,raw,2993,-16.2013,5.0306,1.4154
27.837,raw,3008,-15.8553,4.1736,1.4277
27.837,raw,3024,-15.4876,3.3118,1.4397
27.837,raw,3039,-15.1921,2.5558,1.4489
27.837,raw,3054,-14.9000,1.8351,1.4574
27.837,raw,3069,-14.6278,1.1474,1.4646
27.837,raw,3084,-14.3719,0.4872,1.4709
27.837,raw,3100,-18.9024,-0.2606,1.8263
27.837,raw,3115,-32.8426,-2.0274,1.8453
27.837,raw,3130,-31.7820,-3.3615,1.8441
27.837,raw,3145,-31.1832,-4.6874,1.8435
27.837,raw,3160,-30.3749,-5.9375,1.8427
27.837,raw,3176,-29.5583,-7.2284,1.8420
27.837,raw,3191,-28.8206,-8.4046,1.8414
27.837,raw,3206,-28.0837,-9.5468,1.8410
27.837,raw,3221,-27.3759,-10.6697,1.8406
27.837,raw,3236,-26.6706,-11.7700,1.8403
27.837,raw,3252,-25.9416,-12.9338,1.8400
27.837,raw,3267,-25.2562,-14.0106,1.8399
27.837,raw,3282,-24.5659,-15.0763,1.8398
27.837,raw,3297,-23.8914,-16.1488,1.8398
27.837,raw,3312,-23.2251,-17.2312,1.8399
27.837,raw,3328,-22.4918,-18.3802,1.8401
27.837,raw,3343,-21.7875,-19.4591,1.8403
27.837,raw,3358,-21.1059,-20.5819,1.8406
27.837,raw,3373,-20.3984,-21.7131,1.8411
27.837,raw,3388,-19.7227,-22.9236,1.8416
27.837,raw,3404,-18.9539,-24.2258,1.8423
27.837,raw,3419,-18.2152,-25.4978,1.8431
27.837,raw,3434,-17.4572,-26.8331,1.8440
27.837,raw,3449,-16.6679,-28.2315,1.8450
27.837,raw,3464,-15.8249,-29.6734,1.8461
27.837,raw,3480,-14.8837,-31.3113,1.8475
27.837,raw,3495,4.7189,-0.6344,1.8058
27.837,raw,3510,4.5798,-0.4273,1.8055
27.837,raw,3525,4.4329,-0.2340,1.8053
27.837,raw,3540,4.3493,-0.0594,1.8052
27.837,raw,3556,4.2249,0.1187,1.8050
27.837,raw,3571,4.3323,0.2801,1.8051
27.837,raw,3586,4.6057,0.4622,1.8055
27.837,raw,3601,4.9498,0.6767,1.8060
27.837,raw,3616,-34.7397,1.3981,1.8478
27.837,raw,3632,-16.6422,0.0390,2.2258
27.837,raw,3647,-16.4557,-0.6929,2.2217
27.837,raw,3662,-16.7031,-1.4534,2.2292
27.837,raw,3677,-16.9729,-2.8118,2.2403
27.837,raw,3692,-17.4939,-3.7080,2.2572
27.837,raw,3707,-16.4415,-4.5688,2.2370
27.837,raw,3723,-16.7328,-6.3010,2.2572
27.837,raw,3738,-14.5757,-7.9612,2.2256
27.837,raw,3753,-19.6495,-24.2214,2.5850
27.837,raw,3768,4.6983,-0.6428,1.9051
27.837,raw,3783,4.5995,-0.4423,1.9018
27.837,raw,3799,4.4668,-0.2378,1.8979
27.837,raw,3814,4.3374,-0.0586,1.8943
27.837,raw,3829,4.2293,0.1080,1.8915
27.837,raw,3844,4.3050,0.2686,1.8933
27.837,raw,3859,4.5880,0.4493,1.9005
27.837,raw,3875,4.9500,0.6767,1.9100
27.837,raw,3890,-16.7397,0.3851,2.2282
27.837,raw,3905,-32.0087,-4.0508,3.3831
27.837,raw,3920,-25.9258,-14.2803,3.2548
27.837,raw,3935,-19.7045,-24.5765,3.3428
27.837,raw,3951,4.6778,-0.5893,2.0031
27.837,raw,3966,4.5630,-0.3893,1.9961
27.837,raw,3981,4.4372,-0.2005,1.9889
27.837,raw,3996,4.3390,-0.0258,1.9836
27.837,raw,4011,4.2140,0.1400,1.9773
27.837,raw,4027,4.3811,0.3144,1.9854
27.837,raw,4042,4.6770,0.5028,2.0001
27.837,raw,4057,5.0430,0.7263,2.0187
27.837,raw,4072,-14.8122,-4.9822,2.9621
27.837,raw,4087,-11.4836,-8.6229,2.8694
27.837,raw,4103,4.6937,-0.5923,2.1033
27.837,raw,4118,4.5721,-0.3906,2.0923
27.837,raw,4133,4.4363,-0.2004,2.0810
27.837,raw,4148,4.3102,-0.0241,2.0709
27.837,raw,4163,4.2183,0.1400,2.0639
27.837,raw,4179,4.3729,0.3141,2.0751
27.837,raw,4194,4.6756,0.5027,2.0976
27.837,raw,4209,5.0198,0.7235,2.1237
27.837,raw,4224,-19.5907,-0.2187,3.7192
27.837,raw,4239,-19.3216,-1.0712,3.6970
27.837,raw,4255,-19.0388,-1.9606,3.6774
27.837,raw,4270,-18.3210,-2.7091,3.6189
27.837,raw,4285,-18.2733,-3.7634,3.6324
27.837,raw,4300,-17.9778,-4.6567,3.6245
27.837,raw,4315,-16.7571,-8.8193,3.6590
27.837,raw,4331,4.2872,0.0096,2.1577
27.837,raw,4346,4.1942,0.1718,2.1484
27.837,raw,4361,-18.5358,0.3503,3.6183
27.837,raw,4376,-16.3919,-0.3483,3.8160
27.837,raw,4391,-16.1698,-1.0638,3.7941
27.837,raw,4407,-15.9623,-1.8146,3.7783
27.837,raw,4422,-15.5388,-2.4707,3.7395
27.837,raw,4437,-15.3455,-3.1479,3.7318
27.837,raw,4452,-15.1079,-3.8093,3.7221
27.837,raw,4467,-14.9211,-4.4801,3.7221
27.837,raw,4483,-14.7153,-5.3433,3.7313
27.837,raw,4498,-14.5212,-6.0198,3.7388
27.837,raw,4513,-14.2968,-6.6897,3.7463
27.837,raw,4528,-14.0919,-7.3774,3.7604
27.837,raw,4543,-13.8625,-8.0643,3.7756
29.047,raw,0,4.8200,-0.8048,0.9709
29.047,raw,15,4.7081,-0.5906,0.9998
29.047,raw,30,4.5731,-0.3861,1.0312
29.047,raw,45,4.4384,-0.1957,1.0607
29.047,raw,60,4.3174,-0.0193,1.0860
29.047,raw,76,4.2018,0.1563,1.1088
29.047,raw,91,4.3786,0.3205,1.0752
29.047,raw,106,4.6474,0.5075,1.0228
29.047,raw,121,5.0068,0.7298,0.9514
29.047,raw,136,4.7637,-0.6896,1.0904
29.047,raw,152,4.6250,-0.4658,1.1195
29.047,raw,167,4.4781,-0.2686,1.1478
29.047,raw,182,4.3659,-0.0885,1.1689
29.047,raw,197,4.2589,0.0807,1.1879
29.047,raw,213,4.2365,0.2519,1.1918
29.047,raw,228,4.5598,0.4310,1.1377
29.047,raw,243,4.8554,0.6362,1.0866
29.047,raw,258,-5.3341,-6.2048,0.5844
29.047,raw,273,-5.1211,-6.5328,0.5696
29.047,raw,289,-4.8651,-6.8630,0.5559
29.047,raw,304,-4.6421,-7.2124,0.5348
29.047,raw,319,-4.3797,-7.5253,0.5187
29.047,raw,334,4.8229,-0.7925,1.1829
29.047,raw,349,4.6723,-0.5716,1.2098
29.047,raw,365,4.5420,-0.3581,1.2326
29.047,raw,380,4.4341,-0.1726,1.2506
29.047,raw,395,4.3154,0.0026,1.2690
29.047,raw,410,4.1971,0.1669,1.2862
29.047,raw,426,4.4353,0.3449,1.2524
29.047,raw,441,4.7106,0.5365,1.2123
29.047,raw,456,5.0340,0.7594,1.1640
29.047,raw,471,-5.7023,-6.9288,0.6997
29.047,raw,486,-5.4714,-7.2929,0.6845
29.047,raw,502,-5.2270,-7.7066,0.6635
29.047,raw,517,-4.9705,-8.0819,0.6448
29.047,raw,532,-4.3477,-7.8791,0.7035
29.047,raw,547,-4.0770,-8.2315,0.6836
29.047,raw,563,-4.0845,-9.2527,0.5777
29.047,raw,578,-3.7700,-9.6651,0.5496
29.047,raw,593,-3.4205,-10.0471,0.5239
29.047,raw,608,4.8062,-0.7757,1.2901
29.047,raw,623,4.6696,-0.5588,1.3107
29.047,raw,639,4.5381,-0.3458,1.3297
29.047,raw,654,4.4356,-0.1614,1.3439
29.047,raw,669,4.3195,0.0134,1.3588
29.047,raw,684,4.1839,0.1775,1.3751
29.047,raw,699,4.4220,0.3444,1.3470
29.047,raw,715,4.7236,0.5497,1.3106
29.047,raw,730,5.0927,0.7801,1.2650
29.047,raw,745,-6.3202,-7.5898,0.8401
29.047,raw,760,-6.1087,-8.0395,0.8208
29.047,raw,776,-5.8301,-8.4818,0.8041
29.047,raw,791,-5.5104,-8.8378,0.7941
29.047,raw,806,-4.3788,-7.8781,0.9254
29.047,raw,821,-4.0554,-8.1350,0.9198
29.047,raw,836,-4.5918,-10.1404,0.7322
29.047,raw,852,-4.2168,-10.6051,0.7079
29.047,raw,867,-3.8476,-11.0582,0.6822
29.047,raw,882,-3.4851,-11.6086,0.6458
29.047,raw,897,-3.1407,-12.3447,0.5904
29.047,raw,913,-2.7417,-13.2450,0.5194
29.047,raw,928,4.7215,-0.6557,1.4039
29.047,raw,943,4.5806,-0.4467,1.4202
29.047,raw,958,4.4783,-0.2571,1.4320
29.047,raw,973,4.3536,-0.0765,1.4450
29.047,raw,989,4.2421,0.1025,1.4561
29.047,raw,1004,4.2935,0.2636,1.4514
29.047,raw,1019,4.5677,0.4431,1.4254
29.047,raw,1034,4.8949,0.6529,1.3935
29.047,raw,1049,-7.5669,-7.5464,1.0270
29.047,raw,1065,-7.2962,-8.0086,1.0176
29.047,raw,1080,-7.0455,-8.4641,1.0061
29.047,raw,1095,-6.7356,-8.8703,0.9983
29.047,raw,1110,-6.4764,-9.3636,0.9822
29.047,raw,1126,-6.1025,-9.7854,0.9731
29.047,raw,1141,-4.3385,-7.8639,1.1503
29.047,raw,1156,-4.0372,-8.1586,1.1431
29.047,raw,1171,-5.0949,-11.2382,0.9207
29.047,raw,1186,-4.7192,-11.7483,0.8998
29.047,raw,1202,-4.3057,-12.3426,0.8727
29.047,raw,1217,-3.9557,-13.1176,0.8306
29.047,raw,1232,-3.6126,-14.1095,0.7723
29.047,raw,1247,-3.1765,-15.0317,0.7186
29.047,raw,1262,-2.6928,-16.0653,0.6561
29.047,raw,1278,-2.1538,-17.6020,0.5580
29.047,raw,1293,4.7223,-0.6684,1.5046
29.047,raw,1308,4.5981,-0.4615,1.5156
29.047,raw,1323,4.5033,-0.2715,1.5238
29.047,raw,1339,4.3444,-0.0759,1.5360
29.047,raw,1354,4.2670,0.0912,1.5419
29.047,raw,1369,4.2769,0.2525,1.5413
29.047,raw,1384,4.5415,0.4299,1.5226
29.047,raw,1399,4.8610,0.6367,1.4995
29.047,raw,1415,-10.0274,-4.9758,1.2650
29.047,raw,1430,-9.7944,-5.4257,1.2650
29.047,raw,1445,-9.5853,-5.8912,1.2628
29.047,raw,1460,-9.4311,-6.3993,1.2563
29.047,raw,1476,-9.1985,-6.9094,1.2518
29.047,raw,1491,-8.9740,-7.3945,1.2465
29.047,raw,1506,-8.7359,-7.8823,1.2406
29.047,raw,1521,-8.4175,-8.3105,1.2382
29.047,raw,1536,-8.1651,-8.8151,1.2302
29.047,raw,1552,-7.8407,-9.3178,1.2233
29.047,raw,1567,-7.5758,-9.8593,1.2122
29.047,raw,1582,-7.2596,-10.3684,1.2027
29.047,raw,1597,-6.8788,-10.8156,1.1960
29.047,raw,1612,-4.4025,-7.8648,1.3700
29.047,raw,1628,-4.0250,-8.0798,1.3701
29.047,raw,1643,-5.7691,-12.5163,1.1544
29.047,raw,1658,-5.3861,-13.1613,1.1352
29.047,raw,1673,-4.9580,-13.7940,1.1161
29.047,raw,1689,-4.6255,-14.9616,1.0714
29.047,raw,1704,-4.2304,-16.0679,1.0288
29.047,raw,1719,-4.0050,-18.2056,0.9375
29.047,raw,1734,-4.2186,-23.4097,0.7042
29.047,raw,1749,-3.3524,-24.5855,0.6584
29.047,raw,1765,-2.2640,-25.2372,0.6355
29.047,raw,1780,-1.1935,-25.7587,0.6162
29.047,raw,1795,-0.0835,-26.2473,0.5962
29.047,raw,1810,1.0680,-26.8142,0.5705
29.047,raw,1826,2.3567,-27.4832,0.5375
29.047,raw,1841,3.6299,-28.1272,0.5033
29.047,raw,1856,4.7138,-0.6166,1.6060
29.047,raw,1871,4.5789,-0.4107,1.6136
29.047,raw,1886,4.4569,-0.2204,1.6202
29.047,raw,1902,4.3306,-0.0310,1.6267
29.047,raw,1917,4.2323,0.1347,1.6314
29.047,raw,1932,4.3373,0.2973,1.6266
29.047,raw,1947,4.6289,0.4824,1.6129
29.047,raw,1962,4.9505,0.6973,1.5975
29.047,raw,1978,-18.1537,21.6888,0.5038
29.047,raw,1993,-17.2691,18.9712,0.6224
29.047,raw,2008,-16.8211,16.9857,0.7010
29.047,raw,2023,-16.2957,15.1278,0.7761
29.047,raw,2039,-15.9014,13.4789,0.8383
29.047,raw,2054,-15.1967,11.8250,0.9097
29.047,raw,2069,-11.0462,8.0065,1.1644
29.047,raw,2084,-14.4396,9.3835,1.0006
29.047,raw,2099,-14.1311,8.3457,1.0365
29.047,raw,2115,-13.6510,7.2457,1.0792
29.047,raw,2130,-13.4968,-0.1461,1.4904
29.047,raw,2145,-13.2623,-0.7364,1.4950
29.047,raw,2160,-8.1101,-0.7643,1.6082
29.047,raw,2175,-12.7938,-1.8685,1.5025
29.047,raw,2191,-12.5386,-2.4492,1.5058
29.047,raw,2206,-12.3290,-2.9893,1.5077
29.047,raw,2221,-12.1001,-3.5171,1.5095
29.047,raw,2236,-11.8999,-4.0483,1.5102
29.047,raw,2252,-11.6034,-4.5804,1.5123
29.047,raw,2267,-11.4232,-5.1153,1.5114
29.047,raw,2282,-11.2464,-5.6569,1.5098
29.047,raw,2297,-11.0828,-6.2139,1.5073
29.047,raw,2312,-10.8154,-6.7204,1.5068
29.047,raw,2328,-10.5599,-7.2848,1.5048
29.047,raw,2343,-10.2417,-7.7665,1.5044
29.047,raw,2358,-10.0039,-8.3165,1.5012
29.047,raw,2373,-9.6870,-8.8152,1.4994
29.047,raw,2389,-9.4189,-9.4271,1.4946
29.047,raw,2404,-9.1127,-9.9710,1.4908
29.047,raw,2419,-8.8239,-10.5592,1.4855
29.047,raw,2434,-8.4728,-11.1042,1.4812
29.047,raw,2449,-8.1561,-11.7270,1.4745
29.047,raw,2465,-7.7578,-12.3543,1.4682
29.047,raw,2480,-4.3537,-7.9418,1.5906
29.047,raw,2495,-7.0204,-13.7105,1.4508
29.047,raw,2510,-6.5819,-14.3666,1.4424
29.047,raw,2525,-6.1170,-15.0478,1.4331
29.047,raw,2541,-7.6517,-21.2021,1.2945
29.047,raw,2556,-7.2085,-22.9930,1.2606
29.047,raw,2571,-6.6057,-24.7145,1.2282
29.047,raw,2586,-5.8720,-26.4404,1.1955
29.047,raw,2602,-4.7116,-27.0751,1.1872
29.047,raw,2617,-3.5965,-27.7161,1.1774
29.047,raw,2632,-2.4479,-28.4264,1.1650
29.047,raw,2647,-1.2548,-29.2412,1.1492
29.047,raw,2662,0.0020,-30.0714,1.1320
29.047,raw,2678,1.4101,-30.6317,1.1195
29.047,raw,2693,2.7853,-31.2247,1.1049
29.047,raw,2708,4.2419,-32.0052,1.0847
29.047,raw,2723,5.7985,-32.8969,1.0605
29.047,raw,2739,4.7651,-0.7153,1.7044
29.047,raw,2754,4.6466,-0.5058,1.7078
29.047,raw,2769,4.5276,-0.3094,1.7111
29.047,raw,2784,4.3867,-0.1235,1.7146
29.047,raw,2799,4.2852,0.0474,1.7170
29.047,raw,2815,4.2077,0.2197,1.7188
29.047,raw,2830,4.4773,0.3920,1.7128
29.047,raw,2845,4.8132,0.5946,1.7050
29.047,raw,2860,5.1462,0.8274,1.6971
29.047,raw,2875,-22.7393,23.5039,1.0732
29.047,raw,2891,-21.2418,20.0847,1.1492
29.047,raw,2906,-20.2525,17.5983,1.2018
29.047,raw,2921,-19.1169,15.2555,1.2537
29.047,raw,2936,-18.4583,13.4916,1.2884
29.047,raw,2952,-11.2745,7.6760,1.4916
29.047,raw,2967,-17.2493,10.4169,1.3474
29.047,raw,2982,-17.0999,9.3434,1.3617
29.047,raw,2997,-16.6528,8.1910,1.3818
29.047,raw,3012,-16.2376,7.1350,1.3995
29.047,raw,3028,-15.7887,6.0860,1.4171
29.047,raw,3043,-15.7308,5.2843,1.4240
29.047,raw,3058,-15.4028,4.4370,1.4362
29.047,raw,3073,-15.0416,3.6295,1.4481
29.047,raw,3088,-14.7246,2.8760,1.4582
29.047,raw,3104,-14.4224,2.1192,1.4673
29.047,raw,3119,-14.1492,1.4438,1.4749
29.047,raw,3134,-13.8804,0.7970,1.4817
29.047,raw,3149,-13.6383,0.1757,1.4874
29.047,raw,3165,-29.0170,-1.1175,1.8401
29.047,raw,3180,-8.4562,-0.5940,1.8122
29.047,raw,3195,-8.3024,-0.9659,1.8121
29.047,raw,3210,-24.8051,-4.2515,1.8348
29.047,raw,3225,-23.6428,-5.1307,1.8335
29.047,raw,3241,-22.4774,-5.9955,1.8323
29.047,raw,3256,-15.1075,-4.7447,1.8222
29.047,raw,3271,-20.5087,-7.4626,1.8303
29.047,raw,3286,-14.8270,-6.1569,1.8225
29.047,raw,3302,-15.3227,-7.2328,1.8237
29.047,raw,3317,-17.8836,-9.4214,1.8281
29.047,raw,3332,-17.1029,-10.0042,1.8276
29.047,raw,3347,-16.3572,-10.5699,1.8271
29.047,raw,3362,-15.6228,-11.1095,1.8267
29.047,raw,3378,-14.8669,-11.6712,1.8263
29.047,raw,3393,-14.1925,-12.1986,1.8261
29.047,raw,3408,-13.5041,-12.6925,1.8258
29.047,raw,3423,-12.8318,-13.1815,1.8256
29.047,raw,3438,-12.2350,-13.7363,1.8256
29.047,raw,3454,-11.7173,-14.4715,1.8259
29.047,raw,3469,-16.4874,-22.0682,1.8380
29.047,raw,3484,-15.8612,-23.2811,1.8388
29.047,raw,3499,-15.1763,-24.5038,1.8397
29.047,raw,3515,-14.4274,-25.9032,1.8408
29.047,raw,3530,-13.6824,-27.2849,1.8419
29.047,raw,3545,-12.8817,-28.7280,1.8432
29.047,raw,3560,-12.0525,-30.3215,1.8447
29.047,raw,3575,-11.1343,-31.9623,1.8463
29.047,raw,3591,4.7941,-0.7344,1.8059
29.047,raw,3606,4.6392,-0.5167,1.8057
29.047,raw,3621,4.5349,-0.3220,1.8055
29.047,raw,3636,4.3876,-0.1347,1.8052
29.047,raw,3652,4.2787,0.0477,1.8051
29.047,raw,3667,4.1801,0.2090,1.8049
29.047,raw,3682,4.4594,0.3798,1.8053
29.047,raw,3697,4.7600,0.5773,1.8058
29.047,raw,3712,5.1464,0.8140,1.8063
29.047,raw,3728,-33.4880,5.7728,1.8467
29.047,raw,3743,-32.7040,4.1823,1.8453
29.047,raw,3758,-31.7413,2.6617,1.8438
29.047,raw,3773,-30.8834,1.2375,1.8426
29.047,raw,3788,-18.1858,-0.3136,2.2639
29.047,raw,3804,-15.9698,-1.9247,2.2122
29.047,raw,3819,-15.2278,-4.7827,2.2095
29.047,raw,3834,-15.5408,-7.2788,2.2391
29.047,raw,3849,-29.6626,-18.4466,2.6792
29.047,raw,3865,4.8073,-0.7889,1.9088
29.047,raw,3880,4.6890,-0.5747,1.9048
29.047,raw,3895,4.5464,-0.3705,1.9005
29.047,raw,3910,4.4299,-0.1835,1.8971
29.047,raw,3925,4.2980,-0.0073,1.8935
29.047,raw,3941,4.1872,0.1670,1.8907
29.047,raw,3956,4.3871,0.3319,1.8957
29.047,raw,3971,4.6707,0.5213,1.9029
29.047,raw,3986,5.0345,0.7463,1.9125
29.047,raw,4001,-31.9130,-3.7826,3.3764
29.047,raw,4017,-26.0503,-13.9792,3.2528
29.047,raw,4032,-19.8389,-24.1975,3.3326
29.047,raw,4047,4.7272,-0.6568,2.0066
29.047,raw,4062,4.5985,-0.4496,1.9987
29.047,raw,4078,4.4737,-0.2451,1.9914
29.047,raw,4093,4.3544,-0.0655,1.9849
29.047,raw,4108,4.2463,0.1024,1.9793
29.047,raw,4123,4.2953,0.2636,1.9817
29.047,raw,4138,4.5632,0.4428,1.9949
29.047,raw,4154,4.9040,0.6666,2.0122
29.047,raw,4169,-15.6649,-2.2177,2.9745
29.047,raw,4184,-25.8441,-14.4589,3.9643
29.047,raw,4199,4.7356,-0.6585,2.1079
29.047,raw,4215,4.5839,-0.4353,2.0944
29.047,raw,4230,4.4511,-0.2426,2.0831
29.047,raw,4245,4.3410,-0.0646,2.0741
29.047,raw,4260,4.2329,0.1028,2.0658
29.047,raw,4275,4.2889,0.2635,2.0698
29.047,raw,4291,4.5996,0.4568,2.0926
29.047,raw,4306,4.9016,0.6663,2.1155
29.047,raw,4321,-19.6178,-0.1207,3.7206
29.047,raw,4336,-17.5259,-6.1429,3.6239
29.047,raw,4351,4.2597,0.0806,2.1558
29.047,raw,4367,4.2770,0.2525,2.1573
29.047,raw,4382,-16.4038,-0.3627,3.8162
29.047,raw,4397,-16.1796,-1.0780,3.7942
29.047,raw,4412,-15.9825,-1.7818,3.7790
29.047,raw,4428,-15.5012,-2.4767,3.7340
29.047,raw,4443,-15.3247,-3.1553,3.7284
29.047,raw,4458,-15.1150,-3.8225,3.7221
29.047,raw,4473,-14.8985,-4.4843,3.7186
29.047,raw,4488,-14.7226,-5.3071,3.7295
29.047,raw,4504,-14.4936,-6.0191,3.7347
29.047,raw,4519,-14.2641,-6.6851,3.7415
29.047,raw,4534,-14.0807,-7.3821,3.7585
29.047,raw,4549,-13.8482,-8.0666,3.7733
30.122,raw,0,4.7996,-0.8352,0.9701
30.122,raw,15,4.6543,-0.6145,1.0054
30.122,raw,31,4.5015,-0.3969,1.0405
30.122,raw,46,4.3933,-0.2117,1.0648
30.122,raw,62,4.2866,-0.0264,1.0874
30.122,raw,78,4.1658,0.1483,1.1110
30.122,raw,93,4.3858,0.3147,1.0691
30.122,raw,109,4.6956,0.5201,1.0085
30.122,raw,125,5.0827,0.7658,0.9311
30.122,raw,140,4.6976,-0.6601,1.0990
30.122,raw,156,4.5493,-0.4393,1.1292
30.122,raw,172,4.4231,-0.2373,1.1539
30.122,raw,187,4.2981,-0.0598,1.1766
30.122,raw,203,4.1857,0.1165,1.1961
30.122,raw,218,4.3171,0.2791,1.1743
30.122,raw,234,4.6401,0.4795,1.1197
30.122,raw,250,5.0115,0.7170,1.0552
30.122,raw,265,-5.2828,-6.4078,0.5733
30.122,raw,281,-5.0503,-6.7615,0.5563
30.122,raw,297,-4.7946,-7.1037,0.5400
30.122,raw,312,-4.5271,-7.4016,0.5272
30.122,raw,328,-4.2547,-7.7595,0.5052
30.122,raw,344,4.6927,-0.6717,1.2018
30.122,raw,359,4.5831,-0.4683,1.2219
30.122,raw,375,4.4432,-0.2622,1.2451
30.122,raw,390,4.3220,-0.0832,1.2642
30.122,raw,406,4.1983,0.0950,1.2825
30.122,raw,422,4.3008,0.2677,1.2681
30.122,raw,437,4.6019,0.4529,1.2247
30.122,raw,453,4.9761,0.6866,1.1694
30.122,raw,469,-5.7952,-6.9484,0.6952
30.122,raw,484,-5.5604,-7.3091,0.6809
30.122,raw,500,-5.2668,-7.6565,0.6698
30.122,raw,516,-5.0172,-8.0873,0.6455
30.122,raw,531,-4.4127,-7.9170,0.7001
30.122,raw,547,-4.1089,-8.2680,0.6824
30.122,raw,562,-4.1208,-9.2302,0.5824
30.122,raw,578,-3.7826,-9.6592,0.5537
30.122,raw,594,-3.4035,-10.0474,0.5286
30.122,raw,609,4.7785,-0.7915,1.2908
30.122,raw,625,4.6103,-0.5574,1.3153
30.122,raw,641,4.4784,-0.3472,1.3342
30.122,raw,656,4.3679,-0.1644,1.3492
30.122,raw,672,4.2490,0.0187,1.3643
30.122,raw,688,4.1713,0.1904,1.3737
30.122,raw,703,4.4652,0.3633,1.3390
30.122,raw,719,4.7693,0.5757,1.3019
30.122,raw,734,-6.5474,-7.3511,0.8457
30.122,raw,750,-6.2987,-7.7893,0.8309
30.122,raw,766,-6.0040,-8.1942,0.8191
30.122,raw,781,-5.7559,-8.6331,0.8002
30.122,raw,797,-5.4452,-9.0675,0.7830
30.122,raw,813,-4.2192,-7.9629,0.9296
30.122,raw,828,-4.7677,-9.8801,0.7496
30.122,raw,844,-4.4019,-10.3290,0.7274
30.122,raw,860,-4.0084,-10.7717,0.7045
30.122,raw,875,-3.6359,-11.2402,0.6765
30.122,raw,891,-3.2901,-12.0053,0.6196
30.122,raw,906,-2.8993,-12.6754,0.5700
30.122,raw,922,4.7982,-0.8219,1.3921
30.122,raw,938,4.6567,-0.5902,1.4092
30.122,raw,953,4.4989,-0.3849,1.4267
30.122,raw,969,4.3959,-0.1893,1.4382
30.122,raw,985,4.2671,-0.0037,1.4513
30.122,raw,1000,4.1466,0.1589,1.4628
30.122,raw,1016,4.4040,0.3378,1.4386
30.122,raw,1032,4.7415,0.5485,1.4061
30.122,raw,1047,5.0987,0.7813,1.3708
30.122,raw,1063,-7.4436,-7.9252,1.0173
30.122,raw,1078,-7.1871,-8.3709,1.0070
30.122,raw,1094,-6.8737,-8.8216,0.9975
30.122,raw,1110,-6.5364,-9.2634,0.9879
30.122,raw,1125,-6.2400,-9.7291,0.9736
30.122,raw,1141,-4.4597,-7.8896,1.1470
30.122,raw,1157,-4.0738,-8.0907,1.1485
30.122,raw,1172,-5.1436,-11.1435,0.9276
30.122,raw,1188,-4.7533,-11.6971,0.9045
30.122,raw,1204,-4.3336,-12.2633,0.8795
30.122,raw,1219,-3.9740,-12.9910,0.8409
30.122,raw,1235,-3.5981,-13.9890,0.7829
30.122,raw,1250,-3.1593,-14.8714,0.7319
30.122,raw,1266,-2.6469,-15.9592,0.6661
30.122,raw,1282,-2.0969,-17.4012,0.5744
30.122,raw,1297,4.7403,-0.7447,1.5010
30.122,raw,1313,4.6057,-0.5202,1.5130
30.122,raw,1329,4.4651,-0.3108,1.5247
30.122,raw,1344,4.3494,-0.1294,1.5339
30.122,raw,1360,4.2417,0.0512,1.5420
30.122,raw,1376,4.2255,0.2229,1.5432
30.122,raw,1391,4.4976,0.3995,1.5240
30.122,raw,1407,4.8786,0.6243,1.4965
30.122,raw,1422,-10.2141,-5.0418,1.2576
30.122,raw,1438,-9.9541,-5.5240,1.2581
30.122,raw,1454,-9.7174,-6.0205,1.2562
30.122,raw,1469,-9.5513,-6.5287,1.2502
30.122,raw,1485,-9.3013,-7.0341,1.2463
30.122,raw,1501,-9.0612,-7.5591,1.2404
30.122,raw,1516,-8.7550,-7.9956,1.2382
30.122,raw,1532,-8.4522,-8.4922,1.2330
30.122,raw,1548,-8.1325,-8.9878,1.2272
30.122,raw,1563,-7.8631,-9.5055,1.2179
30.122,raw,1579,-7.5079,-10.0047,1.2107
30.122,raw,1594,-7.1889,-10.5166,1.2008
30.122,raw,1610,-6.8357,-11.0829,1.1887
30.122,raw,1626,-4.2516,-7.9115,1.3734
30.122,raw,1641,-6.0500,-12.1508,1.1650
30.122,raw,1657,-5.6399,-12.7826,1.1477
30.122,raw,1673,-5.1656,-13.3553,1.1327
30.122,raw,1688,-4.8324,-14.2768,1.0992
30.122,raw,1704,-4.4267,-15.3364,1.0596
30.122,raw,1720,-3.9680,-16.5133,1.0140
30.122,raw,1735,-3.9163,-19.7086,0.8733
30.122,raw,1751,-3.7074,-23.9533,0.6856
30.122,raw,1766,-2.7325,-24.6379,0.6615
30.122,raw,1782,-1.6290,-25.2391,0.6396
30.122,raw,1798,-0.4747,-25.7297,0.6205
30.122,raw,1813,0.6450,-26.2511,0.5976
30.122,raw,1829,1.8908,-26.8309,0.5696
30.122,raw,1845,3.2014,-27.4655,0.5364
30.122,raw,1860,4.4941,-28.0616,0.5025
30.122,raw,1876,4.6636,-0.6162,1.6074
30.122,raw,1892,4.5101,-0.3981,1.6159
30.122,raw,1907,4.3905,-0.2114,1.6223
30.122,raw,1923,4.2643,-0.0252,1.6287
30.122,raw,1938,4.1863,0.1376,1.6324
30.122,raw,1954,4.3693,0.3140,1.6240
30.122,raw,1970,4.6802,0.5187,1.6093
30.122,raw,1985,5.0449,0.7476,1.5917
30.122,raw,2001,25.4723,11.7683,0.5469
30.122,raw,2017,-18.2890,19.0030,0.5889
30.122,raw,2032,-17.5979,16.8096,0.6807
30.122,raw,2048,-16.8427,14.7018,0.7699
30.122,raw,2064,-16.2132,12.9133,0.8431
30.122,raw,2079,-15.7351,11.4761,0.8992
30.122,raw,2095,-11.3469,7.6350,1.1624
30.122,raw,2110,-14.8969,8.9685,0.9926
30.122,raw,2126,-14.3238,7.7588,1.0417
30.122,raw,2142,-14.1242,-0.0588,1.4771
30.122,raw,2157,-13.8171,-0.6725,1.4834
30.122,raw,2173,-8.1439,-0.7410,1.6081
30.122,raw,2189,-13.2703,-1.9224,1.4925
30.122,raw,2204,-13.0220,-2.4857,1.4958
30.122,raw,2220,-12.7384,-3.0687,1.4992
30.122,raw,2236,-12.4695,-3.6429,1.5016
30.122,raw,2251,-12.2249,-4.1753,1.5032
30.122,raw,2267,-11.8275,-4.6834,1.5076
30.122,raw,2282,-11.6294,-5.2204,1.5070
30.122,raw,2298,-11.4551,-5.8156,1.5049
30.122,raw,2314,-11.2282,-6.3930,1.5034
30.122,raw,2329,-10.9355,-6.8933,1.5033
30.122,raw,2345,-10.6739,-7.4629,1.5013
30.122,raw,2361,-10.3011,-7.9610,1.5016
30.122,raw,2376,-10.0536,-8.5120,1.4984
30.122,raw,2392,-9.7069,-9.0453,1.4965
30.122,raw,2408,-9.4281,-9.6588,1.4917
30.122,raw,2423,-9.0859,-10.1754,1.4888
30.122,raw,2439,-8.7433,-10.7746,1.4839
30.122,raw,2454,-8.3723,-11.3039,1.4799
30.122,raw,2470,-8.0423,-11.9940,1.4720
30.122,raw,2486,-7.6183,-12.6005,1.4661
30.122,raw,2501,-4.3535,-8.2495,1.5856
30.122,raw,2517,-6.8050,-13.9587,1.4490
30.122,raw,2533,-6.3289,-14.6726,1.4395
30.122,raw,2548,-5.8692,-15.4083,1.4286
30.122,raw,2564,-7.4061,-22.0228,1.2802
30.122,raw,2580,-6.8065,-23.7670,1.2478
30.122,raw,2595,-6.1313,-25.4621,1.2158
30.122,raw,2611,-5.1065,-26.5024,1.1986
30.122,raw,2626,-4.0084,-27.0601,1.1910
30.122,raw,2642,-2.8148,-27.7674,1.1792
30.122,raw,2658,-1.5772,-28.5820,1.1639
30.122,raw,2673,-0.3573,-29.3668,1.1480
30.122,raw,2689,1.0101,-29.8997,1.1364
30.122,raw,2705,2.4289,-30.4352,1.1234
30.122,raw,2720,3.8354,-31.1654,1.1047
30.122,raw,2736,5.4302,-32.0107,1.0817
30.122,raw,2752,7.2941,-33.6948,1.0379
30.122,raw,2767,4.6698,-0.6546,1.7063
30.122,raw,2783,4.5496,-0.4393,1.7097
30.122,raw,2798,4.4149,-0.2478,1.7132
30.122,raw,2814,4.2863,-0.0591,1.7164
30.122,raw,2830,4.1743,0.1166,1.7190
30.122,raw,2845,4.3154,0.2791,1.7159
30.122,raw,2861,4.6447,0.4798,1.7084
30.122,raw,2877,5.0066,0.7164,1.6999
30.122,raw,2892,-24.3617,24.8050,1.0275
30.122,raw,2908,-22.6619,21.0999,1.1109
30.122,raw,2924,-21.4007,18.2020,1.1738
30.122,raw,2939,-20.4110,15.9249,1.2221
30.122,raw,2955,-11.2039,8.1712,1.4870
30.122,raw,2970,-19.0934,12.3603,1.2906
30.122,raw,2986,-18.7981,10.9786,1.3117
30.122,raw,3002,-18.1635,9.5227,1.3392
30.122,raw,3017,-17.6424,8.3027,1.3611
30.122,raw,3033,-17.0976,7.1051,1.3825
30.122,raw,3049,-16.9389,6.1315,1.3932
30.122,raw,3064,-16.5046,5.1752,1.4087
30.122,raw,3080,-16.0778,4.2313,1.4232
30.122,raw,3096,-15.6798,3.3529,1.4360
30.122,raw,3111,-15.3030,2.5762,1.4471
30.122,raw,3127,-14.9639,1.8011,1.4567
30.122,raw,3142,-14.6354,1.1089,1.4652
30.122,raw,3158,-14.3349,0.4066,1.4725
30.122,raw,3174,-33.5740,-0.7493,1.8462
30.122,raw,3189,-32.4890,-2.1463,1.8448
30.122,raw,3205,-8.5449,-0.8883,1.8123
30.122,raw,3221,-30.3750,-4.8791,1.8424
30.122,raw,3236,-29.4824,-6.0709,1.8415
30.122,raw,3252,-28.5041,-7.2737,1.8406
30.122,raw,3268,-27.5840,-8.4319,1.8398
30.122,raw,3283,-26.7618,-9.4840,1.8392
30.122,raw,3299,-16.7716,-6.8579,1.8253
30.122,raw,3314,-24.1565,-11.1222,1.8367
30.122,raw,3330,-22.4158,-11.6287,1.8349
30.122,raw,3346,-20.8161,-12.0767,1.8333
30.122,raw,3361,-19.4490,-12.4654,1.8320
30.122,raw,3377,-18.0977,-12.8452,1.8308
30.122,raw,3393,-21.1053,-16.4791,1.8370
30.122,raw,3408,-20.3521,-17.3819,1.8369
30.122,raw,3424,-19.5668,-18.3624,1.8370
30.122,raw,3440,-18.7664,-19.3390,1.8371
30.122,raw,3455,-18.0531,-20.3119,1.8374
30.122,raw,3471,-17.2586,-21.3450,1.8378
30.122,raw,3486,-16.5109,-22.3500,1.8382
30.122,raw,3502,-15.6964,-23.4564,1.8388
30.122,raw,3518,-14.8415,-24.5765,1.8394
30.122,raw,3533,-14.0174,-25.6714,1.8402
30.122,raw,3549,-13.0944,-26.8687,1.8410
30.122,raw,3565,-12.1418,-28.1474,1.8420
30.122,raw,3580,-11.2085,-29.4207,1.8431
30.122,raw,3596,-10.1438,-30.8237,1.8444
30.122,raw,3612,-9.0090,-32.3085,1.8458
30.122,raw,3627,-7.8830,-33.8332,1.8474
30.122,raw,3643,-1.2484,-33.4043,1.8455
30.122,raw,3658,0.1927,-34.2699,1.8467
30.122,raw,3674,4.7251,-0.7287,1.8058
30.122,raw,3690,4.5795,-0.5038,1.8056
30.122,raw,3705,4.4674,-0.3110,1.8054
30.122,raw,3721,4.3504,-0.1184,1.8052
30.122,raw,3737,4.2356,0.0621,1.8051
30.122,raw,3752,4.2348,0.2230,1.8051
30.122,raw,3768,4.5075,0.4116,1.8054
30.122,raw,3784,4.8591,0.6349,1.8059
30.122,raw,3799,-16.8681,0.7975,1.8236
30.122,raw,3815,-16.6810,0.0502,2.2259
30.122,raw,3830,-16.8577,-0.7003,2.2308
30.122,raw,3846,-31.8353,-3.2246,2.6057
30.122,raw,3862,-17.6503,-3.2846,2.2579
30.122,raw,3877,-14.9698,-6.7031,2.2195
30.122,raw,3893,-11.7558,-8.4095,2.1707
30.122,raw,3909,4.7620,-0.7750,1.9080
30.122,raw,3924,4.6254,-0.5601,1.9037
30.122,raw,3940,4.4800,-0.3474,1.8993
30.122,raw,3956,4.3556,-0.1522,1.8958
30.122,raw,3971,4.2475,0.0187,1.8928
30.122,raw,3987,4.1655,0.1904,1.8907
30.122,raw,4002,4.4579,0.3630,1.8981
30.122,raw,4018,4.7789,0.5766,1.9064
30.122,raw,4034,-16.8593,0.7972,2.2305
30.122,raw,4049,-31.8761,-3.5114,3.3718
30.122,raw,4065,-26.1720,-13.8539,3.2535
30.122,raw,4081,-19.9174,-24.1349,3.3310
30.122,raw,4096,4.7135,-0.7010,2.0073
30.122,raw,4112,4.5610,-0.4768,1.9981
30.122,raw,4128,4.4164,-0.2707,1.9898
30.122,raw,4143,4.3016,-0.0929,1.9836
30.122,raw,4159,4.1997,0.0844,1.9783
30.122,raw,4174,4.2608,0.2450,1.9812
30.122,raw,4190,4.5597,0.4382,1.9960
30.122,raw,4206,4.9108,0.6661,2.0139
30.122,raw,4221,-18.4630,-3.0451,3.1800
30.122,raw,4237,-13.9488,-8.0783,2.9936
30.122,raw,4253,4.6870,-0.6580,2.1058
30.122,raw,4268,4.5458,-0.4506,2.0933
30.122,raw,4284,4.4071,-0.2470,2.0815
30.122,raw,4300,4.3132,-0.0607,2.0737
30.122,raw,4315,4.2006,0.1056,2.0652
30.122,raw,4331,4.2871,0.2782,2.0715
30.122,raw,4346,4.5828,0.4633,2.0933
30.122,raw,4362,4.9638,0.6981,2.1222
30.122,raw,4378,-19.6022,-0.2585,3.7170
30.122,raw,4393,-19.3327,-1.1098,3.6948
30.122,raw,4409,-19.0827,-2.0016,3.6784
30.122,raw,4425,-18.4739,-3.0469,3.6347
30.122,raw,4440,4.3723,-0.1760,2.1701
30.122,raw,4456,4.2497,0.0079,2.1573
30.122,raw,4472,4.1552,0.1798,2.1480
30.122,raw,4487,4.4268,0.3501,2.1743
30.122,raw,4503,-16.5012,-0.1442,3.8242
30.122,raw,4518,-16.2932,-0.8659,3.8028
30.122,raw,4534,-16.0600,-1.6190,3.7827
30.122,raw,4550,-15.6348,-2.3283,3.7435
30.122,raw,4565,-15.3983,-2.9989,3.7297
30.122,raw,4581,-15.1891,-3.7151,3.7239
30.122,raw,4597,-14.9712,-4.4257,3.7211
30.122,raw,4612,-15.8400,-5.5659,3.8613
30.122,raw,4628,-14.5659,-5.9108,3.7338
30.122,raw,4644,-14.3446,-6.6311,3.7435
30.122,raw,4659,-14.1257,-7.3096,3.7552
30.122,raw,4675,-13.8956,-8.0480,3.7729
31.586,raw,0,4.8172,-0.8451,0.9699
31.586,raw,15,4.6646,-0.6228,1.0067
31.586,raw,30,4.5529,-0.4230,1.0336
31.586,raw,45,4.4136,-0.2325,1.0640
31.586,raw,60,4.3109,-0.0578,1.0859
31.586,raw,75,4.2027,0.1074,1.1073
31.586,raw,91,4.3720,0.2821,1.0752
31.586,raw,106,4.6540,0.4697,1.0203
31.586,raw,121,4.9980,0.6902,0.9519
31.586,raw,136,4.7232,-0.7217,1.0959
31.586,raw,151,4.5936,-0.5128,1.1231
31.586,raw,166,4.4799,-0.3198,1.1460
31.586,raw,182,4.3759,-0.1282,1.1661
31.586,raw,197,4.2617,0.0420,1.1863
31.586,raw,212,4.2242,0.2029,1.1927
31.586,raw,227,4.5111,0.3784,1.1447
31.586,raw,242,4.8288,0.5825,1.0902
31.586,raw,257,-5.5778,-6.4428,0.5409
31.586,raw,273,-5.3479,-6.8113,0.5235
31.586,raw,288,-5.1102,-7.1464,0.5078
31.586,raw,303,4.7474,-0.7395,1.1949
31.586,raw,318,4.6061,-0.5269,1.2199
31.586,raw,333,4.4735,-0.3306,1.2423
31.586,raw,348,4.3538,-0.1488,1.2616
31.586,raw,364,4.2546,0.0315,1.2769
31.586,raw,379,4.2194,0.1922,1.2821
31.586,raw,394,4.4751,0.3650,1.2456
31.586,raw,409,4.8091,0.5682,1.1968
31.586,raw,424,-6.1355,-7.0050,0.6629
31.586,raw,440,-5.8804,-7.3996,0.6482
31.586,raw,455,-5.6289,-7.7720,0.6330
31.586,raw,470,-5.3810,-8.1704,0.6130
31.586,raw,485,-5.1076,-8.5584,0.5934
31.586,raw,500,-4.2331,-7.9510,0.7069
31.586,raw,515,-4.4797,-9.2823,0.5577
31.586,raw,531,-4.1352,-9.7033,0.5319
31.586,raw,546,-3.7776,-10.0658,0.5103
31.586,raw,561,4.7566,-0.7414,1.2967
31.586,raw,576,4.6016,-0.5262,1.3190
31.586,raw,591,4.4721,-0.3304,1.3372
31.586,raw,606,4.3717,-0.1502,1.3510
31.586,raw,622,4.2443,0.0319,1.3670
31.586,raw,637,4.2232,0.1922,1.3697
31.586,raw,652,4.4917,0.3659,1.3379
31.586,raw,667,4.7940,0.5667,1.3011
31.586,raw,682,-6.8263,-7.6578,0.8066
31.586,raw,697,-6.5987,-8.1021,0.7901
31.586,raw,713,-6.2960,-8.5287,0.7774
31.586,raw,728,-5.9871,-8.9147,0.7660
31.586,raw,743,-5.6849,-9.3321,0.7499
31.586,raw,758,-4.2728,-7.9121,0.9307
31.586,raw,773,-5.0185,-10.1557,0.7159
31.586,raw,789,-4.6429,-10.6176,0.6935
31.586,raw,804,-4.2585,-11.0292,0.6734
31.586,raw,819,-3.8698,-11.4847,0.6477
31.586,raw,834,-3.5437,-12.2102,0.5944
31.586,raw,849,-3.1490,-12.8792,0.5458
31.586,raw,864,4.7558,-0.7668,1.3987
31.586,raw,880,4.6094,-0.5395,1.4161
31.586,raw,895,4.4752,-0.3423,1.4311
31.586,raw,910,4.3517,-0.1597,1.4442
31.586,raw,925,4.2468,0.0103,1.4549
31.586,raw,940,4.1644,0.1708,1.4628
31.586,raw,955,4.4559,0.3413,1.4354
31.586,raw,971,4.7606,0.5513,1.4059
31.586,raw,986,5.1644,0.7913,1.3662
31.586,raw,1001,-7.7730,-8.2680,0.9839
31.586,raw,1016,-7.4709,-8.6941,0.9768
31.586,raw,1031,-7.1836,-9.1533,0.9658
31.586,raw,1046,-6.8433,-9.5670,0.9580
31.586,raw,1062,-6.5213,-10.0888,0.9418
31.586,raw,1077,-4.5593,-7.9631,1.1388
31.586,raw,1092,-4.1066,-8.0019,1.1524
31.586,raw,1107,-5.4384,-11.4941,0.8966
31.586,raw,1122,-5.0522,-12.0058,0.8765
31.586,raw,1138,-4.5736,-12.4637,0.8605
31.586,raw,1153,-4.2366,-13.2694,0.8167
31.586,raw,1168,-3.8836,-14.2132,0.7625
31.586,raw,1183,-3.4386,-15.0767,0.7135
31.586,raw,1198,-2.9573,-16.0687,0.6546
31.586,raw,1213,-2.4617,-17.4242,0.5691
31.586,raw,1229,4.7184,-0.7207,1.5041
31.586,raw,1244,4.5963,-0.5132,1.5150
31.586,raw,1259,4.4652,-0.3180,1.5259
31.586,raw,1274,4.3406,-0.1366,1.5357
31.586,raw,1289,4.2659,0.0311,1.5415
31.586,raw,1304,4.2150,0.1921,1.5451
31.586,raw,1320,4.4988,0.3777,1.5251
31.586,raw,1335,4.8273,0.5824,1.5015
31.586,raw,1350,-10.7512,-5.2637,1.2306
31.586,raw,1365,-10.5071,-5.7446,1.2306
31.586,raw,1380,-10.2491,-6.2185,1.2302
31.586,raw,1395,-10.0893,-6.7584,1.2234
31.586,raw,1411,-9.8183,-7.2809,1.2202
31.586,raw,1426,-9.5253,-7.7491,1.2180
31.586,raw,1441,-9.2410,-8.2315,1.2140
31.586,raw,1456,-8.9538,-8.7229,1.2088
31.586,raw,1471,-8.6267,-9.1891,1.2046
31.586,raw,1486,-8.3018,-9.6711,1.1987
31.586,raw,1502,-7.9441,-10.1931,1.1913
31.586,raw,1517,-7.6101,-10.7090,1.1821
31.586,raw,1532,-7.2536,-11.2244,1.1725
31.586,raw,1547,-4.5101,-7.9361,1.3661
31.586,raw,1562,-4.0755,-8.0017,1.3736
31.586,raw,1578,-6.0612,-12.8965,1.1345
31.586,raw,1593,-5.6514,-13.5206,1.1169
31.586,raw,1608,-5.2045,-14.1451,1.0987
31.586,raw,1623,-4.8867,-15.2446,1.0569
31.586,raw,1638,-4.4844,-16.3423,1.0151
31.586,raw,1653,-4.3338,-18.7434,0.9117
31.586,raw,1669,-4.4586,-23.7403,0.6888
31.586,raw,1684,-3.5583,-24.7542,0.6509
31.586,raw,1699,-2.5272,-25.2945,0.6331
31.586,raw,1714,-1.4593,-25.8228,0.6139
31.586,raw,1729,-0.3490,-26.2314,0.5981
31.586,raw,1744,0.7942,-26.7280,0.5761
31.586,raw,1760,2.0624,-27.2640,0.5498
31.586,raw,1775,3.3082,-27.8275,0.5198
31.586,raw,1790,4.7479,-0.7523,1.6032
31.586,raw,1805,4.6127,-0.5401,1.6111
31.586,raw,1820,4.4799,-0.3429,1.6184
31.586,raw,1835,4.3655,-0.1608,1.6245
31.586,raw,1851,4.2579,0.0206,1.6298
31.586,raw,1866,4.1861,0.1813,1.6332
31.586,raw,1881,4.4609,0.3529,1.6205
31.586,raw,1896,4.7748,0.5526,1.6056
31.586,raw,1911,5.1226,0.7856,1.5887
31.586,raw,1927,25.6542,11.9861,0.5358
31.586,raw,1942,-18.6896,18.3748,0.5950
31.586,raw,1957,-18.2486,16.4794,0.6679
31.586,raw,1972,-17.5024,14.5146,0.7512
31.586,raw,1987,-16.9233,12.8643,0.8177
31.586,raw,2002,-11.0493,7.8460,1.1677
31.586,raw,2018,-15.7820,9.9402,0.9346
31.586,raw,2033,-15.3987,8.7998,0.9755
31.586,raw,2048,-15.2041,7.8360,1.0035
31.586,raw,2063,-15.9793,-0.3623,1.4357
31.586,raw,2078,-8.3911,-0.5075,1.6028
31.586,raw,2093,-8.1275,-0.8642,1.6078
31.586,raw,2109,-15.0205,-2.4098,1.4523
31.586,raw,2124,-14.7383,-3.0444,1.4559
31.586,raw,2139,-14.4582,-3.6665,1.4588
31.586,raw,2154,-14.1657,-4.2744,1.4614
31.586,raw,2169,-13.8718,-4.8722,1.4635
31.586,raw,2184,-13.1899,-5.3078,1.4742
31.586,raw,2200,-12.9015,-5.9222,1.4748
31.586,raw,2215,-12.6351,-6.4993,1.4746
31.586,raw,2230,-12.3667,-7.0775,1.4738
31.586,raw,2245,-11.7738,-7.4597,1.4808
31.586,raw,2260,-11.5614,-8.0694,1.4774
31.586,raw,2276,-11.1371,-8.5913,1.4783
31.586,raw,2291,-10.9337,-9.2372,1.4730
31.586,raw,2306,-10.5527,-9.7532,1.4720
31.586,raw,2321,-10.3497,-10.4503,1.4648
31.586,raw,2336,-9.9737,-11.0064,1.4618
31.586,raw,2351,-9.6965,-11.6965,1.4546
31.586,raw,2367,-9.2228,-12.2585,1.4516
31.586,raw,2382,-8.9417,-13.0339,1.4417
31.586,raw,2397,-8.4735,-13.5967,1.4373
31.586,raw,2412,-7.9872,-14.1654,1.4323
31.586,raw,2427,-7.6711,-15.0945,1.4179
31.586,raw,2442,-8.8977,-19.3521,1.3219
31.586,raw,2458,-8.3860,-20.6898,1.2996
31.586,raw,2473,-7.8539,-22.0482,1.2762
31.586,raw,2488,-7.3759,-23.8700,1.2418
31.586,raw,2503,-6.7284,-25.5932,1.2096
31.586,raw,2518,-5.8598,-26.9353,1.1857
31.586,raw,2533,-4.7423,-27.4806,1.1791
31.586,raw,2549,-3.5217,-28.0816,1.1704
31.586,raw,2564,-2.3466,-28.6913,1.1602
31.586,raw,2579,-1.1372,-29.4447,1.1457
31.586,raw,2594,0.1311,-30.2015,1.1299
31.586,raw,2609,1.4518,-30.5776,1.1214
31.586,raw,2624,2.8164,-31.0626,1.1091
31.586,raw,2640,4.3604,-31.8499,1.0885
31.586,raw,2655,5.8966,-32.6320,1.0667
31.586,raw,2670,4.7623,-0.7937,1.7041
31.586,raw,2685,4.6380,-0.5810,1.7077
31.586,raw,2700,4.5088,-0.3816,1.7112
31.586,raw,2716,4.3843,-0.1848,1.7144
31.586,raw,2731,4.2772,-0.0125,1.7170
31.586,raw,2746,4.1564,0.1498,1.7198
31.586,raw,2761,4.4051,0.3166,1.7142
31.586,raw,2776,4.6907,0.5086,1.7077
31.586,raw,2791,5.0719,0.7388,1.6988
31.586,raw,2807,-24.9094,23.8588,1.0329
31.586,raw,2822,-24.3195,21.3841,1.0790
31.586,raw,2837,-23.5268,18.9757,1.1262
31.586,raw,2852,-23.6503,17.4460,1.1442
31.586,raw,2867,-22.5177,15.1788,1.1931
31.586,raw,2882,-21.3493,13.1094,1.2391
31.586,raw,2898,-21.5100,11.8715,1.2494
31.586,raw,2913,-20.6674,10.2774,1.2818
31.586,raw,2928,-19.9152,8.8574,1.3098
31.586,raw,2943,-19.2585,7.5881,1.3337
31.586,raw,2958,-19.8926,6.8373,1.3260
31.586,raw,2973,-19.2593,5.6986,1.3467
31.586,raw,2989,-18.6649,4.5921,1.3654
31.586,raw,3004,-18.1492,3.6328,1.3809
31.586,raw,3019,-17.6391,2.7338,1.3952
31.586,raw,3034,-17.1757,1.8940,1.4076
31.586,raw,3049,-16.7387,1.1025,1.4185
31.586,raw,3065,-16.2962,0.3040,1.4288
31.586,raw,3080,-31.8675,-3.5813,1.8442
31.586,raw,3095,-33.7948,-5.3117,1.8471
31.586,raw,3110,-32.8417,-6.6459,1.8461
31.586,raw,3125,-31.9417,-7.9341,1.8453
31.586,raw,3140,-31.0421,-9.1719,1.8446
31.586,raw,3156,-30.1280,-10.4568,1.8439
31.586,raw,3171,-14.9075,-5.9414,1.8225
31.586,raw,3186,-28.4802,-12.7806,1.8430
31.586,raw,3201,-27.6947,-13.9185,1.8427
31.586,raw,3216,-25.8674,-14.4600,1.8409
31.586,raw,3231,-26.1193,-16.1384,1.8423
31.586,raw,3247,-25.2953,-17.3145,1.8422
31.586,raw,3262,-24.5251,-18.4162,1.8422
31.586,raw,3277,-23.7399,-19.5100,1.8423
31.586,raw,3292,-22.9542,-20.6124,1.8425
31.586,raw,3307,-22.1635,-21.7269,1.8427
31.586,raw,3322,-21.3831,-22.8780,1.8431
31.586,raw,3338,-20.5085,-24.1003,1.8435
31.586,raw,3353,-19.6979,-25.3049,1.8441
31.586,raw,3368,-18.8109,-26.4687,1.8446
31.586,raw,3383,-17.8680,-27.6138,1.8451
31.586,raw,3398,-16.9375,-28.8520,1.8459
31.586,raw,3414,-15.8997,-30.2056,1.8468
31.586,raw,3429,-14.8761,-31.5030,1.8477
31.586,raw,3444,4.6802,-0.6381,1.8057
31.586,raw,3459,4.5365,-0.4324,1.8055
31.586,raw,3474,4.4248,-0.2450,1.8053
31.586,raw,3489,4.3105,-0.0687,1.8051
31.586,raw,3505,4.2002,0.1074,1.8050
31.586,raw,3520,4.3280,0.2697,1.8052
31.586,raw,3535,4.5997,0.4538,1.8055
31.586,raw,3550,4.9698,0.6739,1.8061
31.586,raw,3565,-17.8169,-1.1075,2.2555
31.586,raw,3580,-15.7259,-2.1917,2.2068
31.586,raw,3596,-16.7070,-4.1356,2.2400
31.586,raw,3611,-15.1365,-5.5682,2.2132
31.586,raw,3626,-14.6024,-6.1245,2.2058
31.586,raw,3641,-14.4112,-6.8667,2.2090
31.586,raw,3656,-14.2057,-7.5621,2.2121
31.586,raw,3671,-20.0087,-23.9405,2.5845
31.586,raw,3687,4.7390,-0.7250,1.9068
31.586,raw,3702,4.5803,-0.5106,1.9019
31.586,raw,3717,4.4857,-0.3205,1.8989
31.586,raw,3732,4.3411,-0.1367,1.8949
31.586,raw,3747,4.2338,0.0322,1.8920
31.586,raw,3762,4.2118,0.1921,1.8914
31.586,raw,3778,4.5004,0.3778,1.8987
31.586,raw,3793,4.8125,0.5809,1.9068
31.586,raw,3808,-16.8453,0.8082,2.2307
31.586,raw,3823,-15.6877,-2.2337,2.5903
31.586,raw,3838,-25.9570,-14.3113,3.2554
31.586,raw,3854,4.7957,-0.8271,2.0115
31.586,raw,3869,4.6547,-0.6086,2.0027
31.586,raw,3884,4.5421,-0.4096,1.9958
31.586,raw,3899,4.3850,-0.2184,1.9872
31.586,raw,3914,4.2905,-0.0457,1.9820
31.586,raw,3929,4.1832,0.1182,1.9766
31.586,raw,3945,4.3479,0.2923,1.9846
31.586,raw,3960,4.6524,0.4815,1.9998
31.586,raw,3975,5.0127,0.7051,2.0182
31.586,raw,3990,-17.6123,-5.8310,3.1700
31.586,raw,4005,-11.5156,-8.5024,2.8639
31.586,raw,4020,4.6898,-0.6648,2.1048
31.586,raw,4036,4.5208,-0.4418,2.0901
31.586,raw,4051,4.4223,-0.2561,2.0814
31.586,raw,4066,4.2896,-0.0783,2.0708
31.586,raw,4081,4.2063,0.0861,2.0643
31.586,raw,4096,4.2879,0.2469,2.0702
31.586,raw,4111,4.5511,0.4270,2.0897
31.586,raw,4127,4.9227,0.6557,2.1177
31.586,raw,4142,-19.6839,-0.0728,3.7261
31.586,raw,4157,-19.4086,-0.9300,3.7026
31.586,raw,4172,-19.1432,-1.7684,3.6835
31.586,raw,4187,-17.1594,-2.3473,3.5022
31.586,raw,4203,-18.4246,-3.4221,3.6380
31.586,raw,4218,-18.1696,-4.2160,3.6299
31.586,raw,4233,-17.9164,-5.0044,3.6252
31.586,raw,4248,-17.6693,-5.7919,3.6244
31.586,raw,4263,-17.4377,-6.7634,3.6347
31.586,raw,4278,-17.1890,-7.5601,3.6416
31.586,raw,4294,-16.9271,-8.4211,3.6535
31.586,raw,4309,-13.9587,-8.0264,3.3856
31.586,raw,4324,4.2783,-0.0450,2.1586
31.586,raw,4339,4.1786,0.1182,2.1486
31.586,raw,4354,-16.8418,0.8580,3.4564
31.586,raw,4369,-16.7702,0.1596,3.8579
31.586,raw,4385,-16.3737,-0.6179,3.8129
31.586,raw,4400,-16.1500,-1.3299,3.7920
31.586,raw,4415,-15.6872,-2.1861,3.7491
31.586,raw,4430,-15.4610,-2.8618,3.7358
31.586,raw,4445,-15.2549,-3.5336,3.7284
31.586,raw,4460,-15.0328,-4.1967,3.7224
31.586,raw,4476,-14.8364,-4.9139,3.7250
31.586,raw,4491,-14.6332,-5.7826,3.7373
31.586,raw,4506,-14.4002,-6.4468,3.7422
31.586,raw,4521,-14.2014,-7.1333,3.7554
31.586,raw,4536,-13.9917,-7.8263,3.7715
32.688,raw,0,4.8321,-0.8245,0.9720
32.688,raw,14,4.7003,-0.6190,1.0043
32.688,raw,29,4.5802,-0.4170,1.0330
32.688,raw,44,4.4544,-0.2274,1.0609
32.688,raw,59,4.3290,-0.0502,1.0872
32.688,raw,74,4.2381,0.1146,1.1055
32.688,raw,89,4.3599,0.2769,1.0824
32.688,raw,104,4.6620,0.4626,1.0240
32.688,raw,118,4.9734,0.6637,0.9622
32.688,raw,133,4.7888,-0.7503,1.0879
32.688,raw,148,4.6638,-0.5386,1.1147
32.688,raw,163,4.5185,-0.3381,1.1432
32.688,raw,178,4.4195,-0.1564,1.1626
32.688,raw,193,4.3154,0.0157,1.1814
32.688,raw,208,4.1936,0.1783,1.2020
32.688,raw,222,4.4535,0.3356,1.1588
32.688,raw,237,4.7534,0.5297,1.1077
32.688,raw,252,5.1320,0.7613,1.0420
32.688,raw,267,-5.4686,-6.7240,0.5176
32.688,raw,282,4.8191,-0.8085,1.1860
32.688,raw,297,4.6876,-0.5919,1.2102
32.688,raw,312,4.5604,-0.3906,1.2324
32.688,raw,326,4.4387,-0.2144,1.2523
32.688,raw,341,4.3302,-0.0394,1.2693
32.688,raw,356,4.2123,0.1256,1.2867
32.688,raw,371,4.3683,0.2881,1.2646
32.688,raw,386,4.6703,0.4751,1.2211
32.688,raw,401,5.0155,0.6943,1.1700
32.688,raw,416,-6.1044,-7.2784,0.6383
32.688,raw,431,-5.8676,-7.6693,0.6216
32.688,raw,445,-5.6193,-8.0174,0.6076
32.688,raw,460,-5.3414,-8.3937,0.5909
32.688,raw,475,-4.5251,-7.9337,0.6877
32.688,raw,490,-4.1070,-8.0324,0.7027
32.688,raw,505,-4.4430,-9.5831,0.5255
32.688,raw,520,-4.0999,-9.9687,0.5025
32.688,raw,535,4.7364,-0.6509,1.3036
32.688,raw,549,4.6091,-0.4571,1.3221
32.688,raw,564,4.4796,-0.2643,1.3400
32.688,raw,579,4.3635,-0.0853,1.3553
32.688,raw,594,4.2564,0.0823,1.3687
32.688,raw,609,4.2961,0.2429,1.3641
32.688,raw,624,4.5789,0.4219,1.3305
32.688,raw,639,4.9311,0.6336,1.2876
32.688,raw,653,-6.8863,-7.8248,0.7887
32.688,raw,668,-6.6240,-8.2429,0.7759
32.688,raw,683,-6.3262,-8.6362,0.7651
32.688,raw,698,-6.0470,-9.0746,0.7480
32.688,raw,713,-5.7437,-9.5066,0.7308
32.688,raw,728,-4.2192,-7.9022,0.9314
32.688,raw,743,-5.0811,-10.3779,0.6924
32.688,raw,758,-4.7246,-10.8271,0.6702
32.688,raw,772,-4.3664,-11.2366,0.6494
32.688,raw,787,-3.9831,-11.7355,0.6199
32.688,raw,802,-3.6563,-12.4951,0.5638
32.688,raw,817,-3.2543,-13.1849,0.5137
32.688,raw,832,4.7325,-0.6626,1.4048
32.688,raw,847,4.6104,-0.4573,1.4193
32.688,raw,862,4.4624,-0.2624,1.4353
32.688,raw,876,4.3480,-0.0953,1.4472
32.688,raw,891,4.2442,0.0720,1.4576
32.688,raw,906,4.2905,0.2321,1.4534
32.688,raw,921,4.5822,0.4105,1.4258
32.688,raw,936,4.8735,0.6150,1.3975
32.688,raw,951,-8.0705,-7.9966,0.9802
32.688,raw,966,-7.7755,-8.4281,0.9738
32.688,raw,980,-7.5195,-8.8645,0.9637
32.688,raw,995,-7.2209,-9.3245,0.9530
32.688,raw,1010,-6.8813,-9.7537,0.9441
32.688,raw,1025,-6.5974,-10.2860,0.9256
32.688,raw,1040,-4.4739,-7.9034,1.1434
32.688,raw,1055,-4.0731,-8.0275,1.1501
32.688,raw,1070,-5.5091,-11.7525,0.8766
32.688,raw,1085,-5.1297,-12.3116,0.8532
32.688,raw,1099,-4.7116,-12.7483,0.8369
32.688,raw,1114,-4.3659,-13.5680,0.7926
32.688,raw,1129,-4.0224,-14.5860,0.7334
32.688,raw,1144,-3.5884,-15.5550,0.6774
32.688,raw,1159,-3.1000,-16.6093,0.6145
32.688,raw,1174,4.8108,-0.7808,1.4985
32.688,raw,1189,4.6609,-0.5625,1.5116
32.688,raw,1203,4.5434,-0.3765,1.5216
32.688,raw,1218,4.4086,-0.1890,1.5324
32.688,raw,1233,4.3035,-0.0162,1.5405
32.688,raw,1248,4.2127,0.1467,1.5471
32.688,raw,1263,4.4137,0.3117,1.5330
32.688,raw,1278,4.7021,0.5014,1.5124
32.688,raw,1293,5.0718,0.7272,1.4855
32.688,raw,1307,-10.5667,-5.4493,1.2330
32.688,raw,1322,-10.4219,-5.9838,1.2273
32.688,raw,1337,-10.1868,-6.4761,1.2252
32.688,raw,1352,-9.9626,-6.9820,1.2212
32.688,raw,1367,-9.7143,-7.4807,1.2172
32.688,raw,1382,-9.4228,-7.9551,1.2144
32.688,raw,1397,-9.1648,-8.4680,1.2082
32.688,raw,1412,-8.8883,-8.9807,1.2015
32.688,raw,1426,-8.6004,-9.4456,1.1957
32.688,raw,1441,-8.3273,-10.0033,1.1853
32.688,raw,1456,-7.9973,-10.5229,1.1767
32.688,raw,1471,-7.6708,-11.0767,1.1657
32.688,raw,1486,-7.2593,-11.5424,1.1590
32.688,raw,1501,-4.3229,-7.8653,1.3720
32.688,raw,1516,-4.0082,-8.1343,1.3686
32.688,raw,1530,-6.1317,-13.2648,1.1168
32.688,raw,1545,-5.7266,-13.9465,1.0966
32.688,raw,1560,-5.2993,-14.6797,1.0733
32.688,raw,1575,-4.9883,-15.8898,1.0265
32.688,raw,1590,-5.8927,-21.5075,0.7704
32.688,raw,1605,-5.2734,-23.0469,0.7102
32.688,raw,1620,-4.5955,-24.8765,0.6359
32.688,raw,1634,-3.6439,-25.4330,0.6188
32.688,raw,1649,-2.5887,-26.0280,0.5987
32.688,raw,1664,-1.4956,-26.6549,0.5752
32.688,raw,1679,-0.3502,-27.1143,0.5571
32.688,raw,1694,0.8318,-27.6007,0.5356
32.688,raw,1709,2.0629,-28.2020,0.5065
32.688,raw,1724,4.7228,-0.6607,1.6062
32.688,raw,1739,4.5838,-0.4532,1.6141
32.688,raw,1753,4.4848,-0.2763,1.6196
32.688,raw,1768,4.3767,-0.0973,1.6253
32.688,raw,1783,4.2428,0.0720,1.6318
32.688,raw,1798,4.2919,0.2321,1.6296
32.688,raw,1813,4.5585,0.4091,1.6171
32.688,raw,1828,4.8798,0.6156,1.6018
32.688,raw,1843,22.2399,9.5620,0.7242
32.688,raw,1857,-18.3949,21.1528,0.5136
32.688,raw,1872,-17.9334,18.9478,0.6011
32.688,raw,1887,-17.4915,16.9843,0.6778
32.688,raw,1902,-16.8818,15.0659,0.7567
32.688,raw,1917,-16.3560,13.4002,0.8232
32.688,raw,1932,-15.8997,11.9369,0.8797
32.688,raw,1947,-11.0824,7.7572,1.1682
32.688,raw,1961,-15.0167,9.4512,0.9754
32.688,raw,1976,-14.7017,8.3945,1.0116
32.688,raw,1991,-14.4718,7.4534,1.0404
32.688,raw,2006,-15.0932,-0.3641,1.4546
32.688,raw,2021,-8.3256,-0.5135,1.6036
32.688,raw,2036,-8.0778,-0.8698,1.6083
32.688,raw,2051,-14.4711,-2.3073,1.4641
32.688,raw,2066,-14.2479,-2.9308,1.4664
32.688,raw,2080,-14.0660,-3.5122,1.4674
32.688,raw,2095,-13.8546,-4.1271,1.4683
32.688,raw,2110,-13.6664,-4.7476,1.4680
32.688,raw,2125,-13.0508,-5.2014,1.4773
32.688,raw,2140,-12.8702,-5.8110,1.4757
32.688,raw,2155,-12.6684,-6.4181,1.4740
32.688,raw,2170,-12.4824,-7.0429,1.4713
32.688,raw,2184,-11.9674,-7.4312,1.4768
32.688,raw,2199,-11.7519,-8.0465,1.4735
32.688,raw,2214,-11.3514,-8.5437,1.4744
32.688,raw,2229,-11.1945,-9.2329,1.4679
32.688,raw,2244,-10.8598,-9.8018,1.4655
32.688,raw,2259,-10.6941,-10.5466,1.4571
32.688,raw,2274,-10.4222,-11.2300,1.4507
32.688,raw,2288,-10.0177,-11.7334,1.4486
32.688,raw,2303,-9.7808,-12.5301,1.4386
32.688,raw,2318,-9.3620,-13.1497,1.4335
32.688,raw,2333,-9.1119,-14.0560,1.4204
32.688,raw,2348,-8.6551,-14.7275,1.4134
32.688,raw,2363,-9.7304,-18.1963,1.3354
32.688,raw,2378,-9.3097,-19.3777,1.3167
32.688,raw,2392,-8.9024,-20.6106,1.2961
32.688,raw,2407,-8.4110,-22.0230,1.2717
32.688,raw,2422,-7.9808,-23.8989,1.2363
32.688,raw,2437,-7.3889,-25.7250,1.2021
32.688,raw,2452,-6.6562,-27.5482,1.1678
32.688,raw,2467,-5.5246,-28.1599,1.1604
32.688,raw,2482,-4.3612,-28.7700,1.1521
32.688,raw,2497,-3.1606,-29.3667,1.1429
32.688,raw,2511,-2.0110,-29.9855,1.1320
32.688,raw,2526,-0.7376,-30.7659,1.1165
32.688,raw,2541,0.5987,-31.6309,1.0980
32.688,raw,2556,1.9938,-32.1413,1.0861
32.688,raw,2571,3.4349,-32.6108,1.0736
32.688,raw,2586,4.9704,-33.4049,1.0525
32.688,raw,2601,4.7711,-0.7464,1.7046
32.688,raw,2615,4.6581,-0.5498,1.7079
32.688,raw,2630,4.5349,-0.3519,1.7112
32.688,raw,2645,4.3884,-0.1648,1.7149
32.688,raw,2660,4.2907,0.0060,1.7173
32.688,raw,2675,4.1983,0.1678,1.7194
32.688,raw,2690,4.4352,0.3348,1.7141
32.688,raw,2705,4.7382,0.5284,1.7072
32.688,raw,2719,5.0651,0.7396,1.6995
32.688,raw,2734,-23.9428,25.0512,1.0297
32.688,raw,2749,-22.6778,21.8162,1.0995
32.688,raw,2764,-21.6392,19.1297,1.1561
32.688,raw,2779,-20.4084,16.5701,1.2129
32.688,raw,2794,-20.4760,15.2087,1.2297
32.688,raw,2809,-11.0796,7.7554,1.4937
32.688,raw,2824,-18.9137,11.6974,1.3009
32.688,raw,2838,-18.7922,10.5985,1.3152
32.688,raw,2853,-18.3526,9.3334,1.3365
32.688,raw,2868,-17.8689,8.1381,1.3572
32.688,raw,2883,-17.4482,7.0517,1.3749
32.688,raw,2898,-17.3920,6.1578,1.3827
32.688,raw,2913,-17.0113,5.2011,1.3970
32.688,raw,2928,-16.6410,4.3027,1.4099
32.688,raw,2942,-16.3779,3.5257,1.4192
32.688,raw,2957,-16.1385,2.7366,1.4275
32.688,raw,2972,-15.8888,1.9773,1.4351
32.688,raw,2987,-15.6265,1.2457,1.4423
32.688,raw,3002,-15.4033,0.5418,1.4479
32.688,raw,3017,-18.7157,-0.7114,1.8261
32.688,raw,3032,-34.1542,-2.9272,1.8472
32.688,raw,3046,-15.9592,-1.9716,1.8226
32.688,raw,3061,-32.5327,-5.5892,1.8455
32.688,raw,3076,-31.7401,-6.8972,1.8448
32.688,raw,3091,-30.9885,-8.1720,1.8442
32.688,raw,3106,-30.2502,-9.4148,1.8437
32.688,raw,3121,-14.7750,-5.3298,1.8221
32.688,raw,3136,-28.7971,-11.8220,1.8430
32.688,raw,3151,-28.0851,-12.9986,1.8427
32.688,raw,3165,-27.4405,-14.0933,1.8426
32.688,raw,3180,-26.7339,-15.2493,1.8425
32.688,raw,3195,-26.0392,-16.4081,1.8425
32.688,raw,3210,-25.3561,-17.5774,1.8425
32.688,raw,3225,-24.6434,-18.7350,1.8427
32.688,raw,3240,-23.9499,-19.9222,1.8429
32.688,raw,3255,-23.2156,-21.0981,1.8432
32.688,raw,3269,-22.5376,-22.2282,1.8436
32.688,raw,3284,-21.8077,-23.4746,1.8441
32.688,raw,3299,-21.0584,-24.7519,1.8447
32.688,raw,3314,-20.2942,-26.0762,1.8454
32.688,raw,3329,-19.4970,-27.4376,1.8462
32.688,raw,3344,-18.6445,-28.8142,1.8471
32.688,raw,3359,4.8033,-0.7791,1.8059
32.688,raw,3373,4.6774,-0.5777,1.8057
32.688,raw,3388,4.5274,-0.3742,1.8054
32.688,raw,3403,4.4155,-0.1897,1.8053
32.688,raw,3418,4.3044,-0.0162,1.8051
32.688,raw,3433,4.2193,0.1466,1.8050
32.688,raw,3448,4.4100,0.3116,1.8052
32.688,raw,3463,4.6989,0.5011,1.8056
32.688,raw,3478,5.0577,0.7255,1.8062
32.688,raw,3492,-17.8528,-0.8306,2.2566
32.688,raw,3507,-17.5286,-1.9122,2.2509
32.688,raw,3522,-17.6222,-3.6398,2.2601
32.688,raw,3537,-16.4479,-4.5845,2.2374
32.688,raw,3552,-15.3711,-5.6477,2.2200
32.688,raw,3567,-14.5866,-6.1128,2.2061
32.688,raw,3582,-14.3679,-6.8427,2.2085
32.688,raw,3596,-14.1882,-7.4969,2.2117
32.688,raw,3611,-11.5133,-8.7694,2.1721
32.688,raw,3626,4.8060,-0.7669,1.9081
32.688,raw,3641,4.6435,-0.5472,1.9031
32.688,raw,3656,4.5361,-0.3521,1.8997
32.688,raw,3671,4.3793,-0.1640,1.8953
32.688,raw,3686,4.2911,0.0060,1.8929
32.688,raw,3700,4.1859,0.1573,1.8902
32.688,raw,3715,4.4231,0.3232,1.8961
32.688,raw,3730,4.7431,0.5167,1.9043
32.688,raw,3745,5.0960,0.7434,1.9136
32.688,raw,3760,-15.9571,-1.9713,2.6028
32.688,raw,3775,-25.9590,-14.2136,3.2547
32.688,raw,3790,-19.4757,-24.1709,3.3205
32.688,raw,3805,4.7202,-0.6477,2.0051
32.688,raw,3819,4.5872,-0.4537,1.9972
32.688,raw,3834,4.4624,-0.2624,1.9900
32.688,raw,3849,4.3371,-0.0835,1.9832
32.688,raw,3864,4.2183,0.0833,1.9771
32.688,raw,3879,4.2952,0.2429,1.9808
32.688,raw,3894,4.6010,0.4233,1.9958
32.688,raw,3909,4.9135,0.6317,2.0117
32.688,raw,3923,-15.9656,-1.9242,2.9942
32.688,raw,3938,-26.0051,-14.1400,3.9641
32.688,raw,3953,4.7697,-0.7334,2.1098
32.688,raw,3968,4.6287,-0.5204,2.0970
32.688,raw,3983,4.5064,-0.3250,2.0863
32.688,raw,3998,4.3965,-0.1433,2.0770
32.688,raw,4013,4.2690,0.0285,2.0672
32.688,raw,4027,4.1901,0.1783,2.0613
32.688,raw,4042,4.4658,0.3473,2.0813
32.688,raw,4057,4.7625,0.5427,2.1035
32.688,raw,4072,5.1247,0.7737,2.1311
32.688,raw,4087,-19.4968,-0.4589,3.7116
32.688,raw,4102,-19.2366,-1.3062,3.6911
32.688,raw,4117,-18.9772,-2.1366,3.6741
32.688,raw,4132,-17.6997,-2.7876,3.5622
32.688,raw,4146,-18.3180,-3.6729,3.6353
32.688,raw,4161,-18.0587,-4.4635,3.6279
32.688,raw,4176,-17.8080,-5.2513,3.6246
32.688,raw,4191,-16.6671,-5.8428,3.5384
32.688,raw,4206,-17.3474,-6.9605,3.6364
32.688,raw,4221,-17.0980,-7.7589,3.6443
32.688,raw,4236,-16.8500,-8.5676,3.6561
32.688,raw,4250,-11.3399,-8.3787,3.1961
32.688,raw,4265,-18.5042,0.3387,3.6161
32.688,raw,4280,-16.4167,-0.3611,3.8199
32.688,raw,4295,-16.1848,-1.0773,3.7969
32.688,raw,4310,-15.9705,-1.7802,3.7796
32.688,raw,4325,-15.5232,-2.5288,3.7395
32.688,raw,4340,-15.3233,-3.2044,3.7312
32.688,raw,4354,-15.1110,-3.8240,3.7234
32.688,raw,4369,-14.9095,-4.4908,3.7216
32.688,raw,4384,-14.7123,-5.3569,3.7318
32.688,raw,4399,-14.5132,-6.0316,3.7387
32.688,raw,4414,-14.3020,-6.7077,3.7480
32.688,raw,4429,-14.0904,-7.3925,3.7612
32.688,raw,4444,-13.8764,-8.0885,3.7785
33.867,raw,0,4.8212,-0.7905,0.9703
33.867,raw,14,4.7090,-0.5887,0.9988
33.867,raw,29,4.5561,-0.3809,1.0337
33.867,raw,44,4.4416,-0.1929,1.0594
33.867,raw,58,4.3465,-0.0284,1.0797
33.867,raw,73,4.2257,0.1388,1.1037
33.867,raw,88,4.3407,0.3012,1.0820
33.867,raw,103,4.6140,0.4847,1.0290
33.867,raw,117,4.9329,0.6852,0.9658
33.867,raw,132,4.7848,-0.7306,1.0848
33.867,raw,147,4.6423,-0.5148,1.1146
33.867,raw,162,4.5238,-0.3177,1.1387
33.867,raw,176,4.4136,-0.1449,1.1597
33.867,raw,191,4.3047,0.0286,1.1795
33.867,raw,206,4.1866,0.1921,1.1996
33.867,raw,221,4.4320,0.3597,1.1588
33.867,raw,235,4.7204,0.5405,1.1098
33.867,raw,250,5.0486,0.7637,1.0525
33.867,raw,265,-5.3542,-6.4876,0.5521
33.867,raw,280,-5.1190,-6.8078,0.5390
33.867,raw,294,-4.9184,-7.1456,0.5187
33.867,raw,309,4.8142,-0.7759,1.1838
33.867,raw,324,4.6912,-0.5605,1.2068
33.867,raw,339,4.5398,-0.3550,1.2324
33.867,raw,353,4.4347,-0.1808,1.2499
33.867,raw,368,4.3207,-0.0049,1.2677
33.867,raw,383,4.2105,0.1602,1.2839
33.867,raw,398,4.3519,0.3235,1.2639
33.867,raw,412,4.6420,0.4985,1.2220
33.867,raw,427,4.9893,0.7173,1.1708
33.867,raw,442,-5.9373,-7.0247,0.6725
33.867,raw,457,-5.6836,-7.3746,0.6608
33.867,raw,471,-5.4776,-7.7561,0.6407
33.867,raw,486,-5.2240,-8.1457,0.6212
33.867,raw,501,-4.5796,-7.9405,0.6823
33.867,raw,516,-4.1302,-7.9884,0.7043
33.867,raw,530,-4.3735,-9.2863,0.5581
33.867,raw,545,-4.0609,-9.7072,0.5301
33.867,raw,560,-3.7130,-10.0989,0.5046
33.867,raw,574,4.7184,-0.6405,1.3028
33.867,raw,589,4.5892,-0.4336,1.3218
33.867,raw,604,4.4620,-0.2407,1.3395
33.867,raw,619,4.3465,-0.0615,1.3547
33.867,raw,633,4.2309,0.0961,1.3691
33.867,raw,648,4.2705,0.2564,1.3646
33.867,raw,663,4.5403,0.4333,1.3325
33.867,raw,678,4.8692,0.6404,1.2925
33.867,raw,692,-6.6577,-7.4679,0.8268
33.867,raw,707,-6.4552,-7.9275,0.8076
33.867,raw,722,-6.1940,-8.3428,0.7933
33.867,raw,737,-5.9311,-8.7801,0.7755
33.867,raw,751,-5.6662,-9.1871,0.7584
33.867,raw,766,-4.3115,-7.8693,0.9285
33.867,raw,781,-4.0632,-8.2627,0.9082
33.867,raw,796,-4.6989,-10.5146,0.6958
33.867,raw,810,-4.3561,-10.9275,0.6745
33.867,raw,825,-3.9930,-11.4401,0.6434
33.867,raw,840,-3.6254,-12.0325,0.6035
33.867,raw,855,-3.2829,-12.8469,0.5411
33.867,raw,869,4.7886,-0.7443,1.3957
33.867,raw,884,4.6456,-0.5276,1.4126
33.867,raw,899,4.5197,-0.3288,1.4269
33.867,raw,914,4.3924,-0.1430,1.4406
33.867,raw,928,4.3059,0.0177,1.4496
33.867,raw,943,4.1889,0.1816,1.4609
33.867,raw,958,4.4200,0.3480,1.4392
33.867,raw,973,4.7184,0.5403,1.4106
33.867,raw,987,5.0219,0.7473,1.3807
33.867,raw,1002,-7.6801,-7.8817,1.0049
33.867,raw,1017,-7.4155,-8.3264,0.9956
33.867,raw,1032,-7.1407,-8.7783,0.9849
33.867,raw,1046,-6.8545,-9.1830,0.9758
33.867,raw,1061,-6.5806,-9.6839,0.9596
33.867,raw,1076,-6.2584,-10.1501,0.9456
33.867,raw,1091,-4.2732,-7.8579,1.1524
33.867,raw,1105,-4.0329,-8.2067,1.1397
33.867,raw,1120,-5.2495,-11.6443,0.8902
33.867,raw,1135,-4.8796,-12.2183,0.8650
33.867,raw,1149,-4.5236,-12.8074,0.8367
33.867,raw,1164,-4.1702,-13.6383,0.7911
33.867,raw,1179,-3.8205,-14.6895,0.7292
33.867,raw,1194,-3.3864,-15.7258,0.6679
33.867,raw,1208,-2.9187,-16.7377,0.6068
33.867,raw,1223,4.7600,-0.7124,1.5010
33.867,raw,1238,4.6525,-0.5044,1.5110
33.867,raw,1253,4.4938,-0.3022,1.5239
33.867,raw,1267,4.3911,-0.1317,1.5323
33.867,raw,1282,4.2738,0.0409,1.5411
33.867,raw,1297,4.1848,0.2026,1.5475
33.867,raw,1312,4.4564,0.3720,1.5285
33.867,raw,1326,4.7260,0.5531,1.5092
33.867,raw,1341,5.0638,0.7788,1.4844
33.867,raw,1356,-10.0667,-5.1442,1.2599
33.867,raw,1371,-9.9415,-5.6604,1.2539
33.867,raw,1385,-9.7504,-6.1095,1.2510
33.867,raw,1400,-9.5307,-6.5885,1.2476
33.867,raw,1415,-9.3848,-7.1314,1.2387
33.867,raw,1430,-9.1748,-7.6451,1.2320
33.867,raw,1444,-8.9464,-8.1127,1.2262
33.867,raw,1459,-8.6185,-8.5511,1.2237
33.867,raw,1474,-8.3539,-9.0637,1.2157
33.867,raw,1489,-8.0424,-9.5474,1.2091
33.867,raw,1503,-7.7658,-10.0358,1.2002
33.867,raw,1518,-7.4655,-10.5847,1.1888
33.867,raw,1533,-7.1420,-11.1396,1.1767
33.867,raw,1548,-4.4488,-7.8860,1.3677
33.867,raw,1562,-4.0644,-7.9818,1.3728
33.867,raw,1577,-6.0714,-12.8507,1.1342
33.867,raw,1592,-5.6955,-13.5495,1.1129
33.867,raw,1607,-5.2581,-14.2067,1.0932
33.867,raw,1621,-4.9860,-15.3068,1.0507
33.867,raw,1636,-4.7355,-16.9065,0.9851
33.867,raw,1651,-5.3784,-22.4276,0.7354
33.867,raw,1665,-4.8606,-24.4675,0.6505
33.867,raw,1680,-3.8911,-25.2471,0.6242
33.867,raw,1695,-2.8537,-25.9060,0.6016
33.867,raw,1710,-1.7698,-26.5472,0.5779
33.867,raw,1724,-0.7165,-27.1643,0.5530
33.867,raw,1739,0.4635,-27.5709,0.5357
33.867,raw,1754,1.6887,-28.2308,0.5046
33.867,raw,1769,4.7189,-0.6281,1.6054
33.867,raw,1783,4.6008,-0.4354,1.6123
33.867,raw,1798,4.4642,-0.2410,1.6196
33.867,raw,1813,4.3553,-0.0621,1.6253
33.867,raw,1828,4.2307,0.1067,1.6313
33.867,raw,1842,4.2784,0.2565,1.6292
33.867,raw,1857,4.5514,0.4340,1.6165
33.867,raw,1872,4.8605,0.6396,1.6017
33.867,raw,1887,23.8772,10.6811,0.6351
33.867,raw,1901,-16.9523,20.8755,0.5679
33.867,raw,1916,-16.5198,18.6858,0.6557
33.867,raw,1931,-16.1744,16.8140,0.7280
33.867,raw,1946,-15.6988,15.0061,0.8004
33.867,raw,1960,-15.3028,13.5185,0.8586
33.867,raw,1975,-14.8807,12.0685,0.9150
33.867,raw,1990,-14.5138,10.7856,0.9630
33.867,raw,2005,-11.1614,7.6958,1.1682
33.867,raw,2019,-13.8287,8.6104,1.0429
33.867,raw,2034,-13.5867,7.6712,1.0733
33.867,raw,2049,-13.3859,6.8140,1.0990
33.867,raw,2064,-13.3827,-0.3826,1.4928
33.867,raw,2078,-8.3012,-0.5243,1.6045
33.867,raw,2093,-8.1167,-0.8859,1.6078
33.867,raw,2108,-12.8051,-2.0655,1.5016
33.867,raw,2123,-12.6248,-2.6229,1.5031
33.867,raw,2137,-12.4606,-3.1394,1.5041
33.867,raw,2152,-12.2710,-3.6859,1.5048
33.867,raw,2167,-12.0518,-4.2200,1.5057
33.867,raw,2182,-11.7143,-4.7038,1.5090
33.867,raw,2196,-11.5835,-5.2267,1.5071
33.867,raw,2211,-11.4535,-5.8014,1.5043
33.867,raw,2226,-11.2709,-6.3609,1.5020
33.867,raw,2240,-11.0245,-6.8468,1.5013
33.867,raw,2255,-10.8059,-7.4027,1.4988
33.867,raw,2270,-10.5024,-7.9098,1.4978
33.867,raw,2285,-10.2681,-8.4787,1.4943
33.867,raw,2299,-10.0683,-9.0442,1.4896
33.867,raw,2314,-9.7719,-9.5990,1.4862
33.867,raw,2329,-9.5682,-10.2709,1.4789
33.867,raw,2344,-9.2360,-10.8419,1.4747
33.867,raw,2358,-9.0687,-11.5757,1.4647
33.867,raw,2373,-8.6944,-12.1694,1.4594
33.867,raw,2388,-8.5114,-13.0832,1.4453
33.867,raw,2403,-8.1145,-13.7582,1.4376
33.867,raw,2417,-7.9275,-14.7709,1.4205
33.867,raw,2432,-9.1607,-18.8284,1.3287
33.867,raw,2447,-8.7371,-20.1186,1.3071
33.867,raw,2462,-8.2843,-21.5658,1.2817
33.867,raw,2476,-7.8220,-23.0759,1.2542
33.867,raw,2491,-7.3485,-25.1452,1.2142
33.867,raw,2506,-6.7068,-27.1972,1.1746
33.867,raw,2521,-5.6349,-28.0144,1.1626
33.867,raw,2535,-4.5612,-28.6162,1.1541
33.867,raw,2550,-3.3843,-29.3377,1.1423
33.867,raw,2565,-2.1583,-30.0542,1.1296
33.867,raw,2580,-0.8844,-30.8636,1.1137
33.867,raw,2594,0.3621,-31.7700,1.0943
33.867,raw,2609,1.7682,-32.4767,1.0782
33.867,raw,2624,3.2299,-33.0606,1.0635
33.867,raw,2639,4.7679,-33.7675,1.0445
33.867,raw,2653,4.7603,-0.7124,1.7044
33.867,raw,2668,4.6376,-0.5018,1.7079
33.867,raw,2683,4.4933,-0.3021,1.7117
33.867,raw,2698,4.3937,-0.1207,1.7143
33.867,raw,2712,4.2903,0.0401,1.7168
33.867,raw,2727,4.1808,0.2026,1.7193
33.867,raw,2742,4.4427,0.3714,1.7135
33.867,raw,2757,4.7338,0.5659,1.7068
33.867,raw,2771,5.0725,0.7799,1.6989
33.867,raw,2786,-21.8817,24.7808,1.0661
33.867,raw,2801,-21.0856,21.9467,1.1235
33.867,raw,2815,-20.1040,19.3530,1.1789
33.867,raw,2830,-19.3302,17.1016,1.2246
33.867,raw,2845,-18.3267,14.8951,1.2726
33.867,raw,2860,-17.8220,13.2712,1.3029
33.867,raw,2874,-11.0889,7.7914,1.4939
33.867,raw,2889,-16.5401,10.3301,1.3621
33.867,raw,2904,-16.4515,9.3120,1.3748
33.867,raw,2919,-16.1231,8.2318,1.3921
33.867,raw,2933,-15.7956,7.2795,1.4074
33.867,raw,2948,-15.4953,6.3434,1.4214
33.867,raw,2963,-15.4679,5.5545,1.4278
33.867,raw,2978,-15.1681,4.7121,1.4397
33.867,raw,2992,-14.9101,3.9730,1.4494
33.867,raw,3007,-14.6378,3.2205,1.4588
33.867,raw,3022,-14.4165,2.5121,1.4663
33.867,raw,3037,-14.1409,1.8260,1.4744
33.867,raw,3051,-13.9634,1.2185,1.4795
33.867,raw,3066,-13.7408,0.5863,1.4850
33.867,raw,3081,-16.8681,-0.0296,1.8236
33.867,raw,3096,-17.9506,-0.8420,1.8251
33.867,raw,3110,-8.4768,-0.6693,1.8123
33.867,raw,3125,-8.3319,-1.0426,1.8121
33.867,raw,3140,-26.3365,-4.7690,1.8370
33.867,raw,3155,-25.8872,-5.8739,1.8367
33.867,raw,3169,-25.4440,-6.8832,1.8365
33.867,raw,3184,-15.1192,-4.7988,1.8223
33.867,raw,3199,-24.5354,-9.0193,1.8362
33.867,raw,3214,-24.0778,-10.0756,1.8361
33.867,raw,3228,-15.7375,-7.3727,1.8243
33.867,raw,3243,-24.4960,-12.7948,1.8382
33.867,raw,3258,-23.9813,-13.9009,1.8383
33.867,raw,3273,-23.4537,-15.0096,1.8385
33.867,raw,3287,-22.9772,-16.0694,1.8387
33.867,raw,3302,-22.4520,-17.2176,1.8391
33.867,raw,3317,-21.8932,-18.3686,1.8394
33.867,raw,3331,-21.3899,-19.4911,1.8399
33.867,raw,3346,-20.8308,-20.7214,1.8405
33.867,raw,3361,-20.2538,-21.9908,1.8412
33.867,raw,3376,-19.6621,-23.3137,1.8420
33.867,raw,3390,-19.0972,-24.6097,1.8429
33.867,raw,3405,-18.4607,-26.0567,1.8439
33.867,raw,3420,-17.7864,-27.5715,1.8451
33.867,raw,3435,-17.0825,-29.1869,1.8464
33.867,raw,3449,4.8437,-0.8088,1.8060
33.867,raw,3464,4.6865,-0.5844,1.8057
33.867,raw,3479,4.5478,-0.3797,1.8055
33.867,raw,3494,4.4272,-0.1914,1.8053
33.867,raw,3508,4.3259,-0.0271,1.8052
33.867,raw,3523,4.2246,0.1388,1.8050
33.867,raw,3538,4.3177,0.3006,1.8051
33.867,raw,3553,4.6306,0.4858,1.8056
33.867,raw,3567,4.9296,0.6849,1.8060
33.867,raw,3582,-33.1992,10.7348,1.8479
33.867,raw,3597,-32.7195,9.0318,1.8466
33.867,raw,3612,-31.4924,7.2441,1.8444
33.867,raw,3626,-30.8802,5.7955,1.8432
33.867,raw,3641,-30.1993,4.3172,1.8420
33.867,raw,3656,-29.6071,2.9223,1.8410
33.867,raw,3671,-29.0527,1.5908,1.8401
33.867,raw,3685,-28.5506,0.3962,1.8394
33.867,raw,3700,-31.7700,-3.2145,2.6047
33.867,raw,3715,-17.5890,-3.2569,2.2570
33.867,raw,3730,-15.6793,-6.8413,2.2379
33.867,raw,3744,-25.8314,-14.4656,2.5475
33.867,raw,3759,4.8197,-0.7901,1.9092
33.867,raw,3774,4.6771,-0.5702,1.9046
33.867,raw,3789,4.5418,-0.3671,1.9005
33.867,raw,3803,4.4399,-0.1927,1.8975
33.867,raw,3818,4.3304,-0.0164,1.8944
33.867,raw,3833,4.2098,0.1497,1.8913
33.867,raw,3848,4.3696,0.3130,1.8953
33.867,raw,3862,4.6192,0.4851,1.9017
33.867,raw,3877,4.9799,0.7033,1.9111
33.867,raw,3892,-31.8651,-3.6016,3.3730
33.867,raw,3906,-26.1185,-13.8329,3.2526
33.867,raw,3921,-19.9262,-24.0413,3.3299
33.867,raw,3936,4.7423,-0.6832,2.0078
33.867,raw,3951,4.6177,-0.4742,2.0001
33.867,raw,3965,4.5126,-0.2929,1.9938
33.867,raw,3980,4.3871,-0.1090,1.9868
33.867,raw,3995,4.2575,0.0631,1.9801
33.867,raw,4010,4.2250,0.2239,1.9784
33.867,raw,4024,4.4802,0.3844,1.9909
33.867,raw,4039,4.7738,0.5816,2.0057
33.867,raw,4054,5.1388,0.8152,2.0244
33.867,raw,4069,-25.9722,-14.1475,3.9618
33.867,raw,4083,4.7991,-0.7595,2.1142
33.867,raw,4098,4.6436,-0.5395,2.1002
33.867,raw,4113,4.5155,-0.3400,2.0889
33.867,raw,4128,4.4054,-0.1554,2.0795
33.867,raw,4142,4.2936,0.0074,2.0706
33.867,raw,4157,4.2009,0.1709,2.0636
33.867,raw,4172,4.3866,0.3357,2.0771
33.867,raw,4187,4.6933,0.5262,2.0998
33.867,raw,4201,5.0375,0.7360,2.1259
33.867,raw,4216,-15.9885,-1.9282,3.3872
33.867,raw,4231,-16.5669,0.1219,3.8342
33.867,raw,4246,-16.3382,-0.6048,3.8093
33.867,raw,4260,-16.1337,-1.2686,3.7904
33.867,raw,4275,-15.9187,-1.9673,3.7741
33.867,raw,4290,-15.4805,-2.6160,3.7343
33.867,raw,4305,-15.2788,-3.2889,3.7263
33.867,raw,4319,-15.1017,-3.9157,3.7234
33.867,raw,4334,-14.8895,-4.5792,3.7209
33.867,raw,4349,-14.6877,-5.4441,3.7314
33.867,raw,4364,-14.4889,-6.1194,3.7390
33.867,raw,4378,-14.2752,-6.7432,3.7459
33.867,raw,4393,-14.0588,-7.4254,3.7589
33.867,raw,4408,-16.7932,0.8671,3.8626
34.926,raw,0,4.8099,-0.7861,0.9710
34.926,raw,15,4.6871,-0.5699,1.0020
34.926,raw,30,4.5297,-0.3629,1.0375
34.926,raw,46,4.4255,-0.1657,1.0614
34.926,raw,61,4.3104,0.0097,1.0854
34.926,raw,77,4.1824,0.1851,1.1105
34.926,raw,92,4.3912,0.3508,1.0708
34.926,raw,108,4.7101,0.5560,1.0085
34.926,raw,123,5.0685,0.7840,0.9370
34.926,raw,138,4.7136,-0.6375,1.0980
34.926,raw,154,4.5857,-0.4186,1.1250
34.926,raw,169,4.4492,-0.2251,1.1513
34.926,raw,185,4.3520,-0.0367,1.1699
34.926,raw,200,4.2265,0.1315,1.1916
34.926,raw,216,4.3324,0.3048,1.1742
34.926,raw,231,4.5984,0.4877,1.1292
34.926,raw,246,4.9493,0.7043,1.0687
34.926,raw,262,-5.2120,-6.2013,0.5956
34.926,raw,277,-5.0153,-6.5460,0.5769
34.926,raw,293,-4.7528,-6.8656,0.5643
34.926,raw,308,-4.5257,-7.2079,0.5436
34.926,raw,324,-4.2461,-7.5404,0.5258
34.926,raw,339,-3.9812,-7.8707,0.5046
34.926,raw,354,4.7005,-0.5849,1.2038
34.926,raw,370,4.5525,-0.3661,1.2292
34.926,raw,385,4.4243,-0.1770,1.2502
34.926,raw,401,4.3164,0.0094,1.2673
34.926,raw,416,4.1932,0.1745,1.2853
34.926,raw,432,4.4032,0.3512,1.2555
34.926,raw,447,4.6922,0.5424,1.2135
34.926,raw,463,5.0735,0.7846,1.1569
34.926,raw,478,-5.6260,-6.8255,0.7141
34.926,raw,493,-5.4042,-7.1927,0.6979
34.926,raw,509,-5.1676,-7.6083,0.6761
34.926,raw,524,-4.9027,-7.9628,0.6599
34.926,raw,540,-4.3306,-7.8851,0.7030
34.926,raw,555,-4.3511,-8.7764,0.6118
34.926,raw,571,-4.0146,-9.1599,0.5899
34.926,raw,586,-3.7093,-9.5845,0.5598
34.926,raw,601,-3.3581,-9.9537,0.5354
34.926,raw,617,4.7912,-0.7430,1.2910
34.926,raw,632,4.6470,-0.5257,1.3125
34.926,raw,648,4.5204,-0.3147,1.3307
34.926,raw,663,4.3877,-0.1285,1.3484
34.926,raw,679,4.2717,0.0550,1.3633
34.926,raw,694,4.1778,0.2167,1.3746
34.926,raw,709,4.4584,0.3873,1.3415
34.926,raw,725,4.7735,0.5982,1.3032
34.926,raw,740,5.1606,0.8363,1.2554
34.926,raw,756,-6.2072,-7.5809,0.8471
34.926,raw,771,-5.9670,-7.9923,0.8319
34.926,raw,787,-5.6945,-8.4369,0.8143
34.926,raw,802,-5.4263,-8.8648,0.7956
34.926,raw,817,-4.2903,-7.8703,0.9295
34.926,raw,833,-4.7880,-9.7185,0.7578
34.926,raw,848,-4.4386,-10.1117,0.7399
34.926,raw,864,-4.0702,-10.5907,0.7136
34.926,raw,879,-3.6946,-11.0295,0.6888
34.926,raw,895,-3.3575,-11.7807,0.6333
34.926,raw,910,-2.9788,-12.4494,0.5841
34.926,raw,926,-2.5740,-13.3921,0.5086
34.926,raw,941,4.6916,-0.5956,1.4065
34.926,raw,956,4.5606,-0.3910,1.4216
34.926,raw,972,4.4499,-0.1909,1.4341
34.926,raw,987,4.3384,-0.0138,1.4457
34.926,raw,1003,4.2075,0.1638,1.4584
34.926,raw,1018,4.3520,0.3273,1.4449
34.926,raw,1034,4.6643,0.5282,1.4150
34.926,raw,1049,5.0184,0.7514,1.3803
34.926,raw,1064,-7.3716,-7.5667,1.0355
34.926,raw,1080,-7.1061,-8.0297,1.0253
34.926,raw,1095,-6.8490,-8.4746,1.0141
34.926,raw,1111,-6.5619,-8.9594,1.0005
34.926,raw,1126,-6.2510,-9.3848,0.9897
34.926,raw,1142,-5.9383,-9.8980,0.9723
34.926,raw,1157,-4.1859,-7.9058,1.1527
34.926,raw,1172,-5.2852,-10.8776,0.9364
34.926,raw,1188,-4.8556,-11.3177,0.9223
34.926,raw,1203,-4.4852,-11.8555,0.8986
34.926,raw,1219,-4.1120,-12.5888,0.8607
34.926,raw,1234,-3.7438,-13.3748,0.8175
34.926,raw,1250,-3.3499,-14.4472,0.7539
34.926,raw,1265,-2.9028,-15.4623,0.6930
34.926,raw,1280,-2.4359,-16.8151,0.6076
34.926,raw,1296,4.7956,-0.7569,1.4974
34.926,raw,1311,4.6583,-0.5400,1.5097
34.926,raw,1327,4.5322,-0.3280,1.5205
34.926,raw,1342,4.4069,-0.1414,1.5306
34.926,raw,1358,4.2740,0.0441,1.5406
34.926,raw,1373,4.1905,0.2062,1.5466
34.926,raw,1389,4.4475,0.3868,1.5286
34.926,raw,1404,4.7510,0.5838,1.5068
34.926,raw,1419,5.1065,0.8156,1.4806
34.926,raw,1435,-9.6866,-5.1304,1.2758
34.926,raw,1450,-9.5636,-5.6329,1.2696
34.926,raw,1466,-9.3426,-6.1276,1.2665
34.926,raw,1481,-9.1126,-6.5836,1.2636
34.926,raw,1497,-8.8964,-7.1018,1.2575
34.926,raw,1512,-8.6806,-7.5924,1.2510
34.926,raw,1527,-8.4262,-8.0653,1.2454
34.926,raw,1543,-8.1396,-8.5725,1.2387
34.926,raw,1558,-7.8557,-9.0510,1.2317
34.926,raw,1574,-7.5235,-9.5504,1.2244
34.926,raw,1589,-7.2150,-10.0467,1.2154
34.926,raw,1605,-6.8761,-10.5971,1.2040
34.926,raw,1620,-6.5532,-11.1463,1.1911
34.926,raw,1635,-4.0961,-7.9661,1.3727
34.926,raw,1651,-5.7856,-12.2667,1.1638
34.926,raw,1666,-5.4274,-12.9368,1.1433
34.926,raw,1682,-4.9587,-13.5529,1.1258
34.926,raw,1697,-4.6629,-14.6431,1.0840
34.926,raw,1713,-4.2512,-15.7936,1.0400
34.926,raw,1728,-3.9691,-17.6213,0.9631
34.926,raw,1743,-4.2957,-23.1271,0.7155
34.926,raw,1759,-3.4080,-24.5216,0.6603
34.926,raw,1774,-2.3926,-25.1392,0.6387
34.926,raw,1790,-1.2588,-25.7515,0.6156
34.926,raw,1805,-0.1493,-26.2444,0.5956
34.926,raw,1821,1.0798,-26.8417,0.5685
34.926,raw,1836,2.2888,-27.4734,0.5374
34.926,raw,1852,3.6469,-28.1544,0.5012
34.926,raw,1867,4.6965,-0.5841,1.6064
34.926,raw,1882,4.5595,-0.3790,1.6141
34.926,raw,1898,4.4095,-0.1755,1.6220
34.926,raw,1913,4.3153,-0.0015,1.6269
34.926,raw,1929,4.1888,0.1745,1.6329
34.926,raw,1944,4.3774,0.3392,1.6243
34.926,raw,1960,4.6752,0.5410,1.6102
34.926,raw,1975,5.0539,0.7689,1.5920
34.926,raw,1990,-17.5801,21.9902,0.5111
34.926,raw,2006,-17.0215,19.4453,0.6151
34.926,raw,2021,-16.5574,17.3869,0.6976
34.926,raw,2037,-16.0132,15.3764,0.7789
34.926,raw,2052,-15.4898,13.6727,0.8479
34.926,raw,2068,-14.9743,12.0671,0.9120
34.926,raw,2083,-14.5598,10.7512,0.9626
34.926,raw,2098,-11.2227,7.6860,1.1664
34.926,raw,2114,-13.8799,8.4733,1.0444
34.926,raw,2129,-13.4798,7.4602,1.0825
34.926,raw,2145,-13.1287,0.0637,1.4988
34.926,raw,2160,-12.9122,-0.5138,1.5032
34.926,raw,2176,-8.1609,-0.6596,1.6075
34.926,raw,2191,-8.2805,-1.0567,1.6038
34.926,raw,2206,-12.2436,-2.1923,1.5134
34.926,raw,2222,-12.0557,-2.7613,1.5149
34.926,raw,2237,-11.8759,-3.2892,1.5158
34.926,raw,2253,-11.7011,-3.8551,1.5158
34.926,raw,2268,-11.4095,-4.3379,1.5183
34.926,raw,2284,-11.2558,-4.9110,1.5167
34.926,raw,2299,-11.0729,-5.4375,1.5155
34.926,raw,2315,-10.8960,-6.0162,1.5131
34.926,raw,2330,-10.6203,-6.5044,1.5130
34.926,raw,2345,-10.4645,-7.0736,1.5092
34.926,raw,2361,-10.1979,-7.6293,1.5070
34.926,raw,2376,-9.9142,-8.1352,1.5052
34.926,raw,2392,-9.5755,-8.6552,1.5035
34.926,raw,2407,-9.3228,-9.2148,1.4993
34.926,raw,2423,-9.0183,-9.8034,1.4949
34.926,raw,2438,-8.6731,-10.3142,1.4917
34.926,raw,2453,-8.3886,-10.9226,1.4854
34.926,raw,2469,-8.0654,-11.5925,1.4780
34.926,raw,2484,-7.6948,-12.1717,1.4721
34.926,raw,2500,-4.2986,-7.8317,1.5931
34.926,raw,2515,-4.0322,-8.1880,1.5892
34.926,raw,2531,-6.4817,-14.2590,1.4453
34.926,raw,2546,-6.0335,-14.9687,1.4352
34.926,raw,2561,-7.6098,-21.1006,1.2967
34.926,raw,2577,-7.1602,-23.0858,1.2587
34.926,raw,2592,-6.5545,-24.8303,1.2258
34.926,raw,2608,-5.7168,-26.5037,1.1946
34.926,raw,2623,-4.6317,-27.1305,1.1861
34.926,raw,2639,-3.4359,-27.8089,1.1756
34.926,raw,2654,-2.2844,-28.5678,1.1619
34.926,raw,2669,-1.0802,-29.3778,1.1461
34.926,raw,2685,0.2747,-30.2856,1.1270
34.926,raw,2700,1.6075,-30.7852,1.1156
34.926,raw,2716,3.0902,-31.4278,1.0995
34.926,raw,2731,4.5738,-32.2680,1.0777
34.926,raw,2747,6.3130,-33.5044,1.0451
34.926,raw,2762,4.7241,-0.6396,1.7053
34.926,raw,2778,4.5809,-0.4179,1.7093
34.926,raw,2793,4.4685,-0.2272,1.7123
34.926,raw,2808,4.3438,-0.0472,1.7154
34.926,raw,2824,4.2432,0.1312,1.7178
34.926,raw,2839,4.3062,0.2932,1.7164
34.926,raw,2855,4.5826,0.4867,1.7101
34.926,raw,2870,4.9410,0.7034,1.7018
34.926,raw,2886,-22.7068,25.8279,1.0369
34.926,raw,2901,-21.8955,22.8868,1.0964
34.926,raw,2916,-20.6598,19.8649,1.1624
34.926,raw,2932,-19.6537,17.2738,1.2169
34.926,raw,2947,-18.6050,15.0211,1.2662
34.926,raw,2963,-17.8950,13.1621,1.3032
34.926,raw,2978,-11.1860,7.7100,1.4932
34.926,raw,2994,-16.5363,10.0632,1.3653
34.926,raw,3009,-16.4063,9.0379,1.3787
34.926,raw,3024,-15.9531,7.9174,1.3987
34.926,raw,3040,-15.5595,6.8502,1.4161
34.926,raw,3055,-15.2188,5.9286,1.4305
34.926,raw,3071,-15.1493,5.1005,1.4378
34.926,raw,3086,-14.8362,4.2854,1.4494
34.926,raw,3102,-14.4912,3.4633,1.4611
34.926,raw,3117,-14.1968,2.7409,1.4705
34.926,raw,3132,-13.9234,2.0571,1.4787
34.926,raw,3148,-13.6559,1.3638,1.4862
34.926,raw,3163,-13.3936,0.7403,1.4928
34.926,raw,3179,-23.3433,0.0920,1.8323
34.926,raw,3194,-17.1526,-0.6402,1.8240
34.926,raw,3210,-8.1856,-0.6116,1.8118
34.926,raw,3225,-8.1873,-0.9922,1.8119
34.926,raw,3241,-19.6583,-3.5275,1.8278
34.926,raw,3256,-18.9143,-4.2638,1.8270
34.926,raw,3271,-18.1926,-4.9563,1.8263
34.926,raw,3287,-17.4858,-5.6643,1.8257
34.926,raw,3302,-16.8337,-6.2917,1.8251
34.926,raw,3318,-16.1835,-6.9400,1.8246
34.926,raw,3333,-15.5719,-7.5151,1.8242
34.926,raw,3349,-14.9651,-8.1204,1.8238
34.926,raw,3364,-14.3940,-8.6624,1.8235
34.926,raw,3379,-13.8684,-9.2122,1.8233
34.926,raw,3395,-13.4074,-9.8546,1.8233
34.926,raw,3410,-13.0362,-10.5051,1.8234
34.926,raw,3426,-12.6512,-11.2228,1.8236
34.926,raw,3441,-12.2765,-11.9031,1.8239
34.926,raw,3457,-11.9083,-12.6884,1.8243
34.926,raw,3472,-11.5911,-13.4952,1.8248
34.926,raw,3487,-11.3345,-14.4309,1.8255
34.926,raw,3503,-11.2936,-15.8362,1.8270
34.926,raw,3518,-15.2935,-23.3314,1.8384
34.926,raw,3534,-14.6243,-24.7415,1.8395
34.926,raw,3549,-13.9602,-26.1453,1.8407
34.926,raw,3565,-13.2053,-27.7445,1.8422
34.926,raw,3580,-12.4502,-29.3648,1.8438
34.926,raw,3595,-11.6280,-31.0934,1.8455
34.926,raw,3611,-10.6723,-33.0955,1.8476
34.926,raw,3626,4.6772,-0.5805,1.8057
34.926,raw,3642,4.5268,-0.3625,1.8055
34.926,raw,3657,4.4280,-0.1773,1.8053
34.926,raw,3673,4.2837,0.0111,1.8051
34.926,raw,3688,4.1910,0.1745,1.8050
34.926,raw,3704,4.3817,0.3505,1.8052
34.926,raw,3719,4.6741,0.5410,1.8056
34.926,raw,3734,5.0269,0.7655,1.8062
34.926,raw,3750,-32.9089,9.2893,1.8469
34.926,raw,3765,-30.6176,7.2412,1.8432
34.926,raw,3781,-28.8113,5.4291,1.8404
34.926,raw,3796,-27.2481,3.9245,1.8380
34.926,raw,3812,-25.7966,2.5051,1.8358
34.926,raw,3827,-24.5720,1.3116,1.8340
34.926,raw,3842,-23.5007,0.2283,1.8325
34.926,raw,3858,-31.8511,-3.5016,2.6073
34.926,raw,3873,-17.0499,-3.3063,2.2440
34.926,raw,3889,-16.4152,-6.4140,2.2506
34.926,raw,3904,-15.3399,-7.1806,2.2335
34.926,raw,3920,-14.5300,-7.9422,2.2241
34.926,raw,3935,-29.6795,-17.8737,2.6722
34.926,raw,3950,-28.3208,-20.3806,2.6781
34.926,raw,3966,-19.7845,-24.2868,2.5884
34.926,raw,3981,4.7180,-0.6384,1.9062
34.926,raw,3997,4.5647,-0.4154,1.9015
34.926,raw,4012,4.4642,-0.2268,1.8984
34.926,raw,4028,4.3434,-0.0361,1.8950
34.926,raw,4043,4.2196,0.1317,1.8917
34.926,raw,4058,4.3027,0.2931,1.8938
34.926,raw,4074,4.5975,0.4877,1.9013
34.926,raw,4089,4.9409,0.7034,1.9103
34.926,raw,4105,-31.6940,-3.6713,3.3649
34.926,raw,4120,-26.0964,-13.8141,3.2509
34.926,raw,4136,-19.8805,-24.1165,3.3312
34.926,raw,4151,4.7086,-0.6490,2.0063
34.926,raw,4167,4.5948,-0.4321,1.9990
34.926,raw,4182,4.4506,-0.2367,1.9909
34.926,raw,4197,4.3431,-0.0582,1.9849
34.926,raw,4213,4.2282,0.1208,1.9790
34.926,raw,4228,4.2847,0.2819,1.9817
34.926,raw,4244,4.5733,0.4743,1.9960
34.926,raw,4259,4.9168,0.6879,2.0134
34.926,raw,4275,-18.7685,-2.7922,3.2002
34.926,raw,4290,-25.9206,-14.3094,3.9638
34.926,raw,4305,4.7340,-0.6795,2.1091
34.926,raw,4321,4.6159,-0.4595,2.0978
34.926,raw,4336,4.4710,-0.2620,2.0856
34.926,raw,4352,4.3572,-0.0703,2.0761
34.926,raw,4367,4.2529,0.0988,2.0680
34.926,raw,4383,4.2683,0.2708,2.0690
34.926,raw,4398,4.5397,0.4489,2.0890
34.926,raw,4413,4.8529,0.6557,2.1126
34.926,raw,4429,-15.6781,-2.1684,3.3604
34.926,raw,4444,-11.3733,-8.4891,3.2044
34.926,raw,4460,4.4681,-0.2502,2.1790
34.926,raw,4475,4.3532,-0.0700,2.1665
34.926,raw,4491,4.2354,0.1100,2.1544
34.926,raw,4506,4.2547,0.2706,2.1562
34.926,raw,4521,4.5368,0.4488,2.1837
34.926,raw,4537,-16.4704,-0.1673,3.8223
34.926,raw,4552,-16.2411,-0.8863,3.7988
34.926,raw,4568,-16.0073,-1.6372,3.7789
34.926,raw,4583,-15.5826,-2.2964,3.7392
34.926,raw,4599,-15.1028,-5.3380,3.7728
34.926,raw,4614,-11.2892,-8.5322,3.5484
36.208,raw,0,4.8077,-0.8385,0.9680
36.208,raw,16,4.6539,-0.6032,1.0054
36.208,raw,32,4.5200,-0.3887,1.0367
36.208,raw,48,4.3977,-0.1902,1.0639
36.208,raw,65,4.2575,0.0071,1.0927
36.208,raw,81,4.1538,0.1795,1.1129
36.208,raw,97,4.4621,0.3628,1.0540
36.208,raw,113,4.7772,0.5759,0.9919
36.208,raw,130,4.7904,-0.8085,1.0786
36.208,raw,146,4.6247,-0.5733,1.1130
36.208,raw,162,4.4923,-0.3615,1.1398
36.208,raw,178,4.3544,-0.1639,1.1658
36.208,raw,195,4.2509,0.0289,1.1847
36.208,raw,211,4.1854,0.2008,1.1958
36.208,raw,227,4.5041,0.3879,1.1426
36.208,raw,243,4.8198,0.6051,1.0882
36.208,raw,260,-5.3079,-6.2346,0.5890
36.208,raw,276,-5.0489,-6.5452,0.5799
36.208,raw,292,-4.8142,-6.8993,0.5613
36.208,raw,308,-4.5527,-7.2374,0.5442
36.208,raw,325,-4.2362,-7.5590,0.5304
36.208,raw,341,-3.8567,-8.0094,0.5021
36.208,raw,357,4.6439,-0.6137,1.2096
36.208,raw,373,4.5404,-0.4033,1.2288
36.208,raw,390,4.3747,-0.1881,1.2553
36.208,raw,406,4.2587,-0.0038,1.2733
36.208,raw,422,4.1652,0.1690,1.2869
36.208,raw,438,4.4401,0.3503,1.2478
36.208,raw,455,4.7859,0.5768,1.1973
36.208,raw,471,-5.8238,-6.6440,0.7192
36.208,raw,487,-5.5731,-7.0094,0.7068
36.208,raw,503,-5.3055,-7.3704,0.6937
36.208,raw,520,-5.0298,-7.7880,0.6734
36.208,raw,536,-4.6134,-7.9628,0.6832
36.208,raw,552,-4.1469,-8.0354,0.7038
36.208,raw,568,-4.1246,-8.9494,0.6113
36.208,raw,585,-3.7619,-9.3614,0.5862
36.208,raw,601,-3.4088,-9.7749,0.5578
36.208,raw,617,-3.0423,-10.2218,0.5237
36.208,raw,633,4.7236,-0.7424,1.2979
36.208,raw,650,4.5746,-0.5040,1.3201
36.208,raw,666,4.4594,-0.2994,1.3367
36.208,raw,682,4.3240,-0.1060,1.3545
36.208,raw,698,4.2123,0.0731,1.3685
36.208,raw,715,4.2698,0.2557,1.3619
36.208,raw,731,4.5943,0.4519,1.3231
36.208,raw,747,4.9433,0.6822,1.2802
36.208,raw,763,-6.3806,-7.4606,0.8487
36.208,raw,780,-6.0621,-7.8639,0.8396
36.208,raw,796,-5.7732,-8.2747,0.8260
36.208,raw,812,-5.4717,-8.6926,0.8106
36.208,raw,828,-4.4035,-7.8836,0.9271
36.208,raw,845,-4.8113,-9.5965,0.7708
36.208,raw,861,-4.4445,-10.0110,0.7522
36.208,raw,877,-4.0617,-10.4376,0.7310
36.208,raw,893,-3.6565,-10.8676,0.7081
36.208,raw,910,-3.2815,-11.5823,0.6571
36.208,raw,926,-2.8791,-12.2649,0.6071
36.208,raw,942,-2.4579,-13.0971,0.5416
36.208,raw,958,4.7410,-0.7589,1.3983
36.208,raw,975,4.5961,-0.5197,1.4157
36.208,raw,991,4.4570,-0.3106,1.4312
36.208,raw,1007,4.3363,-0.1180,1.4440
36.208,raw,1023,4.2249,0.0620,1.4552
36.208,raw,1040,4.2734,0.2450,1.4508
36.208,raw,1056,4.5614,0.4379,1.4234
36.208,raw,1072,4.9195,0.6665,1.3884
36.208,raw,1088,-7.4781,-7.5801,1.0324
36.208,raw,1105,-7.1905,-8.0681,1.0222
36.208,raw,1121,-6.8689,-8.4896,1.0153
36.208,raw,1137,-6.5830,-8.9740,1.0018
36.208,raw,1153,-6.2299,-9.3963,0.9928
36.208,raw,1170,-5.8998,-9.9429,0.9741
36.208,raw,1186,-4.1428,-7.9735,1.1531
36.208,raw,1202,-5.1299,-10.8516,0.9459
36.208,raw,1218,-4.7435,-11.3766,0.9249
36.208,raw,1235,-4.2564,-11.8284,0.9094
36.208,raw,1251,-3.8981,-12.6101,0.8673
36.208,raw,1267,-3.5278,-13.5539,0.8130
36.208,raw,1283,-3.0693,-14.4472,0.7617
36.208,raw,1300,-2.5563,-15.6663,0.6870
36.208,raw,1316,-1.9787,-16.8427,0.6136
36.208,raw,1332,-1.3312,-18.3215,0.5177
36.208,raw,1348,4.6529,-0.6277,1.5083
36.208,raw,1365,4.5075,-0.3987,1.5208
36.208,raw,1381,4.3781,-0.1996,1.5313
36.208,raw,1397,4.2753,-0.0154,1.5393
36.208,raw,1413,4.1546,0.1585,1.5479
36.208,raw,1430,4.4161,0.3492,1.5296
36.208,raw,1446,4.7413,0.5602,1.5062
36.208,raw,1462,5.1632,0.8165,1.4752
36.208,raw,1478,-9.9561,-5.3962,1.2608
36.208,raw,1495,-9.6976,-5.9158,1.2594
36.208,raw,1511,-9.5238,-6.4553,1.2531
36.208,raw,1527,-9.2570,-6.9444,1.2504
36.208,raw,1543,-9.0016,-7.4513,1.2456
36.208,raw,1560,-8.6459,-7.9310,1.2439
36.208,raw,1576,-8.3540,-8.4305,1.2382
36.208,raw,1592,-8.0558,-8.9419,1.2311
36.208,raw,1608,-7.6957,-9.4048,1.2264
36.208,raw,1625,-7.3266,-9.9335,1.2183
36.208,raw,1641,-6.9749,-10.4547,1.2087
36.208,raw,1657,-6.6054,-10.9861,1.1980
36.208,raw,1673,-4.1557,-7.9419,1.3743
36.208,raw,1690,-5.7567,-12.0779,1.1740
36.208,raw,1706,-5.3516,-12.7149,1.1559
36.208,raw,1722,-4.8760,-13.2775,1.1409
36.208,raw,1738,-4.5347,-14.3232,1.1017
36.208,raw,1755,-4.0769,-15.4235,1.0604
36.208,raw,1771,-3.6684,-16.8990,1.0003
36.208,raw,1787,-3.4256,-19.8573,0.8712
36.208,raw,1803,-3.0684,-23.8309,0.6957
36.208,raw,1820,-1.9394,-24.4555,0.6738
36.208,raw,1836,-0.8246,-24.9146,0.6568
36.208,raw,1852,0.3265,-25.4500,0.6340
36.208,raw,1868,1.5254,-25.9673,0.6095
36.208,raw,1885,4.6360,-0.5999,1.6086
36.208,raw,1901,4.4996,-0.3859,1.6163
36.208,raw,1917,4.3885,-0.1893,1.6224
36.208,raw,1933,4.2581,-0.0038,1.6289
36.208,raw,1950,4.1560,0.1795,1.6337
36.208,raw,1966,4.4473,0.3620,1.6202
36.208,raw,1982,4.7675,0.5750,1.6050
36.208,raw,1998,22.2851,9.3734,0.7236
36.208,raw,2015,-19.4043,20.2633,0.5126
36.208,raw,2031,-18.5223,17.6836,0.6230
36.208,raw,2047,-17.6333,15.3856,0.7225
36.208,raw,2063,-16.8968,13.4538,0.8036
36.208,raw,2080,-16.1982,11.6740,0.8769
36.208,raw,2096,-15.7041,10.2675,0.9309
36.208,raw,2112,-15.2370,8.9987,0.9786
36.208,raw,2128,-14.6659,7.7836,1.0275
36.208,raw,2145,-14.3129,-0.2198,1.4729
36.208,raw,2161,-13.9889,-0.8795,1.4794
36.208,raw,2177,-8.1295,-0.8567,1.6082
36.208,raw,2193,-13.3388,-2.1245,1.4904
36.208,raw,2210,-13.0123,-2.7550,1.4949
36.208,raw,2226,-12.7201,-3.3352,1.4981
36.208,raw,2242,-12.4246,-3.9014,1.5009
36.208,raw,2258,-11.9712,-4.3990,1.5069
36.208,raw,2275,-11.7334,-5.0028,1.5069
36.208,raw,2291,-11.4998,-5.5680,1.5064
36.208,raw,2307,-11.2655,-6.1363,1.5054
36.208,raw,2323,-10.9612,-6.6694,1.5054
36.208,raw,2340,-10.6980,-7.2773,1.5032
36.208,raw,2356,-10.3307,-7.7747,1.5036
36.208,raw,2372,-10.0356,-8.3301,1.5013
36.208,raw,2388,-9.6782,-8.8449,1.4999
36.208,raw,2405,-9.3772,-9.4792,1.4953
36.208,raw,2421,-9.0056,-10.0114,1.4926
36.208,raw,2437,-8.6725,-10.6079,1.4877
36.208,raw,2453,-8.2546,-11.1308,1.4845
36.208,raw,2470,-7.8823,-11.8168,1.4772
36.208,raw,2486,-7.4517,-12.3937,1.4719
36.208,raw,2502,-4.1469,-7.9807,1.5930
36.208,raw,2518,-6.6118,-13.7511,1.4550
36.208,raw,2535,-6.0788,-14.4263,1.4467
36.208,raw,2551,-5.6376,-15.3102,1.4325
36.208,raw,2567,-7.0686,-21.8168,1.2869
36.208,raw,2583,-6.4354,-23.4541,1.2567
36.208,raw,2600,-5.6643,-25.3845,1.2199
36.208,raw,2616,-4.5589,-26.0332,1.2111
36.208,raw,2632,-3.4148,-26.6897,1.2010
36.208,raw,2648,-2.2334,-27.4198,1.1882
36.208,raw,2665,-0.9167,-28.2014,1.1732
36.208,raw,2681,0.3871,-28.7027,1.1629
36.208,raw,2697,1.7384,-29.2465,1.1503
36.208,raw,2713,3.1601,-29.9604,1.1325
36.208,raw,2730,4.7602,-30.7512,1.1112
36.208,raw,2746,6.4040,-31.7500,1.0837
36.208,raw,2762,8.3640,-33.5868,1.0352
36.208,raw,2778,4.6507,-0.6273,1.7068
36.208,raw,2795,4.5210,-0.4006,1.7104
36.208,raw,2811,4.3728,-0.1991,1.7142
36.208,raw,2827,4.2570,-0.0145,1.7170
36.208,raw,2843,4.1391,0.1586,1.7197
36.208,raw,2860,4.4135,0.3491,1.7136
36.208,raw,2876,4.7488,0.5609,1.7059
36.208,raw,2892,5.1410,0.8134,1.6966
36.208,raw,2908,-24.4449,22.8728,1.0556
36.208,raw,2925,-23.7603,20.1728,1.1060
36.208,raw,2941,-22.7314,17.5940,1.1591
36.208,raw,2957,-22.4179,15.7656,1.1882
36.208,raw,2973,-20.9123,13.3428,1.2451
36.208,raw,2990,-20.2794,11.5934,1.2766
36.208,raw,3006,-19.1095,9.8038,1.3178
36.208,raw,3022,-18.3857,8.3929,1.3454
36.208,raw,3038,-17.7670,7.1429,1.3684
36.208,raw,3055,-17.5108,6.0543,1.3818
36.208,raw,3071,-16.9754,5.0023,1.3998
36.208,raw,3087,-16.4783,4.0341,1.4157
36.208,raw,3103,-16.0398,3.1418,1.4291
36.208,raw,3120,-15.5884,2.2554,1.4419
36.208,raw,3136,-15.1943,1.4740,1.4524
36.208,raw,3152,-14.7941,0.7346,1.4622
36.208,raw,3168,-16.9619,0.0624,1.8237
36.208,raw,3185,-34.0611,-1.8314,1.8469
36.208,raw,3201,-31.8139,-3.1977,1.8440
36.208,raw,3217,-31.8779,-4.7180,1.8444
36.208,raw,3233,-30.8863,-6.0561,1.8434
36.208,raw,3250,-29.8669,-7.4127,1.8424
36.208,raw,3266,-28.7980,-8.5950,1.8414
36.208,raw,3282,-17.5789,-6.1589,1.8260
36.208,raw,3298,-16.1252,-6.5232,1.8243
36.208,raw,3315,-25.5990,-11.8485,1.8389
36.208,raw,3331,-15.5417,-8.1326,1.8245
36.208,raw,3347,-23.7326,-13.8186,1.8379
36.208,raw,3363,-19.2670,-12.4874,1.8318
36.208,raw,3380,-17.3087,-12.5014,1.8296
36.208,raw,3396,-15.6920,-12.5118,1.8279
36.208,raw,3412,-14.2568,-12.5247,1.8264
36.208,raw,3428,-12.9947,-12.5644,1.8251
36.208,raw,3445,-12.1343,-12.9771,1.8247
36.208,raw,3461,-11.6175,-13.6593,1.8249
36.208,raw,3477,-11.2244,-14.5218,1.8255
36.208,raw,3493,-11.2097,-15.9730,1.8270
36.208,raw,3510,-10.8500,-17.2030,1.8281
36.208,raw,3526,-10.4915,-18.4732,1.8293
36.208,raw,3542,-10.0874,-19.8364,1.8307
36.208,raw,3558,-9.6620,-21.3734,1.8323
36.208,raw,3575,-9.1532,-23.1878,1.8342
36.208,raw,3591,-8.6132,-25.1157,1.8364
36.208,raw,3607,-7.9874,-27.2734,1.8389
36.208,raw,3623,-7.0726,-29.0044,1.8408
36.208,raw,3640,-5.7253,-29.7560,1.8414
36.208,raw,3656,-4.4170,-30.4708,1.8420
36.208,raw,3672,-3.0680,-31.2343,1.8428
36.208,raw,3688,-1.6632,-31.9974,1.8437
36.208,raw,3705,-0.1041,-32.8565,1.8447
36.208,raw,3721,1.4424,-33.8505,1.8461
36.208,raw,3737,3.0576,-34.4803,1.8471
36.208,raw,3753,4.6590,-0.6289,1.8057
36.208,raw,3770,4.5193,-0.4004,1.8055
36.208,raw,3786,4.3917,-0.2009,1.8053
36.208,raw,3802,4.2385,-0.0137,1.8051
36.208,raw,3818,4.1690,0.1585,1.8050
36.208,raw,3835,4.4131,0.3491,1.8053
36.208,raw,3851,4.7512,0.5611,1.8058
36.208,raw,3867,5.1411,0.8135,1.8063
36.208,raw,3883,-16.5969,-0.3288,2.2239
36.208,raw,3900,-16.3514,-1.1477,2.2189
36.208,raw,3916,-16.2187,-1.9144,2.2175
36.208,raw,3932,-16.9506,-3.2407,2.2406
36.208,raw,3948,-16.6076,-4.1552,2.2373
36.208,raw,3965,-14.8156,-6.8841,2.2179
36.208,raw,3981,-11.3491,-8.4170,2.1626
36.208,raw,3997,4.7547,-0.7491,1.9078
36.208,raw,4013,4.5746,-0.5161,1.9023
36.208,raw,4030,4.4493,-0.2982,1.8985
36.208,raw,4046,4.3260,-0.1061,1.8950
36.208,raw,4062,4.1985,0.0734,1.8916
36.208,raw,4078,4.2573,0.2446,1.8931
36.208,raw,4095,4.5753,0.4506,1.9012
36.208,raw,4111,4.9437,0.6822,1.9108
36.208,raw,4127,-16.7844,0.3112,2.2284
36.208,raw,4143,-15.7117,-2.1834,2.5902
36.208,raw,4160,-25.8553,-14.5428,3.2558
36.208,raw,4176,4.7429,-0.7593,2.0094
36.208,raw,4192,4.5780,-0.5287,1.9994
36.208,raw,4208,4.4568,-0.3221,1.9922
36.208,raw,4225,4.3455,-0.1186,1.9859
36.208,raw,4241,4.2128,0.0624,1.9790
36.208,raw,4257,4.2038,0.2329,1.9786
36.208,raw,4273,4.5268,0.4240,1.9945
36.208,raw,4290,4.8886,0.6630,2.0129
36.208,raw,4306,-18.4796,-3.0320,3.1809
36.208,raw,4322,-11.6109,-8.4485,2.8664
36.208,raw,4338,4.6605,-0.6292,2.1037
36.208,raw,4355,4.5076,-0.3987,2.0902
36.208,raw,4371,4.3991,-0.2016,2.0808
36.208,raw,4387,4.2685,-0.0151,2.0705
36.208,raw,4403,4.1525,0.1585,2.0619
36.208,raw,4420,4.3939,0.3482,2.0795
36.208,raw,4436,4.7367,0.5598,2.1051
36.208,raw,4452,5.1171,0.8101,2.1342
36.208,raw,4468,-19.5347,-0.5294,3.7111
36.208,raw,4485,-19.2268,-1.4863,3.6872
36.208,raw,4501,-18.9589,-2.3693,3.6707
36.208,raw,4517,-18.4328,-3.3047,3.6350
36.208,raw,4533,-18.1603,-4.2066,3.6271
36.208,raw,4550,-11.4577,-8.4435,3.2048
36.208,raw,4566,4.6597,-0.6290,2.2035
36.208,raw,4582,4.5091,-0.4107,2.1859
36.208,raw,4598,4.3808,-0.2111,2.1715
36.208,raw,4615,4.2705,-0.0152,2.1596
36.208,raw,4631,4.1500,0.1585,2.1477
36.208,raw,4647,4.3783,0.3363,2.1698
36.208,raw,4663,4.6982,0.5441,2.2016
36.208,raw,4680,-19.0416,0.2175,3.6629
36.208,raw,4696,-16.4132,-0.5181,3.8147
36.208,raw,4712,-16.1772,-1.2789,3.7925
36.208,raw,4728,-16.5250,-2.1018,3.8443
36.208,raw,4745,-15.4957,-2.7661,3.7357
36.208,raw,4761,-15.2810,-3.4839,3.7280
36.208,raw,4777,-15.0641,-4.1966,3.7240
36.208,raw,4793,-14.8338,-4.9032,3.7223
36.208,raw,4810,-14.6266,-5.8194,3.7363
36.208,raw,4826,-14.3880,-6.5322,3.7432
36.208,raw,4842,-14.1597,-7.2580,3.7559
36.208,raw,4858,-13.9332,-7.9980,3.7738
37.258,raw,0,4.8373,-0.8645,0.9675
37.258,raw,15,4.6771,-0.6401,1.0058
37.258,raw,31,4.5317,-0.4235,1.0394
37.258,raw,46,4.4210,-0.2376,1.0643
37.258,raw,62,4.2892,-0.0508,1.0916
37.258,raw,77,4.1978,0.1123,1.1098
37.258,raw,93,4.3795,0.2878,1.0751
37.258,raw,109,4.7138,0.4934,1.0100
37.258,raw,124,5.0981,0.7246,0.9335
37.258,raw,140,4.7308,-0.6879,1.0975
37.258,raw,155,4.5844,-0.4786,1.1271
37.258,raw,171,4.4499,-0.2746,1.1534
37.258,raw,186,4.3431,-0.0976,1.1733
37.258,raw,202,4.2120,0.0804,1.1959
37.258,raw,218,4.3388,0.2534,1.1750
37.258,raw,233,4.6167,0.4380,1.1279
37.258,raw,249,4.9971,0.6727,1.0622
37.258,raw,264,-5.4160,-6.5165,0.5494
37.258,raw,280,-5.1652,-6.8588,0.5357
37.258,raw,295,-4.9238,-7.1860,0.5203
37.258,raw,311,-4.6438,-7.5221,0.5045
37.258,raw,327,4.6915,-0.6801,1.2058
37.258,raw,342,4.5781,-0.4777,1.2263
37.258,raw,358,4.4422,-0.2738,1.2489
37.258,raw,373,4.3239,-0.0963,1.2675
37.258,raw,389,4.2235,0.0802,1.2826
37.258,raw,404,4.3059,0.2416,1.2709
37.258,raw,420,4.6131,0.4378,1.2266
37.258,raw,436,5.0013,0.6732,1.1693
37.258,raw,451,-5.9621,-7.1283,0.6666
37.258,raw,467,-5.6862,-7.4993,0.6546
37.258,raw,482,-5.4110,-7.8409,0.6429
37.258,raw,498,-5.1484,-8.2698,0.6198
37.258,raw,514,-4.3899,-7.9223,0.7015
37.258,raw,529,-4.0855,-8.2135,0.6900
37.258,raw,545,-4.1646,-9.3655,0.5670
37.258,raw,560,-3.8111,-9.6966,0.5495
37.258,raw,576,-3.4524,-10.1398,0.5178
37.258,raw,591,4.7890,-0.8145,1.2924
37.258,raw,607,4.6406,-0.5844,1.3146
37.258,raw,623,4.5032,-0.3729,1.3342
37.258,raw,638,4.3813,-0.1890,1.3506
37.258,raw,654,4.2579,-0.0062,1.3662
37.258,raw,669,4.1795,0.1544,1.3757
37.258,raw,685,4.4641,0.3363,1.3421
37.258,raw,700,4.7901,0.5368,1.3026
37.258,raw,716,5.1794,0.7893,1.2543
37.258,raw,732,-6.4961,-8.0051,0.8038
37.258,raw,747,-6.2096,-8.3907,0.7931
37.258,raw,763,-5.9032,-8.8213,0.7783
37.258,raw,778,-5.5815,-9.1983,0.7664
37.258,raw,794,-4.2324,-7.9226,0.9327
37.258,raw,809,-4.8984,-10.0283,0.7325
37.258,raw,825,-4.4964,-10.4172,0.7171
37.258,raw,841,-4.0979,-10.8567,0.6950
37.258,raw,856,-3.7227,-11.3245,0.6675
37.258,raw,872,-3.3611,-12.0407,0.6157
37.258,raw,887,-2.9567,-12.6536,0.5719
37.258,raw,903,-2.5266,-13.5244,0.5032
37.258,raw,919,4.6806,-0.6408,1.4089
37.258,raw,934,4.5514,-0.4381,1.4238
37.258,raw,950,4.4349,-0.2390,1.4367
37.258,raw,965,4.3064,-0.0626,1.4498
37.258,raw,981,4.1823,0.1124,1.4618
37.258,raw,996,4.3827,0.2768,1.4431
37.258,raw,1012,4.6695,0.4777,1.4155
37.258,raw,1028,5.0774,0.7220,1.3756
37.258,raw,1043,-7.7486,-8.0729,0.9950
37.258,raw,1059,-7.4408,-8.5306,0.9870
37.258,raw,1074,-7.1068,-8.9222,0.9819
37.258,raw,1090,-6.7724,-9.3817,0.9716
37.258,raw,1105,-6.4289,-9.7932,0.9628
37.258,raw,1121,-6.0998,-10.3157,0.9453
37.258,raw,1137,-4.1118,-7.9830,1.1541
37.258,raw,1152,-5.3372,-11.2417,0.9160
37.258,raw,1168,-4.9235,-11.7524,0.8968
37.258,raw,1183,-4.4797,-12.1581,0.8833
37.258,raw,1199,-4.1016,-12.9193,0.8435
37.258,raw,1214,-3.7538,-13.8225,0.7918
37.258,raw,1230,-3.2845,-14.6947,0.7426
37.258,raw,1246,-2.7718,-15.6859,0.6840
37.258,raw,1261,-2.2656,-16.9061,0.6076
37.258,raw,1277,-1.6552,-18.5242,0.5028
37.258,raw,1292,4.6878,-0.6545,1.5078
37.258,raw,1308,4.5587,-0.4392,1.5191
37.258,raw,1324,4.4196,-0.2375,1.5303
37.258,raw,1339,4.3140,-0.0630,1.5385
37.258,raw,1355,4.1998,0.1123,1.5467
37.258,raw,1370,4.3602,0.2760,1.5355
37.258,raw,1386,4.6886,0.4793,1.5121
37.258,raw,1401,5.0398,0.7040,1.4864
37.258,raw,1417,-10.5170,-5.5246,1.2349
37.258,raw,1433,-10.3333,-6.0772,1.2302
37.258,raw,1448,-10.0449,-6.5333,1.2308
37.258,raw,1464,-9.7822,-7.0511,1.2277
37.258,raw,1479,-9.5158,-7.5296,1.2246
37.258,raw,1495,-9.1968,-8.0206,1.2220
37.258,raw,1510,-8.9083,-8.4987,1.2175
37.258,raw,1526,-8.5963,-9.0191,1.2114
37.258,raw,1542,-8.2313,-9.5016,1.2069
37.258,raw,1557,-7.8762,-9.9528,1.2020
37.258,raw,1573,-7.5053,-10.4636,1.1943
37.258,raw,1588,-7.1555,-10.9662,1.1851
37.258,raw,1604,-4.5611,-7.9912,1.3632
37.258,raw,1619,-4.0947,-8.0074,1.3734
37.258,raw,1635,-5.9327,-12.5765,1.1506
37.258,raw,1651,-5.4967,-13.2050,1.1334
37.258,raw,1666,-5.0377,-13.7567,1.1184
37.258,raw,1682,-4.6917,-14.8569,1.0770
37.258,raw,1697,-4.2786,-15.8614,1.0393
37.258,raw,1713,-3.8811,-17.4339,0.9751
37.258,raw,1729,-4.1060,-22.7402,0.7372
37.258,raw,1744,-3.3147,-24.1803,0.6791
37.258,raw,1760,-2.2352,-24.7161,0.6615
37.258,raw,1775,-1.1817,-25.1149,0.6477
37.258,raw,1791,-0.0274,-25.5724,0.6292
37.258,raw,1806,1.0925,-26.0839,0.6059
37.258,raw,1822,2.3348,-26.5803,0.5808
37.258,raw,1838,4.7000,-0.6693,1.6066
37.258,raw,1853,4.5448,-0.4607,1.6152
37.258,raw,1869,4.4429,-0.2625,1.6209
37.258,raw,1884,4.3263,-0.0855,1.6269
37.258,raw,1900,4.2101,0.0910,1.6325
37.258,raw,1915,4.3367,0.2533,1.6267
37.258,raw,1931,4.6291,0.4508,1.6129
37.258,raw,1947,4.9974,0.6857,1.5952
37.258,raw,1962,23.8342,10.6185,0.6371
37.258,raw,1978,-19.7904,18.6546,0.5489
37.258,raw,1993,-18.8587,16.3332,0.6503
37.258,raw,2009,-17.9842,14.2104,0.7417
37.258,raw,2024,-17.3810,12.5721,0.8078
37.258,raw,2040,-16.7788,11.0106,0.8698
37.258,raw,2056,-16.4237,9.7305,0.9135
37.258,raw,2071,-15.9144,8.5286,0.9599
37.258,raw,2087,-17.2093,-0.1591,1.4085
37.258,raw,2102,-16.6317,-0.8903,1.4206
37.258,raw,2118,-8.3353,-0.8008,1.6033
37.258,raw,2134,-15.5426,-2.3209,1.4412
37.258,raw,2149,-15.1126,-2.9503,1.4481
37.258,raw,2165,-14.7168,-3.6079,1.4535
37.258,raw,2180,-14.3433,-4.2038,1.4580
37.258,raw,2196,-13.9593,-4.8252,1.4620
37.258,raw,2211,-13.1968,-5.2355,1.4746
37.258,raw,2227,-12.8530,-5.8243,1.4766
37.258,raw,2243,-12.5083,-6.4051,1.4780
37.258,raw,2258,-12.1790,-6.9415,1.4789
37.258,raw,2274,-11.5501,-7.3388,1.4864
37.258,raw,2289,-11.3255,-7.9269,1.4835
37.258,raw,2305,-10.8790,-8.4162,1.4852
37.258,raw,2320,-10.6532,-9.0261,1.4808
37.258,raw,2336,-10.2162,-9.5273,1.4810
37.258,raw,2352,-9.9647,-10.2129,1.4746
37.258,raw,2367,-9.5228,-10.6711,1.4741
37.258,raw,2383,-9.2102,-11.3522,1.4675
37.258,raw,2398,-8.7396,-11.8051,1.4663
37.258,raw,2414,-8.3957,-12.5242,1.4580
37.258,raw,2429,-7.9135,-13.0095,1.4551
37.258,raw,2445,-4.4077,-8.3869,1.5825
37.258,raw,2461,-7.0167,-14.3982,1.4384
37.258,raw,2476,-6.4881,-14.9361,1.4329
37.258,raw,2492,-7.9149,-20.4249,1.3093
37.258,raw,2507,-7.3867,-21.7840,1.2855
37.258,raw,2523,-6.8317,-23.6139,1.2511
37.258,raw,2538,-6.1640,-25.2889,1.2196
37.258,raw,2554,-5.1498,-26.3255,1.2026
37.258,raw,2570,-3.9751,-26.8472,1.1961
37.258,raw,2585,-2.8627,-27.4649,1.1861
37.258,raw,2601,-1.6350,-28.1825,1.1731
37.258,raw,2616,-0.4323,-28.8584,1.1596
37.258,raw,2632,0.9067,-29.2351,1.1516
37.258,raw,2648,2.2924,-29.7904,1.1383
37.258,raw,2663,3.6557,-30.4175,1.1220
37.258,raw,2679,5.1949,-31.1639,1.1015
37.258,raw,2694,6.8033,-32.2956,1.0708
37.258,raw,2710,4.8017,-0.8303,1.7033
37.258,raw,2725,4.6683,-0.6138,1.7072
37.258,raw,2741,4.5162,-0.3979,1.7112
37.258,raw,2757,4.3819,-0.2003,1.7147
37.258,raw,2772,4.2755,-0.0285,1.7173
37.258,raw,2788,4.1636,0.1439,1.7198
37.258,raw,2803,4.4245,0.3119,1.7140
37.258,raw,2819,4.7526,0.5211,1.7064
37.258,raw,2834,5.1012,0.7517,1.6982
37.258,raw,2850,-28.9448,12.9949,1.0904
37.258,raw,2866,-25.5981,10.1329,1.1827
37.258,raw,2881,-27.7144,9.5679,1.1429
37.258,raw,2897,-25.4325,7.4988,1.2045
37.258,raw,2912,-23.6839,5.8886,1.2508
37.258,raw,2928,-22.0469,4.4146,1.2929
37.258,raw,2943,-20.7725,3.2294,1.3250
37.258,raw,2959,-19.5516,2.1152,1.3547
37.258,raw,2975,-18.4382,1.1286,1.3808
37.258,raw,2990,-17.5619,0.3022,1.4007
37.258,raw,3006,-17.5133,-0.7874,1.8245
37.258,raw,3021,-16.6208,-1.8338,1.8234
37.258,raw,3037,-33.9862,-5.8630,1.8475
37.258,raw,3053,-32.8477,-7.2603,1.8463
37.258,raw,3068,-31.8176,-8.5101,1.8454
37.258,raw,3084,-30.7777,-9.7952,1.8445
37.258,raw,3099,-29.8438,-10.9612,1.8438
37.258,raw,3115,-28.8491,-12.1566,1.8432
37.258,raw,3130,-27.9817,-13.2657,1.8427
37.258,raw,3146,-26.1258,-13.9241,1.8408
37.258,raw,3162,-26.1517,-15.5468,1.8419
37.258,raw,3177,-25.2923,-16.5798,1.8417
37.258,raw,3193,-24.4074,-17.6858,1.8415
37.258,raw,3208,-23.5737,-18.7112,1.8415
37.258,raw,3224,-22.6460,-19.7690,1.8414
37.258,raw,3239,-21.6625,-20.6524,1.8412
37.258,raw,3255,-20.6273,-21.5935,1.8411
37.258,raw,3271,-19.6572,-22.6014,1.8412
37.258,raw,3286,-18.7538,-23.5681,1.8414
37.258,raw,3302,-17.7659,-24.5954,1.8417
37.258,raw,3317,-16.8298,-25.5791,1.8420
37.258,raw,3333,-15.8116,-26.6497,1.8425
37.258,raw,3348,-14.7124,-27.4576,1.8427
37.258,raw,3364,-13.5184,-28.3136,1.8430
37.258,raw,3380,-12.3069,-29.1843,1.8434
37.258,raw,3395,-11.1428,-29.9993,1.8438
37.258,raw,3411,-9.8796,-30.9065,1.8444
37.258,raw,3426,-8.6679,-31.7997,1.8450
37.258,raw,3442,-7.3217,-32.7419,1.8458
37.258,raw,3458,-5.7248,-32.6656,1.8453
37.258,raw,3473,-4.0684,-31.2879,1.8430
37.258,raw,3489,-2.6721,-32.0046,1.8438
37.258,raw,3504,-1.3169,-32.7055,1.8446
37.258,raw,3520,0.1880,-33.4678,1.8455
37.258,raw,3535,1.6672,-34.3668,1.8468
37.258,raw,3551,4.7499,-0.7675,1.8058
37.258,raw,3567,4.6122,-0.5431,1.8056
37.258,raw,3582,4.4870,-0.3477,1.8054
37.258,raw,3598,4.3761,-0.1552,1.8052
37.258,raw,3613,4.2563,0.0153,1.8051
37.258,raw,3629,4.2031,0.1861,1.8050
37.258,raw,3644,4.4866,0.3602,1.8054
37.258,raw,3660,4.8107,0.5759,1.8058
37.258,raw,3676,-19.6283,-0.0266,2.2995
37.258,raw,3691,-18.4736,-3.0507,2.2775
37.258,raw,3707,-16.6117,-4.2313,2.2384
37.258,raw,3722,-14.7974,-5.5599,2.2052
37.258,raw,3738,-14.9485,-6.4412,2.2168
37.258,raw,3753,-14.3967,-6.9812,2.2099
37.258,raw,3769,-14.1520,-7.7128,2.2126
37.258,raw,3785,-19.8281,-24.3093,2.5884
37.258,raw,3800,4.7273,-0.7123,1.9062
37.258,raw,3816,4.5902,-0.4915,1.9018
37.258,raw,3831,4.4498,-0.2974,1.8977
37.258,raw,3847,4.3322,-0.1078,1.8944
37.258,raw,3863,4.2130,0.0698,1.8913
37.258,raw,3878,4.2912,0.2304,1.8932
37.258,raw,3894,4.5807,0.4237,1.9006
37.258,raw,3909,4.9068,0.6365,1.9091
37.258,raw,3925,-31.9030,-3.5020,3.3741
37.258,raw,3940,-26.1912,-13.7628,3.2529
37.258,raw,3956,-19.9345,-24.1517,3.3321
37.258,raw,3972,4.7174,-0.7102,2.0061
37.258,raw,3987,4.5823,-0.5022,1.9979
37.258,raw,4003,4.4536,-0.2978,1.9904
37.258,raw,4018,4.3379,-0.1192,1.9841
37.258,raw,4034,4.2400,0.0586,1.9790
37.258,raw,4049,4.2703,0.2192,1.9804
37.258,raw,4065,4.5633,0.4109,1.9950
37.258,raw,4081,4.9080,0.6367,2.0125
37.258,raw,4096,-18.7669,-2.8155,3.2005
37.258,raw,4112,-13.9744,-8.0522,2.9951
37.258,raw,4127,4.6950,-0.6932,2.1048
37.258,raw,4143,4.5676,-0.4760,2.0930
37.258,raw,4158,4.4614,-0.2873,2.0837
37.258,raw,4174,4.3224,-0.0962,2.0726
37.258,raw,4190,4.1929,0.0807,2.0628
37.258,raw,4205,4.3025,0.2415,2.0707
37.258,raw,4221,4.5852,0.4358,2.0917
37.258,raw,4236,4.9180,0.6506,2.1169
37.258,raw,4252,-16.5523,-0.0496,3.4284
37.258,raw,4268,-19.3758,-0.9984,3.7005
37.258,raw,4283,-19.1155,-1.8359,3.6821
37.258,raw,4299,-16.2333,-2.3283,3.4151
37.258,raw,4314,-18.3909,-3.4860,3.6364
37.258,raw,4330,-18.1263,-4.3333,3.6288
37.258,raw,4345,-17.8784,-5.1226,3.6251
37.258,raw,4361,-16.4490,-5.7337,3.5127
37.258,raw,4377,-17.3640,-6.9876,3.6361
37.258,raw,4392,-17.1222,-7.7892,3.6447
37.258,raw,4408,-16.8382,-8.6427,3.6553
37.258,raw,4423,-11.3049,-8.4727,3.1954
37.258,raw,4439,4.3044,-0.0842,2.1604
37.258,raw,4454,4.2002,0.0806,2.1499
37.258,raw,4470,4.3143,0.2527,2.1609
37.258,raw,4486,-16.7036,0.4434,3.4429
37.258,raw,4501,-16.7089,-0.2496,3.8521
37.258,raw,4517,-16.3937,-1.0225,3.8188
37.258,raw,4532,-16.0372,-1.7182,3.7840
37.258,raw,4548,-15.5414,-2.6052,3.7404
37.258,raw,4563,-15.3359,-3.2798,3.7316
37.258,raw,4579,-15.1114,-3.9923,3.7254
37.258,raw,4595,-14.8885,-4.7019,3.7234
37.258,raw,4610,-14.6961,-5.5720,3.7355
37.258,raw,4626,-14.4700,-6.2887,3.7424
37.258,raw,4641,-14.2734,-6.9747,3.7549
37.258,raw,4657,-14.0229,-7.6975,3.7674
38.334,raw,0,4.8597,-0.8353,0.9671
38.334,raw,14,4.7142,-0.6261,1.0021
38.334,raw,28,4.5877,-0.4346,1.0316
38.334,raw,43,4.4696,-0.2450,1.0582
38.334,raw,57,4.3551,-0.0786,1.0824
38.334,raw,72,4.2452,0.0884,1.1044
38.334,raw,86,4.3127,0.2383,1.0918
38.334,raw,100,4.5740,0.4050,1.0415
38.334,raw,115,4.9018,0.6128,0.9769
38.334,raw,129,4.8477,-0.8195,1.0765
38.334,raw,144,4.6940,-0.5976,1.1086
38.334,raw,158,4.5765,-0.4093,1.1326
38.334,raw,172,4.4713,-0.2338,1.1533
38.334,raw,187,4.3344,-0.0554,1.1781
38.334,raw,201,4.2406,0.0991,1.1945
38.334,raw,216,4.3338,0.2604,1.1792
38.334,raw,230,4.6248,0.4314,1.1302
38.334,raw,244,4.9156,0.6269,1.0800
38.334,raw,259,-5.6561,-6.6255,0.5107
38.334,raw,273,4.7773,-0.7395,1.1942
38.334,raw,288,4.6495,-0.5285,1.2174
38.334,raw,302,4.5237,-0.3435,1.2387
38.334,raw,316,4.4177,-0.1722,1.2561
38.334,raw,331,4.2875,0.0013,1.2759
38.334,raw,345,4.2150,0.1523,1.2866
38.334,raw,360,4.4546,0.3194,1.2527
38.334,raw,374,4.6907,0.4954,1.2182
38.334,raw,388,5.0283,0.7038,1.1683
38.334,raw,403,-6.1597,-7.3927,0.6244
38.334,raw,417,-5.9472,-7.7756,0.6065
38.334,raw,432,-5.6505,-8.1176,0.5964
38.334,raw,446,-5.4007,-8.4895,0.5782
38.334,raw,460,-4.5803,-7.9796,0.6802
38.334,raw,475,-4.1106,-7.9941,0.7068
38.334,raw,489,-4.5029,-9.5725,0.5238
38.334,raw,504,4.8181,-0.7869,1.2914
38.334,raw,518,4.6707,-0.5810,1.3130
38.334,raw,532,4.5506,-0.3938,1.3302
38.334,raw,547,4.4306,-0.2071,1.3467
38.334,raw,561,4.3246,-0.0439,1.3604
38.334,raw,576,4.2271,0.1205,1.3724
38.334,raw,590,4.3617,0.2720,1.3567
38.334,raw,604,4.6245,0.4432,1.3252
38.334,raw,619,4.9777,0.6591,1.2821
38.334,raw,633,-6.9262,-7.9696,0.7766
38.334,raw,648,-6.6872,-8.4256,0.7595
38.334,raw,662,-6.4096,-8.8055,0.7483
38.334,raw,676,-6.0915,-9.1465,0.7405
38.334,raw,691,-5.7967,-9.5981,0.7213
38.334,raw,705,-4.2324,-7.8817,0.9328
38.334,raw,720,-5.1386,-10.4231,0.6866
38.334,raw,734,-4.8020,-10.8373,0.6666
38.334,raw,748,-4.4563,-11.2761,0.6431
38.334,raw,763,-4.0549,-11.7311,0.6183
38.334,raw,777,-3.7201,-12.3398,0.5759
38.334,raw,792,-3.3427,-13.0766,0.5215
38.334,raw,806,4.7567,-0.7098,1.4020
38.334,raw,820,4.6381,-0.5145,1.4162
38.334,raw,835,4.4868,-0.3157,1.4327
38.334,raw,849,4.3936,-0.1478,1.4429
38.334,raw,864,4.2767,0.0233,1.4547
38.334,raw,878,4.2033,0.1733,1.4617
38.334,raw,892,4.4639,0.3310,1.4373
38.334,raw,907,4.7410,0.5236,1.4106
38.334,raw,921,5.0867,0.7372,1.3767
38.334,raw,936,-8.0038,-8.3238,0.9680
38.334,raw,950,-7.7068,-8.7168,0.9627
38.334,raw,964,-7.4361,-9.1510,0.9528
38.334,raw,979,-7.1567,-9.6520,0.9383
38.334,raw,993,-6.8377,-10.0685,0.9285
38.334,raw,1008,-6.4754,-10.5081,0.9178
38.334,raw,1022,-4.2904,-7.8737,1.1520
38.334,raw,1036,-4.0120,-8.1517,1.1449
38.334,raw,1051,-5.4293,-11.9502,0.8672
38.334,raw,1065,-5.0570,-12.4516,0.8467
38.334,raw,1080,-4.6583,-13.0644,0.8183
38.334,raw,1094,-4.3092,-13.8026,0.7789
38.334,raw,1108,-3.9676,-14.7274,0.7255
38.334,raw,1123,-3.5223,-15.6917,0.6697
38.334,raw,1137,-3.0599,-16.6789,0.6107
38.334,raw,1152,4.7952,-0.7689,1.4999
38.334,raw,1166,4.6572,-0.5663,1.5120
38.334,raw,1180,4.5564,-0.3829,1.5208
38.334,raw,1195,4.4247,-0.1953,1.5314
38.334,raw,1209,4.3182,-0.0326,1.5395
38.334,raw,1224,4.2105,0.1312,1.5474
38.334,raw,1238,4.3724,0.2833,1.5361
38.334,raw,1252,4.6279,0.4552,1.5179
38.334,raw,1267,4.9727,0.6714,1.4928
38.334,raw,1281,-10.7692,-5.4370,1.2250
38.334,raw,1296,-10.6214,-5.9772,1.2196
38.334,raw,1310,-10.3958,-6.4402,1.2179
38.334,raw,1324,-10.2497,-6.9603,1.2109
38.334,raw,1339,-9.9675,-7.4447,1.2089
38.334,raw,1353,-9.7041,-7.9023,1.2060
38.334,raw,1368,-9.4290,-8.4076,1.2010
38.334,raw,1382,-9.1597,-8.8804,1.1958
38.334,raw,1396,-8.8621,-9.3389,1.1910
38.334,raw,1411,-8.5290,-9.8301,1.1852
38.334,raw,1425,-8.2263,-10.3152,1.1776
38.334,raw,1440,-7.8873,-10.8420,1.1685
38.334,raw,1454,-7.5608,-11.3478,1.1587
38.334,raw,1468,-7.2410,-11.8975,1.1461
38.334,raw,1483,-4.1649,-7.8730,1.3756
38.334,raw,1497,-6.4493,-12.9550,1.1229
38.334,raw,1512,-6.0674,-13.6419,1.1028
38.334,raw,1526,-5.6210,-14.1636,1.0896
38.334,raw,1540,-5.3029,-15.0875,1.0561
38.334,raw,1555,-4.9723,-16.3186,1.0084
38.334,raw,1569,-5.7984,-21.6673,0.7648
38.334,raw,1584,-5.2357,-23.4935,0.6911
38.334,raw,1598,-4.5040,-24.8196,0.6395
38.334,raw,1612,-3.5483,-25.3379,0.6240
38.334,raw,1627,-2.4993,-25.9558,0.6027
38.334,raw,1641,-1.4787,-26.4917,0.5829
38.334,raw,1656,-0.3396,-26.9213,0.5662
38.334,raw,1670,0.7542,-27.3686,0.5464
38.334,raw,1684,1.8893,-27.9099,0.5204
38.334,raw,1699,4.7895,-0.7677,1.6023
38.334,raw,1713,4.6580,-0.5665,1.6100
38.334,raw,1728,4.5422,-0.3692,1.6166
38.334,raw,1742,4.4254,-0.1953,1.6228
38.334,raw,1756,4.3248,-0.0330,1.6279
38.334,raw,1771,4.2178,0.1312,1.6330
38.334,raw,1785,4.3618,0.2830,1.6264
38.334,raw,1800,4.6474,0.4684,1.6130
38.334,raw,1814,4.9736,0.6715,1.5974
38.334,raw,1828,23.0395,10.1349,0.6804
38.334,raw,1843,-18.8968,20.0341,0.5348
38.334,raw,1857,-18.1907,17.8321,0.6280
38.334,raw,1872,-17.7962,16.0245,0.6964
38.334,raw,1886,-17.2163,14.3161,0.7664
38.334,raw,1900,-16.7860,12.8685,0.8220
38.334,raw,1915,-11.0156,7.8994,1.1669
38.334,raw,1929,-15.7582,10.1432,0.9300
38.334,raw,1944,-15.3972,9.0016,0.9703
38.334,raw,1958,-14.9579,7.9604,1.0102
38.334,raw,1972,-16.4346,-0.1239,1.4251
38.334,raw,1987,-16.1352,-0.8393,1.4311
38.334,raw,2001,-8.3932,-0.7321,1.6016
38.334,raw,2016,-15.5531,-2.1612,1.4409
38.334,raw,2030,-15.3051,-2.7809,1.4441
38.334,raw,2044,-15.0816,-3.3954,1.4462
38.334,raw,2059,-14.8012,-4.0351,1.4487
38.334,raw,2073,-14.5791,-4.6364,1.4497
38.334,raw,2088,-13.9085,-5.1196,1.4602
38.334,raw,2102,-13.6827,-5.6965,1.4603
38.334,raw,2116,-13.4670,-6.2790,1.4595
38.334,raw,2131,-13.2315,-6.9057,1.4581
38.334,raw,2145,-13.0011,-7.4915,1.4564
38.334,raw,2160,-12.4109,-7.9142,1.4629
38.334,raw,2174,-12.1928,-8.5092,1.4597
38.334,raw,2188,-11.6824,-8.9029,1.4639
38.334,raw,2203,-11.4898,-9.5920,1.4579
38.334,raw,2217,-11.1139,-10.0920,1.4571
38.334,raw,2232,-10.9382,-10.8515,1.4486
38.334,raw,2246,-10.6421,-11.4677,1.4436
38.334,raw,2260,-10.2176,-11.9682,1.4419
38.334,raw,2275,-9.9634,-12.7644,1.4321
38.334,raw,2289,-9.5147,-13.2841,1.4292
38.334,raw,2304,-9.2598,-14.1954,1.4161
38.334,raw,2318,-8.7964,-14.7744,1.4110
38.334,raw,2332,-9.7184,-17.8209,1.3428
38.334,raw,2347,-9.4011,-19.1554,1.3203
38.334,raw,2361,-8.9792,-20.3225,1.3012
38.334,raw,2376,-8.4921,-21.6938,1.2778
38.334,raw,2390,-7.9772,-23.0532,1.2540
38.334,raw,2404,-7.5263,-24.8997,1.2187
38.334,raw,2419,-6.8643,-26.7733,1.1833
38.334,raw,2433,-5.9313,-27.7255,1.1679
38.334,raw,2448,-4.7850,-28.3105,1.1605
38.334,raw,2462,-3.6912,-28.8879,1.1519
38.334,raw,2476,-2.5622,-29.4494,1.1427
38.334,raw,2491,-1.3188,-30.1431,1.1297
38.334,raw,2505,-0.1125,-30.8857,1.1144
38.334,raw,2520,1.2416,-31.5662,1.0994
38.334,raw,2534,2.5454,-31.9561,1.0896
38.334,raw,2548,3.9027,-32.4966,1.0753
38.334,raw,2563,5.4502,-33.2956,1.0535
38.334,raw,2577,4.7907,-0.7551,1.7042
38.334,raw,2592,4.6373,-0.5385,1.7084
38.334,raw,2606,4.5246,-0.3552,1.7115
38.334,raw,2620,4.4100,-0.1827,1.7145
38.334,raw,2635,4.3212,-0.0111,1.7167
38.334,raw,2649,4.2100,0.1418,1.7192
38.334,raw,2664,4.4074,0.3065,1.7148
38.334,raw,2678,4.6941,0.4837,1.7083
38.334,raw,2692,5.0003,0.6875,1.7011
38.334,raw,2707,-24.7674,24.8676,1.0195
38.334,raw,2721,-23.3591,21.6863,1.0902
38.334,raw,2736,-22.7489,19.3862,1.1336
38.334,raw,2750,-22.2004,17.4444,1.1696
38.334,raw,2764,-22.4125,16.1913,1.1821
38.334,raw,2779,-21.3107,14.0615,1.2284
38.334,raw,2793,-20.4058,12.3318,1.2653
38.334,raw,2808,-20.2488,11.0706,1.2818
38.334,raw,2822,-19.6704,9.7513,1.3062
38.334,raw,2836,-19.1682,8.5595,1.3271
38.334,raw,2851,-18.7279,7.4078,1.3456
38.334,raw,2865,-19.4260,6.7659,1.3358
38.334,raw,2880,-18.9314,5.6837,1.3532
38.334,raw,2894,-18.5201,4.7474,1.3672
38.334,raw,2908,-18.1686,3.8737,1.3789
38.334,raw,2923,-17.7804,2.9821,1.3908
38.334,raw,2937,-17.4237,2.1913,1.4009
38.334,raw,2952,-17.0958,1.3873,1.4097
38.334,raw,2966,-16.7658,0.6661,1.4177
38.334,raw,2980,-16.7802,-0.5288,1.8235
38.334,raw,2995,-31.9417,-3.8707,1.8444
38.334,raw,3009,-33.5506,-5.4722,1.8468
38.334,raw,3024,-32.6679,-6.8090,1.8460
38.334,raw,3038,-31.8732,-8.0168,1.8453
38.334,raw,3052,-31.1227,-9.1977,1.8447
38.334,raw,3067,-30.3279,-10.4300,1.8442
38.334,raw,3081,-29.6055,-11.5583,1.8438
38.334,raw,3096,-28.8255,-12.7389,1.8435
38.334,raw,3110,-15.3627,-7.5998,1.8240
38.334,raw,3124,-14.5437,-7.9675,1.8232
38.334,raw,3139,-26.6780,-16.0641,1.8429
38.334,raw,3153,-25.9903,-17.1383,1.8429
38.334,raw,3168,-25.2399,-18.2807,1.8430
38.334,raw,3182,-24.5499,-19.3603,1.8431
38.334,raw,3196,-23.8465,-20.4411,1.8433
38.334,raw,3211,-23.0798,-21.6066,1.8435
38.334,raw,3225,-22.3675,-22.7225,1.8439
38.334,raw,3240,-21.6012,-23.9523,1.8444
38.334,raw,3254,-19.9369,-24.0257,1.8430
38.334,raw,3268,-20.1100,-26.3220,1.8455
38.334,raw,3283,-19.2658,-27.6326,1.8463
38.334,raw,3297,-18.4754,-28.9340,1.8471
38.334,raw,3312,4.8000,-0.7956,1.8059
38.334,raw,3326,4.7007,-0.5988,1.8057
38.334,raw,3340,4.5549,-0.4062,1.8055
38.334,raw,3355,4.4236,-0.2176,1.8053
38.334,raw,3369,4.3351,-0.0554,1.8051
38.334,raw,3384,4.2183,0.1101,1.8050
38.334,raw,3398,4.3263,0.2602,1.8051
38.334,raw,3412,4.6060,0.4303,1.8055
38.334,raw,3427,4.9253,0.6406,1.8060
38.334,raw,3441,-17.5778,-1.7665,2.2518
38.334,raw,3456,-17.6404,-3.5416,2.2600
38.334,raw,3470,-16.3855,-4.8908,2.2380
38.334,raw,3484,-16.7188,-6.7748,2.2612
38.334,raw,3499,-15.5095,-7.9594,2.2460
38.334,raw,3513,-25.8219,-14.5431,2.5483
38.334,raw,3528,4.8118,-0.8112,1.9084
38.334,raw,3542,4.6854,-0.6083,1.9043
38.334,raw,3556,4.5643,-0.4193,1.9006
38.334,raw,3571,4.4388,-0.2305,1.8969
38.334,raw,3585,4.3377,-0.0665,1.8940
38.334,raw,3600,4.2451,0.0990,1.8916
38.334,raw,3614,4.3045,0.2489,1.8931
38.334,raw,3628,4.5840,0.4172,1.9001
38.334,raw,3643,4.9021,0.6255,1.9084
38.334,raw,3657,-31.7789,-3.1915,3.3677
38.334,raw,3672,-17.5368,-6.1544,2.7242
38.334,raw,3686,-11.5884,-8.4601,2.5184
38.334,raw,3700,4.8247,-0.8013,2.0115
38.334,raw,3715,4.6774,-0.5822,2.0024
38.334,raw,3729,4.5538,-0.3943,1.9950
38.334,raw,3744,4.4272,-0.2067,1.9879
38.334,raw,3758,4.3188,-0.0435,1.9821
38.334,raw,3772,4.2199,0.1100,1.9770
38.334,raw,3787,4.3604,0.2720,1.9839
38.334,raw,3801,4.5999,0.4416,1.9958
38.334,raw,3816,4.9743,0.6587,2.0147
38.334,raw,3830,-15.6829,-2.2277,2.9771
38.334,raw,3844,-25.9044,-14.3903,3.9662
38.334,raw,3859,4.5764,-0.4211,2.0920
38.334,raw,3873,4.4538,-0.2434,2.0816
38.334,raw,3888,4.3212,-0.0654,2.0711
38.334,raw,3902,4.2196,0.0889,2.0633
38.334,raw,3916,4.3040,0.2381,2.0693
38.334,raw,3931,4.5869,0.4174,2.0901
38.334,raw,3945,-16.5770,0.0705,3.4325
38.334,raw,3960,-19.3826,-0.8064,3.7022
38.334,raw,3974,-19.1590,-1.5924,3.6861
38.334,raw,3988,-18.9248,-2.3647,3.6720
38.334,raw,4003,-18.4727,-3.1451,3.6406
38.334,raw,4017,-18.2491,-3.8916,3.6333
38.334,raw,4032,-17.9964,-4.6823,3.6274
38.334,raw,4046,-17.7607,-5.4168,3.6248
38.334,raw,4060,-17.5329,-6.3286,3.6316
38.334,raw,4075,-17.2896,-7.1239,3.6372
38.334,raw,4089,-17.0464,-7.8653,3.6440
38.334,raw,4104,-16.8136,-8.6826,3.6579
38.334,raw,4118,-11.3536,-8.3965,3.1980
38.334,raw,4132,-16.6488,0.4155,3.4395
38.334,raw,4147,-16.5618,-0.2738,3.8371
38.334,raw,4161,-16.3532,-0.9501,3.8160
38.334,raw,4176,-16.0012,-1.6460,3.7816
38.334,raw,4190,-15.5448,-2.4442,3.7406
38.334,raw,4204,-15.3656,-3.0771,3.7332
38.334,raw,4219,-15.1580,-3.7469,3.7267
38.334,raw,4233,-14.9470,-4.3638,3.7216
38.334,raw,4248,-14.7628,-5.2335,3.7326
38.334,raw,4262,-14.5643,-5.8577,3.7366
38.334,raw,4276,-14.3659,-6.4860,3.7439
38.334,raw,4291,-14.1630,-7.1716,3.7570
38.334,raw,4305,-13.9299,-7.7984,3.7671
39.678,raw,0,4.8525,-0.8044,0.9633
39.678,raw,14,4.6875,-0.5904,1.0021
39.678,raw,29,4.5563,-0.3861,1.0329
39.678,raw,44,4.4376,-0.1970,1.0595
39.678,raw,58,4.3373,-0.0319,1.0810
39.678,raw,73,4.2226,0.1353,1.1039
39.678,raw,88,4.3464,0.2975,1.0806
39.678,raw,102,4.5856,0.4665,1.0342
39.678,raw,117,4.9302,0.6792,0.9663
39.678,raw,132,4.8066,-0.7418,1.0803
39.678,raw,146,4.6602,-0.5359,1.1105
39.678,raw,161,4.5399,-0.3366,1.1351
39.678,raw,176,4.4077,-0.1488,1.1602
39.678,raw,190,4.3095,0.0136,1.1782
39.678,raw,205,4.1788,0.1782,1.2005
39.678,raw,220,4.4188,0.3439,1.1608
39.678,raw,234,4.6695,0.5196,1.1182
39.678,raw,249,5.0451,0.7440,1.0533
39.678,raw,264,-5.5114,-6.6137,0.5236
39.678,raw,278,-5.3156,-6.9538,0.5051
39.678,raw,293,4.7598,-0.6804,1.1937
39.678,raw,308,4.6403,-0.4713,1.2155
39.678,raw,322,4.5048,-0.2852,1.2381
39.678,raw,337,4.3605,-0.0999,1.2609
39.678,raw,352,4.2750,0.0694,1.2742
39.678,raw,367,4.2438,0.2310,1.2790
39.678,raw,381,4.4906,0.3919,1.2439
39.678,raw,396,4.8051,0.5915,1.1980
39.678,raw,411,5.1508,0.8239,1.1463
39.678,raw,425,-6.0016,-7.3416,0.6393
39.678,raw,440,-5.7413,-7.7060,0.6260
39.678,raw,455,-5.5140,-8.1345,0.6022
39.678,raw,469,-5.2779,-8.5283,0.5802
39.678,raw,484,-4.3559,-7.8756,0.7017
39.678,raw,499,-4.0542,-8.1726,0.6892
39.678,raw,513,-4.3920,-9.7222,0.5112
39.678,raw,528,4.7502,-0.6657,1.2981
39.678,raw,543,4.6021,-0.4529,1.3196
39.678,raw,557,4.4757,-0.2700,1.3372
39.678,raw,572,4.3694,-0.0895,1.3516
39.678,raw,587,4.2808,0.0800,1.3630
39.678,raw,601,4.2311,0.2310,1.3690
39.678,raw,616,4.5028,0.4039,1.3369
39.678,raw,631,4.7988,0.6033,1.3010
39.678,raw,645,5.1646,0.8258,1.2558
39.678,raw,660,-6.6744,-8.0722,0.7838
39.678,raw,675,-6.4248,-8.5184,0.7668
39.678,raw,689,-6.1491,-8.9017,0.7541
39.678,raw,704,-5.8400,-9.3157,0.7391
39.678,raw,719,-4.3846,-7.8704,0.9244
39.678,raw,734,-4.0425,-8.0943,0.9223
39.678,raw,748,-4.8742,-10.6182,0.6795
39.678,raw,763,-4.5538,-11.1807,0.6450
39.678,raw,778,-4.1470,-11.6143,0.6226
39.678,raw,792,-3.8360,-12.2755,0.5752
39.678,raw,807,-3.5015,-13.1415,0.5086
39.678,raw,822,4.7136,-0.6204,1.4045
39.678,raw,836,4.5793,-0.4253,1.4199
39.678,raw,851,4.4633,-0.2340,1.4329
39.678,raw,866,4.3519,-0.0549,1.4447
39.678,raw,880,4.2566,0.1023,1.4543
39.678,raw,895,4.2837,0.2637,1.4519
39.678,raw,910,4.5604,0.4416,1.4257
39.678,raw,924,4.8600,0.6340,1.3967
39.678,raw,939,-7.9838,-7.8368,0.9917
39.678,raw,954,-7.7248,-8.2949,0.9822
39.678,raw,968,-7.4794,-8.7357,0.9714
39.678,raw,983,-7.2077,-9.2206,0.9582
39.678,raw,998,-6.8939,-9.6785,0.9467
39.678,raw,1012,-6.6516,-10.2037,0.9270
39.678,raw,1027,-6.3166,-10.6957,0.9114
39.678,raw,1042,-4.1023,-7.9239,1.1540
39.678,raw,1056,-5.6503,-11.7419,0.8714
39.678,raw,1071,-5.2701,-12.3010,0.8483
39.678,raw,1086,-4.8410,-12.8202,0.8273
39.678,raw,1101,-4.5045,-13.6752,0.7806
39.678,raw,1115,-4.1439,-14.5039,0.7344
39.678,raw,1130,-3.7799,-15.7073,0.6618
39.678,raw,1145,-3.3153,-16.8827,0.5908
39.678,raw,1159,4.7969,-0.7397,1.4979
39.678,raw,1174,4.6586,-0.5233,1.5102
39.678,raw,1189,4.5252,-0.3228,1.5214
39.678,raw,1203,4.4033,-0.1483,1.5311
39.678,raw,1218,4.3020,0.0248,1.5390
39.678,raw,1233,4.1922,0.1886,1.5469
39.678,raw,1247,4.4169,0.3438,1.5312
39.678,raw,1262,4.7134,0.5349,1.5100
39.678,raw,1277,5.0510,0.7579,1.4853
39.678,raw,1291,-10.4111,-5.0716,1.2472
39.678,raw,1306,-10.2107,-5.5583,1.2453
39.678,raw,1321,-9.9973,-6.0426,1.2429
39.678,raw,1335,-9.8878,-6.5588,1.2347
39.678,raw,1350,-9.6889,-7.0746,1.2289
39.678,raw,1365,-9.4497,-7.5739,1.2241
39.678,raw,1379,-9.2176,-8.0445,1.2187
39.678,raw,1394,-8.9784,-8.5731,1.2109
39.678,raw,1409,-8.7168,-9.1015,1.2028
39.678,raw,1423,-8.4246,-9.5641,1.1967
39.678,raw,1438,-8.1343,-10.1069,1.1868
39.678,raw,1453,-7.8274,-10.6605,1.1759
39.678,raw,1468,-7.4997,-11.2224,1.1641
39.678,raw,1482,-7.2075,-11.8071,1.1495
39.678,raw,1497,-4.1805,-7.8443,1.3753
39.678,raw,1512,-6.4554,-13.0196,1.1190
39.678,raw,1526,-6.1117,-13.6970,1.0985
39.678,raw,1541,-5.6649,-14.3440,1.0800
39.678,raw,1556,-5.3393,-15.4173,1.0402
39.678,raw,1570,-6.5246,-21.1540,0.7759
39.678,raw,1585,-5.9651,-22.7397,0.7143
39.678,raw,1600,-5.4051,-24.8374,0.6283
39.678,raw,1614,-4.5006,-25.6108,0.6026
39.678,raw,1629,-3.4544,-26.2797,0.5806
39.678,raw,1644,-2.3679,-26.9818,0.5552
39.678,raw,1658,-1.3101,-27.6623,0.5285
39.678,raw,1673,-0.1201,-28.3019,0.5018
39.678,raw,1688,4.7184,-0.6214,1.6053
39.678,raw,1702,4.5811,-0.4256,1.6131
39.678,raw,1717,4.4665,-0.2344,1.6194
39.678,raw,1732,4.3531,-0.0550,1.6253
39.678,raw,1746,4.2637,0.1021,1.6297
39.678,raw,1761,4.2793,0.2636,1.6291
39.678,raw,1776,4.5602,0.4416,1.6160
39.678,raw,1790,4.8667,0.6347,1.6014
39.678,raw,1805,24.7658,11.1660,0.5892
39.678,raw,1820,-16.4911,20.9417,0.5794
39.678,raw,1835,-16.1345,18.8111,0.6636
39.678,raw,1849,-15.8256,17.0512,0.7318
39.678,raw,1864,-15.4281,15.2840,0.8012
39.678,raw,1879,-15.2720,13.8973,0.8488
39.678,raw,1893,-14.9054,12.5290,0.9014
39.678,raw,1908,-14.5622,11.2250,0.9499
39.678,raw,1923,-11.0591,7.9255,1.1666
39.678,raw,1937,-13.8856,8.9919,1.0320
39.678,raw,1952,-13.6620,8.0380,1.0626
39.678,raw,1967,-13.3134,7.0852,1.0968
39.678,raw,1981,-13.6663,-0.0977,1.4868
39.678,raw,1996,-13.4825,-0.6988,1.4902
39.678,raw,2011,-8.0919,-0.7220,1.6087
39.678,raw,2025,-13.1273,-1.8274,1.4954
39.678,raw,2040,-12.9608,-2.4011,1.4969
39.678,raw,2055,-12.7740,-2.9652,1.4983
39.678,raw,2069,-12.6198,-3.4932,1.4986
39.678,raw,2084,-12.4516,-4.0576,1.4985
39.678,raw,2099,-12.0877,-4.5495,1.5025
39.678,raw,2113,-11.9473,-5.0791,1.5010
39.678,raw,2128,-11.7641,-5.6387,1.4996
39.678,raw,2143,-11.5843,-6.2073,1.4975
39.678,raw,2157,-11.3273,-6.6957,1.4973
39.678,raw,2172,-11.1310,-7.2724,1.4943
39.678,raw,2187,-11.0298,-7.9316,1.4880
39.678,raw,2202,-10.7535,-8.4880,1.4857
39.678,raw,2216,-10.6711,-9.1666,1.4777
39.678,raw,2231,-10.4021,-9.7736,1.4733
39.678,raw,2246,-10.3308,-10.6033,1.4618
39.678,raw,2260,-10.0294,-11.1852,1.4572
39.678,raw,2275,-9.8726,-12.0351,1.4455
39.678,raw,2290,-9.5083,-12.6949,1.4392
39.678,raw,2304,-9.3640,-13.6242,1.4247
39.678,raw,2319,-8.9785,-14.3755,1.4158
39.678,raw,2334,-9.9094,-17.4230,1.3478
39.678,raw,2348,-9.6864,-18.7477,1.3247
39.678,raw,2363,-9.2774,-20.0331,1.3036
39.678,raw,2378,-8.8542,-21.4983,1.2781
39.678,raw,2392,-8.3994,-22.9651,1.2519
39.678,raw,2407,-7.9885,-25.1017,1.2106
39.678,raw,2422,-7.4021,-27.2191,1.1698
39.678,raw,2436,-6.5293,-28.4808,1.1479
39.678,raw,2451,-5.3786,-29.2197,1.1375
39.678,raw,2466,-4.1871,-29.9765,1.1257
39.678,raw,2480,-3.0294,-30.6679,1.1140
39.678,raw,2495,-1.7442,-31.4791,1.0988
39.678,raw,2510,-0.3970,-32.2843,1.0825
39.678,raw,2524,0.9223,-33.2420,1.0616
39.678,raw,2539,2.4104,-34.0388,1.0430
39.678,raw,2554,4.8141,-0.7824,1.7028
39.678,raw,2569,4.6522,-0.5590,1.7073
39.678,raw,2583,4.5504,-0.3734,1.7102
39.678,raw,2598,4.4237,-0.1842,1.7135
39.678,raw,2613,4.3064,-0.0081,1.7164
39.678,raw,2627,4.2193,0.1460,1.7184
39.678,raw,2642,4.3736,0.3091,1.7150
39.678,raw,2657,4.6555,0.4947,1.7086
39.678,raw,2671,4.9609,0.6954,1.7015
39.678,raw,2686,-21.8175,26.3403,1.0414
39.678,raw,2701,-20.8323,23.1116,1.1090
39.678,raw,2715,-20.2126,20.7267,1.1563
39.678,raw,2730,-19.2670,18.1711,1.2103
39.678,raw,2745,-18.6088,16.1255,1.2508
39.678,raw,2759,-17.8159,14.2575,1.2902
39.678,raw,2774,-17.3655,12.7273,1.3182
39.678,raw,2789,-11.2058,7.6870,1.4931
39.678,raw,2803,-16.2234,9.9596,1.3724
39.678,raw,2818,-16.1921,8.9996,1.3833
39.678,raw,2833,-15.8703,7.9478,1.4000
39.678,raw,2847,-15.6159,7.0481,1.4132
39.678,raw,2862,-15.3402,6.1387,1.4263
39.678,raw,2877,-15.3472,5.3734,1.4317
39.678,raw,2891,-15.1140,4.6104,1.4415
39.678,raw,2906,-14.8759,3.8351,1.4509
39.678,raw,2921,-14.6370,3.0956,1.4594
39.678,raw,2936,-14.4227,2.3922,1.4667
39.678,raw,2950,-14.2333,1.7613,1.4725
39.678,raw,2965,-14.0195,1.1074,1.4784
39.678,raw,2980,-13.8425,0.4760,1.4829
39.678,raw,2994,-28.3427,-0.3366,1.8391
39.678,raw,3009,-17.4949,-0.9082,1.8245
39.678,raw,3024,-8.6344,-0.7543,1.8125
39.678,raw,3038,-28.3685,-4.0211,1.8396
39.678,raw,3053,-17.3836,-3.2053,1.8247
39.678,raw,3068,-15.9112,-3.6652,1.8229
39.678,raw,3082,-27.3873,-7.5713,1.8393
39.678,raw,3097,-27.0603,-8.7784,1.8393
39.678,raw,3112,-26.6714,-9.9681,1.8393
39.678,raw,3126,-26.2670,-11.0654,1.8394
39.678,raw,3141,-25.8319,-12.2456,1.8395
39.678,raw,3156,-15.1378,-8.0341,1.8240
39.678,raw,3170,-24.9969,-14.5669,1.8400
39.678,raw,3185,-24.5511,-15.7904,1.8403
39.678,raw,3200,-11.7674,-8.3988,1.8203
39.678,raw,3214,-23.6304,-18.2029,1.8412
39.678,raw,3229,-23.0544,-19.4271,1.8416
39.678,raw,3244,-22.4816,-20.6939,1.8421
39.678,raw,3258,-21.9330,-21.9089,1.8427
39.678,raw,3273,-21.3301,-23.2552,1.8434
39.678,raw,3288,-20.7154,-24.6641,1.8443
39.678,raw,3303,-20.0540,-26.1072,1.8453
39.678,raw,3317,-19.4155,-27.5217,1.8463
39.678,raw,3332,-18.6842,-29.0917,1.8475
39.678,raw,3347,4.7228,-0.6600,1.8058
39.678,raw,3361,4.5848,-0.4621,1.8056
39.678,raw,3376,4.4849,-0.2711,1.8054
39.678,raw,3391,4.3595,-0.0887,1.8052
39.678,raw,3405,4.2592,0.0700,1.8051
39.678,raw,3420,4.2497,0.2311,1.8050
39.678,raw,3435,4.5174,0.4046,1.8054
39.678,raw,3449,4.8059,0.5916,1.8058
39.678,raw,3464,5.1621,0.8254,1.8063
39.678,raw,3479,-26.5120,20.5491,1.8458
39.678,raw,3493,-27.3703,19.4878,1.8459
39.678,raw,3508,-28.4967,18.4699,1.8465
39.678,raw,3523,-29.6211,17.4099,1.8470
39.678,raw,3537,-30.7033,16.3982,1.8477
39.678,raw,3552,-30.9183,14.8265,1.8470
39.678,raw,3567,-29.4863,12.6175,1.8440
39.678,raw,3581,-28.5431,10.8798,1.8419
39.678,raw,3596,-28.4967,9.4643,1.8413
39.678,raw,3611,-28.4733,8.0974,1.8407
39.678,raw,3625,-28.4550,6.8530,1.8403
39.678,raw,3640,-28.4255,5.5446,1.8399
39.678,raw,3655,-28.3848,4.2577,1.8395
39.678,raw,3670,-28.3433,2.9898,1.8393
39.678,raw,3684,-28.3351,1.8208,1.8392
39.678,raw,3699,-28.3511,0.5751,1.8391
39.678,raw,3714,-31.7545,-3.1976,2.6043
39.678,raw,3728,-16.7030,-3.1267,2.2348
39.678,raw,3743,-16.0985,-6.4494,2.2438
39.678,raw,3758,-25.8007,-14.5314,2.5477
39.678,raw,3772,4.8197,-0.7837,1.9093
39.678,raw,3787,4.6709,-0.5625,1.9045
39.678,raw,3802,4.5345,-0.3593,1.9004
39.678,raw,3816,4.4388,-0.1857,1.8975
39.678,raw,3831,4.3023,-0.0078,1.8938
39.678,raw,3846,4.2149,0.1566,1.8915
39.678,raw,3860,4.3576,0.3087,1.8950
39.678,raw,3875,4.6339,0.4932,1.9021
39.678,raw,3890,4.9830,0.7108,1.9112
39.678,raw,3904,-31.7649,-3.6687,3.3685
39.678,raw,3919,-26.0064,-14.0511,3.2528
39.678,raw,3934,-19.6846,-24.3005,3.3323
39.678,raw,3948,4.7484,-0.6653,2.0081
39.678,raw,3963,4.5868,-0.4504,1.9985
39.678,raw,3978,4.4784,-0.2588,1.9921
39.678,raw,3992,4.3638,-0.0891,1.9858
39.678,raw,4007,4.2548,0.0809,1.9800
39.678,raw,4022,4.2535,0.2418,1.9799
39.678,raw,4037,4.5210,0.4163,1.9930
39.678,raw,4051,4.8249,0.6057,2.0083
39.678,raw,4066,-15.9527,-1.9600,2.9922
39.678,raw,4081,-25.8036,-14.5329,3.9647
39.678,raw,4095,4.4425,-0.2203,2.0828
39.678,raw,4110,4.3356,-0.0428,2.0740
39.678,raw,4125,4.2268,0.1245,2.0657
39.678,raw,4139,4.3020,0.2748,2.0710
39.678,raw,4154,4.5757,0.4541,2.0912
39.678,raw,4169,-19.5557,-0.2846,3.7146
39.678,raw,4183,-19.1014,-1.7464,3.6800
39.678,raw,4198,-14.7825,-5.3173,3.3513
39.678,raw,4213,-16.5297,0.0356,3.8297
39.678,raw,4227,-16.3263,-0.6411,3.8079
39.678,raw,4242,-16.0845,-1.3488,3.7853
39.678,raw,4257,-16.1558,-2.0844,3.8038
39.678,raw,4271,-15.4648,-2.6488,3.7331
39.678,raw,4286,-15.2767,-3.3242,3.7270
39.678,raw,4301,-15.0635,-3.9896,3.7213
39.678,raw,4315,-14.8575,-4.6056,3.7183
39.678,raw,4330,-14.6728,-5.4262,3.7291
39.678,raw,4345,-14.4579,-6.0938,3.7346
39.678,raw,4359,-14.2928,-6.7388,3.7478
39.678,raw,4374,-14.0551,-7.4105,3.7580
39.678,raw,4389,-13.8348,-8.1024,3.7747
40.700,raw,0,4.7986,-0.7721,0.9669
40.700,raw,15,4.6510,-0.5499,1.0028
40.700,raw,30,4.5206,-0.3464,1.0333
40.700,raw,46,4.3978,-0.1461,1.0608
40.700,raw,61,4.3056,0.0286,1.0806
40.700,raw,77,4.1695,0.2056,1.1073
40.700,raw,92,4.3736,0.3712,1.0685
40.700,raw,108,4.7020,0.5768,1.0046
40.700,raw,123,5.0362,0.8018,0.9377
40.700,raw,138,4.7112,-0.6244,1.0930
40.700,raw,154,4.5565,-0.3995,1.1245
40.700,raw,169,4.4507,-0.2089,1.1459
40.700,raw,185,4.3094,-0.0157,1.1719
40.700,raw,200,4.1967,0.1520,1.1916
40.700,raw,216,4.3120,0.3252,1.1727
40.700,raw,231,4.5615,0.5067,1.1305
40.700,raw,247,4.9393,0.7379,1.0654
40.700,raw,262,-5.3050,-6.2452,0.5820
40.700,raw,277,-5.0974,-6.5834,0.5649
40.700,raw,293,-4.8645,-6.9493,0.5446
40.700,raw,308,-4.6412,-7.3080,0.5218
40.700,raw,324,-4.3634,-7.6574,0.5018
40.700,raw,339,4.6566,-0.5758,1.2051
40.700,raw,355,4.5178,-0.3579,1.2295
40.700,raw,370,4.4043,-0.1695,1.2485
40.700,raw,386,4.2904,0.0184,1.2666
40.700,raw,401,4.1871,0.1841,1.2819
40.700,raw,416,4.3365,0.3478,1.2608
40.700,raw,432,4.6563,0.5491,1.2146
40.700,raw,447,4.9867,0.7694,1.1656
40.700,raw,463,-5.7573,-6.8740,0.6994
40.700,raw,478,-5.5477,-7.2645,0.6804
40.700,raw,494,-5.3203,-7.7035,0.6560
40.700,raw,509,-5.0554,-8.0708,0.6386
40.700,raw,525,-4.3898,-7.8559,0.7012
40.700,raw,540,-4.0977,-8.1711,0.6863
40.700,raw,555,-4.1933,-9.3035,0.5642
40.700,raw,571,-3.8601,-9.7627,0.5320
40.700,raw,586,-3.5069,-10.1540,0.5055
40.700,raw,602,4.6686,-0.5906,1.3045
40.700,raw,617,4.5533,-0.3870,1.3218
40.700,raw,633,4.4269,-0.1833,1.3395
40.700,raw,648,4.2953,-0.0038,1.3565
40.700,raw,664,4.1912,0.1734,1.3694
40.700,raw,679,4.3182,0.3363,1.3546
40.700,raw,694,4.6054,0.5215,1.3202
40.700,raw,710,4.9604,0.7533,1.2767
40.700,raw,725,-6.4566,-7.4894,0.8380
40.700,raw,741,-6.1955,-7.9245,0.8231
40.700,raw,756,-5.9540,-8.3607,0.8051
40.700,raw,772,-5.6672,-8.8176,0.7861
40.700,raw,787,-4.5371,-7.8876,0.9153
40.700,raw,803,-4.0956,-7.9975,0.9272
40.700,raw,818,-4.7001,-10.1100,0.7281
40.700,raw,833,-4.3687,-10.5904,0.7011
40.700,raw,849,-3.9695,-11.0654,0.6749
40.700,raw,864,-3.6434,-11.7256,0.6280
40.700,raw,880,-3.2840,-12.5649,0.5641
40.700,raw,895,4.7840,-0.7427,1.3920
40.700,raw,911,4.6188,-0.5069,1.4114
40.700,raw,926,4.5154,-0.3103,1.4237
40.700,raw,942,4.3767,-0.1102,1.4386
40.700,raw,957,4.2499,0.0641,1.4514
40.700,raw,972,4.1577,0.2268,1.4603
40.700,raw,988,4.4525,0.4082,1.4326
40.700,raw,1003,4.7380,0.6043,1.4051
40.700,raw,1019,5.1191,0.8526,1.3675
40.700,raw,1034,-7.4525,-7.8195,1.0192
40.700,raw,1050,-7.1896,-8.3051,1.0072
40.700,raw,1065,-6.9211,-8.7580,0.9956
40.700,raw,1081,-6.6002,-9.2233,0.9840
40.700,raw,1096,-6.3335,-9.7361,0.9660
40.700,raw,1111,-6.0145,-10.2093,0.9507
40.700,raw,1127,-4.1082,-7.9646,1.1510
40.700,raw,1142,-5.3188,-11.2613,0.9109
40.700,raw,1158,-4.9333,-11.8491,0.8857
40.700,raw,1173,-4.5084,-12.3260,0.8668
40.700,raw,1189,-4.1748,-13.2644,0.8141
40.700,raw,1204,-3.8466,-14.3201,0.7516
40.700,raw,1220,-3.3905,-15.3808,0.6893
40.700,raw,1235,-2.9112,-16.5066,0.6207
40.700,raw,1250,4.7520,-0.7225,1.4984
40.700,raw,1266,4.6532,-0.5008,1.5081
40.700,raw,1281,4.4838,-0.2943,1.5218
40.700,raw,1297,4.3660,-0.0980,1.5314
40.700,raw,1312,4.2577,0.0746,1.5396
40.700,raw,1328,4.1723,0.2479,1.5458
40.700,raw,1343,4.4505,0.4195,1.5263
40.700,raw,1359,4.7663,0.6315,1.5035
40.700,raw,1374,5.1549,0.8710,1.4750
40.700,raw,1389,-9.9473,-4.7740,1.2730
40.700,raw,1405,-9.7401,-5.2669,1.2713
40.700,raw,1420,-9.5513,-5.7372,1.2682
40.700,raw,1436,-9.3877,-6.2727,1.2616
40.700,raw,1451,-9.1979,-6.7647,1.2559
40.700,raw,1467,-8.9933,-7.3042,1.2485
40.700,raw,1482,-8.7652,-7.7978,1.2421
40.700,raw,1498,-8.4713,-8.2961,1.2368
40.700,raw,1513,-8.2091,-8.7927,1.2293
40.700,raw,1528,-7.9192,-9.2809,1.2219
40.700,raw,1544,-7.6582,-9.8881,1.2084
40.700,raw,1559,-7.3674,-10.4382,1.1966
40.700,raw,1575,-6.9726,-10.9444,1.1881
40.700,raw,1590,-4.4066,-7.8312,1.3704
40.700,raw,1606,-4.0377,-8.0612,1.3697
40.700,raw,1621,-5.9437,-12.8713,1.1353
40.700,raw,1636,-5.5185,-13.4693,1.1188
40.700,raw,1652,-5.1324,-14.3824,1.0870
40.700,raw,1667,-4.7844,-15.4675,1.0459
40.700,raw,1683,-4.5706,-17.4943,0.9606
40.700,raw,1698,-5.1389,-23.2868,0.6990
40.700,raw,1714,-4.3065,-24.8558,0.6371
40.700,raw,1729,-3.2890,-25.5064,0.6156
40.700,raw,1745,-2.1594,-26.2328,0.5891
40.700,raw,1760,-1.0513,-26.9460,0.5607
40.700,raw,1775,0.1162,-27.4017,0.5418
40.700,raw,1791,1.4099,-28.0845,0.5102
40.700,raw,1806,4.7059,-0.6359,1.6040
40.700,raw,1822,4.5695,-0.4136,1.6119
40.700,raw,1837,4.4355,-0.2187,1.6191
40.700,raw,1853,4.3029,-0.0263,1.6260
40.700,raw,1868,4.1983,0.1413,1.6311
40.700,raw,1884,4.2929,0.3138,1.6268
40.700,raw,1899,4.5868,0.4966,1.6131
40.700,raw,1914,4.9001,0.7078,1.5981
40.700,raw,1930,25.4901,11.8109,0.5461
40.700,raw,1945,-16.0487,19.7849,0.6347
40.700,raw,1961,-15.6503,17.6256,0.7203
40.700,raw,1976,-15.3161,15.8577,0.7887
40.700,raw,1992,-14.8788,14.0885,0.8584
40.700,raw,2007,-14.5044,12.6228,0.9149
40.700,raw,2023,-14.1292,11.2226,0.9678
40.700,raw,2038,-13.8387,10.0677,1.0092
40.700,raw,2053,-11.3687,7.6426,1.1638
40.700,raw,2069,-13.3013,7.9919,1.0800
40.700,raw,2084,-12.9670,7.0580,1.1134
40.700,raw,2100,-12.8108,-0.0208,1.5065
40.700,raw,2115,-12.6323,-0.5841,1.5099
40.700,raw,2131,-8.1420,-0.7022,1.6084
40.700,raw,2146,-12.2744,-1.7128,1.5151
40.700,raw,2162,-12.1120,-2.2857,1.5164
40.700,raw,2177,-11.9756,-2.8226,1.5168
40.700,raw,2192,-11.8364,-3.3582,1.5167
40.700,raw,2208,-11.6749,-3.9268,1.5163
40.700,raw,2223,-11.4239,-4.4237,1.5177
40.700,raw,2239,-11.2751,-5.0012,1.5158
40.700,raw,2254,-11.1247,-5.5464,1.5137
40.700,raw,2270,-10.9687,-6.1423,1.5106
40.700,raw,2285,-10.7262,-6.6568,1.5095
40.700,raw,2301,-10.5375,-7.2605,1.5057
40.700,raw,2316,-10.2145,-7.7365,1.5054
40.700,raw,2331,-10.0190,-8.3193,1.5009
40.700,raw,2347,-9.6989,-8.8689,1.4984
40.700,raw,2362,-9.4586,-9.4572,1.4934
40.700,raw,2378,-9.1511,-10.0633,1.4886
40.700,raw,2393,-8.8852,-10.6873,1.4823
40.700,raw,2409,-8.5217,-11.2971,1.4770
40.700,raw,2424,-8.3132,-12.0911,1.4657
40.700,raw,2440,-7.9292,-12.7799,1.4579
40.700,raw,2455,-4.4471,-8.1682,1.5849
40.700,raw,2470,-7.3658,-14.5670,1.4301
40.700,raw,2486,-8.7805,-19.3610,1.3215
40.700,raw,2501,-8.3462,-20.7376,1.2977
40.700,raw,2517,-7.8519,-22.4240,1.2671
40.700,raw,2532,-7.4136,-24.4706,1.2275
40.700,raw,2548,-6.7725,-26.6731,1.1849
40.700,raw,2563,-5.7832,-27.7527,1.1670
40.700,raw,2579,-4.5761,-28.5013,1.1560
40.700,raw,2594,-3.4033,-29.2277,1.1441
40.700,raw,2609,-2.1832,-29.9742,1.1306
40.700,raw,2625,-0.8267,-30.9004,1.1122
40.700,raw,2640,0.5175,-31.8956,1.0908
40.700,raw,2656,2.0309,-32.6286,1.0739
40.700,raw,2671,3.5129,-33.2719,1.0575
40.700,raw,2687,5.1924,-34.1363,1.0343
40.700,raw,2702,4.6954,-0.6085,1.7053
40.700,raw,2718,4.5461,-0.3859,1.7094
40.700,raw,2733,4.4320,-0.1953,1.7124
40.700,raw,2748,4.3128,-0.0160,1.7154
40.700,raw,2764,4.1824,0.1630,1.7185
40.700,raw,2779,4.3190,0.3253,1.7154
40.700,raw,2795,4.5942,0.5207,1.7092
40.700,raw,2810,4.9614,0.7404,1.7007
40.700,raw,2826,-21.4901,26.2162,1.0491
40.700,raw,2841,-20.3996,22.8721,1.1203
40.700,raw,2857,-19.6775,20.1678,1.1743
40.700,raw,2872,-18.7109,17.6423,1.2281
40.700,raw,2887,-18.0458,15.6377,1.2682
40.700,raw,2903,-17.1500,13.5719,1.3121
40.700,raw,2918,-16.7157,12.1141,1.3387
40.700,raw,2934,-11.4167,7.6726,1.4903
40.700,raw,2949,-15.5211,9.3005,1.3940
40.700,raw,2965,-15.2152,8.1973,1.4115
40.700,raw,2980,-14.9286,7.2341,1.4264
40.700,raw,2996,-14.6219,6.2735,1.4409
40.700,raw,3011,-14.6188,5.5293,1.4468
40.700,raw,3026,-14.3871,4.7385,1.4570
40.700,raw,3042,-14.1037,3.9298,1.4678
40.700,raw,3057,-13.8891,3.2227,1.4760
40.700,raw,3073,-13.6325,2.4980,1.4844
40.700,raw,3088,-13.4316,1.8542,1.4908
40.700,raw,3104,-13.2125,1.1931,1.4969
40.700,raw,3119,-13.0186,0.5958,1.5018
40.700,raw,3134,-18.0597,-0.0168,1.8251
40.700,raw,3150,-17.8751,-0.8601,1.8249
40.700,raw,3165,-8.1767,-0.6556,1.8118
40.700,raw,3181,-17.4981,-2.4589,1.8246
40.700,raw,3196,-17.3236,-3.2236,1.8246
40.700,raw,3212,-17.1473,-4.0393,1.8246
40.700,raw,3227,-16.9909,-4.8083,1.8246
40.700,raw,3243,-14.8260,-4.9570,1.8219
40.700,raw,3258,-16.6337,-6.4063,1.8249
40.700,raw,3273,-15.4775,-6.7636,1.8236
40.700,raw,3289,-15.2314,-7.5361,1.8238
40.700,raw,3304,-14.1831,-7.8226,1.8227
40.700,raw,3320,-15.9073,-9.7779,1.8260
40.700,raw,3335,-15.7198,-10.6496,1.8265
40.700,raw,3351,-15.5184,-11.6176,1.8270
40.700,raw,3366,-15.3358,-12.5746,1.8276
40.700,raw,3382,-15.1299,-13.6440,1.8283
40.700,raw,3397,-19.8199,-19.4440,1.8383
40.700,raw,3412,-19.4576,-20.8345,1.8393
40.700,raw,3428,-18.9175,-22.2505,1.8402
40.700,raw,3443,-18.3816,-23.6374,1.8412
40.700,raw,3459,-17.7592,-25.1693,1.8424
40.700,raw,3474,-17.1661,-26.7248,1.8437
40.700,raw,3490,-16.4674,-28.4550,1.8452
40.700,raw,3505,-15.7777,-30.2130,1.8468
40.700,raw,3521,4.7540,-0.6843,1.8059
40.700,raw,3536,4.5995,-0.4669,1.8057
40.700,raw,3551,4.4662,-0.2687,1.8054
40.700,raw,3567,4.3640,-0.0754,1.8053
40.700,raw,3582,4.2372,0.0971,1.8051
40.700,raw,3598,4.2211,0.2695,1.8051
40.700,raw,3613,4.5010,0.4449,1.8054
40.700,raw,3629,4.8158,0.6612,1.8059
40.700,raw,3644,-25.2997,24.0230,1.8475
40.700,raw,3660,-24.6279,21.3514,1.8445
40.700,raw,3675,-24.1050,19.1645,1.8420
40.700,raw,3690,-23.6759,17.2278,1.8400
40.700,raw,3706,-22.7118,15.0045,1.8373
40.700,raw,3721,-21.8724,13.1511,1.8350
40.700,raw,3737,-21.3497,11.5438,1.8333
40.700,raw,3752,-20.9591,10.1940,1.8320
40.700,raw,3768,-20.5185,8.8390,1.8308
40.700,raw,3783,-20.1257,7.6579,1.8297
40.700,raw,3799,-19.7810,6.4973,1.8287
40.700,raw,3814,-19.4602,5.4680,1.8279
40.700,raw,3829,-19.1516,4.4917,1.8272
40.700,raw,3845,-18.8432,3.5027,1.8266
40.700,raw,3860,-18.6387,2.6256,1.8261
40.700,raw,3876,-18.4492,1.7219,1.8257
40.700,raw,3891,-18.2775,0.8966,1.8254
40.700,raw,3907,-18.1690,-0.1256,2.2624
40.700,raw,3922,-17.4525,-0.8866,2.2454
40.700,raw,3938,-16.6042,-1.8245,2.2266
40.700,raw,3953,-17.2680,-3.5851,2.2501
40.700,raw,3968,-16.0121,-4.8355,2.2278
40.700,raw,3984,-16.5588,-6.7751,2.2568
40.700,raw,3999,-15.2145,-7.6404,2.2353
40.700,raw,4015,-25.8193,-14.5133,2.5474
40.700,raw,4030,4.7777,-0.7412,1.9090
40.700,raw,4046,4.6069,-0.5048,1.9037
40.700,raw,4061,4.4973,-0.3078,1.9003
40.700,raw,4077,4.3722,-0.1098,1.8966
40.700,raw,4092,4.2491,0.0642,1.8933
40.700,raw,4107,4.1864,0.2267,1.8916
40.700,raw,4123,4.4386,0.4076,1.8980
40.700,raw,4138,4.7520,0.6055,1.9060
40.700,raw,4154,5.1279,0.8538,1.9160
40.700,raw,4169,-18.7559,-2.8175,2.7398
40.700,raw,4185,-13.9389,-8.0706,2.6030
40.700,raw,4200,4.7580,-0.7367,2.0112
40.700,raw,4216,4.6072,-0.5049,2.0019
40.700,raw,4231,4.4858,-0.3062,1.9946
40.700,raw,4246,4.3738,-0.1212,1.9882
40.700,raw,4262,4.2551,0.0639,1.9819
40.700,raw,4277,4.1823,0.2267,1.9782
40.700,raw,4293,4.4406,0.4077,1.9908
40.700,raw,4308,4.7418,0.6047,2.0059
40.700,raw,4324,5.1292,0.8539,2.0258
40.700,raw,4339,-25.9394,-14.2826,3.9632
40.700,raw,4355,4.7263,-0.6656,2.1109
40.700,raw,4370,4.5859,-0.4525,2.0981
40.700,raw,4385,4.4814,-0.2589,2.0887
40.700,raw,4401,4.3343,-0.0619,2.0767
40.700,raw,4416,4.2063,0.1090,2.0669
40.700,raw,4432,4.2529,0.2805,2.0701
40.700,raw,4447,4.5240,0.4577,2.0899
40.700,raw,4463,4.8634,0.6785,2.1154
40.700,raw,4478,-18.7464,-2.8160,3.6564
40.700,raw,4494,4.3472,-0.0740,2.1690
40.700,raw,4509,4.2245,0.0976,2.1564
40.700,raw,4524,4.2119,0.2587,2.1549
40.700,raw,4540,4.5011,0.4449,2.1830
40.700,raw,4555,-16.4086,-0.4315,3.8125
40.700,raw,4571,-16.1786,-1.1920,3.7908
40.700,raw,4586,-15.9570,-1.8904,3.7735
40.700,raw,4602,-15.9141,-5.5904,3.8717
40.700,raw,4617,-13.8784,-8.0358,3.7731
41.760,raw,0,4.7912,-0.7946,0.9686
41.760,raw,16,4.6552,-0.5630,1.0026
41.760,raw,32,4.4878,-0.3433,1.0403
41.760,raw,48,4.3860,-0.1476,1.0635
41.760,raw,64,4.2728,0.0376,1.0871
41.760,raw,80,4.1524,0.2116,1.1105
41.760,raw,97,4.4735,0.4069,1.0491
41.760,raw,113,4.8044,0.6230,0.9841
41.760,raw,129,-4.8594,-5.6269,0.5018
41.760,raw,145,4.6568,-0.5881,1.1039
41.760,raw,161,4.5218,-0.3716,1.1316
41.760,raw,177,4.4132,-0.1728,1.1532
41.760,raw,194,4.2589,0.0274,1.1808
41.760,raw,210,4.1553,0.2011,1.1985
41.760,raw,226,4.4402,0.3824,1.1511
41.760,raw,242,4.7549,0.5935,1.0973
41.760,raw,258,5.1316,0.8439,1.0312
41.760,raw,275,-5.0427,-6.3371,0.5998
41.760,raw,291,-4.7907,-6.6556,0.5872
41.760,raw,307,-4.5507,-7.0071,0.5674
41.760,raw,323,-4.2849,-7.3439,0.5487
41.760,raw,339,-4.0002,-7.6739,0.5296
41.760,raw,355,-3.7226,-8.0473,0.5020
41.760,raw,372,4.6841,-0.6183,1.2010
41.760,raw,388,4.5125,-0.3939,1.2301
41.760,raw,404,4.4084,-0.1951,1.2480
41.760,raw,420,4.2780,-0.0063,1.2684
41.760,raw,436,4.1572,0.1694,1.2861
41.760,raw,452,4.3797,0.3461,1.2546
41.760,raw,469,4.7041,0.5645,1.2074
41.760,raw,485,5.1068,0.8135,1.1476
41.760,raw,501,-5.5342,-6.7953,0.7262
41.760,raw,517,-5.2729,-7.1503,0.7135
41.760,raw,533,-5.0078,-7.5188,0.6976
41.760,raw,550,-4.7311,-7.9456,0.6745
41.760,raw,566,-4.2170,-7.9452,0.7056
41.760,raw,582,-4.1187,-8.6970,0.6344
41.760,raw,598,-3.8054,-9.1186,0.6063
41.760,raw,614,-3.4418,-9.4780,0.5848
41.760,raw,630,-3.0767,-9.8871,0.5553
41.760,raw,647,4.7679,-0.7892,1.2891
41.760,raw,663,4.6240,-0.5572,1.3110
41.760,raw,679,4.5046,-0.3456,1.3287
41.760,raw,695,4.3651,-0.1457,1.3474
41.760,raw,711,4.2553,0.0384,1.3616
41.760,raw,727,4.1502,0.2116,1.3743
41.760,raw,744,4.4533,0.4059,1.3384
41.760,raw,760,4.8056,0.6231,1.2957
41.760,raw,776,-6.3397,-7.1142,0.8731
41.760,raw,792,-6.0904,-7.5316,0.8596
41.760,raw,808,-5.8335,-7.9626,0.8435
41.760,raw,825,-5.5213,-8.3968,0.8283
41.760,raw,841,-5.2108,-8.8086,0.8124
41.760,raw,857,-4.1681,-7.9687,0.9288
41.760,raw,873,-4.5438,-9.6572,0.7747
41.760,raw,889,-4.1612,-10.0463,0.7576
41.760,raw,905,-3.7870,-10.5051,0.7321
41.760,raw,922,-3.3867,-11.0739,0.6956
41.760,raw,938,-3.0358,-11.8268,0.6390
41.760,raw,954,-2.6442,-12.6552,0.5743
41.760,raw,970,-2.1854,-13.4806,0.5087
41.760,raw,986,4.6526,-0.5997,1.4073
41.760,raw,1002,4.5223,-0.3835,1.4225
41.760,raw,1019,4.3895,-0.1705,1.4371
41.760,raw,1035,4.2682,0.0160,1.4496
41.760,raw,1051,4.1743,0.1905,1.4587
41.760,raw,1067,4.3879,0.3689,1.4386
41.760,raw,1083,4.7433,0.5801,1.4045
41.760,raw,1100,5.1431,0.8455,1.3650
41.760,raw,1116,-7.1943,-7.6599,1.0411
41.760,raw,1132,-6.9183,-8.1101,1.0314
41.760,raw,1148,-6.6299,-8.5674,1.0202
41.760,raw,1164,-6.3305,-9.0365,1.0073
41.760,raw,1180,-5.9867,-9.4723,0.9963
41.760,raw,1197,-4.3577,-7.8643,1.1503
41.760,raw,1213,-5.2506,-10.4311,0.9658
41.760,raw,1229,-4.8696,-10.9208,0.9476
41.760,raw,1245,-4.4794,-11.4536,0.9253
41.760,raw,1261,-4.0883,-12.0728,0.8956
41.760,raw,1277,-3.6972,-12.8255,0.8553
41.760,raw,1294,-3.2939,-13.9033,0.7918
41.760,raw,1310,-2.8204,-14.8795,0.7341
41.760,raw,1326,-2.3213,-16.1692,0.6533
41.760,raw,1342,-1.7085,-17.4296,0.5734
41.760,raw,1358,4.7237,-0.6895,1.5012
41.760,raw,1375,4.5500,-0.4473,1.5161
41.760,raw,1391,4.4291,-0.2431,1.5263
41.760,raw,1407,4.3113,-0.0523,1.5356
41.760,raw,1423,4.2033,0.1262,1.5436
41.760,raw,1439,4.2833,0.2990,1.5380
41.760,raw,1455,4.6061,0.4966,1.5151
41.760,raw,1472,4.9670,0.7428,1.4887
41.760,raw,1488,-9.7389,-5.0194,1.2772
41.760,raw,1504,-9.5827,-5.5383,1.2723
41.760,raw,1520,-9.3382,-6.0144,1.2706
41.760,raw,1536,-9.1014,-6.5013,1.2673
41.760,raw,1552,-8.8706,-7.0027,1.2623
41.760,raw,1569,-8.6216,-7.5486,1.2554
41.760,raw,1585,-8.3409,-8.0391,1.2501
41.760,raw,1601,-8.0269,-8.5125,1.2453
41.760,raw,1617,-7.7204,-9.0109,1.2382
41.760,raw,1633,-7.3787,-9.4905,1.2316
41.760,raw,1650,-7.0558,-10.0816,1.2193
41.760,raw,1666,-6.6529,-10.5351,1.2129
41.760,raw,1682,-4.3477,-7.8475,1.3724
41.760,raw,1698,-5.9177,-11.6679,1.1859
41.760,raw,1714,-5.5327,-12.2981,1.1683
41.760,raw,1730,-5.0741,-12.8497,1.1540
41.760,raw,1747,-4.6837,-13.7933,1.1207
41.760,raw,1763,-4.2879,-14.8130,1.0826
41.760,raw,1779,-3.8444,-15.9572,1.0383
41.760,raw,1795,-3.5871,-18.3752,0.9341
41.760,raw,1811,-3.5220,-23.1681,0.7205
41.760,raw,1827,-2.5655,-24.3107,0.6754
41.760,raw,1844,-1.3955,-24.8447,0.6565
41.760,raw,1860,-0.2557,-25.3841,0.6347
41.760,raw,1876,0.9308,-25.9406,0.6097
41.760,raw,1892,2.1711,-26.5058,0.5817
41.760,raw,1908,4.7422,-0.6934,1.6021
41.760,raw,1925,4.5562,-0.4483,1.6125
41.760,raw,1941,4.4309,-0.2433,1.6194
41.760,raw,1957,4.3103,-0.0523,1.6256
41.760,raw,1973,4.1727,0.1269,1.6323
41.760,raw,1989,4.2920,0.2993,1.6268
41.760,raw,2005,4.5964,0.4960,1.6126
41.760,raw,2022,4.9705,0.7433,1.5945
41.760,raw,2038,24.6835,11.2016,0.5904
41.760,raw,2054,-18.2634,20.1116,0.5553
41.760,raw,2070,-17.3931,17.5191,0.6672
41.760,raw,2086,-16.7094,15.3893,0.7559
41.760,raw,2102,-16.2304,13.6509,0.8236
41.760,raw,2119,-15.5841,11.8860,0.8957
41.760,raw,2135,-11.0893,7.8322,1.1690
41.760,raw,2151,-14.5010,9.1191,1.0063
41.760,raw,2167,-14.1176,8.0056,1.0464
41.760,raw,2183,-13.8057,7.0140,1.0794
41.760,raw,2200,-13.3147,-0.4427,1.4951
41.760,raw,2216,-8.2233,-0.6055,1.6069
41.760,raw,2232,-8.2759,-1.0190,1.6047
41.760,raw,2248,-12.5042,-2.2244,1.5083
41.760,raw,2264,-12.2526,-2.7895,1.5112
41.760,raw,2280,-12.0102,-3.3462,1.5132
41.760,raw,2297,-11.7979,-3.9444,1.5138
41.760,raw,2313,-11.4828,-4.4614,1.5164
41.760,raw,2329,-11.2797,-5.0176,1.5159
41.760,raw,2345,-11.0972,-5.5882,1.5141
41.760,raw,2361,-10.8979,-6.1591,1.5121
41.760,raw,2377,-10.5998,-6.6800,1.5119
41.760,raw,2394,-10.3389,-7.2747,1.5096
41.760,raw,2410,-9.9999,-7.7771,1.5091
41.760,raw,2426,-9.7343,-8.3449,1.5059
41.760,raw,2442,-9.3958,-8.8660,1.5039
41.760,raw,2458,-9.1096,-9.4532,1.4995
41.760,raw,2475,-8.7176,-10.0118,1.4965
41.760,raw,2491,-8.3941,-10.6145,1.4910
41.760,raw,2507,-7.9982,-11.1600,1.4869
41.760,raw,2523,-7.6516,-11.8113,1.4797
41.760,raw,2539,-4.4501,-7.8597,1.5913
41.760,raw,2555,-4.0663,-8.0641,1.5916
41.760,raw,2572,-6.3829,-13.8566,1.4546
41.760,raw,2588,-5.8951,-14.5411,1.4453
41.760,raw,2604,-5.5015,-15.5867,1.4272
41.760,raw,2620,-6.9028,-22.3609,1.2759
41.760,raw,2636,-6.2562,-24.1146,1.2430
41.760,raw,2652,-5.4462,-25.7793,1.2118
41.760,raw,2669,-4.2303,-26.3790,1.2041
41.760,raw,2685,-3.0741,-27.1120,1.1920
41.760,raw,2701,-1.8679,-27.8852,1.1779
41.760,raw,2717,-0.6018,-28.7034,1.1615
41.760,raw,2733,0.7323,-29.1849,1.1513
41.760,raw,2750,2.2060,-29.8097,1.1365
41.760,raw,2766,3.6757,-30.5835,1.1169
41.760,raw,2782,5.2420,-31.4298,1.0940
41.760,raw,2798,7.0144,-32.8122,1.0572
41.760,raw,2814,4.7222,-0.6892,1.7045
41.760,raw,2830,4.5705,-0.4627,1.7087
41.760,raw,2847,4.4450,-0.2449,1.7121
41.760,raw,2863,4.3135,-0.0525,1.7154
41.760,raw,2879,4.1865,0.1266,1.7184
41.760,raw,2895,4.2958,0.2993,1.7160
41.760,raw,2911,4.5859,0.4952,1.7094
41.760,raw,2927,4.9545,0.7283,1.7008
41.760,raw,2944,-24.1095,25.1425,1.0270
41.760,raw,2960,-22.5090,21.4696,1.1088
41.760,raw,2976,-21.2209,18.5012,1.1735
41.760,raw,2992,-19.7996,15.7665,1.2358
41.760,raw,3008,-19.2257,13.9346,1.2699
41.760,raw,3025,-18.3892,12.0265,1.3085
41.760,raw,3041,-18.1138,10.6958,1.3287
41.760,raw,3057,-17.4797,9.2760,1.3558
41.760,raw,3073,-16.9315,8.0162,1.3787
41.760,raw,3089,-16.4132,6.8687,1.3991
41.760,raw,3105,-16.2413,5.9272,1.4098
41.760,raw,3122,-15.7896,4.8983,1.4262
41.760,raw,3138,-15.3402,3.9902,1.4409
41.760,raw,3154,-14.9576,3.1555,1.4530
41.760,raw,3170,-14.6192,2.3765,1.4632
41.760,raw,3186,-14.2871,1.6394,1.4724
41.760,raw,3202,-13.9662,0.9398,1.4806
41.760,raw,3219,-13.6440,0.2323,1.4881
41.760,raw,3235,-18.4834,-0.5769,1.8257
41.760,raw,3251,-8.2937,-0.5612,1.8119
41.760,raw,3267,-8.2220,-0.9605,1.8119
41.760,raw,3283,-28.4164,-5.0311,1.8398
41.760,raw,3300,-16.0180,-3.6252,1.8230
41.760,raw,3316,-24.2099,-6.7383,1.8348
41.760,raw,3332,-17.6383,-5.8022,1.8259
41.760,raw,3348,-20.1739,-7.7146,1.8300
41.760,raw,3364,-18.4944,-8.0908,1.8281
41.760,raw,3380,-17.0783,-8.4544,1.8265
41.760,raw,3397,-15.7287,-8.7992,1.8251
41.760,raw,3413,-14.5648,-9.0830,1.8240
41.760,raw,3429,-13.6547,-9.4465,1.8232
41.760,raw,3445,-13.0983,-10.0130,1.8230
41.760,raw,3461,-12.6203,-10.6320,1.8230
41.760,raw,3477,-12.1808,-11.2892,1.8232
41.760,raw,3494,-11.6739,-11.9641,1.8233
41.760,raw,3510,-11.3563,-12.7901,1.8238
41.760,raw,3526,-11.0138,-13.6430,1.8244
41.760,raw,3542,-10.6614,-14.5496,1.8251
41.760,raw,3558,-10.9479,-16.4711,1.8274
41.760,raw,3575,-10.5857,-17.7663,1.8286
41.760,raw,3591,-10.2354,-19.1362,1.8300
41.760,raw,3607,-9.8434,-20.6349,1.8315
41.760,raw,3623,-9.4085,-22.3029,1.8333
41.760,raw,3639,-8.9116,-24.1555,1.8354
41.760,raw,3655,-9.0509,-28.3634,1.8408
41.760,raw,3672,-7.9203,-29.7806,1.8422
41.760,raw,3688,-6.6700,-30.7284,1.8430
41.760,raw,3704,-5.1255,-30.3992,1.8422
41.760,raw,3720,-3.7922,-31.2101,1.8430
41.760,raw,3736,-2.4046,-32.0560,1.8439
41.760,raw,3752,-0.9522,-32.9356,1.8449
41.760,raw,3769,0.6734,-33.9091,1.8462
41.760,raw,3785,4.7429,-0.7320,1.8059
41.760,raw,3801,4.5965,-0.5033,1.8056
41.760,raw,3817,4.4794,-0.2954,1.8054
41.760,raw,3833,4.3088,-0.0963,1.8052
41.760,raw,3850,4.2136,0.0939,1.8050
41.760,raw,3866,4.2329,0.2655,1.8051
41.760,raw,3882,4.5378,0.4568,1.8055
41.760,raw,3898,4.8878,0.6821,1.8060
41.760,raw,3914,-34.5814,2.8951,1.8477
41.760,raw,3930,-33.5325,1.2453,1.8461
41.760,raw,3947,-16.8328,-0.8581,2.2300
41.760,raw,3963,-18.4858,-3.0626,2.2771
41.760,raw,3979,-16.7299,-6.2809,2.2559
41.760,raw,3995,-15.4750,-7.6069,2.2404
41.760,raw,4011,-25.8824,-14.4385,2.5475
41.760,raw,4027,4.7742,-0.7647,1.9089
41.760,raw,4044,4.6038,-0.5168,1.9035
41.760,raw,4060,4.4593,-0.3045,1.8992
41.760,raw,4076,4.3520,-0.1109,1.8961
41.760,raw,4092,4.2254,0.0720,1.8927
41.760,raw,4108,4.1972,0.2436,1.8919
41.760,raw,4125,4.5051,0.4432,1.8997
41.760,raw,4141,4.8601,0.6664,1.9089
41.760,raw,4157,-31.8392,-3.2789,3.3682
41.760,raw,4173,-26.2197,-13.7344,3.2531
41.760,raw,4189,-19.9731,-24.0038,3.3289
41.760,raw,4205,4.6842,-0.6560,2.0066
41.760,raw,4222,4.5545,-0.4241,1.9985
41.760,raw,4238,4.4166,-0.2188,1.9906
41.760,raw,4254,4.3069,-0.0300,1.9845
41.760,raw,4270,4.1672,0.1482,1.9775
41.760,raw,4286,4.3387,0.3225,1.9858
41.760,raw,4302,4.6251,0.5219,2.0001
41.760,raw,4319,5.0169,0.7752,2.0201
41.760,raw,4335,-26.2112,-13.7299,3.9606
41.760,raw,4351,4.7880,-0.7809,2.1165
41.760,raw,4367,4.6173,-0.5437,2.1011
41.760,raw,4383,4.4928,-0.3322,2.0899
41.760,raw,4400,4.3553,-0.1224,2.0784
41.760,raw,4416,4.2373,0.0608,2.0691
41.760,raw,4432,4.1905,0.2329,2.0656
41.760,raw,4448,4.4659,0.4179,2.0857
41.760,raw,4464,4.8179,0.6369,2.1121
41.760,raw,4480,-19.3392,0.1291,3.6900
41.760,raw,4497,-19.4360,-0.8458,3.7018
41.760,raw,4513,-14.8623,-4.9308,3.3430
41.760,raw,4529,4.7068,-0.6733,2.2108
41.760,raw,4545,4.5665,-0.4500,2.1937
41.760,raw,4561,4.4480,-0.2453,2.1799
41.760,raw,4577,4.3044,-0.0519,2.1646
41.760,raw,4594,4.1858,0.1373,2.1525
41.760,raw,4610,4.3021,0.3105,2.1637
41.760,raw,4626,4.6108,0.5089,2.1940
41.760,raw,4642,4.9517,0.7410,2.2285
41.760,raw,4658,-16.5062,-0.1528,3.8229
41.760,raw,4675,-16.2619,-0.9680,3.7983
41.760,raw,4691,-16.0195,-1.7169,3.7779
41.760,raw,4707,-15.5799,-2.4193,3.7376
41.760,raw,4723,-15.3786,-3.1418,3.7299
41.760,raw,4739,-15.1332,-3.8483,3.7207
41.760,raw,4755,-14.9021,-4.5535,3.7172
41.760,raw,4772,-14.3422,-6.6342,3.7437
41.760,raw,4788,-11.4932,-8.3294,3.5508
41.760,raw,4804,4.2583,0.0057,2.2493
41.760,raw,4820,4.1722,0.1799,2.2384
41.760,raw,4836,4.3611,0.3566,2.2612
42.858,raw,0,4.7907,-0.8384,0.9741
42.858,raw,16,4.6623,-0.6094,1.0066
42.858,raw,32,4.5225,-0.3944,1.0390
42.858,raw,48,4.3902,-0.1956,1.0680
42.858,raw,64,4.2768,-0.0114,1.0917
42.858,raw,80,4.1555,0.1616,1.1153
42.858,raw,96,4.4523,0.3429,1.0586
42.858,raw,112,4.7977,0.5568,0.9909
42.858,raw,128,4.8148,-0.8441,1.0760
42.858,raw,144,4.6640,-0.6097,1.1081
42.858,raw,160,4.5418,-0.3971,1.1335
42.858,raw,176,4.4063,-0.1971,1.1593
42.858,raw,193,4.2788,-0.0007,1.1823
42.858,raw,209,4.1879,0.1721,1.1978
42.858,raw,225,4.4675,0.3550,1.1511
42.858,raw,241,4.7881,0.5683,1.0961
42.858,raw,257,-5.3226,-6.1680,0.5940
42.858,raw,273,-5.0710,-6.4838,0.5841
42.858,raw,289,-4.8143,-6.8050,0.5716
42.858,raw,305,-4.5477,-7.1280,0.5570
42.858,raw,321,-4.2895,-7.4838,0.5354
42.858,raw,337,-3.9917,-7.8003,0.5187
42.858,raw,353,4.7666,-0.7814,1.1903
42.858,raw,370,4.6203,-0.5408,1.2169
42.858,raw,386,4.5032,-0.3335,1.2374
42.858,raw,402,4.3489,-0.1363,1.2616
42.858,raw,418,4.2309,0.0441,1.2795
42.858,raw,434,4.2433,0.2152,1.2779
42.858,raw,450,4.5431,0.4051,1.2350
42.858,raw,466,4.9048,0.6305,1.1818
42.858,raw,482,-5.7356,-6.7738,0.7146
42.858,raw,498,-5.4674,-7.1234,0.7041
42.858,raw,514,-5.2052,-7.4965,0.6888
42.858,raw,530,-4.9364,-7.8830,0.6703
42.858,raw,547,-4.4061,-7.9248,0.6996
42.858,raw,563,-4.0985,-8.2691,0.6828
42.858,raw,579,-3.9580,-8.9871,0.6162
42.858,raw,595,-3.6294,-9.4061,0.5879
42.858,raw,611,-3.2473,-9.7500,0.5676
42.858,raw,627,-2.8860,-10.2119,0.5310
42.858,raw,643,4.7789,-0.7841,1.2925
42.858,raw,659,4.6289,-0.5544,1.3147
42.858,raw,675,4.4851,-0.3428,1.3349
42.858,raw,691,4.3500,-0.1475,1.3529
42.858,raw,707,4.2370,0.0332,1.3672
42.858,raw,724,4.2323,0.2150,1.3680
42.858,raw,740,4.5376,0.4048,1.3316
42.858,raw,756,4.8723,0.6270,1.2907
42.858,raw,772,-6.3642,-7.3833,0.8547
42.858,raw,788,-6.1045,-7.8050,0.8411
42.858,raw,804,-5.8092,-8.2040,0.8291
42.858,raw,820,-5.5074,-8.6161,0.8145
42.858,raw,836,-4.5044,-7.9283,0.9186
42.858,raw,852,-4.0955,-8.0938,0.9246
42.858,raw,868,-4.4606,-9.7962,0.7695
42.858,raw,884,-4.1082,-10.2636,0.7442
42.858,raw,901,-3.6757,-10.6896,0.7231
42.858,raw,917,-3.3108,-11.2843,0.6828
42.858,raw,933,-2.9150,-11.9211,0.6373
42.858,raw,949,-2.5061,-12.7048,0.5765
42.858,raw,965,-2.0256,-13.4403,0.5190
42.858,raw,981,4.7057,-0.6674,1.4047
42.858,raw,997,4.5523,-0.4459,1.4222
42.858,raw,1013,4.4209,-0.2437,1.4366
42.858,raw,1029,4.3236,-0.0574,1.4470
42.858,raw,1045,4.1849,0.1194,1.4603
42.858,raw,1061,4.3785,0.2949,1.4422
42.858,raw,1078,4.7198,0.5131,1.4095
42.858,raw,1094,5.0984,0.7581,1.3722
42.858,raw,1110,-7.3635,-7.8097,1.0266
42.858,raw,1126,-7.0707,-8.2544,1.0181
42.858,raw,1142,-6.7519,-8.6868,1.0099
42.858,raw,1158,-6.4091,-9.1074,1.0016
42.858,raw,1174,-6.0786,-9.5678,0.9889
42.858,raw,1190,-4.4168,-7.8902,1.1484
42.858,raw,1206,-4.0617,-8.1451,1.1456
42.858,raw,1222,-4.9311,-10.8957,0.9495
42.858,raw,1238,-4.5241,-11.3793,0.9310
42.858,raw,1255,-4.0877,-11.9626,0.9051
42.858,raw,1271,-3.6861,-12.6506,0.8696
42.858,raw,1287,-3.3049,-13.5937,0.8149
42.858,raw,1303,-2.8346,-14.4803,0.7635
42.858,raw,1319,-2.3445,-15.6489,0.6913
42.858,raw,1335,-1.7482,-16.7610,0.6219
42.858,raw,1351,4.7784,-0.7969,1.4986
42.858,raw,1367,4.6430,-0.5691,1.5108
42.858,raw,1383,4.4672,-0.3521,1.5251
42.858,raw,1399,4.3918,-0.1621,1.5316
42.858,raw,1415,4.2427,0.0223,1.5427
42.858,raw,1432,4.2234,0.2042,1.5442
42.858,raw,1448,4.5208,0.3922,1.5232
42.858,raw,1464,4.8777,0.6149,1.4974
42.858,raw,1480,-10.2595,-5.1088,1.2540
42.858,raw,1496,-9.9858,-5.5876,1.2551
42.858,raw,1512,-9.7198,-6.0701,1.2546
42.858,raw,1528,-9.4499,-6.5525,1.2531
42.858,raw,1544,-9.1683,-7.0314,1.2510
42.858,raw,1560,-8.9088,-7.5355,1.2462
42.858,raw,1576,-8.6053,-8.0146,1.2425
42.858,raw,1592,-8.3133,-8.5171,1.2365
42.858,raw,1609,-7.9540,-9.0194,1.2315
42.858,raw,1625,-7.5957,-9.4856,1.2264
42.858,raw,1641,-7.2503,-9.9876,1.2184
42.858,raw,1657,-6.8718,-10.4723,1.2107
42.858,raw,1673,-6.4994,-10.9982,1.2001
42.858,raw,1689,-4.1073,-8.0043,1.3730
42.858,raw,1705,-5.6566,-12.0129,1.1788
42.858,raw,1721,-5.2474,-12.6321,1.1614
42.858,raw,1737,-4.7525,-13.1341,1.1491
42.858,raw,1753,-4.4128,-14.1672,1.1104
42.858,raw,1769,-3.9804,-15.1674,1.0730
42.858,raw,1785,-3.5413,-16.4652,1.0211
42.858,raw,1802,-3.1378,-18.7865,0.9218
42.858,raw,1818,-2.7701,-22.4180,0.7616
42.858,raw,1834,-1.8766,-24.0415,0.6931
42.858,raw,1850,-0.7797,-24.4704,0.6774
42.858,raw,1866,4.7247,-0.7215,1.6043
42.858,raw,1882,4.5852,-0.4987,1.6124
42.858,raw,1898,4.4659,-0.2943,1.6191
42.858,raw,1914,4.3301,-0.1018,1.6260
42.858,raw,1930,4.1988,0.0769,1.6324
42.858,raw,1946,4.2859,0.2483,1.6284
42.858,raw,1962,4.5928,0.4435,1.6140
42.858,raw,1979,4.9691,0.6892,1.5959
42.858,raw,1995,22.9652,10.1906,0.6809
42.858,raw,2011,-19.7537,18.7046,0.5495
42.858,raw,2027,-18.7340,16.2099,0.6592
42.858,raw,2043,-17.7888,14.0465,0.7542
42.858,raw,2059,-17.0638,12.2647,0.8285
42.858,raw,2075,-16.4759,10.7425,0.8888
42.858,raw,2091,-15.9687,9.4030,0.9398
42.858,raw,2107,-15.4364,8.1638,0.9876
42.858,raw,2123,-15.2553,-0.2122,1.4518
42.858,raw,2139,-14.7656,-0.9051,1.4619
42.858,raw,2156,-8.1239,-0.8685,1.6080
42.858,raw,2172,-13.8716,-2.2276,1.4781
42.858,raw,2188,-13.4788,-2.8293,1.4842
42.858,raw,2204,-13.1118,-3.4133,1.4891
42.858,raw,2220,-12.7502,-3.9790,1.4933
42.858,raw,2236,-12.2647,-4.4824,1.4999
42.858,raw,2252,-11.9570,-5.0314,1.5018
42.858,raw,2268,-11.6672,-5.5815,1.5028
42.858,raw,2284,-11.4188,-6.1507,1.5021
42.858,raw,2300,-11.0801,-6.6715,1.5030
42.858,raw,2316,-10.8100,-7.2341,1.5015
42.858,raw,2333,-10.4986,-7.8244,1.4998
42.858,raw,2349,-10.1093,-8.3139,1.5001
42.858,raw,2365,-9.7286,-8.8110,1.4995
42.858,raw,2381,-9.4201,-9.3827,1.4960
42.858,raw,2397,-9.0602,-9.9234,1.4931
42.858,raw,2413,-8.7195,-10.5066,1.4886
42.858,raw,2429,-8.3016,-11.0243,1.4857
42.858,raw,2445,-7.9319,-11.6325,1.4799
42.858,raw,2461,-7.4995,-12.1913,1.4751
42.858,raw,2477,-4.1969,-7.8904,1.5941
42.858,raw,2493,-6.6462,-13.4749,1.4601
42.858,raw,2510,-6.1253,-14.1391,1.4521
42.858,raw,2526,-5.6170,-14.8102,1.4430
42.858,raw,2542,-7.0192,-20.9504,1.3054
42.858,raw,2558,-6.4332,-22.5573,1.2757
42.858,raw,2574,-5.7396,-24.2499,1.2439
42.858,raw,2590,-4.8005,-25.4240,1.2234
42.858,raw,2606,-3.6837,-26.0467,1.2143
42.858,raw,2622,-2.5277,-26.6808,1.2039
42.858,raw,2638,-1.3297,-27.3754,1.1910
42.858,raw,2654,-0.0704,-27.8364,1.1820
42.858,raw,2670,1.2295,-28.3245,1.1712
42.858,raw,2687,2.6743,-28.9897,1.1550
42.858,raw,2703,4.1079,-29.6553,1.1373
42.858,raw,2719,5.6287,-30.3784,1.1167
42.858,raw,2735,7.3621,-31.6687,1.0816
42.858,raw,2751,9.3728,-33.4236,1.0335
42.858,raw,2767,4.6771,-0.6245,1.7066
42.858,raw,2783,4.5386,-0.4084,1.7104
42.858,raw,2799,4.3979,-0.2075,1.7140
42.858,raw,2815,4.2824,-0.0225,1.7168
42.858,raw,2831,4.1837,0.1510,1.7191
42.858,raw,2847,4.4170,0.3300,1.7138
42.858,raw,2864,4.7497,0.5524,1.7062
42.858,raw,2880,5.1650,0.8076,1.6964
42.858,raw,2896,-28.3312,13.9143,1.0947
42.858,raw,2912,-23.7865,10.4041,1.2180
42.858,raw,2928,-21.0872,8.1176,1.2919
42.858,raw,2944,-22.4579,7.4417,1.2681
42.858,raw,2960,-20.2678,5.7100,1.3253
42.858,raw,2976,-18.8706,4.3926,1.3621
42.858,raw,2992,-17.8784,3.2978,1.3882
42.858,raw,3008,-17.0295,2.3284,1.4098
42.858,raw,3024,-16.3814,1.4632,1.4260
42.858,raw,3041,-15.8106,0.6190,1.4395
42.858,raw,3057,-17.6765,-1.5290,1.8248
42.858,raw,3073,-33.7174,-4.6137,1.8468
42.858,raw,3089,-15.8283,-2.8913,1.8225
42.858,raw,3105,-31.4100,-7.3332,1.8444
42.858,raw,3121,-30.3280,-8.5934,1.8434
42.858,raw,3137,-29.2923,-9.8015,1.8426
42.858,raw,3153,-28.2810,-10.9599,1.8418
42.858,raw,3169,-27.3195,-12.0873,1.8412
42.858,raw,3185,-15.2738,-7.6730,1.8239
42.858,raw,3201,-25.1500,-14.0781,1.8398
42.858,raw,3218,-23.9424,-15.0160,1.8390
42.858,raw,3234,-22.9504,-15.9402,1.8386
42.858,raw,3250,-21.9417,-16.8178,1.8381
42.858,raw,3266,-20.7595,-17.5184,1.8375
42.858,raw,3282,-14.1623,-13.2242,1.8269
42.858,raw,3298,-12.5505,-12.9042,1.8250
42.858,raw,3314,-11.8008,-13.3428,1.8248
42.858,raw,3330,-11.3318,-14.0930,1.8251
42.858,raw,3346,-11.2960,-15.4582,1.8265
42.858,raw,3362,-10.9658,-16.5679,1.8275
42.858,raw,3378,-10.5879,-17.7277,1.8285
42.858,raw,3394,-10.1760,-18.9747,1.8297
42.858,raw,3411,-9.7222,-20.4686,1.8312
42.858,raw,3427,-9.2549,-22.0346,1.8329
42.858,raw,3443,-8.7078,-23.7117,1.8347
42.858,raw,3459,-8.1088,-25.6300,1.8368
42.858,raw,3475,-7.4344,-27.8310,1.8394
42.858,raw,3491,-6.2874,-28.7973,1.8403
42.858,raw,3507,-5.0160,-29.4377,1.8408
42.858,raw,3523,-3.7119,-30.1077,1.8414
42.858,raw,3539,-2.3662,-30.8096,1.8421
42.858,raw,3555,-0.9661,-31.4781,1.8429
42.858,raw,3571,0.4891,-32.3816,1.8441
42.858,raw,3588,2.1142,-33.0847,1.8451
42.858,raw,3604,3.6945,-33.5459,1.8459
42.858,raw,3620,5.3690,-34.2751,1.8471
42.858,raw,3636,4.6619,-0.6217,1.8057
42.858,raw,3652,4.5267,-0.4067,1.8055
42.858,raw,3668,4.3895,-0.2067,1.8053
42.858,raw,3684,4.2929,-0.0230,1.8051
42.858,raw,3700,4.1654,0.1511,1.8049
42.858,raw,3716,4.4222,0.3302,1.8053
42.858,raw,3732,4.7459,0.5398,1.8058
42.858,raw,3748,5.1170,0.7875,1.8063
42.858,raw,3765,-17.8201,-1.1179,2.2555
42.858,raw,3781,-15.7087,-2.1979,2.2063
42.858,raw,3797,-15.4822,-3.0653,2.2044
42.858,raw,3813,-15.3104,-3.7957,2.2042
42.858,raw,3829,-15.0699,-4.5066,2.2032
42.858,raw,3845,-16.4934,-6.1291,2.2494
42.858,raw,3861,-26.0222,-14.1654,2.5473
42.858,raw,3877,-19.6562,-24.6820,2.5930
42.858,raw,3893,4.6714,-0.6235,1.9048
42.858,raw,3909,4.5187,-0.4056,1.9002
42.858,raw,3925,4.4021,-0.2079,1.8967
42.858,raw,3942,4.2554,-0.0104,1.8927
42.858,raw,3958,4.1614,0.1616,1.8903
42.858,raw,3974,4.4267,0.3417,1.8970
42.858,raw,3990,4.7507,0.5525,1.9054
42.858,raw,4006,5.1500,0.8055,1.9159
42.858,raw,4022,-18.4823,-3.0486,2.7293
42.858,raw,4038,-13.9665,-8.0386,2.6027
42.858,raw,4054,4.7504,-0.7651,2.0090
42.858,raw,4070,4.6301,-0.5424,2.0013
42.858,raw,4086,4.4603,-0.3281,1.9917
42.858,raw,4102,4.3581,-0.1370,1.9858
42.858,raw,4119,4.2146,0.0553,1.9784
42.858,raw,4135,4.2196,0.2255,1.9786
42.858,raw,4151,4.5457,0.4169,1.9947
42.858,raw,4167,4.8940,0.6420,2.0124
42.858,raw,4183,-18.7693,-2.8127,3.1998
42.858,raw,4199,-13.9519,-8.0303,2.9926
42.858,raw,4215,4.6746,-0.6737,2.1042
42.858,raw,4231,4.5469,-0.4569,2.0925
42.858,raw,4247,4.4274,-0.2557,2.0821
42.858,raw,4263,4.3005,-0.0670,2.0719
42.858,raw,4279,4.1962,0.1087,2.0640
42.858,raw,4296,4.3309,0.2933,2.0738
42.858,raw,4312,4.6712,0.4970,2.0990
42.858,raw,4328,5.0404,0.7373,2.1272
42.858,raw,4344,-19.6049,-0.3147,3.7185
42.858,raw,4360,-19.3042,-1.2213,3.6939
42.858,raw,4376,-19.0327,-2.1094,3.6759
42.858,raw,4392,-18.0658,-2.8685,3.5946
42.858,raw,4408,-18.3031,-3.8030,3.6332
42.858,raw,4424,-18.0190,-4.6428,3.6251
42.858,raw,4440,-17.7645,-5.4855,3.6237
42.858,raw,4456,-17.4577,-6.7215,3.6345
42.858,raw,4473,4.7391,-0.7499,2.2117
42.858,raw,4489,4.5997,-0.5252,2.1946
42.858,raw,4505,4.4606,-0.3167,2.1787
42.858,raw,4521,4.3509,-0.1254,2.1665
42.858,raw,4537,4.2229,0.0550,2.1534
42.858,raw,4553,4.2595,0.2262,2.1568
42.858,raw,4569,4.5241,0.4155,2.1828
42.858,raw,4585,4.8805,0.6406,2.2185
42.858,raw,4601,-17.5884,0.6690,3.5264
42.858,raw,4617,-16.5559,-0.0956,3.8320
42.858,raw,4633,-16.2961,-0.8661,3.8046
42.858,raw,4650,-16.0504,-1.6668,3.7836
42.858,raw,4666,-15.6268,-2.4235,3.7456
42.858,raw,4682,-15.3929,-3.1426,3.7337
42.858,raw,4698,-15.1648,-3.8553,3.7264
42.858,raw,4714,-14.9430,-4.5656,3.7238
42.858,raw,4730,-14.7367,-5.4298,3.7333
42.858,raw,4746,-14.5103,-6.1447,3.7393
42.858,raw,4762,-14.3066,-6.8774,3.7528
42.858,raw,4778,-14.0529,-7.5969,3.7643
42.858,raw,4794,4.2325,0.0441,2.2424
42.858,raw,4810,4.2041,0.2146,2.2389
43.951,raw,0,4.8434,-0.8644,0.9708
43.951,raw,15,4.7049,-0.6449,1.0048
43.951,raw,30,4.5871,-0.4438,1.0330
43.951,raw,45,4.4437,-0.2527,1.0641
43.951,raw,60,4.3368,-0.0777,1.0868
43.951,raw,75,4.2496,0.0870,1.1043
43.951,raw,90,4.4041,0.2508,1.0751
43.951,raw,105,4.6777,0.4369,1.0219
43.951,raw,120,5.0580,0.6601,0.9467
43.951,raw,135,4.7714,-0.7584,1.0925
43.951,raw,150,4.6436,-0.5484,1.1196
43.951,raw,165,4.5061,-0.3511,1.1466
43.951,raw,180,4.4071,-0.1708,1.1658
43.951,raw,195,4.2865,0.0005,1.1872
43.951,raw,210,4.2581,0.1614,1.1923
43.951,raw,225,4.5477,0.3354,1.1440
43.951,raw,240,4.8311,0.5345,1.0953
43.951,raw,255,5.2028,0.7717,1.0303
43.951,raw,270,-5.3592,-6.7534,0.5278
43.951,raw,285,-5.0990,-7.0558,0.5182
43.951,raw,300,-4.8326,-7.4067,0.5012
43.951,raw,315,4.7070,-0.6577,1.2075
43.951,raw,330,4.5808,-0.4547,1.2297
43.951,raw,345,4.4675,-0.2665,1.2488
43.951,raw,360,4.3581,-0.0899,1.2661
43.951,raw,375,4.2284,0.0767,1.2851
43.951,raw,390,4.3652,0.2387,1.2659
43.951,raw,405,4.6658,0.4241,1.2226
43.951,raw,420,4.9947,0.6398,1.1740
43.951,raw,435,-6.0419,-7.2009,0.6526
43.951,raw,450,-5.7498,-7.5153,0.6470
43.951,raw,465,-5.5151,-7.9142,0.6275
43.951,raw,480,-5.2295,-8.2661,0.6137
43.951,raw,495,-4.5403,-7.9940,0.6841
43.951,raw,510,-4.1006,-8.0575,0.7039
43.951,raw,525,-4.3212,-9.3802,0.5564
43.951,raw,540,-3.9699,-9.7202,0.5386
43.951,raw,555,-3.6043,-10.0621,0.5190
43.951,raw,571,4.8280,-0.8220,1.2905
43.951,raw,586,4.6661,-0.6009,1.3141
43.951,raw,601,4.5208,-0.3993,1.3344
43.951,raw,616,4.4405,-0.2185,1.3461
43.951,raw,631,4.3276,-0.0445,1.3606
43.951,raw,646,4.2093,0.1191,1.3749
43.951,raw,661,4.4569,0.2860,1.3458
43.951,raw,676,4.7338,0.4771,1.3124
43.951,raw,691,5.0785,0.7020,1.2698
43.951,raw,706,-6.6379,-7.9576,0.7972
43.951,raw,721,-6.3356,-8.3257,0.7894
43.951,raw,736,-6.0472,-8.7262,0.7765
43.951,raw,751,-5.7510,-9.1380,0.7614
43.951,raw,766,-4.4500,-7.9529,0.9190
43.951,raw,781,-4.0583,-8.0929,0.9262
43.951,raw,796,-4.7120,-10.2910,0.7181
43.951,raw,811,-4.3400,-10.6908,0.6995
43.951,raw,826,-3.9505,-11.0961,0.6791
43.951,raw,841,-3.5911,-11.6472,0.6431
43.951,raw,856,-3.2412,-12.3481,0.5915
43.951,raw,871,-2.8543,-13.1024,0.5339
43.951,raw,886,4.8012,-0.7904,1.3973
43.951,raw,901,4.6582,-0.5751,1.4142
43.951,raw,916,4.5139,-0.3752,1.4302
43.951,raw,931,4.4110,-0.1934,1.4415
43.951,raw,946,4.3056,-0.0218,1.4522
43.951,raw,961,4.1825,0.1401,1.4640
43.951,raw,976,4.4789,0.3094,1.4362
43.951,raw,991,4.7894,0.5061,1.4063
43.951,raw,1006,5.1112,0.7327,1.3744
43.951,raw,1021,-7.7891,-8.2313,0.9843
43.951,raw,1036,-7.4718,-8.6393,0.9791
43.951,raw,1051,-7.1336,-9.0339,0.9739
43.951,raw,1066,-6.8396,-9.4984,0.9616
43.951,raw,1081,-6.4699,-9.8832,0.9553
43.951,raw,1096,-6.1623,-10.3820,0.9385
43.951,raw,1111,-4.1383,-7.9604,1.1539
43.951,raw,1127,-5.4017,-11.3278,0.9082
43.951,raw,1142,-5.0092,-11.8044,0.8906
43.951,raw,1157,-4.5686,-12.2248,0.8763
43.951,raw,1172,-4.1998,-12.8975,0.8422
43.951,raw,1187,-3.8045,-13.6310,0.8031
43.951,raw,1202,-3.4147,-14.5771,0.7480
43.951,raw,1217,-2.9435,-15.4799,0.6953
43.951,raw,1232,-2.4516,-16.6475,0.6229
43.951,raw,1247,-1.8710,-17.8437,0.5476
43.951,raw,1262,4.7489,-0.7159,1.5045
43.951,raw,1277,4.6195,-0.5083,1.5158
43.951,raw,1292,4.4916,-0.3148,1.5264
43.951,raw,1307,4.3609,-0.1340,1.5365
43.951,raw,1322,4.2675,0.0333,1.5435
43.951,raw,1337,4.2848,0.1937,1.5424
43.951,raw,1352,4.5683,0.3711,1.5224
43.951,raw,1367,4.8862,0.5773,1.4995
43.951,raw,1382,-10.8401,-5.3751,1.2238
43.951,raw,1397,-10.5579,-5.8428,1.2256
43.951,raw,1412,-10.2882,-6.3153,1.2257
43.951,raw,1427,-10.1105,-6.8491,1.2197
43.951,raw,1442,-9.8180,-7.3157,1.2186
43.951,raw,1457,-9.5173,-7.7797,1.2168
43.951,raw,1472,-9.2262,-8.2576,1.2133
43.951,raw,1487,-8.9307,-8.7422,1.2085
43.951,raw,1502,-8.5866,-9.1913,1.2055
43.951,raw,1517,-8.2363,-9.6439,1.2013
43.951,raw,1532,-7.8872,-10.1118,1.1955
43.951,raw,1547,-7.5370,-10.5983,1.1880
43.951,raw,1562,-7.1777,-11.0985,1.1791
43.951,raw,1577,-6.8218,-11.6381,1.1674
43.951,raw,1592,-4.0698,-8.0032,1.3737
43.951,raw,1607,-5.9903,-12.6406,1.1464
43.951,raw,1622,-5.5931,-13.2592,1.1290
43.951,raw,1637,-5.1172,-13.7752,1.1160
43.951,raw,1652,-4.7857,-14.7709,1.0791
43.951,raw,1667,-4.3785,-15.7624,1.0421
43.951,raw,1682,-3.9974,-17.1331,0.9869
43.951,raw,1698,-4.3073,-22.4865,0.7466
43.951,raw,1713,-3.5534,-24.0031,0.6853
43.951,raw,1728,-2.5648,-24.6004,0.6650
43.951,raw,1743,-1.5204,-25.0135,0.6512
43.951,raw,1758,-0.4491,-25.4571,0.6340
43.951,raw,1773,0.6570,-25.9199,0.6138
43.951,raw,1788,1.8044,-26.4062,0.5903
43.951,raw,1803,4.8328,-0.8231,1.6003
43.951,raw,1818,4.6817,-0.6037,1.6091
43.951,raw,1833,4.5439,-0.4024,1.6167
43.951,raw,1848,4.4076,-0.2155,1.6238
43.951,raw,1863,4.3288,-0.0446,1.6279
43.951,raw,1878,4.2141,0.1191,1.6334
43.951,raw,1893,4.4350,0.2852,1.6232
43.951,raw,1908,4.7373,0.4774,1.6089
43.951,raw,1923,5.0547,0.6990,1.5935
43.951,raw,1938,24.7158,11.1624,0.5912
43.951,raw,1953,-19.9038,17.9404,0.5658
43.951,raw,1968,-18.9561,15.6905,0.6645
43.951,raw,1983,-18.2120,13.8176,0.7431
43.951,raw,1998,-11.0094,7.8278,1.1681
43.951,raw,2013,-16.9823,10.7379,0.8675
43.951,raw,2028,-16.7254,9.5909,0.9036
43.951,raw,2043,-16.5238,8.5456,0.9337
43.951,raw,2058,-19.1127,-0.4170,1.3658
43.951,raw,2073,-18.2087,-1.2024,1.3849
43.951,raw,2088,-8.4934,-0.9001,1.5990
43.951,raw,2103,-16.5370,-2.5769,1.4181
43.951,raw,2118,-15.9728,-3.2232,1.4278
43.951,raw,2133,-15.4686,-3.8468,1.4356
43.951,raw,2148,-14.9902,-4.4476,1.4424
43.951,raw,2163,-14.5515,-5.0356,1.4476
43.951,raw,2178,-13.7424,-5.4578,1.4612
43.951,raw,2193,-13.3958,-6.0282,1.4634
43.951,raw,2208,-13.0436,-6.5874,1.4652
43.951,raw,2223,-12.6852,-7.1365,1.4666
43.951,raw,2238,-12.0095,-7.4880,1.4756
43.951,raw,2254,-11.6758,-8.0778,1.4748
43.951,raw,2269,-11.1917,-8.5100,1.4781
43.951,raw,2284,-10.9548,-9.1265,1.4739
43.951,raw,2299,-10.5261,-9.5976,1.4745
43.951,raw,2314,-10.2936,-10.2555,1.4684
43.951,raw,2329,-9.9041,-10.7852,1.4662
43.951,raw,2344,-9.4332,-11.2369,1.4659
43.951,raw,2359,-9.1107,-11.8771,1.4597
43.951,raw,2374,-8.6300,-12.3454,1.4579
43.951,raw,2389,-8.3070,-13.0631,1.4491
43.951,raw,2404,-7.8074,-13.5602,1.4458
43.951,raw,2419,-7.4691,-14.3784,1.4339
43.951,raw,2434,-6.9297,-14.8995,1.4293
43.951,raw,2449,-8.2726,-19.7001,1.3208
43.951,raw,2464,-7.7730,-20.9850,1.2989
43.951,raw,2479,-7.3001,-22.6149,1.2687
43.951,raw,2494,-6.6624,-24.1098,1.2416
43.951,raw,2509,-5.9668,-25.8172,1.2094
43.951,raw,2524,-4.9236,-26.4713,1.2004
43.951,raw,2539,-3.8203,-26.9851,1.1936
43.951,raw,2554,-2.7001,-27.6005,1.1836
43.951,raw,2569,-1.5411,-28.2527,1.1717
43.951,raw,2584,-0.3342,-28.9358,1.1580
43.951,raw,2599,0.9240,-29.2744,1.1508
43.951,raw,2614,2.2213,-29.7664,1.1390
43.951,raw,2629,3.5813,-30.3972,1.1228
43.951,raw,2644,5.0133,-31.0687,1.1043
43.951,raw,2659,6.5888,-32.0995,1.0761
43.951,raw,2674,8.4124,-33.7028,1.0332
43.951,raw,2689,4.7030,-0.6569,1.7067
43.951,raw,2704,4.5900,-0.4561,1.7099
43.951,raw,2719,4.4671,-0.2664,1.7132
43.951,raw,2734,4.3287,-0.0881,1.7165
43.951,raw,2749,4.2344,0.0766,1.7187
43.951,raw,2764,4.3611,0.2386,1.7159
43.951,raw,2779,4.6381,0.4222,1.7096
43.951,raw,2794,4.9883,0.6391,1.7015
43.951,raw,2809,26.4846,12.1498,1.1694
43.951,raw,2825,-32.8492,10.8686,1.0258
43.951,raw,2840,-29.5781,8.4037,1.1105
43.951,raw,2855,-27.2970,6.5014,1.1696
43.951,raw,2870,-25.3866,4.8992,1.2180
43.951,raw,2885,-23.8205,3.5335,1.2569
43.951,raw,2900,-22.3643,2.3290,1.2920
43.951,raw,2915,-21.1065,1.2699,1.3214
43.951,raw,2930,-19.9902,0.3250,1.3466
43.951,raw,2945,-17.3703,-1.0906,1.8243
43.951,raw,2960,-15.9701,-1.9536,1.8226
43.951,raw,2975,-17.2691,-3.4871,1.8246
43.951,raw,2990,-32.6524,-8.1242,1.8464
43.951,raw,3005,-31.6153,-9.3559,1.8454
43.951,raw,3020,-30.6506,-10.5535,1.8447
43.951,raw,3035,-29.6868,-11.7029,1.8440
43.951,raw,3050,-14.9234,-6.7038,1.8229
43.951,raw,3065,-27.8478,-13.9136,1.8429
43.951,raw,3080,-25.8849,-14.3932,1.8409
43.951,raw,3095,-26.0869,-16.0372,1.8422
43.951,raw,3110,-25.2301,-17.0805,1.8420
43.951,raw,3125,-24.3751,-18.1108,1.8419
43.951,raw,3140,-23.5277,-19.1383,1.8418
43.951,raw,3155,-22.6879,-20.1702,1.8418
43.951,raw,3170,-21.7626,-21.1261,1.8418
43.951,raw,3185,-20.7708,-22.0117,1.8417
43.951,raw,3200,-19.8082,-22.9239,1.8417
43.951,raw,3215,-18.8626,-23.8635,1.8418
43.951,raw,3230,-17.9150,-24.8201,1.8421
43.951,raw,3245,-16.9560,-25.7915,1.8424
43.951,raw,3260,-15.9856,-26.7885,1.8428
43.951,raw,3275,-14.9641,-27.7543,1.8432
43.951,raw,3290,-13.8107,-28.5237,1.8434
43.951,raw,3305,-12.6491,-29.3108,1.8437
43.951,raw,3320,-11.4696,-30.1097,1.8441
43.951,raw,3335,-10.2570,-30.8937,1.8445
43.951,raw,3350,-9.0341,-31.7456,1.8451
43.951,raw,3365,-7.7754,-32.6192,1.8458
43.951,raw,3381,-6.3238,-33.2749,1.8462
43.951,raw,3396,-4.4782,-31.0656,1.8428
43.951,raw,3411,-3.1880,-31.7609,1.8435
43.951,raw,3426,-1.8500,-32.4411,1.8443
43.951,raw,3441,-0.4631,-33.1590,1.8451
43.951,raw,3456,0.9826,-33.9270,1.8462
43.951,raw,3471,2.4933,-34.6419,1.8472
43.951,raw,3486,4.7356,-0.6882,1.8058
43.951,raw,3501,4.5992,-0.4812,1.8055
43.951,raw,3516,4.4731,-0.2898,1.8053
43.951,raw,3531,4.3530,-0.1115,1.8052
43.951,raw,3546,4.2329,0.0555,1.8050
43.951,raw,3561,4.3119,0.2157,1.8051
43.951,raw,3576,4.5899,0.3956,1.8055
43.951,raw,3591,4.9437,0.6086,1.8060
43.951,raw,3606,-31.7994,-3.3007,2.6062
43.951,raw,3621,-16.4419,-4.7701,2.2384
43.951,raw,3636,-16.7138,-6.7940,2.2611
43.951,raw,3651,-15.5500,-7.8854,2.2458
43.951,raw,3666,-14.0724,-7.9540,2.2142
43.951,raw,3681,-19.6501,-24.6909,2.5932
43.951,raw,3696,4.6896,-0.6543,1.9044
43.951,raw,3711,4.5754,-0.4539,1.9008
43.951,raw,3726,4.4728,-0.2670,1.8977
43.951,raw,3741,4.3333,-0.0884,1.8938
43.951,raw,3756,4.2351,0.0766,1.8913
43.951,raw,3771,4.3434,0.2382,1.8940
43.951,raw,3786,4.6171,0.4208,1.9009
43.951,raw,3801,4.9497,0.6348,1.9096
43.951,raw,3816,-31.8620,-3.4959,3.3732
43.951,raw,3831,-17.5431,-6.1775,2.7245
43.951,raw,3846,-11.4889,-8.6757,2.5198
43.951,raw,3861,4.7648,-0.7697,2.0078
43.951,raw,3876,4.6303,-0.5582,1.9995
43.951,raw,3891,4.5110,-0.3632,1.9924
43.951,raw,3906,4.4158,-0.1827,1.9870
43.951,raw,3921,4.2824,-0.0100,1.9800
43.951,raw,3936,4.1920,0.1506,1.9755
43.951,raw,3952,4.5014,0.3331,1.9907
43.951,raw,3967,4.7957,0.5312,2.0055
43.951,raw,3982,5.1508,0.7647,2.0238
43.951,raw,3997,-26.0905,-14.0114,3.9642
43.951,raw,4012,4.7872,-0.8001,2.1112
43.951,raw,4027,4.6558,-0.5869,2.0989
43.951,raw,4042,4.5277,-0.3886,2.0876
43.951,raw,4057,4.4100,-0.2045,2.0778
43.951,raw,4072,4.3234,-0.0334,2.0708
43.951,raw,4087,4.1956,0.1297,2.0613
43.951,raw,4102,4.4115,0.2954,2.0770
43.951,raw,4117,4.7239,0.4884,2.1002
43.951,raw,4132,5.0875,0.7163,2.1279
43.951,raw,4147,-16.4627,-0.2439,3.4224
43.951,raw,4162,-16.2320,-0.9639,3.4034
43.951,raw,4177,-16.0106,-1.6691,3.3882
43.951,raw,4192,-16.7989,-2.5164,3.4733
43.951,raw,4207,-18.3371,-3.5916,3.6354
43.951,raw,4222,-18.0764,-4.3824,3.6274
43.951,raw,4237,-17.8390,-5.1739,3.6249
43.951,raw,4252,-16.4061,-5.7258,3.5105
43.951,raw,4267,-17.3638,-6.9357,3.6362
43.951,raw,4282,-17.1223,-7.7372,3.6446
43.951,raw,4297,-16.8759,-8.5463,3.6563
43.951,raw,4312,-11.3579,-8.3711,3.1955
43.951,raw,4327,-16.6420,0.3445,3.4391
43.951,raw,4342,-16.7985,-0.3513,3.8658
43.951,raw,4357,-16.5205,-1.0815,3.8371
43.951,raw,4372,-16.1255,-1.7787,3.7980
43.951,raw,4387,-15.4926,-2.6953,3.7392
43.951,raw,4402,-15.2949,-3.3709,3.7318
43.951,raw,4417,-15.0703,-4.0350,3.7246
43.951,raw,4432,-14.8610,-4.6999,3.7228
43.951,raw,4447,-14.6740,-5.5717,3.7355
43.951,raw,4462,-14.4501,-6.2383,3.7402
43.951,raw,4477,-14.2390,-6.9161,3.7505
43.951,raw,4492,-14.0310,-7.6056,3.7653
45.185,raw,0,4.8678,-0.8656,0.9660
45.185,raw,14,4.7291,-0.6571,0.9997
45.185,raw,28,4.6087,-0.4657,1.0282
45.185,raw,42,4.4992,-0.2875,1.0530
45.185,raw,56,4.3690,-0.1182,1.0803
45.185,raw,71,4.2772,0.0492,1.0991
45.185,raw,85,4.3206,0.1996,1.0911
45.185,raw,99,4.5866,0.3655,1.0401
45.185,raw,113,4.8790,0.5560,0.9826
45.185,raw,128,4.8599,-0.8637,1.0743
45.185,raw,142,4.7039,-0.6522,1.1066
45.185,raw,156,4.6090,-0.4658,1.1272
45.185,raw,170,4.4827,-0.2857,1.1516
45.185,raw,184,4.3763,-0.1187,1.1715
45.185,raw,199,4.2814,0.0491,1.1884
45.185,raw,213,4.3216,0.1996,1.1819
45.185,raw,227,4.5885,0.3656,1.1373
45.185,raw,241,4.8834,0.5564,1.0867
45.185,raw,256,-5.7453,-6.6441,0.5021
45.185,raw,270,4.7833,-0.7563,1.1941
45.185,raw,284,4.6649,-0.5592,1.2156
45.185,raw,298,4.5560,-0.3756,1.2346
45.185,raw,312,4.4341,-0.2014,1.2543
45.185,raw,327,4.3234,-0.0280,1.2714
45.185,raw,341,4.2311,0.1245,1.2849
45.185,raw,355,4.4537,0.2798,1.2535
45.185,raw,369,4.7281,0.4573,1.2138
45.185,raw,384,5.0503,0.6765,1.1659
45.185,raw,398,-6.1993,-7.4344,0.6192
45.185,raw,412,-5.9501,-7.7749,0.6079
45.185,raw,426,-5.7335,-8.1726,0.5872
45.185,raw,440,-5.4729,-8.5332,0.5710
45.185,raw,455,-5.1847,-8.9300,0.5510
45.185,raw,469,-4.1402,-7.9844,0.7080
45.185,raw,483,-4.5925,-9.6603,0.5119
45.185,raw,497,4.7892,-0.7448,1.2967
45.185,raw,512,4.6363,-0.5301,1.3188
45.185,raw,526,4.5248,-0.3483,1.3347
45.185,raw,540,4.4200,-0.1777,1.3489
45.185,raw,554,4.3205,-0.0170,1.3617
45.185,raw,568,4.2209,0.1351,1.3737
45.185,raw,583,4.4800,0.3033,1.3432
45.185,raw,597,4.7662,0.4844,1.3087
45.185,raw,611,5.0886,0.6942,1.2690
45.185,raw,625,-6.8913,-8.1636,0.7666
45.185,raw,640,-6.6049,-8.5729,0.7551
45.185,raw,654,-6.3395,-8.9748,0.7411
45.185,raw,668,-6.0736,-9.3987,0.7237
45.185,raw,682,-5.7481,-9.7584,0.7127
45.185,raw,696,-4.1600,-7.9647,0.9310
45.185,raw,711,-5.0960,-10.6204,0.6738
45.185,raw,725,-4.7690,-11.0727,0.6499
45.185,raw,739,-4.4174,-11.5227,0.6252
45.185,raw,753,-4.0473,-11.9863,0.5982
45.185,raw,768,-3.7224,-12.7861,0.5384
45.185,raw,782,4.8407,-0.8462,1.3925
45.185,raw,796,4.7170,-0.6424,1.4076
45.185,raw,810,4.5949,-0.4518,1.4217
45.185,raw,824,4.4685,-0.2727,1.4354
45.185,raw,839,4.3716,-0.0964,1.4458
45.185,raw,853,4.2698,0.0601,1.4559
45.185,raw,867,4.3342,0.2107,1.4500
45.185,raw,881,4.5851,0.3770,1.4262
45.185,raw,896,4.9319,0.5863,1.3927
45.185,raw,910,-8.1649,-8.0886,0.9721
45.185,raw,924,-7.9030,-8.5112,0.9645
45.185,raw,938,-7.6435,-8.9509,0.9546
45.185,raw,952,-7.3690,-9.3917,0.9440
45.185,raw,967,-7.0458,-9.8500,0.9331
45.185,raw,981,-6.7352,-10.2879,0.9213
45.185,raw,995,-6.4625,-10.8120,0.9017
45.185,raw,1009,-4.1758,-7.9383,1.1533
45.185,raw,1024,-5.7540,-11.7913,0.8679
45.185,raw,1038,-5.3576,-12.2219,0.8536
45.185,raw,1052,-5.0026,-12.7935,0.8278
45.185,raw,1066,-4.6391,-13.4298,0.7965
45.185,raw,1080,-4.2809,-14.1985,0.7550
45.185,raw,1095,-3.9248,-15.3153,0.6887
45.185,raw,1109,-3.4920,-16.2661,0.6331
45.185,raw,1123,-3.0629,-17.5652,0.5521
45.185,raw,1137,4.7756,-0.7293,1.5024
45.185,raw,1152,4.6393,-0.5185,1.5143
45.185,raw,1166,4.4923,-0.3327,1.5262
45.185,raw,1180,4.4014,-0.1650,1.5336
45.185,raw,1194,4.2776,-0.0044,1.5428
45.185,raw,1208,4.2471,0.1456,1.5451
45.185,raw,1223,4.4903,0.3150,1.5281
45.185,raw,1237,4.8008,0.4995,1.5059
45.185,raw,1251,5.1203,0.7113,1.4825
45.185,raw,1265,-10.6361,-5.6101,1.2271
45.185,raw,1280,-10.5011,-6.1577,1.2206
45.185,raw,1294,-10.2556,-6.6081,1.2197
45.185,raw,1308,-10.0476,-7.0872,1.2157
45.185,raw,1322,-9.7965,-7.5440,1.2130
45.185,raw,1336,-9.5930,-8.0467,1.2063
45.185,raw,1351,-9.2813,-8.5215,1.2032
45.185,raw,1365,-9.0317,-9.0126,1.1964
45.185,raw,1379,-8.7635,-9.5031,1.1893
45.185,raw,1393,-8.4545,-9.9677,1.1834
45.185,raw,1408,-8.1308,-10.4948,1.1746
45.185,raw,1422,-7.8394,-11.0273,1.1637
45.185,raw,1436,-7.5102,-11.5406,1.1535
45.185,raw,1450,-7.1955,-12.1122,1.1397
45.185,raw,1465,-4.2339,-8.2021,1.3618
45.185,raw,1479,-6.4331,-13.2631,1.1116
45.185,raw,1493,-6.0682,-13.9166,1.0923
45.185,raw,1507,-5.6216,-14.4669,1.0777
45.185,raw,1521,-5.3114,-15.4562,1.0411
45.185,raw,1536,-6.3760,-21.0183,0.7861
45.185,raw,1550,-5.8347,-22.3952,0.7334
45.185,raw,1564,-5.3256,-24.3110,0.6549
45.185,raw,1578,-4.4865,-25.2838,0.6198
45.185,raw,1593,-3.4491,-25.8906,0.6008
45.185,raw,1607,-2.4520,-26.5073,0.5789
45.185,raw,1621,-1.4134,-27.1103,0.5559
45.185,raw,1635,-0.3298,-27.6287,0.5349
45.185,raw,1649,0.7914,-27.9887,0.5191
45.185,raw,1664,4.8240,-0.8036,1.6008
45.185,raw,1678,4.6883,-0.6000,1.6087
45.185,raw,1692,4.5654,-0.4120,1.6156
45.185,raw,1706,4.4508,-0.2368,1.6218
45.185,raw,1721,4.3391,-0.0615,1.6274
45.185,raw,1735,4.2435,0.0926,1.6320
45.185,raw,1749,4.3836,0.2445,1.6256
45.185,raw,1763,4.6598,0.4167,1.6127
45.185,raw,1777,4.9721,0.6160,1.5978
45.185,raw,1792,25.6333,11.6388,0.5445
45.185,raw,1806,-18.1460,20.1097,0.5552
45.185,raw,1820,-17.6198,18.0473,0.6391
45.185,raw,1834,-17.1364,16.2220,0.7122
45.185,raw,1849,-16.5812,14.4191,0.7851
45.185,raw,1863,-16.1336,12.9457,0.8429
45.185,raw,1877,-15.7491,11.6398,0.8922
45.185,raw,1891,-11.0907,7.6749,1.1690
45.185,raw,1905,-14.9802,9.3238,0.9789
45.185,raw,1920,-14.6893,8.2872,1.0136
45.185,raw,1934,-14.4386,7.3941,1.0422
45.185,raw,1948,-15.1114,-0.3630,1.4541
45.185,raw,1962,-14.9586,-0.9841,1.4568
45.185,raw,1977,-8.0770,-0.8558,1.6082
45.185,raw,1991,-14.5441,-2.2298,1.4627
45.185,raw,2005,-14.3974,-2.8275,1.4636
45.185,raw,2019,-14.2122,-3.4138,1.4648
45.185,raw,2033,-14.0436,-4.0011,1.4651
45.185,raw,2048,-13.8604,-4.6296,1.4649
45.185,raw,2062,-13.2806,-5.0639,1.4737
45.185,raw,2076,-13.1280,-5.6453,1.4721
45.185,raw,2090,-12.9601,-6.2271,1.4702
45.185,raw,2105,-12.7636,-6.8515,1.4680
45.185,raw,2119,-12.2662,-7.2631,1.4732
45.185,raw,2133,-12.1176,-7.8743,1.4690
45.185,raw,2147,-11.9274,-8.4763,1.4652
45.185,raw,2161,-11.4904,-8.9114,1.4674
45.185,raw,2176,-11.3640,-9.6487,1.4595
45.185,raw,2190,-11.0116,-10.1661,1.4580
45.185,raw,2204,-10.8641,-10.8909,1.4495
45.185,raw,2218,-10.6000,-11.5398,1.4434
45.185,raw,2233,-10.1850,-12.1232,1.4401
45.185,raw,2247,-9.9871,-12.9231,1.4294
45.185,raw,2261,-9.5888,-13.5202,1.4243
45.185,raw,2275,-9.3787,-14.4283,1.4107
45.185,raw,2289,-10.1049,-16.9331,1.3556
45.185,raw,2304,-9.8392,-18.2265,1.3341
45.185,raw,2318,-9.4715,-19.3698,1.3157
45.185,raw,2332,-9.0528,-20.5655,1.2961
45.185,raw,2346,-8.6214,-21.9210,1.2725
45.185,raw,2361,-8.0769,-23.4311,1.2458
45.185,raw,2375,-7.6486,-25.4019,1.2077
45.185,raw,2389,-7.0500,-27.2845,1.1717
45.185,raw,2403,-6.1002,-28.2515,1.1562
45.185,raw,2417,-5.0127,-28.8110,1.1492
45.185,raw,2432,-3.8279,-29.4886,1.1388
45.185,raw,2446,-2.6829,-30.1177,1.1282
45.185,raw,2460,-1.5003,-30.7908,1.1157
45.185,raw,2474,-0.2727,-31.5732,1.0997
45.185,raw,2489,1.1110,-32.4932,1.0795
45.185,raw,2503,2.4525,-32.9441,1.0684
45.185,raw,2517,3.8402,-33.4329,1.0553
45.185,raw,2531,5.3188,-34.2119,1.0344
45.185,raw,2545,4.7605,-0.7135,1.7052
45.185,raw,2560,4.6147,-0.5025,1.7092
45.185,raw,2574,4.5214,-0.3247,1.7118
45.185,raw,2588,4.4178,-0.1552,1.7145
45.185,raw,2602,4.2842,0.0061,1.7176
45.185,raw,2617,4.2711,0.1669,1.7180
45.185,raw,2631,4.5212,0.3277,1.7124
45.185,raw,2645,4.8082,0.5124,1.7058
45.185,raw,2659,5.1405,0.7272,1.6980
45.185,raw,2673,-23.3597,23.9718,1.0551
45.185,raw,2688,-22.0047,20.7631,1.1257
45.185,raw,2702,-21.1478,18.4338,1.1738
45.185,raw,2716,-20.1042,16.1793,1.2230
45.185,raw,2730,-19.9524,14.7789,1.2441
45.185,raw,2745,-11.1197,7.7413,1.4927
45.185,raw,2759,-18.7101,11.6009,1.3055
45.185,raw,2773,-18.6185,10.5263,1.3189
45.185,raw,2787,-18.1926,9.3408,1.3393
45.185,raw,2801,-17.7879,8.2442,1.3576
45.185,raw,2816,-17.3824,7.1581,1.3750
45.185,raw,2830,-17.3850,6.3395,1.3812
45.185,raw,2844,-17.0145,5.4311,1.3952
45.185,raw,2858,-16.7072,4.5900,1.4067
45.185,raw,2873,-16.3958,3.7389,1.4177
45.185,raw,2887,-16.1143,2.9841,1.4269
45.185,raw,2901,-15.9038,2.2712,1.4338
45.185,raw,2915,-15.6939,1.5825,1.4401
45.185,raw,2930,-15.4886,0.8696,1.4456
45.185,raw,2944,-15.2970,0.2227,1.4502
45.185,raw,2958,-34.3194,-0.9941,1.8473
45.185,raw,2972,-33.6005,-2.3489,1.8464
45.185,raw,2986,-31.7927,-3.5298,1.8441
45.185,raw,3001,-18.7247,-2.8892,1.8264
45.185,raw,3015,-31.3899,-6.2134,1.8441
45.185,raw,3029,-30.7448,-7.4056,1.8436
45.185,raw,3043,-30.0816,-8.5637,1.8432
45.185,raw,3058,-29.3717,-9.7746,1.8427
45.185,raw,3072,-28.7305,-10.8885,1.8424
45.185,raw,3086,-28.1108,-11.9933,1.8422
45.185,raw,3100,-27.5036,-13.0917,1.8420
45.185,raw,3114,-26.1198,-13.7772,1.8408
45.185,raw,3129,-26.2287,-15.3385,1.8419
45.185,raw,3143,-25.6218,-16.4275,1.8420
45.185,raw,3157,-24.9801,-17.4992,1.8421
45.185,raw,3171,-24.3771,-18.6083,1.8423
45.185,raw,3186,-23.7049,-19.7967,1.8426
45.185,raw,3200,-23.0866,-20.9384,1.8429
45.185,raw,3214,-22.4302,-22.0766,1.8433
45.185,raw,3228,-21.7570,-23.2344,1.8438
45.185,raw,3242,-21.0851,-24.4392,1.8444
45.185,raw,3257,-20.3605,-25.7900,1.8451
45.185,raw,3271,-19.6412,-27.0704,1.8459
45.185,raw,3285,-18.9184,-28.4314,1.8469
45.185,raw,3299,-18.1165,-29.7746,1.8478
45.185,raw,3314,4.7277,-0.6693,1.8058
45.185,raw,3328,4.6176,-0.4790,1.8056
45.185,raw,3342,4.5078,-0.3000,1.8054
45.185,raw,3356,4.3823,-0.1302,1.8052
45.185,raw,3370,4.2915,0.0273,1.8051
45.185,raw,3385,4.2955,0.1885,1.8051
45.185,raw,3399,4.5605,0.3525,1.8054
45.185,raw,3413,4.8419,0.5401,1.8058
45.185,raw,3427,5.1848,0.7598,1.8063
45.185,raw,3442,-17.8119,-0.9809,2.2560
45.185,raw,3456,-17.4730,-2.0051,2.2499
45.185,raw,3470,-17.5655,-3.7303,2.2592
45.185,raw,3484,-16.4271,-4.6792,2.2375
45.185,raw,3498,-14.7501,-5.5678,2.2048
45.185,raw,3513,-14.5575,-6.2509,2.2067
45.185,raw,3527,-14.3494,-6.9353,2.2089
45.185,raw,3541,-14.1422,-7.5764,2.2114
45.185,raw,3555,-11.2777,-8.4878,2.1630
45.185,raw,3570,4.8129,-0.8011,1.9081
45.185,raw,3584,4.6787,-0.5983,1.9039
45.185,raw,3598,4.5625,-0.4116,1.9003
45.185,raw,3612,4.4539,-0.2371,1.8971
45.185,raw,3626,4.3516,-0.0731,1.8943
45.185,raw,3641,4.2344,0.0927,1.8912
45.185,raw,3655,4.3908,0.2446,1.8951
45.185,raw,3669,4.6672,0.4172,1.9021
45.185,raw,3683,4.9714,0.6159,1.9101
45.185,raw,3698,-31.8369,-3.6291,3.3728
45.185,raw,3712,-26.0978,-13.8633,3.2523
45.185,raw,3726,-19.9251,-24.0874,3.3305
45.185,raw,3740,4.8068,-0.7741,2.0099
45.185,raw,3754,4.6675,-0.5718,2.0014
45.185,raw,3769,4.5321,-0.3724,1.9935
45.185,raw,3783,4.4261,-0.2007,1.9875
45.185,raw,3797,4.3381,-0.0396,1.9827
45.185,raw,3811,4.2265,0.1140,1.9771
45.185,raw,3826,4.4527,0.2798,1.9881
45.185,raw,3840,4.7045,0.4556,2.0007
45.185,raw,3854,5.0356,0.6618,2.0176
45.185,raw,3868,-14.7035,-5.3513,2.9635
45.185,raw,3882,-11.3438,-8.5361,2.8568
45.185,raw,3897,-19.4520,-0.6208,3.7084
45.185,raw,3911,-19.2159,-1.4101,3.6903
45.185,raw,3925,-18.9506,-2.1819,3.6724
45.185,raw,3939,-17.0592,-2.6784,3.5004
45.185,raw,3954,-18.2616,-3.7101,3.6309
45.185,raw,3968,-18.0335,-4.4497,3.6252
45.185,raw,3982,-17.7927,-5.1819,3.6212
45.185,raw,3996,-17.5210,-5.9015,3.6169
45.185,raw,4010,-17.3462,-6.8328,3.6315
45.185,raw,4025,-17.1006,-7.6296,3.6390
45.185,raw,4039,-16.8756,-8.3836,3.6499
45.185,raw,4053,-16.1084,-8.8564,3.6055
45.185,raw,4067,-17.6364,0.5470,3.5343
45.185,raw,4082,-16.4644,-0.1627,3.8257
45.185,raw,4096,-16.2518,-0.8362,3.8035
45.185,raw,4110,-16.0364,-1.4954,3.7841
45.185,raw,4124,-16.6388,-2.2571,3.8661
45.185,raw,4138,-15.4268,-2.7945,3.7339
45.185,raw,4153,-15.2282,-3.4675,3.7270
45.185,raw,4167,-15.0286,-4.0883,3.7219
45.185,raw,4181,-14.8222,-4.7045,3.7190
45.185,raw,4195,-14.6439,-5.5281,3.7308
45.185,raw,4210,-14.4360,-6.1995,3.7374
45.185,raw,4224,-14.2377,-6.8301,3.7466
45.185,raw,4238,-14.0346,-7.4664,3.7586
45.185,raw,4252,-13.8273,-8.1109,3.7739
46.301,raw,0,4.8289,-0.7966,0.9638
46.301,raw,14,4.7043,-0.5902,0.9949
46.301,raw,29,4.5362,-0.3784,1.0329
46.301,raw,43,4.4361,-0.2024,1.0558
46.301,raw,58,4.3381,-0.0251,1.0771
46.301,raw,73,4.2322,0.1430,1.0984
46.301,raw,87,4.3156,0.2944,1.0828
46.301,raw,102,4.6019,0.4762,1.0277
46.301,raw,116,4.9027,0.6725,0.9683
46.301,raw,131,4.7982,-0.7503,1.0777
46.301,raw,146,4.6469,-0.5297,1.1093
46.301,raw,160,4.5338,-0.3425,1.1325
46.301,raw,175,4.4120,-0.1544,1.1561
46.301,raw,189,4.3179,0.0092,1.1735
46.301,raw,204,4.2070,0.1755,1.1927
46.301,raw,219,4.4255,0.3414,1.1567
46.301,raw,233,4.6576,0.5156,1.1172
46.301,raw,248,5.0054,0.7352,1.0572
46.301,raw,262,-5.5056,-6.5054,0.5357
46.301,raw,277,-5.3204,-6.8935,0.5112
46.301,raw,292,4.8060,-0.7521,1.1821
46.301,raw,306,4.6562,-0.5437,1.2086
46.301,raw,321,4.5319,-0.3423,1.2303
46.301,raw,335,4.4102,-0.1655,1.2502
46.301,raw,350,4.2996,0.0103,1.2676
46.301,raw,365,4.2022,0.1755,1.2821
46.301,raw,379,4.3548,0.3283,1.2606
46.301,raw,394,4.6415,0.5145,1.2192
46.301,raw,408,4.9701,0.7183,1.1708
46.301,raw,423,-6.0789,-7.1477,0.6505
46.301,raw,438,-5.8111,-7.4934,0.6401
46.301,raw,452,-5.6352,-7.9271,0.6131
46.301,raw,467,-5.3756,-8.3263,0.5930
46.301,raw,481,-5.1223,-8.7078,0.5722
46.301,raw,496,-4.1653,-7.9497,0.7050
46.301,raw,511,-4.5142,-9.5134,0.5259
46.301,raw,525,4.8271,-0.7700,1.2843
46.301,raw,540,4.6572,-0.5439,1.3090
46.301,raw,554,4.5505,-0.3568,1.3248
46.301,raw,569,4.4224,-0.1668,1.3422
46.301,raw,584,4.2999,0.0103,1.3581
46.301,raw,598,4.2101,0.1648,1.3692
46.301,raw,613,4.3731,0.3288,1.3501
46.301,raw,627,4.6423,0.5026,1.3179
46.301,raw,642,4.9832,0.7197,1.2762
46.301,raw,657,-6.7180,-7.7707,0.8021
46.301,raw,671,-6.5536,-8.2510,0.7785
46.301,raw,686,-6.2847,-8.6827,0.7627
46.301,raw,700,-6.0309,-9.1061,0.7449
46.301,raw,715,-5.7069,-9.5115,0.7304
46.301,raw,730,-4.2031,-7.9070,0.9297
46.301,raw,744,-5.1054,-10.4340,0.6844
46.301,raw,759,-4.7473,-10.8919,0.6613
46.301,raw,773,-4.4175,-11.3815,0.6324
46.301,raw,788,-4.0383,-11.9192,0.5992
46.301,raw,803,-3.7198,-12.7466,0.5366
46.301,raw,817,4.7785,-0.7200,1.3947
46.301,raw,832,4.6473,-0.5052,1.4105
46.301,raw,846,4.5196,-0.3170,1.4249
46.301,raw,861,4.4055,-0.1311,1.4373
46.301,raw,876,4.2795,0.0441,1.4501
46.301,raw,890,4.1758,0.1970,1.4601
46.301,raw,905,4.4321,0.3642,1.4362
46.301,raw,919,4.7139,0.5438,1.4092
46.301,raw,934,5.0700,0.7691,1.3744
46.301,raw,949,-7.8301,-8.0457,0.9895
46.301,raw,963,-7.5626,-8.4520,0.9821
46.301,raw,978,-7.3180,-8.9525,0.9676
46.301,raw,992,-7.0360,-9.3792,0.9571
46.301,raw,1007,-6.7638,-9.9028,0.9395
46.301,raw,1022,-6.4470,-10.4004,0.9235
46.301,raw,1036,-4.3244,-7.8466,1.1506
46.301,raw,1051,-4.0234,-8.1425,1.1432
46.301,raw,1065,-5.4667,-11.9584,0.8634
46.301,raw,1080,-5.0967,-12.5719,0.8357
46.301,raw,1095,-4.7159,-13.2564,0.8020
46.301,raw,1109,-4.3803,-14.0737,0.7569
46.301,raw,1124,-4.0371,-15.2153,0.6890
46.301,raw,1138,-3.6369,-16.2818,0.6252
46.301,raw,1153,4.8142,-0.7931,1.4944
46.301,raw,1168,4.6790,-0.5728,1.5067
46.301,raw,1182,4.5601,-0.3820,1.5170
46.301,raw,1197,4.4427,-0.1917,1.5267
46.301,raw,1211,4.3397,-0.0252,1.5348
46.301,raw,1226,4.2325,0.1430,1.5427
46.301,raw,1241,4.3431,0.3059,1.5351
46.301,raw,1255,4.6117,0.4768,1.5161
46.301,raw,1270,4.9216,0.6873,1.4936
46.301,raw,1284,-12.6992,13.4917,0.5084
46.301,raw,1299,-10.2911,-5.0023,1.2540
46.301,raw,1314,-10.0805,-5.4761,1.2527
46.301,raw,1328,-9.9179,-5.9421,1.2487
46.301,raw,1343,-9.7925,-6.4836,1.2405
46.301,raw,1357,-9.5934,-6.9488,1.2361
46.301,raw,1372,-9.3974,-7.4728,1.2290
46.301,raw,1387,-9.1634,-7.9835,1.2226
46.301,raw,1401,-8.9271,-8.4597,1.2163
46.301,raw,1416,-8.6851,-9.0001,1.2072
46.301,raw,1430,-8.4295,-9.4963,1.1989
46.301,raw,1445,-8.1309,-10.0254,1.1898
46.301,raw,1460,-7.8265,-10.5770,1.1790
46.301,raw,1474,-7.5417,-11.1244,1.1666
46.301,raw,1489,-7.2404,-11.7634,1.1502
46.301,raw,1503,-4.2564,-7.8379,1.3737
46.301,raw,1518,-3.9876,-8.1917,1.3656
46.301,raw,1533,-6.1607,-13.6769,1.0981
46.301,raw,1547,-5.7427,-14.2746,1.0812
46.301,raw,1562,-5.4152,-15.3277,1.0424
46.301,raw,1576,-6.6449,-21.1036,0.7760
46.301,raw,1591,-6.1150,-22.7684,0.7108
46.301,raw,1606,-5.5589,-24.8578,0.6253
46.301,raw,1620,-4.6785,-25.7518,0.5942
46.301,raw,1635,-3.6248,-26.4081,0.5731
46.301,raw,1649,-2.6122,-27.0990,0.5481
46.301,raw,1664,-1.4790,-27.8815,0.5174
46.301,raw,1679,4.7702,-0.7053,1.6013
46.301,raw,1693,4.6552,-0.5066,1.6082
46.301,raw,1708,4.5169,-0.3049,1.6158
46.301,raw,1722,4.4132,-0.1318,1.6214
46.301,raw,1737,4.2954,0.0433,1.6273
46.301,raw,1752,4.1889,0.2075,1.6323
46.301,raw,1766,4.4390,0.3644,1.6208
46.301,raw,1781,4.7537,0.5590,1.6060
46.301,raw,1795,5.0635,0.7683,1.5911
46.301,raw,1810,-16.0090,20.6626,0.6042
46.301,raw,1825,-15.6504,18.5441,0.6884
46.301,raw,1839,-15.1931,16.6444,0.7662
46.301,raw,1854,-14.9245,15.0301,0.8268
46.301,raw,1868,-14.6813,13.6664,0.8770
46.301,raw,1883,-14.3445,12.2681,0.9299
46.301,raw,1898,-14.0487,11.0228,0.9753
46.301,raw,1912,-13.7983,9.9703,1.0123
46.301,raw,1927,-11.4060,7.6103,1.1622
46.301,raw,1941,-13.3703,8.0732,1.0745
46.301,raw,1956,-13.0737,7.1509,1.1063
46.301,raw,1971,-13.2685,0.0319,1.4960
46.301,raw,1985,-13.1379,-0.5159,1.4985
46.301,raw,2000,-8.1860,-0.6225,1.6073
46.301,raw,2014,-8.1562,-0.9731,1.6070
46.301,raw,2029,-12.6625,-2.1810,1.5046
46.301,raw,2044,-12.5123,-2.7385,1.5054
46.301,raw,2058,-12.3517,-3.2515,1.5061
46.301,raw,2073,-12.1841,-3.8006,1.5062
46.301,raw,2087,-11.8912,-4.2642,1.5090
46.301,raw,2102,-11.7523,-4.8216,1.5074
46.301,raw,2117,-11.6211,-5.3906,1.5051
46.301,raw,2131,-11.4901,-5.9277,1.5025
46.301,raw,2146,-11.3542,-6.5190,1.4989
46.301,raw,2160,-11.0987,-7.0066,1.4982
46.301,raw,2175,-10.8851,-7.5747,1.4953
46.301,raw,2190,-10.5999,-8.1047,1.4936
46.301,raw,2204,-10.5310,-8.7693,1.4858
46.301,raw,2219,-10.2720,-9.3603,1.4817
46.301,raw,2233,-10.2202,-10.1167,1.4711
46.301,raw,2248,-10.0135,-10.8314,1.4632
46.301,raw,2263,-9.6907,-11.4622,1.4577
46.301,raw,2277,-9.5766,-12.3165,1.4448
46.301,raw,2292,-9.2391,-13.0286,1.4369
46.301,raw,2306,-9.1252,-14.0432,1.4200
46.301,raw,2321,-8.7565,-14.8612,1.4093
46.301,raw,2336,-9.8188,-18.3429,1.3311
46.301,raw,2350,-9.4519,-19.5138,1.3120
46.301,raw,2365,-9.0697,-20.9836,1.2864
46.301,raw,2379,-8.6455,-22.4335,1.2607
46.301,raw,2394,-8.2710,-24.5300,1.2203
46.301,raw,2409,-7.7194,-26.5930,1.1809
46.301,raw,2423,-7.0448,-28.4647,1.1452
46.301,raw,2438,-5.9020,-29.2272,1.1348
46.301,raw,2452,-4.7947,-29.9329,1.1242
46.301,raw,2467,-3.5712,-30.7521,1.1104
46.301,raw,2482,-2.2926,-31.5860,1.0952
46.301,raw,2496,-1.0453,-32.4072,1.0790
46.301,raw,2511,0.3590,-33.3093,1.0599
46.301,raw,2525,1.7454,-34.3217,1.0370
46.301,raw,2540,4.7788,-0.6944,1.7035
46.301,raw,2555,4.6045,-0.4733,1.7082
46.301,raw,2569,4.5134,-0.2927,1.7108
46.301,raw,2584,4.3547,-0.1041,1.7147
46.301,raw,2598,4.2846,0.0547,1.7165
46.301,raw,2613,4.2219,0.2180,1.7180
46.301,raw,2628,4.4702,0.3883,1.7124
46.301,raw,2642,4.7636,0.5721,1.7057
46.301,raw,2657,5.1219,0.8022,1.6973
46.301,raw,2671,-20.8804,25.9259,1.0622
46.301,raw,2686,-19.8917,22.6932,1.1304
46.301,raw,2701,-19.3639,20.3011,1.1767
46.301,raw,2715,-18.6140,18.0488,1.2232
46.301,raw,2730,-18.0847,16.1147,1.2604
46.301,raw,2744,-17.3229,14.2631,1.2993
46.301,raw,2759,-16.8810,12.7402,1.3273
46.301,raw,2774,-11.0573,7.8150,1.4948
46.301,raw,2788,-15.8304,10.0301,1.3796
46.301,raw,2803,-15.5518,8.9445,1.3968
46.301,raw,2817,-15.2491,7.9766,1.4126
46.301,raw,2832,-14.9912,7.0368,1.4265
46.301,raw,2847,-14.7674,6.1670,1.4384
46.301,raw,2861,-14.8065,5.4835,1.4428
46.301,raw,2876,-14.5861,4.6907,1.4527
46.301,raw,2890,-14.3942,3.9893,1.4609
46.301,raw,2905,-14.1864,3.2700,1.4689
46.301,raw,2920,-13.9983,2.5843,1.4757
46.301,raw,2934,-13.8179,1.9669,1.4816
46.301,raw,2949,-13.6377,1.3292,1.4870
46.301,raw,2963,-13.4865,0.7524,1.4910
46.301,raw,2978,-21.3511,0.1677,1.8296
46.301,raw,2993,-21.5204,-0.7831,1.8299
46.301,raw,3007,-21.6375,-1.6836,1.8301
46.301,raw,3022,-8.5150,-0.9437,1.8123
46.301,raw,3036,-21.9620,-3.6165,1.8309
46.301,raw,3051,-22.1401,-4.6600,1.8314
46.301,raw,3066,-22.3197,-5.7391,1.8320
46.301,raw,3080,-22.5191,-6.7922,1.8326
46.301,raw,3095,-22.7220,-7.9639,1.8334
46.301,raw,3109,-22.9554,-9.1236,1.8342
46.301,raw,3124,-15.0458,-6.7616,1.8231
46.301,raw,3139,-24.6050,-12.3866,1.8381
46.301,raw,3153,-24.3174,-13.5197,1.8384
46.301,raw,3168,-23.9028,-14.6998,1.8388
46.301,raw,3182,-23.5942,-15.8780,1.8393
46.301,raw,3197,-23.2183,-17.1514,1.8398
46.301,raw,3212,-22.8408,-18.4731,1.8405
46.301,raw,3226,-22.4628,-19.7392,1.8412
46.301,raw,3241,-21.9913,-21.0998,1.8420
46.301,raw,3255,-21.4850,-22.3677,1.8427
46.301,raw,3270,-20.9224,-23.7783,1.8436
46.301,raw,3285,-19.5159,-24.2494,1.8428
46.301,raw,3299,-19.7496,-26.6751,1.8456
46.301,raw,3314,-19.0791,-28.2621,1.8468
46.301,raw,3328,4.8240,-0.7824,1.8060
46.301,raw,3343,4.6833,-0.5612,1.8058
46.301,raw,3358,4.5514,-0.3569,1.8055
46.301,raw,3372,4.4295,-0.1789,1.8053
46.301,raw,3387,4.2949,-0.0004,1.8051
46.301,raw,3401,4.1908,0.1545,1.8050
46.301,raw,3416,4.3693,0.3175,1.8052
46.301,raw,3431,4.6747,0.5047,1.8057
46.301,raw,3445,4.9945,0.7079,1.8061
46.301,raw,3460,-24.5335,23.4320,1.8462
46.301,raw,3474,-23.3625,20.6248,1.8425
46.301,raw,3489,-23.1137,18.7118,1.8406
46.301,raw,3504,-22.8472,16.9319,1.8389
46.301,raw,3518,-22.2346,15.1485,1.8368
46.301,raw,3533,-21.5019,13.3470,1.8347
46.301,raw,3547,-20.8581,11.8248,1.8329
46.301,raw,3562,-20.7004,10.5820,1.8320
46.301,raw,3577,-20.5705,9.4157,1.8311
46.301,raw,3591,-20.4537,8.3780,1.8305
46.301,raw,3606,-20.3237,7.3100,1.8298
46.301,raw,3620,-20.3969,6.4088,1.8295
46.301,raw,3635,-20.5477,5.4781,1.8294
46.301,raw,3650,-20.7085,4.5564,1.8293
46.301,raw,3664,-20.8150,3.6913,1.8293
46.301,raw,3679,-20.9645,2.7716,1.8293
46.301,raw,3693,-21.0891,1.9089,1.8293
46.301,raw,3708,-21.2271,0.9795,1.8295
46.301,raw,3723,-18.1725,-0.3605,2.2630
46.301,raw,3737,-31.9721,-3.9930,2.6115
46.301,raw,3752,-15.8850,-6.2505,2.2367
46.301,raw,3766,-25.7973,-14.0444,2.5415
46.301,raw,3781,-19.5305,-24.2672,2.5842
46.301,raw,3796,4.7299,-0.6331,1.9068
46.301,raw,3810,4.5874,-0.4342,1.9025
46.301,raw,3825,4.4707,-0.2408,1.8990
46.301,raw,3839,4.3571,-0.0709,1.8957
46.301,raw,3854,4.2541,0.0993,1.8930
46.301,raw,3869,4.2923,0.2613,1.8938
46.301,raw,3883,4.5303,0.4255,1.8999
46.301,raw,3898,4.8348,0.6280,1.9077
46.301,raw,3912,-16.8291,0.7777,2.2297
46.301,raw,3927,-18.7140,-2.8336,2.7386
46.301,raw,3942,-13.9021,-8.0788,2.6021
46.301,raw,3956,4.7981,-0.7633,2.0125
46.301,raw,3971,4.6578,-0.5440,2.0037
46.301,raw,3985,4.5153,-0.3517,1.9954
46.301,raw,4000,4.4112,-0.1656,1.9894
46.301,raw,4015,4.3028,0.0101,1.9835
46.301,raw,4029,4.2076,0.1648,1.9786
46.301,raw,4044,4.3965,0.3294,1.9878
46.301,raw,4058,4.6603,0.5038,2.0009
46.301,raw,4073,5.0090,0.7225,2.0185
46.301,raw,4088,-26.1164,-13.8238,3.9594
46.301,raw,4102,4.4661,-0.2403,2.0861
46.301,raw,4117,4.3438,-0.0587,2.0762
46.301,raw,4131,4.2456,0.0996,2.0685
46.301,raw,4146,4.2906,0.2613,2.0716
46.301,raw,4161,4.5736,0.4393,2.0923
46.301,raw,4175,-16.6393,-8.9475,3.6535
46.301,raw,4190,-16.4849,-0.0629,3.8222
46.301,raw,4204,-16.3133,-0.7378,3.8048
46.301,raw,4219,-16.0775,-1.4438,3.7835
46.301,raw,4234,-16.6124,-2.2470,3.8583
46.301,raw,4248,-15.4579,-2.7400,3.7323
46.301,raw,4263,-15.2391,-3.4077,3.7230
46.301,raw,4277,-15.0394,-4.0271,3.7180
46.301,raw,4292,-14.8478,-4.6951,3.7188
46.301,raw,4307,-14.6689,-5.4692,3.7290
46.301,raw,4321,-14.4691,-6.0926,3.7343
46.301,raw,4336,-14.2542,-6.7660,3.7438
46.301,raw,4350,-14.0525,-7.4022,3.7561
46.301,raw,4365,-13.8353,-8.0953,3.7733
47.449,raw,0,4.8178,-0.7706,0.9591
47.449,raw,15,4.6462,-0.5416,0.9998
47.449,raw,30,4.5019,-0.3350,1.0330
47.449,raw,46,4.3928,-0.1356,1.0580
47.449,raw,61,4.2837,0.0409,1.0811
47.449,raw,77,4.1591,0.2179,1.1057
47.449,raw,92,4.3612,0.3834,1.0674
47.449,raw,108,4.6891,0.5884,1.0036
47.449,raw,123,5.0370,0.8144,0.9343
47.449,raw,138,4.6953,-0.6141,1.0922
47.449,raw,154,4.5526,-0.3905,1.1219
47.449,raw,169,4.4347,-0.1975,1.1453
47.449,raw,185,4.2961,-0.0040,1.1709
47.449,raw,200,4.1840,0.1643,1.1906
47.449,raw,216,4.2896,0.3372,1.1733
47.449,raw,231,4.5690,0.5199,1.1263
47.449,raw,246,4.9286,0.7363,1.0645
47.449,raw,262,-5.2516,-6.1501,0.5965
47.449,raw,277,-5.0359,-6.4714,0.5819
47.449,raw,293,-4.7957,-6.8184,0.5643
47.449,raw,308,-4.5660,-7.1570,0.5443
47.449,raw,324,-4.2986,-7.5094,0.5231
47.449,raw,339,-4.0358,-7.8454,0.5010
47.449,raw,355,4.6684,-0.5583,1.2008
47.449,raw,370,4.5241,-0.3502,1.2257
47.449,raw,385,4.3812,-0.1572,1.2490
47.449,raw,401,4.2866,0.0297,1.2644
47.449,raw,416,4.1732,0.1965,1.2812
47.449,raw,432,4.3584,0.3722,1.2551
47.449,raw,447,4.6329,0.5600,1.2154
47.449,raw,463,5.0076,0.7976,1.1600
47.449,raw,478,-5.6913,-6.7638,0.7137
47.449,raw,493,-5.4596,-7.1184,0.6995
47.449,raw,509,-5.2272,-7.5380,0.6772
47.449,raw,524,-4.9675,-7.8990,0.6600
47.449,raw,540,-4.4034,-7.8358,0.7014
47.449,raw,555,-4.1110,-8.1506,0.6865
47.449,raw,571,-4.0856,-9.1050,0.5892
47.449,raw,586,-3.7831,-9.5356,0.5584
47.449,raw,602,-3.4144,-9.9471,0.5302
47.449,raw,617,4.7850,-0.7236,1.2854
47.449,raw,632,4.6215,-0.4998,1.3093
47.449,raw,648,4.4911,-0.2862,1.3282
47.449,raw,663,4.3411,-0.0967,1.3480
47.449,raw,679,4.2465,0.0866,1.3604
47.449,raw,694,4.1748,0.2497,1.3693
47.449,raw,710,4.4398,0.4316,1.3380
47.449,raw,725,4.7407,0.6295,1.3016
47.449,raw,740,5.1200,0.8652,1.2548
47.449,raw,756,-6.2619,-7.5492,0.8454
47.449,raw,771,-6.0088,-7.9458,0.8320
47.449,raw,787,-5.7450,-8.4027,0.8129
47.449,raw,802,-5.4813,-8.8391,0.7933
47.449,raw,818,-4.3118,-7.8411,0.9290
47.449,raw,833,-4.8513,-9.7138,0.7533
47.449,raw,849,-4.4843,-10.1521,0.7324
47.449,raw,864,-4.1331,-10.5969,0.7082
47.449,raw,879,-3.7669,-11.0688,0.6801
47.449,raw,895,-3.4255,-11.8221,0.6246
47.449,raw,910,-3.0491,-12.5161,0.5730
47.449,raw,926,4.7825,-0.7623,1.3896
47.449,raw,941,4.6525,-0.5428,1.4057
47.449,raw,957,4.5032,-0.3233,1.4227
47.449,raw,972,4.3802,-0.1344,1.4361
47.449,raw,987,4.2691,0.0417,1.4477
47.449,raw,1003,4.1521,0.2180,1.4591
47.449,raw,1018,4.3770,0.3839,1.4381
47.449,raw,1034,4.6771,0.5875,1.4093
47.449,raw,1049,5.0329,0.8139,1.3744
47.449,raw,1065,-7.4136,-7.6567,1.0289
47.449,raw,1080,-7.1780,-8.1129,1.0174
47.449,raw,1096,-6.8538,-8.5382,1.0100
47.449,raw,1111,-6.5862,-9.0013,0.9965
47.449,raw,1126,-6.2762,-9.4343,0.9849
47.449,raw,1142,-5.9670,-9.9624,0.9663
47.449,raw,1157,-4.1819,-7.8861,1.1526
47.449,raw,1173,-5.2680,-10.9564,0.9305
47.449,raw,1188,-4.9199,-11.5004,0.9072
47.449,raw,1204,-4.4699,-11.9743,0.8894
47.449,raw,1219,-4.1356,-12.7335,0.8486
47.449,raw,1234,-3.8228,-13.7403,0.7894
47.449,raw,1250,-3.3787,-14.7169,0.7328
47.449,raw,1265,-2.9245,-15.7906,0.6678
47.449,raw,1281,-2.4025,-17.2695,0.5741
47.449,raw,1296,4.7082,-0.6423,1.5009
47.449,raw,1312,4.5713,-0.4177,1.5131
47.449,raw,1327,4.4457,-0.2220,1.5236
47.449,raw,1342,4.3077,-0.0381,1.5343
47.449,raw,1358,4.1923,0.1426,1.5430
47.449,raw,1373,4.2323,0.3036,1.5403
47.449,raw,1389,4.5446,0.4949,1.5183
47.449,raw,1404,4.8641,0.7039,1.4952
47.449,raw,1420,-12.9938,13.1009,0.5160
47.449,raw,1435,-9.7438,-5.0193,1.2767
47.449,raw,1451,-9.5989,-5.5459,1.2710
47.449,raw,1466,-9.3998,-6.0129,1.2677
47.449,raw,1481,-9.1988,-6.4874,1.2634
47.449,raw,1497,-8.9849,-7.0066,1.2572
47.449,raw,1512,-8.7660,-7.4940,1.2511
47.449,raw,1528,-8.5189,-8.0201,1.2437
47.449,raw,1543,-8.2627,-8.5094,1.2367
47.449,raw,1559,-7.9644,-9.0273,1.2290
47.449,raw,1574,-7.6596,-9.5063,1.2216
47.449,raw,1589,-7.3553,-10.0107,1.2123
47.449,raw,1605,-7.0179,-10.5666,1.2008
47.449,raw,1620,-6.6989,-11.1248,1.1876
47.449,raw,1636,-4.1585,-7.8997,1.3730
47.449,raw,1651,-5.9345,-12.2594,1.1599
47.449,raw,1667,-5.5517,-12.9794,1.1380
47.449,raw,1682,-5.1109,-13.5621,1.1215
47.449,raw,1698,-4.7881,-14.7110,1.0778
47.449,raw,1713,-4.4186,-15.8486,1.0338
47.449,raw,1728,-4.1935,-17.8882,0.9471
47.449,raw,1744,-4.5104,-23.6294,0.6893
47.449,raw,1759,-3.6322,-24.7744,0.6453
47.449,raw,1775,-2.5359,-25.4399,0.6223
47.449,raw,1790,-1.4668,-26.1099,0.5965
47.449,raw,1806,-0.2631,-26.5612,0.5788
47.449,raw,1821,0.9025,-27.1355,0.5529
47.449,raw,1836,2.1251,-27.8062,0.5203
47.449,raw,1852,4.7230,-0.6582,1.6020
47.449,raw,1867,4.5816,-0.4437,1.6101
47.449,raw,1883,4.4560,-0.2348,1.6172
47.449,raw,1898,4.3228,-0.0504,1.6241
47.449,raw,1914,4.2044,0.1315,1.6299
47.449,raw,1929,4.2082,0.2926,1.6298
47.449,raw,1945,4.5112,0.4813,1.6158
47.449,raw,1960,4.8390,0.6887,1.6002
47.449,raw,1975,22.1417,9.6314,0.7253
47.449,raw,1991,-17.1204,22.0245,0.5263
47.449,raw,2006,-16.5804,19.5891,0.6269
47.449,raw,2022,-15.9434,17.2264,0.7256
47.449,raw,2037,-15.4993,15.4030,0.7983
47.449,raw,2053,-15.2305,13.8333,0.8554
47.449,raw,2068,-14.7632,12.3223,0.9156
47.449,raw,2083,-14.3792,11.0104,0.9656
47.449,raw,2099,-11.1280,7.8694,1.1687
47.449,raw,2114,-13.6290,8.6641,1.0529
47.449,raw,2130,-13.3335,7.6500,1.0874
47.449,raw,2145,-13.1295,6.8030,1.1131
47.449,raw,2161,-12.8477,-0.2751,1.5059
47.449,raw,2176,-8.3717,-0.4778,1.6042
47.449,raw,2192,-8.1698,-0.8629,1.6077
47.449,raw,2207,-12.2660,-1.9574,1.5147
47.449,raw,2222,-12.0898,-2.4893,1.5163
47.449,raw,2238,-11.9252,-3.0571,1.5168
47.449,raw,2253,-11.7851,-3.5928,1.5165
47.449,raw,2269,-11.5073,-4.1200,1.5186
47.449,raw,2284,-11.3482,-4.6492,1.5176
47.449,raw,2300,-11.1863,-5.2232,1.5157
47.449,raw,2315,-11.0179,-5.7619,1.5138
47.449,raw,2330,-10.7525,-6.2542,1.5136
47.449,raw,2346,-10.5830,-6.8546,1.5099
47.449,raw,2361,-10.3786,-7.4039,1.5069
47.449,raw,2377,-10.0757,-7.9419,1.5052
47.449,raw,2392,-9.8328,-8.4911,1.5017
47.449,raw,2408,-9.4995,-9.0300,1.4993
47.449,raw,2423,-9.2703,-9.6344,1.4936
47.449,raw,2438,-8.9267,-10.1469,1.4906
47.449,raw,2454,-8.6163,-10.7843,1.4844
47.449,raw,2469,-8.2649,-11.3425,1.4795
47.449,raw,2485,-7.9530,-12.0696,1.4705
47.449,raw,2500,-7.5491,-12.6390,1.4648
47.449,raw,2516,-4.2400,-8.1556,1.5872
47.449,raw,2531,-6.8379,-14.2303,1.4419
47.449,raw,2547,-6.3806,-15.0346,1.4302
47.449,raw,2562,-7.9879,-21.0399,1.2942
47.449,raw,2577,-7.5826,-22.8807,1.2593
47.449,raw,2593,-6.9726,-24.7822,1.2235
47.449,raw,2608,-6.3166,-26.7950,1.1844
47.449,raw,2624,-5.1428,-27.4594,1.1759
47.449,raw,2639,-4.0135,-28.1231,1.1659
47.449,raw,2655,-2.7651,-28.8500,1.1536
47.449,raw,2670,-1.5528,-29.6317,1.1388
47.449,raw,2685,-0.2830,-30.5304,1.1203
47.449,raw,2701,1.1504,-31.3281,1.1027
47.449,raw,2716,2.5485,-31.8437,1.0900
47.449,raw,2732,4.1213,-32.6071,1.0702
47.449,raw,2747,5.7085,-33.5416,1.0451
47.449,raw,2763,4.6907,-0.6005,1.7049
47.449,raw,2778,4.5418,-0.3888,1.7090
47.449,raw,2794,4.4149,-0.1837,1.7124
47.449,raw,2809,4.3009,-0.0043,1.7153
47.449,raw,2824,4.1900,0.1641,1.7179
47.449,raw,2840,4.2975,0.3374,1.7155
47.449,raw,2855,4.5873,0.5211,1.7090
47.449,raw,2871,4.9156,0.7479,1.7013
47.449,raw,2886,-22.4816,27.0451,1.0216
47.449,raw,2902,-21.3100,23.4309,1.0982
47.449,raw,2917,-20.4460,20.6726,1.1550
47.449,raw,2932,-19.3408,17.9927,1.2133
47.449,raw,2948,-18.5047,15.7337,1.2597
47.449,raw,2963,-17.6315,13.7655,1.3016
47.449,raw,2979,-11.0851,8.0811,1.4921
47.449,raw,2994,-16.4112,10.6541,1.3625
47.449,raw,3010,-16.0571,9.4160,1.3831
47.449,raw,3025,-15.6845,8.3201,1.4016
47.449,raw,3041,-15.3238,7.2527,1.4188
47.449,raw,3056,-14.9915,6.3227,1.4335
47.449,raw,3071,-14.9668,5.5575,1.4398
47.449,raw,3087,-14.6454,4.6817,1.4525
47.449,raw,3102,-14.3652,3.9137,1.4628
47.449,raw,3118,-14.0735,3.1399,1.4728
47.449,raw,3133,-13.8449,2.4583,1.4804
47.449,raw,3149,-13.6017,1.7627,1.4877
47.449,raw,3164,-13.3376,1.1348,1.4947
47.449,raw,3179,-13.1370,0.5343,1.4997
47.449,raw,3195,-21.9841,-0.2549,1.8304
47.449,raw,3210,-21.3891,-1.1858,1.8297
47.449,raw,3226,-8.1520,-0.7097,1.8118
47.449,raw,3241,-20.2536,-2.9813,1.8284
47.449,raw,3257,-19.7182,-3.8563,1.8279
47.449,raw,3272,-19.2092,-4.6446,1.8275
47.449,raw,3288,-18.6778,-5.4590,1.8271
47.449,raw,3303,-18.2088,-6.2081,1.8268
47.449,raw,3318,-17.7458,-6.9412,1.8265
47.449,raw,3334,-17.2485,-7.7050,1.8263
47.449,raw,3349,-16.8095,-8.4215,1.8262
47.449,raw,3365,-16.3209,-9.1667,1.8261
47.449,raw,3380,-15.8517,-9.8524,1.8260
47.449,raw,3396,-15.4023,-10.6145,1.8261
47.449,raw,3411,-14.9616,-11.3206,1.8261
47.449,raw,3426,-14.5043,-12.0211,1.8262
47.449,raw,3442,-14.0265,-12.7889,1.8264
47.449,raw,3457,-13.5633,-13.5123,1.8266
47.449,raw,3473,-19.0541,-20.7487,1.8389
47.449,raw,3488,-18.5655,-22.0814,1.8398
47.449,raw,3504,-17.9497,-23.4892,1.8407
47.449,raw,3519,-17.2975,-24.8093,1.8416
47.449,raw,3534,-16.6576,-26.2598,1.8428
47.449,raw,3550,-15.8896,-27.8249,1.8440
47.449,raw,3565,-15.1458,-29.4199,1.8454
47.449,raw,3581,-14.2932,-31.2338,1.8471
47.449,raw,3596,4.7144,-0.6308,1.8059
47.449,raw,3612,4.5689,-0.4052,1.8056
47.449,raw,3627,4.4336,-0.2089,1.8054
47.449,raw,3643,4.3128,-0.0163,1.8052
47.449,raw,3658,4.1995,0.1531,1.8051
47.449,raw,3673,4.2325,0.3144,1.8051
47.449,raw,3689,4.5778,0.5086,1.8056
47.449,raw,3704,4.8860,0.7189,1.8060
47.449,raw,3720,-32.3853,12.6010,1.8475
47.449,raw,3735,-28.3691,9.6954,1.8411
47.449,raw,3751,-27.2173,7.9289,1.8389
47.449,raw,3766,-26.2541,6.4354,1.8372
47.449,raw,3781,-25.3884,5.0718,1.8356
47.449,raw,3797,-24.5500,3.7346,1.8342
47.449,raw,3812,-23.8224,2.5717,1.8331
47.449,raw,3828,-23.0725,1.4119,1.8319
47.449,raw,3843,-22.4261,0.3922,1.8310
47.449,raw,3859,-16.5265,-1.7016,2.2240
47.449,raw,3874,-15.6987,-3.6710,2.2123
47.449,raw,3890,-16.3571,-6.6169,2.2504
47.449,raw,3905,-15.2017,-7.6702,2.2352
47.449,raw,3920,-25.8401,-14.5113,2.5477
47.449,raw,3936,4.7429,-0.7011,1.9085
47.449,raw,3951,4.6003,-0.4836,1.9040
47.449,raw,3967,4.4612,-0.2705,1.8998
47.449,raw,3982,4.3422,-0.0856,1.8963
47.449,raw,3998,4.2396,0.0977,1.8935
47.449,raw,4013,4.1813,0.2604,1.8920
47.449,raw,4028,4.4452,0.4319,1.8986
47.449,raw,4044,4.7871,0.6461,1.9074
47.449,raw,4059,5.1608,0.8842,1.9173
47.449,raw,4075,-14.8326,-4.9406,2.5795
47.449,raw,4090,-11.6487,-8.4061,2.5186
47.449,raw,4106,4.7200,-0.6703,2.0098
47.449,raw,4121,4.5944,-0.4581,2.0019
47.449,raw,4137,4.4564,-0.2465,1.9938
47.449,raw,4152,4.3598,-0.0646,1.9883
47.449,raw,4167,4.2264,0.1091,1.9813
47.449,raw,4183,4.2152,0.2819,1.9806
47.449,raw,4198,4.4775,0.4563,1.9935
47.449,raw,4214,4.8199,0.6742,2.0108
47.449,raw,4229,-15.9795,-1.9265,2.9904
47.449,raw,4245,-13.9171,-8.0361,2.9914
47.449,raw,4260,4.6815,-0.5987,2.1084
47.449,raw,4275,4.5432,-0.3890,2.0959
47.449,raw,4291,4.4044,-0.1826,2.0840
47.449,raw,4306,4.3120,-0.0051,2.0763
47.449,raw,4322,4.1696,0.1753,2.0655
47.449,raw,4337,4.2960,0.3374,2.0745
47.449,raw,4353,4.5992,0.5337,2.0969
47.449,raw,4368,4.9259,0.7490,2.1216
47.449,raw,4384,-14.8040,-5.2761,3.3486
47.449,raw,4399,4.6925,-0.6262,2.2113
47.449,raw,4414,4.5528,-0.4146,2.1945
47.449,raw,4430,4.4149,-0.2067,2.1787
47.449,raw,4445,4.3040,-0.0267,2.1665
47.449,raw,4461,4.2020,0.1531,2.1559
47.449,raw,4476,4.2614,0.3149,2.1615
47.449,raw,4492,4.5633,0.5077,2.1909
47.449,raw,4507,4.9029,0.7207,2.2248
47.449,raw,4522,-16.5232,-0.0807,3.8227
47.449,raw,4538,-16.3028,-0.8492,3.8005
47.449,raw,4553,-16.0774,-1.5534,3.7811
47.449,raw,4569,-15.6558,-2.2620,3.7424
47.449,raw,4584,-14.8003,-5.2747,3.7330
47.449,raw,4600,-11.4627,-8.3249,3.5494
47.449,raw,4615,4.1516,0.2604,2.2382
48.518,raw,0,4.8167,-0.8015,0.9630
48.518,raw,16,4.6379,-0.5597,1.0054
48.518,raw,33,4.5118,-0.3340,1.0357
48.518,raw,49,4.3712,-0.1335,1.0663
48.518,raw,66,4.2496,0.0623,1.0916
48.518,raw,82,4.2015,0.2352,1.1013
48.518,raw,99,4.5210,0.4334,1.0402
48.518,raw,116,4.8633,0.6663,0.9726
48.518,raw,132,4.7818,-0.7412,1.0782
48.518,raw,149,4.5894,-0.4896,1.1173
48.518,raw,165,4.4684,-0.2814,1.1420
48.518,raw,182,4.3161,-0.0731,1.1703
48.518,raw,199,4.2076,0.1176,1.1897
48.518,raw,215,4.2885,0.2901,1.1766
48.518,raw,232,4.6027,0.4970,1.1237
48.518,raw,248,4.9845,0.7309,1.0579
48.518,raw,265,-5.1387,-6.1958,0.6043
48.518,raw,281,-4.9088,-6.5368,0.5883
48.518,raw,298,-4.6346,-6.8789,0.5734
48.518,raw,315,-4.3540,-7.2322,0.5548
48.518,raw,331,-4.0623,-7.5430,0.5392
48.518,raw,348,-3.7769,-7.9463,0.5091
48.518,raw,364,4.7166,-0.6757,1.1945
48.518,raw,381,4.5422,-0.4335,1.2248
48.518,raw,398,4.4384,-0.2200,1.2433
48.518,raw,414,4.3006,-0.0278,1.2649
48.518,raw,431,4.1861,0.1608,1.2820
48.518,raw,447,4.3521,0.3357,1.2586
48.518,raw,464,4.7057,0.5526,1.2075
48.518,raw,481,5.1035,0.8116,1.1484
48.518,raw,497,-5.5570,-6.7941,0.7231
48.518,raw,514,-5.2764,-7.1700,0.7100
48.518,raw,530,-5.0219,-7.5563,0.6916
48.518,raw,547,-4.7129,-7.9381,0.6748
48.518,raw,563,-4.2040,-7.9455,0.7047
48.518,raw,580,-4.0854,-8.7244,0.6317
48.518,raw,597,-3.7155,-9.0982,0.6111
48.518,raw,613,-3.3582,-9.4724,0.5873
48.518,raw,630,-2.9997,-9.9992,0.5442
48.518,raw,646,4.7961,-0.7966,1.2853
48.518,raw,663,4.6257,-0.5451,1.3108
48.518,raw,680,4.4776,-0.3176,1.3320
48.518,raw,696,4.3614,-0.1214,1.3480
48.518,raw,713,4.2218,0.0742,1.3656
48.518,raw,729,4.1908,0.2458,1.3696
48.518,raw,746,4.5063,0.4443,1.3322
48.518,raw,762,4.8737,0.6674,1.2876
48.518,raw,779,-6.3004,-7.2136,0.8677
48.518,raw,796,-6.0351,-7.6646,0.8523
48.518,raw,812,-5.7404,-8.0557,0.8407
48.518,raw,829,-5.4315,-8.5018,0.8238
48.518,raw,845,-4.4679,-7.8579,0.9223
48.518,raw,862,-4.1024,-8.1545,0.9155
48.518,raw,879,-4.3825,-9.7981,0.7683
48.518,raw,895,-4.0049,-10.2165,0.7477
48.518,raw,912,-3.5784,-10.6612,0.7242
48.518,raw,928,-3.2308,-11.3245,0.6767
48.518,raw,945,-2.8064,-12.0280,0.6254
48.518,raw,962,-2.3629,-12.9057,0.5561
48.518,raw,978,4.7626,-0.7628,1.3939
48.518,raw,995,4.6010,-0.5160,1.4131
48.518,raw,1011,4.4737,-0.3054,1.4278
48.518,raw,1028,4.3343,-0.0967,1.4427
48.518,raw,1044,4.2161,0.0852,1.4546
48.518,raw,1061,4.2368,0.2676,1.4529
48.518,raw,1078,4.5551,0.4704,1.4228
48.518,raw,1094,4.9126,0.6970,1.3881
48.518,raw,1111,-7.3703,-7.4496,1.0420
48.518,raw,1127,-7.1100,-7.9107,1.0318
48.518,raw,1144,-6.7938,-8.3786,1.0222
48.518,raw,1161,-6.4733,-8.8656,1.0099
48.518,raw,1177,-6.1032,-9.2554,1.0032
48.518,raw,1194,-4.6571,-8.0062,1.1302
48.518,raw,1210,-4.1306,-7.9807,1.1502
48.518,raw,1227,-4.9920,-10.7300,0.9547
48.518,raw,1244,-4.5707,-11.2576,0.9341
48.518,raw,1260,-4.1536,-11.7780,0.9119
48.518,raw,1277,-3.7457,-12.5448,0.8716
48.518,raw,1293,-3.3613,-13.4620,0.8189
48.518,raw,1310,-2.8712,-14.4316,0.7624
48.518,raw,1326,-2.3895,-15.6496,0.6867
48.518,raw,1343,-1.7549,-16.8692,0.6103
48.518,raw,1360,4.7755,-0.7528,1.4966
48.518,raw,1376,4.6149,-0.5185,1.5107
48.518,raw,1393,4.4545,-0.2912,1.5240
48.518,raw,1409,4.3351,-0.0968,1.5336
48.518,raw,1426,4.1983,0.0965,1.5438
48.518,raw,1443,4.2782,0.2790,1.5384
48.518,raw,1459,4.5382,0.4694,1.5200
48.518,raw,1476,4.9396,0.7128,1.4910
48.518,raw,1492,-9.9374,-5.0186,1.2688
48.518,raw,1509,-9.7602,-5.5733,1.2641
48.518,raw,1525,-9.5083,-6.0543,1.2627
48.518,raw,1542,-9.2359,-6.5674,1.2601
48.518,raw,1559,-8.9684,-7.0929,1.2558
48.518,raw,1575,-8.7081,-7.5931,1.2506
48.518,raw,1592,-8.4033,-8.1155,1.2452
48.518,raw,1608,-8.0778,-8.5846,1.2408
48.518,raw,1625,-7.7057,-9.0701,1.2361
48.518,raw,1642,-7.3873,-9.6412,1.2255
48.518,raw,1658,-7.0338,-10.1421,1.2171
48.518,raw,1675,-6.6499,-10.6983,1.2061
48.518,raw,1691,-4.2768,-7.8556,1.3731
48.518,raw,1708,-5.8097,-11.7557,1.1840
48.518,raw,1725,-5.3780,-12.3952,1.1666
48.518,raw,1741,-4.8968,-12.9080,1.1540
48.518,raw,1758,-4.5242,-13.9325,1.1165
48.518,raw,1774,-4.1072,-14.9366,1.0790
48.518,raw,1791,-3.6083,-16.1291,1.0327
48.518,raw,1807,-3.3196,-18.6120,0.9253
48.518,raw,1824,-3.0898,-23.3528,0.7146
48.518,raw,1841,-2.0048,-24.1924,0.6829
48.518,raw,1857,-0.9019,-24.6785,0.6648
48.518,raw,1874,0.3128,-25.1921,0.6432
48.518,raw,1890,4.6910,-0.6450,1.6047
48.518,raw,1907,4.5353,-0.4085,1.6136
48.518,raw,1924,4.3946,-0.1924,1.6212
48.518,raw,1940,4.2867,-0.0050,1.6268
48.518,raw,1957,4.1652,0.1823,1.6326
48.518,raw,1973,4.3904,0.3592,1.6223
48.518,raw,1990,4.7373,0.5797,1.6059
48.518,raw,2006,5.1205,0.8273,1.5874
48.518,raw,2023,25.4795,11.9896,0.5428
48.518,raw,2040,-18.4866,18.2064,0.6101
48.518,raw,2056,-17.8756,16.0901,0.6954
48.518,raw,2073,-16.9950,13.8966,0.7898
48.518,raw,2089,-16.3373,12.1776,0.8606
48.518,raw,2106,-11.2100,7.7029,1.1680
48.518,raw,2123,-15.2476,9.2331,0.9747
48.518,raw,2139,-14.6133,7.9708,1.0275
48.518,raw,2156,-14.2456,-0.0341,1.4748
48.518,raw,2172,-13.8887,-0.6903,1.4821
48.518,raw,2189,-8.1324,-0.7490,1.6085
48.518,raw,2206,-13.2026,-2.0028,1.4939
48.518,raw,2222,-12.9159,-2.5942,1.4977
48.518,raw,2239,-12.5844,-3.1990,1.5018
48.518,raw,2255,-12.3093,-3.7640,1.5042
48.518,raw,2272,-11.8603,-4.2969,1.5098
48.518,raw,2288,-11.6315,-4.8565,1.5100
48.518,raw,2305,-11.4135,-5.4638,1.5089
48.518,raw,2322,-11.1423,-6.0495,1.5084
48.518,raw,2338,-10.8407,-6.5771,1.5084
48.518,raw,2355,-10.5843,-7.1821,1.5060
48.518,raw,2371,-10.1996,-7.6593,1.5069
48.518,raw,2388,-9.9455,-8.2892,1.5028
48.518,raw,2405,-9.5329,-8.8028,1.5024
48.518,raw,2421,-9.2553,-9.4001,1.4978
48.518,raw,2438,-8.8465,-9.9440,1.4954
48.518,raw,2454,-8.5143,-10.5358,1.4904
48.518,raw,2471,-8.0803,-11.0978,1.4867
48.518,raw,2488,-7.7069,-11.7810,1.4792
48.518,raw,2504,-4.5209,-7.8918,1.5895
48.518,raw,2521,-4.0635,-8.0270,1.5921
48.518,raw,2537,-6.4037,-13.7516,1.4561
48.518,raw,2554,-5.8703,-14.4346,1.4474
48.518,raw,2570,-5.4536,-15.4055,1.4310
48.518,raw,2587,-6.7875,-22.1468,1.2809
48.518,raw,2604,-6.0865,-23.9474,1.2472
48.518,raw,2620,-5.2481,-25.4773,1.2189
48.518,raw,2637,-4.0509,-26.1035,1.2104
48.518,raw,2653,-2.8971,-26.7729,1.1996
48.518,raw,2670,-1.6218,-27.5280,1.1858
48.518,raw,2687,-0.2802,-28.2047,1.1724
48.518,raw,2703,1.0348,-28.5934,1.1639
48.518,raw,2720,2.4941,-29.3044,1.1469
48.518,raw,2736,3.9474,-30.0380,1.1278
48.518,raw,2753,5.5812,-30.8069,1.1061
48.518,raw,2769,7.3738,-32.2947,1.0665
48.518,raw,2786,4.7370,-0.7184,1.7040
48.518,raw,2803,4.5869,-0.4771,1.7082
48.518,raw,2819,4.4414,-0.2664,1.7121
48.518,raw,2836,4.3085,-0.0614,1.7155
48.518,raw,2852,4.2136,0.1174,1.7178
48.518,raw,2869,4.3029,0.3013,1.7158
48.518,raw,2886,4.6236,0.5104,1.7085
48.518,raw,2902,4.9938,0.7450,1.6999
48.518,raw,2919,-24.9628,23.9307,1.0324
48.518,raw,2935,-24.0278,21.0391,1.0903
48.518,raw,2952,-22.8842,18.1796,1.1496
48.518,raw,2969,-22.7124,16.3087,1.1770
48.518,raw,2985,-21.0348,13.7243,1.2393
48.518,raw,3002,-20.3796,11.9336,1.2719
48.518,raw,3018,-19.1803,10.1003,1.3143
48.518,raw,3035,-18.3591,8.5615,1.3452
48.518,raw,3051,-17.7309,7.3010,1.3687
48.518,raw,3068,-17.4674,6.2069,1.3823
48.518,raw,3085,-16.8918,5.0859,1.4017
48.518,raw,3101,-16.4003,4.1209,1.4175
48.518,raw,3118,-15.9009,3.1709,1.4325
48.518,raw,3134,-15.4610,2.3403,1.4449
48.518,raw,3151,-15.0359,1.5163,1.4562
48.518,raw,3168,-14.6321,0.7411,1.4661
48.518,raw,3184,-35.1244,-0.9113,1.8483
48.518,raw,3201,-33.9520,-2.5626,1.8468
48.518,raw,3217,-8.4142,-0.9106,1.8122
48.518,raw,3234,-31.6927,-5.4855,1.8443
48.518,raw,3250,-30.6551,-6.7920,1.8433
48.518,raw,3267,-29.6393,-8.1285,1.8424
48.518,raw,3284,-28.6504,-9.4099,1.8416
48.518,raw,3300,-27.5480,-10.4990,1.8407
48.518,raw,3317,-26.4045,-11.5979,1.8398
48.518,raw,3333,-25.3645,-12.5898,1.8391
48.518,raw,3350,-24.3296,-13.6262,1.8385
48.518,raw,3367,-23.3675,-14.6622,1.8381
48.518,raw,3383,-17.8216,-12.4071,1.8301
48.518,raw,3400,-15.6200,-12.0916,1.8275
48.518,raw,3416,-13.9300,-11.8893,1.8255
48.518,raw,3433,-12.6018,-11.9122,1.8242
48.518,raw,3450,-11.9854,-12.5289,1.8242
48.518,raw,3466,-11.5207,-13.2400,1.8244
48.518,raw,3483,-11.0893,-14.1083,1.8250
48.518,raw,3499,-11.1979,-15.6871,1.8267
48.518,raw,3516,-10.8406,-16.8944,1.8278
48.518,raw,3532,-10.4895,-18.1466,1.8290
48.518,raw,3549,-10.0690,-19.5798,1.8304
48.518,raw,3566,-9.6212,-21.1993,1.8321
48.518,raw,3582,-9.1397,-22.8746,1.8339
48.518,raw,3599,-8.5664,-24.8881,1.8362
48.518,raw,3615,-7.9506,-27.0494,1.8387
48.518,raw,3632,-6.9746,-28.8558,1.8407
48.518,raw,3649,-5.6255,-29.5761,1.8412
48.518,raw,3665,-4.3210,-30.2819,1.8418
48.518,raw,3682,-2.8892,-31.0726,1.8426
48.518,raw,3698,-1.4857,-31.8248,1.8435
48.518,raw,3715,0.0719,-32.6758,1.8446
48.518,raw,3732,1.7158,-33.6646,1.8459
48.518,raw,3748,3.3248,-34.2088,1.8468
48.518,raw,3765,4.7353,-0.6796,1.8059
48.518,raw,3781,4.5783,-0.4514,1.8056
48.518,raw,3798,4.4396,-0.2316,1.8054
48.518,raw,3814,4.3094,-0.0394,1.8052
48.518,raw,3831,4.1685,0.1505,1.8050
48.518,raw,3848,4.3311,0.3351,1.8052
48.518,raw,3864,4.6640,0.5373,1.8057
48.518,raw,3881,5.0350,0.7896,1.8062
48.518,raw,3897,-17.0727,-0.1845,2.2353
48.518,raw,3914,-16.3897,-0.9954,2.2193
48.518,raw,3931,-16.7009,-1.8659,2.2291
48.518,raw,3947,-17.6825,-3.4329,2.2593
48.518,raw,3964,-17.6037,-5.8156,2.2726
48.518,raw,3980,-14.5477,-7.6645,2.2207
48.518,raw,3997,-19.8729,-24.2532,2.5889
48.518,raw,4013,4.6987,-0.6340,1.9065
48.518,raw,4030,4.5200,-0.3943,1.9011
48.518,raw,4047,4.3969,-0.1813,1.8974
48.518,raw,4063,4.2764,0.0066,1.8940
48.518,raw,4080,4.1375,0.1931,1.8904
48.518,raw,4096,4.3809,0.3701,1.8965
48.518,raw,4113,4.7330,0.5916,1.9056
48.518,raw,4130,-16.8503,0.6175,2.2298
48.518,raw,4146,-31.9968,-3.7252,3.3783
48.518,raw,4163,-26.0266,-14.1760,3.2553
48.518,raw,4179,-19.7416,-24.5263,3.3417
48.518,raw,4196,4.6262,-0.5575,2.0031
48.518,raw,4213,4.4890,-0.3308,1.9948
48.518,raw,4229,4.3573,-0.1322,1.9874
48.518,raw,4246,4.2568,0.0620,1.9819
48.518,raw,4262,4.1745,0.2351,1.9778
48.518,raw,4279,4.4875,0.4317,1.9931
48.518,raw,4295,4.8192,0.6493,2.0099
48.518,raw,4312,-15.7520,-2.1307,2.9772
48.518,raw,4329,-13.9511,-7.9986,2.9920
48.518,raw,4345,4.6784,-0.6173,2.1066
48.518,raw,4362,4.5251,-0.3832,2.0928
48.518,raw,4378,4.3800,-0.1795,2.0806
48.518,raw,4395,4.2520,0.0188,2.0704
48.518,raw,4412,4.1417,0.2035,2.0621
48.518,raw,4428,4.3990,0.3820,2.0807
48.518,raw,4445,4.7627,0.6065,2.1078
48.518,raw,4461,5.1547,0.8590,2.1378
48.518,raw,4478,-19.4963,-0.6434,3.7067
48.518,raw,4494,-19.2166,-1.5417,3.6858
48.518,raw,4511,-18.8994,-2.4732,3.6658
48.518,raw,4528,-18.3947,-3.5197,3.6350
48.518,raw,4544,-18.0803,-4.5239,3.6269
48.518,raw,4561,4.6916,-0.6830,2.2098
48.518,raw,4577,4.5746,-0.4629,2.1949
48.518,raw,4594,4.4236,-0.2413,2.1777
48.518,raw,4611,4.2917,-0.0382,2.1634
48.518,raw,4627,4.1816,0.1396,2.1521
48.518,raw,4644,4.3139,0.3236,2.1648
48.518,raw,4660,4.6129,0.5215,2.1942
48.518,raw,4677,5.0424,0.7772,2.2373
48.518,raw,4694,-16.5993,0.1704,3.8336
48.518,raw,4710,-16.3844,-0.6056,3.8105
48.518,raw,4727,-16.1275,-1.4095,3.7870
48.518,raw,4743,-15.6657,-2.1182,3.7426
48.518,raw,4760,-15.4625,-2.8908,3.7342
48.518,raw,4776,-15.2218,-3.6012,3.7243
48.518,raw,4793,-14.9797,-4.3532,3.7197
48.518,raw,4810,-14.7916,-5.2210,3.7305
48.518,raw,4826,-14.5688,-5.9355,3.7361
48.518,raw,4843,-14.3329,-6.7025,3.7470
48.518,raw,4859,-14.1046,-7.4320,3.7612
48.518,raw,4876,4.5914,-0.5021,2.2959
48.518,raw,4893,4.4508,-0.2792,2.2753
48.518,raw,4909,4.3385,-0.0859,2.2597
48.518,raw,4926,4.2097,0.1069,2.2431
48.518,raw,4942,4.2490,0.2786,2.2476
48.518,raw,4959,4.5585,0.4823,2.2853
