t,source,point_index,x,y,z
2.193,raw,0,-5.4968,-6.3661,0.5519
2.193,raw,10,-5.3284,-6.5624,0.5473
2.193,raw,20,-5.1780,-6.7839,0.5374
2.193,raw,30,-5.0431,-7.0321,0.5221
2.193,raw,40,-4.8707,-7.2403,0.5134
2.193,raw,51,-4.6693,-7.4601,0.5047
2.193,raw,61,-5.8858,-7.1557,0.6656
2.193,raw,71,-5.7198,-7.3945,0.6571
2.193,raw,81,-5.5690,-7.6601,0.6441
2.193,raw,91,-5.3859,-7.8931,0.6355
2.193,raw,102,-5.1951,-8.1739,0.6218
2.193,raw,112,-5.0252,-8.4470,0.6064
2.193,raw,122,-4.3599,-7.9224,0.6992
2.193,raw,132,-4.1091,-8.0319,0.7031
2.193,raw,142,-4.4243,-9.1993,0.5665
2.193,raw,153,-4.1818,-9.4658,0.5518
2.193,raw,163,-3.9683,-9.7407,0.5336
2.193,raw,173,-3.7357,-9.9940,0.5176
2.193,raw,183,-3.4969,-10.2542,0.5000
2.193,raw,194,-6.5542,-7.8669,0.8063
2.193,raw,204,-6.3888,-8.1499,0.7965
2.193,raw,214,-6.1937,-8.4056,0.7895
2.193,raw,224,-5.9907,-8.6582,0.7823
2.193,raw,234,-5.8192,-8.9641,0.7687
2.193,raw,245,-5.5874,-9.2531,0.7585
2.193,raw,255,-4.3779,-7.8997,0.9243
2.193,raw,265,-4.1151,-7.9879,0.9297
2.193,raw,275,-4.9538,-10.1211,0.7193
2.193,raw,285,-4.6847,-10.3329,0.7134
2.193,raw,296,-4.4228,-10.6508,0.6974
2.193,raw,306,-4.1932,-10.9846,0.6778
2.193,raw,316,-3.9439,-11.3024,0.6593
2.193,raw,326,-3.6955,-11.6570,0.6367
2.193,raw,337,-3.4590,-12.2141,0.5950
2.193,raw,347,-3.1982,-12.6532,0.5633
2.193,raw,357,-2.9263,-13.1289,0.5276
2.193,raw,367,-7.7364,-7.8977,1.0014
2.193,raw,377,-7.5765,-8.2103,0.9939
2.193,raw,388,-7.3977,-8.5621,0.9847
2.193,raw,398,-7.1715,-8.8197,0.9818
2.193,raw,408,-6.9868,-9.1327,0.9734
2.193,raw,418,-6.7752,-9.4226,0.9667
2.193,raw,428,-6.5614,-9.7192,0.9591
2.193,raw,439,-6.3319,-10.0678,0.9484
2.193,raw,449,-6.1240,-10.4025,0.9370
2.193,raw,459,-4.2221,-7.9036,1.1526
2.193,raw,469,-4.0274,-8.1083,1.1471
2.193,raw,480,-5.3794,-11.3872,0.9035
2.193,raw,490,-5.1079,-11.6846,0.8934
2.193,raw,500,-4.8586,-12.0535,0.8775
2.193,raw,510,-4.5652,-12.3505,0.8666
2.193,raw,520,-4.3371,-12.8471,0.8405
2.193,raw,531,-4.0723,-13.4319,0.8087
2.193,raw,541,-3.8456,-14.0955,0.7700
2.193,raw,551,-3.5720,-14.7122,0.7345
2.193,raw,561,-3.2677,-15.3296,0.6986
2.193,raw,571,-2.9440,-16.0000,0.6586
2.193,raw,582,-2.6028,-17.0330,0.5933
2.193,raw,592,-2.2873,-18.2797,0.5121
2.193,raw,602,-10.2992,-5.3789,1.2448
2.193,raw,612,-10.2171,-5.7336,1.2406
2.193,raw,623,-10.0032,-6.0585,1.2417
2.193,raw,633,-9.9033,-6.4121,1.2373
2.193,raw,643,-9.7235,-6.7193,1.2365
2.193,raw,653,-9.6210,-7.0830,1.2310
2.193,raw,663,-9.4414,-7.3976,1.2291
2.193,raw,674,-9.2834,-7.7796,1.2241
2.193,raw,684,-9.0713,-8.0766,1.2229
2.193,raw,694,-8.9031,-8.4160,1.2184
2.193,raw,704,-8.6819,-8.7127,1.2166
2.193,raw,714,-8.5147,-9.0681,1.2106
2.193,raw,725,-8.2864,-9.4243,1.2060
2.193,raw,735,-8.0862,-9.7653,1.2006
2.193,raw,745,-7.8368,-10.0579,1.1977
2.193,raw,755,-7.6219,-10.4014,1.1916
2.193,raw,766,-7.4059,-10.8232,1.1822
2.193,raw,776,-7.1357,-11.1194,1.1782
2.193,raw,786,-6.9329,-11.5303,1.1677
2.193,raw,796,-4.2650,-7.8703,1.3733
2.193,raw,806,-4.0331,-8.0074,1.3732
2.193,raw,817,-6.1092,-12.6235,1.1435
2.193,raw,827,-5.8777,-13.0955,1.1290
2.193,raw,837,-5.5705,-13.4448,1.1206
2.193,raw,847,-5.2688,-13.8358,1.1097
2.193,raw,857,-5.0773,-14.5537,1.0826
2.193,raw,868,-4.7933,-15.2538,1.0571
2.193,raw,878,-4.5340,-15.9904,1.0290
2.193,raw,888,-4.3868,-17.2518,0.9759
2.193,raw,898,-4.2980,-19.0179,0.8994
2.193,raw,908,-4.6692,-23.2899,0.7063
2.193,raw,919,-4.1225,-24.4802,0.6583
2.193,raw,929,-3.4515,-24.8480,0.6470
2.193,raw,939,-2.7656,-25.2164,0.6350
2.193,raw,949,-2.0667,-25.6129,0.6207
2.193,raw,960,-1.2744,-26.0222,0.6053
2.193,raw,970,-0.5295,-26.2639,0.5962
2.193,raw,980,0.2263,-26.6096,0.5814
2.193,raw,990,1.0017,-26.9730,0.5648
2.193,raw,1000,1.7984,-27.3307,0.5474
2.193,raw,1011,2.7068,-27.7999,0.5236
2.193,raw,1021,3.5538,-28.1467,0.5044
2.193,raw,1031,25.5895,11.6779,0.5463
2.193,raw,1041,-18.3654,19.9512,0.5535
2.193,raw,1051,-18.0974,18.5809,0.6065
2.193,raw,1062,-17.6880,17.0718,0.6674
2.193,raw,1072,-17.3322,15.8109,0.7178
2.193,raw,1082,-16.7624,14.4552,0.7776
2.193,raw,1092,-16.4470,13.3921,0.8190
2.193,raw,1103,-16.1257,12.3154,0.8602
2.193,raw,1113,-11.0455,8.1165,1.1593
2.193,raw,1123,-11.1284,7.6888,1.1670
2.193,raw,1133,-15.1377,9.6419,0.9650
2.193,raw,1143,-14.9524,8.9317,0.9886
2.193,raw,1154,-14.5858,8.1033,1.0213
2.193,raw,1164,-14.4447,7.4873,1.0397
2.193,raw,1174,-14.6141,-0.1020,1.4649
2.193,raw,1184,-14.4350,-0.5305,1.4686
2.193,raw,1194,-8.3662,-0.5080,1.6023
2.193,raw,1205,-8.0736,-0.7616,1.6082
2.193,raw,1215,-8.1869,-1.0291,1.6050
2.193,raw,1225,-13.7625,-2.2091,1.4795
2.193,raw,1235,-13.5943,-2.6016,1.4816
2.193,raw,1246,-13.4451,-3.0354,1.4828
2.193,raw,1256,-13.2805,-3.4195,1.4843
2.193,raw,1266,-13.1223,-3.8017,1.4855
2.193,raw,1276,-12.9702,-4.1830,1.4862
2.193,raw,1286,-12.8126,-4.5607,1.4869
2.193,raw,1297,-12.3262,-4.8529,1.4947
2.193,raw,1307,-12.1759,-5.2210,1.4947
2.193,raw,1317,-12.0188,-5.5863,1.4946
2.193,raw,1327,-11.8567,-5.9498,1.4944
2.193,raw,1337,-11.7077,-6.3211,1.4936
2.193,raw,1348,-11.4135,-6.6586,1.4958
2.193,raw,1358,-11.2666,-7.0330,1.4944
2.193,raw,1368,-11.1095,-7.4055,1.4929
2.193,raw,1378,-10.9988,-7.8149,1.4899
2.193,raw,1389,-10.6795,-8.1314,1.4916
2.193,raw,1399,-10.5706,-8.5562,1.4879
2.193,raw,1409,-10.4652,-8.9970,1.4836
2.193,raw,1419,-10.1580,-9.2757,1.4847
2.193,raw,1429,-10.0506,-9.7368,1.4796
2.193,raw,1440,-9.9309,-10.2648,1.4735
2.193,raw,1450,-9.6575,-10.5944,1.4725
2.193,raw,1460,-9.3823,-10.9264,1.4712
2.193,raw,1470,-9.2895,-11.4794,1.4634
2.193,raw,1480,-9.0132,-11.8359,1.4612
2.193,raw,1491,-8.7005,-12.2283,1.4585
2.193,raw,1501,-8.5909,-12.8450,1.4489
2.193,raw,1511,-8.3008,-13.2351,1.4454
2.193,raw,1521,-7.9890,-13.6082,1.4422
2.193,raw,1532,-7.6579,-14.0593,1.4374
2.193,raw,1542,-7.5278,-14.8115,1.4244
2.193,raw,1552,-8.9597,-18.7392,1.3329
2.193,raw,1562,-8.6893,-19.5960,1.3185
2.193,raw,1572,-8.3668,-20.4281,1.3047
2.193,raw,1583,-8.0011,-21.4302,1.2873
2.193,raw,1593,-7.6500,-22.4174,1.2697
2.193,raw,1603,-7.3773,-23.7888,1.2431
2.193,raw,1613,-6.9661,-24.9416,1.2216
2.193,raw,1623,-6.5168,-26.1708,1.1982
2.193,raw,1634,-5.8272,-27.0035,1.1841
2.193,raw,1644,-5.0889,-27.3953,1.1792
2.193,raw,1654,-4.3354,-27.7792,1.1740
2.193,raw,1664,-3.5661,-28.1531,1.1685
2.193,raw,1674,-2.7863,-28.5661,1.1617
2.193,raw,1685,-1.9145,-29.1061,1.1518
2.193,raw,1695,-1.0985,-29.6327,1.1415
2.193,raw,1705,-0.2556,-30.1849,1.1300
2.193,raw,1715,0.6176,-30.6066,1.1210
2.193,raw,1726,1.6007,-30.9046,1.1140
2.193,raw,1736,2.5139,-31.1982,1.1066
2.193,raw,1746,3.4638,-31.6726,1.0946
2.193,raw,1756,4.4542,-32.2153,1.0804
2.193,raw,1766,5.4813,-32.7484,1.0657
2.193,raw,1777,6.7474,-33.8317,1.0375
2.193,raw,1787,-24.0466,24.1740,1.0412
2.193,raw,1797,-23.0105,21.8763,1.0926
2.193,raw,1807,-22.3950,20.1208,1.1286
2.193,raw,1817,-21.3620,18.1431,1.1742
2.193,raw,1828,-20.8500,16.6190,1.2039
2.193,raw,1838,-21.1671,15.8903,1.2079
2.193,raw,1848,-20.4289,14.4550,1.2395
2.193,raw,1858,-11.2056,7.6907,1.4916
2.193,raw,1869,-19.1292,11.8972,1.2940
2.193,raw,1879,-19.1504,11.1546,1.3018
2.193,raw,1889,-18.7608,10.2205,1.3192
2.193,raw,1899,-18.3856,9.3429,1.3353
2.193,raw,1909,-18.0658,8.5357,1.3492
2.193,raw,1920,-17.7156,7.6930,1.3636
2.193,raw,1930,-17.3829,6.9593,1.3764
2.193,raw,1940,-17.4319,6.3926,1.3797
2.193,raw,1950,-17.1619,5.7339,1.3899
2.193,raw,1960,-16.8706,5.0964,1.4001
2.193,raw,1971,-16.5816,4.4340,1.4100
2.193,raw,1981,-16.3330,3.8597,1.4182
2.193,raw,1991,-16.0985,3.3094,1.4257
2.193,raw,2001,-15.8529,2.7767,1.4331
2.193,raw,2012,-15.6207,2.2174,1.4399
2.193,raw,2022,-15.4073,1.7253,1.4458
2.193,raw,2032,-15.2044,1.2489,1.4511
2.193,raw,2042,-14.9917,0.7856,1.4564
2.193,raw,2052,-14.8070,0.3360,1.4607
2.193,raw,2063,-34.7279,-1.0612,1.8478
2.193,raw,2073,-34.1435,-2.0411,1.8471
2.193,raw,2083,-33.5293,-2.9882,1.8464
2.193,raw,2093,-31.3380,-3.7134,1.8435
2.193,raw,2103,-32.3479,-4.7998,1.8451
2.193,raw,2114,-15.7896,-2.8352,1.8225
2.193,raw,2124,-17.3279,-3.6517,1.8248
2.193,raw,2134,-30.6267,-7.4295,1.8435
2.193,raw,2144,-30.1056,-8.2434,1.8431
2.193,raw,2155,-16.0638,-4.9659,1.8236
2.193,raw,2165,-29.0257,-9.9026,1.8423
2.193,raw,2175,-28.5325,-10.6776,1.8421
2.193,raw,2185,-14.8534,-6.0925,1.8225
2.193,raw,2195,-27.5540,-12.1964,1.8416
2.193,raw,2206,-27.0060,-13.0108,1.8414
2.193,raw,2216,-26.5342,-13.7558,1.8413
2.193,raw,2226,-25.8618,-14.3852,1.8409
2.193,raw,2236,-25.5682,-15.2185,1.8411
2.193,raw,2246,-25.0958,-15.9509,1.8411
2.193,raw,2257,-24.5825,-16.7601,1.8411
2.193,raw,2267,-24.1183,-17.4993,1.8411
2.193,raw,2277,-23.6302,-18.2240,1.8412
2.193,raw,2287,-23.1390,-18.9499,1.8413
2.193,raw,2298,-22.5568,-19.7189,1.8413
2.193,raw,2308,-22.0385,-20.4323,1.8414
2.193,raw,2318,-21.5009,-21.1349,1.8416
2.193,raw,2328,-20.9666,-21.8492,1.8417
2.193,raw,2338,-20.4611,-22.6062,1.8420
2.193,raw,2349,-19.8688,-23.4188,1.8423
2.193,raw,2359,-19.3561,-24.2086,1.8426
2.193,raw,2369,-18.8233,-24.9994,1.8430
2.193,raw,2379,-18.2761,-25.7996,1.8435
2.193,raw,2389,-17.7367,-26.6447,1.8440
2.193,raw,2400,-17.1240,-27.5926,1.8446
2.193,raw,2410,-16.5315,-28.4449,1.8452
2.193,raw,2420,-15.9375,-29.3451,1.8458
2.193,raw,2430,-15.3303,-30.2815,1.8465
2.193,raw,2440,-14.6873,-31.2166,1.8473
2.193,raw,2451,-16.5148,-0.4298,2.2235
2.193,raw,2461,-16.3554,-0.9120,2.2202
2.193,raw,2471,-16.2075,-1.3877,2.2174
2.193,raw,2481,-16.0673,-1.8584,2.2152
2.193,raw,2492,-15.6030,-2.5614,2.2063
2.193,raw,2502,-15.4727,-3.0161,2.2052
2.193,raw,2512,-15.3477,-3.4696,2.2045
2.193,raw,2522,-15.2308,-3.9239,2.2044
2.193,raw,2532,-15.0963,-4.3733,2.2041
2.193,raw,2543,-14.9178,-4.8573,2.2034
2.193,raw,2553,-15.0134,-5.7439,2.2129
2.193,raw,2563,-15.3795,-6.4128,2.2274
2.193,raw,2573,-14.3722,-6.8175,2.2086
2.193,raw,2583,-14.5146,-7.4195,2.2183
2.193,raw,2594,-14.2616,-7.8894,2.2181
2.193,raw,2604,-19.9368,-24.0544,2.5863
2.193,raw,2614,-31.7772,-3.2018,3.3684
2.193,raw,2624,-32.0401,-4.1796,3.3866
2.193,raw,2635,-26.1120,-13.8310,3.2530
2.193,raw,2645,-13.9088,-8.0792,2.6034
2.193,raw,2655,-19.4201,-24.1440,3.3178
2.193,raw,2665,-18.4191,-3.0919,3.1819
2.193,raw,2675,-26.0072,-14.1681,3.9659
2.193,raw,2686,-19.2815,0.1021,3.6920
2.193,raw,2696,-19.4928,-0.4754,3.7131
2.193,raw,2706,-19.2933,-1.0411,3.6966
2.193,raw,2716,-19.1537,-1.6028,3.6873
2.193,raw,2726,-18.9819,-2.1554,3.6765
2.193,raw,2737,-18.1845,-2.6646,3.6076
2.193,raw,2747,-18.3960,-3.3129,3.6377
2.193,raw,2757,-18.2148,-3.8408,3.6305
2.193,raw,2767,-18.0675,-4.3730,3.6281
2.193,raw,2778,-17.8894,-4.9528,3.6256
2.193,raw,2788,-17.7362,-5.4815,3.6258
2.193,raw,2798,-17.5179,-6.1633,3.6263
2.193,raw,2808,-17.4029,-6.7088,3.6339
2.193,raw,2818,-17.2316,-7.2364,3.6373
2.193,raw,2829,-17.0633,-7.8291,3.6451
2.193,raw,2839,-16.9057,-8.3713,3.6536
2.193,raw,2849,-16.6959,-8.8923,3.6581
2.193,raw,2859,-11.2424,-8.5465,3.1987
2.193,raw,2869,-18.7751,0.2696,3.6438
2.193,raw,2880,-16.4539,-0.2319,3.8262
2.193,raw,2890,-16.2953,-0.7136,3.8095
2.193,raw,2900,-16.1520,-1.1889,3.7963
2.193,raw,2910,-15.9992,-1.6571,3.7834
2.193,raw,2921,-15.6162,-2.1824,3.7461
2.193,raw,2931,-15.4838,-2.6363,3.7391
2.193,raw,2941,-15.3501,-3.0870,3.7334
2.193,raw,2951,-15.2107,-3.5339,3.7286
2.193,raw,2961,-15.0709,-3.9786,3.7253
2.193,raw,2972,-14.8985,-4.4609,3.7211
2.193,raw,2982,-14.7659,-4.9057,3.7219
2.193,raw,2992,-14.6542,-5.5078,3.7331
2.193,raw,3002,-14.5102,-5.9532,3.7364
2.193,raw,3012,-14.3693,-6.4021,3.7417
2.193,raw,3023,-14.2049,-6.8952,3.7484
2.193,raw,3033,-14.0758,-7.3578,3.7591
2.193,raw,3043,-13.9486,-7.8278,3.7720
2.193,raw,3053,-16.7131,0.6557,3.8574
3.276,raw,0,-5.4426,-6.2805,0.5684
3.276,raw,9,-5.2972,-6.4595,0.5635
3.276,raw,19,-5.1443,-6.6725,0.5547
3.276,raw,29,-4.9968,-6.8985,0.5431
3.276,raw,39,-4.8415,-7.1224,0.5313
3.276,raw,49,-4.6918,-7.3632,0.5160
3.276,raw,59,-4.5326,-7.6013,0.5009
3.276,raw,68,-5.9080,-6.9442,0.6843
3.276,raw,78,-5.7440,-7.1767,0.6766
3.276,raw,88,-5.5874,-7.4249,0.6660
3.276,raw,98,-5.4458,-7.7017,0.6509
3.276,raw,108,-5.2537,-7.9214,0.6436
3.276,raw,118,-5.0925,-8.1938,0.6283
3.276,raw,127,-4.9329,-8.4285,0.6156
3.276,raw,137,-4.2883,-7.9200,0.7053
3.276,raw,147,-4.0860,-8.1127,0.6976
3.276,raw,157,-4.3359,-9.1811,0.5745
3.276,raw,167,-4.1204,-9.4308,0.5599
3.276,raw,177,-3.9084,-9.7066,0.5413
3.276,raw,186,-3.7074,-9.9513,0.5245
3.276,raw,196,-3.4735,-10.2208,0.5056
3.276,raw,206,-6.5117,-7.6099,0.8283
3.276,raw,216,-6.3701,-7.9084,0.8162
3.276,raw,226,-6.2085,-8.1944,0.8054
3.276,raw,236,-6.0253,-8.4635,0.7963
3.276,raw,245,-5.8676,-8.7244,0.7855
3.276,raw,255,-5.6532,-8.9693,0.7783
3.276,raw,265,-5.4573,-9.2520,0.7664
3.276,raw,275,-4.2751,-7.8978,0.9306
3.276,raw,285,-4.0772,-8.0970,0.9238
3.276,raw,295,-4.8182,-10.1058,0.7275
3.276,raw,304,-4.6205,-10.3837,0.7128
3.276,raw,314,-4.3613,-10.6289,0.7025
3.276,raw,324,-4.1213,-10.9374,0.6852
3.276,raw,334,-3.8846,-11.2851,0.6636
3.276,raw,344,-3.6431,-11.6600,0.6387
3.276,raw,354,-3.4325,-12.1826,0.5991
3.276,raw,363,-3.2025,-12.5905,0.5693
3.276,raw,373,-2.9374,-13.0852,0.5317
3.276,raw,383,-7.6374,-7.7333,1.0155
3.276,raw,393,-7.5012,-8.0614,1.0062
3.276,raw,403,-7.3031,-8.3342,1.0019
3.276,raw,413,-7.1422,-8.6555,0.9928
3.276,raw,422,-6.9794,-8.9334,0.9855
3.276,raw,432,-6.7589,-9.2024,0.9805
3.276,raw,442,-6.5811,-9.5368,0.9695
3.276,raw,452,-6.3766,-9.8494,0.9601
3.276,raw,462,-6.1122,-10.0844,0.9568
3.276,raw,472,-4.3655,-7.8906,1.1492
3.276,raw,481,-4.1277,-7.9664,1.1530
3.276,raw,491,-5.4634,-11.0271,0.9236
3.276,raw,501,-5.2384,-11.3934,0.9083
3.276,raw,511,-5.0041,-11.7706,0.8918
3.276,raw,521,-4.7294,-12.0890,0.8795
3.276,raw,531,-4.4342,-12.3846,0.8684
3.276,raw,541,-4.2404,-12.9872,0.8343
3.276,raw,550,-4.0113,-13.4434,0.8098
3.276,raw,560,-3.7910,-14.1390,0.7686
3.276,raw,570,-3.5167,-14.7678,0.7321
3.276,raw,580,-3.2212,-15.4397,0.6923
3.276,raw,590,-2.8944,-16.1261,0.6510
3.276,raw,600,-2.5918,-17.1412,0.5863
3.276,raw,609,-2.3158,-18.3353,0.5082
3.276,raw,619,-10.0373,-5.2347,1.2595
3.276,raw,629,-9.9636,-5.5835,1.2551
3.276,raw,639,-9.8715,-5.9283,1.2510
3.276,raw,649,-9.6823,-6.2188,1.2515
3.276,raw,659,-9.5835,-6.5690,1.2467
3.276,raw,668,-9.4185,-6.8374,1.2460
3.276,raw,678,-9.2447,-7.1443,1.2442
3.276,raw,688,-9.1478,-7.5154,1.2374
3.276,raw,698,-8.9631,-7.8243,1.2350
3.276,raw,708,-8.7613,-8.1223,1.2330
3.276,raw,718,-8.5686,-8.4327,1.2300
3.276,raw,727,-8.4507,-8.7723,1.2231
3.276,raw,737,-8.2205,-9.0589,1.2210
3.276,raw,747,-8.0303,-9.3945,1.2157
3.276,raw,757,-7.8447,-9.7463,1.2092
3.276,raw,767,-7.6587,-10.1114,1.2017
3.276,raw,777,-7.4060,-10.4040,1.1982
3.276,raw,786,-7.2278,-10.7434,1.1905
3.276,raw,796,-6.9809,-11.0664,1.1848
3.276,raw,806,-6.7732,-11.4658,1.1747
3.276,raw,816,-4.2096,-7.8930,1.3743
3.276,raw,826,-4.0203,-8.1065,1.3701
3.276,raw,836,-6.0148,-12.5782,1.1478
3.276,raw,845,-5.8141,-13.0155,1.1340
3.276,raw,855,-5.5167,-13.3805,1.1247
3.276,raw,865,-5.2199,-13.7789,1.1134
3.276,raw,875,-5.0286,-14.4964,1.0862
3.276,raw,885,-4.7752,-15.1407,1.0626
3.276,raw,895,-4.5252,-15.8962,1.0335
3.276,raw,904,-4.3503,-16.8655,0.9936
3.276,raw,914,-4.2759,-18.6270,0.9171
3.276,raw,924,-4.7268,-23.1551,0.7119
3.276,raw,934,-4.2479,-24.2851,0.6660
3.276,raw,944,-3.6069,-24.7954,0.6484
3.276,raw,954,-2.9266,-25.1877,0.6353
3.276,raw,963,-2.3050,-25.5885,0.6207
3.276,raw,973,-1.5907,-25.9912,0.6056
3.276,raw,983,-0.8514,-26.2947,0.5940
3.276,raw,993,-0.0972,-26.6077,0.5811
3.276,raw,1003,0.6745,-27.0215,0.5626
3.276,raw,1013,1.4688,-27.3932,0.5450
3.276,raw,1023,2.2892,-27.8147,0.5240
3.276,raw,1032,3.0520,-28.2089,0.5035
3.276,raw,1042,-18.1124,21.7738,0.5008
3.276,raw,1052,-17.6580,20.0614,0.5728
3.276,raw,1062,-17.2426,18.5189,0.6369
3.276,raw,1072,-16.9138,17.1730,0.6908
3.276,raw,1082,-16.6374,15.9670,0.7377
3.276,raw,1091,-16.3892,14.9487,0.7771
3.276,raw,1101,-15.8752,13.6883,0.8320
3.276,raw,1111,-15.6287,12.7229,0.8682
3.276,raw,1121,-15.4055,11.8306,0.9008
3.276,raw,1131,-14.9762,10.8457,0.9427
3.276,raw,1141,-11.1240,7.7091,1.1678
3.276,raw,1150,-14.4840,9.3403,0.9988
3.276,raw,1160,-14.3493,8.6804,1.0194
3.276,raw,1170,-14.0669,7.9706,1.0462
3.276,raw,1180,-13.7670,7.2895,1.0726
3.276,raw,1190,-13.8335,0.0314,1.4828
3.276,raw,1200,-13.6640,-0.3755,1.4863
3.276,raw,1209,-13.5260,-0.7350,1.4890
3.276,raw,1219,-8.1476,-0.6422,1.6075
3.276,raw,1229,-8.1253,-0.8920,1.6074
3.276,raw,1239,-13.0722,-1.8940,1.4962
3.276,raw,1249,-12.9216,-2.2688,1.4981
3.276,raw,1259,-12.7892,-2.6427,1.4994
3.276,raw,1268,-12.6414,-2.9696,1.5010
3.276,raw,1278,-12.4977,-3.3342,1.5021
3.276,raw,1288,-12.3513,-3.6953,1.5031
3.276,raw,1298,-12.2292,-4.0622,1.5032
3.276,raw,1308,-11.8966,-4.3527,1.5080
3.276,raw,1318,-11.7707,-4.7118,1.5078
3.276,raw,1327,-11.6593,-5.0366,1.5074
3.276,raw,1337,-11.5509,-5.4063,1.5062
3.276,raw,1347,-11.4442,-5.7804,1.5048
3.276,raw,1357,-11.3275,-6.1538,1.5033
3.276,raw,1367,-11.1059,-6.4722,1.5042
3.276,raw,1377,-10.9816,-6.8475,1.5024
3.276,raw,1386,-10.8606,-7.1846,1.5007
3.276,raw,1396,-10.6957,-7.5441,1.4993
3.276,raw,1406,-10.5351,-7.9117,1.4975
3.276,raw,1416,-10.2874,-8.2180,1.4978
3.276,raw,1426,-10.1349,-8.6020,1.4952
3.276,raw,1436,-9.9608,-8.9768,1.4928
3.276,raw,1445,-9.7379,-9.2609,1.4923
3.276,raw,1455,-9.5645,-9.6513,1.4891
3.276,raw,1465,-9.3741,-10.0363,1.4861
3.276,raw,1475,-9.1379,-10.3835,1.4841
3.276,raw,1485,-9.0093,-10.8635,1.4781
3.276,raw,1495,-8.7532,-11.2126,1.4758
3.276,raw,1505,-8.5010,-11.5772,1.4730
3.276,raw,1514,-8.4464,-12.1527,1.4635
3.276,raw,1524,-8.1743,-12.5306,1.4602
3.276,raw,1534,-7.9070,-12.9326,1.4561
3.276,raw,1544,-7.6276,-13.3360,1.4518
3.276,raw,1554,-7.5256,-14.0762,1.4388
3.276,raw,1564,-7.2320,-14.5272,1.4332
3.276,raw,1573,-6.9568,-14.9397,1.4279
3.276,raw,1583,-8.5429,-19.5387,1.3212
3.276,raw,1593,-8.2460,-20.4320,1.3059
3.276,raw,1603,-7.9186,-21.3583,1.2897
3.276,raw,1613,-7.5738,-22.3623,1.2716
3.276,raw,1623,-7.2934,-23.7152,1.2454
3.276,raw,1632,-6.9418,-24.8070,1.2247
3.276,raw,1642,-6.5124,-26.0966,1.1999
3.276,raw,1652,-5.9112,-26.9461,1.1850
3.276,raw,1662,-5.1758,-27.3433,1.1800
3.276,raw,1672,-4.4296,-27.7586,1.1741
3.276,raw,1682,-3.6698,-28.1913,1.1674
3.276,raw,1691,-2.9693,-28.5720,1.1611
3.276,raw,1701,-2.1812,-29.0829,1.1518
3.276,raw,1711,-1.3680,-29.5926,1.1420
3.276,raw,1721,-0.5313,-30.1828,1.1299
3.276,raw,1731,0.3375,-30.7783,1.1171
3.276,raw,1741,1.2348,-31.1257,1.1093
3.276,raw,1750,2.0587,-31.4043,1.1025
3.276,raw,1760,2.9981,-31.7735,1.0931
3.276,raw,1770,3.9796,-32.3000,1.0796
3.276,raw,1780,5.0048,-32.8805,1.0641
3.276,raw,1790,6.1098,-33.6936,1.0428
3.276,raw,1800,-23.1808,25.2186,1.0386
3.276,raw,1809,-22.7053,23.4777,1.0735
3.276,raw,1819,-21.8018,21.3192,1.1210
3.276,raw,1829,-20.9342,19.3578,1.1644
3.276,raw,1839,-20.3950,17.8202,1.1957
3.276,raw,1849,-19.6052,16.1864,1.2320
3.276,raw,1859,-18.9394,14.7630,1.2628
3.276,raw,1868,-18.6449,13.7818,1.2808
3.276,raw,1878,-11.0078,7.8715,1.4936
3.276,raw,1888,-17.8740,11.7036,1.3205
3.276,raw,1898,-17.5414,10.7840,1.3373
3.276,raw,1908,-17.5529,10.1028,1.3445
3.276,raw,1918,-17.2148,9.2629,1.3598
3.276,raw,1927,-16.9863,8.5807,1.3710
3.276,raw,1937,-16.6636,7.8254,1.3844
3.276,raw,1947,-16.4318,7.1449,1.3951
3.276,raw,1957,-16.1437,6.4721,1.4064
3.276,raw,1967,-16.2163,5.9549,1.4088
3.276,raw,1977,-15.9821,5.3475,1.4179
3.276,raw,1987,-15.7291,4.7590,1.4270
3.276,raw,1996,-15.5424,4.2602,1.4338
3.276,raw,2006,-15.3497,3.7282,1.4407
3.276,raw,2016,-15.0983,3.2027,1.4485
3.276,raw,2026,-14.9217,2.7096,1.4542
3.276,raw,2036,-14.7227,2.2283,1.4601
3.276,raw,2046,-14.5411,1.7640,1.4654
3.276,raw,2055,-14.3807,1.3577,1.4697
3.276,raw,2065,-14.2071,0.9181,1.4742
3.276,raw,2075,-14.0188,0.4894,1.4787
3.276,raw,2085,-31.4566,0.0518,1.8433
3.276,raw,2095,-30.9237,-0.8510,1.8426
3.276,raw,2105,-30.4395,-1.7278,1.8420
3.276,raw,2114,-29.9672,-2.4925,1.8415
3.276,raw,2124,-8.5159,-0.8869,1.8123
3.276,raw,2134,-29.0353,-4.1348,1.8405
3.276,raw,2144,-28.5788,-4.9269,1.8400
3.276,raw,2154,-17.3125,-3.4884,1.8247
3.276,raw,2164,-16.7594,-3.8965,1.8241
3.276,raw,2173,-27.3138,-7.1395,1.8390
3.276,raw,2183,-16.0905,-4.7111,1.8235
3.276,raw,2193,-26.0064,-8.4545,1.8378
3.276,raw,2203,-14.7878,-5.3034,1.8220
3.276,raw,2213,-24.5364,-9.6027,1.8365
3.276,raw,2223,-23.8455,-10.1502,1.8359
3.276,raw,2232,-23.2566,-10.6350,1.8354
3.276,raw,2242,-15.2774,-7.5692,1.8239
3.276,raw,2252,-21.9585,-11.6492,1.8344
3.276,raw,2262,-23.6258,-13.4247,1.8376
3.276,raw,2272,-23.2404,-14.1226,1.8376
3.276,raw,2282,-22.8339,-14.8091,1.8376
3.276,raw,2291,-22.4951,-15.4468,1.8377
3.276,raw,2301,-22.1092,-16.1545,1.8378
3.276,raw,2311,-21.7237,-16.8697,1.8380
3.276,raw,2321,-21.3421,-17.5975,1.8382
3.276,raw,2331,-20.9290,-18.3106,1.8384
3.276,raw,2341,-20.5320,-19.0502,1.8386
3.276,raw,2350,-20.1681,-19.7234,1.8389
3.276,raw,2360,-19.7311,-20.4559,1.8392
3.276,raw,2370,-19.2993,-21.2124,1.8395
3.276,raw,2380,-18.8598,-21.9826,1.8399
3.276,raw,2390,-18.4182,-22.7766,1.8403
3.276,raw,2400,-17.9692,-23.5919,1.8408
3.276,raw,2409,-17.5480,-24.3330,1.8413
3.276,raw,2419,-17.0819,-25.1959,1.8418
3.276,raw,2429,-16.5909,-26.0673,1.8424
3.276,raw,2439,-16.0746,-26.9481,1.8431
3.276,raw,2449,-15.5526,-27.8744,1.8438
3.276,raw,2459,-15.0236,-28.8540,1.8446
3.276,raw,2469,-14.4632,-29.8494,1.8455
3.276,raw,2478,-13.9545,-30.8101,1.8463
3.276,raw,2488,-13.3386,-31.8609,1.8473
3.276,raw,2498,-34.2848,5.3840,1.8477
3.276,raw,2508,-33.7767,4.3034,1.8468
3.276,raw,2518,-33.2875,3.2611,1.8460
3.276,raw,2528,-32.7075,2.2467,1.8451
3.276,raw,2537,-16.8399,0.8023,1.8236
3.276,raw,2547,-31.6681,0.4200,1.8436
3.276,raw,2557,-16.7553,-0.9916,2.2295
3.276,raw,2567,-16.6131,-1.8773,2.2280
3.276,raw,2577,-17.0201,-3.3760,2.2439
3.276,raw,2587,-17.5560,-6.1741,2.2751
3.276,raw,2596,-14.9650,-6.7112,2.2203
3.276,raw,2606,-14.5422,-7.9772,2.2247
3.276,raw,2616,-19.9324,-24.0370,2.5855
3.276,raw,2626,-19.5808,-0.0797,2.7704
3.276,raw,2636,-32.0138,-4.0911,3.3834
3.276,raw,2646,-26.1249,-13.8371,3.2525
3.276,raw,2655,-25.8100,-14.5535,3.2556
3.276,raw,2665,-19.6345,-24.2485,3.3275
3.276,raw,2675,-17.5661,-5.8291,3.1681
3.276,raw,2685,-25.9208,-14.3174,3.9638
3.276,raw,2695,-19.3826,0.0372,3.6989
3.276,raw,2705,-19.4666,-0.5387,3.7081
3.276,raw,2714,-19.3406,-1.0497,3.6984
3.276,raw,2724,-19.1433,-1.6067,3.6837
3.276,raw,2734,-18.9866,-2.1599,3.6743
3.276,raw,2744,-15.6648,-2.2385,3.3614
3.276,raw,2754,-11.4326,-8.5136,3.2094
3.276,raw,2764,-16.4957,-0.1402,3.8276
3.276,raw,2773,-16.3289,-0.5740,3.8093
3.276,raw,2783,-16.1886,-1.0503,3.7959
3.276,raw,2793,-16.0501,-1.5207,3.7844
3.276,raw,2803,-15.9021,-1.9847,3.7732
3.276,raw,2813,-15.5644,-2.4132,3.7408
3.276,raw,2823,-15.4332,-2.8654,3.7347
3.276,raw,2832,-15.3070,-3.2683,3.7295
3.276,raw,2842,-15.1636,-3.7128,3.7248
3.276,raw,2852,-15.0198,-4.1553,3.7216
3.276,raw,2862,-14.8919,-4.6015,3.7220
3.276,raw,2872,-16.2645,-5.7217,3.9189
3.276,raw,2882,-14.6162,-5.6384,3.7313
3.276,raw,2891,-14.4847,-6.0382,3.7343
3.276,raw,2901,-14.3705,-6.4988,3.7435
3.276,raw,2911,-14.2119,-6.9434,3.7486
3.276,raw,2921,-14.0584,-7.3938,3.7563
3.276,raw,2931,-13.9333,-7.8647,3.7696
3.276,raw,2941,-16.6862,0.5985,3.8506
4.818,raw,0,-5.4024,-6.2182,0.5801
4.818,raw,11,-5.2388,-6.4496,0.5713
4.818,raw,23,-5.0591,-6.7082,0.5598
4.818,raw,34,-4.8858,-6.9428,0.5490
4.818,raw,46,-4.7197,-7.2413,0.5290
4.818,raw,58,-4.5234,-7.5125,0.5131
4.818,raw,69,-4.3114,-7.7224,0.5042
4.818,raw,81,9.5358,-0.4234,0.5347
4.818,raw,92,9.3574,-0.1317,0.5616
4.818,raw,104,9.1690,0.1731,0.5887
4.818,raw,116,9.6067,0.4869,0.5266
4.818,raw,127,-5.8484,-6.9410,0.6904
4.818,raw,139,-5.6555,-7.2233,0.6803
4.818,raw,150,-5.4934,-7.5102,0.6662
4.818,raw,162,-5.2665,-7.7697,0.6580
4.818,raw,174,-5.0729,-8.0879,0.6407
4.818,raw,185,-4.6757,-8.0496,0.6698
4.818,raw,197,-4.2309,-7.9534,0.7062
4.818,raw,208,-4.4494,-8.9781,0.5899
4.818,raw,220,-4.1873,-9.2565,0.5753
4.818,raw,232,-3.9281,-9.5631,0.5562
4.818,raw,243,-3.6774,-9.8398,0.5384
4.818,raw,255,-3.4008,-10.1654,0.5152
4.818,raw,266,9.7596,-0.7589,0.7206
4.818,raw,278,9.5640,-0.4253,0.7464
4.818,raw,290,9.3475,-0.1059,0.7734
4.818,raw,301,9.1545,0.1731,0.7963
4.818,raw,313,9.6008,0.4867,0.7437
4.818,raw,324,10.1034,0.8082,0.6835
4.818,raw,336,-6.3875,-7.6775,0.8322
4.818,raw,348,-6.1915,-8.0068,0.8208
4.818,raw,359,-6.0263,-8.3404,0.8061
4.818,raw,371,-5.7933,-8.6508,0.7959
4.818,raw,382,-5.5684,-8.9311,0.7864
4.818,raw,394,-4.4966,-7.9200,0.9189
4.818,raw,406,-4.1523,-7.9793,0.9305
4.818,raw,417,-4.8569,-9.9343,0.7405
4.818,raw,429,-4.5888,-10.2844,0.7229
4.818,raw,440,-4.2975,-10.5333,0.7135
4.818,raw,452,-4.0174,-10.9169,0.6911
4.818,raw,464,-3.7200,-11.3036,0.6678
4.818,raw,475,-3.4951,-11.8500,0.6270
4.818,raw,487,-3.2014,-12.3967,0.5869
4.818,raw,498,-2.9107,-12.9213,0.5473
4.818,raw,510,9.7562,-0.7586,0.9407
4.818,raw,522,9.5244,-0.4227,0.9647
4.818,raw,533,9.3473,-0.1313,0.9824
4.818,raw,545,9.1779,0.1731,0.9985
4.818,raw,556,9.5696,0.4596,0.9618
4.818,raw,568,10.1162,0.8091,0.9097
4.818,raw,580,-7.5129,-7.8689,1.0158
4.818,raw,591,-7.3276,-8.1964,1.0085
4.818,raw,603,-7.1160,-8.5551,1.0000
4.818,raw,614,-6.8985,-8.8676,0.9932
4.818,raw,626,-6.6561,-9.2143,0.9849
4.818,raw,638,-6.3981,-9.5542,0.9766
4.818,raw,649,-6.1796,-9.9068,0.9651
4.818,raw,661,-4.4467,-7.8912,1.1467
4.818,raw,672,-4.1503,-7.9759,1.1522
4.818,raw,684,-5.4014,-11.0345,0.9256
4.818,raw,696,-5.0857,-11.3846,0.9139
4.818,raw,707,-4.8194,-11.7837,0.8967
4.818,raw,719,-4.4843,-12.1582,0.8820
4.818,raw,731,-4.2149,-12.7559,0.8502
4.818,raw,742,-3.9512,-13.3439,0.8179
4.818,raw,754,-3.6777,-14.1552,0.7700
4.818,raw,765,-3.3602,-14.8106,0.7323
4.818,raw,777,-2.9929,-15.6159,0.6842
4.818,raw,789,-2.6261,-16.6893,0.6166
4.818,raw,800,-2.2246,-17.6422,0.5565
4.818,raw,812,9.6768,-0.6179,1.1658
4.818,raw,823,9.4577,-0.3152,1.1824
4.818,raw,835,9.2637,-0.0028,1.1965
4.818,raw,847,9.3329,0.2998,1.1918
4.818,raw,858,9.7845,0.5999,1.1600
4.818,raw,870,-10.1498,-5.0912,1.2586
4.818,raw,881,-9.9509,-5.4114,1.2600
4.818,raw,893,-9.8425,-5.8213,1.2552
4.818,raw,905,-9.6338,-6.1776,1.2550
4.818,raw,916,-9.4634,-6.5190,1.2531
4.818,raw,928,-9.3339,-6.9365,1.2471
4.818,raw,939,-9.1628,-7.2895,1.2437
4.818,raw,951,-8.9571,-7.6662,1.2404
4.818,raw,963,-8.7140,-8.0174,1.2384
4.818,raw,974,-8.5306,-8.3806,1.2334
4.818,raw,986,-8.3418,-8.8004,1.2262
4.818,raw,997,-8.1316,-9.1598,1.2210
4.818,raw,1009,-7.8867,-9.5473,1.2153
4.818,raw,1021,-7.6458,-9.9543,1.2081
4.818,raw,1032,-7.3738,-10.2762,1.2042
4.818,raw,1044,-7.1274,-10.7106,1.1948
4.818,raw,1055,-6.9070,-11.1407,1.1842
4.818,raw,1067,-4.3827,-7.8907,1.3707
4.818,raw,1079,-4.0694,-7.9971,1.3737
4.818,raw,1090,-6.0190,-12.3763,1.1562
4.818,raw,1102,-5.7200,-12.8818,1.1417
4.818,raw,1113,-5.4086,-13.3094,1.1299
4.818,raw,1125,-5.0656,-13.8194,1.1145
4.818,raw,1137,-4.8352,-14.7127,1.0802
4.818,raw,1148,-4.5477,-15.4460,1.0529
4.818,raw,1160,-4.2134,-16.3331,1.0187
4.818,raw,1171,-4.1209,-18.1796,0.9387
4.818,raw,1183,-4.5048,-23.0341,0.7195
4.818,raw,1195,-3.9160,-24.3786,0.6647
4.818,raw,1206,-3.1803,-24.7925,0.6516
4.818,raw,1218,-2.3614,-25.2936,0.6338
4.818,raw,1229,-1.5843,-25.7315,0.6174
4.818,raw,1241,-0.7015,-26.0344,0.6062
4.818,raw,1253,0.1975,-26.4914,0.5866
4.818,raw,1264,1.0487,-26.9139,0.5672
4.818,raw,1276,2.0101,-27.3971,0.5436
4.818,raw,1287,2.9221,-27.8180,0.5216
4.818,raw,1299,9.7362,-0.7566,1.3785
4.818,raw,1311,9.5290,-0.4230,1.3891
4.818,raw,1322,9.3667,-0.1320,1.3972
4.818,raw,1334,9.1624,0.1731,1.4067
4.818,raw,1345,9.5915,0.4603,1.3869
4.818,raw,1357,10.1024,0.8082,1.3629
4.818,raw,1369,25.5514,11.7040,0.5455
4.818,raw,1380,-17.9002,20.3046,0.5578
4.818,raw,1392,-17.4283,18.4786,0.6329
4.818,raw,1404,-16.9113,16.7652,0.7044
4.818,raw,1415,-16.5839,15.4521,0.7559
4.818,raw,1427,-16.1287,14.0429,0.8135
4.818,raw,1438,-15.7791,12.9003,0.8585
4.818,raw,1450,-15.4476,11.7773,0.9014
4.818,raw,1462,-11.0412,7.9785,1.1649
4.818,raw,1473,-11.3246,7.6356,1.1626
4.818,raw,1485,-14.5286,8.9456,1.0070
4.818,raw,1496,-14.1728,8.1264,1.0394
4.818,raw,1508,-13.8374,7.3156,1.0699
4.818,raw,1520,-13.8315,-0.0509,1.4832
4.818,raw,1531,-13.6377,-0.4961,1.4872
4.818,raw,1543,-8.2698,-0.5495,1.6054
4.818,raw,1554,-8.1387,-0.8152,1.6077
4.818,raw,1566,-13.0704,-1.8511,1.4968
4.818,raw,1578,-12.8802,-2.2979,1.4993
4.818,raw,1589,-12.7109,-2.7020,1.5012
4.818,raw,1601,-12.5514,-3.1432,1.5024
4.818,raw,1612,-12.3754,-3.5362,1.5039
4.818,raw,1624,-12.1949,-3.9641,1.5049
4.818,raw,1636,-11.8627,-4.3340,1.5092
4.818,raw,1647,-11.7376,-4.7325,1.5087
4.818,raw,1659,-11.5872,-5.1637,1.5080
4.818,raw,1670,-11.4483,-5.5609,1.5072
4.818,raw,1682,-11.3127,-6.0063,1.5055
4.818,raw,1694,-11.1686,-6.4536,1.5035
4.818,raw,1705,-10.9545,-6.8205,1.5035
4.818,raw,1717,-10.7529,-7.2424,1.5023
4.818,raw,1728,-10.5880,-7.6479,1.5003
4.818,raw,1740,-10.3003,-8.0175,1.5006
4.818,raw,1752,-10.1122,-8.4675,1.4977
4.818,raw,1763,-9.9357,-8.8875,1.4948
4.818,raw,1775,-9.6419,-9.2655,1.4940
4.818,raw,1786,-9.4591,-9.7013,1.4903
4.818,raw,1798,-9.2008,-10.1327,1.4875
4.818,raw,1810,-8.9095,-10.5409,1.4851
4.818,raw,1821,-8.7051,-11.0017,1.4803
4.818,raw,1833,-8.4061,-11.4323,1.4770
4.818,raw,1844,-8.2248,-11.9722,1.4698
4.818,raw,1856,-7.8902,-12.3998,1.4663
4.818,raw,1868,-4.5398,-7.9896,1.5882
4.818,raw,1879,-4.3643,-8.2925,1.5844
4.818,raw,1891,-7.0791,-14.1078,1.4431
4.818,raw,1902,-6.7596,-14.6161,1.4364
4.818,raw,1914,-6.3665,-15.1272,1.4299
4.818,raw,1926,-7.9953,-20.6311,1.3040
4.818,raw,1937,-7.6388,-21.7079,1.2848
4.818,raw,1949,-7.2963,-23.2231,1.2558
4.818,raw,1960,-6.8607,-24.4859,1.2321
4.818,raw,1972,-6.3398,-25.9982,1.2031
4.818,raw,1984,-5.5694,-26.8213,1.1895
4.818,raw,1995,-4.7615,-27.2509,1.1838
4.818,raw,2007,-3.8658,-27.7535,1.1763
4.818,raw,2018,-3.0208,-28.1965,1.1692
4.818,raw,2030,-2.0860,-28.8062,1.1580
4.818,raw,2042,-1.1165,-29.4415,1.1456
4.818,raw,2053,-0.1934,-30.0597,1.1328
4.818,raw,2065,0.8546,-30.5541,1.1220
4.818,raw,2076,1.8417,-30.9071,1.1137
4.818,raw,2088,2.9534,-31.3751,1.1019
4.818,raw,2100,4.1189,-31.9800,1.0862
4.818,raw,2111,5.2475,-32.6432,1.0685
4.818,raw,2123,6.6159,-33.7969,1.0385
4.818,raw,2135,9.6161,-0.5601,1.5987
4.818,raw,2146,9.4367,-0.2627,1.6030
4.818,raw,2158,9.2514,0.0477,1.6073
4.818,raw,2169,9.3327,0.3252,1.6055
4.818,raw,2181,9.8685,0.6577,1.5934
4.818,raw,2193,26.4470,12.2073,1.1692
4.818,raw,2204,-23.2291,24.1195,1.0556
4.818,raw,2216,-22.0620,21.4234,1.1156
4.818,raw,2227,-21.0377,19.2105,1.1652
4.818,raw,2239,-20.3607,17.3675,1.2030
4.818,raw,2251,-19.4297,15.4770,1.2450
4.818,raw,2262,-19.0580,14.2311,1.2680
4.818,raw,2274,-11.0162,7.8653,1.4939
4.818,raw,2285,-18.0848,11.7493,1.3163
4.818,raw,2297,-17.6468,10.6250,1.3374
4.818,raw,2309,-17.5948,9.7790,1.3474
4.818,raw,2320,-17.2351,8.8803,1.3635
4.818,raw,2332,-16.8781,7.9726,1.3792
4.818,raw,2343,-16.5646,7.1918,1.3923
4.818,raw,2355,-16.2329,6.3890,1.4056
4.818,raw,2367,-16.2097,5.7317,1.4109
4.818,raw,2378,-15.9291,5.0665,1.4212
4.818,raw,2390,-15.6618,4.3851,1.4309
4.818,raw,2401,-15.4042,3.7844,1.4396
4.818,raw,2413,-15.1592,3.1642,1.4477
4.818,raw,2425,-14.9279,2.5710,1.4550
4.818,raw,2436,-14.6821,2.0427,1.4619
4.818,raw,2448,-14.4488,1.4917,1.4683
4.818,raw,2459,-14.2505,1.0046,1.4735
4.818,raw,2471,-14.0435,0.4896,1.4785
4.818,raw,2483,-16.9029,0.0028,1.8236
4.818,raw,2494,-31.4111,-1.1437,1.8433
4.818,raw,2506,-30.7100,-2.1959,1.8424
4.818,raw,2517,-8.5961,-0.8140,1.8124
4.818,raw,2529,-29.5124,-4.1152,1.8411
4.818,raw,2541,-28.9019,-5.0692,1.8405
4.818,raw,2552,-17.3163,-3.5930,1.8247
4.818,raw,2564,-16.3518,-4.0023,1.8235
4.818,raw,2575,-16.1875,-4.5268,1.8235
4.818,raw,2587,-26.6998,-8.5029,1.8387
4.818,raw,2599,-14.8037,-5.3032,1.8220
4.818,raw,2610,-24.6628,-9.7302,1.8367
4.818,raw,2622,-15.5172,-6.7839,1.8237
4.818,raw,2633,-22.7406,-10.8002,1.8348
4.818,raw,2645,-21.8278,-11.3281,1.8340
4.818,raw,2657,-20.9346,-11.8218,1.8333
4.818,raw,2668,-20.1521,-12.2580,1.8327
4.818,raw,2680,-22.5957,-14.8353,1.8373
4.818,raw,2691,-11.8014,-8.3959,1.8203
4.818,raw,2703,-11.5704,-8.8693,1.8205
4.818,raw,2715,-21.1211,-17.2007,1.8376
4.818,raw,2726,-20.6618,-17.9623,1.8378
4.818,raw,2738,-20.1324,-18.7814,1.8380
4.818,raw,2749,-19.6569,-19.5557,1.8382
4.818,raw,2761,-19.1527,-20.4366,1.8386
4.818,raw,2773,-18.6366,-21.3342,1.8390
4.818,raw,2784,-18.1488,-22.1701,1.8394
4.818,raw,2796,-17.6108,-23.1131,1.8400
4.818,raw,2808,-17.0589,-24.0856,1.8406
4.818,raw,2819,-16.5300,-24.9930,1.8412
4.818,raw,2831,-15.9391,-26.0224,1.8419
4.818,raw,2842,-15.3917,-27.0231,1.8427
4.818,raw,2854,-14.7612,-28.1421,1.8436
4.818,raw,2866,-14.0891,-29.2838,1.8445
4.818,raw,2877,-13.4432,-30.3702,1.8455
4.818,raw,2889,-12.7083,-31.6180,1.8466
4.818,raw,2900,9.7604,-0.8127,1.8126
4.818,raw,2912,9.5683,-0.4778,1.8123
4.818,raw,2924,9.3656,-0.1574,1.8120
4.818,raw,2935,9.1808,0.1233,1.8117
4.818,raw,2947,9.5007,0.4315,1.8122
4.818,raw,2958,10.0024,0.7467,1.8129
4.818,raw,2970,-34.2867,3.7529,1.8474
4.818,raw,2982,-33.6470,2.4996,1.8464
4.818,raw,2993,-16.8545,0.8019,1.8236
4.818,raw,3005,-32.2578,0.2343,1.8444
4.818,raw,3016,-18.7972,-0.4594,2.2789
4.818,raw,3028,-31.8084,-3.3099,2.6057
4.818,raw,3040,-18.4564,-3.0981,2.2772
4.818,raw,3051,-15.2122,-4.7946,2.2088
4.818,raw,3063,-15.5599,-7.3023,2.2394
4.818,raw,3074,-25.9005,-14.3977,2.5476
4.818,raw,3086,-19.4725,-24.1773,2.5806
4.818,raw,3098,9.6135,-0.5599,2.0260
4.818,raw,3109,9.4236,-0.2621,2.0208
4.818,raw,3121,9.2494,0.0477,2.0163
4.818,raw,3132,9.3436,0.3254,2.0186
4.818,raw,3144,9.8909,0.6589,2.0325
4.818,raw,3156,-31.8639,-3.4100,3.3715
4.818,raw,3167,-18.7640,-2.8096,2.7412
4.818,raw,3179,-25.9292,-14.3146,3.2544
4.818,raw,3190,-19.8735,-24.2334,3.3338
4.818,raw,3202,-18.4681,-3.0440,3.1815
4.818,raw,3214,-25.9379,-14.3193,3.9639
4.818,raw,3225,-19.5785,-0.0223,3.7160
4.818,raw,3237,-19.4467,-0.7104,3.7052
4.818,raw,3248,-19.2665,-1.3304,3.6915
4.818,raw,3260,-19.0595,-1.9960,3.6778
4.818,raw,3272,-15.6737,-2.1899,3.3599
4.818,raw,3283,-11.4513,-8.5150,3.2097
4.818,raw,3295,-16.4871,-0.1889,3.8246
4.818,raw,3306,-16.3047,-0.7178,3.8052
4.818,raw,3318,-16.1374,-1.2865,3.7900
4.818,raw,3330,-15.9551,-1.8452,3.7754
4.818,raw,3341,-15.6003,-2.3214,3.7413
4.818,raw,3353,-15.4486,-2.8652,3.7345
4.818,raw,3364,-15.2702,-3.3519,3.7254
4.818,raw,3376,-15.1144,-3.8879,3.7223
4.818,raw,3388,-14.9618,-4.4236,3.7219
4.818,raw,3399,-14.8116,-4.9117,3.7222
4.818,raw,3411,-14.6739,-5.6041,3.7344
4.818,raw,3422,-14.5062,-6.0908,3.7372
4.818,raw,3434,-14.3256,-6.6255,3.7430
4.818,raw,3446,-14.1550,-7.1697,3.7526
4.818,raw,3457,-14.0038,-7.6775,3.7646
4.818,raw,3469,-16.7704,0.6994,3.8588
6.268,raw,0,-5.4974,-6.3275,0.5602
6.268,raw,12,-5.3176,-6.5861,0.5500
6.268,raw,24,-5.1159,-6.8262,0.5424
6.268,raw,36,-4.9312,-7.0957,0.5285
6.268,raw,48,-4.7300,-7.3541,0.5158
6.268,raw,60,9.7524,-0.7448,0.5017
6.268,raw,73,9.4990,-0.3826,0.5410
6.268,raw,85,9.3101,-0.0677,0.5694
6.268,raw,97,9.2311,0.2346,0.5808
6.268,raw,109,9.7386,0.5571,0.5085
6.268,raw,121,-5.8529,-7.1612,0.6712
6.268,raw,134,-5.6444,-7.4803,0.6583
6.268,raw,146,-5.4271,-7.7547,0.6487
6.268,raw,158,-5.2340,-8.0744,0.6318
6.268,raw,170,-5.0223,-8.3846,0.6157
6.268,raw,182,-4.3328,-7.9199,0.7040
6.268,raw,194,-4.0940,-8.1596,0.6938
6.268,raw,207,-4.2766,-9.3044,0.5663
6.268,raw,219,-4.0050,-9.5884,0.5504
6.268,raw,231,-3.7250,-9.8776,0.5329
6.268,raw,243,-3.4455,-10.1982,0.5104
6.268,raw,255,9.7215,-0.7151,0.7262
6.268,raw,268,9.5059,-0.3571,0.7544
6.268,raw,280,9.2944,-0.0421,0.7804
6.268,raw,292,9.2643,0.2600,0.7841
6.268,raw,304,9.7837,0.5857,0.7226
6.268,raw,316,-6.6131,-7.6177,0.8226
6.268,raw,329,-6.3935,-7.9681,0.8118
6.268,raw,341,-6.1978,-8.3137,0.7986
6.268,raw,353,-6.0004,-8.6741,0.7832
6.268,raw,365,-5.7422,-8.9671,0.7750
6.268,raw,377,-5.4863,-9.2760,0.7642
6.268,raw,389,-4.2416,-7.9254,0.9311
6.268,raw,402,-4.9583,-9.9882,0.7321
6.268,raw,414,-4.6747,-10.3114,0.7176
6.268,raw,426,-4.3626,-10.5989,0.7060
6.268,raw,438,-4.0665,-10.9493,0.6872
6.268,raw,450,-3.7757,-11.3552,0.6620
6.268,raw,463,-3.4922,-11.9587,0.6181
6.268,raw,475,-3.1882,-12.4856,0.5799
6.268,raw,487,-2.8969,-13.1785,0.5252
6.268,raw,499,9.7115,-0.6875,0.9460
6.268,raw,511,9.4868,-0.3560,0.9691
6.268,raw,524,9.2837,-0.0166,0.9891
6.268,raw,536,9.3122,0.2858,0.9865
6.268,raw,548,9.8374,0.6150,0.9369
6.268,raw,560,-7.7270,-7.8077,1.0084
6.268,raw,572,-7.5340,-8.1772,0.9998
6.268,raw,584,-7.3283,-8.5460,0.9909
6.268,raw,597,-7.0350,-8.8781,0.9868
6.268,raw,609,-6.8322,-9.2789,0.9741
6.268,raw,621,-6.5803,-9.6343,0.9650
6.268,raw,633,-6.3096,-9.9792,0.9562
6.268,raw,645,-4.5399,-7.9445,1.1405
6.268,raw,658,-4.1501,-7.9827,1.1521
6.268,raw,670,-5.4732,-11.1732,0.9151
6.268,raw,682,-5.1346,-11.4880,0.9063
6.268,raw,694,-4.8403,-11.9255,0.8875
6.268,raw,706,-4.4818,-12.2556,0.8762
6.268,raw,719,-4.1991,-12.9454,0.8387
6.268,raw,731,-3.8875,-13.5449,0.8065
6.268,raw,743,-3.6050,-14.3661,0.7579
6.268,raw,755,-3.2523,-15.1083,0.7146
6.268,raw,767,-2.8624,-15.8865,0.6683
6.268,raw,779,-2.4818,-16.9898,0.5985
6.268,raw,792,-2.0303,-18.4834,0.5015
6.268,raw,804,9.5951,-0.5193,1.1724
6.268,raw,816,9.3894,-0.1972,1.1879
6.268,raw,828,9.1867,0.1098,1.2024
6.268,raw,840,9.5105,0.4179,1.1798
6.268,raw,853,10.0974,0.7933,1.1381
6.268,raw,865,-10.2843,-5.4336,1.2460
6.268,raw,877,-10.1641,-5.8476,1.2419
6.268,raw,889,-9.9453,-6.2094,1.2422
6.268,raw,901,-9.8153,-6.6297,1.2369
6.268,raw,914,-9.6004,-7.0439,1.2344
6.268,raw,926,-9.3954,-7.4267,1.2316
6.268,raw,938,-9.1747,-7.8027,1.2288
6.268,raw,950,-8.9489,-8.1805,1.2255
6.268,raw,962,-8.7010,-8.5450,1.2227
6.268,raw,974,-8.5053,-8.9692,1.2155
6.268,raw,987,-8.2300,-9.3786,1.2107
6.268,raw,999,-7.9787,-9.7715,1.2049
6.268,raw,1011,-7.7385,-10.1933,1.1971
6.268,raw,1023,-7.4225,-10.5339,1.1936
6.268,raw,1035,-7.1502,-10.9480,1.1855
6.268,raw,1048,-6.8593,-11.4299,1.1745
6.268,raw,1060,-4.2201,-7.8889,1.3748
6.268,raw,1072,-4.0797,-8.3048,1.3614
6.268,raw,1084,-5.9039,-12.6926,1.1460
6.268,raw,1096,-5.6093,-13.2394,1.1293
6.268,raw,1108,-5.2409,-13.6763,1.1178
6.268,raw,1121,-4.9660,-14.5402,1.0858
6.268,raw,1133,-4.6503,-15.3013,1.0580
6.268,raw,1145,-4.3199,-16.1635,1.0251
6.268,raw,1157,-4.1356,-17.7894,0.9560
6.268,raw,1169,-4.5934,-22.7736,0.7306
6.268,raw,1182,-3.9661,-24.2125,0.6721
6.268,raw,1194,-3.1774,-24.7179,0.6553
6.268,raw,1206,-2.3560,-25.1705,0.6397
6.268,raw,1218,-1.5089,-25.6100,0.6235
6.268,raw,1230,-0.6296,-25.8998,0.6128
6.268,raw,1243,0.3417,-26.3499,0.5935
6.268,raw,1255,1.2673,-26.7550,0.5746
6.268,raw,1267,2.2243,-27.1868,0.5530
6.268,raw,1279,3.2185,-27.6513,0.5283
6.268,raw,1291,4.2540,-28.1349,0.5011
6.268,raw,1303,9.5947,-0.5455,1.3860
6.268,raw,1316,9.3704,-0.1965,1.3972
6.268,raw,1328,9.1832,0.1098,1.4060
6.268,raw,1340,9.4948,0.4174,1.3917
6.268,raw,1352,10.0550,0.7630,1.3655
6.268,raw,1364,24.6840,11.1918,0.5912
6.268,raw,1377,-18.7874,19.7728,0.5471
6.268,raw,1389,-18.1017,17.8149,0.6318
6.268,raw,1401,-17.5841,16.1754,0.6995
6.268,raw,1413,-17.1151,14.7078,0.7592
6.268,raw,1425,-16.6891,13.3860,0.8118
6.268,raw,1438,-16.2445,12.0751,0.8636
6.268,raw,1450,-11.0656,7.8076,1.1678
6.268,raw,1462,-15.4477,9.9256,0.9478
6.268,raw,1474,-15.1882,9.0374,0.9784
6.268,raw,1486,-14.7696,8.1178,1.0151
6.268,raw,1498,-14.5635,7.3605,1.0389
6.268,raw,1511,-14.6923,-0.3698,1.4639
6.268,raw,1523,-14.4611,-0.8802,1.4685
6.268,raw,1535,-8.1306,-0.7426,1.6079
6.268,raw,1547,-8.2963,-1.0687,1.6034
6.268,raw,1559,-13.8159,-2.3430,1.4787
6.268,raw,1572,-13.5632,-2.8452,1.4821
6.268,raw,1584,-13.3713,-3.3094,1.4839
6.268,raw,1596,-13.1697,-3.7655,1.4856
6.268,raw,1608,-12.9603,-4.2141,1.4871
6.268,raw,1620,-12.4676,-4.5555,1.4950
6.268,raw,1633,-12.2710,-5.0330,1.4952
6.268,raw,1645,-12.0491,-5.4556,1.4961
6.268,raw,1657,-11.8707,-5.8970,1.4955
6.268,raw,1669,-11.6595,-6.3236,1.4954
6.268,raw,1681,-11.3883,-6.7166,1.4964
6.268,raw,1693,-11.2014,-7.1592,1.4949
6.268,raw,1706,-10.9554,-7.6163,1.4940
6.268,raw,1718,-10.8185,-8.1082,1.4902
6.268,raw,1730,-10.4635,-8.4451,1.4920
6.268,raw,1742,-10.3197,-8.9529,1.4874
6.268,raw,1754,-10.0104,-9.3317,1.4871
6.268,raw,1767,-9.8328,-9.8976,1.4814
6.268,raw,1779,-9.5779,-10.3509,1.4783
6.268,raw,1791,-9.2490,-10.7371,1.4770
6.268,raw,1803,-9.0810,-11.3229,1.4696
6.268,raw,1815,-8.7415,-11.7271,1.4674
6.268,raw,1828,-8.5450,-12.4171,1.4578
6.268,raw,1840,-8.1889,-12.8462,1.4545
6.268,raw,1852,-7.8277,-13.2879,1.4507
6.268,raw,1864,-4.3724,-8.3696,1.5830
6.268,raw,1876,-7.2379,-14.5057,1.4338
6.268,raw,1888,-6.8483,-15.0131,1.4277
6.268,raw,1901,-8.3625,-20.0112,1.3136
6.268,raw,1913,-7.9717,-21.0804,1.2952
6.268,raw,1925,-7.5386,-22.2046,1.2754
6.268,raw,1937,-7.1638,-23.7147,1.2465
6.268,raw,1949,-6.6621,-25.1119,1.2202
6.268,raw,1962,-5.9984,-26.5299,1.1937
6.268,raw,1974,-5.1262,-26.9887,1.1881
6.268,raw,1986,-4.2305,-27.4212,1.1824
6.268,raw,1998,-3.3179,-27.8701,1.1757
6.268,raw,2010,-2.3943,-28.4285,1.1659
6.268,raw,2022,-1.4408,-29.0160,1.1547
6.268,raw,2035,-0.3679,-29.6802,1.1412
6.268,raw,2047,0.6635,-30.1142,1.1319
6.268,raw,2059,1.7208,-30.4379,1.1243
6.268,raw,2071,2.8137,-30.9022,1.1127
6.268,raw,2083,3.9569,-31.4826,1.0977
6.268,raw,2096,5.2555,-32.1452,1.0795
6.268,raw,2108,6.5839,-33.1579,1.0527
6.268,raw,2120,9.7028,-0.6867,1.5966
6.268,raw,2132,9.4983,-0.3567,1.6017
6.268,raw,2144,9.2782,-0.0417,1.6068
6.268,raw,2157,9.2956,0.2856,1.6065
6.268,raw,2169,9.8281,0.6145,1.5945
6.268,raw,2181,25.5872,11.6915,1.1912
6.268,raw,2193,-23.8636,22.7496,1.0663
6.268,raw,2205,-22.9199,20.4188,1.1162
6.268,raw,2217,-22.2022,18.4684,1.1559
6.268,raw,2230,-21.6070,16.6643,1.1907
6.268,raw,2242,-21.7273,15.5891,1.2024
6.268,raw,2254,-11.2136,7.7130,1.4919
6.268,raw,2266,-19.8972,12.3259,1.2754
6.268,raw,2278,-19.7825,11.3271,1.2885
6.268,raw,2291,-19.0482,9.9894,1.3166
6.268,raw,2303,-18.5611,8.9340,1.3364
6.268,raw,2315,-18.1520,7.9773,1.3531
6.268,raw,2327,-17.6916,7.0563,1.3701
6.268,raw,2339,-17.7461,6.3653,1.3741
6.268,raw,2352,-17.3288,5.4883,1.3888
6.268,raw,2364,-16.9760,4.7319,1.4008
6.268,raw,2376,-16.6808,4.0261,1.4108
6.268,raw,2388,-16.3641,3.3473,1.4207
6.268,raw,2400,-16.0840,2.7047,1.4291
6.268,raw,2412,-15.7773,2.0849,1.4377
6.268,raw,2425,-15.5284,1.4495,1.4445
6.268,raw,2437,-15.2506,0.8807,1.4515
6.268,raw,2449,-15.0014,0.3332,1.4573
6.268,raw,2461,-34.8464,-1.5779,1.8480
6.268,raw,2473,-34.1209,-2.7428,1.8471
6.268,raw,2486,-31.3853,-3.7189,1.8436
6.268,raw,2498,-32.5443,-5.0226,1.8454
6.268,raw,2510,-17.0995,-3.2297,1.8243
6.268,raw,2522,-31.1536,-7.0719,1.8440
6.268,raw,2534,-30.4741,-8.0512,1.8434
6.268,raw,2547,-29.7514,-9.0833,1.8429
6.268,raw,2559,-29.1339,-10.0255,1.8425
6.268,raw,2571,-14.9769,-5.7702,1.8225
6.268,raw,2583,-27.8681,-11.8374,1.8418
6.268,raw,2595,-27.2686,-12.7312,1.8415
6.268,raw,2607,-26.6587,-13.6067,1.8413
6.268,raw,2620,-25.8746,-14.4736,1.8409
6.268,raw,2632,-25.4122,-15.4101,1.8410
6.268,raw,2644,-24.8342,-16.2787,1.8409
6.268,raw,2656,-24.2106,-17.1145,1.8409
6.268,raw,2668,-23.5519,-17.9210,1.8408
6.268,raw,2681,-22.8226,-18.7779,1.8407
6.268,raw,2693,-22.1538,-19.5701,1.8407
6.268,raw,2705,-21.4888,-20.3674,1.8408
6.268,raw,2717,-20.8271,-21.1737,1.8409
6.268,raw,2729,-20.2132,-22.0413,1.8412
6.268,raw,2742,-19.5351,-22.9917,1.8415
6.268,raw,2754,-18.8961,-23.8818,1.8419
6.268,raw,2766,-18.2398,-24.7822,1.8423
6.268,raw,2778,-17.5663,-25.6972,1.8428
6.268,raw,2790,-16.8737,-26.6287,1.8433
6.268,raw,2802,-16.1745,-27.6033,1.8439
6.268,raw,2815,-15.3829,-28.6738,1.8446
6.268,raw,2827,-14.6371,-29.7136,1.8454
6.268,raw,2839,-13.8556,-30.7728,1.8462
6.268,raw,2851,-13.0501,-31.8868,1.8472
6.268,raw,2863,9.7014,-0.6866,1.8125
6.268,raw,2876,9.4570,-0.3286,1.8121
6.268,raw,2888,9.2567,-0.0161,1.8118
6.268,raw,2900,9.2955,0.2856,1.8119
6.268,raw,2912,9.8315,0.6147,1.8126
6.268,raw,2924,-18.8586,-0.4585,2.2806
6.268,raw,2936,-16.3690,-1.0611,2.2198
6.268,raw,2949,-16.1684,-1.6758,2.2162
6.268,raw,2961,-15.7045,-2.4325,2.2073
6.268,raw,2973,-15.5447,-2.9788,2.2058
6.268,raw,2985,-15.3766,-3.5196,2.2045
6.268,raw,2997,-15.2211,-4.0607,2.2040
6.268,raw,3010,-15.0458,-4.6440,2.2038
6.268,raw,3022,-15.0695,-5.6010,2.2120
6.268,raw,3034,-15.5907,-6.4335,2.2315
6.268,raw,3046,-14.7630,-7.3096,2.2216
6.268,raw,3058,-26.0890,-13.9981,2.5470
6.268,raw,3071,-19.9251,-24.1387,2.5870
6.268,raw,3083,9.6989,-0.6863,2.0282
6.268,raw,3095,9.4559,-0.3542,2.0216
6.268,raw,3107,9.2680,-0.0415,2.0167
6.268,raw,3119,9.2584,0.2600,2.0164
6.268,raw,3131,9.7719,0.5851,2.0293
6.268,raw,3144,-31.8166,-3.3004,3.3688
6.268,raw,3156,-18.4638,-3.0410,2.7288
6.268,raw,3168,-25.9730,-14.2309,3.2544
6.268,raw,3180,-19.8397,-24.3215,3.3359
6.268,raw,3192,9.6420,-0.6019,2.2412
6.268,raw,3205,9.3999,-0.2487,2.2284
6.268,raw,3217,9.2045,0.0598,2.2186
6.268,raw,3229,9.4151,0.3640,2.2288
6.268,raw,3241,9.9560,0.7023,2.2555
6.268,raw,3253,-17.6095,-5.8367,3.1703
6.268,raw,3266,-25.9129,-14.3957,3.9650
6.268,raw,3278,-19.6373,-0.0773,3.7222
6.268,raw,3290,-19.4576,-0.7652,3.7069
6.268,raw,3302,-19.2264,-1.4386,3.6890
6.268,raw,3314,-19.0171,-2.1024,3.6753
6.268,raw,3326,-18.2519,-2.6732,3.6102
6.268,raw,3339,-18.3854,-3.4769,3.6357
6.268,raw,3351,-18.1867,-4.1127,3.6296
6.268,raw,3363,-18.0012,-4.7484,3.6270
6.268,raw,3375,-17.8045,-5.3794,3.6253
6.268,raw,3387,-17.5649,-6.1700,3.6269
6.268,raw,3400,-17.3874,-6.8696,3.6343
6.268,raw,3412,-17.1960,-7.5098,3.6407
6.268,raw,3424,-16.9932,-8.1507,3.6483
6.268,raw,3436,-16.8178,-8.8128,3.6613
6.268,raw,3448,-11.2817,-8.5500,3.1985
6.268,raw,3461,-18.8734,0.2654,3.6493
6.268,raw,3473,-16.4933,-0.2853,3.8262
6.268,raw,3485,-16.2834,-0.8608,3.8042
6.268,raw,3497,-16.1374,-1.4303,3.7922
6.268,raw,3509,-16.0302,-1.9985,3.7871
6.268,raw,3521,-15.5389,-2.5483,3.7389
6.268,raw,3534,-15.3748,-3.1359,3.7326
6.268,raw,3546,-15.2155,-3.6735,3.7282
6.268,raw,3558,-15.0335,-4.2027,3.7232
6.268,raw,3570,-14.8841,-4.7400,3.7244
6.268,raw,3582,-14.7224,-5.4231,3.7325
6.268,raw,3595,-14.5387,-6.0033,3.7371
6.268,raw,3607,-14.3868,-6.5505,3.7462
6.268,raw,3619,-14.2129,-7.0934,3.7549
6.268,raw,3631,-14.0431,-7.6451,3.7670
6.268,raw,3643,-16.7880,0.7518,3.8618
7.634,raw,0,-5.5432,-6.4115,0.5447
7.634,raw,11,-5.3735,-6.6480,0.5360
7.634,raw,23,-5.1796,-6.9028,0.5262
7.634,raw,35,-5.0198,-7.2113,0.5060
7.634,raw,47,9.7802,-0.7497,0.5019
7.634,raw,58,9.5795,-0.4428,0.5335
7.634,raw,70,9.3739,-0.1243,0.5644
7.634,raw,82,9.1984,0.1794,0.5896
7.634,raw,94,9.7087,0.4967,0.5172
7.634,raw,105,-5.9936,-7.1871,0.6562
7.634,raw,117,-5.7782,-7.4587,0.6486
7.634,raw,129,-5.5617,-7.7368,0.6391
7.634,raw,141,-5.3818,-8.0759,0.6201
7.634,raw,152,-5.1950,-8.3727,0.6042
7.634,raw,164,-4.5076,-7.9426,0.6897
7.634,raw,176,-4.1532,-7.9877,0.7065
7.634,raw,188,-4.4706,-9.2720,0.5580
7.634,raw,199,-4.2228,-9.5332,0.5441
7.634,raw,211,-3.9465,-9.8265,0.5270
7.634,raw,223,-3.6605,-10.1241,0.5084
7.634,raw,235,9.7092,-0.6366,0.7320
7.634,raw,246,9.4897,-0.3338,0.7599
7.634,raw,258,9.2993,-0.0214,0.7834
7.634,raw,270,9.3482,0.2809,0.7778
7.634,raw,282,9.8935,0.6112,0.7132
7.634,raw,293,-6.6964,-7.7433,0.8072
7.634,raw,305,-6.5000,-8.0824,0.7958
7.634,raw,317,-6.3033,-8.4354,0.7822
7.634,raw,329,-6.0500,-8.7300,0.7750
7.634,raw,340,-5.8656,-9.0779,0.7588
7.634,raw,352,-5.5954,-9.3744,0.7499
7.634,raw,364,-4.2669,-7.9145,0.9297
7.634,raw,376,-4.0434,-8.1805,0.9186
7.634,raw,387,-4.8060,-10.3326,0.7095
7.634,raw,399,-4.5293,-10.6993,0.6903
7.634,raw,411,-4.2221,-11.0321,0.6738
7.634,raw,423,-3.9207,-11.4156,0.6514
7.634,raw,434,-3.6549,-11.8423,0.6229
7.634,raw,446,-3.3863,-12.4524,0.5771
7.634,raw,458,-3.0627,-12.9929,0.5375
7.634,raw,470,9.7415,-0.6926,0.9460
7.634,raw,482,9.5079,-0.3606,0.9699
7.634,raw,493,9.3286,-0.0724,0.9876
7.634,raw,505,9.2749,0.2297,0.9928
7.634,raw,517,9.7914,0.5530,0.9442
7.634,raw,529,-7.9010,-7.9133,0.9934
7.634,raw,540,-7.6965,-8.2323,0.9880
7.634,raw,552,-7.4906,-8.6079,0.9790
7.634,raw,564,-7.2208,-8.9236,0.9750
7.634,raw,576,-6.9603,-9.2580,0.9687
7.634,raw,587,-6.7304,-9.5864,0.9605
7.634,raw,599,-6.4578,-9.9292,0.9523
7.634,raw,611,-6.2034,-10.3160,0.9399
7.634,raw,623,-4.2636,-7.9090,1.1517
7.634,raw,634,-4.0284,-8.0971,1.1486
7.634,raw,646,-5.3978,-11.4898,0.8975
7.634,raw,658,-5.0570,-11.8254,0.8870
7.634,raw,670,-4.7541,-12.2775,0.8671
7.634,raw,681,-4.4800,-12.7505,0.8440
7.634,raw,693,-4.1831,-13.3470,0.8125
7.634,raw,705,-3.8691,-13.9960,0.7768
7.634,raw,717,-3.5700,-14.8355,0.7271
7.634,raw,728,-3.2392,-15.5592,0.6844
7.634,raw,740,-2.8348,-16.3613,0.6365
7.634,raw,752,-2.4693,-17.6823,0.5515
7.634,raw,764,9.7124,-0.6634,1.1656
7.634,raw,775,9.5017,-0.3602,1.1817
7.634,raw,787,9.3016,-0.0466,1.1963
7.634,raw,799,9.3019,0.2551,1.1964
7.634,raw,811,9.8077,0.5803,1.1609
7.634,raw,822,-10.5791,-5.2833,1.2360
7.634,raw,834,-10.3673,-5.6547,1.2369
7.634,raw,846,-10.2281,-6.0669,1.2333
7.634,raw,858,-10.0205,-6.4435,1.2326
7.634,raw,869,-9.8184,-6.7824,1.2320
7.634,raw,881,-9.7013,-7.2284,1.2248
7.634,raw,893,-9.4760,-7.6051,1.2227
7.634,raw,905,-9.2268,-7.9667,1.2213
7.634,raw,917,-8.9978,-8.3499,1.2178
7.634,raw,928,-8.7888,-8.7089,1.2138
7.634,raw,940,-8.5797,-9.1296,1.2071
7.634,raw,952,-8.3164,-9.5071,1.2030
7.634,raw,964,-8.0824,-9.9292,1.1957
7.634,raw,975,-7.8638,-10.3274,1.1881
7.634,raw,987,-7.5351,-10.6620,1.1852
7.634,raw,999,-7.2807,-11.1119,1.1754
7.634,raw,1011,-7.0140,-11.5714,1.1647
7.634,raw,1022,-4.2767,-7.8784,1.3733
7.634,raw,1034,-4.0228,-8.0869,1.3709
7.634,raw,1046,-6.0790,-12.8218,1.1367
7.634,raw,1058,-5.7858,-13.3805,1.1197
7.634,raw,1069,-5.4430,-13.7791,1.1095
7.634,raw,1081,-5.1026,-14.3456,1.0916
7.634,raw,1093,-4.8675,-15.2962,1.0547
7.634,raw,1105,-4.5370,-16.1312,1.0234
7.634,raw,1116,-4.4242,-17.7374,0.9547
7.634,raw,1128,-4.9775,-22.7547,0.7273
7.634,raw,1140,-4.4111,-24.0369,0.6760
7.634,raw,1152,-3.6747,-24.7873,0.6486
7.634,raw,1163,-2.9263,-25.2155,0.6345
7.634,raw,1175,-2.0855,-25.6743,0.6183
7.634,raw,1187,-1.2179,-26.1142,0.6017
7.634,raw,1199,-0.3191,-26.4055,0.5905
7.634,raw,1210,0.5204,-26.7977,0.5733
7.634,raw,1222,1.4639,-27.2075,0.5540
7.634,raw,1234,2.4419,-27.6771,0.5304
7.634,raw,1246,3.4577,-28.1538,0.5048
7.634,raw,1257,9.6611,-0.6061,1.3842
7.634,raw,1269,9.4819,-0.2819,1.3933
7.634,raw,1281,9.2490,0.0296,1.4043
7.634,raw,1293,9.4332,0.3332,1.3959
7.634,raw,1304,9.9071,0.6388,1.3738
7.634,raw,1316,24.7661,11.1243,0.5902
7.634,raw,1328,-18.6050,19.7304,0.5532
7.634,raw,1340,-18.0325,17.8792,0.6309
7.634,raw,1352,-17.5731,16.2848,0.6955
7.634,raw,1363,-17.1386,14.9229,0.7509
7.634,raw,1375,-16.7061,13.5796,0.8046
7.634,raw,1387,-16.3355,12.3804,0.8509
7.634,raw,1399,-11.0058,7.9296,1.1658
7.634,raw,1410,-11.3624,7.6333,1.1595
7.634,raw,1422,-15.3140,9.3659,0.9648
7.634,raw,1434,-14.9357,8.4457,1.0002
7.634,raw,1446,-14.7076,7.6583,1.0258
7.634,raw,1457,-15.1410,-0.1178,1.4535
7.634,raw,1469,-14.9035,-0.6476,1.4584
7.634,raw,1481,-8.1802,-0.6019,1.6065
7.634,raw,1493,-8.0981,-0.8966,1.6076
7.634,raw,1504,-14.2788,-2.1247,1.4688
7.634,raw,1516,-14.0785,-2.6136,1.4713
7.634,raw,1528,-13.8702,-3.0932,1.4737
7.634,raw,1540,-13.7046,-3.5770,1.4747
7.634,raw,1551,-13.5031,-4.0034,1.4764
7.634,raw,1563,-13.3143,-4.4734,1.4773
7.634,raw,1575,-12.7336,-4.7953,1.4870
7.634,raw,1587,-12.5556,-5.2509,1.4870
7.634,raw,1598,-12.3826,-5.6647,1.4869
7.634,raw,1610,-12.2096,-6.1249,1.4860
7.634,raw,1622,-12.0218,-6.5808,1.4851
7.634,raw,1634,-11.5249,-6.8613,1.4917
7.634,raw,1645,-11.4108,-7.3107,1.4887
7.634,raw,1657,-11.2779,-7.8075,1.4852
7.634,raw,1669,-11.1523,-8.3238,1.4810
7.634,raw,1681,-10.8053,-8.6855,1.4823
7.634,raw,1692,-10.6738,-9.1677,1.4779
7.634,raw,1704,-10.3471,-9.5508,1.4779
7.634,raw,1716,-10.2036,-10.1096,1.4718
7.634,raw,1728,-9.9848,-10.6191,1.4674
7.634,raw,1739,-9.6712,-10.9822,1.4663
7.634,raw,1751,-9.5351,-11.6248,1.4577
7.634,raw,1763,-9.1671,-12.0211,1.4561
7.634,raw,1775,-8.8190,-12.4535,1.4533
7.634,raw,1787,-8.6473,-13.1578,1.4429
7.634,raw,1798,-8.3174,-13.5900,1.4390
7.634,raw,1810,-7.9471,-14.0701,1.4343
7.634,raw,1822,-7.7598,-14.9134,1.4202
7.634,raw,1834,-9.0622,-18.7892,1.3312
7.634,raw,1845,-8.7351,-19.6740,1.3168
7.634,raw,1857,-8.3577,-20.7126,1.2993
7.634,raw,1869,-7.9385,-21.7974,1.2806
7.634,raw,1881,-7.6035,-23.3049,1.2519
7.634,raw,1892,-7.1602,-24.5176,1.2295
7.634,raw,1904,-6.6392,-25.9836,1.2017
7.634,raw,1916,-5.9236,-27.0129,1.1837
7.634,raw,1928,-5.0405,-27.5047,1.1773
7.634,raw,1939,-4.2035,-27.9042,1.1720
7.634,raw,1951,-3.2780,-28.3856,1.1645
7.634,raw,1963,-2.3318,-28.9059,1.1555
7.634,raw,1975,-1.3601,-29.4851,1.1446
7.634,raw,1986,-0.4406,-30.0886,1.1322
7.634,raw,1998,0.6037,-30.6545,1.1201
7.634,raw,2010,1.6782,-30.9694,1.1127
7.634,raw,2022,2.7816,-31.3484,1.1031
7.634,raw,2033,3.8406,-31.8902,1.0891
7.634,raw,2045,5.0520,-32.5458,1.0716
7.634,raw,2057,6.3730,-33.5056,1.0462
7.634,raw,2069,9.7032,-0.6361,1.5974
7.634,raw,2080,9.4832,-0.3334,1.6027
7.634,raw,2092,9.3175,-0.0218,1.6066
7.634,raw,2104,9.3509,0.2809,1.6059
7.634,raw,2116,9.8634,0.6097,1.5944
7.634,raw,2127,25.6398,11.6945,1.1907
7.634,raw,2139,-23.7020,22.7585,1.0683
7.634,raw,2151,-22.8009,20.4600,1.1170
7.634,raw,2163,-21.9364,18.3853,1.1610
7.634,raw,2174,-21.4776,16.8876,1.1894
7.634,raw,2186,-21.6728,15.8572,1.1994
7.634,raw,2198,-11.4203,8.0099,1.4839
7.634,raw,2210,-19.9559,12.6186,1.2703
7.634,raw,2222,-19.8730,11.6229,1.2830
7.634,raw,2233,-19.2450,10.4610,1.3074
7.634,raw,2245,-18.7137,9.3542,1.3288
7.634,raw,2257,-18.3046,8.3727,1.3460
7.634,raw,2269,-17.8927,7.4469,1.3622
7.634,raw,2280,-17.5383,6.6532,1.3757
7.634,raw,2292,-17.6655,5.9977,1.3777
7.634,raw,2304,-17.3201,5.2141,1.3900
7.634,raw,2316,-17.0487,4.4874,1.3999
7.634,raw,2327,-16.7548,3.8389,1.4094
7.634,raw,2339,-16.4664,3.1679,1.4185
7.634,raw,2351,-16.2155,2.5302,1.4262
7.634,raw,2363,-15.9472,1.9141,1.4337
7.634,raw,2374,-15.7502,1.3732,1.4391
7.634,raw,2386,-15.4906,0.7984,1.4456
7.634,raw,2398,-15.2933,0.2435,1.4502
7.634,raw,2410,-34.7419,-1.8796,1.8479
7.634,raw,2421,-34.1003,-2.9444,1.8471
7.634,raw,2433,-31.9378,-3.8848,1.8444
7.634,raw,2445,-32.6549,-5.1427,1.8456
7.634,raw,2457,-31.9340,-6.1837,1.8448
7.634,raw,2468,-31.3285,-7.1189,1.8443
7.634,raw,2480,-30.6798,-8.1139,1.8438
7.634,raw,2492,-30.0427,-9.0855,1.8433
7.634,raw,2504,-29.4010,-10.0316,1.8429
7.634,raw,2515,-16.5502,-6.2726,1.8248
7.634,raw,2527,-28.2242,-11.8063,1.8422
7.634,raw,2539,-27.6221,-12.7129,1.8420
7.634,raw,2551,-27.0402,-13.6164,1.8418
7.634,raw,2562,-25.9664,-14.1452,1.8408
7.634,raw,2574,-25.9055,-15.3132,1.8415
7.634,raw,2586,-25.3301,-16.1999,1.8415
7.634,raw,2598,-24.7339,-17.0715,1.8415
7.634,raw,2609,-24.2183,-17.8927,1.8415
7.634,raw,2621,-23.6392,-18.7817,1.8416
7.634,raw,2633,-23.0408,-19.6628,1.8417
7.634,raw,2645,-22.4353,-20.5476,1.8419
7.634,raw,2657,-21.8475,-21.4630,1.8422
7.634,raw,2668,-21.2642,-22.2749,1.8424
7.634,raw,2680,-20.6389,-23.1915,1.8427
7.634,raw,2692,-19.9338,-24.0415,1.8430
7.634,raw,2704,-19.3065,-25.0116,1.8434
7.634,raw,2715,-18.6817,-25.8713,1.8438
7.634,raw,2727,-18.0090,-26.8631,1.8444
7.634,raw,2739,-17.3154,-27.8781,1.8450
7.634,raw,2751,-16.5978,-28.9178,1.8457
7.634,raw,2762,-15.9382,-29.9345,1.8465
7.634,raw,2774,-15.1637,-31.0267,1.8473
7.634,raw,2786,9.7106,-0.6632,1.8125
7.634,raw,2798,9.4610,-0.3322,1.8121
7.634,raw,2809,9.2994,-0.0465,1.8118
7.634,raw,2821,9.2860,0.2549,1.8118
7.634,raw,2833,9.7976,0.5798,1.8125
7.634,raw,2845,-18.8376,-0.4606,2.2808
7.634,raw,2856,-17.7625,-1.1658,2.2551
7.634,raw,2868,-16.0824,-1.9142,2.2155
7.634,raw,2880,-15.5927,-2.6602,2.2062
7.634,raw,2892,-16.2385,-3.3735,2.2253
7.634,raw,2903,-15.2642,-3.7913,2.2040
7.634,raw,2915,-15.0930,-4.3272,2.2034
7.634,raw,2927,-14.9347,-4.8660,2.2035
7.634,raw,2939,-14.7164,-5.7345,2.2056
7.634,raw,2950,-15.0135,-6.4745,2.2193
7.634,raw,2962,-14.4110,-6.8372,2.2094
7.634,raw,2974,-14.2329,-7.3858,2.2114
7.634,raw,2986,-14.0432,-7.9352,2.2136
7.634,raw,2997,-19.8202,-24.3324,2.5894
7.634,raw,3009,9.6881,-0.6348,2.0271
7.634,raw,3021,9.4644,-0.3067,2.0210
7.634,raw,3033,9.2640,0.0044,2.0158
7.634,raw,3044,9.3271,0.2806,2.0173
7.634,raw,3056,9.8641,0.6097,2.0309
7.634,raw,3068,-31.8621,-3.4974,3.3735
7.634,raw,3080,-18.4375,-3.0997,2.7295
7.634,raw,3092,-25.9136,-14.3137,3.2549
7.634,raw,3103,-19.8653,-24.2436,3.3345
7.634,raw,3115,9.2066,0.2043,2.2172
7.634,raw,3127,-14.8010,-4.9694,2.9614
7.634,raw,3139,-25.8646,-14.4848,3.9668
7.634,raw,3150,-19.6108,-0.1371,3.7226
7.634,raw,3162,-19.3991,-0.8231,3.7045
7.634,raw,3174,-19.1989,-1.4978,3.6897
7.634,raw,3186,-18.9735,-2.1596,3.6746
7.634,raw,3197,-18.1819,-2.6691,3.6063
7.634,raw,3209,-18.3963,-3.3737,3.6376
7.634,raw,3221,-18.1923,-4.0094,3.6307
7.634,raw,3233,-17.9998,-4.6437,3.6270
7.634,raw,3244,-17.8154,-5.2211,3.6246
7.634,raw,3256,-17.5569,-5.8309,3.6184
7.634,raw,3268,-17.4236,-6.6598,3.6328
7.634,raw,3280,-17.2374,-7.3007,3.6390
7.634,raw,3291,-17.0507,-7.8859,3.6450
7.634,raw,3303,-16.8626,-8.5380,3.6556
7.634,raw,3315,-13.9340,-8.0388,3.3867
7.634,raw,3327,-17.5735,0.6212,3.5287
7.634,raw,3338,-16.5540,0.1037,3.8363
7.634,raw,3350,-16.3927,-0.4807,3.8185
7.634,raw,3362,-16.1911,-1.0526,3.7983
7.634,raw,3374,-16.0442,-1.6193,3.7869
7.634,raw,3385,-15.6412,-2.1912,3.7478
7.634,raw,3397,-15.4638,-2.7327,3.7373
7.634,raw,3409,-15.2961,-3.2708,3.7302
7.634,raw,3421,-15.1347,-3.8069,3.7260
7.634,raw,3432,-14.9857,-4.2964,3.7240
7.634,raw,3444,-14.8224,-4.8296,3.7239
7.634,raw,3456,-14.6505,-5.5091,3.7312
7.634,raw,3468,-14.4970,-6.0512,3.7378
7.634,raw,3479,-14.3483,-6.5487,3.7449
7.634,raw,3491,-14.1649,-7.0865,3.7524
7.634,raw,3503,-14.0124,-7.6466,3.7667
7.634,raw,3515,-16.7857,0.7007,3.8649
8.875,raw,0,-5.5163,-6.3784,0.5506
8.875,raw,11,-5.3336,-6.5981,0.5448
8.875,raw,22,-5.1867,-6.8660,0.5294
8.875,raw,34,-4.9892,-7.1229,0.5183
8.875,raw,45,-4.8002,-7.3561,0.5077
8.875,raw,57,9.6087,-0.4937,0.5286
8.875,raw,68,9.4087,-0.1985,0.5589
8.875,raw,80,9.2494,0.1080,0.5822
8.875,raw,91,9.5286,0.3902,0.5427
8.875,raw,103,-5.9819,-7.0440,0.6693
8.875,raw,114,-5.7926,-7.2958,0.6619
8.875,raw,126,-5.6066,-7.6045,0.6479
8.875,raw,137,-5.4297,-7.8917,0.6339
8.875,raw,148,-5.2620,-8.2058,0.6157
8.875,raw,160,-5.0561,-8.5346,0.5972
8.875,raw,171,-4.2983,-7.9095,0.7055
8.875,raw,183,-4.0598,-8.1485,0.6954
8.875,raw,194,-4.3741,-9.4149,0.5483
8.875,raw,206,-4.1114,-9.7282,0.5291
8.875,raw,217,-3.8590,-10.0147,0.5109
8.875,raw,229,9.8201,-0.8041,0.7171
8.875,raw,240,9.6134,-0.4940,0.7441
8.875,raw,252,9.4013,-0.1727,0.7708
8.875,raw,263,9.2243,0.1081,0.7921
8.875,raw,275,9.5550,0.4168,0.7532
8.875,raw,286,10.0511,0.7320,0.6939
8.875,raw,297,-6.6067,-7.8239,0.8072
8.875,raw,309,-6.4060,-8.1602,0.7958
8.875,raw,320,-6.2049,-8.4594,0.7860
8.875,raw,332,-5.9848,-8.7985,0.7733
8.875,raw,343,-5.7696,-9.1048,0.7616
8.875,raw,355,-5.5119,-9.4208,0.7503
8.875,raw,366,-4.2149,-7.9278,0.9309
8.875,raw,378,-4.0672,-8.3336,0.9050
8.875,raw,389,-4.7607,-10.3882,0.7066
8.875,raw,401,-4.4763,-10.7437,0.6885
8.875,raw,412,-4.2095,-11.0868,0.6694
8.875,raw,424,-3.9192,-11.5060,0.6435
8.875,raw,435,-3.6513,-11.9375,0.6144
8.875,raw,446,-3.4105,-12.5237,0.5699
8.875,raw,458,-3.0949,-13.1038,0.5266
8.875,raw,469,9.7001,-0.6590,0.9499
8.875,raw,481,9.5021,-0.3311,0.9704
8.875,raw,492,9.3071,-0.0433,0.9895
8.875,raw,504,9.2878,0.2584,0.9914
8.875,raw,515,9.7862,0.5563,0.9445
8.875,raw,527,-7.8280,-7.8400,1.0005
8.875,raw,538,-7.6277,-8.1587,0.9949
8.875,raw,550,-7.4219,-8.5293,0.9861
8.875,raw,561,-7.2003,-8.8433,0.9801
8.875,raw,573,-6.9511,-9.1872,0.9729
8.875,raw,584,-6.7290,-9.5222,0.9640
8.875,raw,595,-6.5033,-9.8669,0.9539
8.875,raw,607,-6.2440,-10.2428,0.9425
8.875,raw,618,-4.3573,-7.9023,1.1486
8.875,raw,630,-4.0609,-8.0392,1.1508
8.875,raw,641,-5.4902,-11.4184,0.8988
8.875,raw,653,-5.1588,-11.7688,0.8874
8.875,raw,664,-4.8871,-12.1891,0.8689
8.875,raw,676,-4.5350,-12.5613,0.8546
8.875,raw,687,-4.3087,-13.2059,0.8186
8.875,raw,699,-4.0078,-13.8659,0.7823
8.875,raw,710,-3.7618,-14.6892,0.7330
8.875,raw,721,-3.4376,-15.3917,0.6921
8.875,raw,733,-3.0576,-16.2401,0.6413
8.875,raw,744,-2.7129,-17.2824,0.5755
8.875,raw,756,9.7413,-0.6893,1.1634
8.875,raw,767,9.5313,-0.3844,1.1794
8.875,raw,779,9.3573,-0.0698,1.1923
8.875,raw,790,9.2410,0.2079,1.2005
8.875,raw,802,9.7278,0.5274,1.1665
8.875,raw,813,-10.3716,-5.1014,1.2481
8.875,raw,825,-10.1685,-5.4671,1.2489
8.875,raw,836,-10.0572,-5.8439,1.2451
8.875,raw,848,-9.8863,-6.2322,1.2429
8.875,raw,859,-9.7627,-6.6139,1.2383
8.875,raw,870,-9.5882,-6.9681,1.2358
8.875,raw,882,-9.4021,-7.3633,1.2321
8.875,raw,893,-9.2499,-7.7472,1.2268
8.875,raw,905,-9.0291,-8.1304,1.2233
8.875,raw,916,-8.8150,-8.4779,1.2200
8.875,raw,928,-8.5990,-8.8820,1.2145
8.875,raw,939,-8.3459,-9.2061,1.2120
8.875,raw,951,-8.1152,-9.6174,1.2053
8.875,raw,962,-7.9103,-10.0169,1.1976
8.875,raw,974,-7.6549,-10.4324,1.1901
8.875,raw,985,-7.4364,-10.8524,1.1808
8.875,raw,997,-7.1230,-11.2267,1.1750
8.875,raw,1008,-6.8913,-11.6735,1.1638
8.875,raw,1019,-4.1701,-7.9047,1.3747
8.875,raw,1031,-6.3231,-12.5642,1.1418
8.875,raw,1042,-6.0078,-12.9557,1.1326
8.875,raw,1054,-5.7070,-13.5133,1.1156
8.875,raw,1065,-5.3733,-13.9460,1.1037
8.875,raw,1077,-5.1288,-14.7870,1.0723
8.875,raw,1088,-4.8460,-15.5178,1.0454
8.875,raw,1100,-4.6283,-16.7586,0.9948
8.875,raw,1111,-5.4058,-21.7451,0.7669
8.875,raw,1123,-4.9863,-23.3789,0.6995
8.875,raw,1134,-4.4604,-24.6340,0.6488
8.875,raw,1146,-3.6534,-25.0978,0.6347
8.875,raw,1157,-2.8987,-25.5581,0.6191
8.875,raw,1168,-2.1212,-26.0173,0.6025
8.875,raw,1180,-1.2472,-26.5422,0.5820
8.875,raw,1191,-0.4106,-26.8162,0.5715
8.875,raw,1203,0.5196,-27.2436,0.5529
8.875,raw,1214,1.3991,-27.6692,0.5329
8.875,raw,1226,2.3954,-28.1973,0.5067
8.875,raw,1237,9.6852,-0.6312,1.3829
8.875,raw,1249,9.4819,-0.3043,1.3931
8.875,raw,1260,9.2973,-0.0179,1.4020
8.875,raw,1272,9.3785,0.2848,1.3984
8.875,raw,1283,9.8175,0.5843,1.3780
8.875,raw,1294,24.7828,11.1373,0.5893
8.875,raw,1306,-17.6966,20.2511,0.5644
8.875,raw,1317,-17.2731,18.5794,0.6331
8.875,raw,1329,-16.8701,16.9625,0.6981
8.875,raw,1340,-16.5431,15.6342,0.7503
8.875,raw,1352,-16.1557,14.2662,0.8046
8.875,raw,1363,-15.8411,13.1354,0.8482
8.875,raw,1375,-15.5471,12.0229,0.8896
8.875,raw,1386,-15.0809,10.9336,0.9357
8.875,raw,1398,-11.1757,7.6589,1.1662
8.875,raw,1409,-14.4942,9.1237,1.0027
8.875,raw,1421,-14.2661,8.3088,1.0301
8.875,raw,1432,-13.9701,7.5578,1.0580
8.875,raw,1443,-14.1583,0.1129,1.4753
8.875,raw,1455,-13.9863,-0.3884,1.4789
8.875,raw,1466,-13.8154,-0.8377,1.4821
8.875,raw,1478,-8.0801,-0.7409,1.6084
8.875,raw,1489,-8.1893,-1.0328,1.6053
8.875,raw,1501,-13.2775,-2.2134,1.4903
8.875,raw,1512,-13.1270,-2.6355,1.4918
8.875,raw,1524,-12.9347,-3.0845,1.4938
8.875,raw,1535,-12.7790,-3.4966,1.4949
8.875,raw,1547,-12.6041,-3.9415,1.4958
8.875,raw,1558,-12.4450,-4.3475,1.4964
8.875,raw,1570,-12.0751,-4.7134,1.5013
8.875,raw,1581,-11.9307,-5.1169,1.5009
8.875,raw,1592,-11.7997,-5.5283,1.4999
8.875,raw,1604,-11.6187,-5.9623,1.4993
8.875,raw,1615,-11.4823,-6.3783,1.4977
8.875,raw,1627,-11.2518,-6.7907,1.4977
8.875,raw,1638,-11.0769,-7.1925,1.4964
8.875,raw,1650,-10.8721,-7.6271,1.4949
8.875,raw,1661,-10.7395,-8.0713,1.4916
8.875,raw,1673,-10.4384,-8.4476,1.4919
8.875,raw,1684,-10.3341,-8.9354,1.4869
8.875,raw,1696,-10.0404,-9.3291,1.4862
8.875,raw,1707,-9.9366,-9.8514,1.4800
8.875,raw,1719,-9.7668,-10.3929,1.4743
8.875,raw,1730,-9.4825,-10.7731,1.4725
8.875,raw,1741,-9.3863,-11.3801,1.4639
8.875,raw,1753,-9.0664,-11.8205,1.4610
8.875,raw,1764,-8.7762,-12.2425,1.4575
8.875,raw,1776,-8.6355,-12.9749,1.4463
8.875,raw,1787,-8.3237,-13.4239,1.4419
8.875,raw,1799,-7.9766,-13.9310,1.4365
8.875,raw,1810,-7.8526,-14.7719,1.4219
8.875,raw,1822,-9.1751,-18.6052,1.3336
8.875,raw,1833,-8.8577,-19.4891,1.3193
8.875,raw,1845,-8.4981,-20.5417,1.3014
8.875,raw,1856,-8.1545,-21.6052,1.2827
8.875,raw,1867,-7.7571,-22.6797,1.2637
8.875,raw,1879,-7.4193,-24.3500,1.2313
8.875,raw,1890,-6.9713,-25.7271,1.2051
8.875,raw,1902,-6.3799,-27.1760,1.1777
8.875,raw,1913,-5.5656,-27.6231,1.1722
8.875,raw,1925,-4.6605,-28.1241,1.1654
8.875,raw,1936,-3.8134,-28.6009,1.1581
8.875,raw,1948,-2.8642,-29.1198,1.1495
8.875,raw,1959,-1.9720,-29.6257,1.1404
8.875,raw,1971,-0.9740,-30.3032,1.1270
8.875,raw,1982,-0.0215,-30.9412,1.1136
8.875,raw,1994,1.0608,-31.5465,1.1003
8.875,raw,2005,2.0812,-31.9020,1.0917
8.875,raw,2016,3.1282,-32.2704,1.0821
8.875,raw,2028,4.3281,-32.8908,1.0660
8.875,raw,2039,5.4856,-33.5391,1.0485
8.875,raw,2051,9.7250,-0.6878,1.5968
8.875,raw,2062,9.5325,-0.3845,1.6015
8.875,raw,2074,9.3335,-0.0691,1.6062
8.875,raw,2085,9.2273,0.2078,1.6086
8.875,raw,2097,9.7346,0.5276,1.5973
8.875,raw,2108,-23.3644,25.8904,1.0247
8.875,raw,2120,-22.7762,23.5828,1.0704
8.875,raw,2131,-21.8000,21.2265,1.1221
8.875,raw,2143,-20.7689,18.9090,1.1733
8.875,raw,2154,-20.1904,17.2682,1.2065
8.875,raw,2165,-19.3507,15.5445,1.2448
8.875,raw,2177,-18.9619,14.1960,1.2694
8.875,raw,2188,-10.9804,7.9133,1.4932
8.875,raw,2200,-18.0617,11.7632,1.3159
8.875,raw,2211,-17.7052,10.7544,1.3341
8.875,raw,2223,-17.6897,9.9203,1.3433
8.875,raw,2234,-17.3354,9.0150,1.3594
8.875,raw,2246,-17.0026,8.1085,1.3747
8.875,raw,2257,-16.7018,7.3238,1.3876
8.875,raw,2269,-16.3928,6.5194,1.4005
8.875,raw,2280,-16.4611,5.9382,1.4034
8.875,raw,2292,-16.1661,5.2019,1.4146
8.875,raw,2303,-15.9238,4.5655,1.4236
8.875,raw,2314,-15.6674,3.9517,1.4323
8.875,raw,2326,-15.4182,3.3167,1.4407
8.875,raw,2337,-15.1851,2.7565,1.4479
8.875,raw,2349,-14.9876,2.1761,1.4541
8.875,raw,2360,-14.7736,1.6573,1.4601
8.875,raw,2372,-14.5632,1.1118,1.4657
8.875,raw,2383,-14.3787,0.6268,1.4703
8.875,raw,2395,-33.2899,0.1530,1.8459
8.875,raw,2406,-32.6935,-0.8985,1.8451
8.875,raw,2418,-32.1009,-2.0089,1.8443
8.875,raw,2429,-31.5359,-2.9931,1.8437
8.875,raw,2440,-15.9521,-1.9922,1.8226
8.875,raw,2452,-30.3987,-4.9641,1.8425
8.875,raw,2463,-29.8456,-5.8656,1.8420
8.875,raw,2475,-29.3228,-6.8409,1.8416
8.875,raw,2486,-28.8230,-7.7113,1.8412
8.875,raw,2498,-28.2355,-8.6286,1.8408
8.875,raw,2509,-27.7548,-9.4702,1.8405
8.875,raw,2521,-16.5280,-6.3179,1.8248
8.875,raw,2532,-26.7472,-11.1906,1.8401
8.875,raw,2544,-26.2074,-12.0650,1.8399
8.875,raw,2555,-25.7366,-12.8698,1.8398
8.875,raw,2567,-25.2305,-13.7465,1.8397
8.875,raw,2578,-24.7573,-14.5426,1.8397
8.875,raw,2589,-24.2842,-15.3381,1.8397
8.875,raw,2601,-23.7745,-16.2120,1.8397
8.875,raw,2612,-23.2951,-17.0091,1.8398
8.875,raw,2624,-22.7815,-17.8930,1.8400
8.875,raw,2635,-22.2800,-18.6884,1.8401
8.875,raw,2647,-21.7589,-19.5906,1.8404
8.875,raw,2658,-21.2739,-20.4280,1.8406
8.875,raw,2670,-20.7513,-21.3708,1.8410
8.875,raw,2681,-20.2637,-22.2529,1.8414
8.875,raw,2693,-19.7262,-23.2432,1.8420
8.875,raw,2704,-19.2170,-24.1688,1.8425
8.875,raw,2716,-18.6459,-25.2054,1.8431
8.875,raw,2727,-18.1229,-26.2068,1.8438
8.875,raw,2738,-17.5529,-27.1960,1.8444
8.875,raw,2750,-16.9376,-28.3564,1.8453
8.875,raw,2761,-16.3553,-29.4695,1.8462
8.875,raw,2773,-15.6712,-30.6961,1.8472
8.875,raw,2784,9.7344,-0.6886,1.8125
8.875,raw,2796,9.5161,-0.3577,1.8122
8.875,raw,2807,9.3282,-0.0690,1.8119
8.875,raw,2819,9.2932,0.2333,1.8118
8.875,raw,2830,9.7255,0.5273,1.8124
8.875,raw,2842,-34.7874,3.4113,1.8481
8.875,raw,2853,-34.2673,2.2559,1.8473
8.875,raw,2865,-33.7444,1.0390,1.8465
8.875,raw,2876,-16.6375,0.1055,2.2260
8.875,raw,2887,-16.5346,-0.4348,2.2237
8.875,raw,2899,-16.7581,-1.0414,2.2300
8.875,raw,2910,-17.5739,-1.6753,2.2515
8.875,raw,2922,-15.6354,-2.2356,2.2055
8.875,raw,2933,-17.5909,-3.5465,2.2589
8.875,raw,2945,-15.8531,-3.9357,2.2190
8.875,raw,2956,-16.3400,-4.8927,2.2369
8.875,raw,2968,-15.2643,-6.0478,2.2211
8.875,raw,2979,-26.1260,-13.8358,2.5465
8.875,raw,2991,-11.2964,-8.4770,2.1633
8.875,raw,3002,9.8111,-0.8300,2.0307
8.875,raw,3013,9.6247,-0.5210,2.0254
8.875,raw,3025,9.3933,-0.1978,2.0192
8.875,raw,3036,9.2309,0.0832,2.0150
8.875,raw,3048,9.5312,0.3903,2.0225
8.875,raw,3059,10.0171,0.7026,2.0349
8.875,raw,3071,-16.6768,0.2037,2.2270
8.875,raw,3082,-15.9499,-1.9437,2.6025
8.875,raw,3094,-26.0728,-14.0037,3.2546
8.875,raw,3105,-11.4830,-8.7193,2.5214
8.875,raw,3117,-15.6459,-2.1896,2.9743
8.875,raw,3128,-26.0603,-13.9970,3.9624
8.875,raw,3140,-19.3430,0.0402,3.6967
8.875,raw,3151,-19.4533,-0.5934,3.7085
8.875,raw,3162,-19.2684,-1.2151,3.6941
8.875,raw,3174,-19.0639,-1.8828,3.6801
8.875,raw,3185,-18.8686,-2.4855,3.6685
8.875,raw,3197,-18.3928,-3.3146,3.6362
8.875,raw,3208,-18.1254,-4.1617,3.6276
8.875,raw,3220,-17.7236,-5.4784,3.6232
8.875,raw,3231,-13.9034,-8.0736,3.3858
8.875,raw,3243,-18.9786,0.1538,3.6619
8.875,raw,3254,-16.4102,-0.3329,3.8199
8.875,raw,3266,-16.2272,-0.9077,3.8012
8.875,raw,3277,-16.0687,-1.4267,3.7873
8.875,raw,3289,-15.9155,-1.9875,3.7767
8.875,raw,3300,-15.5152,-2.4544,3.7376
8.875,raw,3311,-15.4078,-2.9578,3.7355
8.875,raw,3323,-15.2104,-3.4878,3.7257
8.875,raw,3334,-15.0508,-3.9747,3.7212
8.875,raw,3346,-14.9009,-4.5110,3.7215
8.875,raw,3357,-14.7601,-5.0022,3.7233
8.875,raw,3369,-14.6005,-5.6872,3.7331
8.875,raw,3380,-14.4489,-6.1806,3.7384
8.875,raw,3392,-14.2547,-6.7096,3.7427
8.875,raw,3403,-14.1159,-7.2175,3.7541
8.875,raw,3415,-13.9382,-7.7657,3.7657
8.875,raw,3426,-16.7362,0.7010,3.8588
10.521,raw,0,-5.4304,-6.2112,0.5780
10.521,raw,11,-5.2660,-6.4422,0.5694
10.521,raw,23,-5.0840,-6.6984,0.5584
10.521,raw,34,-4.9095,-6.9317,0.5479
10.521,raw,46,-4.7464,-7.2343,0.5274
10.521,raw,57,-4.5370,-7.4381,0.5204
10.521,raw,69,-4.3323,-7.7067,0.5042
10.521,raw,81,9.5293,-0.4358,0.5347
10.521,raw,92,9.3579,-0.1439,0.5608
10.521,raw,104,9.1557,0.1614,0.5899
10.521,raw,115,9.5933,0.4479,0.5280
10.521,raw,127,-5.8869,-6.9434,0.6871
10.521,raw,138,-5.7079,-7.2005,0.6782
10.521,raw,150,-5.5037,-7.4791,0.6681
10.521,raw,162,-5.3136,-7.7878,0.6529
10.521,raw,173,-5.0985,-8.0257,0.6448
10.521,raw,185,-4.9110,-8.3696,0.6234
10.521,raw,196,-4.2793,-7.9303,0.7053
10.521,raw,208,-4.4850,-8.9844,0.5870
10.521,raw,220,-4.2231,-9.2645,0.5723
10.521,raw,231,-3.9878,-9.5509,0.5542
10.521,raw,243,-3.7114,-9.8463,0.5358
10.521,raw,254,-3.4571,-10.1423,0.5149
10.521,raw,266,9.7429,-0.7440,0.7220
10.521,raw,277,9.5410,-0.4366,0.7484
10.521,raw,289,9.3421,-0.1180,0.7734
10.521,raw,301,9.1625,0.1863,0.7948
10.521,raw,312,9.6090,0.4746,0.7423
10.521,raw,324,-6.5869,-7.3653,0.8411
10.521,raw,335,-6.4259,-7.6775,0.8298
10.521,raw,347,-6.2344,-8.0133,0.8176
10.521,raw,358,-6.0670,-8.3452,0.8033
10.521,raw,370,-5.8339,-8.6569,0.7931
10.521,raw,382,-5.6123,-9.0003,0.7786
10.521,raw,393,-4.5101,-7.8914,0.9203
10.521,raw,405,-4.1783,-7.9720,0.9297
10.521,raw,416,-4.8935,-9.9384,0.7383
10.521,raw,428,-4.6293,-10.2974,0.7199
10.521,raw,440,-4.3433,-10.6426,0.7023
10.521,raw,451,-4.0519,-10.9191,0.6894
10.521,raw,463,-3.7628,-11.3282,0.6639
10.521,raw,474,-3.5455,-11.8988,0.6208
10.521,raw,486,-3.2499,-12.4440,0.5810
10.521,raw,497,-2.9600,-12.9757,0.5409
10.521,raw,509,9.7162,-0.7146,0.9443
10.521,raw,521,9.4766,-0.3805,0.9688
10.521,raw,532,9.3185,-0.0919,0.9847
10.521,raw,544,9.1828,0.2112,0.9976
10.521,raw,555,9.6563,0.5025,0.9532
10.521,raw,567,-7.7063,-7.5603,1.0210
10.521,raw,579,-7.5291,-7.9343,1.0118
10.521,raw,590,-7.3230,-8.2428,1.0063
10.521,raw,602,-7.1092,-8.6014,0.9978
10.521,raw,613,-6.9049,-8.9324,0.9894
10.521,raw,625,-6.6539,-9.2716,0.9817
10.521,raw,636,-6.4283,-9.6014,0.9726
10.521,raw,648,-6.1662,-9.9548,0.9627
10.521,raw,660,-4.3994,-7.8674,1.1497
10.521,raw,671,-4.1165,-7.9726,1.1533
10.521,raw,683,-5.4006,-11.1192,0.9202
10.521,raw,694,-5.1075,-11.4385,0.9097
10.521,raw,706,-4.8190,-11.8861,0.8900
10.521,raw,717,-4.5088,-12.2304,0.8765
10.521,raw,729,-4.2426,-12.8462,0.8434
10.521,raw,741,-3.9592,-13.5178,0.8060
10.521,raw,752,-3.7094,-14.2859,0.7605
10.521,raw,764,-3.3699,-15.0564,0.7154
10.521,raw,775,-3.0308,-15.8221,0.6694
10.521,raw,787,-2.6558,-16.8961,0.6019
10.521,raw,799,-2.2676,-18.3402,0.5080
10.521,raw,810,9.6140,-0.5467,1.1702
10.521,raw,822,9.3974,-0.2220,1.1865
10.521,raw,833,9.2081,0.0614,1.2001
10.521,raw,845,9.4414,0.3663,1.1839
10.521,raw,856,9.9096,0.6739,1.1508
10.521,raw,868,-10.0494,-5.1203,1.2621
10.521,raw,880,-9.9299,-5.5192,1.2585
10.521,raw,891,-9.7576,-5.8542,1.2579
10.521,raw,903,-9.6412,-6.2667,1.2526
10.521,raw,914,-9.4584,-6.6022,1.2512
10.521,raw,926,-9.3432,-7.0330,1.2442
10.521,raw,937,-9.1594,-7.3792,1.2414
10.521,raw,949,-8.9365,-7.7447,1.2388
10.521,raw,961,-8.7251,-8.1264,1.2347
10.521,raw,972,-8.5423,-8.4948,1.2294
10.521,raw,984,-8.3144,-8.8804,1.2244
10.521,raw,995,-8.1009,-9.2392,1.2192
10.521,raw,1007,-7.8736,-9.6507,1.2120
10.521,raw,1019,-7.6329,-10.0636,1.2045
10.521,raw,1030,-7.3594,-10.3887,1.2004
10.521,raw,1042,-7.1146,-10.8330,1.1905
10.521,raw,1053,-6.8860,-11.2589,1.1801
10.521,raw,1065,-4.2979,-7.8561,1.3739
10.521,raw,1076,-4.0763,-8.0663,1.3707
10.521,raw,1088,-6.0007,-12.5297,1.1502
10.521,raw,1100,-5.7106,-13.0696,1.1340
10.521,raw,1111,-5.3864,-13.4854,1.1228
10.521,raw,1123,-5.0497,-14.0325,1.1056
10.521,raw,1134,-4.8482,-14.9049,1.0716
10.521,raw,1146,-4.5505,-15.7912,1.0377
10.521,raw,1158,-4.3181,-17.1036,0.9835
10.521,raw,1169,-5.0291,-22.3673,0.7435
10.521,raw,1181,-4.4888,-23.6908,0.6902
10.521,raw,1192,-3.8670,-24.6002,0.6550
10.521,raw,1204,-3.0606,-25.0929,0.6386
10.521,raw,1215,-2.2983,-25.5424,0.6226
10.521,raw,1227,-1.4398,-26.0242,0.6043
10.521,raw,1239,-0.5453,-26.3269,0.5929
10.521,raw,1250,0.2895,-26.7496,0.5746
10.521,raw,1262,1.2293,-27.1744,0.5549
10.521,raw,1273,2.1229,-27.6486,0.5316
10.521,raw,1285,3.1333,-28.1387,0.5059
10.521,raw,1296,9.6357,-0.6012,1.3834
10.521,raw,1308,9.4364,-0.2752,1.3935
10.521,raw,1320,9.2430,0.0359,1.4028
10.521,raw,1331,9.3683,0.3138,1.3971
10.521,raw,1343,9.8604,0.6444,1.3742
10.521,raw,1354,23.0031,10.0164,0.6827
10.521,raw,1366,-18.0181,21.6054,0.5103
10.521,raw,1378,-17.5087,19.6184,0.5932
10.521,raw,1389,-17.0878,17.9992,0.6597
10.521,raw,1401,-16.5030,16.2576,0.7341
10.521,raw,1412,-16.1858,14.9868,0.7838
10.521,raw,1424,-15.7954,13.6647,0.8365
10.521,raw,1435,-15.4982,12.5875,0.8777
10.521,raw,1447,-15.2008,11.5113,0.9179
10.521,raw,1459,-11.0356,7.9150,1.1670
10.521,raw,1470,-11.4755,7.6716,1.1562
10.521,raw,1482,-14.3424,8.7662,1.0187
10.521,raw,1493,-14.0074,7.9705,1.0497
10.521,raw,1505,-13.8038,7.2362,1.0732
10.521,raw,1516,-13.7749,-0.0560,1.4846
10.521,raw,1528,-13.5694,-0.5392,1.4888
10.521,raw,1540,-8.2063,-0.5706,1.6068
10.521,raw,1551,-8.1327,-0.8406,1.6078
10.521,raw,1563,-13.0315,-1.8901,1.4976
10.521,raw,1574,-12.8579,-2.2986,1.4999
10.521,raw,1586,-12.6857,-2.7409,1.5016
10.521,raw,1598,-12.5042,-3.1756,1.5033
10.521,raw,1609,-12.3685,-3.5788,1.5039
10.521,raw,1621,-12.1696,-4.0005,1.5053
10.521,raw,1632,-11.8552,-4.3353,1.5094
10.521,raw,1644,-11.7286,-4.7739,1.5086
10.521,raw,1655,-11.6024,-5.1746,1.5077
10.521,raw,1667,-11.4630,-5.6145,1.5064
10.521,raw,1679,-11.3367,-6.0665,1.5044
10.521,raw,1690,-11.0909,-6.4139,1.5055
10.521,raw,1702,-10.9596,-6.8733,1.5028
10.521,raw,1713,-10.7621,-7.2530,1.5020
10.521,raw,1725,-10.5841,-7.6976,1.4997
10.521,raw,1737,-10.3336,-8.0967,1.4990
10.521,raw,1748,-10.1523,-8.5051,1.4965
10.521,raw,1760,-9.8763,-8.8937,1.4957
10.521,raw,1771,-9.6889,-9.3148,1.4925
10.521,raw,1783,-9.4783,-9.7832,1.4887
10.521,raw,1794,-9.2309,-10.1709,1.4864
10.521,raw,1806,-8.9402,-10.5825,1.4840
10.521,raw,1818,-8.7312,-11.1066,1.4781
10.521,raw,1829,-8.4483,-11.4951,1.4753
10.521,raw,1841,-8.2921,-12.1492,1.4658
10.521,raw,1852,-7.9919,-12.5617,1.4620
10.521,raw,1864,-4.5292,-7.9740,1.5885
10.521,raw,1875,-4.3586,-8.2847,1.5846
10.521,raw,1887,-7.1982,-14.3460,1.4372
10.521,raw,1899,-6.8314,-14.8872,1.4302
10.521,raw,1910,-8.4666,-19.8184,1.3164
10.521,raw,1922,-8.0901,-20.8954,1.2978
10.521,raw,1933,-7.7255,-21.9783,1.2784
10.521,raw,1945,-7.3989,-23.5758,1.2476
10.521,raw,1957,-6.9076,-24.9597,1.2217
10.521,raw,1968,-6.4214,-26.3758,1.1945
10.521,raw,1980,-5.6065,-27.0652,1.1839
10.521,raw,1991,-4.7946,-27.5172,1.1778
10.521,raw,2003,-3.8868,-28.0046,1.1706
10.521,raw,2014,-3.0402,-28.5038,1.1623
10.521,raw,2026,-2.0897,-29.0627,1.1523
10.521,raw,2038,-1.1123,-29.7292,1.1392
10.521,raw,2049,-0.1793,-30.3360,1.1266
10.521,raw,2061,0.8794,-30.8737,1.1148
10.521,raw,2072,1.8767,-31.2187,1.1066
10.521,raw,2084,2.9985,-31.6667,1.0952
10.521,raw,2095,4.0787,-32.2546,1.0801
10.521,raw,2107,5.3154,-32.9449,1.0615
10.521,raw,2119,9.7652,-0.7999,1.5948
10.521,raw,2130,9.5659,-0.4905,1.5998
10.521,raw,2142,9.3563,-0.1693,1.6048
10.521,raw,2153,9.1700,0.1117,1.6090
10.521,raw,2165,9.5129,0.4196,1.6014
10.521,raw,2177,10.0741,0.7654,1.5887
10.521,raw,2188,-23.2848,25.8499,1.0274
10.521,raw,2200,-22.6320,23.4792,1.0751
10.521,raw,2211,-21.6216,21.0954,1.1278
10.521,raw,2223,-20.6049,18.7982,1.1785
10.521,raw,2234,-20.0103,17.1511,1.2121
10.521,raw,2246,-19.1317,15.3142,1.2526
10.521,raw,2258,-18.6872,13.9428,1.2785
10.521,raw,2269,-11.0193,7.9040,1.4935
10.521,raw,2281,-17.7350,11.5132,1.3258
10.521,raw,2292,-17.3441,10.5024,1.3447
10.521,raw,2304,-17.3325,9.6898,1.3536
10.521,raw,2316,-16.9324,8.7171,1.3712
10.521,raw,2327,-16.6543,7.9179,1.3843
10.521,raw,2339,-16.3395,7.0866,1.3979
10.521,raw,2350,-16.0302,6.3562,1.4102
10.521,raw,2362,-16.0495,5.7202,1.4145
10.521,raw,2373,-15.7877,5.0650,1.4243
10.521,raw,2385,-15.5113,4.3854,1.4343
10.521,raw,2397,-15.2704,3.7449,1.4428
10.521,raw,2408,-15.0489,3.1810,1.4501
10.521,raw,2420,-14.8214,2.5916,1.4573
10.521,raw,2431,-14.5960,2.0686,1.4639
10.521,raw,2443,-14.3903,1.5226,1.4697
10.521,raw,2454,-14.1805,1.0362,1.4751
10.521,raw,2466,-13.9755,0.5234,1.4801
10.521,raw,2478,-16.9133,0.0442,1.8236
10.521,raw,2489,-31.4253,-1.0731,1.8433
10.521,raw,2501,-30.7786,-2.1308,1.8425
10.521,raw,2512,-8.6137,-0.7907,1.8124
10.521,raw,2524,-29.6464,-4.0651,1.8413
10.521,raw,2536,-29.0952,-5.0347,1.8407
10.521,raw,2547,-17.3051,-3.5459,1.8247
10.521,raw,2559,-16.3647,-3.9620,1.8235
10.521,raw,2570,-16.1777,-4.4802,1.8235
10.521,raw,2582,-27.0312,-8.5393,1.8391
10.521,raw,2593,-26.5642,-9.3433,1.8389
10.521,raw,2605,-26.0514,-10.2057,1.8386
10.521,raw,2617,-15.5541,-6.7531,1.8237
10.521,raw,2628,-25.0795,-11.8311,1.8383
10.521,raw,2640,-24.6033,-12.6826,1.8382
10.521,raw,2651,-24.1552,-13.4541,1.8382
10.521,raw,2663,-23.6485,-14.2837,1.8381
10.521,raw,2674,-23.1946,-15.0501,1.8382
10.521,raw,2686,-11.8189,-8.3616,1.8203
10.521,raw,2698,-11.5759,-8.8256,1.8204
10.521,raw,2709,-21.7351,-17.5048,1.8385
10.521,raw,2721,-21.2341,-18.3655,1.8387
10.521,raw,2732,-20.7591,-19.1546,1.8389
10.521,raw,2744,-20.2473,-20.0396,1.8393
10.521,raw,2756,-19.7241,-20.9379,1.8396
10.521,raw,2767,-19.2389,-21.7808,1.8400
10.521,raw,2779,-18.7060,-22.7302,1.8405
10.521,raw,2790,-18.2077,-23.6255,1.8410
10.521,raw,2802,-17.6365,-24.6128,1.8416
10.521,raw,2813,-17.1154,-25.5708,1.8423
10.521,raw,2825,-16.5074,-26.6202,1.8430
10.521,raw,2837,-15.8743,-27.7032,1.8438
10.521,raw,2848,-15.2887,-28.7637,1.8447
10.521,raw,2860,-14.6148,-29.9553,1.8457
10.521,raw,2871,-13.9670,-31.0925,1.8467
10.521,raw,2883,9.7679,-0.8002,1.8126
10.521,raw,2895,9.5413,-0.4627,1.8123
10.521,raw,2906,9.3395,-0.1687,1.8120
10.521,raw,2918,9.1415,0.1366,1.8117
10.521,raw,2929,9.5212,0.4198,1.8122
10.521,raw,2941,10.0746,0.7654,1.8130
10.521,raw,2952,-34.2827,4.2345,1.8475
10.521,raw,2964,-33.6995,2.9744,1.8465
10.521,raw,2976,-33.0764,1.7598,1.8456
10.521,raw,2987,-32.4516,0.6867,1.8447
10.521,raw,2999,-17.5637,-1.4722,2.2499
10.521,raw,3010,-15.9767,-1.9035,2.2119
10.521,raw,3022,-16.5013,-4.2034,2.2354
10.521,raw,3033,-14.9802,-5.7786,2.2113
10.521,raw,3045,-26.1687,-13.7753,2.5461
10.521,raw,3057,-11.5648,-8.7635,2.1724
10.521,raw,3068,9.7697,-0.8004,2.0306
10.521,raw,3080,9.5519,-0.4634,2.0244
10.521,raw,3091,9.3536,-0.1692,2.0191
10.521,raw,3103,9.1460,0.1366,2.0138
10.521,raw,3115,9.5585,0.4469,2.0242
10.521,raw,3126,10.0504,0.7639,2.0367
10.521,raw,3138,-31.9847,-3.8234,3.3794
10.521,raw,3149,-16.7233,-8.9017,2.7396
10.521,raw,3161,-11.5283,-8.6830,2.5210
10.521,raw,3172,9.3464,-0.1435,2.2262
10.521,raw,3184,9.1594,0.1614,2.2169
10.521,raw,3196,-15.6908,-2.1997,2.9750
10.521,raw,3207,-26.0258,-14.0916,3.9615
10.521,raw,3219,-19.6340,0.0242,3.7208
10.521,raw,3230,-19.4739,-0.6071,3.7069
10.521,raw,3242,-19.2700,-1.2839,3.6911
10.521,raw,3253,-19.0882,-1.8954,3.6791
10.521,raw,3265,-18.8690,-2.5511,3.6659
10.521,raw,3277,-16.8514,0.8430,3.4567
10.521,raw,3288,-16.4820,-0.1970,3.8234
10.521,raw,3300,-16.2951,-0.7738,3.8039
10.521,raw,3311,-16.1582,-1.2961,3.7921
10.521,raw,3323,-15.9791,-1.8557,3.7779
10.521,raw,3335,-15.5968,-2.3755,3.7414
10.521,raw,3346,-15.4461,-2.8718,3.7339
10.521,raw,3358,-15.2791,-3.4085,3.7275
10.521,raw,3369,-15.1210,-3.8964,3.7230
10.521,raw,3381,-14.9614,-4.4303,3.7217
10.521,raw,3392,-14.8205,-4.9214,3.7233
10.521,raw,3404,-14.6652,-5.6076,3.7332
10.521,raw,3416,-14.4976,-6.1449,3.7385
10.521,raw,3427,-14.3468,-6.6422,3.7459
10.521,raw,3439,-14.1945,-7.1966,3.7581
10.521,raw,3450,-14.0115,-7.6890,3.7658
10.521,raw,3462,-16.7829,0.7407,3.8599
11.721,raw,0,-5.4393,-6.2367,0.5740
11.721,raw,12,-5.2439,-6.4720,0.5678
11.721,raw,24,-5.0439,-6.7073,0.5605
11.721,raw,36,-4.8745,-6.9896,0.5439
11.721,raw,48,-4.6734,-7.2416,0.5319
11.721,raw,60,-4.4820,-7.5200,0.5146
11.721,raw,72,9.7324,-0.7024,0.5037
11.721,raw,84,9.4891,-0.3679,0.5413
11.721,raw,96,9.3212,-0.0536,0.5667
11.721,raw,108,9.2483,0.2495,0.5773
11.721,raw,120,9.7547,0.5726,0.5052
11.721,raw,132,-5.7771,-7.0033,0.6899
11.721,raw,145,-5.5852,-7.3327,0.6751
11.721,raw,157,-5.3797,-7.6139,0.6641
11.721,raw,169,-5.1847,-7.9222,0.6485
11.721,raw,181,-4.9367,-8.1670,0.6412
11.721,raw,193,-4.3691,-7.8935,0.7032
11.721,raw,205,-4.1117,-8.0997,0.6976
11.721,raw,217,-4.2765,-9.1337,0.5826
11.721,raw,229,-4.0125,-9.4203,0.5663
11.721,raw,241,-3.7360,-9.7034,0.5495
11.721,raw,253,-3.4700,-10.0416,0.5249
11.721,raw,265,-3.1609,-10.3031,0.5089
11.721,raw,277,9.6033,-0.5322,0.7407
11.721,raw,290,9.3754,-0.1824,0.7695
11.721,raw,302,9.1868,0.1244,0.7923
11.721,raw,314,9.5279,0.4332,0.7522
11.721,raw,326,10.0911,0.7802,0.6849
11.721,raw,338,-6.4365,-7.6636,0.8297
11.721,raw,350,-6.2291,-7.9799,0.8200
11.721,raw,362,-6.0405,-8.3330,0.8054
11.721,raw,374,-5.8200,-8.6613,0.7931
11.721,raw,386,-5.5959,-9.0012,0.7791
11.721,raw,398,-4.4668,-7.8970,0.9216
11.721,raw,410,-4.1458,-7.9946,0.9290
11.721,raw,423,-4.7743,-9.9564,0.7417
11.721,raw,435,-4.4991,-10.2942,0.7251
11.721,raw,447,-4.2132,-10.6395,0.7071
11.721,raw,459,-3.8858,-10.9179,0.6950
11.721,raw,471,-3.6199,-11.3967,0.6622
11.721,raw,483,-3.3643,-11.9895,0.6178
11.721,raw,495,-3.0503,-12.4987,0.5810
11.721,raw,507,-2.7567,-13.2091,0.5243
11.721,raw,519,9.7044,-0.6731,0.9460
11.721,raw,531,9.4891,-0.3420,0.9681
11.721,raw,543,9.2946,-0.0276,0.9873
11.721,raw,555,9.2577,0.2747,0.9909
11.721,raw,568,9.8546,0.6307,0.9347
11.721,raw,580,-7.5963,-7.6535,1.0218
11.721,raw,592,-7.4178,-8.0282,1.0123
11.721,raw,604,-7.2342,-8.4122,1.0016
11.721,raw,616,-6.9799,-8.7297,0.9966
11.721,raw,628,-6.7752,-9.1190,0.9847
11.721,raw,640,-6.5165,-9.4556,0.9769
11.721,raw,652,-6.2645,-9.8167,0.9666
11.721,raw,664,-6.0048,-10.1858,0.9550
11.721,raw,676,-4.1908,-7.9106,1.1542
11.721,raw,688,-5.4114,-10.8646,0.9352
11.721,raw,701,-5.1014,-11.2959,0.9185
11.721,raw,713,-4.8098,-11.7225,0.9003
11.721,raw,725,-4.4663,-12.0710,0.8875
11.721,raw,737,-4.2061,-12.6847,0.8545
11.721,raw,749,-3.9067,-13.2867,0.8221
11.721,raw,761,-3.6367,-14.1078,0.7734
11.721,raw,773,-3.2891,-14.8229,0.7321
11.721,raw,785,-2.9082,-15.5825,0.6871
11.721,raw,797,-2.5422,-16.6787,0.6179
11.721,raw,809,-2.0833,-17.6234,0.5586
11.721,raw,821,9.6703,-0.6434,1.1659
11.721,raw,833,9.4669,-0.3150,1.1816
11.721,raw,846,9.2428,0.0237,1.1979
11.721,raw,858,9.3577,0.3266,1.1899
11.721,raw,870,9.8715,0.6584,1.1537
11.721,raw,882,-10.1672,-5.1558,1.2565
11.721,raw,894,-10.0447,-5.5579,1.2529
11.721,raw,906,-9.8361,-5.9160,1.2532
11.721,raw,918,-9.7087,-6.3260,1.2484
11.721,raw,930,-9.4951,-6.6862,1.2475
11.721,raw,942,-9.3830,-7.1237,1.2401
11.721,raw,954,-9.1766,-7.5013,1.2371
11.721,raw,966,-8.9617,-7.8784,1.2338
11.721,raw,979,-8.6914,-8.2609,1.2315
11.721,raw,991,-8.4727,-8.6498,1.2266
11.721,raw,1003,-8.2147,-9.0089,1.2232
11.721,raw,1015,-7.9703,-9.3921,1.2178
11.721,raw,1027,-7.7172,-9.7781,1.2120
11.721,raw,1039,-7.4815,-10.2020,1.2036
11.721,raw,1051,-7.2320,-10.6293,1.1948
11.721,raw,1063,-6.9132,-10.9779,1.1900
11.721,raw,1075,-4.4569,-7.8809,1.3690
11.721,raw,1087,-4.1189,-7.9475,1.3743
11.721,raw,1099,-6.0462,-12.3031,1.1583
11.721,raw,1111,-5.7662,-12.8414,1.1421
11.721,raw,1124,-5.3737,-13.2915,1.1310
11.721,raw,1136,-5.0164,-13.7650,1.1173
11.721,raw,1148,-4.7850,-14.6539,1.0832
11.721,raw,1160,-4.4771,-15.4750,1.0523
11.721,raw,1172,-4.1332,-16.3435,1.0189
11.721,raw,1184,-4.1313,-18.8250,0.9097
11.721,raw,1196,-4.3250,-23.0588,0.7198
11.721,raw,1208,-3.7103,-24.3083,0.6691
11.721,raw,1220,-2.9092,-24.7715,0.6539
11.721,raw,1232,-2.0813,-25.2114,0.6385
11.721,raw,1244,-1.2243,-25.5799,0.6251
11.721,raw,1257,-0.2715,-25.9773,0.6091
11.721,raw,1269,0.6325,-26.4053,0.5902
11.721,raw,1281,1.5665,-26.8353,0.5697
11.721,raw,1293,2.5346,-27.2914,0.5465
11.721,raw,1305,3.5393,-27.7487,0.5216
11.721,raw,1317,9.7804,-0.7607,1.3763
11.721,raw,1329,9.5272,-0.4222,1.3891
11.721,raw,1341,9.3439,-0.1049,1.3981
11.721,raw,1353,9.1561,0.1990,1.4069
11.721,raw,1365,9.6634,0.5160,1.3835
11.721,raw,1377,22.2055,9.4034,0.7273
11.721,raw,1389,25.5112,11.8438,0.5446
11.721,raw,1402,-18.2469,19.4628,0.5751
11.721,raw,1414,-17.7042,17.6563,0.6506
11.721,raw,1426,-17.2637,16.0931,0.7137
11.721,raw,1438,-16.7666,14.6059,0.7751
11.721,raw,1450,-16.3443,13.2935,0.8275
11.721,raw,1462,-15.9594,12.1052,0.8740
11.721,raw,1474,-11.0472,7.9553,1.1655
11.721,raw,1486,-15.1781,9.9652,0.9580
11.721,raw,1498,-14.9335,9.0876,0.9881
11.721,raw,1510,-14.5256,8.1740,1.0245
11.721,raw,1522,-14.2960,7.4080,1.0496
11.721,raw,1535,-14.2109,-0.2053,1.4748
11.721,raw,1547,-13.9924,-0.7011,1.4792
11.721,raw,1559,-8.1714,-0.6514,1.6073
11.721,raw,1571,-8.1891,-0.9573,1.6062
11.721,raw,1583,-13.3539,-2.1177,1.4897
11.721,raw,1595,-13.1550,-2.5723,1.4922
11.721,raw,1607,-12.9556,-3.0194,1.4944
11.721,raw,1619,-12.7428,-3.4562,1.4966
11.721,raw,1631,-12.5731,-3.9001,1.4974
11.721,raw,1643,-12.3662,-4.3287,1.4988
11.721,raw,1655,-11.9838,-4.6850,1.5040
11.721,raw,1667,-11.8063,-5.1123,1.5040
11.721,raw,1680,-11.6463,-5.5909,1.5029
11.721,raw,1692,-11.4833,-6.0293,1.5018
11.721,raw,1704,-11.3277,-6.4762,1.5002
11.721,raw,1716,-11.0880,-6.8788,1.5003
11.721,raw,1728,-10.8583,-7.2883,1.4997
11.721,raw,1740,-10.6646,-7.7261,1.4978
11.721,raw,1752,-10.3853,-8.1069,1.4978
11.721,raw,1764,-10.1682,-8.5391,1.4957
11.721,raw,1776,-9.8876,-8.9255,1.4949
11.721,raw,1788,-9.6827,-9.3868,1.4914
11.721,raw,1800,-9.4687,-9.8553,1.4876
11.721,raw,1813,-9.1549,-10.2948,1.4854
11.721,raw,1825,-8.9255,-10.7817,1.4808
11.721,raw,1837,-8.6244,-11.2033,1.4779
11.721,raw,1849,-8.3124,-11.6266,1.4747
11.721,raw,1861,-8.1035,-12.2162,1.4669
11.721,raw,1873,-7.7712,-12.6614,1.4628
11.721,raw,1885,-4.4825,-8.1889,1.5849
11.721,raw,1897,-7.2302,-13.8607,1.4462
11.721,raw,1909,-6.8549,-14.3426,1.4407
11.721,raw,1921,-6.4644,-14.8345,1.4347
11.721,raw,1933,-8.1115,-20.1818,1.3121
11.721,raw,1945,-7.7207,-21.2912,1.2926
11.721,raw,1958,-7.3509,-22.8658,1.2627
11.721,raw,1970,-6.8712,-24.1766,1.2384
11.721,raw,1982,-6.3466,-25.6169,1.2110
11.721,raw,1994,-5.6219,-26.5737,1.1944
11.721,raw,2006,-4.7425,-27.0105,1.1889
11.721,raw,2018,-3.8473,-27.4634,1.1825
11.721,raw,2030,-2.9375,-27.9710,1.1742
11.721,raw,2042,-2.0071,-28.5535,1.1636
11.721,raw,2054,-1.0437,-29.1628,1.1517
11.721,raw,2066,-0.0423,-29.7990,1.1384
11.721,raw,2078,0.9972,-30.1530,1.1306
11.721,raw,2090,2.0609,-30.4797,1.1227
11.721,raw,2103,3.2656,-31.0910,1.1074
11.721,raw,2115,4.4300,-31.6934,1.0915
11.721,raw,2127,5.6536,-32.3437,1.0735
11.721,raw,2139,7.0712,-33.6946,1.0387
11.721,raw,2151,9.6212,-0.5599,1.5985
11.721,raw,2163,9.3983,-0.2344,1.6038
11.721,raw,2175,9.2122,0.0742,1.6081
11.721,raw,2187,9.4353,0.3792,1.6032
11.721,raw,2199,9.9674,0.7179,1.5912
11.721,raw,2211,-24.4697,25.2748,1.0184
11.721,raw,2223,-23.2369,22.4449,1.0814
11.721,raw,2236,-22.3118,20.0283,1.1323
11.721,raw,2248,-21.1429,17.7374,1.1846
11.721,raw,2260,-20.4607,16.0171,1.2198
11.721,raw,2272,-20.4527,14.9036,1.2345
11.721,raw,2284,-11.1349,7.7734,1.4930
11.721,raw,2296,-18.9635,11.9407,1.2977
11.721,raw,2308,-18.8718,10.9908,1.3100
11.721,raw,2320,-18.3690,9.8719,1.3314
11.721,raw,2332,-17.9379,8.8598,1.3498
11.721,raw,2344,-17.5535,7.9294,1.3660
11.721,raw,2356,-17.1615,7.0494,1.3814
11.721,raw,2368,-17.1320,6.3460,1.3873
11.721,raw,2381,-16.7455,5.4959,1.4013
11.721,raw,2393,-16.4306,4.7652,1.4125
11.721,raw,2405,-16.1138,4.0690,1.4230
11.721,raw,2417,-15.8267,3.4116,1.4323
11.721,raw,2429,-15.5424,2.7833,1.4409
11.721,raw,2441,-15.2819,2.1845,1.4485
11.721,raw,2453,-15.0253,1.6091,1.4555
11.721,raw,2465,-14.7656,1.0550,1.4621
11.721,raw,2477,-14.5254,0.5213,1.4679
11.721,raw,2489,-34.7718,-0.1268,1.8478
11.721,raw,2501,-17.0548,-0.5821,1.8238
11.721,raw,2514,-33.2121,-2.5432,1.8458
11.721,raw,2526,-8.5267,-0.8692,1.8123
11.721,raw,2538,-31.7716,-4.6853,1.8442
11.721,raw,2550,-17.4693,-3.1708,1.8248
11.721,raw,2562,-30.4431,-6.6962,1.8430
11.721,raw,2574,-16.3217,-4.1769,1.8236
11.721,raw,2586,-29.1686,-8.5992,1.8419
11.721,raw,2598,-28.5497,-9.5181,1.8415
11.721,raw,2610,-27.8920,-10.4009,1.8411
11.721,raw,2622,-27.2016,-11.2472,1.8406
11.721,raw,2634,-15.8274,-7.2300,1.8243
11.721,raw,2646,-15.2695,-7.6443,1.8239
11.721,raw,2659,-14.2610,-7.8459,1.8228
11.721,raw,2671,-24.5870,-14.5922,1.8395
11.721,raw,2683,-23.9575,-15.3822,1.8393
11.721,raw,2695,-23.3523,-16.1800,1.8392
11.721,raw,2707,-22.7649,-16.9867,1.8392
11.721,raw,2719,-22.1665,-17.7852,1.8392
11.721,raw,2731,-21.5802,-18.5964,1.8393
11.721,raw,2743,-21.0016,-19.4219,1.8394
11.721,raw,2755,-20.3997,-20.2370,1.8396
11.721,raw,2767,-19.8179,-21.0870,1.8399
11.721,raw,2779,-19.2243,-21.9456,1.8402
11.721,raw,2792,-18.5764,-22.9001,1.8406
11.721,raw,2804,-17.9509,-23.7804,1.8410
11.721,raw,2816,-17.3200,-24.6905,1.8415
11.721,raw,2828,-16.6743,-25.6246,1.8420
11.721,raw,2840,-16.0138,-26.5898,1.8426
11.721,raw,2852,-15.3154,-27.5546,1.8433
11.721,raw,2864,-14.6221,-28.6019,1.8441
11.721,raw,2876,-13.8837,-29.6516,1.8449
11.721,raw,2888,-13.1035,-30.7131,1.8457
11.721,raw,2900,-12.2895,-31.8118,1.8467
11.721,raw,2912,9.7668,-0.8130,1.8126
11.721,raw,2924,9.5392,-0.4751,1.8123
11.721,raw,2937,9.3403,-0.1302,1.8120
11.721,raw,2949,9.1647,0.1742,1.8117
11.721,raw,2961,9.5795,0.4868,1.8123
11.721,raw,2973,-16.8561,0.8249,1.8236
11.721,raw,2985,-16.9899,-0.1762,2.2339
11.721,raw,2997,-16.4726,-0.7528,2.2217
11.721,raw,3009,-16.2800,-1.3248,2.2179
11.721,raw,3021,-16.3898,-1.9245,2.2222
11.721,raw,3033,-16.5649,-2.9011,2.2301
11.721,raw,3045,-15.4102,-3.4083,2.2046
11.721,raw,3057,-15.7988,-4.0919,2.2179
11.721,raw,3070,-16.2849,-5.0024,2.2357
11.721,raw,3082,-14.5812,-7.5756,2.2206
11.721,raw,3094,-13.9641,-8.0662,2.2129
11.721,raw,3106,-19.6842,-24.6718,2.5935
11.721,raw,3118,9.5631,-0.5029,2.0247
11.721,raw,3130,9.3655,-0.1820,2.0194
11.721,raw,3142,9.1621,0.1245,2.0142
11.721,raw,3154,9.4988,0.4323,2.0226
11.721,raw,3166,10.0510,0.7777,2.0367
11.721,raw,3178,-16.7248,0.1754,2.2273
11.721,raw,3190,-32.0477,-4.0587,3.3839
11.721,raw,3202,-26.1221,-13.8883,3.2530
11.721,raw,3215,-20.0242,-23.9355,3.3277
11.721,raw,3227,9.6968,-0.6990,2.2446
11.721,raw,3239,9.4728,-0.3669,2.2326
11.721,raw,3251,9.2872,-0.0527,2.2230
11.721,raw,3263,9.2156,0.2492,2.2194
11.721,raw,3275,9.7262,0.5714,2.2445
11.721,raw,3287,-15.9926,-1.9234,2.9940
11.721,raw,3299,-26.1215,-13.8880,3.9610
11.721,raw,3311,-16.8376,0.8242,3.0460
11.721,raw,3323,-19.5247,-0.4576,3.7115
11.721,raw,3335,-19.3271,-1.1377,3.6959
11.721,raw,3348,-19.0951,-1.8606,3.6797
11.721,raw,3360,-18.8844,-2.5179,3.6673
11.721,raw,3372,-18.4401,-3.2950,3.6372
11.721,raw,3384,-18.2488,-3.9336,3.6313
11.721,raw,3396,-18.0411,-4.5643,3.6259
11.721,raw,3408,-17.7339,-5.5639,3.6238
11.721,raw,3420,-11.6124,-8.5005,3.2216
11.721,raw,3432,-16.6036,0.1761,3.8378
11.721,raw,3444,-16.4206,-0.4085,3.8172
11.721,raw,3456,-16.2507,-0.9827,3.8005
11.721,raw,3468,-16.0723,-1.5470,3.7851
11.721,raw,3480,-16.9700,-2.2523,3.9013
11.721,raw,3493,-15.5105,-2.6637,3.7374
11.721,raw,3505,-15.3508,-3.2037,3.7310
11.721,raw,3517,-15.1886,-3.7399,3.7265
11.721,raw,3529,-15.0382,-4.2776,3.7258
11.721,raw,3541,-14.8443,-4.8014,3.7219
11.721,raw,3553,-14.7276,-5.4508,3.7341
11.721,raw,3565,-14.5352,-5.9776,3.7355
11.721,raw,3577,-14.3904,-6.5274,3.7454
11.721,raw,3589,-14.2118,-7.0678,3.7536
11.721,raw,3601,-14.0557,-7.6263,3.7674
11.721,raw,3613,-16.7900,0.7726,3.8612
12.805,raw,0,-5.4578,-6.3064,0.5648
12.805,raw,12,-5.2889,-6.5759,0.5525
12.805,raw,24,-5.0740,-6.7987,0.5478
12.805,raw,37,-4.8781,-7.0944,0.5320
12.805,raw,49,-4.6742,-7.3481,0.5199
12.805,raw,61,-4.4793,-7.6273,0.5026
12.805,raw,74,9.5662,-0.4378,0.5334
12.805,raw,86,9.3675,-0.1196,0.5634
12.805,raw,98,9.1783,0.1843,0.5904
12.805,raw,111,9.7222,0.5292,0.5132
12.805,raw,123,-5.8238,-7.1086,0.6770
12.805,raw,135,-5.6417,-7.4121,0.6637
12.805,raw,148,-5.4221,-7.7271,0.6507
12.805,raw,160,-5.2162,-8.0268,0.6366
12.805,raw,172,-4.9656,-8.2742,0.6292
12.805,raw,185,-4.3161,-7.9241,0.7038
12.805,raw,197,-4.0826,-8.1733,0.6923
12.805,raw,209,-4.2718,-9.2657,0.5699
12.805,raw,222,-3.9781,-9.5717,0.5529
12.805,raw,234,-3.6919,-9.8443,0.5374
12.805,raw,246,-3.4113,-10.1587,0.5157
12.805,raw,259,9.7548,-0.7434,0.7239
12.805,raw,271,9.5500,-0.4107,0.7507
12.805,raw,283,9.3494,-0.0937,0.7757
12.805,raw,296,9.2702,0.2347,0.7853
12.805,raw,308,9.7894,0.5586,0.7240
12.805,raw,320,-6.6029,-7.5841,0.8247
12.805,raw,333,-6.3944,-7.9457,0.8125
12.805,raw,345,-6.1894,-8.2786,0.8008
12.805,raw,357,-5.9432,-8.5712,0.7933
12.805,raw,370,-5.6933,-8.9249,0.7801
12.805,raw,382,-5.4434,-9.2395,0.7685
12.805,raw,394,-4.2289,-7.9363,0.9302
12.805,raw,407,-4.9226,-9.9584,0.7356
12.805,raw,419,-4.6442,-10.2891,0.7202
12.805,raw,431,-4.3228,-10.5540,0.7109
12.805,raw,444,-3.9998,-10.9245,0.6912
12.805,raw,456,-3.7105,-11.3328,0.6657
12.805,raw,468,-3.4618,-11.9249,0.6216
12.805,raw,481,-3.1278,-12.4798,0.5817
12.805,raw,493,-2.8312,-13.1565,0.5285
12.805,raw,505,9.7322,-0.7146,0.9454
12.805,raw,518,9.5149,-0.3568,0.9680
12.805,raw,530,9.2937,-0.0418,0.9896
12.805,raw,542,9.2821,0.2600,0.9908
12.805,raw,555,9.8596,0.6153,0.9364
12.805,raw,567,-7.6970,-7.7992,1.0096
12.805,raw,579,-7.4897,-8.1530,1.0024
12.805,raw,592,-7.2659,-8.5500,0.9929
12.805,raw,604,-7.0052,-8.8670,0.9881
12.805,raw,617,-6.7580,-9.2655,0.9774
12.805,raw,629,-6.5128,-9.6282,0.9675
12.805,raw,641,-6.2377,-9.9649,0.9593
12.805,raw,654,-4.4315,-7.9047,1.1463
12.805,raw,666,-4.1082,-7.9973,1.1522
12.805,raw,678,-5.4024,-11.1553,0.9181
12.805,raw,691,-5.0294,-11.4817,0.9095
12.805,raw,703,-4.7294,-11.9064,0.8915
12.805,raw,715,-4.3762,-12.2471,0.8792
12.805,raw,728,-4.1046,-12.9737,0.8388
12.805,raw,740,-3.7943,-13.5862,0.8055
12.805,raw,752,-3.5044,-14.3986,0.7574
12.805,raw,765,-3.1070,-15.1656,0.7130
12.805,raw,777,-2.7175,-15.9805,0.6639
12.805,raw,789,-2.3247,-17.0784,0.5943
12.805,raw,802,9.8142,-0.8300,1.1566
12.805,raw,814,9.5831,-0.4911,1.1745
12.805,raw,826,9.3852,-0.1710,1.1894
12.805,raw,839,9.1843,0.1594,1.2036
12.805,raw,851,9.6222,0.4729,1.1730
12.805,raw,863,-10.4568,-5.1018,1.2451
12.805,raw,876,-10.2462,-5.5056,1.2454
12.805,raw,888,-10.1090,-5.9110,1.2420
12.805,raw,900,-9.8901,-6.2727,1.2422
12.805,raw,913,-9.6668,-6.6741,1.2409
12.805,raw,925,-9.5357,-7.1018,1.2347
12.805,raw,937,-9.3279,-7.4825,1.2319
12.805,raw,950,-9.0621,-7.8680,1.2303
12.805,raw,962,-8.8512,-8.2586,1.2260
12.805,raw,974,-8.6132,-8.6330,1.2223
12.805,raw,987,-8.3456,-9.0383,1.2179
12.805,raw,999,-8.0999,-9.4244,1.2127
12.805,raw,1011,-7.8501,-9.8186,1.2067
12.805,raw,1024,-7.5809,-10.2654,1.1986
12.805,raw,1036,-7.3255,-10.6894,1.1901
12.805,raw,1048,-7.0014,-11.0353,1.1857
12.805,raw,1061,-4.4775,-7.9272,1.3669
12.805,raw,1073,-4.1233,-7.9692,1.3735
12.805,raw,1085,-6.0808,-12.3585,1.1555
12.805,raw,1098,-5.7638,-12.9189,1.1393
12.805,raw,1110,-5.4107,-13.3591,1.1278
12.805,raw,1122,-5.0393,-13.8019,1.1158
12.805,raw,1135,-4.7813,-14.7492,1.0796
12.805,raw,1147,-4.4721,-15.5762,1.0484
12.805,raw,1159,-4.1208,-16.4305,1.0158
12.805,raw,1172,-4.1209,-19.1755,0.8949
12.805,raw,1184,-4.2306,-23.1246,0.7183
12.805,raw,1196,-3.6020,-24.3209,0.6701
12.805,raw,1209,-2.7312,-24.8130,0.6538
12.805,raw,1221,-1.8997,-25.2381,0.6388
12.805,raw,1234,-0.9655,-25.5880,0.6262
12.805,raw,1246,-0.0854,-25.9817,0.6100
12.805,raw,1258,0.8206,-26.3995,0.5912
12.805,raw,1271,1.8365,-26.8728,0.5684
12.805,raw,1283,2.8082,-27.3021,0.5460
12.805,raw,1295,3.8163,-27.7411,0.5215
12.805,raw,1308,9.7648,-0.7444,1.3783
12.805,raw,1320,9.5173,-0.4087,1.3907
12.805,raw,1332,9.3349,-0.0933,1.3997
12.805,raw,1345,9.2525,0.2346,1.4036
12.805,raw,1357,9.7698,0.5577,1.3796
12.805,raw,1369,22.1880,9.5261,0.7265
12.805,raw,1382,-19.1182,20.6975,0.5058
12.805,raw,1394,-18.6516,18.8729,0.5798
12.805,raw,1406,-18.1390,17.1564,0.6503
12.805,raw,1419,-17.5345,15.4114,0.7234
12.805,raw,1431,-17.0736,14.0112,0.7799
12.805,raw,1443,-16.6367,12.7334,0.8309
12.805,raw,1456,-11.0236,7.9776,1.1645
12.805,raw,1468,-11.3996,7.6450,1.1584
12.805,raw,1480,-15.4249,9.4178,0.9598
12.805,raw,1493,-14.9731,8.3970,1.0004
12.805,raw,1505,-14.7180,7.5985,1.0272
12.805,raw,1517,-14.8297,-0.2031,1.4607
12.805,raw,1530,-14.5610,-0.7623,1.4661
12.805,raw,1542,-8.1325,-0.6725,1.6077
12.805,raw,1554,-8.1564,-0.9787,1.6064
12.805,raw,1567,-13.8442,-2.2703,1.4780
12.805,raw,1579,-13.6218,-2.7384,1.4810
12.805,raw,1591,-13.4083,-3.1999,1.4833
12.805,raw,1604,-13.1686,-3.6894,1.4857
12.805,raw,1616,-12.9518,-4.1358,1.4875
12.805,raw,1628,-12.7549,-4.5840,1.4885
12.805,raw,1641,-12.2441,-4.9480,1.4962
12.805,raw,1653,-12.0703,-5.3902,1.4959
12.805,raw,1665,-11.8401,-5.8068,1.4967
12.805,raw,1678,-11.6235,-6.2730,1.4963
12.805,raw,1690,-11.3740,-6.6770,1.4969
12.805,raw,1702,-11.1614,-7.1026,1.4961
12.805,raw,1715,-10.9207,-7.5608,1.4950
12.805,raw,1727,-10.7421,-8.0198,1.4925
12.805,raw,1739,-10.4322,-8.3876,1.4931
12.805,raw,1752,-10.2227,-8.8903,1.4897
12.805,raw,1764,-9.8999,-9.2521,1.4898
12.805,raw,1776,-9.7356,-9.7673,1.4847
12.805,raw,1789,-9.4766,-10.2681,1.4809
12.805,raw,1801,-9.1391,-10.6385,1.4800
12.805,raw,1813,-8.9694,-11.2150,1.4728
12.805,raw,1826,-8.5977,-11.6396,1.4707
12.805,raw,1838,-8.4206,-12.2738,1.4618
12.805,raw,1851,-8.0301,-12.7203,1.4586
12.805,raw,1863,-4.5415,-8.0829,1.5863
12.805,raw,1875,-4.3043,-8.3410,1.5841
12.805,raw,1888,-7.0608,-14.4120,1.4374
12.805,raw,1900,-6.6662,-14.9003,1.4316
12.805,raw,1912,-8.2339,-19.9242,1.3164
12.805,raw,1925,-7.8074,-21.0767,1.2965
12.805,raw,1937,-7.4722,-22.4876,1.2699
12.805,raw,1949,-7.0044,-23.7574,1.2466
12.805,raw,1962,-6.4281,-25.1950,1.2198
12.805,raw,1974,-5.7894,-26.4263,1.1970
12.805,raw,1986,-4.9127,-26.8455,1.1921
12.805,raw,1999,-3.9514,-27.3435,1.1851
12.805,raw,2011,-3.0423,-27.8085,1.1778
12.805,raw,2023,-2.1194,-28.3825,1.1675
12.805,raw,2036,-1.0822,-29.0156,1.1552
12.805,raw,2048,-0.0874,-29.6276,1.1426
12.805,raw,2060,0.9441,-29.9413,1.1357
12.805,raw,2073,2.0879,-30.2935,1.1272
12.805,raw,2085,3.1918,-30.8632,1.1130
12.805,raw,2097,4.3440,-31.4527,1.0974
12.805,raw,2110,5.6520,-32.1088,1.0791
12.805,raw,2122,7.0471,-33.3862,1.0460
12.805,raw,2134,9.6841,-0.6570,1.5975
12.805,raw,2147,9.4635,-0.3024,1.6029
12.805,raw,2159,9.2511,0.0093,1.6078
12.805,raw,2171,9.3468,0.3113,1.6057
12.805,raw,2184,9.9153,0.6721,1.5929
12.805,raw,2196,26.4301,12.2574,1.1694
12.805,raw,2208,-23.7504,22.1353,1.0770
12.805,raw,2221,-23.0994,19.9915,1.1190
12.805,raw,2233,-22.4948,18.1680,1.1547
12.805,raw,2245,-22.6883,17.0615,1.1660
12.805,raw,2258,-21.7838,15.1605,1.2064
12.805,raw,2270,-20.7962,13.4521,1.2452
12.805,raw,2282,-19.9292,11.9519,1.2786
12.805,raw,2295,-19.7875,10.8792,1.2928
12.805,raw,2307,-19.0613,9.6470,1.3193
12.805,raw,2319,-18.5447,8.5972,1.3394
12.805,raw,2332,-18.0912,7.5774,1.3574
12.805,raw,2344,-17.6445,6.6822,1.3736
12.805,raw,2356,-17.8000,6.0323,1.3749
12.805,raw,2369,-17.3772,5.1669,1.3894
12.805,raw,2381,-17.0203,4.4199,1.4012
12.805,raw,2393,-16.6755,3.7123,1.4120
12.805,raw,2406,-16.3672,2.9945,1.4216
12.805,raw,2418,-16.0572,2.3570,1.4305
12.805,raw,2430,-15.7601,1.7477,1.4385
12.805,raw,2443,-15.4521,1.1162,1.4464
12.805,raw,2455,-15.1817,0.5565,1.4529
12.805,raw,2468,-16.8029,-0.5487,1.8235
12.805,raw,2480,-34.3349,-2.4682,1.8474
12.805,raw,2492,-31.8261,-3.4056,1.8441
12.805,raw,2505,-15.6790,-2.2452,1.8222
12.805,raw,2517,-15.8051,-2.8433,1.8225
12.805,raw,2529,-31.2762,-6.8239,1.8441
12.805,raw,2542,-16.5789,-4.2762,1.8240
12.805,raw,2554,-29.8704,-8.8469,1.8430
12.805,raw,2566,-29.2128,-9.7805,1.8425
12.805,raw,2579,-16.2350,-6.1527,1.8243
12.805,raw,2591,-27.8705,-11.6616,1.8417
12.805,raw,2603,-27.2537,-12.5465,1.8414
12.805,raw,2616,-26.5829,-13.4871,1.8411
12.805,raw,2628,-25.9251,-14.3209,1.8409
12.805,raw,2640,-25.3787,-15.2064,1.8408
12.805,raw,2653,-24.6439,-16.0721,1.8406
12.805,raw,2665,-11.7673,-8.3903,1.8203
12.805,raw,2677,-11.5366,-8.8630,1.8204
12.805,raw,2690,-22.5651,-18.4815,1.8402
12.805,raw,2702,-21.8873,-19.2489,1.8402
12.805,raw,2714,-21.2435,-20.0468,1.8403
12.805,raw,2727,-20.5549,-20.9279,1.8404
12.805,raw,2739,-19.9102,-21.7445,1.8406
12.805,raw,2751,-19.2773,-22.5913,1.8409
12.805,raw,2764,-18.5771,-23.5181,1.8412
12.805,raw,2776,-17.9252,-24.3973,1.8416
12.805,raw,2788,-17.2408,-25.2674,1.8420
12.805,raw,2801,-16.5025,-26.2609,1.8426
12.805,raw,2813,-15.7964,-27.1930,1.8432
12.805,raw,2825,-15.0700,-28.1508,1.8438
12.805,raw,2838,-14.2487,-29.2048,1.8445
12.805,raw,2850,-13.4718,-30.2273,1.8453
12.805,raw,2862,-12.6152,-31.1674,1.8460
12.805,raw,2875,-11.6675,-32.2521,1.8469
12.805,raw,2887,-1.0732,-34.1823,1.8466
12.805,raw,2899,0.1097,-34.3930,1.8468
12.805,raw,2912,9.7162,-0.6864,1.8125
12.805,raw,2924,9.4848,-0.3550,1.8121
12.805,raw,2936,9.2911,-0.0417,1.8119
12.805,raw,2949,9.3234,0.2857,1.8119
12.805,raw,2961,9.8519,0.6149,1.8126
12.805,raw,2973,-18.8842,-0.4096,2.2816
12.805,raw,2986,-16.3221,-1.1129,2.2191
12.805,raw,2998,-16.1347,-1.6790,2.2158
12.805,raw,3010,-15.6989,-2.4393,2.2076
12.805,raw,3023,-15.4854,-3.0234,2.2049
12.805,raw,3035,-15.3746,-3.5762,2.2051
12.805,raw,3047,-15.1816,-4.1080,2.2037
12.805,raw,3060,-15.0056,-4.6907,2.2036
12.805,raw,3072,-15.2298,-5.6715,2.2167
12.805,raw,3085,-15.0067,-6.7348,2.2214
12.805,raw,3097,-15.4811,-7.9612,2.2451
12.805,raw,3109,-25.8934,-14.4024,2.5478
12.805,raw,3122,-19.6948,-24.6095,2.5925
12.805,raw,3134,9.6169,-0.5460,2.0255
12.805,raw,3146,9.4191,-0.2234,2.0201
12.805,raw,3159,9.2007,0.1097,2.0145
12.805,raw,3171,9.5180,0.4176,2.0225
12.805,raw,3183,10.0700,0.7630,2.0366
12.805,raw,3196,-31.9698,-3.8951,3.3802
12.805,raw,3208,-26.1645,-13.7612,3.2525
12.805,raw,3220,-11.3524,-8.4620,2.5085
12.805,raw,3233,9.7383,-0.7418,2.2456
12.805,raw,3245,9.5248,-0.4091,2.2341
12.805,raw,3257,9.3093,-0.0926,2.2230
12.805,raw,3270,9.2308,0.2344,2.2190
12.805,raw,3282,9.7385,0.5564,2.2439
12.805,raw,3294,-15.9997,-1.9535,2.9963
12.805,raw,3307,-26.0486,-14.0919,3.9641
12.805,raw,3319,-19.0836,0.1489,3.6708
12.805,raw,3331,-19.5091,-0.5432,3.7125
12.805,raw,3344,-19.2755,-1.2778,3.6940
12.805,raw,3356,-19.0524,-1.9431,3.6785
12.805,raw,3368,-18.8277,-2.5976,3.6649
12.805,raw,3381,-18.4566,-3.2733,3.6403
12.805,raw,3393,-18.2217,-3.9037,3.6300
12.805,raw,3405,-18.0336,-4.5391,3.6264
12.805,raw,3418,-17.8231,-5.2233,3.6242
12.805,raw,3430,-17.5971,-5.8437,3.6212
12.805,raw,3442,-17.4577,-6.6716,3.6351
12.805,raw,3455,-17.2428,-7.3616,3.6405
12.805,raw,3467,-17.0224,-7.9934,3.6457
12.805,raw,3479,-16.8383,-8.6487,3.6572
12.805,raw,3492,-11.2939,-8.4716,3.1962
12.805,raw,3504,-18.2652,0.4187,3.5930
12.805,raw,3516,-16.4973,-0.1441,3.8282
12.805,raw,3529,-16.2998,-0.7708,3.8074
12.805,raw,3541,-16.1171,-1.3385,3.7906
12.805,raw,3553,-15.9378,-1.8975,3.7765
12.805,raw,3566,-15.5565,-2.5115,3.7421
12.805,raw,3578,-15.3898,-3.0520,3.7342
12.805,raw,3590,-15.2135,-3.5862,3.7273
12.805,raw,3603,-15.0193,-4.1602,3.7219
12.805,raw,3615,-14.8681,-4.6965,3.7228
12.805,raw,3627,-14.7283,-5.3866,3.7334
12.805,raw,3640,-14.5289,-5.9606,3.7358
12.805,raw,3652,-14.3826,-6.5097,3.7454
12.805,raw,3664,-14.1979,-7.0468,3.7525
12.805,raw,3677,-14.0136,-7.6434,3.7653
12.805,raw,3689,-16.7795,0.7467,3.8627
14.883,raw,0,-5.5467,-6.3837,0.5495
14.883,raw,11,-5.3675,-6.6077,0.5430
14.883,raw,22,-5.2068,-6.8593,0.5306
14.883,raw,34,-5.0109,-7.1179,0.5192
14.883,raw,45,-4.8404,-7.3767,0.5041
14.883,raw,57,9.5930,-0.4960,0.5274
14.883,raw,68,9.4033,-0.2009,0.5562
14.883,raw,80,9.1956,0.1065,0.5863
14.883,raw,91,9.5218,0.3890,0.5402
14.883,raw,103,-5.9958,-7.0310,0.6713
14.883,raw,114,-5.8387,-7.3198,0.6581
14.883,raw,126,-5.6146,-7.5823,0.6511
14.883,raw,137,-5.4499,-7.8842,0.6350
14.883,raw,149,-5.2437,-8.1937,0.6197
14.883,raw,160,-5.0836,-8.5374,0.5968
14.883,raw,171,-4.3250,-7.9114,0.7053
14.883,raw,183,-4.0880,-8.1533,0.6947
14.883,raw,194,-4.4005,-9.4162,0.5481
14.883,raw,206,-4.1297,-9.7124,0.5311
14.883,raw,217,-3.8741,-9.9900,0.5140
14.883,raw,229,9.7726,-0.8034,0.7197
14.883,raw,240,9.5861,-0.4955,0.7445
14.883,raw,252,9.3932,-0.1750,0.7689
14.883,raw,263,9.1716,0.1067,0.7954
14.883,raw,275,9.5253,0.4149,0.7538
14.883,raw,286,10.0211,0.7299,0.6946
14.883,raw,298,-6.5979,-7.8313,0.8088
14.883,raw,309,-6.4312,-8.1595,0.7959
14.883,raw,320,-6.2167,-8.4415,0.7881
14.883,raw,332,-6.0160,-8.8057,0.7724
14.883,raw,343,-5.7846,-9.0890,0.7634
14.883,raw,355,-5.5296,-9.4080,0.7517
14.883,raw,366,-4.2420,-7.9305,0.9306
14.883,raw,378,-4.0934,-8.3347,0.9048
14.883,raw,389,-4.7800,-10.3751,0.7080
14.883,raw,401,-4.4924,-10.7225,0.6906
14.883,raw,412,-4.2339,-11.0834,0.6697
14.883,raw,424,-3.9282,-11.4615,0.6479
14.883,raw,435,-3.6702,-11.9171,0.6164
14.883,raw,447,-3.4088,-12.5633,0.5672
14.883,raw,458,-3.1157,-13.0844,0.5285
14.883,raw,469,9.6868,-0.6617,0.9489
14.883,raw,481,9.4788,-0.3328,0.9703
14.883,raw,492,9.3083,-0.0455,0.9871
14.883,raw,504,9.2681,0.2568,0.9910
14.883,raw,515,9.8001,0.5562,0.9410
14.883,raw,527,-7.8411,-7.8276,1.0016
14.883,raw,538,-7.6538,-8.1586,0.9948
14.883,raw,550,-7.4347,-8.5148,0.9874
14.883,raw,561,-7.2182,-8.8338,0.9809
14.883,raw,573,-6.9639,-9.1707,0.9743
14.883,raw,584,-6.7328,-9.4928,0.9665
14.883,raw,596,-6.4873,-9.8682,0.9555
14.883,raw,607,-6.2594,-10.2266,0.9438
14.883,raw,619,-4.3325,-7.8715,1.1523
14.883,raw,630,-4.0900,-8.0456,1.1503
14.883,raw,641,-5.5078,-11.4022,0.9000
14.883,raw,653,-5.1666,-11.7307,0.8903
14.883,raw,664,-4.9061,-12.1729,0.8701
14.883,raw,676,-4.5516,-12.5374,0.8564
14.883,raw,687,-4.3273,-13.1849,0.8201
14.883,raw,699,-4.0216,-13.8274,0.7851
14.883,raw,710,-3.7773,-14.6520,0.7357
14.883,raw,722,-3.4271,-15.4336,0.6900
14.883,raw,733,-3.0735,-16.1915,0.6447
14.883,raw,745,-2.6991,-17.3437,0.5719
14.883,raw,756,9.7299,-0.7189,1.1623
14.883,raw,768,9.5154,-0.3866,1.1788
14.883,raw,779,9.3320,-0.0967,1.1923
14.883,raw,790,9.1888,0.1812,1.2025
14.883,raw,802,9.6841,0.4985,1.1679
14.883,raw,813,-10.4084,-5.0674,1.2482
14.883,raw,825,-10.2207,-5.4409,1.2483
14.883,raw,836,-10.0988,-5.8120,1.2451
14.883,raw,848,-9.9113,-6.1899,1.2438
14.883,raw,859,-9.7944,-6.5749,1.2390
14.883,raw,871,-9.6059,-6.9619,1.2362
14.883,raw,882,-9.4166,-7.3094,1.2339
14.883,raw,894,-9.2774,-7.7480,1.2267
14.883,raw,905,-9.0725,-8.0970,1.2237
14.883,raw,917,-8.8274,-8.4650,1.2209
14.883,raw,928,-8.6229,-8.8279,1.2162
14.883,raw,939,-8.3849,-9.1657,1.2129
14.883,raw,951,-8.1524,-9.5732,1.2064
14.883,raw,962,-7.9428,-9.9651,1.1992
14.883,raw,974,-7.6870,-10.3772,1.1919
14.883,raw,985,-7.4501,-10.7689,1.1842
14.883,raw,997,-7.1593,-11.1713,1.1768
14.883,raw,1008,-6.9273,-11.6138,1.1658
14.883,raw,1020,-4.1918,-7.8982,1.3750
14.883,raw,1031,-4.0327,-8.2233,1.3657
14.883,raw,1043,-6.0068,-12.9011,1.1354
14.883,raw,1054,-5.7474,-13.4405,1.1184
14.883,raw,1066,-5.3772,-13.8926,1.1063
14.883,raw,1077,-5.1596,-14.6700,1.0772
14.883,raw,1089,-4.8603,-15.4822,1.0471
14.883,raw,1100,-4.6058,-16.4279,1.0098
14.883,raw,1111,-4.5188,-18.1793,0.9344
14.883,raw,1123,-5.0168,-23.0919,0.7121
14.883,raw,1134,-4.5067,-24.3634,0.6607
14.883,raw,1146,-3.7372,-24.9881,0.6392
14.883,raw,1157,-2.9856,-25.4409,0.6240
14.883,raw,1169,-2.1401,-25.9304,0.6064
14.883,raw,1180,-1.3406,-26.3765,0.5894
14.883,raw,1192,-0.4345,-26.7047,0.5766
14.883,raw,1203,0.4135,-27.0935,0.5597
14.883,raw,1215,1.3685,-27.5874,0.5367
14.883,raw,1226,2.2756,-28.0395,0.5142
14.883,raw,1238,9.7183,-0.6911,1.3800
14.883,raw,1249,9.5104,-0.3864,1.3905
14.883,raw,1260,9.3246,-0.0965,1.3996
14.883,raw,1272,9.2044,0.2062,1.4052
14.883,raw,1283,9.6888,0.4987,1.3829
14.883,raw,1295,23.9183,10.5907,0.6344
14.883,raw,1306,-17.9168,20.5893,0.5470
14.883,raw,1318,-17.4742,18.7665,0.6214
14.883,raw,1329,-17.0924,17.2555,0.6824
14.883,raw,1341,-16.7125,15.7692,0.7413
14.883,raw,1352,-16.3406,14.4884,0.7924
14.883,raw,1364,-15.9823,13.2310,0.8413
14.883,raw,1375,-15.5076,12.0500,0.8912
14.883,raw,1387,-15.2041,11.0044,0.9301
14.883,raw,1398,-11.1784,7.6942,1.1662
14.883,raw,1409,-14.6235,9.2476,0.9957
14.883,raw,1421,-14.4284,8.4429,1.0216
14.883,raw,1432,-14.0860,7.6594,1.0522
14.883,raw,1444,-14.2284,0.1142,1.4743
14.883,raw,1455,-14.0614,-0.3469,1.4778
14.883,raw,1467,-13.8755,-0.8388,1.4813
14.883,raw,1478,-8.1198,-0.7167,1.6081
14.883,raw,1490,-8.2001,-1.0302,1.6056
14.883,raw,1501,-13.3396,-2.1774,1.4896
14.883,raw,1513,-13.1476,-2.6333,1.4919
14.883,raw,1524,-12.9816,-3.0475,1.4935
14.883,raw,1536,-12.8056,-3.4958,1.4949
14.883,raw,1547,-12.6384,-3.9017,1.4959
14.883,raw,1559,-12.4680,-4.3456,1.4964
14.883,raw,1570,-12.1350,-4.6839,1.5008
14.883,raw,1581,-11.9996,-5.0919,1.5002
14.883,raw,1593,-11.8198,-5.5248,1.5000
14.883,raw,1604,-11.6639,-5.9274,1.4993
14.883,raw,1616,-11.5091,-6.3780,1.4977
14.883,raw,1627,-11.2702,-6.7400,1.4984
14.883,raw,1639,-11.0851,-7.1806,1.4968
14.883,raw,1650,-10.9101,-7.5866,1.4951
14.883,raw,1662,-10.7269,-8.0426,1.4927
14.883,raw,1673,-10.4613,-8.3937,1.4927
14.883,raw,1685,-10.3371,-8.9156,1.4876
14.883,raw,1696,-10.0462,-9.2558,1.4876
14.883,raw,1708,-9.9343,-9.8238,1.4809
14.883,raw,1719,-9.7768,-10.3155,1.4757
14.883,raw,1730,-9.4898,-10.6894,1.4741
14.883,raw,1742,-9.3488,-11.3057,1.4661
14.883,raw,1753,-9.0643,-11.7147,1.4632
14.883,raw,1765,-8.7591,-12.1846,1.4591
14.883,raw,1776,-8.6377,-12.8601,1.4486
14.883,raw,1788,-8.2996,-13.3464,1.4440
14.883,raw,1799,-7.9919,-13.8214,1.4387
14.883,raw,1811,-7.8117,-14.6519,1.4249
14.883,raw,1822,-9.1644,-18.4014,1.3379
14.883,raw,1834,-8.8511,-19.4184,1.3210
14.883,raw,1845,-8.5154,-20.3577,1.3052
14.883,raw,1857,-8.1452,-21.5131,1.2849
14.883,raw,1868,-7.7449,-22.5703,1.2662
14.883,raw,1879,-7.4362,-24.0795,1.2370
14.883,raw,1891,-6.9599,-25.5916,1.2082
14.883,raw,1902,-6.4448,-26.9936,1.1814
14.883,raw,1914,-5.5673,-27.5032,1.1749
14.883,raw,1925,-4.7331,-27.9125,1.1698
14.883,raw,1937,-3.8208,-28.4635,1.1612
14.883,raw,1948,-2.9542,-28.9235,1.1537
14.883,raw,1960,-1.9907,-29.5131,1.1429
14.883,raw,1971,-1.0793,-30.0980,1.1314
14.883,raw,1983,-0.0473,-30.7938,1.1169
14.883,raw,1994,0.9386,-31.3518,1.1046
14.883,raw,2006,2.0443,-31.7290,1.0956
14.883,raw,2017,3.0856,-32.0961,1.0860
14.883,raw,2029,4.2816,-32.7362,1.0694
14.883,raw,2040,5.4363,-33.4005,1.0516
14.883,raw,2051,9.7446,-0.7470,1.5957
14.883,raw,2063,9.5240,-0.4131,1.6011
14.883,raw,2074,9.3450,-0.1225,1.6054
14.883,raw,2086,9.1907,0.1812,1.6089
14.883,raw,2097,9.6181,0.4699,1.5993
14.883,raw,2109,-23.5737,25.9467,1.0210
14.883,raw,2120,-23.0470,23.8360,1.0626
14.883,raw,2132,-21.9116,21.1923,1.1212
14.883,raw,2143,-20.9727,19.0714,1.1680
14.883,raw,2155,-20.2846,17.2296,1.2059
14.883,raw,2166,-19.4921,15.5470,1.2427
14.883,raw,2178,-19.1557,14.2357,1.2659
14.883,raw,2189,-11.0081,7.8692,1.4937
14.883,raw,2200,-18.2659,11.8783,1.3111
14.883,raw,2212,-17.8417,10.7518,1.3320
14.883,raw,2223,-17.8673,10.0050,1.3395
14.883,raw,2235,-17.4621,9.0038,1.3575
14.883,raw,2246,-17.1265,8.1559,1.3722
14.883,raw,2258,-16.8251,7.3086,1.3857
14.883,raw,2269,-16.5268,6.5627,1.3979
14.883,raw,2281,-16.5315,5.9013,1.4027
14.883,raw,2292,-16.2699,5.2278,1.4127
14.883,raw,2304,-16.0039,4.5314,1.4226
14.883,raw,2315,-15.7606,3.9202,1.4310
14.883,raw,2327,-15.4844,3.2789,1.4399
14.883,raw,2338,-15.2965,2.7258,1.4462
14.883,raw,2349,-15.0330,2.1804,1.4536
14.883,raw,2361,-14.8328,1.6177,1.4594
14.883,raw,2372,-14.6442,1.1169,1.4644
14.883,raw,2384,-14.4433,0.5865,1.4694
14.883,raw,2395,-33.2108,0.1570,1.8457
14.883,raw,2407,-32.5297,-0.9838,1.8448
14.883,raw,2418,-31.9642,-1.9944,1.8441
14.883,raw,2430,-31.3475,-3.0609,1.8434
14.883,raw,2441,-30.7915,-4.0088,1.8428
14.883,raw,2453,-30.1926,-5.0130,1.8422
14.883,raw,2464,-29.6574,-5.9100,1.8417
14.883,raw,2476,-29.0798,-6.8644,1.8412
14.883,raw,2487,-28.5776,-7.7251,1.8409
14.883,raw,2499,-16.0409,-4.9502,1.8235
14.883,raw,2510,-27.4946,-9.4597,1.8401
14.883,raw,2521,-16.5310,-6.3077,1.8247
14.883,raw,2533,-26.4594,-11.1483,1.8396
14.883,raw,2544,-25.9993,-11.9551,1.8395
14.883,raw,2556,-25.4507,-12.8054,1.8393
14.883,raw,2567,-24.9888,-13.5991,1.8393
14.883,raw,2579,-24.4713,-14.4546,1.8392
14.883,raw,2590,-23.9973,-15.2380,1.8392
14.883,raw,2602,-23.4754,-16.0906,1.8393
14.883,raw,2613,-23.0008,-16.8783,1.8394
14.883,raw,2625,-22.4675,-17.7327,1.8395
14.883,raw,2636,-21.9996,-18.5414,1.8397
14.883,raw,2648,-21.4863,-19.4362,1.8399
14.883,raw,2659,-21.0022,-20.2610,1.8402
14.883,raw,2670,-20.5148,-21.1021,1.8405
14.883,raw,2682,-19.9878,-22.0518,1.8410
14.883,raw,2693,-19.4934,-22.9408,1.8414
14.883,raw,2705,-18.9416,-23.9352,1.8420
14.883,raw,2716,-18.4305,-24.8823,1.8426
14.883,raw,2728,-17.8311,-25.9122,1.8432
14.883,raw,2739,-17.2917,-26.9263,1.8439
14.883,raw,2751,-16.6518,-28.0244,1.8447
14.883,raw,2762,-16.0673,-29.1087,1.8456
14.883,raw,2774,-15.3898,-30.3176,1.8466
14.883,raw,2785,-14.7350,-31.4612,1.8476
14.883,raw,2797,9.5985,-0.5488,1.8123
14.883,raw,2808,9.4081,-0.2522,1.8120
14.883,raw,2819,9.2487,0.0310,1.8118
14.883,raw,2831,9.4095,0.3350,1.8120
14.883,raw,2842,9.8841,0.6407,1.8127
14.883,raw,2854,-34.6155,3.0921,1.8478
14.883,raw,2865,-34.1034,1.9491,1.8470
14.883,raw,2877,-33.5066,0.7427,1.8461
14.883,raw,2888,-16.6253,-0.0406,2.2251
14.883,raw,2900,-16.4734,-0.6259,2.2218
14.883,raw,2911,-16.7379,-1.1862,2.2292
14.883,raw,2923,-17.4995,-1.8730,2.2496
14.883,raw,2934,-17.3971,-3.0193,2.2512
14.883,raw,2946,-15.7256,-3.5503,2.2132
14.883,raw,2957,-15.5771,-4.1058,2.2129
14.883,raw,2969,-17.5915,-5.8876,2.2734
14.883,raw,2980,-15.5701,-7.3061,2.2397
14.883,raw,2991,-14.3125,-7.8995,2.2185
14.883,raw,3003,-19.8814,-24.2254,2.5879
14.883,raw,3014,9.6997,-0.6894,2.0282
14.883,raw,3026,9.4908,-0.3593,2.0224
14.883,raw,3037,9.3080,-0.0708,2.0176
14.883,raw,3049,9.2520,0.2315,2.0161
14.883,raw,3060,9.6856,0.5249,2.0270
14.883,raw,3072,-16.7948,0.5046,2.2294
14.883,raw,3083,-31.8401,-3.3929,3.3706
14.883,raw,3095,-14.8122,-5.0097,2.5808
14.883,raw,3106,-25.9020,-14.3869,3.2551
14.883,raw,3118,-19.6537,-24.2371,3.3271
14.883,raw,3129,-14.8092,-5.0087,2.9611
14.883,raw,3140,-25.9039,-14.3879,3.9644
14.883,raw,3152,-19.6202,-0.1908,3.7211
14.883,raw,3163,-19.4022,-0.8180,3.7023
14.883,raw,3175,-19.2033,-1.4921,3.6876
14.883,raw,3186,-19.0146,-2.1004,3.6754
14.883,raw,3198,-18.7962,-2.7537,3.6630
14.883,raw,3209,-18.3529,-3.5256,3.6339
14.883,raw,3221,-18.0402,-4.5298,3.6257
14.883,raw,3232,-13.9110,-8.0620,3.3839
14.883,raw,3244,-19.0118,0.1559,3.6628
14.883,raw,3255,-16.4252,-0.3308,3.8187
14.883,raw,3267,-16.2390,-0.9052,3.7997
14.883,raw,3278,-16.0905,-1.4247,3.7870
14.883,raw,3289,-15.9219,-1.9353,3.7738
14.883,raw,3301,-15.5484,-2.4541,3.7386
14.883,raw,3312,-15.4061,-2.9510,3.7323
14.883,raw,3324,-15.2233,-3.4835,3.7243
14.883,raw,3335,-15.0776,-3.9736,3.7214
14.883,raw,3347,-14.9086,-4.5042,3.7193
14.883,raw,3358,-14.7770,-4.9979,3.7222
14.883,raw,3370,-14.6209,-5.6838,3.7325
14.883,raw,3381,-14.4755,-6.1796,3.7385
14.883,raw,3393,-14.3083,-6.7213,3.7464
14.883,raw,3404,-14.1386,-7.2147,3.7538
14.883,raw,3416,-13.9696,-7.7675,3.7665
14.883,raw,3427,-16.7395,0.7022,3.8563
15.994,raw,0,-5.5103,-6.3004,0.5613
15.994,raw,11,-5.3368,-6.5268,0.5540
15.994,raw,22,-5.1957,-6.7985,0.5377
15.994,raw,34,-4.9882,-7.0390,0.5293
15.994,raw,45,-4.8198,-7.2969,0.5142
15.994,raw,56,9.7243,-0.6993,0.5035
15.994,raw,68,9.5003,-0.3660,0.5384
15.994,raw,79,9.3067,-0.0756,0.5673
15.994,raw,90,9.1612,0.2022,0.5882
15.994,raw,102,9.6548,0.5192,0.5182
15.994,raw,113,-5.9144,-7.0621,0.6747
15.994,raw,124,-5.7489,-7.3417,0.6626
15.994,raw,136,-5.5574,-7.6452,0.6490
15.994,raw,147,-5.3749,-7.9265,0.6356
15.994,raw,158,-5.2066,-8.2423,0.6168
15.994,raw,170,-4.6161,-7.9631,0.6816
15.994,raw,181,-4.2529,-7.9449,0.7053
15.994,raw,192,-4.5645,-9.1395,0.5665
15.994,raw,204,-4.2963,-9.4210,0.5520
15.994,raw,215,-4.0562,-9.7106,0.5337
15.994,raw,226,-3.7984,-9.9845,0.5168
15.994,raw,238,9.7296,-0.7266,0.7229
15.994,raw,249,9.5260,-0.4196,0.7495
15.994,raw,260,9.3251,-0.1268,0.7745
15.994,raw,272,9.1466,0.1773,0.7959
15.994,raw,283,9.5821,0.4643,0.7447
15.994,raw,295,10.1004,0.8123,0.6825
15.994,raw,306,-6.5535,-7.7824,0.8147
15.994,raw,317,-6.3905,-8.1125,0.8014
15.994,raw,329,-6.1927,-8.4644,0.7874
15.994,raw,340,-5.9710,-8.7474,0.7788
15.994,raw,351,-5.7474,-9.0389,0.7686
15.994,raw,363,-4.6518,-8.0199,0.9031
15.994,raw,374,-4.2403,-7.9236,0.9305
15.994,raw,385,-4.1128,-8.3102,0.9052
15.994,raw,397,-4.7393,-10.3058,0.7145
15.994,raw,408,-4.4892,-10.6482,0.6960
15.994,raw,419,-4.2265,-10.9944,0.6765
15.994,raw,431,-3.9405,-11.4170,0.6501
15.994,raw,442,-3.6739,-11.8454,0.6214
15.994,raw,453,-3.4358,-12.4319,0.5767
15.994,raw,465,-3.1207,-13.0039,0.5341
15.994,raw,476,9.6864,-0.6691,0.9468
15.994,raw,487,9.4703,-0.3642,0.9689
15.994,raw,499,9.2861,-0.0497,0.9872
15.994,raw,510,9.1807,0.2272,0.9972
15.994,raw,521,9.6663,0.5196,0.9516
15.994,raw,533,-7.8344,-7.6885,1.0086
15.994,raw,544,-7.6721,-8.0392,0.9998
15.994,raw,555,-7.4583,-8.3474,0.9947
15.994,raw,567,-7.2601,-8.7323,0.9841
15.994,raw,578,-7.0228,-9.0325,0.9789
15.994,raw,590,-6.7870,-9.4001,0.9691
15.994,raw,601,-6.5476,-9.7200,0.9611
15.994,raw,612,-6.3332,-10.0912,0.9484
15.994,raw,624,-4.4769,-7.8957,1.1451
15.994,raw,635,-4.1585,-7.9436,1.1535
15.994,raw,646,-5.5303,-11.1442,0.9144
15.994,raw,658,-5.2568,-11.5917,0.8955
15.994,raw,669,-4.9867,-12.0005,0.8779
15.994,raw,680,-4.6723,-12.3453,0.8647
15.994,raw,692,-4.4047,-12.9640,0.8317
15.994,raw,703,-4.1290,-13.5330,0.8011
15.994,raw,714,-3.8953,-14.3385,0.7531
15.994,raw,726,-3.5505,-15.0769,0.7106
15.994,raw,737,-3.2100,-15.8156,0.6668
15.994,raw,748,-2.8444,-16.6365,0.6168
15.994,raw,760,9.7852,-0.8128,1.1562
15.994,raw,771,9.6081,-0.5039,1.1703
15.994,raw,782,9.4032,-0.2063,1.1857
15.994,raw,794,9.1781,0.1026,1.2018
15.994,raw,805,9.4224,0.3823,1.1848
15.994,raw,816,9.9124,0.6913,1.1501
15.994,raw,828,-10.1784,-5.1926,1.2556
15.994,raw,839,-10.0759,-5.5672,1.2518
15.994,raw,851,-9.8923,-5.9411,1.2507
15.994,raw,862,-9.7870,-6.3258,1.2457
15.994,raw,873,-9.6017,-6.6653,1.2443
15.994,raw,885,-9.4937,-7.1075,1.2367
15.994,raw,896,-9.3224,-7.4699,1.2331
15.994,raw,907,-9.0932,-7.7914,1.2320
15.994,raw,919,-8.8934,-8.1897,1.2271
15.994,raw,930,-8.6826,-8.5381,1.2234
15.994,raw,941,-8.5037,-8.9266,1.2169
15.994,raw,953,-8.2771,-9.3323,1.2107
15.994,raw,964,-8.0639,-9.7113,1.2043
15.994,raw,975,-7.7925,-10.0334,1.2010
15.994,raw,987,-7.5495,-10.4643,1.1924
15.994,raw,998,-7.3205,-10.8709,1.1836
15.994,raw,1009,-7.1059,-11.3222,1.1722
15.994,raw,1021,-4.4365,-7.8820,1.3696
15.994,raw,1032,-4.1338,-7.9547,1.3738
15.994,raw,1043,-6.2381,-12.5590,1.1440
15.994,raw,1055,-5.9594,-13.1223,1.1268
15.994,raw,1066,-5.6220,-13.5129,1.1172
15.994,raw,1077,-5.2812,-13.9313,1.1058
15.994,raw,1089,-5.0707,-14.8766,1.0692
15.994,raw,1100,-4.7993,-15.6641,1.0395
15.994,raw,1111,-4.5976,-16.8285,0.9918
15.994,raw,1123,-5.3022,-21.9134,0.7603
15.994,raw,1134,-4.9251,-23.4981,0.6944
15.994,raw,1146,-4.2974,-24.6634,0.6484
15.994,raw,1157,-3.5620,-25.1277,0.6334
15.994,raw,1168,-2.8042,-25.5875,0.6176
15.994,raw,1180,-1.9541,-26.1172,0.5979
15.994,raw,1191,-1.1442,-26.5462,0.5813
15.994,raw,1202,-0.3055,-26.8118,0.5710
15.994,raw,1214,0.6277,-27.2793,0.5503
15.994,raw,1225,1.5120,-27.7195,0.5294
15.994,raw,1236,2.4270,-28.1703,0.5068
15.994,raw,1248,9.6203,-0.5575,1.3840
15.994,raw,1259,9.4180,-0.2583,1.3941
15.994,raw,1270,9.2287,0.0270,1.4031
15.994,raw,1282,9.3314,0.3295,1.3984
15.994,raw,1293,9.8572,0.6344,1.3740
15.994,raw,1304,23.8725,10.6001,0.6356
15.994,raw,1316,-17.8089,21.0648,0.5355
15.994,raw,1327,-17.3874,19.3275,0.6070
15.994,raw,1338,-16.9991,17.7632,0.6705
15.994,raw,1350,-16.6234,16.2380,0.7311
15.994,raw,1361,-16.1430,14.8266,0.7905
15.994,raw,1372,-15.7772,13.6159,0.8389
15.994,raw,1384,-15.4615,12.4547,0.8831
15.994,raw,1395,-15.2091,11.4885,0.9186
15.994,raw,1406,-11.0626,7.9616,1.1652
15.994,raw,1418,-11.4874,7.6597,1.1565
15.994,raw,1429,-14.3786,8.8214,1.0164
15.994,raw,1441,-14.0475,7.9708,1.0484
15.994,raw,1452,-13.7165,7.2243,1.0774
15.994,raw,1463,-13.9291,-0.0293,1.4813
15.994,raw,1475,-13.7534,-0.5193,1.4849
15.994,raw,1486,-8.2818,-0.5311,1.6054
15.994,raw,1497,-8.1445,-0.7962,1.6078
15.994,raw,1509,-13.2505,-1.8535,1.4930
15.994,raw,1520,-13.0828,-2.2701,1.4952
15.994,raw,1531,-12.9354,-2.6851,1.4966
15.994,raw,1543,-12.7556,-3.1288,1.4983
15.994,raw,1554,-12.5826,-3.5290,1.4997
15.994,raw,1565,-12.4480,-3.9376,1.5000
15.994,raw,1577,-12.2856,-4.3775,1.5003
15.994,raw,1588,-11.9610,-4.7114,1.5044
15.994,raw,1599,-11.8205,-5.1119,1.5039
15.994,raw,1611,-11.6436,-5.5400,1.5036
15.994,raw,1622,-11.5160,-5.9515,1.5021
15.994,raw,1633,-11.3978,-6.3735,1.5001
15.994,raw,1645,-11.1730,-6.7852,1.4999
15.994,raw,1656,-11.0041,-7.1875,1.4984
15.994,raw,1667,-10.8216,-7.5862,1.4969
15.994,raw,1679,-10.5499,-7.9744,1.4968
15.994,raw,1690,-10.3794,-8.3929,1.4942
15.994,raw,1702,-10.2000,-8.8669,1.4907
15.994,raw,1713,-9.9120,-9.2039,1.4906
15.994,raw,1724,-9.8220,-9.7319,1.4841
15.994,raw,1736,-9.6323,-10.2448,1.4791
15.994,raw,1747,-9.3601,-10.6284,1.4770
15.994,raw,1758,-9.2509,-11.2120,1.4690
15.994,raw,1770,-8.9602,-11.6769,1.4652
15.994,raw,1781,-8.6625,-12.0796,1.4622
15.994,raw,1792,-8.5510,-12.7642,1.4514
15.994,raw,1804,-8.2397,-13.2850,1.4457
15.994,raw,1815,-7.9192,-13.7355,1.4410
15.994,raw,1826,-7.7934,-14.5599,1.4267
15.994,raw,1838,-7.4319,-15.1299,1.4194
15.994,raw,1849,-8.8699,-19.3912,1.3211
15.994,raw,1860,-8.5470,-20.3592,1.3047
15.994,raw,1872,-8.1651,-21.4876,1.2850
15.994,raw,1883,-7.7896,-22.6124,1.2648
15.994,raw,1894,-7.4751,-24.1110,1.2358
15.994,raw,1906,-7.0050,-25.6509,1.2064
15.994,raw,1917,-6.4868,-27.0513,1.1796
15.994,raw,1928,-5.6753,-27.4946,1.1743
15.994,raw,1940,-4.7758,-28.0032,1.1673
15.994,raw,1951,-3.9320,-28.4766,1.1601
15.994,raw,1962,-3.0724,-28.9968,1.1513
15.994,raw,1974,-2.0990,-29.4994,1.1426
15.994,raw,1985,-1.1924,-30.1506,1.1297
15.994,raw,1997,-0.1591,-30.8227,1.1157
15.994,raw,2008,0.8272,-31.4231,1.1026
15.994,raw,2019,1.8427,-31.7997,1.0937
15.994,raw,2031,2.9813,-32.2155,1.0831
15.994,raw,2042,4.0730,-32.7587,1.0689
15.994,raw,2053,5.2197,-33.3943,1.0519
15.994,raw,2065,9.7081,-0.7245,1.5960
15.994,raw,2076,9.5256,-0.4196,1.6006
15.994,raw,2087,9.3175,-0.1266,1.6055
15.994,raw,2099,9.1458,0.1773,1.6094
15.994,raw,2110,9.5829,0.4643,1.5997
15.994,raw,2121,10.0643,0.7823,1.5887
15.994,raw,2133,-23.0578,25.6872,1.0336
15.994,raw,2144,-22.5529,23.6091,1.0745
15.994,raw,2155,-21.6435,21.3056,1.1244
15.994,raw,2167,-20.6397,18.9990,1.1752
15.994,raw,2178,-20.0821,17.3677,1.2080
15.994,raw,2189,-19.2921,15.6728,1.2451
15.994,raw,2201,-18.7867,14.2319,1.2732
15.994,raw,2212,-11.0098,8.0227,1.4924
15.994,raw,2223,-11.2769,7.6703,1.4918
15.994,raw,2235,-17.4721,10.7561,1.3396
15.994,raw,2246,-17.4533,9.9942,1.3483
15.994,raw,2257,-17.1443,9.1126,1.3634
15.994,raw,2269,-16.8092,8.2052,1.3787
15.994,raw,2280,-16.5201,7.4263,1.3916
15.994,raw,2292,-16.2370,6.6331,1.4039
15.994,raw,2303,-16.2401,6.0331,1.4084
15.994,raw,2314,-16.0443,5.3835,1.4170
15.994,raw,2326,-15.7379,4.6777,1.4279
15.994,raw,2337,-15.5204,4.0763,1.4359
15.994,raw,2348,-15.2973,3.4965,1.4436
15.994,raw,2360,-15.0451,2.8872,1.4516
15.994,raw,2371,-14.8518,2.3557,1.4576
15.994,raw,2382,-14.6691,1.8422,1.4630
15.994,raw,2394,-14.4537,1.2980,1.4689
15.994,raw,2405,-14.2633,0.8150,1.4737
15.994,raw,2416,-14.0739,0.3453,1.4781
15.994,raw,2428,-31.9719,-0.4745,1.8440
15.994,raw,2439,-17.9534,-0.7777,1.8250
15.994,raw,2450,-30.9471,-2.4492,1.8428
15.994,raw,2462,-8.5414,-0.8936,1.8123
15.994,raw,2473,-29.8956,-4.3997,1.8417
15.994,raw,2484,-29.4299,-5.3026,1.8412
15.994,raw,2496,-28.9126,-6.2639,1.8408
15.994,raw,2507,-28.4539,-7.1302,1.8405
15.994,raw,2518,-28.0095,-7.9852,1.8402
15.994,raw,2530,-27.4894,-8.8921,1.8399
15.994,raw,2541,-14.8003,-5.3223,1.8220
15.994,raw,2553,-16.4444,-6.5817,1.8247
15.994,raw,2564,-15.5254,-6.8106,1.8237
15.994,raw,2575,-25.5880,-12.1919,1.8391
15.994,raw,2587,-15.1847,-7.9353,1.8239
15.994,raw,2598,-24.6334,-13.8441,1.8390
15.994,raw,2609,-24.1835,-14.6355,1.8390
15.994,raw,2621,-23.6757,-15.4898,1.8390
15.994,raw,2632,-11.8185,-8.3738,1.8203
15.994,raw,2643,-22.7723,-17.0869,1.8393
15.994,raw,2655,-22.2794,-17.9722,1.8395
15.994,raw,2666,-21.8260,-18.7955,1.8397
15.994,raw,2677,-21.3836,-19.6447,1.8400
15.994,raw,2689,-20.8731,-20.5685,1.8404
15.994,raw,2700,-20.3941,-21.4280,1.8407
15.994,raw,2711,-19.9284,-22.3287,1.8412
15.994,raw,2723,-19.4075,-23.3359,1.8417
15.994,raw,2734,-18.8978,-24.2605,1.8423
15.994,raw,2745,-18.3922,-25.2338,1.8429
15.994,raw,2757,-17.8214,-26.3285,1.8437
15.994,raw,2768,-17.2699,-27.3525,1.8444
15.994,raw,2779,-16.6946,-28.4057,1.8452
15.994,raw,2791,-16.0589,-29.6300,1.8462
15.994,raw,2802,-15.4552,-30.8124,1.8472
15.994,raw,2813,9.6833,-0.6688,1.8125
15.994,raw,2825,9.4676,-0.3382,1.8122
15.994,raw,2836,9.2810,-0.0496,1.8119
15.994,raw,2848,9.2463,0.2527,1.8118
15.994,raw,2859,9.6766,0.5464,1.8124
15.994,raw,2870,-34.7027,5.2736,1.8482
15.994,raw,2882,-34.1511,3.9788,1.8472
15.994,raw,2893,-33.6358,2.8331,1.8464
15.994,raw,2904,-33.1438,1.7266,1.8456
15.994,raw,2916,-17.0065,0.3791,1.8237
15.994,raw,2927,-17.9018,-0.1391,2.2563
15.994,raw,2938,-16.6489,-1.4043,2.2270
15.994,raw,2950,-15.7080,-2.2162,2.2062
15.994,raw,2961,-15.2113,-4.7655,2.2084
15.994,raw,2972,-15.0047,-6.6901,2.2204
15.994,raw,2984,-14.6114,-7.9724,2.2256
15.994,raw,2995,-19.9894,-24.0228,2.5859
15.994,raw,3006,9.7445,-0.7280,2.0299
15.994,raw,3018,9.4964,-0.3917,2.0231
15.994,raw,3029,9.3009,-0.1007,2.0179
15.994,raw,3040,9.1402,0.1773,2.0139
15.994,raw,3052,9.5963,0.4909,2.0253
15.994,raw,3063,10.0929,0.8118,2.0380
15.994,raw,3074,-31.8596,-3.4648,3.3711
15.994,raw,3086,-14.8381,-4.9897,2.5811
15.994,raw,3097,-25.9283,-14.3676,3.2554
15.994,raw,3108,-19.8640,-24.2997,3.3360
15.994,raw,3120,-17.6045,-5.8632,3.1698
15.994,raw,3131,-25.9669,-14.2899,3.9644
15.994,raw,3143,-19.5989,-0.0527,3.7169
15.994,raw,3154,-19.4551,-0.6828,3.7048
15.994,raw,3165,-19.2640,-1.3020,3.6901
15.994,raw,3177,-19.0702,-1.9687,3.6775
15.994,raw,3188,-18.8723,-2.5695,3.6659
15.994,raw,3199,-14.7993,-5.2723,3.3490
15.994,raw,3211,-16.5824,0.1293,3.8341
15.994,raw,3222,-16.4070,-0.4054,3.8144
15.994,raw,3233,-16.2608,-0.9320,3.8002
15.994,raw,3245,-16.0845,-1.4967,3.7849
15.994,raw,3256,-16.2474,-2.0503,3.8118
15.994,raw,3267,-15.5776,-2.4812,3.7405
15.994,raw,3279,-15.4018,-3.0194,3.7315
15.994,raw,3290,-15.2388,-3.5082,3.7249
15.994,raw,3301,-15.0983,-3.9999,3.7229
15.994,raw,3313,-14.9144,-4.5264,3.7191
15.994,raw,3324,-16.5761,-5.7944,3.9540
15.994,raw,3335,-14.6561,-5.6676,3.7343
15.994,raw,3347,-14.4662,-6.1960,3.7370
15.994,raw,3358,-14.3156,-6.6932,3.7446
15.994,raw,3369,-14.1631,-7.1947,3.7542
15.994,raw,3381,-13.9946,-7.7480,3.7670
15.994,raw,3392,-16.7771,0.7244,3.8583
17.019,raw,0,-5.4842,-6.2697,0.5664
17.019,raw,11,-5.3024,-6.4849,0.5610
17.019,raw,23,-5.1185,-6.7422,0.5500
17.019,raw,34,-4.9442,-6.9790,0.5390
17.019,raw,46,-4.7919,-7.3011,0.5153
17.019,raw,57,-4.5744,-7.4979,0.5098
17.019,raw,69,9.6212,-0.6046,0.5192
17.019,raw,80,9.4274,-0.3046,0.5493
17.019,raw,92,9.2403,0.0072,0.5771
17.019,raw,103,9.3010,0.2839,0.5687
17.019,raw,115,-5.9525,-6.8139,0.6926
17.019,raw,126,-5.8078,-7.1068,0.6785
17.019,raw,138,-5.6288,-7.4145,0.6644
17.019,raw,149,-5.4707,-7.7173,0.6480
17.019,raw,161,-5.2557,-8.0054,0.6357
17.019,raw,172,-5.0545,-8.2756,0.6229
17.019,raw,184,-4.4085,-7.8868,0.7013
17.019,raw,195,-4.1681,-8.0686,0.6972
17.019,raw,207,-4.3696,-9.1607,0.5745
17.019,raw,218,-4.1428,-9.4575,0.5555
17.019,raw,230,-3.8661,-9.7450,0.5386
17.019,raw,241,-3.6110,-10.0290,0.5197
17.019,raw,253,9.7262,-0.7741,0.7229
17.019,raw,264,9.5110,-0.4650,0.7509
17.019,raw,276,9.3425,-0.1473,0.7725
17.019,raw,287,9.1273,0.1333,0.7982
17.019,raw,299,9.5475,0.4427,0.7490
17.019,raw,310,10.0405,0.7588,0.6901
17.019,raw,322,-6.5196,-7.6962,0.8223
17.019,raw,333,-6.3531,-8.0173,0.8099
17.019,raw,345,-6.1299,-8.3307,0.8004
17.019,raw,356,-5.9470,-8.6590,0.7863
17.019,raw,368,-5.7082,-8.9795,0.7748
17.019,raw,379,-4.6299,-7.9316,0.9107
17.019,raw,391,-4.2414,-7.9240,0.9300
17.019,raw,402,-5.0098,-9.9562,0.7312
17.019,raw,414,-4.7055,-10.2379,0.7211
17.019,raw,425,-4.4529,-10.5696,0.7035
17.019,raw,437,-4.1675,-10.9443,0.6825
17.019,raw,448,-3.8948,-11.2987,0.6614
17.019,raw,460,-3.6169,-11.7939,0.6271
17.019,raw,471,-3.3818,-12.3885,0.5816
17.019,raw,483,-3.0678,-12.9628,0.5386
17.019,raw,494,9.6901,-0.7437,0.9458
17.019,raw,506,9.4741,-0.4105,0.9683
17.019,raw,517,9.2986,-0.1204,0.9859
17.019,raw,529,9.1259,0.1828,1.0024
17.019,raw,540,9.5882,0.4700,0.9592
17.019,raw,552,10.1111,0.8185,0.9092
17.019,raw,563,-7.6484,-7.9193,1.0065
17.019,raw,575,-7.4264,-8.2621,1.0002
17.019,raw,586,-7.1985,-8.5576,0.9957
17.019,raw,598,-6.9968,-8.9450,0.9844
17.019,raw,609,-6.7803,-9.2762,0.9758
17.019,raw,621,-6.5217,-9.6222,0.9673
17.019,raw,632,-6.3076,-9.9879,0.9550
17.019,raw,644,-4.4984,-7.8771,1.1451
17.019,raw,655,-4.1819,-7.9291,1.1533
17.019,raw,667,-5.4831,-11.0551,0.9210
17.019,raw,678,-5.2284,-11.4488,0.9049
17.019,raw,690,-4.9452,-11.9087,0.8845
17.019,raw,701,-4.6361,-12.2586,0.8708
17.019,raw,713,-4.3697,-12.8717,0.8382
17.019,raw,724,-4.0867,-13.4101,0.8097
17.019,raw,736,-3.8336,-14.2877,0.7573
17.019,raw,747,-3.5141,-14.9444,0.7197
17.019,raw,759,-3.1463,-15.7550,0.6715
17.019,raw,770,-2.7847,-16.5961,0.6199
17.019,raw,782,-2.4396,-18.1638,0.5176
17.019,raw,793,9.6070,-0.5771,1.1701
17.019,raw,805,9.3867,-0.2512,1.1867
17.019,raw,816,9.1947,0.0331,1.2006
17.019,raw,828,9.3476,0.3353,1.1901
17.019,raw,839,9.8659,0.6404,1.1536
17.019,raw,851,-10.1618,-5.1044,1.2579
17.019,raw,863,-10.0593,-5.5158,1.2534
17.019,raw,874,-9.9449,-5.8883,1.2497
17.019,raw,886,-9.7402,-6.2521,1.2491
17.019,raw,897,-9.5733,-6.6009,1.2468
17.019,raw,909,-9.4534,-7.0316,1.2401
17.019,raw,920,-9.2769,-7.3867,1.2368
17.019,raw,932,-9.0599,-7.7611,1.2339
17.019,raw,943,-8.8538,-8.1037,1.2309
17.019,raw,955,-8.6243,-8.4804,1.2270
17.019,raw,966,-8.4645,-8.8847,1.2193
17.019,raw,978,-8.2376,-9.2875,1.2132
17.019,raw,989,-7.9990,-9.6345,1.2087
17.019,raw,1001,-7.7822,-10.0789,1.1995
17.019,raw,1012,-7.4955,-10.3913,1.1963
17.019,raw,1024,-7.2443,-10.8290,1.1870
17.019,raw,1035,-7.0368,-11.2882,1.1750
17.019,raw,1047,-4.3830,-7.8449,1.3721
17.019,raw,1058,-4.1264,-7.9950,1.3721
17.019,raw,1070,-6.1335,-12.5375,1.1468
17.019,raw,1081,-5.8782,-13.0521,1.1311
17.019,raw,1093,-5.5118,-13.4774,1.1205
17.019,raw,1104,-5.1953,-13.9541,1.1061
17.019,raw,1116,-4.9774,-14.8921,1.0698
17.019,raw,1127,-4.6946,-15.6559,1.0412
17.019,raw,1139,-4.4816,-16.9820,0.9864
17.019,raw,1150,-4.3954,-18.9176,0.9024
17.019,raw,1162,-4.7302,-23.5957,0.6917
17.019,raw,1173,-4.1286,-24.5643,0.6540
17.019,raw,1185,-3.3277,-25.0730,0.6373
17.019,raw,1196,-2.5663,-25.5065,0.6224
17.019,raw,1208,-1.7131,-26.0026,0.6039
17.019,raw,1219,-0.8972,-26.3043,0.5927
17.019,raw,1231,0.0097,-26.7286,0.5749
17.019,raw,1242,0.8661,-27.1467,0.5560
17.019,raw,1254,1.8332,-27.6438,0.5321
17.019,raw,1265,2.7516,-28.0845,0.5094
17.019,raw,1277,9.6293,-0.6053,1.3834
17.019,raw,1288,9.4118,-0.3037,1.3943
17.019,raw,1300,9.2112,0.0078,1.4039
17.019,raw,1311,9.2999,0.2839,1.3999
17.019,raw,1323,9.8087,0.6108,1.3764
17.019,raw,1334,22.2071,9.5657,0.7241
17.019,raw,1346,-18.0456,21.5848,0.5107
17.019,raw,1357,-17.5534,19.7326,0.5885
17.019,raw,1369,-17.1578,18.0283,0.6570
17.019,raw,1380,-16.6395,16.4430,0.7243
17.019,raw,1392,-16.2524,15.0124,0.7813
17.019,raw,1403,-15.8966,13.7977,0.8296
17.019,raw,1415,-15.5702,12.6159,0.8748
17.019,raw,1426,-15.3009,11.6277,0.9116
17.019,raw,1438,-11.0483,7.9565,1.1660
17.019,raw,1449,-11.4272,7.6744,1.1585
17.019,raw,1461,-14.4438,8.8634,1.0130
17.019,raw,1472,-14.0858,8.0495,1.0453
17.019,raw,1484,-13.7846,7.2622,1.0739
17.019,raw,1495,-13.9426,-0.0257,1.4810
17.019,raw,1507,-13.7326,-0.5145,1.4853
17.019,raw,1518,-8.2990,-0.5284,1.6049
17.019,raw,1530,-8.1622,-0.8194,1.6073
17.019,raw,1541,-13.1942,-1.8415,1.4943
17.019,raw,1553,-13.0222,-2.2957,1.4964
17.019,raw,1564,-12.8808,-2.7101,1.4977
17.019,raw,1576,-12.6771,-3.1460,1.4998
17.019,raw,1587,-12.5281,-3.5506,1.5007
17.019,raw,1599,-12.3471,-3.9836,1.5017
17.019,raw,1610,-12.0228,-4.3211,1.5061
17.019,raw,1622,-11.8687,-4.7542,1.5059
17.019,raw,1633,-11.7432,-5.1591,1.5050
17.019,raw,1645,-11.6074,-5.6051,1.5036
17.019,raw,1656,-11.4745,-6.0143,1.5022
17.019,raw,1668,-11.3341,-6.4691,1.5002
17.019,raw,1679,-11.1004,-6.8297,1.5007
17.019,raw,1691,-10.9116,-7.2650,1.4991
17.019,raw,1702,-10.7393,-7.6704,1.4972
17.019,raw,1714,-10.4693,-8.0594,1.4970
17.019,raw,1726,-10.2584,-8.4975,1.4948
17.019,raw,1737,-10.0920,-8.9310,1.4915
17.019,raw,1749,-9.8112,-9.3279,1.4903
17.019,raw,1760,-9.6147,-9.7568,1.4869
17.019,raw,1772,-9.3744,-10.2142,1.4834
17.019,raw,1783,-9.1055,-10.5940,1.4813
17.019,raw,1795,-8.9688,-11.2084,1.4730
17.019,raw,1806,-8.6797,-11.5995,1.4702
17.019,raw,1818,-8.5514,-12.2999,1.4596
17.019,raw,1829,-8.2401,-12.7095,1.4561
17.019,raw,1841,-7.9187,-13.2075,1.4508
17.019,raw,1852,-4.4726,-8.3183,1.5825
17.019,raw,1864,-7.4391,-14.5181,1.4312
17.019,raw,1875,-7.0937,-15.0083,1.4251
17.019,raw,1887,-8.6546,-19.8215,1.3144
17.019,raw,1898,-8.2967,-20.7647,1.2985
17.019,raw,1910,-7.9060,-21.9415,1.2776
17.019,raw,1921,-7.6142,-23.3912,1.2497
17.019,raw,1933,-7.1488,-24.8070,1.2232
17.019,raw,1944,-6.6671,-26.1831,1.1970
17.019,raw,1956,-5.9164,-27.1059,1.1813
17.019,raw,1967,-5.1010,-27.5445,1.1757
17.019,raw,1979,-4.1941,-28.0371,1.1687
17.019,raw,1990,-3.3460,-28.5162,1.1610
17.019,raw,2002,-2.3966,-29.0603,1.1515
17.019,raw,2013,-1.5060,-29.6582,1.1400
17.019,raw,2025,-0.4968,-30.3484,1.1259
17.019,raw,2036,0.4681,-30.9104,1.1138
17.019,raw,2048,1.5528,-31.2709,1.1055
17.019,raw,2059,2.5743,-31.6493,1.0961
17.019,raw,2071,3.7365,-32.2196,1.0814
17.019,raw,2082,4.8641,-32.8990,1.0637
17.019,raw,2094,6.2036,-33.9357,1.0367
17.019,raw,2105,9.6029,-0.5767,1.5987
17.019,raw,2117,9.3774,-0.2507,1.6041
17.019,raw,2128,9.2017,0.0330,1.6082
17.019,raw,2140,9.3558,0.3354,1.6048
17.019,raw,2151,9.8781,0.6410,1.5930
17.019,raw,2163,26.4218,12.1933,1.1698
17.019,raw,2174,-22.9547,24.2958,1.0575
17.019,raw,2186,-22.0034,21.7756,1.1116
17.019,raw,2197,-21.0043,19.5495,1.1612
17.019,raw,2209,-20.3233,17.6742,1.1997
17.019,raw,2220,-19.5191,15.9469,1.2375
17.019,raw,2232,-18.7449,14.2900,1.2732
17.019,raw,2243,-11.0311,8.0903,1.4912
17.019,raw,2255,-11.3325,7.7102,1.4903
17.019,raw,2266,-17.6513,10.9358,1.3342
17.019,raw,2278,-17.6099,10.0837,1.3443
17.019,raw,2289,-17.2858,9.1880,1.3598
17.019,raw,2301,-16.9368,8.2682,1.3756
17.019,raw,2312,-16.6241,7.4745,1.3890
17.019,raw,2324,-16.3070,6.6640,1.4023
17.019,raw,2335,-16.3294,6.0683,1.4063
17.019,raw,2347,-16.0451,5.3355,1.4173
17.019,raw,2358,-15.8029,4.6996,1.4264
17.019,raw,2370,-15.5196,4.0313,1.4362
17.019,raw,2381,-15.3032,3.4543,1.4436
17.019,raw,2393,-15.0685,2.8491,1.4512
17.019,raw,2404,-14.8600,2.3157,1.4575
17.019,raw,2416,-14.6477,1.7556,1.4637
17.019,raw,2427,-14.4376,1.2575,1.4693
17.019,raw,2439,-14.2270,0.7324,1.4745
17.019,raw,2450,-14.0429,0.2651,1.4788
17.019,raw,2462,-18.2009,-0.3022,1.8254
17.019,raw,2473,-31.9763,-1.6881,1.8441
17.019,raw,2485,-8.6564,-0.6634,1.8125
17.019,raw,2496,-30.7964,-3.7077,1.8427
17.019,raw,2508,-30.2117,-4.7162,1.8421
17.019,raw,2519,-15.8112,-2.9521,1.8225
17.019,raw,2531,-15.5841,-3.4882,1.8224
17.019,raw,2542,-28.5690,-7.4242,1.8407
17.019,raw,2554,-28.0190,-8.3417,1.8403
17.019,raw,2565,-14.8756,-4.9499,1.8220
17.019,raw,2577,-16.9685,-6.3261,1.8253
17.019,raw,2589,-26.4103,-10.9133,1.8394
17.019,raw,2600,-15.5110,-7.0217,1.8238
17.019,raw,2612,-25.3918,-12.5561,1.8391
17.019,raw,2623,-14.7565,-7.9350,1.8234
17.019,raw,2635,-24.3950,-14.1825,1.8390
17.019,raw,2646,-23.9149,-14.9543,1.8389
17.019,raw,2658,-23.4115,-15.8098,1.8390
17.019,raw,2669,-22.9337,-16.5865,1.8391
17.019,raw,2681,-22.4143,-17.4410,1.8392
17.019,raw,2692,-21.9539,-18.2456,1.8394
17.019,raw,2704,-21.4317,-19.1208,1.8396
17.019,raw,2715,-20.9467,-19.9326,1.8398
17.019,raw,2727,-20.4181,-20.8392,1.8402
17.019,raw,2738,-19.9585,-21.7208,1.8406
17.019,raw,2750,-19.4001,-22.6535,1.8410
17.019,raw,2761,-18.8955,-23.5494,1.8415
17.019,raw,2773,-18.3324,-24.5550,1.8421
17.019,raw,2784,-17.7962,-25.4963,1.8427
17.019,raw,2796,-17.2007,-26.5668,1.8435
17.019,raw,2807,-16.6321,-27.5763,1.8442
17.019,raw,2819,-15.9934,-28.7269,1.8451
17.019,raw,2830,-15.3708,-29.7997,1.8460
17.019,raw,2842,-14.6715,-31.0372,1.8470
17.019,raw,2853,9.6816,-0.7428,1.8125
17.019,raw,2865,9.4792,-0.4109,1.8122
17.019,raw,2876,9.2934,-0.1202,1.8119
17.019,raw,2888,9.1190,0.1828,1.8117
17.019,raw,2899,9.5871,0.4699,1.8123
17.019,raw,2911,10.1179,0.8189,1.8130
17.019,raw,2922,-34.4507,2.8989,1.8475
17.019,raw,2934,-33.8826,1.6640,1.8466
17.019,raw,2945,-33.2802,0.5687,1.8458
17.019,raw,2957,-17.7102,-0.1847,2.2516
17.019,raw,2968,-16.6880,-1.3546,2.2279
17.019,raw,2980,-32.1032,-4.0606,2.6150
17.019,raw,2991,-14.9146,-4.9137,2.2026
17.019,raw,3003,-26.2584,-13.6579,2.5467
17.019,raw,3014,-13.9799,-8.0097,2.2125
17.019,raw,3026,-19.7656,-24.6136,2.5937
17.019,raw,3037,9.5659,-0.5474,2.0251
17.019,raw,3049,9.3701,-0.2248,2.0198
17.019,raw,3060,9.1877,0.0581,2.0150
17.019,raw,3072,9.4299,0.3623,2.0210
17.019,raw,3083,9.8912,0.6686,2.0327
17.019,raw,3095,-17.3831,0.3356,2.2434
17.019,raw,3106,-31.5443,-3.6137,3.3569
17.019,raw,3118,-26.2505,-13.6538,3.2530
17.019,raw,3129,-14.0092,-8.0263,2.6045
17.019,raw,3141,9.3471,-0.1983,2.2266
17.019,raw,3152,9.1589,0.0834,2.2171
17.019,raw,3164,-19.6536,0.0080,3.2466
17.019,raw,3175,-16.7574,-8.8719,3.1987
17.019,raw,3187,-11.5602,-8.6099,2.8713
17.019,raw,3198,-19.5751,-0.3378,3.7152
17.019,raw,3210,-19.3623,-1.0191,3.6978
17.019,raw,3221,-19.1837,-1.6347,3.6853
17.019,raw,3233,-18.9775,-2.2960,3.6726
17.019,raw,3244,-17.6530,-5.7605,3.6217
17.019,raw,3256,-18.9557,0.2931,3.6556
17.019,raw,3267,-16.4864,-0.2089,3.8234
17.019,raw,3279,-16.3137,-0.7863,3.8056
17.019,raw,3290,-16.1616,-1.3075,3.7921
17.019,raw,3302,-15.9905,-1.8680,3.7789
17.019,raw,3313,-15.6221,-2.3424,3.7434
17.019,raw,3325,-15.4678,-2.8862,3.7364
17.019,raw,3336,-15.3262,-3.3816,3.7319
17.019,raw,3348,-15.1296,-3.9088,3.7240
17.019,raw,3359,-14.9792,-4.3973,3.7223
17.019,raw,3371,-14.8228,-4.9323,3.7237
17.019,raw,3382,-14.6982,-5.5805,3.7356
17.019,raw,3394,-14.5295,-6.1179,3.7406
17.019,raw,3405,-14.3587,-6.6067,3.7453
17.019,raw,3417,-14.2213,-7.1681,3.7594
17.019,raw,3428,-14.0483,-7.6661,3.7684
17.019,raw,3440,-16.7950,0.7287,3.8606
18.559,raw,0,-5.3482,-6.6146,0.5224
18.559,raw,11,-5.1585,-6.8374,0.5161
18.559,raw,23,-4.9517,-7.1300,0.5022
18.559,raw,35,9.4586,-0.7587,0.5670
18.559,raw,47,9.2821,-0.4409,0.5958
18.559,raw,58,9.0756,-0.1599,0.6270
18.559,raw,70,9.3028,0.1268,0.5962
18.559,raw,82,9.8175,0.4364,0.5238
18.559,raw,94,-5.7587,-7.4231,0.6373
18.559,raw,105,-5.5672,-7.6902,0.6274
18.559,raw,117,-5.3558,-7.9893,0.6148
18.559,raw,129,-4.7880,-7.7842,0.6725
18.559,raw,141,-4.4657,-7.9009,0.6819
18.559,raw,152,-4.7123,-8.9103,0.5670
18.559,raw,164,-4.4840,-9.2545,0.5454
18.559,raw,176,-4.2023,-9.5222,0.5331
18.559,raw,188,-3.9350,-9.8396,0.5134
18.559,raw,199,9.5968,-0.9813,0.7575
18.559,raw,211,9.4093,-0.6521,0.7836
18.559,raw,223,9.2052,-0.3370,0.8102
18.559,raw,235,9.0258,-0.0380,0.8327
18.559,raw,247,9.5127,0.2515,0.7764
18.559,raw,258,10.0158,0.5485,0.7172
18.559,raw,270,-6.4059,-8.1864,0.7814
18.559,raw,282,-6.1897,-8.5248,0.7698
18.559,raw,294,-5.9598,-8.8597,0.7581
18.559,raw,305,-4.7711,-7.7596,0.9049
18.559,raw,317,-4.4646,-7.8991,0.9098
18.559,raw,329,-5.2320,-9.8499,0.7187
18.559,raw,341,-4.9572,-10.1873,0.7041
18.559,raw,352,-4.7078,-10.5235,0.6873
18.559,raw,364,-4.4266,-10.9028,0.6670
18.559,raw,376,-4.1407,-11.3114,0.6430
18.559,raw,388,-3.8582,-11.7803,0.6125
18.559,raw,399,-3.6371,-12.3821,0.5671
18.559,raw,411,-3.3648,-13.0596,0.5153
18.559,raw,423,9.5241,-0.8686,0.9778
18.559,raw,435,9.3234,-0.5438,0.9994
18.559,raw,447,9.1438,-0.2358,1.0180
18.559,raw,458,9.1402,0.0314,1.0192
18.559,raw,470,9.6288,0.3290,0.9741
18.559,raw,482,-7.7001,-8.1356,0.9826
18.559,raw,494,-7.4652,-8.4819,0.9768
18.559,raw,505,-7.2466,-8.8041,0.9705
18.559,raw,517,-7.0283,-9.1910,0.9600
18.559,raw,529,-6.7624,-9.5340,0.9529
18.559,raw,541,-6.4988,-9.8933,0.9438
18.559,raw,552,-4.6075,-7.7649,1.1388
18.559,raw,564,-4.3964,-8.0517,1.1300
18.559,raw,576,-5.7175,-11.0374,0.9063
18.559,raw,588,-5.4273,-11.4448,0.8913
18.559,raw,599,-5.1654,-11.8576,0.8741
18.559,raw,611,-4.8205,-12.2206,0.8614
18.559,raw,623,-4.5953,-12.9149,0.8234
18.559,raw,635,-4.3506,-13.6685,0.7809
18.559,raw,646,-4.0637,-14.2898,0.7468
18.559,raw,658,-3.7279,-15.0181,0.7057
18.559,raw,670,-3.4112,-15.9914,0.6466
18.559,raw,682,-3.0135,-16.8729,0.5937
18.559,raw,694,-2.6123,-18.0342,0.5206
18.559,raw,705,9.5071,-0.8152,1.1887
18.559,raw,717,9.3008,-0.4921,1.2051
18.559,raw,729,9.1209,-0.1861,1.2188
18.559,raw,741,9.2781,0.1024,1.2086
18.559,raw,752,9.7208,0.3821,1.1779
18.559,raw,764,-10.3633,-5.5523,1.2320
18.559,raw,776,-10.1477,-5.9248,1.2325
18.559,raw,788,-10.0217,-6.3517,1.2276
18.559,raw,799,-9.8267,-6.6992,1.2267
18.559,raw,811,-9.6089,-7.0772,1.2252
18.559,raw,823,-9.4721,-7.5200,1.2183
18.559,raw,835,-9.2379,-7.8977,1.2161
18.559,raw,846,-9.0119,-8.2386,1.2139
18.559,raw,858,-8.7769,-8.6265,1.2101
18.559,raw,870,-8.5460,-9.0275,1.2050
18.559,raw,882,-8.3303,-9.4569,1.1978
18.559,raw,894,-8.0948,-9.8808,1.1907
18.559,raw,905,-7.8631,-10.2660,1.1841
18.559,raw,917,-7.6053,-10.6975,1.1759
18.559,raw,929,-7.2841,-11.0620,1.1712
18.559,raw,941,-4.5399,-7.7624,1.3657
18.559,raw,952,-4.3884,-8.0920,1.3568
18.559,raw,964,-6.4288,-12.3655,1.1420
18.559,raw,976,-6.1442,-12.8970,1.1270
18.559,raw,988,-5.7950,-13.3480,1.1158
18.559,raw,999,-5.5595,-13.9910,1.0937
18.559,raw,1011,-5.2909,-14.7593,1.0662
18.559,raw,1023,-5.0521,-15.7341,1.0286
18.559,raw,1035,-4.8575,-17.0335,0.9755
18.559,raw,1046,-4.8000,-18.9011,0.8949
18.559,raw,1058,-5.1012,-22.9125,0.7151
18.559,raw,1070,-4.5768,-24.3845,0.6552
18.559,raw,1082,-3.7798,-24.8542,0.6413
18.559,raw,1093,-3.0305,-25.2908,0.6271
18.559,raw,1105,-2.1843,-25.7208,0.6127
18.559,raw,1117,-1.3086,-26.0661,0.6007
18.559,raw,1129,-0.4161,-26.4661,0.5850
18.559,raw,1141,0.5009,-26.9321,0.5648
18.559,raw,1152,1.3690,-27.3461,0.5456
18.559,raw,1164,2.3490,-27.8254,0.5220
18.559,raw,1176,9.6176,-1.0362,1.3906
18.559,raw,1188,9.4283,-0.7046,1.4010
18.559,raw,1199,9.2305,-0.4124,1.4111
18.559,raw,1211,9.0486,-0.1107,1.4201
18.559,raw,1223,9.3627,0.1760,1.4061
18.559,raw,1235,9.9110,0.4917,1.3810
18.559,raw,1246,23.1431,9.6648,0.6918
18.559,raw,1258,-18.2790,21.0156,0.5178
18.559,raw,1270,-17.8002,19.1363,0.5949
18.559,raw,1282,-17.3928,17.4851,0.6610
18.559,raw,1293,-16.9614,16.0364,0.7202
18.559,raw,1305,-16.5035,14.5876,0.7791
18.559,raw,1317,-15.9337,13.1636,0.8400
18.559,raw,1329,-15.5963,12.0208,0.8835
18.559,raw,1341,-11.0021,8.0903,1.1574
18.559,raw,1352,-15.0639,10.1152,0.9522
18.559,raw,1364,-14.6877,9.1535,0.9895
18.559,raw,1376,-14.4664,8.3382,1.0163
18.559,raw,1388,-14.1105,7.5012,1.0482
18.559,raw,1399,-13.9669,6.8626,1.0665
18.559,raw,1411,-14.2638,-0.5626,1.4691
18.559,raw,1423,-8.2857,-0.5678,1.6008
18.559,raw,1435,-13.8294,-1.5510,1.4768
18.559,raw,1446,-13.6435,-1.9909,1.4796
18.559,raw,1458,-13.4419,-2.4625,1.4822
18.559,raw,1470,-13.2527,-2.9289,1.4842
18.559,raw,1482,-13.0713,-3.3916,1.4857
18.559,raw,1493,-12.8873,-3.8067,1.4872
18.559,raw,1505,-12.6747,-4.2511,1.4887
18.559,raw,1517,-12.4943,-4.7031,1.4891
18.559,raw,1529,-12.1229,-5.0755,1.4938
18.559,raw,1540,-11.9665,-5.4862,1.4934
18.559,raw,1552,-11.8057,-5.9410,1.4923
18.559,raw,1564,-11.6666,-6.4119,1.4903
18.559,raw,1576,-11.4745,-6.8599,1.4892
18.559,raw,1588,-11.1707,-7.2427,1.4906
18.559,raw,1599,-10.9969,-7.6599,1.4888
18.559,raw,1611,-10.7843,-8.1064,1.4870
18.559,raw,1623,-10.5053,-8.5090,1.4866
18.559,raw,1635,-10.3241,-8.9956,1.4830
18.559,raw,1646,-10.1967,-9.4900,1.4780
18.559,raw,1658,-9.8725,-9.8762,1.4775
18.559,raw,1670,-9.7254,-10.4462,1.4710
18.559,raw,1682,-9.4629,-10.9212,1.4673
18.559,raw,1693,-9.1519,-11.2905,1.4658
18.559,raw,1705,-8.9824,-11.9149,1.4575
18.559,raw,1717,-8.6440,-12.3565,1.4544
18.559,raw,1729,-8.4802,-13.0688,1.4437
18.559,raw,1740,-4.7425,-8.2272,1.5784
18.559,raw,1752,-7.7744,-13.9663,1.4355
18.559,raw,1764,-7.3956,-14.4584,1.4303
18.559,raw,1776,-9.2442,-19.3684,1.3154
18.559,raw,1788,-8.8844,-20.3895,1.2986
18.559,raw,1799,-8.5435,-21.4185,1.2810
18.559,raw,1811,-8.1391,-22.6193,1.2598
18.559,raw,1823,-7.6943,-23.9080,1.2365
18.559,raw,1835,-7.3182,-25.6676,1.2022
18.559,raw,1846,-6.6930,-26.6213,1.1859
18.559,raw,1858,-5.8199,-27.0963,1.1805
18.559,raw,1870,-4.9306,-27.5813,1.1743
18.559,raw,1882,-4.0148,-28.0330,1.1682
18.559,raw,1893,-3.1732,-28.5638,1.1594
18.559,raw,1905,-2.2318,-29.2111,1.1476
18.559,raw,1917,-1.2501,-29.8225,1.1359
18.559,raw,1929,-0.2279,-30.3437,1.1255
18.559,raw,1940,0.7385,-30.6284,1.1196
18.559,raw,1952,1.8192,-31.1019,1.1087
18.559,raw,1964,2.9446,-31.7078,1.0940
18.559,raw,1976,4.1230,-32.3675,1.0772
18.559,raw,1988,5.3942,-33.3030,1.0533
18.559,raw,1999,9.5840,-0.9796,1.6024
18.559,raw,2011,9.3893,-0.6501,1.6075
18.559,raw,2023,9.1939,-0.3363,1.6124
18.559,raw,2035,9.0181,-0.0378,1.6166
18.559,raw,2046,9.4596,0.2260,1.6069
18.559,raw,2058,9.9987,0.5479,1.5949
18.559,raw,2070,-23.6740,25.2878,1.0280
18.559,raw,2082,-22.9833,22.9523,1.0752
18.559,raw,2093,-21.8471,20.5307,1.1299
18.559,raw,2105,-20.7695,18.2572,1.1808
18.559,raw,2117,-20.7591,17.0201,1.1982
18.559,raw,2129,-20.1161,15.3875,1.2313
18.559,raw,2140,-11.0260,8.2048,1.4866
18.559,raw,2152,-19.2628,12.8336,1.2785
18.559,raw,2164,-18.6930,11.5561,1.3039
18.559,raw,2176,-18.2382,10.4299,1.3249
18.559,raw,2187,-18.2547,9.6773,1.3322
18.559,raw,2199,-17.8518,8.6894,1.3496
18.559,raw,2211,-17.4597,7.7640,1.3657
18.559,raw,2223,-17.1096,6.9073,1.3799
18.559,raw,2235,-16.7801,6.1033,1.3927
18.559,raw,2246,-16.8130,5.5037,1.3960
18.559,raw,2258,-16.5156,4.7718,1.4068
18.559,raw,2270,-16.2154,4.0728,1.4169
18.559,raw,2282,-15.9280,3.4078,1.4261
18.559,raw,2293,-15.6903,2.8274,1.4335
18.559,raw,2305,-15.4138,2.2157,1.4414
18.559,raw,2317,-15.1660,1.6309,1.4483
18.559,raw,2329,-14.9184,1.0668,1.4546
18.559,raw,2340,-14.7311,0.5675,1.4592
18.559,raw,2352,-14.5086,0.0373,1.4642
18.559,raw,2364,-34.2865,-1.2868,1.8475
18.559,raw,2376,-31.9714,-2.3195,1.8444
18.559,raw,2387,-32.9092,-3.4642,1.8458
18.559,raw,2399,-18.6774,-2.5903,1.8265
18.559,raw,2411,-31.5833,-5.5944,1.8444
18.559,raw,2423,-30.9408,-6.6134,1.8439
18.559,raw,2435,-30.3254,-7.6098,1.8434
18.559,raw,2446,-15.4424,-4.4096,1.8228
18.559,raw,2458,-15.0754,-4.8997,1.8225
18.559,raw,2470,-28.5787,-10.3958,1.8422
18.559,raw,2482,-27.9931,-11.3182,1.8419
18.559,raw,2493,-27.4581,-12.1512,1.8417
18.559,raw,2505,-26.6798,-12.9540,1.8412
18.559,raw,2517,-26.3442,-13.9611,1.8414
18.559,raw,2529,-25.7760,-14.8495,1.8413
18.559,raw,2540,-25.2705,-15.6693,1.8412
18.559,raw,2552,-24.6533,-16.5200,1.8412
18.559,raw,2564,-24.0410,-17.3701,1.8411
18.559,raw,2576,-23.4152,-18.2093,1.8411
18.559,raw,2587,-22.8417,-18.9797,1.8412
18.559,raw,2599,-22.2177,-19.8255,1.8412
18.559,raw,2611,-21.5939,-20.6797,1.8414
18.559,raw,2623,-20.9910,-21.5674,1.8416
18.559,raw,2634,-20.4345,-22.3949,1.8419
18.559,raw,2646,-19.8366,-23.3330,1.8423
18.559,raw,2658,-19.2072,-24.2666,1.8427
18.559,raw,2670,-18.5836,-25.2452,1.8433
18.559,raw,2682,-17.9488,-26.2560,1.8439
18.559,raw,2693,-17.3148,-27.1542,1.8444
18.559,raw,2705,-16.6391,-28.2157,1.8451
18.559,raw,2717,-15.9356,-29.3059,1.8459
18.559,raw,2729,-15.2127,-30.4489,1.8468
18.559,raw,2740,-14.5066,-31.5016,1.8476
18.559,raw,2752,9.4631,-0.7846,1.8119
18.559,raw,2764,9.2561,-0.4637,1.8116
18.559,raw,2776,9.0872,-0.1604,1.8114
18.559,raw,2787,9.2529,0.1027,1.8116
18.559,raw,2799,9.7344,0.4083,1.8122
18.559,raw,2811,-17.0843,0.6227,1.8241
18.559,raw,2823,-16.6378,-0.1850,2.2299
18.559,raw,2834,-16.4655,-0.7250,2.2262
18.559,raw,2846,-16.3220,-1.3077,2.2237
18.559,raw,2858,-15.8278,-2.1309,2.2138
18.559,raw,2870,-15.6862,-2.6907,2.2125
18.559,raw,2882,-15.5720,-3.2534,2.2124
18.559,raw,2893,-15.4310,-3.7606,2.2118
18.559,raw,2905,-15.2532,-4.3060,2.2110
18.559,raw,2917,-15.3660,-5.2501,2.2206
18.559,raw,2929,-15.7652,-6.0270,2.2364
18.559,raw,2940,-26.6601,-13.0415,2.5534
18.559,raw,2952,-11.6725,-8.1139,2.1696
18.559,raw,2964,9.5939,-0.9809,2.0221
18.559,raw,2976,9.3711,-0.6483,2.0157
18.559,raw,2987,9.2063,-0.3616,2.0110
18.559,raw,2999,9.0164,-0.0617,2.0060
18.559,raw,3011,9.4493,0.2260,2.0166
18.559,raw,3023,9.9790,0.5472,2.0299
18.559,raw,3034,-16.6478,-0.1859,2.2302
18.559,raw,3046,-18.9488,-2.2842,2.7557
18.559,raw,3058,-26.4637,-13.6280,3.2706
18.559,raw,3070,-20.5605,-23.7424,3.3448
18.559,raw,3081,9.5163,-0.8676,2.2279
18.559,raw,3093,9.3223,-0.5437,2.2170
18.559,raw,3105,9.1335,-0.2352,2.2069
18.559,raw,3117,9.1692,0.0551,2.2081
18.559,raw,3129,9.6740,0.3554,2.2325
18.559,raw,3140,-18.9313,-2.2820,3.2201
18.559,raw,3152,-26.3997,-13.6937,3.9854
18.559,raw,3164,-19.5070,-0.5403,3.7283
18.559,raw,3176,-19.2935,-1.2245,3.7115
18.559,raw,3187,-19.1286,-1.8447,3.7010
18.559,raw,3199,-18.3773,-2.4351,3.6366
18.559,raw,3211,-18.5640,-3.1419,3.6646
18.559,raw,3223,-18.3929,-3.7953,3.6603
18.559,raw,3234,-18.2092,-4.3856,3.6556
18.559,raw,3246,-18.0265,-5.0316,3.6543
18.559,raw,3258,-17.8565,-5.8582,3.6616
18.559,raw,3270,-17.6764,-6.5094,3.6657
18.559,raw,3281,-17.4988,-7.1049,3.6702
18.559,raw,3293,-17.3189,-7.7652,3.6789
18.559,raw,3305,-17.1325,-8.4301,3.6893
18.559,raw,3317,-17.5102,1.1572,3.5390
18.559,raw,3329,-19.6544,0.5659,3.7413
18.559,raw,3340,-19.6226,-0.0776,3.7382
18.559,raw,3352,-16.4035,-0.5737,3.8386
18.559,raw,3364,-16.2498,-1.1540,3.8247
18.559,raw,3376,-15.8249,-1.7921,3.7820
18.559,raw,3387,-15.6997,-2.3055,3.7755
18.559,raw,3399,-15.5266,-2.8554,3.7662
18.559,raw,3411,-15.3953,-3.4099,3.7642
18.559,raw,3423,-15.2190,-3.9521,3.7591
18.559,raw,3434,-15.0648,-4.4492,3.7572
18.559,raw,3446,-14.9495,-5.1590,3.7698
18.559,raw,3458,-14.7948,-5.7109,3.7748
18.559,raw,3470,-14.6216,-6.2589,3.7800
18.559,raw,3481,-14.5126,-6.7877,3.7935
18.559,raw,3493,-14.3136,-7.3342,3.8003
18.559,raw,3505,-16.8894,0.9726,3.8963
18.559,raw,3517,-16.6556,0.3630,3.8666
19.966,raw,0,9.5741,-1.0439,0.5913
19.966,raw,11,9.3863,-0.7462,0.6230
19.966,raw,22,9.2169,-0.4643,0.6508
19.966,raw,33,9.0733,-0.1962,0.6736
19.966,raw,44,9.1649,0.0557,0.6623
19.966,raw,55,9.5672,0.3146,0.6063
19.966,raw,66,-5.3400,-7.9583,0.5893
19.966,raw,77,-4.7828,-7.7514,0.6474
19.966,raw,89,-4.5072,-7.9542,0.6465
19.966,raw,100,-4.7466,-8.9225,0.5370
19.966,raw,111,-4.5268,-9.2266,0.5200
19.966,raw,122,-4.2650,-9.4735,0.5100
19.966,raw,133,9.4508,-0.8277,0.8144
19.966,raw,144,9.2602,-0.5397,0.8403
19.966,raw,155,9.1028,-0.2677,0.8611
19.966,raw,167,9.0712,0.0120,0.8664
19.966,raw,178,9.4764,0.2657,0.8197
19.966,raw,189,9.9791,0.5481,0.7608
19.966,raw,200,-4.9652,-7.8056,0.8681
19.966,raw,211,-4.5869,-7.8192,0.8875
19.966,raw,222,-5.3836,-9.6156,0.7083
19.966,raw,233,-5.1454,-9.9417,0.6945
19.966,raw,244,-4.9031,-10.2805,0.6787
19.966,raw,256,-4.5987,-10.6005,0.6661
19.966,raw,267,-4.3400,-10.9564,0.6473
19.966,raw,278,-4.1004,-11.3881,0.6203
19.966,raw,289,-3.8745,-11.9042,0.5844
19.966,raw,300,-3.6463,-12.4863,0.5417
19.966,raw,311,9.5858,-1.0457,0.9999
19.966,raw,322,9.3846,-0.7460,1.0222
19.966,raw,334,9.2105,-0.4401,1.0411
19.966,raw,345,9.0379,-0.1711,1.0588
19.966,raw,356,9.1730,0.0788,1.0472
19.966,raw,367,9.6397,0.3397,1.0042
19.966,raw,378,-7.1681,-8.9809,0.9463
19.966,raw,389,-6.9516,-9.3320,0.9377
19.966,raw,400,-6.7019,-9.6541,0.9312
19.966,raw,411,-4.8124,-7.7436,1.1151
19.966,raw,423,-4.4919,-7.8810,1.1201
19.966,raw,434,-5.9613,-10.7797,0.8971
19.966,raw,445,-5.6932,-11.1391,0.8856
19.966,raw,456,-5.4337,-11.5367,0.8707
19.966,raw,467,-5.1475,-11.9133,0.8569
19.966,raw,478,-4.8831,-12.3668,0.8368
19.966,raw,489,-4.6302,-12.8947,0.8107
19.966,raw,501,-4.3912,-13.6411,0.7694
19.966,raw,512,-4.1539,-14.3842,0.7270
19.966,raw,523,-3.8489,-15.0444,0.6906
19.966,raw,534,-3.5642,-15.8993,0.6398
19.966,raw,545,-3.2151,-16.6912,0.5932
19.966,raw,556,-2.9314,-17.9857,0.5107
19.966,raw,567,9.4032,-0.7727,1.2187
19.966,raw,578,9.2409,-0.4903,1.2320
19.966,raw,590,9.0612,-0.1955,1.2458
19.966,raw,601,9.1594,0.0558,1.2398
19.966,raw,612,9.5662,0.3146,1.2119
19.966,raw,623,-13.4654,12.1094,0.5075
19.966,raw,634,-9.9641,-6.3736,1.2148
19.966,raw,645,-9.7583,-6.7246,1.2143
19.966,raw,656,-9.6522,-7.1461,1.2076
19.966,raw,668,-9.4039,-7.5208,1.2068
19.966,raw,679,-9.2512,-7.9259,1.2011
19.966,raw,690,-9.0143,-8.2704,1.1994
19.966,raw,701,-8.7701,-8.6120,1.1975
19.966,raw,712,-8.6039,-9.0329,1.1900
19.966,raw,723,-8.3760,-9.4062,1.1854
19.966,raw,734,-8.1468,-9.7882,1.1799
19.966,raw,745,-7.9305,-10.1976,1.1724
19.966,raw,757,-7.6292,-10.5822,1.1677
19.966,raw,768,-7.3837,-10.9870,1.1600
19.966,raw,779,-4.5933,-7.7789,1.3528
19.966,raw,790,-6.8896,-11.8548,1.1405
19.966,raw,801,-6.6473,-12.3371,1.1279
19.966,raw,812,-6.3153,-12.6979,1.1214
19.966,raw,823,-6.0456,-13.1973,1.1073
19.966,raw,835,-5.6837,-13.6545,1.0962
19.966,raw,846,-5.4986,-14.4413,1.0672
19.966,raw,857,-5.2400,-15.1555,1.0419
19.966,raw,868,-5.0327,-16.1104,1.0048
19.966,raw,879,-4.9398,-17.5697,0.9436
19.966,raw,890,-4.8616,-19.3752,0.8664
19.966,raw,901,-5.2409,-23.3165,0.6890
19.966,raw,912,-4.6793,-24.3064,0.6515
19.966,raw,924,-3.8848,-24.7754,0.6382
19.966,raw,935,-3.1403,-25.2212,0.6243
19.966,raw,946,-2.4035,-25.8796,0.5996
19.966,raw,957,-1.5906,-26.1301,0.5925
19.966,raw,968,-0.7759,-26.5114,0.5783
19.966,raw,979,0.0574,-26.9451,0.5605
19.966,raw,990,0.9163,-27.3553,0.5427
19.966,raw,1002,1.8837,-27.8369,0.5202
19.966,raw,1013,9.5455,-1.0145,1.4087
19.966,raw,1024,9.3563,-0.7184,1.4190
19.966,raw,1035,9.2233,-0.4412,1.4264
19.966,raw,1046,9.0346,-0.1709,1.4358
19.966,raw,1057,9.1601,0.0791,1.4305
19.966,raw,1068,9.6240,0.3396,1.4095
19.966,raw,1079,23.9479,10.0072,0.6672
19.966,raw,1091,-17.9099,20.6809,0.5321
19.966,raw,1102,-17.4270,18.9407,0.6045
19.966,raw,1113,-17.0421,17.4309,0.6651
19.966,raw,1124,-16.6591,16.0343,0.7210
19.966,raw,1135,-16.4294,14.8660,0.7637
19.966,raw,1146,-16.0739,13.6734,0.8104
19.966,raw,1157,-15.7172,12.5595,0.8539
19.966,raw,1169,-15.2366,11.3645,0.9032
19.966,raw,1180,-11.1339,8.0163,1.1430
19.966,raw,1191,-14.7622,9.6361,0.9637
19.966,raw,1202,-14.4087,8.7783,0.9970
19.966,raw,1213,-14.1942,8.0428,1.0213
19.966,raw,1224,-14.0645,7.3839,1.0399
19.966,raw,1235,-13.7271,6.6626,1.0674
19.966,raw,1246,-13.4658,6.0119,1.0897
19.966,raw,1258,-8.3496,-0.6761,1.5916
19.966,raw,1269,-13.5995,-1.6734,1.4740
19.966,raw,1280,-13.4231,-2.1176,1.4764
19.966,raw,1291,-13.2362,-2.5532,1.4788
19.966,raw,1302,-13.0603,-2.9849,1.4806
19.966,raw,1313,-12.8886,-3.4129,1.4820
19.966,raw,1324,-12.6923,-3.8297,1.4836
19.966,raw,1336,-12.5127,-4.2909,1.4843
19.966,raw,1347,-12.3363,-4.7078,1.4849
19.966,raw,1358,-12.1667,-5.1260,1.4851
19.966,raw,1369,-11.9983,-5.5449,1.4849
19.966,raw,1380,-11.7344,-5.9186,1.4867
19.966,raw,1391,-11.6036,-6.3568,1.4849
19.966,raw,1402,-11.4051,-6.7631,1.4845
19.966,raw,1413,-11.2426,-7.1933,1.4828
19.966,raw,1425,-11.0365,-7.6510,1.4812
19.966,raw,1436,-10.7586,-8.0139,1.4818
19.966,raw,1447,-10.5601,-8.4348,1.4799
19.966,raw,1458,-10.3618,-8.8635,1.4775
19.966,raw,1469,-10.2224,-9.3518,1.4730
19.966,raw,1480,-9.8948,-9.6869,1.4736
19.966,raw,1491,-9.7523,-10.2001,1.4681
19.966,raw,1503,-9.4179,-10.6006,1.4671
19.966,raw,1514,-9.2734,-11.1521,1.4603
19.966,raw,1525,-9.1335,-11.7395,1.4526
19.966,raw,1536,-8.8229,-12.1486,1.4500
19.966,raw,1547,-8.5079,-12.5651,1.4469
19.966,raw,1558,-8.3541,-13.2293,1.4370
19.966,raw,1569,-8.0146,-13.6610,1.4333
19.966,raw,1580,-7.8489,-14.4010,1.4214
19.966,raw,1592,-7.4691,-14.9334,1.4155
19.966,raw,1603,-9.1947,-19.4522,1.3096
19.966,raw,1614,-8.8705,-20.4004,1.2941
19.966,raw,1625,-8.6363,-21.6645,1.2709
19.966,raw,1636,-8.2551,-22.7440,1.2523
19.966,raw,1647,-7.8666,-23.9609,1.2303
19.966,raw,1658,-7.4285,-25.2305,1.2070
19.966,raw,1670,-6.8106,-26.4127,1.1862
19.966,raw,1681,-6.0896,-27.1327,1.1751
19.966,raw,1692,-5.2750,-27.5879,1.1696
19.966,raw,1703,-4.4414,-28.0324,1.1638
19.966,raw,1714,-3.5959,-28.5136,1.1566
19.966,raw,1725,-2.7382,-29.0680,1.1472
19.966,raw,1736,-1.8601,-29.7008,1.1355
19.966,raw,1747,-0.9455,-30.3034,1.1239
19.966,raw,1759,0.0994,-30.7011,1.1162
19.966,raw,1770,1.0792,-31.0508,1.1088
19.966,raw,1781,2.0839,-31.4827,1.0989
19.966,raw,1792,3.1291,-32.0865,1.0845
19.966,raw,1803,4.2215,-32.7382,1.0682
19.966,raw,1814,5.4087,-33.7551,1.0430
19.966,raw,1825,9.4687,-0.9040,1.6123
19.966,raw,1837,9.2829,-0.5898,1.6172
19.966,raw,1848,9.1243,-0.3158,1.6212
19.966,raw,1859,8.9739,-0.0534,1.6249
19.966,raw,1870,9.3543,0.1941,1.6166
19.966,raw,1881,9.8118,0.4672,1.6065
19.966,raw,1892,-23.3469,24.9248,1.0346
19.966,raw,1903,-22.2225,22.3464,1.0922
19.966,raw,1914,-21.5395,20.3804,1.1326
19.966,raw,1926,-20.7546,18.3729,1.1747
19.966,raw,1937,-20.0335,16.6764,1.2105
19.966,raw,1948,-20.0889,15.6719,1.2229
19.966,raw,1959,-19.2997,14.1335,1.2567
19.966,raw,1970,-11.1577,8.0314,1.4808
19.966,raw,1981,-18.7121,11.9768,1.2932
19.966,raw,1992,-18.2917,10.9165,1.3129
19.966,raw,2004,-17.8548,9.8419,1.3325
19.966,raw,2015,-17.5114,8.9421,1.3480
19.966,raw,2026,-17.5138,8.2384,1.3543
19.966,raw,2037,-17.1447,7.4076,1.3688
19.966,raw,2048,-16.8278,6.6389,1.3813
19.966,raw,2059,-16.5508,5.9199,1.3922
19.966,raw,2070,-16.2392,5.2228,1.4032
19.966,raw,2081,-16.2948,4.6506,1.4053
19.966,raw,2093,-15.9757,3.9506,1.4157
19.966,raw,2104,-15.7323,3.3462,1.4236
19.966,raw,2115,-15.4827,2.7632,1.4311
19.966,raw,2126,-15.2434,2.2027,1.4380
19.966,raw,2137,-15.0212,1.6629,1.4441
19.966,raw,2148,-14.8025,1.1403,1.4498
19.966,raw,2159,-14.5897,0.6335,1.4549
19.966,raw,2171,-14.3547,0.0967,1.4601
19.966,raw,2182,-14.1643,-0.3824,1.4641
19.966,raw,2193,-8.3518,-0.4317,1.5921
19.966,raw,2204,-16.2270,-1.5184,1.8235
19.966,raw,2215,-31.6467,-4.1624,1.8447
19.966,raw,2226,-31.0609,-5.1216,1.8441
19.966,raw,2237,-16.1535,-3.1810,1.8238
19.966,raw,2248,-29.9422,-6.9728,1.8431
19.966,raw,2260,-29.3341,-7.9452,1.8426
19.966,raw,2271,-28.7573,-8.8095,1.8422
19.966,raw,2282,-15.3108,-5.2843,1.8234
19.966,raw,2293,-27.6440,-10.4946,1.8415
19.966,raw,2304,-27.0904,-11.3142,1.8412
19.966,raw,2315,-26.5276,-12.1158,1.8410
19.966,raw,2326,-25.9952,-12.9193,1.8408
19.966,raw,2338,-25.4197,-13.7884,1.8406
19.966,raw,2349,-24.8616,-14.5605,1.8404
19.966,raw,2360,-24.3509,-15.3542,1.8404
19.966,raw,2371,-23.8287,-16.1389,1.8404
19.966,raw,2382,-23.3016,-16.9199,1.8404
19.966,raw,2393,-22.7839,-17.7095,1.8404
19.966,raw,2404,-22.2734,-18.5100,1.8406
19.966,raw,2415,-21.7798,-19.3337,1.8408
19.966,raw,2427,-21.2080,-20.2176,1.8410
19.966,raw,2438,-20.6741,-21.0333,1.8412
19.966,raw,2449,-20.1505,-21.8771,1.8415
19.966,raw,2460,-19.6068,-22.7220,1.8419
19.966,raw,2471,-19.0588,-23.5877,1.8423
19.966,raw,2482,-18.5307,-24.5103,1.8428
19.966,raw,2493,-17.9653,-25.4246,1.8433
19.966,raw,2505,-17.3358,-26.4542,1.8439
19.966,raw,2516,-16.7448,-27.4314,1.8446
19.966,raw,2527,-16.1378,-28.4437,1.8453
19.966,raw,2538,-15.5041,-29.4806,1.8461
19.966,raw,2549,-14.8585,-30.5768,1.8470
19.966,raw,2560,9.5225,-1.0110,1.8116
19.966,raw,2571,9.3780,-0.7209,1.8114
19.966,raw,2582,9.2004,-0.4392,1.8111
19.966,raw,2594,9.0459,-0.1485,1.8109
19.966,raw,2605,9.2250,0.1012,1.8111
19.966,raw,2616,9.6498,0.3645,1.8117
19.966,raw,2627,-17.1202,0.6403,1.8246
19.966,raw,2638,-34.0702,-0.1234,1.8476
19.966,raw,2649,-33.4444,-1.2077,1.8468
19.966,raw,2660,-32.0210,-2.1960,1.8449
19.966,raw,2672,-16.8860,-1.6387,2.2468
19.966,raw,2683,-15.8445,-2.3179,2.2234
19.966,raw,2694,-15.7199,-2.8441,2.2225
19.966,raw,2705,-15.5664,-3.3624,2.2213
19.966,raw,2716,-15.6575,-3.9396,2.2268
19.966,raw,2727,-15.9962,-4.6028,2.2392
19.966,raw,2738,-15.3128,-5.3375,2.2285
19.966,raw,2749,-16.1557,-6.4681,2.2577
19.966,raw,2761,-17.1246,-8.4640,2.2995
19.966,raw,2772,-20.8356,-23.3968,2.5986
19.966,raw,2783,9.5201,-0.9609,2.0122
19.966,raw,2794,9.3270,-0.6666,2.0065
19.966,raw,2805,9.1743,-0.3899,2.0021
19.966,raw,2816,9.0000,-0.1232,1.9974
19.966,raw,2827,9.2466,0.1243,2.0033
19.966,raw,2839,9.7241,0.4153,2.0151
19.966,raw,2850,-16.9200,0.7912,2.2453
19.966,raw,2861,-16.7811,0.2234,2.2417
19.966,raw,2872,-16.6316,-0.3354,2.2383
19.966,raw,2883,-16.4769,-0.8855,2.2351
19.966,raw,2894,-32.2372,-2.8852,3.4124
19.966,raw,2905,-15.0933,-4.8508,2.6166
19.966,raw,2916,-14.3581,-7.6312,2.6349
19.966,raw,2928,-20.5498,-24.0516,3.3687
19.966,raw,2939,8.9735,-0.0534,2.1827
19.966,raw,2950,9.3615,0.1940,2.2011
19.966,raw,2961,-18.9839,-2.2704,3.2483
19.966,raw,2972,-11.9060,-8.2742,2.9130
19.966,raw,2983,-19.1451,-1.9377,3.7359
19.966,raw,2994,-18.7613,-2.5319,3.7067
19.966,raw,3006,-18.5553,-3.1960,3.6972
19.966,raw,3017,-18.4097,-3.8084,3.6947
19.966,raw,3028,-18.2327,-4.4121,3.6909
19.966,raw,3039,-18.0567,-5.0141,3.6891
19.966,raw,3050,-17.9092,-5.8040,3.6972
19.966,raw,3061,-17.7393,-6.4114,3.7003
19.966,raw,3072,-17.5612,-7.0185,3.7047
19.966,raw,3083,-17.3926,-7.6336,3.7121
19.966,raw,3095,-17.1996,-8.3072,3.7216
19.966,raw,3106,-11.7000,-8.1383,3.2553
19.966,raw,3117,-18.6487,0.8981,3.6781
19.966,raw,3128,-19.7512,0.2756,3.7823
19.966,raw,3139,-19.5798,-0.3768,3.7669
19.966,raw,3150,-19.4011,-1.0191,3.7528
19.966,raw,3161,-16.2161,-1.3170,3.8629
19.966,raw,3173,-15.7936,-1.9644,3.8215
19.966,raw,3184,-15.6728,-2.4887,3.8164
19.966,raw,3195,-15.5245,-3.0054,3.8100
19.966,raw,3206,-15.3935,-3.5231,3.8077
19.966,raw,3217,-15.2429,-4.0349,3.8049
19.966,raw,3228,-15.0808,-4.5423,3.8027
19.966,raw,3239,-14.9664,-5.2188,3.8143
19.966,raw,3250,-14.8172,-5.7344,3.8184
19.966,raw,3262,-14.6486,-6.2979,3.8246
19.966,raw,3273,-14.5160,-6.8285,3.8354
19.966,raw,3284,-14.3595,-7.3543,3.8454
19.966,raw,3295,-16.9615,0.9997,3.9447
19.966,raw,3306,-16.7516,0.4281,3.9180
19.966,raw,3317,-16.5300,-0.1297,3.8921
19.966,raw,3328,-16.3914,-0.6787,3.8781
21.053,raw,0,9.2894,-0.3813,0.5032
21.053,raw,10,9.1538,-0.1444,0.5286
21.053,raw,21,9.0287,0.1053,0.5512
21.053,raw,32,9.5859,-0.8870,0.6426
21.053,raw,43,9.4197,-0.6034,0.6711
21.053,raw,54,9.2620,-0.3332,0.6971
21.053,raw,64,9.1162,-0.0974,0.7200
21.053,raw,75,9.1052,0.1468,0.7231
21.053,raw,86,9.4922,0.3903,0.6694
21.053,raw,97,9.9443,0.6605,0.6054
21.053,raw,108,-4.5565,-8.8992,0.5167
21.053,raw,118,-4.3528,-9.1755,0.5020
21.053,raw,129,9.5251,-0.7585,0.8485
21.053,raw,140,9.3535,-0.4797,0.8723
21.053,raw,151,9.1765,-0.2131,0.8956
21.053,raw,162,9.0209,0.0400,0.9155
21.053,raw,172,9.2751,0.2546,0.8867
21.053,raw,183,9.6931,0.5095,0.8381
21.053,raw,194,-4.3948,-8.2077,0.8397
21.053,raw,205,-5.0768,-9.9008,0.6739
21.053,raw,216,-4.8031,-10.1937,0.6640
21.053,raw,226,-4.5851,-10.5290,0.6470
21.053,raw,237,-4.3056,-10.8475,0.6331
21.053,raw,248,-4.0385,-11.2154,0.6134
21.053,raw,259,-3.8138,-11.7165,0.5796
21.053,raw,270,-3.6070,-12.3264,0.5348
21.053,raw,280,-3.3450,-12.7559,0.5062
21.053,raw,291,9.4540,-0.6780,1.0498
21.053,raw,302,9.3049,-0.4057,1.0664
21.053,raw,313,9.1426,-0.1436,1.0834
21.053,raw,324,9.0321,0.1052,1.0948
21.053,raw,334,9.3675,0.3216,1.0642
21.053,raw,345,9.8064,0.5836,1.0234
21.053,raw,356,-4.7951,-7.7988,1.0910
21.053,raw,367,-4.4389,-7.8583,1.1023
21.053,raw,378,-5.9173,-10.6602,0.8851
21.053,raw,388,-5.6814,-11.0018,0.8741
21.053,raw,399,-5.4012,-11.3639,0.8627
21.053,raw,410,-5.1237,-11.7538,0.8486
21.053,raw,421,-4.8312,-12.1438,0.8340
21.053,raw,432,-4.6031,-12.7066,0.8057
21.053,raw,442,-4.4008,-13.2881,0.7747
21.053,raw,453,-4.1692,-13.9882,0.7360
21.053,raw,464,-3.8646,-14.5895,0.7044
21.053,raw,475,-3.5893,-15.3803,0.6587
21.053,raw,486,-3.3009,-16.2801,0.6049
21.053,raw,496,-2.9630,-16.9744,0.5647
21.053,raw,507,9.6093,-0.8906,1.2281
21.053,raw,518,9.4218,-0.6036,1.2436
21.053,raw,529,9.2463,-0.3317,1.2577
21.053,raw,540,9.1156,-0.0752,1.2680
21.053,raw,550,9.0910,0.1472,1.2704
21.053,raw,561,9.5089,0.3903,1.2418
21.053,raw,572,9.9104,0.6593,1.2138
21.053,raw,583,-13.1449,11.4160,0.5389
21.053,raw,594,-12.9897,10.5978,0.5809
21.053,raw,604,-9.4467,-7.1772,1.1975
21.053,raw,615,-9.2334,-7.5400,1.1958
21.053,raw,626,-9.0572,-7.9360,1.1911
21.053,raw,637,-8.7967,-8.2695,1.1907
21.053,raw,648,-8.6388,-8.6971,1.1833
21.053,raw,658,-8.4062,-9.0135,1.1812
21.053,raw,669,-8.1665,-9.3828,1.1772
21.053,raw,680,-7.9832,-9.8222,1.1685
21.053,raw,691,-7.7306,-10.2006,1.1633
21.053,raw,702,-7.4960,-10.6135,1.1557
21.053,raw,712,-7.2701,-10.9878,1.1487
21.053,raw,723,-4.4508,-7.8250,1.3408
21.053,raw,734,-6.7525,-11.8405,1.1308
21.053,raw,745,-6.5030,-12.3186,1.1187
21.053,raw,756,-6.2233,-12.7791,1.1073
21.053,raw,766,-5.9134,-13.1250,1.1005
21.053,raw,777,-5.6264,-13.6358,1.0860
21.053,raw,788,-5.3599,-14.2400,1.0665
21.053,raw,799,-5.1603,-15.0714,1.0356
21.053,raw,810,-4.9374,-15.9630,1.0018
21.053,raw,820,-4.8460,-17.2083,0.9501
21.053,raw,831,-4.7495,-18.8386,0.8813
21.053,raw,842,-5.2534,-22.9144,0.6971
21.053,raw,853,-4.7502,-24.0506,0.6531
21.053,raw,864,-4.0997,-24.8031,0.6265
21.053,raw,874,-3.4218,-25.2054,0.6148
21.053,raw,885,-2.6593,-25.6569,0.6004
21.053,raw,896,-1.8708,-26.0667,0.5870
21.053,raw,907,-1.0485,-26.3244,0.5793
21.053,raw,918,-0.2381,-26.9655,0.5530
21.053,raw,928,0.5385,-27.3158,0.5388
21.053,raw,939,1.4144,-27.7757,0.5185
21.053,raw,950,9.6231,-0.9411,1.4218
21.053,raw,961,9.4819,-0.6581,1.4300
21.053,raw,972,9.2785,-0.3802,1.4407
21.053,raw,982,9.1490,-0.1440,1.4474
21.053,raw,993,9.0248,0.1055,1.4537
21.053,raw,1004,9.4287,0.3442,1.4355
21.053,raw,1015,9.8384,0.6085,1.4167
21.053,raw,1026,25.5747,11.3591,0.5924
21.053,raw,1036,-17.4307,20.0435,0.5602
21.053,raw,1047,-16.9719,18.3891,0.6284
21.053,raw,1058,-16.8441,17.1665,0.6709
21.053,raw,1069,-16.4231,15.7678,0.7276
21.053,raw,1080,-16.0287,14.4910,0.7786
21.053,raw,1090,-15.6776,13.4125,0.8215
21.053,raw,1101,-15.3834,12.3678,0.8605
21.053,raw,1112,-15.0885,11.3869,0.8969
21.053,raw,1123,-11.0464,8.1343,1.1318
21.053,raw,1134,-14.5797,9.6436,0.9585
21.053,raw,1144,-14.2232,8.8465,0.9904
21.053,raw,1155,-14.0477,8.1296,1.0126
21.053,raw,1166,-13.8709,7.4454,1.0333
21.053,raw,1177,-13.5463,6.7293,1.0600
21.053,raw,1188,-13.4161,6.1277,1.0758
21.053,raw,1198,-13.1502,5.5482,1.0963
21.053,raw,1209,-12.9759,4.9795,1.1121
21.053,raw,1220,-13.1414,-2.0446,1.4742
21.053,raw,1231,-12.9373,-2.4797,1.4769
21.053,raw,1242,-12.7651,-2.9149,1.4786
21.053,raw,1252,-12.5802,-3.2990,1.4805
21.053,raw,1263,-12.4190,-3.7286,1.4814
21.053,raw,1274,-12.2581,-4.1560,1.4820
21.053,raw,1285,-12.0592,-4.5683,1.4831
21.053,raw,1296,-11.9141,-4.9993,1.4827
21.053,raw,1306,-11.7910,-5.3965,1.4818
21.053,raw,1317,-11.6468,-5.8326,1.4807
21.053,raw,1328,-11.5090,-6.2761,1.4791
21.053,raw,1339,-11.2408,-6.6531,1.4804
21.053,raw,1350,-11.0519,-7.0736,1.4793
21.053,raw,1360,-10.8768,-7.4572,1.4782
21.053,raw,1371,-10.6927,-7.8897,1.4763
21.053,raw,1382,-10.5098,-8.3303,1.4740
21.053,raw,1393,-10.3209,-8.7751,1.4714
21.053,raw,1404,-10.0151,-9.1330,1.4717
21.053,raw,1414,-9.8435,-9.5517,1.4686
21.053,raw,1425,-9.6350,-10.0072,1.4652
21.053,raw,1436,-9.3349,-10.3854,1.4642
21.053,raw,1447,-9.1703,-10.9131,1.4583
21.053,raw,1458,-9.0182,-11.4812,1.4513
21.053,raw,1468,-8.6984,-11.8069,1.4504
21.053,raw,1479,-8.5577,-12.4415,1.4415
21.053,raw,1490,-8.3727,-13.0598,1.4330
21.053,raw,1501,-8.0458,-13.5135,1.4290
21.053,raw,1512,-7.6993,-13.9592,1.4250
21.053,raw,1522,-7.5550,-14.6707,1.4133
21.053,raw,1533,-9.1930,-18.7690,1.3168
21.053,raw,1544,-9.0000,-19.9081,1.2967
21.053,raw,1555,-8.6601,-20.8741,1.2809
21.053,raw,1566,-8.2938,-21.8944,1.2637
21.053,raw,1576,-7.9562,-22.9266,1.2456
21.053,raw,1587,-7.6476,-24.3939,1.2178
21.053,raw,1598,-7.2151,-25.7429,1.1928
21.053,raw,1609,-6.6056,-26.7487,1.1757
21.053,raw,1620,-5.7930,-27.1760,1.1714
21.053,raw,1630,-5.0473,-27.5849,1.1666
21.053,raw,1641,-4.2124,-28.0393,1.1606
21.053,raw,1652,-3.4144,-28.8270,1.1467
21.053,raw,1663,-2.5387,-29.3402,1.1383
21.053,raw,1674,-1.6492,-29.9649,1.1269
21.053,raw,1684,-0.8123,-30.5449,1.1158
21.053,raw,1695,0.1481,-31.0530,1.1058
21.053,raw,1706,1.1393,-31.4279,1.0980
21.053,raw,1717,2.1528,-31.7651,1.0904
21.053,raw,1728,3.2017,-32.3336,1.0770
21.053,raw,1738,4.1899,-32.8541,1.0640
21.053,raw,1749,5.3569,-33.7718,1.0413
21.053,raw,1760,9.5415,-0.7846,1.6189
21.053,raw,1771,9.3550,-0.5029,1.6238
21.053,raw,1782,9.1763,-0.2356,1.6283
21.053,raw,1792,9.0439,-0.0050,1.6315
21.053,raw,1803,9.2340,0.2328,1.6275
21.053,raw,1814,9.6601,0.4853,1.6182
21.053,raw,1825,-23.1568,25.4331,1.0255
21.053,raw,1836,-22.0779,22.8652,1.0823
21.053,raw,1846,-21.5381,21.1181,1.1173
21.053,raw,1857,-20.9040,19.2988,1.1542
21.053,raw,1868,-19.9464,17.3565,1.1978
21.053,raw,1879,-19.4413,15.9052,1.2261
21.053,raw,1890,-18.7911,14.4509,1.2565
21.053,raw,1900,-18.3362,13.3075,1.2790
21.053,raw,1911,-11.1022,8.0200,1.4763
21.053,raw,1922,-17.7987,11.2869,1.3123
21.053,raw,1933,-17.4126,10.2942,1.3303
21.053,raw,1944,-17.3888,9.5344,1.3384
21.053,raw,1954,-17.0596,8.7261,1.3525
21.053,raw,1965,-16.7390,7.8996,1.3663
21.053,raw,1976,-16.7121,7.2252,1.3723
21.053,raw,1987,-16.4001,6.4711,1.3844
21.053,raw,1998,-16.1296,5.7654,1.3949
21.053,raw,2008,-15.8439,5.1394,1.4048
21.053,raw,2019,-15.6099,4.5003,1.4133
21.053,raw,2030,-15.3258,3.8752,1.4225
21.053,raw,2041,-15.3549,3.3312,1.4241
21.053,raw,2052,-15.1375,2.7560,1.4309
21.053,raw,2062,-14.9004,2.2451,1.4375
21.053,raw,2073,-14.6859,1.7064,1.4434
21.053,raw,2084,-14.4424,1.1825,1.4495
21.053,raw,2095,-14.2783,0.6772,1.4535
21.053,raw,2106,-14.0640,0.1835,1.4583
21.053,raw,2116,-13.8989,-0.2551,1.4616
21.053,raw,2127,-8.4721,-0.3437,1.5811
21.053,raw,2138,-8.2843,-0.6393,1.5847
21.053,raw,2149,-13.2980,-1.6384,1.4722
21.053,raw,2160,-29.6082,-4.7869,1.8426
21.053,raw,2170,-17.8617,-3.4032,1.8266
21.053,raw,2181,-28.6271,-6.5088,1.8418
21.053,raw,2192,-28.1241,-7.3842,1.8414
21.053,raw,2203,-27.6281,-8.2443,1.8411
21.053,raw,2214,-27.1154,-9.0835,1.8407
21.053,raw,2224,-16.7142,-6.2182,1.8261
21.053,raw,2235,-15.7858,-6.5038,1.8251
21.053,raw,2246,-25.6889,-11.4736,1.8401
21.053,raw,2257,-15.4466,-7.6394,1.8253
21.053,raw,2268,-24.7604,-13.0986,1.8399
21.053,raw,2278,-24.3459,-13.8365,1.8399
21.053,raw,2289,-23.8927,-14.6494,1.8399
21.053,raw,2300,-23.4091,-15.4448,1.8399
21.053,raw,2311,-22.9364,-16.2491,1.8400
21.053,raw,2322,-22.4840,-17.0732,1.8401
21.053,raw,2332,-22.0519,-17.8145,1.8402
21.053,raw,2343,-21.5842,-18.6460,1.8404
21.053,raw,2354,-21.1002,-19.4776,1.8407
21.053,raw,2365,-20.6121,-20.3213,1.8410
21.053,raw,2376,-20.1407,-21.2018,1.8413
21.053,raw,2386,-19.6689,-21.9794,1.8416
21.053,raw,2397,-19.1487,-22.8577,1.8420
21.053,raw,2408,-18.6504,-23.7933,1.8426
21.053,raw,2419,-18.1075,-24.7131,1.8431
21.053,raw,2430,-17.5603,-25.6689,1.8437
21.053,raw,2440,-17.0645,-26.5840,1.8443
21.053,raw,2451,-16.5033,-27.6243,1.8450
21.053,raw,2462,-15.9224,-28.7024,1.8459
21.053,raw,2473,-15.2956,-29.7797,1.8467
21.053,raw,2484,-14.6794,-30.9660,1.8477
21.053,raw,2494,9.5307,-0.7593,1.8111
21.053,raw,2505,9.3354,-0.4777,1.8108
21.053,raw,2516,9.1727,-0.2128,1.8105
21.053,raw,2527,9.0120,0.0404,1.8103
21.053,raw,2538,9.2949,0.2769,1.8107
21.053,raw,2548,9.6571,0.5089,1.8112
21.053,raw,2559,-33.9477,3.0873,1.8481
21.053,raw,2570,-33.3924,1.9399,1.8472
21.053,raw,2581,-32.7890,0.8303,1.8464
21.053,raw,2592,-32.1539,-0.2397,1.8455
21.053,raw,2602,-31.6353,-1.1814,1.8448
21.053,raw,2613,-17.5318,-1.1166,1.8258
21.053,raw,2624,-30.5292,-3.1628,1.8436
21.053,raw,2635,-29.9616,-4.1082,1.8429
21.053,raw,2646,-16.5219,-2.7137,2.2512
21.053,raw,2656,-16.9020,-3.5442,2.2643
21.053,raw,2667,-15.1981,-5.4511,2.2364
21.053,raw,2678,-26.6039,-13.1425,2.5710
21.053,raw,2689,-12.0096,-8.1792,2.1946
21.053,raw,2700,9.6258,-0.9415,2.0059
21.053,raw,2710,9.4584,-0.6786,2.0009
21.053,raw,2721,9.2774,-0.4029,1.9957
21.053,raw,2732,9.1242,-0.1424,1.9913
21.053,raw,2743,9.0326,0.1052,1.9887
21.053,raw,2754,9.4140,0.3443,1.9981
21.053,raw,2764,9.7870,0.5831,2.0074
21.053,raw,2775,-16.9360,0.7274,2.2549
21.053,raw,2786,-17.1232,0.1446,2.2595
21.053,raw,2797,-16.6041,-0.4192,2.2471
21.053,raw,2808,-16.4276,-0.9778,2.2435
21.053,raw,2818,-16.5756,-1.5106,2.2484
21.053,raw,2829,-15.0498,-4.6646,2.6308
21.053,raw,2840,-26.2965,-13.8895,3.3036
21.053,raw,2851,-20.1070,-23.7999,3.3615
21.053,raw,2862,-31.8237,-3.1130,3.4122
21.053,raw,2872,-15.0438,-4.6628,3.0352
21.053,raw,2883,-18.6471,-2.7256,3.2567
21.053,raw,2894,-18.5108,-3.2931,3.7318
21.053,raw,2905,-18.3350,-3.9105,3.7270
21.053,raw,2916,-18.1545,-4.5242,3.7235
21.053,raw,2926,-17.9897,-5.0803,3.7220
21.053,raw,2937,-15.0399,-4.9738,3.4499
21.053,raw,2948,-17.6658,-6.5025,3.7340
21.053,raw,2959,-17.4789,-7.1183,3.7381
21.053,raw,2970,-17.3001,-7.7414,3.7451
21.053,raw,2980,-17.1147,-8.3022,3.7510
21.053,raw,2991,-11.6300,-8.1498,3.2861
21.053,raw,3002,-18.4390,0.7558,3.6933
21.053,raw,3013,-19.7293,0.1114,3.8161
21.053,raw,3024,-19.5398,-0.5495,3.7999
21.053,raw,3034,-19.3635,-1.1412,3.7864
21.053,raw,3045,-19.1908,-1.7854,3.7755
21.053,raw,3056,-18.5624,-2.3605,3.7226
21.053,raw,3067,-15.6646,-2.4648,3.8613
21.053,raw,3078,-15.4799,-2.9863,3.8508
21.053,raw,3088,-15.3742,-3.4701,3.8506
21.053,raw,3099,-15.2025,-3.9882,3.8455
21.053,raw,3110,-15.0502,-4.5098,3.8447
21.053,raw,3121,-14.9160,-5.1944,3.8543
21.053,raw,3132,-14.7778,-5.7254,3.8601
21.053,raw,3142,-14.6306,-6.2028,3.8646
21.053,raw,3153,-14.4679,-6.7308,3.8716
21.053,raw,3164,-14.2998,-7.2610,3.8802
21.053,raw,3175,-17.0088,0.9938,3.9945
21.053,raw,3186,-16.6824,0.4104,3.9544
21.053,raw,3196,-16.5706,-0.1071,3.9419
21.053,raw,3207,-16.3976,-0.6668,3.9242
21.053,raw,3218,-16.2338,-1.2185,3.9096
21.053,raw,3229,-16.7231,-1.8431,3.9754
22.058,raw,0,9.5502,-0.7944,0.5023
22.058,raw,10,9.4139,-0.5468,0.5304
22.058,raw,21,9.2561,-0.2849,0.5611
22.058,raw,31,9.1061,-0.0564,0.5889
22.058,raw,42,9.1000,0.1774,0.5920
22.058,raw,52,9.4287,0.3852,0.5390
22.058,raw,63,9.5587,-0.7958,0.6907
22.058,raw,74,9.3899,-0.5213,0.7197
22.058,raw,84,9.2480,-0.2841,0.7432
22.058,raw,95,9.0943,-0.0343,0.7677
22.058,raw,105,9.1103,0.1770,0.7671
22.058,raw,116,9.4703,0.4069,0.7175
22.058,raw,126,9.8493,0.6365,0.6642
22.058,raw,137,9.5371,-0.7463,0.8826
22.058,raw,148,9.3717,-0.4743,0.9061
22.058,raw,158,9.2220,-0.2380,0.9264
22.058,raw,169,9.0619,0.0102,0.9472
22.058,raw,179,9.1669,0.2175,0.9362
22.058,raw,190,9.5474,0.4511,0.8925
22.058,raw,201,9.9627,0.7097,0.8438
22.058,raw,211,-4.6107,-10.4187,0.6323
22.058,raw,222,-4.3551,-10.7841,0.6144
22.058,raw,232,-4.1013,-11.0980,0.5995
22.058,raw,243,-3.8760,-11.5851,0.5681
22.058,raw,253,-3.6827,-12.1026,0.5316
22.058,raw,264,9.5921,-0.8244,1.0633
22.058,raw,275,9.4066,-0.5459,1.0841
22.058,raw,285,9.2573,-0.3069,1.1004
22.058,raw,296,9.0865,-0.0550,1.1182
22.058,raw,306,9.0835,0.1570,1.1196
22.058,raw,317,9.4232,0.3852,1.0888
22.058,raw,327,9.8182,0.6127,1.0521
22.058,raw,338,-5.8443,-10.6186,0.8724
22.058,raw,349,-5.6046,-11.0328,0.8577
22.058,raw,359,-5.3951,-11.4469,0.8410
22.058,raw,370,-5.1006,-11.8211,0.8288
22.058,raw,380,-4.8386,-12.1943,0.8146
22.058,raw,391,-4.5954,-12.7309,0.7890
22.058,raw,402,-4.3658,-13.3573,0.7564
22.058,raw,412,-4.1564,-13.9951,0.7215
22.058,raw,423,-3.9016,-14.7283,0.6807
22.058,raw,433,-3.6533,-15.4481,0.6396
22.058,raw,444,-3.3202,-16.1802,0.5985
22.058,raw,454,-3.0255,-17.0010,0.5497
22.058,raw,465,9.5753,-0.8216,1.2520
22.058,raw,476,9.4035,-0.5454,1.2666
22.058,raw,486,9.2523,-0.3063,1.2789
22.058,raw,497,9.0925,-0.0554,1.2914
22.058,raw,507,9.0620,0.1579,1.2943
22.058,raw,518,9.4410,0.3850,1.2686
22.058,raw,529,9.8471,0.6365,1.2405
22.058,raw,539,-13.1105,11.7009,0.5152
22.058,raw,550,-12.8581,10.8016,0.5659
22.058,raw,560,-12.7524,10.1142,0.5988
22.058,raw,571,-12.5779,9.3584,0.6371
22.058,raw,581,-8.9055,-7.9460,1.1821
22.058,raw,592,-8.7430,-8.3704,1.1756
22.058,raw,603,-8.5711,-8.7991,1.1687
22.058,raw,613,-8.3293,-9.1194,1.1668
22.058,raw,624,-8.0689,-9.4816,1.1637
22.058,raw,634,-7.9159,-9.9071,1.1546
22.058,raw,645,-7.6502,-10.2845,1.1499
22.058,raw,655,-7.4829,-10.7270,1.1394
22.058,raw,666,-4.5790,-7.7148,1.3291
22.058,raw,677,-4.3274,-7.9250,1.3282
22.058,raw,687,-6.6919,-11.9348,1.1170
22.058,raw,698,-6.4152,-12.3842,1.1068
22.058,raw,708,-6.1686,-12.8258,1.0956
22.058,raw,719,-5.8772,-13.3101,1.0830
22.058,raw,730,-5.6002,-13.8617,1.0668
22.058,raw,740,-5.3566,-14.4268,1.0486
22.058,raw,751,-5.1606,-15.2802,1.0170
22.058,raw,761,-4.8985,-15.9508,0.9935
22.058,raw,772,-4.9143,-17.6163,0.9225
22.058,raw,782,-5.7788,-21.9338,0.7241
22.058,raw,793,-5.3259,-23.0228,0.6831
22.058,raw,804,-4.8235,-24.1496,0.6400
22.058,raw,814,-4.2269,-24.8105,0.6174
22.058,raw,825,-3.4738,-25.2296,0.6061
22.058,raw,835,-2.7774,-25.6257,0.5943
22.058,raw,846,-2.0250,-26.2888,0.5697
22.058,raw,856,-1.2734,-26.5576,0.5619
22.058,raw,867,-0.4366,-26.8822,0.5508
22.058,raw,878,0.4131,-27.2757,0.5354
22.058,raw,888,1.1994,-27.9247,0.5071
22.058,raw,899,9.5094,-0.7191,1.4423
22.058,raw,909,9.3541,-0.4721,1.4508
22.058,raw,920,9.2101,-0.2152,1.4586
22.058,raw,931,9.0492,0.0321,1.4668
22.058,raw,941,9.2173,0.2372,1.4596
22.058,raw,952,9.5990,0.4735,1.4424
22.058,raw,962,9.9627,0.7097,1.4257
22.058,raw,973,-17.3541,21.4033,0.5106
22.058,raw,983,-17.1708,20.0423,0.5614
22.058,raw,994,-16.7074,18.3932,0.6295
22.058,raw,1005,-16.5475,17.1473,0.6736
22.058,raw,1015,-16.1570,15.8733,0.7254
22.058,raw,1026,-15.7728,14.6044,0.7758
22.058,raw,1036,-15.6195,13.6755,0.8074
22.058,raw,1047,-15.2853,12.5916,0.8489
22.058,raw,1058,-14.9605,11.5823,0.8871
22.058,raw,1068,-14.6424,10.7042,0.9209
22.058,raw,1079,-11.1713,7.9809,1.1202
22.058,raw,1089,-14.1798,9.1270,0.9753
22.058,raw,1100,-13.9573,8.3738,1.0001
22.058,raw,1110,-13.6535,7.6743,1.0265
22.058,raw,1121,-13.4968,7.0222,1.0451
22.058,raw,1132,-13.3386,6.3969,1.0626
22.058,raw,1142,-13.0985,5.8157,1.0822
22.058,raw,1153,-12.9829,5.2540,1.0954
22.058,raw,1163,-12.8124,4.7405,1.1097
22.058,raw,1174,-12.7717,4.2347,1.1176
22.058,raw,1184,-12.7425,-2.7317,1.4726
22.058,raw,1195,-12.5631,-3.1700,1.4742
22.058,raw,1206,-12.3827,-3.6036,1.4756
22.058,raw,1216,-12.2194,-3.9950,1.4765
22.058,raw,1227,-12.0376,-4.4222,1.4773
22.058,raw,1237,-11.9107,-4.8238,1.4768
22.058,raw,1248,-11.7693,-5.2668,1.4760
22.058,raw,1259,-11.6414,-5.7190,1.4745
22.058,raw,1269,-11.5219,-6.1330,1.4730
22.058,raw,1280,-11.3698,-6.5832,1.4714
22.058,raw,1290,-11.1912,-6.9742,1.4706
22.058,raw,1301,-10.8981,-7.3478,1.4719
22.058,raw,1311,-10.7182,-7.7409,1.4706
22.058,raw,1322,-10.5193,-8.1780,1.4688
22.058,raw,1333,-10.3248,-8.6256,1.4664
22.058,raw,1343,-10.1317,-9.0275,1.4644
22.058,raw,1354,-9.9654,-9.5177,1.4603
22.058,raw,1364,-9.6670,-9.8443,1.4605
22.058,raw,1375,-9.4822,-10.3417,1.4560
22.058,raw,1385,-9.3478,-10.8447,1.4503
22.058,raw,1396,-9.2023,-11.4267,1.4432
22.058,raw,1407,-8.8580,-11.8102,1.4419
22.058,raw,1417,-8.7112,-12.3687,1.4345
22.058,raw,1428,-8.5482,-13.0183,1.4255
22.058,raw,1438,-8.1950,-13.3627,1.4240
22.058,raw,1449,-8.0333,-14.0883,1.4129
22.058,raw,1460,-7.7167,-14.6274,1.4067
22.058,raw,1470,-9.3690,-18.4547,1.3156
22.058,raw,1481,-9.1755,-19.5496,1.2966
22.058,raw,1491,-8.8795,-20.4137,1.2828
22.058,raw,1502,-8.5239,-21.3999,1.2667
22.058,raw,1512,-8.2973,-22.6209,1.2442
22.058,raw,1523,-7.9074,-23.7954,1.2236
22.058,raw,1534,-7.4739,-25.0255,1.2016
22.058,raw,1544,-7.0585,-26.2557,1.1789
22.058,raw,1555,-6.4089,-27.1992,1.1633
22.058,raw,1565,-5.6561,-27.5967,1.1593
22.058,raw,1576,-4.8214,-28.0620,1.1538
22.058,raw,1587,-3.9700,-28.5299,1.1476
22.058,raw,1597,-3.1787,-28.9490,1.1416
22.058,raw,1608,-2.3434,-29.8116,1.1255
22.058,raw,1618,-1.5206,-30.3836,1.1152
22.058,raw,1629,-0.5847,-31.0306,1.1028
22.058,raw,1639,0.3023,-31.5155,1.0933
22.058,raw,1650,1.3102,-31.8571,1.0864
22.058,raw,1661,2.3388,-32.1993,1.0788
22.058,raw,1671,3.3032,-32.7110,1.0668
22.058,raw,1682,4.4030,-33.2984,1.0523
22.058,raw,1692,5.4822,-34.2260,1.0297
22.058,raw,1703,9.4712,-0.6451,1.6276
22.058,raw,1713,9.3076,-0.4001,1.6319
22.058,raw,1724,9.1490,-0.1452,1.6360
22.058,raw,1735,8.9896,0.0984,1.6398
22.058,raw,1745,9.2906,0.3000,1.6334
22.058,raw,1756,9.6979,0.5420,1.6244
22.058,raw,1766,-22.6938,25.6109,1.0264
22.058,raw,1777,-22.0941,23.4915,1.0688
22.058,raw,1788,-21.4462,21.4908,1.1094
22.058,raw,1798,-20.5473,19.5386,1.1528
22.058,raw,1809,-19.9740,17.8905,1.1857
22.058,raw,1819,-19.1563,16.2698,1.2219
22.058,raw,1830,-18.7173,14.9451,1.2470
22.058,raw,1840,-18.3584,13.8416,1.2673
22.058,raw,1851,-11.0899,8.4355,1.4668
22.058,raw,1862,-11.2190,7.9589,1.4697
22.058,raw,1872,-17.4531,10.8340,1.3187
22.058,raw,1883,-17.0957,9.8848,1.3353
22.058,raw,1893,-16.7730,9.0679,1.3496
22.058,raw,1904,-16.7661,8.3636,1.3560
22.058,raw,1914,-16.4594,7.6220,1.3685
22.058,raw,1925,-16.1669,6.8615,1.3804
22.058,raw,1936,-16.1638,6.2292,1.3850
22.058,raw,1946,-15.8947,5.5884,1.3948
22.058,raw,1957,-15.6053,4.9152,1.4049
22.058,raw,1967,-15.3694,4.3345,1.4129
22.058,raw,1978,-15.1345,3.7246,1.4207
22.058,raw,1989,-14.9037,3.1375,1.4280
22.058,raw,1999,-14.9421,2.6540,1.4287
22.058,raw,2010,-14.7288,2.0985,1.4348
22.058,raw,2020,-14.5317,1.6080,1.4400
22.058,raw,2031,-14.3257,1.0841,1.4452
22.058,raw,2041,-14.1138,0.6201,1.4501
22.058,raw,2052,-13.9034,0.1235,1.4547
22.058,raw,2063,-13.7248,-0.3623,1.4582
22.058,raw,2073,-8.3786,-0.3645,1.5759
22.058,raw,2084,-8.3201,-0.6809,1.5765
22.058,raw,2094,-13.1649,-1.6741,1.4676
22.058,raw,2105,-12.9808,-2.1251,1.4701
22.058,raw,2116,-28.9077,-5.8519,1.8424
22.058,raw,2126,-16.5156,-3.8437,1.8254
22.058,raw,2137,-28.0505,-7.5759,1.8418
22.058,raw,2147,-27.6235,-8.3736,1.8416
22.058,raw,2158,-27.1090,-9.2235,1.8412
22.058,raw,2168,-16.6765,-6.3110,1.8266
22.058,raw,2179,-14.9201,-6.2693,1.8244
22.058,raw,2190,-15.9319,-7.3381,1.8262
22.058,raw,2200,-25.3395,-12.4408,1.8407
22.058,raw,2211,-24.8901,-13.2762,1.8406
22.058,raw,2221,-24.4691,-14.0278,1.8406
22.058,raw,2232,-24.0173,-14.8610,1.8406
22.058,raw,2242,-23.6260,-15.6331,1.8407
22.058,raw,2253,-23.1578,-16.4636,1.8408
22.058,raw,2264,-22.7099,-17.3151,1.8410
22.058,raw,2274,-22.2927,-18.0910,1.8411
22.058,raw,2285,-21.8380,-18.9605,1.8414
22.058,raw,2295,-21.4054,-19.7488,1.8416
22.058,raw,2306,-20.9422,-20.6453,1.8420
22.058,raw,2317,-20.4292,-21.5165,1.8423
22.058,raw,2327,-20.0126,-22.3807,1.8428
22.058,raw,2338,-19.4995,-23.3037,1.8432
22.058,raw,2348,-19.0450,-24.1864,1.8437
22.058,raw,2359,-18.5024,-25.1443,1.8442
22.058,raw,2369,-18.0118,-26.0570,1.8448
22.058,raw,2380,-17.4559,-27.0886,1.8455
22.058,raw,2391,-16.9131,-28.2015,1.8464
22.058,raw,2401,-16.3724,-29.2030,1.8471
22.058,raw,2412,9.6092,-0.8737,1.8108
22.058,raw,2422,9.4286,-0.6163,1.8105
22.058,raw,2433,9.2719,-0.3522,1.8103
22.058,raw,2443,9.1264,-0.1219,1.8100
22.058,raw,2454,9.0000,0.1188,1.8098
22.058,raw,2465,9.3476,0.3424,1.8103
22.058,raw,2475,9.7632,0.5656,1.8109
22.058,raw,2486,-33.5701,3.3396,1.8480
22.058,raw,2496,-33.0639,2.2936,1.8472
22.058,raw,2507,-32.5103,1.1802,1.8464
22.058,raw,2518,-18.7680,0.2495,1.8278
22.058,raw,2528,-17.7551,-0.3001,1.8264
22.058,raw,2539,-30.9764,-1.8648,1.8444
22.058,raw,2549,-30.5212,-2.7665,1.8439
22.058,raw,2560,-15.8764,-1.8589,1.8241
22.058,raw,2570,-29.5752,-4.5948,1.8430
22.058,raw,2581,-17.5145,-3.2699,1.8266
22.058,raw,2592,-16.8236,-3.7479,2.2718
22.058,raw,2602,-16.6326,-4.4331,2.2713
22.058,raw,2613,-14.9616,-6.2862,2.2465
22.058,raw,2623,-26.4286,-13.5616,2.5799
22.058,raw,2634,-20.4778,-23.6907,2.6135
22.058,raw,2645,9.5516,-0.7946,1.9961
22.058,raw,2655,9.3975,-0.5446,1.9914
22.058,raw,2666,9.2423,-0.2835,1.9868
22.058,raw,2676,9.1000,-0.0560,1.9828
22.058,raw,2687,9.1045,0.1772,1.9826
22.058,raw,2697,9.4248,0.3852,1.9904
22.058,raw,2708,9.8413,0.6364,2.0007
22.058,raw,2719,-16.9046,0.6989,2.2621
22.058,raw,2729,-17.2109,0.1578,2.2697
22.058,raw,2740,-16.5921,-0.4122,2.2548
22.058,raw,2750,-16.4538,-0.9306,2.2522
22.058,raw,2761,-16.5919,-1.5260,2.2570
22.058,raw,2771,-16.2219,-2.3794,2.2507
22.058,raw,2782,-16.4146,-3.0018,2.2581
22.058,raw,2793,-26.3351,-13.7171,3.3174
22.058,raw,2803,-20.4923,-23.7065,3.3844
22.058,raw,2814,9.0066,0.1185,2.1508
22.058,raw,2824,-32.1988,-3.3298,3.4472
22.058,raw,2835,-11.7832,-8.3322,2.9579
22.058,raw,2846,-18.3259,-3.9685,3.7592
22.058,raw,2856,-18.1410,-4.5311,3.7544
22.058,raw,2867,-17.9643,-5.1548,3.7536
22.058,raw,2877,-17.8213,-5.9135,3.7617
22.058,raw,2888,-17.6141,-6.5304,3.7622
22.058,raw,2898,-17.4720,-7.1104,3.7691
22.058,raw,2909,-17.2740,-7.7362,3.7744
22.058,raw,2920,-17.0972,-8.3767,3.7841
22.058,raw,2930,-11.6273,-8.1759,3.3180
22.058,raw,2941,-18.3075,0.8309,3.7114
22.058,raw,2951,-19.7439,0.2387,3.8481
22.058,raw,2962,-19.5623,-0.4335,3.8326
22.058,raw,2972,-19.3694,-1.0341,3.8175
22.058,raw,2983,-19.2005,-1.6893,3.8069
22.058,raw,2994,-18.1037,-2.2123,3.7090
22.058,raw,3004,-18.6351,-2.8833,3.7685
22.058,raw,3015,-18.4548,-3.5131,3.7623
22.058,raw,3025,-15.3903,-3.3699,3.8896
22.058,raw,3036,-15.2371,-3.9037,3.8868
22.058,raw,3047,-15.0700,-4.4324,3.8843
22.058,raw,3057,-14.9468,-5.0809,3.8933
22.058,raw,3068,-14.7939,-5.6172,3.8973
22.058,raw,3078,-14.6571,-6.1081,3.9031
22.058,raw,3089,-14.4966,-6.6477,3.9103
22.058,raw,3099,-14.3444,-7.1395,3.9181
22.058,raw,3110,-14.1771,-7.6860,3.9290
22.058,raw,3121,-16.4750,-0.3540,3.9702
22.058,raw,3131,-16.3237,-0.8683,3.9559
22.058,raw,3142,-16.1741,-1.4283,3.9442
22.058,raw,3152,-15.7814,-2.0517,3.9070
22.058,raw,3163,-15.6025,-2.5884,3.8961
23.278,raw,0,9.1241,0.1109,0.5006
23.278,raw,10,9.6592,-0.7289,0.5632
23.278,raw,20,9.4874,-0.4843,0.5975
23.278,raw,31,9.3431,-0.2342,0.6263
23.278,raw,41,9.2039,-0.0156,0.6527
23.278,raw,52,9.1209,0.2105,0.6689
23.278,raw,62,9.4251,0.4006,0.6204
23.278,raw,72,9.7770,0.6079,0.5630
23.278,raw,83,9.6873,-0.8004,0.7382
23.278,raw,93,9.5362,-0.5560,0.7649
23.278,raw,104,9.3675,-0.2994,0.7933
23.278,raw,114,9.2446,-0.0801,0.8138
23.278,raw,124,9.0946,0.1328,0.8372
23.278,raw,135,9.3296,0.3419,0.8058
23.278,raw,145,9.6674,0.5436,0.7591
23.278,raw,156,10.0353,0.7877,0.7072
23.278,raw,166,9.5931,-0.6301,0.9329
23.278,raw,176,9.4268,-0.3909,0.9562
23.278,raw,187,9.2749,-0.1443,0.9771
23.278,raw,197,9.1484,0.0693,0.9940
23.278,raw,208,9.2395,0.2846,0.9850
23.278,raw,218,9.5521,0.4813,0.9493
23.278,raw,228,9.9039,0.6963,0.9084
23.278,raw,239,-3.8145,-11.3727,0.5585
23.278,raw,249,-3.6281,-11.8821,0.5237
23.278,raw,260,9.6535,-0.7499,1.1021
23.278,raw,270,9.5065,-0.5085,1.1192
23.278,raw,280,9.3459,-0.2760,1.1368
23.278,raw,291,9.1847,-0.0340,1.1540
23.278,raw,301,9.0616,0.1744,1.1668
23.278,raw,312,9.4080,0.3804,1.1357
23.278,raw,322,9.7325,0.5863,1.1059
23.278,raw,333,-5.1431,-11.5576,0.8189
23.278,raw,343,-4.9109,-11.9758,0.8021
23.278,raw,353,-4.6451,-12.3613,0.7876
23.278,raw,364,-4.4132,-12.9411,0.7593
23.278,raw,374,-4.1911,-13.4986,0.7311
23.278,raw,385,-3.9332,-14.1509,0.6969
23.278,raw,395,-3.6950,-14.8106,0.6608
23.278,raw,405,-3.4352,-15.5007,0.6223
23.278,raw,416,-3.1312,-16.3267,0.5749
23.278,raw,426,-2.8335,-17.1414,0.5270
23.278,raw,437,9.6094,-0.6764,1.2836
23.278,raw,447,9.4470,-0.4360,1.2973
23.278,raw,457,9.3167,-0.2105,1.3082
23.278,raw,468,9.1604,0.0283,1.3205
23.278,raw,478,9.1406,0.2293,1.3228
23.278,raw,489,9.4919,0.4405,1.2991
23.278,raw,499,9.8225,0.6516,1.2764
23.278,raw,509,-13.0430,11.3477,0.5106
23.278,raw,520,-12.9117,10.5545,0.5489
23.278,raw,530,-12.6424,9.7760,0.5934
23.278,raw,541,-11.1256,8.2676,0.7366
23.278,raw,551,-11.2477,7.8305,0.7439
23.278,raw,561,-8.3664,-8.9301,1.1513
23.278,raw,572,-8.2022,-9.3966,1.1424
23.278,raw,582,-7.9987,-9.7816,1.1367
23.278,raw,593,-7.7108,-10.1488,1.1336
23.278,raw,603,-7.5225,-10.5728,1.1250
23.278,raw,613,-4.6722,-7.7854,1.3057
23.278,raw,624,-4.2883,-7.8501,1.3143
23.278,raw,634,-6.7911,-11.8105,1.1017
23.278,raw,645,-6.5055,-12.2529,1.0927
23.278,raw,655,-6.2245,-12.6425,1.0850
23.278,raw,666,-5.9257,-13.1114,1.0740
23.278,raw,676,-5.6725,-13.5988,1.0605
23.278,raw,686,-5.4301,-14.1447,1.0438
23.278,raw,697,-5.2201,-14.9202,1.0165
23.278,raw,707,-4.9652,-15.5636,0.9948
23.278,raw,718,-4.8462,-16.7514,0.9472
23.278,raw,728,-5.9641,-21.2645,0.7374
23.278,raw,738,-5.5608,-22.1573,0.7053
23.278,raw,749,-5.1721,-23.4791,0.6536
23.278,raw,759,-4.6810,-24.4191,0.6188
23.278,raw,770,-3.9811,-25.0141,0.6006
23.278,raw,780,-3.2839,-25.3765,0.5915
23.278,raw,790,-2.6163,-25.9684,0.5710
23.278,raw,801,-1.8167,-26.3918,0.5580
23.278,raw,811,-1.0555,-26.6294,0.5519
23.278,raw,822,-0.2302,-27.1347,0.5329
23.278,raw,832,0.5494,-27.4988,0.5190
23.278,raw,842,1.3487,-27.8157,0.5063
23.278,raw,853,9.5724,-0.6483,1.4613
23.278,raw,863,9.4357,-0.4132,1.4691
23.278,raw,874,9.2711,-0.1643,1.4779
23.278,raw,884,9.1587,0.0485,1.4839
23.278,raw,894,9.1883,0.2468,1.4832
23.278,raw,905,9.5188,0.4609,1.4685
23.278,raw,915,9.8512,0.6737,1.4534
23.278,raw,926,24.7989,10.9445,0.6701
23.278,raw,936,-17.5030,20.5752,0.5216
23.278,raw,947,-16.9472,18.8223,0.5956
23.278,raw,957,-16.8059,17.6738,0.6357
23.278,raw,967,-16.3847,16.3543,0.6897
23.278,raw,978,-16.2331,15.2495,0.7269
23.278,raw,988,-15.7952,14.0760,0.7753
23.278,raw,999,-15.4063,12.9353,0.8200
23.278,raw,1009,-15.2596,12.0984,0.8470
23.278,raw,1019,-14.9533,11.2022,0.8806
23.278,raw,1030,-11.0606,8.2302,1.1021
23.278,raw,1040,-11.2546,7.8342,1.1031
23.278,raw,1051,-14.1063,8.7100,0.9695
23.278,raw,1061,-13.9247,8.0487,0.9900
23.278,raw,1071,-13.7591,7.4219,1.0084
23.278,raw,1082,-13.4129,6.6968,1.0355
23.278,raw,1092,-13.2910,6.1407,1.0495
23.278,raw,1103,-13.1021,5.5323,1.0666
23.278,raw,1113,-12.9214,4.9975,1.0816
23.278,raw,1123,-12.8908,4.5209,1.0887
23.278,raw,1134,-12.7018,3.9717,1.1029
23.278,raw,1144,-12.5712,3.4975,1.1132
23.278,raw,1155,-12.5548,-3.6687,1.4603
23.278,raw,1165,-12.3725,-4.0749,1.4616
23.278,raw,1175,-12.2129,-4.4860,1.4620
23.278,raw,1186,-12.0087,-4.9261,1.4629
23.278,raw,1196,-11.8535,-5.3372,1.4626
23.278,raw,1207,-11.7044,-5.8004,1.4615
23.278,raw,1217,-11.5710,-6.2262,1.4602
23.278,raw,1227,-11.4137,-6.6437,1.4590
23.278,raw,1238,-11.2006,-7.0845,1.4585
23.278,raw,1248,-11.0172,-7.4936,1.4574
23.278,raw,1259,-10.8320,-7.9590,1.4553
23.278,raw,1269,-10.7104,-8.4213,1.4519
23.278,raw,1280,-10.2978,-8.7359,1.4552
23.278,raw,1290,-10.1655,-9.2037,1.4512
23.278,raw,1300,-10.0462,-9.6963,1.4464
23.278,raw,1311,-9.8871,-10.2333,1.4413
23.278,raw,1321,-9.7558,-10.7523,1.4357
23.278,raw,1332,-9.3507,-11.0849,1.4369
23.278,raw,1342,-9.2139,-11.6305,1.4304
23.278,raw,1352,-9.0456,-12.1669,1.4241
23.278,raw,1363,-8.8904,-12.8232,1.4153
23.278,raw,1373,-8.4936,-13.1291,1.4156
23.278,raw,1384,-8.3277,-13.8347,1.4054
23.278,raw,1394,-8.1250,-14.4464,1.3970
23.278,raw,1404,-7.7490,-14.8315,1.3945
23.278,raw,1415,-9.4067,-18.7036,1.3026
23.278,raw,1425,-9.2019,-19.6583,1.2867
23.278,raw,1436,-8.8612,-20.5924,1.2722
23.278,raw,1446,-8.5297,-21.4809,1.2580
23.278,raw,1456,-8.2911,-22.6655,1.2366
23.278,raw,1467,-7.8914,-23.8080,1.2170
23.278,raw,1477,-7.4862,-24.8759,1.1984
23.278,raw,1488,-7.1367,-26.5018,1.1673
23.278,raw,1498,-6.5046,-27.2392,1.1562
23.278,raw,1508,-5.7409,-27.6198,1.1530
23.278,raw,1519,-4.9680,-28.3520,1.1417
23.278,raw,1529,-4.1777,-28.7512,1.1371
23.278,raw,1540,-3.2962,-29.2055,1.1311
23.278,raw,1550,-2.4825,-29.6403,1.1247
23.278,raw,1561,-1.5756,-30.1881,1.1155
23.278,raw,1571,-0.7297,-30.7102,1.1061
23.278,raw,1581,0.1174,-31.6005,1.0880
23.278,raw,1592,1.1246,-31.9911,1.0805
23.278,raw,1602,2.0600,-32.2784,1.0746
23.278,raw,1613,3.1089,-32.6330,1.0665
23.278,raw,1623,4.0947,-33.1623,1.0539
23.278,raw,1633,5.1152,-33.7042,1.0404
23.278,raw,1644,9.6406,-0.7256,1.6340
23.278,raw,1654,9.4691,-0.4816,1.6386
23.278,raw,1665,9.3187,-0.2313,1.6426
23.278,raw,1675,9.1996,-0.0152,1.6457
23.278,raw,1685,9.0884,0.1926,1.6485
23.278,raw,1696,9.4319,0.4004,1.6411
23.278,raw,1706,9.7658,0.6079,1.6338
23.278,raw,1717,25.6957,11.4376,1.2297
23.278,raw,1727,-22.4985,24.2328,1.0450
23.278,raw,1737,-21.9338,22.3990,1.0816
23.278,raw,1748,-21.3704,20.5740,1.1175
23.278,raw,1758,-20.7609,18.9503,1.1507
23.278,raw,1769,-19.8339,17.0957,1.1919
23.278,raw,1779,-19.3548,15.7900,1.2174
23.278,raw,1789,-18.9270,14.5971,1.2400
23.278,raw,1800,-18.3943,13.3257,1.2650
23.278,raw,1810,-11.0192,8.2572,1.4621
23.278,raw,1821,-11.3402,7.8802,1.4600
23.278,raw,1831,-17.5559,10.4942,1.3116
23.278,raw,1841,-17.5208,9.7765,1.3192
23.278,raw,1852,-17.1521,8.8703,1.3348
23.278,raw,1862,-16.8204,8.0888,1.3481
23.278,raw,1873,-16.7848,7.3887,1.3543
23.278,raw,1883,-16.4886,6.6820,1.3655
23.278,raw,1894,-16.1787,5.9438,1.3768
23.278,raw,1904,-15.9012,5.3024,1.3865
23.278,raw,1914,-15.9174,4.7536,1.3890
23.278,raw,1925,-15.6475,4.1007,1.3978
23.278,raw,1935,-15.4020,3.5289,1.4054
23.278,raw,1946,-15.1350,2.9228,1.4132
23.278,raw,1956,-14.9360,2.3955,1.4190
23.278,raw,1966,-14.6766,1.8781,1.4257
23.278,raw,1977,-14.7198,1.3433,1.4255
23.278,raw,1987,-14.4930,0.8520,1.4308
23.278,raw,1998,-14.2900,0.3263,1.4353
23.278,raw,2008,-14.0908,-0.1402,1.4393
23.278,raw,2018,-13.8991,-0.5970,1.4430
23.278,raw,2029,-8.2322,-0.5124,1.5677
23.278,raw,2039,-8.2660,-0.8222,1.5661
23.278,raw,2050,-13.2975,-2.0031,1.4524
23.278,raw,2060,-13.0805,-2.4217,1.4555
23.278,raw,2070,-12.9222,-2.8458,1.4570
23.278,raw,2081,-12.7168,-3.3001,1.4590
23.278,raw,2091,-29.4840,-8.5479,1.8447
23.278,raw,2102,-28.9692,-9.4783,1.8444
23.278,raw,2112,-28.4911,-10.3086,1.8442
23.278,raw,2122,-28.0202,-11.1311,1.8440
23.278,raw,2133,-15.9192,-7.1102,1.8267
23.278,raw,2143,-27.0738,-12.8505,1.8437
23.278,raw,2154,-26.2871,-13.5977,1.8432
23.278,raw,2164,-26.1177,-14.5452,1.8435
23.278,raw,2174,-25.6663,-15.3512,1.8435
23.278,raw,2185,-25.1511,-16.2271,1.8435
23.278,raw,2195,-24.6939,-17.0318,1.8436
23.278,raw,2206,-24.2118,-17.9364,1.8438
23.278,raw,2216,-23.7459,-18.7465,1.8439
23.278,raw,2227,-23.2340,-19.6477,1.8441
23.278,raw,2237,-22.7767,-20.4851,1.8443
23.278,raw,2247,-22.2979,-21.3178,1.8446
23.278,raw,2258,-21.7748,-22.2556,1.8449
23.278,raw,2268,-21.2870,-23.1165,1.8452
23.278,raw,2279,-20.3390,-23.6477,1.8449
23.278,raw,2289,-20.2281,-24.9637,1.8461
23.278,raw,2299,-19.7212,-25.8843,1.8466
23.278,raw,2310,-19.1515,-26.9234,1.8472
23.278,raw,2320,-18.6039,-27.8710,1.8478
23.278,raw,2331,9.6038,-0.6754,1.8101
23.278,raw,2341,9.4405,-0.4350,1.8099
23.278,raw,2351,9.2967,-0.2082,1.8096
23.278,raw,2362,9.1399,0.0300,1.8094
23.278,raw,2372,9.1432,0.2292,1.8094
23.278,raw,2383,9.4980,0.4404,1.8098
23.278,raw,2393,9.8272,0.6516,1.8103
23.278,raw,2403,-17.0552,0.4479,1.8261
23.278,raw,2414,-33.1338,-2.1193,1.8481
23.278,raw,2424,-31.9503,-3.0194,1.8466
23.278,raw,2435,-31.9827,-4.1209,1.8468
23.278,raw,2445,-15.9534,-2.4472,1.8250
23.278,raw,2455,-30.9517,-5.9406,1.8458
23.278,raw,2466,-30.4256,-6.9169,1.8454
23.278,raw,2476,-29.9257,-7.7820,1.8450
23.278,raw,2487,-15.1395,-4.4678,2.2484
23.278,raw,2497,-14.8949,-5.3185,2.2491
23.278,raw,2508,-14.7531,-5.8776,2.2505
23.278,raw,2518,-14.6239,-6.4464,2.2527
23.278,raw,2528,-14.4598,-6.9485,2.2540
23.278,raw,2539,-14.2915,-7.5110,2.2561
23.278,raw,2549,-11.7149,-8.5369,2.2132
23.278,raw,2560,9.6509,-0.7715,1.9868
23.278,raw,2570,9.4998,-0.5289,1.9821
23.278,raw,2580,9.3568,-0.2981,1.9778
23.278,raw,2591,9.1968,-0.0553,1.9732
23.278,raw,2601,9.0639,0.1546,1.9695
23.278,raw,2612,9.3625,0.3612,1.9767
23.278,raw,2622,9.6747,0.5649,1.9843
23.278,raw,2632,10.0405,0.7879,1.9935
23.278,raw,2643,-16.5544,-0.4676,2.2664
23.278,raw,2653,-16.3828,-0.9958,2.2630
23.278,raw,2664,-16.2335,-1.5731,2.2608
23.278,raw,2674,-15.6964,-2.4572,2.2507
23.278,raw,2684,-16.4665,-3.1443,2.2726
23.278,raw,2695,-15.4234,-3.5204,2.2493
23.278,raw,2705,-15.2777,-4.0209,2.2488
23.278,raw,2716,-26.3508,-13.5271,3.3378
23.278,raw,2726,-11.6794,-8.4566,2.6006
23.278,raw,2736,9.6608,-0.7954,2.1643
23.278,raw,2747,9.4872,-0.5269,2.1539
23.278,raw,2757,9.3580,-0.2982,2.1462
23.278,raw,2768,9.2117,-0.0567,2.1379
23.278,raw,2778,9.0609,0.1548,2.1299
23.278,raw,2788,9.3230,0.3421,2.1420
23.278,raw,2799,9.6914,0.5649,2.1596
23.278,raw,2809,10.0295,0.7876,2.1760
23.278,raw,2820,-16.0923,-1.7169,2.6910
23.278,raw,2830,-16.9119,1.1095,3.1741
23.278,raw,2841,-17.7894,-5.4904,3.7950
23.278,raw,2851,-17.6333,-6.2637,3.8036
23.278,raw,2861,-17.4524,-6.8411,3.8060
23.278,raw,2872,-17.2660,-7.4840,3.8121
23.278,raw,2882,-17.1219,-8.0842,3.8221
23.278,raw,2893,-16.8213,-8.6838,3.8204
23.278,raw,2903,-11.5430,-8.2556,3.3610
23.278,raw,2913,-16.7699,0.7232,3.6117
23.278,raw,2924,-16.6206,0.1259,3.5979
23.278,raw,2934,-16.4304,-0.4068,3.5818
23.278,raw,2945,-16.2559,-0.9850,3.5690
23.278,raw,2955,-16.1020,-1.5043,3.5594
23.278,raw,2965,-16.2662,-2.0638,3.5817
23.278,raw,2976,-18.5415,-3.0644,3.8110
23.278,raw,2986,-18.3590,-3.6459,3.8043
23.278,raw,2997,-18.1801,-4.2865,3.8009
23.278,raw,3007,-17.9947,-4.8614,3.7973
23.278,raw,3017,-14.9800,-4.5289,3.9376
23.278,raw,3028,-14.8447,-5.3012,3.9504
23.278,raw,3038,-14.6829,-5.7952,3.9523
23.278,raw,3049,-14.5022,-6.3392,3.9561
23.278,raw,3059,-14.3644,-6.8480,3.9650
23.278,raw,3069,-14.2049,-7.3516,3.9731
23.278,raw,3080,-15.7954,-2.2081,3.9716
23.278,raw,3090,-15.6380,-2.7123,3.9632
23.278,raw,3101,-15.4982,-3.2700,3.9600
23.278,raw,3111,-15.2278,-3.7403,3.9414
24.436,raw,0,9.4692,-0.3585,0.5040
24.436,raw,9,9.3605,-0.1641,0.5296
24.436,raw,19,9.2159,0.0462,0.5613
24.436,raw,28,9.1662,0.2210,0.5737
24.436,raw,38,9.4322,0.3950,0.5259
24.436,raw,48,9.6840,-0.6848,0.6261
24.436,raw,57,9.5537,-0.4739,0.6535
24.436,raw,67,9.4022,-0.2487,0.6839
24.436,raw,76,9.2834,-0.0572,0.7074
24.436,raw,86,9.1727,0.1452,0.7289
24.436,raw,96,9.3430,0.3226,0.7033
24.436,raw,105,9.5818,0.4870,0.6655
24.436,raw,115,9.8940,0.6834,0.6150
24.436,raw,124,9.7466,-0.7824,0.7862
24.436,raw,134,9.5797,-0.5400,0.8158
24.436,raw,144,9.4363,-0.3134,0.8409
24.436,raw,153,9.3277,-0.1208,0.8597
24.436,raw,163,9.1914,0.0867,0.8820
24.436,raw,173,9.2192,0.2736,0.8804
24.436,raw,182,9.5080,0.4306,0.8412
24.436,raw,192,9.7989,0.6226,0.8013
24.436,raw,201,10.0909,0.8099,0.7605
24.436,raw,211,9.6201,-0.5888,0.9774
24.436,raw,221,9.4631,-0.3575,1.0000
24.436,raw,230,9.3485,-0.1625,1.0165
24.436,raw,240,9.2144,0.0464,1.0349
24.436,raw,249,9.1591,0.2216,1.0432
24.436,raw,259,9.4389,0.3947,1.0120
24.436,raw,269,9.7539,0.5826,0.9762
24.436,raw,278,10.0459,0.7671,0.9424
24.436,raw,288,9.6430,-0.6348,1.1420
24.436,raw,298,9.5053,-0.4047,1.1584
24.436,raw,307,9.3669,-0.2042,1.1739
24.436,raw,317,9.2487,0.0045,1.1871
24.436,raw,326,9.1202,0.1873,1.2006
24.436,raw,336,9.3704,0.3595,1.1786
24.436,raw,346,9.6736,0.5441,1.1513
24.436,raw,355,9.9827,0.7248,1.1229
24.436,raw,365,-4.4324,-12.7984,0.7451
24.436,raw,374,-4.2761,-13.3762,0.7144
24.436,raw,384,-4.0306,-13.9269,0.6873
24.436,raw,394,-3.8330,-14.6496,0.6471
24.436,raw,403,-3.6062,-15.2546,0.6144
24.436,raw,413,-3.3422,-15.9795,0.5740
24.436,raw,422,-3.0454,-16.5454,0.5437
24.436,raw,432,9.7317,-0.7792,1.3015
24.436,raw,442,9.5780,-0.5397,1.3152
24.436,raw,451,9.4361,-0.3333,1.3272
24.436,raw,461,9.3388,-0.1222,1.3359
24.436,raw,471,9.1829,0.0876,1.3483
24.436,raw,480,9.2105,0.2553,1.3474
24.436,raw,490,9.5206,0.4300,1.3267
24.436,raw,499,9.7694,0.6027,1.3100
24.436,raw,509,10.0995,0.8100,1.2872
24.436,raw,519,-12.8483,10.4535,0.5365
24.436,raw,528,-12.7152,9.8248,0.5669
24.436,raw,538,-11.0011,8.2910,0.7221
24.436,raw,547,-11.1920,7.9350,0.7221
24.436,raw,557,-12.1964,7.9218,0.6605
24.436,raw,567,-8.0482,-9.7448,1.1176
24.436,raw,576,-7.7957,-10.0414,1.1162
24.436,raw,586,-7.6124,-10.4805,1.1074
24.436,raw,596,-4.6404,-7.7132,1.2914
24.436,raw,605,-4.2828,-7.7331,1.3012
24.436,raw,615,-6.8629,-11.5823,1.0910
24.436,raw,624,-6.6708,-12.0016,1.0810
24.436,raw,634,-6.3927,-12.3980,1.0736
24.436,raw,644,-6.1696,-12.8970,1.0604
24.436,raw,653,-5.8971,-13.2569,1.0532
24.436,raw,663,-5.5905,-13.6703,1.0441
24.436,raw,672,-5.3802,-14.1853,1.0282
24.436,raw,682,-5.2439,-14.9989,0.9983
24.436,raw,692,-4.9670,-15.6021,0.9791
24.436,raw,701,-4.9187,-16.6582,0.9362
24.436,raw,711,-6.0978,-21.0490,0.7311
24.436,raw,721,-5.7863,-22.1535,0.6893
24.436,raw,730,-5.3890,-22.9456,0.6613
24.436,raw,740,-5.0315,-24.2255,0.6110
24.436,raw,749,-4.4486,-24.6496,0.5999
24.436,raw,759,-3.7945,-25.1581,0.5852
24.436,raw,769,-3.0885,-25.5199,0.5765
24.436,raw,778,-2.4823,-26.0492,0.5584
24.436,raw,788,-1.7487,-26.4221,0.5476
24.436,raw,797,-1.0882,-26.8470,0.5329
24.436,raw,807,-0.3059,-27.0560,0.5277
24.436,raw,817,0.4746,-27.3787,0.5164
24.436,raw,826,1.1890,-27.6875,0.5045
24.436,raw,836,9.6026,-0.5855,1.4788
24.436,raw,845,9.4808,-0.3805,1.4858
24.436,raw,855,9.3173,-0.1583,1.4947
24.436,raw,865,9.2088,0.0470,1.5007
24.436,raw,874,9.1598,0.2215,1.5037
24.436,raw,884,9.4417,0.3946,1.4914
24.436,raw,894,9.7389,0.5830,1.4782
24.436,raw,903,10.0122,0.7669,1.4658
24.436,raw,913,24.8132,10.9535,0.6901
24.436,raw,922,-17.4242,20.4167,0.5199
24.436,raw,932,-17.2148,19.1222,0.5674
24.436,raw,942,-16.7340,17.6696,0.6279
24.436,raw,951,-16.5923,16.6875,0.6617
24.436,raw,961,-16.1741,15.4491,0.7119
24.436,raw,970,-16.0041,14.5541,0.7427
24.436,raw,980,-15.5919,13.4536,0.7872
24.436,raw,990,-15.4621,12.6043,0.8137
24.436,raw,999,-15.1233,11.7360,0.8479
24.436,raw,1009,-14.8007,10.8544,0.8811
24.436,raw,1019,-10.9735,8.1230,1.0939
24.436,raw,1028,-14.4355,9.4326,0.9266
24.436,raw,1038,-14.1256,8.6761,0.9545
24.436,raw,1047,-13.9685,8.0815,0.9722
24.436,raw,1057,-13.7811,7.4408,0.9915
24.436,raw,1067,-13.5872,6.8231,1.0099
24.436,raw,1076,-13.3165,6.2547,1.0303
24.436,raw,1086,-13.1751,5.7010,1.0443
24.436,raw,1095,-12.9917,5.2022,1.0588
24.436,raw,1105,-12.9361,4.7051,1.0671
24.436,raw,1115,-12.7638,4.1923,1.0801
24.436,raw,1124,-12.7550,3.7736,1.0845
24.436,raw,1134,-12.5951,3.2888,1.0956
24.436,raw,1143,-12.4706,2.8671,1.1041
24.436,raw,1153,-12.4620,-4.4730,1.4468
24.436,raw,1163,-12.2748,-4.8939,1.4476
24.436,raw,1172,-12.0943,-5.2665,1.4483
24.436,raw,1182,-11.9196,-5.6901,1.4482
24.436,raw,1192,-11.7327,-6.1085,1.4481
24.436,raw,1201,-11.5712,-6.4892,1.4476
24.436,raw,1211,-11.4275,-6.9335,1.4458
24.436,raw,1220,-11.2849,-7.3306,1.4443
24.436,raw,1230,-11.1649,-7.8009,1.4412
24.436,raw,1240,-11.0394,-8.2776,1.4379
24.436,raw,1249,-10.8979,-8.6961,1.4353
24.436,raw,1259,-10.7626,-9.1867,1.4314
24.436,raw,1268,-10.6472,-9.6445,1.4274
24.436,raw,1278,-10.2022,-9.9062,1.4314
24.436,raw,1288,-10.0448,-10.4066,1.4269
24.436,raw,1297,-9.9154,-10.8824,1.4220
24.436,raw,1307,-9.7775,-11.4361,1.4158
24.436,raw,1317,-9.6138,-11.9870,1.4097
24.436,raw,1326,-9.4611,-12.4974,1.4038
24.436,raw,1336,-9.0243,-12.7812,1.4055
24.436,raw,1345,-8.8727,-13.3252,1.3985
24.436,raw,1355,-8.6985,-13.9545,1.3900
24.436,raw,1365,-8.5135,-14.6072,1.3810
24.436,raw,1374,-9.8405,-17.3955,1.3138
24.436,raw,1384,-9.6774,-18.3077,1.2991
24.436,raw,1393,-9.4888,-19.1242,1.2861
24.436,raw,1403,-9.1684,-19.9110,1.2747
24.436,raw,1413,-8.9274,-20.9096,1.2580
24.436,raw,1422,-8.7087,-21.8886,1.2411
24.436,raw,1432,-8.3579,-22.8572,1.2252
24.436,raw,1442,-7.9871,-23.8848,1.2079
24.436,raw,1451,-7.7311,-25.1075,1.1852
24.436,raw,1461,-7.3316,-26.3367,1.1631
24.436,raw,1470,-6.8225,-27.1581,1.1497
24.436,raw,1480,-6.1260,-27.7732,1.1416
24.436,raw,1490,-5.3411,-28.1519,1.1384
24.436,raw,1499,-4.6268,-28.4923,1.1352
24.436,raw,1509,-3.8250,-28.8782,1.1309
24.436,raw,1518,-3.1542,-29.5425,1.1195
24.436,raw,1528,-2.3190,-29.9281,1.1144
24.436,raw,1538,-1.4844,-30.4241,1.1062
24.436,raw,1547,-0.7194,-30.9178,1.0974
24.436,raw,1557,0.1575,-31.4411,1.0877
24.436,raw,1566,0.9795,-31.7095,1.0830
24.436,raw,1576,1.8982,-32.3646,1.0693
24.436,raw,1586,2.8515,-32.6858,1.0624
24.436,raw,1595,3.7271,-33.0254,1.0545
24.436,raw,1605,4.7310,-33.5461,1.0421
24.436,raw,1615,9.7255,-0.7779,1.6407
24.436,raw,1624,9.5824,-0.5611,1.6448
24.436,raw,1634,9.4435,-0.3344,1.6487
24.436,raw,1643,9.3228,-0.1396,1.6519
24.436,raw,1653,9.1899,0.0679,1.6554
24.436,raw,1663,9.2017,0.2559,1.6555
24.436,raw,1672,9.4561,0.4134,1.6501
24.436,raw,1682,9.7764,0.6026,1.6431
24.436,raw,1691,10.0763,0.7885,1.6365
24.436,raw,1701,-23.0561,24.5228,1.0268
24.436,raw,1711,-21.9442,22.2161,1.0791
24.436,raw,1720,-21.4841,20.7381,1.1080
24.436,raw,1730,-20.8696,19.1149,1.1410
24.436,raw,1740,-20.3461,17.6645,1.1695
24.436,raw,1749,-19.5352,16.1993,1.2029
24.436,raw,1759,-19.2118,15.0583,1.2229
24.436,raw,1768,-19.0828,14.1833,1.2357
24.436,raw,1778,-18.5251,13.0111,1.2595
24.436,raw,1788,-10.9760,8.1243,1.4576
24.436,raw,1797,-18.3237,11.4090,1.2803
24.436,raw,1807,-17.9651,10.4909,1.2963
24.436,raw,1816,-17.6253,9.6956,1.3104
24.436,raw,1826,-17.5951,8.9948,1.3171
24.436,raw,1836,-17.2571,8.1968,1.3305
24.436,raw,1845,-16.9397,7.5050,1.3422
24.436,raw,1855,-16.9503,6.8836,1.3463
24.436,raw,1864,-16.6763,6.2525,1.3561
24.436,raw,1874,-16.3661,5.5771,1.3665
24.436,raw,1884,-16.0854,4.9358,1.3759
24.436,raw,1893,-16.1462,4.4411,1.3768
24.436,raw,1903,-15.8597,3.8344,1.3854
24.436,raw,1913,-15.6160,3.2558,1.3927
24.436,raw,1922,-15.3723,2.7483,1.3994
24.436,raw,1932,-15.1461,2.2061,1.4055
24.436,raw,1941,-14.9414,1.7314,1.4107
24.436,raw,1951,-14.7126,1.2180,1.4163
24.436,raw,1961,-14.7650,0.7182,1.4152
24.436,raw,1970,-14.5726,0.2722,1.4194
24.436,raw,1980,-14.3565,-0.2122,1.4237
24.436,raw,1989,-14.1724,-0.6397,1.4271
24.436,raw,1999,-8.1733,-0.4637,1.5592
24.436,raw,2009,-8.2955,-0.7974,1.5557
24.436,raw,2018,-13.5863,-1.9685,1.4363
24.436,raw,2028,-13.3740,-2.4095,1.4392
24.436,raw,2038,-13.1776,-2.8469,1.4414
24.436,raw,2047,-12.9977,-3.2348,1.4433
24.436,raw,2057,-12.8062,-3.6633,1.4449
24.436,raw,2066,-12.6407,-4.0476,1.4460
24.436,raw,2076,-29.5736,-10.2618,1.8462
24.436,raw,2086,-29.0676,-11.1179,1.8459
24.436,raw,2095,-28.6619,-11.8993,1.8458
24.436,raw,2105,-15.4714,-7.1927,1.8268
24.436,raw,2114,-15.3602,-7.7061,1.8270
24.436,raw,2124,-26.1712,-13.7940,1.8438
24.436,raw,2134,-26.7652,-15.1701,1.8453
24.436,raw,2143,-26.3384,-15.9230,1.8453
24.436,raw,2153,-25.8536,-16.7535,1.8453
24.436,raw,2163,-25.3714,-17.5871,1.8454
24.436,raw,2172,-24.9486,-18.3482,1.8455
24.436,raw,2182,-24.4633,-19.1888,1.8456
24.436,raw,2191,-24.0312,-19.9556,1.8458
24.436,raw,2201,-23.5368,-20.8060,1.8460
24.436,raw,2211,-23.0512,-21.6762,1.8462
24.436,raw,2220,-22.5749,-22.4368,1.8464
24.436,raw,2230,-22.0885,-23.3376,1.8468
24.436,raw,2239,-21.6199,-24.1363,1.8471
24.436,raw,2249,-19.9460,-23.7947,1.8452
24.436,raw,2259,-20.5617,-25.9633,1.8480
24.436,raw,2268,9.6530,-0.6785,1.8097
24.436,raw,2278,9.5266,-0.4488,1.8094
24.436,raw,2287,9.3705,-0.2441,1.8092
24.436,raw,2297,9.2668,-0.0359,1.8090
24.436,raw,2307,9.1481,0.1662,1.8088
24.436,raw,2316,9.3200,0.3240,1.8090
24.436,raw,2326,9.6149,0.5058,1.8094
24.436,raw,2336,9.9378,0.7040,1.8098
24.436,raw,2345,-18.2372,0.1131,1.8283
24.436,raw,2355,-31.9199,-2.8936,1.8471
24.436,raw,2364,-15.7569,-1.8960,1.8252
24.436,raw,2374,-32.0519,-5.9699,1.8479
24.436,raw,2384,-31.5141,-6.8912,1.8475
24.436,raw,2393,-31.0482,-7.7085,1.8471
24.436,raw,2403,-30.5333,-8.6014,1.8467
24.436,raw,2412,-30.0839,-9.3962,1.8465
24.436,raw,2422,-16.9343,-6.1393,2.3148
24.436,raw,2432,-15.9322,-6.7650,2.2970
24.436,raw,2441,-15.6949,-7.5432,2.2992
24.436,raw,2451,-26.2583,-13.6300,2.6004
24.436,raw,2461,-20.3044,-23.6156,2.6296
24.436,raw,2470,9.7159,-0.7546,1.9785
24.436,raw,2480,9.5494,-0.5140,1.9733
24.436,raw,2489,9.4068,-0.3088,1.9689
24.436,raw,2499,9.2581,-0.0926,1.9645
24.436,raw,2509,9.1522,0.1094,1.9614
24.436,raw,2518,9.2332,0.2726,1.9630
24.436,raw,2528,9.5217,0.4497,1.9699
24.436,raw,2537,9.8179,0.6223,1.9771
24.436,raw,2547,-16.8624,1.1650,2.2841
24.436,raw,2557,-32.1513,-3.5262,2.6693
24.436,raw,2566,-17.7185,-3.2618,2.3148
24.436,raw,2576,-16.5827,-4.3209,2.2933
24.436,raw,2585,-26.4350,-13.2000,3.3564
24.436,raw,2595,-11.7607,-8.1686,2.6179
24.436,raw,2605,9.7208,-0.7981,2.1480
24.436,raw,2614,9.5806,-0.5813,2.1393
24.436,raw,2624,9.4584,-0.3568,2.1316
24.436,raw,2634,9.3297,-0.1405,2.1240
24.436,raw,2643,9.2012,0.0478,2.1168
24.436,raw,2653,9.1836,0.2384,2.1151
24.436,raw,2662,9.4180,0.3958,2.1259
24.436,raw,2672,9.7457,0.5828,2.1414
24.436,raw,2682,10.0918,0.7886,2.1580
24.436,raw,2691,-31.8449,-3.0864,3.4749
24.436,raw,2701,-14.0988,-7.7113,3.1470
24.436,raw,2710,-15.7511,-1.8411,3.1343
24.436,raw,2720,-14.7330,-5.4233,3.5597
24.436,raw,2730,-14.5912,-5.9374,3.5641
24.436,raw,2739,-14.4504,-6.3973,3.5679
24.436,raw,2749,-14.2799,-6.9052,3.5723
24.436,raw,2759,-14.1341,-7.4284,3.5809
24.436,raw,2768,-16.7957,1.1076,3.6558
24.436,raw,2778,-16.6526,0.5494,3.6419
24.436,raw,2787,-16.4771,0.0555,3.6262
24.436,raw,2797,-16.3330,-0.4870,3.6151
24.436,raw,2807,-16.1815,-1.0225,3.6047
24.436,raw,2816,-16.0389,-1.4987,3.5960
24.436,raw,2826,-15.6843,-1.9934,3.5688
24.436,raw,2835,-15.5322,-2.4540,3.5615
24.436,raw,2845,-15.3705,-2.9630,3.5554
24.436,raw,2855,-15.2324,-3.4742,3.5530
24.436,raw,2864,-15.0922,-3.9292,3.5505
24.436,raw,2874,-14.9574,-4.4398,3.5512
26.011,raw,0,9.6212,-0.8256,0.5423
26.011,raw,9,9.4966,-0.6181,0.5746
26.011,raw,19,9.3495,-0.3962,0.6107
26.011,raw,29,9.2363,-0.1915,0.6389
26.011,raw,39,9.1101,0.0067,0.6684
26.011,raw,49,9.0289,0.1905,0.6882
26.011,raw,59,9.2490,0.3410,0.6499
26.011,raw,69,9.4997,0.5014,0.6052
26.011,raw,79,9.7695,0.6750,0.5561
26.011,raw,89,9.5853,-0.7766,0.7114
26.011,raw,99,9.4482,-0.5494,0.7421
26.011,raw,109,9.3177,-0.3343,0.7704
26.011,raw,119,9.1906,-0.1297,0.7970
26.011,raw,129,9.0641,0.0655,0.8225
26.011,raw,139,9.0684,0.2373,0.8253
26.011,raw,149,9.3114,0.3887,0.7880
26.011,raw,159,9.5872,0.5515,0.7447
26.011,raw,169,9.8681,0.7295,0.6998
26.011,raw,179,9.5401,-0.7062,0.8790
26.011,raw,189,9.4073,-0.4834,0.9043
26.011,raw,199,9.2809,-0.2722,0.9276
26.011,raw,208,9.1444,-0.0865,0.9509
26.011,raw,218,9.0401,0.1033,0.9693
26.011,raw,228,9.1363,0.2645,0.9586
26.011,raw,238,9.3866,0.4185,0.9257
26.011,raw,248,9.6193,0.5870,0.8946
26.011,raw,258,9.9194,0.7671,0.8534
26.011,raw,268,9.5168,-0.6616,1.0394
26.011,raw,278,9.3751,-0.4389,1.0613
26.011,raw,288,9.2402,-0.2283,1.0814
26.011,raw,298,9.1252,-0.0307,1.0985
26.011,raw,308,9.0032,0.1595,1.1156
26.011,raw,318,9.2130,0.3091,1.0933
26.011,raw,328,9.4484,0.4683,1.0675
26.011,raw,338,9.7271,0.6386,1.0362
26.011,raw,348,9.6004,-0.8201,1.1832
26.011,raw,358,9.4657,-0.5916,1.2004
26.011,raw,368,9.3334,-0.3744,1.2167
26.011,raw,378,9.2067,-0.1683,1.2318
26.011,raw,388,9.0731,0.0296,1.2469
26.011,raw,398,9.0384,0.2065,1.2523
26.011,raw,407,9.2382,0.3419,1.2352
26.011,raw,417,9.4916,0.5019,1.2129
26.011,raw,427,9.7754,0.6748,1.1874
26.011,raw,437,-3.9414,-14.3084,0.6419
26.011,raw,447,-3.7143,-14.9980,0.6049
26.011,raw,457,-3.4379,-15.6482,0.5708
26.011,raw,467,-3.1508,-16.3531,0.5324
26.011,raw,477,9.5684,-0.7722,1.3432
26.011,raw,487,9.4417,-0.5479,1.3554
26.011,raw,497,9.3019,-0.3311,1.3679
26.011,raw,507,9.1776,-0.1275,1.3789
26.011,raw,517,9.0427,0.0685,1.3902
26.011,raw,527,9.0757,0.2365,1.3894
26.011,raw,537,9.3133,0.3885,1.3741
26.011,raw,547,9.5807,0.5519,1.3564
26.011,raw,557,9.8746,0.7294,1.3366
26.011,raw,567,-12.6718,10.4305,0.5244
26.011,raw,577,-12.5305,9.7410,0.5568
26.011,raw,587,-12.3765,9.0749,0.5881
26.011,raw,597,-11.2376,7.9545,0.6932
26.011,raw,606,-12.0191,7.8565,0.6474
26.011,raw,616,-11.9222,7.2939,0.6692
26.011,raw,626,-7.4777,-10.5828,1.0876
26.011,raw,636,-4.4085,-7.7581,1.2767
26.011,raw,646,-6.9908,-11.4055,1.0740
26.011,raw,656,-6.6857,-11.7599,1.0701
26.011,raw,666,-6.4691,-12.2438,1.0585
26.011,raw,676,-6.1630,-12.6248,1.0525
26.011,raw,686,-5.9359,-13.1422,1.0386
26.011,raw,696,-5.6130,-13.5365,1.0312
26.011,raw,706,-5.4532,-14.2370,1.0075
26.011,raw,716,-5.2429,-14.9072,0.9853
26.011,raw,726,-5.0183,-15.6124,0.9615
26.011,raw,736,-4.8975,-16.6162,0.9226
26.011,raw,746,-4.9722,-18.2057,0.8551
26.011,raw,756,-5.8002,-21.9497,0.6831
26.011,raw,766,-5.4528,-23.0679,0.6410
26.011,raw,776,-4.9990,-24.0341,0.6061
26.011,raw,786,-4.4167,-24.7232,0.5840
26.011,raw,796,-3.7578,-25.2341,0.5697
26.011,raw,805,-3.1162,-25.5588,0.5625
26.011,raw,815,-2.4335,-26.1153,0.5445
26.011,raw,825,-1.6895,-26.4596,0.5355
26.011,raw,835,-0.9426,-26.8673,0.5227
26.011,raw,845,-0.1613,-27.1271,0.5156
26.011,raw,855,0.6224,-27.4686,0.5039
26.011,raw,865,9.4853,-0.6346,1.5039
26.011,raw,875,9.3335,-0.4114,1.5129
26.011,raw,885,9.2205,-0.2066,1.5197
26.011,raw,895,9.1113,-0.0110,1.5261
26.011,raw,905,8.9864,0.1786,1.5329
26.011,raw,915,9.2272,0.3254,1.5227
26.011,raw,925,9.4837,0.4841,1.5117
26.011,raw,935,9.7549,0.6565,1.4997
26.011,raw,945,23.9156,10.3275,0.7624
26.011,raw,955,-17.2826,20.3463,0.5156
26.011,raw,965,-16.7594,18.7863,0.5813
26.011,raw,975,-16.5776,17.6235,0.6223
26.011,raw,985,-16.4283,16.5522,0.6585
26.011,raw,995,-16.0000,15.3273,0.7081
26.011,raw,1004,-15.8402,14.4511,0.7376
26.011,raw,1014,-15.4224,13.3629,0.7814
26.011,raw,1024,-15.2542,12.4968,0.8093
26.011,raw,1034,-14.9172,11.5714,0.8443
26.011,raw,1044,-14.6006,10.7071,0.8764
26.011,raw,1054,-11.0788,8.2356,1.0708
26.011,raw,1064,-11.4760,7.9154,1.0611
26.011,raw,1074,-13.9425,8.5017,0.9479
26.011,raw,1084,-13.6685,7.8075,0.9718
26.011,raw,1094,-13.4963,7.1836,0.9895
26.011,raw,1104,-13.3194,6.5812,1.0064
26.011,raw,1114,-13.1673,6.0085,1.0212
26.011,raw,1124,-12.8947,5.4207,1.0407
26.011,raw,1134,-12.8000,4.9026,1.0509
26.011,raw,1144,-12.6144,4.3772,1.0646
26.011,raw,1154,-12.5818,3.8983,1.0705
26.011,raw,1164,-12.3941,3.4014,1.0828
26.011,raw,1174,-12.3791,2.9427,1.0865
26.011,raw,1184,-12.2007,2.4715,1.0971
26.011,raw,1194,-12.1875,2.0255,1.0994
26.011,raw,1203,-11.8179,-5.3500,1.4418
26.011,raw,1213,-11.6823,-5.8005,1.4406
26.011,raw,1223,-11.4850,-6.2250,1.4406
26.011,raw,1233,-11.3474,-6.6812,1.4388
26.011,raw,1243,-11.1685,-7.1201,1.4376
26.011,raw,1253,-10.9593,-7.5449,1.4369
26.011,raw,1263,-10.7430,-7.9677,1.4361
26.011,raw,1273,-10.5367,-8.4004,1.4347
26.011,raw,1283,-10.3797,-8.8738,1.4315
26.011,raw,1293,-10.2316,-9.3649,1.4277
26.011,raw,1303,-10.0990,-9.8820,1.4229
26.011,raw,1313,-9.9321,-10.3864,1.4186
26.011,raw,1323,-9.4955,-10.6604,1.4218
26.011,raw,1333,-9.3386,-11.1939,1.4162
26.011,raw,1343,-9.1757,-11.7424,1.4102
26.011,raw,1353,-9.0247,-12.3276,1.4032
26.011,raw,1363,-8.8457,-12.9093,1.3962
26.011,raw,1373,-8.6602,-13.5122,1.3887
26.011,raw,1383,-8.2139,-13.8105,1.3897
26.011,raw,1393,-8.0406,-14.4801,1.3802
26.011,raw,1402,-9.7432,-17.8151,1.2984
26.011,raw,1412,-9.5721,-18.7522,1.2833
26.011,raw,1422,-9.2276,-19.4807,1.2737
26.011,raw,1432,-9.0096,-20.4830,1.2571
26.011,raw,1442,-8.7700,-21.5380,1.2393
26.011,raw,1452,-8.4029,-22.4419,1.2252
26.011,raw,1462,-8.1368,-23.6539,1.2036
26.011,raw,1472,-7.8101,-24.8691,1.1820
26.011,raw,1482,-7.3951,-26.0149,1.1621
26.011,raw,1492,-6.8576,-26.9753,1.1464
26.011,raw,1502,-6.1642,-27.5931,1.1385
26.011,raw,1512,-5.3719,-27.9517,1.1361
26.011,raw,1522,-4.5887,-28.3713,1.1319
26.011,raw,1532,-3.8528,-29.0450,1.1214
26.011,raw,1542,-3.0314,-29.4394,1.1168
26.011,raw,1552,-2.2050,-29.8801,1.1106
26.011,raw,1562,-1.3743,-30.4079,1.1020
26.011,raw,1572,-0.5531,-31.2197,1.0866
26.011,raw,1582,0.3366,-31.7146,1.0777
26.011,raw,1592,1.2628,-31.9925,1.0730
26.011,raw,1601,2.1070,-32.2542,1.0681
26.011,raw,1611,3.0591,-32.5822,1.0612
26.011,raw,1621,4.0344,-33.0849,1.0499
26.011,raw,1631,5.0684,-34.1077,1.0264
26.011,raw,1641,9.4926,-0.6364,1.6563
26.011,raw,1651,9.3486,-0.4146,1.6605
26.011,raw,1661,9.2058,-0.2039,1.6644
26.011,raw,1671,9.0850,-0.0070,1.6678
26.011,raw,1681,8.9944,0.1776,1.6703
26.011,raw,1691,9.1923,0.3286,1.6663
26.011,raw,1701,9.4747,0.4847,1.6604
26.011,raw,1711,9.7518,0.6566,1.6545
26.011,raw,1721,25.6009,11.4852,1.2524
26.011,raw,1731,-22.2414,23.3168,1.0523
26.011,raw,1741,-21.6769,21.5794,1.0867
26.011,raw,1751,-20.6864,19.6206,1.1309
26.011,raw,1761,-20.1517,18.1411,1.1600
26.011,raw,1771,-19.6357,16.7664,1.1870
26.011,raw,1781,-19.2070,15.5318,1.2101
26.011,raw,1791,-18.5146,14.2051,1.2386
26.011,raw,1800,-18.2511,13.2923,1.2540
26.011,raw,1810,-18.1182,12.4117,1.2660
26.011,raw,1820,-11.1016,8.0924,1.4474
26.011,raw,1830,-17.5459,10.6077,1.2952
26.011,raw,1840,-17.4466,9.8479,1.3041
26.011,raw,1850,-17.0746,9.0032,1.3189
26.011,raw,1860,-16.7344,8.2105,1.3322
26.011,raw,1870,-16.7021,7.5571,1.3376
26.011,raw,1880,-16.3987,6.8356,1.3489
26.011,raw,1890,-16.0488,6.1313,1.3606
26.011,raw,1900,-16.0626,5.5458,1.3635
26.011,raw,1910,-15.7865,4.9063,1.3726
26.011,raw,1920,-15.5070,4.2897,1.3812
26.011,raw,1930,-15.2350,3.6966,1.3893
26.011,raw,1940,-15.2662,3.1616,1.3902
26.011,raw,1950,-15.0216,2.6027,1.3969
26.011,raw,1960,-14.7767,2.0607,1.4033
26.011,raw,1970,-14.5516,1.5356,1.4088
26.011,raw,1980,-14.3046,1.0243,1.4145
26.011,raw,1990,-14.0983,0.5266,1.4190
26.011,raw,1999,-14.1667,0.0763,1.4171
26.011,raw,2009,-13.9348,-0.4061,1.4216
26.011,raw,2019,-8.4108,-0.3212,1.5432
26.011,raw,2029,-8.3134,-0.6455,1.5445
26.011,raw,2039,-13.3181,-1.8016,1.4315
26.011,raw,2049,-13.1211,-2.2523,1.4340
26.011,raw,2059,-12.9177,-2.6953,1.4364
26.011,raw,2069,-12.7336,-3.1372,1.4381
26.011,raw,2079,-12.5389,-3.5718,1.4398
26.011,raw,2089,-12.3645,-4.0087,1.4407
26.011,raw,2099,-12.1570,-4.4320,1.4421
26.011,raw,2109,-11.9766,-4.8621,1.4426
26.011,raw,2119,-27.7890,-11.7995,1.8453
26.011,raw,2129,-27.3280,-12.6467,1.8452
26.011,raw,2139,-26.5052,-13.3157,1.8446
26.011,raw,2149,-26.3736,-14.3114,1.8450
26.011,raw,2159,-25.9160,-15.1493,1.8450
26.011,raw,2169,-25.4663,-15.9922,1.8450
26.011,raw,2179,-11.8399,-8.5459,1.8240
26.011,raw,2189,-24.5350,-17.6670,1.8452
26.011,raw,2198,-24.1058,-18.4199,1.8453
26.011,raw,2208,-23.6332,-19.2662,1.8454
26.011,raw,2218,-23.1805,-20.1380,1.8457
26.011,raw,2228,-22.7095,-21.0085,1.8459
26.011,raw,2238,-22.2080,-21.8675,1.8462
26.011,raw,2248,-21.7165,-22.7519,1.8465
26.011,raw,2258,-21.2184,-23.6502,1.8469
26.011,raw,2268,-19.9289,-23.7287,1.8457
26.011,raw,2278,-20.1973,-25.4956,1.8477
26.011,raw,2288,9.5932,-0.8182,1.8090
26.011,raw,2298,9.4484,-0.5875,1.8087
26.011,raw,2308,9.3052,-0.3686,1.8085
26.011,raw,2318,9.2045,-0.1679,1.8083
26.011,raw,2328,9.0556,0.0321,1.8081
26.011,raw,2338,9.0361,0.2067,1.8080
26.011,raw,2348,9.2609,0.3575,1.8083
26.011,raw,2358,9.5254,0.5181,1.8086
26.011,raw,2368,9.8106,0.6927,1.8090
26.011,raw,2378,-17.1593,0.5781,1.8275
26.011,raw,2388,-31.9741,-2.5931,1.8478
26.011,raw,2397,-32.0340,-4.0358,1.8482
26.011,raw,2407,-16.0558,-2.3631,1.8264
26.011,raw,2417,-31.0218,-5.9163,1.8472
26.011,raw,2427,-30.5450,-6.8347,1.8469
26.011,raw,2437,-30.0250,-7.7265,1.8465
26.011,raw,2447,-29.5325,-8.6096,1.8461
26.011,raw,2457,-15.0187,-4.9621,1.8259
26.011,raw,2467,-28.5633,-10.3417,1.8456
26.011,raw,2477,-15.8371,-6.4554,1.8276
26.011,raw,2487,-14.6826,-6.5442,2.2791
26.011,raw,2497,-14.5131,-7.0773,2.2805
26.011,raw,2507,-14.3579,-7.6214,2.2827
26.011,raw,2517,-20.4306,-23.6909,2.6443
26.011,raw,2527,9.5579,-0.7498,1.9636
26.011,raw,2537,9.4155,-0.5230,1.9589
26.011,raw,2547,9.2715,-0.3068,1.9543
26.011,raw,2557,9.1639,-0.1075,1.9508
26.011,raw,2567,9.0308,0.0874,1.9468
26.011,raw,2577,9.0865,0.2526,1.9477
26.011,raw,2587,9.3458,0.4038,1.9537
26.011,raw,2596,9.5696,0.5525,1.9590
26.011,raw,2606,9.8791,0.7293,1.9665
26.011,raw,2616,-18.9840,-0.1513,2.3494
26.011,raw,2626,-17.8272,-1.1887,2.3227
26.011,raw,2636,-17.9189,-3.0541,2.3315
26.011,raw,2646,-16.9004,-3.7058,2.3100
26.011,raw,2656,-16.6345,-4.5528,2.3088
26.011,raw,2666,-15.0722,-5.1534,2.2761
26.011,raw,2676,-14.8805,-5.6712,2.2758
26.011,raw,2686,-26.5538,-13.2342,3.3870
26.011,raw,2696,-11.8849,-8.1568,2.6469
26.011,raw,2706,-20.2671,-24.0892,3.4520
26.011,raw,2716,9.4832,-0.6534,2.1139
26.011,raw,2726,9.3547,-0.4345,2.1055
26.011,raw,2736,9.2534,-0.2307,2.0987
26.011,raw,2746,9.1078,-0.0280,2.0902
26.011,raw,2756,8.9795,0.1625,2.0828
26.011,raw,2766,9.1826,0.3121,2.0917
26.011,raw,2776,9.4403,0.4688,2.1035
26.011,raw,2786,9.7325,0.6384,2.1171
26.011,raw,2795,10.0084,0.8048,2.1302
26.011,raw,2805,-15.8996,-1.8874,2.7291
26.011,raw,2815,-19.7817,0.3393,3.4464
26.011,raw,2825,-14.5708,-6.3782,3.6270
26.011,raw,2835,-14.4202,-6.9140,3.6338
26.011,raw,2845,-14.2478,-7.4445,3.6401
26.011,raw,2855,-16.9085,1.0436,3.7132
26.011,raw,2865,-16.7326,0.4704,3.6968
26.011,raw,2875,-16.5824,-0.0947,3.6844
26.011,raw,2885,-16.4081,-0.6509,3.6713
26.011,raw,2895,-16.2602,-1.2024,3.6621
26.011,raw,2905,-16.8966,-1.8564,3.7299
26.011,raw,2915,-15.7109,-2.2488,3.6238
26.011,raw,2925,-15.5492,-2.7775,3.6176
26.011,raw,2935,-15.4147,-3.3089,3.6155
26.011,raw,2945,-15.2569,-3.8336,3.6127
26.011,raw,2955,-15.0922,-4.3549,3.6106
26.011,raw,2965,-14.9546,-5.1144,3.6194
26.011,raw,2975,-14.8025,-5.6428,3.6223
27.440,raw,0,9.4508,-0.7736,0.6508
27.440,raw,10,9.2968,-0.5481,0.6906
27.440,raw,20,9.1932,-0.3476,0.7191
27.440,raw,31,9.0295,-0.1264,0.7586
27.440,raw,41,8.9216,0.0555,0.7853
27.440,raw,52,8.8452,0.2398,0.8053
27.440,raw,62,9.0296,0.3699,0.7742
27.440,raw,72,9.2507,0.5061,0.7357
27.440,raw,83,9.5265,0.6677,0.6864
27.440,raw,93,9.7546,0.8299,0.6450
27.440,raw,104,9.3537,-0.5997,0.8217
27.440,raw,114,9.1965,-0.3825,0.8559
27.440,raw,124,9.0875,-0.1884,0.8807
27.440,raw,135,8.9517,0.0182,0.9095
27.440,raw,145,8.8436,0.1938,0.9320
27.440,raw,156,8.9889,0.3436,0.9119
27.440,raw,166,9.1945,0.4791,0.8810
27.440,raw,176,9.4331,0.6233,0.8441
27.440,raw,187,9.7042,0.7966,0.8013
27.440,raw,197,9.3734,-0.6592,0.9596
27.440,raw,208,9.2280,-0.4250,0.9881
27.440,raw,218,9.0897,-0.2220,1.0137
27.440,raw,228,8.9788,-0.0351,1.0344
27.440,raw,239,8.8581,0.1605,1.0560
27.440,raw,249,8.9319,0.3044,1.0489
27.440,raw,260,9.1665,0.4497,1.0187
27.440,raw,270,9.3951,0.5926,0.9887
27.440,raw,280,9.6200,0.7482,0.9586
27.440,raw,291,9.3983,-0.7027,1.0982
27.440,raw,301,9.2500,-0.4827,1.1219
27.440,raw,312,9.1243,-0.2634,1.1423
27.440,raw,322,9.0003,-0.0716,1.1612
27.440,raw,333,8.8785,0.1260,1.1794
27.440,raw,343,8.8941,0.2787,1.1805
27.440,raw,353,9.1132,0.4075,1.1571
27.440,raw,364,9.3517,0.5629,1.1313
27.440,raw,374,9.5717,0.7163,1.1071
27.440,raw,385,9.4282,-0.7483,1.2373
27.440,raw,395,9.2812,-0.5262,1.2561
27.440,raw,405,9.1751,-0.3261,1.2703
27.440,raw,416,9.0159,-0.1072,1.2892
27.440,raw,426,8.9130,0.0728,1.3018
27.440,raw,437,8.8632,0.2524,1.3091
27.440,raw,447,9.0710,0.3806,1.2916
27.440,raw,457,9.2882,0.5189,1.2730
27.440,raw,468,9.5394,0.6839,1.2510
27.440,raw,478,9.7866,0.8465,1.2288
27.440,raw,489,-3.3189,-15.3044,0.5743
27.440,raw,499,-3.0517,-16.0231,0.5353
27.440,raw,509,9.4297,-0.7487,1.3804
27.440,raw,520,9.2676,-0.5050,1.3959
27.440,raw,530,9.1397,-0.3006,1.4080
27.440,raw,541,9.0159,-0.0910,1.4195
27.440,raw,551,8.8812,0.0943,1.4311
27.440,raw,561,8.8531,0.2539,1.4348
27.440,raw,572,9.0876,0.3945,1.4200
27.440,raw,582,9.2985,0.5345,1.4066
27.440,raw,593,9.5589,0.6999,1.3895
27.440,raw,603,9.8265,0.8631,1.3715
27.440,raw,613,-12.5637,9.7775,0.5309
27.440,raw,624,-12.3966,9.0442,0.5644
27.440,raw,634,-11.4424,8.0342,0.6540
27.440,raw,645,-11.8210,7.6249,0.6416
27.440,raw,655,-11.9176,7.1446,0.6480
27.440,raw,666,-4.3722,-8.1130,1.2468
27.440,raw,676,-6.6319,-11.4069,1.0659
27.440,raw,686,-6.3959,-11.8588,1.0565
27.440,raw,697,-6.0845,-12.3087,1.0487
27.440,raw,707,-5.8493,-12.8053,1.0364
27.440,raw,718,-5.5095,-13.2588,1.0277
27.440,raw,728,-5.2386,-13.7557,1.0149
27.440,raw,738,-5.0953,-14.5141,0.9883
27.440,raw,749,-4.8560,-15.2765,0.9629
27.440,raw,759,-4.6134,-15.9892,0.9389
27.440,raw,770,-4.4790,-17.1584,0.8932
27.440,raw,780,-4.5553,-18.8505,0.8210
27.440,raw,790,-5.1858,-22.2689,0.6657
27.440,raw,801,-4.7738,-23.4988,0.6194
27.440,raw,811,-4.2624,-24.3662,0.5891
27.440,raw,822,-3.5387,-24.9057,0.5748
27.440,raw,832,-2.8724,-25.4367,0.5590
27.440,raw,842,-2.1517,-25.8126,0.5497
27.440,raw,853,-1.3586,-26.3050,0.5347
27.440,raw,863,-0.5800,-26.4987,0.5319
27.440,raw,874,0.2338,-27.1084,0.5094
27.440,raw,884,1.0262,-27.3928,0.5003
27.440,raw,894,9.3124,-0.5702,1.5307
27.440,raw,905,9.1705,-0.3420,1.5396
27.440,raw,915,9.0578,-0.1489,1.5466
27.440,raw,926,8.9084,0.0580,1.5552
27.440,raw,936,8.8173,0.2288,1.5606
27.440,raw,947,9.0475,0.3676,1.5511
27.440,raw,957,9.2506,0.5061,1.5426
27.440,raw,967,9.4903,0.6530,1.5322
27.440,raw,978,9.7662,0.8295,1.5201
27.440,raw,988,26.0248,12.2895,0.6590
27.440,raw,999,-16.8323,18.6387,0.5720
27.440,raw,1009,-16.6428,17.4864,0.6123
27.440,raw,1019,-16.4485,16.3937,0.6500
27.440,raw,1030,-15.9956,15.0872,0.7020
27.440,raw,1040,-15.5890,13.9776,0.7460
27.440,raw,1051,-15.3861,12.9855,0.7783
27.440,raw,1061,-15.0315,12.0280,0.8148
27.440,raw,1071,-14.8714,11.2296,0.8391
27.440,raw,1082,-14.5427,10.3127,0.8719
27.440,raw,1092,-14.2567,9.5282,0.8993
27.440,raw,1103,-11.6043,7.6882,1.0439
27.440,raw,1113,-13.7751,8.0475,0.9465
27.440,raw,1123,-13.5826,7.4018,0.9652
27.440,raw,1134,-13.3579,6.7155,0.9853
27.440,raw,1144,-13.0772,6.0932,1.0060
27.440,raw,1155,-12.8968,5.4738,1.0216
27.440,raw,1165,-12.7326,4.9297,1.0350
27.440,raw,1175,-12.5031,4.3887,1.0505
27.440,raw,1186,-12.4273,3.8470,1.0585
27.440,raw,1196,-12.2244,3.3445,1.0713
27.440,raw,1207,-12.1602,2.8278,1.0772
27.440,raw,1217,-11.9778,2.3545,1.0875
27.440,raw,1227,-11.9605,1.9030,1.0898
27.440,raw,1238,-11.4008,-5.6489,1.4371
27.440,raw,1248,-11.2532,-6.1024,1.4358
27.440,raw,1259,-11.0734,-6.5968,1.4345
27.440,raw,1269,-10.8879,-7.0384,1.4335
27.440,raw,1280,-10.6734,-7.5219,1.4323
27.440,raw,1290,-10.4626,-7.9556,1.4312
27.440,raw,1300,-10.2433,-8.3873,1.4300
27.440,raw,1311,-10.0101,-8.8732,1.4280
27.440,raw,1321,-9.8028,-9.3252,1.4257
27.440,raw,1332,-9.5600,-9.8199,1.4231
27.440,raw,1342,-9.3337,-10.2741,1.4204
27.440,raw,1352,-9.0004,-10.6393,1.4205
27.440,raw,1363,-8.7540,-11.1599,1.4165
27.440,raw,1373,-8.5247,-11.6428,1.4124
27.440,raw,1384,-4.7410,-8.2621,1.5239
27.440,raw,1394,-8.0263,-12.6932,1.4025
27.440,raw,1404,-7.8423,-13.2920,1.3949
27.440,raw,1415,-7.3973,-13.6658,1.3944
27.440,raw,1425,-7.2141,-14.3226,1.3851
27.440,raw,1436,-6.9814,-15.0499,1.3747
27.440,raw,1446,-8.9582,-19.3003,1.2722
27.440,raw,1456,-8.6375,-20.1182,1.2603
27.440,raw,1467,-8.3407,-21.1987,1.2427
27.440,raw,1477,-8.0912,-22.3207,1.2232
27.440,raw,1488,-7.6661,-23.3701,1.2064
27.440,raw,1498,-7.3668,-24.6356,1.1836
27.440,raw,1508,-6.9674,-25.8114,1.1629
27.440,raw,1519,-6.3519,-26.7994,1.1473
27.440,raw,1529,-5.6646,-27.4334,1.1390
27.440,raw,1540,-4.7999,-27.8505,1.1358
27.440,raw,1550,-4.0101,-28.2499,1.1320
27.440,raw,1561,-3.1859,-28.9422,1.1214
27.440,raw,1571,-2.3721,-29.3834,1.1156
27.440,raw,1581,-1.5573,-29.9151,1.1073
27.440,raw,1592,-0.6326,-30.4828,1.0980
27.440,raw,1602,0.1938,-31.3624,1.0809
27.440,raw,1613,1.2059,-31.6450,1.0766
27.440,raw,1623,2.1352,-31.9482,1.0712
27.440,raw,1633,3.0792,-32.2701,1.0647
27.440,raw,1644,4.1414,-32.8419,1.0521
27.440,raw,1654,5.1400,-33.3782,1.0396
27.440,raw,1665,9.3649,-0.6387,1.6679
27.440,raw,1675,9.2434,-0.4290,1.6717
27.440,raw,1685,9.0705,-0.2175,1.6765
27.440,raw,1696,8.9637,-0.0160,1.6798
27.440,raw,1706,8.8428,0.1631,1.6831
27.440,raw,1717,8.9555,0.3167,1.6812
27.440,raw,1727,9.1878,0.4474,1.6764
27.440,raw,1737,9.3768,0.5941,1.6726
27.440,raw,1748,9.6694,0.7632,1.6664
27.440,raw,1758,-22.5119,23.9197,1.0336
27.440,raw,1769,-21.8363,21.9445,1.0731
27.440,raw,1779,-20.8975,20.0208,1.1158
27.440,raw,1789,-20.3938,18.5509,1.1442
27.440,raw,1800,-19.8427,17.0382,1.1734
27.440,raw,1810,-19.3318,15.7420,1.1985
27.440,raw,1821,-18.5630,14.2800,1.2299
27.440,raw,1831,-18.2035,13.2290,1.2484
27.440,raw,1841,-17.8381,12.2285,1.2660
27.440,raw,1852,-17.2512,11.0967,1.2888
27.440,raw,1862,-11.4581,7.7798,1.4356
27.440,raw,1873,-16.9313,9.4558,1.3099
27.440,raw,1883,-16.5838,8.6433,1.3236
27.440,raw,1894,-16.1820,7.7856,1.3384
27.440,raw,1904,-16.1446,7.1449,1.3435
27.440,raw,1914,-15.8346,6.4419,1.3544
27.440,raw,1925,-15.7547,5.7655,1.3599
27.440,raw,1935,-15.4714,5.1190,1.3692
27.440,raw,1946,-15.1586,4.4354,1.3789
27.440,raw,1956,-14.9139,3.8438,1.3863
27.440,raw,1966,-14.9042,3.2999,1.3882
27.440,raw,1977,-14.6106,2.6812,1.3961
27.440,raw,1987,-14.3712,2.1396,1.4022
27.440,raw,1998,-14.1249,1.5624,1.4082
27.440,raw,2008,-13.8900,1.0521,1.4136
27.440,raw,2018,-13.6550,0.5553,1.4186
27.440,raw,2029,-13.6540,0.0080,1.4181
27.440,raw,2039,-13.4589,-0.4740,1.4216
27.440,raw,2050,-13.1873,-0.9872,1.4264
27.440,raw,2060,-8.4493,-0.7678,1.5307
27.440,raw,2070,-12.7928,-1.9046,1.4320
27.440,raw,2081,-12.5498,-2.3919,1.4352
27.440,raw,2091,-12.3886,-2.8417,1.4365
27.440,raw,2102,-12.2231,-3.3363,1.4372
27.440,raw,2112,-12.0631,-3.7813,1.4379
27.440,raw,2122,-11.9046,-4.2255,1.4382
27.440,raw,2133,-11.7346,-4.7153,1.4381
27.440,raw,2143,-11.5803,-5.1614,1.4377
27.440,raw,2154,-23.6450,-11.0109,1.8404
27.440,raw,2164,-24.6804,-12.4540,1.8425
27.440,raw,2174,-24.3119,-13.2777,1.8425
27.440,raw,2185,-23.9038,-14.1860,1.8426
27.440,raw,2195,-23.4980,-14.9964,1.8427
27.440,raw,2206,-11.9046,-8.8143,1.8249
27.440,raw,2216,-22.5964,-16.6812,1.8429
27.440,raw,2227,-22.1314,-17.5796,1.8431
27.440,raw,2237,-21.6676,-18.3750,1.8432
27.440,raw,2247,-21.2502,-19.2169,1.8435
27.440,raw,2258,-20.7617,-20.1359,1.8438
27.440,raw,2268,-20.3080,-20.9798,1.8441
27.440,raw,2279,-19.7906,-21.9123,1.8444
27.440,raw,2289,-19.3264,-22.7888,1.8448
27.440,raw,2299,-18.8502,-23.6785,1.8453
27.440,raw,2310,-18.3013,-24.6626,1.8458
27.440,raw,2320,-17.8186,-25.6116,1.8463
27.440,raw,2331,-17.2649,-26.6739,1.8470
27.440,raw,2341,-16.7415,-27.6599,1.8477
27.440,raw,2351,9.4008,-0.7216,1.8082
27.440,raw,2362,9.2601,-0.4855,1.8079
27.440,raw,2372,9.1169,-0.2783,1.8077
27.440,raw,2383,8.9948,-0.0705,1.8074
27.440,raw,2393,8.8773,0.1106,1.8072
27.440,raw,2403,8.8806,0.2652,1.8072
27.440,raw,2414,9.1041,0.4085,1.8075
27.440,raw,2424,9.3152,0.5494,1.8077
27.440,raw,2435,9.5772,0.7160,1.8081
27.440,raw,2445,-31.9185,1.8774,1.8482
27.440,raw,2455,-31.4041,0.8585,1.8475
27.440,raw,2466,-30.8480,-0.2290,1.8467
27.440,raw,2476,-30.3875,-1.1921,1.8462
27.440,raw,2487,-29.8445,-2.2217,1.8456
27.440,raw,2497,-17.9902,-1.6938,1.8295
27.440,raw,2508,-28.9134,-4.1275,1.8446
27.440,raw,2518,-28.4354,-5.0008,1.8442
27.440,raw,2528,-17.6233,-3.5978,1.8295
27.440,raw,2539,-17.0069,-4.1515,1.8288
27.440,raw,2549,-16.4661,-4.6339,1.8283
27.440,raw,2560,-15.1735,-4.9162,1.8267
27.440,raw,2570,-16.6142,-6.0193,1.8290
27.440,raw,2580,-24.7145,-9.7702,1.8411
27.440,raw,2591,-15.0500,-7.0827,2.3046
27.440,raw,2601,-26.3432,-14.1023,2.6319
27.440,raw,2612,-20.1839,-24.2552,2.6608
27.440,raw,2622,9.3556,-0.6360,1.9481
27.440,raw,2632,9.2166,-0.4220,1.9433
27.440,raw,2643,9.0779,-0.2027,1.9387
27.440,raw,2653,8.9569,-0.0147,1.9348
27.440,raw,2664,8.8521,0.1770,1.9314
27.440,raw,2674,8.9428,0.3184,1.9331
27.440,raw,2684,9.1776,0.4485,1.9385
27.440,raw,2695,9.4165,0.6077,1.9440
27.440,raw,2705,9.6458,0.7643,1.9495
27.440,raw,2716,-17.0932,0.4579,2.3135
27.440,raw,2726,-17.2629,-0.1483,2.3183
27.440,raw,2736,-16.7888,-0.7109,2.3076
27.440,raw,2747,-16.5996,-1.3406,2.3045
27.440,raw,2757,-16.3175,-1.8906,2.2994
27.440,raw,2768,-15.9191,-2.6987,2.2930
27.440,raw,2778,-15.7601,-3.2491,2.2919
27.440,raw,2788,-15.6056,-3.7985,2.2913
27.440,raw,2799,-15.4412,-4.4034,2.2912
27.440,raw,2809,-15.1860,-4.9202,2.2889
27.440,raw,2820,-15.3568,-6.6396,2.3073
27.440,raw,2830,-26.2596,-14.2764,3.4195
27.440,raw,2841,-20.0990,-24.4572,3.4798
27.440,raw,2851,9.3170,-0.5892,2.0858
27.440,raw,2861,9.1827,-0.3790,2.0769
27.440,raw,2872,9.0526,-0.1641,2.0684
27.440,raw,2882,8.9494,0.0186,2.0617
27.440,raw,2893,8.7987,0.2164,2.0529
27.440,raw,2903,8.9855,0.3440,2.0610
27.440,raw,2913,9.1809,0.4805,2.0696
27.440,raw,2924,9.4427,0.6394,2.0815
27.440,raw,2934,9.6972,0.7969,2.0933
27.440,raw,2945,-15.1758,-4.9169,2.7511
27.440,raw,2955,-16.0100,-2.1921,3.2272
27.440,raw,2965,-14.6081,-6.7660,3.6903
27.440,raw,2976,-14.4144,-7.3674,3.6969
27.440,raw,2986,-14.2475,-7.9236,3.7056
27.440,raw,2997,-17.0007,0.4605,3.7664
27.440,raw,3007,-16.8198,-0.1230,3.7515
27.440,raw,3017,-16.6482,-0.6988,3.7391
27.440,raw,3028,-16.4368,-1.3214,3.7251
27.440,raw,3038,-16.2561,-1.8815,3.7150
27.440,raw,3049,-15.8863,-2.4604,3.6891
27.440,raw,3059,-15.7136,-3.0062,3.6829
27.440,raw,3069,-15.5532,-3.5515,3.6794
27.440,raw,3080,-15.3440,-4.1405,3.6740
27.440,raw,3090,-15.1906,-4.6844,3.6744
27.440,raw,3101,-17.8589,-6.3846,3.9664
27.440,raw,3111,-14.8752,-5.9540,3.6850
28.888,raw,0,9.3137,-0.7778,0.7571
28.888,raw,10,9.1779,-0.5609,0.7952
28.888,raw,20,9.0434,-0.3565,0.8315
28.888,raw,30,8.9096,-0.1637,0.8662
28.888,raw,40,8.8041,0.0109,0.8940
28.888,raw,50,8.6753,0.1823,0.9252
28.888,raw,60,8.7679,0.3001,0.9128
28.888,raw,71,8.9759,0.4167,0.8782
28.888,raw,81,9.1540,0.5345,0.8484
28.888,raw,91,9.3343,0.6613,0.8176
28.888,raw,101,9.5341,0.7962,0.7825
28.888,raw,111,9.2488,-0.6856,0.9062
28.888,raw,121,9.1307,-0.4800,0.9358
28.888,raw,131,8.9914,-0.2785,0.9678
28.888,raw,142,8.8529,-0.0742,0.9990
28.888,raw,152,8.7241,0.1016,1.0266
28.888,raw,162,8.7044,0.2444,1.0350
28.888,raw,172,8.8638,0.3514,1.0128
28.888,raw,182,9.0368,0.4643,0.9879
28.888,raw,192,9.2198,0.5849,0.9609
28.888,raw,202,9.4187,0.7136,0.9307
28.888,raw,213,9.6648,0.8658,0.8925
28.888,raw,223,9.1805,-0.5781,1.0510
28.888,raw,233,9.0550,-0.3758,1.0767
28.888,raw,243,8.9097,-0.1786,1.1043
28.888,raw,253,8.8055,-0.0038,1.1249
28.888,raw,263,8.7013,0.1625,1.1447
28.888,raw,273,8.7656,0.2867,1.1396
28.888,raw,284,8.9428,0.4080,1.1182
28.888,raw,294,9.1281,0.5234,1.0950
28.888,raw,304,9.3018,0.6498,1.0731
28.888,raw,314,9.5329,0.7807,1.0426
28.888,raw,324,9.2600,-0.7065,1.1645
28.888,raw,334,9.1515,-0.5031,1.1843
28.888,raw,344,9.0102,-0.2997,1.2073
28.888,raw,355,8.8643,-0.0920,1.2304
28.888,raw,365,8.7681,0.0768,1.2462
28.888,raw,375,8.6766,0.2367,1.2607
28.888,raw,385,8.8523,0.3395,1.2431
28.888,raw,395,9.0033,0.4552,1.2281
28.888,raw,405,9.2173,0.5704,1.2053
28.888,raw,416,9.4233,0.7131,1.1833
28.888,raw,426,9.6402,0.8515,1.1595
28.888,raw,436,9.1996,-0.6013,1.3025
28.888,raw,446,9.0594,-0.3929,1.3210
28.888,raw,456,8.9502,-0.2055,1.3359
28.888,raw,466,8.7920,-0.0145,1.3547
28.888,raw,476,8.7093,0.1469,1.3658
28.888,raw,487,8.7538,0.2891,1.3646
28.888,raw,497,8.9177,0.3981,1.3515
28.888,raw,507,9.0991,0.5129,1.3365
28.888,raw,517,9.2972,0.6353,1.3198
28.888,raw,527,9.4798,0.7696,1.3042
28.888,raw,537,-3.3904,-15.0809,0.5608
28.888,raw,547,-3.1325,-15.7902,0.5234
28.888,raw,558,9.2422,-0.6831,1.4245
28.888,raw,568,9.0957,-0.4681,1.4390
28.888,raw,578,8.9943,-0.2794,1.4496
28.888,raw,588,8.8697,-0.0935,1.4615
28.888,raw,598,8.7380,0.0842,1.4734
28.888,raw,608,8.6793,0.2361,1.4797
28.888,raw,618,8.8357,0.3426,1.4706
28.888,raw,629,9.0278,0.4657,1.4589
28.888,raw,639,9.2184,0.5851,1.4470
28.888,raw,649,9.4402,0.7115,1.4328
28.888,raw,659,9.6322,0.8520,1.4204
28.888,raw,669,-12.7072,8.7435,0.5264
28.888,raw,679,-11.6314,7.7259,0.6223
28.888,raw,689,-4.4714,-8.2615,1.2170
28.888,raw,700,-6.7221,-11.5251,1.0378
28.888,raw,710,-6.4858,-11.9992,1.0280
28.888,raw,720,-6.1573,-12.3728,1.0238
28.888,raw,730,-5.9112,-12.8717,1.0122
28.888,raw,740,-5.5916,-13.2881,1.0049
28.888,raw,750,-5.3675,-13.8742,0.9881
28.888,raw,761,-5.1214,-14.5691,0.9669
28.888,raw,771,-4.8807,-15.2238,0.9464
28.888,raw,781,-4.7049,-16.0632,0.9164
28.888,raw,791,-4.5530,-17.0420,0.8795
28.888,raw,801,-4.5021,-18.3659,0.8257
28.888,raw,811,-5.2301,-21.7824,0.6696
28.888,raw,821,-4.8727,-22.8636,0.6296
28.888,raw,832,-4.4324,-24.0973,0.5835
28.888,raw,842,-3.8412,-24.7890,0.5618
28.888,raw,852,-3.1195,-25.1129,0.5568
28.888,raw,862,-2.4344,-25.6154,0.5425
28.888,raw,872,-1.6890,-25.9257,0.5364
28.888,raw,882,-0.9485,-26.3095,0.5258
28.888,raw,892,-0.1761,-26.5782,0.5197
28.888,raw,903,9.3230,-0.7814,1.5473
28.888,raw,913,9.1676,-0.5572,1.5575
28.888,raw,923,9.0258,-0.3508,1.5666
28.888,raw,933,8.9153,-0.1654,1.5739
28.888,raw,943,8.7963,0.0129,1.5812
28.888,raw,953,8.6972,0.1773,1.5874
28.888,raw,963,8.7775,0.2982,1.5850
28.888,raw,974,8.9562,0.4200,1.5779
28.888,raw,984,9.1605,0.5336,1.5695
28.888,raw,994,9.3391,0.6608,1.5622
28.888,raw,1004,9.5490,0.7951,1.5532
28.888,raw,1014,24.1393,11.3274,0.7802
28.888,raw,1024,-17.8283,18.4242,0.5298
28.888,raw,1034,-17.3331,17.0622,0.5853
28.888,raw,1045,-16.8421,15.6983,0.6395
28.888,raw,1055,-16.6778,14.7184,0.6705
28.888,raw,1065,-16.2244,13.6078,0.7149
28.888,raw,1075,-16.0399,12.7142,0.7428
28.888,raw,1085,-15.6399,11.7451,0.7800
28.888,raw,1095,-15.2781,10.8469,0.8133
28.888,raw,1105,-14.9903,10.0285,0.8412
28.888,raw,1116,-11.5794,7.8637,1.0231
28.888,raw,1126,-14.5111,8.4784,0.8889
28.888,raw,1136,-14.1418,7.7359,0.9165
28.888,raw,1146,-13.9412,7.0843,0.9347
28.888,raw,1156,-13.7541,6.4602,0.9512
28.888,raw,1166,-13.5598,5.8552,0.9671
28.888,raw,1177,-13.2438,5.1896,0.9882
28.888,raw,1187,-13.1089,4.6403,0.9995
28.888,raw,1197,-12.8976,4.0920,1.0134
28.888,raw,1207,-12.8130,3.5787,1.0208
28.888,raw,1217,-12.6363,3.0643,1.0317
28.888,raw,1227,-12.4216,2.5602,1.0436
28.888,raw,1237,-11.9101,-5.3903,1.4169
28.888,raw,1248,-11.7082,-5.9012,1.4165
28.888,raw,1258,-11.5299,-6.3697,1.4157
28.888,raw,1268,-11.3582,-6.8445,1.4144
28.888,raw,1278,-11.1560,-7.3067,1.4135
28.888,raw,1288,-10.9299,-7.7579,1.4129
28.888,raw,1298,-10.6789,-8.1957,1.4125
28.888,raw,1308,-10.4692,-8.6631,1.4107
28.888,raw,1319,-10.2060,-9.1610,1.4092
28.888,raw,1329,-9.9715,-9.6226,1.4073
28.888,raw,1339,-9.7487,-10.1008,1.4046
28.888,raw,1349,-9.5091,-10.5743,1.4019
28.888,raw,1359,-9.1369,-10.9365,1.4027
28.888,raw,1369,-8.9046,-11.4319,1.3990
28.888,raw,1379,-4.9110,-8.0797,1.5136
28.888,raw,1390,-4.6838,-8.4393,1.5113
28.888,raw,1400,-8.2223,-13.1168,1.3822
28.888,raw,1410,-8.0305,-13.7431,1.3744
28.888,raw,1420,-7.5681,-14.0511,1.3753
28.888,raw,1430,-7.3420,-14.6826,1.3671
28.888,raw,1440,-9.2445,-18.4856,1.2743
28.888,raw,1450,-9.0583,-19.4662,1.2585
28.888,raw,1461,-8.6714,-20.3334,1.2467
28.888,raw,1471,-8.4026,-21.3325,1.2305
28.888,raw,1481,-8.1282,-22.4132,1.2124
28.888,raw,1491,-7.7143,-23.3154,1.1987
28.888,raw,1501,-7.4038,-24.5370,1.1771
28.888,raw,1511,-7.0164,-25.7214,1.1565
28.888,raw,1522,-6.4538,-26.8407,1.1381
28.888,raw,1532,-5.7471,-27.4353,1.1311
28.888,raw,1542,-4.9497,-27.8038,1.1289
28.888,raw,1552,-4.1449,-28.1704,1.1262
28.888,raw,1562,-3.3994,-28.8046,1.1169
28.888,raw,1572,-2.5767,-29.2047,1.1125
28.888,raw,1582,-1.7557,-29.6788,1.1059
28.888,raw,1593,-0.8348,-30.2211,1.0976
28.888,raw,1603,-0.0163,-31.0269,1.0825
28.888,raw,1613,0.8878,-31.3758,1.0771
28.888,raw,1623,1.8134,-31.6325,1.0732
28.888,raw,1633,2.7507,-31.8710,1.0692
28.888,raw,1643,3.6961,-32.3494,1.0592
28.888,raw,1653,4.6685,-32.8379,1.0484
28.888,raw,1664,5.7983,-33.9409,1.0233
28.888,raw,1674,9.1733,-0.5755,1.6822
28.888,raw,1684,9.0502,-0.3743,1.6862
28.888,raw,1694,8.9192,-0.1814,1.6902
28.888,raw,1704,8.8104,-0.0051,1.6935
28.888,raw,1714,8.6849,0.1663,1.6971
28.888,raw,1724,8.7578,0.2883,1.6961
28.888,raw,1735,8.9526,0.4064,1.6924
28.888,raw,1745,9.1099,0.5260,1.6893
28.888,raw,1755,9.3022,0.6498,1.6855
28.888,raw,1765,9.5343,0.7806,1.6806
28.888,raw,1775,-23.0325,22.6261,1.0365
28.888,raw,1785,-22.4592,20.9623,1.0689
28.888,raw,1795,-21.9209,19.4249,1.0984
28.888,raw,1806,-21.2354,17.7775,1.1313
28.888,raw,1816,-20.3280,16.2007,1.1668
28.888,raw,1826,-19.8410,14.9708,1.1899
28.888,raw,1836,-19.4448,13.8570,1.2094
28.888,raw,1846,-18.8734,12.7120,1.2322
28.888,raw,1856,-18.6929,11.8131,1.2444
28.888,raw,1866,-11.5694,7.9662,1.4226
28.888,raw,1877,-18.0364,9.9240,1.2742
28.888,raw,1887,-17.6242,9.0479,1.2895
28.888,raw,1897,-17.5682,8.3300,1.2958
28.888,raw,1907,-17.2059,7.5380,1.3087
28.888,raw,1917,-16.8282,6.7759,1.3212
28.888,raw,1927,-16.7951,6.1277,1.3254
28.888,raw,1938,-16.4047,5.3555,1.3374
28.888,raw,1948,-16.1037,4.6927,1.3467
28.888,raw,1958,-15.7911,4.0519,1.3557
28.888,raw,1968,-15.7984,3.4704,1.3571
28.888,raw,1978,-15.4957,2.8662,1.3651
28.888,raw,1988,-15.2067,2.2830,1.3723
28.888,raw,1998,-14.9171,1.7182,1.3792
28.888,raw,2009,-14.6430,1.1169,1.3854
28.888,raw,2019,-14.3887,0.5854,1.3908
28.888,raw,2029,-14.4148,0.0498,1.3896
28.888,raw,2039,-14.1520,-0.4628,1.3946
28.888,raw,2049,-13.9091,-0.9653,1.3987
28.888,raw,2059,-8.6773,-0.7079,1.5139
28.888,raw,2069,-8.6776,-1.0866,1.5125
28.888,raw,2080,-13.1763,-2.4638,1.4093
28.888,raw,2090,-12.9565,-2.9341,1.4117
28.888,raw,2100,-12.7198,-3.3936,1.4142
28.888,raw,2110,-12.5015,-3.8524,1.4160
28.888,raw,2120,-12.3031,-4.3132,1.4171
28.888,raw,2130,-12.1343,-4.7825,1.4172
28.888,raw,2140,-27.9030,-11.5444,1.8467
28.888,raw,2151,-27.3137,-12.4771,1.8465
28.888,raw,2161,-26.7721,-13.3121,1.8463
28.888,raw,2171,-26.2280,-14.1371,1.8461
28.888,raw,2181,-25.7059,-14.9666,1.8460
28.888,raw,2191,-25.1737,-15.7860,1.8459
28.888,raw,2201,-24.6582,-16.6125,1.8459
28.888,raw,2211,-24.1474,-17.4418,1.8459
28.888,raw,2222,-23.5474,-18.3296,1.8459
28.888,raw,2232,-23.0208,-19.1523,1.8460
28.888,raw,2242,-22.5021,-19.9867,1.8461
28.888,raw,2252,-21.9667,-20.8154,1.8463
28.888,raw,2262,-21.4359,-21.6579,1.8465
28.888,raw,2272,-20.8932,-22.5024,1.8467
28.888,raw,2283,-20.2872,-23.4397,1.8470
28.888,raw,2293,-19.7321,-24.3067,1.8474
28.888,raw,2303,-19.1857,-25.2054,1.8478
28.888,raw,2313,9.2941,-0.7702,1.8075
28.888,raw,2323,9.1677,-0.5573,1.8072
28.888,raw,2333,9.0184,-0.3485,1.8069
28.888,raw,2343,8.9033,-0.1619,1.8067
28.888,raw,2354,8.7794,0.0315,1.8065
28.888,raw,2364,8.6725,0.1966,1.8063
28.888,raw,2374,8.7968,0.3083,1.8064
28.888,raw,2384,8.9533,0.4204,1.8066
28.888,raw,2394,9.1285,0.5380,1.8068
28.888,raw,2404,9.3383,0.6609,1.8071
28.888,raw,2414,9.5399,0.7958,1.8073
28.888,raw,2425,-17.4219,-0.0773,1.8293
28.888,raw,2435,-19.1984,-2.9774,1.8321
28.888,raw,2445,-30.1120,-7.9382,1.8480
28.888,raw,2455,-29.5650,-8.8385,1.8477
28.888,raw,2465,-29.0151,-9.7216,1.8473
28.888,raw,2475,-28.4919,-10.5994,1.8470
28.888,raw,2485,-27.9687,-11.4653,1.8468
28.888,raw,2496,-14.8308,-6.9779,2.3121
28.888,raw,2506,-14.6423,-7.5454,2.3136
28.888,raw,2516,-14.4815,-8.1313,2.3164
28.888,raw,2526,-20.2466,-24.2630,2.6740
28.888,raw,2536,9.2394,-0.6821,1.9348
28.888,raw,2546,9.1162,-0.4750,1.9302
28.888,raw,2556,8.9865,-0.2770,1.9256
28.888,raw,2567,8.8472,-0.0727,1.9209
28.888,raw,2577,8.7198,0.1026,1.9167
28.888,raw,2587,8.6868,0.2481,1.9151
28.888,raw,2597,8.8491,0.3541,1.9186
28.888,raw,2607,9.0369,0.4643,1.9227
28.888,raw,2617,9.2025,0.5870,1.9263
28.888,raw,2627,9.4042,0.7150,1.9310
28.888,raw,2638,9.6353,0.8676,1.9364
28.888,raw,2648,-18.0328,-1.9828,2.3552
28.888,raw,2658,-17.1774,-3.9589,2.3437
28.888,raw,2668,-16.9306,-4.8719,2.3436
28.888,raw,2678,-15.1973,-5.7855,2.3097
28.888,raw,2688,-17.1091,-9.0706,2.9388
28.888,raw,2699,-11.9322,-8.7342,2.7119
28.888,raw,2709,9.2608,-0.7236,2.0640
28.888,raw,2719,9.1328,-0.5127,2.0547
28.888,raw,2729,9.0181,-0.3175,2.0465
28.888,raw,2739,8.8639,-0.1211,2.0367
28.888,raw,2749,8.7642,0.0495,2.0299
28.888,raw,2759,8.6737,0.2100,2.0238
28.888,raw,2770,8.8194,0.3317,2.0295
28.888,raw,2780,8.9827,0.4441,2.0364
28.888,raw,2790,9.1660,0.5623,2.0443
28.888,raw,2800,9.3703,0.6879,2.0534
28.888,raw,2810,9.5702,0.8248,2.0624
28.888,raw,2820,-15.2322,-5.4225,2.7878
28.888,raw,2830,8.8786,-0.1400,2.1534
28.888,raw,2841,8.7589,0.0509,2.1415
28.888,raw,2851,8.6464,0.2161,2.1309
28.888,raw,2861,8.7882,0.3238,2.1393
28.888,raw,2871,8.9771,0.4308,2.1513
28.888,raw,2881,9.2307,0.5835,2.1678
28.888,raw,2891,-14.8356,-6.5307,3.7540
28.888,raw,2901,-14.6728,-7.1029,3.7611
28.888,raw,2912,-14.4563,-7.7205,3.7670
28.888,raw,2922,-17.2741,0.6718,3.8421
28.888,raw,2932,-17.1076,0.0642,3.8286
28.888,raw,2942,-16.9136,-0.5334,3.8141
28.888,raw,2952,-16.7113,-1.1218,3.8003
28.888,raw,2962,-16.5424,-1.7070,3.7914
28.888,raw,2972,-17.5725,-2.4921,3.8999
28.888,raw,2983,-15.9392,-2.8704,3.7535
28.888,raw,2993,-15.7823,-3.4386,3.7505
28.888,raw,3003,-15.5860,-3.9950,3.7451
28.888,raw,3013,-15.4054,-4.5532,3.7429
28.888,raw,3023,-15.2336,-5.1133,3.7431
28.888,raw,3033,-15.0840,-5.8071,3.7512
30.010,raw,0,8.7768,-0.9322,0.8388
30.010,raw,9,8.6630,-0.7390,0.8732
30.010,raw,19,8.5131,-0.5268,0.9146
30.010,raw,29,8.3948,-0.3394,0.9480
30.010,raw,39,8.2659,-0.1592,0.9821
30.010,raw,49,8.1598,0.0034,1.0104
30.010,raw,59,8.2083,0.1151,1.0074
30.010,raw,68,8.3322,0.1971,0.9887
30.010,raw,78,8.4943,0.2892,0.9628
30.010,raw,88,8.6409,0.3923,0.9395
30.010,raw,98,8.8292,0.4963,0.9078
30.010,raw,108,8.9896,0.6136,0.8810
30.010,raw,118,8.7632,-0.9098,0.9657
30.010,raw,128,8.6365,-0.6969,0.9989
30.010,raw,137,8.5023,-0.5080,1.0310
30.010,raw,147,8.3744,-0.3182,1.0617
30.010,raw,157,8.2651,-0.1458,1.0879
30.010,raw,167,8.1527,0.0181,1.1135
30.010,raw,177,8.2212,0.1242,1.1075
30.010,raw,187,8.3795,0.2113,1.0858
30.010,raw,196,8.4914,0.3029,1.0712
30.010,raw,206,8.6482,0.4043,1.0491
30.010,raw,216,8.8132,0.5125,1.0253
30.010,raw,226,8.9953,0.6270,0.9983
30.010,raw,236,8.7420,-0.8841,1.0918
30.010,raw,246,8.6164,-0.6732,1.1198
30.010,raw,256,8.4938,-0.4757,1.1461
30.010,raw,265,8.3621,-0.3000,1.1720
30.010,raw,275,8.2424,-0.1252,1.1958
30.010,raw,285,8.1492,0.0316,1.2148
30.010,raw,295,8.2374,0.1325,1.2067
30.010,raw,305,8.3889,0.2220,1.1892
30.010,raw,315,8.5187,0.3234,1.1745
30.010,raw,324,8.6722,0.4134,1.1557
30.010,raw,334,8.8283,0.5239,1.1366
30.010,raw,344,9.0107,0.6393,1.1134
30.010,raw,354,8.7307,-0.8630,1.2144
30.010,raw,364,8.5836,-0.6443,1.2402
30.010,raw,374,8.4548,-0.4463,1.2627
30.010,raw,384,8.3352,-0.2632,1.2831
30.010,raw,393,8.2485,-0.1142,1.2982
30.010,raw,403,8.1339,0.0486,1.3165
30.010,raw,413,8.2707,0.1363,1.3039
30.010,raw,423,8.4075,0.2305,1.2911
30.010,raw,433,8.5595,0.3282,1.2762
30.010,raw,443,8.6930,0.4367,1.2633
30.010,raw,452,8.8454,0.5352,1.2476
30.010,raw,462,9.0469,0.6493,1.2261
30.010,raw,472,8.7240,-0.8441,1.3349
30.010,raw,482,8.5740,-0.6253,1.3557
30.010,raw,492,8.4370,-0.4253,1.3744
30.010,raw,502,8.3292,-0.2475,1.3894
30.010,raw,512,8.2134,-0.0770,1.4046
30.010,raw,521,8.1385,0.0597,1.4149
30.010,raw,531,8.2602,0.1517,1.4063
30.010,raw,541,8.4198,0.2406,1.3938
30.010,raw,551,8.5533,0.3427,1.3837
30.010,raw,561,8.7125,0.4468,1.3710
30.010,raw,571,8.8871,0.5570,1.3566
30.010,raw,580,9.0429,0.6641,1.3435
30.010,raw,590,8.6983,-0.8325,1.4553
30.010,raw,600,8.5723,-0.6246,1.4690
30.010,raw,610,8.4311,-0.4230,1.4832
30.010,raw,620,8.3378,-0.2506,1.4933
30.010,raw,630,8.2061,-0.0746,1.5058
30.010,raw,640,8.1503,0.0688,1.5123
30.010,raw,649,8.2505,0.1542,1.5072
30.010,raw,659,8.4159,0.2415,1.4975
30.010,raw,669,8.5679,0.3398,1.4887
30.010,raw,679,8.7289,0.4441,1.4791
30.010,raw,689,8.8939,0.5560,1.4690
30.010,raw,699,9.0523,0.6773,1.4592
30.010,raw,708,20.9432,9.5906,0.5046
30.010,raw,718,-7.4730,-11.8633,1.0037
30.010,raw,728,-7.2272,-12.3528,0.9942
30.010,raw,738,-6.9819,-12.8630,0.9832
30.010,raw,748,-6.6368,-13.2632,0.9783
30.010,raw,758,-6.3730,-13.7908,0.9659
30.010,raw,768,-6.0349,-14.2351,0.9578
30.010,raw,777,-5.8833,-14.8974,0.9361
30.010,raw,787,-5.6334,-15.5518,0.9165
30.010,raw,797,-5.3764,-16.2459,0.8947
30.010,raw,807,-5.2645,-17.2871,0.8552
30.010,raw,817,-6.5018,-21.3004,0.6663
30.010,raw,827,-6.1365,-22.2504,0.6339
30.010,raw,836,-5.7495,-23.0569,0.6069
30.010,raw,846,-5.3714,-24.1955,0.5649
30.010,raw,856,-4.8436,-25.0623,0.5359
30.010,raw,866,-4.1627,-25.5616,0.5239
30.010,raw,876,-3.4166,-25.8861,0.5193
30.010,raw,886,-2.7072,-26.3849,0.5056
30.010,raw,896,8.7448,-0.9014,1.5694
30.010,raw,905,8.6179,-0.7043,1.5783
30.010,raw,915,8.4984,-0.5064,1.5868
30.010,raw,925,8.3673,-0.3156,1.5955
30.010,raw,935,8.2430,-0.1385,1.6035
30.010,raw,945,8.1302,0.0248,1.6106
30.010,raw,955,8.2326,0.1212,1.6073
30.010,raw,964,8.3562,0.2041,1.6028
30.010,raw,974,8.4950,0.3021,1.5976
30.010,raw,984,8.6654,0.4012,1.5908
30.010,raw,994,8.8068,0.5134,1.5853
30.010,raw,1004,9.0020,0.6262,1.5772
30.010,raw,1014,23.6069,11.1991,0.8044
30.010,raw,1024,-18.7058,17.5730,0.5210
30.010,raw,1033,-18.2397,16.3794,0.5695
30.010,raw,1043,-18.0764,15.3546,0.6013
30.010,raw,1053,-17.6041,14.1916,0.6474
30.010,raw,1063,-17.1418,13.1000,0.6905
30.010,raw,1073,-16.9781,12.2246,0.7159
30.010,raw,1083,-16.5852,11.2732,0.7514
30.010,raw,1092,-16.2648,10.4736,0.7800
30.010,raw,1102,-16.0145,9.6702,0.8051
30.010,raw,1112,-12.1714,7.5137,1.0041
30.010,raw,1122,-15.4838,8.1508,0.8526
30.010,raw,1132,-15.0988,7.3988,0.8801
30.010,raw,1142,-14.8876,6.7328,0.8982
30.010,raw,1152,-14.6888,6.0931,0.9146
30.010,raw,1161,-14.3958,5.5089,0.9339
30.010,raw,1171,-14.2274,4.9171,0.9471
30.010,raw,1181,-13.9547,4.3238,0.9642
30.010,raw,1191,-13.9168,3.7854,0.9697
30.010,raw,1201,-13.7075,3.2341,0.9824
30.010,raw,1211,-13.4844,2.6973,0.9949
30.010,raw,1220,-13.1086,-5.7679,1.3893
30.010,raw,1230,-12.8695,-6.2471,1.3900
30.010,raw,1240,-12.6295,-6.7243,1.3905
30.010,raw,1250,-12.3826,-7.1971,1.3908
30.010,raw,1260,-12.2192,-7.7151,1.3886
30.010,raw,1270,-12.0376,-8.2294,1.3865
30.010,raw,1280,-11.8529,-8.7488,1.3841
30.010,raw,1289,-11.6949,-9.2286,1.3813
30.010,raw,1299,-11.5071,-9.7630,1.3781
30.010,raw,1309,-11.3457,-10.3279,1.3737
30.010,raw,1319,-11.1241,-10.8605,1.3704
30.010,raw,1329,-10.9458,-11.4413,1.3653
30.010,raw,1339,-10.4229,-11.7338,1.3699
30.010,raw,1348,-10.2423,-12.2554,1.3650
30.010,raw,1358,-10.0360,-12.8486,1.3592
30.010,raw,1368,-9.8174,-13.4516,1.3531
30.010,raw,1378,-9.6084,-14.0898,1.3459
30.010,raw,1388,-9.3850,-14.7408,1.3383
30.010,raw,1398,-8.8629,-15.0506,1.3404
30.010,raw,1408,-10.3766,-18.0545,1.2675
30.010,raw,1417,-10.1918,-18.8702,1.2554
30.010,raw,1427,-9.9467,-19.7777,1.2420
30.010,raw,1437,-9.6879,-20.7299,1.2275
30.010,raw,1447,-9.3106,-21.5571,1.2163
30.010,raw,1457,-9.0294,-22.6200,1.1990
30.010,raw,1467,-8.7376,-23.7621,1.1798
30.010,raw,1477,-8.2959,-24.7087,1.1654
30.010,raw,1486,-7.9923,-25.8497,1.1454
30.010,raw,1496,-7.5834,-27.0902,1.1238
30.010,raw,1506,-6.9262,-27.8385,1.1138
30.010,raw,1516,-6.1916,-28.4461,1.1068
30.010,raw,1526,-5.3506,-28.7809,1.1056
30.010,raw,1536,-4.5168,-29.1546,1.1030
30.010,raw,1545,-3.8251,-29.7446,1.0945
30.010,raw,1555,-2.9683,-30.1209,1.0908
30.010,raw,1565,-2.1066,-30.5255,1.0860
30.010,raw,1575,-1.2451,-31.0108,1.0789
30.010,raw,1585,-0.4030,-31.7793,1.0649
30.010,raw,1595,0.5116,-32.2241,1.0577
30.010,raw,1605,1.4640,-32.4435,1.0548
30.010,raw,1614,2.3276,-32.6507,1.0515
30.010,raw,1624,3.2945,-32.9771,1.0452
30.010,raw,1634,4.2793,-33.4466,1.0350
30.010,raw,1644,8.7990,-0.9588,1.6866
30.010,raw,1654,8.6447,-0.7311,1.6918
30.010,raw,1664,8.5118,-0.5262,1.6962
30.010,raw,1673,8.3875,-0.3506,1.7001
30.010,raw,1683,8.2631,-0.1715,1.7041
30.010,raw,1693,8.1641,-0.0106,1.7072
30.010,raw,1703,8.1991,0.1051,1.7072
30.010,raw,1713,8.3400,0.1952,1.7047
30.010,raw,1723,8.4798,0.2923,1.7021
30.010,raw,1733,8.6347,0.3934,1.6992
30.010,raw,1742,8.7858,0.4893,1.6963
30.010,raw,1752,8.9535,0.6040,1.6930
30.010,raw,1762,24.4884,11.7251,1.2947
30.010,raw,1772,-24.0277,21.0173,1.0401
30.010,raw,1782,-23.3440,19.3795,1.0730
30.010,raw,1792,-22.3685,17.6603,1.1115
30.010,raw,1801,-21.8696,16.4337,1.1349
30.010,raw,1811,-21.8842,15.4544,1.1453
30.010,raw,1821,-21.0414,14.0672,1.1761
30.010,raw,1831,-20.8257,13.0654,1.1901
30.010,raw,1841,-20.6734,12.1308,1.2017
30.010,raw,1851,-20.1872,11.0926,1.2205
30.010,raw,1861,-12.2689,7.3355,1.4135
30.010,raw,1870,-19.6986,9.4091,1.2437
30.010,raw,1880,-19.2607,8.5137,1.2590
30.010,raw,1890,-18.8349,7.6625,1.2733
30.010,raw,1900,-18.7819,6.9424,1.2785
30.010,raw,1910,-18.3976,6.1628,1.2907
30.010,raw,1920,-18.0248,5.4172,1.3021
30.010,raw,1929,-17.7123,4.7750,1.3113
30.010,raw,1939,-17.7022,4.1317,1.3136
30.010,raw,1949,-17.3852,3.4618,1.3223
30.010,raw,1959,-17.0626,2.8137,1.3307
30.010,raw,1969,-16.7477,2.1872,1.3385
30.010,raw,1979,-16.4459,1.5808,1.3456
30.010,raw,1989,-16.1708,0.9920,1.3517
30.010,raw,1998,-16.2844,0.4619,1.3489
30.010,raw,2008,-16.0061,-0.1085,1.3544
30.010,raw,2018,-15.7347,-0.6658,1.3594
30.010,raw,2028,-15.4412,-1.2076,1.3645
30.010,raw,2038,-9.4039,-0.8569,1.4976
30.010,raw,2048,-9.1342,-1.2080,1.5021
30.010,raw,2057,-14.6738,-2.7256,1.3757
30.010,raw,2067,-14.3994,-3.2280,1.3792
30.010,raw,2077,-14.1406,-3.7257,1.3820
30.010,raw,2087,-13.8976,-4.2210,1.3842
30.010,raw,2097,-13.6362,-4.7047,1.3864
30.010,raw,2107,-13.4024,-5.1927,1.3878
30.010,raw,2117,-13.1566,-5.6727,1.3891
30.010,raw,2126,-26.9504,-14.5023,1.8472
30.010,raw,2136,8.7519,-0.9207,1.8069
30.010,raw,2146,8.6174,-0.7040,1.8066
30.010,raw,2156,8.4830,-0.5003,1.8063
30.010,raw,2166,8.3559,-0.3115,1.8061
30.010,raw,2176,8.2266,-0.1330,1.8058
30.010,raw,2185,8.1566,0.0043,1.8057
30.010,raw,2195,8.2027,0.1167,1.8057
30.010,raw,2205,8.3627,0.2025,1.8059
30.010,raw,2215,8.5082,0.2993,1.8060
30.010,raw,2225,8.6577,0.4026,1.8062
30.010,raw,2235,8.8138,0.5124,1.8064
30.010,raw,2245,8.9972,0.6268,1.8066
30.010,raw,2254,-18.7170,-1.1474,1.8311
30.010,raw,2264,-18.0424,-3.7654,1.8308
30.010,raw,2274,-15.7547,-5.7296,1.8286
30.010,raw,2284,-26.7711,-14.8606,2.6634
30.010,raw,2294,8.6879,-0.8121,1.9233
30.010,raw,2304,8.5492,-0.6002,1.9181
30.010,raw,2313,8.4413,-0.4269,1.9140
30.010,raw,2323,8.2986,-0.2368,1.9091
30.010,raw,2333,8.2012,-0.0731,1.9055
30.010,raw,2343,8.1295,0.0748,1.9028
30.010,raw,2353,8.2763,0.1602,1.9057
30.010,raw,2363,8.4395,0.2491,1.9091
30.010,raw,2373,8.5816,0.3503,1.9121
30.010,raw,2382,8.7268,0.4444,1.9152
30.010,raw,2392,8.8867,0.5571,1.9187
30.010,raw,2402,9.0524,0.6773,1.9224
30.010,raw,2412,-15.7443,-5.7260,2.3220
30.010,raw,2422,-12.3271,-8.8482,2.7310
30.010,raw,2432,8.6507,-0.7800,2.0378
30.010,raw,2441,8.5433,-0.5978,2.0296
30.010,raw,2451,8.4228,-0.4058,2.0208
30.010,raw,2461,8.3039,-0.2253,2.0124
30.010,raw,2471,8.1991,-0.0596,2.0051
30.010,raw,2481,8.1592,0.0787,2.0013
30.010,raw,2491,8.3024,0.1663,2.0069
30.010,raw,2501,8.4483,0.2601,2.0127
30.010,raw,2510,8.5840,0.3498,2.0182
30.010,raw,2520,8.7384,0.4561,2.0247
30.010,raw,2530,8.9108,0.5676,2.0321
30.010,raw,2540,9.0900,0.6875,2.0400
30.010,raw,2550,-18.2065,-7.6829,3.5257
30.010,raw,2560,-17.9705,-8.3341,3.5280
30.010,raw,2569,-17.7956,-8.9397,3.5343
30.010,raw,2579,-12.3523,-8.7338,3.1820
30.010,raw,2589,8.6934,-0.8303,2.1579
30.010,raw,2599,8.5632,-0.6209,2.1434
30.010,raw,2609,8.4386,-0.4259,2.1299
30.010,raw,2619,8.3149,-0.2425,2.1171
30.010,raw,2629,8.2040,-0.0740,2.1057
30.010,raw,2638,8.1435,0.0583,2.0988
30.010,raw,2648,8.2717,0.1488,2.1059
30.010,raw,2658,8.4160,0.2415,2.1144
30.010,raw,2668,8.5418,0.3449,2.1217
30.010,raw,2678,8.7176,0.4460,2.1328
30.010,raw,2688,8.8784,0.5582,2.1430
30.010,raw,2697,9.0476,0.6635,2.1541
30.010,raw,2707,-19.7899,-0.2194,3.5199
30.010,raw,2717,-20.5366,-0.9777,3.5774
30.010,raw,2727,-20.3083,-1.6677,3.5662
30.010,raw,2737,-20.0809,-2.3495,3.5565
30.010,raw,2747,-19.8680,-3.0265,3.5492
30.010,raw,2757,-19.4449,-3.7254,3.5289
30.010,raw,2766,-19.2439,-4.3184,3.5240
30.010,raw,2776,-19.0216,-4.9740,3.5201
30.010,raw,2786,-18.8149,-5.6315,3.5186
30.010,raw,2796,-15.7997,-5.3618,3.3065
30.010,raw,2806,-18.3590,-7.1505,3.5222
30.010,raw,2816,-15.4203,-6.6386,3.8095
30.010,raw,2825,-15.2307,-7.1507,3.8116
30.010,raw,2835,-15.0692,-7.7446,3.8208
30.010,raw,2845,-14.8720,-8.3273,3.8280
30.010,raw,2855,-17.9524,-0.4281,3.9120
30.010,raw,2865,-17.6441,-1.0364,3.8878
30.010,raw,2875,-17.4137,-1.6409,3.8728
30.010,raw,2885,-17.0656,-2.2176,3.8480
30.010,raw,2894,-16.5875,-3.0024,3.8166
30.010,raw,2904,-16.3900,-3.5806,3.8099
30.010,raw,2914,-16.2140,-4.1609,3.8070
30.010,raw,2924,-15.9955,-4.7274,3.8015
30.010,raw,2934,-15.7732,-5.2896,3.7972
30.010,raw,2944,-15.6140,-6.0651,3.8071
31.619,raw,0,7.9644,-1.4191,0.9264
31.619,raw,10,7.8112,-1.1607,0.9774
31.619,raw,20,7.6510,-0.9162,1.0274
31.619,raw,30,7.5398,-0.7171,1.0644
31.619,raw,40,7.4054,-0.5183,1.1046
31.619,raw,50,7.3732,-0.3838,1.1216
31.619,raw,60,7.4774,-0.3177,1.1093
31.619,raw,70,7.5831,-0.2481,1.0964
31.619,raw,80,7.7134,-0.1838,1.0783
31.619,raw,90,7.8060,-0.1000,1.0675
31.619,raw,100,7.9455,-0.0280,1.0471
31.619,raw,110,8.0985,0.0467,1.0238
31.619,raw,120,8.2381,0.1323,1.0029
31.619,raw,130,7.9512,-1.4099,1.0411
31.619,raw,140,7.7969,-1.1515,1.0857
31.619,raw,150,7.6622,-0.9230,1.1244
31.619,raw,160,7.5506,-0.7232,1.1568
31.619,raw,170,7.4185,-0.5253,1.1914
31.619,raw,180,7.3677,-0.3811,1.2097
31.619,raw,190,7.4673,-0.3131,1.1997
31.619,raw,200,7.5788,-0.2463,1.1874
31.619,raw,210,7.7132,-0.1838,1.1709
31.619,raw,220,7.8321,-0.1094,1.1570
31.619,raw,230,7.9526,-0.0303,1.1425
31.619,raw,240,8.0839,0.0510,1.1259
31.619,raw,250,8.2254,0.1357,1.1073
31.619,raw,260,7.9548,-1.4124,1.1514
31.619,raw,270,7.8168,-1.1644,1.1868
31.619,raw,280,7.6569,-0.9198,1.2239
31.619,raw,290,7.5308,-0.7119,1.2539
31.619,raw,300,7.4096,-0.5205,1.2818
31.619,raw,310,7.3658,-0.3801,1.2962
31.619,raw,320,7.4949,-0.3258,1.2832
31.619,raw,330,7.5915,-0.2517,1.2750
31.619,raw,340,7.7144,-0.1842,1.2626
31.619,raw,350,7.8316,-0.1092,1.2510
31.619,raw,360,7.9626,-0.0336,1.2371
31.619,raw,370,8.0840,0.0509,1.2244
31.619,raw,380,8.2233,0.1362,1.2088
31.619,raw,390,7.9528,-1.4111,1.2619
31.619,raw,400,7.8081,-1.1587,1.2922
31.619,raw,410,7.6642,-0.9243,1.3209
31.619,raw,420,7.5407,-0.7176,1.3454
31.619,raw,431,7.4010,-0.5040,1.3716
31.619,raw,441,7.3908,-0.3809,1.3792
31.619,raw,451,7.4712,-0.3033,1.3746
31.619,raw,461,7.6123,-0.2488,1.3621
31.619,raw,471,7.7265,-0.1771,1.3530
31.619,raw,481,7.8294,-0.0965,1.3450
31.619,raw,491,7.9769,-0.0261,1.3314
31.619,raw,501,8.1218,0.0522,1.3180
31.619,raw,511,8.2312,0.1467,1.3087
31.619,raw,521,7.9343,-1.3822,1.3744
31.619,raw,531,7.7734,-1.1214,1.4002
31.619,raw,541,7.6309,-0.8903,1.4227
31.619,raw,551,7.5210,-0.6936,1.4407
31.619,raw,561,7.4006,-0.5038,1.4589
31.619,raw,571,7.3843,-0.3777,1.4655
31.619,raw,581,7.4821,-0.3083,1.4601
31.619,raw,591,7.6023,-0.2446,1.4523
31.619,raw,601,7.7174,-0.1736,1.4449
31.619,raw,611,7.8350,-0.0985,1.4371
31.619,raw,621,7.9807,-0.0273,1.4265
31.619,raw,631,8.0962,0.0597,1.4186
31.619,raw,641,8.2298,0.1471,1.4089
31.619,raw,651,7.9531,-1.4113,1.4806
31.619,raw,661,7.7983,-1.1524,1.4994
31.619,raw,671,7.6452,-0.9127,1.5171
31.619,raw,681,7.5277,-0.7102,1.5312
31.619,raw,691,7.4175,-0.5248,1.5440
31.619,raw,701,7.3676,-0.3810,1.5516
31.619,raw,711,7.4811,-0.3195,1.5464
31.619,raw,721,7.5837,-0.2483,1.5419
31.619,raw,731,7.6918,-0.1754,1.5369
31.619,raw,741,7.8261,-0.1072,1.5299
31.619,raw,751,7.9605,-0.0329,1.5228
31.619,raw,761,8.0748,0.0537,1.5170
31.619,raw,771,8.2185,0.1375,1.5090
31.619,raw,781,20.8095,8.4167,0.5471
31.619,raw,791,-12.8032,8.1524,0.5364
31.619,raw,801,-8.2425,-12.4899,0.9591
31.619,raw,811,-7.9039,-12.9112,0.9549
31.619,raw,821,-7.6618,-13.4616,0.9426
31.619,raw,831,-7.3333,-13.9244,0.9352
31.619,raw,841,-7.1943,-14.6697,0.9116
31.619,raw,851,-6.9761,-15.3511,0.8918
31.619,raw,862,-6.8342,-16.3132,0.8586
31.619,raw,872,-6.8293,-17.4792,0.8133
31.619,raw,882,-6.8555,-18.8219,0.7595
31.619,raw,892,-7.9009,-22.3052,0.5972
31.619,raw,902,-7.5760,-23.3893,0.5595
31.619,raw,912,-7.2240,-24.5316,0.5189
31.619,raw,922,-6.6006,-25.1453,0.5043
31.619,raw,932,7.8771,-1.2804,1.5955
31.619,raw,942,7.7281,-1.0344,1.6073
31.619,raw,952,7.5910,-0.8124,1.6179
31.619,raw,962,7.4658,-0.6122,1.6274
31.619,raw,972,7.3599,-0.4353,1.6354
31.619,raw,982,7.4287,-0.3530,1.6343
31.619,raw,992,7.5462,-0.2905,1.6306
31.619,raw,1002,7.6576,-0.2205,1.6272
31.619,raw,1012,7.7627,-0.1435,1.6240
31.619,raw,1022,7.9152,-0.0784,1.6185
31.619,raw,1032,8.0184,0.0095,1.6152
31.619,raw,1042,8.1640,0.0898,1.6099
31.619,raw,1052,8.2947,0.1809,1.6052
31.619,raw,1062,24.0680,10.6524,0.7966
31.619,raw,1072,-17.7054,18.6340,0.5283
31.619,raw,1082,-17.2726,17.3045,0.5809
31.619,raw,1092,-17.1713,16.2901,0.6118
31.619,raw,1102,-16.7999,15.1422,0.6553
31.619,raw,1112,-16.7133,14.2361,0.6810
31.619,raw,1122,-16.3831,13.2243,0.7176
31.619,raw,1132,-16.0613,12.2693,0.7518
31.619,raw,1142,-15.9426,11.4657,0.7737
31.619,raw,1152,-15.6959,10.6313,0.8005
31.619,raw,1162,-15.4597,9.8380,0.8253
31.619,raw,1172,-12.6451,8.0315,0.9753
31.619,raw,1182,-14.9979,8.3528,0.8702
31.619,raw,1192,-14.8289,7.6751,0.8878
31.619,raw,1202,-14.6517,7.0177,0.9047
31.619,raw,1212,-14.3756,6.3544,0.9253
31.619,raw,1222,-14.2557,5.7560,0.9375
31.619,raw,1232,-13.9816,5.1394,0.9560
31.619,raw,1242,-13.8565,4.5740,0.9666
31.619,raw,1252,-13.6979,4.0164,0.9780
31.619,raw,1262,-13.6292,3.4844,0.9845
31.619,raw,1272,-13.4439,2.9488,0.9956
31.619,raw,1282,-13.4496,2.4401,0.9973
31.619,raw,1293,-13.2360,-6.2299,1.3827
31.619,raw,1303,-13.0619,-6.7481,1.3816
31.619,raw,1313,-12.8629,-7.2578,1.3807
31.619,raw,1323,-12.6403,-7.7579,1.3800
31.619,raw,1333,-12.4143,-8.2589,1.3790
31.619,raw,1343,-12.2102,-8.7767,1.3771
31.619,raw,1353,-11.9868,-9.2885,1.3752
31.619,raw,1363,-11.8613,-9.8747,1.3703
31.619,raw,1373,-11.7151,-10.4620,1.3654
31.619,raw,1383,-11.5803,-11.0751,1.3596
31.619,raw,1393,-11.4289,-11.6948,1.3536
31.619,raw,1403,-11.2843,-12.3417,1.3467
31.619,raw,1413,-10.7868,-12.6850,1.3498
31.619,raw,1423,-10.6356,-13.3594,1.3419
31.619,raw,1433,-10.4547,-14.0332,1.3341
31.619,raw,1443,-10.2872,-14.7529,1.3250
31.619,raw,1453,-11.9627,-17.6712,1.2522
31.619,raw,1463,-11.7917,-18.5970,1.2389
31.619,raw,1473,-11.4710,-19.3837,1.2295
31.619,raw,1483,-11.2638,-20.3722,1.2147
31.619,raw,1493,-11.0435,-21.4119,1.1986
31.619,raw,1503,-10.8090,-22.5089,1.1811
31.619,raw,1513,-10.4447,-23.4770,1.1671
31.619,raw,1523,-10.1975,-24.7338,1.1457
31.619,raw,1533,-9.9485,-26.1104,1.1215
31.619,raw,1543,-9.5068,-27.2326,1.1036
31.619,raw,1553,-8.9090,-28.1199,1.0914
31.619,raw,1563,-8.1289,-28.6494,1.0874
31.619,raw,1573,-7.2965,-29.0722,1.0855
31.619,raw,1583,-6.5536,-29.7717,1.0765
31.619,raw,1593,-5.6995,-30.1970,1.0735
31.619,raw,1603,-4.8470,-30.6598,1.0691
31.619,raw,1613,-4.0547,-31.4126,1.0575
31.619,raw,1623,-3.1800,-31.9359,1.0507
31.619,raw,1633,-2.2984,-32.5218,1.0420
31.619,raw,1643,-1.3795,-33.0242,1.0346
31.619,raw,1653,-0.4676,-33.7330,1.0220
31.619,raw,1663,7.8391,-1.2396,1.7021
31.619,raw,1673,7.6898,-0.9961,1.7077
31.619,raw,1683,7.5667,-0.7849,1.7125
31.619,raw,1693,7.4480,-0.5900,1.7169
31.619,raw,1703,7.3454,-0.4162,1.7207
31.619,raw,1713,7.4371,-0.3453,1.7195
31.619,raw,1724,7.5470,-0.2675,1.7180
31.619,raw,1734,7.6616,-0.1986,1.7163
31.619,raw,1744,7.7901,-0.1299,1.7142
31.619,raw,1754,7.9299,-0.0591,1.7118
31.619,raw,1764,8.0397,0.0274,1.7101
31.619,raw,1774,8.2046,0.1036,1.7071
31.619,raw,1784,8.3352,0.1963,1.7048
31.619,raw,1794,-22.2800,22.0333,1.0577
31.619,raw,1804,-21.8864,20.5372,1.0846
31.619,raw,1814,-21.5239,19.1476,1.1091
31.619,raw,1824,-21.0625,17.7681,1.1346
31.619,raw,1834,-20.3533,16.3132,1.1650
31.619,raw,1844,-19.9471,15.1238,1.1862
31.619,raw,1854,-19.6386,14.0490,1.2037
31.619,raw,1864,-19.0691,12.8932,1.2266
31.619,raw,1874,-18.7872,11.9371,1.2414
31.619,raw,1884,-18.6835,11.0995,1.2511
31.619,raw,1894,-12.5744,7.8911,1.4028
31.619,raw,1904,-18.0327,9.3392,1.2788
31.619,raw,1914,-18.0281,8.6221,1.2842
31.619,raw,1924,-17.7042,7.8223,1.2963
31.619,raw,1934,-17.4147,7.0642,1.3071
31.619,raw,1944,-17.4563,6.4139,1.3097
31.619,raw,1954,-17.1761,5.7025,1.3192
31.619,raw,1964,-16.9090,5.0180,1.3279
31.619,raw,1974,-16.6275,4.3538,1.3364
31.619,raw,1984,-16.6671,3.7504,1.3374
31.619,raw,1994,-16.4312,3.1235,1.3440
31.619,raw,2004,-16.1865,2.5128,1.3505
31.619,raw,2014,-15.9604,1.9191,1.3561
31.619,raw,2024,-15.7240,1.3396,1.3616
31.619,raw,2034,-15.5009,0.7735,1.3664
31.619,raw,2044,-15.5769,0.2041,1.3642
31.619,raw,2054,-15.3427,-0.3464,1.3686
31.619,raw,2064,-15.1390,-0.8893,1.3719
31.619,raw,2074,-10.0099,-0.7420,1.4847
31.619,raw,2084,-14.7286,-1.9505,1.3777
31.619,raw,2094,-14.5285,-2.4716,1.3800
31.619,raw,2104,-14.3163,-2.9842,1.3822
31.619,raw,2114,-14.1323,-3.4987,1.3835
31.619,raw,2124,-13.9085,-3.9987,1.3853
31.619,raw,2134,-13.7485,-4.5145,1.3854
31.619,raw,2144,-13.5593,-5.0203,1.3858
31.619,raw,2155,-13.3981,-5.5942,1.3847
31.619,raw,2165,-28.3392,-13.3701,1.8482
31.619,raw,2175,-13.6242,-8.8162,1.8276
31.619,raw,2185,7.8093,-1.1895,1.8059
31.619,raw,2195,7.6731,-0.9576,1.8056
31.619,raw,2205,7.5359,-0.7408,1.8053
31.619,raw,2215,7.4277,-0.5545,1.8051
31.619,raw,2225,7.3539,-0.3973,1.8049
31.619,raw,2235,7.4722,-0.3386,1.8050
31.619,raw,2245,7.5911,-0.2750,1.8051
31.619,raw,2255,7.6906,-0.1985,1.8052
31.619,raw,2265,7.7998,-0.1216,1.8053
31.619,raw,2275,7.9227,-0.0446,1.8054
31.619,raw,2285,8.0745,0.0291,1.8056
31.619,raw,2295,8.1955,0.1186,1.8057
31.619,raw,2305,8.3507,0.2054,1.8059
31.619,raw,2315,-20.0120,-0.0935,1.8328
31.619,raw,2325,-17.7093,-2.6449,1.8301
31.619,raw,2335,-16.7706,-4.8909,1.8295
31.619,raw,2345,-17.5724,-7.7941,2.3826
31.619,raw,2355,7.8831,-1.3157,1.9119
31.619,raw,2365,7.7429,-1.0726,1.9057
31.619,raw,2375,7.6156,-0.8539,1.9002
31.619,raw,2385,7.4829,-0.6467,1.8948
31.619,raw,2395,7.3710,-0.4644,1.8902
31.619,raw,2405,7.4073,-0.3658,1.8899
31.619,raw,2415,7.5283,-0.3059,1.8920
31.619,raw,2425,7.6192,-0.2282,1.8933
31.619,raw,2435,7.7410,-0.1590,1.8955
31.619,raw,2445,7.8635,-0.0845,1.8977
31.619,raw,2455,7.9847,-0.0042,1.8999
31.619,raw,2465,8.1356,0.0730,1.9029
31.619,raw,2475,8.2797,0.1593,1.9058
31.619,raw,2485,-20.3422,-2.8929,2.4152
31.619,raw,2495,-18.7820,-6.4188,2.3988
31.619,raw,2505,-13.5154,-8.6213,2.7750
31.619,raw,2515,7.8018,-1.1846,2.0111
31.619,raw,2525,7.6634,-0.9516,1.9994
31.619,raw,2535,7.5439,-0.7454,1.9894
31.619,raw,2545,7.4256,-0.5534,1.9799
31.619,raw,2555,7.3561,-0.3984,1.9735
31.619,raw,2565,7.4610,-0.3334,1.9766
31.619,raw,2575,7.5629,-0.2628,1.9797
31.619,raw,2586,7.6952,-0.1885,1.9842
31.619,raw,2596,7.8156,-0.1154,1.9884
31.619,raw,2606,7.9470,-0.0406,1.9932
31.619,raw,2616,8.0796,0.0399,1.9982
31.619,raw,2626,8.2261,0.1229,2.0039
31.619,raw,2636,-18.6032,0.9649,2.8971
31.619,raw,2646,-18.9105,-8.3494,3.5905
31.619,raw,2656,-13.3906,-8.4201,3.2353
31.619,raw,2666,7.7828,-1.1572,2.1117
31.619,raw,2676,7.6494,-0.9291,2.0949
31.619,raw,2686,7.5213,-0.7194,2.0793
31.619,raw,2696,7.4118,-0.5338,2.0660
31.619,raw,2706,7.3703,-0.3939,2.0588
31.619,raw,2716,7.4702,-0.3260,2.0631
31.619,raw,2726,7.5694,-0.2539,2.0675
31.619,raw,2736,7.7059,-0.1927,2.0749
31.619,raw,2746,7.8341,-0.1221,2.0817
31.619,raw,2756,7.9433,-0.0394,2.0871
31.619,raw,2766,8.0861,0.0380,2.0952
31.619,raw,2776,8.2078,0.1278,2.1019
31.619,raw,2786,-18.6242,0.9647,3.4333
31.619,raw,2796,-21.4006,-0.0952,3.6348
31.619,raw,2806,-21.1825,-0.8152,3.6226
31.619,raw,2816,-20.9790,-1.5275,3.6129
31.619,raw,2826,-17.8261,-1.8242,3.3910
31.619,raw,2836,-20.3443,-3.0381,3.5830
31.619,raw,2846,-20.1621,-3.7300,3.5793
31.619,raw,2856,-19.9563,-4.4140,3.5754
31.619,raw,2866,-16.7403,-4.8820,3.3607
31.619,raw,2876,-16.1124,-7.3250,3.8954
31.619,raw,2886,-15.9352,-7.9386,3.9035
31.619,raw,2896,-18.5005,0.1843,3.9606
31.619,raw,2906,-18.3253,-0.4559,3.9476
31.619,raw,2916,-18.0394,-1.0773,3.9257
31.619,raw,2926,-17.8586,-1.6999,3.9156
31.619,raw,2936,-17.4152,-2.4653,3.8847
31.619,raw,2946,-17.2390,-3.0710,3.8787
31.619,raw,2956,-17.0685,-3.6749,3.8750
31.619,raw,2966,-16.8893,-4.2747,3.8720
31.619,raw,2976,-16.7139,-4.8743,3.8711
31.619,raw,2986,-16.5650,-5.6803,3.8805
31.619,raw,2996,-16.3785,-6.2800,3.8826
32.689,raw,0,8.0081,2.1197,0.9788
32.689,raw,11,7.7789,2.4482,1.0499
32.689,raw,22,7.6106,2.7086,1.1036
32.689,raw,33,7.4333,2.9535,1.1564
32.689,raw,44,7.3900,3.1023,1.1776
32.689,raw,56,7.4836,3.1821,1.1693
32.689,raw,67,7.5980,3.2445,1.1554
32.689,raw,78,7.6900,3.3222,1.1458
32.689,raw,89,7.8018,3.3954,1.1318
32.689,raw,101,7.9262,3.4802,1.1157
32.689,raw,112,8.0478,3.5610,1.0991
32.689,raw,123,8.1750,3.6462,1.0811
32.689,raw,134,8.3039,3.7372,1.0623
32.689,raw,146,7.8336,2.3814,1.1325
32.689,raw,157,7.6294,2.6707,1.1870
32.689,raw,168,7.4658,2.9104,1.2308
32.689,raw,179,7.3915,3.0795,1.2554
32.689,raw,191,7.4761,3.1643,1.2500
32.689,raw,202,7.5821,3.2304,1.2394
32.689,raw,213,7.6936,3.2987,1.2276
32.689,raw,224,7.7829,3.3811,1.2195
32.689,raw,236,7.8954,3.4694,1.2076
32.689,raw,247,8.0477,3.5385,1.1879
32.689,raw,258,8.1620,3.6271,1.1745
32.689,raw,269,8.2792,3.7205,1.1602
32.689,raw,281,7.8557,2.3368,1.2239
32.689,raw,292,7.6578,2.6258,1.2697
32.689,raw,303,7.4862,2.8741,1.3088
32.689,raw,314,7.3400,3.0874,1.3418
32.689,raw,326,7.4514,3.1556,1.3328
32.689,raw,337,7.5621,3.2184,1.3231
32.689,raw,348,7.6590,3.2924,1.3153
32.689,raw,359,7.7718,3.3637,1.3048
32.689,raw,371,7.9089,3.4421,1.2911
32.689,raw,382,8.0062,3.5301,1.2824
32.689,raw,393,8.1159,3.6184,1.2717
32.689,raw,404,8.2612,3.7022,1.2554
32.689,raw,416,7.8986,2.2765,1.3137
32.689,raw,427,7.7053,2.5673,1.3515
32.689,raw,438,7.5204,2.8286,1.3861
32.689,raw,449,7.3763,3.0441,1.4135
32.689,raw,460,7.4343,3.1322,1.4127
32.689,raw,472,7.5281,3.2136,1.4074
32.689,raw,483,7.6309,3.2836,1.4002
32.689,raw,494,7.7605,3.3464,1.3894
32.689,raw,505,7.8490,3.4318,1.3836
32.689,raw,517,7.9731,3.5192,1.3736
32.689,raw,528,8.1021,3.6001,1.3624
32.689,raw,539,8.2232,3.6897,1.3518
32.689,raw,550,7.9640,2.1834,1.4027
32.689,raw,562,7.7224,2.5287,1.4395
32.689,raw,573,7.5335,2.7959,1.4678
32.689,raw,584,7.3892,3.0142,1.4897
32.689,raw,595,7.4101,3.1237,1.4931
32.689,raw,607,7.5158,3.1981,1.4877
32.689,raw,618,7.6357,3.2594,1.4803
32.689,raw,629,7.7354,3.3352,1.4747
32.689,raw,640,7.8279,3.4180,1.4698
32.689,raw,652,7.9567,3.5026,1.4614
32.689,raw,663,8.0951,3.5796,1.4515
32.689,raw,674,8.2102,3.6703,1.4438
32.689,raw,685,8.0101,2.1182,1.4986
32.689,raw,697,7.7601,2.4752,1.5270
32.689,raw,708,7.5832,2.7390,1.5473
32.689,raw,719,7.4190,2.9737,1.5655
32.689,raw,730,7.3904,3.1129,1.5721
32.689,raw,742,7.5079,3.1803,1.5672
32.689,raw,753,7.6015,3.2538,1.5636
32.689,raw,764,7.7070,3.3256,1.5591
32.689,raw,775,7.8340,3.3934,1.5528
32.689,raw,787,7.9522,3.4819,1.5474
32.689,raw,798,8.0615,3.5678,1.5422
32.689,raw,809,8.2040,3.6491,1.5345
32.689,raw,820,8.3262,3.7431,1.5281
32.689,raw,832,-13.2295,10.8913,0.5039
32.689,raw,843,-13.0606,10.2166,0.5296
32.689,raw,854,-6.7261,-10.1740,0.9503
32.689,raw,865,-6.3386,-10.6483,0.9433
32.689,raw,876,-6.1245,-11.4048,0.9203
32.689,raw,888,-5.8361,-12.2113,0.8964
32.689,raw,899,-5.6225,-13.1058,0.8662
32.689,raw,910,-5.3167,-13.9165,0.8405
32.689,raw,921,-5.2396,-15.2797,0.7868
32.689,raw,933,-6.1560,-19.2248,0.6064
32.689,raw,944,-5.7161,-20.3412,0.5675
32.689,raw,955,-5.2545,-21.5568,0.5236
32.689,raw,966,-4.5602,-22.2741,0.5033
32.689,raw,978,7.7988,2.4202,1.6171
32.689,raw,989,7.6062,2.6988,1.6315
32.689,raw,1000,7.4335,2.9418,1.6440
32.689,raw,1011,7.3947,3.0886,1.6490
32.689,raw,1023,7.4932,3.1661,1.6467
32.689,raw,1034,7.5872,3.2388,1.6444
32.689,raw,1045,7.6865,3.3128,1.6417
32.689,raw,1056,7.7982,3.3859,1.6384
32.689,raw,1068,7.9304,3.4675,1.6341
32.689,raw,1079,8.0401,3.5523,1.6307
32.689,raw,1090,8.1754,3.6346,1.6259
32.689,raw,1101,8.2928,3.7285,1.6220
32.689,raw,1113,-18.2627,21.6475,0.5088
32.689,raw,1124,-18.0160,20.3841,0.5514
32.689,raw,1135,-17.8260,19.2270,0.5880
32.689,raw,1146,-17.3278,17.9419,0.6383
32.689,raw,1158,-16.9344,16.7138,0.6818
32.689,raw,1169,-16.7831,15.7609,0.7085
32.689,raw,1180,-16.4308,14.7519,0.7433
32.689,raw,1191,-16.0744,13.7931,0.7763
32.689,raw,1203,-15.8699,12.8761,0.8010
32.689,raw,1214,-15.5759,12.0310,0.8272
32.689,raw,1225,-15.2948,11.2278,0.8512
32.689,raw,1236,-13.2300,9.9355,0.9585
32.689,raw,1248,-14.6216,9.6338,0.9010
32.689,raw,1259,-14.3974,8.9441,0.9182
32.689,raw,1270,-14.1709,8.2778,0.9345
32.689,raw,1281,-13.9762,7.6386,0.9482
32.689,raw,1292,-13.6379,7.0001,0.9675
32.689,raw,1304,-13.4470,6.3496,0.9793
32.689,raw,1315,-13.3549,5.7732,0.9854
32.689,raw,1326,-13.0940,5.2003,0.9984
32.689,raw,1337,-12.8800,4.6446,1.0084
32.689,raw,1349,-12.1470,-3.9860,1.3851
32.689,raw,1360,-11.9284,-4.5452,1.3834
32.689,raw,1371,-11.6812,-5.0932,1.3820
32.689,raw,1382,-11.4066,-5.6289,1.3809
32.689,raw,1394,-11.1177,-6.2262,1.3788
32.689,raw,1405,-10.8522,-6.7814,1.3763
32.689,raw,1416,-10.5614,-7.3260,1.3740
32.689,raw,1427,-10.2944,-7.9004,1.3705
32.689,raw,1439,-9.9683,-8.5116,1.3670
32.689,raw,1450,-5.8602,-5.3748,1.4804
32.689,raw,1461,-5.6093,-5.7743,1.4781
32.689,raw,1472,-8.9510,-10.1578,1.3570
32.689,raw,1484,-8.6349,-10.8567,1.3500
32.689,raw,1495,-8.3060,-11.4801,1.3439
32.689,raw,1506,-8.0704,-12.2598,1.3334
32.689,raw,1517,-10.0235,-16.2535,1.2367
32.689,raw,1529,-9.6308,-17.2706,1.2228
32.689,raw,1540,-9.3405,-18.3951,1.2051
32.689,raw,1551,-9.0265,-19.5830,1.1858
32.689,raw,1562,-8.6848,-20.8393,1.1650
32.689,raw,1574,-8.1661,-22.0633,1.1458
32.689,raw,1585,-7.7923,-23.5533,1.1193
32.689,raw,1596,-7.1496,-24.5755,1.1039
32.689,raw,1607,-6.3132,-25.1946,1.0977
32.689,raw,1619,-5.3885,-25.9021,1.0895
32.689,raw,1630,-4.4548,-26.3373,1.0864
32.689,raw,1641,-3.5098,-26.7690,1.0826
32.689,raw,1652,-2.6154,-27.4833,1.0719
32.689,raw,1664,-1.5736,-28.1063,1.0630
32.689,raw,1675,-0.6371,-28.9669,1.0477
32.689,raw,1686,0.3908,-29.4443,1.0403
32.689,raw,1697,1.4551,-29.7627,1.0358
32.689,raw,1708,2.5350,-30.0543,1.0311
32.689,raw,1720,7.8406,2.3621,1.7098
32.689,raw,1731,7.6373,2.6525,1.7172
32.689,raw,1742,7.4895,2.8839,1.7227
32.689,raw,1753,7.3648,3.0839,1.7273
32.689,raw,1765,7.4550,3.1645,1.7264
32.689,raw,1776,7.5702,3.2253,1.7248
32.689,raw,1787,7.6824,3.2927,1.7232
32.689,raw,1798,7.7923,3.3662,1.7216
32.689,raw,1810,7.9104,3.4527,1.7199
32.689,raw,1821,8.0147,3.5384,1.7183
32.689,raw,1832,8.1579,3.6169,1.7159
32.689,raw,1843,8.2646,3.7128,1.7142
32.689,raw,1855,-23.4789,24.7822,1.0402
32.689,raw,1866,-22.8584,23.0569,1.0731
32.689,raw,1877,-21.9228,21.2447,1.1122
32.689,raw,1888,-21.4990,19.8584,1.1360
32.689,raw,1900,-20.8788,18.3483,1.1642
32.689,raw,1911,-20.0958,16.9430,1.1938
32.689,raw,1922,-19.6693,15.7930,1.2132
32.689,raw,1933,-19.2781,14.7171,1.2306
32.689,raw,1945,-18.6421,13.5239,1.2534
32.689,raw,1956,-18.2919,12.5754,1.2678
32.689,raw,1967,-13.0497,10.1579,1.3944
32.689,raw,1978,-17.4020,10.7507,1.2985
32.689,raw,1990,-17.2673,9.9131,1.3060
32.689,raw,2001,-16.9129,9.1181,1.3174
32.689,raw,2012,-16.5535,8.3548,1.3283
32.689,raw,2023,-16.4993,7.6649,1.3318
32.689,raw,2035,-16.1589,6.8937,1.3413
32.689,raw,2046,-15.8311,6.2111,1.3499
32.689,raw,2057,-15.8141,5.5651,1.3511
32.689,raw,2068,-15.4996,4.9190,1.3584
32.689,raw,2080,-15.1887,4.2365,1.3651
32.689,raw,2091,-14.9113,3.6283,1.3707
32.689,raw,2102,-14.6113,3.0374,1.3763
32.689,raw,2113,-14.3350,2.4594,1.3811
32.689,raw,2124,-14.3528,1.8496,1.3789
32.689,raw,2136,-14.0597,1.2351,1.3830
32.689,raw,2147,-9.9014,1.5432,1.4742
32.689,raw,2158,-13.6629,0.1038,1.3861
32.689,raw,2169,-13.4522,-0.4525,1.3874
32.689,raw,2181,-13.2367,-1.0604,1.3880
32.689,raw,2192,-13.0232,-1.6108,1.3885
32.689,raw,2203,-12.8246,-2.1662,1.3882
32.689,raw,2214,-12.6160,-2.7187,1.3878
32.689,raw,2226,-12.3828,-3.3211,1.3870
32.689,raw,2237,-25.9839,-10.8936,1.8464
32.689,raw,2248,-25.4974,-11.8624,1.8465
32.689,raw,2259,-24.9954,-12.8251,1.8465
32.689,raw,2271,-13.0856,-6.5782,1.8283
32.689,raw,2282,-23.9956,-14.8907,1.8469
32.689,raw,2293,-23.4880,-15.8755,1.8471
32.689,raw,2304,-23.0036,-16.8927,1.8474
32.689,raw,2316,-22.4514,-18.0057,1.8478
32.689,raw,2327,-21.9306,-19.0368,1.8482
32.689,raw,2338,7.8511,2.3401,1.8056
32.689,raw,2349,7.6583,2.6255,1.8051
32.689,raw,2361,7.4781,2.8910,1.8047
32.689,raw,2372,7.3515,3.0916,1.8044
32.689,raw,2383,7.4603,3.1508,1.8045
32.689,raw,2394,7.5572,3.2208,1.8046
32.689,raw,2406,7.6739,3.2966,1.8047
32.689,raw,2417,7.7646,3.3777,1.8048
32.689,raw,2428,7.8967,3.4467,1.8049
32.689,raw,2439,8.0006,3.5320,1.8050
32.689,raw,2451,8.1481,3.6199,1.8052
32.689,raw,2462,8.2538,3.7158,1.8053
32.689,raw,2473,-30.8417,2.6211,1.8480
32.689,raw,2484,-30.3721,1.5398,1.8475
32.689,raw,2496,-20.2439,1.6025,1.8338
32.689,raw,2507,-19.1474,0.9778,1.8325
32.689,raw,2518,-18.9351,0.2473,1.8323
32.689,raw,2529,-28.4628,-2.6626,1.8458
32.689,raw,2540,-19.0254,-1.3338,1.8329
32.689,raw,2552,-17.9633,-1.8946,1.8317
32.689,raw,2563,-17.7367,-2.5998,1.8317
32.689,raw,2574,-26.6822,-6.6530,1.8450
32.689,raw,2585,-26.2403,-7.6068,1.8449
32.689,raw,2597,-25.7839,-8.6544,1.8449
32.689,raw,2608,-26.3275,-10.0769,1.8463
32.689,raw,2619,-15.6352,-5.6643,2.3618
32.689,raw,2630,7.9017,2.2743,1.9037
32.689,raw,2642,7.6897,2.5912,1.8949
32.689,raw,2653,7.5097,2.8474,1.8877
32.689,raw,2664,7.3461,3.0729,1.8814
32.689,raw,2675,7.4330,3.1438,1.8824
32.689,raw,2687,7.5570,3.2100,1.8844
32.689,raw,2698,7.6598,3.2811,1.8859
32.689,raw,2709,7.7645,3.3558,1.8875
32.689,raw,2720,7.8871,3.4281,1.8897
32.689,raw,2732,7.9952,3.5226,1.8914
32.689,raw,2743,8.1077,3.6097,1.8933
32.689,raw,2754,8.2610,3.6906,1.8964
32.689,raw,2765,-20.6271,1.7007,2.4274
32.689,raw,2777,-19.4642,0.8568,2.4018
32.689,raw,2788,-19.3846,-1.2071,2.4102
32.689,raw,2799,-17.0485,-1.3563,2.3551
32.689,raw,2810,-16.8040,-2.0218,2.3541
32.689,raw,2822,-16.5635,-2.7547,2.3542
32.689,raw,2833,-16.2968,-3.6867,2.3562
32.689,raw,2844,-16.0526,-4.4253,2.3578
32.689,raw,2855,-15.8155,-5.1012,2.3595
32.689,raw,2867,-13.0543,-6.3452,2.8016
32.689,raw,2878,7.8397,2.3628,1.9970
32.689,raw,2889,7.6297,2.6576,1.9806
32.689,raw,2900,7.4707,2.8956,1.9680
32.689,raw,2912,7.3651,3.0946,1.9587
32.689,raw,2923,7.4592,3.1623,1.9610
32.689,raw,2934,7.5611,3.2298,1.9639
32.689,raw,2945,7.6727,3.2971,1.9674
32.689,raw,2956,7.7807,3.3710,1.9708
32.689,raw,2968,7.9236,3.4477,1.9758
32.689,raw,2979,8.0089,3.5404,1.9782
32.689,raw,2990,8.1475,3.6201,1.9834
32.689,raw,3001,8.2694,3.7115,1.9878
32.689,raw,3013,-19.1547,-4.0602,3.0177
32.689,raw,3024,7.9989,2.1265,2.1122
32.689,raw,3035,7.7771,2.4495,2.0858
32.689,raw,3046,7.5853,2.7251,2.0633
32.689,raw,3058,7.4151,2.9760,2.0434
32.689,raw,3069,7.4066,3.1038,2.0382
32.689,raw,3080,7.4984,3.1743,2.0416
32.689,raw,3091,7.6042,3.2416,2.0462
32.689,raw,3103,7.7160,3.3217,2.0511
32.689,raw,3114,7.8197,3.3992,2.0558
32.689,raw,3125,7.9324,3.4780,2.0613
32.689,raw,3136,8.0363,3.5648,2.0663
32.689,raw,3148,8.2005,3.6501,2.0757
32.689,raw,3159,8.3237,3.7437,2.0825
32.689,raw,3170,-15.5440,-5.4717,3.9449
32.689,raw,3181,7.4683,2.8971,2.1317
32.689,raw,3193,7.3705,3.0915,2.1141
32.689,raw,3204,7.4726,3.1552,2.1197
32.689,raw,3215,7.5479,3.2363,2.1226
32.689,raw,3226,7.6607,3.3026,2.1296
32.689,raw,3238,7.7873,3.3793,2.1378
32.689,raw,3249,-18.4444,2.4981,3.9985
32.689,raw,3260,-18.1959,1.7950,3.9825
32.689,raw,3271,-17.9599,1.0999,3.9698
32.689,raw,3283,-17.6886,0.3533,3.9569
32.689,raw,3294,-17.1953,-0.4647,3.9276
32.689,raw,3305,-16.9780,-1.1368,3.9234
32.689,raw,3316,-16.7388,-1.8000,3.9191
32.689,raw,3328,-16.4979,-2.5280,3.9188
32.689,raw,3339,-16.2521,-3.4610,3.9277
32.689,raw,3350,-16.0123,-4.1260,3.9308
32.689,raw,3361,-15.7858,-4.8004,3.9375
33.708,raw,0,7.9949,2.0491,1.0123
33.708,raw,11,7.7258,2.4470,1.0995
33.708,raw,23,7.4989,2.7869,1.1730
33.708,raw,34,7.3551,3.0224,1.2213
33.708,raw,46,7.4753,3.0690,1.2078
33.708,raw,57,7.5440,3.1432,1.2047
33.708,raw,69,7.6453,3.2103,1.1950
33.708,raw,80,7.7483,3.2699,1.1836
33.708,raw,92,7.8473,3.3467,1.1738
33.708,raw,103,7.9550,3.4128,1.1609
33.708,raw,115,8.0778,3.4882,1.1455
33.708,raw,126,8.1795,3.5669,1.1333
33.708,raw,138,8.3058,3.6526,1.1165
33.708,raw,149,7.8218,2.3084,1.1627
33.708,raw,161,7.5494,2.6975,1.2378
33.708,raw,173,7.3725,2.9764,1.2888
33.708,raw,184,7.4310,3.0557,1.2886
33.708,raw,196,7.5293,3.1202,1.2811
33.708,raw,207,7.6026,3.1928,1.2772
33.708,raw,219,7.7204,3.2531,1.2654
33.708,raw,230,7.8174,3.3190,1.2565
33.708,raw,242,7.9225,3.3957,1.2466
33.708,raw,253,8.0228,3.4685,1.2365
33.708,raw,265,8.1514,3.5451,1.2218
33.708,raw,276,8.2744,3.6195,1.2072
33.708,raw,288,7.8897,2.2047,1.2391
33.708,raw,299,7.6424,2.5706,1.2987
33.708,raw,311,7.4297,2.8878,1.3496
33.708,raw,322,7.3851,3.0445,1.3676
33.708,raw,334,7.4993,3.0965,1.3586
33.708,raw,346,7.5915,3.1674,1.3530
33.708,raw,357,7.6794,3.2334,1.3471
33.708,raw,369,7.7900,3.3011,1.3381
33.708,raw,380,7.9121,3.3577,1.3264
33.708,raw,392,8.0071,3.4430,1.3194
33.708,raw,403,8.0967,3.5237,1.3123
33.708,raw,415,8.2136,3.6086,1.3013
33.708,raw,426,7.9905,2.0530,1.3140
33.708,raw,438,7.7092,2.4747,1.3708
33.708,raw,449,7.4826,2.7996,1.4150
33.708,raw,461,7.3790,3.0160,1.4398
33.708,raw,472,7.4678,3.0741,1.4352
33.708,raw,484,7.5646,3.1410,1.4300
33.708,raw,495,7.6448,3.2106,1.4263
33.708,raw,507,7.7509,3.2792,1.4194
33.708,raw,519,7.8511,3.3555,1.4132
33.708,raw,530,7.9650,3.4189,1.4044
33.708,raw,542,8.0768,3.4994,1.3963
33.708,raw,553,8.1814,3.5771,1.3883
33.708,raw,565,8.3118,3.6616,1.3774
33.708,raw,576,7.8033,2.3388,1.4434
33.708,raw,588,7.5496,2.7100,1.4834
33.708,raw,599,7.3584,2.9869,1.5131
33.708,raw,611,7.4321,3.0659,1.5118
33.708,raw,622,7.5226,3.1246,1.5078
33.708,raw,634,7.6272,3.1888,1.5028
33.708,raw,645,7.7171,3.2550,1.4986
33.708,raw,657,7.8283,3.3241,1.4925
33.708,raw,668,7.9364,3.3892,1.4862
33.708,raw,680,8.0472,3.4687,1.4799
33.708,raw,692,8.1436,3.5591,1.4748
33.708,raw,703,8.2853,3.6266,1.4647
33.708,raw,715,7.8737,2.2338,1.5258
33.708,raw,726,7.6206,2.6015,1.5555
33.708,raw,738,7.4119,2.9128,1.5801
33.708,raw,749,7.3895,3.0522,1.5870
33.708,raw,761,7.5023,3.1053,1.5827
33.708,raw,772,7.6012,3.1615,1.5790
33.708,raw,784,7.6909,3.2375,1.5763
33.708,raw,795,7.7811,3.3058,1.5731
33.708,raw,807,7.8952,3.3766,1.5683
33.708,raw,818,7.9911,3.4502,1.5644
33.708,raw,830,8.1247,3.5231,1.5579
33.708,raw,841,8.2295,3.6028,1.5531
33.708,raw,853,20.2252,12.5774,0.6134
33.708,raw,865,-13.0058,10.0957,0.5139
33.708,raw,876,-6.2675,-10.4549,0.9389
33.708,raw,888,-5.9672,-11.1751,0.9199
33.708,raw,899,-5.7611,-11.9934,0.8939
33.708,raw,911,-5.4491,-12.8200,0.8691
33.708,raw,922,-5.1428,-13.6109,0.8446
33.708,raw,934,-5.0286,-15.0034,0.7908
33.708,raw,945,-4.9406,-16.4890,0.7315
33.708,raw,957,-5.4140,-19.7138,0.5885
33.708,raw,968,-4.9488,-20.8537,0.5482
33.708,raw,980,-4.2897,-21.8549,0.5155
33.708,raw,991,7.9459,2.1244,1.6134
33.708,raw,1003,7.6488,2.5519,1.6363
33.708,raw,1014,7.4627,2.8390,1.6511
33.708,raw,1026,7.3895,3.0304,1.6590
33.708,raw,1038,7.4917,3.0907,1.6567
33.708,raw,1049,7.5660,3.1617,1.6556
33.708,raw,1061,7.6858,3.2190,1.6523
33.708,raw,1072,7.7671,3.2919,1.6506
33.708,raw,1084,7.8734,3.3658,1.6479
33.708,raw,1095,7.9863,3.4308,1.6445
33.708,raw,1107,8.1083,3.5081,1.6408
33.708,raw,1118,8.2041,3.5903,1.6381
33.708,raw,1130,8.3343,3.6761,1.6338
33.708,raw,1141,-18.4042,21.2358,0.5040
33.708,raw,1153,-18.1248,19.8798,0.5492
33.708,raw,1164,-17.5947,18.5390,0.6022
33.708,raw,1176,-17.3767,17.3744,0.6376
33.708,raw,1187,-16.9435,16.2371,0.6797
33.708,raw,1199,-16.5505,15.1073,0.7187
33.708,raw,1211,-16.3272,14.1153,0.7467
33.708,raw,1222,-15.9533,13.1775,0.7789
33.708,raw,1234,-15.6055,12.2294,0.8091
33.708,raw,1245,-15.3297,11.4158,0.8330
33.708,raw,1257,-13.1300,10.0200,0.9474
33.708,raw,1268,-14.6890,9.8049,0.8814
33.708,raw,1280,-14.4253,9.0353,0.9011
33.708,raw,1291,-14.2108,8.3608,0.9168
33.708,raw,1303,-13.9605,7.6469,0.9333
33.708,raw,1314,-13.6087,6.9996,0.9531
33.708,raw,1326,-13.4266,6.3408,0.9643
33.708,raw,1337,-13.1791,5.7472,0.9774
33.708,raw,1349,-13.0236,5.1214,0.9854
33.708,raw,1360,-12.7822,4.5593,0.9964
33.708,raw,1372,-11.9018,-4.1710,1.3798
33.708,raw,1384,-11.6430,-4.7801,1.3783
33.708,raw,1395,-11.3773,-5.3265,1.3770
33.708,raw,1407,-11.0745,-5.9195,1.3755
33.708,raw,1418,-10.7950,-6.4676,1.3737
33.708,raw,1430,-10.4870,-7.0719,1.3711
33.708,raw,1441,-10.1971,-7.6295,1.3684
33.708,raw,1453,-9.8643,-8.2358,1.3653
33.708,raw,1464,-5.9099,-5.3548,1.4726
33.708,raw,1476,-9.2208,-9.4363,1.3574
33.708,raw,1487,-8.9253,-10.0502,1.3521
33.708,raw,1499,-8.4628,-10.5855,1.3501
33.708,raw,1510,-8.1388,-11.2094,1.3441
33.708,raw,1522,-7.7651,-11.8965,1.3373
33.708,raw,1533,-7.4272,-12.5670,1.3297
33.708,raw,1545,-9.5080,-17.0778,1.2216
33.708,raw,1557,-9.0778,-18.1101,1.2074
33.708,raw,1568,-8.7728,-19.2955,1.1882
33.708,raw,1580,-8.4039,-20.6570,1.1657
33.708,raw,1591,-7.9059,-21.7177,1.1497
33.708,raw,1603,-7.4716,-23.2556,1.1228
33.708,raw,1614,-6.8453,-24.2981,1.1070
33.708,raw,1626,-5.8476,-24.7234,1.1061
33.708,raw,1637,-5.0188,-25.3868,1.0982
33.708,raw,1649,-4.0409,-25.9526,1.0926
33.708,raw,1660,-3.1171,-26.4305,1.0878
33.708,raw,1672,-2.1580,-27.2530,1.0750
33.708,raw,1683,-1.2056,-27.8112,1.0671
33.708,raw,1695,-0.1139,-28.2523,1.0615
33.708,raw,1706,0.8774,-28.8769,1.0508
33.708,raw,1718,2.0275,-29.1726,1.0469
33.708,raw,1730,3.1776,-29.7479,1.0359
33.708,raw,1741,7.9429,2.1270,1.7096
33.708,raw,1753,7.6472,2.5532,1.7207
33.708,raw,1764,7.4371,2.8587,1.7285
33.708,raw,1776,7.3900,3.0300,1.7316
33.708,raw,1787,7.4740,3.0916,1.7309
33.708,raw,1799,7.5625,3.1638,1.7301
33.708,raw,1810,7.6684,3.2183,1.7287
33.708,raw,1822,7.7703,3.2902,1.7275
33.708,raw,1833,7.8674,3.3581,1.7263
33.708,raw,1845,7.9937,3.4274,1.7244
33.708,raw,1856,8.0741,3.5114,1.7235
33.708,raw,1868,8.2140,3.5866,1.7213
33.708,raw,1879,8.3277,3.6672,1.7195
33.708,raw,1891,-23.3995,23.6803,1.0502
33.708,raw,1903,-22.3004,21.6240,1.0952
33.708,raw,1914,-21.7947,20.1686,1.1212
33.708,raw,1926,-21.1771,18.6407,1.1494
33.708,raw,1937,-20.6048,17.3224,1.1739
33.708,raw,1949,-19.8504,15.9123,1.2022
33.708,raw,1960,-19.4312,14.8145,1.2202
33.708,raw,1972,-18.7605,13.5995,1.2438
33.708,raw,1983,-18.4103,12.6417,1.2581
33.708,raw,1995,-13.0069,10.1519,1.3884
33.708,raw,2006,-17.5348,10.7339,1.2887
33.708,raw,2018,-17.3729,9.8779,1.2967
33.708,raw,2029,-16.9753,9.0665,1.3089
33.708,raw,2041,-16.5712,8.2257,1.3209
33.708,raw,2052,-16.4925,7.5241,1.3248
33.708,raw,2064,-16.0927,6.7421,1.3354
33.708,raw,2076,-15.7438,5.9954,1.3443
33.708,raw,2087,-15.6798,5.3409,1.3463
33.708,raw,2099,-15.3466,4.6352,1.3538
33.708,raw,2110,-15.0072,4.0096,1.3609
33.708,raw,2122,-14.7236,3.3431,1.3663
33.708,raw,2133,-14.4110,2.7520,1.3720
33.708,raw,2145,-14.3575,2.0840,1.3713
33.708,raw,2156,-14.1044,1.5049,1.3748
33.708,raw,2168,-9.9330,1.7075,1.4661
33.708,raw,2179,-13.6319,0.3102,1.3796
33.708,raw,2191,-13.4021,-0.3076,1.3811
33.708,raw,2202,-13.1870,-0.8690,1.3821
33.708,raw,2214,-12.9412,-1.4748,1.3830
33.708,raw,2225,-12.7324,-2.0346,1.3830
33.708,raw,2237,-12.4852,-2.6377,1.3830
33.708,raw,2249,-12.2530,-3.2488,1.3821
33.708,raw,2260,-12.0354,-3.8100,1.3809
33.708,raw,2272,-21.2655,-9.5891,1.8404
33.708,raw,2283,-20.6669,-10.3312,1.8402
33.708,raw,2295,-23.4784,-13.3520,1.8456
33.708,raw,2306,-23.0146,-14.3253,1.8458
33.708,raw,2318,-22.5137,-15.4061,1.8461
33.708,raw,2329,-22.0375,-16.4017,1.8464
33.708,raw,2341,-21.4799,-17.4787,1.8468
33.708,raw,2352,-20.9557,-18.4761,1.8471
33.708,raw,2364,-20.3524,-19.5619,1.8475
33.708,raw,2375,-19.7867,-20.5719,1.8480
33.708,raw,2387,7.8757,2.2169,1.8054
33.708,raw,2398,7.6201,2.5888,1.8048
33.708,raw,2410,7.4127,2.9008,1.8043
33.708,raw,2422,7.4051,3.0412,1.8042
33.708,raw,2433,7.5001,3.0959,1.8043
33.708,raw,2445,7.5869,3.1702,1.8043
33.708,raw,2456,7.6923,3.2260,1.8044
33.708,raw,2468,7.7754,3.3089,1.8044
33.708,raw,2479,7.8869,3.3699,1.8045
33.708,raw,2491,8.0225,3.4362,1.8047
33.708,raw,2502,8.1106,3.5180,1.8047
33.708,raw,2514,8.2354,3.6006,1.8049
33.708,raw,2525,-30.5594,1.4178,1.8482
33.708,raw,2537,-29.5916,0.3069,1.8471
33.708,raw,2548,-28.8055,-0.6779,1.8462
33.708,raw,2560,-27.9235,-1.7021,1.8453
33.708,raw,2571,-10.1668,1.3406,1.8209
33.708,raw,2583,-26.3641,-3.5702,1.8438
33.708,raw,2595,-25.5648,-4.4919,1.8431
33.708,raw,2606,-16.7906,-2.5595,1.8310
33.708,raw,2618,-24.1384,-6.1994,1.8421
33.708,raw,2629,-23.4725,-6.9848,1.8416
33.708,raw,2641,-22.7634,-7.8249,1.8412
33.708,raw,2652,-22.1205,-8.5784,1.8408
33.708,raw,2664,7.9849,2.0580,1.9034
33.708,raw,2675,7.7205,2.4514,1.8921
33.708,raw,2687,7.4768,2.8041,1.8819
33.708,raw,2698,7.3699,3.0116,1.8767
33.708,raw,2710,7.4459,3.0890,1.8771
33.708,raw,2721,7.5701,3.1267,1.8792
33.708,raw,2733,7.6403,3.2132,1.8795
33.708,raw,2744,7.7550,3.2663,1.8814
33.708,raw,2756,7.8548,3.3429,1.8827
33.708,raw,2768,7.9622,3.4202,1.8842
33.708,raw,2779,8.0746,3.4895,1.8861
33.708,raw,2791,8.1707,3.5812,1.8875
33.708,raw,2802,8.3229,3.6467,1.8905
33.708,raw,2814,-19.6581,1.3252,2.4140
33.708,raw,2825,-19.2941,0.3067,2.4092
33.708,raw,2837,-17.1270,-1.1519,2.3650
33.708,raw,2848,-16.8882,-1.8326,2.3640
33.708,raw,2860,-16.6174,-2.5694,2.3632
33.708,raw,2871,-16.3453,-3.5152,2.3650
33.708,raw,2883,-16.1044,-4.3396,2.3673
33.708,raw,2894,-15.8715,-5.0303,2.3692
33.708,raw,2906,-15.5167,-5.8132,2.3700
33.708,raw,2917,7.7808,2.3580,1.9843
33.708,raw,2929,7.5625,2.6997,1.9657
33.708,raw,2941,7.3478,3.0059,1.9485
33.708,raw,2952,7.4271,3.0693,1.9498
33.708,raw,2964,7.5378,3.1256,1.9528
33.708,raw,2975,7.6355,3.1839,1.9553
33.708,raw,2987,7.7258,3.2608,1.9572
33.708,raw,2998,7.8257,3.3255,1.9600
33.708,raw,3010,7.9370,3.3997,1.9633
33.708,raw,3021,8.0431,3.4705,1.9665
33.708,raw,3033,8.1566,3.5540,1.9701
33.708,raw,3044,8.2858,3.6265,1.9747
33.708,raw,3056,-19.1699,-3.9942,3.0353
33.708,raw,3067,7.9615,2.0948,2.0963
33.708,raw,3079,7.6666,2.5238,2.0602
33.708,raw,3090,7.4629,2.8269,2.0352
33.708,raw,3102,7.3737,3.0308,2.0213
33.708,raw,3114,7.4764,3.0900,2.0250
33.708,raw,3125,7.5783,3.1432,2.0290
33.708,raw,3137,7.6837,3.2094,2.0331
33.708,raw,3148,7.7715,3.2788,2.0361
33.708,raw,3160,7.8661,3.3587,2.0395
33.708,raw,3171,7.9656,3.4294,2.0438
33.708,raw,3183,8.1071,3.4977,2.0512
33.708,raw,3194,8.2029,3.5798,2.0554
33.708,raw,3206,8.3154,3.6714,2.0608
33.708,raw,3217,-21.2097,1.4086,3.6871
33.708,raw,3229,7.7136,2.4572,2.1533
33.708,raw,3240,7.4965,2.7766,2.1180
33.708,raw,3252,7.3693,3.0120,2.0948
33.708,raw,3263,7.4444,3.0791,2.0970
33.708,raw,3275,7.5431,3.1438,2.1014
33.708,raw,3287,7.6357,3.2159,2.1054
33.708,raw,3298,7.7561,3.2656,2.1131
33.708,raw,3310,7.8589,3.3408,2.1184
33.708,raw,3321,7.9459,3.4170,2.1228
33.708,raw,3333,8.0667,3.4928,2.1304
33.708,raw,3344,8.1832,3.5655,2.1381
33.708,raw,3356,8.2979,3.6553,2.1454
33.708,raw,3367,-17.6928,0.3378,3.9932
33.708,raw,3379,-17.1711,-0.5556,3.9631
33.708,raw,3390,-16.9541,-1.2399,3.9596
33.708,raw,3402,-16.7027,-1.9798,3.9567
33.708,raw,3413,-16.4515,-2.6497,3.9542
33.708,raw,3425,-16.1925,-3.6656,3.9652
33.708,raw,3436,-15.9514,-4.3441,3.9692
33.708,raw,3448,-15.6963,-5.0924,3.9770
34.975,raw,0,7.8732,1.9134,1.0486
34.975,raw,10,7.3735,2.6210,1.2105
34.975,raw,21,7.2319,2.9053,1.2676
34.975,raw,32,7.2983,2.9655,1.2666
34.975,raw,43,7.3815,3.0114,1.2609
34.975,raw,53,7.4467,3.0641,1.2581
34.975,raw,64,7.5260,3.1175,1.2529
34.975,raw,75,7.6121,3.1681,1.2458
34.975,raw,86,7.6875,3.2292,1.2410
34.975,raw,96,7.7477,3.2919,1.2381
34.975,raw,107,7.8445,3.3437,1.2278
34.975,raw,118,7.9350,3.4031,1.2188
34.975,raw,129,8.0276,3.4649,1.2090
34.975,raw,139,8.1097,3.5253,1.2003
34.975,raw,150,7.6724,2.1907,1.2009
34.975,raw,161,7.2410,2.8130,1.3240
34.975,raw,172,7.2558,2.9273,1.3357
34.975,raw,183,7.3409,2.9704,1.3305
34.975,raw,193,7.3987,3.0291,1.3299
34.975,raw,204,7.4744,3.0842,1.3263
34.975,raw,215,7.5622,3.1318,1.3199
34.975,raw,226,7.6269,3.1992,1.3180
34.975,raw,236,7.7150,3.2415,1.3101
34.975,raw,247,7.7875,3.3074,1.3061
34.975,raw,258,7.8905,3.3571,1.2959
34.975,raw,269,7.9505,3.4351,1.2937
34.975,raw,279,8.0619,3.4778,1.2808
34.975,raw,290,8.1382,3.5524,1.2750
34.975,raw,301,7.4859,2.4575,1.3337
34.975,raw,312,7.1986,2.9045,1.4069
34.975,raw,323,7.2700,2.9589,1.4052
34.975,raw,333,7.3538,2.9920,1.3998
34.975,raw,344,7.4121,3.0611,1.4001
34.975,raw,355,7.5101,3.0981,1.3928
34.975,raw,366,7.5801,3.1605,1.3904
34.975,raw,376,7.6576,3.2086,1.3857
34.975,raw,387,7.7330,3.2708,1.3818
34.975,raw,398,7.8131,3.3323,1.3770
34.975,raw,409,7.9064,3.3887,1.3699
34.975,raw,419,7.9975,3.4400,1.3622
34.975,raw,430,8.0735,3.5126,1.3574
34.975,raw,441,7.8563,1.9328,1.3388
34.975,raw,452,7.3029,2.7099,1.4489
34.975,raw,462,7.2249,2.9123,1.4722
34.975,raw,473,7.2983,2.9655,1.4704
34.975,raw,484,7.3703,3.0214,1.4687
34.975,raw,495,7.4531,3.0695,1.4650
34.975,raw,506,7.5308,3.1244,1.4620
34.975,raw,516,7.6092,3.1703,1.4580
34.975,raw,527,7.6831,3.2322,1.4552
34.975,raw,538,7.7629,3.2923,1.4514
34.975,raw,549,7.8412,3.3559,1.4476
34.975,raw,559,7.9152,3.4142,1.4435
34.975,raw,570,8.0315,3.4628,1.4343
34.975,raw,581,8.1154,3.5328,1.4293
34.975,raw,592,7.6284,2.2555,1.4690
34.975,raw,602,7.2269,2.8278,1.5332
34.975,raw,613,7.2557,2.9275,1.5379
34.975,raw,624,7.3193,2.9905,1.5377
34.975,raw,635,7.4008,3.0382,1.5351
34.975,raw,646,7.4779,3.0920,1.5328
34.975,raw,656,7.5452,3.1449,1.5310
34.975,raw,667,7.6261,3.1998,1.5280
34.975,raw,678,7.7106,3.2549,1.5245
34.975,raw,689,7.8015,3.3088,1.5202
34.975,raw,699,7.8749,3.3664,1.5172
34.975,raw,710,7.9681,3.4254,1.5124
34.975,raw,721,8.0484,3.4948,1.5088
34.975,raw,732,8.1390,3.5621,1.5040
34.975,raw,742,7.4929,2.4499,1.5695
34.975,raw,753,7.2047,2.8982,1.6057
34.975,raw,764,7.2719,2.9571,1.6053
34.975,raw,775,7.3536,3.0033,1.6034
34.975,raw,785,7.4262,3.0490,1.6017
34.975,raw,796,7.5023,3.1044,1.6001
34.975,raw,807,7.5707,3.1675,1.5990
34.975,raw,818,7.6540,3.2215,1.5966
34.975,raw,829,7.7405,3.2762,1.5938
34.975,raw,839,7.8159,3.3305,1.5914
34.975,raw,850,7.8947,3.3955,1.5890
34.975,raw,861,7.9935,3.4524,1.5849
34.975,raw,872,8.0883,3.5155,1.5811
34.975,raw,882,20.0413,12.6033,0.6492
34.975,raw,893,-6.4989,-10.7411,0.9092
34.975,raw,904,-6.1180,-11.2756,0.8996
34.975,raw,915,-5.9108,-12.1002,0.8739
34.975,raw,925,-5.6087,-12.7252,0.8572
34.975,raw,936,-5.3561,-13.6021,0.8288
34.975,raw,947,-5.0084,-14.3856,0.8052
34.975,raw,958,-5.0377,-16.0126,0.7386
34.975,raw,969,-4.8883,-17.4705,0.6815
34.975,raw,979,-5.2413,-20.1443,0.5635
34.975,raw,990,-4.7419,-21.2444,0.5254
34.975,raw,1001,7.5491,2.3588,1.6432
34.975,raw,1012,7.1950,2.8849,1.6717
34.975,raw,1022,7.2567,2.9378,1.6715
34.975,raw,1033,7.3407,2.9818,1.6701
34.975,raw,1044,7.4057,3.0448,1.6698
34.975,raw,1055,7.4898,3.0930,1.6683
34.975,raw,1065,7.5553,3.1477,1.6675
34.975,raw,1076,7.6404,3.2000,1.6658
34.975,raw,1087,7.7052,3.2688,1.6651
34.975,raw,1098,7.7909,3.3256,1.6633
34.975,raw,1108,7.8875,3.3691,1.6605
34.975,raw,1119,7.9746,3.4320,1.6585
34.975,raw,1130,8.0620,3.4981,1.6563
34.975,raw,1141,8.1566,3.5641,1.6538
34.975,raw,1152,-19.5100,18.3850,0.5174
34.975,raw,1162,-19.2743,17.3572,0.5487
34.975,raw,1173,-18.7178,16.1370,0.5958
34.975,raw,1184,-18.1965,15.0022,0.6386
34.975,raw,1195,-17.9382,14.0338,0.6662
34.975,raw,1205,-17.5196,13.1220,0.6987
34.975,raw,1216,-17.1022,12.1820,0.7306
34.975,raw,1227,-16.6769,11.2850,0.7611
34.975,raw,1238,-13.3078,9.6759,0.9283
34.975,raw,1248,-16.0124,9.7230,0.8081
34.975,raw,1259,-15.7331,8.9675,0.8276
34.975,raw,1270,-15.3002,8.2140,0.8530
34.975,raw,1281,-15.0413,7.5177,0.8692
34.975,raw,1292,-14.8043,6.8455,0.8833
34.975,raw,1302,-14.5077,6.2454,0.8990
34.975,raw,1313,-14.3495,5.6136,0.9077
34.975,raw,1324,-14.0778,4.9928,0.9206
34.975,raw,1335,-13.9570,4.3851,0.9258
34.975,raw,1345,-12.6216,-4.8208,1.3510
34.975,raw,1356,-12.3148,-5.3866,1.3507
34.975,raw,1367,-11.9670,-5.9281,1.3511
34.975,raw,1378,-11.6590,-6.4962,1.3499
34.975,raw,1388,-11.3766,-7.0150,1.3485
34.975,raw,1399,-11.0499,-7.5796,1.3468
34.975,raw,1410,-10.7030,-8.1345,1.3452
34.975,raw,1421,-10.3765,-8.7142,1.3425
34.975,raw,1431,-10.0690,-9.2414,1.3398
34.975,raw,1442,-5.9233,-6.0828,1.4541
34.975,raw,1453,-9.4316,-10.4829,1.3305
34.975,raw,1464,-8.8916,-10.8879,1.3321
34.975,raw,1475,-8.5325,-11.5029,1.3270
34.975,raw,1485,-8.2305,-12.1140,1.3207
34.975,raw,1496,-7.9258,-12.8560,1.3118
34.975,raw,1507,-9.8643,-16.8807,1.2147
34.975,raw,1518,-9.5688,-17.9672,1.1984
34.975,raw,1528,-9.1221,-18.7412,1.1892
34.975,raw,1539,-8.7576,-19.8752,1.1716
34.975,raw,1550,-8.3838,-21.1016,1.1518
34.975,raw,1561,-7.8347,-22.0983,1.1376
34.975,raw,1571,-7.4545,-23.3573,1.1160
34.975,raw,1582,-6.8864,-24.5515,1.0967
34.975,raw,1593,-5.9357,-24.8856,1.0975
34.975,raw,1604,-5.0684,-25.4610,1.0920
34.975,raw,1615,-4.1732,-26.0027,1.0867
34.975,raw,1625,-3.3081,-26.3610,1.0844
34.975,raw,1636,-2.4192,-27.0505,1.0745
34.975,raw,1647,-1.4554,-27.5218,1.0690
34.975,raw,1658,-0.4752,-27.9977,1.0627
34.975,raw,1668,0.4207,-28.5118,1.0546
34.975,raw,1679,1.4738,-28.7025,1.0534
34.975,raw,1690,2.5187,-29.0512,1.0480
34.975,raw,1701,3.5750,-29.5105,1.0393
34.975,raw,1711,4.5522,-30.2023,1.0248
34.975,raw,1722,7.4908,2.4379,1.7261
34.975,raw,1733,7.1904,2.9014,1.7381
34.975,raw,1744,7.2691,2.9484,1.7376
34.975,raw,1754,7.3322,3.0007,1.7374
34.975,raw,1765,7.4257,3.0385,1.7364
34.975,raw,1776,7.4920,3.1020,1.7362
34.975,raw,1787,7.5734,3.1550,1.7355
34.975,raw,1798,7.6561,3.2096,1.7348
34.975,raw,1808,7.7344,3.2596,1.7340
34.975,raw,1819,7.8108,3.3235,1.7333
34.975,raw,1830,7.8943,3.3856,1.7324
34.975,raw,1841,7.9923,3.4428,1.7312
34.975,raw,1851,8.0765,3.5009,1.7301
34.975,raw,1862,8.1692,3.5685,1.7289
34.975,raw,1873,-24.7135,20.8827,1.0509
34.975,raw,1884,-24.0943,19.3810,1.0782
34.975,raw,1894,-23.2707,17.9702,1.1080
34.975,raw,1905,-23.1490,16.8438,1.1204
34.975,raw,1916,-22.0667,15.3863,1.1546
34.975,raw,1927,-21.7328,14.2915,1.1698
34.975,raw,1938,-21.4729,13.2644,1.1823
34.975,raw,1948,-20.9150,12.2720,1.2004
34.975,raw,1959,-20.3026,11.2357,1.2193
34.975,raw,1970,-20.1353,10.3491,1.2273
34.975,raw,1981,-19.5983,9.4181,1.2429
34.975,raw,1991,-19.1438,8.6153,1.2557
34.975,raw,2002,-18.9962,7.8124,1.2613
34.975,raw,2013,-18.5121,6.9954,1.2738
34.975,raw,2024,-18.0779,6.2162,1.2845
34.975,raw,2034,-18.0135,5.5429,1.2866
34.975,raw,2045,-17.5703,4.8096,1.2965
34.975,raw,2056,-17.1776,4.1022,1.3049
34.975,raw,2067,-16.7553,3.4200,1.3134
34.975,raw,2077,-16.4024,2.8176,1.3201
34.975,raw,2088,-16.0213,2.1736,1.3268
34.975,raw,2099,-15.9903,1.4920,1.3254
34.975,raw,2110,-15.6063,0.8739,1.3313
34.975,raw,2121,-10.1075,1.4336,1.4526
34.975,raw,2131,-14.9553,-0.2815,1.3397
34.975,raw,2142,-14.5985,-0.8643,1.3439
34.975,raw,2153,-14.2837,-1.4489,1.3467
34.975,raw,2164,-13.9480,-2.0179,1.3497
34.975,raw,2174,-13.6213,-2.5195,1.3525
34.975,raw,2185,-13.3877,-3.1169,1.3522
34.975,raw,2196,-13.1079,-3.6941,1.3526
34.975,raw,2207,-12.8482,-4.2810,1.3521
34.975,raw,2217,7.7173,2.1241,1.8051
34.975,raw,2228,7.2277,2.8148,1.8039
34.975,raw,2239,7.2467,2.9249,1.8038
34.975,raw,2250,7.3061,2.9917,1.8038
34.975,raw,2261,7.3945,3.0328,1.8039
34.975,raw,2271,7.4716,3.0758,1.8039
34.975,raw,2282,7.5459,3.1338,1.8039
34.975,raw,2293,7.6171,3.1959,1.8040
34.975,raw,2304,7.6989,3.2524,1.8040
34.975,raw,2314,7.7735,3.3060,1.8041
34.975,raw,2325,7.8651,3.3619,1.8041
34.975,raw,2336,7.9652,3.4168,1.8042
34.975,raw,2347,8.0411,3.4884,1.8043
34.975,raw,2357,8.1402,3.5413,1.8043
34.975,raw,2368,-18.9111,1.0919,1.8331
34.975,raw,2379,-16.5290,-3.5216,1.8316
34.975,raw,2390,-16.2456,-6.1644,1.8328
34.975,raw,2400,7.6128,2.2729,1.8880
34.975,raw,2411,7.1849,2.8838,1.8697
34.975,raw,2422,7.2656,2.9291,1.8703
34.975,raw,2433,7.3266,2.9948,1.8703
34.975,raw,2444,7.4079,3.0430,1.8710
34.975,raw,2454,7.4696,3.0989,1.8712
34.975,raw,2465,7.5620,3.1425,1.8724
34.975,raw,2476,7.6374,3.2021,1.8730
34.975,raw,2487,7.7083,3.2667,1.8735
34.975,raw,2497,7.7915,3.3151,1.8746
34.975,raw,2508,7.8694,3.3797,1.8754
34.975,raw,2519,7.9749,3.4319,1.8771
34.975,raw,2530,8.0485,3.5048,1.8778
34.975,raw,2540,8.1599,3.5524,1.8798
34.975,raw,2551,-13.1834,-6.5473,2.8467
34.975,raw,2562,7.4029,2.5623,1.9541
34.975,raw,2573,7.1961,2.9186,1.9348
34.975,raw,2584,7.2855,2.9553,1.9366
34.975,raw,2594,7.3421,3.0137,1.9367
34.975,raw,2605,7.4183,3.0666,1.9378
34.975,raw,2616,7.5028,3.1146,1.9394
34.975,raw,2627,7.5856,3.1669,1.9411
34.975,raw,2637,7.6480,3.2257,1.9418
34.975,raw,2648,7.7351,3.2797,1.9438
34.975,raw,2659,7.8180,3.3394,1.9457
34.975,raw,2670,7.9158,3.3936,1.9484
34.975,raw,2680,7.9891,3.4547,1.9501
34.975,raw,2691,8.0789,3.5201,1.9525
34.975,raw,2702,-21.5483,1.5385,3.1024
34.975,raw,2713,-13.0326,-6.4534,3.3441
34.975,raw,2723,7.5391,2.3700,2.0460
34.975,raw,2734,7.1805,2.9001,2.0007
34.975,raw,2745,7.2710,2.9352,2.0034
34.975,raw,2756,7.3414,2.9923,2.0043
34.975,raw,2767,7.4215,3.0421,2.0062
34.975,raw,2777,7.4821,3.0993,2.0069
34.975,raw,2788,7.5672,3.1492,2.0095
34.975,raw,2799,7.6484,3.2047,2.0118
34.975,raw,2810,7.7094,3.2762,2.0125
34.975,raw,2820,7.8020,3.3187,2.0165
34.975,raw,2831,7.8826,3.3822,2.0191
34.975,raw,2842,7.9760,3.4415,2.0228
34.975,raw,2853,8.0444,3.5170,2.0247
34.975,raw,2863,8.1479,3.5682,2.0298
34.975,raw,2874,-18.5884,1.9815,3.5225
34.975,raw,2885,-18.3283,1.2537,3.5112
34.975,raw,2896,-18.0624,0.5364,3.5011
34.975,raw,2907,-17.8259,-0.1791,3.4948
34.975,raw,2917,-17.3755,-0.7661,3.4730
34.975,raw,2928,-17.1395,-1.4654,3.4697
34.975,raw,2939,-16.9103,-2.1646,3.4684
34.975,raw,2950,-16.6674,-2.8586,3.4678
34.975,raw,2960,-19.2164,-4.7254,3.6861
34.975,raw,2971,-18.9474,-5.5146,3.6898
34.975,raw,2982,-18.6637,-6.3014,3.6944
34.975,raw,2993,-18.3873,-7.0974,3.7017
34.975,raw,3003,7.4481,2.4990,2.1120
34.975,raw,3014,7.2046,2.8983,2.0684
34.975,raw,3025,7.2631,2.9656,2.0678
34.975,raw,3036,7.3581,2.9993,2.0722
34.975,raw,3046,7.4357,3.0409,2.0751
34.975,raw,3057,7.4929,3.1119,2.0750
34.975,raw,3068,7.5784,3.1617,2.0785
34.975,raw,3079,7.6418,3.2301,2.0796
34.975,raw,3090,7.7320,3.2817,2.0839
34.975,raw,3100,7.8129,3.3324,2.0878
34.975,raw,3111,7.8980,3.3936,2.0918
34.975,raw,3122,7.9879,3.4553,2.0964
34.975,raw,3133,8.0749,3.5221,2.1009
34.975,raw,3143,7.2038,2.8402,2.1400
34.975,raw,3154,7.2359,2.9356,2.1345
34.975,raw,3165,7.3177,2.9808,2.1378
34.975,raw,3176,7.3982,3.0296,2.1410
34.975,raw,3186,7.4624,3.0834,2.1427
34.975,raw,3197,7.5374,3.1404,2.1454
34.975,raw,3208,7.6227,3.1919,2.1498
34.975,raw,3219,7.6794,3.2657,2.1503
36.318,raw,0,7.2712,2.9718,1.3044
36.318,raw,10,7.3390,3.0069,1.3027
36.318,raw,20,7.4013,3.0504,1.3024
36.318,raw,31,7.4566,3.1152,1.3058
36.318,raw,41,7.5248,3.1514,1.3029
36.318,raw,52,7.5859,3.2083,1.3034
36.318,raw,62,7.6448,3.2564,1.3025
36.318,raw,72,7.7159,3.2929,1.2981
36.318,raw,83,7.7808,3.3477,1.2964
36.318,raw,93,7.8429,3.3955,1.2937
36.318,raw,104,7.9267,3.4368,1.2868
36.318,raw,114,7.9785,3.4958,1.2861
36.318,raw,125,8.0636,3.5406,1.2784
36.318,raw,135,8.1336,3.5893,1.2729
36.318,raw,145,8.1901,3.6487,1.2702
36.318,raw,156,7.3015,2.9810,1.3665
36.318,raw,166,7.3524,3.0403,1.3697
36.318,raw,177,7.4248,3.0821,1.3681
36.318,raw,187,7.4934,3.1178,1.3657
36.318,raw,197,7.5501,3.1685,1.3661
36.318,raw,208,7.6119,3.2249,1.3663
36.318,raw,218,7.6741,3.2700,1.3646
36.318,raw,229,7.7420,3.3210,1.3626
36.318,raw,239,7.8115,3.3614,1.3588
36.318,raw,250,7.8905,3.4058,1.3539
36.318,raw,260,7.9479,3.4599,1.3523
36.318,raw,270,8.0196,3.5040,1.3475
36.318,raw,281,8.0783,3.5693,1.3461
36.318,raw,291,8.1529,3.6151,1.3402
36.318,raw,302,8.2382,3.6664,1.3330
36.318,raw,312,7.3181,3.0103,1.4319
36.318,raw,323,7.3929,3.0490,1.4302
36.318,raw,333,7.4443,3.1064,1.4322
36.318,raw,343,7.5068,3.1492,1.4314
36.318,raw,354,7.5804,3.1916,1.4291
36.318,raw,364,7.6419,3.2374,1.4281
36.318,raw,375,7.7156,3.2824,1.4254
36.318,raw,385,7.7804,3.3270,1.4232
36.318,raw,395,7.8342,3.3827,1.4229
36.318,raw,406,7.9119,3.4287,1.4189
36.318,raw,416,7.9673,3.4846,1.4177
36.318,raw,427,8.0453,3.5343,1.4133
36.318,raw,437,8.0982,3.5942,1.4121
36.318,raw,448,8.1889,3.6398,1.4051
36.318,raw,458,7.2796,2.9865,1.4947
36.318,raw,468,7.3459,3.0234,1.4938
36.318,raw,479,7.4094,3.0774,1.4945
36.318,raw,489,7.4688,3.1241,1.4946
36.318,raw,500,7.5385,3.1704,1.4935
36.318,raw,510,7.5966,3.2191,1.4933
36.318,raw,521,7.6790,3.2540,1.4897
36.318,raw,531,7.7269,3.3143,1.4907
36.318,raw,541,7.7985,3.3524,1.4877
36.318,raw,552,7.8716,3.4014,1.4851
36.318,raw,562,7.9356,3.4497,1.4830
36.318,raw,573,8.0020,3.5075,1.4811
36.318,raw,583,8.0805,3.5481,1.4766
36.318,raw,593,8.1499,3.5977,1.4733
36.318,raw,604,8.2193,3.6589,1.4704
36.318,raw,614,7.3084,2.9978,1.5562
36.318,raw,625,7.3768,3.0453,1.5562
36.318,raw,635,7.4360,3.0924,1.5563
36.318,raw,646,7.5026,3.1424,1.5561
36.318,raw,656,7.5600,3.1919,1.5561
36.318,raw,666,7.6299,3.2279,1.5543
36.318,raw,677,7.6930,3.2834,1.5539
36.318,raw,687,7.7592,3.3259,1.5523
36.318,raw,698,7.8231,3.3822,1.5515
36.318,raw,708,7.9010,3.4174,1.5482
36.318,raw,718,7.9906,3.4461,1.5434
36.318,raw,729,8.0277,3.5276,1.5453
36.318,raw,739,8.0918,3.5792,1.5433
36.318,raw,750,8.1727,3.6311,1.5398
36.318,raw,760,7.2865,2.9624,1.6171
36.318,raw,771,7.3465,3.0226,1.6182
36.318,raw,781,7.4179,3.0536,1.6170
36.318,raw,791,7.4653,3.1164,1.6184
36.318,raw,802,7.5352,3.1626,1.6178
36.318,raw,812,7.5883,3.2169,1.6182
36.318,raw,823,7.6662,3.2561,1.6165
36.318,raw,833,7.7194,3.3110,1.6166
36.318,raw,844,7.8026,3.3486,1.6142
36.318,raw,854,7.8530,3.4072,1.6143
36.318,raw,864,7.9412,3.4350,1.6109
36.318,raw,875,7.9890,3.5075,1.6114
36.318,raw,885,8.0672,3.5478,1.6088
36.318,raw,896,8.1358,3.6072,1.6072
36.318,raw,906,8.2128,3.6535,1.6045
36.318,raw,916,20.4913,13.7639,0.6267
36.318,raw,927,-6.7110,-10.9273,0.8715
36.318,raw,937,-6.3900,-11.4810,0.8602
36.318,raw,948,-6.0810,-12.1847,0.8422
36.318,raw,958,-5.7838,-12.8400,0.8248
36.318,raw,969,-5.4594,-13.6154,0.8027
36.318,raw,979,-5.2548,-14.5368,0.7711
36.318,raw,989,-5.1518,-15.7385,0.7252
36.318,raw,1000,-6.1105,-19.4251,0.5558
36.318,raw,1010,-5.6729,-20.3672,0.5253
36.318,raw,1021,7.2802,2.9855,1.6804
36.318,raw,1031,7.3480,3.0205,1.6800
36.318,raw,1042,7.4195,3.0641,1.6797
36.318,raw,1052,7.4774,3.1134,1.6798
36.318,raw,1062,7.5261,3.1733,1.6805
36.318,raw,1073,7.6019,3.2133,1.6796
36.318,raw,1083,7.6685,3.2538,1.6788
36.318,raw,1094,7.7280,3.3132,1.6788
36.318,raw,1104,7.7945,3.3560,1.6780
36.318,raw,1114,7.8657,3.3963,1.6768
36.318,raw,1125,7.9289,3.4552,1.6763
36.318,raw,1135,7.9975,3.5010,1.6752
36.318,raw,1146,8.0791,3.5491,1.6735
36.318,raw,1156,8.1490,3.5983,1.6721
36.318,raw,1167,8.2177,3.6600,1.6711
36.318,raw,1177,23.7716,16.0349,0.8450
36.318,raw,1187,-19.6379,16.6732,0.5284
36.318,raw,1198,-19.1343,15.5086,0.5705
36.318,raw,1208,-18.6763,14.5034,0.6068
36.318,raw,1219,-18.2744,13.4879,0.6398
36.318,raw,1229,-17.9021,12.6036,0.6685
36.318,raw,1239,-17.5877,11.7725,0.6930
36.318,raw,1250,-17.0326,10.8425,0.7282
36.318,raw,1260,-13.3869,9.3556,0.9052
36.318,raw,1271,-16.4277,9.2861,0.7702
36.318,raw,1281,-15.9860,8.5593,0.7955
36.318,raw,1292,-15.7051,7.8218,0.8128
36.318,raw,1302,-15.3512,7.1624,0.8321
36.318,raw,1312,-15.1425,6.5364,0.8438
36.318,raw,1323,-14.8051,5.8606,0.8607
36.318,raw,1333,-14.7269,5.2671,0.8647
36.318,raw,1344,-13.7537,-4.7612,1.3156
36.318,raw,1354,-13.4474,-5.3127,1.3159
36.318,raw,1365,-13.0752,-5.8984,1.3167
36.318,raw,1375,-12.7975,-6.4670,1.3155
36.318,raw,1385,-12.5500,-7.0603,1.3130
36.318,raw,1396,-12.2884,-7.7306,1.3093
36.318,raw,1406,-12.0442,-8.3471,1.3056
36.318,raw,1417,-11.7544,-9.0234,1.3015
36.318,raw,1427,-11.5093,-9.6683,1.2965
36.318,raw,1437,-11.2320,-10.3021,1.2919
36.318,raw,1448,-10.9449,-11.0370,1.2854
36.318,raw,1458,-10.2902,-11.3257,1.2911
36.318,raw,1469,-9.9899,-12.0769,1.2837
36.318,raw,1479,-9.7035,-12.7736,1.2764
36.318,raw,1490,-10.8270,-15.3490,1.2169
36.318,raw,1500,-10.5487,-16.2351,1.2053
36.318,raw,1510,-10.2621,-17.1624,1.1927
36.318,raw,1521,-9.7836,-18.0095,1.1834
36.318,raw,1531,-9.4752,-19.0246,1.1683
36.318,raw,1542,-9.0934,-20.1597,1.1513
36.318,raw,1552,-8.7324,-21.2553,1.1342
36.318,raw,1563,-8.1931,-22.2968,1.1195
36.318,raw,1573,-7.7923,-23.5194,1.0992
36.318,raw,1583,-7.3921,-24.8764,1.0756
36.318,raw,1594,-6.6491,-25.8096,1.0630
36.318,raw,1604,-5.8182,-26.3299,1.0589
36.318,raw,1615,-4.8379,-26.7460,1.0574
36.318,raw,1625,-3.9291,-27.0817,1.0564
36.318,raw,1635,-3.0841,-27.6656,1.0492
36.318,raw,1646,-2.0679,-28.0414,1.0467
36.318,raw,1656,-1.1400,-28.3983,1.0434
36.318,raw,1667,-0.1761,-29.1785,1.0305
36.318,raw,1677,0.7683,-29.6488,1.0236
36.318,raw,1688,1.8610,-29.8848,1.0215
36.318,raw,1698,7.2841,2.9796,1.7419
36.318,raw,1708,7.3449,3.0248,1.7419
36.318,raw,1719,7.4027,3.0863,1.7423
36.318,raw,1729,7.4748,3.1166,1.7418
36.318,raw,1740,7.5334,3.1763,1.7420
36.318,raw,1750,7.6076,3.2071,1.7414
36.318,raw,1760,7.6634,3.2590,1.7414
36.318,raw,1771,7.7543,3.2877,1.7405
36.318,raw,1781,7.7988,3.3521,1.7407
36.318,raw,1792,7.8664,3.4060,1.7404
36.318,raw,1802,7.9238,3.4593,1.7402
36.318,raw,1813,7.9920,3.5151,1.7398
36.318,raw,1823,8.0744,3.5525,1.7388
36.318,raw,1833,8.1342,3.6083,1.7384
36.318,raw,1844,8.2121,3.6635,1.7376
36.318,raw,1854,-25.2126,20.1703,1.0393
36.318,raw,1865,-25.1216,18.9372,1.0526
36.318,raw,1875,-24.4232,17.5979,1.0784
36.318,raw,1886,-24.3499,16.4667,1.0890
36.318,raw,1896,-23.7427,15.2805,1.1105
36.318,raw,1906,-22.8735,14.0708,1.1370
36.318,raw,1917,-22.7257,13.0448,1.1465
36.318,raw,1927,-21.9523,11.9789,1.1689
36.318,raw,1938,-13.5203,9.2683,1.3637
36.318,raw,1948,-21.1835,10.0856,1.1943
36.318,raw,1958,-20.6748,9.2101,1.2085
36.318,raw,1969,-20.1437,8.2928,1.2229
36.318,raw,1979,-19.7070,7.4983,1.2343
36.318,raw,1990,-19.7995,6.6920,1.2336
36.318,raw,2000,-19.3480,5.9402,1.2443
36.318,raw,2011,-18.8814,5.1446,1.2549
36.318,raw,2021,-18.4749,4.4465,1.2636
36.318,raw,2031,-18.0689,3.7705,1.2719
36.318,raw,2042,-17.6255,3.0510,1.2805
36.318,raw,2052,-18.0161,2.3229,1.2702
36.318,raw,2063,-17.5990,1.6186,1.2773
36.318,raw,2073,-17.2260,0.9943,1.2831
36.318,raw,2084,-16.8166,0.3247,1.2891
36.318,raw,2094,-16.4602,-0.2731,1.2938
36.318,raw,2104,-9.8995,0.8473,1.4402
36.318,raw,2115,-15.7179,-1.4919,1.3025
36.318,raw,2125,-15.3946,-2.0662,1.3053
36.318,raw,2136,-15.0211,-2.6828,1.3085
36.318,raw,2146,-14.6787,-3.2342,1.3111
36.318,raw,2156,-14.3359,-3.7787,1.3133
36.318,raw,2167,-16.1987,-5.3723,1.8331
36.318,raw,2177,-16.4756,-6.5481,1.8341
36.318,raw,2188,7.2826,2.9955,1.8035
36.318,raw,2198,7.3458,3.0365,1.8036
36.318,raw,2209,7.4243,3.0704,1.8036
36.318,raw,2219,7.4720,3.1321,1.8036
36.318,raw,2229,7.5441,3.1639,1.8036
36.318,raw,2240,7.6072,3.2187,1.8036
36.318,raw,2250,7.6659,3.2674,1.8036
36.318,raw,2261,7.7477,3.3049,1.8036
36.318,raw,2271,7.7975,3.3637,1.8036
36.318,raw,2281,7.8655,3.4067,1.8037
36.318,raw,2292,7.9216,3.4711,1.8037
36.318,raw,2302,7.9915,3.5155,1.8037
36.318,raw,2313,8.0744,3.5623,1.8038
36.318,raw,2323,8.1433,3.6119,1.8038
36.318,raw,2334,8.2195,3.6685,1.8038
36.318,raw,2344,-19.5286,0.4264,1.8349
36.318,raw,2354,-17.8734,-3.2938,1.8341
36.318,raw,2365,-16.8877,-5.5433,1.8340
36.318,raw,2375,7.3141,3.0029,1.8652
36.318,raw,2386,7.3845,3.0475,1.8653
36.318,raw,2396,7.4410,3.0983,1.8652
36.318,raw,2407,7.5124,3.1426,1.8654
36.318,raw,2417,7.5756,3.1856,1.8656
36.318,raw,2427,7.6350,3.2335,1.8658
36.318,raw,2438,7.6944,3.2928,1.8657
36.318,raw,2448,7.7724,3.3239,1.8666
36.318,raw,2459,7.8401,3.3773,1.8669
36.318,raw,2469,7.8793,3.4457,1.8665
36.318,raw,2479,7.9590,3.4811,1.8675
36.318,raw,2490,8.0412,3.5275,1.8684
36.318,raw,2500,8.1221,3.5679,1.8695
36.318,raw,2511,8.1715,3.6415,1.8695
36.318,raw,2521,-17.6727,-0.7127,2.4001
36.318,raw,2532,7.2904,2.9703,1.9276
36.318,raw,2542,7.3491,3.0189,1.9273
36.318,raw,2552,7.3984,3.0795,1.9263
36.318,raw,2563,7.4681,3.1250,1.9267
36.318,raw,2573,7.5293,3.1694,1.9269
36.318,raw,2584,7.5970,3.2186,1.9273
36.318,raw,2594,7.6653,3.2571,1.9282
36.318,raw,2605,7.7313,3.3100,1.9286
36.318,raw,2615,7.7716,3.3771,1.9278
36.318,raw,2625,7.8477,3.4119,1.9294
36.318,raw,2636,7.9293,3.4549,1.9311
36.318,raw,2646,7.9771,3.5166,1.9311
36.318,raw,2657,8.0718,3.5544,1.9336
36.318,raw,2667,8.1295,3.6115,1.9343
36.318,raw,2677,8.2152,3.6519,1.9367
36.318,raw,2688,-15.8363,-5.0461,3.5178
36.318,raw,2698,-15.6001,-5.6980,3.5231
36.318,raw,2709,-15.3213,-6.4111,3.5293
36.318,raw,2719,7.2885,3.0002,1.9879
36.318,raw,2730,7.3636,3.0377,1.9888
36.318,raw,2740,7.4231,3.0844,1.9887
36.318,raw,2750,7.4862,3.1266,1.9891
36.318,raw,2761,7.5567,3.1725,1.9898
36.318,raw,2771,7.6115,3.2253,1.9896
36.318,raw,2782,7.6791,3.2757,1.9904
36.318,raw,2792,7.7405,3.3225,1.9911
36.318,raw,2802,7.8118,3.3612,1.9930
36.318,raw,2813,7.8826,3.4126,1.9943
36.318,raw,2823,7.9537,3.4553,1.9963
36.318,raw,2834,8.0139,3.5182,1.9970
36.318,raw,2844,8.0855,3.5642,1.9992
36.318,raw,2855,8.1512,3.6259,2.0005
36.318,raw,2865,8.2265,3.6737,2.0032
36.318,raw,2875,-18.4451,1.4189,3.5614
36.318,raw,2886,-18.1751,0.6797,3.5513
36.318,raw,2896,-17.9143,0.0183,3.5423
36.318,raw,2907,-17.6267,-0.7012,3.5340
36.318,raw,2917,-17.2115,-1.3060,3.5163
36.318,raw,2928,-16.9408,-2.0137,3.5122
36.318,raw,2938,-16.6886,-2.6523,3.5095
36.318,raw,2948,-16.4473,-3.2933,3.5089
36.318,raw,2959,-16.1889,-4.1503,3.5146
36.318,raw,2969,-15.9458,-4.7946,3.5173
36.318,raw,2980,7.3010,2.9952,2.0508
36.318,raw,2990,7.3634,3.0380,2.0508
36.318,raw,3000,7.4272,3.0791,2.0513
36.318,raw,3011,7.4870,3.1376,2.0505
36.318,raw,3021,7.5606,3.1680,2.0528
36.318,raw,3032,7.6111,3.2370,2.0511
36.318,raw,3042,7.6758,3.2791,2.0525
36.318,raw,3053,7.7485,3.3254,2.0543
36.318,raw,3063,7.8297,3.3554,2.0580
36.318,raw,3073,7.8825,3.4126,2.0582
36.318,raw,3084,7.9424,3.4744,2.0589
36.318,raw,3094,8.0232,3.5112,2.0628
36.318,raw,3105,8.0767,3.5801,2.0631
36.318,raw,3115,8.1629,3.6182,2.0678
37.330,raw,0,7.3676,3.0716,1.3170
37.330,raw,10,7.4369,3.0974,1.3161
37.330,raw,21,7.5009,3.1512,1.3200
37.330,raw,31,7.5662,3.1845,1.3198
37.330,raw,42,7.6307,3.2342,1.3221
37.330,raw,53,7.6925,3.2868,1.3246
37.330,raw,63,7.7592,3.3175,1.3226
37.330,raw,74,7.8136,3.3795,1.3265
37.330,raw,85,7.8972,3.4009,1.3204
37.330,raw,95,7.9480,3.4546,1.3224
37.330,raw,106,8.0211,3.4926,1.3191
37.330,raw,117,8.0860,3.5414,1.3179
37.330,raw,127,8.1378,3.5937,1.3184
37.330,raw,138,8.2043,3.6419,1.3159
37.330,raw,148,8.2712,3.6809,1.3118
37.330,raw,159,8.3462,3.7247,1.3067
37.330,raw,170,7.4275,3.0825,1.3766
37.330,raw,180,7.4825,3.1387,1.3811
37.330,raw,191,7.5533,3.1775,1.3815
37.330,raw,202,7.6113,3.2387,1.3856
37.330,raw,212,7.6812,3.2635,1.3833
37.330,raw,223,7.7505,3.3043,1.3829
37.330,raw,234,7.8163,3.3505,1.3831
37.330,raw,244,7.8707,3.3997,1.3844
37.330,raw,255,7.9299,3.4539,1.3855
37.330,raw,265,7.9973,3.4867,1.3826
37.330,raw,276,8.0573,3.5403,1.3828
37.330,raw,287,8.1272,3.5835,1.3802
37.330,raw,297,8.1806,3.6341,1.3799
37.330,raw,308,8.2626,3.6686,1.3741
37.330,raw,319,8.3289,3.7198,1.3716
37.330,raw,329,7.4008,3.0877,1.4407
37.330,raw,340,7.4794,3.1116,1.4390
37.330,raw,351,7.5465,3.1589,1.4407
37.330,raw,361,7.6018,3.2111,1.4435
37.330,raw,372,7.6570,3.2753,1.4474
37.330,raw,382,7.7301,3.2954,1.4443
37.330,raw,393,7.7919,3.3472,1.4455
37.330,raw,404,7.8492,3.4043,1.4474
37.330,raw,414,7.9188,3.4328,1.4447
37.330,raw,425,7.9786,3.4862,1.4452
37.330,raw,436,8.0538,3.5221,1.4422
37.330,raw,446,8.1127,3.5667,1.4412
37.330,raw,457,8.1741,3.6199,1.4405
37.330,raw,468,8.2485,3.6614,1.4371
37.330,raw,478,8.2980,3.7170,1.4372
37.330,raw,489,7.3944,3.0656,1.4997
37.330,raw,499,7.4492,3.1233,1.5031
37.330,raw,510,7.5254,3.1516,1.5022
37.330,raw,521,7.5872,3.2071,1.5045
37.330,raw,531,7.6474,3.2489,1.5052
37.330,raw,542,7.7206,3.2832,1.5042
37.330,raw,553,7.7916,3.3219,1.5034
37.330,raw,563,7.8394,3.3808,1.5058
37.330,raw,574,7.8944,3.4405,1.5075
37.330,raw,585,7.9719,3.4715,1.5047
37.330,raw,595,8.0194,3.5280,1.5061
37.330,raw,606,8.0934,3.5658,1.5036
37.330,raw,616,8.1566,3.6061,1.5019
37.330,raw,627,8.2190,3.6586,1.5010
37.330,raw,638,8.3043,3.6914,1.4963
37.330,raw,648,7.3696,3.0670,1.5619
37.330,raw,659,7.4401,3.1081,1.5627
37.330,raw,670,7.5118,3.1460,1.5629
37.330,raw,680,7.5712,3.1908,1.5641
37.330,raw,691,7.6410,3.2309,1.5641
37.330,raw,702,7.7030,3.2837,1.5653
37.330,raw,712,7.7612,3.3277,1.5658
37.330,raw,723,7.8214,3.3809,1.5667
37.330,raw,733,7.8798,3.4239,1.5667
37.330,raw,744,7.9510,3.4625,1.5654
37.330,raw,755,8.0107,3.5158,1.5657
37.330,raw,765,8.0824,3.5453,1.5633
37.330,raw,776,8.1494,3.5924,1.5622
37.330,raw,787,8.2167,3.6403,1.5609
37.330,raw,797,8.2864,3.6773,1.5585
37.330,raw,808,8.3338,3.7452,1.5594
37.330,raw,819,7.4249,3.1059,1.6234
37.330,raw,829,7.4842,3.1519,1.6245
37.330,raw,840,7.5586,3.1832,1.6241
37.330,raw,850,7.6157,3.2310,1.6251
37.330,raw,861,7.6859,3.2698,1.6249
37.330,raw,872,7.7506,3.3173,1.6252
37.330,raw,882,7.8095,3.3601,1.6254
37.330,raw,893,7.8811,3.3980,1.6246
37.330,raw,904,7.9377,3.4558,1.6254
37.330,raw,914,8.0058,3.4880,1.6241
37.330,raw,925,8.0776,3.5287,1.6229
37.330,raw,936,8.1314,3.5897,1.6235
37.330,raw,946,8.1972,3.6283,1.6222
37.330,raw,957,8.2655,3.6761,1.6210
37.330,raw,967,8.3271,3.7213,1.6199
37.330,raw,978,22.5002,14.5880,0.5191
37.330,raw,989,-7.4314,-9.7089,0.8680
37.330,raw,999,-7.1462,-10.2799,0.8571
37.330,raw,1010,-6.7397,-10.8191,0.8501
37.330,raw,1021,-6.4348,-11.5102,0.8339
37.330,raw,1031,-6.1586,-12.1747,0.8169
37.330,raw,1042,-5.9611,-13.1113,0.7868
37.330,raw,1053,-5.7029,-14.0307,0.7580
37.330,raw,1063,-5.6553,-15.2592,0.7111
37.330,raw,1074,-6.8242,-19.0219,0.5357
37.330,raw,1084,-6.4225,-20.0006,0.5046
37.330,raw,1095,7.4226,3.1109,1.6838
37.330,raw,1106,7.4980,3.1405,1.6835
37.330,raw,1116,7.5557,3.1887,1.6843
37.330,raw,1127,7.6198,3.2385,1.6848
37.330,raw,1138,7.6905,3.2762,1.6846
37.330,raw,1148,7.7409,3.3321,1.6856
37.330,raw,1159,7.8201,3.3577,1.6845
37.330,raw,1170,7.8857,3.4040,1.6844
37.330,raw,1180,7.9468,3.4444,1.6842
37.330,raw,1191,8.0020,3.5036,1.6846
37.330,raw,1201,8.0854,3.5201,1.6827
37.330,raw,1212,8.1400,3.5809,1.6830
37.330,raw,1223,8.1960,3.6397,1.6831
37.330,raw,1233,8.2589,3.6821,1.6824
37.330,raw,1244,8.3242,3.7338,1.6817
37.330,raw,1255,-18.5801,19.2900,0.5015
37.330,raw,1265,-18.2040,18.1712,0.5407
37.330,raw,1276,-17.8566,17.0348,0.5780
37.330,raw,1287,-17.6074,15.9973,0.6080
37.330,raw,1297,-17.2677,15.0464,0.6391
37.330,raw,1308,-16.9425,14.0660,0.6691
37.330,raw,1318,-16.4635,13.1501,0.7036
37.330,raw,1329,-16.2118,12.2779,0.7266
37.330,raw,1340,-15.9531,11.4361,0.7485
37.330,raw,1350,-13.1038,10.0737,0.8894
37.330,raw,1361,-15.3584,9.8912,0.7910
37.330,raw,1372,-14.9990,9.1180,0.8137
37.330,raw,1382,-14.8193,8.4631,0.8264
37.330,raw,1393,-14.4758,7.7446,0.8460
37.330,raw,1404,-13.8426,-2.2552,1.3231
37.330,raw,1414,-13.5977,-2.8260,1.3235
37.330,raw,1425,-13.3092,-3.4448,1.3239
37.330,raw,1435,-13.0766,-4.0211,1.3231
37.330,raw,1446,-12.8548,-4.6764,1.3210
37.330,raw,1457,-12.5431,-5.2884,1.3205
37.330,raw,1467,-12.3476,-5.9001,1.3174
37.330,raw,1478,-12.1702,-6.6093,1.3124
37.330,raw,1489,-11.9478,-7.3054,1.3079
37.330,raw,1499,-11.7557,-7.9604,1.3029
37.330,raw,1510,-11.5550,-8.7092,1.2964
37.330,raw,1521,-11.3561,-9.4848,1.2890
37.330,raw,1531,-10.7692,-9.8529,1.2935
37.330,raw,1542,-10.5638,-10.6589,1.2848
37.330,raw,1552,-10.3499,-11.3959,1.2767
37.330,raw,1563,-10.1042,-12.2316,1.2672
37.330,raw,1574,-11.2762,-14.7313,1.2089
37.330,raw,1584,-10.9098,-15.4967,1.2013
37.330,raw,1595,-10.6420,-16.5525,1.1868
37.330,raw,1606,-10.3457,-17.6412,1.1715
37.330,raw,1616,-10.0868,-18.7155,1.1553
37.330,raw,1627,-9.6326,-19.7224,1.1423
37.330,raw,1638,-9.3030,-21.0150,1.1218
37.330,raw,1648,-8.9656,-22.2288,1.1022
37.330,raw,1659,-8.4601,-23.4328,1.0840
37.330,raw,1669,-8.1112,-24.8661,1.0591
37.330,raw,1680,-7.4484,-25.9963,1.0425
37.330,raw,1691,-6.4473,-26.4152,1.0426
37.330,raw,1701,-5.6454,-27.0915,1.0350
37.330,raw,1712,-4.6461,-27.5591,1.0326
37.330,raw,1723,-3.6217,-27.9705,1.0307
37.330,raw,1733,-2.7846,-28.7178,1.0199
37.330,raw,1744,7.4144,3.1111,1.7437
37.330,raw,1755,7.4973,3.1254,1.7432
37.330,raw,1765,7.5551,3.1742,1.7436
37.330,raw,1776,7.6149,3.2323,1.7441
37.330,raw,1786,7.6843,3.2585,1.7438
37.330,raw,1797,7.7444,3.3135,1.7441
37.330,raw,1808,7.8112,3.3577,1.7441
37.330,raw,1818,7.8732,3.3963,1.7440
37.330,raw,1829,7.9293,3.4546,1.7443
37.330,raw,1840,7.9983,3.4968,1.7440
37.330,raw,1850,8.0703,3.5257,1.7434
37.330,raw,1861,8.1253,3.5855,1.7436
37.330,raw,1872,8.1988,3.6267,1.7431
37.330,raw,1882,8.2489,3.6813,1.7431
37.330,raw,1893,8.3295,3.7192,1.7423
37.330,raw,1903,-23.8226,22.4316,1.0356
37.330,raw,1914,-22.9846,20.7584,1.0695
37.330,raw,1925,-22.4436,19.3352,1.0943
37.330,raw,1935,-21.9364,18.1010,1.1159
37.330,raw,1946,-21.2056,16.7418,1.1425
37.330,raw,1957,-20.5276,15.4827,1.1666
37.330,raw,1967,-20.2964,14.5322,1.1785
37.330,raw,1978,-19.8056,13.4505,1.1962
37.330,raw,1989,-19.7706,12.5445,1.2025
37.330,raw,1999,-13.0542,10.1209,1.3593
37.330,raw,2010,-18.9779,10.7107,1.2289
37.330,raw,2020,-18.6245,9.8921,1.2400
37.330,raw,2031,-18.6337,9.0827,1.2427
37.330,raw,2042,-18.2256,8.2326,1.2540
37.330,raw,2052,-17.9025,7.4916,1.2627
37.330,raw,2063,-17.5323,6.7012,1.2721
37.330,raw,2074,-17.1856,5.9373,1.2804
37.330,raw,2084,-16.8809,5.2628,1.2872
37.330,raw,2095,-16.9233,4.5260,1.2859
37.330,raw,2106,-16.5942,3.8109,1.2923
37.330,raw,2116,-16.3121,3.1745,1.2973
37.330,raw,2127,-16.0070,2.4883,1.3022
37.330,raw,2137,-15.7312,1.8762,1.3063
37.330,raw,2148,-15.4103,1.2179,1.3108
37.330,raw,2159,-10.0719,1.7088,1.4283
37.330,raw,2169,-9.9092,1.2508,1.4294
37.330,raw,2180,-14.5611,-0.6557,1.3193
37.330,raw,2191,-14.2845,-1.2899,1.3210
37.330,raw,2201,-14.0460,-1.8671,1.3218
37.330,raw,2212,-17.1780,-5.3542,1.8351
37.330,raw,2223,7.3999,3.0715,1.8035
37.330,raw,2233,7.4655,3.1063,1.8035
37.330,raw,2244,7.5338,3.1514,1.8035
37.330,raw,2254,7.5854,3.2104,1.8034
37.330,raw,2265,7.6615,3.2395,1.8035
37.330,raw,2276,7.7202,3.2974,1.8034
37.330,raw,2286,7.7793,3.3399,1.8034
37.330,raw,2297,7.8523,3.3754,1.8034
37.330,raw,2308,7.9120,3.4296,1.8034
37.330,raw,2318,7.9709,3.4727,1.8034
37.330,raw,2329,8.0473,3.5073,1.8035
37.330,raw,2340,8.1012,3.5683,1.8035
37.330,raw,2350,8.1620,3.6111,1.8035
37.330,raw,2361,8.2237,3.6643,1.8035
37.330,raw,2371,8.2916,3.7027,1.8035
37.330,raw,2382,-20.2835,1.2221,1.8365
37.330,raw,2393,-15.4119,-6.0217,2.4095
37.330,raw,2403,7.4036,3.0996,1.8633
37.330,raw,2414,7.4684,3.1510,1.8629
37.330,raw,2425,7.5438,3.1799,1.8631
37.330,raw,2435,7.6055,3.2194,1.8629
37.330,raw,2446,7.6689,3.2696,1.8627
37.330,raw,2457,7.7329,3.3179,1.8625
37.330,raw,2467,7.7934,3.3577,1.8625
37.330,raw,2478,7.8541,3.4098,1.8623
37.330,raw,2488,7.9168,3.4471,1.8625
37.330,raw,2499,7.9924,3.4811,1.8631
37.330,raw,2510,8.0504,3.5369,1.8630
37.330,raw,2520,8.1173,3.5726,1.8634
37.330,raw,2531,8.1639,3.6403,1.8631
37.330,raw,2542,8.2598,3.6611,1.8644
37.330,raw,2552,8.3059,3.7200,1.8643
37.330,raw,2563,-19.0773,-4.2471,3.1124
37.330,raw,2574,7.4061,3.0758,1.9244
37.330,raw,2584,7.4663,3.1217,1.9236
37.330,raw,2595,7.5374,3.1604,1.9234
37.330,raw,2605,7.5956,3.2072,1.9228
37.330,raw,2616,7.6612,3.2543,1.9224
37.330,raw,2627,7.7213,3.3090,1.9217
37.330,raw,2637,7.7831,3.3472,1.9218
37.330,raw,2648,7.8495,3.3917,1.9219
37.330,raw,2659,7.9217,3.4291,1.9226
37.330,raw,2669,7.9776,3.4760,1.9225
37.330,raw,2680,8.0413,3.5253,1.9227
37.330,raw,2691,8.1141,3.5652,1.9236
37.330,raw,2701,8.1622,3.6213,1.9233
37.330,raw,2712,8.2370,3.6620,1.9245
37.330,raw,2722,8.3125,3.6942,1.9262
37.330,raw,2733,-20.3919,-0.9535,3.1263
37.330,raw,2744,-16.1589,-3.7346,3.5438
37.330,raw,2754,-15.9162,-4.3911,3.5461
37.330,raw,2765,-15.6748,-5.1287,3.5525
37.330,raw,2776,-15.4063,-5.8595,3.5587
37.330,raw,2786,7.4087,3.0881,1.9842
37.330,raw,2797,7.4779,3.1314,1.9835
37.330,raw,2808,7.5442,3.1792,1.9826
37.330,raw,2818,7.6037,3.2226,1.9819
37.330,raw,2829,7.6693,3.2689,1.9815
37.330,raw,2839,7.7305,3.3082,1.9814
37.330,raw,2850,7.7925,3.3592,1.9808
37.330,raw,2861,7.8709,3.3872,1.9825
37.330,raw,2871,7.9284,3.4323,1.9824
37.330,raw,2882,7.9893,3.4848,1.9823
37.330,raw,2893,8.0540,3.5329,1.9827
37.330,raw,2903,8.1130,3.5771,1.9832
37.330,raw,2914,8.1826,3.6218,1.9844
37.330,raw,2925,8.2556,3.6650,1.9861
37.330,raw,2935,8.3230,3.7050,1.9877
37.330,raw,2946,-18.4801,2.4530,3.5944
37.330,raw,2956,-18.2575,1.7594,3.5852
37.330,raw,2967,-17.9656,1.0128,3.5732
37.330,raw,2978,-17.7232,0.2656,3.5666
37.330,raw,2988,-17.2742,-0.3531,3.5451
37.330,raw,2999,-17.0344,-1.0846,3.5418
37.330,raw,3010,-16.7829,-1.8102,3.5392
37.330,raw,3020,-16.5212,-2.4571,3.5359
37.330,raw,3031,7.3772,3.0679,2.0454
37.330,raw,3042,7.4465,3.1118,2.0443
37.330,raw,3052,7.5075,3.1544,2.0432
37.330,raw,3063,7.5687,3.2106,2.0411
37.330,raw,3073,7.6342,3.2426,2.0416
37.330,raw,3084,7.7039,3.2822,2.0418
37.330,raw,3095,7.7634,3.3374,2.0405
37.330,raw,3105,7.8249,3.3761,2.0408
37.330,raw,3116,7.8935,3.4178,2.0415
37.330,raw,3127,7.9649,3.4569,2.0427
37.330,raw,3137,8.0216,3.5033,2.0428
37.330,raw,3148,8.0804,3.5584,2.0426
37.330,raw,3159,8.1486,3.6037,2.0440
37.330,raw,3169,8.2169,3.6401,2.0462
37.330,raw,3180,8.2770,3.6958,2.0468
38.394,raw,0,7.2411,3.0699,1.3181
38.394,raw,11,7.3115,3.1158,1.3226
38.394,raw,23,7.3851,3.1702,1.3280
38.394,raw,34,7.4595,3.1976,1.3280
38.394,raw,46,7.5296,3.2539,1.3328
38.394,raw,58,7.6001,3.3050,1.3362
38.394,raw,69,7.6599,3.3593,1.3404
38.394,raw,81,7.7248,3.4161,1.3441
38.394,raw,93,7.7974,3.4575,1.3441
38.394,raw,104,7.8593,3.5028,1.3452
38.394,raw,116,7.9256,3.5535,1.3462
38.394,raw,128,7.9866,3.6108,1.3483
38.394,raw,139,8.0531,3.6491,1.3464
38.394,raw,151,8.1279,3.6894,1.3433
38.394,raw,162,8.1815,3.7445,1.3444
38.394,raw,174,7.2858,3.1000,1.3827
38.394,raw,186,7.3617,3.1495,1.3866
38.394,raw,197,7.4360,3.1783,1.3870
38.394,raw,209,7.5035,3.2423,1.3927
38.394,raw,221,7.5802,3.2804,1.3934
38.394,raw,232,7.6330,3.3504,1.4001
38.394,raw,244,7.7106,3.3837,1.3991
38.394,raw,256,7.7757,3.4394,1.4018
38.394,raw,267,7.8343,3.4905,1.4040
38.394,raw,279,7.9046,3.5350,1.4039
38.394,raw,290,7.9582,3.5912,1.4064
38.394,raw,302,8.0342,3.6282,1.4038
38.394,raw,314,8.0927,3.6882,1.4054
38.394,raw,325,8.1513,3.7367,1.4052
38.394,raw,337,7.2665,3.0613,1.4392
38.394,raw,349,7.3389,3.1260,1.4449
38.394,raw,360,7.4133,3.1560,1.4455
38.394,raw,372,7.4810,3.2216,1.4507
38.394,raw,384,7.5485,3.2816,1.4548
38.394,raw,395,7.6164,3.3203,1.4557
38.394,raw,407,7.6799,3.3817,1.4594
38.394,raw,418,7.7495,3.4147,1.4588
38.394,raw,430,7.8128,3.4724,1.4613
38.394,raw,442,7.8766,3.5271,1.4630
38.394,raw,453,7.9441,3.5633,1.4619
38.394,raw,465,8.0174,3.6044,1.4605
38.394,raw,477,8.0855,3.6531,1.4599
38.394,raw,488,8.1363,3.7117,1.4616
38.394,raw,500,8.2014,3.7640,1.4610
38.394,raw,512,7.3159,3.1018,1.5034
38.394,raw,523,7.3813,3.1593,1.5073
38.394,raw,535,7.4548,3.2099,1.5099
38.394,raw,546,7.5229,3.2514,1.5114
38.394,raw,558,7.5934,3.3027,1.5135
38.394,raw,570,7.6601,3.3591,1.5160
38.394,raw,581,7.7198,3.4108,1.5181
38.394,raw,593,7.7893,3.4574,1.5188
38.394,raw,605,7.8626,3.4977,1.5183
38.394,raw,616,7.9278,3.5380,1.5180
38.394,raw,628,7.9865,3.5993,1.5198
38.394,raw,640,8.0440,3.6605,1.5214
38.394,raw,651,8.1226,3.6850,1.5178
38.394,raw,663,8.1894,3.7359,1.5171
38.394,raw,674,7.2817,3.0881,1.5635
38.394,raw,686,7.3582,3.1372,1.5657
38.394,raw,698,7.4238,3.2107,1.5701
38.394,raw,709,7.4942,3.2461,1.5707
38.394,raw,721,7.5668,3.2929,1.5721
38.394,raw,733,7.6334,3.3496,1.5742
38.394,raw,744,7.7003,3.3880,1.5745
38.394,raw,756,7.7674,3.4398,1.5757
38.394,raw,768,7.8360,3.4877,1.5762
38.394,raw,779,7.9040,3.5235,1.5756
38.394,raw,791,7.9740,3.5694,1.5753
38.394,raw,802,8.0430,3.6055,1.5742
38.394,raw,814,8.1074,3.6596,1.5744
38.394,raw,826,8.1666,3.7194,1.5750
38.394,raw,837,7.2589,3.0609,1.6223
38.394,raw,849,7.3290,3.1328,1.6257
38.394,raw,861,7.4024,3.1861,1.6275
38.394,raw,872,7.4772,3.2118,1.6274
38.394,raw,884,7.5428,3.2771,1.6298
38.394,raw,896,7.6175,3.3179,1.6302
38.394,raw,907,7.6734,3.3792,1.6322
38.394,raw,919,7.7370,3.4369,1.6337
38.394,raw,930,7.8139,3.4571,1.6322
38.394,raw,942,7.8818,3.5064,1.6326
38.394,raw,954,7.9421,3.5662,1.6336
38.394,raw,965,8.0050,3.6093,1.6335
38.394,raw,977,8.0748,3.6554,1.6330
38.394,raw,989,8.1507,3.6951,1.6318
38.394,raw,1000,8.2026,3.7525,1.6323
38.394,raw,1012,-7.6857,-8.5253,0.8891
38.394,raw,1024,-7.2681,-9.0881,0.8841
38.394,raw,1035,-6.9724,-9.7134,0.8722
38.394,raw,1047,-6.5454,-10.3001,0.8646
38.394,raw,1058,-6.1337,-10.8295,0.8575
38.394,raw,1070,-5.8846,-11.7048,0.8324
38.394,raw,1082,-5.5803,-12.5677,0.8080
38.394,raw,1093,-5.2901,-13.4030,0.7833
38.394,raw,1105,-4.9824,-14.4096,0.7512
38.394,raw,1117,-4.9624,-16.0612,0.6860
38.394,raw,1128,-5.8397,-19.5887,0.5249
38.394,raw,1140,7.2622,3.0765,1.6835
38.394,raw,1152,7.3402,3.1218,1.6844
38.394,raw,1163,7.4032,3.1838,1.6861
38.394,raw,1175,7.4773,3.2308,1.6869
38.394,raw,1186,7.5460,3.2697,1.6874
38.394,raw,1198,7.6162,3.3207,1.6881
38.394,raw,1210,7.6808,3.3800,1.6892
38.394,raw,1221,7.7457,3.4215,1.6895
38.394,raw,1233,7.8150,3.4688,1.6898
38.394,raw,1245,7.8823,3.5184,1.6900
38.394,raw,1256,7.9515,3.5528,1.6895
38.394,raw,1268,8.0150,3.6076,1.6898
38.394,raw,1280,8.0838,3.6552,1.6896
38.394,raw,1291,8.1537,3.6916,1.6888
38.394,raw,1303,8.2149,3.7495,1.6889
38.394,raw,1314,-17.9754,19.4889,0.5156
38.394,raw,1326,-17.6296,18.2089,0.5573
38.394,raw,1338,-17.2976,17.0046,0.5954
38.394,raw,1349,-17.0342,15.9732,0.6260
38.394,raw,1361,-16.7007,14.8806,0.6593
38.394,raw,1373,-16.4080,13.8553,0.6884
38.394,raw,1384,-15.9494,12.8931,0.7224
38.394,raw,1396,-15.6457,11.9554,0.7482
38.394,raw,1408,-15.4063,11.0732,0.7692
38.394,raw,1419,-15.0229,10.2565,0.7947
38.394,raw,1431,-14.7757,9.4370,0.8131
38.394,raw,1442,-14.3897,8.6858,0.8360
38.394,raw,1454,-13.2968,-1.2151,1.3373
38.394,raw,1466,-13.0727,-1.9034,1.3368
38.394,raw,1477,-12.8623,-2.5345,1.3360
38.394,raw,1489,-12.6007,-3.2122,1.3353
38.394,raw,1501,-12.3653,-3.9064,1.3334
38.394,raw,1512,-12.1456,-4.5473,1.3312
38.394,raw,1524,-11.8844,-5.2432,1.3287
38.394,raw,1536,-11.5631,-5.9115,1.3271
38.394,raw,1547,-11.2649,-6.5278,1.3251
38.394,raw,1559,-10.9228,-7.1967,1.3228
38.394,raw,1570,-10.6211,-7.8280,1.3198
38.394,raw,1582,-10.1350,-8.3998,1.3202
38.394,raw,1594,-9.7966,-9.1033,1.3157
38.394,raw,1605,-5.6276,-6.0847,1.4285
38.394,raw,1617,-9.1598,-10.5257,1.3041
38.394,raw,1629,-8.9449,-11.4395,1.2927
38.394,raw,1640,-8.4205,-11.9443,1.2920
38.394,raw,1652,-8.1718,-12.9050,1.2792
38.394,raw,1664,-9.9723,-16.6907,1.1888
38.394,raw,1675,-9.5499,-17.6168,1.1776
38.394,raw,1687,-9.2280,-18.9116,1.1578
38.394,raw,1698,-8.9011,-20.1527,1.1384
38.394,raw,1710,-8.3897,-21.3611,1.1210
38.394,raw,1722,-8.0037,-22.9371,1.0943
38.394,raw,1733,-7.5248,-24.2910,1.0721
38.394,raw,1745,-6.8015,-25.4875,1.0546
38.394,raw,1757,-5.8566,-26.2702,1.0465
38.394,raw,1768,-4.8786,-26.7418,1.0443
38.394,raw,1780,-3.8970,-27.5551,1.0342
38.394,raw,1792,-2.8048,-28.0941,1.0296
38.394,raw,1803,-1.7847,-28.5682,1.0252
38.394,raw,1815,7.2646,3.0679,1.7433
38.394,raw,1826,7.3328,3.1212,1.7440
38.394,raw,1838,7.4058,3.1766,1.7446
38.394,raw,1850,7.4741,3.2389,1.7454
38.394,raw,1861,7.5390,3.2857,1.7458
38.394,raw,1873,7.6169,3.3193,1.7457
38.394,raw,1885,7.6831,3.3756,1.7462
38.394,raw,1896,7.7349,3.4407,1.7469
38.394,raw,1908,7.8181,3.4636,1.7464
38.394,raw,1920,7.8836,3.5165,1.7466
38.394,raw,1931,7.9439,3.5636,1.7467
38.394,raw,1943,8.0086,3.6161,1.7468
38.394,raw,1954,8.0693,3.6621,1.7468
38.394,raw,1966,8.1480,3.6982,1.7463
38.394,raw,1978,8.2124,3.7522,1.7462
38.394,raw,1989,-22.8564,22.3772,1.0521
38.394,raw,2001,-22.3663,20.7972,1.0784
38.394,raw,2013,-21.7817,19.2610,1.1052
38.394,raw,2024,-21.0307,17.8364,1.1335
38.394,raw,2036,-20.5620,16.5227,1.1544
38.394,raw,2048,-19.8388,15.1842,1.1799
38.394,raw,2059,-19.2458,14.0529,1.2004
38.394,raw,2071,-18.9385,12.9870,1.2139
38.394,raw,2082,-18.3844,11.9768,1.2316
38.394,raw,2094,-17.8569,10.9500,1.2482
38.394,raw,2106,-17.5791,10.0213,1.2583
38.394,raw,2117,-17.2035,9.1787,1.2696
38.394,raw,2129,-16.8234,8.2992,1.2805
38.394,raw,2141,-16.4700,7.4552,1.2902
38.394,raw,2152,-16.1486,6.7073,1.2983
38.394,raw,2164,-16.1537,5.9233,1.2988
38.394,raw,2176,-15.8084,5.1460,1.3064
38.394,raw,2187,-15.5386,4.4514,1.3119
38.394,raw,2199,-15.1939,3.7148,1.3184
38.394,raw,2210,-14.9259,3.0513,1.3228
38.394,raw,2222,-14.6055,2.3455,1.3278
38.394,raw,2234,-14.3441,1.6436,1.3309
38.394,raw,2245,-14.1094,1.0071,1.3332
38.394,raw,2257,-10.0563,1.2903,1.4217
38.394,raw,2269,-13.6173,-0.3682,1.3362
38.394,raw,2280,-13.3812,-0.9900,1.3371
38.394,raw,2292,-16.8800,-5.7421,1.8352
38.394,raw,2304,7.2715,3.0706,1.8035
38.394,raw,2315,7.3421,3.1159,1.8034
38.394,raw,2327,7.4143,3.1745,1.8034
38.394,raw,2338,7.4843,3.2133,1.8034
38.394,raw,2350,7.5449,3.2898,1.8033
38.394,raw,2362,7.6324,3.3034,1.8034
38.394,raw,2373,7.6954,3.3522,1.8033
38.394,raw,2385,7.7577,3.4145,1.8033
38.394,raw,2397,7.8239,3.4676,1.8033
38.394,raw,2408,7.8783,3.5245,1.8033
38.394,raw,2420,7.9532,3.5625,1.8033
38.394,raw,2432,8.0244,3.6068,1.8033
38.394,raw,2443,8.0762,3.6646,1.8033
38.394,raw,2455,8.1546,3.7013,1.8033
38.394,raw,2466,8.2070,3.7581,1.8033
38.394,raw,2478,-18.4035,-2.3967,1.8355
38.394,raw,2490,-18.2169,-5.2651,2.4696
38.394,raw,2501,-16.9145,-6.5160,2.4537
38.394,raw,2513,7.2848,3.1034,1.8630
38.394,raw,2525,7.3624,3.1475,1.8625
38.394,raw,2536,7.4339,3.1839,1.8622
38.394,raw,2548,7.5042,3.2404,1.8616
38.394,raw,2560,7.5793,3.2823,1.8614
38.394,raw,2571,7.6445,3.3271,1.8611
38.394,raw,2583,7.7069,3.3906,1.8604
38.394,raw,2594,7.7657,3.4427,1.8600
38.394,raw,2606,7.8342,3.4905,1.8598
38.394,raw,2618,7.9096,3.5276,1.8601
38.394,raw,2629,7.9595,3.5894,1.8595
38.394,raw,2641,8.0310,3.6324,1.8597
38.394,raw,2653,8.1040,3.6746,1.8600
38.394,raw,2664,8.1639,3.7224,1.8601
38.394,raw,2676,-20.6467,0.8729,2.4838
38.394,raw,2688,-19.3688,-2.0519,2.4693
38.394,raw,2699,-16.3632,-3.7589,2.9928
38.394,raw,2711,7.3005,3.1019,1.9228
38.394,raw,2722,7.3730,3.1390,1.9222
38.394,raw,2734,7.4408,3.2063,1.9203
38.394,raw,2746,7.5189,3.2425,1.9200
38.394,raw,2757,7.5767,3.3051,1.9184
38.394,raw,2769,7.6500,3.3478,1.9181
38.394,raw,2781,7.7174,3.4007,1.9173
38.394,raw,2792,7.7800,3.4459,1.9169
38.394,raw,2804,7.8425,3.5034,1.9161
38.394,raw,2816,7.9201,3.5370,1.9168
38.394,raw,2827,7.9814,3.5828,1.9167
38.394,raw,2839,8.0575,3.6211,1.9175
38.394,raw,2850,8.1079,3.6808,1.9168
38.394,raw,2862,8.1880,3.7166,1.9180
38.394,raw,2874,-19.5525,-3.4266,3.7800
38.394,raw,2885,-19.2470,-4.2440,3.7793
38.394,raw,2897,-18.8984,-5.3020,3.7845
38.394,raw,2909,-18.5620,-6.1979,3.7886
38.394,raw,2920,-18.2662,-7.0304,3.7957
38.394,raw,2932,-15.4702,-6.5864,3.6034
38.394,raw,2944,7.3175,3.0968,1.9834
38.394,raw,2955,7.3815,3.1587,1.9806
38.394,raw,2967,7.4606,3.1950,1.9801
38.394,raw,2978,7.5211,3.2554,1.9778
38.394,raw,2990,7.5948,3.2997,1.9770
38.394,raw,3002,7.6563,3.3665,1.9746
38.394,raw,3013,7.7317,3.3891,1.9757
38.394,raw,3025,7.7967,3.4450,1.9745
38.394,raw,3037,7.8619,3.4987,1.9737
38.394,raw,3048,7.9313,3.5330,1.9744
38.394,raw,3060,7.9938,3.5895,1.9737
38.394,raw,3072,8.0616,3.6384,1.9739
38.394,raw,3083,8.1132,3.6961,1.9731
38.394,raw,3095,8.1823,3.7438,1.9738
38.394,raw,3106,-18.5197,1.7552,3.6190
38.394,raw,3118,-18.2015,0.9250,3.6064
38.394,raw,3130,-20.8254,-0.5477,3.8120
38.394,raw,3141,-19.0615,-1.0119,3.6966
38.394,raw,3153,-19.9588,-2.3074,3.7834
38.394,raw,3165,-19.6192,-3.1992,3.7793
38.394,raw,3176,7.3105,3.0946,2.0437
38.394,raw,3188,7.3845,3.1500,2.0409
38.394,raw,3200,7.4523,3.2162,2.0372
38.394,raw,3211,7.5248,3.2468,2.0371
38.394,raw,3223,7.5947,3.2998,2.0352
38.394,raw,3234,7.6597,3.3442,2.0341
38.394,raw,3246,7.7244,3.4023,2.0320
38.394,raw,3258,7.7880,3.4597,2.0303
38.394,raw,3269,7.8625,3.4848,2.0320
38.394,raw,3281,7.9279,3.5378,2.0312
38.394,raw,3293,7.9929,3.5907,2.0307
38.394,raw,3304,8.0504,3.6414,2.0302
38.394,raw,3316,8.1151,3.6938,2.0302
38.394,raw,3328,8.1909,3.7343,2.0321
38.394,raw,3339,7.3284,3.1348,2.1004
38.394,raw,3351,7.4109,3.1625,2.1004
38.394,raw,3362,7.4690,3.2323,2.0951
38.394,raw,3374,7.5501,3.2603,2.0957
38.394,raw,3386,7.6099,3.3339,2.0907
38.394,raw,3397,7.6786,3.3691,2.0906
38.394,raw,3409,7.7578,3.4001,2.0919
38.394,raw,3421,7.8158,3.4673,2.0885
38.394,raw,3432,7.8820,3.5062,2.0888
38.394,raw,3444,7.9484,3.5572,2.0882
38.394,raw,3456,8.0065,3.6188,2.0864
38.394,raw,3467,8.0836,3.6444,2.0896
38.394,raw,3479,8.1531,3.6924,2.0905
39.751,raw,0,7.2221,2.9816,1.3052
39.751,raw,13,7.3161,3.0295,1.3127
39.751,raw,26,7.4004,3.1263,1.3289
39.751,raw,40,7.4952,3.1679,1.3339
39.751,raw,53,7.5783,3.2213,1.3407
39.751,raw,66,7.6535,3.2949,1.3509
39.751,raw,80,7.7394,3.3427,1.3552
39.751,raw,93,7.8061,3.4205,1.3653
39.751,raw,106,7.8879,3.4483,1.3650
39.751,raw,120,7.9718,3.4885,1.3660
39.751,raw,133,8.0342,3.5579,1.3731
39.751,raw,146,8.1014,3.6122,1.3766
39.751,raw,160,8.1764,3.6634,1.3782
39.751,raw,173,8.6935,2.9956,1.2204
39.751,raw,186,7.2926,3.0411,1.3775
39.751,raw,200,7.3893,3.1004,1.3854
39.751,raw,213,7.4747,3.1612,1.3932
39.751,raw,226,7.5543,3.2333,1.4024
39.751,raw,240,7.6394,3.2949,1.4091
39.751,raw,253,7.7176,3.3445,1.4136
39.751,raw,266,7.7910,3.4029,1.4192
39.751,raw,280,7.8711,3.4551,1.4228
39.751,raw,293,7.9443,3.5026,1.4256
39.751,raw,306,8.0083,3.5671,1.4310
39.751,raw,320,8.0907,3.6048,1.4306
39.751,raw,333,8.1530,3.6655,1.4345
39.751,raw,347,8.5566,3.1833,1.3327
39.751,raw,360,7.2802,3.0119,1.4353
39.751,raw,373,7.3707,3.0732,1.4425
39.751,raw,387,7.4613,3.1547,1.4520
39.751,raw,400,7.5452,3.2079,1.4572
39.751,raw,413,7.6267,3.2600,1.4619
39.751,raw,427,7.7126,3.3129,1.4660
39.751,raw,440,7.7805,3.3920,1.4738
39.751,raw,453,7.8551,3.4410,1.4769
39.751,raw,467,7.9300,3.5028,1.4811
39.751,raw,480,8.0111,3.5301,1.4801
39.751,raw,493,8.0722,3.5983,1.4849
39.751,raw,507,8.1507,3.6433,1.4854
39.751,raw,520,8.3783,3.4299,1.4435
39.751,raw,533,7.2580,3.0082,1.4971
39.751,raw,547,7.3577,3.0579,1.5017
39.751,raw,560,7.4432,3.1318,1.5089
39.751,raw,573,7.5245,3.2041,1.5155
39.751,raw,587,7.6102,3.2692,1.5208
39.751,raw,600,7.6877,3.3259,1.5250
39.751,raw,613,7.7690,3.3619,1.5263
39.751,raw,627,7.8390,3.4467,1.5330
39.751,raw,640,7.9165,3.4838,1.5338
39.751,raw,653,7.9854,3.5392,1.5366
39.751,raw,667,8.0650,3.5837,1.5374
39.751,raw,680,8.1250,3.6501,1.5410
39.751,raw,694,8.2734,3.5766,1.5250
39.751,raw,707,7.2446,2.9859,1.5568
39.751,raw,720,7.3350,3.0620,1.5631
39.751,raw,734,7.4287,3.1314,1.5683
39.751,raw,747,7.5144,3.1816,1.5716
39.751,raw,760,7.5946,3.2445,1.5758
39.751,raw,774,7.6740,3.3244,1.5812
39.751,raw,787,7.7534,3.3663,1.5829
39.751,raw,800,7.8393,3.3861,1.5821
39.751,raw,814,7.9012,3.4866,1.5888
39.751,raw,827,7.9797,3.5198,1.5888
39.751,raw,840,8.0526,3.5647,1.5898
39.751,raw,854,8.1258,3.6214,1.5914
39.751,raw,867,8.1900,3.6785,1.5930
39.751,raw,880,7.2221,2.9823,1.6186
39.751,raw,894,7.3204,3.0604,1.6234
39.751,raw,907,7.4107,3.1045,1.6257
39.751,raw,920,7.4963,3.1619,1.6286
39.751,raw,934,7.5785,3.2531,1.6337
39.751,raw,947,7.6612,3.2927,1.6350
39.751,raw,960,7.7386,3.3452,1.6371
39.751,raw,974,7.8151,3.4146,1.6400
39.751,raw,987,7.8861,3.4712,1.6420
39.751,raw,1001,7.9669,3.5165,1.6427
39.751,raw,1014,8.0366,3.5679,1.6440
39.751,raw,1027,8.1011,3.6267,1.6456
39.751,raw,1041,8.1703,3.6868,1.6469
39.751,raw,1054,8.7544,2.9155,1.5805
39.751,raw,1067,-7.8983,-6.8917,0.9129
39.751,raw,1081,-5.6368,-5.9003,1.0202
39.751,raw,1094,-7.0006,-8.1273,0.9055
39.751,raw,1107,-6.6311,-8.8044,0.8953
39.751,raw,1121,-6.1526,-9.4717,0.8876
39.751,raw,1134,-5.7017,-10.1044,0.8788
39.751,raw,1147,-5.3604,-10.9085,0.8595
39.751,raw,1161,-5.0195,-11.8777,0.8328
39.751,raw,1174,-4.7071,-12.8649,0.8032
39.751,raw,1187,-4.3779,-13.9217,0.7700
39.751,raw,1201,-3.9882,-15.1263,0.7308
39.751,raw,1214,-3.8667,-16.8849,0.6619
39.751,raw,1227,-3.7729,-18.9896,0.5768
39.751,raw,1241,7.2729,3.0101,1.6814
39.751,raw,1254,7.3630,3.0755,1.6840
39.751,raw,1267,7.4508,3.1296,1.6859
39.751,raw,1281,7.5362,3.2170,1.6891
39.751,raw,1294,7.6179,3.2669,1.6905
39.751,raw,1307,7.6920,3.3356,1.6927
39.751,raw,1321,7.7743,3.3892,1.6940
39.751,raw,1334,7.8484,3.4401,1.6951
39.751,raw,1348,7.9247,3.4986,1.6963
39.751,raw,1361,7.9999,3.5388,1.6966
39.751,raw,1374,8.0688,3.5907,1.6974
39.751,raw,1388,8.1507,3.6300,1.6972
39.751,raw,1401,8.3366,3.4849,1.6873
39.751,raw,1414,22.1506,14.8488,0.9945
39.751,raw,1428,-17.7696,17.3594,0.5497
39.751,raw,1441,-17.3643,16.0694,0.5907
39.751,raw,1454,-16.9715,14.8546,0.6281
39.751,raw,1468,-16.5657,13.6230,0.6645
39.751,raw,1481,-16.0014,12.4822,0.7048
39.751,raw,1494,-15.6295,11.4579,0.7336
39.751,raw,1508,-15.2962,10.4219,0.7592
39.751,raw,1521,-10.0081,0.9233,1.4095
39.751,raw,1534,-13.0685,-0.7339,1.3343
39.751,raw,1548,-12.7546,-1.5231,1.3353
39.751,raw,1561,-12.4659,-2.2549,1.3355
39.751,raw,1574,-12.1874,-2.9917,1.3348
39.751,raw,1588,-11.8615,-3.7766,1.3339
39.751,raw,1601,-11.5690,-4.5156,1.3322
39.751,raw,1614,-11.2678,-5.2577,1.3299
39.751,raw,1628,-10.9034,-6.0429,1.3276
39.751,raw,1641,-10.3631,-6.6408,1.3300
39.751,raw,1654,-10.0033,-7.3666,1.3270
39.751,raw,1668,-9.5836,-8.1383,1.3237
39.751,raw,1681,-5.7630,-5.8149,1.4211
39.751,raw,1695,-8.6326,-9.5462,1.3186
39.751,raw,1708,-8.2460,-10.3199,1.3126
39.751,raw,1721,-7.8114,-11.0725,1.3069
39.751,raw,1735,-7.2544,-11.8105,1.3025
39.751,raw,1748,-6.8245,-12.6362,1.2941
39.751,raw,1761,-6.5661,-13.7573,1.2775
39.751,raw,1775,-8.2889,-18.1851,1.1752
39.751,raw,1788,-7.9296,-19.6523,1.1518
39.751,raw,1801,-7.3718,-20.9230,1.1335
39.751,raw,1815,-6.8577,-22.6281,1.1054
39.751,raw,1828,-6.1905,-24.0167,1.0839
39.751,raw,1841,-5.1861,-24.7676,1.0773
39.751,raw,1855,-3.9834,-25.3171,1.0754
39.751,raw,1868,-2.8834,-25.9075,1.0708
39.751,raw,1881,-1.8518,-26.8125,1.0581
39.751,raw,1895,-0.6246,-27.5074,1.0498
39.751,raw,1908,0.5668,-28.0359,1.0439
39.751,raw,1921,1.8098,-28.3735,1.0412
39.751,raw,1935,3.1402,-28.9165,1.0333
39.751,raw,1948,7.2793,3.0233,1.7428
39.751,raw,1961,7.3701,3.0779,1.7438
39.751,raw,1975,7.4613,3.1548,1.7452
39.751,raw,1988,7.5421,3.2235,1.7463
39.751,raw,2002,7.6312,3.2706,1.7469
39.751,raw,2015,7.7114,3.3171,1.7475
39.751,raw,2028,7.7809,3.3908,1.7486
39.751,raw,2042,7.8585,3.4510,1.7493
39.751,raw,2055,7.9345,3.4919,1.7495
39.751,raw,2068,8.0042,3.5451,1.7500
39.751,raw,2082,8.0719,3.6132,1.7507
39.751,raw,2095,8.1522,3.6406,1.7504
39.751,raw,2108,8.3981,3.3973,1.7430
39.751,raw,2122,-23.4199,21.6774,1.0396
39.751,raw,2135,-22.8057,19.9542,1.0688
39.751,raw,2148,-21.7995,18.1664,1.1055
39.751,raw,2162,-21.1035,16.5380,1.1333
39.751,raw,2175,-20.2414,15.0458,1.1625
39.751,raw,2188,-19.5008,13.6922,1.1873
39.751,raw,2202,-18.9683,12.3990,1.2064
39.751,raw,2215,-18.3206,11.2263,1.2264
39.751,raw,2228,-13.4578,9.3514,1.3398
39.751,raw,2242,-17.0743,9.0149,1.2621
39.751,raw,2255,-16.6258,8.0533,1.2746
39.751,raw,2268,-16.5422,7.1563,1.2781
39.751,raw,2282,-16.0976,6.1933,1.2888
39.751,raw,2295,-15.6467,5.3333,1.2989
39.751,raw,2308,-15.2338,4.5044,1.3075
39.751,raw,2322,-14.7917,3.6426,1.3159
39.751,raw,2335,-14.4960,2.8541,1.3205
39.751,raw,2349,-14.1704,2.0225,1.3249
39.751,raw,2362,-13.8791,1.2615,1.3281
39.751,raw,2375,-13.5569,0.5182,1.3314
39.751,raw,2389,-19.4903,-2.0077,1.8374
39.751,raw,2402,-25.0533,-4.9164,1.8458
39.751,raw,2415,-23.9817,-5.8662,1.8448
39.751,raw,2429,-22.8706,-6.8459,1.8439
39.751,raw,2442,-16.6058,-5.2936,1.8353
39.751,raw,2455,-20.8837,-8.5524,1.8424
39.751,raw,2469,-19.9052,-9.4494,1.8418
39.751,raw,2482,-13.2229,-6.7340,1.8322
39.751,raw,2495,-18.1171,-11.0315,1.8409
39.751,raw,2509,-17.1820,-11.8541,1.8405
39.751,raw,2522,7.2738,2.9986,1.8035
39.751,raw,2535,7.3613,3.0898,1.8034
39.751,raw,2549,7.4553,3.1473,1.8034
39.751,raw,2562,7.5385,3.2057,1.8033
39.751,raw,2575,7.6128,3.2880,1.8032
39.751,raw,2589,7.7045,3.3164,1.8032
39.751,raw,2602,7.7754,3.3860,1.8032
39.751,raw,2615,7.8491,3.4381,1.8031
39.751,raw,2629,7.9328,3.4788,1.8031
39.751,raw,2642,7.9930,3.5539,1.8031
39.751,raw,2655,8.0695,3.5892,1.8031
39.751,raw,2669,8.1381,3.6528,1.8030
39.751,raw,2682,8.3378,3.4829,1.8034
39.751,raw,2696,-27.4456,-2.8044,1.8481
39.751,raw,2709,-18.2943,-2.7824,2.4617
39.751,raw,2722,-16.3309,-4.1250,2.4277
39.751,raw,2736,-15.9756,-5.1643,2.4301
39.751,raw,2749,-15.3606,-6.5759,2.4322
39.751,raw,2762,7.3014,3.0266,1.8642
39.751,raw,2776,7.3955,3.1089,1.8624
39.751,raw,2789,7.4790,3.1782,1.8611
39.751,raw,2802,7.5661,3.2110,1.8607
39.751,raw,2816,7.6488,3.2855,1.8593
39.751,raw,2829,7.7220,3.3536,1.8582
39.751,raw,2842,7.8041,3.3848,1.8581
39.751,raw,2856,7.8793,3.4521,1.8571
39.751,raw,2869,7.9505,3.5047,1.8566
39.751,raw,2882,8.0201,3.5571,1.8561
39.751,raw,2896,8.0862,3.6274,1.8553
39.751,raw,2909,8.1644,3.6584,1.8555
39.751,raw,2922,8.5869,3.1344,1.8720
39.751,raw,2936,-19.6470,0.2246,2.4750
39.751,raw,2949,-19.0880,-4.8339,3.1579
39.751,raw,2962,7.2788,3.0291,1.9247
39.751,raw,2976,7.3757,3.0918,1.9222
39.751,raw,2989,7.4610,3.1568,1.9197
39.751,raw,3003,7.5485,3.2270,1.9172
39.751,raw,3016,7.6281,3.2832,1.9154
39.751,raw,3029,7.7082,3.3282,1.9143
39.751,raw,3043,7.7833,3.4049,1.9118
39.751,raw,3056,7.8659,3.4312,1.9119
39.751,raw,3069,7.9271,3.5098,1.9094
39.751,raw,3083,8.0043,3.5603,1.9087
39.751,raw,3096,8.0814,3.5946,1.9088
39.751,raw,3109,8.1527,3.6397,1.9085
39.751,raw,3123,8.4352,3.3507,1.9274
39.751,raw,3136,-17.4185,-0.8083,3.6152
39.751,raw,3149,-19.8921,-2.6285,3.8215
39.751,raw,3163,-19.4819,-3.6861,3.8172
39.751,raw,3176,-19.0713,-4.8273,3.8183
39.751,raw,3189,-18.7550,-5.8368,3.8255
39.751,raw,3203,-18.3533,-6.9052,3.8319
39.751,raw,3216,-12.7663,-6.7707,3.4765
39.751,raw,3229,7.2946,3.0187,1.9864
39.751,raw,3243,7.3878,3.1120,1.9805
39.751,raw,3256,7.4735,3.1685,1.9774
39.751,raw,3269,7.5570,3.2205,1.9748
39.751,raw,3283,7.6441,3.2761,1.9723
39.751,raw,3296,7.7228,3.3268,1.9703
39.751,raw,3309,7.7928,3.3975,1.9670
39.751,raw,3323,7.8709,3.4556,1.9649
39.751,raw,3336,7.9519,3.4846,1.9651
39.751,raw,3350,8.0232,3.5507,1.9629
39.751,raw,3363,8.0885,3.6091,1.9612
39.751,raw,3376,8.1586,3.6556,1.9606
39.751,raw,3390,8.5958,3.1199,2.0097
39.751,raw,3403,-21.4902,1.0397,3.8740
39.751,raw,3416,-21.0907,0.0178,3.8587
39.751,raw,3430,-20.6983,-1.0752,3.8480
39.751,raw,3443,7.2932,3.0341,2.0462
39.751,raw,3456,7.3837,3.0870,2.0421
39.751,raw,3470,7.4749,3.1601,2.0365
39.751,raw,3483,7.5578,3.2164,2.0327
39.751,raw,3496,7.6374,3.2745,2.0290
39.751,raw,3510,7.7207,3.3340,2.0256
39.751,raw,3523,7.7942,3.3932,2.0223
39.751,raw,3536,7.8665,3.4485,2.0196
39.751,raw,3550,7.9457,3.4991,2.0179
39.751,raw,3563,8.0167,3.5491,2.0163
39.751,raw,3576,8.0832,3.6051,2.0143
39.751,raw,3590,8.1482,3.6741,2.0114
39.751,raw,3603,8.5178,3.2307,2.0657
39.751,raw,3616,7.2719,3.0223,2.1086
39.751,raw,3630,7.3696,3.0820,2.1027
39.751,raw,3643,7.4547,3.1510,2.0960
39.751,raw,3656,7.5382,3.2073,2.0911
39.751,raw,3670,7.6233,3.2741,2.0856
39.751,raw,3683,7.6995,3.3339,2.0810
39.751,raw,3697,7.7840,3.3814,2.0785
39.751,raw,3710,7.8519,3.4499,2.0734
39.751,raw,3723,7.9244,3.4991,2.0711
39.751,raw,3737,8.0015,3.5510,2.0691
39.751,raw,3750,8.0700,3.6026,2.0671
39.751,raw,3763,8.1432,3.6436,2.0669
39.751,raw,3777,8.4051,3.3857,2.1091
39.751,raw,3790,7.2726,3.0129,2.1717
39.751,raw,3803,7.3630,3.0754,2.1641
39.751,raw,3817,7.4553,3.1471,2.1558
39.751,raw,3830,7.5388,3.2043,2.1499
39.751,raw,3843,7.6148,3.2797,2.1417
39.751,raw,3857,7.6973,3.3417,2.1361
39.751,raw,3870,7.7741,3.3899,2.1326
39.751,raw,3883,7.8461,3.4464,2.1284
39.751,raw,3897,7.9289,3.4883,2.1270
39.751,raw,3910,7.9946,3.5505,2.1226
39.751,raw,3923,8.0626,3.6030,2.1201
39.751,raw,3937,8.1450,3.6403,2.1208
39.751,raw,3950,8.3413,3.4772,2.1550
39.751,raw,3963,7.9793,3.5369,2.1778
39.751,raw,3977,8.0541,3.5912,2.1749
39.751,raw,3990,8.1222,3.6418,2.1726
40.894,raw,0,7.4170,2.8355,1.2858
40.894,raw,13,7.5251,2.9087,1.3014
40.894,raw,26,7.6271,2.9812,1.3162
40.894,raw,39,7.7234,3.0577,1.3310
40.894,raw,52,7.8148,3.1085,1.3403
40.894,raw,65,7.9019,3.1697,1.3509
40.894,raw,78,7.9836,3.2422,1.3631
40.894,raw,91,8.0649,3.2857,1.3693
40.894,raw,104,8.1444,3.3258,1.3743
40.894,raw,117,8.2139,3.4020,1.3857
40.894,raw,130,8.2855,3.4529,1.3918
40.894,raw,143,8.3550,3.5028,1.3973
40.894,raw,156,8.4717,3.4101,1.3739
40.894,raw,169,8.6700,3.1331,1.3121
40.894,raw,182,8.9418,2.7484,1.2257
40.894,raw,195,7.4747,2.8615,1.3570
40.894,raw,208,7.5811,2.9537,1.3734
40.894,raw,221,7.6799,3.0351,1.3874
40.894,raw,234,7.7731,3.0828,1.3952
40.894,raw,247,7.8617,3.1505,1.4058
40.894,raw,260,7.9465,3.2084,1.4143
40.894,raw,273,8.0295,3.2520,1.4199
40.894,raw,286,8.1054,3.3228,1.4295
40.894,raw,299,8.1849,3.3549,1.4323
40.894,raw,313,8.2571,3.4380,1.4430
40.894,raw,326,8.3329,3.4686,1.4446
40.894,raw,339,8.4096,3.4945,1.4449
40.894,raw,352,8.5919,3.2362,1.3951
40.894,raw,365,8.8346,2.8922,1.3280
40.894,raw,378,7.4350,2.8558,1.4203
40.894,raw,391,7.5423,2.9357,1.4329
40.894,raw,404,7.6420,2.9858,1.4406
40.894,raw,417,7.7377,3.0557,1.4506
40.894,raw,430,7.8281,3.1264,1.4603
40.894,raw,443,7.9149,3.1796,1.4670
40.894,raw,456,7.9970,3.2424,1.4746
40.894,raw,469,8.0758,3.3015,1.4814
40.894,raw,482,8.1500,3.3660,1.4885
40.894,raw,495,8.2270,3.4014,1.4911
40.894,raw,508,8.2966,3.4598,1.4967
40.894,raw,521,8.3673,3.5047,1.5000
40.894,raw,534,8.5012,3.3656,1.4756
40.894,raw,547,8.7070,3.0802,1.4280
40.894,raw,560,9.0032,2.6520,1.3567
40.894,raw,573,7.4926,2.8872,1.4892
40.894,raw,586,7.5963,2.9594,1.4984
40.894,raw,599,7.6941,3.0146,1.5052
40.894,raw,613,7.7938,3.1050,1.5156
40.894,raw,626,7.8813,3.1692,1.5226
40.894,raw,639,7.9655,3.2221,1.5280
40.894,raw,652,8.0458,3.2794,1.5335
40.894,raw,665,8.1242,3.3283,1.5377
40.894,raw,678,8.2010,3.3720,1.5410
40.894,raw,691,8.2710,3.4344,1.5461
40.894,raw,704,8.3342,3.5081,1.5525
40.894,raw,717,8.4343,3.4602,1.5437
40.894,raw,730,8.6269,3.1840,1.5059
40.894,raw,743,8.8777,2.8325,1.4571
40.894,raw,756,7.4424,2.8517,1.5487
40.894,raw,769,7.5493,2.9276,1.5566
40.894,raw,782,7.6502,3.0112,1.5648
40.894,raw,795,7.7449,3.0509,1.5686
40.894,raw,808,7.8345,3.1397,1.5766
40.894,raw,821,7.9207,3.1927,1.5810
40.894,raw,834,8.0024,3.2541,1.5859
40.894,raw,847,8.0817,3.3062,1.5897
40.894,raw,860,8.1592,3.3519,1.5927
40.894,raw,873,8.2294,3.4192,1.5974
40.894,raw,886,8.2977,3.4794,1.6012
40.894,raw,899,8.3749,3.5010,1.6011
40.894,raw,913,8.5420,3.2914,1.5778
40.894,raw,926,8.7498,3.0146,1.5470
40.894,raw,939,9.0582,2.5734,1.4983
40.894,raw,952,7.5010,2.8956,1.6161
40.894,raw,965,7.6041,2.9652,1.6214
40.894,raw,978,7.7014,3.0212,1.6255
40.894,raw,991,7.7932,3.1293,1.6329
40.894,raw,1004,7.8833,3.1381,1.6332
40.894,raw,1017,7.9664,3.2135,1.6379
40.894,raw,1030,8.0453,3.2832,1.6421
40.894,raw,1043,8.1216,3.3426,1.6453
40.894,raw,1056,8.2008,3.3730,1.6463
40.894,raw,1069,8.2720,3.4303,1.6490
40.894,raw,1082,8.3388,3.4927,1.6520
40.894,raw,1095,8.4364,3.4539,1.6474
40.894,raw,1108,8.6225,3.1955,1.6263
40.894,raw,1121,8.8837,2.8184,1.5954
40.894,raw,1134,22.4966,14.4305,0.6109
40.894,raw,1147,-8.3404,-6.2532,0.8924
40.894,raw,1160,-7.9926,-6.9282,0.8863
40.894,raw,1173,-5.5710,-5.8417,1.0029
40.894,raw,1186,-7.1767,-8.2148,0.8765
40.894,raw,1199,-6.7050,-8.8148,0.8731
40.894,raw,1213,-6.1956,-9.4704,0.8677
40.894,raw,1226,-5.7512,-10.1272,0.8589
40.894,raw,1239,-5.3897,-10.9131,0.8418
40.894,raw,1252,-5.0797,-11.8177,0.8177
40.894,raw,1265,-4.6893,-12.6766,0.7961
40.894,raw,1278,-4.4016,-13.7677,0.7617
40.894,raw,1291,-3.9433,-14.6786,0.7370
40.894,raw,1304,-3.7231,-16.1295,0.6840
40.894,raw,1317,-3.5922,-17.9692,0.6119
40.894,raw,1330,-3.4690,-20.1257,0.5250
40.894,raw,1343,7.4775,2.8909,1.6784
40.894,raw,1356,7.5804,2.9428,1.6811
40.894,raw,1369,7.6801,3.0447,1.6859
40.894,raw,1382,7.7730,3.0873,1.6879
40.894,raw,1395,7.8618,3.1482,1.6905
40.894,raw,1408,7.9459,3.2155,1.6933
40.894,raw,1421,8.0264,3.2755,1.6956
40.894,raw,1434,8.1037,3.3328,1.6977
40.894,raw,1447,8.1789,3.3840,1.6993
40.894,raw,1460,8.2531,3.4280,1.7005
40.894,raw,1473,8.3207,3.4886,1.7024
40.894,raw,1486,8.4007,3.5018,1.7019
40.894,raw,1499,8.5791,3.2504,1.6884
40.894,raw,1513,8.8366,2.8873,1.6688
40.894,raw,1526,22.5730,14.4185,1.0131
40.894,raw,1539,-18.4090,15.4204,0.5282
40.894,raw,1552,-17.6586,14.0677,0.5811
40.894,raw,1565,-17.2086,12.8923,0.6167
40.894,raw,1578,-14.8801,1.1153,1.2915
40.894,raw,1591,-9.9947,1.3802,1.3981
40.894,raw,1604,-13.9786,-0.4211,1.3031
40.894,raw,1617,-13.5939,-1.1817,1.3065
40.894,raw,1630,-13.2462,-1.9446,1.3084
40.894,raw,1643,-12.9415,-2.7190,1.3086
40.894,raw,1656,-12.5954,-3.4755,1.3092
40.894,raw,1669,-12.2667,-4.2396,1.3086
40.894,raw,1682,-11.9276,-5.0017,1.3076
40.894,raw,1695,-11.3677,-5.6397,1.3115
40.894,raw,1708,-10.9345,-6.3442,1.3116
40.894,raw,1721,-10.5306,-7.0701,1.3101
40.894,raw,1734,-10.1192,-7.7980,1.3081
40.894,raw,1747,-9.5764,-8.4300,1.3090
40.894,raw,1760,-5.4356,-5.9240,1.4146
40.894,raw,1773,-8.7326,-9.9165,1.3015
40.894,raw,1786,-8.1694,-10.5472,1.3007
40.894,raw,1799,-7.7326,-11.3216,1.2949
40.894,raw,1813,-7.2434,-12.1692,1.2880
40.894,raw,1826,-6.7207,-12.9075,1.2827
40.894,raw,1839,-6.6075,-14.2441,1.2606
40.894,raw,1852,-8.2009,-18.2685,1.1676
40.894,raw,1865,-7.8266,-19.7018,1.1455
40.894,raw,1878,-7.2755,-20.9781,1.1274
40.894,raw,1891,-6.6460,-22.2392,1.1095
40.894,raw,1904,-6.0301,-23.6749,1.0871
40.894,raw,1917,-4.9135,-24.1330,1.0880
40.894,raw,1930,-3.8354,-24.6884,1.0855
40.894,raw,1943,-2.8357,-25.5049,1.0761
40.894,raw,1956,-1.7353,-26.1025,1.0709
40.894,raw,1969,-0.5865,-26.5897,1.0674
40.894,raw,1982,0.6196,-26.8795,1.0673
40.894,raw,1995,1.7412,-27.6482,1.0555
40.894,raw,2008,2.9389,-28.1770,1.0482
40.894,raw,2021,7.4530,2.8783,1.7407
40.894,raw,2034,7.5580,2.9448,1.7424
40.894,raw,2047,7.6580,3.0268,1.7443
40.894,raw,2060,7.7518,3.0790,1.7455
40.894,raw,2073,7.8417,3.1346,1.7466
40.894,raw,2086,7.9270,3.1986,1.7479
40.894,raw,2099,8.0075,3.2674,1.7493
40.894,raw,2113,8.0944,3.3091,1.7499
40.894,raw,2126,8.1676,3.3753,1.7511
40.894,raw,2139,8.2411,3.4245,1.7518
40.894,raw,2152,8.3127,3.4715,1.7524
40.894,raw,2165,8.3831,3.5159,1.7529
40.894,raw,2178,8.5447,3.3041,1.7473
40.894,raw,2191,8.7689,2.9882,1.7390
40.894,raw,2204,-24.7722,19.8961,1.0159
40.894,raw,2217,-23.9686,18.1485,1.0472
40.894,raw,2230,-23.8548,16.7559,1.0604
40.894,raw,2243,-22.6469,15.0656,1.0975
40.894,raw,2256,-21.5228,13.5264,1.1309
40.894,raw,2269,-20.7824,12.1909,1.1539
40.894,raw,2282,-13.1007,9.5879,1.3317
40.894,raw,2295,-19.8687,9.8368,1.1836
40.894,raw,2308,-19.2388,8.7124,1.2007
40.894,raw,2321,-18.6356,7.6467,1.2163
40.894,raw,2334,-18.0783,6.6343,1.2299
40.894,raw,2347,-17.4928,5.6666,1.2433
40.894,raw,2360,-16.9686,4.7409,1.2546
40.894,raw,2373,-16.4680,3.8505,1.2647
40.894,raw,2386,-15.9598,2.9938,1.2741
40.894,raw,2399,-15.5172,2.1588,1.2815
40.894,raw,2413,-17.6321,-3.3475,1.8364
40.894,raw,2426,-13.1338,-6.5940,1.8327
40.894,raw,2439,7.5016,2.9021,1.8036
40.894,raw,2452,7.6044,2.9720,1.8035
40.894,raw,2465,7.7018,3.0525,1.8034
40.894,raw,2478,7.7933,3.1226,1.8033
40.894,raw,2491,7.8818,3.1618,1.8032
40.894,raw,2504,7.9645,3.2328,1.8032
40.894,raw,2517,8.0432,3.2985,1.8031
40.894,raw,2530,8.1221,3.3399,1.8030
40.894,raw,2543,8.1981,3.3854,1.8030
40.894,raw,2556,8.2680,3.4459,1.8029
40.894,raw,2569,8.3349,3.5058,1.8029
40.894,raw,2582,8.4329,3.4643,1.8030
40.894,raw,2595,8.6344,3.1642,1.8035
40.894,raw,2608,8.8859,2.8132,1.8040
40.894,raw,2621,-19.0789,-4.2900,2.5077
40.894,raw,2634,7.4846,2.8845,1.8663
40.894,raw,2647,7.5900,2.9805,1.8638
40.894,raw,2660,7.6870,3.0266,1.8625
40.894,raw,2673,7.7798,3.0990,1.8607
40.894,raw,2686,7.8692,3.1405,1.8598
40.894,raw,2699,7.9500,3.2433,1.8574
40.894,raw,2713,8.0395,3.2768,1.8568
40.894,raw,2726,8.1164,3.3352,1.8557
40.894,raw,2739,8.1927,3.3799,1.8550
40.894,raw,2752,8.2598,3.4529,1.8536
40.894,raw,2765,8.3317,3.4948,1.8531
40.894,raw,2778,8.4227,3.4749,1.8542
40.894,raw,2791,8.6144,3.1967,1.8623
40.894,raw,2804,8.8553,2.8642,1.8721
40.894,raw,2817,-15.3490,-6.3300,3.0520
40.894,raw,2830,7.5007,2.8917,1.9287
40.894,raw,2843,7.6052,2.9882,1.9237
40.894,raw,2856,7.7018,3.0557,1.9203
40.894,raw,2869,7.7941,3.0912,1.9186
40.894,raw,2882,7.8808,3.1772,1.9147
40.894,raw,2895,7.9647,3.2307,1.9124
40.894,raw,2908,8.0455,3.2817,1.9104
40.894,raw,2921,8.1215,3.3436,1.9081
40.894,raw,2934,8.2005,3.3742,1.9074
40.894,raw,2947,8.2672,3.4492,1.9046
40.894,raw,2960,8.3394,3.4906,1.9036
40.894,raw,2973,8.4417,3.4380,1.9075
40.894,raw,2986,8.6319,3.1708,1.9227
40.894,raw,2999,8.8903,2.8028,1.9438
40.894,raw,3013,-18.0559,1.0292,3.6781
40.894,raw,3026,-17.7202,0.1009,3.6672
40.894,raw,3039,-17.1963,-0.7695,3.6448
40.894,raw,3052,-16.8734,-1.6759,3.6396
40.894,raw,3065,-16.5609,-2.5816,3.6377
40.894,raw,3078,-16.2440,-3.6426,3.6420
40.894,raw,3091,-15.9257,-4.5497,3.6452
40.894,raw,3104,-15.5798,-5.4491,3.6490
40.894,raw,3117,7.4111,2.8532,1.9948
40.894,raw,3130,7.5193,2.9315,1.9885
40.894,raw,3143,7.6200,2.9891,1.9839
40.894,raw,3156,7.7162,3.0514,1.9792
40.894,raw,3169,7.8074,3.1199,1.9744
40.894,raw,3182,7.8941,3.1831,1.9702
40.894,raw,3195,7.9770,3.2418,1.9665
40.894,raw,3208,8.0563,3.2990,1.9632
40.894,raw,3221,8.1336,3.3487,1.9605
40.894,raw,3234,8.2080,3.3996,1.9580
40.894,raw,3247,8.2804,3.4479,1.9559
40.894,raw,3260,8.3483,3.5039,1.9533
40.894,raw,3273,8.4637,3.4134,1.9620
40.894,raw,3286,8.6711,3.1096,1.9876
40.894,raw,3299,8.9383,2.7341,2.0198
40.894,raw,3313,-18.3431,1.8231,3.6895
40.894,raw,3326,7.4601,2.8717,2.0566
40.894,raw,3339,7.5660,2.9529,2.0481
40.894,raw,3352,7.6649,3.0144,2.0418
40.894,raw,3365,7.7590,3.0719,2.0362
40.894,raw,3378,7.8483,3.1426,2.0297
40.894,raw,3391,7.9341,3.1954,2.0253
40.894,raw,3404,8.0141,3.2678,2.0192
40.894,raw,3417,8.0925,3.3211,2.0152
40.894,raw,3430,8.1663,3.3818,2.0108
40.894,raw,3443,8.2377,3.4387,2.0070
40.894,raw,3456,8.3078,3.4891,2.0040
40.894,raw,3469,8.3804,3.5246,2.0027
40.894,raw,3482,8.5441,3.3058,2.0275
40.894,raw,3495,8.7737,2.9763,2.0647
40.894,raw,3508,7.4100,2.8432,2.1244
40.894,raw,3521,7.5177,2.9119,2.1150
40.894,raw,3534,7.6195,2.9773,2.1065
40.894,raw,3547,7.7162,3.0622,2.0961
40.894,raw,3560,7.8073,3.1243,2.0888
40.894,raw,3573,7.8959,3.1569,2.0855
40.894,raw,3586,7.9777,3.2346,2.0771
40.894,raw,3599,8.0558,3.3030,2.0702
40.894,raw,3613,8.1385,3.3575,2.0654
40.894,raw,3626,8.2136,3.4032,2.0619
40.894,raw,3639,8.2849,3.4553,2.0579
40.894,raw,3652,8.3473,3.5283,2.0515
40.894,raw,3665,8.4769,3.3952,2.0714
40.894,raw,3678,8.6797,3.1083,2.1117
40.894,raw,3691,8.9605,2.7050,2.1688
40.894,raw,3704,7.6343,2.9768,2.1678
40.894,raw,3717,7.7305,3.0684,2.1545
40.894,raw,3730,7.8208,3.1345,2.1453
40.894,raw,3743,7.9066,3.1994,2.1367
40.894,raw,3756,7.9910,3.2361,2.1326
40.894,raw,3769,8.0679,3.3097,2.1236
40.894,raw,3782,8.1427,3.3702,2.1168
40.894,raw,3795,8.2163,3.4198,2.1121
40.894,raw,3808,8.2848,3.4798,2.1061
40.894,raw,3821,8.3613,3.5033,2.1059
40.894,raw,3834,8.4927,3.3697,2.1299
40.894,raw,3847,8.7079,3.0569,2.1824
40.894,raw,3860,8.1380,3.3601,2.1716
40.894,raw,3873,8.2091,3.4233,2.1636
40.894,raw,3886,8.2799,3.4742,2.1582
40.894,raw,3899,8.3601,3.4862,2.1599
42.191,raw,0,7.4447,2.7799,1.2504
42.191,raw,11,7.5603,2.8649,1.2713
42.191,raw,23,7.6748,2.9405,1.2899
42.191,raw,34,7.7738,3.0097,1.3062
42.191,raw,46,7.8768,3.0938,1.3248
42.191,raw,57,7.9632,3.1516,1.3376
42.191,raw,69,8.0537,3.2290,1.3536
42.191,raw,80,8.1308,3.2828,1.3645
42.191,raw,92,8.2110,3.3514,1.3778
42.191,raw,103,8.2808,3.3972,1.3862
42.191,raw,115,8.3541,3.4400,1.3937
42.191,raw,127,8.4281,3.4489,1.3942
42.191,raw,138,8.5134,3.3190,1.3682
42.191,raw,150,8.6129,3.2001,1.3433
42.191,raw,161,8.7246,3.0289,1.3079
42.191,raw,173,8.8600,2.8443,1.2686
42.191,raw,184,8.9969,2.6761,1.2317
42.191,raw,196,7.4698,2.7763,1.3214
42.191,raw,207,7.5877,2.8758,1.3419
42.191,raw,219,7.6993,2.9439,1.3567
42.191,raw,231,7.8085,3.0354,1.3746
42.191,raw,242,7.9002,3.1053,1.3882
42.191,raw,254,7.9953,3.1913,1.4039
42.191,raw,265,8.0749,3.2401,1.4129
42.191,raw,277,8.1582,3.3087,1.4248
42.191,raw,288,8.2303,3.3600,1.4333
42.191,raw,300,8.3058,3.4031,1.4402
42.191,raw,311,8.3721,3.4490,1.4471
42.191,raw,323,8.4503,3.4145,1.4403
42.191,raw,334,8.5406,3.2662,1.4144
42.191,raw,346,8.6414,3.1582,1.3944
42.191,raw,358,8.7639,2.9874,1.3631
42.191,raw,369,8.8915,2.8174,1.3313
42.191,raw,381,9.0565,2.5914,1.2886
42.191,raw,392,7.5056,2.8145,1.3978
42.191,raw,404,7.6254,2.8975,1.4130
42.191,raw,415,7.7300,2.9811,1.4274
42.191,raw,427,7.8356,3.0648,1.4414
42.191,raw,438,7.9256,3.1351,1.4529
42.191,raw,450,8.0174,3.2046,1.4639
42.191,raw,462,8.1030,3.2601,1.4725
42.191,raw,473,8.1782,3.3235,1.4817
42.191,raw,485,8.2557,3.3802,1.4897
42.191,raw,496,8.3236,3.4271,1.4960
42.191,raw,508,8.3940,3.4854,1.5035
42.191,raw,519,8.4737,3.3759,1.4872
42.191,raw,531,8.5726,3.2342,1.4657
42.191,raw,542,8.6731,3.1025,1.4452
42.191,raw,554,8.7992,2.9329,1.4184
42.191,raw,565,8.9335,2.7509,1.3893
42.191,raw,577,9.1033,2.5258,1.3527
42.191,raw,589,7.5466,2.8430,1.4705
42.191,raw,600,7.6589,2.9406,1.4845
42.191,raw,612,7.7657,3.0073,1.4945
42.191,raw,623,7.8602,3.0808,1.5046
42.191,raw,635,7.9567,3.1575,1.5149
42.191,raw,646,8.0384,3.2091,1.5217
42.191,raw,658,8.1243,3.2860,1.5313
42.191,raw,669,8.1979,3.3340,1.5371
42.191,raw,681,8.2747,3.3873,1.5432
42.191,raw,693,8.3486,3.4271,1.5475
42.191,raw,704,8.4155,3.4506,1.5496
42.191,raw,716,8.5033,3.3464,1.5365
42.191,raw,727,8.5999,3.1930,1.5173
42.191,raw,739,8.7133,3.0480,1.4984
42.191,raw,750,8.8349,2.8815,1.4766
42.191,raw,762,8.9871,2.6796,1.4495
42.191,raw,773,7.4484,2.7619,1.5280
42.191,raw,785,7.5811,2.8828,1.5419
42.191,raw,796,7.6866,2.9596,1.5510
42.191,raw,808,7.7940,3.0391,1.5600
42.191,raw,820,7.8914,3.0937,1.5664
42.191,raw,831,7.9803,3.1811,1.5754
42.191,raw,843,8.0676,3.2335,1.5809
42.191,raw,854,8.1442,3.2827,1.5858
42.191,raw,866,8.2239,3.3631,1.5933
42.191,raw,877,8.2938,3.3840,1.5952
42.191,raw,889,8.3654,3.4568,1.6016
42.191,raw,900,8.4369,3.4220,1.5978
42.191,raw,912,8.5284,3.3058,1.5861
42.191,raw,924,8.6339,3.1599,1.5713
42.191,raw,935,8.7431,3.0134,1.5561
42.191,raw,947,8.8841,2.8130,1.5352
42.191,raw,958,9.0306,2.6185,1.5144
42.191,raw,970,19.8346,12.8704,0.5313
42.191,raw,981,7.5023,2.8343,1.6031
42.191,raw,993,7.6203,2.9109,1.6101
42.191,raw,1004,7.7235,2.9875,1.6168
42.191,raw,1016,7.8246,3.0417,1.6216
42.191,raw,1027,7.9181,3.1321,1.6287
42.191,raw,1039,8.0092,3.1909,1.6334
42.191,raw,1051,8.0951,3.2381,1.6371
42.191,raw,1062,8.1715,3.3159,1.6426
42.191,raw,1074,8.2494,3.3755,1.6468
42.191,raw,1085,8.3173,3.4294,1.6504
42.191,raw,1097,8.3882,3.4809,1.6536
42.191,raw,1108,8.4678,3.3709,1.6456
42.191,raw,1120,8.5672,3.2239,1.6346
42.191,raw,1131,8.6663,3.0994,1.6250
42.191,raw,1143,8.7892,2.9426,1.6128
42.191,raw,1155,8.9362,2.7399,1.5969
42.191,raw,1166,9.0926,2.5300,1.5801
42.191,raw,1178,-9.8455,-5.4369,0.8364
42.191,raw,1189,-9.4442,-5.9740,0.8388
42.191,raw,1201,-9.1369,-6.6485,0.8331
42.191,raw,1212,-8.6810,-7.1458,0.8366
42.191,raw,1224,-8.3483,-7.8156,0.8297
42.191,raw,1235,-5.3720,-6.1371,0.9827
42.191,raw,1247,-7.4617,-8.9139,0.8275
42.191,raw,1258,-7.1183,-9.5239,0.8196
42.191,raw,1270,-6.6642,-10.1246,0.8146
42.191,raw,1282,-6.2027,-10.7298,0.8084
42.191,raw,1293,-5.7859,-11.3062,0.8008
42.191,raw,1305,-5.3717,-12.0085,0.7877
42.191,raw,1316,-5.1016,-12.8349,0.7649
42.191,raw,1328,-4.7521,-13.7212,0.7409
42.191,raw,1339,-4.4186,-14.5743,0.7166
42.191,raw,1351,-4.2721,-15.9583,0.6661
42.191,raw,1362,-4.0416,-17.1919,0.6222
42.191,raw,1374,-3.9407,-19.0012,0.5511
42.191,raw,1386,7.5501,2.8572,1.6717
42.191,raw,1397,7.6591,2.9416,1.6765
42.191,raw,1409,7.7687,3.0245,1.6812
42.191,raw,1420,7.8609,3.0853,1.6846
42.191,raw,1432,7.9570,3.1602,1.6885
42.191,raw,1443,8.0395,3.2231,1.6917
42.191,raw,1455,8.1238,3.2739,1.6942
42.191,raw,1466,8.1979,3.3346,1.6971
42.191,raw,1478,8.2744,3.3998,1.7000
42.191,raw,1489,8.3411,3.4510,1.7023
42.191,raw,1501,8.4158,3.4471,1.7018
42.191,raw,1513,8.5073,3.3146,1.6954
42.191,raw,1524,8.5977,3.2074,1.6900
42.191,raw,1536,8.7163,3.0323,1.6812
42.191,raw,1547,8.8324,2.8928,1.6739
42.191,raw,1559,8.9902,2.6675,1.6622
42.191,raw,1570,21.5311,14.1478,1.0800
42.191,raw,1582,-18.3881,2.3120,1.2083
42.191,raw,1593,-17.8774,1.5336,1.2171
42.191,raw,1605,-17.3502,0.7070,1.2254
42.191,raw,1617,-16.8239,-0.0942,1.2332
42.191,raw,1628,-9.8028,0.8968,1.3889
42.191,raw,1640,-15.8696,-1.5804,1.2453
42.191,raw,1651,-15.4380,-2.2743,1.2497
42.191,raw,1663,-14.9694,-3.0176,1.2540
42.191,raw,1674,-14.5259,-3.6813,1.2579
42.191,raw,1686,-14.0731,-4.4068,1.2607
42.191,raw,1697,-13.0740,-4.7793,1.2772
42.191,raw,1709,-12.6979,-5.5046,1.2774
42.191,raw,1720,-12.3568,-6.1720,1.2769
42.191,raw,1732,-12.0330,-6.9329,1.2744
42.191,raw,1744,-11.7138,-7.7074,1.2711
42.191,raw,1755,-11.0331,-8.1523,1.2779
42.191,raw,1767,-10.7137,-8.9357,1.2733
42.191,raw,1778,-10.4108,-9.6629,1.2685
42.191,raw,1790,-10.0730,-10.4716,1.2627
42.191,raw,1801,-9.4184,-10.9133,1.2668
42.191,raw,1813,-9.0855,-11.7594,1.2591
42.191,raw,1824,-8.4703,-12.2360,1.2610
42.191,raw,1836,-8.0995,-13.0918,1.2525
42.191,raw,1848,-9.7590,-16.4847,1.1716
42.191,raw,1859,-9.3236,-17.3980,1.1617
42.191,raw,1871,-8.9689,-18.6214,1.1446
42.191,raw,1882,-8.4853,-19.5908,1.1330
42.191,raw,1894,-7.9484,-20.7076,1.1186
42.191,raw,1905,-7.5466,-21.9710,1.0992
42.191,raw,1917,-6.9454,-23.1792,1.0822
42.191,raw,1928,-6.3801,-24.3663,1.0645
42.191,raw,1940,-5.4346,-25.0686,1.0592
42.191,raw,1951,-4.5630,-25.7414,1.0531
42.191,raw,1963,-3.4691,-26.1484,1.0535
42.191,raw,1975,-2.3940,-26.6132,1.0516
42.191,raw,1986,-1.4193,-27.0980,1.0478
42.191,raw,1998,7.5089,2.8273,1.7369
42.191,raw,2009,7.6211,2.9148,1.7394
42.191,raw,2021,7.7324,2.9937,1.7416
42.191,raw,2032,7.8265,3.0543,1.7432
42.191,raw,2044,7.9256,3.1349,1.7453
42.191,raw,2055,8.0083,3.1801,1.7465
42.191,raw,2067,8.0966,3.2656,1.7485
42.191,raw,2079,8.1780,3.3152,1.7497
42.191,raw,2090,8.2494,3.3802,1.7511
42.191,raw,2102,8.3240,3.4187,1.7519
42.191,raw,2113,8.3882,3.4811,1.7532
42.191,raw,2125,8.4737,3.3767,1.7507
42.191,raw,2136,8.5633,3.2510,1.7477
42.191,raw,2148,8.6721,3.1079,1.7442
42.191,raw,2159,8.7895,2.9411,1.7401
42.191,raw,2171,8.9313,2.7597,1.7355
42.191,raw,2182,9.0933,2.5272,1.7296
42.191,raw,2194,-25.7374,10.5373,1.0427
42.191,raw,2206,-24.3986,9.1988,1.0757
42.191,raw,2217,-23.2329,8.0665,1.1037
42.191,raw,2229,-22.0608,6.9258,1.1311
42.191,raw,2240,-21.2209,5.9572,1.1502
42.191,raw,2252,-20.4239,4.9592,1.1677
42.191,raw,2263,-19.7573,4.0879,1.1816
42.191,raw,2275,-19.0485,3.1806,1.1958
42.191,raw,2286,-17.9200,-0.7396,1.8364
42.191,raw,2298,-16.2570,-4.7171,1.8360
42.191,raw,2310,-15.1099,-6.8704,1.8358
42.191,raw,2321,7.5282,2.8367,1.8039
42.191,raw,2333,7.6478,2.9260,1.8037
42.191,raw,2344,7.7478,2.9930,1.8036
42.191,raw,2356,7.8500,3.0614,1.8035
42.191,raw,2367,7.9402,3.1368,1.8034
42.191,raw,2379,8.0321,3.2162,1.8032
42.191,raw,2390,8.1103,3.2713,1.8032
42.191,raw,2402,8.1915,3.3411,1.8031
42.191,raw,2413,8.2623,3.3697,1.8030
42.191,raw,2425,8.3357,3.4354,1.8029
42.191,raw,2437,8.4066,3.4807,1.8029
42.191,raw,2448,8.4914,3.3366,1.8031
42.191,raw,2460,8.5907,3.2072,1.8033
42.191,raw,2471,8.6954,3.0623,1.8035
42.191,raw,2483,8.8280,2.8756,1.8038
42.191,raw,2494,8.9630,2.7037,1.8040
42.191,raw,2506,-19.9251,-2.1753,2.5236
42.191,raw,2517,7.5011,2.8300,1.8708
42.191,raw,2529,7.6235,2.9251,1.8678
42.191,raw,2541,7.7295,2.9781,1.8660
42.191,raw,2552,7.8283,3.0658,1.8634
42.191,raw,2564,7.9270,3.1462,1.8611
42.191,raw,2575,8.0104,3.2046,1.8595
42.191,raw,2587,8.0961,3.2552,1.8581
42.191,raw,2598,8.1713,3.3067,1.8567
42.191,raw,2610,8.2495,3.3674,1.8552
42.191,raw,2621,8.3175,3.4238,1.8539
42.191,raw,2633,8.3892,3.4687,1.8529
42.191,raw,2644,8.4696,3.3551,1.8558
42.191,raw,2656,8.5644,3.2430,1.8589
42.191,raw,2668,8.6763,3.0851,1.8632
42.191,raw,2679,8.7897,2.9402,1.8673
42.191,raw,2691,8.9373,2.7356,1.8730
42.191,raw,2702,9.0993,2.5063,1.8796
42.191,raw,2714,-21.0489,0.0871,3.2366
42.191,raw,2725,7.4262,2.7761,1.9413
42.191,raw,2737,7.5514,2.8623,1.9357
42.191,raw,2748,7.6569,2.9313,1.9314
42.191,raw,2760,7.7661,3.0093,1.9267
42.191,raw,2772,7.8708,3.1035,1.9214
42.191,raw,2783,7.9569,3.1591,1.9182
42.191,raw,2795,8.0470,3.2316,1.9143
42.191,raw,2806,8.1246,3.2936,1.9111
42.191,raw,2818,8.2045,3.3382,1.9089
42.191,raw,2829,8.2745,3.3942,1.9062
42.191,raw,2841,8.3479,3.4404,1.9041
42.191,raw,2852,8.4167,3.4364,1.9045
42.191,raw,2864,8.5065,3.3208,1.9106
42.191,raw,2875,8.5988,3.2003,1.9169
42.191,raw,2887,8.7145,3.0415,1.9254
42.191,raw,2899,8.8500,2.8513,1.9358
42.191,raw,2910,8.9942,2.6523,1.9467
42.191,raw,2922,-18.5976,1.0258,3.7517
42.191,raw,2933,-18.2120,0.2265,3.7350
42.191,raw,2945,-17.9238,-0.6610,3.7286
42.191,raw,2956,-16.9776,-2.0684,3.6895
42.191,raw,2968,-16.5754,-2.8908,3.6802
42.191,raw,2979,-16.3132,-3.6775,3.6816
42.191,raw,2991,-15.8642,-4.7971,3.6818
42.191,raw,3003,-15.5324,-5.6409,3.6851
42.191,raw,3014,-15.2424,-6.4257,3.6913
42.191,raw,3026,7.4762,2.8002,2.0075
42.191,raw,3037,7.5936,2.9010,1.9985
42.191,raw,3049,7.7053,2.9745,1.9916
42.191,raw,3060,7.8013,3.0372,1.9860
42.191,raw,3072,7.9029,3.1262,1.9786
42.191,raw,3083,7.9864,3.1710,1.9747
42.191,raw,3095,8.0764,3.2648,1.9675
42.191,raw,3106,8.1519,3.3172,1.9635
42.191,raw,3118,8.2303,3.3543,1.9608
42.191,raw,3130,8.3058,3.4050,1.9572
42.191,raw,3141,8.3725,3.4443,1.9547
42.191,raw,3153,8.4516,3.4023,1.9582
42.191,raw,3164,8.5420,3.2558,1.9694
42.191,raw,3176,8.6475,3.1226,1.9800
42.191,raw,3187,8.7600,2.9687,1.9923
42.191,raw,3199,8.9022,2.7731,2.0082
42.191,raw,3210,9.0523,2.5728,2.0249
42.191,raw,3222,7.6095,2.8990,2.0636
42.191,raw,3234,7.7231,2.9854,2.0533
42.191,raw,3245,7.8196,3.0578,2.0449
42.191,raw,3257,7.9184,3.1350,2.0363
42.191,raw,3268,8.0039,3.2085,2.0285
42.191,raw,3280,8.0908,3.2817,2.0209
42.191,raw,3291,8.1649,3.3151,2.0174
42.191,raw,3303,8.2431,3.3666,2.0125
42.191,raw,3314,8.3115,3.4183,2.0077
42.191,raw,3326,8.3825,3.4766,2.0025
42.191,raw,3337,8.4602,3.3816,2.0122
42.191,raw,3349,8.5566,3.2492,2.0259
42.191,raw,3361,8.6696,3.0809,2.0434
42.191,raw,3372,8.7803,2.9470,2.0580
42.191,raw,3384,8.9207,2.7677,2.0776
42.191,raw,3395,8.0973,3.2783,2.0762
42.191,raw,3407,8.1780,3.3138,2.0716
42.191,raw,3418,8.2493,3.3846,2.0631
42.191,raw,3430,8.3234,3.4325,2.0577
42.191,raw,3441,8.3884,3.4787,2.0527
42.191,raw,3453,8.4755,3.3606,2.0677
43.214,raw,0,7.4480,2.8837,1.2148
43.214,raw,10,7.5899,3.0023,1.2455
43.214,raw,21,7.7160,3.0799,1.2674
43.214,raw,32,7.8394,3.1731,1.2914
43.214,raw,43,7.9472,3.2405,1.3094
43.214,raw,54,8.0508,3.3156,1.3281
43.214,raw,65,8.1449,3.3756,1.3431
43.214,raw,76,8.2357,3.4460,1.3594
43.214,raw,87,8.3189,3.5014,1.3723
43.214,raw,98,8.3964,3.5451,1.3824
43.214,raw,109,8.4625,3.4954,1.3743
43.214,raw,119,8.5244,3.4392,1.3646
43.214,raw,130,8.5946,3.3221,1.3431
43.214,raw,141,8.6721,3.2075,1.3217
43.214,raw,152,8.7569,3.0903,1.2993
43.214,raw,163,8.8504,2.9590,1.2737
43.214,raw,174,8.9542,2.8112,1.2443
43.214,raw,185,9.0685,2.6604,1.2136
43.214,raw,196,7.5499,2.9706,1.3094
43.214,raw,207,7.6799,3.0521,1.3295
43.214,raw,218,7.8072,3.1496,1.3514
43.214,raw,229,7.9188,3.2234,1.3684
43.214,raw,239,8.0130,3.2847,1.3822
43.214,raw,250,8.1131,3.3620,1.3984
43.214,raw,261,8.2032,3.4195,1.4107
43.214,raw,272,8.2890,3.4804,1.4230
43.214,raw,283,8.3687,3.5295,1.4329
43.214,raw,294,8.4421,3.5540,1.4382
43.214,raw,305,8.5060,3.4630,1.4242
43.214,raw,316,8.5745,3.3458,1.4056
43.214,raw,327,8.6503,3.2440,1.3891
43.214,raw,338,8.7329,3.1288,1.3700
43.214,raw,349,8.8237,2.9998,1.3482
43.214,raw,359,8.9160,2.8578,1.3238
43.214,raw,370,9.0263,2.7108,1.2979
43.214,raw,381,7.4880,2.9106,1.3700
43.214,raw,392,7.6318,3.0176,1.3914
43.214,raw,403,7.7625,3.1158,1.4105
43.214,raw,414,7.8786,3.1951,1.4260
43.214,raw,425,7.9893,3.2815,1.4420
43.214,raw,436,8.0839,3.3301,1.4518
43.214,raw,447,8.1784,3.4006,1.4643
43.214,raw,458,8.2669,3.4686,1.4759
43.214,raw,468,8.3396,3.5078,1.4829
43.214,raw,479,8.4166,3.5542,1.4907
43.214,raw,490,8.4806,3.4763,1.4807
43.214,raw,501,8.5488,3.3884,1.4690
43.214,raw,512,8.6220,3.2802,1.4541
43.214,raw,523,8.7023,3.1537,1.4364
43.214,raw,534,8.7902,3.0367,1.4196
43.214,raw,545,8.8879,2.8940,1.3988
43.214,raw,556,8.9935,2.7656,1.3794
43.214,raw,567,7.4482,2.8844,1.4385
43.214,raw,578,7.5990,3.0025,1.4578
43.214,raw,588,7.7176,3.0844,1.4715
43.214,raw,599,7.8361,3.1628,1.4845
43.214,raw,610,7.9462,3.2368,1.4965
43.214,raw,621,8.0485,3.3063,1.5073
43.214,raw,632,8.1433,3.3685,1.5169
43.214,raw,643,8.2354,3.4441,1.5276
43.214,raw,654,8.3170,3.4890,1.5343
43.214,raw,665,8.3982,3.5608,1.5438
43.214,raw,676,8.4643,3.5155,1.5393
43.214,raw,687,8.5307,3.4324,1.5303
43.214,raw,698,8.6015,3.3173,1.5172
43.214,raw,708,8.6721,3.2127,1.5051
43.214,raw,719,8.7571,3.0849,1.4900
43.214,raw,730,8.8505,2.9571,1.4746
43.214,raw,741,8.9536,2.8174,1.4574
43.214,raw,752,9.0708,2.6430,1.4357
43.214,raw,763,7.5444,2.9569,1.5217
43.214,raw,774,7.6836,3.0623,1.5354
43.214,raw,785,7.8039,3.1396,1.5458
43.214,raw,796,7.9235,3.2397,1.5579
43.214,raw,807,8.0208,3.2858,1.5645
43.214,raw,818,8.1210,3.3649,1.5737
43.214,raw,828,8.2069,3.4385,1.5821
43.214,raw,839,8.2888,3.4789,1.5871
43.214,raw,850,8.3684,3.5273,1.5926
43.214,raw,861,8.4411,3.5437,1.5948
43.214,raw,872,8.5052,3.4506,1.5867
43.214,raw,883,8.5746,3.3480,1.5776
43.214,raw,894,8.6502,3.2335,1.5671
43.214,raw,905,8.7330,3.1253,1.5570
43.214,raw,916,8.8247,2.9834,1.5435
43.214,raw,927,8.9256,2.8441,1.5299
43.214,raw,937,9.0276,2.7000,1.5156
43.214,raw,948,20.1282,12.7507,0.5557
43.214,raw,959,7.5196,2.9417,1.5910
43.214,raw,970,7.6646,3.0581,1.6021
43.214,raw,981,7.7807,3.1199,1.6087
43.214,raw,992,7.8946,3.1953,1.6161
43.214,raw,1003,8.0035,3.2776,1.6236
43.214,raw,1014,8.1057,3.3610,1.6309
43.214,raw,1025,8.1996,3.4366,1.6373
43.214,raw,1036,8.2825,3.4815,1.6414
43.214,raw,1047,8.3610,3.5204,1.6448
43.214,raw,1057,8.4291,3.5512,1.6475
43.214,raw,1068,8.4924,3.4571,1.6414
43.214,raw,1079,8.5615,3.3665,1.6354
43.214,raw,1090,8.6358,3.2327,1.6263
43.214,raw,1101,8.7175,3.1389,1.6198
43.214,raw,1112,8.8079,2.9997,1.6100
43.214,raw,1123,8.9059,2.8770,1.6010
43.214,raw,1134,9.0161,2.7224,1.5896
43.214,raw,1145,21.7551,13.8995,0.7353
43.214,raw,1156,-10.1785,-4.1010,0.8326
43.214,raw,1167,-9.9733,-4.7567,0.8265
43.214,raw,1177,-9.7711,-5.3525,0.8208
43.214,raw,1188,-9.4183,-5.9342,0.8204
43.214,raw,1199,-9.1448,-6.5724,0.8146
43.214,raw,1210,-8.7541,-7.1347,0.8142
43.214,raw,1221,-8.3694,-7.7034,0.8124
43.214,raw,1232,-5.3905,-6.0898,0.9639
43.214,raw,1243,-7.6871,-8.9337,0.8000
43.214,raw,1254,-7.2887,-9.5139,0.7954
43.214,raw,1265,-6.9121,-10.1264,0.7879
43.214,raw,1276,-6.4841,-10.6994,0.7825
43.214,raw,1286,-6.1491,-11.2934,0.7725
43.214,raw,1297,-5.8711,-12.0820,0.7531
43.214,raw,1308,-5.6315,-12.9665,0.7283
43.214,raw,1319,-5.2693,-13.7399,0.7098
43.214,raw,1330,-5.1323,-14.8983,0.6699
43.214,raw,1341,-5.1934,-16.4807,0.6079
43.214,raw,1352,7.4929,2.9225,1.6609
43.214,raw,1363,7.6273,3.0055,1.6666
43.214,raw,1374,7.7642,3.1207,1.6737
43.214,raw,1385,7.8765,3.1884,1.6782
43.214,raw,1396,7.9858,3.2685,1.6830
43.214,raw,1406,8.0803,3.3458,1.6875
43.214,raw,1417,8.1701,3.3945,1.6906
43.214,raw,1428,8.2589,3.4612,1.6943
43.214,raw,1439,8.3382,3.4976,1.6965
43.214,raw,1450,8.4186,3.5722,1.7003
43.214,raw,1461,8.4817,3.4907,1.6969
43.214,raw,1472,8.5472,3.3536,1.6909
43.214,raw,1483,8.6217,3.2623,1.6868
43.214,raw,1494,8.7019,3.1756,1.6828
43.214,raw,1505,8.7897,3.0460,1.6768
43.214,raw,1516,8.8878,2.8955,1.6697
43.214,raw,1526,8.9849,2.7655,1.6634
43.214,raw,1537,21.8055,13.8785,1.0964
43.214,raw,1548,-17.4773,4.7993,1.2229
43.214,raw,1559,-17.1235,3.9948,1.2298
43.214,raw,1570,-16.7639,3.2098,1.2362
43.214,raw,1581,-16.4268,2.4397,1.2417
43.214,raw,1592,-16.1064,1.6818,1.2462
43.214,raw,1603,-15.7604,0.9413,1.2508
43.214,raw,1614,-15.4436,0.2070,1.2543
43.214,raw,1625,-15.1068,-0.5127,1.2577
43.214,raw,1636,-14.7895,-1.2288,1.2602
43.214,raw,1646,-14.5029,-1.8747,1.2619
43.214,raw,1657,-14.2013,-2.5851,1.2631
43.214,raw,1668,-13.5609,-3.1570,1.2718
43.214,raw,1679,-13.2549,-3.8491,1.2721
43.214,raw,1690,-12.9613,-4.5469,1.2716
43.214,raw,1701,-12.6671,-5.2468,1.2705
43.214,raw,1712,-12.4626,-6.0010,1.2667
43.214,raw,1723,-11.8568,-6.5287,1.2724
43.214,raw,1734,-11.6848,-7.3165,1.2665
43.214,raw,1745,-11.4661,-8.0937,1.2610
43.214,raw,1755,-11.2650,-8.8162,1.2554
43.214,raw,1766,-10.7229,-9.3827,1.2574
43.214,raw,1777,-10.5234,-10.2282,1.2491
43.214,raw,1788,-10.2950,-11.0808,1.2407
43.214,raw,1799,-9.7536,-11.6716,1.2407
43.214,raw,1810,-9.5425,-12.5965,1.2297
43.214,raw,1821,-10.8048,-15.1509,1.1698
43.214,raw,1832,-10.4668,-16.1362,1.1586
43.214,raw,1843,-10.2072,-17.2689,1.1432
43.214,raw,1854,-9.7848,-18.2635,1.1318
43.214,raw,1865,-9.3536,-19.3034,1.1191
43.214,raw,1875,-9.0915,-20.4988,1.1008
43.214,raw,1886,-8.6246,-21.6358,1.0854
43.214,raw,1897,-8.1466,-22.8429,1.0681
43.214,raw,1908,-7.6316,-24.0876,1.0498
43.214,raw,1919,-7.1949,-25.6057,1.0247
43.214,raw,1930,-6.1950,-26.0894,1.0247
43.214,raw,1941,-5.1966,-26.5792,1.0238
43.214,raw,1952,7.5703,2.9755,1.7343
43.214,raw,1963,7.7092,3.0851,1.7376
43.214,raw,1974,7.8235,3.1489,1.7397
43.214,raw,1985,7.9385,3.2374,1.7423
43.214,raw,1995,8.0356,3.3144,1.7445
43.214,raw,2006,8.1255,3.3526,1.7458
43.214,raw,2017,8.2212,3.4415,1.7482
43.214,raw,2028,8.3035,3.4875,1.7495
43.214,raw,2039,8.3845,3.5525,1.7512
43.214,raw,2050,8.4530,3.5341,1.7509
43.214,raw,2061,8.5169,3.4242,1.7486
43.214,raw,2072,8.5872,3.3078,1.7461
43.214,raw,2083,8.6647,3.2190,1.7442
43.214,raw,2094,8.7492,3.0938,1.7414
43.214,raw,2104,8.8346,2.9532,1.7382
43.214,raw,2115,8.9351,2.8333,1.7354
43.214,raw,2126,9.0482,2.6785,1.7317
43.214,raw,2137,-23.3765,19.0960,1.0342
43.214,raw,2148,-22.5766,17.6184,1.0627
43.214,raw,2159,-22.0416,16.3171,1.0835
43.214,raw,2170,-22.2398,15.3041,1.0863
43.214,raw,2181,-21.5440,14.0525,1.1088
43.214,raw,2192,-21.0630,12.9180,1.1253
43.214,raw,2203,-20.5906,11.8326,1.1408
43.214,raw,2214,-13.1494,9.5700,1.3115
43.214,raw,2224,-19.7457,9.8883,1.1666
43.214,raw,2235,-19.3136,8.9260,1.1788
43.214,raw,2246,-18.9166,8.0008,1.1895
43.214,raw,2257,-18.5054,7.1046,1.1998
43.214,raw,2268,-18.1221,6.2377,1.2090
43.214,raw,2279,-17.7440,5.3960,1.2173
43.214,raw,2290,-18.5170,0.8837,1.8374
43.214,raw,2301,-16.8696,-3.0623,1.8366
43.214,raw,2312,-16.7778,-5.3053,1.8376
43.214,raw,2323,-15.7226,-6.2078,1.8368
43.214,raw,2334,7.5446,2.9572,1.8041
43.214,raw,2344,7.6713,3.0525,1.8039
43.214,raw,2355,7.7922,3.1294,1.8037
43.214,raw,2366,7.9082,3.2141,1.8036
43.214,raw,2377,8.0159,3.2960,1.8034
43.214,raw,2388,8.1074,3.3368,1.8034
43.214,raw,2399,8.2021,3.4138,1.8032
43.214,raw,2410,8.2896,3.4840,1.8031
43.214,raw,2421,8.3703,3.5422,1.8030
43.214,raw,2432,8.4411,3.5430,1.8030
43.214,raw,2443,8.5056,3.4559,1.8031
43.214,raw,2454,8.5746,3.3499,1.8033
43.214,raw,2464,8.6431,3.2419,1.8034
43.214,raw,2475,8.7254,3.1238,1.8036
43.214,raw,2486,8.8156,3.0037,1.8037
43.214,raw,2497,8.9154,2.8638,1.8039
43.214,raw,2508,9.0269,2.7058,1.8042
43.214,raw,2519,-19.9918,-1.5364,2.5325
43.214,raw,2530,7.5201,2.9429,1.8750
43.214,raw,2541,7.6543,3.0303,1.8718
43.214,raw,2552,7.7870,3.1388,1.8682
43.214,raw,2563,7.8972,3.2038,1.8658
43.214,raw,2573,7.9960,3.2780,1.8634
43.214,raw,2584,8.0976,3.3573,1.8609
43.214,raw,2595,8.1872,3.4095,1.8591
43.214,raw,2606,8.2760,3.4826,1.8570
43.214,raw,2617,8.3577,3.5449,1.8551
43.214,raw,2628,8.4298,3.5578,1.8546
43.214,raw,2639,8.4917,3.4480,1.8572
43.214,raw,2650,8.5615,3.3669,1.8591
43.214,raw,2661,8.6359,3.2479,1.8620
43.214,raw,2672,8.7174,3.1452,1.8645
43.214,raw,2683,8.8074,3.0081,1.8680
43.214,raw,2693,8.8961,2.8944,1.8710
43.214,raw,2704,9.0070,2.7243,1.8755
43.214,raw,2715,-20.3196,-1.2661,3.2379
43.214,raw,2726,7.4451,2.8998,1.9493
43.214,raw,2737,7.5864,2.9934,1.9426
43.214,raw,2748,7.7184,3.0867,1.9362
43.214,raw,2759,7.8410,3.1781,1.9301
43.214,raw,2770,7.9541,3.2647,1.9245
43.214,raw,2781,8.0499,3.3118,1.9211
43.214,raw,2792,8.1494,3.3967,1.9161
43.214,raw,2803,8.2349,3.4417,1.9131
43.214,raw,2813,8.3131,3.5069,1.9094
43.214,raw,2824,8.3899,3.5442,1.9071
43.214,raw,2835,8.4562,3.4971,1.9091
43.214,raw,2846,8.5227,3.4085,1.9131
43.214,raw,2857,8.5948,3.3276,1.9168
43.214,raw,2868,8.6721,3.2013,1.9229
43.214,raw,2879,8.7571,3.0858,1.9286
43.214,raw,2890,8.8511,2.9479,1.9354
43.214,raw,2901,8.9556,2.7973,1.9431
43.214,raw,2912,9.0698,2.6505,1.9508
43.214,raw,2922,-18.5619,1.6792,3.7742
43.214,raw,2933,-18.1844,0.8636,3.7571
43.214,raw,2944,-17.7780,0.0688,3.7396
43.214,raw,2955,-17.1402,-0.8902,3.7108
43.214,raw,2966,-16.9163,-1.7021,3.7108
43.214,raw,2977,-16.5567,-2.4705,3.7024
43.214,raw,2988,-16.2662,-3.2569,3.7010
43.214,raw,2999,-15.9683,-4.2868,3.7075
43.214,raw,3010,-15.6815,-5.0792,3.7109
43.214,raw,3021,-15.4035,-5.8802,3.7170
43.214,raw,3032,7.5674,2.9681,2.0143
43.214,raw,3042,7.6859,3.0443,2.0061
43.214,raw,3053,7.8147,3.1473,1.9962
43.214,raw,3064,7.9281,3.2285,1.9882
43.214,raw,3075,8.0336,3.3066,1.9808
43.214,raw,3086,8.1333,3.3878,1.9735
43.214,raw,3097,8.2221,3.4466,1.9681
43.214,raw,3108,8.3048,3.4956,1.9636
43.214,raw,3119,8.3847,3.5547,1.9586
43.214,raw,3130,8.4517,3.5194,1.9606
43.214,raw,3141,8.5178,3.4389,1.9660
43.214,raw,3152,8.5875,3.3166,1.9746
43.214,raw,3162,8.6575,3.2310,1.9806
43.214,raw,3173,8.7414,3.0965,1.9904
43.214,raw,3184,8.8332,2.9754,1.9994
43.214,raw,3195,8.9353,2.8304,2.0103
43.214,raw,3206,9.0501,2.6633,2.0232
43.214,raw,3217,8.2449,3.4590,2.0218
43.214,raw,3228,8.3284,3.5208,2.0147
43.214,raw,3239,8.4071,3.5826,2.0079
43.214,raw,3250,8.4672,3.4728,2.0177
43.214,raw,3261,8.5355,3.3958,2.0246
44.454,raw,0,7.2806,2.9427,1.1672
44.454,raw,10,7.4603,3.0734,1.2051
44.454,raw,21,7.6411,3.2130,1.2441
44.454,raw,32,7.7849,3.3027,1.2710
44.454,raw,43,7.9196,3.3940,1.2969
44.454,raw,54,8.0510,3.5009,1.3248
44.454,raw,64,8.1521,3.5701,1.3435
44.454,raw,75,8.2607,3.6596,1.3660
44.454,raw,86,8.3147,3.5822,1.3549
44.454,raw,97,8.3667,3.4809,1.3390
44.454,raw,108,8.4274,3.3939,1.3256
44.454,raw,118,8.4894,3.3305,1.3162
44.454,raw,129,8.5559,3.2270,1.2990
44.454,raw,140,8.6290,3.1288,1.2826
44.454,raw,151,8.7059,3.0099,1.2618
44.454,raw,162,8.7909,2.9096,1.2441
44.454,raw,172,8.8723,2.7761,1.2196
44.454,raw,183,7.3141,2.9626,1.2540
44.454,raw,194,7.5095,3.1084,1.2903
44.454,raw,205,7.6785,3.2315,1.3209
44.454,raw,216,7.8217,3.3256,1.3448
44.454,raw,226,7.9461,3.4181,1.3668
44.454,raw,237,8.0741,3.5212,1.3902
44.454,raw,248,8.1803,3.5880,1.4064
44.454,raw,259,8.2742,3.6356,1.4186
44.454,raw,270,8.3295,3.5585,1.4089
44.454,raw,280,8.3802,3.4766,1.3980
44.454,raw,291,8.4430,3.3982,1.3877
44.454,raw,302,8.5049,3.2907,1.3723
44.454,raw,313,8.5781,3.2201,1.3627
44.454,raw,324,8.6495,3.0989,1.3445
44.454,raw,334,8.7232,3.0199,1.3327
44.454,raw,345,8.8075,2.9024,1.3144
44.454,raw,356,8.8986,2.7608,1.2917
44.454,raw,367,7.3777,3.0180,1.3449
44.454,raw,378,7.5569,3.1420,1.3720
44.454,raw,388,7.7002,3.2381,1.3930
44.454,raw,399,7.8500,3.3504,1.4161
44.454,raw,410,7.9814,3.4447,1.4354
44.454,raw,421,8.1119,3.5617,1.4572
44.454,raw,432,8.2032,3.5912,1.4653
44.454,raw,442,8.2776,3.6002,1.4697
44.454,raw,453,8.3326,3.5168,1.4605
44.454,raw,464,8.3992,3.4648,1.4557
44.454,raw,475,8.4587,3.3659,1.4439
44.454,raw,486,8.5245,3.2715,1.4326
44.454,raw,496,8.5887,3.1841,1.4218
44.454,raw,507,8.6645,3.0885,1.4098
44.454,raw,518,8.7436,2.9614,1.3930
44.454,raw,529,8.8314,2.8624,1.3799
44.454,raw,540,8.9249,2.7145,1.3595
44.454,raw,550,7.4125,3.0428,1.4267
44.454,raw,561,7.5826,3.1538,1.4473
44.454,raw,572,7.7507,3.2868,1.4698
44.454,raw,583,7.8844,3.3705,1.4850
44.454,raw,594,8.0191,3.4792,1.5027
44.454,raw,604,8.1244,3.5548,1.5152
44.454,raw,615,8.2274,3.6214,1.5264
44.454,raw,626,8.2985,3.5993,1.5264
44.454,raw,637,8.3516,3.5069,1.5177
44.454,raw,648,8.4151,3.4388,1.5117
44.454,raw,658,8.4690,3.3420,1.5019
44.454,raw,669,8.5380,3.2605,1.4940
44.454,raw,680,8.6077,3.1494,1.4824
44.454,raw,691,8.6844,3.0446,1.4713
44.454,raw,702,8.7670,2.9345,1.4593
44.454,raw,712,8.8472,2.8188,1.4463
44.454,raw,723,8.9429,2.6925,1.4318
44.454,raw,734,7.4591,3.0711,1.5071
44.454,raw,745,7.6339,3.1983,1.5250
44.454,raw,756,7.7833,3.2992,1.5394
44.454,raw,766,7.9147,3.4023,1.5530
44.454,raw,777,8.0366,3.4839,1.5642
44.454,raw,788,8.1478,3.5578,1.5742
44.454,raw,799,8.2595,3.6558,1.5861
44.454,raw,810,8.3087,3.5607,1.5789
44.454,raw,820,8.3675,3.5131,1.5761
44.454,raw,831,8.4243,3.4140,1.5683
44.454,raw,842,8.4859,3.3116,1.5602
44.454,raw,853,8.5565,3.2311,1.5539
44.454,raw,864,8.6295,3.1330,1.5458
44.454,raw,874,8.6977,3.0113,1.5352
44.454,raw,885,8.7820,2.9029,1.5258
44.454,raw,896,8.8728,2.7969,1.5164
44.454,raw,907,20.6941,13.4299,0.5066
44.454,raw,918,7.3819,3.0063,1.5752
44.454,raw,928,7.5617,3.1513,1.5899
44.454,raw,939,7.7127,3.2448,1.6003
44.454,raw,950,7.8611,3.3562,1.6115
44.454,raw,961,7.9940,3.4562,1.6214
44.454,raw,972,8.1078,3.5296,1.6289
44.454,raw,982,8.2096,3.6106,1.6365
44.454,raw,993,8.2850,3.6014,1.6375
44.454,raw,1004,8.3375,3.5080,1.6322
44.454,raw,1015,8.4044,3.4559,1.6299
44.454,raw,1026,8.4646,3.3580,1.6241
44.454,raw,1036,8.5233,3.2643,1.6185
44.454,raw,1047,8.5964,3.1832,1.6137
44.454,raw,1058,8.6715,3.0778,1.6070
44.454,raw,1069,8.7513,2.9524,1.5989
44.454,raw,1080,8.8391,2.8369,1.5913
44.454,raw,1090,8.9248,2.7026,1.5821
44.454,raw,1101,-10.1152,-2.2094,0.8576
44.454,raw,1112,-9.8051,-2.7872,0.8598
44.454,raw,1123,-9.6280,-3.4287,0.8545
44.454,raw,1134,-9.3175,-4.0074,0.8549
44.454,raw,1144,-9.1691,-4.6109,0.8474
44.454,raw,1155,-8.8568,-5.1959,0.8459
44.454,raw,1166,-8.6723,-5.8691,0.8364
44.454,raw,1177,-8.3783,-6.4814,0.8316
44.454,raw,1188,-8.0339,-7.0645,0.8285
44.454,raw,1198,-5.5851,-5.8762,0.9496
44.454,raw,1209,-7.3503,-8.1750,0.8208
44.454,raw,1220,-7.0869,-8.8564,0.8092
44.454,raw,1231,-6.7332,-9.4729,0.8016
44.454,raw,1242,-6.3953,-10.1221,0.7914
44.454,raw,1252,-5.9763,-10.6081,0.7883
44.454,raw,1263,-5.7213,-11.3929,0.7691
44.454,raw,1274,-5.5164,-12.2844,0.7437
44.454,raw,1285,-5.1973,-13.0830,0.7238
44.454,raw,1296,-4.9597,-14.0479,0.6945
44.454,raw,1306,-4.7280,-14.9665,0.6658
44.454,raw,1317,-4.8404,-16.6579,0.5981
44.454,raw,1328,7.3045,2.9456,1.6476
44.454,raw,1339,7.5092,3.1078,1.6585
44.454,raw,1350,7.6721,3.2185,1.6664
44.454,raw,1360,7.8071,3.3128,1.6729
44.454,raw,1371,7.9498,3.4269,1.6802
44.454,raw,1382,8.0700,3.5100,1.6857
44.454,raw,1393,8.1836,3.5976,1.6912
44.454,raw,1404,8.2716,3.6271,1.6938
44.454,raw,1414,8.3227,3.5597,1.6915
44.454,raw,1425,8.3814,3.4815,1.6887
44.454,raw,1436,8.4419,3.3925,1.6853
44.454,raw,1447,8.5074,3.3051,1.6820
44.454,raw,1458,8.5748,3.1970,1.6776
44.454,raw,1468,8.6407,3.0920,1.6732
44.454,raw,1479,8.7219,3.0038,1.6696
44.454,raw,1490,8.8060,2.8710,1.6638
44.454,raw,1501,8.8985,2.7582,1.6588
44.454,raw,1512,-15.7906,6.9797,1.2534
44.454,raw,1522,-15.5298,6.2634,1.2596
44.454,raw,1533,-15.2612,5.4932,1.2656
44.454,raw,1544,-14.9756,4.7402,1.2713
44.454,raw,1555,-14.7516,3.9981,1.2753
44.454,raw,1566,-14.5211,3.2673,1.2788
44.454,raw,1576,-14.3248,2.6093,1.2813
44.454,raw,1587,-14.1245,1.8898,1.2832
44.454,raw,1598,-13.8864,1.1829,1.2855
44.454,raw,1609,-10.1184,1.3218,1.3674
44.454,raw,1620,-13.4785,-0.2330,1.2870
44.454,raw,1630,-13.2838,-0.8721,1.2873
44.454,raw,1641,-12.8592,-1.5040,1.2919
44.454,raw,1652,-12.6609,-2.2068,1.2909
44.454,raw,1663,-12.4422,-2.9054,1.2897
44.454,raw,1674,-12.2273,-3.6100,1.2880
44.454,raw,1684,-12.0484,-4.2639,1.2855
44.454,raw,1695,-11.6635,-4.8945,1.2868
44.454,raw,1706,-11.4124,-5.5967,1.2843
44.454,raw,1717,-11.1233,-6.2851,1.2822
44.454,raw,1728,-10.8198,-6.9725,1.2798
44.454,raw,1738,-10.3906,-7.4994,1.2812
44.454,raw,1749,-10.1143,-8.2192,1.2769
44.454,raw,1760,-5.8286,-5.7947,1.3846
44.454,raw,1771,-9.3771,-9.5564,1.2714
44.454,raw,1782,-9.0671,-10.2954,1.2659
44.454,raw,1792,-8.7118,-10.9171,1.2624
44.454,raw,1803,-8.2505,-11.5460,1.2599
44.454,raw,1814,-8.1039,-12.5255,1.2465
44.454,raw,1825,-7.6732,-13.2382,1.2412
44.454,raw,1836,-9.6238,-16.8927,1.1518
44.454,raw,1846,-9.4495,-18.0502,1.1342
44.454,raw,1857,-9.0738,-19.1605,1.1195
44.454,raw,1868,-8.6494,-20.2755,1.1046
44.454,raw,1879,-8.3899,-21.7345,1.0808
44.454,raw,1890,-7.9373,-23.0009,1.0620
44.454,raw,1900,7.4037,3.0266,1.7287
44.454,raw,1911,7.5711,3.1311,1.7325
44.454,raw,1922,7.7427,3.2698,1.7369
44.454,raw,1933,7.8829,3.3671,1.7401
44.454,raw,1944,8.0139,3.4661,1.7433
44.454,raw,1954,8.1208,3.5447,1.7457
44.454,raw,1965,8.2327,3.6375,1.7484
44.454,raw,1976,8.2930,3.5804,1.7476
44.454,raw,1987,8.3568,3.5273,1.7469
44.454,raw,1998,8.4119,3.4244,1.7449
44.454,raw,2008,8.4686,3.3397,1.7434
44.454,raw,2019,8.5366,3.2514,1.7417
44.454,raw,2030,8.6078,3.1498,1.7397
44.454,raw,2041,8.6851,3.0513,1.7377
44.454,raw,2052,8.7660,2.9203,1.7350
44.454,raw,2062,8.8468,2.8073,1.7326
44.454,raw,2073,8.9429,2.6898,1.7301
44.454,raw,2084,-21.9258,21.1246,1.0398
44.454,raw,2095,-21.2973,19.6416,1.0664
44.454,raw,2106,-20.7608,18.2784,1.0893
44.454,raw,2116,-20.4854,17.1808,1.1039
44.454,raw,2127,-19.8537,15.9046,1.1267
44.454,raw,2138,-19.3233,14.7274,1.1460
44.454,raw,2149,-18.7998,13.6086,1.1641
44.454,raw,2160,-18.2883,12.5451,1.1810
44.454,raw,2170,-17.8591,11.6281,1.1947
44.454,raw,2181,-13.4807,9.9487,1.2967
44.454,raw,2192,-16.9788,9.7437,1.2213
44.454,raw,2203,-16.5290,8.8561,1.2338
44.454,raw,2214,-16.1178,8.0068,1.2447
44.454,raw,2224,-15.8629,7.2680,1.2515
44.454,raw,2235,-18.0441,-0.3184,1.8375
44.454,raw,2246,-17.6201,-5.0264,1.8389
44.454,raw,2257,7.4161,3.0493,1.8043
44.454,raw,2268,7.5890,3.1664,1.8041
44.454,raw,2278,7.7271,3.2560,1.8039
44.454,raw,2289,7.8738,3.3656,1.8037
44.454,raw,2300,7.9997,3.4503,1.8035
44.454,raw,2311,8.1165,3.5328,1.8033
44.454,raw,2322,8.2263,3.6180,1.8032
44.454,raw,2332,8.2876,3.5863,1.8032
44.454,raw,2343,8.3461,3.5135,1.8033
44.454,raw,2354,8.4075,3.4374,1.8034
44.454,raw,2365,8.4705,3.3499,1.8035
44.454,raw,2376,8.5383,3.2620,1.8036
44.454,raw,2386,8.6017,3.1637,1.8037
44.454,raw,2397,8.6777,3.0590,1.8038
44.454,raw,2408,8.7593,2.9469,1.8040
44.454,raw,2419,8.8468,2.8078,1.8041
44.454,raw,2430,8.9429,2.6840,1.8043
44.454,raw,2440,7.2952,2.9488,1.8830
44.454,raw,2451,7.4919,3.0942,1.8775
44.454,raw,2462,7.6531,3.1987,1.8734
44.454,raw,2473,7.8161,3.3327,1.8687
44.454,raw,2484,7.9431,3.4106,1.8656
44.454,raw,2494,8.0572,3.4969,1.8626
44.454,raw,2505,8.1702,3.5796,1.8597
44.454,raw,2516,8.2703,3.6456,1.8574
44.454,raw,2527,8.3229,3.5607,1.8591
44.454,raw,2538,8.3794,3.4733,1.8608
44.454,raw,2548,8.4405,3.4213,1.8617
44.454,raw,2559,8.5010,3.3114,1.8641
44.454,raw,2570,8.5707,3.2226,1.8660
44.454,raw,2581,8.6422,3.1048,1.8687
44.454,raw,2592,8.7212,2.9958,1.8712
44.454,raw,2602,8.7977,2.8780,1.8740
44.454,raw,2613,8.8896,2.7575,1.8769
44.454,raw,2624,-17.3848,-0.7279,3.1095
44.454,raw,2635,7.3907,3.0223,1.9562
44.454,raw,2646,7.5674,3.1432,1.9471
44.454,raw,2656,7.7152,3.2501,1.9393
44.454,raw,2667,7.8611,3.3562,1.9317
44.454,raw,2678,7.9876,3.4399,1.9257
44.454,raw,2689,8.1054,3.5232,1.9199
44.454,raw,2700,8.2239,3.6323,1.9130
44.454,raw,2710,8.2877,3.6104,1.9131
44.454,raw,2721,8.3380,3.5101,1.9171
44.454,raw,2732,8.4006,3.4395,1.9197
44.454,raw,2743,8.4623,3.3464,1.9235
44.454,raw,2754,8.5307,3.2624,1.9269
44.454,raw,2764,8.5963,3.1829,1.9302
44.454,raw,2775,8.6683,3.0465,1.9364
44.454,raw,2786,8.7514,2.9543,1.9405
44.454,raw,2797,8.8382,2.8123,1.9471
44.454,raw,2808,8.9338,2.6996,1.9524
44.454,raw,2818,-18.4834,1.7872,3.7898
44.454,raw,2829,-18.1865,0.9498,3.7785
44.454,raw,2840,-17.8573,0.1286,3.7668
44.454,raw,2851,-19.3911,-1.1431,3.8945
44.454,raw,2862,-17.0687,-1.4496,3.7390
44.454,raw,2872,-16.8017,-2.1800,3.7355
44.454,raw,2883,-16.5081,-2.9810,3.7335
44.454,raw,2894,-16.1842,-4.0188,3.7375
44.454,raw,2905,-15.8944,-4.8236,3.7403
44.454,raw,2916,-15.5885,-5.6245,3.7438
44.454,raw,2926,-15.3279,-6.3651,3.7502
44.454,raw,2937,7.4560,3.0654,2.0274
44.454,raw,2948,7.6283,3.1871,2.0140
44.454,raw,2959,7.7811,3.2943,2.0023
44.454,raw,2970,7.9149,3.3829,1.9927
44.454,raw,2980,8.0287,3.4632,1.9843
44.454,raw,2991,8.1477,3.5575,1.9750
44.454,raw,3002,8.2480,3.6192,1.9685
44.454,raw,3013,8.3064,3.5524,1.9719
44.454,raw,3024,8.3668,3.4812,1.9757
44.454,raw,3034,8.4216,3.4014,1.9804
44.454,raw,3045,8.4871,3.3181,1.9854
44.454,raw,3056,8.5555,3.2246,1.9912
44.454,raw,3067,8.6263,3.1060,1.9989
44.454,raw,3078,8.7056,3.0064,2.0054
44.454,raw,3088,8.7819,2.9010,2.0126
44.454,raw,3099,8.8723,2.7784,2.0211
44.454,raw,3110,7.7342,3.2709,2.0728
44.454,raw,3121,7.8768,3.3727,2.0583
44.454,raw,3132,7.9989,3.4483,2.0472
44.454,raw,3142,8.1035,3.5178,2.0375
44.454,raw,3153,8.2119,3.5957,2.0271
44.454,raw,3164,8.2968,3.6176,2.0227
44.454,raw,3175,8.3452,3.5099,2.0313
44.454,raw,3186,8.4069,3.4351,2.0369
44.454,raw,3196,8.4616,3.3425,2.0445
44.454,raw,3207,8.5303,3.2603,2.0510
44.454,raw,3218,8.6021,3.1673,2.0588
44.454,raw,3229,8.6777,3.0589,2.0682
45.517,raw,0,7.2249,2.9241,1.1296
45.517,raw,11,7.4857,3.1126,1.1866
45.517,raw,23,7.7243,3.2853,1.2382
45.517,raw,35,7.9288,3.4360,1.2822
45.517,raw,47,8.1009,3.5596,1.3182
45.517,raw,59,8.2017,3.5653,1.3277
45.517,raw,71,8.2636,3.4913,1.3199
45.517,raw,82,8.3191,3.4133,1.3105
45.517,raw,94,8.3824,3.3248,1.2992
45.517,raw,106,8.4497,3.2349,1.2873
45.517,raw,118,8.5210,3.1429,1.2746
45.517,raw,130,8.5922,3.0307,1.2577
45.517,raw,142,8.6709,2.9233,1.2414
45.517,raw,153,8.7502,2.8347,1.2279
45.517,raw,165,8.8360,2.6964,1.2048
45.517,raw,177,7.3618,3.0149,1.2407
45.517,raw,189,7.6309,3.2186,1.2929
45.517,raw,201,7.8514,3.3826,1.3347
45.517,raw,213,8.0225,3.4925,1.3643
45.517,raw,224,8.1731,3.6049,1.3921
45.517,raw,236,8.2371,3.5389,1.3869
45.517,raw,248,8.2917,3.4445,1.3763
45.517,raw,260,8.3558,3.3625,1.3677
45.517,raw,272,8.4171,3.2607,1.3554
45.517,raw,284,8.4807,3.1480,1.3410
45.517,raw,295,8.5570,3.0911,1.3355
45.517,raw,307,8.6316,2.9806,1.3208
45.517,raw,319,8.7108,2.8610,1.3044
45.517,raw,331,8.8006,2.7625,1.2911
45.517,raw,343,7.2445,2.9340,1.3037
45.517,raw,355,7.5235,3.1361,1.3491
45.517,raw,366,7.7551,3.3192,1.3881
45.517,raw,378,7.9331,3.4276,1.4139
45.517,raw,390,8.1026,3.5470,1.4399
45.517,raw,402,8.2117,3.5695,1.4496
45.517,raw,414,8.2689,3.4851,1.4422
45.517,raw,426,8.3260,3.3901,1.4329
45.517,raw,437,8.3842,3.3071,1.4250
45.517,raw,449,8.4551,3.2260,1.4174
45.517,raw,461,8.5259,3.1305,1.4075
45.517,raw,473,8.5972,3.0165,1.3946
45.517,raw,485,8.6776,2.9141,1.3831
45.517,raw,497,8.7628,2.8057,1.3705
45.517,raw,508,8.8459,2.7017,1.3579
45.517,raw,520,7.3821,3.0273,1.4061
45.517,raw,532,7.6491,3.2307,1.4429
45.517,raw,544,7.8643,3.3886,1.4716
45.517,raw,556,8.0368,3.5029,1.4930
45.517,raw,568,8.1873,3.6013,1.5112
45.517,raw,579,8.2338,3.5142,1.5044
45.517,raw,591,8.3001,3.4453,1.5001
45.517,raw,603,8.3588,3.3489,1.4922
45.517,raw,615,8.4237,3.2556,1.4846
45.517,raw,627,8.4993,3.1822,1.4791
45.517,raw,639,8.5663,3.0625,1.4678
45.517,raw,651,8.6438,2.9583,1.4582
45.517,raw,662,8.7173,2.8485,1.4474
45.517,raw,674,8.8036,2.7247,1.4350
45.517,raw,686,7.2725,2.9561,1.4751
45.517,raw,698,7.5527,3.1638,1.5056
45.517,raw,710,7.7785,3.3252,1.5294
45.517,raw,722,7.9745,3.4692,1.5500
45.517,raw,733,8.1301,3.5840,1.5662
45.517,raw,745,8.2101,3.5495,1.5666
45.517,raw,757,8.2717,3.4730,1.5625
45.517,raw,769,8.3310,3.3822,1.5569
45.517,raw,781,8.3970,3.2973,1.5516
45.517,raw,793,8.4685,3.2163,1.5466
45.517,raw,804,8.5342,3.1305,1.5407
45.517,raw,816,8.6077,3.0241,1.5329
45.517,raw,828,8.6852,2.9086,1.5241
45.517,raw,840,8.7668,2.7769,1.5135
45.517,raw,852,8.8578,2.6548,1.5036
45.517,raw,864,7.2175,2.9136,1.5532
45.517,raw,875,7.4845,3.1109,1.5749
45.517,raw,887,7.7187,3.2763,1.5932
45.517,raw,899,7.9203,3.4212,1.6089
45.517,raw,911,8.0963,3.5510,1.6226
45.517,raw,923,8.2005,3.5631,1.6266
45.517,raw,935,8.2632,3.4903,1.6239
45.517,raw,946,8.3190,3.4129,1.6204
45.517,raw,958,8.3813,3.3217,1.6161
45.517,raw,970,8.4451,3.2207,1.6109
45.517,raw,982,8.5160,3.1254,1.6061
45.517,raw,994,8.5899,3.0215,1.6005
45.517,raw,1006,8.6734,2.9351,1.5960
45.517,raw,1017,8.7485,2.8253,1.5895
45.517,raw,1029,8.8363,2.6983,1.5819
45.517,raw,1041,-9.9685,-1.0427,0.8693
45.517,raw,1053,-9.6545,-1.6769,0.8725
45.517,raw,1065,-9.4417,-2.3507,0.8697
45.517,raw,1077,-9.1273,-2.9817,0.8707
45.517,raw,1088,-8.9409,-3.6120,0.8655
45.517,raw,1100,-8.6235,-4.2458,0.8646
45.517,raw,1112,-8.3094,-4.8844,0.8622
45.517,raw,1124,-7.9647,-5.5080,0.8603
45.517,raw,1136,-7.6583,-6.1634,0.8550
45.517,raw,1148,-7.3352,-6.8172,0.8493
45.517,raw,1159,-5.5200,-6.1944,0.9318
45.517,raw,1171,-6.7036,-8.0969,0.8348
45.517,raw,1183,-6.3131,-8.7327,0.8286
45.517,raw,1195,-5.9356,-9.3960,0.8200
45.517,raw,1207,-5.4506,-9.9645,0.8167
45.517,raw,1219,-5.2069,-10.8190,0.7953
45.517,raw,1231,-4.9485,-11.7084,0.7719
45.517,raw,1242,-4.6301,-12.4691,0.7536
45.517,raw,1254,7.2431,2.9321,1.6386
45.517,raw,1266,7.5128,3.1198,1.6526
45.517,raw,1278,7.7617,3.3138,1.6661
45.517,raw,1290,7.9570,3.4539,1.6761
45.517,raw,1302,8.1289,3.5818,1.6849
45.517,raw,1313,8.2066,3.5589,1.6856
45.517,raw,1325,8.2694,3.4861,1.6838
45.517,raw,1337,8.3263,3.3907,1.6808
45.517,raw,1349,8.3905,3.3019,1.6780
45.517,raw,1361,8.4633,3.2259,1.6758
45.517,raw,1373,8.5284,3.1096,1.6716
45.517,raw,1384,8.5976,3.0179,1.6683
45.517,raw,1396,8.6825,2.9370,1.6656
45.517,raw,1408,8.7621,2.8012,1.6602
45.517,raw,1420,8.8507,2.6703,1.6550
45.517,raw,1432,-16.1322,8.2315,1.2364
45.517,raw,1444,-15.6572,7.3208,1.2484
45.517,raw,1455,-15.2875,6.5200,1.2574
45.517,raw,1467,-14.9804,5.6739,1.2643
45.517,raw,1479,-14.7140,4.8470,1.2698
45.517,raw,1491,-14.4195,4.0383,1.2753
45.517,raw,1503,-14.1429,3.2438,1.2797
45.517,raw,1515,-13.8901,2.4590,1.2831
45.517,raw,1526,-13.6691,1.7461,1.2854
45.517,raw,1538,-13.3998,0.9812,1.2880
45.517,raw,1550,-10.0386,0.9963,1.3603
45.517,raw,1562,-12.6891,-0.4788,1.2954
45.517,raw,1574,-12.4527,-1.2311,1.2955
45.517,raw,1586,-12.1860,-1.9731,1.2957
45.517,raw,1597,-11.9769,-2.6674,1.2946
45.517,raw,1609,-11.5190,-3.3288,1.2983
45.517,raw,1621,-11.2775,-4.0827,1.2962
45.517,raw,1633,-11.0339,-4.8441,1.2934
45.517,raw,1645,-10.7663,-5.6027,1.2905
45.517,raw,1657,-10.3003,-6.2507,1.2921
45.517,raw,1668,-9.9954,-6.9213,1.2898
45.517,raw,1680,-9.5487,-7.5820,1.2897
45.517,raw,1692,-9.2259,-8.3391,1.2855
45.517,raw,1704,-5.4869,-6.3092,1.3780
45.517,raw,1716,-8.3635,-9.7210,1.2808
45.517,raw,1728,-8.0119,-10.5047,1.2749
45.517,raw,1739,-7.5732,-11.1302,1.2722
45.517,raw,1751,-7.0847,-11.8163,1.2688
45.517,raw,1763,-6.7280,-12.6725,1.2600
45.517,raw,1775,-6.4017,-13.6117,1.2487
45.517,raw,1787,-8.2536,-17.5082,1.1557
45.517,raw,1799,7.2979,2.9749,1.7232
45.517,raw,1811,7.5561,3.1523,1.7297
45.517,raw,1822,7.7774,3.3233,1.7354
45.517,raw,1834,7.9742,3.4687,1.7404
45.517,raw,1846,8.1404,3.5882,1.7445
45.517,raw,1858,8.2159,3.5449,1.7443
45.517,raw,1870,8.2740,3.4597,1.7432
45.517,raw,1882,8.3340,3.3692,1.7418
45.517,raw,1893,8.4014,3.3097,1.7411
45.517,raw,1905,8.4620,3.1958,1.7391
45.517,raw,1917,8.5364,3.1084,1.7377
45.517,raw,1929,8.6156,3.0215,1.7363
45.517,raw,1941,8.6925,2.9012,1.7341
45.517,raw,1953,8.7773,2.7855,1.7319
45.517,raw,1964,8.8622,2.6871,1.7301
45.517,raw,1976,-22.3434,20.5781,1.0297
45.517,raw,1988,-21.6223,18.9637,1.0587
45.517,raw,2000,-20.8551,17.4273,1.0872
45.517,raw,2012,-20.0760,15.9793,1.1143
45.517,raw,2024,-19.3789,14.6438,1.1380
45.517,raw,2035,-18.8361,13.5125,1.1565
45.517,raw,2047,-18.2143,12.3321,1.1762
45.517,raw,2059,-17.6735,11.2296,1.1931
45.517,raw,2071,-13.4357,9.5703,1.2917
45.517,raw,2083,-16.5934,9.1782,1.2240
45.517,raw,2095,-26.0902,4.4848,1.8480
45.517,raw,2106,-25.3470,3.4145,1.8470
45.517,raw,2118,-24.5381,2.2950,1.8461
45.517,raw,2130,-23.7845,1.2158,1.8452
45.517,raw,2142,-23.0536,0.1743,1.8445
45.517,raw,2154,-22.3422,-0.8331,1.8438
45.517,raw,2166,-10.2359,1.0066,1.8273
45.517,raw,2177,-21.0198,-2.6801,1.8427
45.517,raw,2189,-20.3687,-3.6122,1.8422
45.517,raw,2201,-16.6982,-3.4428,1.8374
45.517,raw,2213,-19.0904,-5.4136,1.8414
45.517,raw,2225,-18.4686,-6.2909,1.8410
45.517,raw,2237,-17.8655,-7.1603,1.8408
45.517,raw,2248,-17.3082,-7.9434,1.8406
45.517,raw,2260,-16.7121,-8.7933,1.8404
45.517,raw,2272,-16.1155,-9.6345,1.8403
45.517,raw,2284,-15.5086,-10.4630,1.8402
45.517,raw,2296,-14.9368,-11.3119,1.8402
45.517,raw,2308,-14.3510,-12.1521,1.8402
45.517,raw,2319,7.2404,2.9283,1.8048
45.517,raw,2331,7.5223,3.1341,1.8044
45.517,raw,2343,7.7596,3.3104,1.8040
45.517,raw,2355,7.9627,3.4641,1.8037
45.517,raw,2367,8.1227,3.5698,1.8034
45.517,raw,2379,8.2090,3.5472,1.8034
45.517,raw,2391,8.2793,3.4905,1.8034
45.517,raw,2402,8.3229,3.3821,1.8036
45.517,raw,2414,8.3975,3.3215,1.8036
45.517,raw,2426,8.4624,3.2233,1.8037
45.517,raw,2438,8.5288,3.1111,1.8038
45.517,raw,2450,8.6045,3.0113,1.8039
45.517,raw,2462,8.6825,2.8953,1.8041
45.517,raw,2473,8.7604,2.7916,1.8042
45.517,raw,2485,8.8490,2.6578,1.8043
45.517,raw,2497,-19.6370,0.0829,2.5308
45.517,raw,2509,-19.3767,-2.3080,2.5384
45.517,raw,2521,-18.0557,-3.5740,2.5166
45.517,raw,2533,-17.2691,-5.7673,2.5181
45.517,raw,2544,-15.5623,-6.3233,2.4855
45.517,raw,2556,7.4367,3.0735,1.8823
45.517,raw,2568,7.6738,3.2369,1.8757
45.517,raw,2580,7.8932,3.4062,1.8693
45.517,raw,2592,8.0777,3.5475,1.8640
45.517,raw,2604,8.1929,3.5803,1.8620
45.517,raw,2615,8.2443,3.5020,1.8632
45.517,raw,2627,8.3045,3.4171,1.8645
45.517,raw,2639,8.3692,3.3332,1.8659
45.517,raw,2651,8.4367,3.2453,1.8674
45.517,raw,2663,8.5067,3.1511,1.8691
45.517,raw,2675,8.5820,3.0575,1.8708
45.517,raw,2686,8.6547,2.9684,1.8726
45.517,raw,2698,8.7356,2.8516,1.8750
45.517,raw,2710,8.8215,2.7221,1.8778
45.517,raw,2722,-16.3676,-3.9956,3.1251
45.517,raw,2734,7.4121,3.0541,1.9615
45.517,raw,2746,7.6775,3.2593,1.9462
45.517,raw,2757,7.8560,3.3744,1.9370
45.517,raw,2769,8.0441,3.5164,1.9266
45.517,raw,2781,8.1805,3.5877,1.9205
45.517,raw,2793,8.2374,3.5045,1.9230
45.517,raw,2805,8.3043,3.4361,1.9247
45.517,raw,2817,8.3606,3.3320,1.9284
45.517,raw,2828,8.4313,3.2784,1.9297
45.517,raw,2840,8.4904,3.1525,1.9346
45.517,raw,2852,8.5648,3.0568,1.9381
45.517,raw,2864,8.6471,2.9728,1.9411
45.517,raw,2876,8.7291,2.8642,1.9454
45.517,raw,2888,8.8111,2.7137,1.9519
45.517,raw,2899,-18.6899,1.9259,3.8267
45.517,raw,2911,-18.3290,0.9999,3.8114
45.517,raw,2923,-18.0099,0.0789,3.8014
45.517,raw,2935,-18.5213,-1.0383,3.8551
45.517,raw,2947,-17.1144,-1.6661,3.7690
45.517,raw,2959,-16.7844,-2.5543,3.7648
45.517,raw,2971,-16.4479,-3.4370,3.7624
45.517,raw,2982,-16.1506,-4.4190,3.7675
45.517,raw,2994,-15.8122,-5.3037,3.7699
45.517,raw,3006,-15.4742,-6.1922,3.7747
45.517,raw,3018,7.3411,3.0022,2.0462
45.517,raw,3030,7.5995,3.1861,2.0250
45.517,raw,3042,7.8366,3.3737,2.0046
45.517,raw,3053,7.9959,3.4758,1.9925
45.517,raw,3065,8.1655,3.6056,1.9786
45.517,raw,3077,8.2293,3.5391,1.9809
45.517,raw,3089,8.2850,3.4479,1.9853
45.517,raw,3101,8.3508,3.3706,1.9886
45.517,raw,3113,8.4170,3.2843,1.9928
45.517,raw,3124,8.4752,3.1847,1.9983
45.517,raw,3136,8.5493,3.0940,2.0031
45.517,raw,3148,8.6261,2.9938,2.0087
45.517,raw,3160,8.7066,2.8844,2.0152
45.517,raw,3172,8.7888,2.7459,2.0239
45.517,raw,3184,7.2143,2.9091,2.1414
45.517,raw,3195,7.4770,3.0995,2.1122
45.517,raw,3207,7.7153,3.2707,2.0862
45.517,raw,3219,7.9176,3.4164,2.0644
45.517,raw,3231,8.0992,3.5564,2.0444
45.517,raw,3243,8.2008,3.5635,2.0394
45.517,raw,3255,8.2622,3.4881,2.0435
45.517,raw,3266,8.3201,3.4158,2.0477
45.517,raw,3278,8.3804,3.3192,2.0543
45.517,raw,3290,8.4524,3.2432,2.0589
45.517,raw,3302,8.5136,3.1171,2.0687
45.517,raw,3314,8.5889,3.0176,2.0760
45.517,raw,3326,8.6698,2.9182,2.0835
45.517,raw,3337,8.7467,2.8155,2.0916
45.517,raw,3349,8.8348,2.6884,2.1023
45.517,raw,3361,7.7191,3.2769,2.1565
45.517,raw,3373,7.9283,3.4352,2.1276
45.517,raw,3385,8.0987,3.5555,2.1053
45.517,raw,3397,8.1916,3.5445,2.1015
45.517,raw,3408,8.2623,3.5064,2.1020
45.517,raw,3420,8.3272,3.4333,2.1070
45.517,raw,3432,8.3808,3.3204,2.1173
45.517,raw,3444,8.4476,3.2283,2.1251
45.517,raw,3456,8.5181,3.1327,2.1335
45.517,raw,3468,8.5910,3.0260,2.1435
45.517,raw,3479,8.6605,2.9157,2.1544
45.517,raw,3491,8.7475,2.8198,2.1636
45.517,raw,3503,8.8439,2.6872,2.1773
45.517,raw,3515,8.1778,3.5821,2.1578
45.517,raw,3527,8.2361,3.5017,2.1646
45.517,raw,3539,8.2940,3.4111,2.1732
46.588,raw,0,7.3908,2.7553,1.0869
46.588,raw,10,7.7564,3.0125,1.1687
46.588,raw,21,8.0686,3.2299,1.2378
46.588,raw,31,8.3038,3.3969,1.2899
46.588,raw,42,8.3809,3.3574,1.2925
46.588,raw,52,8.4213,3.2784,1.2846
46.588,raw,63,8.4746,3.2003,1.2777
46.588,raw,74,8.5330,3.1264,1.2715
46.588,raw,84,8.5883,3.0592,1.2656
46.588,raw,95,8.6396,2.9616,1.2538
46.588,raw,105,8.7003,2.8946,1.2475
46.588,raw,116,8.7544,2.7854,1.2329
46.588,raw,127,8.8248,2.7043,1.2239
46.588,raw,137,8.8828,2.6058,1.2104
46.588,raw,148,8.9544,2.5058,1.1969
46.588,raw,158,7.4258,2.7776,1.1850
46.588,raw,169,7.8139,3.0502,1.2606
46.588,raw,179,8.0901,3.2430,1.3138
46.588,raw,190,8.3440,3.4244,1.3629
46.588,raw,201,8.3792,3.3280,1.3535
46.588,raw,211,8.4283,3.2605,1.3489
46.588,raw,222,8.4886,3.1928,1.3449
46.588,raw,232,8.5391,3.1208,1.3390
46.588,raw,243,8.5951,3.0373,1.3315
46.588,raw,254,8.6565,2.9581,1.3246
46.588,raw,264,8.7089,2.8730,1.3158
46.588,raw,275,8.7749,2.7894,1.3076
46.588,raw,285,8.8344,2.7047,1.2984
46.588,raw,296,8.8964,2.5904,1.2844
46.588,raw,306,8.9584,2.4883,1.2718
46.588,raw,317,7.4775,2.8188,1.2839
46.588,raw,328,7.8635,3.0941,1.3486
46.588,raw,338,8.1262,3.2744,1.3914
46.588,raw,349,8.3399,3.4061,1.4244
46.588,raw,359,8.3837,3.3344,1.4198
46.588,raw,370,8.4387,3.2619,1.4158
46.588,raw,381,8.4944,3.1869,1.4111
46.588,raw,391,8.5414,3.1087,1.4051
46.588,raw,402,8.6030,3.0347,1.4002
46.588,raw,412,8.6519,2.9488,1.3926
46.588,raw,423,8.7187,2.8740,1.3872
46.588,raw,433,8.7728,2.7846,1.3788
46.588,raw,444,8.8282,2.6645,1.3661
46.588,raw,455,8.9063,2.5914,1.3603
46.588,raw,465,8.9703,2.4952,1.3504
46.588,raw,476,7.5101,2.8393,1.3760
46.588,raw,486,7.8625,3.0929,1.4251
46.588,raw,497,8.1664,3.3116,1.4672
46.588,raw,508,8.3452,3.4002,1.4880
46.588,raw,518,8.3875,3.3262,1.4839
46.588,raw,529,8.4427,3.2537,1.4805
46.588,raw,539,8.4872,3.1751,1.4756
46.588,raw,550,8.5396,3.0892,1.4701
46.588,raw,560,8.5945,3.0188,1.4660
46.588,raw,571,8.6524,2.9310,1.4600
46.588,raw,582,8.7162,2.8479,1.4545
46.588,raw,592,8.7709,2.7579,1.4474
46.588,raw,603,8.8376,2.6641,1.4402
46.588,raw,613,8.9046,2.5865,1.4344
46.588,raw,624,8.9781,2.4892,1.4264
46.588,raw,635,7.5552,2.8741,1.4675
46.588,raw,645,7.8892,3.1102,1.5043
46.588,raw,656,8.1714,3.3047,1.5347
46.588,raw,666,8.3594,3.4193,1.5538
46.588,raw,677,8.3870,3.3118,1.5472
46.588,raw,687,8.4440,3.2557,1.5458
46.588,raw,698,8.4897,3.1638,1.5409
46.588,raw,709,8.5578,3.1047,1.5394
46.588,raw,719,8.6026,3.0165,1.5342
46.588,raw,730,8.6577,2.9227,1.5288
46.588,raw,740,8.7236,2.8642,1.5265
46.588,raw,751,8.7826,2.7631,1.5201
46.588,raw,762,8.8523,2.6776,1.5151
46.588,raw,772,8.9133,2.5841,1.5089
46.588,raw,783,8.9840,2.4771,1.5016
46.588,raw,793,20.8579,13.1174,0.5708
46.588,raw,804,7.6664,2.9537,1.5614
46.588,raw,814,7.9763,3.1723,1.5867
46.588,raw,825,8.2466,3.3612,1.6086
46.588,raw,836,8.3570,3.3640,1.6133
46.588,raw,846,8.4026,3.2929,1.6111
46.588,raw,857,8.4577,3.2184,1.6089
46.588,raw,867,8.5068,3.1455,1.6064
46.588,raw,878,8.5718,3.0800,1.6047
46.588,raw,889,8.6233,2.9845,1.6006
46.588,raw,899,8.6759,2.9023,1.5971
46.588,raw,910,8.7401,2.8175,1.5937
46.588,raw,920,8.8049,2.7488,1.5910
46.588,raw,931,8.8684,2.6449,1.5859
46.588,raw,941,8.9276,2.5417,1.5806
46.588,raw,952,9.0028,2.4435,1.5757
46.588,raw,963,-10.7551,0.0169,0.8246
46.588,raw,973,-10.4049,-0.5213,0.8333
46.588,raw,984,-10.2030,-1.1618,0.8333
46.588,raw,994,-9.8638,-1.6877,0.8400
46.588,raw,1005,-9.6605,-2.3246,0.8382
46.588,raw,1016,-9.3313,-2.9096,0.8417
46.588,raw,1026,-8.9996,-3.4221,0.8458
46.588,raw,1037,-8.7980,-4.0636,0.8411
46.588,raw,1047,-8.5000,-4.5907,0.8418
46.588,raw,1058,-8.1795,-5.1743,0.8413
46.588,raw,1068,-7.9199,-5.7263,0.8383
46.588,raw,1079,-7.6531,-6.3523,0.8329
46.588,raw,1090,-5.7881,-5.8320,0.9160
46.588,raw,1100,-6.9848,-7.4553,0.8282
46.588,raw,1111,-6.5327,-7.9575,0.8301
46.588,raw,1121,-6.2114,-8.4897,0.8256
46.588,raw,1132,-5.8666,-9.0928,0.8190
46.588,raw,1143,-5.4115,-9.6009,0.8180
46.588,raw,1153,-5.2331,-10.3114,0.8006
46.588,raw,1164,7.5236,2.8543,1.6349
46.588,raw,1174,7.8712,3.1032,1.6538
46.588,raw,1185,8.1538,3.2958,1.6688
46.588,raw,1195,8.3461,3.4143,1.6784
46.588,raw,1206,8.3816,3.3178,1.6758
46.588,raw,1217,8.4449,3.2570,1.6751
46.588,raw,1227,8.4924,3.1837,1.6735
46.588,raw,1238,8.5517,3.1102,1.6720
46.588,raw,1248,8.6039,3.0364,1.6702
46.588,raw,1259,8.6539,2.9341,1.6671
46.588,raw,1270,8.7117,2.8381,1.6642
46.588,raw,1280,8.7799,2.7791,1.6630
46.588,raw,1291,8.8413,2.6736,1.6596
46.588,raw,1301,8.9094,2.6000,1.6575
46.588,raw,1312,8.9753,2.4805,1.6533
46.588,raw,1322,-19.3863,11.2812,1.1404
46.588,raw,1333,-18.8564,10.2377,1.1560
46.588,raw,1344,-18.3572,9.2424,1.1701
46.588,raw,1354,-17.9318,8.3748,1.1816
46.588,raw,1365,-17.4532,7.4536,1.1939
46.588,raw,1375,-17.0310,6.6465,1.2042
46.588,raw,1386,-16.6175,5.7892,1.2137
46.588,raw,1397,-16.1739,4.9592,1.2234
46.588,raw,1407,-15.8045,4.2264,1.2310
46.588,raw,1418,-15.4216,3.4403,1.2382
46.588,raw,1428,-15.0632,2.7443,1.2446
46.588,raw,1439,-14.6745,1.9966,1.2510
46.588,raw,1449,-14.0496,1.3795,1.2625
46.588,raw,1460,-10.1960,1.3897,1.3461
46.588,raw,1471,-13.4832,-0.0675,1.2683
46.588,raw,1481,-13.2266,-0.7154,1.2702
46.588,raw,1492,-12.9468,-1.4235,1.2718
46.588,raw,1502,-12.5098,-2.0023,1.2771
46.588,raw,1513,-12.2360,-2.6996,1.2777
46.588,raw,1524,-11.9607,-3.3954,1.2778
46.588,raw,1534,-11.7277,-4.0360,1.2770
46.588,raw,1545,-11.2898,-4.6568,1.2800
46.588,raw,1555,-11.0210,-5.2802,1.2792
46.588,raw,1566,-10.7396,-5.9775,1.2774
46.588,raw,1576,-10.2727,-6.4917,1.2806
46.588,raw,1587,-9.9338,-7.1581,1.2793
46.588,raw,1598,-9.5531,-7.8015,1.2784
46.588,raw,1608,-5.7034,-5.8394,1.3728
46.588,raw,1619,-8.8033,-9.0246,1.2759
46.588,raw,1629,-8.3781,-9.5586,1.2758
46.588,raw,1640,-7.9051,-10.1426,1.2754
46.588,raw,1651,-7.5895,-10.8766,1.2697
46.588,raw,1661,-7.1647,-11.4281,1.2680
46.588,raw,1672,-6.6894,-12.0346,1.2657
46.588,raw,1682,7.5783,2.8999,1.7215
46.588,raw,1693,7.9219,3.1350,1.7304
46.588,raw,1703,8.1735,3.3073,1.7368
46.588,raw,1714,8.3387,3.3785,1.7403
46.588,raw,1725,8.3955,3.3103,1.7398
46.588,raw,1735,8.4373,3.2309,1.7389
46.588,raw,1746,8.4943,3.1559,1.7381
46.588,raw,1756,8.5553,3.1002,1.7378
46.588,raw,1767,8.6106,3.0140,1.7367
46.588,raw,1778,8.6624,2.9130,1.7352
46.588,raw,1788,8.7232,2.8427,1.7344
46.588,raw,1799,8.7864,2.7497,1.7330
46.588,raw,1809,8.8523,2.6775,1.7321
46.588,raw,1820,8.9183,2.5707,1.7304
46.588,raw,1830,8.9829,2.4736,1.7288
46.588,raw,1841,0.9690,-26.6539,1.0622
46.588,raw,1852,1.9380,-27.1403,1.0572
46.588,raw,1862,2.8376,-27.5589,1.0526
46.588,raw,1873,3.8316,-28.0762,1.0457
46.588,raw,1883,4.7565,-28.5278,1.0392
46.588,raw,1894,-23.1485,18.6481,1.0145
46.588,raw,1905,-22.3845,17.1776,1.0418
46.588,raw,1915,-21.7129,15.9187,1.0648
46.588,raw,1926,-21.0299,14.6215,1.0877
46.588,raw,1936,-20.4761,13.5176,1.1060
46.588,raw,1947,-19.9037,12.3672,1.1243
46.588,raw,1957,-19.4501,11.3801,1.1386
46.588,raw,1968,-17.3858,-0.5896,1.8380
46.588,raw,1979,-16.4105,-4.4254,1.8382
46.588,raw,1989,-16.7387,-6.0699,1.8394
46.588,raw,2000,-15.1250,-12.2602,1.8417
46.588,raw,2010,-13.8674,-12.4185,1.8404
46.588,raw,2021,-12.9554,-12.8949,1.8398
46.588,raw,2032,-12.6503,-13.8585,1.8404
46.588,raw,2042,-12.3514,-14.7441,1.8409
46.588,raw,2053,7.6397,2.9386,1.8047
46.588,raw,2063,7.9548,3.1603,1.8042
46.588,raw,2074,8.2277,3.3500,1.8038
46.588,raw,2084,8.3401,3.3673,1.8037
46.588,raw,2095,8.4069,3.3131,1.8037
46.588,raw,2106,8.4566,3.2315,1.8037
46.588,raw,2116,8.5111,3.1683,1.8038
46.588,raw,2127,8.5627,3.0803,1.8038
46.588,raw,2137,8.6206,3.0153,1.8039
46.588,raw,2148,8.6768,2.9236,1.8040
46.588,raw,2159,8.7360,2.8294,1.8040
46.588,raw,2169,8.7912,2.7383,1.8041
46.588,raw,2180,8.8632,2.6562,1.8042
46.588,raw,2190,8.9209,2.5503,1.8043
46.588,raw,2201,8.9959,2.4527,1.8044
46.588,raw,2211,7.4266,2.7945,1.8926
46.588,raw,2222,7.8164,3.0676,1.8811
46.588,raw,2233,8.1069,3.2638,1.8728
46.588,raw,2243,8.3252,3.4121,1.8666
46.588,raw,2254,8.3704,3.3291,1.8676
46.588,raw,2264,8.4340,3.2833,1.8676
46.588,raw,2275,8.4783,3.1912,1.8689
46.588,raw,2286,8.5366,3.1165,1.8698
46.588,raw,2296,8.5881,3.0417,1.8708
46.588,raw,2307,8.6429,2.9495,1.8722
46.588,raw,2317,8.6982,2.8700,1.8733
46.588,raw,2328,8.7628,2.7832,1.8746
46.588,raw,2338,8.8251,2.7052,1.8758
46.588,raw,2349,8.8867,2.5900,1.8780
46.588,raw,2360,8.9635,2.5040,1.8794
46.588,raw,2370,-17.3921,-0.5910,3.1515
46.588,raw,2381,7.5683,2.8887,1.9723
46.588,raw,2391,7.8966,3.1190,1.9535
46.588,raw,2402,8.1857,3.3228,1.9371
46.588,raw,2413,8.3403,3.3807,1.9303
46.588,raw,2423,8.3857,3.3100,1.9318
46.588,raw,2434,8.4392,3.2337,1.9334
46.588,raw,2444,8.5013,3.1829,1.9339
46.588,raw,2455,8.5498,3.0906,1.9366
46.588,raw,2465,8.6045,3.0200,1.9383
46.588,raw,2476,8.6594,2.9261,1.9411
46.588,raw,2487,8.7271,2.8514,1.9430
46.588,raw,2497,8.7780,2.7522,1.9464
46.588,raw,2508,8.8463,2.6619,1.9492
46.588,raw,2518,8.9100,2.5746,1.9521
46.588,raw,2529,8.9831,2.4742,1.9556
46.588,raw,2540,-18.4306,1.9524,3.8520
46.588,raw,2550,-18.1518,1.1639,3.8401
46.588,raw,2561,-17.8842,0.2995,3.8318
46.588,raw,2571,-17.3494,-0.5814,3.8070
46.588,raw,2582,-17.0358,-1.4139,3.7991
46.588,raw,2592,-16.7745,-2.1721,3.7954
46.588,raw,2603,-16.4732,-2.9988,3.7921
46.588,raw,2614,-16.1889,-3.9994,3.7962
46.588,raw,2624,-15.9429,-4.7623,3.7992
46.588,raw,2635,-15.6375,-5.5903,3.8019
46.588,raw,2645,-15.3646,-6.3482,3.8064
46.588,raw,2656,7.7155,2.9949,2.0435
46.588,raw,2667,8.0390,3.2209,2.0162
46.588,raw,2677,8.2806,3.3923,1.9957
46.588,raw,2688,8.3563,3.3498,1.9949
46.588,raw,2698,8.4098,3.2896,1.9963
46.588,raw,2709,8.4786,3.2365,1.9967
46.588,raw,2719,8.5228,3.1567,2.0000
46.588,raw,2730,8.5704,3.0606,2.0043
46.588,raw,2741,8.6278,2.9750,2.0077
46.588,raw,2751,8.6809,2.8930,2.0113
46.588,raw,2762,8.7364,2.7877,2.0165
46.588,raw,2772,8.7982,2.7091,2.0200
46.588,raw,2783,8.8710,2.6260,2.0237
46.588,raw,2794,8.9400,2.5209,2.0292
46.588,raw,2804,7.3559,2.7497,2.1639
46.588,raw,2815,7.7510,3.0210,2.1195
46.588,raw,2825,8.0471,3.2307,2.0860
46.588,raw,2836,8.3048,3.4110,2.0573
46.588,raw,2846,8.3609,3.3561,2.0583
46.588,raw,2857,8.4241,3.2966,2.0595
46.588,raw,2868,8.4750,3.2160,2.0633
46.588,raw,2878,8.5165,3.1301,2.0682
46.588,raw,2889,8.5745,3.0511,2.0720
46.588,raw,2899,8.6306,2.9805,2.0755
46.588,raw,2910,8.6896,2.8916,2.0806
46.588,raw,2921,8.7525,2.8028,2.0858
46.588,raw,2931,8.8078,2.7094,2.0920
46.588,raw,2942,8.8794,2.6229,2.0973
46.588,raw,2952,8.9445,2.5345,2.1032
46.588,raw,2963,7.7953,3.0576,2.1921
46.588,raw,2973,8.0726,3.2484,2.1535
46.588,raw,2984,8.3201,3.4182,2.1194
46.588,raw,2995,8.3717,3.3444,2.1229
46.588,raw,3005,8.4137,3.2671,2.1276
46.588,raw,3016,8.4701,3.1932,2.1313
46.588,raw,3026,8.5231,3.1254,2.1349
46.588,raw,3037,8.5764,3.0372,2.1410
46.588,raw,3048,8.6357,2.9539,2.1465
46.588,raw,3058,8.6921,2.8771,2.1517
46.588,raw,3069,8.7599,2.7982,2.1570
46.588,raw,3079,8.8124,2.6971,2.1657
46.588,raw,3090,8.8848,2.6114,2.1722
46.588,raw,3100,8.9482,2.5166,2.1804
46.588,raw,3111,8.2658,3.3860,2.1917
46.588,raw,3122,8.3619,3.3708,2.1852
46.588,raw,3132,8.4042,3.2952,2.1906
46.588,raw,3143,8.4768,3.2484,2.1905
46.588,raw,3153,8.5149,3.1590,2.1984
46.588,raw,3164,8.5574,3.0540,2.2084
47.601,raw,0,7.3372,2.5672,1.0359
47.601,raw,8,7.8186,2.9274,1.1479
47.601,raw,17,8.2169,3.2258,1.2402
47.601,raw,26,8.3216,3.2284,1.2538
47.601,raw,35,8.3617,3.1592,1.2488
47.601,raw,44,8.4106,3.0990,1.2458
47.601,raw,53,8.4623,3.0410,1.2431
47.601,raw,62,8.5073,2.9721,1.2376
47.601,raw,70,8.5440,2.9037,1.2310
47.601,raw,79,8.6065,2.8562,1.2300
47.601,raw,88,8.6483,2.7737,1.2209
47.601,raw,97,8.6960,2.6966,1.2129
47.601,raw,106,8.7622,2.6492,1.2111
47.601,raw,115,8.8143,2.5727,1.2029
47.601,raw,124,8.8740,2.5066,1.1966
47.601,raw,133,8.9290,2.4256,1.1870
47.601,raw,141,8.9774,2.3464,1.1768
47.601,raw,150,7.6714,2.8214,1.2023
47.601,raw,159,8.1034,3.1427,1.2894
47.601,raw,168,8.3082,3.2510,1.3252
47.601,raw,177,8.3568,3.1926,1.3232
47.601,raw,186,8.3876,3.1108,1.3161
47.601,raw,195,8.4449,3.0602,1.3153
47.601,raw,204,8.5013,3.0077,1.3140
47.601,raw,212,8.5368,2.9391,1.3081
47.601,raw,221,8.5884,2.8762,1.3043
47.601,raw,230,8.6341,2.8013,1.2979
47.601,raw,239,8.6838,2.7292,1.2919
47.601,raw,248,8.7419,2.6685,1.2879
47.601,raw,257,8.7968,2.5986,1.2820
47.601,raw,266,8.8453,2.5108,1.2726
47.601,raw,274,8.8944,2.4399,1.2655
47.601,raw,283,8.9564,2.3701,1.2591
47.601,raw,292,7.4918,2.6877,1.2585
47.601,raw,301,7.9710,3.0433,1.3411
47.601,raw,310,8.2832,3.2606,1.3932
47.601,raw,319,8.3424,3.2143,1.3939
47.601,raw,328,8.3833,3.1458,1.3902
47.601,raw,337,8.4356,3.0897,1.3886
47.601,raw,345,8.4718,3.0251,1.3845
47.601,raw,354,8.5212,2.9620,1.3814
47.601,raw,363,8.5714,2.8978,1.3779
47.601,raw,372,8.6103,2.8131,1.3709
47.601,raw,381,8.6693,2.7572,1.3685
47.601,raw,390,8.7216,2.6873,1.3637
47.601,raw,399,8.7759,2.6173,1.3586
47.601,raw,408,8.8307,2.5439,1.3529
47.601,raw,416,8.8738,2.4625,1.3452
47.601,raw,425,8.9360,2.3947,1.3401
47.601,raw,434,8.9895,2.2998,1.3307
47.601,raw,443,7.8457,2.9552,1.4016
47.601,raw,452,8.2355,3.2460,1.4574
47.601,raw,461,8.3237,3.2308,1.4629
47.601,raw,470,8.3685,3.1674,1.4607
47.601,raw,478,8.4081,3.1094,1.4584
47.601,raw,487,8.4497,3.0383,1.4548
47.601,raw,496,8.5007,2.9776,1.4526
47.601,raw,505,8.5495,2.9119,1.4496
47.601,raw,514,8.6000,2.8461,1.4464
47.601,raw,523,8.6453,2.7688,1.4416
47.601,raw,532,8.7157,2.7313,1.4419
47.601,raw,541,8.7586,2.6425,1.4353
47.601,raw,549,8.8113,2.5870,1.4324
47.601,raw,558,8.8618,2.5025,1.4261
47.601,raw,567,8.9138,2.4143,1.4193
47.601,raw,576,8.9788,2.3499,1.4154
47.601,raw,585,7.6485,2.8133,1.4606
47.601,raw,594,8.0714,3.1219,1.5084
47.601,raw,603,8.2929,3.2464,1.5307
47.601,raw,612,8.3420,3.1881,1.5297
47.601,raw,620,8.3818,3.1307,1.5280
47.601,raw,629,8.4353,3.0756,1.5270
47.601,raw,638,8.4743,2.9998,1.5236
47.601,raw,647,8.5335,2.9495,1.5230
47.601,raw,656,8.5832,2.8842,1.5205
47.601,raw,665,8.6321,2.8149,1.5176
47.601,raw,674,8.6712,2.7253,1.5123
47.601,raw,682,8.7240,2.6732,1.5105
47.601,raw,691,8.7740,2.5941,1.5063
47.601,raw,700,8.8358,2.5334,1.5038
47.601,raw,709,8.8916,2.4563,1.4996
47.601,raw,718,8.9470,2.3722,1.4945
47.601,raw,727,20.6476,13.3024,0.5904
47.601,raw,736,7.5825,2.7624,1.5413
47.601,raw,745,8.0459,3.1083,1.5807
47.601,raw,753,8.2917,3.2699,1.6004
47.601,raw,762,8.3303,3.2002,1.5986
47.601,raw,771,8.3934,3.1582,1.5992
47.601,raw,780,8.4253,3.0766,1.5962
47.601,raw,789,8.4713,3.0101,1.5944
47.601,raw,798,8.5236,2.9504,1.5932
47.601,raw,807,8.5673,2.8759,1.5906
47.601,raw,816,8.6285,2.8257,1.5900
47.601,raw,824,8.6752,2.7672,1.5882
47.601,raw,833,8.7180,2.6809,1.5845
47.601,raw,842,8.7733,2.6122,1.5821
47.601,raw,851,8.8337,2.5500,1.5802
47.601,raw,860,8.8810,2.4558,1.5757
47.601,raw,869,8.9419,2.3843,1.5729
47.601,raw,878,21.4276,13.8434,0.8329
47.601,raw,887,-10.1022,0.6659,0.8494
47.601,raw,895,-9.9480,0.2097,0.8513
47.601,raw,904,-11.5665,-0.8128,0.7680
47.601,raw,913,-11.1730,-1.3041,0.7787
47.601,raw,922,-10.9723,-1.8488,0.7797
47.601,raw,931,-10.7886,-2.3992,0.7791
47.601,raw,940,-10.4224,-2.8774,0.7868
47.601,raw,949,-10.2126,-3.4139,0.7863
47.601,raw,957,-9.8994,-3.8336,0.7915
47.601,raw,966,-9.5619,-4.3064,0.7962
47.601,raw,975,-9.3775,-4.8538,0.7924
47.601,raw,984,-9.0194,-5.3098,0.7969
47.601,raw,993,-8.7088,-5.7884,0.7983
47.601,raw,1002,-8.5055,-6.3328,0.7933
47.601,raw,1011,-8.1095,-6.7566,0.7980
47.601,raw,1020,-7.8134,-7.2444,0.7967
47.601,raw,1028,-7.5436,-7.6752,0.7952
47.601,raw,1037,-5.3035,-6.6587,0.9044
47.601,raw,1046,-6.8301,-8.5666,0.7960
47.601,raw,1055,-6.5351,-9.0657,0.7916
47.601,raw,1064,-6.1171,-9.4602,0.7940
47.601,raw,1073,-5.8302,-9.9771,0.7875
47.601,raw,1082,7.7158,2.8662,1.6370
47.601,raw,1091,8.1357,3.1771,1.6605
47.601,raw,1099,8.2993,3.2536,1.6681
47.601,raw,1108,8.3442,3.1906,1.6673
47.601,raw,1117,8.3926,3.1306,1.6666
47.601,raw,1126,8.4343,3.0603,1.6652
47.601,raw,1135,8.4871,3.0028,1.6646
47.601,raw,1144,8.5251,2.9222,1.6626
47.601,raw,1153,8.5860,2.8725,1.6622
47.601,raw,1161,8.6188,2.7933,1.6600
47.601,raw,1170,8.6848,2.7487,1.6598
47.601,raw,1179,8.7283,2.6624,1.6574
47.601,raw,1188,8.7871,2.5996,1.6561
47.601,raw,1197,8.8383,2.5176,1.6538
47.601,raw,1206,8.9009,2.4544,1.6524
47.601,raw,1215,8.9605,2.3798,1.6504
47.601,raw,1224,22.1716,14.5665,1.1153
47.601,raw,1232,-24.0472,8.0052,1.0412
47.601,raw,1241,-22.7413,7.0498,1.0713
47.601,raw,1250,-21.7243,6.1712,1.0945
47.601,raw,1259,-20.9453,5.3458,1.1119
47.601,raw,1268,-20.2072,4.5595,1.1279
47.601,raw,1277,-19.4901,3.8092,1.1430
47.601,raw,1286,-18.8417,3.0884,1.1562
47.601,raw,1295,-18.3159,2.3853,1.1664
47.601,raw,1303,-17.0061,1.8889,1.1938
47.601,raw,1312,-16.5858,1.2352,1.2009
47.601,raw,1321,-16.1931,0.5930,1.2071
47.601,raw,1330,-15.8062,-0.0361,1.2128
47.601,raw,1339,-9.9465,0.6410,1.3423
47.601,raw,1348,-15.0413,-1.2574,1.2231
47.601,raw,1357,-14.6804,-1.8565,1.2272
47.601,raw,1365,-14.0211,-2.2737,1.2385
47.601,raw,1374,-13.6722,-2.8496,1.2418
47.601,raw,1383,-13.3298,-3.4200,1.2446
47.601,raw,1392,-13.0743,-4.0189,1.2451
47.601,raw,1401,-12.5965,-4.5204,1.2505
47.601,raw,1410,-12.3309,-5.1072,1.2505
47.601,raw,1419,-12.0528,-5.6882,1.2505
47.601,raw,1428,-11.7647,-6.2644,1.2503
47.601,raw,1436,-11.3056,-6.6636,1.2550
47.601,raw,1445,-10.9715,-7.2081,1.2554
47.601,raw,1454,-10.6226,-7.7427,1.2558
47.601,raw,1463,-10.2105,-8.2346,1.2575
47.601,raw,1472,-9.7731,-8.7042,1.2596
47.601,raw,1481,-5.5491,-6.3481,1.3656
47.601,raw,1490,-5.3409,-6.8320,1.3628
47.601,raw,1499,-8.6251,-10.2185,1.2594
47.601,raw,1507,-8.3926,-10.7624,1.2556
47.601,raw,1516,-7.9655,-11.2366,1.2557
47.601,raw,1525,-7.5547,-11.7267,1.2549
47.601,raw,1534,7.7821,2.9188,1.7228
47.601,raw,1543,8.1776,3.2089,1.7335
47.601,raw,1552,8.3038,3.2335,1.7358
47.601,raw,1561,8.3518,3.1736,1.7355
47.601,raw,1569,8.3900,3.1138,1.7350
47.601,raw,1578,8.4387,3.0521,1.7346
47.601,raw,1587,8.4920,2.9949,1.7343
47.601,raw,1596,8.5431,2.9332,1.7338
47.601,raw,1605,8.5861,2.8567,1.7329
47.601,raw,1614,8.6380,2.7909,1.7323
47.601,raw,1623,8.6858,2.7148,1.7314
47.601,raw,1632,8.7449,2.6551,1.7309
47.601,raw,1640,8.7880,2.5813,1.7299
47.601,raw,1649,8.8413,2.5025,1.7288
47.601,raw,1658,8.9075,2.4464,1.7283
47.601,raw,1667,8.9559,2.3443,1.7267
47.601,raw,1676,-1.7420,-25.4610,1.0693
47.601,raw,1685,-0.9728,-25.8534,1.0671
47.601,raw,1694,-0.1479,-26.0949,1.0680
47.601,raw,1703,0.6949,-26.2718,1.0698
47.601,raw,1711,1.4004,-26.5750,1.0677
47.601,raw,1720,2.2024,-26.9061,1.0652
47.601,raw,1729,3.0134,-27.2276,1.0623
47.601,raw,1738,3.8269,-27.5739,1.0585
47.601,raw,1747,4.6554,-27.8885,1.0549
47.601,raw,1756,5.4867,-28.2468,1.0499
47.601,raw,1765,6.3267,-28.6382,1.0437
47.601,raw,1774,7.1604,-29.2714,1.0317
47.601,raw,1782,-19.0250,-1.3262,1.8407
47.601,raw,1791,-17.5411,-3.9186,1.8397
47.601,raw,1800,-16.8748,-6.8471,1.8403
47.601,raw,1809,7.6689,2.8338,1.8049
47.601,raw,1818,8.1022,3.1544,1.8042
47.601,raw,1827,8.2988,3.2529,1.8039
47.601,raw,1836,8.3508,3.1984,1.8039
47.601,raw,1844,8.3918,3.1429,1.8040
47.601,raw,1853,8.4252,3.0625,1.8040
47.601,raw,1862,8.4816,3.0097,1.8040
47.601,raw,1871,8.5270,2.9402,1.8041
47.601,raw,1880,8.5732,2.8689,1.8041
47.601,raw,1889,8.6211,2.7971,1.8042
47.601,raw,1898,8.6810,2.7422,1.8042
47.601,raw,1907,8.7326,2.6701,1.8042
47.601,raw,1915,8.7750,2.5958,1.8043
47.601,raw,1924,8.8278,2.5171,1.8044
47.601,raw,1933,8.8820,2.4353,1.8044
47.601,raw,1942,8.9547,2.3904,1.8044
47.601,raw,1951,-20.0162,-2.4764,2.5747
47.601,raw,1960,7.5787,2.7738,1.8928
47.601,raw,1969,8.0210,3.0955,1.8794
47.601,raw,1978,8.2906,3.2688,1.8717
47.601,raw,1986,8.3381,3.2220,1.8718
47.601,raw,1995,8.3810,3.1562,1.8723
47.601,raw,2004,8.4251,3.0900,1.8729
47.601,raw,2013,8.4764,3.0314,1.8733
47.601,raw,2022,8.5112,2.9477,1.8745
47.601,raw,2031,8.5727,2.8998,1.8746
47.601,raw,2040,8.6102,2.8130,1.8759
47.601,raw,2048,8.6568,2.7535,1.8766
47.601,raw,2057,8.7120,2.6885,1.8773
47.601,raw,2066,8.7578,2.6023,1.8786
47.601,raw,2075,8.8205,2.5440,1.8792
47.601,raw,2084,8.8822,2.4806,1.8800
47.601,raw,2093,8.9300,2.3807,1.8817
47.601,raw,2102,-18.6644,1.5055,3.2066
47.601,raw,2111,-21.3494,0.3078,3.3432
47.601,raw,2119,-21.0890,-0.3922,3.3366
47.601,raw,2128,-20.7646,-1.1658,3.3285
47.601,raw,2137,-20.4932,-1.9438,3.3240
47.601,raw,2146,-17.8961,-8.1959,3.3072
47.601,raw,2155,7.5842,2.7792,1.9802
47.601,raw,2164,8.0390,3.1143,1.9533
47.601,raw,2173,8.2789,3.2558,1.9404
47.601,raw,2182,8.3316,3.2017,1.9407
47.601,raw,2190,8.3755,3.1495,1.9412
47.601,raw,2199,8.4170,3.0796,1.9426
47.601,raw,2208,8.4516,2.9978,1.9447
47.601,raw,2217,8.5209,2.9615,1.9442
47.601,raw,2226,8.5651,2.8883,1.9459
47.601,raw,2235,8.6157,2.8218,1.9473
47.601,raw,2244,8.6583,2.7385,1.9496
47.601,raw,2252,8.7110,2.6868,1.9505
47.601,raw,2261,8.7722,2.6297,1.9515
47.601,raw,2270,8.8166,2.5362,1.9546
47.601,raw,2279,8.8847,2.4860,1.9553
47.601,raw,2288,8.9373,2.3975,1.9582
47.601,raw,2297,-18.9873,0.6030,3.9246
47.601,raw,2306,-18.7662,-0.1347,3.9182
47.601,raw,2315,-18.3079,-0.8165,3.8958
47.601,raw,2323,-17.2475,-2.4339,3.8503
47.601,raw,2332,-16.9660,-3.1204,3.8451
47.601,raw,2341,-16.6602,-3.7952,3.8394
47.601,raw,2350,-16.0920,-4.9761,3.8304
47.601,raw,2359,-15.8227,-5.6571,3.8310
47.601,raw,2368,-15.5011,-6.3154,3.8289
47.601,raw,2377,-15.2039,-6.9843,3.8301
47.601,raw,2386,7.7087,2.8736,2.0569
47.601,raw,2394,8.0903,3.1549,2.0233
47.601,raw,2403,8.2944,3.2606,2.0078
47.601,raw,2412,8.3259,3.1822,2.0105
47.601,raw,2421,8.3897,3.1403,2.0099
47.601,raw,2430,8.4361,3.0765,2.0114
47.601,raw,2439,8.4802,3.0078,2.0134
47.601,raw,2448,8.5252,2.9376,2.0157
47.601,raw,2456,8.5707,2.8809,2.0172
47.601,raw,2465,8.6288,2.8262,2.0183
47.601,raw,2474,8.6668,2.7355,2.0224
47.601,raw,2483,8.7188,2.6637,2.0251
47.601,raw,2492,8.7697,2.5858,2.0283
47.601,raw,2501,8.8366,2.5351,2.0293
47.601,raw,2510,8.8916,2.4564,2.0328
47.601,raw,2519,8.9436,2.3641,2.0373
47.601,raw,2527,7.9523,3.0510,2.1130
47.601,raw,2536,8.2666,3.2673,2.0774
47.601,raw,2545,8.3177,3.2113,2.0781
47.601,raw,2554,8.3759,3.1633,2.0780
47.601,raw,2563,8.4132,3.0885,2.0814
47.601,raw,2572,8.4605,3.0243,2.0835
47.601,raw,2581,8.5106,2.9619,2.0855
47.601,raw,2590,8.5505,2.8820,2.0896
47.601,raw,2598,8.6093,2.8443,2.0896
47.601,raw,2607,8.6566,2.7705,2.0932
47.601,raw,2616,8.7136,2.7096,2.0955
47.601,raw,2625,8.7618,2.6294,2.1000
47.601,raw,2634,8.8076,2.5388,2.1056
47.601,raw,2643,8.8758,2.4888,2.1071
47.601,raw,2652,8.9273,2.3982,2.1130
49.122,raw,0,7.7515,3.0423,1.1541
49.122,raw,6,7.8872,3.0929,1.1791
49.122,raw,13,7.9308,3.0425,1.1781
49.122,raw,20,7.9714,2.9886,1.1761
49.122,raw,27,8.0280,2.9518,1.1782
49.122,raw,34,8.0561,2.8826,1.1719
49.122,raw,41,8.1081,2.8401,1.1721
49.122,raw,48,8.1684,2.8081,1.1746
49.122,raw,55,8.1961,2.7341,1.1668
49.122,raw,62,8.2489,2.6917,1.1664
49.122,raw,69,8.2970,2.6422,1.1641
49.122,raw,76,8.3523,2.6026,1.1638
49.122,raw,83,8.3935,2.5410,1.1584
49.122,raw,90,8.4388,2.4838,1.1538
49.122,raw,97,8.4935,2.4404,1.1521
49.122,raw,104,8.5366,2.3757,1.1456
49.122,raw,111,8.5955,2.3374,1.1446
49.122,raw,118,8.6366,2.2637,1.1359
49.122,raw,125,7.8719,3.1177,1.2598
49.122,raw,132,7.9102,3.0622,1.2579
49.122,raw,139,7.9584,3.0164,1.2580
49.122,raw,146,8.0085,2.9727,1.2584
49.122,raw,152,8.0370,2.9189,1.2549
49.122,raw,159,8.0769,2.8627,1.2523
49.122,raw,166,8.1284,2.8195,1.2522
49.122,raw,173,8.1749,2.7699,1.2506
49.122,raw,180,8.2258,2.7254,1.2499
49.122,raw,187,8.2747,2.6778,1.2483
49.122,raw,194,8.3186,2.6223,1.2450
49.122,raw,201,8.3551,2.5540,1.2391
49.122,raw,208,8.4186,2.5257,1.2408
49.122,raw,215,8.4633,2.4670,1.2365
49.122,raw,222,8.5107,2.4108,1.2325
49.122,raw,229,8.5646,2.3643,1.2302
49.122,raw,236,8.6166,2.3131,1.2268
49.122,raw,243,8.6630,2.2486,1.2208
49.122,raw,250,7.8814,3.0871,1.3367
49.122,raw,257,7.9310,3.0427,1.3372
49.122,raw,264,7.9730,2.9904,1.3359
49.122,raw,271,8.0301,2.9541,1.3376
49.122,raw,278,8.0627,2.8903,1.3339
49.122,raw,285,8.1112,2.8438,1.3333
49.122,raw,292,8.1659,2.8050,1.3339
49.122,raw,298,8.2080,2.7655,1.3332
49.122,raw,305,8.2492,2.7085,1.3303
49.122,raw,312,8.2927,2.6530,1.3276
49.122,raw,319,8.3406,2.6028,1.3256
49.122,raw,326,8.3764,2.5326,1.3201
49.122,raw,333,8.4351,2.4965,1.3203
49.122,raw,340,8.4713,2.4223,1.3140
49.122,raw,347,8.5397,2.4015,1.3163
49.122,raw,354,8.5818,2.3331,1.3107
49.122,raw,361,8.6355,2.2839,1.3081
49.122,raw,368,7.8493,3.1222,1.4156
49.122,raw,375,7.9066,3.0855,1.4174
49.122,raw,382,7.9383,3.0229,1.4148
49.122,raw,389,7.9932,2.9841,1.4159
49.122,raw,396,8.0297,2.9251,1.4136
49.122,raw,403,8.0785,2.8793,1.4133
49.122,raw,410,8.1149,2.8182,1.4106
49.122,raw,417,8.1692,2.7781,1.4109
49.122,raw,424,8.2116,2.7227,1.4088
49.122,raw,431,8.2721,2.6907,1.4100
49.122,raw,438,8.3016,2.6148,1.4048
49.122,raw,445,8.3586,2.5771,1.4049
49.122,raw,451,8.3911,2.5191,1.4013
49.122,raw,458,8.4430,2.4716,1.3998
49.122,raw,465,8.4929,2.4198,1.3976
49.122,raw,472,8.5488,2.3770,1.3965
49.122,raw,479,8.5930,2.3114,1.3923
49.122,raw,486,8.6515,2.2707,1.3912
49.122,raw,493,7.8710,3.1036,1.4941
49.122,raw,500,7.9190,3.0576,1.4943
49.122,raw,507,7.9528,2.9967,1.4924
49.122,raw,514,7.9903,2.9386,1.4908
49.122,raw,521,8.0509,2.9058,1.4923
49.122,raw,528,8.0995,2.8597,1.4920
49.122,raw,535,8.1413,2.8049,1.4905
49.122,raw,542,8.1802,2.7452,1.4884
49.122,raw,549,8.2413,2.7140,1.4895
49.122,raw,556,8.2891,2.6647,1.4884
49.122,raw,563,8.3346,2.6113,1.4867
49.122,raw,570,8.3736,2.5464,1.4837
49.122,raw,577,8.4267,2.5016,1.4829
49.122,raw,584,8.4828,2.4612,1.4824
49.122,raw,591,8.5267,2.3987,1.4794
49.122,raw,597,8.5701,2.3536,1.4777
49.122,raw,604,8.6165,2.2911,1.4747
49.122,raw,611,19.7505,15.0575,0.5455
49.122,raw,618,7.8582,3.1308,1.5727
49.122,raw,625,7.9091,3.0879,1.5731
49.122,raw,632,7.9404,3.0251,1.5715
49.122,raw,639,7.9942,2.9852,1.5721
49.122,raw,646,8.0364,2.9327,1.5714
49.122,raw,653,8.0639,2.8622,1.5689
49.122,raw,660,8.1197,2.8240,1.5694
49.122,raw,667,8.1695,2.7786,1.5691
49.122,raw,674,8.2162,2.7287,1.5683
49.122,raw,681,8.2637,2.6791,1.5675
49.122,raw,688,8.3016,2.6148,1.5654
49.122,raw,695,8.3588,2.5773,1.5655
49.122,raw,702,8.4055,2.5233,1.5641
49.122,raw,709,8.4553,2.4729,1.5630
49.122,raw,716,8.5032,2.4177,1.5614
49.122,raw,723,8.5517,2.3617,1.5597
49.122,raw,730,8.5991,2.3014,1.5576
49.122,raw,737,8.6488,2.2429,1.5555
49.122,raw,744,19.6845,15.1574,0.8632
49.122,raw,750,-12.8886,-0.0540,0.7184
49.122,raw,757,-12.7001,-0.4991,0.7219
49.122,raw,764,-12.5449,-0.9506,0.7234
49.122,raw,771,-12.3723,-1.3956,0.7253
49.122,raw,778,-12.0015,-1.7750,0.7363
49.122,raw,785,-9.9664,-1.5695,0.8271
49.122,raw,792,-11.6693,-2.6546,0.7375
49.122,raw,799,-11.3253,-3.0244,0.7462
49.122,raw,806,-11.1676,-3.4633,0.7454
49.122,raw,813,-10.8304,-3.8245,0.7530
49.122,raw,820,-10.6931,-4.2709,0.7504
49.122,raw,827,-10.5070,-4.6963,0.7497
49.122,raw,834,-10.2016,-5.0615,0.7547
49.122,raw,841,-9.9009,-5.4244,0.7592
49.122,raw,848,-9.7421,-5.8630,0.7559
49.122,raw,855,-9.4608,-6.2329,0.7586
49.122,raw,862,-9.2940,-6.6710,0.7547
49.122,raw,869,-9.0106,-7.0380,0.7567
49.122,raw,876,-8.7844,-7.4417,0.7552
49.122,raw,883,-8.4876,-7.7975,0.7571
49.122,raw,890,-8.2708,-8.2104,0.7541
49.122,raw,896,-8.0197,-8.5172,0.7549
49.122,raw,903,-7.8149,-8.9446,0.7503
49.122,raw,910,-7.4626,-9.2553,0.7538
49.122,raw,917,-7.2417,-9.6756,0.7491
49.122,raw,924,-4.7162,-8.0303,0.8849
49.122,raw,931,-6.5563,-10.3062,0.7532
49.122,raw,938,7.8781,3.1105,1.6501
49.122,raw,945,7.9063,3.0447,1.6489
49.122,raw,952,7.9436,2.9870,1.6482
49.122,raw,959,8.0026,2.9521,1.6488
49.122,raw,966,8.0380,2.8910,1.6478
49.122,raw,973,8.0764,2.8322,1.6469
49.122,raw,980,8.1463,2.8111,1.6482
49.122,raw,987,8.1912,2.7594,1.6476
49.122,raw,994,8.2314,2.7006,1.6466
49.122,raw,1001,8.2809,2.6531,1.6462
49.122,raw,1008,8.3337,2.6099,1.6459
49.122,raw,1015,8.3784,2.5538,1.6449
49.122,raw,1022,8.4234,2.4964,1.6438
49.122,raw,1029,8.4708,2.4410,1.6428
49.122,raw,1036,8.5142,2.3768,1.6413
49.122,raw,1043,8.5678,2.3284,1.6405
49.122,raw,1049,8.6139,2.2860,1.6398
49.122,raw,1056,-2.2021,-19.7445,0.5228
49.122,raw,1063,-24.8841,11.6617,1.0127
49.122,raw,1070,-24.3410,10.8497,1.0275
49.122,raw,1077,-23.7242,10.0545,1.0436
49.122,raw,1084,-23.2329,9.3030,1.0564
49.122,raw,1091,-22.7508,8.5757,1.0687
49.122,raw,1098,-22.3576,7.8773,1.0786
49.122,raw,1105,-21.9412,7.1955,1.0888
49.122,raw,1112,-14.2916,6.2762,1.2584
49.122,raw,1119,-21.1970,5.8875,1.1062
49.122,raw,1126,-20.8392,5.2567,1.1142
49.122,raw,1133,-20.4379,4.6413,1.1228
49.122,raw,1140,-20.1024,4.0385,1.1298
49.122,raw,1147,-19.7665,3.4481,1.1365
49.122,raw,1154,-19.4218,2.8704,1.1431
49.122,raw,1161,-19.0731,2.3051,1.1496
49.122,raw,1168,-18.2865,1.8067,1.1655
49.122,raw,1175,-17.9827,1.2667,1.1706
49.122,raw,1182,-17.6688,0.7374,1.1756
49.122,raw,1189,-17.3580,0.2166,1.1803
49.122,raw,1195,-17.0915,-0.2229,1.1842
49.122,raw,1202,-16.8018,-0.7327,1.1881
49.122,raw,1209,-16.5029,-1.2333,1.1920
49.122,raw,1216,-16.2070,-1.7276,1.1955
49.122,raw,1223,-15.9451,-2.2253,1.1981
49.122,raw,1230,-15.3092,-2.6009,1.2092
49.122,raw,1237,-10.0728,-1.4108,1.3272
49.122,raw,1244,-9.8755,-1.7980,1.3285
49.122,raw,1251,-14.5016,-4.0216,1.2157
49.122,raw,1258,-14.2297,-4.4862,1.2176
49.122,raw,1265,-13.6839,-4.8301,1.2258
49.122,raw,1272,-13.4187,-5.2848,1.2271
49.122,raw,1279,-13.1716,-5.7456,1.2278
49.122,raw,1286,-12.9351,-6.2106,1.2279
49.122,raw,1293,-12.6747,-6.6629,1.2285
49.122,raw,1300,-12.2683,-7.0336,1.2325
49.122,raw,1307,-12.0788,-7.5218,1.2308
49.122,raw,1314,-11.8287,-7.9770,1.2304
49.122,raw,1321,-11.5441,-8.4114,1.2307
49.122,raw,1328,-11.1672,-8.7842,1.2332
49.122,raw,1335,-10.8236,-9.1748,1.2347
49.122,raw,1341,-10.5043,-9.4893,1.2364
49.122,raw,1348,-10.2975,-9.9765,1.2337
49.122,raw,1355,-9.9415,-10.3534,1.2349
49.122,raw,1362,-9.5848,-10.7274,1.2359
49.122,raw,1369,-9.2248,-11.0963,1.2369
49.122,raw,1376,-9.0900,-11.6622,1.2309
49.122,raw,1383,-8.7458,-12.0505,1.2308
49.122,raw,1390,7.8538,3.1266,1.7272
49.122,raw,1397,7.8932,3.0721,1.7270
49.122,raw,1404,7.9208,3.0047,1.7263
49.122,raw,1411,7.9757,2.9652,1.7265
49.122,raw,1418,8.0194,2.9135,1.7263
49.122,raw,1425,8.0758,2.8761,1.7265
49.122,raw,1432,8.1268,2.8326,1.7265
49.122,raw,1439,8.1555,2.7607,1.7257
49.122,raw,1446,8.2087,2.7187,1.7256
49.122,raw,1453,8.2573,2.6702,1.7254
49.122,raw,1460,8.2976,2.6090,1.7248
49.122,raw,1467,8.3463,2.5585,1.7245
49.122,raw,1474,8.4002,2.5151,1.7244
49.122,raw,1481,8.4532,2.4694,1.7241
49.122,raw,1488,8.5006,2.4133,1.7236
49.122,raw,1494,8.5496,2.3785,1.7235
49.122,raw,1501,8.5860,2.2981,1.7223
49.122,raw,1508,8.6428,2.2535,1.7220
49.122,raw,1515,-4.4853,-25.2434,1.0496
49.122,raw,1522,-4.0789,-26.0012,1.0382
49.122,raw,1529,-3.6600,-26.7830,1.0262
49.122,raw,1536,-2.9138,-27.0881,1.0264
49.122,raw,1543,-2.2542,-27.3381,1.0265
49.122,raw,1550,-1.5864,-27.5648,1.0270
49.122,raw,1557,-0.9220,-27.8000,1.0269
49.122,raw,1564,-19.3922,-3.2304,1.8418
49.122,raw,1571,-18.3182,-5.4764,1.8414
49.122,raw,1578,-16.9860,-6.8974,1.8405
49.122,raw,1585,-17.1297,-8.5114,1.8416
49.122,raw,1592,-16.0460,-9.3201,1.8408
49.122,raw,1599,7.8369,3.1235,1.8045
49.122,raw,1606,7.8761,3.0685,1.8045
49.122,raw,1613,7.9378,3.0361,1.8045
49.122,raw,1620,7.9725,2.9758,1.8045
49.122,raw,1627,8.0225,2.9314,1.8045
49.122,raw,1634,8.0772,2.8925,1.8045
49.122,raw,1640,8.1127,2.8457,1.8045
49.122,raw,1647,8.1537,2.7896,1.8045
49.122,raw,1654,8.1961,2.7341,1.8046
49.122,raw,1661,8.2431,2.6838,1.8046
49.122,raw,1668,8.2899,2.6322,1.8046
49.122,raw,1675,8.3357,2.5780,1.8046
49.122,raw,1682,8.3824,2.5237,1.8046
49.122,raw,1689,8.4483,2.4992,1.8046
49.122,raw,1696,8.4962,2.4450,1.8047
49.122,raw,1703,8.5340,2.3711,1.8047
49.122,raw,1710,8.5773,2.3034,1.8048
49.122,raw,1717,8.6387,2.2679,1.8048
49.122,raw,1724,-18.2420,-8.5657,2.5861
49.122,raw,1731,7.8494,3.1224,1.8819
49.122,raw,1738,7.8958,3.0747,1.8819
49.122,raw,1745,7.9444,3.0292,1.8819
49.122,raw,1752,7.9871,2.9776,1.8821
49.122,raw,1759,8.0364,2.9327,1.8821
49.122,raw,1766,8.0831,2.8846,1.8822
49.122,raw,1773,8.1206,2.8251,1.8828
49.122,raw,1780,8.1588,2.7649,1.8833
49.122,raw,1787,8.2112,2.7220,1.8834
49.122,raw,1793,8.2443,2.6689,1.8840
49.122,raw,1800,8.3074,2.6402,1.8836
49.122,raw,1807,8.3579,2.5935,1.8839
49.122,raw,1814,8.3907,2.5184,1.8850
49.122,raw,1821,8.4448,2.4745,1.8852
49.122,raw,1828,8.4970,2.4269,1.8856
49.122,raw,1835,8.5450,2.3702,1.8862
49.122,raw,1842,8.5984,2.3217,1.8866
49.122,raw,1849,8.6463,2.2604,1.8874
49.122,raw,1856,-21.3205,-3.0104,3.3753
49.122,raw,1863,-20.9829,-3.5969,3.3672
49.122,raw,1870,-20.6913,-4.1909,3.3619
49.122,raw,1877,-20.2169,-5.1102,3.3540
49.122,raw,1884,-15.7432,-6.8795,3.1862
49.122,raw,1891,7.8456,3.1319,1.9593
49.122,raw,1898,7.8793,3.0718,1.9601
49.122,raw,1905,7.9383,3.0366,1.9593
49.122,raw,1912,7.9708,2.9740,1.9604
49.122,raw,1919,8.0140,2.9219,1.9609
49.122,raw,1926,8.0672,2.8808,1.9607
49.122,raw,1933,8.1216,2.8415,1.9605
49.122,raw,1939,8.1403,2.7728,1.9625
49.122,raw,1946,8.1944,2.7319,1.9624
49.122,raw,1953,8.2515,2.6952,1.9622
49.122,raw,1960,8.3011,2.6482,1.9626
49.122,raw,1967,8.3459,2.5932,1.9636
49.122,raw,1974,8.3858,2.5290,1.9651
49.122,raw,1981,8.4369,2.4807,1.9658
49.122,raw,1988,8.4862,2.4280,1.9668
49.122,raw,1995,8.5346,2.3721,1.9679
49.122,raw,2002,8.5900,2.3271,1.9685
49.122,raw,2009,8.6375,2.2656,1.9701
49.122,raw,2016,-18.7384,-2.7693,3.9598
49.122,raw,2023,-18.4838,-3.3251,3.9535
49.122,raw,2030,-18.0870,-3.8309,3.9372
49.122,raw,2037,-17.0405,-5.3502,3.9035
49.122,raw,2044,-16.7825,-5.8818,3.9007
49.122,raw,2051,-16.3946,-6.3545,3.8885
49.122,raw,2058,-15.7388,-7.6165,3.8846
49.122,raw,2065,-15.4886,-8.1455,3.8860
49.122,raw,2072,-15.2277,-8.6698,3.8873
49.122,raw,2079,-14.9611,-9.1919,3.8892
50.300,raw,0,8.1533,3.5066,1.1276
50.300,raw,6,8.1824,3.4522,1.1269
50.300,raw,13,8.2240,3.3934,1.1276
50.300,raw,20,8.2609,3.3315,1.1269
50.300,raw,27,8.3164,3.2827,1.1302
50.300,raw,34,8.3560,3.2228,1.1296
50.300,raw,41,8.3866,3.1559,1.1266
50.300,raw,48,8.4262,3.0953,1.1254
50.300,raw,54,8.4786,3.0586,1.1286
50.300,raw,61,8.5057,2.9870,1.1238
50.300,raw,68,8.5441,2.9242,1.1213
50.300,raw,75,8.5919,2.8696,1.1210
50.300,raw,82,8.6344,2.8096,1.1189
50.300,raw,89,8.6748,2.7468,1.1159
50.300,raw,96,8.7217,2.6899,1.1143
50.300,raw,102,8.7575,2.6358,1.1114
50.300,raw,109,8.8033,2.5763,1.1088
50.300,raw,116,8.1492,3.4922,1.2121
50.300,raw,123,8.1998,3.4388,1.2145
50.300,raw,130,8.2292,3.3722,1.2126
50.300,raw,137,8.2748,3.3161,1.2137
50.300,raw,144,8.3175,3.2582,1.2139
50.300,raw,150,8.3550,3.2093,1.2142
50.300,raw,157,8.3982,3.1519,1.2141
50.300,raw,164,8.4315,3.0864,1.2117
50.300,raw,171,8.4737,3.0276,1.2109
50.300,raw,178,8.5220,2.9738,1.2111
50.300,raw,185,8.5663,2.9164,1.2102
50.300,raw,192,8.5981,2.8469,1.2063
50.300,raw,199,8.6482,2.7940,1.2061
50.300,raw,205,8.6951,2.7526,1.2067
50.300,raw,212,8.7345,2.6882,1.2035
50.300,raw,219,8.7796,2.6289,1.2013
50.300,raw,226,8.8050,2.5459,1.1939
50.300,raw,233,8.1630,3.4764,1.2984
50.300,raw,240,8.1807,3.4022,1.2950
50.300,raw,247,8.2394,3.3542,1.2982
50.300,raw,253,8.2789,3.3064,1.2991
50.300,raw,260,8.3162,3.2446,1.2983
50.300,raw,267,8.3719,3.1964,1.3006
50.300,raw,274,8.3998,3.1271,1.2977
50.300,raw,281,8.4628,3.0854,1.3010
50.300,raw,288,8.4830,3.0083,1.2962
50.300,raw,295,8.5318,2.9549,1.2964
50.300,raw,301,8.5662,2.9023,1.2951
50.300,raw,308,8.6117,2.8454,1.2942
50.300,raw,315,8.6547,2.7858,1.2927
50.300,raw,322,8.7014,2.7292,1.2916
50.300,raw,329,8.7541,2.6786,1.2915
50.300,raw,336,8.7976,2.6176,1.2893
50.300,raw,343,8.8244,2.5359,1.2831
50.300,raw,350,8.1855,3.4662,1.3853
50.300,raw,356,8.2117,3.4099,1.3844
50.300,raw,363,8.2499,3.3489,1.3842
50.300,raw,370,8.2991,3.2955,1.3854
50.300,raw,377,8.3313,3.2301,1.3840
50.300,raw,384,8.3832,3.1792,1.3853
50.300,raw,391,8.4184,3.1155,1.3839
50.300,raw,398,8.4605,3.0569,1.3835
50.300,raw,404,8.5029,3.0118,1.3838
50.300,raw,411,8.5405,2.9488,1.3823
50.300,raw,418,8.5701,2.8776,1.3793
50.300,raw,425,8.6365,2.8406,1.3819
50.300,raw,432,8.6589,2.7603,1.3772
50.300,raw,439,8.7092,2.7071,1.3768
50.300,raw,446,8.7484,2.6414,1.3743
50.300,raw,452,8.7887,2.5917,1.3731
50.300,raw,459,8.8325,2.5291,1.3710
50.300,raw,466,8.1732,3.4464,1.4678
50.300,raw,473,8.2245,3.3937,1.4692
50.300,raw,480,8.2737,3.3402,1.4702
50.300,raw,487,8.3081,3.2768,1.4695
50.300,raw,494,8.3539,3.2213,1.4699
50.300,raw,501,8.3790,3.1501,1.4678
50.300,raw,507,8.4203,3.1038,1.4681
50.300,raw,514,8.4837,3.0628,1.4703
50.300,raw,521,8.4971,2.9795,1.4662
50.300,raw,528,8.5412,2.9216,1.4657
50.300,raw,535,8.5956,2.8730,1.4664
50.300,raw,542,8.6427,2.8178,1.4660
50.300,raw,549,8.6841,2.7563,1.4646
50.300,raw,555,8.7160,2.6991,1.4629
50.300,raw,562,8.7552,2.6333,1.4609
50.300,raw,569,8.7980,2.5702,1.4591
50.300,raw,576,21.3907,13.8862,0.5702
50.300,raw,583,8.1518,3.4575,1.5515
50.300,raw,590,8.2025,3.4040,1.5525
50.300,raw,597,8.2537,3.3515,1.5535
50.300,raw,603,8.2799,3.2946,1.5528
50.300,raw,610,8.3268,3.2396,1.5532
50.300,raw,617,8.3640,3.1775,1.5527
50.300,raw,624,8.4241,3.1332,1.5541
50.300,raw,631,8.4589,3.0689,1.5532
50.300,raw,638,8.4903,3.0010,1.5518
50.300,raw,645,8.5307,2.9401,1.5511
50.300,raw,652,8.5764,2.8835,1.5508
50.300,raw,658,8.6193,2.8383,1.5508
50.300,raw,665,8.6401,2.7563,1.5479
50.300,raw,672,8.7076,2.7205,1.5494
50.300,raw,679,8.7500,2.6588,1.5483
50.300,raw,686,8.7815,2.5835,1.5459
50.300,raw,693,8.8367,2.5341,1.5458
50.300,raw,700,21.4226,13.9632,0.8782
50.300,raw,706,-12.1471,4.5394,0.7359
50.300,raw,713,-11.8715,4.0834,0.7475
50.300,raw,720,-11.7622,3.6250,0.7511
50.300,raw,727,-11.6595,3.1691,0.7540
50.300,raw,734,-11.3937,2.7343,0.7640
50.300,raw,741,-11.3007,2.2848,0.7657
50.300,raw,748,-11.1958,1.8385,0.7674
50.300,raw,754,-10.9910,1.4770,0.7740
50.300,raw,761,-10.2642,1.1566,0.8038
50.300,raw,768,-10.1768,0.7250,0.8038
50.300,raw,775,-10.5535,0.1831,0.7816
50.300,raw,782,-10.4645,-0.2588,0.7807
50.300,raw,789,-10.2311,-0.6614,0.7862
50.300,raw,796,-10.1783,-1.1135,0.7828
50.300,raw,803,-9.9630,-1.5164,0.7866
50.300,raw,809,-9.8926,-1.8982,0.7842
50.300,raw,816,-9.6828,-2.2996,0.7871
50.300,raw,823,-9.5557,-2.7306,0.7856
50.300,raw,830,-9.3212,-3.1189,0.7889
50.300,raw,837,-9.1967,-3.5522,0.7864
50.300,raw,844,-9.1107,-4.0058,0.7816
50.300,raw,851,-8.8763,-4.3925,0.7837
50.300,raw,857,-8.8240,-4.7976,0.7776
50.300,raw,864,-8.5800,-5.1797,0.7795
50.300,raw,871,-8.3674,-5.5776,0.7793
50.300,raw,878,-8.2654,-6.0406,0.7729
50.300,raw,885,8.1519,3.4697,1.6364
50.300,raw,892,8.2036,3.4169,1.6372
50.300,raw,899,8.2341,3.3507,1.6367
50.300,raw,905,8.2698,3.3001,1.6367
50.300,raw,912,8.3177,3.2457,1.6371
50.300,raw,919,8.3558,3.1842,1.6368
50.300,raw,926,8.4124,3.1370,1.6375
50.300,raw,933,8.4444,3.0703,1.6368
50.300,raw,940,8.4996,3.0225,1.6373
50.300,raw,947,8.5400,2.9623,1.6369
50.300,raw,954,8.5744,2.8958,1.6360
50.300,raw,960,8.6073,2.8412,1.6354
50.300,raw,967,8.6532,2.7843,1.6351
50.300,raw,974,8.7020,2.7298,1.6348
50.300,raw,981,8.7425,2.6661,1.6340
50.300,raw,988,8.7905,2.6096,1.6336
50.300,raw,995,8.8302,2.5427,1.6324
50.300,raw,1002,-4.7416,-14.1689,0.6526
50.300,raw,1008,-4.5705,-14.6537,0.6403
50.300,raw,1015,-4.6950,-15.6672,0.6003
50.300,raw,1022,-4.6703,-16.5357,0.5692
50.300,raw,1029,-4.6158,-17.4099,0.5382
50.300,raw,1036,-4.6089,-18.4053,0.5010
50.300,raw,1043,-21.1491,19.2326,1.0228
50.300,raw,1050,-20.7430,18.3033,1.0389
50.300,raw,1056,-20.4790,17.5641,1.0503
50.300,raw,1063,-20.0509,16.6819,1.0660
50.300,raw,1070,-19.6776,15.8482,1.0799
50.300,raw,1077,-19.3002,15.0395,1.0934
50.300,raw,1084,-18.9813,14.2734,1.1050
50.300,raw,1091,-18.6231,13.5184,1.1172
50.300,raw,1098,-18.3305,12.8025,1.1275
50.300,raw,1104,-18.0684,12.2014,1.1362
50.300,raw,1111,-17.7597,11.5169,1.1462
50.300,raw,1118,-17.4514,10.8507,1.1558
50.300,raw,1125,-13.3872,9.5588,1.2491
50.300,raw,1132,-16.8877,9.5782,1.1728
50.300,raw,1139,-16.6371,8.9689,1.1801
50.300,raw,1146,-16.3686,8.3709,1.1876
50.300,raw,1153,-16.0908,7.7855,1.1950
50.300,raw,1159,-15.6054,7.2765,1.2065
50.300,raw,1166,-15.3787,6.7230,1.2123
50.300,raw,1173,-15.2133,6.1817,1.2164
50.300,raw,1180,-15.0878,5.6482,1.2194
50.300,raw,1187,-14.9658,5.1199,1.2222
50.300,raw,1194,-14.8281,4.5968,1.2250
50.300,raw,1201,-14.6771,4.0793,1.2279
50.300,raw,1207,-14.5751,3.6380,1.2296
50.300,raw,1214,-14.4333,3.1283,1.2318
50.300,raw,1221,-14.0868,2.6443,1.2384
50.300,raw,1228,-13.9571,2.1447,1.2400
50.300,raw,1235,-13.8389,1.6460,1.2411
50.300,raw,1242,-13.6979,1.1530,1.2424
50.300,raw,1249,-13.5560,0.6625,1.2436
50.300,raw,1255,-10.0538,0.9432,1.3206
50.300,raw,1262,-13.1352,-0.2076,1.2488
50.300,raw,1269,-13.0186,-0.6965,1.2488
50.300,raw,1276,-12.9040,-1.1861,1.2485
50.300,raw,1283,-12.7831,-1.6745,1.2482
50.300,raw,1290,-12.5144,-2.1174,1.2510
50.300,raw,1297,-12.3642,-2.5950,1.2509
50.300,raw,1304,-12.2445,-3.0839,1.2498
50.300,raw,1310,-12.1439,-3.5056,1.2487
50.300,raw,1317,-11.9275,-3.9603,1.2495
50.300,raw,1324,-11.7162,-4.4158,1.2500
50.300,raw,1331,-11.4986,-4.8678,1.2504
50.300,raw,1338,-11.4453,-5.3971,1.2465
50.300,raw,1345,-11.1944,-5.8358,1.2473
50.300,raw,1352,-10.9368,-6.2697,1.2480
50.300,raw,1358,-10.7150,-6.6401,1.2484
50.300,raw,1365,-10.5902,-7.1481,1.2454
50.300,raw,1372,-10.3364,-7.5855,1.2453
50.300,raw,1379,8.1826,3.4401,1.7209
50.300,raw,1386,8.2159,3.3757,1.7208
50.300,raw,1393,8.2651,3.3219,1.7210
50.300,raw,1400,8.3027,3.2603,1.7209
50.300,raw,1406,8.3444,3.2142,1.7211
50.300,raw,1413,8.3896,3.1582,1.7211
50.300,raw,1420,8.4276,3.0965,1.7209
50.300,raw,1427,8.4744,3.0417,1.7210
50.300,raw,1434,8.5161,2.9824,1.7208
50.300,raw,1441,8.5466,2.9125,1.7203
50.300,raw,1448,8.5995,2.8625,1.7204
50.300,raw,1455,8.6526,2.8129,1.7205
50.300,raw,1461,8.6922,2.7646,1.7203
50.300,raw,1468,8.7172,2.6851,1.7194
50.300,raw,1475,8.7671,2.6307,1.7193
50.300,raw,1482,8.8273,2.5879,1.7195
50.300,raw,1489,-9.0491,-19.0044,1.1009
50.300,raw,1496,-8.8103,-19.7266,1.0919
50.300,raw,1503,-8.5656,-20.4686,1.0823
50.300,raw,1509,-8.3439,-21.1121,1.0739
50.300,raw,1516,-8.0913,-21.9005,1.0631
50.300,raw,1523,-7.8299,-22.7115,1.0516
50.300,raw,1530,-7.5430,-23.5220,1.0402
50.300,raw,1537,-7.2783,-24.4082,1.0269
50.300,raw,1544,-20.3579,0.6837,1.8432
50.300,raw,1551,-19.6804,0.0551,1.8425
50.300,raw,1557,-19.0388,-0.6445,1.8418
50.300,raw,1564,-19.1086,-2.1220,1.8423
50.300,raw,1571,-16.4710,-3.8892,1.8395
50.300,raw,1578,-17.1281,-5.3939,1.8411
50.300,raw,1585,-16.8425,-6.2184,1.8411
50.300,raw,1592,-12.8289,-6.8243,1.8365
50.300,raw,1599,8.1818,3.4396,1.8049
50.300,raw,1606,8.2401,3.3916,1.8048
50.300,raw,1612,8.2596,3.3306,1.8048
50.300,raw,1619,8.3014,3.2720,1.8048
50.300,raw,1626,8.3427,3.2130,1.8048
50.300,raw,1633,8.3886,3.1574,1.8048
50.300,raw,1640,8.4233,3.0930,1.8049
50.300,raw,1647,8.4553,3.0256,1.8049
50.300,raw,1654,8.5118,2.9786,1.8049
50.300,raw,1660,8.5574,2.9363,1.8049
50.300,raw,1667,8.5861,2.8642,1.8049
50.300,raw,1674,8.6408,2.8159,1.8049
50.300,raw,1681,8.6880,2.7602,1.8049
50.300,raw,1688,8.7217,2.6898,1.8049
50.300,raw,1695,8.7775,2.6423,1.8049
50.300,raw,1702,8.8077,2.5653,1.8050
50.300,raw,1708,-17.8398,-0.5809,2.5348
50.300,raw,1715,8.1363,3.4843,1.8892
50.300,raw,1722,8.1858,3.4300,1.8889
50.300,raw,1729,8.2327,3.3745,1.8886
50.300,raw,1736,8.2690,3.3121,1.8887
50.300,raw,1743,8.3200,3.2600,1.8885
50.300,raw,1750,8.3647,3.2038,1.8884
50.300,raw,1757,8.4062,3.1451,1.8885
50.300,raw,1763,8.4255,3.0815,1.8891
50.300,raw,1770,8.4896,3.0410,1.8885
50.300,raw,1777,8.5369,2.9870,1.8885
50.300,raw,1784,8.5669,2.9170,1.8891
50.300,raw,1791,8.6025,2.8510,1.8895
50.300,raw,1798,8.6424,2.7882,1.8899
50.300,raw,1805,8.6941,2.7366,1.8899
50.300,raw,1811,8.7276,2.6809,1.8904
50.300,raw,1818,8.7684,2.6165,1.8909
50.300,raw,1825,8.8246,2.5686,1.8908
50.300,raw,1832,-20.5117,-1.6022,3.3666
50.300,raw,1839,8.1707,3.4812,1.9723
50.300,raw,1846,8.1921,3.4095,1.9732
50.300,raw,1853,8.2529,3.3633,1.9720
50.300,raw,1859,8.2754,3.3040,1.9727
50.300,raw,1866,8.3201,3.2475,1.9725
50.300,raw,1873,8.3681,3.1935,1.9722
50.300,raw,1880,8.4008,3.1278,1.9729
50.300,raw,1887,8.4406,3.0672,1.9732
50.300,raw,1894,8.4963,3.0197,1.9726
50.300,raw,1901,8.5283,2.9518,1.9736
50.300,raw,1908,8.5752,2.8965,1.9737
50.300,raw,1914,8.6011,2.8353,1.9749
50.300,raw,1921,8.6552,2.7862,1.9747
50.300,raw,1928,8.7060,2.7339,1.9747
50.300,raw,1935,8.7462,2.6701,1.9756
50.300,raw,1942,8.7956,2.6154,1.9760
50.300,raw,1949,8.8261,2.5379,1.9779
50.300,raw,1956,-18.6145,1.7268,3.9557
50.300,raw,1962,-18.4209,1.2304,3.9465
50.300,raw,1969,-18.2023,0.6557,3.9371
50.300,raw,1976,-18.0025,0.0826,3.9298
50.300,raw,1983,-17.7904,-0.4841,3.9225
50.300,raw,1990,-17.3476,-1.0817,3.9004
50.300,raw,1997,-17.1406,-1.6375,3.8951
50.300,raw,2004,-16.9513,-2.1950,3.8918
50.300,raw,2010,-16.7621,-2.6640,3.8877
50.300,raw,2017,-16.5712,-3.2179,3.8859
50.300,raw,2024,-16.3740,-3.9451,3.8885
50.300,raw,2031,-16.1745,-4.4958,3.8879
50.300,raw,2038,-15.9742,-5.0462,3.8882
50.300,raw,2045,-15.7646,-5.5932,3.8886
50.300,raw,2052,-15.5773,-6.1502,3.8916
51.325,raw,0,7.8967,3.4970,1.0647
51.325,raw,8,7.9638,3.4313,1.0701
51.325,raw,16,8.0051,3.3521,1.0696
51.325,raw,24,8.0621,3.2823,1.0721
51.325,raw,32,8.1125,3.2090,1.0728
51.325,raw,40,8.1738,3.1432,1.0757
51.325,raw,48,8.2380,3.0802,1.0789
51.325,raw,56,8.2959,3.0134,1.0803
51.325,raw,64,8.3167,2.9181,1.0726
51.325,raw,72,8.4085,2.8784,1.0814
51.325,raw,80,8.4437,2.7930,1.0762
51.325,raw,88,8.5026,2.7269,1.0764
51.325,raw,96,8.5443,2.6448,1.0717
51.325,raw,104,8.6000,2.5748,1.0702
51.325,raw,112,7.9191,3.4580,1.1594
51.325,raw,120,7.9599,3.3779,1.1589
51.325,raw,128,8.0475,3.3254,1.1671
51.325,raw,136,8.0910,3.2479,1.1666
51.325,raw,144,8.1446,3.1769,1.1677
51.325,raw,152,8.1923,3.1021,1.1673
51.325,raw,160,8.2579,3.0402,1.1703
51.325,raw,168,8.3070,2.9666,1.1695
51.325,raw,176,8.3618,2.8973,1.1696
51.325,raw,184,8.4113,2.8234,1.1683
51.325,raw,192,8.4823,2.7680,1.1712
51.325,raw,200,8.5339,2.6957,1.1696
51.325,raw,208,8.5739,2.6116,1.1649
51.325,raw,216,7.9066,3.5021,1.2543
51.325,raw,224,7.9570,3.4276,1.2556
51.325,raw,232,7.9978,3.3479,1.2551
51.325,raw,240,8.0636,3.2833,1.2584
51.325,raw,248,8.1235,3.2160,1.2606
51.325,raw,256,8.1770,3.1453,1.2614
51.325,raw,264,8.2286,3.0735,1.2616
51.325,raw,272,8.2871,3.0068,1.2628
51.325,raw,280,8.3249,2.9245,1.2600
51.325,raw,288,8.4012,2.8724,1.2638
51.325,raw,296,8.4344,2.7850,1.2595
51.325,raw,304,8.4933,2.7187,1.2596
51.325,raw,312,8.5557,2.6556,1.2601
51.325,raw,320,8.6158,2.5904,1.2599
51.325,raw,328,7.9275,3.4625,1.3470
51.325,raw,336,7.9849,3.3920,1.3489
51.325,raw,345,8.0411,3.3087,1.3498
51.325,raw,353,8.1100,3.2468,1.3528
51.325,raw,361,8.1582,3.1726,1.3529
51.325,raw,369,8.1963,3.0915,1.3512
51.325,raw,377,8.2573,3.0261,1.3526
51.325,raw,385,8.3230,2.9649,1.3545
51.325,raw,393,8.3705,2.8901,1.3535
51.325,raw,401,8.4202,2.8165,1.3525
51.325,raw,409,8.4689,2.7414,1.3511
51.325,raw,417,8.5486,2.6942,1.3543
51.325,raw,425,8.6001,2.6214,1.3529
51.325,raw,433,19.2563,13.1320,0.5070
51.325,raw,441,7.9059,3.5017,1.4392
51.325,raw,449,7.9496,3.4235,1.4394
51.325,raw,457,8.0005,3.3495,1.4401
51.325,raw,465,8.0638,3.2834,1.4420
51.325,raw,473,8.1151,3.2106,1.4425
51.325,raw,481,8.1744,3.1435,1.4437
51.325,raw,489,8.2292,3.0739,1.4442
51.325,raw,497,8.2811,3.0024,1.4442
51.325,raw,505,8.3387,2.9353,1.4447
51.325,raw,513,8.3889,2.8623,1.4441
51.325,raw,521,8.4565,2.8039,1.4454
51.325,raw,529,8.4928,2.7181,1.4427
51.325,raw,537,8.5513,2.6514,1.4426
51.325,raw,545,8.6081,2.5828,1.4420
51.325,raw,553,20.7346,14.4417,0.5877
51.325,raw,561,7.9551,3.4646,1.5329
51.325,raw,569,7.9943,3.3845,1.5326
51.325,raw,577,8.0390,3.3074,1.5326
51.325,raw,585,8.1077,3.2453,1.5344
51.325,raw,593,8.1622,3.1753,1.5349
51.325,raw,601,8.2012,3.0948,1.5340
51.325,raw,609,8.2607,3.0285,1.5347
51.325,raw,617,8.3045,2.9508,1.5339
51.325,raw,625,8.3742,2.8930,1.5353
51.325,raw,633,8.4338,2.8280,1.5356
51.325,raw,641,8.4646,2.7377,1.5331
51.325,raw,649,8.5419,2.6880,1.5348
51.325,raw,657,8.5856,2.6074,1.5332
51.325,raw,665,23.1402,16.2106,0.6919
51.325,raw,673,20.7710,14.4246,0.8954
51.325,raw,681,-12.1896,5.1479,0.7278
51.325,raw,690,-11.9850,4.5448,0.7366
51.325,raw,698,-11.7923,4.0174,0.7443
51.325,raw,706,-11.4681,3.5078,0.7575
51.325,raw,714,-11.3494,2.9905,0.7608
51.325,raw,722,-11.1876,2.4816,0.7655
51.325,raw,730,-10.9199,1.9929,0.7745
51.325,raw,738,-10.7755,1.4921,0.7774
51.325,raw,746,-10.5046,1.0187,0.7857
51.325,raw,754,-10.4001,0.5171,0.7857
51.325,raw,762,-10.1506,0.0505,0.7920
51.325,raw,770,-10.0009,-0.4366,0.7931
51.325,raw,778,-9.7780,-0.9013,0.7971
51.325,raw,786,-9.5356,-1.3559,0.8016
51.325,raw,794,-9.3992,-1.8423,0.8006
51.325,raw,802,-9.1517,-2.2891,0.8044
51.325,raw,810,-8.9659,-2.7564,0.8047
51.325,raw,818,-8.8184,-3.2400,0.8025
51.325,raw,826,-8.5489,-3.6712,0.8059
51.325,raw,834,-8.4034,-4.1583,0.8026
51.325,raw,842,-8.1359,-4.5876,0.8049
51.325,raw,850,7.9356,3.4541,1.6228
51.325,raw,858,8.0110,3.3940,1.6245
51.325,raw,866,8.0389,3.3073,1.6236
51.325,raw,874,8.1007,3.2409,1.6244
51.325,raw,882,8.1450,3.1639,1.6242
51.325,raw,890,8.2052,3.0976,1.6248
51.325,raw,898,8.2630,3.0302,1.6252
51.325,raw,906,8.3196,2.9623,1.6254
51.325,raw,914,8.3738,2.8927,1.6254
51.325,raw,922,8.4228,2.8187,1.6250
51.325,raw,930,8.4852,2.7558,1.6253
51.325,raw,938,8.5314,2.6784,1.6245
51.325,raw,946,8.6037,2.6249,1.6252
51.325,raw,954,-4.8755,-11.1277,0.7488
51.325,raw,962,-4.6874,-11.7019,0.7359
51.325,raw,970,-4.4664,-12.2593,0.7241
51.325,raw,978,-4.2554,-12.8473,0.7104
51.325,raw,986,-4.1373,-13.5704,0.6886
51.325,raw,994,-3.9175,-14.1999,0.6726
51.325,raw,1002,-3.6851,-14.8401,0.6559
51.325,raw,1010,-3.4309,-15.4795,0.6392
51.325,raw,1018,-3.3258,-16.3692,0.6086
51.325,raw,1026,-3.2563,-17.3715,0.5723
51.325,raw,1035,-3.2008,-18.6213,0.5255
51.325,raw,1043,-21.5649,18.7388,1.0150
51.325,raw,1051,-21.0752,17.6764,1.0337
51.325,raw,1059,-20.6249,16.6688,1.0507
51.325,raw,1067,-20.1690,15.6964,1.0672
51.325,raw,1075,-19.6880,14.7517,1.0836
51.325,raw,1083,-19.2544,13.8554,1.0983
51.325,raw,1091,-18.8294,12.9925,1.1123
51.325,raw,1099,-18.3808,12.1537,1.1263
51.325,raw,1107,-18.0195,11.3624,1.1378
51.325,raw,1115,-17.6328,10.5903,1.1494
51.325,raw,1123,-17.2488,9.8429,1.1606
51.325,raw,1131,-13.8596,8.7113,1.2382
51.325,raw,1139,-16.5581,8.4250,1.1799
51.325,raw,1147,-16.0242,7.7289,1.1931
51.325,raw,1155,-15.6993,7.0738,1.2014
51.325,raw,1163,-15.4063,6.4371,1.2086
51.325,raw,1171,-15.1240,5.8152,1.2153
51.325,raw,1179,-14.8635,5.2069,1.2211
51.325,raw,1187,-14.6267,4.6098,1.2262
51.325,raw,1195,-14.4683,4.0190,1.2292
51.325,raw,1203,-14.0398,3.4537,1.2379
51.325,raw,1211,-13.8600,2.8825,1.2408
51.325,raw,1219,-13.7100,2.3135,1.2427
51.325,raw,1227,-13.5558,1.7490,1.2445
51.325,raw,1235,-13.3720,1.1927,1.2466
51.325,raw,1243,-13.0154,0.6734,1.2524
51.325,raw,1251,-12.8289,0.1298,1.2540
51.325,raw,1259,-10.2042,0.1686,1.3107
51.325,raw,1267,-12.5246,-0.9663,1.2550
51.325,raw,1275,-12.1825,-1.4590,1.2594
51.325,raw,1283,-12.0400,-2.0045,1.2589
51.325,raw,1291,-11.8802,-2.5456,1.2586
51.325,raw,1299,-11.6556,-3.0641,1.2595
51.325,raw,1307,-11.3826,-3.5622,1.2613
51.325,raw,1315,-11.1186,-4.0603,1.2626
51.325,raw,1323,-11.0142,-4.6265,1.2598
51.325,raw,1331,-10.7500,-5.1243,1.2605
51.325,raw,1339,-10.4981,-5.6268,1.2607
51.325,raw,1347,7.9099,3.4659,1.7137
51.325,raw,1355,7.9679,3.3953,1.7141
51.325,raw,1363,8.0353,3.3311,1.7147
51.325,raw,1371,8.0978,3.2652,1.7151
51.325,raw,1380,8.1404,3.1742,1.7148
51.325,raw,1388,8.1990,3.1067,1.7151
51.325,raw,1396,8.2353,3.0238,1.7147
51.325,raw,1404,8.2990,2.9605,1.7150
51.325,raw,1412,8.3598,2.8957,1.7151
51.325,raw,1420,8.3999,2.8139,1.7147
51.325,raw,1428,8.4754,2.7619,1.7152
51.325,raw,1436,8.5315,2.6935,1.7151
51.325,raw,1444,8.5870,2.6242,1.7150
51.325,raw,1452,-6.6388,-12.8060,1.2366
51.325,raw,1460,-6.3469,-13.3509,1.2325
51.325,raw,1468,-6.1473,-14.0109,1.2248
51.325,raw,1476,-6.0116,-14.7696,1.2143
51.325,raw,1484,-7.9189,-18.0343,1.1321
51.325,raw,1492,-7.6619,-18.8321,1.1219
51.325,raw,1500,-7.4089,-19.6711,1.1107
51.325,raw,1508,-7.1644,-20.5628,1.0980
51.325,raw,1516,-6.8654,-21.4222,1.0862
51.325,raw,1524,-6.5466,-22.2966,1.0741
51.325,raw,1532,-6.2162,-23.2015,1.0611
51.325,raw,1540,-5.8409,-24.0839,1.0487
51.325,raw,1548,-5.3311,-24.7783,1.0409
51.325,raw,1556,-4.6548,-25.1913,1.0400
51.325,raw,1564,-3.9713,-25.5953,1.0389
51.325,raw,1572,-3.2836,-25.9965,1.0376
51.325,raw,1580,-2.6025,-26.4206,1.0353
51.325,raw,1588,-1.9306,-26.8809,1.0317
51.325,raw,1596,-23.6656,10.2455,1.8479
51.325,raw,1604,-23.2419,9.3763,1.8472
51.325,raw,1612,-22.7666,8.5264,1.8465
51.325,raw,1620,-22.4028,7.7100,1.8459
51.325,raw,1628,-22.0139,6.9118,1.8453
51.325,raw,1636,-21.6378,6.1335,1.8447
51.325,raw,1644,-21.2147,5.3734,1.8441
51.325,raw,1652,-20.8892,4.6307,1.8437
51.325,raw,1660,-20.5191,3.9043,1.8432
51.325,raw,1668,-20.1548,3.1931,1.8428
51.325,raw,1676,-19.8058,2.4951,1.8424
51.325,raw,1684,-19.4830,1.8074,1.8421
51.325,raw,1692,-19.1412,1.1335,1.8417
51.325,raw,1700,-18.8139,0.4689,1.8414
51.325,raw,1708,-18.4915,-0.1864,1.8411
51.325,raw,1716,-18.1583,-0.8302,1.8409
51.325,raw,1725,-10.1320,0.2510,1.8299
51.325,raw,1733,-17.4734,-2.1742,1.8404
51.325,raw,1741,-17.1884,-2.8054,1.8402
51.325,raw,1749,-16.8814,-3.4249,1.8401
51.325,raw,1757,-16.5654,-4.0360,1.8399
51.325,raw,1765,-16.2900,-4.6565,1.8398
51.325,raw,1773,-16.0170,-5.2756,1.8398
51.325,raw,1781,-15.7584,-5.8990,1.8398
51.325,raw,1789,-15.4754,-6.5115,1.8397
51.325,raw,1797,-15.1928,-7.1237,1.8397
51.325,raw,1805,-14.9502,-7.7559,1.8398
51.325,raw,1813,7.9010,3.4739,1.8053
51.325,raw,1821,7.9726,3.4107,1.8053
51.325,raw,1829,8.0245,3.3376,1.8052
51.325,raw,1837,8.0872,3.2717,1.8052
51.325,raw,1845,8.1336,3.1962,1.8052
51.325,raw,1853,8.1890,3.1267,1.8052
51.325,raw,1861,8.2300,3.0473,1.8052
51.325,raw,1869,8.3041,2.9921,1.8052
51.325,raw,1877,8.3529,2.9183,1.8052
51.325,raw,1885,8.4026,2.8450,1.8052
51.325,raw,1893,8.4537,2.7723,1.8052
51.325,raw,1901,8.5086,2.7026,1.8052
51.325,raw,1909,8.5639,2.6328,1.8052
51.325,raw,1917,8.6189,2.5622,1.8052
51.325,raw,1925,-19.8685,-0.6249,2.5878
51.325,raw,1933,-19.4693,-1.6588,2.5833
51.325,raw,1941,-19.4026,-3.3379,2.5919
51.325,raw,1949,-18.1255,-4.3690,2.5690
51.325,raw,1957,-18.2885,-6.2503,2.5885
51.325,raw,1965,-16.9850,-7.2728,2.5684
51.325,raw,1973,7.9086,3.4778,1.8968
51.325,raw,1981,7.9685,3.4084,1.8963
51.325,raw,1989,8.0262,3.3386,1.8959
51.325,raw,1997,8.0725,3.2626,1.8959
51.325,raw,2005,8.1380,3.1991,1.8954
51.325,raw,2013,8.1972,3.1323,1.8951
51.325,raw,2021,8.2533,3.0640,1.8949
51.325,raw,2029,8.3025,2.9909,1.8950
51.325,raw,2037,8.3576,2.9220,1.8949
51.325,raw,2045,8.3941,2.8380,1.8955
51.325,raw,2053,8.4488,2.7681,1.8956
51.325,raw,2061,8.5089,2.7028,1.8956
51.325,raw,2070,8.5742,2.6273,1.8957
51.325,raw,2078,8.6218,2.5493,1.8962
51.325,raw,2086,7.9007,3.4990,1.9882
51.325,raw,2094,7.9455,3.4213,1.9881
51.325,raw,2102,8.0246,3.3634,1.9861
51.325,raw,2110,8.0642,3.2836,1.9864
51.325,raw,2118,8.1164,3.2115,1.9862
51.325,raw,2126,8.1687,3.1397,1.9860
51.325,raw,2134,8.2155,3.0643,1.9862
51.325,raw,2142,8.2802,3.0017,1.9854
51.325,raw,2150,8.3176,2.9188,1.9864
51.325,raw,2158,8.3865,2.8604,1.9855
51.325,raw,2166,8.4513,2.7994,1.9850
51.325,raw,2174,8.4970,2.7219,1.9858
51.325,raw,2182,8.5533,2.6533,1.9861
51.325,raw,2190,8.6153,2.5899,1.9860
51.325,raw,2198,-18.8124,0.8244,3.9885
51.325,raw,2206,-18.5323,0.1607,3.9762
51.325,raw,2214,-18.2661,-0.4980,3.9659
51.325,raw,2222,-18.0029,-1.1510,3.9570
51.325,raw,2230,-17.4605,-1.9062,3.9315
51.325,raw,2238,-17.2218,-2.5492,3.9266
51.325,raw,2246,-16.9469,-3.1784,3.9201
51.325,raw,2254,-16.7027,-3.8136,3.9169
51.325,raw,2262,-16.4308,-4.4373,3.9127
51.325,raw,2270,-16.1683,-5.2431,3.9149
51.325,raw,2278,-15.9013,-5.8663,3.9136
51.325,raw,2286,-15.6587,-6.4996,3.9152
51.325,raw,2294,-15.3961,-7.1251,3.9165
51.325,raw,2302,7.9080,3.4649,2.0806
51.325,raw,2310,7.9740,3.3987,2.0787
51.325,raw,2318,8.0190,3.3215,2.0787
51.325,raw,2326,8.0736,3.2502,2.0780
51.325,raw,2334,8.1561,3.1977,2.0750
51.325,raw,2342,8.1983,3.1197,2.0756
51.325,raw,2350,8.2446,3.0442,2.0760
51.325,raw,2358,8.3008,2.9758,2.0757
51.325,raw,2366,8.3398,2.8939,2.0771
51.325,raw,2374,8.4131,2.8394,2.0754
51.325,raw,2382,8.4735,2.7749,2.0751
51.325,raw,2390,8.5221,2.6998,2.0761
51.325,raw,2398,8.5743,2.6274,2.0769
52.636,raw,0,7.7214,3.4208,0.9742
52.636,raw,7,7.7896,3.3534,0.9814
52.636,raw,14,7.8375,3.2787,0.9843
52.636,raw,22,7.9188,3.2065,0.9927
52.636,raw,29,7.9568,3.1290,0.9929
52.636,raw,36,8.0062,3.0573,0.9952
52.636,raw,44,8.0656,2.9776,0.9982
52.636,raw,51,8.1246,2.9125,1.0020
52.636,raw,59,8.1889,2.8373,1.0053
52.636,raw,66,8.2445,2.7719,1.0078
52.636,raw,73,8.3106,2.7139,1.0124
52.636,raw,81,8.3724,2.6396,1.0143
52.636,raw,88,8.4005,2.5563,1.0096
52.636,raw,96,8.3959,2.4321,0.9951
52.636,raw,103,7.7562,3.3804,1.0831
52.636,raw,110,7.8153,3.3099,1.0876
52.636,raw,118,7.8810,3.2300,1.0923
52.636,raw,125,7.9229,3.1538,1.0933
52.636,raw,133,7.9876,3.0755,1.0971
52.636,raw,140,8.0556,3.0139,1.1024
52.636,raw,147,8.1204,2.9520,1.1069
52.636,raw,155,8.1638,2.8648,1.1060
52.636,raw,162,8.2141,2.7958,1.1073
52.636,raw,170,8.2922,2.7307,1.1124
52.636,raw,177,8.3392,2.6606,1.1126
52.636,raw,184,8.3758,2.5833,1.1103
52.636,raw,192,8.4421,2.5120,1.1123
52.636,raw,199,7.7491,3.4181,1.1888
52.636,raw,207,7.7972,3.3294,1.1904
52.636,raw,214,7.8525,3.2581,1.1936
52.636,raw,221,7.9126,3.1900,1.1973
52.636,raw,229,7.9740,3.1099,1.2003
52.636,raw,236,8.0343,3.0442,1.2036
52.636,raw,244,8.0908,2.9635,1.2053
52.636,raw,251,8.1497,2.8988,1.2081
52.636,raw,258,8.1984,2.8289,1.2090
52.636,raw,266,8.2571,2.7512,1.2103
52.636,raw,273,8.3185,2.6903,1.2129
52.636,raw,281,8.3903,2.6228,1.2159
52.636,raw,288,8.4294,2.5475,1.2143
52.636,raw,295,8.1570,2.2360,1.1576
52.636,raw,303,7.7705,3.3591,1.2925
52.636,raw,310,7.8309,3.2894,1.2958
52.636,raw,318,7.8953,3.2093,1.2989
52.636,raw,325,7.9260,3.1278,1.2981
52.636,raw,332,8.0050,3.0705,1.3034
52.636,raw,340,8.0672,2.9924,1.3056
52.636,raw,347,8.1121,2.9195,1.3061
52.636,raw,355,8.1701,2.8403,1.3073
52.636,raw,362,8.2368,2.7813,1.3104
52.636,raw,369,8.2985,2.7204,1.3126
52.636,raw,377,8.3468,2.6366,1.3119
52.636,raw,384,8.4032,2.5731,1.3131
52.636,raw,392,8.4545,2.4912,1.3123
52.636,raw,399,18.8628,13.3841,0.5268
52.636,raw,406,7.7710,3.3593,1.3959
52.636,raw,414,7.8294,3.2752,1.3978
52.636,raw,421,7.8916,3.2076,1.4006
52.636,raw,429,7.9548,3.1280,1.4027
52.636,raw,436,8.0074,3.0579,1.4042
52.636,raw,443,8.0533,2.9849,1.4048
52.636,raw,451,8.1246,2.9125,1.4073
52.636,raw,458,8.1820,2.8474,1.4089
52.636,raw,465,8.2433,2.7854,1.4108
52.636,raw,473,8.2992,2.7065,1.4112
52.636,raw,480,8.3514,2.6398,1.4118
52.636,raw,488,8.4189,2.5695,1.4132
52.636,raw,495,8.4618,2.4967,1.4124
52.636,raw,502,20.4520,14.4729,0.6133
52.636,raw,510,7.7475,3.4040,1.4984
52.636,raw,517,7.8008,3.3309,1.4999
52.636,raw,525,7.8560,3.2460,1.5011
52.636,raw,532,7.9245,3.1819,1.5036
52.636,raw,539,7.9837,3.1147,1.5053
52.636,raw,547,8.0346,3.0305,1.5058
52.636,raw,554,8.0796,2.9574,1.5061
52.636,raw,562,8.1559,2.8883,1.5084
52.636,raw,569,8.2176,2.8263,1.5098
52.636,raw,576,8.2491,2.7461,1.5088
52.636,raw,584,8.3059,2.6674,1.5091
52.636,raw,591,8.3703,2.6089,1.5105
52.636,raw,599,8.4405,2.5407,1.5117
52.636,raw,606,7.5427,1.7521,1.4295
52.636,raw,613,21.2152,15.1330,0.8462
52.636,raw,621,-15.1801,7.0814,0.5677
52.636,raw,628,-14.6757,6.5071,0.5923
52.636,raw,636,-14.3581,5.8860,0.6080
52.636,raw,643,-14.1341,5.3560,0.6188
52.636,raw,650,-13.8791,4.8355,0.6305
52.636,raw,658,-13.4065,4.2584,0.6515
52.636,raw,665,-13.2136,3.7597,0.6594
52.636,raw,673,-12.8303,3.2099,0.6753
52.636,raw,680,-12.6629,2.7261,0.6811
52.636,raw,687,-12.4949,2.2474,0.6864
52.636,raw,695,-12.1359,1.7287,0.6997
52.636,raw,702,-11.9526,1.2652,0.7049
52.636,raw,710,-11.6178,0.7636,0.7161
52.636,raw,717,-11.3129,0.3364,0.7261
52.636,raw,724,-10.4800,0.0356,0.7604
52.636,raw,732,-10.8634,-0.6001,0.7368
52.636,raw,739,-10.7199,-1.0482,0.7380
52.636,raw,747,-10.3381,-1.4953,0.7492
52.636,raw,754,-10.1974,-1.9380,0.7495
52.636,raw,761,-9.8713,-2.3180,0.7582
52.636,raw,769,-9.6971,-2.8147,0.7582
52.636,raw,776,7.7332,3.4254,1.6008
52.636,raw,784,7.7954,3.3422,1.6021
52.636,raw,791,7.8379,3.2653,1.6025
52.636,raw,798,7.9050,3.2001,1.6040
52.636,raw,806,7.9729,3.1231,1.6053
52.636,raw,813,8.0174,3.0492,1.6056
52.636,raw,821,8.0810,2.9720,1.6066
52.636,raw,828,8.1452,2.9102,1.6077
52.636,raw,835,8.1975,2.8425,1.6082
52.636,raw,843,8.2571,2.7655,1.6087
52.636,raw,850,8.3061,2.6965,1.6089
52.636,raw,858,8.3595,2.6161,1.6089
52.636,raw,865,8.4151,2.5520,1.6093
52.636,raw,872,8.1327,2.2343,1.5903
52.636,raw,880,-5.8397,-8.9157,0.7768
52.636,raw,887,-5.6740,-9.3649,0.7698
52.636,raw,894,-5.3591,-9.6947,0.7712
52.636,raw,902,-5.0152,-10.0844,0.7713
52.636,raw,909,-4.7748,-10.4820,0.7671
52.636,raw,917,-4.5331,-10.9754,0.7596
52.636,raw,924,-4.3316,-11.4265,0.7515
52.636,raw,931,-4.2392,-12.0037,0.7355
52.636,raw,939,-3.9914,-12.5319,0.7255
52.636,raw,946,-3.7652,-12.9962,0.7165
52.636,raw,954,-3.5142,-13.5518,0.7046
52.636,raw,961,-3.2816,-14.0377,0.6940
52.636,raw,968,-3.0583,-14.5517,0.6818
52.636,raw,976,-2.7783,-15.1279,0.6683
52.636,raw,983,-2.5270,-15.6428,0.6558
52.636,raw,991,-2.2538,-16.2776,0.6389
52.636,raw,998,-2.0873,-16.9744,0.6164
52.636,raw,1005,-1.9468,-17.7530,0.5896
52.636,raw,1013,-1.7953,-18.7175,0.5553
52.636,raw,1020,-22.9242,12.7920,1.0143
52.636,raw,1028,-22.3753,11.8473,1.0305
52.636,raw,1035,-21.3083,10.9432,1.0574
52.636,raw,1042,-20.8868,10.1908,1.0693
52.636,raw,1050,-14.1907,8.5174,1.2209
52.636,raw,1057,-14.2676,7.9948,1.2206
52.636,raw,1065,-19.6147,7.8779,1.1035
52.636,raw,1072,-19.2435,7.2148,1.1129
52.636,raw,1079,-18.8890,6.5695,1.1215
52.636,raw,1087,-18.4690,5.8505,1.1314
52.636,raw,1094,-18.1349,5.2384,1.1390
52.636,raw,1102,-17.3017,4.5622,1.1574
52.636,raw,1109,-17.0003,3.9866,1.1637
52.636,raw,1116,-16.6980,3.4224,1.1698
52.636,raw,1124,-16.3610,2.7902,1.1763
52.636,raw,1131,-16.0535,2.2492,1.1820
52.636,raw,1139,-15.3651,1.6845,1.1957
52.636,raw,1146,-15.0866,1.1678,1.2003
52.636,raw,1153,-14.8233,0.6568,1.2044
52.636,raw,1161,-14.5793,0.0710,1.2074
52.636,raw,1168,-14.1366,-0.3888,1.2151
52.636,raw,1176,-10.3122,-0.1277,1.2987
52.636,raw,1183,-13.7198,-1.4617,1.2187
52.636,raw,1190,-13.4747,-1.9440,1.2212
52.636,raw,1198,-13.1026,-2.4620,1.2260
52.636,raw,1205,-12.7755,-2.9066,1.2300
52.636,raw,1213,-12.6216,-3.4818,1.2292
52.636,raw,1220,-12.3172,-3.9241,1.2322
52.636,raw,1227,7.7397,3.4009,1.7034
52.636,raw,1235,7.8116,3.3219,1.7042
52.636,raw,1242,7.8436,3.2406,1.7041
52.636,raw,1250,7.9378,3.1745,1.7054
52.636,raw,1257,7.9728,3.0956,1.7053
52.636,raw,1264,8.0424,3.0346,1.7061
52.636,raw,1272,8.0942,2.9514,1.7062
52.636,raw,1279,8.1575,2.8893,1.7068
52.636,raw,1287,8.2104,2.8078,1.7069
52.636,raw,1294,8.2683,2.7440,1.7072
52.636,raw,1301,8.3114,2.6711,1.7071
52.636,raw,1309,8.3726,2.5958,1.7073
52.636,raw,1316,8.4300,2.5331,1.7075
52.636,raw,1324,-7.9993,-10.1616,1.2494
52.636,raw,1331,-7.6773,-10.5469,1.2497
52.636,raw,1338,-7.3577,-10.9336,1.2498
52.636,raw,1346,-7.1734,-11.5331,1.2443
52.636,raw,1353,-6.8459,-11.9200,1.2441
52.636,raw,1360,-6.5024,-12.2926,1.2441
52.636,raw,1368,-6.1396,-12.7485,1.2428
52.636,raw,1375,-5.8989,-13.2297,1.2390
52.636,raw,1383,-5.6637,-13.8354,1.2329
52.636,raw,1390,-5.4278,-14.3478,1.2280
52.636,raw,1397,-5.2197,-14.9067,1.2218
52.636,raw,1405,-5.0990,-15.7113,1.2099
52.636,raw,1412,-5.0340,-16.5007,1.1971
52.636,raw,1420,-6.3114,-19.2598,1.1317
52.636,raw,1427,-6.0264,-19.9084,1.1238
52.636,raw,1434,-5.7301,-20.5661,1.1157
52.636,raw,1442,-5.3900,-21.3493,1.1055
52.636,raw,1449,-5.0780,-22.0449,1.0963
52.636,raw,1457,-4.7209,-22.8802,1.0846
52.636,raw,1464,-4.3546,-23.5569,1.0757
52.636,raw,1471,-3.7880,-23.8973,1.0752
52.636,raw,1479,-3.1139,-24.2376,1.0755
52.636,raw,1486,-2.5324,-24.5521,1.0750
52.636,raw,1494,-1.8604,-24.8990,1.0744
52.636,raw,1501,-1.2781,-25.2188,1.0732
52.636,raw,1508,-0.6897,-25.5304,1.0719
52.636,raw,1516,0.0150,-25.8116,1.0718
52.636,raw,1523,0.6641,-25.9684,1.0736
52.636,raw,1531,1.3684,-26.2485,1.0728
52.636,raw,1538,1.9809,-26.5113,1.0715
52.636,raw,1545,2.5899,-26.7957,1.0693
52.636,raw,1553,3.3017,-27.0814,1.0675
52.636,raw,1560,3.9207,-27.3617,1.0648
52.636,raw,1568,4.6317,-27.6950,1.0612
52.636,raw,1575,5.2621,-27.9779,1.0580
52.636,raw,1582,5.9492,-27.9781,1.0608
52.636,raw,1590,6.6783,-28.3032,1.0563
52.636,raw,1597,7.3078,-28.7112,1.0494
52.636,raw,1605,8.0294,-29.3018,1.0384
52.636,raw,1612,-18.9330,-0.7424,1.8424
52.636,raw,1619,-20.3363,-3.4323,1.8450
52.636,raw,1627,-17.7637,-5.0769,1.8423
52.636,raw,1634,7.7615,3.3960,1.8059
52.636,raw,1642,7.8146,3.3097,1.8059
52.636,raw,1649,7.8733,3.2401,1.8058
52.636,raw,1656,7.9261,3.1690,1.8058
52.636,raw,1664,7.9893,3.0901,1.8058
52.636,raw,1671,8.0346,3.0167,1.8058
52.636,raw,1679,8.1059,2.9440,1.8057
52.636,raw,1686,8.1547,2.8736,1.8057
52.636,raw,1693,8.2222,2.8150,1.8057
52.636,raw,1701,8.2573,2.7226,1.8057
52.636,raw,1708,8.3302,2.6691,1.8057
52.636,raw,1716,8.3931,2.5954,1.8057
52.636,raw,1723,8.4401,2.5255,1.8057
52.636,raw,1730,-12.3865,-13.5191,1.8413
52.636,raw,1738,-11.9999,-14.1073,1.8414
52.636,raw,1745,-11.9964,-14.9051,1.8420
52.636,raw,1753,-11.7174,-15.6093,1.8424
52.636,raw,1760,-11.4338,-16.2025,1.8426
52.636,raw,1767,-11.1844,-16.8386,1.8430
52.636,raw,1775,-10.8605,-17.5450,1.8433
52.636,raw,1782,-10.5905,-18.1915,1.8437
52.636,raw,1789,-10.3346,-18.8695,1.8441
52.636,raw,1797,-9.9794,-19.5977,1.8445
52.636,raw,1804,-9.7027,-20.2929,1.8450
52.636,raw,1812,-9.3550,-21.0760,1.8455
52.636,raw,1819,-9.0581,-21.7946,1.8460
52.636,raw,1826,-8.7361,-22.5053,1.8465
52.636,raw,1834,-8.3830,-23.3706,1.8472
52.636,raw,1841,-20.3337,-3.4317,2.6236
52.636,raw,1849,7.7467,3.3766,1.9086
52.636,raw,1856,7.8270,3.3149,1.9073
52.636,raw,1863,7.8633,3.2357,1.9073
52.636,raw,1871,7.9268,3.1557,1.9067
52.636,raw,1878,7.9717,3.0813,1.9065
52.636,raw,1886,8.0665,3.0197,1.9051
52.636,raw,1893,8.1098,2.9461,1.9050
52.636,raw,1900,8.1454,2.8682,1.9052
52.636,raw,1908,8.2288,2.8048,1.9042
52.636,raw,1915,8.2771,2.7353,1.9041
52.636,raw,1923,8.3155,2.6447,1.9046
52.636,raw,1930,8.3933,2.5956,1.9037
52.636,raw,1937,8.4385,2.5244,1.9038
52.636,raw,1945,-20.3392,-3.4331,3.4033
52.636,raw,1952,7.7516,3.3921,2.0108
52.636,raw,1960,7.8055,3.3058,2.0100
52.636,raw,1967,7.8759,3.2413,2.0081
52.636,raw,1974,7.9203,3.1663,2.0077
52.636,raw,1982,7.9882,3.0895,2.0063
52.636,raw,1989,8.0284,3.0134,2.0063
52.636,raw,1997,8.1172,2.9502,2.0040
52.636,raw,2004,8.1514,2.8717,2.0044
52.636,raw,2011,8.2106,2.8079,2.0035
52.636,raw,2019,8.2726,2.7324,2.0029
52.636,raw,2026,8.3149,2.6589,2.0032
52.636,raw,2034,8.3924,2.5949,2.0018
52.636,raw,2041,8.4405,2.5258,2.0019
52.636,raw,2048,-17.6591,-2.6395,3.9843
52.636,raw,2056,-17.3487,-3.2792,3.9748
52.636,raw,2063,-17.0471,-3.8248,3.9651
52.636,raw,2071,-16.7275,-4.4499,3.9569
52.636,raw,2078,-16.4376,-5.1722,3.9541
52.636,raw,2085,7.7174,3.4328,2.1148
52.636,raw,2093,7.7675,3.3443,2.1138
52.636,raw,2100,7.8519,3.2850,2.1098
52.636,raw,2108,7.8934,3.1947,2.1098
52.636,raw,2115,7.9349,3.1183,2.1094
52.636,raw,2122,8.0164,3.0625,2.1060
52.636,raw,2130,8.0834,2.9872,2.1042
52.636,raw,2137,8.1246,2.9125,2.1042
52.636,raw,2145,8.2115,2.8508,2.1011
52.636,raw,2152,8.2417,2.7701,2.1022
52.636,raw,2159,8.3047,2.7100,2.1007
52.636,raw,2167,8.3498,2.6241,2.1015
52.636,raw,2174,8.4135,2.5657,2.1001
52.636,raw,2182,7.8870,2.0496,2.1525
52.636,raw,2189,8.2242,2.7878,2.2021
52.636,raw,2196,8.2880,2.7135,2.2008
52.636,raw,2204,8.3466,2.6365,2.2002
52.636,raw,2211,8.3979,2.5694,2.1998
53.958,raw,0,7.9952,3.2756,0.8857
53.958,raw,6,8.0537,3.2036,0.8933
53.958,raw,12,8.1169,3.1343,0.9017
53.958,raw,18,8.1412,3.0556,0.9022
53.958,raw,25,8.2340,2.9834,0.9151
53.958,raw,31,8.2721,2.9105,0.9179
53.958,raw,37,8.3155,2.8399,0.9215
53.958,raw,43,8.3870,2.7800,0.9304
53.958,raw,50,8.4104,2.6894,0.9286
53.958,raw,56,8.4778,2.6305,0.9364
53.958,raw,62,8.5288,2.5661,0.9406
53.958,raw,68,8.5699,2.4982,0.9426
53.958,raw,75,8.6285,2.4244,0.9469
53.958,raw,81,8.6719,2.3586,0.9490
53.958,raw,87,8.6152,2.2421,0.9296
53.958,raw,93,8.1523,1.9052,0.8231
53.958,raw,100,8.0088,3.2501,1.0043
53.958,raw,106,8.0658,3.1781,1.0106
53.958,raw,112,8.1227,3.1074,1.0167
53.958,raw,118,8.1820,3.0388,1.0231
53.958,raw,125,8.2346,2.9553,1.0274
53.958,raw,131,8.2958,2.8899,1.0337
53.958,raw,137,8.3393,2.8197,1.0368
53.958,raw,143,8.3866,2.7516,1.0404
53.958,raw,150,8.4406,2.6726,1.0441
53.958,raw,156,8.4981,2.6103,1.0490
53.958,raw,162,8.5298,2.5380,1.0492
53.958,raw,168,8.5712,2.4701,1.0510
53.958,raw,175,8.6428,2.4024,1.0570
53.958,raw,181,8.6945,2.3408,1.0602
53.958,raw,187,8.4473,2.1252,1.0080
53.958,raw,193,7.9441,1.7588,0.9070
53.958,raw,200,8.0506,3.2314,1.1256
53.958,raw,206,8.0806,3.1533,1.1271
53.958,raw,212,8.1377,3.0831,1.1323
53.958,raw,218,8.1927,3.0135,1.1370
53.958,raw,225,8.2532,2.9328,1.1418
53.958,raw,231,8.2848,2.8579,1.1428
53.958,raw,237,8.3544,2.7967,1.1492
53.958,raw,244,8.4034,2.7152,1.1518
53.958,raw,250,8.4642,2.6535,1.1566
53.958,raw,256,8.5176,2.5899,1.1602
53.958,raw,262,8.5548,2.5202,1.1611
53.958,raw,269,8.6118,2.4454,1.1641
53.958,raw,275,8.6560,2.3798,1.1658
53.958,raw,281,8.7043,2.3167,1.1680
53.958,raw,287,8.2910,2.0118,1.0970
53.958,raw,294,8.0218,3.2816,1.2383
53.958,raw,300,8.0513,3.2030,1.2395
53.958,raw,306,8.1089,3.1322,1.2440
53.958,raw,312,8.1750,3.0651,1.2494
53.958,raw,319,8.2097,2.9761,1.2504
53.958,raw,325,8.2654,2.9083,1.2542
53.958,raw,331,8.3139,2.8393,1.2570
53.958,raw,337,8.3724,2.7748,1.2610
53.958,raw,344,8.4330,2.6981,1.2645
53.958,raw,350,8.4791,2.6310,1.2666
53.958,raw,356,8.5096,2.5580,1.2666
53.958,raw,362,8.5765,2.5012,1.2711
53.958,raw,369,8.6339,2.4270,1.2736
53.958,raw,375,8.6565,2.3511,1.2722
53.958,raw,381,8.5608,2.2143,1.2551
53.958,raw,387,8.1084,1.8818,1.1906
53.958,raw,394,8.0044,3.2634,1.3507
53.958,raw,400,8.0404,3.1861,1.3523
53.958,raw,406,8.1242,3.1220,1.3584
53.958,raw,412,8.1575,3.0460,1.3595
53.958,raw,419,8.2282,2.9675,1.3637
53.958,raw,425,8.2754,2.8974,1.3659
53.958,raw,431,8.3216,2.8278,1.3679
53.958,raw,437,8.3706,2.7599,1.3701
53.958,raw,444,8.4301,2.6828,1.3728
53.958,raw,450,8.4839,2.6187,1.3752
53.958,raw,456,8.5270,2.5511,1.3765
53.958,raw,462,8.5636,2.4810,1.3770
53.958,raw,469,8.6352,2.4132,1.3804
53.958,raw,475,8.6738,2.3451,1.3809
53.958,raw,481,8.4668,2.1508,1.3557
53.958,raw,488,7.8510,1.7085,1.2861
53.958,raw,494,21.9373,14.4366,0.5355
53.958,raw,500,21.1198,13.8649,0.6255
53.958,raw,506,8.0283,3.2260,1.4661
53.958,raw,513,8.1112,3.1470,1.4704
53.958,raw,519,8.1431,3.0704,1.4711
53.958,raw,525,8.1813,2.9960,1.4722
53.958,raw,531,8.2350,2.9270,1.4744
53.958,raw,538,8.3000,2.8488,1.4770
53.958,raw,544,8.3679,2.7873,1.4800
53.958,raw,550,8.4061,2.7163,1.4808
53.958,raw,556,8.4555,2.6500,1.4823
53.958,raw,563,8.5166,2.5752,1.4843
53.958,raw,569,8.5521,2.5047,1.4846
53.958,raw,575,8.5993,2.4397,1.4858
53.958,raw,581,8.6623,2.3829,1.4880
53.958,raw,588,8.6024,2.2505,1.4803
53.958,raw,594,8.1537,1.9228,1.4424
53.958,raw,600,23.6284,15.5575,0.7212
53.958,raw,606,22.0259,14.3589,0.8573
53.958,raw,613,-13.7548,9.4118,0.5725
53.958,raw,619,-13.6518,8.9218,0.5811
53.958,raw,625,-15.4403,7.0869,0.5116
53.958,raw,631,-15.1935,6.5774,0.5248
53.958,raw,638,-14.9699,5.9994,0.5368
53.958,raw,644,-14.5680,5.5033,0.5562
53.958,raw,650,-14.4001,5.0277,0.5646
53.958,raw,656,-14.2531,4.5584,0.5716
53.958,raw,663,-13.8653,4.0201,0.5892
53.958,raw,669,-13.7198,3.5654,0.5954
53.958,raw,675,-13.4057,3.1232,0.6089
53.958,raw,681,-13.2728,2.6795,0.6138
53.958,raw,688,-12.9176,2.1833,0.6283
53.958,raw,694,-12.8059,1.7484,0.6315
53.958,raw,700,-12.5287,1.3355,0.6420
53.958,raw,707,-12.3983,0.8369,0.6450
53.958,raw,713,-10.2740,0.7279,0.7399
53.958,raw,719,-10.3048,0.3148,0.7354
53.958,raw,725,-11.7776,-0.3800,0.6638
53.958,raw,732,-11.4423,-0.8219,0.6747
53.958,raw,738,8.0174,3.2521,1.5796
53.958,raw,744,8.0599,3.1766,1.5807
53.958,raw,750,8.0965,3.1004,1.5814
53.958,raw,757,8.1899,3.0269,1.5846
53.958,raw,763,8.2248,2.9523,1.5852
53.958,raw,769,8.2696,2.8813,1.5861
53.958,raw,775,8.3378,2.8192,1.5882
53.958,raw,782,8.3797,2.7349,1.5887
53.958,raw,788,8.4279,2.6677,1.5896
53.958,raw,794,8.4870,2.6058,1.5911
53.958,raw,800,8.5433,2.5438,1.5923
53.958,raw,807,8.6019,2.4696,1.5934
53.958,raw,813,8.6375,2.3998,1.5936
53.958,raw,819,8.6881,2.3376,1.5944
53.958,raw,825,8.3286,2.0637,1.5742
53.958,raw,832,7.7862,1.6551,1.5436
53.958,raw,838,-6.0159,-6.2723,0.8192
53.958,raw,844,-5.6972,-6.5158,0.8262
53.958,raw,850,-7.2669,-7.9104,0.7323
53.958,raw,857,-7.1200,-8.3768,0.7267
53.958,raw,863,-6.8444,-8.6818,0.7296
53.958,raw,869,-6.5923,-9.0006,0.7310
53.958,raw,875,-6.3171,-9.3017,0.7333
53.958,raw,882,-6.0056,-9.6575,0.7352
53.958,raw,888,-5.7424,-9.9639,0.7363
53.958,raw,894,-5.4900,-10.2781,0.7365
53.958,raw,900,-5.4457,-10.7652,0.7240
53.958,raw,907,-5.2517,-11.2264,0.7172
53.958,raw,913,-5.0684,-11.6130,0.7118
53.958,raw,919,-4.9019,-12.0210,0.7049
53.958,raw,925,-4.7300,-12.4312,0.6977
53.958,raw,932,-4.5235,-12.9138,0.6891
53.958,raw,938,-4.3109,-13.2995,0.6833
53.958,raw,944,-4.1433,-13.7400,0.6741
53.958,raw,951,-3.9304,-14.2481,0.6635
53.958,raw,957,-3.7343,-14.6794,0.6547
53.958,raw,963,-3.5168,-15.0959,0.6467
53.958,raw,969,-3.3093,-15.5346,0.6372
53.958,raw,976,-3.1472,-16.1646,0.6193
53.958,raw,982,-3.0594,-16.7945,0.5989
53.958,raw,988,-2.9780,-17.4599,0.5767
53.958,raw,994,-2.8852,-18.1388,0.5539
53.958,raw,1001,-2.7555,-18.9381,0.5271
53.958,raw,1007,-2.6493,-19.6665,0.5020
53.958,raw,1013,-22.1948,4.6210,1.0291
53.958,raw,1019,-19.6812,4.0421,1.0846
53.958,raw,1026,-19.2378,3.4027,1.0941
53.958,raw,1032,-18.9020,2.8662,1.1011
53.958,raw,1038,-18.6133,2.3374,1.1068
53.958,raw,1044,-17.4826,1.8859,1.1310
53.958,raw,1051,-17.1472,1.3069,1.1372
53.958,raw,1057,-16.8904,0.8158,1.1416
53.958,raw,1063,-16.6210,0.3334,1.1462
53.958,raw,1069,-10.2488,0.7996,1.2868
53.958,raw,1076,-10.3610,0.3049,1.2826
53.958,raw,1082,-15.3182,-1.0626,1.1695
53.958,raw,1088,-14.8841,-1.4746,1.1771
53.958,raw,1094,7.9866,3.2593,1.6925
53.958,raw,1101,8.0703,3.1792,1.6939
53.958,raw,1107,8.1343,3.1106,1.6949
53.958,raw,1113,8.1834,3.0392,1.6955
53.958,raw,1119,8.2287,2.9677,1.6960
53.958,raw,1126,8.2850,2.8863,1.6967
53.958,raw,1132,8.3375,2.8191,1.6973
53.958,raw,1138,8.3735,2.7468,1.6975
53.958,raw,1144,8.4230,2.6801,1.6980
53.958,raw,1151,8.4809,2.6032,1.6986
53.958,raw,1157,8.5207,2.5341,1.6988
53.958,raw,1163,8.6026,2.4842,1.7000
53.958,raw,1169,8.6158,2.4040,1.6995
53.958,raw,1176,8.6842,2.3357,1.7002
53.958,raw,1182,8.3360,2.0675,1.6907
53.958,raw,1188,7.7784,1.6693,1.6757
53.958,raw,1195,-5.9516,-6.2359,1.3261
53.958,raw,1201,-5.6476,-6.4866,1.3291
53.958,raw,1207,-9.5189,-9.2903,1.2240
53.958,raw,1213,-9.2145,-9.6301,1.2258
53.958,raw,1220,-8.8794,-10.0359,1.2271
53.958,raw,1226,-8.7826,-10.5131,1.2229
53.958,raw,1232,-8.4900,-10.8582,1.2238
53.958,raw,1238,-8.2079,-11.2095,1.2243
53.958,raw,1245,-7.8842,-11.6227,1.2245
53.958,raw,1251,-7.5988,-11.9702,1.2247
53.958,raw,1257,-7.3133,-12.3175,1.2247
53.958,raw,1263,-7.0266,-12.6639,1.2246
53.958,raw,1270,-6.7454,-13.1163,1.2227
53.958,raw,1276,-6.5545,-13.5546,1.2193
53.958,raw,1282,-6.3841,-14.0201,1.2150
53.958,raw,1288,-6.2702,-14.5517,1.2086
53.958,raw,1295,-6.2042,-15.2593,1.1985
53.958,raw,1301,-7.9571,-17.8267,1.1307
53.958,raw,1307,-7.7302,-18.3560,1.1255
53.958,raw,1313,-7.4960,-18.8897,1.1201
53.958,raw,1320,-7.2156,-19.5207,1.1135
53.958,raw,1326,-6.9813,-20.0845,1.1072
53.958,raw,1332,-6.7306,-20.6436,1.1010
53.958,raw,1338,-6.4925,-21.2360,1.0938
53.958,raw,1345,-6.1867,-21.9129,1.0858
53.958,raw,1351,-5.9250,-22.5144,1.0783
53.958,raw,1357,-5.6767,-23.1574,1.0696
53.958,raw,1363,-5.1752,-23.4329,1.0706
53.958,raw,1370,-4.5966,-23.7614,1.0713
53.958,raw,1376,-4.1003,-24.0410,1.0717
53.958,raw,1382,-3.5912,-24.2971,1.0724
53.958,raw,1388,-3.1089,-24.6000,1.0718
53.958,raw,1395,-2.5225,-24.9114,1.0718
53.958,raw,1401,-2.0215,-25.1817,1.0715
53.958,raw,1407,-1.5281,-25.4694,1.0706
53.958,raw,1414,-0.8856,-25.6626,1.0728
53.958,raw,1420,-0.3341,-25.8191,1.0745
53.958,raw,1426,0.2002,-26.0105,1.0752
53.958,raw,1432,0.7165,-26.2453,1.0747
53.958,raw,1439,1.3145,-26.5346,1.0734
53.958,raw,1445,1.8326,-26.7728,1.0723
53.958,raw,1451,2.3587,-26.9931,1.0715
53.958,raw,1457,2.8736,-27.2540,1.0695
53.958,raw,1464,3.5647,-27.2621,1.0737
53.958,raw,1470,4.0876,-27.5020,1.0717
53.958,raw,1476,4.6145,-27.7395,1.0696
53.958,raw,1482,5.1430,-27.9859,1.0671
53.958,raw,1489,5.7645,-28.2747,1.0639
53.958,raw,1495,6.2681,-28.6964,1.0570
53.958,raw,1501,6.7817,-29.1246,1.0498
53.958,raw,1507,7.3075,-29.5486,1.0425
53.958,raw,1514,-18.9072,1.4033,1.8431
53.958,raw,1520,-18.7117,0.8736,1.8429
53.958,raw,1526,-18.5420,0.3452,1.8427
53.958,raw,1532,-18.6232,-0.9550,1.8431
53.958,raw,1539,8.0088,3.2501,1.8066
53.958,raw,1545,8.0648,3.1779,1.8065
53.958,raw,1551,8.1299,3.1094,1.8065
53.958,raw,1557,8.1683,3.0349,1.8064
53.958,raw,1564,8.2378,2.9563,1.8064
53.958,raw,1570,8.2879,2.8873,1.8063
53.958,raw,1576,8.3191,2.8127,1.8063
53.958,raw,1582,8.3830,2.7503,1.8063
53.958,raw,1589,8.4354,2.6706,1.8063
53.958,raw,1595,8.4869,2.6057,1.8062
53.958,raw,1601,8.5263,2.5365,1.8062
53.958,raw,1607,8.5893,2.4782,1.8062
53.958,raw,1614,8.6201,2.3916,1.8062
53.958,raw,1620,8.6862,2.3367,1.8061
53.958,raw,1626,8.2914,2.0444,1.8068
53.958,raw,1632,7.7648,1.6620,1.8077
53.958,raw,1639,8.0149,3.2658,1.9200
53.958,raw,1645,8.0650,3.1922,1.9192
53.958,raw,1651,8.0993,3.1154,1.9188
53.958,raw,1658,8.1766,3.0372,1.9175
53.958,raw,1664,8.2077,2.9612,1.9173
53.958,raw,1670,8.2832,2.8999,1.9160
53.958,raw,1676,8.3248,2.8289,1.9156
53.958,raw,1683,8.3865,2.7516,1.9148
53.958,raw,1689,8.4355,2.6849,1.9142
53.958,raw,1695,8.4965,2.6239,1.9134
53.958,raw,1701,8.5336,2.5539,1.9132
53.958,raw,1708,8.5670,2.4682,1.9133
53.958,raw,1714,8.6139,2.4031,1.9129
53.958,raw,1720,8.6648,2.3406,1.9124
53.958,raw,1726,8.3779,2.1051,1.9214
53.958,raw,1733,7.7491,1.6535,1.9404
53.958,raw,1739,-18.7924,1.3226,3.3275
53.958,raw,1745,-18.5933,0.7955,3.3206
53.958,raw,1751,-18.3872,0.2741,3.3138
53.958,raw,1758,-18.1504,-0.3288,3.3066
53.958,raw,1764,-17.9811,-0.8465,3.3025
53.958,raw,1770,-17.5749,-1.3171,3.2872
53.958,raw,1776,-17.3766,-1.8193,3.2824
53.958,raw,1783,7.9696,3.2698,2.0356
53.958,raw,1789,8.0407,3.2004,2.0330
53.958,raw,1795,8.0949,3.1285,2.0313
53.958,raw,1801,8.1698,3.0637,2.0287
53.958,raw,1808,8.2223,2.9799,2.0274
53.958,raw,1814,8.2690,2.9095,2.0262
53.958,raw,1820,8.3209,2.8417,2.0249
53.958,raw,1826,8.3656,2.7723,2.0240
53.958,raw,1833,8.4237,2.6946,2.0226
53.958,raw,1839,8.4561,2.6218,2.0225
53.958,raw,1845,8.5272,2.5655,2.0203
53.958,raw,1851,8.5824,2.5037,2.0191
53.958,raw,1858,8.6170,2.4190,2.0193
53.958,raw,1864,8.6730,2.3591,2.0181
53.958,raw,1870,8.4153,2.1400,2.0339
55.197,raw,0,8.0864,3.2829,0.8064
55.197,raw,5,8.1399,3.2139,0.8146
55.197,raw,11,8.1832,3.1294,0.8203
55.197,raw,17,8.2334,3.0471,0.8270
55.197,raw,23,8.3046,2.9702,0.8375
55.197,raw,29,8.3469,2.8891,0.8423
55.197,raw,35,8.4180,2.8154,0.8523
55.197,raw,41,8.4629,2.7372,0.8571
55.197,raw,47,8.5174,2.6623,0.8635
55.197,raw,52,8.5554,2.5988,0.8672
55.197,raw,58,8.6066,2.5249,0.8725
55.197,raw,64,8.6629,2.4537,0.8786
55.197,raw,70,8.7154,2.3824,0.8838
55.197,raw,76,8.7661,2.3115,0.8884
55.197,raw,82,8.5211,2.1290,0.8332
55.197,raw,88,8.2052,1.9073,0.7627
55.197,raw,94,7.8441,1.6526,0.6816
55.197,raw,100,8.1265,3.2120,0.9388
55.197,raw,105,8.1692,3.1423,0.9441
55.197,raw,111,8.2417,3.0637,0.9537
55.197,raw,117,8.2853,2.9815,0.9583
55.197,raw,123,8.3561,2.9060,0.9672
55.197,raw,129,8.4013,2.8265,0.9716
55.197,raw,135,8.4467,2.7480,0.9759
55.197,raw,141,8.4881,2.6693,0.9793
55.197,raw,147,8.5490,2.5969,0.9858
55.197,raw,153,8.6038,2.5241,0.9910
55.197,raw,158,8.6458,2.4631,0.9947
55.197,raw,164,8.7106,2.3956,1.0013
55.197,raw,170,8.7749,2.3294,1.0077
55.197,raw,176,8.5500,2.1557,0.9633
55.197,raw,182,8.2654,1.9483,0.9074
55.197,raw,188,7.9176,1.7017,0.8394
55.197,raw,194,8.1218,3.2266,1.0643
55.197,raw,200,8.1873,3.1452,1.0717
55.197,raw,206,8.2433,3.0640,1.0775
55.197,raw,211,8.2639,2.9924,1.0786
55.197,raw,217,8.3190,2.9131,1.0840
55.197,raw,223,8.3819,2.8370,1.0903
55.197,raw,229,8.4581,2.7656,1.0984
55.197,raw,235,8.5033,2.6882,1.1019
55.197,raw,241,8.5682,2.6171,1.1081
55.197,raw,247,8.5987,2.5374,1.1091
55.197,raw,253,8.6355,2.4598,1.1108
55.197,raw,259,8.6916,2.3892,1.1152
55.197,raw,264,8.7448,2.3335,1.1197
55.197,raw,270,8.6166,2.1962,1.0962
55.197,raw,276,8.2869,1.9735,1.0419
55.197,raw,282,7.9454,1.7314,0.9849
55.197,raw,288,8.1150,3.2409,1.1888
55.197,raw,294,8.1926,3.1611,1.1964
55.197,raw,300,8.2179,3.0746,1.1976
55.197,raw,306,8.2910,2.9976,1.2044
55.197,raw,311,8.3113,2.9266,1.2051
55.197,raw,317,8.3896,2.8536,1.2122
55.197,raw,323,8.4450,2.7773,1.2165
55.197,raw,329,8.4811,2.6972,1.2183
55.197,raw,335,8.5423,2.6247,1.2230
55.197,raw,341,8.5879,2.5489,1.2257
55.197,raw,347,8.6428,2.4769,1.2293
55.197,raw,353,8.6818,2.4007,1.2309
55.197,raw,359,8.7393,2.3315,1.2346
55.197,raw,364,8.6211,2.2133,1.2170
55.197,raw,370,8.3548,2.0166,1.1799
55.197,raw,376,7.9820,1.7645,1.1288
55.197,raw,382,8.0795,3.2514,1.3101
55.197,raw,388,8.1519,3.1701,1.3157
55.197,raw,394,8.2057,3.0877,1.3194
55.197,raw,400,8.2684,3.0083,1.3238
55.197,raw,406,8.3309,2.9306,1.3281
55.197,raw,412,8.3891,2.8535,1.3319
55.197,raw,417,8.4181,2.7857,1.3331
55.197,raw,423,8.4748,2.7105,1.3365
55.197,raw,429,8.5045,2.6291,1.3372
55.197,raw,435,8.5781,2.5609,1.3421
55.197,raw,441,8.6302,2.4878,1.3447
55.197,raw,447,8.6713,2.4121,1.3462
55.197,raw,453,8.7326,2.3440,1.3495
55.197,raw,459,8.6260,2.2151,1.3362
55.197,raw,465,8.3476,2.0138,1.3055
55.197,raw,470,8.0473,1.8089,1.2726
55.197,raw,476,22.2726,14.1144,0.5464
55.197,raw,482,21.4624,13.5781,0.6330
55.197,raw,488,8.0902,3.2375,1.4354
55.197,raw,494,8.1681,3.1574,1.4400
55.197,raw,500,8.2177,3.0746,1.4424
55.197,raw,506,8.2844,2.9963,1.4460
55.197,raw,512,8.3369,2.9169,1.4485
55.197,raw,518,8.3920,2.8392,1.4511
55.197,raw,523,8.4360,2.7751,1.4530
55.197,raw,529,8.4968,2.7013,1.4558
55.197,raw,535,8.5495,2.6267,1.4580
55.197,raw,541,8.5980,2.5519,1.4598
55.197,raw,547,8.6328,2.4738,1.4605
55.197,raw,553,8.6957,2.4054,1.4632
55.197,raw,559,8.7495,2.3351,1.4651
55.197,raw,565,8.5662,2.1774,1.4495
55.197,raw,571,8.2878,1.9739,1.4266
55.197,raw,576,7.9849,1.7657,1.4018
55.197,raw,582,23.9107,15.2996,0.7291
55.197,raw,588,22.2939,14.1386,0.8634
55.197,raw,594,-13.6270,9.8311,0.5445
55.197,raw,600,-13.4993,9.3204,0.5549
55.197,raw,606,-14.7391,8.2375,0.5079
55.197,raw,612,-14.5445,7.7172,0.5200
55.197,raw,618,-14.1702,7.1849,0.5400
55.197,raw,623,-14.0391,6.7715,0.5480
55.197,raw,629,-13.8471,6.2789,0.5588
55.197,raw,635,-13.5182,5.7851,0.5754
55.197,raw,641,-13.3874,5.3138,0.5826
55.197,raw,647,-13.2722,4.8485,0.5888
55.197,raw,653,-12.9761,4.3846,0.6028
55.197,raw,659,-12.8780,3.9311,0.6074
55.197,raw,665,-12.6116,3.4840,0.6193
55.197,raw,671,-12.5107,3.0399,0.6234
55.197,raw,676,-12.2674,2.6801,0.6338
55.197,raw,682,-12.1741,2.2434,0.6368
55.197,raw,688,-12.0212,1.8141,0.6423
55.197,raw,694,-11.7679,1.3989,0.6520
55.197,raw,700,-10.3478,1.1303,0.7149
55.197,raw,706,8.1060,3.2397,1.5603
55.197,raw,712,8.1611,3.1563,1.5622
55.197,raw,718,8.2356,3.0777,1.5650
55.197,raw,724,8.2951,2.9983,1.5670
55.197,raw,729,8.3170,2.9277,1.5674
55.197,raw,735,8.3826,2.8521,1.5696
55.197,raw,741,8.4518,2.7789,1.5719
55.197,raw,747,8.4878,2.6990,1.5726
55.197,raw,753,8.5538,2.6279,1.5747
55.197,raw,759,8.5972,2.5517,1.5756
55.197,raw,765,8.6253,2.4714,1.5758
55.197,raw,771,8.7095,2.4100,1.5785
55.197,raw,777,8.7602,2.3389,1.5797
55.197,raw,782,8.6231,2.2140,1.5719
55.197,raw,788,8.3316,2.0076,1.5561
55.197,raw,794,7.9718,1.7603,1.5367
55.197,raw,800,-8.8985,-5.6033,0.6990
55.197,raw,806,-8.6658,-5.9560,0.7022
55.197,raw,812,-8.4405,-6.3097,0.7048
55.197,raw,818,-8.2300,-6.6685,0.7063
55.197,raw,824,-6.0499,-6.0130,0.8084
55.197,raw,830,-5.7824,-6.2959,0.8131
55.197,raw,835,-7.7099,-7.7222,0.7050
55.197,raw,841,-7.4490,-8.0505,0.7080
55.197,raw,847,-7.2208,-8.3961,0.7090
55.197,raw,853,-6.9878,-8.7379,0.7099
55.197,raw,859,-6.7437,-9.0719,0.7111
55.197,raw,865,-6.4833,-9.3940,0.7129
55.197,raw,871,-6.2629,-9.7424,0.7122
55.197,raw,877,-6.1736,-10.1867,0.7038
55.197,raw,883,-5.9347,-10.5268,0.7033
55.197,raw,888,-5.8291,-10.8830,0.6973
55.197,raw,894,-5.6665,-11.2882,0.6917
55.197,raw,900,-5.5179,-11.7107,0.6848
55.197,raw,906,-5.3635,-12.1354,0.6776
55.197,raw,912,-5.2064,-12.5650,0.6701
55.197,raw,918,-5.0494,-13.0027,0.6620
55.197,raw,924,-4.9068,-13.4626,0.6524
55.197,raw,930,-4.7515,-13.9206,0.6430
55.197,raw,935,-4.5930,-14.2805,0.6365
55.197,raw,941,-4.4391,-14.7587,0.6257
55.197,raw,947,-4.2757,-15.2388,0.6148
55.197,raw,953,-4.2481,-15.8849,0.5938
55.197,raw,959,-4.2199,-16.5550,0.5716
55.197,raw,965,-4.1721,-17.2279,0.5496
55.197,raw,971,-4.1014,-17.8991,0.5279
55.197,raw,977,-4.0573,-18.6322,0.5028
55.197,raw,983,-20.9968,11.5418,1.0243
55.197,raw,988,-13.4178,9.4642,1.1975
55.197,raw,994,-19.9594,10.2159,1.0526
55.197,raw,1000,-19.6969,9.5787,1.0608
55.197,raw,1006,-19.4738,8.9603,1.0678
55.197,raw,1012,-19.2343,8.3506,1.0750
55.197,raw,1018,-18.9734,7.7494,1.0824
55.197,raw,1024,-18.7373,7.1622,1.0889
55.197,raw,1030,-18.5297,6.5875,1.0947
55.197,raw,1036,-17.8783,5.9925,1.1100
55.197,raw,1041,-17.6702,5.5320,1.1151
55.197,raw,1047,-17.4588,4.9893,1.1203
55.197,raw,1053,-17.2520,4.4547,1.1252
55.197,raw,1059,-17.0297,3.9275,1.1302
55.197,raw,1065,-16.4794,3.4140,1.1422
55.197,raw,1071,-16.2859,2.9064,1.1462
55.197,raw,1077,-16.1022,2.4044,1.1497
55.197,raw,1083,-15.9323,1.9069,1.1528
55.197,raw,1089,-15.6504,1.4238,1.1582
55.197,raw,1094,-15.3538,1.0339,1.1639
55.197,raw,1100,-10.2348,1.1438,1.2764
55.197,raw,1106,8.1006,3.2389,1.6837
55.197,raw,1112,8.1579,3.1558,1.6846
55.197,raw,1118,8.2143,3.0740,1.6856
55.197,raw,1124,8.2865,2.9967,1.6868
55.197,raw,1130,8.3311,2.9157,1.6875
55.197,raw,1136,8.4171,2.8449,1.6890
55.197,raw,1142,8.4445,2.7623,1.6892
55.197,raw,1147,8.4693,2.6942,1.6893
55.197,raw,1153,8.5474,2.6261,1.6906
55.197,raw,1159,8.5961,2.5514,1.6912
55.197,raw,1165,8.6429,2.4770,1.6917
55.197,raw,1171,8.6813,2.4006,1.6920
55.197,raw,1177,8.7397,2.3317,1.6927
55.197,raw,1183,8.5492,2.1710,1.6875
55.197,raw,1189,8.2688,1.9664,1.6801
55.197,raw,1194,7.9647,1.7574,1.6722
55.197,raw,1200,-11.3938,-6.6764,1.2062
55.197,raw,1206,-11.1268,-7.0651,1.2082
55.197,raw,1212,-10.8538,-7.4477,1.2101
55.197,raw,1218,-10.5905,-7.8318,1.2116
55.197,raw,1224,-5.9826,-5.9784,1.3209
55.197,raw,1230,-5.7466,-6.2767,1.3224
55.197,raw,1236,-9.8237,-8.9827,1.2148
55.197,raw,1242,-9.7610,-9.4752,1.2106
55.197,raw,1247,-9.5499,-9.7961,1.2110
55.197,raw,1253,-9.2830,-10.1721,1.2117
55.197,raw,1259,-9.0404,-10.5627,1.2116
55.197,raw,1265,-8.7714,-10.9358,1.2120
55.197,raw,1271,-8.5259,-11.3247,1.2116
55.197,raw,1277,-8.2502,-11.6928,1.2119
55.197,raw,1283,-7.9946,-12.0756,1.2114
55.197,raw,1289,-7.7489,-12.4673,1.2104
55.197,raw,1295,-7.4782,-12.8408,1.2100
55.197,raw,1300,-7.2712,-13.1683,1.2090
55.197,raw,1306,-7.1112,-13.6400,1.2049
55.197,raw,1312,-9.4478,-16.3459,1.1268
55.197,raw,1318,-9.2803,-16.9071,1.1212
55.197,raw,1324,-9.1004,-17.4689,1.1156
55.197,raw,1330,-8.9024,-18.0252,1.1102
55.197,raw,1336,-8.7329,-18.6231,1.1035
55.197,raw,1342,-8.5319,-19.2031,1.0973
55.197,raw,1348,-8.3495,-19.8180,1.0901
55.197,raw,1353,-8.1686,-20.3110,1.0847
55.197,raw,1359,-7.9346,-20.8973,1.0783
55.197,raw,1365,-7.7007,-21.4998,1.0714
55.197,raw,1371,-7.4493,-22.0976,1.0647
55.197,raw,1377,-7.2146,-22.7347,1.0568
55.197,raw,1383,-6.9771,-23.3891,1.0485
55.197,raw,1389,-6.6848,-23.9896,1.0416
55.197,raw,1395,-6.1533,-24.2628,1.0434
55.197,raw,1401,-5.6482,-24.5711,1.0440
55.197,raw,1406,-5.2198,-24.8152,1.0447
55.197,raw,1412,-4.7047,-25.1044,1.0453
55.197,raw,1418,-4.2080,-25.4229,1.0450
55.197,raw,1424,-3.7251,-25.7667,1.0439
55.197,raw,1430,-3.2277,-26.0884,1.0431
55.197,raw,1436,-2.7295,-26.4115,1.0420
55.197,raw,1442,-2.2252,-26.7267,1.0410
55.197,raw,1448,-1.7498,-27.1056,1.0381
55.197,raw,1454,-1.2421,-27.4258,1.0365
55.197,raw,1459,-0.8055,-27.6674,1.0357
55.197,raw,1465,-0.2539,-27.8965,1.0359
55.197,raw,1471,0.3064,-28.1036,1.0365
55.197,raw,1477,0.8670,-28.3083,1.0368
55.197,raw,1483,1.5257,-28.2441,1.0433
55.197,raw,1489,2.0508,-28.5346,1.0411
55.197,raw,1495,2.5773,-28.8321,1.0386
55.197,raw,1501,3.1060,-29.1367,1.0357
55.197,raw,1506,-18.7957,0.8699,1.8437
55.197,raw,1512,8.0889,3.2526,1.8072
55.197,raw,1518,8.1585,3.1711,1.8071
55.197,raw,1524,8.2066,3.0878,1.8070
55.197,raw,1530,8.2653,3.0077,1.8070
55.197,raw,1536,8.3262,2.9296,1.8069
55.197,raw,1542,8.3704,2.8493,1.8069
55.197,raw,1548,8.4318,2.7741,1.8068
55.197,raw,1554,8.4828,2.6977,1.8068
55.197,raw,1559,8.5209,2.6336,1.8067
55.197,raw,1565,8.5817,2.5619,1.8067
55.197,raw,1571,8.6218,2.4851,1.8067
55.197,raw,1577,8.6922,2.4190,1.8066
55.197,raw,1583,8.7501,2.3501,1.8066
55.197,raw,1589,8.5975,2.2045,1.8068
55.197,raw,1595,8.3374,2.0099,1.8073
55.197,raw,1601,7.9506,1.7516,1.8079
55.197,raw,1607,8.0809,3.2669,1.9310
55.197,raw,1612,8.1254,3.1966,1.9302
55.197,raw,1618,8.1924,3.1157,1.9288
55.197,raw,1624,8.2457,3.0343,1.9279
55.197,raw,1630,8.2961,2.9535,1.9270
55.197,raw,1636,8.3643,2.8779,1.9258
55.197,raw,1642,8.4162,2.8002,1.9249
55.197,raw,1648,8.4514,2.7194,1.9246
55.197,raw,1654,8.5428,2.6544,1.9228
55.197,raw,1660,8.5634,2.5714,1.9228
55.197,raw,1665,8.6037,2.5092,1.9223
55.197,raw,1671,8.6743,2.4427,1.9211
55.197,raw,1677,8.7166,2.3681,1.9207
55.197,raw,1683,8.7008,2.2729,1.9219
55.197,raw,1689,8.4035,2.0681,1.9306
55.197,raw,1695,8.0841,1.8414,1.9400
55.197,raw,1701,-18.8349,2.1679,3.3534
55.197,raw,1707,-18.6526,1.6242,3.3463
55.197,raw,1713,-18.4273,1.0894,3.3376
55.197,raw,1718,-18.2974,0.6423,3.3335
55.197,raw,1724,-21.1453,-0.2580,3.4748
55.197,raw,1730,-20.9350,-0.8333,3.4684
55.197,raw,1736,-20.1563,-1.3146,3.4346
55.197,raw,1742,-20.3172,-1.9362,3.4472
55.197,raw,1748,-20.1385,-2.5015,3.4437
55.197,raw,1754,-19.9237,-3.0569,3.4388
55.197,raw,1760,-16.6253,-3.8151,3.2923
56.281,raw,0,8.0621,3.3222,0.7393
56.281,raw,5,8.1115,3.2455,0.7473
56.281,raw,10,8.1678,3.1708,0.7564
56.281,raw,15,8.2318,3.0985,0.7668
56.281,raw,21,8.2805,3.0098,0.7736
56.281,raw,26,8.3344,2.9389,0.7817
56.281,raw,31,8.3586,2.8641,0.7839
56.281,raw,37,8.4392,2.7846,0.7962
56.281,raw,42,8.4808,2.7149,0.8013
56.281,raw,47,8.5450,2.6509,0.8106
56.281,raw,53,8.5967,2.5700,0.8167
56.281,raw,58,8.6528,2.5067,0.8241
56.281,raw,63,8.6793,2.4366,0.8256
56.281,raw,69,8.5119,2.2958,0.7882
56.281,raw,74,8.3086,2.1535,0.7439
56.281,raw,79,8.0789,1.9958,0.6938
56.281,raw,85,7.7792,1.7877,0.6281
56.281,raw,90,8.1030,3.2770,0.8814
56.281,raw,95,8.1521,3.2013,0.8883
56.281,raw,100,8.1960,3.1260,0.8941
56.281,raw,106,8.2532,3.0377,0.9015
56.281,raw,111,8.3102,2.9667,0.9091
56.281,raw,116,8.3579,2.8955,0.9150
56.281,raw,122,8.4223,2.8127,0.9231
56.281,raw,127,8.4828,2.7464,0.9308
56.281,raw,132,8.5177,2.6760,0.9341
56.281,raw,138,8.5684,2.5943,0.9393
56.281,raw,143,8.6268,2.5310,0.9462
56.281,raw,148,8.6634,2.4633,0.9493
56.281,raw,154,8.5925,2.3505,0.9332
56.281,raw,159,8.3862,2.2102,0.8943
56.281,raw,164,8.1826,2.0635,0.8553
56.281,raw,170,7.8900,1.8621,0.7995
56.281,raw,175,8.0802,3.3074,1.0128
56.281,raw,180,8.1226,3.2305,1.0177
56.281,raw,185,8.1899,3.1573,1.0261
56.281,raw,191,8.2344,3.0670,1.0307
56.281,raw,196,8.2972,2.9964,1.0381
56.281,raw,201,8.3493,2.9255,1.0438
56.281,raw,207,8.4038,2.8406,1.0493
56.281,raw,212,8.4365,2.7685,1.0520
56.281,raw,217,8.4955,2.7024,1.0583
56.281,raw,223,8.5552,2.6222,1.0641
56.281,raw,228,8.6066,2.5569,1.0690
56.281,raw,233,8.6529,2.4913,1.0731
56.281,raw,239,8.6648,2.4018,1.0715
56.281,raw,244,8.4641,2.2658,1.0393
56.281,raw,249,8.2619,2.1224,1.0064
56.281,raw,255,7.9678,1.9242,0.9588
56.281,raw,260,7.7209,1.7490,0.9182
56.281,raw,265,8.1138,3.2619,1.1500
56.281,raw,270,8.1757,3.1877,1.1563
56.281,raw,276,8.2310,3.0984,1.1615
56.281,raw,281,8.2852,3.0263,1.1667
56.281,raw,286,8.3332,2.9544,1.1710
56.281,raw,292,8.3862,2.8689,1.1755
56.281,raw,297,8.4259,2.7978,1.1785
56.281,raw,302,8.4811,2.7305,1.1834
56.281,raw,308,8.5284,2.6473,1.1868
56.281,raw,313,8.5917,2.5842,1.1923
56.281,raw,318,8.6341,2.5174,1.1953
56.281,raw,324,8.6777,2.4362,1.1978
56.281,raw,329,8.5470,2.3218,1.1796
56.281,raw,334,8.3365,2.1787,1.1515
56.281,raw,340,8.0847,1.9976,1.1173
56.281,raw,345,7.8246,1.8218,1.0822
56.281,raw,350,8.0773,3.3234,1.2795
56.281,raw,355,8.1335,3.2476,1.2841
56.281,raw,361,8.1705,3.1551,1.2866
56.281,raw,366,8.2340,3.0829,1.2916
56.281,raw,371,8.2959,3.0120,1.2964
56.281,raw,377,8.3462,2.9250,1.2998
56.281,raw,382,8.3801,2.8521,1.3018
56.281,raw,387,8.4505,2.7868,1.3072
56.281,raw,393,8.4975,2.7028,1.3099
56.281,raw,398,8.5557,2.6378,1.3139
56.281,raw,403,8.6084,2.5728,1.3173
56.281,raw,409,8.6515,2.4910,1.3194
56.281,raw,414,8.7016,2.4273,1.3224
56.281,raw,419,8.5199,2.2981,1.3029
56.281,raw,425,8.2763,2.1268,1.2768
56.281,raw,430,8.0463,1.9676,1.2521
56.281,raw,435,7.7691,1.7843,1.2224
56.281,raw,441,22.1375,14.3132,0.5492
56.281,raw,446,7.9966,3.3990,1.4069
56.281,raw,451,8.0626,3.3222,1.4110
56.281,raw,456,8.1087,3.2452,1.4137
56.281,raw,462,8.1895,3.1572,1.4186
56.281,raw,467,8.2374,3.0833,1.4213
56.281,raw,472,8.3050,3.0133,1.4253
56.281,raw,478,8.3604,2.9273,1.4282
56.281,raw,483,8.4096,2.8573,1.4307
56.281,raw,488,8.4440,2.7856,1.4322
56.281,raw,494,8.5019,2.7037,1.4350
56.281,raw,499,8.5409,2.6345,1.4366
56.281,raw,504,8.5910,2.5686,1.4390
56.281,raw,510,8.6613,2.4935,1.4424
56.281,raw,515,8.7080,2.4290,1.4444
56.281,raw,520,8.5146,2.2965,1.4291
56.281,raw,526,8.2765,2.1269,1.4100
56.281,raw,531,8.0550,1.9704,1.3922
56.281,raw,536,7.7999,1.7947,1.3717
56.281,raw,541,23.8017,15.4637,0.7331
56.281,raw,547,22.2032,14.2709,0.8671
56.281,raw,552,21.3594,13.7483,0.9315
56.281,raw,557,-13.9065,10.4731,0.5079
56.281,raw,563,-13.7493,9.9360,0.5205
56.281,raw,568,-13.3956,9.4492,0.5409
56.281,raw,573,-13.2774,9.0212,0.5500
56.281,raw,579,-13.1532,8.5183,0.5597
56.281,raw,584,-13.0540,8.1055,0.5673
56.281,raw,589,-12.7416,7.6661,0.5844
56.281,raw,595,-12.6163,7.1855,0.5931
56.281,raw,600,-12.5182,6.7906,0.5997
56.281,raw,605,-12.2448,6.3822,0.6141
56.281,raw,611,-12.0892,5.9184,0.6230
56.281,raw,616,-11.9949,5.5395,0.6286
56.281,raw,621,-11.7547,5.1561,0.6406
56.281,raw,626,-11.6504,4.7855,0.6461
56.281,raw,632,-11.5943,4.3470,0.6493
56.281,raw,637,-11.3835,3.9819,0.6592
56.281,raw,642,-11.3178,3.6221,0.6622
56.281,raw,648,-11.1317,3.1953,0.6704
56.281,raw,653,-11.0519,2.8413,0.6735
56.281,raw,658,-10.9159,2.4923,0.6790
56.281,raw,664,8.0345,3.3852,1.5424
56.281,raw,669,8.0908,3.3083,1.5447
56.281,raw,674,8.1517,3.2333,1.5471
56.281,raw,680,8.2017,3.1427,1.5490
56.281,raw,685,8.2398,3.0677,1.5503
56.281,raw,690,8.2998,2.9967,1.5525
56.281,raw,696,8.3597,2.9115,1.5546
56.281,raw,701,8.4134,2.8423,1.5565
56.281,raw,706,8.4535,2.7718,1.5577
56.281,raw,711,8.4755,2.6982,1.5580
56.281,raw,717,8.5631,2.6240,1.5612
56.281,raw,722,8.6016,2.5557,1.5622
56.281,raw,727,8.6292,2.4853,1.5627
56.281,raw,733,8.6500,2.3978,1.5626
56.281,raw,738,8.4700,2.2675,1.5531
56.281,raw,743,8.2694,2.1247,1.5425
56.281,raw,749,7.9932,1.9325,1.5279
56.281,raw,754,7.7324,1.7529,1.5140
56.281,raw,759,-8.5317,-4.1427,0.7267
56.281,raw,765,-8.3485,-4.5083,0.7288
56.281,raw,770,-8.3597,-4.8761,0.7223
56.281,raw,775,-8.2158,-5.1849,0.7231
56.281,raw,781,-8.0269,-5.5478,0.7247
56.281,raw,786,-7.8908,-5.8589,0.7247
56.281,raw,791,-7.7325,-6.1597,0.7255
56.281,raw,797,-6.2565,-5.8960,0.7914
56.281,raw,802,-5.8848,-6.0655,0.8031
56.281,raw,807,-7.3822,-7.2009,0.7189
56.281,raw,812,-7.1910,-7.4856,0.7205
56.281,raw,818,-6.9914,-7.8427,0.7206
56.281,raw,823,-6.8073,-8.1298,0.7214
56.281,raw,828,-6.6490,-8.4320,0.7206
56.281,raw,834,-6.4246,-8.7740,0.7212
56.281,raw,839,-6.2493,-9.0662,0.7208
56.281,raw,844,-6.0922,-9.3709,0.7192
56.281,raw,850,-6.0132,-9.8140,0.7109
56.281,raw,855,-5.8583,-10.1258,0.7085
56.281,raw,860,-5.7498,-10.4736,0.7032
56.281,raw,866,-5.6431,-10.9145,0.6951
56.281,raw,871,-5.5212,-11.2621,0.6898
56.281,raw,876,-5.4064,-11.6199,0.6838
56.281,raw,882,-5.3028,-12.0844,0.6740
56.281,raw,887,-5.1878,-12.4544,0.6671
56.281,raw,892,-5.0764,-12.8336,0.6596
56.281,raw,897,-4.9629,-13.2174,0.6518
56.281,raw,903,-4.8366,-13.6963,0.6412
56.281,raw,908,-4.7178,-14.0910,0.6326
56.281,raw,913,-4.5939,-14.4883,0.6240
56.281,raw,919,-4.4610,-14.9920,0.6119
56.281,raw,924,-4.4533,-15.5317,0.5943
56.281,raw,929,-4.4389,-16.0807,0.5764
56.281,raw,935,-4.4531,-16.7980,0.5517
56.281,raw,940,-4.4464,-17.3962,0.5313
56.281,raw,945,-4.4775,-18.0602,0.5073
56.281,raw,951,-19.2941,15.9291,1.0245
56.281,raw,956,-19.0849,15.3200,1.0334
56.281,raw,961,-18.7987,14.6971,1.0438
56.281,raw,967,-18.4979,13.9818,1.0550
56.281,raw,972,-18.2580,13.4028,1.0639
56.281,raw,977,-18.0194,12.8360,1.0724
56.281,raw,982,-17.8147,12.2899,1.0800
56.281,raw,988,-17.5499,11.6430,1.0893
56.281,raw,993,-17.3027,11.1089,1.0974
56.281,raw,998,-13.4790,9.7934,1.1861
56.281,raw,1004,-13.8102,9.3712,1.1809
56.281,raw,1009,-16.3528,9.4403,1.1255
56.281,raw,1014,-16.1574,8.9606,1.1317
56.281,raw,1020,-15.9230,8.3954,1.1388
56.281,raw,1025,-15.7446,7.9354,1.1442
56.281,raw,1030,-15.5832,7.4844,1.1490
56.281,raw,1036,-15.1379,6.9241,1.1603
56.281,raw,1041,-15.0017,6.4927,1.1642
56.281,raw,1046,-14.8711,6.0669,1.1679
56.281,raw,1052,-14.7693,5.5655,1.1709
56.281,raw,1057,-14.6881,5.1515,1.1732
56.281,raw,1062,-14.6069,4.7403,1.1754
56.281,raw,1067,-14.2786,4.3270,1.1829
56.281,raw,1073,-14.1815,3.8445,1.1851
56.281,raw,1078,-14.0960,3.4451,1.1870
56.281,raw,1083,-14.0281,3.0475,1.1883
56.281,raw,1089,-13.9072,2.5743,1.1906
56.281,raw,1094,-13.7438,2.1863,1.1938
56.281,raw,1099,8.0294,3.3685,1.6750
56.281,raw,1105,8.1063,3.2773,1.6765
56.281,raw,1110,8.1356,3.1995,1.6770
56.281,raw,1115,8.2042,3.1270,1.6783
56.281,raw,1121,8.2703,3.0400,1.6795
56.281,raw,1126,8.3352,2.9705,1.6807
56.281,raw,1131,8.3699,2.8975,1.6812
56.281,raw,1137,8.4205,2.8124,1.6820
56.281,raw,1142,8.4881,2.7474,1.6832
56.281,raw,1147,8.5174,2.6759,1.6835
56.281,raw,1152,8.5512,2.6058,1.6839
56.281,raw,1158,8.6208,2.5295,1.6850
56.281,raw,1163,8.6633,2.4632,1.6855
56.281,raw,1168,8.6318,2.3771,1.6844
56.281,raw,1174,8.4037,2.2153,1.6786
56.281,raw,1179,8.1820,2.0633,1.6729
56.281,raw,1184,7.9408,1.8972,1.6667
56.281,raw,1190,-11.3087,-4.8909,1.2163
56.281,raw,1195,-11.1688,-5.2445,1.2166
56.281,raw,1200,-11.0103,-5.5907,1.2172
56.281,raw,1206,-10.7772,-5.9880,1.2188
56.281,raw,1211,-10.5996,-6.3241,1.2197
56.281,raw,1216,-10.4361,-6.6651,1.2200
56.281,raw,1222,-10.2016,-7.0563,1.2213
56.281,raw,1227,-10.0146,-7.3849,1.2220
56.281,raw,1232,-6.0689,-5.8752,1.3149
56.281,raw,1238,-5.8163,-6.1719,1.3170
56.281,raw,1243,-9.6390,-8.5483,1.2179
56.281,raw,1248,-9.4352,-8.8689,1.2185
56.281,raw,1253,-9.2610,-9.2054,1.2183
56.281,raw,1259,-9.0406,-9.6032,1.2181
56.281,raw,1264,-8.8651,-9.9400,1.2176
56.281,raw,1269,-8.6644,-10.2618,1.2176
56.281,raw,1275,-8.4468,-10.6632,1.2169
56.281,raw,1280,-8.2639,-10.9978,1.2162
56.281,raw,1285,-8.0763,-11.3304,1.2155
56.281,raw,1291,-7.8666,-11.7423,1.2140
56.281,raw,1296,-7.6531,-12.0590,1.2137
56.281,raw,1301,-7.4813,-12.4083,1.2121
56.281,raw,1307,-7.2511,-12.8122,1.2106
56.281,raw,1312,-7.1532,-13.2277,1.2065
56.281,raw,1317,-7.0355,-13.6336,1.2028
56.281,raw,1323,-8.5685,-15.5866,1.1491
56.281,raw,1328,-9.2803,-16.7934,1.1197
56.281,raw,1333,-9.1481,-17.2741,1.1147
56.281,raw,1338,-9.0273,-17.7747,1.1091
56.281,raw,1344,-8.8855,-18.3923,1.1019
56.281,raw,1349,-8.7832,-18.9354,1.0950
56.281,raw,1354,-8.6472,-19.4564,1.0889
56.281,raw,1360,-8.4704,-20.0827,1.0815
56.281,raw,1365,-8.2998,-20.5922,1.0758
56.281,raw,1370,-8.1565,-21.1442,1.0688
56.281,raw,1376,-7.9341,-21.7661,1.0616
56.281,raw,1381,-7.7771,-22.3324,1.0542
56.281,raw,1386,-7.5880,-22.8740,1.0475
56.281,raw,1392,-7.3704,-23.5553,1.0386
56.281,raw,1397,-7.1890,-24.1406,1.0308
56.281,raw,1402,8.0447,3.3371,1.8077
56.281,raw,1408,8.1090,3.2453,1.8076
56.281,raw,1413,8.1720,3.1713,1.8075
56.281,raw,1418,8.2193,3.0969,1.8075
56.281,raw,1423,8.2667,3.0237,1.8074
56.281,raw,1429,8.3334,2.9387,1.8073
56.281,raw,1434,8.3879,2.8692,1.8073
56.281,raw,1439,8.4401,2.8004,1.8072
56.281,raw,1445,8.4881,2.7164,1.8072
56.281,raw,1450,8.5340,2.6485,1.8071
56.281,raw,1455,8.5861,2.5829,1.8071
56.281,raw,1461,8.6686,2.5107,1.8070
56.281,raw,1466,8.6869,2.4387,1.8070
56.281,raw,1471,8.5606,2.3256,1.8072
56.281,raw,1477,8.3101,2.1540,1.8076
56.281,raw,1482,8.0975,2.0017,1.8079
56.281,raw,1487,7.8463,1.8290,1.8083
56.281,raw,1493,8.0338,3.3852,1.9403
56.281,raw,1498,8.0663,3.3063,1.9396
56.281,raw,1503,8.1465,3.2328,1.9378
56.281,raw,1508,8.1808,3.1563,1.9371
56.281,raw,1514,8.2311,3.0666,1.9362
56.281,raw,1519,8.2881,2.9950,1.9350
56.281,raw,1524,8.3549,2.9264,1.9336
56.281,raw,1530,8.4021,2.8403,1.9328
56.281,raw,1535,8.4593,2.7729,1.9318
56.281,raw,1540,8.5016,2.7036,1.9311
56.281,raw,1546,8.5357,2.6178,1.9307
56.281,raw,1551,8.5981,2.5549,1.9295
56.281,raw,1556,8.6426,2.4887,1.9289
56.281,raw,1562,8.6598,2.4004,1.9290
56.281,raw,1567,8.4825,2.2711,1.9341
56.281,raw,1572,8.2858,2.1297,1.9398
56.281,raw,1578,7.9966,1.9336,1.9481
56.281,raw,1583,7.7340,1.7535,1.9557
56.281,raw,1588,-20.4195,-1.5748,3.4648
57.304,raw,0,8.1776,3.2518,0.6987
57.304,raw,6,8.2159,3.1531,0.7049
57.304,raw,12,8.2785,3.0577,0.7153
57.304,raw,18,8.3336,2.9633,0.7240
57.304,raw,24,8.4244,2.8747,0.7392
57.304,raw,31,8.4795,2.7679,0.7469
57.304,raw,37,8.5180,2.6762,0.7515
57.304,raw,43,8.5890,2.5910,0.7621
57.304,raw,49,8.6299,2.5020,0.7667
57.304,raw,55,8.4122,2.3596,0.7212
57.304,raw,62,8.1526,2.1813,0.6663
57.304,raw,68,7.9255,2.0176,0.6175
57.304,raw,74,8.1474,3.2503,0.8351
57.304,raw,80,8.2125,3.1529,0.8448
57.304,raw,86,8.2880,3.0584,0.8561
57.304,raw,93,8.3410,2.9475,0.8630
57.304,raw,99,8.4241,2.8584,0.8749
57.304,raw,105,8.4855,2.7687,0.8830
57.304,raw,111,8.5401,2.6797,0.8897
57.304,raw,118,8.5930,2.5756,0.8955
57.304,raw,124,8.6030,2.4807,0.8943
57.304,raw,130,8.4198,2.3444,0.8604
57.304,raw,136,8.1574,2.1824,0.8126
57.304,raw,142,7.9243,2.0173,0.7691
57.304,raw,149,8.1786,3.2350,0.9803
57.304,raw,155,8.2324,3.1375,0.9870
57.304,raw,161,8.2843,3.0415,0.9932
57.304,raw,167,8.3674,2.9503,1.0036
57.304,raw,173,8.4245,2.8584,1.0101
57.304,raw,180,8.4869,2.7527,1.0169
57.304,raw,186,8.5563,2.6661,1.0247
57.304,raw,192,8.5869,2.5746,1.0268
57.304,raw,198,8.6042,2.4809,1.0268
57.304,raw,205,8.3631,2.3153,0.9890
57.304,raw,211,8.1311,2.1585,0.9525
57.304,raw,217,7.8954,1.9914,0.9149
57.304,raw,223,8.1528,3.2336,1.1166
57.304,raw,229,8.2415,3.1381,1.1262
57.304,raw,236,8.3007,3.0264,1.1321
57.304,raw,242,8.3683,2.9339,1.1389
57.304,raw,248,8.4324,2.8431,1.1451
57.304,raw,254,8.4779,2.7514,1.1489
57.304,raw,260,8.5322,2.6622,1.1536
57.304,raw,267,8.6167,2.5638,1.1614
57.304,raw,273,8.5446,2.4530,1.1507
57.304,raw,279,8.3767,2.3182,1.1284
57.304,raw,285,8.1238,2.1568,1.0956
57.304,raw,292,7.8393,1.9583,1.0580
57.304,raw,298,8.1374,3.2668,1.2545
57.304,raw,304,8.2136,3.1698,1.2611
57.304,raw,310,8.2828,3.0746,1.2668
57.304,raw,316,8.3096,2.9775,1.2685
57.304,raw,323,8.4190,2.8741,1.2775
57.304,raw,329,8.4550,2.7808,1.2798
57.304,raw,335,8.5136,2.6917,1.2839
57.304,raw,341,8.5773,2.6051,1.2885
57.304,raw,347,8.6477,2.5214,1.2935
57.304,raw,354,8.4269,2.3627,1.2706
57.304,raw,360,8.1925,2.2081,1.2464
57.304,raw,366,7.9902,2.0521,1.2248
57.304,raw,372,7.7340,1.8736,1.1977
57.304,raw,379,21.4631,13.5958,0.6416
57.304,raw,385,7.9895,3.4856,1.3836
57.304,raw,391,8.0595,3.3833,1.3883
57.304,raw,397,8.1243,3.2831,1.3926
57.304,raw,403,8.1828,3.1847,1.3962
57.304,raw,410,8.2726,3.0738,1.4019
57.304,raw,416,8.3309,2.9795,1.4053
57.304,raw,422,8.3810,2.8860,1.4081
57.304,raw,428,8.4696,2.7990,1.4134
57.304,raw,434,8.5080,2.7071,1.4151
57.304,raw,441,8.5911,2.6075,1.4197
57.304,raw,447,8.6426,2.5205,1.4221
57.304,raw,453,8.4578,2.3858,1.4078
57.304,raw,459,8.2427,2.2370,1.3911
57.304,raw,466,7.9713,2.0475,1.3699
57.304,raw,472,7.7237,1.8708,1.3503
57.304,raw,478,23.1149,14.7810,0.8021
57.304,raw,484,22.2205,14.2931,0.8667
57.304,raw,490,-13.2089,11.5920,0.5074
57.304,raw,497,-13.0853,10.9657,0.5207
57.304,raw,503,-12.9414,10.4286,0.5333
57.304,raw,509,-12.6404,9.8639,0.5527
57.304,raw,515,-12.5214,9.3540,0.5632
57.304,raw,521,-12.4133,8.8542,0.5726
57.304,raw,528,-12.1047,8.2473,0.5916
57.304,raw,534,-11.9708,7.7617,0.6014
57.304,raw,540,-11.8531,7.2858,0.6099
57.304,raw,546,-11.5958,6.7985,0.6245
57.304,raw,552,-11.4762,6.3373,0.6324
57.304,raw,559,-11.1863,5.7932,0.6480
57.304,raw,565,-11.0801,5.3479,0.6545
57.304,raw,571,-10.9974,4.9087,0.6595
57.304,raw,577,-10.7320,4.4663,0.6725
57.304,raw,584,-10.5364,3.9644,0.6820
57.304,raw,590,-10.4863,3.5408,0.6845
57.304,raw,596,8.0233,3.4342,1.5269
57.304,raw,602,8.0900,3.3329,1.5298
57.304,raw,608,8.1406,3.2330,1.5319
57.304,raw,615,8.2332,3.1208,1.5358
57.304,raw,621,8.2928,3.0257,1.5382
57.304,raw,627,8.3618,2.9332,1.5409
57.304,raw,633,8.4330,2.8431,1.5436
57.304,raw,639,8.4780,2.7514,1.5451
57.304,raw,646,8.5577,2.6502,1.5480
57.304,raw,652,8.6038,2.5615,1.5494
57.304,raw,658,8.5593,2.4559,1.5465
57.304,raw,664,8.3745,2.3177,1.5370
57.304,raw,671,8.1013,2.1335,1.5230
57.304,raw,677,7.8692,1.9660,1.5109
57.304,raw,683,-8.3631,-2.5902,0.7436
57.304,raw,689,-8.3240,-2.9958,0.7403
57.304,raw,695,-8.1452,-3.3606,0.7433
57.304,raw,702,-7.9532,-3.7890,0.7456
57.304,raw,708,-7.9461,-4.2101,0.7397
57.304,raw,714,-7.7872,-4.5796,0.7408
57.304,raw,720,-7.6016,-4.9379,0.7429
57.304,raw,726,-7.4595,-5.3125,0.7425
57.304,raw,733,-7.2628,-5.7367,0.7432
57.304,raw,739,-6.1945,-5.6893,0.7885
57.304,raw,745,-5.9969,-6.0196,0.7903
57.304,raw,751,-6.9072,-6.9011,0.7355
57.304,raw,758,-6.6757,-7.3110,0.7364
57.304,raw,764,-6.4888,-7.6681,0.7362
57.304,raw,770,-6.2796,-8.0128,0.7369
57.304,raw,776,-6.0892,-8.3682,0.7362
57.304,raw,782,-5.8733,-8.7085,0.7367
57.304,raw,789,-5.8272,-9.2378,0.7256
57.304,raw,795,-5.6758,-9.6262,0.7217
57.304,raw,801,-5.5618,-10.0443,0.7152
57.304,raw,807,-5.4694,-10.4841,0.7071
57.304,raw,813,-5.3455,-10.9083,0.7003
57.304,raw,820,-5.1939,-11.4061,0.6920
57.304,raw,826,-5.0962,-11.8665,0.6825
57.304,raw,832,-4.9725,-12.3147,0.6739
57.304,raw,838,-4.8445,-12.7680,0.6650
57.304,raw,845,-4.7035,-13.3160,0.6533
57.304,raw,851,-4.5748,-13.7899,0.6431
57.304,raw,857,-4.4339,-14.2629,0.6329
57.304,raw,863,-4.3146,-14.7686,0.6207
57.304,raw,869,-4.2717,-15.3667,0.6027
57.304,raw,876,-4.2850,-16.1585,0.5761
57.304,raw,882,-4.3007,-16.8700,0.5517
57.304,raw,888,-4.3377,-17.6345,0.5245
57.304,raw,894,-18.6598,17.6767,1.0141
57.304,raw,900,-18.3880,16.9004,1.0263
57.304,raw,907,-18.0875,16.0267,1.0397
57.304,raw,913,-17.7759,15.2782,1.0519
57.304,raw,919,-17.4840,14.5568,1.0634
57.304,raw,925,-17.2577,13.8758,1.0730
57.304,raw,932,-16.9213,13.0784,1.0854
57.304,raw,938,-16.6662,12.4232,1.0949
57.304,raw,944,-16.4481,11.7932,1.1033
57.304,raw,950,-15.9500,11.1059,1.1178
57.304,raw,956,-13.4644,9.9760,1.1770
57.304,raw,963,-15.5066,9.8305,1.1337
57.304,raw,969,-15.3094,9.2615,1.1405
57.304,raw,975,-15.1057,8.7020,1.1472
57.304,raw,981,-14.9077,8.1538,1.1535
57.304,raw,987,-14.4976,7.5853,1.1643
57.304,raw,994,-14.2890,6.9761,1.1706
57.304,raw,1000,-14.1117,6.4632,1.1758
57.304,raw,1006,-13.9958,5.9635,1.1794
57.304,raw,1012,-13.8748,5.4689,1.1829
57.304,raw,1018,-13.5502,4.9692,1.1907
57.304,raw,1025,-13.4050,4.4088,1.1944
57.304,raw,1031,-13.3128,3.9341,1.1967
57.304,raw,1037,-13.2161,3.4629,1.1989
57.304,raw,1043,8.0305,3.4171,1.6677
57.304,raw,1050,8.1173,3.2998,1.6696
57.304,raw,1056,8.1713,3.2009,1.6707
57.304,raw,1062,8.2443,3.1049,1.6721
57.304,raw,1068,8.3046,3.0101,1.6733
57.304,raw,1074,8.3729,2.9180,1.6746
57.304,raw,1081,8.4363,2.8109,1.6757
57.304,raw,1087,8.5208,2.7252,1.6773
57.304,raw,1093,8.5689,2.6359,1.6780
57.304,raw,1099,8.6193,2.5482,1.6788
57.304,raw,1105,8.5416,2.4360,1.6766
57.304,raw,1112,8.3021,2.2677,1.6707
57.304,raw,1118,8.0661,2.1071,1.6648
57.304,raw,1124,7.8096,1.9317,1.6584
57.304,raw,1130,-10.9165,-3.3662,1.2289
57.304,raw,1137,-10.9330,-3.9144,1.2252
57.304,raw,1143,-10.7723,-4.3347,1.2259
57.304,raw,1149,-10.5984,-4.7495,1.2267
57.304,raw,1155,-10.4282,-5.1644,1.2273
57.304,raw,1161,-10.2675,-5.5822,1.2274
57.304,raw,1168,-10.0293,-6.0492,1.2286
57.304,raw,1174,-9.8253,-6.4478,1.2295
57.304,raw,1180,-9.5963,-6.8342,1.2307
57.304,raw,1186,-6.0669,-5.7009,1.3120
57.304,raw,1192,-5.9865,-6.0854,1.3100
57.304,raw,1199,-9.1485,-8.1856,1.2269
57.304,raw,1205,-8.9478,-8.5860,1.2268
57.304,raw,1211,-8.7296,-8.9772,1.2270
57.304,raw,1217,-8.5233,-9.3751,1.2266
57.304,raw,1224,-8.2827,-9.8403,1.2260
57.304,raw,1230,-8.0682,-10.2351,1.2255
57.304,raw,1236,-7.8650,-10.6383,1.2245
57.304,raw,1242,-7.6524,-11.0373,1.2236
57.304,raw,1248,-7.4491,-11.4446,1.2222
57.304,raw,1255,-7.2092,-11.9215,1.2204
57.304,raw,1261,-7.0674,-12.3819,1.2169
57.304,raw,1267,-6.9509,-12.8693,1.2124
57.304,raw,1273,-6.8471,-13.3762,1.2072
57.304,raw,1279,-6.8235,-13.9613,1.1994
57.304,raw,1286,-6.8949,-14.7510,1.1868
57.304,raw,1292,-8.8412,-17.1590,1.1194
57.304,raw,1298,-8.7304,-17.7839,1.1119
57.304,raw,1304,-8.5981,-18.4047,1.1045
57.304,raw,1311,-8.4363,-19.1423,1.0956
57.304,raw,1317,-8.3170,-19.8138,1.0869
57.304,raw,1323,-8.1363,-20.4394,1.0795
57.304,raw,1329,-7.9540,-21.0806,1.0718
57.304,raw,1335,-7.7867,-21.7580,1.0630
57.304,raw,1342,-7.5902,-22.5743,1.0520
57.304,raw,1348,-7.3519,-23.2125,1.0444
57.304,raw,1354,-7.0990,-23.8514,1.0367
57.304,raw,1360,-6.6280,-24.2175,1.0366
57.304,raw,1366,-6.1495,-24.5740,1.0365
57.304,raw,1373,-5.5895,-24.9882,1.0361
57.304,raw,1379,-5.1100,-25.3452,1.0355
57.304,raw,1385,-4.6292,-25.7025,1.0346
57.304,raw,1391,-4.1393,-26.0475,1.0339
57.304,raw,1398,-13.7396,10.1247,1.8387
57.304,raw,1404,-20.8127,10.2318,1.8481
57.304,raw,1410,-20.5169,9.5592,1.8475
57.304,raw,1416,-20.2490,8.9052,1.8470
57.304,raw,1422,-19.9450,8.2590,1.8465
57.304,raw,1429,-19.6249,7.5262,1.8459
57.304,raw,1435,-19.3805,6.9142,1.8455
57.304,raw,1441,-19.1219,6.3115,1.8451
57.304,raw,1447,-18.9397,5.7246,1.8448
57.304,raw,1453,-18.7227,5.1435,1.8444
57.304,raw,1460,-18.4908,4.4769,1.8441
57.304,raw,1466,-18.2917,3.9136,1.8438
57.304,raw,1472,-18.0990,3.3574,1.8435
57.304,raw,1478,8.0506,3.4003,1.8081
57.304,raw,1484,8.1185,3.2999,1.8080
57.304,raw,1491,8.1859,3.1849,1.8079
57.304,raw,1497,8.2381,3.0878,1.8079
57.304,raw,1503,8.3201,2.9950,1.8078
57.304,raw,1509,8.3738,2.9017,1.8077
57.304,raw,1516,8.4557,2.7972,1.8076
57.304,raw,1522,8.5459,2.7128,1.8075
57.304,raw,1528,8.5674,2.6195,1.8075
57.304,raw,1534,8.6368,2.5354,1.8074
57.304,raw,1540,8.5010,2.4113,1.8076
57.304,raw,1547,8.2502,2.2387,1.8080
57.304,raw,1553,8.0190,2.0775,1.8084
57.304,raw,1559,7.7841,1.9060,1.8087
57.304,raw,1565,-15.4666,-4.7169,1.8415
57.304,raw,1571,-15.2967,-5.2173,1.8415
57.304,raw,1578,-15.0900,-5.7975,1.8414
57.304,raw,1584,-14.9522,-6.3075,1.8415
57.304,raw,1590,-13.7232,-6.4269,1.8399
57.304,raw,1596,-13.4653,-6.8729,1.8398
57.304,raw,1603,-14.4188,-7.8934,1.8415
57.304,raw,1609,-14.2481,-8.3951,1.8416
57.304,raw,1615,-14.0883,-8.9030,1.8416
57.304,raw,1621,-13.9232,-9.4108,1.8417
57.304,raw,1627,-13.7632,-9.9235,1.8418
57.304,raw,1634,-13.5569,-10.5155,1.8419
57.304,raw,1640,-13.4111,-11.0425,1.8421
57.304,raw,1646,-13.2881,-11.5868,1.8423
57.304,raw,1652,-13.1740,-12.1424,1.8425
57.304,raw,1658,-13.2920,-12.8444,1.8432
57.304,raw,1665,-13.1490,-13.5111,1.8435
57.304,raw,1671,8.0086,3.4685,1.9490
57.304,raw,1677,8.0676,3.3664,1.9476
57.304,raw,1683,8.1365,3.2667,1.9460
57.304,raw,1690,8.2114,3.1528,1.9443
57.304,raw,1696,8.2647,3.0565,1.9432
57.304,raw,1702,8.3333,2.9633,1.9417
57.304,raw,1708,8.4105,2.8731,1.9400
57.304,raw,1714,8.4843,2.7848,1.9385
57.304,raw,1721,8.5570,2.6823,1.9371
57.304,raw,1727,8.5964,2.5923,1.9365
57.304,raw,1733,8.6559,2.5070,1.9354
57.304,raw,1739,8.4492,2.3674,1.9411
57.304,raw,1745,8.2064,2.2113,1.9478
57.304,raw,1752,7.9553,2.0250,1.9549
57.304,raw,1758,7.6978,1.8445,1.9622
57.304,raw,1764,-17.4855,-5.7722,2.6141
57.304,raw,1770,-13.5566,-6.4567,2.5269
57.304,raw,1777,8.0593,3.4005,2.0877
57.304,raw,1783,8.1080,3.2995,2.0855
57.304,raw,1789,8.1829,3.2015,2.0821
57.304,raw,1795,8.2419,3.1048,2.0796
57.304,raw,1801,8.3051,3.0102,2.0769
57.304,raw,1808,8.3869,2.9031,2.0735
57.304,raw,1814,8.4529,2.8131,2.0709
57.304,raw,1820,8.5113,2.7238,2.0687
57.304,raw,1826,8.5826,2.6382,2.0659
57.304,raw,1832,8.6393,2.5519,2.0640
57.304,raw,1839,8.5282,2.4169,2.0705
57.304,raw,1845,8.2891,2.2648,2.0833
57.304,raw,1851,8.0764,2.1096,2.0949
57.304,raw,1857,7.8413,1.9399,2.1079
58.746,raw,0,8.3503,2.8834,0.6350
58.746,raw,5,8.4001,2.7967,0.6438
58.746,raw,11,8.4806,2.6957,0.6578
58.746,raw,16,8.5427,2.6132,0.6683
58.746,raw,22,8.5813,2.5127,0.6739
58.746,raw,27,8.4529,2.4119,0.6479
58.746,raw,33,8.2673,2.2815,0.6103
58.746,raw,38,8.0964,2.1652,0.5755
58.746,raw,44,7.8899,2.0182,0.5329
58.746,raw,50,8.3572,2.8658,0.7856
58.746,raw,55,8.4167,2.7799,0.7947
58.746,raw,61,8.4891,2.6788,0.8056
58.746,raw,66,8.5484,2.5963,0.8143
58.746,raw,72,8.5813,2.4954,0.8181
58.746,raw,77,8.4417,2.3929,0.7936
58.746,raw,83,8.2534,2.2613,0.7603
58.746,raw,89,8.0472,2.1200,0.7236
58.746,raw,94,7.8730,1.9958,0.6922
58.746,raw,100,8.3447,2.8832,0.9321
58.746,raw,105,8.4121,2.7973,0.9410
58.746,raw,111,8.4758,2.6954,0.9491
58.746,raw,116,8.5185,2.6112,0.9543
58.746,raw,122,8.5917,2.5137,0.9633
58.746,raw,127,8.4514,2.4117,0.9423
58.746,raw,133,8.2621,2.2808,0.9137
58.746,raw,139,8.0689,2.1423,0.8843
58.746,raw,144,7.8699,2.0150,0.8540
58.746,raw,150,7.6584,1.8588,0.8211
58.746,raw,155,8.4023,2.8145,1.0860
58.746,raw,161,8.4758,2.7129,1.0939
58.746,raw,166,8.5185,2.6287,1.0982
58.746,raw,172,8.5864,2.5305,1.1051
58.746,raw,178,8.4591,2.4126,1.0889
58.746,raw,183,8.2967,2.3035,1.0687
58.746,raw,189,8.0876,2.1639,1.0424
58.746,raw,194,7.9203,2.0426,1.0211
58.746,raw,200,7.6972,1.8861,0.9925
58.746,raw,205,8.3547,2.8657,1.2272
58.746,raw,211,8.4200,2.7624,1.2328
58.746,raw,216,8.4954,2.6793,1.2393
58.746,raw,222,8.5542,2.5795,1.2440
58.746,raw,228,8.5377,2.4737,1.2416
58.746,raw,233,8.3769,2.3675,1.2257
58.746,raw,239,8.1831,2.2335,1.2063
58.746,raw,244,8.0204,2.1160,1.1899
58.746,raw,250,7.8024,1.9644,1.1678
58.746,raw,255,22.1966,14.2048,0.5502
58.746,raw,261,21.3496,13.6769,0.6344
58.746,raw,267,8.0634,3.2834,1.3530
58.746,raw,272,8.1325,3.1892,1.3579
58.746,raw,278,8.2119,3.0789,1.3634
58.746,raw,283,8.2630,2.9888,1.3669
58.746,raw,289,8.3479,2.8833,1.3726
58.746,raw,294,8.4136,2.7973,1.3769
58.746,raw,300,8.4724,2.6952,1.3805
58.746,raw,305,8.5382,2.6128,1.3847
58.746,raw,311,8.5978,2.5143,1.3882
58.746,raw,317,8.4130,2.3896,1.3746
58.746,raw,322,8.2503,2.2793,1.3625
58.746,raw,328,8.0377,2.1377,1.3466
58.746,raw,333,7.8841,2.0173,1.3349
58.746,raw,339,7.6488,1.8571,1.3170
58.746,raw,344,23.0130,14.8037,0.8022
58.746,raw,350,22.1428,14.3330,0.8632
58.746,raw,356,-13.4373,8.2453,0.5053
58.746,raw,361,-13.3247,7.8116,0.5138
58.746,raw,367,-12.9533,7.2623,0.5344
58.746,raw,372,-12.8117,6.8396,0.5435
58.746,raw,378,-12.6727,6.3435,0.5527
58.746,raw,383,-12.3515,5.9137,0.5694
58.746,raw,389,-12.2045,5.4328,0.5782
58.746,raw,394,-12.0736,5.0364,0.5855
58.746,raw,400,7.9490,3.4576,1.4996
58.746,raw,406,8.0258,3.3407,1.5034
58.746,raw,411,8.0834,3.2456,1.5061
58.746,raw,417,8.1729,3.1337,1.5103
58.746,raw,422,8.2167,3.0425,1.5123
58.746,raw,428,8.3072,2.9357,1.5163
58.746,raw,433,8.3709,2.8486,1.5191
58.746,raw,439,8.4297,2.7453,1.5216
58.746,raw,445,8.5107,2.6455,1.5249
58.746,raw,450,8.5759,2.5640,1.5276
58.746,raw,456,8.4930,2.4515,1.5233
58.746,raw,461,8.3422,2.3454,1.5160
58.746,raw,467,8.1636,2.2122,1.5071
58.746,raw,472,7.9872,2.0918,1.4984
58.746,raw,478,7.7547,1.9363,1.4868
58.746,raw,484,-9.3371,-1.3948,0.6943
58.746,raw,489,-9.3232,-1.7482,0.6919
58.746,raw,495,-9.0935,-2.1274,0.6985
58.746,raw,500,-8.9188,-2.4436,0.7031
58.746,raw,506,-8.6950,-2.8155,0.7089
58.746,raw,511,-8.6967,-3.1728,0.7047
58.746,raw,517,-8.4713,-3.5397,0.7101
58.746,raw,522,-8.3022,-3.8480,0.7135
58.746,raw,528,-8.1002,-4.2153,0.7173
58.746,raw,534,-8.0827,-4.6429,0.7119
58.746,raw,539,-7.9011,-4.9428,0.7152
58.746,raw,545,-7.6971,-5.3051,0.7183
58.746,raw,550,-7.5457,-5.6125,0.7196
58.746,raw,556,-7.3323,-5.9672,0.7226
58.746,raw,561,-6.0955,-5.8045,0.7773
58.746,raw,567,-6.0576,-6.2125,0.7714
58.746,raw,573,-6.8773,-7.0309,0.7219
58.746,raw,578,-6.7159,-7.3309,0.7226
58.746,raw,584,-6.4714,-7.6643,0.7258
58.746,raw,589,-6.2827,-7.9482,0.7274
58.746,raw,595,-6.0479,-8.2827,0.7296
58.746,raw,600,-5.8419,-8.5542,0.7317
58.746,raw,606,-5.6060,-8.8849,0.7334
58.746,raw,611,-5.6241,-9.2912,0.7231
58.746,raw,617,-5.4985,-9.6951,0.7182
58.746,raw,623,-5.3516,-10.0894,0.7140
58.746,raw,628,-5.2545,-10.4383,0.7088
58.746,raw,634,-5.1024,-10.8373,0.7041
58.746,raw,639,-4.9945,-11.1870,0.6988
58.746,raw,645,-4.8488,-11.6000,0.6929
58.746,raw,650,-4.7332,-11.9533,0.6873
58.746,raw,656,-4.5851,-12.3757,0.6806
58.746,raw,662,-4.4443,-12.8110,0.6730
58.746,raw,667,-4.3235,-13.1767,0.6664
58.746,raw,673,-4.1740,-13.6191,0.6582
58.746,raw,678,-4.0688,-14.0120,0.6497
58.746,raw,684,-3.8885,-14.4420,0.6424
58.746,raw,689,-3.7746,-14.8420,0.6335
58.746,raw,695,-3.6238,-15.3185,0.6230
58.746,raw,700,-3.5490,-15.7775,0.6104
58.746,raw,706,-3.5343,-16.4249,0.5894
58.746,raw,712,-3.5045,-17.0795,0.5683
58.746,raw,717,-3.4621,-17.6236,0.5510
58.746,raw,723,-3.4360,-18.3287,0.5274
58.746,raw,728,-3.4164,-18.9406,0.5065
58.746,raw,734,-19.3217,12.7200,1.0232
58.746,raw,739,-18.6479,12.0149,1.0416
58.746,raw,745,-13.6180,10.1438,1.1595
58.746,raw,751,-13.6294,9.6326,1.1619
58.746,raw,756,-17.7651,10.1055,1.0705
58.746,raw,762,-17.5343,9.4783,1.0783
58.746,raw,767,-17.3164,8.9602,1.0852
58.746,raw,773,-17.1098,8.3596,1.0920
58.746,raw,778,-16.4722,7.7964,1.1078
58.746,raw,784,-16.2788,7.2247,1.1138
58.746,raw,789,-16.1020,6.7536,1.1190
58.746,raw,795,-15.8978,6.1978,1.1249
58.746,raw,801,-15.6844,5.6502,1.1307
58.746,raw,806,-15.1982,5.1791,1.1422
58.746,raw,812,7.9595,3.4380,1.6546
58.746,raw,817,8.0285,3.3406,1.6562
58.746,raw,823,8.0950,3.2268,1.6578
58.746,raw,828,8.1488,3.1338,1.6590
58.746,raw,834,8.2380,3.0246,1.6610
58.746,raw,840,8.3192,2.9181,1.6627
58.746,raw,845,8.3714,2.8308,1.6638
58.746,raw,851,8.4503,2.7289,1.6654
58.746,raw,856,8.5102,2.6454,1.6666
58.746,raw,862,8.5605,2.5454,1.6676
58.746,raw,867,8.5124,2.4535,1.6663
58.746,raw,873,8.3074,2.3231,1.6615
58.746,raw,879,8.1127,2.1864,1.6568
58.746,raw,884,7.9408,2.0653,1.6527
58.746,raw,890,7.7260,1.9113,1.6474
58.746,raw,895,-12.3720,-1.9648,1.1958
58.746,raw,901,-12.1348,-2.3981,1.1991
58.746,raw,906,-11.9722,-2.7630,1.2009
58.746,raw,912,-11.7306,-3.1866,1.2040
58.746,raw,917,-11.5550,-3.5425,1.2059
58.746,raw,923,-11.5492,-4.0221,1.2033
58.746,raw,929,-11.3357,-4.4456,1.2053
58.746,raw,934,-11.1422,-4.7913,1.2072
58.746,raw,940,-10.9439,-5.2139,1.2086
58.746,raw,945,-10.7556,-5.5566,1.2101
58.746,raw,951,-10.4945,-5.9524,1.2127
58.746,raw,956,-10.2828,-6.2813,1.2145
58.746,raw,962,-10.0338,-6.6747,1.2165
58.746,raw,968,-9.7676,-7.0576,1.2188
58.746,raw,973,-6.0066,-5.8363,1.3057
58.746,raw,979,-9.3236,-7.7703,1.2215
58.746,raw,984,-9.3134,-8.1822,1.2178
58.746,raw,990,-9.0694,-8.5691,1.2190
58.746,raw,995,-8.8647,-8.8894,1.2198
58.746,raw,1001,-8.6060,-9.2652,1.2210
58.746,raw,1006,-8.3882,-9.5756,1.2220
58.746,raw,1012,-8.1648,-9.9682,1.2220
58.746,raw,1018,-7.9122,-10.3433,1.2227
58.746,raw,1023,-7.7011,-10.6548,1.2231
58.746,raw,1029,-7.4538,-11.0318,1.2232
58.746,raw,1034,-7.2439,-11.3433,1.2234
58.746,raw,1040,-7.0171,-11.7342,1.2227
58.746,raw,1045,-6.8812,-12.0987,1.2205
58.746,raw,1051,-6.7391,-12.5562,1.2172
58.746,raw,1057,-6.6149,-13.0342,1.2131
58.746,raw,1062,-6.4943,-13.4255,1.2099
58.746,raw,1068,-6.3552,-13.9068,1.2056
58.746,raw,1073,-6.3497,-14.4070,1.1987
58.746,raw,1079,-6.3734,-15.0497,1.1891
58.746,raw,1084,-6.3775,-15.5867,1.1812
58.746,raw,1090,-8.0067,-17.7513,1.1225
58.746,raw,1095,-7.8531,-18.2141,1.1180
58.746,raw,1101,-7.6866,-18.7982,1.1116
58.746,raw,1107,-7.5126,-19.3889,1.1051
58.746,raw,1112,-7.3535,-19.8779,1.0998
58.746,raw,1118,-7.1761,-20.4931,1.0926
58.746,raw,1123,-7.0310,-21.0217,1.0861
58.746,raw,1129,-6.8327,-21.6457,1.0786
58.746,raw,1134,-6.6730,-22.1860,1.0718
58.746,raw,1140,-6.4109,-22.7665,1.0656
58.746,raw,1146,-5.9378,-23.0930,1.0665
58.746,raw,1151,-5.5482,-23.3699,1.0669
58.746,raw,1157,-5.0765,-23.6952,1.0674
58.746,raw,1162,-4.6804,-23.9614,1.0677
58.746,raw,1168,-4.2123,-24.2907,1.0677
58.746,raw,1173,-3.8256,-24.5705,1.0673
58.746,raw,1179,-3.3529,-24.8940,1.0670
58.746,raw,1184,-2.9622,-25.1696,1.0665
58.746,raw,1190,-2.4828,-25.4850,1.0660
58.746,raw,1196,-2.0154,-25.8228,1.0648
58.746,raw,1201,-1.5874,-26.0383,1.0653
58.746,raw,1207,-1.0561,-26.2620,1.0665
58.746,raw,1212,-0.6158,-26.4501,1.0673
58.746,raw,1218,-0.0681,-26.6337,1.0691
58.746,raw,1223,0.4518,-26.6479,1.0739
58.746,raw,1229,0.9446,-26.9353,1.0727
58.746,raw,1235,1.4373,-27.2279,1.0712
58.746,raw,1240,1.8548,-27.4599,1.0700
58.746,raw,1246,2.3503,-27.7581,1.0680
58.746,raw,1251,2.7669,-28.0040,1.0663
58.746,raw,1257,3.2658,-28.3113,1.0637
58.746,raw,1262,3.6953,-28.5367,1.0622
58.746,raw,1268,4.2027,-28.8415,1.0593
58.746,raw,1274,4.7086,-29.1669,1.0558
58.746,raw,1279,5.1134,-29.5113,1.0511
58.746,raw,1285,5.6498,-29.7699,1.0488
58.746,raw,1290,6.0516,-30.1735,1.0424
58.746,raw,1296,7.9244,3.4780,1.8090
58.746,raw,1301,7.9955,3.3796,1.8089
58.746,raw,1307,8.0728,3.2645,1.8088
58.746,raw,1312,8.1457,3.1706,1.8087
58.746,raw,1318,8.2149,3.0607,1.8086
58.746,raw,1324,8.2902,2.9533,1.8085
58.746,raw,1329,8.3559,2.8658,1.8084
58.746,raw,1335,8.4507,2.7640,1.8083
58.746,raw,1340,8.4811,2.6783,1.8082
58.746,raw,1346,8.5646,2.5803,1.8081
58.746,raw,1351,8.5624,2.4935,1.8081
58.746,raw,1357,8.3722,2.3670,1.8084
58.746,raw,1363,8.1912,2.2346,1.8087
58.746,raw,1368,8.0113,2.1146,1.8089
58.746,raw,1374,7.7937,1.9629,1.8093
58.746,raw,1379,-17.2057,-2.9673,1.8438
58.746,raw,1385,-18.3484,-4.9679,1.8459
58.746,raw,1390,-17.6432,-10.5634,1.8474
58.746,raw,1396,-16.7200,-10.8126,1.8463
58.746,raw,1401,-15.9901,-11.0169,1.8456
58.746,raw,1407,-15.1181,-11.2396,1.8446
58.746,raw,1413,-14.3038,-11.4649,1.8438
58.746,raw,1418,-13.7599,-11.7044,1.8433
58.746,raw,1424,-13.4323,-12.1530,1.8432
58.746,raw,1429,-13.2320,-12.5655,1.8432
58.746,raw,1435,-13.2133,-13.1919,1.8436
58.746,raw,1440,-13.0698,-13.6457,1.8437
58.746,raw,1446,-12.8962,-14.1943,1.8439
58.746,raw,1452,-12.7040,-14.7368,1.8441
58.746,raw,1457,-12.5740,-15.2135,1.8443
58.746,raw,1463,-12.3766,-15.7639,1.8445
58.746,raw,1468,-12.2396,-16.2475,1.8447
58.746,raw,1474,-12.0682,-16.8307,1.8450
58.746,raw,1479,-11.8977,-17.3024,1.8452
58.746,raw,1485,-11.7049,-17.8854,1.8455
58.746,raw,1490,-11.5579,-18.3897,1.8458
58.746,raw,1496,7.9315,3.4776,1.9640
58.746,raw,1502,7.9878,3.3610,1.9624
58.746,raw,1507,8.0806,3.2643,1.9601
58.746,raw,1513,8.1542,3.1522,1.9582
58.746,raw,1518,8.2258,3.0607,1.9564
58.746,raw,1524,8.2919,2.9533,1.9548
58.746,raw,1529,8.3471,2.8655,1.9535
58.746,raw,1535,8.4255,2.7627,1.9517
58.746,raw,1541,8.5063,2.6626,1.9498
58.746,raw,1546,8.5491,2.5790,1.9489
58.746,raw,1552,8.5014,2.4699,1.9504
58.746,raw,1557,8.3652,2.3662,1.9540
58.746,raw,1563,8.1495,2.2290,1.9597
58.746,raw,1568,7.9852,2.1107,1.9642
58.746,raw,1574,7.7748,1.9598,1.9699
58.746,raw,1579,-16.8543,-3.1813,2.5932
58.746,raw,1585,7.9409,3.4770,2.1187
58.746,raw,1591,8.0377,3.3590,2.1138
58.746,raw,1596,8.0732,3.2645,2.1119
58.746,raw,1602,8.1619,3.1521,2.1075
58.746,raw,1607,8.2287,3.0608,2.1043
58.746,raw,1613,8.2900,2.9533,2.1014
58.746,raw,1618,8.3548,2.8657,2.0984
58.746,raw,1624,8.4208,2.7624,2.0954
58.746,raw,1630,8.5054,2.6625,2.0917
58.746,raw,1635,8.5680,2.5806,2.0890
58.746,raw,1641,8.4983,2.4696,2.0928
58.746,raw,1646,8.3747,2.3673,2.0993
58.746,raw,1652,8.1676,2.2314,2.1100
58.746,raw,1657,8.0225,2.1163,2.1177
58.746,raw,1663,7.7798,1.9606,2.1305
60.279,raw,0,8.0649,2.3948,0.6488
60.279,raw,4,7.9619,2.3100,0.6314
60.279,raw,8,7.8334,2.2215,0.6097
60.279,raw,12,7.6739,2.1280,0.5827
60.279,raw,16,7.5576,2.0338,0.5627
60.279,raw,21,7.9782,2.3311,0.8045
60.279,raw,25,7.8568,2.2435,0.7870
60.279,raw,29,7.7235,2.1523,0.7677
60.279,raw,33,7.5902,2.0579,0.7482
60.279,raw,38,8.0046,2.3524,0.9769
60.279,raw,42,7.8628,2.2646,0.9600
60.279,raw,46,7.7425,2.1746,0.9455
60.279,raw,50,7.5927,2.0797,0.9274
60.279,raw,55,8.0937,2.4157,1.1529
60.279,raw,59,7.9743,2.3310,1.1416
60.279,raw,63,7.8252,2.2420,1.1275
60.279,raw,67,7.6870,2.1501,1.1143
60.279,raw,72,7.5182,2.0309,1.0979
60.279,raw,76,22.2585,14.1828,0.5375
60.279,raw,80,21.5508,13.6703,0.6120
60.279,raw,84,21.3887,13.6837,0.6184
60.279,raw,89,8.4091,2.7880,1.3394
60.279,raw,93,8.4681,2.7101,1.3436
60.279,raw,97,8.4176,2.6344,1.3402
60.279,raw,101,8.2934,2.5573,1.3316
60.279,raw,106,8.1575,2.4571,1.3221
60.279,raw,110,8.0182,2.3732,1.3124
60.279,raw,114,7.8869,2.2864,1.3031
60.279,raw,118,7.7433,2.1958,1.2929
60.279,raw,123,7.5766,2.0786,1.2809
60.279,raw,127,23.9432,15.2974,0.7308
60.279,raw,131,23.0787,14.7907,0.7932
60.279,raw,135,22.2722,14.2050,0.8572
60.279,raw,140,21.4010,13.7054,0.9175
60.279,raw,144,7.8724,3.5977,1.4687
60.279,raw,148,7.9411,3.5046,1.4724
60.279,raw,152,7.9871,3.4159,1.4750
60.279,raw,157,8.0635,3.3049,1.4790
60.279,raw,161,8.1186,3.2185,1.4818
60.279,raw,165,8.1769,3.1333,1.4848
60.279,raw,169,8.2353,3.0496,1.4877
60.279,raw,173,8.2952,2.9672,1.4907
60.279,raw,178,8.3574,2.8669,1.4937
60.279,raw,182,8.4025,2.7882,1.4959
60.279,raw,186,8.4724,2.7101,1.4992
60.279,raw,190,8.3871,2.6347,1.4953
60.279,raw,195,8.2541,2.5374,1.4893
60.279,raw,199,8.1322,2.4566,1.4837
60.279,raw,203,7.9848,2.3722,1.4769
60.279,raw,207,7.8789,2.2860,1.4719
60.279,raw,212,7.7265,2.1737,1.4647
60.279,raw,216,7.5789,2.0787,1.4578
60.279,raw,220,-11.5550,0.4689,0.5838
60.279,raw,224,-11.3717,0.1771,0.5910
60.279,raw,229,-11.3182,-0.2011,0.5918
60.279,raw,233,-11.1506,-0.4887,0.5979
60.279,raw,237,-10.9537,-0.7695,0.6052
60.279,raw,241,-10.9867,-1.0789,0.6019
60.279,raw,246,-10.7583,-1.4263,0.6098
60.279,raw,250,-10.5652,-1.6988,0.6165
60.279,raw,254,-10.3942,-1.9719,0.6221
60.279,raw,258,-10.2156,-2.2407,0.6278
60.279,raw,263,-10.2215,-2.6198,0.6242
60.279,raw,267,-10.0414,-2.8845,0.6297
60.279,raw,271,-9.8677,-3.1479,0.6348
60.279,raw,275,-9.6658,-3.4019,0.6411
60.279,raw,280,-9.6552,-3.7770,0.6375
60.279,raw,284,-9.5042,-4.0404,0.6410
60.279,raw,288,-9.3342,-4.2966,0.6454
60.279,raw,292,-9.1692,-4.5521,0.6494
60.279,raw,297,-8.9669,-4.8697,0.6540
60.279,raw,301,-8.8039,-5.1213,0.6576
60.279,raw,305,-8.8419,-5.4384,0.6515
60.279,raw,309,-8.6530,-5.6798,0.6561
60.279,raw,314,-6.5387,-5.2934,0.7526
60.279,raw,318,-6.2713,-5.4752,0.7612
60.279,raw,322,-6.3017,-5.7688,0.7551
60.279,raw,326,-7.9100,-6.7036,0.6713
60.279,raw,330,-7.7482,-6.9449,0.6740
60.279,raw,335,-7.6807,-7.3032,0.6704
60.279,raw,339,-7.5148,-7.5416,0.6729
60.279,raw,343,-7.3428,-7.7757,0.6756
60.279,raw,347,-7.1825,-8.0139,0.6776
60.279,raw,352,-6.9463,-8.2925,0.6818
60.279,raw,356,-6.7811,-8.5254,0.6837
60.279,raw,360,-6.6038,-8.7508,0.6862
60.279,raw,364,-6.4389,-8.9816,0.6879
60.279,raw,369,-6.2172,-9.2601,0.6907
60.279,raw,373,-6.1131,-9.5233,0.6889
60.279,raw,377,-6.0243,-9.7966,0.6862
60.279,raw,381,-6.0541,-10.1430,0.6770
60.279,raw,386,-5.9238,-10.4795,0.6740
60.279,raw,390,-5.8177,-10.7492,0.6716
60.279,raw,394,-5.7164,-11.0236,0.6687
60.279,raw,398,-5.6171,-11.3010,0.6655
60.279,raw,403,-5.4963,-11.6531,0.6610
60.279,raw,407,-5.3918,-11.9317,0.6576
60.279,raw,411,-5.2661,-12.1970,0.6552
60.279,raw,415,-5.1767,-12.4910,0.6506
60.279,raw,420,-5.0356,-12.8401,0.6461
60.279,raw,424,-4.9338,-13.1308,0.6416
60.279,raw,428,-4.8236,-13.4177,0.6374
60.279,raw,432,-4.7026,-13.6984,0.6337
60.279,raw,437,-4.5698,-14.0686,0.6275
60.279,raw,441,-4.4543,-14.3605,0.6228
60.279,raw,445,-4.3545,-14.6696,0.6170
60.279,raw,449,-4.2638,-14.9909,0.6103
60.279,raw,454,-4.2262,-15.4701,0.5967
60.279,raw,458,-4.1870,-15.8532,0.5860
60.279,raw,462,-4.1393,-16.2358,0.5755
60.279,raw,466,-4.1246,-16.6589,0.5624
60.279,raw,471,-4.0717,-17.1658,0.5477
60.279,raw,475,-4.0305,-17.5822,0.5353
60.279,raw,479,-3.9862,-18.0046,0.5226
60.279,raw,483,-3.9692,-18.4667,0.5076
60.279,raw,487,7.8177,3.6480,1.6380
60.279,raw,492,7.9212,3.5280,1.6407
60.279,raw,496,7.9851,3.4368,1.6423
60.279,raw,500,8.0369,3.3486,1.6437
60.279,raw,504,8.1027,3.2604,1.6453
60.279,raw,509,8.1667,3.1541,1.6469
60.279,raw,513,8.2123,3.0710,1.6481
60.279,raw,517,8.2686,2.9884,1.6494
60.279,raw,521,8.3320,2.9068,1.6509
60.279,raw,526,8.3994,2.8075,1.6525
60.279,raw,530,8.4442,2.7297,1.6535
60.279,raw,534,8.4248,2.6535,1.6531
60.279,raw,538,8.3076,2.5768,1.6505
60.279,raw,543,8.1481,2.4769,1.6470
60.279,raw,547,8.0299,2.3938,1.6443
60.279,raw,551,7.8676,2.3063,1.6407
60.279,raw,555,7.7745,2.2185,1.6386
60.279,raw,560,7.5970,2.1016,1.6345
60.279,raw,564,-15.6388,0.2326,1.1201
60.279,raw,568,-15.3510,-0.0976,1.1258
60.279,raw,572,-15.0618,-0.4217,1.1315
60.279,raw,577,-14.7066,-0.8192,1.1384
60.279,raw,581,-14.4471,-1.1339,1.1432
60.279,raw,585,-14.1805,-1.4426,1.1482
60.279,raw,589,-14.2878,-1.8020,1.1447
60.279,raw,594,-14.0198,-2.1905,1.1492
60.279,raw,598,-13.8118,-2.4981,1.1526
60.279,raw,602,-13.6267,-2.8065,1.1554
60.279,raw,606,-13.4499,-3.1137,1.1579
60.279,raw,611,-13.2177,-3.4915,1.1613
60.279,raw,615,-13.0409,-3.7926,1.1636
60.279,raw,619,-12.8617,-4.0906,1.1660
60.279,raw,623,-12.6634,-4.3814,1.1687
60.279,raw,628,-12.6702,-4.8087,1.1662
60.279,raw,632,-12.4607,-5.0930,1.1690
60.279,raw,636,-12.2342,-5.3694,1.1721
60.279,raw,640,-12.0548,-5.6568,1.1741
60.279,raw,644,-11.8309,-5.9280,1.1771
60.279,raw,649,-11.5902,-6.2754,1.1798
60.279,raw,653,-11.3849,-6.5464,1.1821
60.279,raw,657,-11.1737,-6.8127,1.1846
60.279,raw,661,-6.2946,-5.3439,1.2969
60.279,raw,666,-6.2338,-5.6717,1.2955
60.279,raw,670,-10.5571,-7.6879,1.1905
60.279,raw,674,-10.3634,-7.9513,1.1922
60.279,raw,678,-10.1477,-8.2035,1.1945
60.279,raw,683,-9.9119,-8.5302,1.1963
60.279,raw,687,-9.7198,-8.7880,1.1979
60.279,raw,691,-9.7531,-9.1508,1.1938
60.279,raw,695,-9.5631,-9.4095,1.1951
60.279,raw,700,-9.3408,-9.7385,1.1963
60.279,raw,704,-9.1333,-9.9852,1.1979
60.279,raw,708,-8.9619,-10.2492,1.1985
60.279,raw,712,-8.7534,-10.4922,1.2000
60.279,raw,717,-8.5392,-10.8199,1.2006
60.279,raw,721,-8.3432,-11.0671,1.2016
60.279,raw,725,-8.1587,-11.3199,1.2023
60.279,raw,729,-7.9696,-11.5692,1.2030
60.279,raw,734,-7.7611,-11.8974,1.2031
60.279,raw,738,-7.5920,-12.1583,1.2031
60.279,raw,742,-7.5124,-12.4790,1.2007
60.279,raw,746,-7.3975,-12.7787,1.1991
60.279,raw,751,-7.2708,-13.1681,1.1965
60.279,raw,755,-7.2447,-13.5371,1.1922
60.279,raw,759,-7.2385,-13.9264,1.1873
60.279,raw,763,-7.2260,-14.3175,1.1823
60.279,raw,768,-8.8487,-16.0947,1.1300
60.279,raw,772,-9.0844,-16.7300,1.1173
60.279,raw,776,-8.9527,-17.0819,1.1146
60.279,raw,780,-8.8177,-17.4346,1.1120
60.279,raw,785,-8.6328,-17.8669,1.1089
60.279,raw,789,-8.5105,-18.2392,1.1055
60.279,raw,793,-8.3897,-18.6176,1.1019
60.279,raw,797,-8.2269,-18.9624,1.0995
60.279,raw,801,-8.0934,-19.3385,1.0959
60.279,raw,806,-7.9238,-19.8133,1.0914
60.279,raw,810,-7.7822,-20.1934,1.0877
60.279,raw,814,-7.6421,-20.5805,1.0838
60.279,raw,818,-7.4881,-20.9590,1.0802
60.279,raw,823,-7.2965,-21.4411,1.0754
60.279,raw,827,-7.1528,-21.8441,1.0710
60.279,raw,831,-6.9959,-22.2392,1.0668
60.279,raw,835,-6.6794,-22.4573,1.0678
60.279,raw,840,-6.2759,-22.7184,1.0692
60.279,raw,844,-5.9557,-22.9286,1.0702
60.279,raw,848,-5.6305,-23.1309,1.0713
60.279,raw,852,-5.3169,-23.3463,1.0719
60.279,raw,857,-4.9055,-23.5888,1.0732
60.279,raw,861,-4.5848,-23.7922,1.0739
60.279,raw,865,-4.2574,-23.9852,1.0747
60.279,raw,869,-3.9504,-24.2055,1.0747
60.279,raw,874,-3.5464,-24.4515,1.0754
60.279,raw,878,-3.2194,-24.6417,1.0760
60.279,raw,882,-2.8946,-24.8343,1.0764
60.279,raw,886,-2.5651,-25.0188,1.0769
60.279,raw,891,-2.1085,-25.1757,1.0794
60.279,raw,895,-1.7464,-25.3023,1.0811
60.279,raw,899,-1.3827,-25.4226,1.0830
60.279,raw,903,-1.0382,-25.5727,1.0839
60.279,raw,908,-0.6228,-25.7851,1.0843
60.279,raw,912,-0.2900,-25.9534,1.0846
60.279,raw,916,0.0428,-26.1214,1.0848
60.279,raw,920,0.3606,-26.3183,1.0841
60.279,raw,925,0.7767,-26.5287,1.0841
60.279,raw,929,1.2201,-26.4654,1.0896
60.279,raw,933,1.5481,-26.6379,1.0892
60.279,raw,937,1.8720,-26.8204,1.0885
60.279,raw,942,2.2820,-27.0398,1.0877
60.279,raw,946,2.6131,-27.2096,1.0872
60.279,raw,950,2.9440,-27.3820,1.0864
60.279,raw,954,3.2744,-27.5578,1.0855
60.279,raw,958,3.6023,-27.7429,1.0843
60.279,raw,963,4.0175,-27.9652,1.0829
60.279,raw,967,4.3468,-28.1554,1.0814
60.279,raw,971,4.6433,-28.4484,1.0774
60.279,raw,975,4.9505,-28.7217,1.0738
60.279,raw,980,5.3376,-29.0719,1.0690
60.279,raw,984,5.6508,-29.3559,1.0650
60.279,raw,988,6.0227,-29.4480,1.0653
60.279,raw,992,6.3407,-29.7387,1.0610
60.279,raw,997,6.7410,-30.1164,1.0552
60.279,raw,1001,7.0740,-30.3896,1.0511
60.279,raw,1005,7.3965,-30.7271,1.0455
60.279,raw,1009,7.7360,-31.0150,1.0409
60.279,raw,1014,7.8452,3.6228,1.8099
60.279,raw,1018,7.9066,3.5300,1.8098
60.279,raw,1022,7.9808,3.4373,1.8097
60.279,raw,1026,8.0276,3.3496,1.8096
60.279,raw,1031,8.1052,3.2399,1.8095
60.279,raw,1035,8.1632,3.1544,1.8094
60.279,raw,1039,8.2121,3.0710,1.8093
60.279,raw,1043,8.2746,2.9880,1.8092
60.279,raw,1048,8.3460,2.8868,1.8091
60.279,raw,1052,8.3806,2.8081,1.8091
60.279,raw,1056,8.4412,2.7297,1.8090
60.279,raw,1060,8.4162,2.6536,1.8090
60.279,raw,1065,8.2965,2.5573,1.8092
60.279,raw,1069,8.1397,2.4767,1.8094
60.279,raw,1073,8.0315,2.3939,1.8096
60.279,raw,1077,7.8965,2.3075,1.8097
60.279,raw,1082,7.7402,2.1956,1.8100
60.279,raw,1086,7.5653,2.0995,1.8102
60.279,raw,1090,-18.1304,-0.2468,1.8452
60.279,raw,1094,-18.8935,-1.3973,1.8463
60.279,raw,1099,-18.4387,-3.8108,1.8462
60.279,raw,1103,-18.5642,-4.2366,1.8465
60.279,raw,1107,-17.6411,-4.5404,1.8454
60.279,raw,1111,-17.4275,-5.1821,1.8453
60.279,raw,1115,-16.5628,-5.4579,1.8442
60.279,raw,1120,8.0387,3.3279,1.9754
60.279,raw,1124,8.1097,3.2395,1.9735
60.279,raw,1128,8.1738,3.1535,1.9717
60.279,raw,1132,8.2167,3.0706,1.9705
60.279,raw,1137,8.3068,2.9666,1.9681
60.279,raw,1141,8.3489,2.8867,1.9670
60.279,raw,1145,8.3977,2.8075,1.9657
60.279,raw,1149,8.4496,2.7296,1.9643
60.279,raw,1154,8.3915,2.6346,1.9658
60.279,raw,1158,8.2649,2.5571,1.9689
60.279,raw,1162,8.1567,2.4770,1.9716
60.279,raw,1166,8.0132,2.3934,1.9752
60.279,raw,1171,7.8539,2.2850,1.9792
60.279,raw,1175,7.7141,2.1942,1.9828
60.279,raw,1179,7.5658,2.0995,1.9866
60.279,raw,1183,-19.1681,3.3142,3.4522
60.279,raw,1188,-18.9712,2.8205,3.4424
60.279,raw,1192,-18.8923,2.4294,3.4386
60.279,raw,1196,-18.7463,2.0411,3.4317
60.279,raw,1200,-18.6180,1.6555,3.4259
60.279,raw,1205,-18.4610,1.1772,3.4192
60.279,raw,1209,-18.3367,0.7974,3.4141
60.279,raw,1213,-18.4701,0.4031,3.4216
60.279,raw,1217,-17.8820,0.0605,3.3945
60.279,raw,1222,-17.7233,-0.4021,3.3887
60.279,raw,1226,-17.5883,-0.7689,3.3840
60.279,raw,1230,-17.4802,-1.1366,3.3807
60.279,raw,1234,-17.3726,-1.5028,3.3776
60.279,raw,1239,-17.2359,-1.9583,3.3740
60.279,raw,1243,-17.0927,-2.3160,3.3697
60.279,raw,1247,-18.0001,-2.8442,3.4169
60.279,raw,1251,-16.9154,-3.0446,3.3669
60.279,raw,1256,-16.7758,-3.4933,3.3642
60.279,raw,1260,-16.6305,-3.8443,3.3606
60.279,raw,1264,-16.5439,-4.2062,3.3601
60.279,raw,1268,-16.4257,-4.5607,3.3582
61.967,raw,0,22.2417,14.2347,0.5273
61.967,raw,3,22.1696,14.3478,0.5216
61.967,raw,6,21.3902,13.7232,0.6070
61.967,raw,10,7.2746,2.5374,1.2415
61.967,raw,13,23.9180,15.3472,0.7252
61.967,raw,17,23.0510,14.8748,0.7848
61.967,raw,20,22.2362,14.3044,0.8474
61.967,raw,24,21.4201,13.7796,0.9063
61.967,raw,27,7.5609,4.1075,1.4357
61.967,raw,31,7.6128,4.0022,1.4391
61.967,raw,34,7.6547,3.9238,1.4417
61.967,raw,37,7.7022,3.8452,1.4445
61.967,raw,41,7.7730,3.7407,1.4486
61.967,raw,44,7.8159,3.6656,1.4511
61.967,raw,48,7.8773,3.5661,1.4546
61.967,raw,51,7.9507,3.4885,1.4585
61.967,raw,55,7.9785,3.3973,1.4603
61.967,raw,58,8.0411,3.3239,1.4636
61.967,raw,62,8.0674,3.2350,1.4653
61.967,raw,65,8.1226,3.1649,1.4682
61.967,raw,68,8.1486,3.0989,1.4697
61.967,raw,72,8.0352,3.0258,1.4649
61.967,raw,75,7.9434,2.9700,1.4610
61.967,raw,79,7.8194,2.8933,1.4556
61.967,raw,82,7.7218,2.8343,1.4514
61.967,raw,86,7.5894,2.7533,1.4456
61.967,raw,89,7.5196,2.6893,1.4426
61.967,raw,93,7.3713,2.6039,1.4360
61.967,raw,96,7.2542,2.5379,1.4307
61.967,raw,99,-10.9686,2.7711,0.6013
61.967,raw,103,-10.8846,2.4678,0.6052
61.967,raw,106,-11.0324,2.2410,0.5985
61.967,raw,110,-10.9015,1.9394,0.6044
61.967,raw,113,-10.7808,1.7157,0.6097
61.967,raw,117,-10.6142,1.4206,0.6168
61.967,raw,120,-10.6727,1.1937,0.6138
61.967,raw,124,-10.4973,0.9033,0.6211
61.967,raw,127,-10.3774,0.6872,0.6260
61.967,raw,130,-10.4269,0.4606,0.6230
61.967,raw,134,-10.2989,0.1730,0.6278
61.967,raw,137,-10.2128,-0.0421,0.6308
61.967,raw,141,-10.0413,-0.3211,0.6374
61.967,raw,144,-10.1157,-0.5512,0.6329
61.967,raw,148,-9.9587,-0.8287,0.6385
61.967,raw,151,-9.8659,-1.0383,0.6414
61.967,raw,155,-9.7402,-1.3158,0.6453
61.967,raw,158,-9.6312,-1.5203,0.6489
61.967,raw,161,-9.7164,-1.7552,0.6434
61.967,raw,165,-9.5753,-2.0271,0.6476
61.967,raw,168,-9.4874,-2.2329,0.6499
61.967,raw,172,-9.3184,-2.4959,0.6552
61.967,raw,175,-9.2102,-2.6951,0.6583
61.967,raw,179,-9.2679,-3.0027,0.6528
61.967,raw,182,-9.1662,-3.2025,0.6554
61.967,raw,186,-9.0222,-3.4655,0.6591
61.967,raw,189,-8.9489,-3.6700,0.6601
61.967,raw,193,-8.8128,-3.9322,0.6632
61.967,raw,196,-8.7131,-4.1284,0.6653
61.967,raw,199,-8.8043,-4.3769,0.6583
61.967,raw,203,-8.6508,-4.6326,0.6619
61.967,raw,206,-8.5698,-4.8335,0.6628
61.967,raw,210,-6.8738,-4.6052,0.7397
61.967,raw,213,-6.7789,-4.7857,0.7413
61.967,raw,217,-8.2002,-5.5427,0.6691
61.967,raw,220,-8.0838,-5.7292,0.6714
61.967,raw,224,-8.1095,-6.0411,0.6656
61.967,raw,227,-7.9935,-6.2274,0.6677
61.967,raw,230,-7.8779,-6.4131,0.6697
61.967,raw,234,-7.7171,-6.6569,0.6726
61.967,raw,237,-7.6188,-6.8477,0.6735
61.967,raw,241,-7.4755,-7.0963,0.6753
61.967,raw,244,-7.3580,-7.2780,0.6771
61.967,raw,248,-7.2245,-7.5292,0.6781
61.967,raw,251,-7.1212,-7.7158,0.6790
61.967,raw,255,-7.1341,-8.0335,0.6725
61.967,raw,258,-7.0327,-8.2219,0.6731
61.967,raw,261,-6.8973,-8.3936,0.6753
61.967,raw,265,-6.8028,-8.6638,0.6737
61.967,raw,268,-6.7525,-8.8776,0.6714
61.967,raw,272,-6.6614,-9.1516,0.6694
61.967,raw,275,-6.6096,-9.3667,0.6669
61.967,raw,279,-6.5320,-9.6504,0.6639
61.967,raw,282,-6.4745,-9.8649,0.6614
61.967,raw,286,-6.4023,-10.1550,0.6578
61.967,raw,289,-6.3297,-10.3632,0.6559
61.967,raw,292,-6.2853,-10.5892,0.6524
61.967,raw,296,-6.1952,-10.8739,0.6492
61.967,raw,299,-6.2704,-11.1779,0.6390
61.967,raw,303,-6.1999,-11.4810,0.6344
61.967,raw,306,-6.1329,-11.7009,0.6315
61.967,raw,310,-6.0401,-11.9940,0.6277
61.967,raw,313,-5.9972,-12.2336,0.6232
61.967,raw,317,-5.9000,-12.5283,0.6192
61.967,raw,320,-5.8462,-12.7646,0.6150
61.967,raw,323,-5.7796,-12.9936,0.6114
61.967,raw,327,-5.6824,-13.2954,0.6068
61.967,raw,330,-5.6363,-13.5438,0.6017
61.967,raw,334,-5.5707,-13.8758,0.5949
61.967,raw,337,-5.5596,-14.1578,0.5874
61.967,raw,341,-5.5636,-14.5546,0.5760
61.967,raw,344,-5.5691,-14.8591,0.5671
61.967,raw,348,-5.5806,-15.2757,0.5545
61.967,raw,351,-5.5601,-15.5687,0.5466
61.967,raw,355,-5.5829,-16.0095,0.5327
61.967,raw,358,-5.5659,-16.3158,0.5241
61.967,raw,361,-5.5890,-16.6631,0.5127
61.967,raw,365,-18.4452,13.4788,1.0144
61.967,raw,368,-13.7119,11.6412,1.1263
61.967,raw,372,-13.6429,11.2528,1.1303
61.967,raw,375,-17.9480,12.2630,1.0329
61.967,raw,379,-17.7778,11.7987,1.0394
61.967,raw,382,-17.6458,11.4539,1.0442
61.967,raw,386,-17.0798,10.8973,1.0595
61.967,raw,389,-16.9573,10.5675,1.0639
61.967,raw,392,-16.8332,10.2408,1.0683
61.967,raw,396,-16.7076,9.8201,1.0732
61.967,raw,399,7.5572,4.0848,1.6234
61.967,raw,403,7.6185,3.9777,1.6252
61.967,raw,406,7.6742,3.8967,1.6268
61.967,raw,410,7.7361,3.7930,1.6286
61.967,raw,413,7.7929,3.7146,1.6301
61.967,raw,417,7.8591,3.6135,1.6320
61.967,raw,420,7.8898,3.5420,1.6329
61.967,raw,423,7.9248,3.4706,1.6339
61.967,raw,427,8.0012,3.3724,1.6359
61.967,raw,430,8.0387,3.3028,1.6369
61.967,raw,434,8.1036,3.2094,1.6386
61.967,raw,437,8.1338,3.1425,1.6394
61.967,raw,441,8.0672,3.0651,1.6382
61.967,raw,444,7.9906,3.0087,1.6366
61.967,raw,448,7.8717,2.9328,1.6341
61.967,raw,451,7.7748,2.8747,1.6321
61.967,raw,454,7.6697,2.8155,1.6299
61.967,raw,458,7.5658,2.7321,1.6277
61.967,raw,461,7.4509,2.6696,1.6252
61.967,raw,465,7.3241,2.5824,1.6225
61.967,raw,468,7.2110,2.5156,1.6200
61.967,raw,472,-10.7989,2.6178,1.2226
61.967,raw,475,-10.8679,2.3923,1.2211
61.967,raw,479,-14.2082,2.0599,1.1474
61.967,raw,482,-14.0924,1.8069,1.1498
61.967,raw,485,-13.9751,1.5558,1.1523
61.967,raw,489,-13.8476,1.2230,1.1549
61.967,raw,492,-13.7165,0.9768,1.1575
61.967,raw,496,-13.5863,0.6490,1.1600
61.967,raw,499,-13.4594,0.4069,1.1625
61.967,raw,503,-13.5443,0.0671,1.1601
61.967,raw,506,-13.4291,-0.1739,1.1622
61.967,raw,510,-13.2841,-0.4935,1.1647
61.967,raw,513,-13.2008,-0.7342,1.1660
61.967,raw,517,-13.0435,-1.0481,1.1687
61.967,raw,520,-12.9296,-1.2823,1.1705
61.967,raw,523,-12.8580,-1.5207,1.1714
61.967,raw,527,-12.6833,-1.8259,1.1743
61.967,raw,530,-12.5952,-2.0596,1.1754
61.967,raw,534,-12.6831,-2.4044,1.1723
61.967,raw,537,-12.5728,-2.6339,1.1738
61.967,raw,541,-12.4394,-2.9407,1.1755
61.967,raw,544,-12.3609,-3.1739,1.1762
61.967,raw,548,-12.2326,-3.4790,1.1776
61.967,raw,551,-12.1019,-3.6993,1.1794
61.967,raw,554,-12.0177,-3.9288,1.1801
61.967,raw,558,-11.8554,-4.2219,1.1821
61.967,raw,561,-11.7508,-4.4446,1.1832
61.967,raw,565,-11.5809,-4.7322,1.1853
61.967,raw,568,-11.4444,-4.9441,1.1870
61.967,raw,572,-11.4974,-5.2911,1.1838
61.967,raw,575,-11.3909,-5.5108,1.1847
61.967,raw,579,-6.9042,-4.4745,1.2861
61.967,raw,582,-6.7495,-4.6362,1.2883
61.967,raw,585,-6.7253,-4.8386,1.2875
61.967,raw,589,-10.8319,-6.5060,1.1899
61.967,raw,592,-10.7136,-6.7173,1.1908
61.967,raw,596,-10.5588,-6.9989,1.1920
61.967,raw,599,-10.4418,-7.2089,1.1928
61.967,raw,603,-10.2827,-7.4868,1.1939
61.967,raw,606,-10.1538,-7.6905,1.1950
61.967,raw,610,-10.0257,-7.9787,1.1952
61.967,raw,613,-9.8838,-8.1756,1.1965
61.967,raw,616,-9.7855,-8.3900,1.1966
61.967,raw,620,-9.6281,-8.6642,1.1974
61.967,raw,623,-9.5069,-8.8678,1.1980
61.967,raw,627,-9.3415,-9.1368,1.1989
61.967,raw,630,-9.2312,-9.3444,1.1991
61.967,raw,634,-9.3061,-9.7295,1.1940
61.967,raw,637,-9.1783,-9.9303,1.1945
61.967,raw,641,-9.0358,-10.2118,1.1945
61.967,raw,644,-8.9076,-10.4116,1.1950
61.967,raw,647,-8.7929,-10.6184,1.1951
61.967,raw,651,-8.6359,-10.8917,1.1953
61.967,raw,654,-8.5262,-11.1010,1.1951
61.967,raw,658,-8.3883,-11.3853,1.1947
61.967,raw,661,-8.3188,-11.6188,1.1934
61.967,raw,665,-8.2759,-11.9622,1.1903
61.967,raw,668,-8.2104,-12.2017,1.1888
61.967,raw,672,-8.1913,-12.5664,1.1849
61.967,raw,675,-8.2434,-12.8859,1.1801
61.967,raw,678,-8.9163,-13.6177,1.1589
61.967,raw,682,-10.4741,-15.0696,1.1125
61.967,raw,685,-10.4284,-15.3640,1.1097
61.967,raw,689,-10.3649,-15.7590,1.1059
61.967,raw,692,-10.2853,-16.0356,1.1038
61.967,raw,696,-10.1933,-16.4179,1.1005
61.967,raw,699,-10.1357,-16.7160,1.0976
61.967,raw,703,-10.0424,-17.1055,1.0940
61.967,raw,706,-9.9457,-17.3798,1.0920
61.967,raw,710,-9.8520,-17.7768,1.0882
61.967,raw,713,-9.7945,-18.0883,1.0849
61.967,raw,716,-9.7150,-18.3850,1.0821
61.967,raw,720,-9.6129,-18.7885,1.0781
61.967,raw,723,-9.5350,-19.0936,1.0751
61.967,raw,727,-9.4215,-19.4968,1.0711
61.967,raw,730,-9.3252,-19.7930,1.0684
61.967,raw,734,-9.2241,-20.2174,1.0637
61.967,raw,737,-9.1153,-20.5094,1.0611
61.967,raw,741,-8.9903,-20.9223,1.0569
61.967,raw,744,-8.8849,-21.2247,1.0539
61.967,raw,747,-8.8100,-21.5606,1.0499
61.967,raw,751,-8.6865,-21.9915,1.0451
61.967,raw,754,-8.5867,-22.3120,1.0416
61.967,raw,758,-8.2996,-22.5834,1.0417
61.967,raw,761,-8.0458,-22.7457,1.0429
61.967,raw,765,-7.7170,-22.9706,1.0442
61.967,raw,768,-7.4739,-23.1419,1.0450
61.967,raw,772,-7.1473,-23.3660,1.0460
61.967,raw,775,-6.9131,-23.5454,1.0464
61.967,raw,778,-6.6612,-23.7036,1.0474
61.967,raw,782,-6.3434,-23.9345,1.0480
61.967,raw,785,-6.1058,-24.1080,1.0484
61.967,raw,789,-5.8086,-24.3634,1.0481
61.967,raw,792,-5.5828,-24.5517,1.0479
61.967,raw,796,-5.2661,-24.7824,1.0481
61.967,raw,799,-5.0475,-24.9808,1.0475
61.967,raw,803,-4.7503,-25.2385,1.0468
61.967,raw,806,-4.5164,-25.4174,1.0467
61.967,raw,809,-4.2852,-25.6003,1.0463
61.967,raw,813,-3.9667,-25.8301,1.0462
61.967,raw,816,-3.7485,-26.0333,1.0452
61.967,raw,820,-3.4398,-26.2796,1.0444
61.967,raw,823,-3.2086,-26.4659,1.0438
61.967,raw,827,-2.8931,-26.7044,1.0431
61.967,raw,830,-2.6729,-26.9107,1.0418
61.967,raw,834,-2.3174,-27.0859,1.0425
61.967,raw,837,-2.0531,-27.2204,1.0430
61.967,raw,840,-1.7803,-27.3396,1.0437
61.967,raw,844,-1.4339,-27.5274,1.0439
61.967,raw,847,-1.1659,-27.6532,1.0444
61.967,raw,851,-0.8198,-27.8406,1.0444
61.967,raw,854,-0.5544,-27.9704,1.0446
61.967,raw,858,-0.2058,-28.1531,1.0446
61.967,raw,861,0.0660,-28.2694,1.0450
61.967,raw,865,0.3891,-28.5046,1.0435
61.967,raw,868,0.6394,-28.6665,1.0426
61.967,raw,872,1.0845,-28.6435,1.0473
61.967,raw,875,1.3376,-28.7977,1.0465
61.967,raw,878,1.5828,-28.9716,1.0452
61.967,raw,882,1.9071,-29.2134,1.0431
61.967,raw,885,2.1628,-29.3687,1.0422
61.967,raw,889,2.4953,-29.5997,1.0402
61.967,raw,892,2.7463,-29.7728,1.0387
61.967,raw,896,3.0535,-30.0809,1.0348
61.967,raw,899,7.5660,4.0593,1.8108
61.967,raw,903,7.6196,3.9542,1.8107
61.967,raw,906,7.6624,3.8761,1.8106
61.967,raw,909,7.7232,3.7955,1.8105
61.967,raw,913,7.7998,3.6908,1.8104
61.967,raw,916,7.8551,3.6142,1.8103
61.967,raw,920,7.9095,3.5168,1.8102
61.967,raw,923,7.9468,3.4454,1.8102
61.967,raw,927,8.0114,3.3494,1.8101
61.967,raw,930,8.0577,3.2789,1.8100
61.967,raw,934,8.1240,3.1858,1.8099
61.967,raw,937,8.1438,3.1204,1.8098
61.967,raw,940,8.0857,3.0633,1.8099
61.967,raw,944,7.9845,2.9878,1.8100
61.967,raw,947,7.8812,2.9320,1.8102
61.967,raw,951,7.7321,2.8557,1.8104
61.967,raw,954,7.6570,2.7941,1.8105
61.967,raw,958,7.5262,2.7115,1.8106
61.967,raw,961,7.4269,2.6478,1.8108
61.967,raw,965,7.2898,2.5602,1.8109
61.967,raw,968,7.1761,2.4928,1.8111
61.967,raw,971,-18.3378,1.2464,1.8457
61.967,raw,975,-17.6560,-2.2726,1.8452
61.967,raw,978,-17.5416,-2.6430,1.8451
61.967,raw,982,-17.3462,-4.5559,1.8453
61.967,raw,985,7.9051,3.5175,1.9872
61.967,raw,989,7.9829,3.4183,1.9849
61.967,raw,992,8.0177,3.3486,1.9838
61.967,raw,996,8.0919,3.2532,1.9816
61.967,raw,999,8.1369,3.1843,1.9803
61.967,raw,1002,8.1606,3.1186,1.9796
61.967,raw,1006,8.0365,3.0470,1.9824
61.967,raw,1009,7.9530,2.9906,1.9844
61.967,raw,1013,7.8251,2.9147,1.9874
61.967,raw,1016,7.7353,2.8555,1.9895
61.967,raw,1020,7.6087,2.7746,1.9925
61.967,raw,1023,-16.6300,-4.5974,2.6112
61.967,raw,1027,-19.4408,4.3147,3.4814
61.967,raw,1030,-16.6155,-4.5943,3.3782
64.116,raw,0,22.5766,13.9180,0.5081
64.116,raw,3,22.4942,14.0290,0.5018
64.116,raw,7,21.6970,13.4433,0.5804
64.116,raw,10,24.2635,15.1172,0.7112
64.116,raw,14,23.4099,14.5168,0.7750
64.116,raw,17,23.3192,14.6233,0.7712
64.116,raw,21,22.5149,14.0759,0.8288
64.116,raw,24,21.7113,13.4790,0.8883
64.116,raw,28,8.3090,3.1833,1.4022
64.116,raw,31,8.3549,3.0959,1.4051
64.116,raw,35,8.4474,2.9744,1.4104
64.116,raw,38,8.4970,2.8891,1.4134
64.116,raw,42,8.5801,2.7739,1.4181
64.116,raw,45,8.6304,2.6912,1.4211
64.116,raw,49,8.7117,2.5804,1.4256
64.116,raw,52,8.7552,2.5015,1.4281
64.116,raw,56,8.7941,2.4008,1.4306
64.116,raw,60,8.6745,2.3230,1.4257
64.116,raw,63,8.5983,2.2613,1.4226
64.116,raw,67,8.4735,2.1798,1.4174
64.116,raw,70,8.3934,2.1156,1.4141
64.116,raw,74,8.2497,2.0315,1.4080
64.116,raw,77,8.1542,1.9653,1.4040
64.116,raw,81,8.0217,1.8751,1.3983
64.116,raw,84,7.8924,1.8075,1.3926
64.116,raw,88,-10.0198,2.7038,0.5764
64.116,raw,91,-9.9839,2.4701,0.5786
64.116,raw,95,-9.7218,2.1520,0.5911
64.116,raw,98,-9.7145,1.9227,0.5917
64.116,raw,102,-9.6347,1.6162,0.5957
64.116,raw,105,-9.6057,1.3878,0.5971
64.116,raw,109,-9.4179,1.0849,0.6057
64.116,raw,112,-9.3667,0.8592,0.6079
64.116,raw,116,-9.2869,0.5600,0.6113
64.116,raw,120,-9.2586,0.2606,0.6122
64.116,raw,123,-9.0719,0.0437,0.6202
64.116,raw,127,-9.0253,-0.2522,0.6217
64.116,raw,130,-8.9893,-0.4736,0.6227
64.116,raw,134,-8.7920,-0.7567,0.6307
64.116,raw,137,-8.7620,-0.9765,0.6313
64.116,raw,141,-8.7168,-1.2687,0.6321
64.116,raw,144,-8.6842,-1.4877,0.6326
64.116,raw,148,-8.5380,-1.7675,0.6378
64.116,raw,151,-8.4307,-1.9759,0.6415
64.116,raw,155,-8.4448,-2.2732,0.6391
64.116,raw,158,-8.3145,-2.4764,0.6437
64.116,raw,162,-8.1630,-2.7481,0.6486
64.116,raw,165,-8.0364,-2.9481,0.6529
64.116,raw,169,-8.0334,-3.2420,0.6507
64.116,raw,172,-7.9281,-3.4437,0.6538
64.116,raw,176,-7.7859,-3.7106,0.6578
64.116,raw,180,-7.6377,-3.9741,0.6620
64.116,raw,183,-7.7150,-4.2120,0.6563
64.116,raw,187,-7.5854,-4.4784,0.6594
64.116,raw,190,-7.4513,-4.6683,0.6633
64.116,raw,194,-7.3374,-4.9356,0.6654
64.116,raw,197,-7.3830,-5.1699,0.6607
64.116,raw,201,-7.2591,-5.4343,0.6630
64.116,raw,204,-7.1578,-5.6294,0.6651
64.116,raw,208,-6.1507,-5.6288,0.7091
64.116,raw,211,-5.9509,-5.7837,0.7158
64.116,raw,215,-5.9326,-6.0654,0.7127
64.116,raw,218,-6.8460,-6.5828,0.6659
64.116,raw,222,-6.7118,-6.8397,0.6680
64.116,raw,225,-6.5765,-7.0195,0.6711
64.116,raw,229,-6.4390,-7.2729,0.6731
64.116,raw,232,-6.3276,-7.4591,0.6749
64.116,raw,236,-6.3035,-7.7546,0.6712
64.116,raw,240,-6.1608,-8.0046,0.6730
64.116,raw,243,-6.0470,-8.1886,0.6747
64.116,raw,247,-5.9048,-8.4371,0.6763
64.116,raw,250,-5.7840,-8.6167,0.6781
64.116,raw,254,-5.6377,-8.8617,0.6797
64.116,raw,257,-5.5344,-9.0478,0.6805
64.116,raw,261,-5.5799,-9.3821,0.6722
64.116,raw,264,-5.5234,-9.5921,0.6704
64.116,raw,268,-5.4535,-9.8760,0.6676
64.116,raw,271,-5.3910,-10.0849,0.6658
64.116,raw,275,-5.3134,-10.3676,0.6631
64.116,raw,278,-5.2284,-10.5663,0.6623
64.116,raw,282,-5.1425,-10.8470,0.6596
64.116,raw,285,-5.0981,-11.0698,0.6565
64.116,raw,289,-5.1372,-11.4255,0.6470
64.116,raw,292,-5.0674,-11.6378,0.6448
64.116,raw,296,-4.9911,-11.9325,0.6410
64.116,raw,300,-4.9162,-12.2303,0.6368
64.116,raw,303,-4.8241,-12.4328,0.6355
64.116,raw,307,-4.7437,-12.7310,0.6313
64.116,raw,310,-4.6783,-12.9531,0.6283
64.116,raw,314,-4.6036,-13.2597,0.6233
64.116,raw,317,-4.5152,-13.4695,0.6213
64.116,raw,321,-4.4483,-13.7866,0.6155
64.116,raw,324,-4.3547,-13.9956,0.6135
64.116,raw,328,-4.2840,-14.3156,0.6075
64.116,raw,331,-4.2115,-14.5435,0.6040
64.116,raw,335,-4.2625,-14.9634,0.5906
64.116,raw,338,-4.2446,-15.2401,0.5836
64.116,raw,342,-4.2793,-15.6612,0.5704
64.116,raw,345,-4.2570,-15.9433,0.5632
64.116,raw,349,-4.2450,-16.3399,0.5521
64.116,raw,353,-4.2705,-16.7758,0.5384
64.116,raw,356,-4.2518,-17.0761,0.5302
64.116,raw,360,-4.2553,-17.5081,0.5171
64.116,raw,363,-4.2771,-17.8553,0.5058
64.116,raw,367,-16.8287,12.4719,1.0169
64.116,raw,370,-16.6716,12.0990,1.0228
64.116,raw,374,-16.4453,11.6040,1.0308
64.116,raw,377,-16.3069,11.2480,1.0361
64.116,raw,381,-13.2333,9.9404,1.1093
64.116,raw,384,-13.4577,9.7231,1.1059
64.116,raw,388,-15.7994,9.9783,1.0545
64.116,raw,391,-15.6766,9.6455,1.0590
64.116,raw,395,8.2072,3.3379,1.6042
64.116,raw,398,8.2563,3.2475,1.6057
64.116,raw,402,8.3315,3.1267,1.6079
64.116,raw,405,8.4017,3.0347,1.6098
64.116,raw,409,8.4741,2.9187,1.6119
64.116,raw,413,8.5605,2.8022,1.6143
64.116,raw,416,8.6066,2.7199,1.6156
64.116,raw,420,8.6705,2.6115,1.6175
64.116,raw,423,8.7543,2.5255,1.6196
64.116,raw,427,8.8264,2.4195,1.6215
64.116,raw,430,8.7268,2.3633,1.6195
64.116,raw,434,8.6132,2.2833,1.6173
64.116,raw,437,8.5111,2.2239,1.6152
64.116,raw,441,8.4086,2.1384,1.6132
64.116,raw,444,8.3163,2.0745,1.6113
64.116,raw,448,8.1777,1.9883,1.6085
64.116,raw,451,8.0983,1.9197,1.6068
64.116,raw,455,7.9513,1.8291,1.6038
64.116,raw,458,7.8537,1.7583,1.6017
64.116,raw,462,-13.2537,2.7109,1.1355
64.116,raw,465,-12.9252,2.4374,1.1430
64.116,raw,469,-12.8581,2.0930,1.1447
64.116,raw,473,-12.7718,1.7499,1.1468
64.116,raw,476,-10.1454,1.4691,1.2048
64.116,raw,480,-10.2164,1.1589,1.2033
64.116,raw,483,-12.5921,0.9011,1.1508
64.116,raw,487,-12.5093,0.5646,1.1526
64.116,raw,490,-12.4439,0.3135,1.1539
64.116,raw,494,-12.1370,-0.0105,1.1604
64.116,raw,497,-12.0680,-0.2573,1.1616
64.116,raw,501,-12.0370,-0.5886,1.1619
64.116,raw,504,-11.9567,-0.8329,1.1633
64.116,raw,508,-11.8872,-1.1600,1.1643
64.116,raw,511,-11.8470,-1.4057,1.1647
64.116,raw,515,-11.7775,-1.7313,1.1655
64.116,raw,518,-11.6822,-1.9701,1.1671
64.116,raw,522,-11.5438,-2.2854,1.1693
64.116,raw,525,-11.4274,-2.5186,1.1712
64.116,raw,529,-11.2698,-2.8269,1.1737
64.116,raw,533,-11.1382,-3.1367,1.1756
64.116,raw,536,-11.0372,-3.3674,1.1770
64.116,raw,540,-11.1222,-3.7119,1.1738
64.116,raw,543,-11.0072,-3.9394,1.1755
64.116,raw,547,-10.8758,-4.2452,1.1770
64.116,raw,550,-10.7673,-4.4714,1.1784
64.116,raw,554,-10.6267,-4.7722,1.1801
64.116,raw,557,-10.5083,-4.9938,1.1815
64.116,raw,561,-10.3867,-5.2960,1.1826
64.116,raw,564,-10.2819,-5.5185,1.1837
64.116,raw,568,-10.1502,-5.8160,1.1849
64.116,raw,571,-10.1999,-6.0783,1.1824
64.116,raw,575,-10.0428,-6.3683,1.1840
64.116,raw,578,-9.9078,-6.5797,1.1856
64.116,raw,582,-5.9118,-5.7003,1.2757
64.116,raw,585,-5.8446,-5.8939,1.2758
64.116,raw,589,-9.4548,-7.3578,1.1901
64.116,raw,593,-9.2995,-7.6406,1.1914
64.116,raw,596,-9.1906,-7.8545,1.1921
64.116,raw,600,-9.0302,-8.1333,1.1934
64.116,raw,603,-8.9128,-8.3426,1.1942
64.116,raw,607,-8.7419,-8.6150,1.1957
64.116,raw,610,-8.8430,-8.9087,1.1912
64.116,raw,614,-8.6739,-9.1823,1.1924
64.116,raw,617,-8.5530,-9.3890,1.1932
64.116,raw,621,-8.4067,-9.6702,1.1937
64.116,raw,624,-8.2810,-9.8737,1.1945
64.116,raw,628,-8.1086,-10.1418,1.1955
64.116,raw,631,-7.9994,-10.3515,1.1958
64.116,raw,635,-7.8595,-10.6336,1.1959
64.116,raw,638,-7.7285,-10.8323,1.1966
64.116,raw,642,-7.5858,-11.1124,1.1967
64.116,raw,645,-7.4815,-11.3238,1.1966
64.116,raw,649,-7.2924,-11.5794,1.1977
64.116,raw,653,-7.1554,-11.8621,1.1974
64.116,raw,656,-7.0496,-12.0727,1.1972
64.116,raw,660,-6.9706,-12.3893,1.1953
64.116,raw,663,-6.9217,-12.6342,1.1935
64.116,raw,667,-6.8244,-12.9442,1.1919
64.116,raw,670,-6.9334,-13.2891,1.1859
64.116,raw,674,-6.8958,-13.6431,1.1825
64.116,raw,677,-6.9303,-13.9513,1.1782
64.116,raw,681,-6.9356,-14.3419,1.1734
64.116,raw,684,-7.4359,-14.9698,1.1566
64.116,raw,688,-9.1442,-16.5435,1.1059
64.116,raw,691,-9.0709,-16.8230,1.1037
64.116,raw,695,-8.9901,-17.2109,1.1002
64.116,raw,698,-8.9099,-17.4907,1.0981
64.116,raw,702,-8.8237,-17.8824,1.0945
64.116,raw,706,-8.7300,-18.2731,1.0909
64.116,raw,709,-8.6532,-18.5642,1.0884
64.116,raw,713,-8.5622,-18.9654,1.0845
64.116,raw,716,-8.4771,-19.2562,1.0819
64.116,raw,720,-8.3838,-19.6646,1.0778
64.116,raw,723,-8.3051,-19.9673,1.0749
64.116,raw,727,-8.2113,-20.3852,1.0705
64.116,raw,730,-8.1138,-20.6790,1.0678
64.116,raw,734,-7.9878,-21.0785,1.0641
64.116,raw,737,-7.8963,-21.3844,1.0610
64.116,raw,741,-7.7790,-21.8018,1.0567
64.116,raw,744,-7.6590,-22.0886,1.0543
64.116,raw,748,-7.5371,-22.5121,1.0497
64.116,raw,751,-7.4645,-22.8528,1.0456
64.116,raw,755,-7.3267,-23.2728,1.0412
64.116,raw,758,-7.2123,-23.5807,1.0381
64.116,raw,762,-6.8937,-23.8216,1.0391
64.116,raw,766,-6.5697,-24.0551,1.0402
64.116,raw,769,-6.3295,-24.2323,1.0409
64.116,raw,773,-5.9938,-24.4498,1.0423
64.116,raw,776,-5.7470,-24.6173,1.0432
64.116,raw,780,-5.4208,-24.8425,1.0441
64.116,raw,783,-5.1663,-24.9987,1.0451
64.116,raw,787,-4.8468,-25.2293,1.0457
64.116,raw,790,-4.6111,-25.4065,1.0459
64.116,raw,794,-4.3108,-25.6602,1.0457
64.116,raw,797,-4.0685,-25.8287,1.0460
64.116,raw,801,-3.7532,-26.0629,1.0461
64.116,raw,804,-3.5177,-26.2398,1.0461
64.116,raw,808,-3.2112,-26.4863,1.0457
64.116,raw,811,-2.9819,-26.6724,1.0453
64.116,raw,815,-2.6682,-26.9098,1.0450
64.116,raw,818,-2.4357,-27.0926,1.0446
64.116,raw,822,-2.1275,-27.3398,1.0439
64.116,raw,826,-1.8222,-27.5932,1.0429
64.116,raw,829,-1.5827,-27.7679,1.0425
64.116,raw,833,-1.2633,-28.0016,1.0419
64.116,raw,836,-1.0238,-28.1779,1.0413
64.116,raw,840,-0.6639,-28.3458,1.0422
64.116,raw,843,-0.3938,-28.4702,1.0429
64.116,raw,847,-0.0414,-28.6484,1.0433
64.116,raw,850,0.2244,-28.7787,1.0437
64.116,raw,854,0.5803,-28.9487,1.0441
64.116,raw,857,0.8527,-29.0654,1.0447
64.116,raw,861,1.2055,-29.2397,1.0449
64.116,raw,864,1.4742,-29.3621,1.0452
64.116,raw,868,1.8302,-29.5293,1.0453
64.116,raw,871,2.0715,-29.7083,1.0441
64.116,raw,875,2.4012,-29.9335,1.0427
64.116,raw,878,2.6557,-30.0887,1.0419
64.116,raw,882,3.0057,-30.2739,1.0413
64.116,raw,886,3.3309,-30.5194,1.0392
64.116,raw,889,3.5897,-30.6712,1.0383
64.116,raw,893,3.9159,-30.9236,1.0359
64.116,raw,896,4.1734,-31.0850,1.0347
64.116,raw,900,8.1833,3.3702,1.8121
64.116,raw,903,8.2340,3.2790,1.8120
64.116,raw,907,8.3150,3.1562,1.8118
64.116,raw,910,8.3673,3.0676,1.8117
64.116,raw,914,8.4519,2.9483,1.8116
64.116,raw,917,8.5266,2.8583,1.8115
64.116,raw,921,8.5836,2.7487,1.8114
64.116,raw,924,8.6585,2.6619,1.8112
64.116,raw,928,8.7187,2.5552,1.8111
64.116,raw,931,8.7691,2.4756,1.8110
64.116,raw,935,8.7708,2.3806,1.8110
64.116,raw,938,8.6659,2.3242,1.8112
64.116,raw,942,8.5530,2.2429,1.8113
64.116,raw,946,8.4296,2.1605,1.8114
64.116,raw,949,8.3391,2.0968,1.8116
64.116,raw,953,8.2121,2.0102,1.8117
64.116,raw,956,8.1126,1.9438,1.8118
64.116,raw,960,7.9861,1.8522,1.8120
64.116,raw,963,7.8702,1.7832,1.8122
64.116,raw,967,-10.4764,1.3938,1.8370
64.116,raw,970,-10.2688,1.1588,1.8367
64.116,raw,974,-18.1381,-2.1817,1.8476
64.116,raw,977,-17.4915,-2.9174,1.8468
64.116,raw,981,-17.5910,-5.3616,1.8475
64.116,raw,984,-13.0652,-6.3003,1.8417
64.116,raw,988,8.2061,3.3119,2.0198
64.116,raw,991,8.2801,3.2159,2.0174
64.116,raw,995,8.3530,3.0963,2.0150
64.116,raw,998,8.4387,3.0014,2.0124
64.116,raw,1002,8.5001,2.8884,2.0104
64.116,raw,1006,8.5833,2.7733,2.0078
64.116,raw,1009,8.6390,2.6897,2.0061
64.116,raw,1013,8.7032,2.5818,2.0040
64.116,raw,1016,8.7588,2.5010,2.0024
64.116,raw,1020,8.7937,2.4008,2.0011
64.116,raw,1023,8.6973,2.3437,2.0033
64.116,raw,1027,8.5955,2.2616,2.0055
64.116,raw,1030,8.5129,2.1995,2.0074
64.116,raw,1034,8.3617,2.1190,2.0109
64.116,raw,1037,8.2925,2.0521,2.0124
64.116,raw,1041,8.1545,1.9653,2.0156
64.116,raw,1044,8.0564,1.8978,2.0179
64.116,raw,1048,7.8992,1.8070,2.0216
64.116,raw,1051,-17.8978,0.0472,2.6608
64.116,raw,1055,-15.7384,-5.9836,3.4082
65.226,raw,0,21.8722,13.7360,0.5525
65.226,raw,3,21.6928,13.5922,0.5709
65.226,raw,7,24.2484,15.2011,0.7099
65.226,raw,10,24.1556,15.3189,0.7056
65.226,raw,14,23.3345,14.7520,0.7657
65.226,raw,18,22.5004,14.2225,0.8226
65.226,raw,21,21.6996,13.6099,0.8825
65.226,raw,25,8.4673,3.0666,1.4046
65.226,raw,29,8.5449,2.9484,1.4092
65.226,raw,32,8.5973,2.8624,1.4123
65.226,raw,36,8.6493,2.7530,1.4156
65.226,raw,40,8.5495,2.6720,1.4118
65.226,raw,43,8.4794,2.6091,1.4091
65.226,raw,47,8.3455,2.5300,1.4037
65.226,raw,51,8.2202,2.4469,1.3986
65.226,raw,54,8.1165,2.3841,1.3943
65.226,raw,58,7.9758,2.2982,1.3885
65.226,raw,61,7.8873,2.2298,1.3848
65.226,raw,65,7.7378,2.1398,1.3785
65.226,raw,69,-11.3151,3.2783,0.5100
65.226,raw,72,-11.2566,3.0296,0.5135
65.226,raw,76,-11.1791,2.7000,0.5179
65.226,raw,80,-11.0869,2.3720,0.5228
65.226,raw,83,-10.4423,2.1084,0.5526
65.226,raw,87,-10.3628,1.7914,0.5566
65.226,raw,91,-10.6967,1.4808,0.5416
65.226,raw,94,-10.6487,1.2423,0.5439
65.226,raw,98,-10.5780,0.9257,0.5470
65.226,raw,102,-10.3238,0.6145,0.5584
65.226,raw,105,-10.2667,0.3809,0.5607
65.226,raw,109,-10.2158,0.0696,0.5625
65.226,raw,113,-10.1493,-0.2399,0.5649
65.226,raw,116,-9.9246,-0.4605,0.5745
65.226,raw,120,-9.8769,-0.7674,0.5757
65.226,raw,123,-9.8302,-0.9963,0.5770
65.226,raw,127,-9.6011,-1.2852,0.5863
65.226,raw,131,-9.5489,-1.5879,0.5873
65.226,raw,134,-9.5004,-1.8137,0.5884
65.226,raw,138,-9.3998,-2.1095,0.5913
65.226,raw,142,-9.2390,-2.3956,0.5969
65.226,raw,145,-9.0992,-2.6056,0.6018
65.226,raw,149,-9.0938,-2.9111,0.6000
65.226,raw,153,-8.9250,-3.1900,0.6055
65.226,raw,156,-8.7895,-3.3957,0.6100
65.226,raw,160,-8.8032,-3.7043,0.6068
65.226,raw,164,-8.6129,-3.9733,0.6130
65.226,raw,167,-8.4979,-4.1789,0.6162
65.226,raw,171,-8.3383,-4.4496,0.6207
65.226,raw,175,-8.3336,-4.7545,0.6178
65.226,raw,178,-8.2214,-4.9577,0.6206
65.226,raw,182,-8.0728,-5.2271,0.6242
65.226,raw,185,-7.9266,-5.4188,0.6284
65.226,raw,189,-6.1986,-5.2453,0.7064
65.226,raw,193,-6.1270,-5.5121,0.7062
65.226,raw,196,-7.6514,-6.1857,0.6310
65.226,raw,200,-7.4701,-6.4385,0.6355
65.226,raw,204,-7.3118,-6.6963,0.6388
65.226,raw,207,-7.3264,-6.9332,0.6348
65.226,raw,211,-7.1306,-7.1767,0.6397
65.226,raw,215,-6.9749,-7.4322,0.6425
65.226,raw,218,-6.8407,-7.6163,0.6453
65.226,raw,222,-6.6485,-7.8550,0.6497
65.226,raw,226,-6.6708,-8.1765,0.6434
65.226,raw,229,-6.5142,-8.3493,0.6471
65.226,raw,233,-6.3308,-8.5881,0.6507
65.226,raw,237,-6.1756,-8.8373,0.6527
65.226,raw,240,-6.0510,-9.0197,0.6546
65.226,raw,244,-5.9341,-9.2845,0.6545
65.226,raw,247,-5.8841,-9.5007,0.6524
65.226,raw,251,-5.9155,-9.8377,0.6445
65.226,raw,255,-5.8193,-10.1158,0.6429
65.226,raw,258,-5.7467,-10.3248,0.6416
65.226,raw,262,-5.6494,-10.6041,0.6397
65.226,raw,266,-5.5413,-10.8788,0.6382
65.226,raw,269,-5.4922,-11.1028,0.6353
65.226,raw,273,-5.3945,-11.3854,0.6329
65.226,raw,277,-5.2868,-11.6637,0.6309
65.226,raw,280,-5.2130,-11.8773,0.6289
65.226,raw,284,-5.2549,-12.2484,0.6186
65.226,raw,288,-5.1696,-12.5467,0.6148
65.226,raw,291,-5.0815,-12.7567,0.6131
65.226,raw,295,-4.9754,-13.0453,0.6101
65.226,raw,299,-4.8791,-13.3423,0.6063
65.226,raw,302,-4.8052,-13.5654,0.6035
65.226,raw,306,-4.6784,-13.8453,0.6010
65.226,raw,309,-4.6070,-14.0731,0.5977
65.226,raw,313,-4.5271,-14.3903,0.5923
65.226,raw,317,-4.4240,-14.6938,0.5879
65.226,raw,320,-4.4171,-14.9766,0.5804
65.226,raw,324,-4.3856,-15.3419,0.5714
65.226,raw,328,-4.5756,-15.8888,0.5493
65.226,raw,331,-4.5955,-16.2096,0.5394
65.226,raw,335,-4.5559,-16.5900,0.5299
65.226,raw,339,-4.5333,-16.9912,0.5189
65.226,raw,342,-4.5207,-17.3007,0.5102
65.226,raw,346,-13.3272,10.8695,1.0986
65.226,raw,350,-13.3049,10.4804,1.1016
65.226,raw,353,8.0210,3.7388,1.5951
65.226,raw,357,8.1103,3.6038,1.5978
65.226,raw,361,8.2062,3.4699,1.6006
65.226,raw,364,8.2427,3.3804,1.6019
65.226,raw,368,8.3501,3.2487,1.6049
65.226,raw,371,8.3963,3.1598,1.6063
65.226,raw,375,8.4751,3.0394,1.6086
65.226,raw,379,8.5613,2.9198,1.6110
65.226,raw,382,8.5883,2.8393,1.6119
65.226,raw,386,8.6355,2.7309,1.6134
65.226,raw,390,8.5276,2.6509,1.6114
65.226,raw,393,8.4344,2.5915,1.6096
65.226,raw,397,8.3044,2.5110,1.6070
65.226,raw,401,8.1716,2.4281,1.6044
65.226,raw,404,8.0675,2.3647,1.6023
65.226,raw,408,7.9470,2.2755,1.5999
65.226,raw,412,7.8012,2.1864,1.5969
65.226,raw,415,7.7220,2.1146,1.5954
65.226,raw,419,-15.7356,4.0772,1.0759
65.226,raw,423,-15.5460,3.6844,1.0808
65.226,raw,426,-15.4298,3.3948,1.0838
65.226,raw,430,-15.3055,3.0140,1.0871
65.226,raw,433,-15.1948,2.7298,1.0898
65.226,raw,437,-10.5049,2.1895,1.1937
65.226,raw,441,-10.2471,1.8671,1.1996
65.226,raw,444,-10.4111,1.6351,1.1961
65.226,raw,448,-14.2604,1.3384,1.1112
65.226,raw,452,-14.1741,0.9802,1.1131
65.226,raw,455,-14.0979,0.7129,1.1148
65.226,raw,459,-13.9889,0.3587,1.1170
65.226,raw,463,-13.9006,0.0060,1.1187
65.226,raw,466,-13.8092,-0.2562,1.1205
65.226,raw,470,-13.4668,-0.5907,1.1276
65.226,raw,474,-13.3466,-0.9335,1.1298
65.226,raw,477,-13.2815,-1.1910,1.1308
65.226,raw,481,-13.1671,-1.5308,1.1327
65.226,raw,485,-13.0626,-1.8696,1.1342
65.226,raw,488,-12.9922,-2.1235,1.1352
65.226,raw,492,-12.8769,-2.4583,1.1369
65.226,raw,495,-12.7599,-2.7043,1.1387
65.226,raw,499,-12.5673,-3.0248,1.1420
65.226,raw,503,-12.3845,-3.3434,1.1450
65.226,raw,506,-12.2693,-3.5839,1.1466
65.226,raw,510,-12.0770,-3.8958,1.1497
65.226,raw,514,-11.8972,-4.2068,1.1523
65.226,raw,517,-12.0084,-4.4865,1.1488
65.226,raw,521,-11.8237,-4.7947,1.1514
65.226,raw,525,-11.6152,-5.0948,1.1545
65.226,raw,528,-11.4721,-5.3207,1.1565
65.226,raw,532,-11.2622,-5.6149,1.1595
65.226,raw,536,-11.0679,-5.9099,1.1621
65.226,raw,539,-10.9083,-6.1256,1.1644
65.226,raw,543,-6.1888,-5.1710,1.2704
65.226,raw,547,-6.0834,-5.4277,1.2711
65.226,raw,550,-10.5808,-6.9782,1.1663
65.226,raw,554,-10.4104,-7.2712,1.1680
65.226,raw,557,-10.2628,-7.4833,1.1697
65.226,raw,561,-10.0716,-7.7659,1.1718
65.226,raw,565,-9.8782,-8.0454,1.1738
65.226,raw,568,-9.7415,-8.2566,1.1752
65.226,raw,572,-9.5532,-8.5342,1.1770
65.226,raw,576,-9.3664,-8.8105,1.1787
65.226,raw,579,-9.2347,-9.0197,1.1798
65.226,raw,583,-9.0466,-9.2922,1.1814
65.226,raw,587,-9.0658,-9.6494,1.1780
65.226,raw,590,-8.9343,-9.8575,1.1789
65.226,raw,594,-8.7618,-10.1351,1.1800
65.226,raw,598,-8.5853,-10.4097,1.1810
65.226,raw,601,-8.4303,-10.6044,1.1824
65.226,raw,605,-8.2681,-10.8835,1.1830
65.226,raw,608,-8.1315,-11.0851,1.1837
65.226,raw,612,-7.9553,-11.3558,1.1846
65.226,raw,616,-7.7713,-11.6216,1.1855
65.226,raw,619,-7.6417,-11.8246,1.1860
65.226,raw,623,-7.5182,-12.1216,1.1853
65.226,raw,627,-7.4470,-12.4487,1.1832
65.226,raw,630,-7.3560,-12.6743,1.1825
65.226,raw,634,-7.2545,-12.9877,1.1809
65.226,raw,638,-7.2799,-13.3793,1.1760
65.226,raw,641,-7.2836,-13.6676,1.1727
65.226,raw,645,-9.8363,-15.6598,1.1016
65.226,raw,649,-9.7447,-16.0337,1.0989
65.226,raw,652,-9.6566,-16.3036,1.0973
65.226,raw,656,-9.5476,-16.6717,1.0948
65.226,raw,660,-9.4169,-17.0280,1.0927
65.226,raw,663,-9.3550,-17.3224,1.0901
65.226,raw,667,-9.2239,-17.6838,1.0878
65.226,raw,670,-9.1399,-17.9673,1.0857
65.226,raw,674,-9.0314,-18.3514,1.0825
65.226,raw,678,-8.9083,-18.7284,1.0796
65.226,raw,681,-8.8094,-19.0085,1.0776
65.226,raw,685,-8.6813,-19.3884,1.0746
65.226,raw,689,-8.5980,-19.8091,1.0702
65.226,raw,692,-8.4778,-20.0804,1.0684
65.226,raw,696,-8.3089,-20.4376,1.0661
65.226,raw,700,-8.1785,-20.8317,1.0626
65.226,raw,703,-8.0936,-21.1420,1.0595
65.226,raw,707,-7.9324,-21.5172,1.0566
65.226,raw,711,-7.7889,-21.9131,1.0530
65.226,raw,714,-7.6957,-22.2272,1.0497
65.226,raw,718,-7.5339,-22.6151,1.0464
65.226,raw,722,-7.2691,-22.9055,1.0460
65.226,raw,725,-7.0104,-23.0628,1.0476
65.226,raw,729,-6.6625,-23.2668,1.0497
65.226,raw,732,-6.3920,-23.4076,1.0516
65.226,raw,736,-6.0617,-23.6248,1.0531
65.226,raw,740,-5.7274,-23.8354,1.0547
65.226,raw,743,-5.4640,-23.9775,1.0562
65.226,raw,747,-5.1501,-24.2070,1.0570
65.226,raw,751,-4.8415,-24.4416,1.0575
65.226,raw,754,-4.5814,-24.5828,1.0588
65.226,raw,758,-4.2772,-24.8207,1.0591
65.226,raw,762,-3.9478,-25.0267,1.0601
65.226,raw,765,-3.7077,-25.1891,1.0606
65.226,raw,769,-3.3861,-25.4026,1.0612
65.226,raw,773,-3.0524,-25.5992,1.0621
65.226,raw,776,-2.8351,-25.7903,1.0616
65.226,raw,780,-2.5083,-25.9947,1.0622
65.226,raw,784,-2.1864,-26.2051,1.0625
65.226,raw,787,-1.9229,-26.3303,1.0635
65.226,raw,791,-1.5531,-26.4676,1.0656
65.226,raw,794,-1.2740,-26.5653,1.0672
65.226,raw,798,-0.9047,-26.6965,1.0692
65.226,raw,802,-0.5453,-26.8398,1.0708
65.226,raw,805,-0.2855,-26.9611,1.0715
65.226,raw,809,0.0658,-27.1130,1.0727
65.226,raw,813,0.3965,-27.2981,1.0728
65.226,raw,816,0.6488,-27.4291,1.0731
65.226,raw,820,0.9654,-27.6390,1.0725
65.226,raw,824,1.3022,-27.8131,1.0727
65.226,raw,827,1.5561,-27.9409,1.0728
65.226,raw,831,1.8814,-28.1366,1.0723
65.226,raw,835,2.2062,-28.3348,1.0717
65.226,raw,838,2.4552,-28.4734,1.0713
65.226,raw,842,2.7857,-28.6624,1.0708
65.226,raw,846,3.1144,-28.8568,1.0699
65.226,raw,849,3.3712,-28.9814,1.0698
65.226,raw,853,3.6974,-29.1850,1.0686
65.226,raw,856,3.9496,-29.3222,1.0680
65.226,raw,860,4.2541,-29.5840,1.0653
65.226,raw,864,4.5465,-29.8840,1.0616
65.226,raw,867,4.7674,-30.1118,1.0587
65.226,raw,871,5.0756,-30.3896,1.0554
65.226,raw,875,5.3738,-30.7051,1.0511
65.226,raw,878,5.5998,-30.9438,1.0479
65.226,raw,882,5.9183,-31.2240,1.0443
65.226,raw,886,6.3094,-31.2950,1.0456
65.226,raw,889,6.5426,-31.5341,1.0421
65.226,raw,893,6.8478,-31.8867,1.0367
65.226,raw,897,8.0494,3.7030,1.8125
65.226,raw,900,8.0984,3.6070,1.8124
65.226,raw,904,8.1844,3.4756,1.8123
65.226,raw,908,8.2729,3.3464,1.8121
65.226,raw,911,8.3021,3.2601,1.8120
65.226,raw,915,8.4035,3.1323,1.8119
65.226,raw,918,8.4824,3.0378,1.8117
65.226,raw,922,8.5618,2.9197,1.8116
65.226,raw,926,8.6241,2.8073,1.8115
65.226,raw,929,8.6500,2.7282,1.8114
65.226,raw,933,8.5257,2.6512,1.8116
65.226,raw,937,8.4048,2.5712,1.8117
65.226,raw,940,8.2970,2.5121,1.8119
65.226,raw,944,8.1610,2.4296,1.8120
65.226,raw,948,8.0308,2.3435,1.8122
65.226,raw,951,7.9444,2.2758,1.8123
65.226,raw,955,7.8098,2.1855,1.8125
65.226,raw,959,7.6561,2.0942,1.8126
65.226,raw,962,-17.7813,-0.9440,1.8471
65.226,raw,966,-18.3239,-1.4867,1.8479
65.226,raw,970,-18.1069,-2.1809,1.8477
65.226,raw,973,-17.7054,-4.1663,1.8475
65.226,raw,977,-16.0088,-5.3696,1.8455
65.226,raw,980,8.0607,3.6723,2.0287
65.226,raw,984,8.1575,3.5367,2.0255
65.226,raw,988,8.2231,3.4121,2.0231
65.226,raw,991,8.2841,3.3172,2.0211
65.226,raw,995,8.3684,3.1922,2.0183
65.226,raw,999,8.4412,3.0724,2.0159
65.226,raw,1002,8.4877,2.9857,2.0143
65.226,raw,1006,8.5771,2.8665,2.0116
65.226,raw,1010,8.6625,2.7505,2.0089
65.226,raw,1013,8.5781,2.6918,2.0107
65.226,raw,1017,8.4599,2.6124,2.0133
65.226,raw,1021,8.3257,2.5331,2.0163
65.226,raw,1024,8.2351,2.4703,2.0182
65.226,raw,1028,8.1143,2.3844,2.0209
65.226,raw,1032,7.9739,2.2984,2.0241
65.226,raw,1035,7.8640,2.2325,2.0266
65.226,raw,1039,7.7454,2.1390,2.0293
65.226,raw,1042,-15.9887,-5.3656,2.6322
65.226,raw,1046,-18.3049,1.4585,3.5004
65.226,raw,1050,-18.1592,1.0538,3.4933
65.226,raw,1053,-18.0804,0.7520,3.4897
65.226,raw,1057,-17.7171,0.2581,3.4726
65.226,raw,1061,-17.5631,-0.1349,3.4658
65.226,raw,1064,-17.4802,-0.4292,3.4624
65.226,raw,1068,-17.3604,-0.8191,3.4576
65.226,raw,1072,-17.2332,-1.2063,3.4527
65.226,raw,1075,-17.1526,-1.4964,3.4499
65.226,raw,1079,-17.0095,-1.8783,3.4446
65.226,raw,1083,-16.8967,-2.2609,3.4409
65.226,raw,1086,-16.8774,-2.5539,3.4415
65.226,raw,1090,-17.4865,-5.8699,3.4955
66.464,raw,0,21.9248,13.5726,0.5435
66.464,raw,3,21.7538,13.4431,0.5602
66.464,raw,6,24.3240,15.0635,0.7029
66.464,raw,10,23.4807,14.5377,0.7608
66.464,raw,13,22.7449,14.1217,0.8074
66.464,raw,17,22.5573,14.0986,0.8138
66.464,raw,20,21.7704,13.4890,0.8725
66.464,raw,23,8.5235,2.5856,1.3965
66.464,raw,27,8.4008,2.5050,1.3917
66.464,raw,30,8.3111,2.4425,1.3882
66.464,raw,34,8.1797,2.3590,1.3830
66.464,raw,37,8.0814,2.2946,1.3790
66.464,raw,40,7.9717,2.2304,1.3745
66.464,raw,44,7.8566,2.1378,1.3700
66.464,raw,47,7.7447,2.0702,1.3653
66.464,raw,51,-10.3665,2.0165,0.5434
66.464,raw,54,-10.3471,1.7777,0.5447
66.464,raw,57,-11.2894,1.0718,0.5025
66.464,raw,61,-11.2037,0.7444,0.5065
66.464,raw,64,-11.1497,0.4999,0.5088
66.464,raw,68,-11.0736,0.1755,0.5120
66.464,raw,71,-11.0283,-0.0672,0.5138
66.464,raw,74,-10.7564,-0.2999,0.5258
66.464,raw,78,-10.6972,-0.6191,0.5278
66.464,raw,81,-10.6431,-0.8573,0.5296
66.464,raw,85,-10.5824,-1.1747,0.5314
66.464,raw,88,-10.3290,-1.3952,0.5421
66.464,raw,91,-10.2661,-1.6288,0.5441
66.464,raw,95,-10.2029,-1.9412,0.5456
66.464,raw,98,-9.9716,-2.1548,0.5550
66.464,raw,102,-9.9011,-2.4630,0.5566
66.464,raw,105,-9.8534,-2.6944,0.5574
66.464,raw,108,-9.7949,-2.9239,0.5587
66.464,raw,112,-9.6345,-3.2168,0.5640
66.464,raw,115,-9.5008,-3.4325,0.5685
66.464,raw,119,-9.4687,-3.7426,0.5676
66.464,raw,122,-9.3334,-3.9554,0.5720
66.464,raw,125,-9.1643,-4.1602,0.5779
66.464,raw,129,-8.9777,-4.4375,0.5838
66.464,raw,132,-9.0238,-4.6826,0.5795
66.464,raw,136,-8.8415,-4.9579,0.5849
66.464,raw,139,-8.6894,-5.1589,0.5897
66.464,raw,142,-8.5481,-5.3608,0.5938
66.464,raw,146,-6.3815,-5.1268,0.6921
66.464,raw,149,-6.1741,-5.2894,0.6994
66.464,raw,153,-6.2007,-5.5850,0.6947
66.464,raw,156,-8.0457,-6.3264,0.6048
66.464,raw,159,-7.8792,-6.5136,0.6097
66.464,raw,163,-7.8758,-6.8269,0.6058
66.464,raw,166,-7.7460,-7.0233,0.6087
66.464,raw,170,-7.5123,-7.2633,0.6155
66.464,raw,173,-7.3716,-7.4526,0.6189
66.464,raw,176,-7.2336,-7.6416,0.6220
66.464,raw,180,-7.2127,-7.9504,0.6183
66.464,raw,183,-7.0512,-8.1293,0.6224
66.464,raw,187,-6.8913,-8.3866,0.6251
66.464,raw,190,-6.7324,-8.5634,0.6289
66.464,raw,193,-6.5951,-8.7472,0.6316
66.464,raw,197,-6.3917,-8.9823,0.6361
66.464,raw,200,-6.4303,-9.2384,0.6300
66.464,raw,204,-6.2761,-9.4935,0.6318
66.464,raw,207,-6.2002,-9.7020,0.6311
66.464,raw,210,-6.1090,-9.9039,0.6311
66.464,raw,214,-6.0166,-10.1868,0.6294
66.464,raw,217,-5.9254,-10.3891,0.6292
66.464,raw,221,-5.8296,-10.6719,0.6274
66.464,raw,224,-5.8699,-10.9419,0.6202
66.464,raw,227,-5.8145,-11.1651,0.6178
66.464,raw,231,-5.7062,-11.4458,0.6162
66.464,raw,234,-5.6045,-11.6458,0.6159
66.464,raw,238,-5.5242,-11.9438,0.6125
66.464,raw,241,-5.4259,-12.1467,0.6119
66.464,raw,244,-5.3441,-12.3597,0.6102
66.464,raw,248,-5.2370,-12.6459,0.6078
66.464,raw,251,-5.1614,-12.8645,0.6055
66.464,raw,255,-5.1959,-13.2426,0.5951
66.464,raw,258,-5.0940,-13.4483,0.5940
66.464,raw,261,-5.0093,-13.6659,0.5919
66.464,raw,265,-4.9111,-13.9673,0.5881
66.464,raw,268,-4.8059,-14.1735,0.5868
66.464,raw,272,-4.7109,-14.4810,0.5824
66.464,raw,275,-4.6736,-14.7376,0.5770
66.464,raw,278,-4.6595,-15.0136,0.5702
66.464,raw,282,-4.6223,-15.3728,0.5619
66.464,raw,285,-4.5849,-15.6386,0.5560
66.464,raw,289,-4.5504,-16.0092,0.5470
66.464,raw,292,-4.5309,-16.2961,0.5397
66.464,raw,295,-4.5007,-16.5780,0.5328
66.464,raw,299,-4.6935,-17.1506,0.5095
66.464,raw,302,-4.6558,-17.4377,0.5025
66.464,raw,306,8.0803,3.5673,1.5896
66.464,raw,309,8.1640,3.4576,1.5921
66.464,raw,312,8.2315,3.3544,1.5941
66.464,raw,316,8.3154,3.2210,1.5967
66.464,raw,319,8.3818,3.1218,1.5987
66.464,raw,323,8.4602,2.9946,1.6010
66.464,raw,326,8.5076,2.9035,1.6025
66.464,raw,329,8.5973,2.8039,1.6049
66.464,raw,333,8.6652,2.6854,1.6070
66.464,raw,336,8.6020,2.6214,1.6059
66.464,raw,340,8.4704,2.5440,1.6034
66.464,raw,343,8.3683,2.4848,1.6014
66.464,raw,346,8.2893,2.4199,1.6000
66.464,raw,350,8.1352,2.3397,1.5969
66.464,raw,353,8.0511,2.2725,1.5953
66.464,raw,357,7.9101,2.1850,1.5925
66.464,raw,360,7.8191,2.1155,1.5907
66.464,raw,363,7.7012,2.0480,1.5884
66.464,raw,367,-17.9592,4.7812,1.0189
66.464,raw,370,-17.8009,4.4580,1.0231
66.464,raw,374,-17.5735,4.0307,1.0290
66.464,raw,377,-17.4275,3.7164,1.0329
66.464,raw,380,-17.2799,3.4048,1.0366
66.464,raw,384,-17.0774,2.9937,1.0417
66.464,raw,387,-16.9143,2.6881,1.0457
66.464,raw,391,-10.2548,2.0118,1.1932
66.464,raw,394,-10.2997,1.7761,1.1924
66.464,raw,397,-16.4246,1.6931,1.0574
66.464,raw,401,-15.7205,1.2965,1.0731
66.464,raw,404,-15.5778,1.0118,1.0763
66.464,raw,408,-15.3909,0.6359,1.0804
66.464,raw,411,-15.2568,0.3567,1.0833
66.464,raw,414,-15.1449,0.0792,1.0857
66.464,raw,418,-14.9586,-0.2866,1.0895
66.464,raw,421,-14.8335,-0.5590,1.0920
66.464,raw,425,-14.6713,-0.9194,1.0952
66.464,raw,428,-14.5524,-1.1878,1.0975
66.464,raw,431,-14.0429,-1.4260,1.1084
66.464,raw,435,-13.8947,-1.7751,1.1110
66.464,raw,438,-13.8059,-2.0373,1.1125
66.464,raw,442,-13.6862,-2.3849,1.1143
66.464,raw,445,-13.6150,-2.6465,1.1153
66.464,raw,448,-13.5151,-2.9038,1.1168
66.464,raw,452,-13.3985,-3.2474,1.1184
66.464,raw,455,-13.2876,-3.5006,1.1200
66.464,raw,459,-13.0803,-3.8271,1.1235
66.464,raw,462,-12.9422,-4.0724,1.1257
66.464,raw,465,-12.7824,-4.3123,1.1283
66.464,raw,469,-12.5504,-4.6254,1.1321
66.464,raw,472,-12.3929,-4.8609,1.1346
66.464,raw,476,-12.1285,-5.1606,1.1390
66.464,raw,479,-12.1910,-5.4381,1.1364
66.464,raw,482,-12.0418,-5.6705,1.1385
66.464,raw,486,-11.8117,-5.9705,1.1420
66.464,raw,489,-11.6374,-6.1926,1.1446
66.464,raw,493,-6.2768,-5.1722,1.2648
66.464,raw,496,-6.1222,-5.3475,1.2672
66.464,raw,499,-6.2334,-5.5940,1.2634
66.464,raw,503,-10.8808,-7.2185,1.1549
66.464,raw,506,-10.7185,-7.4333,1.1570
66.464,raw,510,-10.7263,-7.7863,1.1546
66.464,raw,513,-10.5800,-8.0044,1.1563
66.464,raw,516,-10.4303,-8.2200,1.1579
66.464,raw,520,-10.2282,-8.5046,1.1602
66.464,raw,523,-10.0673,-8.7131,1.1620
66.464,raw,527,-9.8486,-8.9873,1.1645
66.464,raw,530,-9.7060,-9.1991,1.1659
66.464,raw,533,-9.5542,-9.4063,1.1674
66.464,raw,537,-9.3798,-9.6917,1.1687
66.464,raw,540,-9.2279,-9.8962,1.1701
66.464,raw,544,-9.0184,-10.1642,1.1721
66.464,raw,547,-8.8738,-10.3691,1.1733
66.464,raw,550,-8.9357,-10.6639,1.1695
66.464,raw,554,-8.6977,-10.9166,1.1720
66.464,raw,557,-8.5854,-11.1350,1.1722
66.464,raw,561,-8.3820,-11.4003,1.1738
66.464,raw,564,-8.2510,-11.6086,1.1744
66.464,raw,567,-8.0931,-11.8030,1.1756
66.464,raw,571,-7.8964,-12.0676,1.1769
66.464,raw,574,-7.7980,-12.2910,1.1765
66.464,raw,578,-7.6902,-12.6019,1.1754
66.464,raw,581,-7.5991,-12.8303,1.1747
66.464,raw,584,-7.5973,-13.1096,1.1718
66.464,raw,588,-7.5967,-13.4872,1.1677
66.464,raw,591,-8.3078,-14.1929,1.1463
66.464,raw,595,-9.7739,-15.4776,1.1039
66.464,raw,598,-9.8009,-15.8137,1.0996
66.464,raw,601,-9.6983,-16.0725,1.0985
66.464,raw,605,-9.5638,-16.4207,1.0968
66.464,raw,608,-9.7193,-16.8516,1.0888
66.464,raw,612,-9.6065,-17.2223,1.0863
66.464,raw,615,-9.4991,-17.4868,1.0850
66.464,raw,618,-9.3965,-17.7559,1.0835
66.464,raw,622,-9.2664,-18.1219,1.0812
66.464,raw,625,-9.1837,-18.4092,1.0789
66.464,raw,629,-9.0435,-18.7734,1.0766
66.464,raw,632,-8.9348,-19.0458,1.0749
66.464,raw,635,-8.8420,-19.3323,1.0727
66.464,raw,639,-8.7042,-19.7065,1.0700
66.464,raw,642,-8.5918,-19.9824,1.0681
66.464,raw,646,-8.4420,-20.3531,1.0655
66.464,raw,649,-8.3257,-20.6303,1.0636
66.464,raw,652,-8.2185,-20.9173,1.0613
66.464,raw,656,-8.0619,-21.2916,1.0585
66.464,raw,659,-7.9429,-21.5737,1.0564
66.464,raw,663,-7.7737,-21.9437,1.0537
66.464,raw,666,-7.6587,-22.2347,1.0512
66.464,raw,669,-7.5584,-22.5424,1.0482
66.464,raw,673,-7.2264,-22.7663,1.0500
66.464,raw,676,-6.9714,-22.9266,1.0516
66.464,raw,680,-6.5962,-23.1022,1.0547
66.464,raw,683,-6.3282,-23.2446,1.0567
66.464,raw,686,-6.0866,-23.4123,1.0577
66.464,raw,690,-5.7543,-23.6234,1.0594
66.464,raw,693,-5.5021,-23.7768,1.0607
66.464,raw,697,-5.1856,-24.0009,1.0617
66.464,raw,700,-4.9247,-24.1415,1.0633
66.464,raw,703,-4.6779,-24.2964,1.0643
66.464,raw,707,-4.3537,-24.5068,1.0654
66.464,raw,710,-4.1130,-24.6664,1.0662
66.464,raw,714,-3.7886,-24.8736,1.0672
66.464,raw,717,-3.5513,-25.0353,1.0677
66.464,raw,720,-3.3057,-25.1859,1.0685
66.464,raw,724,-2.9769,-25.3835,1.0695
66.464,raw,727,-2.7419,-25.5460,1.0698
66.464,raw,731,-2.3847,-25.7026,1.0718
66.464,raw,734,-2.1091,-25.8072,1.0735
66.464,raw,737,-1.8290,-25.9033,1.0754
66.464,raw,741,-1.4706,-26.0490,1.0773
66.464,raw,744,-1.1819,-26.1269,1.0795
66.464,raw,748,-0.8121,-26.2487,1.0818
66.464,raw,751,-0.5611,-26.3775,1.0825
66.464,raw,754,-0.3137,-26.5111,1.0830
66.464,raw,758,0.0104,-26.6972,1.0834
66.464,raw,761,0.2596,-26.8266,1.0838
66.464,raw,765,0.5848,-27.0096,1.0841
66.464,raw,768,0.8373,-27.1321,1.0846
66.464,raw,771,1.0801,-27.2707,1.0846
66.464,raw,775,1.4181,-27.4297,1.0853
66.464,raw,778,1.6619,-27.5660,1.0852
66.464,raw,782,1.9952,-27.7323,1.0855
66.464,raw,785,2.2391,-27.8684,1.0853
66.464,raw,788,2.4904,-27.9902,1.0855
66.464,raw,792,2.8175,-28.1685,1.0852
66.464,raw,795,3.0616,-28.3052,1.0849
66.464,raw,799,3.3804,-28.5025,1.0840
66.464,raw,802,3.6313,-28.6267,1.0839
66.464,raw,805,3.8901,-28.7333,1.0841
66.464,raw,809,4.1789,-29.0039,1.0812
66.464,raw,812,4.4025,-29.1957,1.0793
66.464,raw,816,4.6861,-29.4925,1.0757
66.464,raw,819,4.9154,-29.6808,1.0737
66.464,raw,822,5.1380,-29.8901,1.0713
66.464,raw,826,5.4358,-30.1754,1.0677
66.464,raw,829,5.6655,-30.3790,1.0653
66.464,raw,833,5.9571,-30.7006,1.0608
66.464,raw,836,6.1946,-30.8971,1.0585
66.464,raw,839,6.4266,-31.1156,1.0556
66.464,raw,843,6.7439,-31.3943,1.0520
66.464,raw,846,6.9720,-31.6427,1.0483
66.464,raw,850,7.3661,-31.6927,1.0498
66.464,raw,853,7.5845,-31.9896,1.0449
66.464,raw,856,7.8107,-32.2729,1.0403
66.464,raw,860,8.1302,-32.6064,1.0351
66.464,raw,863,8.0595,3.6022,1.8130
66.464,raw,867,8.1539,3.4605,1.8128
66.464,raw,870,8.2134,3.3595,1.8127
66.464,raw,873,8.2912,3.2549,1.8125
66.464,raw,877,8.3806,3.1221,1.8124
66.464,raw,880,8.4499,3.0238,1.8122
66.464,raw,884,8.5149,2.9017,1.8121
66.464,raw,887,8.5964,2.8042,1.8120
66.464,raw,890,8.6399,2.7166,1.8119
66.464,raw,894,8.5716,2.6277,1.8120
66.464,raw,897,8.4923,2.5658,1.8120
66.464,raw,901,8.3748,2.4836,1.8122
66.464,raw,904,8.2686,2.4236,1.8123
66.464,raw,907,8.1674,2.3611,1.8124
66.464,raw,911,8.0355,2.2749,1.8126
66.464,raw,914,7.9393,2.2080,1.8127
66.464,raw,918,7.7864,2.1199,1.8129
66.464,raw,921,7.6841,2.0502,1.8130
66.464,raw,924,-18.2166,0.8215,1.8480
66.464,raw,928,-17.7427,0.1183,1.8474
66.464,raw,931,-17.6480,-0.1805,1.8473
66.464,raw,935,-17.5718,-0.5788,1.8472
66.464,raw,938,-17.4639,-0.8740,1.8470
66.464,raw,941,-17.3331,-2.0647,1.8470
66.464,raw,945,-16.6319,-5.0742,1.8466
66.464,raw,948,-18.1020,0.8216,2.6752
66.464,raw,952,-13.5820,-5.7353,2.5804
66.464,raw,955,-18.0786,0.8216,3.5023
66.464,raw,958,-17.7343,0.4200,3.4858
66.464,raw,962,-17.6067,0.0210,3.4800
66.464,raw,965,-17.5154,-0.2766,3.4760
66.464,raw,969,-17.3855,-0.6708,3.4705
66.464,raw,972,-17.3011,-0.9654,3.4671
66.464,raw,975,-17.1984,-1.2578,3.4629
66.464,raw,979,-17.0761,-1.6463,3.4583
66.464,raw,982,-16.9793,-1.9359,3.4547
66.464,raw,986,-17.3497,-2.3665,3.4743
66.464,raw,989,-16.8361,-2.6152,3.4508
66.464,raw,992,-16.7639,-2.9041,3.4488
66.464,raw,996,-16.6464,-3.2858,3.4453
66.464,raw,999,-16.5336,-3.5677,3.4416
66.464,raw,1003,-16.4050,-3.9446,3.4379
66.464,raw,1006,-16.3354,-4.2303,3.4366
66.464,raw,1009,-16.2296,-4.5097,3.4336
66.464,raw,1013,-16.1170,-4.8855,3.4313
66.464,raw,1016,-16.0495,-5.1696,3.4304
67.466,raw,0,21.8667,13.4543,0.5385
67.466,raw,3,21.7170,13.3740,0.5499
67.466,raw,6,24.3102,15.0945,0.6918
67.466,raw,9,24.1584,15.0951,0.6962
67.466,raw,12,23.3617,14.4981,0.7559
67.466,raw,16,22.5557,13.9558,0.8112
67.466,raw,19,21.7508,13.3526,0.8689
67.466,raw,22,8.5067,2.1060,1.3827
67.466,raw,25,8.4406,2.0368,1.3802
67.466,raw,28,8.3272,1.9740,1.3756
67.466,raw,32,8.2136,1.8821,1.3711
67.466,raw,35,8.0989,1.8157,1.3664
67.466,raw,38,8.0053,1.7448,1.3626
67.466,raw,41,7.8981,1.6740,1.3581
67.466,raw,45,-10.2559,1.4079,0.5342
67.466,raw,48,-10.1574,1.1658,0.5390
67.466,raw,51,-10.2431,0.9281,0.5353
67.466,raw,54,-10.5357,0.6901,0.5221
67.466,raw,57,-10.4663,0.4482,0.5253
67.466,raw,61,-10.3977,0.1272,0.5283
67.466,raw,64,-10.1455,-0.1080,0.5396
67.466,raw,67,-10.0794,-0.3448,0.5423
67.466,raw,70,-10.0030,-0.5802,0.5454
67.466,raw,73,-9.9766,-0.8169,0.5461
67.466,raw,77,-9.9018,-1.1297,0.5487
67.466,raw,80,-9.6491,-1.3498,0.5595
67.466,raw,83,-9.6075,-1.5823,0.5606
67.466,raw,86,-9.5917,-1.8166,0.5605
67.466,raw,90,-9.5080,-2.1230,0.5630
67.466,raw,93,-9.2651,-2.3327,0.5730
67.466,raw,96,-9.2423,-2.5640,0.5729
67.466,raw,99,-9.1907,-2.7919,0.5740
67.466,raw,102,-9.1276,-3.0178,0.5755
67.466,raw,106,-8.8919,-3.2962,0.5844
67.466,raw,109,-8.8428,-3.5217,0.5851
67.466,raw,112,-8.8222,-3.7515,0.5844
67.466,raw,115,-8.7466,-3.9722,0.5861
67.466,raw,119,-8.5744,-4.2524,0.5916
67.466,raw,122,-8.4337,-4.4585,0.5962
67.466,raw,125,-8.4722,-4.6989,0.5923
67.466,raw,128,-8.3104,-4.8986,0.5977
67.466,raw,131,-8.1792,-5.1031,0.6016
67.466,raw,135,-8.0232,-5.3777,0.6058
67.466,raw,138,-8.0477,-5.6163,0.6022
67.466,raw,141,-7.9277,-5.8202,0.6053
67.466,raw,144,-7.8002,-6.0210,0.6087
67.466,raw,147,-6.0568,-5.7876,0.6881
67.466,raw,151,-5.8493,-6.0211,0.6944
67.466,raw,154,-5.8963,-6.2528,0.6895
67.466,raw,157,-7.3961,-6.9208,0.6154
67.466,raw,160,-7.2438,-7.1087,0.6195
67.466,raw,164,-7.0351,-7.3549,0.6252
67.466,raw,167,-7.0640,-7.5988,0.6206
67.466,raw,170,-6.9182,-7.7852,0.6241
67.466,raw,173,-6.7748,-7.9711,0.6276
67.466,raw,176,-6.6559,-8.1644,0.6297
67.466,raw,180,-6.4732,-8.4118,0.6337
67.466,raw,183,-6.3388,-8.5969,0.6364
67.466,raw,186,-6.3575,-8.8411,0.6316
67.466,raw,189,-6.2117,-9.0210,0.6347
67.466,raw,193,-6.0394,-9.2682,0.6377
67.466,raw,196,-5.9005,-9.4484,0.6404
67.466,raw,199,-5.7639,-9.6285,0.6428
67.466,raw,202,-5.6865,-9.8340,0.6423
67.466,raw,205,-5.7114,-10.0865,0.6365
67.466,raw,209,-5.6262,-10.3712,0.6346
67.466,raw,212,-5.5507,-10.5799,0.6336
67.466,raw,215,-5.4677,-10.7853,0.6329
67.466,raw,218,-5.3901,-10.9938,0.6319
67.466,raw,221,-5.3155,-11.2043,0.6305
67.466,raw,225,-5.1936,-11.4740,0.6298
67.466,raw,228,-5.2584,-11.7608,0.6210
67.466,raw,231,-5.1923,-11.9794,0.6189
67.466,raw,234,-5.1126,-12.1913,0.6174
67.466,raw,238,-5.0072,-12.4753,0.6152
67.466,raw,241,-4.9219,-12.6856,0.6137
67.466,raw,244,-4.8403,-12.8987,0.6120
67.466,raw,247,-4.7737,-13.1218,0.6093
67.466,raw,250,-4.6897,-13.3353,0.6074
67.466,raw,254,-4.5905,-13.6294,0.6041
67.466,raw,257,-4.4983,-13.8398,0.6024
67.466,raw,260,-4.5436,-14.1423,0.5931
67.466,raw,263,-4.4735,-14.3709,0.5900
67.466,raw,266,-4.3932,-14.5940,0.5873
67.466,raw,270,-4.2876,-14.8945,0.5834
67.466,raw,273,-4.2105,-15.1230,0.5802
67.466,raw,276,-4.1920,-15.3960,0.5736
67.466,raw,279,-4.1344,-15.6429,0.5690
67.466,raw,283,-4.1215,-16.0244,0.5590
67.466,raw,286,-4.1049,-16.3094,0.5517
67.466,raw,289,-4.0822,-16.5931,0.5445
67.466,raw,292,-4.0357,-16.8612,0.5386
67.466,raw,295,-4.0342,-17.1691,0.5298
67.466,raw,299,-3.9895,-17.5505,0.5202
67.466,raw,302,-3.9694,-17.8523,0.5121
67.466,raw,305,-13.1528,9.9860,1.0913
67.466,raw,308,-13.2653,9.7306,1.0905
67.466,raw,312,8.2350,3.1961,1.5864
67.466,raw,315,8.3063,3.0897,1.5886
67.466,raw,318,8.3778,2.9851,1.5907
67.466,raw,321,8.4754,2.8754,1.5934
67.466,raw,324,8.5167,2.7819,1.5948
67.466,raw,328,8.5870,2.6554,1.5970
67.466,raw,331,8.6854,2.5517,1.5996
67.466,raw,334,8.7274,2.4623,1.6009
67.466,raw,337,8.8151,2.3644,1.6033
67.466,raw,340,8.7885,2.2913,1.6030
67.466,raw,344,8.6616,2.2109,1.6006
67.466,raw,347,8.5926,2.1441,1.5994
67.466,raw,350,8.4931,2.0816,1.5975
67.466,raw,353,8.4007,2.0164,1.5957
67.466,raw,357,8.2569,1.9304,1.5928
67.466,raw,360,8.1602,1.8623,1.5909
67.466,raw,363,8.0535,1.7941,1.5888
67.466,raw,366,7.9521,1.7235,1.5868
67.466,raw,369,7.8737,1.6487,1.5853
67.466,raw,373,-16.1547,4.0266,1.0524
67.466,raw,376,-15.5182,3.6727,1.0672
67.466,raw,379,-15.3776,3.3732,1.0709
67.466,raw,382,-15.2650,3.0787,1.0739
67.466,raw,386,-15.0939,2.6883,1.0783
67.466,raw,389,-14.9679,2.3986,1.0814
67.466,raw,392,-14.8605,2.1122,1.0841
67.466,raw,395,-14.7465,1.8277,1.0869
67.466,raw,398,-10.1496,1.4045,1.1886
67.466,raw,402,-10.1210,1.0854,1.1895
67.466,raw,405,-14.3294,0.8943,1.0967
67.466,raw,408,-14.2328,0.6192,1.0988
67.466,raw,411,-14.1387,0.3458,1.1009
67.466,raw,414,-13.7693,0.0780,1.1090
67.466,raw,418,-13.6658,-0.2794,1.1111
67.466,raw,421,-13.5906,-0.5462,1.1126
67.466,raw,424,-13.4746,-0.8100,1.1149
67.466,raw,427,-13.4053,-1.0744,1.1162
67.466,raw,431,-13.3049,-1.4250,1.1179
67.466,raw,434,-13.1979,-1.6845,1.1199
67.466,raw,437,-13.1395,-1.9464,1.1208
67.466,raw,440,-13.0356,-2.2036,1.1226
67.466,raw,443,-12.9514,-2.4613,1.1239
67.466,raw,447,-12.5953,-2.7765,1.1310
67.466,raw,450,-12.5139,-3.0301,1.1321
67.466,raw,453,-12.4331,-3.2829,1.1332
67.466,raw,456,-12.3614,-3.5361,1.1341
67.466,raw,459,-12.2675,-3.7854,1.1353
67.466,raw,463,-12.1812,-4.1224,1.1361
67.466,raw,466,-12.1017,-4.3722,1.1370
67.466,raw,469,-11.9674,-4.6117,1.1390
67.466,raw,472,-11.8586,-4.8544,1.1404
67.466,raw,476,-11.6734,-5.1684,1.1432
67.466,raw,479,-11.5150,-5.3980,1.1456
67.466,raw,482,-11.3592,-5.6262,1.1479
67.466,raw,485,-11.2055,-5.8531,1.1502
67.466,raw,488,-11.0503,-6.0778,1.1524
67.466,raw,492,-11.0391,-6.4223,1.1509
67.466,raw,495,-10.8833,-6.6445,1.1531
67.466,raw,498,-10.7433,-6.8692,1.1548
67.466,raw,501,-5.8984,-5.8174,1.2641
67.466,raw,505,-5.7915,-6.0773,1.2648
67.466,raw,508,-10.2423,-7.5980,1.1612
67.466,raw,511,-10.1059,-7.8176,1.1627
67.466,raw,514,-9.9469,-8.0289,1.1647
67.466,raw,517,-9.7867,-8.2382,1.1666
67.466,raw,521,-9.7866,-8.5860,1.1643
67.466,raw,524,-9.6470,-8.8008,1.1657
67.466,raw,527,-9.5106,-9.0154,1.1669
67.466,raw,530,-9.3453,-9.2186,1.1689
67.466,raw,533,-9.2178,-9.4343,1.1699
67.466,raw,537,-9.0171,-9.7087,1.1719
67.466,raw,540,-8.8729,-9.9157,1.1732
67.466,raw,543,-8.7237,-10.1194,1.1745
67.466,raw,546,-8.5797,-10.3242,1.1758
67.466,raw,550,-8.4020,-10.6019,1.1770
67.466,raw,553,-8.2634,-10.8069,1.1780
67.466,raw,556,-8.1303,-11.0135,1.1788
67.466,raw,559,-7.9764,-11.2099,1.1801
67.466,raw,562,-8.0448,-11.5098,1.1760
67.466,raw,566,-7.8496,-11.7764,1.1773
67.466,raw,569,-7.7176,-11.9826,1.1779
67.466,raw,572,-7.5862,-12.1885,1.1785
67.466,raw,575,-7.4274,-12.3798,1.1797
67.466,raw,579,-7.2497,-12.6513,1.1804
67.466,raw,582,-7.1949,-12.8971,1.1789
67.466,raw,585,-7.1297,-13.1384,1.1776
67.466,raw,588,-7.0436,-13.3692,1.1767
67.466,raw,591,-6.9621,-13.6033,1.1757
67.466,raw,595,-6.9799,-13.9918,1.1711
67.466,raw,598,-6.9451,-14.2579,1.1687
67.466,raw,601,-6.9468,-14.5487,1.1653
67.466,raw,604,-7.7739,-15.3609,1.1404
67.466,raw,607,-8.6910,-16.2539,1.1127
67.466,raw,611,-8.9733,-16.8674,1.1001
67.466,raw,614,-8.8667,-17.1251,1.0990
67.466,raw,617,-8.7816,-17.3986,1.0971
67.466,raw,620,-8.6734,-17.6578,1.0959
67.466,raw,624,-8.8037,-18.2006,1.0866
67.466,raw,627,-8.7088,-18.4760,1.0848
67.466,raw,630,-8.6160,-18.7548,1.0828
67.466,raw,633,-8.5417,-19.0495,1.0802
67.466,raw,636,-8.4342,-19.3213,1.0785
67.466,raw,640,-8.3016,-19.6948,1.0758
67.466,raw,643,-8.2251,-19.9957,1.0730
67.466,raw,646,-8.1174,-20.2741,1.0710
67.466,raw,649,-8.0225,-20.5651,1.0685
67.466,raw,652,-7.9077,-20.8419,1.0666
67.466,raw,656,-7.7691,-21.2267,1.0634
67.466,raw,659,-7.6548,-21.5091,1.0612
67.466,raw,662,-7.5419,-21.7951,1.0589
67.466,raw,665,-7.4362,-22.0899,1.0563
67.466,raw,669,-7.2923,-22.4849,1.0528
67.466,raw,672,-7.1629,-22.7642,1.0506
67.466,raw,675,-7.0337,-23.0460,1.0484
67.466,raw,678,-6.9476,-23.3723,1.0448
67.466,raw,681,-6.6889,-23.5313,1.0464
67.466,raw,685,-6.3491,-23.7457,1.0483
67.466,raw,688,-6.0710,-23.8807,1.0505
67.466,raw,691,-5.8143,-24.0356,1.0519
67.466,raw,694,-5.5453,-24.1758,1.0537
67.466,raw,698,-5.2229,-24.3994,1.0549
67.466,raw,701,-4.9893,-24.5750,1.0555
67.466,raw,704,-4.7433,-24.7357,1.0565
67.466,raw,707,-4.4985,-24.8968,1.0574
67.466,raw,710,-4.2468,-25.0488,1.0584
67.466,raw,714,-3.9266,-25.2680,1.0593
67.466,raw,717,-3.6659,-25.4064,1.0606
67.466,raw,720,-3.4467,-25.5948,1.0604
67.466,raw,723,-3.2148,-25.7674,1.0606
67.466,raw,726,-2.9717,-25.9254,1.0612
67.466,raw,730,-2.6424,-26.1280,1.0621
67.466,raw,733,-2.4041,-26.2908,1.0623
67.466,raw,736,-2.1663,-26.4540,1.0625
67.466,raw,739,-1.9235,-26.6099,1.0629
67.466,raw,743,-1.6132,-26.8362,1.0628
67.466,raw,746,-1.3278,-26.9294,1.0647
67.466,raw,749,-1.0704,-27.0616,1.0655
67.466,raw,752,-0.7943,-27.1644,1.0670
67.466,raw,755,-0.5097,-27.2521,1.0688
67.466,raw,759,-0.1551,-27.4042,1.0702
67.466,raw,762,0.1253,-27.4933,1.0718
67.466,raw,765,0.3897,-27.6061,1.0728
67.466,raw,768,0.6540,-27.7177,1.0737
67.466,raw,772,0.9769,-27.9152,1.0735
67.466,raw,775,1.2211,-28.0600,1.0734
67.466,raw,778,1.4785,-28.1813,1.0739
67.466,raw,781,1.7216,-28.3281,1.0737
67.466,raw,784,1.9667,-28.4716,1.0735
67.466,raw,788,2.2987,-28.6535,1.0733
67.466,raw,791,2.5377,-28.8098,1.0727
67.466,raw,794,2.7956,-28.9294,1.0729
67.466,raw,797,3.0326,-29.0913,1.0720
67.466,raw,800,3.2849,-29.2229,1.0719
67.466,raw,804,3.6212,-29.3994,1.0715
67.466,raw,807,3.8703,-29.5393,1.0710
67.466,raw,810,4.1123,-29.6962,1.0700
67.466,raw,813,4.3600,-29.8418,1.0693
67.466,raw,817,4.6865,-30.0476,1.0679
67.466,raw,820,4.9108,-30.2544,1.0656
67.466,raw,823,5.1318,-30.4747,1.0629
67.466,raw,826,5.3523,-30.7017,1.0601
67.466,raw,829,5.5746,-30.9305,1.0571
67.466,raw,833,5.8801,-31.2215,1.0535
67.466,raw,836,6.1010,-31.4700,1.0500
67.466,raw,839,6.3433,-31.6656,1.0477
67.466,raw,842,6.5774,-31.8910,1.0446
67.466,raw,845,6.8118,-32.1231,1.0414
67.466,raw,849,7.1093,-32.4934,1.0357
67.466,raw,852,8.1884,3.2677,1.8132
67.466,raw,855,8.2816,3.1540,1.8130
67.466,raw,858,8.3398,3.0520,1.8129
67.466,raw,862,8.4366,2.9134,1.8127
67.466,raw,865,8.4983,2.8142,1.8126
67.466,raw,868,8.5689,2.7143,1.8125
67.466,raw,871,8.6409,2.6157,1.8124
67.466,raw,874,8.7067,2.5201,1.8123
67.466,raw,878,8.7530,2.4038,1.8122
67.466,raw,881,8.8260,2.3099,1.8120
67.466,raw,884,8.7447,2.2476,1.8121
67.466,raw,887,8.6424,2.1880,1.8123
67.466,raw,891,8.5319,2.1016,1.8124
67.466,raw,894,8.4383,2.0372,1.8125
67.466,raw,897,8.3271,1.9741,1.8126
67.466,raw,900,8.2297,1.9072,1.8127
67.466,raw,903,8.1435,1.8372,1.8129
67.466,raw,907,7.9878,1.7470,1.8130
67.466,raw,910,7.9098,1.6726,1.8131
67.466,raw,913,-17.7319,-0.8930,1.8478
67.466,raw,916,-16.6383,-3.4197,1.8466
67.466,raw,919,-15.7187,-6.1568,1.8460
67.466,raw,923,-16.6478,-3.1223,2.6520
67.466,raw,926,-13.1596,-6.4727,2.5803
67.466,raw,929,-17.4743,-0.4795,3.4895
67.466,raw,932,-17.4063,-0.7792,3.4867
67.466,raw,936,-17.2474,-1.1739,3.4798
67.466,raw,939,-17.1657,-1.4700,3.4767
67.466,raw,942,-17.0543,-1.7631,3.4722
67.466,raw,945,-16.9708,-2.0566,3.4692
67.466,raw,948,-16.8830,-2.3487,3.4661
67.466,raw,952,-16.7391,-2.7340,3.4608
67.466,raw,955,-16.6374,-3.0219,3.4573
67.466,raw,958,-16.6320,-3.3195,3.4586
67.466,raw,961,-16.5232,-3.6050,3.4550
68.522,raw,0,21.7446,13.6105,0.5317
68.522,raw,3,21.5762,13.4626,0.5494
68.522,raw,6,21.4967,13.6050,0.5389
68.522,raw,9,24.0366,15.2367,0.6940
68.522,raw,13,23.2170,14.6642,0.7522
68.522,raw,16,22.4514,14.0721,0.8090
68.522,raw,19,21.7111,13.6355,0.8537
68.522,raw,22,21.5658,13.5627,0.8614
68.522,raw,26,8.3802,2.0467,1.3725
68.522,raw,29,8.2752,1.9809,1.3683
68.522,raw,32,8.1735,1.9130,1.3642
68.522,raw,35,8.0664,1.8443,1.3598
68.522,raw,39,7.9244,1.7499,1.3539
68.522,raw,42,7.8279,1.6760,1.3500
68.522,raw,45,-10.5340,3.5566,0.5099
68.522,raw,48,-10.4813,3.3058,0.5134
68.522,raw,52,-10.4204,2.9743,0.5176
68.522,raw,55,-10.1347,2.7083,0.5315
68.522,raw,58,-10.0884,2.4642,0.5345
68.522,raw,61,-10.0272,2.2203,0.5380
68.522,raw,65,-9.9621,1.8979,0.5417
68.522,raw,68,-9.9130,1.6573,0.5444
68.522,raw,71,-9.8854,1.4185,0.5461
68.522,raw,74,-9.6268,1.1748,0.5582
68.522,raw,78,-9.5543,0.8602,0.5617
68.522,raw,81,-9.5038,0.6255,0.5641
68.522,raw,84,-9.4507,0.3916,0.5665
68.522,raw,87,-9.4145,0.1584,0.5680
68.522,raw,91,-9.1731,-0.1467,0.5788
68.522,raw,94,-9.1180,-0.3763,0.5810
68.522,raw,97,-9.0859,-0.6061,0.5820
68.522,raw,100,-9.0050,-0.8330,0.5852
68.522,raw,104,-8.9445,-1.1367,0.5872
68.522,raw,107,-8.7699,-1.3545,0.5944
68.522,raw,110,-8.7253,-1.5801,0.5957
68.522,raw,113,-8.6720,-1.8044,0.5972
68.522,raw,117,-8.6135,-2.1039,0.5986
68.522,raw,120,-8.4218,-2.3119,0.6063
68.522,raw,123,-8.3814,-2.5348,0.6070
68.522,raw,126,-8.3236,-2.7553,0.6084
68.522,raw,130,-8.2315,-3.0465,0.6108
68.522,raw,133,-8.0376,-3.2456,0.6182
68.522,raw,136,-8.0123,-3.4683,0.6178
68.522,raw,139,-7.9977,-3.6929,0.6169
68.522,raw,143,-7.8718,-3.9741,0.6204
68.522,raw,146,-7.7735,-4.1832,0.6231
68.522,raw,149,-7.6468,-4.3857,0.6270
68.522,raw,152,-7.6951,-4.6223,0.6228
68.522,raw,156,-7.5449,-4.8941,0.6269
68.522,raw,159,-7.4161,-5.0929,0.6307
68.522,raw,162,-7.3080,-5.2952,0.6334
68.522,raw,165,-7.3475,-5.5322,0.6292
68.522,raw,169,-7.1999,-5.7998,0.6328
68.522,raw,172,-7.0722,-5.9948,0.6362
68.522,raw,175,-5.9652,-5.9206,0.6857
68.522,raw,178,-5.8345,-6.1030,0.6892
68.522,raw,182,-5.9358,-6.4255,0.6807
68.522,raw,185,-6.7678,-6.9006,0.6382
68.522,raw,188,-6.6217,-7.0855,0.6421
68.522,raw,191,-6.4998,-7.2766,0.6447
68.522,raw,195,-6.4898,-7.5811,0.6408
68.522,raw,198,-6.3398,-7.7616,0.6446
68.522,raw,201,-6.2421,-7.9592,0.6458
68.522,raw,204,-6.1165,-8.1461,0.6483
68.522,raw,208,-5.9473,-8.3931,0.6516
68.522,raw,211,-5.9770,-8.6380,0.6464
68.522,raw,214,-5.8563,-8.8252,0.6484
68.522,raw,217,-5.7166,-9.0039,0.6512
68.522,raw,221,-5.5570,-9.2515,0.6536
68.522,raw,224,-5.4690,-9.4500,0.6537
68.522,raw,227,-5.3855,-9.6506,0.6536
68.522,raw,230,-5.3049,-9.8525,0.6532
68.522,raw,234,-5.3662,-10.2008,0.6440
68.522,raw,237,-5.2748,-10.3998,0.6439
68.522,raw,240,-5.2078,-10.6109,0.6425
68.522,raw,243,-5.1607,-10.8324,0.6399
68.522,raw,247,-5.0329,-11.0962,0.6397
68.522,raw,250,-4.9834,-11.3184,0.6371
68.522,raw,253,-4.9279,-11.5386,0.6346
68.522,raw,256,-4.9853,-11.8215,0.6262
68.522,raw,260,-4.8853,-12.1054,0.6239
68.522,raw,263,-4.8044,-12.3158,0.6224
68.522,raw,266,-4.7323,-12.5321,0.6203
68.522,raw,269,-4.6648,-12.7520,0.6179
68.522,raw,273,-4.5643,-13.0405,0.6150
68.522,raw,276,-4.4895,-13.2585,0.6127
68.522,raw,279,-4.4090,-13.4738,0.6106
68.522,raw,282,-4.3607,-13.7110,0.6066
68.522,raw,286,-4.3930,-14.0942,0.5958
68.522,raw,289,-4.3100,-14.3135,0.5934
68.522,raw,292,-4.2371,-14.5409,0.5903
68.522,raw,295,-4.1601,-14.7668,0.5873
68.522,raw,299,-4.0737,-15.0820,0.5822
68.522,raw,302,-3.9998,-15.3138,0.5787
68.522,raw,305,-4.0136,-15.6127,0.5701
68.522,raw,308,-4.0089,-15.9016,0.5624
68.522,raw,312,-3.9836,-16.2779,0.5529
68.522,raw,315,-3.9696,-16.5681,0.5452
68.522,raw,318,-3.9682,-16.8722,0.5366
68.522,raw,321,-3.9245,-17.1459,0.5303
68.522,raw,325,-3.9467,-17.5832,0.5168
68.522,raw,328,-3.9284,-17.8872,0.5085
68.522,raw,331,-13.4481,10.0353,1.0824
68.522,raw,334,-13.2927,9.6969,1.0879
68.522,raw,338,8.2048,3.2163,1.5834
68.522,raw,341,8.2881,3.1057,1.5858
68.522,raw,344,8.3560,3.0011,1.5878
68.522,raw,347,8.4248,2.8979,1.5899
68.522,raw,351,8.5199,2.7621,1.5926
68.522,raw,354,8.5939,2.6615,1.5947
68.522,raw,357,8.6604,2.5643,1.5966
68.522,raw,360,8.7178,2.4706,1.5983
68.522,raw,364,8.7990,2.3468,1.6006
68.522,raw,367,8.6940,2.2879,1.5986
68.522,raw,370,8.6188,2.2219,1.5973
68.522,raw,373,8.5325,2.1567,1.5957
68.522,raw,377,8.4024,2.0704,1.5931
68.522,raw,380,8.3054,2.0038,1.5913
68.522,raw,383,8.1788,1.9401,1.5887
68.522,raw,386,8.0875,1.8694,1.5869
68.522,raw,390,7.9574,1.7741,1.5844
68.522,raw,393,7.8684,1.6998,1.5826
68.522,raw,396,-14.0215,4.0222,1.0969
68.522,raw,399,-13.9358,3.7374,1.0994
68.522,raw,403,-13.5370,3.3351,1.1090
68.522,raw,406,-13.4776,3.0594,1.1108
68.522,raw,409,-13.4069,2.7843,1.1128
68.522,raw,412,-13.3296,2.5104,1.1150
68.522,raw,416,-13.2309,2.1478,1.1176
68.522,raw,419,-13.1527,1.8775,1.1196
68.522,raw,422,-13.0967,1.6096,1.1211
68.522,raw,425,-10.2047,1.2684,1.1851
68.522,raw,429,-10.1632,0.9474,1.1862
68.522,raw,432,-12.8369,0.7238,1.1272
68.522,raw,435,-12.7826,0.4610,1.1284
68.522,raw,438,-12.7044,0.1995,1.1301
68.522,raw,442,-12.3718,-0.1421,1.1373
68.522,raw,445,-12.3044,-0.3990,1.1386
68.522,raw,448,-12.2533,-0.6556,1.1396
68.522,raw,451,-12.1877,-0.9108,1.1408
68.522,raw,455,-12.0777,-1.2483,1.1428
68.522,raw,458,-12.0165,-1.5015,1.1438
68.522,raw,461,-11.9614,-1.7544,1.1446
68.522,raw,464,-11.8835,-2.0047,1.1458
68.522,raw,468,-11.7836,-2.3374,1.1474
68.522,raw,471,-11.4989,-2.5635,1.1531
68.522,raw,474,-11.4448,-2.8117,1.1537
68.522,raw,477,-11.3718,-3.0572,1.1547
68.522,raw,481,-11.2953,-3.3861,1.1554
68.522,raw,484,-11.2449,-3.6333,1.1557
68.522,raw,487,-11.1797,-3.8780,1.1564
68.522,raw,490,-11.1124,-4.1219,1.1570
68.522,raw,494,-10.9957,-4.4416,1.1584
68.522,raw,497,-10.8949,-4.6780,1.1596
68.522,raw,500,-10.7845,-4.9116,1.1611
68.522,raw,503,-10.6738,-5.1441,1.1625
68.522,raw,507,-10.5125,-5.4493,1.1646
68.522,raw,510,-10.3755,-5.6733,1.1665
68.522,raw,513,-10.2516,-5.8987,1.1681
68.522,raw,516,-10.1162,-6.1201,1.1699
68.522,raw,520,-10.1279,-6.4616,1.1678
68.522,raw,523,-10.0088,-6.6858,1.1692
68.522,raw,526,-5.9409,-5.8411,1.2607
68.522,raw,529,-5.7836,-6.0159,1.2630
68.522,raw,533,-5.8530,-6.3277,1.2597
68.522,raw,536,-9.4302,-7.6268,1.1758
68.522,raw,539,-9.3067,-7.8438,1.1770
68.522,raw,542,-9.1580,-8.0518,1.1788
68.522,raw,546,-8.9948,-8.3385,1.1802
68.522,raw,549,-9.0665,-8.6191,1.1767
68.522,raw,552,-8.9272,-8.8283,1.1781
68.522,raw,555,-8.7910,-9.0373,1.1794
68.522,raw,559,-8.6230,-9.3196,1.1807
68.522,raw,562,-8.5156,-9.5376,1.1812
68.522,raw,565,-8.3540,-9.7337,1.1830
68.522,raw,568,-8.2416,-9.9483,1.1835
68.522,raw,572,-8.0679,-10.2238,1.1848
68.522,raw,575,-7.9447,-10.4325,1.1855
68.522,raw,578,-7.8076,-10.6346,1.1865
68.522,raw,581,-7.6923,-10.8456,1.1869
68.522,raw,585,-7.5296,-11.1222,1.1876
68.522,raw,588,-7.6009,-11.4207,1.1834
68.522,raw,591,-7.4717,-11.6259,1.1840
68.522,raw,594,-7.3414,-11.8299,1.1846
68.522,raw,598,-7.1814,-12.1082,1.1850
68.522,raw,601,-7.0649,-12.3185,1.1852
68.522,raw,604,-6.9876,-12.5494,1.1843
68.522,raw,607,-6.9123,-12.7823,1.1834
68.522,raw,611,-6.8168,-13.0968,1.1819
68.522,raw,614,-6.7504,-13.3369,1.1806
68.522,raw,617,-6.6948,-13.5845,1.1789
68.522,raw,620,-6.6258,-13.8256,1.1775
68.522,raw,624,-6.6263,-14.2053,1.1732
68.522,raw,627,-6.6228,-14.4912,1.1700
68.522,raw,630,-6.6738,-14.8145,1.1652
68.522,raw,633,-6.8226,-15.2052,1.1578
68.522,raw,637,-8.2454,-16.5446,1.1154
68.522,raw,640,-8.6111,-17.1127,1.1017
68.522,raw,643,-8.5337,-17.3903,1.0997
68.522,raw,646,-8.4341,-17.6544,1.0982
68.522,raw,650,-8.5664,-18.1984,1.0889
68.522,raw,653,-8.4956,-18.4905,1.0864
68.522,raw,656,-8.4310,-18.7897,1.0836
68.522,raw,659,-8.3580,-19.0853,1.0810
68.522,raw,663,-8.2502,-19.4754,1.0777
68.522,raw,666,-8.1654,-19.7677,1.0752
68.522,raw,669,-8.0785,-20.0609,1.0727
68.522,raw,672,-8.0081,-20.3702,1.0696
68.522,raw,676,-7.8667,-20.7478,1.0667
68.522,raw,679,-7.7741,-21.0450,1.0640
68.522,raw,682,-7.6841,-21.3473,1.0612
68.522,raw,685,-7.5812,-21.6412,1.0587
68.522,raw,689,-7.4587,-22.0504,1.0547
68.522,raw,692,-7.3510,-22.3467,1.0520
68.522,raw,695,-7.2427,-22.6453,1.0493
68.522,raw,698,-7.1313,-22.9437,1.0466
68.522,raw,702,-6.9858,-23.3494,1.0427
68.522,raw,705,-6.8873,-23.6678,1.0394
68.522,raw,708,-6.6577,-23.8585,1.0400
68.522,raw,711,-6.4304,-24.0508,1.0405
68.522,raw,715,-6.0799,-24.2568,1.0426
68.522,raw,718,-5.8230,-24.4156,1.0440
68.522,raw,721,-5.5770,-24.5847,1.0449
68.522,raw,724,-5.3250,-24.7460,1.0461
68.522,raw,728,-5.0010,-24.9727,1.0471
68.522,raw,731,-4.7534,-25.1363,1.0480
68.522,raw,734,-4.5159,-25.3107,1.0486
68.522,raw,737,-4.2740,-25.4794,1.0492
68.522,raw,741,-3.9576,-25.7105,1.0497
68.522,raw,744,-3.7208,-25.8839,1.0501
68.522,raw,747,-3.4958,-26.0717,1.0499
68.522,raw,750,-3.2617,-26.2481,1.0501
68.522,raw,754,-2.9426,-26.4739,1.0504
68.522,raw,757,-2.7028,-26.6424,1.0507
68.522,raw,760,-2.4734,-26.8246,1.0504
68.522,raw,763,-2.2423,-27.0049,1.0502
68.522,raw,767,-1.9285,-27.2376,1.0501
68.522,raw,770,-1.6955,-27.4158,1.0498
68.522,raw,773,-1.4602,-27.5912,1.0495
68.522,raw,776,-1.2133,-27.7494,1.0497
68.522,raw,780,-0.9022,-27.9880,1.0491
68.522,raw,783,-0.6467,-28.1330,1.0494
68.522,raw,786,-0.3745,-28.2510,1.0504
68.522,raw,789,-0.0979,-28.3603,1.0516
68.522,raw,793,0.2493,-28.5393,1.0522
68.522,raw,796,0.5112,-28.6704,1.0526
68.522,raw,799,0.7729,-28.8011,1.0531
68.522,raw,802,1.0551,-28.8947,1.0543
68.522,raw,806,1.4008,-29.0723,1.0546
68.522,raw,809,1.6588,-29.2075,1.0547
68.522,raw,812,1.9220,-29.3325,1.0550
68.522,raw,815,2.1731,-29.4808,1.0547
68.522,raw,819,2.5074,-29.6804,1.0541
68.522,raw,822,2.7507,-29.8462,1.0532
68.522,raw,825,2.9952,-30.0112,1.0523
68.522,raw,828,3.2454,-30.1658,1.0516
68.522,raw,832,3.5752,-30.3824,1.0503
68.522,raw,835,3.8302,-30.5300,1.0496
68.522,raw,838,4.0762,-30.6993,1.0484
68.522,raw,841,4.3345,-30.8425,1.0477
68.522,raw,845,4.6687,-31.0603,1.0461
68.522,raw,848,4.8831,-31.3173,1.0426
68.522,raw,851,5.1244,-31.5129,1.0406
68.522,raw,854,5.3424,-31.7741,1.0369
68.522,raw,858,5.6528,-32.0818,1.0330
68.522,raw,861,8.1752,3.2541,1.8134
68.522,raw,864,8.2533,3.1443,1.8132
68.522,raw,867,8.3256,3.0379,1.8131
68.522,raw,871,8.4317,2.8961,1.8129
68.522,raw,874,8.4906,2.7971,1.8128
68.522,raw,877,8.5682,2.6951,1.8126
68.522,raw,880,8.6402,2.5961,1.8125
68.522,raw,884,8.7145,2.4713,1.8124
68.522,raw,887,8.8020,2.3727,1.8122
68.522,raw,890,8.7246,2.3086,1.8123
68.522,raw,893,8.6457,2.2437,1.8124
68.522,raw,897,8.5282,2.1575,1.8126
68.522,raw,900,8.3994,2.0982,1.8127
68.522,raw,903,8.3274,2.0278,1.8128
68.522,raw,906,8.2168,1.9622,1.8129
68.522,raw,910,8.0899,1.8691,1.8131
68.522,raw,913,7.9845,1.7989,1.8132
68.522,raw,916,7.8923,1.7255,1.8133
68.522,raw,919,-17.6028,-0.5649,1.8478
68.522,raw,923,-16.6165,-3.6070,1.8468
68.522,raw,926,-15.6651,-6.3449,1.8461
68.522,raw,929,8.3476,3.0033,2.0385
68.522,raw,932,8.4413,2.8937,2.0355
68.522,raw,936,8.5151,2.7632,2.0330
68.522,raw,939,8.6000,2.6601,2.0303
68.522,raw,942,8.6477,2.5672,2.0287
68.522,raw,945,8.7135,2.4715,2.0266
68.522,raw,949,8.8302,2.3404,2.0231
68.522,raw,952,8.7010,2.2865,2.0259
68.522,raw,955,8.6212,2.2214,2.0276
68.522,raw,958,8.5202,2.1589,2.0298
68.522,raw,962,8.3774,2.0745,2.0329
68.522,raw,965,-17.6041,-0.5649,2.6740
68.522,raw,968,-13.3601,-6.6159,2.5886
68.522,raw,971,-15.6609,-6.3441,3.4405
69.553,raw,0,21.7598,13.7036,0.5226
69.553,raw,3,21.5857,13.5328,0.5424
69.553,raw,6,21.4956,13.6441,0.5348
69.553,raw,9,24.0334,15.3200,0.6894
69.553,raw,13,23.2145,14.7331,0.7481
69.553,raw,16,22.4710,14.1871,0.8010
69.553,raw,19,22.3442,14.2014,0.8029
69.553,raw,23,21.5692,13.6160,0.8574
69.553,raw,26,8.4778,2.1896,1.3703
69.553,raw,29,8.3899,2.1222,1.3669
69.553,raw,33,8.2197,2.0388,1.3599
69.553,raw,36,8.1454,1.9658,1.3571
69.553,raw,39,8.0295,1.8977,1.3523
69.553,raw,42,7.9262,1.8261,1.3481
69.553,raw,46,-10.3712,3.9675,0.5097
69.553,raw,49,-10.3046,3.7138,0.5140
69.553,raw,52,-10.2688,3.4651,0.5169
69.553,raw,56,-9.9970,3.1139,0.5308
69.553,raw,59,-9.9492,2.8685,0.5340
69.553,raw,62,-9.8926,2.6236,0.5374
69.553,raw,66,-9.8433,2.3007,0.5407
69.553,raw,69,-9.8031,2.0595,0.5432
69.553,raw,72,-9.7433,1.8182,0.5465
69.553,raw,75,-9.5053,1.5712,0.5578
69.553,raw,79,-9.4487,1.2557,0.5609
69.553,raw,82,-9.4029,1.0201,0.5632
69.553,raw,85,-9.3521,0.7852,0.5657
69.553,raw,89,-9.2752,0.4735,0.5692
69.553,raw,92,-9.0626,0.2423,0.5789
69.553,raw,95,-9.0307,0.0115,0.5802
69.553,raw,99,-8.9754,-0.2951,0.5824
69.553,raw,102,-8.9149,-0.5237,0.5848
69.553,raw,105,-8.8923,-0.7531,0.5853
69.553,raw,109,-8.6600,-1.0469,0.5952
69.553,raw,112,-8.6168,-1.2727,0.5965
69.553,raw,115,-8.5919,-1.4995,0.5969
69.553,raw,118,-8.5509,-1.7248,0.5979
69.553,raw,122,-8.3539,-2.0109,0.6057
69.553,raw,125,-8.3335,-2.2363,0.6056
69.553,raw,128,-8.2811,-2.4580,0.6069
69.553,raw,132,-8.2045,-2.7522,0.6088
69.553,raw,135,-8.0258,-2.9560,0.6156
69.553,raw,138,-7.9529,-3.1722,0.6176
69.553,raw,142,-7.8819,-3.4635,0.6188
69.553,raw,145,-7.8248,-3.6809,0.6198
69.553,raw,148,-7.7117,-3.8883,0.6234
69.553,raw,151,-7.6093,-4.0963,0.6263
69.553,raw,155,-7.6052,-4.3975,0.6240
69.553,raw,158,-7.5046,-4.6044,0.6266
69.553,raw,161,-7.3866,-4.8068,0.6300
69.553,raw,165,-7.2374,-5.0763,0.6341
69.553,raw,168,-7.2939,-5.3162,0.6291
69.553,raw,171,-7.2082,-5.5237,0.6308
69.553,raw,175,-7.0401,-5.7858,0.6353
69.553,raw,178,-6.1521,-5.7808,0.6745
69.553,raw,181,-5.8672,-5.9243,0.6854
69.553,raw,184,-5.8305,-6.1334,0.6844
69.553,raw,188,-6.7462,-6.6958,0.6373
69.553,raw,191,-6.6303,-6.8908,0.6398
69.553,raw,194,-6.5011,-7.0808,0.6429
69.553,raw,198,-6.4710,-7.3783,0.6401
69.553,raw,201,-6.3631,-7.5739,0.6420
69.553,raw,204,-6.2312,-7.7606,0.6449
69.553,raw,208,-6.0813,-8.0169,0.6475
69.553,raw,211,-5.9670,-8.2075,0.6494
69.553,raw,214,-6.0012,-8.4533,0.6441
69.553,raw,218,-5.8318,-8.7007,0.6473
69.553,raw,221,-5.7190,-8.8908,0.6489
69.553,raw,224,-5.6004,-9.0779,0.6507
69.553,raw,227,-5.4643,-9.2568,0.6533
69.553,raw,231,-5.3772,-9.5348,0.6519
69.553,raw,234,-5.4508,-9.8054,0.6439
69.553,raw,237,-5.3995,-10.0227,0.6420
69.553,raw,241,-5.3137,-10.3055,0.6402
69.553,raw,244,-5.2417,-10.5146,0.6391
69.553,raw,247,-5.1782,-10.7284,0.6374
69.553,raw,251,-5.0849,-11.0103,0.6355
69.553,raw,254,-4.9943,-11.2118,0.6350
69.553,raw,257,-5.0657,-11.4986,0.6261
69.553,raw,260,-5.0052,-11.7185,0.6239
69.553,raw,264,-4.9239,-12.0129,0.6207
69.553,raw,267,-4.8466,-12.2258,0.6191
69.553,raw,270,-4.7759,-12.4432,0.6170
69.553,raw,274,-4.6904,-12.7397,0.6136
69.553,raw,277,-4.6207,-12.9600,0.6112
69.553,raw,280,-4.5724,-13.1946,0.6075
69.553,raw,284,-4.4720,-13.4873,0.6043
69.553,raw,287,-4.3970,-13.7082,0.6018
69.553,raw,290,-4.4668,-14.0250,0.5913
69.553,raw,293,-4.3945,-14.2519,0.5884
69.553,raw,297,-4.2899,-14.5510,0.5847
69.553,raw,300,-4.2252,-14.7864,0.5811
69.553,raw,303,-4.1521,-15.0176,0.5778
69.553,raw,307,-4.1245,-15.3789,0.5692
69.553,raw,310,-4.1415,-15.6813,0.5605
69.553,raw,313,-4.1225,-15.9609,0.5535
69.553,raw,317,-4.1134,-16.3513,0.5431
69.553,raw,320,-4.1222,-16.6607,0.5342
69.553,raw,323,-4.0822,-16.9356,0.5278
69.553,raw,327,-4.0910,-17.3577,0.5154
69.553,raw,330,-4.0978,-17.6798,0.5059
69.553,raw,333,-13.3317,9.9526,1.0827
69.553,raw,336,8.1893,3.3193,1.5797
69.553,raw,340,8.2746,3.1759,1.5824
69.553,raw,343,8.3376,3.0706,1.5843
69.553,raw,346,8.4457,2.9549,1.5873
69.553,raw,350,8.5196,2.8221,1.5896
69.553,raw,353,8.6144,2.7145,1.5922
69.553,raw,356,8.6915,2.6132,1.5944
69.553,raw,360,8.7591,2.4886,1.5965
69.553,raw,363,8.7686,2.4052,1.5970
69.553,raw,366,8.6748,2.3434,1.5953
69.553,raw,369,8.5775,2.2808,1.5935
69.553,raw,373,8.4443,2.1956,1.5909
69.553,raw,376,8.3812,2.1237,1.5898
69.553,raw,379,8.2884,2.0557,1.5881
69.553,raw,383,8.1509,1.9650,1.5854
69.553,raw,386,8.0465,1.8953,1.5833
69.553,raw,389,7.9295,1.8256,1.5810
69.553,raw,393,-13.8171,4.3925,1.0978
69.553,raw,396,-13.7212,4.1053,1.1006
69.553,raw,399,-13.3697,3.7933,1.1091
69.553,raw,403,-13.2827,3.4235,1.1118
69.553,raw,406,-13.2071,3.1472,1.1140
69.553,raw,409,-13.1448,2.8735,1.1159
69.553,raw,412,-13.0918,2.6020,1.1175
69.553,raw,416,-12.9895,2.2400,1.1202
69.553,raw,419,-12.9121,1.9704,1.1222
69.553,raw,422,-12.8723,1.7038,1.1234
69.553,raw,426,-10.1840,1.2762,1.1830
69.553,raw,429,-10.1639,1.0347,1.1835
69.553,raw,432,-12.6387,0.8200,1.1290
69.553,raw,436,-12.5726,0.4705,1.1305
69.553,raw,439,-12.2410,0.2120,1.1378
69.553,raw,442,-12.2098,-0.0462,1.1384
69.553,raw,445,-12.1137,-0.3022,1.1404
69.553,raw,449,-12.0503,-0.6437,1.1415
69.553,raw,452,-11.9863,-0.8983,1.1427
69.553,raw,455,-11.9090,-1.1512,1.1441
69.553,raw,459,-11.8370,-1.4888,1.1453
69.553,raw,462,-11.7980,-1.7424,1.1457
69.553,raw,465,-11.7334,-1.9936,1.1467
69.553,raw,469,-11.4343,-2.3067,1.1527
69.553,raw,472,-11.3715,-2.5545,1.1535
69.553,raw,475,-11.3186,-2.8027,1.1541
69.553,raw,478,-11.2498,-3.0486,1.1549
69.553,raw,482,-11.1694,-3.3769,1.1558
69.553,raw,485,-11.1204,-3.6242,1.1561
69.553,raw,488,-11.0941,-3.8747,1.1559
69.553,raw,492,-10.9582,-4.1925,1.1577
69.553,raw,495,-10.8375,-4.4264,1.1595
69.553,raw,498,-10.7153,-4.6586,1.1613
69.553,raw,502,-10.5785,-4.9712,1.1630
69.553,raw,505,-10.4706,-5.2033,1.1643
69.553,raw,508,-10.3494,-5.4316,1.1659
69.553,raw,512,-10.2059,-5.7381,1.1676
69.553,raw,515,-10.2857,-6.0103,1.1645
69.553,raw,518,-10.1560,-6.2344,1.1662
69.553,raw,521,-10.0254,-6.4570,1.1678
69.553,raw,525,-6.0397,-5.7513,1.2569
69.553,raw,528,-5.8125,-5.9095,1.2608
69.553,raw,531,-5.7785,-6.1188,1.2603
69.553,raw,535,-9.4216,-7.4810,1.1747
69.553,raw,538,-9.2909,-7.6967,1.1761
69.553,raw,541,-9.1513,-7.9084,1.1777
69.553,raw,545,-9.1904,-8.2620,1.1745
69.553,raw,548,-9.0700,-8.4795,1.1755
69.553,raw,551,-8.9393,-8.6925,1.1768
69.553,raw,554,-8.8237,-8.9100,1.1776
69.553,raw,558,-8.6468,-9.1905,1.1792
69.553,raw,561,-8.5193,-9.4017,1.1802
69.553,raw,564,-8.4033,-9.6165,1.1809
69.553,raw,568,-8.2277,-9.8937,1.1822
69.553,raw,571,-8.1220,-10.1112,1.1826
69.553,raw,574,-7.9879,-10.3166,1.1836
69.553,raw,578,-7.8272,-10.5969,1.1844
69.553,raw,581,-7.7064,-10.8064,1.1850
69.553,raw,584,-7.7841,-11.1056,1.1808
69.553,raw,587,-7.6426,-11.3067,1.1817
69.553,raw,591,-7.4907,-11.5911,1.1821
69.553,raw,594,-7.3751,-11.8034,1.1823
69.553,raw,597,-7.2674,-12.0194,1.1824
69.553,raw,601,-7.1049,-12.2976,1.1828
69.553,raw,604,-7.0171,-12.5239,1.1822
69.553,raw,607,-6.9678,-12.7714,1.1806
69.553,raw,611,-6.8773,-13.0901,1.1790
69.553,raw,614,-6.8030,-13.3266,1.1779
69.553,raw,617,-6.7380,-13.5696,1.1765
69.553,raw,621,-6.7044,-13.9269,1.1732
69.553,raw,624,-6.7306,-14.2284,1.1693
69.553,raw,627,-6.7917,-14.5549,1.1644
69.553,raw,630,-7.0344,-14.9995,1.1546
69.553,raw,634,-8.6702,-16.4473,1.1071
69.553,raw,637,-8.8323,-16.8766,1.0989
69.553,raw,640,-8.7565,-17.1553,1.0969
69.553,raw,644,-8.9007,-17.6971,1.0876
69.553,raw,647,-8.8435,-17.9963,1.0849
69.553,raw,650,-8.7744,-18.2897,1.0824
69.553,raw,654,-8.6718,-18.6771,1.0793
69.553,raw,657,-8.6191,-18.9883,1.0762
69.553,raw,660,-8.5409,-19.2833,1.0737
69.553,raw,663,-8.4592,-19.5782,1.0712
69.553,raw,667,-8.3566,-19.9803,1.0675
69.553,raw,670,-8.2650,-20.2733,1.0651
69.553,raw,673,-8.1462,-20.5468,1.0633
69.553,raw,677,-8.0451,-20.9618,1.0593
69.553,raw,680,-7.9291,-21.2428,1.0572
69.553,raw,683,-7.8622,-21.5681,1.0537
69.553,raw,687,-7.7225,-21.9632,1.0503
69.553,raw,690,-7.6388,-22.2817,1.0470
69.553,raw,693,-7.5082,-22.5607,1.0450
69.553,raw,697,-7.3770,-22.9763,1.0409
69.553,raw,700,-7.2852,-23.2983,1.0375
69.553,raw,703,-7.2056,-23.6356,1.0336
69.553,raw,706,-7.0820,-23.9340,1.0310
69.553,raw,710,-6.7742,-24.1926,1.0318
69.553,raw,713,-6.5172,-24.3591,1.0332
69.553,raw,716,-6.2623,-24.5263,1.0344
69.553,raw,720,-5.9220,-24.7465,1.0361
69.553,raw,723,-5.6934,-24.9390,1.0364
69.553,raw,726,-5.4273,-25.0896,1.0379
69.553,raw,730,-5.0984,-25.3171,1.0390
69.553,raw,733,-4.8448,-25.4787,1.0400
69.553,raw,736,-4.5884,-25.6357,1.0411
69.553,raw,739,-4.3562,-25.8203,1.0413
69.553,raw,743,-4.0171,-26.0302,1.0425
69.553,raw,746,-3.7815,-26.2095,1.0427
69.553,raw,749,-3.5358,-26.3758,1.0432
69.553,raw,753,-3.2460,-26.6456,1.0425
69.553,raw,756,-3.0119,-26.8267,1.0425
69.553,raw,759,-2.7751,-27.0043,1.0425
69.553,raw,763,-2.4474,-27.2247,1.0429
69.553,raw,766,-2.2190,-27.4138,1.0424
69.553,raw,769,-1.9881,-27.6001,1.0420
69.553,raw,772,-1.7476,-27.7729,1.0419
69.553,raw,776,-1.4366,-28.0182,1.0413
69.553,raw,779,-1.1999,-28.1976,1.0409
69.553,raw,782,-0.9611,-28.3744,1.0406
69.553,raw,786,-0.6460,-28.6165,1.0398
69.553,raw,789,-0.3917,-28.7700,1.0399
69.553,raw,792,-0.1170,-28.8899,1.0408
69.553,raw,796,0.2410,-29.0616,1.0417
69.553,raw,799,0.5108,-29.1869,1.0423
69.553,raw,802,0.7728,-29.3252,1.0425
69.553,raw,806,1.1258,-29.5023,1.0429
69.553,raw,809,1.4061,-29.6061,1.0439
69.553,raw,812,1.6694,-29.7402,1.0441
69.553,raw,815,1.9379,-29.8640,1.0444
69.553,raw,819,2.2939,-30.0325,1.0447
69.553,raw,822,2.5621,-30.1560,1.0449
69.553,raw,825,2.8073,-30.3263,1.0439
69.553,raw,829,3.1473,-30.5289,1.0431
69.553,raw,832,3.3940,-30.7001,1.0420
69.553,raw,835,3.6439,-30.8665,1.0409
69.553,raw,839,3.9828,-31.0787,1.0397
69.553,raw,842,4.2361,-31.2420,1.0386
69.553,raw,845,4.4884,-31.4101,1.0373
69.553,raw,848,4.7202,-31.6313,1.0348
69.553,raw,852,8.1386,3.3643,1.8136
69.553,raw,855,8.2295,3.2479,1.8134
69.553,raw,858,8.3132,3.1357,1.8133
69.553,raw,862,8.4017,2.9954,1.8131
69.553,raw,865,8.4716,2.8911,1.8130
69.553,raw,868,8.5432,2.7880,1.8129
69.553,raw,872,8.6428,2.6522,1.8127
69.553,raw,875,8.7087,2.5544,1.8126
69.553,raw,878,8.7691,2.4592,1.8125
69.553,raw,881,8.7417,2.3839,1.8125
69.553,raw,885,8.6206,2.2997,1.8126
69.553,raw,888,8.5247,2.2360,1.8127
69.553,raw,891,8.4368,2.1693,1.8128
69.553,raw,895,8.3068,2.0806,1.8130
69.553,raw,898,8.2213,2.0104,1.8131
69.553,raw,901,8.1106,1.9428,1.8132
69.553,raw,905,7.9764,1.8480,1.8134
69.553,raw,908,7.8619,1.7768,1.8135
69.553,raw,911,-10.5311,1.2045,1.8383
69.553,raw,915,-17.4146,-3.1876,1.8479
69.553,raw,918,-17.1254,-5.5089,1.8480
69.553,raw,921,-13.2502,-6.9805,1.8432
69.553,raw,924,8.1830,3.3211,2.0475
69.553,raw,928,8.2699,3.1773,2.0445
69.553,raw,931,8.3592,3.0647,2.0416
69.553,raw,934,8.4501,2.9538,2.0387
69.553,raw,938,8.5081,2.8250,2.0365
69.553,raw,941,8.6067,2.7164,2.0335
69.553,raw,944,8.6706,2.6181,2.0314
69.553,raw,948,8.7624,2.4878,2.0285
69.553,raw,951,8.7756,2.4037,2.0277
69.553,raw,954,8.6892,2.3404,2.0295
69.553,raw,957,8.5879,2.2788,2.0317
69.553,raw,961,8.4666,2.1916,2.0342
69.553,raw,964,8.3748,2.1248,2.0362
69.553,raw,967,8.2699,2.0587,2.0384
69.553,raw,971,8.1302,1.9681,2.0415
69.553,raw,974,8.0342,1.8970,2.0436
69.553,raw,977,7.9475,1.8232,2.0455
69.553,raw,981,-16.6426,-3.2067,2.6575
69.553,raw,984,-17.5767,-0.4485,3.5052
69.553,raw,987,-15.6571,-6.2505,3.4445
70.625,raw,0,21.8226,13.6487,0.5159
70.625,raw,3,21.6554,13.4942,0.5339
70.625,raw,6,21.5658,13.6148,0.5253
70.625,raw,9,24.1139,15.2495,0.6863
70.625,raw,13,23.3017,14.6597,0.7446
70.625,raw,16,22.5695,14.1279,0.7960
70.625,raw,19,22.4492,14.1635,0.7962
70.625,raw,22,21.6738,13.5604,0.8515
70.625,raw,26,8.6304,2.2013,1.3657
70.625,raw,29,8.5332,2.1361,1.3619
70.625,raw,32,8.4219,2.0721,1.3575
70.625,raw,35,8.3369,2.0018,1.3542
70.625,raw,39,8.1694,1.9150,1.3473
70.625,raw,42,8.0915,1.8402,1.3444
70.625,raw,45,7.9919,1.7674,1.3404
70.625,raw,49,-10.2913,1.8676,0.5110
70.625,raw,52,-10.2455,1.6210,0.5137
70.625,raw,55,-10.1823,1.3748,0.5170
70.625,raw,58,-10.1409,1.1304,0.5193
70.625,raw,62,-10.0671,0.8056,0.5230
70.625,raw,65,-9.8142,0.5614,0.5346
70.625,raw,68,-9.7688,0.3217,0.5367
70.625,raw,71,-9.7192,0.0828,0.5390
70.625,raw,75,-9.6596,-0.2346,0.5415
70.625,raw,78,-9.6093,-0.4717,0.5435
70.625,raw,81,-9.3822,-0.7015,0.5535
70.625,raw,84,-9.3331,-0.9356,0.5553
70.625,raw,88,-9.2460,-1.2455,0.5585
70.625,raw,91,-9.2102,-1.4789,0.5595
70.625,raw,94,-9.0023,-1.6990,0.5682
70.625,raw,98,-8.9450,-2.0064,0.5697
70.625,raw,101,-8.9103,-2.2372,0.5703
70.625,raw,104,-8.8761,-2.4679,0.5708
70.625,raw,107,-8.6296,-2.6745,0.5809
70.625,raw,111,-8.5952,-2.9805,0.5809
70.625,raw,114,-8.5695,-3.2101,0.5807
70.625,raw,117,-8.5266,-3.4373,0.5812
70.625,raw,120,-8.3860,-3.6497,0.5862
70.625,raw,124,-8.2227,-3.9338,0.5915
70.625,raw,127,-8.2638,-4.1731,0.5879
70.625,raw,130,-8.1276,-4.3819,0.5923
70.625,raw,133,-8.0100,-4.5926,0.5958
70.625,raw,137,-7.8303,-4.8667,0.6015
70.625,raw,140,-7.8924,-5.1118,0.5965
70.625,raw,143,-7.7665,-5.3176,0.6001
70.625,raw,147,-7.6096,-5.5924,0.6043
70.625,raw,150,-7.4777,-5.7937,0.6081
70.625,raw,153,-7.5204,-6.0371,0.6036
70.625,raw,156,-5.9100,-5.8550,0.6766
70.625,raw,160,-5.7348,-6.1016,0.6815
70.625,raw,163,-5.7968,-6.3390,0.6759
70.625,raw,166,-7.0150,-6.9132,0.6154
70.625,raw,169,-7.0633,-7.1618,0.6101
70.625,raw,173,-6.8743,-7.4178,0.6149
70.625,raw,176,-6.7227,-7.6049,0.6189
70.625,raw,179,-6.5943,-7.7982,0.6218
70.625,raw,182,-6.4550,-7.9866,0.6251
70.625,raw,186,-6.4447,-8.2976,0.6209
70.625,raw,189,-6.3235,-8.4913,0.6231
70.625,raw,192,-6.2001,-8.6833,0.6254
70.625,raw,196,-6.0147,-8.9298,0.6293
70.625,raw,199,-5.8973,-9.1219,0.6311
70.625,raw,202,-5.7553,-9.3033,0.6340
70.625,raw,205,-5.6252,-9.4885,0.6363
70.625,raw,209,-5.6310,-9.8108,0.6303
70.625,raw,212,-5.5531,-10.0187,0.6298
70.625,raw,215,-5.4992,-10.2375,0.6280
70.625,raw,218,-5.4347,-10.4522,0.6266
70.625,raw,222,-5.3395,-10.7351,0.6251
70.625,raw,225,-5.2505,-10.9393,0.6248
70.625,raw,228,-5.2015,-11.1635,0.6223
70.625,raw,231,-5.2407,-11.4334,0.6152
70.625,raw,235,-5.1593,-11.7285,0.6123
70.625,raw,238,-5.0801,-11.9412,0.6110
70.625,raw,241,-4.9935,-12.1505,0.6100
70.625,raw,245,-4.9170,-12.4520,0.6064
70.625,raw,248,-4.8289,-12.6620,0.6052
70.625,raw,251,-4.7668,-12.8877,0.6026
70.625,raw,254,-4.6854,-13.1031,0.6008
70.625,raw,258,-4.5837,-13.3958,0.5979
70.625,raw,261,-4.6522,-13.7061,0.5879
70.625,raw,264,-4.5703,-13.9260,0.5857
70.625,raw,267,-4.5044,-14.1572,0.5826
70.625,raw,271,-4.4164,-14.4675,0.5782
70.625,raw,274,-4.3255,-14.6854,0.5762
70.625,raw,277,-4.2709,-14.9289,0.5720
70.625,raw,280,-4.1784,-15.1481,0.5698
70.625,raw,284,-4.1772,-15.5293,0.5598
70.625,raw,287,-4.1706,-15.8151,0.5525
70.625,raw,290,-4.1655,-16.1056,0.5448
70.625,raw,294,-4.1399,-16.4843,0.5354
70.625,raw,297,-4.1198,-16.7716,0.5282
70.625,raw,300,-4.1244,-17.0818,0.5193
70.625,raw,303,-4.1256,-17.3937,0.5104
70.625,raw,307,8.2569,3.2887,1.5755
70.625,raw,310,8.3300,3.1756,1.5778
70.625,raw,313,8.4220,3.0589,1.5805
70.625,raw,316,8.4856,2.9523,1.5825
70.625,raw,320,8.5883,2.8079,1.5855
70.625,raw,323,8.6484,2.7060,1.5873
70.625,raw,326,8.7251,2.6015,1.5895
70.625,raw,329,8.7870,2.5023,1.5914
70.625,raw,333,8.8637,2.3737,1.5937
70.625,raw,336,8.7882,2.3075,1.5923
70.625,raw,339,8.6887,2.2452,1.5905
70.625,raw,343,8.5709,2.1570,1.5883
70.625,raw,346,8.4426,2.0967,1.5858
70.625,raw,349,8.3842,2.0221,1.5848
70.625,raw,352,8.2647,1.9569,1.5825
70.625,raw,356,8.1289,1.8634,1.5798
70.625,raw,359,8.0178,1.7929,1.5776
70.625,raw,362,7.9271,1.7178,1.5759
70.625,raw,365,-14.7899,4.5851,1.0706
70.625,raw,369,-14.6668,4.1879,1.0744
70.625,raw,372,-14.5884,3.8940,1.0768
70.625,raw,375,-14.4923,3.6003,1.0796
70.625,raw,378,-14.4185,3.3108,1.0819
70.625,raw,382,-14.3023,2.9261,1.0851
70.625,raw,385,-14.2454,2.6420,1.0869
70.625,raw,388,-14.1634,2.3576,1.0891
70.625,raw,392,-14.0457,1.9806,1.0922
70.625,raw,395,-13.9850,1.7011,1.0938
70.625,raw,398,-10.1180,1.2915,1.1794
70.625,raw,401,-10.0636,1.0475,1.1808
70.625,raw,405,-13.4194,0.7732,1.1069
70.625,raw,408,-13.3636,0.5020,1.1082
70.625,raw,411,-13.3010,0.2319,1.1096
70.625,raw,414,-13.2204,-0.0370,1.1113
70.625,raw,418,-13.1224,-0.3936,1.1133
70.625,raw,421,-13.0448,-0.6597,1.1149
70.625,raw,424,-12.9639,-0.9243,1.1164
70.625,raw,427,-12.8894,-1.1881,1.1178
70.625,raw,431,-12.8031,-1.5389,1.1193
70.625,raw,434,-12.7186,-1.7997,1.1208
70.625,raw,437,-12.4113,-2.0420,1.1272
70.625,raw,441,-12.3206,-2.3859,1.1285
70.625,raw,444,-12.2370,-2.6413,1.1298
70.625,raw,447,-12.1923,-2.8999,1.1302
70.625,raw,450,-12.1056,-3.1533,1.1315
70.625,raw,454,-12.0288,-3.4946,1.1323
70.625,raw,457,-11.9730,-3.7503,1.1328
70.625,raw,460,-11.8669,-3.9984,1.1343
70.625,raw,463,-11.7279,-4.2402,1.1366
70.625,raw,467,-11.5630,-4.5633,1.1391
70.625,raw,470,-11.4389,-4.8038,1.1409
70.625,raw,473,-11.3024,-5.0406,1.1429
70.625,raw,476,-11.1956,-5.2816,1.1443
70.625,raw,480,-10.9986,-5.5901,1.1472
70.625,raw,483,-11.0579,-5.8635,1.1447
70.625,raw,486,-10.9518,-6.1022,1.1459
70.625,raw,490,-10.7392,-6.4025,1.1490
70.625,raw,493,-10.5816,-6.6260,1.1512
70.625,raw,496,-10.4551,-6.8555,1.1527
70.625,raw,499,-5.7665,-5.8908,1.2582
70.625,raw,503,-5.7048,-6.1666,1.2579
70.625,raw,506,-9.9509,-7.5889,1.1593
70.625,raw,509,-9.8255,-7.8131,1.1605
70.625,raw,512,-9.8980,-8.0960,1.1572
70.625,raw,516,-9.7052,-8.3864,1.1594
70.625,raw,519,-9.5679,-8.6050,1.1608
70.625,raw,522,-9.4245,-8.8204,1.1624
70.625,raw,525,-9.2923,-9.0385,1.1636
70.625,raw,529,-9.0917,-9.3190,1.1657
70.625,raw,532,-8.9847,-9.5438,1.1662
70.625,raw,535,-8.8240,-9.7480,1.1680
70.625,raw,539,-8.6244,-10.0237,1.1700
70.625,raw,542,-8.5278,-10.2502,1.1701
70.625,raw,545,-8.3823,-10.4566,1.1714
70.625,raw,548,-8.2389,-10.6629,1.1726
70.625,raw,552,-8.2775,-11.0357,1.1686
70.625,raw,555,-8.1333,-11.2417,1.1696
70.625,raw,558,-8.0121,-11.4572,1.1701
70.625,raw,561,-7.8744,-11.6646,1.1710
70.625,raw,565,-7.6941,-11.9417,1.1720
70.625,raw,568,-7.5612,-12.1498,1.1726
70.625,raw,571,-7.4552,-12.3709,1.1726
70.625,raw,574,-7.2954,-12.5647,1.1738
70.625,raw,578,-7.1314,-12.8470,1.1742
70.625,raw,581,-7.0793,-13.0965,1.1726
70.625,raw,584,-6.9890,-13.3265,1.1719
70.625,raw,588,-6.9285,-13.6678,1.1695
70.625,raw,591,-6.9483,-13.9631,1.1659
70.625,raw,594,-6.9626,-14.2584,1.1623
70.625,raw,597,-7.9885,-15.1599,1.1327
70.625,raw,601,-9.2821,-16.3587,1.0946
70.625,raw,604,-9.1901,-16.6261,1.0932
70.625,raw,607,-9.1046,-16.8991,1.0916
70.625,raw,610,-9.0202,-17.1742,1.0899
70.625,raw,614,-9.1964,-17.7353,1.0799
70.625,raw,617,-9.1285,-18.0291,1.0775
70.625,raw,620,-9.0206,-18.2976,1.0761
70.625,raw,623,-8.9370,-18.5845,1.0740
70.625,raw,627,-8.8414,-18.9817,1.0707
70.625,raw,630,-8.7497,-19.2678,1.0686
70.625,raw,633,-8.6520,-19.5515,1.0666
70.625,raw,637,-8.5217,-19.9327,1.0638
70.625,raw,640,-8.4164,-20.2152,1.0619
70.625,raw,643,-8.3194,-20.5063,1.0596
70.625,raw,646,-8.2045,-20.7853,1.0577
70.625,raw,650,-8.0690,-21.1748,1.0546
70.625,raw,653,-7.9820,-21.4821,1.0517
70.625,raw,656,-7.8698,-21.7707,1.0495
70.625,raw,659,-7.7680,-22.0708,1.0469
70.625,raw,663,-7.6180,-22.4626,1.0437
70.625,raw,666,-7.5208,-22.7732,1.0407
70.625,raw,669,-7.4106,-23.0750,1.0380
70.625,raw,672,-7.2737,-23.3549,1.0360
70.625,raw,676,-7.1491,-23.7868,1.0314
70.625,raw,679,-7.0579,-24.1174,1.0278
70.625,raw,682,-6.7907,-24.2773,1.0295
70.625,raw,686,-6.4414,-24.4946,1.0316
70.625,raw,689,-6.1643,-24.6401,1.0335
70.625,raw,692,-5.9097,-24.8069,1.0348
70.625,raw,695,-5.6325,-24.9482,1.0367
70.625,raw,699,-5.3044,-25.1786,1.0379
70.625,raw,702,-5.0317,-25.3206,1.0396
70.625,raw,705,-4.7814,-25.4860,1.0405
70.625,raw,708,-4.5152,-25.6319,1.0420
70.625,raw,712,-4.1738,-25.8399,1.0434
70.625,raw,715,-3.9322,-26.0118,1.0439
70.625,raw,718,-3.6731,-26.1615,1.0450
70.625,raw,721,-3.4407,-26.3433,1.0451
70.625,raw,725,-3.1084,-26.5568,1.0460
70.625,raw,728,-2.8759,-26.7378,1.0460
70.625,raw,731,-2.6317,-26.9033,1.0464
70.625,raw,735,-2.3036,-27.1200,1.0469
70.625,raw,738,-2.0742,-27.3048,1.0466
70.625,raw,741,-1.8341,-27.4753,1.0466
70.625,raw,744,-1.5770,-27.6212,1.0473
70.625,raw,748,-1.2709,-27.8683,1.0466
70.625,raw,751,-1.0274,-28.0338,1.0466
70.625,raw,754,-0.7831,-28.1980,1.0466
70.625,raw,757,-0.5154,-28.3261,1.0474
70.625,raw,761,-0.1376,-28.4620,1.0494
70.625,raw,764,0.1165,-28.6086,1.0496
70.625,raw,767,0.4174,-28.6778,1.0518
70.625,raw,770,0.6815,-28.8056,1.0524
70.625,raw,774,1.0450,-28.9552,1.0536
70.625,raw,777,1.3243,-29.0540,1.0547
70.625,raw,780,1.5831,-29.1877,1.0550
70.625,raw,784,1.9520,-29.3215,1.0563
70.625,raw,787,2.2070,-29.4609,1.0562
70.625,raw,790,2.4647,-29.5952,1.0562
70.625,raw,793,2.7005,-29.7727,1.0551
70.625,raw,797,3.0361,-29.9695,1.0546
70.625,raw,800,3.2963,-30.1005,1.0545
70.625,raw,803,3.5596,-30.2252,1.0545
70.625,raw,806,3.7993,-30.4007,1.0532
70.625,raw,810,4.1385,-30.5952,1.0524
70.625,raw,813,4.3838,-30.7632,1.0512
70.625,raw,816,4.6571,-30.8682,1.0515
70.625,raw,819,4.8831,-31.0860,1.0490
70.625,raw,823,5.1881,-31.3757,1.0457
70.625,raw,826,5.4117,-31.6124,1.0426
70.625,raw,829,5.6382,-31.8479,1.0396
70.625,raw,833,5.9488,-32.1498,1.0358
70.625,raw,836,8.2181,3.3312,1.8138
70.625,raw,839,8.3064,3.2128,1.8137
70.625,raw,842,8.3810,3.1006,1.8135
70.625,raw,846,8.4747,2.9553,1.8134
70.625,raw,849,8.5409,2.8495,1.8132
70.625,raw,852,8.6324,2.7388,1.8131
70.625,raw,855,8.6930,2.6378,1.8130
70.625,raw,859,8.7871,2.5023,1.8128
70.625,raw,862,8.8653,2.4009,1.8127
70.625,raw,865,8.7883,2.3352,1.8128
70.625,raw,868,8.7251,2.2655,1.8128
70.625,raw,872,8.5723,2.1848,1.8130
70.625,raw,875,8.5017,2.1140,1.8131
70.625,raw,878,8.4046,2.0469,1.8132
70.625,raw,882,8.2516,1.9591,1.8134
70.625,raw,885,8.1571,1.8880,1.8135
70.625,raw,888,8.0655,1.8150,1.8136
70.625,raw,891,7.9562,1.7431,1.8137
70.625,raw,895,-16.5362,-3.5643,1.8471
70.625,raw,898,-13.4133,-6.5539,1.8435
70.625,raw,901,8.2570,3.2581,2.0518
70.625,raw,904,8.3418,3.1420,2.0490
70.625,raw,908,8.4397,2.9946,2.0457
70.625,raw,911,8.5178,2.8849,2.0431
70.625,raw,914,8.6049,2.7747,2.0403
70.625,raw,917,8.6975,2.6651,2.0374
70.625,raw,921,8.7716,2.5340,2.0348
70.625,raw,924,8.8322,2.4361,2.0328
70.625,raw,927,8.8438,2.3506,2.0321
70.625,raw,931,8.7292,2.2646,2.0344
70.625,raw,934,8.6141,2.2045,2.0369
70.625,raw,937,8.5183,2.1390,2.0389
70.625,raw,940,8.4317,2.0703,2.0407
70.625,raw,944,8.2819,1.9827,2.0440
70.625,raw,947,8.1753,1.9140,2.0463
70.625,raw,950,8.1016,1.8386,2.0478
70.625,raw,953,7.9863,1.7682,2.0504
70.625,raw,957,-13.2743,-6.6177,2.5935
70.625,raw,960,-17.2966,-1.0986,3.5031
70.625,raw,963,-17.1669,-1.3971,3.4975
70.625,raw,966,-17.0952,-1.6970,3.4948
70.625,raw,970,-16.9366,-2.0910,3.4884
70.625,raw,973,-16.7498,-2.6808,3.4816
70.625,raw,976,-16.5557,-3.5665,3.4765
71.884,raw,0,21.8121,13.5099,0.5121
71.884,raw,3,21.6684,13.4346,0.5223
71.884,raw,6,24.2451,15.1763,0.6773
71.884,raw,9,24.1035,15.1992,0.6795
71.884,raw,12,23.3298,14.5568,0.7397
71.884,raw,15,22.6362,14.1238,0.7833
71.884,raw,19,22.4536,14.1054,0.7883
71.884,raw,22,21.7081,13.4298,0.8472
71.884,raw,25,8.7454,2.1643,1.3605
71.884,raw,28,8.6626,2.0967,1.3575
71.884,raw,31,8.5599,2.0319,1.3535
71.884,raw,34,8.4587,1.9654,1.3496
71.884,raw,38,8.3278,1.8735,1.3445
71.884,raw,41,8.2110,1.8061,1.3398
71.884,raw,44,8.1244,1.7320,1.3365
71.884,raw,47,7.9897,1.6640,1.3309
71.884,raw,50,-10.3151,1.2761,0.5022
71.884,raw,53,-10.0799,1.0222,0.5133
71.884,raw,57,-10.2034,0.6998,0.5081
71.884,raw,60,-10.2212,-0.6876,0.5071
71.884,raw,63,-10.1748,-0.9310,0.5089
71.884,raw,66,-10.1309,-1.1739,0.5104
71.884,raw,69,-10.0857,-1.4162,0.5119
71.884,raw,72,-9.8237,-1.6445,0.5232
71.884,raw,76,-9.7644,-1.9636,0.5250
71.884,raw,79,-9.7090,-2.2014,0.5266
71.884,raw,82,-9.6894,-2.4419,0.5266
71.884,raw,85,-9.4344,-2.6590,0.5372
71.884,raw,88,-9.3847,-2.8942,0.5383
71.884,raw,92,-9.3291,-3.2085,0.5392
71.884,raw,95,-9.2168,-3.4349,0.5430
71.884,raw,98,-9.0779,-3.6562,0.5480
71.884,raw,101,-8.9327,-3.8747,0.5531
71.884,raw,104,-8.9714,-4.1198,0.5497
71.884,raw,107,-8.8250,-4.3358,0.5548
71.884,raw,111,-8.6318,-4.6213,0.5613
71.884,raw,114,-8.5010,-4.8358,0.5654
71.884,raw,117,-8.5322,-5.0801,0.5619
71.884,raw,120,-8.4023,-5.2931,0.5658
71.884,raw,123,-8.2471,-5.4993,0.5709
71.884,raw,126,-8.1076,-5.7070,0.5751
71.884,raw,130,-8.1217,-6.0279,0.5712
71.884,raw,133,-7.9856,-6.2346,0.5751
71.884,raw,136,-5.9159,-5.9550,0.6696
71.884,raw,139,-5.7062,-6.1217,0.6770
71.884,raw,142,-5.7050,-6.3418,0.6745
71.884,raw,145,-7.5810,-7.0853,0.5832
71.884,raw,149,-7.4060,-7.3545,0.5875
71.884,raw,152,-7.2467,-7.5465,0.5920
71.884,raw,155,-7.1028,-7.7416,0.5956
71.884,raw,158,-6.9353,-7.9276,0.6004
71.884,raw,161,-6.7989,-8.1220,0.6035
71.884,raw,165,-6.7745,-8.4331,0.6001
71.884,raw,168,-6.6320,-8.6240,0.6034
71.884,raw,171,-6.4733,-8.8077,0.6074
71.884,raw,174,-6.3579,-9.0059,0.6092
71.884,raw,177,-6.2003,-9.1873,0.6130
71.884,raw,180,-6.0683,-9.3772,0.6155
71.884,raw,184,-6.0617,-9.6972,0.6104
71.884,raw,187,-5.8942,-9.8718,0.6145
71.884,raw,190,-5.7692,-10.0628,0.6164
71.884,raw,193,-5.6518,-10.2562,0.6178
71.884,raw,196,-5.5859,-10.4720,0.6166
71.884,raw,199,-5.4981,-10.6784,0.6164
71.884,raw,203,-5.3926,-10.9591,0.6154
71.884,raw,206,-5.3088,-11.1678,0.6148
71.884,raw,209,-5.3583,-11.4421,0.6073
71.884,raw,212,-5.2910,-11.6611,0.6057
71.884,raw,215,-5.2247,-11.8814,0.6038
71.884,raw,218,-5.1464,-12.0961,0.6025
71.884,raw,222,-5.0205,-12.3718,0.6017
71.884,raw,225,-4.9383,-12.5857,0.6003
71.884,raw,228,-4.8730,-12.8096,0.5980
71.884,raw,231,-4.7743,-13.0154,0.5973
71.884,raw,234,-4.7055,-13.2390,0.5949
71.884,raw,238,-4.7449,-13.6172,0.5846
71.884,raw,241,-4.6429,-13.8246,0.5837
71.884,raw,244,-4.5566,-14.0423,0.5819
71.884,raw,247,-4.4697,-14.2604,0.5800
71.884,raw,250,-4.3927,-14.4858,0.5774
71.884,raw,253,-4.3212,-14.7160,0.5744
71.884,raw,257,-4.2087,-15.0136,0.5711
71.884,raw,260,-4.1372,-15.2469,0.5679
71.884,raw,263,-4.1051,-15.5094,0.5622
71.884,raw,266,-4.0761,-15.7766,0.5563
71.884,raw,269,-4.0584,-16.0550,0.5496
71.884,raw,272,-4.0364,-16.3332,0.5429
71.884,raw,276,-4.0084,-16.7103,0.5336
71.884,raw,279,-3.9896,-16.9987,0.5263
71.884,raw,282,-3.9782,-17.2965,0.5184
71.884,raw,285,8.2584,3.2194,1.5705
71.884,raw,288,8.3318,3.1031,1.5728
71.884,raw,291,8.4180,2.9848,1.5754
71.884,raw,295,8.5193,2.8343,1.5785
71.884,raw,298,8.5974,2.7230,1.5808
71.884,raw,301,8.6568,2.6185,1.5826
71.884,raw,304,8.7545,2.5057,1.5854
71.884,raw,307,8.8187,2.4034,1.5873
71.884,raw,310,8.8888,2.3012,1.5893
71.884,raw,314,8.7779,2.2138,1.5874
71.884,raw,317,8.7037,2.1449,1.5861
71.884,raw,320,8.6012,2.0809,1.5842
71.884,raw,323,8.5004,2.0151,1.5823
71.884,raw,326,8.4156,1.9446,1.5808
71.884,raw,330,8.2839,1.8521,1.5783
71.884,raw,333,8.1676,1.7840,1.5760
71.884,raw,336,8.0802,1.7095,1.5744
71.884,raw,339,7.9622,1.6382,1.5720
71.884,raw,342,-17.0631,4.4152,1.0165
71.884,raw,345,-16.9241,4.0912,1.0204
71.884,raw,349,-16.7601,3.6661,1.0250
71.884,raw,352,-16.6121,3.3481,1.0290
71.884,raw,355,-16.4911,3.0354,1.0322
71.884,raw,358,-16.3245,2.7218,1.0365
71.884,raw,361,-16.1854,2.4133,1.0400
71.884,raw,364,-16.0762,2.1094,1.0428
71.884,raw,368,-15.8772,1.7050,1.0477
71.884,raw,371,-10.0481,1.1836,1.1767
71.884,raw,374,-9.9977,0.9385,1.1780
71.884,raw,377,-10.2082,0.6999,1.1735
71.884,raw,380,-14.8703,0.5161,1.0707
71.884,raw,383,-14.7548,0.2306,1.0733
71.884,raw,387,-14.5920,-0.1469,1.0769
71.884,raw,390,-14.4536,-0.4273,1.0799
71.884,raw,393,-14.3439,-0.7061,1.0822
71.884,raw,396,-14.2302,-0.9830,1.0845
71.884,raw,399,-14.1224,-1.2583,1.0867
71.884,raw,403,-13.9750,-1.6227,1.0895
71.884,raw,406,-13.5361,-1.8737,1.0989
71.884,raw,409,-13.4684,-2.1436,1.1000
71.884,raw,412,-13.3623,-2.4096,1.1019
71.884,raw,415,-13.2963,-2.6776,1.1028
71.884,raw,418,-13.1941,-2.9414,1.1045
71.884,raw,422,-13.0743,-3.2929,1.1064
71.884,raw,425,-12.9865,-3.5555,1.1077
71.884,raw,428,-12.8986,-3.8172,1.1089
71.884,raw,431,-12.7368,-4.0679,1.1117
71.884,raw,434,-12.6013,-4.3202,1.1139
71.884,raw,437,-12.4520,-4.5687,1.1164
71.884,raw,441,-12.2447,-4.8956,1.1198
71.884,raw,444,-12.0816,-5.1372,1.1224
71.884,raw,447,-11.9487,-5.3822,1.1244
71.884,raw,450,-11.7912,-5.6209,1.1268
71.884,raw,453,-11.8525,-5.9013,1.1243
71.884,raw,456,-11.6851,-6.1362,1.1269
71.884,raw,460,-11.4459,-6.4425,1.1307
71.884,raw,463,-11.2627,-6.6688,1.1335
71.884,raw,466,-11.1056,-6.8991,1.1357
71.884,raw,469,-5.9715,-5.8952,1.2511
71.884,raw,472,-5.6898,-6.0443,1.2563
71.884,raw,476,-5.6812,-6.3354,1.2548
71.884,raw,479,-10.4236,-7.8765,1.1449
71.884,raw,482,-10.4733,-8.1572,1.1422
71.884,raw,485,-10.3194,-8.3796,1.1440
71.884,raw,488,-10.1558,-8.5976,1.1461
71.884,raw,491,-10.0040,-8.8176,1.1479
71.884,raw,495,-9.8051,-9.1098,1.1501
71.884,raw,498,-9.6248,-9.3170,1.1524
71.884,raw,501,-9.4668,-9.5299,1.1542
71.884,raw,504,-9.3213,-9.7459,1.1556
71.884,raw,507,-9.1600,-9.9549,1.1574
71.884,raw,510,-9.0356,-10.1764,1.1583
71.884,raw,514,-8.8272,-10.4539,1.1604
71.884,raw,517,-8.6548,-10.6541,1.1623
71.884,raw,520,-8.5165,-10.8667,1.1633
71.884,raw,523,-8.5904,-11.1677,1.1593
71.884,raw,526,-8.4600,-11.3841,1.1601
71.884,raw,529,-8.3001,-11.5869,1.1615
71.884,raw,533,-8.1034,-11.8629,1.1630
71.884,raw,536,-7.9578,-12.0696,1.1640
71.884,raw,539,-7.8245,-12.2814,1.1647
71.884,raw,542,-7.6597,-12.4774,1.1661
71.884,raw,545,-7.5270,-12.6880,1.1666
71.884,raw,548,-7.3564,-12.8790,1.1681
71.884,raw,552,-7.2063,-13.1719,1.1681
71.884,raw,555,-7.1150,-13.4031,1.1675
71.884,raw,558,-7.0371,-13.6421,1.1665
71.884,raw,561,-7.0260,-13.9190,1.1638
71.884,raw,564,-7.2894,-14.3542,1.1540
71.884,raw,568,-8.6411,-15.5307,1.1152
71.884,raw,571,-9.3938,-16.2889,1.0924
71.884,raw,574,-9.3015,-16.5563,1.0911
71.884,raw,577,-9.1932,-16.8149,1.0902
71.884,raw,580,-9.1193,-17.0961,1.0883
71.884,raw,583,-9.2885,-17.5350,1.0799
71.884,raw,587,-9.1537,-17.8954,1.0781
71.884,raw,590,-9.0507,-18.1659,1.0767
71.884,raw,593,-8.9639,-18.4489,1.0748
71.884,raw,596,-8.8820,-18.7371,1.0727
71.884,raw,599,-8.7783,-19.0119,1.0711
71.884,raw,602,-8.6933,-19.3017,1.0689
71.884,raw,606,-8.5271,-19.6526,1.0673
71.884,raw,609,-8.4309,-19.9385,1.0652
71.884,raw,612,-8.3197,-20.2150,1.0634
71.884,raw,615,-8.2144,-20.4978,1.0615
71.884,raw,618,-8.0907,-20.7681,1.0599
71.884,raw,621,-7.9613,-21.0353,1.0585
71.884,raw,625,-7.8212,-21.4208,1.0555
71.884,raw,628,-7.6969,-21.6964,1.0537
71.884,raw,631,-7.6127,-22.0083,1.0506
71.884,raw,634,-7.4580,-22.2618,1.0496
71.884,raw,637,-7.3505,-22.5584,1.0470
71.884,raw,641,-7.2074,-22.9583,1.0435
71.884,raw,644,-7.0898,-23.2520,1.0410
71.884,raw,647,-6.9590,-23.5361,1.0389
71.884,raw,650,-6.8535,-23.8467,1.0358
71.884,raw,653,-6.6074,-24.0239,1.0370
71.884,raw,656,-6.3287,-24.1675,1.0392
71.884,raw,660,-5.9500,-24.3480,1.0423
71.884,raw,663,-5.6920,-24.5073,1.0438
71.884,raw,666,-5.4225,-24.6529,1.0456
71.884,raw,669,-5.1476,-24.7906,1.0475
71.884,raw,672,-4.8817,-24.9359,1.0492
71.884,raw,675,-4.6148,-25.0783,1.0508
71.884,raw,679,-4.2876,-25.2975,1.0520
71.884,raw,682,-4.0348,-25.4521,1.0532
71.884,raw,685,-3.7867,-25.6110,1.0541
71.884,raw,688,-3.5346,-25.7641,1.0551
71.884,raw,691,-3.2974,-25.9339,1.0556
71.884,raw,694,-3.0430,-26.0819,1.0566
71.884,raw,698,-2.7145,-26.2910,1.0575
71.884,raw,701,-2.4725,-26.4524,1.0580
71.884,raw,704,-2.2227,-26.6030,1.0588
71.884,raw,707,-1.9745,-26.7548,1.0594
71.884,raw,710,-1.7301,-26.9110,1.0598
71.884,raw,714,-1.4010,-27.1138,1.0605
71.884,raw,717,-1.1587,-27.2715,1.0608
71.884,raw,720,-0.8901,-27.3911,1.0620
71.884,raw,723,-0.6006,-27.4783,1.0640
71.884,raw,726,-0.3293,-27.5900,1.0654
71.884,raw,729,-0.0336,-27.6626,1.0676
71.884,raw,733,0.3237,-27.8121,1.0691
71.884,raw,736,0.6124,-27.8892,1.0711
71.884,raw,739,0.8849,-27.9898,1.0724
71.884,raw,742,1.1555,-28.0917,1.0736
71.884,raw,745,1.4025,-28.2318,1.0737
71.884,raw,748,1.6595,-28.3543,1.0743
71.884,raw,752,1.9947,-28.5295,1.0746
71.884,raw,755,2.2498,-28.6539,1.0750
71.884,raw,758,2.5007,-28.7856,1.0751
71.884,raw,761,2.7470,-28.9256,1.0749
71.884,raw,764,2.9958,-29.0614,1.0748
71.884,raw,767,3.2480,-29.1905,1.0748
71.884,raw,771,3.5752,-29.3810,1.0743
71.884,raw,774,3.8278,-29.5099,1.0742
71.884,raw,777,4.0821,-29.6354,1.0742
71.884,raw,780,4.3323,-29.7701,1.0738
71.884,raw,783,4.5889,-29.8914,1.0737
71.884,raw,786,4.8392,-30.0269,1.0733
71.884,raw,790,5.1486,-30.2659,1.0712
71.884,raw,793,5.3599,-30.4987,1.0682
71.884,raw,796,5.5842,-30.7055,1.0659
71.884,raw,799,5.8164,-30.8976,1.0639
71.884,raw,802,6.0468,-31.0985,1.0617
71.884,raw,806,6.3435,-31.4025,1.0577
71.884,raw,809,6.5730,-31.6193,1.0550
71.884,raw,812,6.8159,-31.8049,1.0530
71.884,raw,815,7.0475,-32.0281,1.0500
71.884,raw,818,7.2775,-32.2631,1.0467
71.884,raw,821,7.5976,-32.2316,1.0496
71.884,raw,825,7.8894,-32.6065,1.0437
71.884,raw,828,8.1130,-32.8863,1.0393
71.884,raw,831,8.3482,-33.1391,1.0354
71.884,raw,834,8.2883,3.1787,1.8140
71.884,raw,837,8.3495,3.0668,1.8139
71.884,raw,840,8.4556,2.9433,1.8137
71.884,raw,844,8.5417,2.7980,1.8136
71.884,raw,847,8.6358,2.6829,1.8134
71.884,raw,850,8.7045,2.5767,1.8133
71.884,raw,853,8.7547,2.4768,1.8132
71.884,raw,856,8.8299,2.3721,1.8130
71.884,raw,859,8.8682,2.2779,1.8130
71.884,raw,863,8.7832,2.1842,1.8130
71.884,raw,866,8.6443,2.1292,1.8132
71.884,raw,869,8.5694,2.0588,1.8133
71.884,raw,872,8.4401,1.9980,1.8134
71.884,raw,875,8.3592,1.9262,1.8135
71.884,raw,879,8.2439,1.8299,1.8137
71.884,raw,882,8.1540,1.7567,1.8138
71.884,raw,885,8.0315,1.6874,1.8139
71.884,raw,888,7.9249,1.6138,1.8140
71.884,raw,891,-16.6567,-4.1873,1.8475
71.884,raw,894,-16.0750,-6.2327,1.8472
71.884,raw,898,-16.5076,-3.6639,2.6644
71.884,raw,901,-17.1204,-1.5862,3.5042
71.884,raw,904,-17.0401,-1.8869,3.5011
71.884,raw,907,-16.9393,-2.1851,3.4971
71.884,raw,910,-16.8127,-2.4801,3.4920
71.884,raw,913,-16.7169,-2.7757,3.4885
71.884,raw,917,-16.5820,-3.1674,3.4836
71.884,raw,920,-16.9472,-3.5073,3.5028
71.884,raw,923,-16.4041,-3.8540,3.4785
71.884,raw,926,-16.3192,-4.1459,3.4761
71.884,raw,929,-16.1913,-4.4314,3.4717
71.884,raw,932,-16.1095,-4.7217,3.4697
71.884,raw,936,-15.9920,-5.1064,3.4668
71.884,raw,939,-15.8661,-5.3880,3.4629
71.884,raw,942,-15.7636,-5.6722,3.4602
71.884,raw,945,-15.6731,-5.9576,3.4583
71.884,raw,948,-15.5810,-6.2419,3.4564
73.282,raw,0,21.7276,13.5724,0.5012
73.282,raw,3,21.5784,13.4790,0.5131
73.282,raw,6,24.1317,15.1441,0.6763
73.282,raw,9,24.0093,15.2167,0.6747
73.282,raw,12,23.2457,14.6034,0.7328
73.282,raw,15,22.4689,14.0534,0.7857
73.282,raw,18,22.3493,14.0959,0.7853
73.282,raw,21,21.5819,13.4925,0.8398
73.282,raw,24,8.2679,2.1965,1.3421
73.282,raw,28,8.1341,2.1063,1.3370
73.282,raw,31,8.0378,2.0361,1.3334
73.282,raw,34,7.9164,1.9693,1.3285
73.282,raw,37,7.8227,1.8956,1.3250
73.282,raw,40,7.7246,1.8213,1.3212
73.282,raw,43,-10.3651,1.4758,0.5031
73.282,raw,46,-10.3595,1.2297,0.5039
73.282,raw,49,-10.3861,0.7391,0.5035
73.282,raw,52,-10.3158,0.4923,0.5069
73.282,raw,56,-10.2143,0.1651,0.5117
73.282,raw,59,-10.1615,-0.0787,0.5141
73.282,raw,62,-10.0996,-0.3216,0.5168
73.282,raw,65,-9.8723,-0.5600,0.5270
73.282,raw,68,-9.8028,-0.7993,0.5299
73.282,raw,71,-9.7583,-1.0384,0.5315
73.282,raw,74,-9.7137,-1.2769,0.5331
73.282,raw,77,-9.4848,-1.5046,0.5430
73.282,raw,81,-9.4090,-1.8177,0.5455
73.282,raw,84,-9.3658,-2.0528,0.5467
73.282,raw,87,-9.3404,-2.2889,0.5470
73.282,raw,90,-9.0965,-2.5046,0.5572
73.282,raw,93,-9.0166,-2.7332,0.5598
73.282,raw,96,-8.9968,-2.9674,0.5596
73.282,raw,99,-8.9594,-3.1996,0.5601
73.282,raw,102,-8.8125,-3.4176,0.5655
73.282,raw,105,-8.6919,-3.6372,0.5697
73.282,raw,109,-8.5056,-3.9237,0.5762
73.282,raw,112,-8.5502,-4.1654,0.5725
73.282,raw,115,-8.3987,-4.3760,0.5778
73.282,raw,118,-8.2628,-4.5873,0.5823
73.282,raw,121,-8.1416,-4.7995,0.5860
73.282,raw,124,-8.1777,-5.0407,0.5824
73.282,raw,127,-8.0652,-5.2534,0.5855
73.282,raw,130,-7.9092,-5.4556,0.5906
73.282,raw,134,-7.7410,-5.7311,0.5954
73.282,raw,137,-6.2097,-5.6104,0.6646
73.282,raw,140,-6.0443,-5.7918,0.6701
73.282,raw,143,-6.0337,-6.0098,0.6682
73.282,raw,146,-7.4058,-6.5871,0.6012
73.282,raw,149,-7.2785,-6.7880,0.6044
73.282,raw,152,-7.2685,-7.0204,0.6021
73.282,raw,155,-7.1259,-7.2155,0.6059
73.282,raw,158,-7.0006,-7.4143,0.6088
73.282,raw,162,-6.7971,-7.6664,0.6144
73.282,raw,165,-6.6535,-7.8564,0.6180
73.282,raw,168,-6.5311,-8.0519,0.6206
73.282,raw,171,-6.5460,-8.2928,0.6165
73.282,raw,174,-6.4242,-8.4878,0.6189
73.282,raw,177,-6.2766,-8.6727,0.6224
73.282,raw,180,-6.1457,-8.8624,0.6251
73.282,raw,183,-6.0032,-9.0466,0.6282
73.282,raw,187,-5.8235,-9.2942,0.6318
73.282,raw,190,-5.8719,-9.5519,0.6255
73.282,raw,193,-5.8143,-9.7687,0.6242
73.282,raw,196,-5.7322,-9.9759,0.6241
73.282,raw,199,-5.6379,-10.1778,0.6244
73.282,raw,202,-5.5973,-10.4033,0.6220
73.282,raw,205,-5.5130,-10.6101,0.6217
73.282,raw,208,-5.4119,-10.8093,0.6221
73.282,raw,211,-5.3211,-11.0132,0.6219
73.282,raw,215,-5.3775,-11.3714,0.6126
73.282,raw,218,-5.3111,-11.5896,0.6109
73.282,raw,221,-5.2178,-11.7948,0.6105
73.282,raw,224,-5.1588,-12.0181,0.6083
73.282,raw,227,-5.0903,-12.2372,0.6064
73.282,raw,230,-4.9763,-12.4326,0.6068
73.282,raw,233,-4.9004,-12.6489,0.6051
73.282,raw,236,-4.8277,-12.8678,0.6032
73.282,raw,239,-4.7549,-13.0874,0.6011
73.282,raw,243,-4.6502,-13.3772,0.5986
73.282,raw,246,-4.7189,-13.6840,0.5888
73.282,raw,249,-4.6328,-13.9003,0.5870
73.282,raw,252,-4.5561,-14.1234,0.5846
73.282,raw,255,-4.4819,-14.3491,0.5820
73.282,raw,258,-4.4086,-14.5766,0.5792
73.282,raw,261,-4.3117,-14.7898,0.5776
73.282,raw,264,-4.2296,-15.0137,0.5750
73.282,raw,268,-4.1991,-15.3687,0.5671
73.282,raw,271,-4.1882,-15.6465,0.5603
73.282,raw,274,-4.1589,-15.9145,0.5543
73.282,raw,277,-4.1234,-16.1807,0.5485
73.282,raw,280,-4.1069,-16.4638,0.5415
73.282,raw,283,-4.0941,-16.7530,0.5340
73.282,raw,286,-4.0723,-17.0389,0.5269
73.282,raw,289,-4.2663,-17.4974,0.5072
73.282,raw,292,8.0208,3.4383,1.5654
73.282,raw,296,8.1332,3.2730,1.5689
73.282,raw,299,8.2004,3.1569,1.5711
73.282,raw,302,8.2915,3.0354,1.5738
73.282,raw,305,8.3660,2.9209,1.5761
73.282,raw,308,8.4344,2.8101,1.5782
73.282,raw,311,8.5151,2.6976,1.5806
73.282,raw,314,8.5823,2.5907,1.5827
73.282,raw,317,8.6559,2.4837,1.5848
73.282,raw,321,8.5611,2.3918,1.5833
73.282,raw,324,8.4606,2.3287,1.5815
73.282,raw,327,8.3791,2.2599,1.5801
73.282,raw,330,8.2555,2.1992,1.5777
73.282,raw,333,8.1713,2.1283,1.5762
73.282,raw,336,8.0628,2.0611,1.5742
73.282,raw,339,7.9743,1.9884,1.5726
73.282,raw,342,7.8455,1.9219,1.5701
73.282,raw,345,7.7514,1.8473,1.5683
73.282,raw,349,-16.9376,5.7876,1.0166
73.282,raw,352,-16.7704,5.4517,1.0214
73.282,raw,355,-16.1049,5.0465,1.0373
73.282,raw,358,-15.9658,4.7264,1.0413
73.282,raw,361,-15.8267,4.4095,1.0453
73.282,raw,364,-15.6931,4.0964,1.0491
73.282,raw,367,-15.5626,3.7865,1.0527
73.282,raw,370,-15.4285,3.4792,1.0564
73.282,raw,374,-15.2805,3.0766,1.0605
73.282,raw,377,-15.1592,2.7766,1.0637
73.282,raw,380,-15.0066,2.4768,1.0676
73.282,raw,383,-14.8832,2.1819,1.0708
73.282,raw,386,-10.3616,1.6397,1.1711
73.282,raw,389,-10.2259,1.3871,1.1744
73.282,raw,392,-10.4100,1.1498,1.1706
73.282,raw,395,-14.1358,1.0187,1.0885
73.282,raw,398,-14.0411,0.7385,1.0907
73.282,raw,402,-13.9193,0.3677,1.0936
73.282,raw,405,-13.8260,0.0915,1.0957
73.282,raw,408,-13.7553,-0.1833,1.0972
73.282,raw,411,-13.6640,-0.4566,1.0992
73.282,raw,414,-13.5587,-0.7280,1.1014
73.282,raw,417,-13.4736,-0.9984,1.1031
73.282,raw,420,-13.3807,-1.2671,1.1049
73.282,raw,423,-13.3081,-1.5354,1.1062
73.282,raw,426,-12.9733,-1.7875,1.1133
73.282,raw,430,-12.8602,-2.1382,1.1153
73.282,raw,433,-12.7642,-2.3990,1.1170
73.282,raw,436,-12.6920,-2.6606,1.1181
73.282,raw,439,-12.6083,-2.9203,1.1194
73.282,raw,442,-12.5279,-3.1792,1.1206
73.282,raw,445,-12.4593,-3.4386,1.1215
73.282,raw,448,-12.3574,-3.6933,1.1231
73.282,raw,451,-12.2269,-3.9429,1.1252
73.282,raw,455,-12.0322,-4.2703,1.1285
73.282,raw,458,-11.8664,-4.5105,1.1314
73.282,raw,461,-11.7672,-4.7593,1.1327
73.282,raw,464,-11.6012,-4.9956,1.1355
73.282,raw,467,-11.4721,-5.2364,1.1374
73.282,raw,470,-11.3259,-5.4725,1.1396
73.282,raw,473,-11.3845,-5.7469,1.1372
73.282,raw,476,-11.1839,-5.9702,1.1406
73.282,raw,479,-11.0276,-6.2003,1.1429
73.282,raw,483,-10.8288,-6.5064,1.1457
73.282,raw,486,-6.0579,-5.6484,1.2526
73.282,raw,489,-6.0065,-5.8560,1.2526
73.282,raw,492,-10.3526,-7.1769,1.1525
73.282,raw,495,-10.2149,-7.4023,1.1542
73.282,raw,498,-10.0489,-7.6187,1.1565
73.282,raw,501,-10.1241,-7.9010,1.1533
73.282,raw,504,-9.9805,-8.1224,1.1550
73.282,raw,508,-9.7721,-8.4105,1.1576
73.282,raw,511,-9.6215,-8.6264,1.1593
73.282,raw,514,-9.4924,-8.8479,1.1606
73.282,raw,517,-9.3318,-9.0579,1.1625
73.282,raw,520,-9.1625,-9.2633,1.1646
73.282,raw,523,-9.0417,-9.4841,1.1655
73.282,raw,526,-8.8868,-9.6918,1.1672
73.282,raw,529,-8.7534,-9.9061,1.1684
73.282,raw,532,-8.6133,-10.1169,1.1696
73.282,raw,536,-8.4131,-10.3911,1.1716
73.282,raw,539,-8.2707,-10.5984,1.1728
73.282,raw,542,-8.3291,-10.8877,1.1692
73.282,raw,545,-8.1791,-11.0919,1.1705
73.282,raw,548,-8.0620,-11.3092,1.1710
73.282,raw,551,-7.9137,-11.5123,1.1722
73.282,raw,554,-7.7657,-11.7145,1.1734
73.282,raw,557,-7.6473,-11.9295,1.1738
73.282,raw,561,-7.4627,-12.2028,1.1749
73.282,raw,564,-7.3531,-12.4212,1.1749
73.282,raw,567,-7.2812,-12.6583,1.1740
73.282,raw,570,-7.2048,-12.8939,1.1732
73.282,raw,573,-7.1153,-13.1234,1.1726
73.282,raw,576,-7.0586,-13.3710,1.1712
73.282,raw,579,-7.0064,-13.6223,1.1696
73.282,raw,582,-7.0215,-13.9123,1.1662
73.282,raw,585,-7.0174,-14.1946,1.1632
73.282,raw,589,-7.0089,-14.5734,1.1592
73.282,raw,592,-7.3248,-15.0519,1.1479
73.282,raw,595,-8.1514,-15.8497,1.1232
73.282,raw,598,-8.9774,-16.6698,1.0982
73.282,raw,601,-9.1408,-17.0964,1.0902
73.282,raw,604,-9.0555,-17.3712,1.0885
73.282,raw,607,-8.9635,-17.6431,1.0869
73.282,raw,610,-8.8804,-17.9225,1.0851
73.282,raw,613,-8.7966,-18.2031,1.0832
73.282,raw,617,-8.6664,-18.5674,1.0810
73.282,raw,620,-8.5782,-18.8492,1.0790
73.282,raw,623,-8.4781,-19.1243,1.0773
73.282,raw,626,-8.3887,-19.4089,1.0752
73.282,raw,629,-8.2923,-19.6905,1.0732
73.282,raw,632,-8.2030,-19.9793,1.0709
73.282,raw,635,-8.0979,-20.2583,1.0690
73.282,raw,638,-8.0081,-20.5512,1.0666
73.282,raw,642,-7.8684,-20.9294,1.0638
73.282,raw,645,-7.7805,-21.2294,1.0611
73.282,raw,648,-7.6437,-21.4914,1.0598
73.282,raw,651,-7.5477,-21.7895,1.0571
73.282,raw,654,-7.4428,-22.0826,1.0547
73.282,raw,657,-7.3336,-22.3745,1.0523
73.282,raw,660,-7.2186,-22.6638,1.0499
73.282,raw,663,-7.0978,-22.9503,1.0477
73.282,raw,666,-6.8831,-23.1520,1.0481
73.282,raw,670,-6.5354,-23.3620,1.0506
73.282,raw,673,-6.2785,-23.5210,1.0522
73.282,raw,676,-6.0107,-23.6675,1.0542
73.282,raw,679,-5.7521,-23.8210,1.0559
73.282,raw,682,-5.5160,-23.9955,1.0568
73.282,raw,685,-5.2636,-24.1522,1.0582
73.282,raw,688,-5.0280,-24.3250,1.0590
73.282,raw,691,-4.7825,-24.4863,1.0602
73.282,raw,695,-4.4658,-24.7110,1.0613
73.282,raw,698,-4.2195,-24.8687,1.0623
73.282,raw,701,-3.9820,-25.0352,1.0631
73.282,raw,704,-3.7432,-25.1992,1.0638
73.282,raw,707,-3.5033,-25.3611,1.0645
73.282,raw,710,-3.2556,-25.5128,1.0655
73.282,raw,713,-3.0250,-25.6843,1.0658
73.282,raw,716,-2.7774,-25.8343,1.0667
73.282,raw,719,-2.5468,-26.0046,1.0670
73.282,raw,723,-2.2347,-26.2253,1.0674
73.282,raw,726,-1.9849,-26.3696,1.0682
73.282,raw,729,-1.7323,-26.5094,1.0691
73.282,raw,732,-1.4623,-26.6241,1.0706
73.282,raw,735,-1.1688,-26.7042,1.0730
73.282,raw,738,-0.9030,-26.8204,1.0743
73.282,raw,741,-0.6329,-26.9285,1.0758
73.282,raw,744,-0.3616,-27.0330,1.0773
73.282,raw,748,-0.0015,-27.1714,1.0792
73.282,raw,751,0.2591,-27.2876,1.0802
73.282,raw,754,0.4963,-27.4386,1.0803
73.282,raw,757,0.7478,-27.5669,1.0808
73.282,raw,760,0.9803,-27.7253,1.0806
73.282,raw,763,1.2320,-27.8523,1.0811
73.282,raw,766,1.4807,-27.9836,1.0814
73.282,raw,769,1.7145,-28.1401,1.0811
73.282,raw,772,1.9652,-28.2675,1.0814
73.282,raw,776,2.2888,-28.4560,1.0812
73.282,raw,779,2.5333,-28.5942,1.0812
73.282,raw,782,2.7736,-28.7405,1.0808
73.282,raw,785,3.0206,-28.8745,1.0808
73.282,raw,788,3.2673,-29.0094,1.0806
73.282,raw,791,3.5072,-29.1582,1.0801
73.282,raw,794,3.7634,-29.2745,1.0803
73.282,raw,797,4.0049,-29.4213,1.0797
73.282,raw,800,4.2470,-29.5681,1.0790
73.282,raw,804,4.5408,-29.8295,1.0765
73.282,raw,807,4.7623,-30.0274,1.0745
73.282,raw,810,4.9802,-30.2374,1.0722
73.282,raw,813,5.2012,-30.4448,1.0699
73.282,raw,816,5.4200,-30.6625,1.0674
73.282,raw,819,5.6454,-30.8690,1.0650
73.282,raw,822,5.8688,-31.0858,1.0624
73.282,raw,825,6.0974,-31.2946,1.0599
73.282,raw,829,6.3884,-31.6194,1.0555
73.282,raw,832,6.6251,-31.8206,1.0531
73.282,raw,835,6.8506,-32.0596,1.0498
73.282,raw,838,7.0661,-32.3362,1.0456
73.282,raw,841,7.3779,-32.3324,1.0478
73.282,raw,844,7.5945,-32.6188,1.0433
73.282,raw,847,7.8190,-32.8919,1.0391
73.282,raw,850,8.0357,-33.2022,1.0339
73.282,raw,853,8.0687,3.3579,1.8143
73.282,raw,857,8.1861,3.1928,1.8141
73.282,raw,860,8.2575,3.0768,1.8139
73.282,raw,863,8.3328,2.9614,1.8138
73.282,raw,866,8.4007,2.8500,1.8137
73.282,raw,869,8.4818,2.7367,1.8135
73.282,raw,872,8.5614,2.6257,1.8134
73.282,raw,875,8.6325,2.5189,1.8133
73.282,raw,878,8.6364,2.4308,1.8132
73.282,raw,882,8.5138,2.3451,1.8134
73.282,raw,885,8.3847,2.2880,1.8135
73.282,raw,888,8.3103,2.2166,1.8136
73.282,raw,891,8.2042,2.1510,1.8137
73.282,raw,894,8.1012,2.0832,1.8138
73.282,raw,897,7.9999,2.0136,1.8139
73.282,raw,900,7.8931,1.9434,1.8141
73.282,raw,903,7.7669,1.8752,1.8142
73.282,raw,906,7.6815,1.7980,1.8143
73.282,raw,910,-13.5529,-6.2659,2.5994
73.282,raw,913,-17.1647,-1.7269,3.5025
73.282,raw,916,-17.0940,-2.0277,3.4999
73.282,raw,919,-16.9959,-2.3257,3.4960
73.282,raw,922,-16.8823,-2.6212,3.4916
73.282,raw,925,-16.9715,-2.9323,3.4971
73.282,raw,928,-16.7279,-3.3153,3.4870
73.282,raw,931,-16.6219,-3.6075,3.4833
74.333,raw,0,21.7845,13.4882,0.5049
74.333,raw,3,21.6603,13.4887,0.5077
74.333,raw,6,24.2270,15.1020,0.6764
74.333,raw,9,23.4912,14.7041,0.7199
74.333,raw,12,23.3304,14.6515,0.7270
74.333,raw,15,22.5356,14.0287,0.7847
74.333,raw,18,21.7454,13.4977,0.8347
74.333,raw,21,8.0860,2.1035,1.3257
74.333,raw,24,7.9981,2.0296,1.3224
74.333,raw,27,7.8885,1.9587,1.3182
74.333,raw,30,7.7604,1.8895,1.3130
74.333,raw,33,-10.1393,2.2836,0.5020
74.333,raw,36,-10.0784,2.0326,0.5057
74.333,raw,39,-9.8221,1.7702,0.5182
74.333,raw,42,-9.7629,1.5236,0.5215
74.333,raw,45,-9.7315,1.2796,0.5235
74.333,raw,48,-9.6810,1.0357,0.5263
74.333,raw,51,-9.6073,0.7920,0.5300
74.333,raw,54,-9.5418,0.5499,0.5333
74.333,raw,57,-9.3242,0.3071,0.5434
74.333,raw,60,-9.2644,0.0687,0.5462
74.333,raw,63,-9.2129,-0.1686,0.5486
74.333,raw,66,-9.1672,-0.4051,0.5505
74.333,raw,69,-9.1066,-0.6406,0.5531
74.333,raw,72,-8.9187,-0.8713,0.5614
74.333,raw,75,-8.8750,-1.1044,0.5630
74.333,raw,78,-8.8180,-1.3363,0.5652
74.333,raw,81,-8.7580,-1.5673,0.5673
74.333,raw,84,-8.7272,-1.7993,0.5681
74.333,raw,87,-8.5111,-2.0175,0.5772
74.333,raw,90,-8.4568,-2.2454,0.5789
74.333,raw,93,-8.3800,-2.4708,0.5815
74.333,raw,96,-8.3469,-2.6995,0.5820
74.333,raw,99,-8.1552,-2.9109,0.5897
74.333,raw,103,-8.0780,-3.2095,0.5917
74.333,raw,106,-8.0853,-3.4413,0.5900
74.333,raw,109,-7.9656,-3.6562,0.5941
74.333,raw,112,-7.8626,-3.8720,0.5974
74.333,raw,115,-7.7181,-4.0802,0.6025
74.333,raw,118,-7.7681,-4.3183,0.5985
74.333,raw,121,-7.6493,-4.5288,0.6023
74.333,raw,124,-7.4965,-4.7317,0.6075
74.333,raw,127,-7.3816,-4.9398,0.6109
74.333,raw,130,-7.4418,-5.1815,0.6061
74.333,raw,133,-7.3152,-5.3861,0.6099
74.333,raw,136,-7.1946,-5.5906,0.6134
74.333,raw,139,-6.0952,-5.5723,0.6624
74.333,raw,142,-6.0169,-5.7752,0.6638
74.333,raw,145,-6.1305,-6.0246,0.6561
74.333,raw,148,-6.9175,-6.4479,0.6167
74.333,raw,151,-6.7742,-6.6420,0.6208
74.333,raw,154,-6.6478,-6.8392,0.6240
74.333,raw,157,-6.5074,-7.0311,0.6279
74.333,raw,160,-6.5387,-7.2714,0.6235
74.333,raw,163,-6.4094,-7.4653,0.6266
74.333,raw,166,-6.2653,-7.6534,0.6304
74.333,raw,169,-6.1457,-7.8479,0.6330
74.333,raw,172,-6.0201,-8.0393,0.6357
74.333,raw,175,-5.8957,-8.2301,0.6383
74.333,raw,178,-5.9456,-8.4805,0.6325
74.333,raw,181,-5.7883,-8.6591,0.6365
74.333,raw,184,-5.6749,-8.8523,0.6384
74.333,raw,187,-5.5953,-9.0575,0.6385
74.333,raw,190,-5.5438,-9.2735,0.6372
74.333,raw,193,-5.4684,-9.4806,0.6370
74.333,raw,196,-5.3787,-9.6820,0.6373
74.333,raw,199,-5.4534,-9.9518,0.6295
74.333,raw,203,-5.3708,-10.2381,0.6279
74.333,raw,206,-5.2997,-10.4494,0.6270
74.333,raw,209,-5.2175,-10.6562,0.6266
74.333,raw,212,-5.1695,-10.8789,0.6244
74.333,raw,215,-5.0782,-11.0820,0.6242
74.333,raw,218,-4.9888,-11.2862,0.6239
74.333,raw,221,-5.0801,-11.5797,0.6143
74.333,raw,224,-5.0031,-11.7925,0.6131
74.333,raw,227,-4.9233,-12.0043,0.6120
74.333,raw,230,-4.8603,-12.2255,0.6099
74.333,raw,233,-4.7870,-12.4420,0.6082
74.333,raw,236,-4.7070,-12.6556,0.6068
74.333,raw,239,-4.6296,-12.8714,0.6051
74.333,raw,242,-4.5872,-13.1078,0.6015
74.333,raw,245,-4.4900,-13.3139,0.6006
74.333,raw,248,-4.4373,-13.5469,0.5973
74.333,raw,251,-4.3484,-13.7595,0.5958
74.333,raw,254,-4.4331,-14.0799,0.5849
74.333,raw,257,-4.3363,-14.2910,0.5836
74.333,raw,260,-4.2618,-14.5170,0.5809
74.333,raw,263,-4.2017,-14.7536,0.5774
74.333,raw,266,-4.1300,-14.9841,0.5743
74.333,raw,269,-4.1132,-15.2534,0.5681
74.333,raw,272,-4.0769,-15.5120,0.5628
74.333,raw,275,-4.0539,-15.7825,0.5566
74.333,raw,278,-4.0581,-16.0753,0.5487
74.333,raw,281,-4.0540,-16.3658,0.5411
74.333,raw,284,-4.0444,-16.6559,0.5337
74.333,raw,287,-4.0008,-16.9238,0.5279
74.333,raw,290,-4.0042,-17.2307,0.5193
74.333,raw,293,-3.9958,-17.5324,0.5112
74.333,raw,296,-4.0085,-17.8551,0.5016
74.333,raw,299,8.1438,3.4100,1.5636
74.333,raw,303,8.2340,3.2507,1.5666
74.333,raw,306,8.3328,3.1234,1.5695
74.333,raw,309,8.4015,3.0078,1.5717
74.333,raw,312,8.4789,2.8915,1.5741
74.333,raw,315,8.5623,2.7753,1.5766
74.333,raw,318,8.6498,2.6599,1.5792
74.333,raw,321,8.7117,2.5536,1.5811
74.333,raw,324,8.6489,2.4817,1.5802
74.333,raw,327,8.5680,2.4136,1.5788
74.333,raw,330,8.4978,2.3418,1.5777
74.333,raw,333,8.3786,2.2807,1.5755
74.333,raw,336,8.2787,2.2134,1.5736
74.333,raw,339,8.1561,2.1495,1.5713
74.333,raw,342,8.0508,2.0802,1.5694
74.333,raw,345,7.9592,2.0066,1.5677
74.333,raw,348,7.8527,1.9345,1.5657
74.333,raw,351,7.7387,1.8622,1.5635
74.333,raw,354,-14.7589,5.6575,1.0600
74.333,raw,357,-14.6531,5.3471,1.0635
74.333,raw,360,-14.6060,5.0486,1.0655
74.333,raw,363,-14.4854,4.7409,1.0692
74.333,raw,366,-14.0808,4.3970,1.0791
74.333,raw,369,-13.9848,4.1006,1.0821
74.333,raw,372,-13.8956,3.8074,1.0848
74.333,raw,375,-13.8481,3.5209,1.0866
74.333,raw,378,-13.7614,3.2318,1.0892
74.333,raw,381,-13.6618,2.9435,1.0920
74.333,raw,384,-13.5973,2.6603,1.0939
74.333,raw,387,-13.5212,2.3778,1.0961
74.333,raw,390,-13.4443,2.0969,1.0983
74.333,raw,393,-10.2260,1.6319,1.1698
74.333,raw,396,-10.2582,1.3870,1.1694
74.333,raw,399,-13.1980,1.2634,1.1047
74.333,raw,402,-13.1107,0.9886,1.1068
74.333,raw,406,-12.7428,0.6194,1.1152
74.333,raw,409,-12.6890,0.3511,1.1165
74.333,raw,412,-12.6076,0.0837,1.1183
74.333,raw,415,-12.5486,-0.1825,1.1196
74.333,raw,418,-12.4559,-0.4472,1.1216
74.333,raw,421,-12.3774,-0.7106,1.1233
74.333,raw,424,-12.3007,-0.9729,1.1248
74.333,raw,427,-12.2606,-1.2353,1.1255
74.333,raw,430,-12.1528,-1.4941,1.1276
74.333,raw,433,-12.0889,-1.7537,1.1287
74.333,raw,436,-11.7970,-1.9976,1.1348
74.333,raw,439,-11.7111,-2.2520,1.1363
74.333,raw,442,-11.6526,-2.5074,1.1372
74.333,raw,445,-11.6011,-2.7627,1.1378
74.333,raw,448,-11.5180,-3.0145,1.1391
74.333,raw,451,-11.4522,-3.2671,1.1400
74.333,raw,454,-11.3767,-3.5179,1.1410
74.333,raw,457,-11.2959,-3.7673,1.1422
74.333,raw,460,-11.2370,-4.0188,1.1427
74.333,raw,463,-11.1104,-4.2601,1.1448
74.333,raw,466,-10.9817,-4.4995,1.1468
74.333,raw,469,-10.8461,-4.7362,1.1489
74.333,raw,472,-10.7399,-4.9762,1.1504
74.333,raw,475,-10.6123,-5.2113,1.1523
74.333,raw,478,-10.4814,-5.4443,1.1542
74.333,raw,481,-10.3422,-5.6741,1.1563
74.333,raw,484,-10.3992,-5.9426,1.1539
74.333,raw,487,-10.2412,-6.1669,1.1563
74.333,raw,490,-6.0887,-5.4972,1.2489
74.333,raw,493,-5.9699,-5.6907,1.2505
74.333,raw,496,-6.1018,-5.9434,1.2464
74.333,raw,499,-9.7054,-7.0697,1.1633
74.333,raw,502,-9.5591,-7.2888,1.1652
74.333,raw,506,-9.3745,-7.5813,1.1675
74.333,raw,509,-9.2411,-7.8005,1.1690
74.333,raw,512,-9.0956,-8.0149,1.1708
74.333,raw,515,-9.1427,-8.2858,1.1681
74.333,raw,518,-9.0298,-8.5093,1.1691
74.333,raw,521,-8.8943,-8.7248,1.1705
74.333,raw,524,-8.7533,-8.9374,1.1720
74.333,raw,527,-8.6429,-9.1591,1.1728
74.333,raw,530,-8.5088,-9.3719,1.1740
74.333,raw,533,-8.3496,-9.5748,1.1759
74.333,raw,536,-8.2230,-9.7881,1.1769
74.333,raw,539,-8.0836,-9.9957,1.1782
74.333,raw,542,-7.9669,-10.2111,1.1789
74.333,raw,545,-7.8201,-10.4140,1.1803
74.333,raw,548,-7.7102,-10.6307,1.1807
74.333,raw,551,-7.5703,-10.8345,1.1819
74.333,raw,554,-7.6407,-11.1272,1.1779
74.333,raw,557,-7.5243,-11.3416,1.1784
74.333,raw,560,-7.3771,-11.5418,1.1796
74.333,raw,563,-7.2600,-11.7548,1.1800
74.333,raw,566,-7.1771,-11.9835,1.1795
74.333,raw,569,-7.1203,-12.2251,1.1784
74.333,raw,572,-7.0397,-12.4561,1.1778
74.333,raw,575,-6.9910,-12.7037,1.1763
74.333,raw,578,-6.9103,-12.9361,1.1756
74.333,raw,581,-6.8349,-13.1720,1.1747
74.333,raw,584,-6.7987,-13.4295,1.1727
74.333,raw,587,-6.7620,-13.6886,1.1707
74.333,raw,590,-6.7449,-13.9604,1.1682
74.333,raw,593,-6.7708,-14.2589,1.1645
74.333,raw,596,-6.8145,-14.5711,1.1602
74.333,raw,599,-6.7951,-14.8499,1.1575
74.333,raw,602,-6.9238,-15.2203,1.1508
74.333,raw,606,-8.1111,-16.3509,1.1155
74.333,raw,609,-8.5969,-16.9728,1.0991
74.333,raw,612,-8.5283,-17.2541,1.0971
74.333,raw,615,-8.6748,-17.6780,1.0893
74.333,raw,618,-8.6199,-17.9751,1.0867
74.333,raw,621,-8.5346,-18.2541,1.0848
74.333,raw,624,-8.4398,-18.5283,1.0831
74.333,raw,627,-8.3707,-18.8222,1.0806
74.333,raw,630,-8.2779,-19.1015,1.0787
74.333,raw,633,-8.2030,-19.3958,1.0763
74.333,raw,636,-8.1281,-19.6925,1.0737
74.333,raw,639,-8.0302,-19.9744,1.0717
74.333,raw,642,-7.9455,-20.2684,1.0693
74.333,raw,645,-7.8658,-20.5688,1.0666
74.333,raw,648,-7.7728,-20.8612,1.0642
74.333,raw,651,-7.6777,-21.1544,1.0618
74.333,raw,654,-7.5960,-21.4612,1.0589
74.333,raw,657,-7.4941,-21.7539,1.0564
74.333,raw,660,-7.3894,-22.0468,1.0540
74.333,raw,663,-7.2821,-22.3400,1.0516
74.333,raw,666,-7.1708,-22.6321,1.0492
74.333,raw,669,-7.0626,-22.9297,1.0466
74.333,raw,672,-6.7829,-23.0725,1.0490
74.333,raw,675,-6.5397,-23.2469,1.0503
74.333,raw,678,-6.2905,-23.4141,1.0518
74.333,raw,681,-6.0428,-23.5812,1.0532
74.333,raw,684,-5.7941,-23.7459,1.0546
74.333,raw,687,-5.5679,-23.9316,1.0552
74.333,raw,690,-5.3230,-24.0975,1.0564
74.333,raw,693,-5.0914,-24.2759,1.0572
74.333,raw,696,-4.8457,-24.4387,1.0583
74.333,raw,699,-4.6142,-24.6153,1.0590
74.333,raw,702,-4.3842,-24.7928,1.0596
74.333,raw,705,-4.1514,-24.9666,1.0602
74.333,raw,709,-3.8379,-25.1938,1.0610
74.333,raw,712,-3.6036,-25.3643,1.0616
74.333,raw,715,-3.3727,-25.5381,1.0620
74.333,raw,718,-3.1372,-25.7060,1.0625
74.333,raw,721,-2.9085,-25.8816,1.0628
74.333,raw,724,-2.6742,-26.0499,1.0631
74.333,raw,727,-2.4462,-26.2257,1.0632
74.333,raw,730,-2.2198,-26.4035,1.0632
74.333,raw,733,-1.9892,-26.5759,1.0633
74.333,raw,736,-1.7401,-26.7235,1.0641
74.333,raw,739,-1.4649,-26.8347,1.0657
74.333,raw,742,-1.2012,-26.9598,1.0669
74.333,raw,745,-0.9349,-27.0796,1.0682
74.333,raw,748,-0.6721,-27.2026,1.0693
74.333,raw,751,-0.4219,-27.3427,1.0699
74.333,raw,754,-0.1282,-27.4171,1.0722
74.333,raw,757,0.1237,-27.5517,1.0728
74.333,raw,760,0.3850,-27.6709,1.0738
74.333,raw,763,0.6296,-27.8151,1.0740
74.333,raw,766,0.8697,-27.9661,1.0740
74.333,raw,769,1.1039,-28.1269,1.0737
74.333,raw,772,1.3456,-28.2756,1.0737
74.333,raw,775,1.5857,-28.4273,1.0735
74.333,raw,778,1.8300,-28.5718,1.0735
74.333,raw,781,2.0741,-28.7169,1.0733
74.333,raw,784,2.3116,-28.8741,1.0729
74.333,raw,787,2.5504,-29.0297,1.0724
74.333,raw,790,2.7831,-29.1975,1.0716
74.333,raw,793,3.0338,-29.3324,1.0715
74.333,raw,796,3.2736,-29.4886,1.0709
74.333,raw,799,3.5146,-29.6439,1.0702
74.333,raw,802,3.7631,-29.7849,1.0698
74.333,raw,805,4.0080,-29.9340,1.0692
74.333,raw,809,4.3127,-30.1818,1.0671
74.333,raw,812,4.5246,-30.4081,1.0646
74.333,raw,815,4.7461,-30.6175,1.0623
74.333,raw,818,4.9490,-30.8744,1.0589
74.333,raw,821,5.1689,-31.0980,1.0563
74.333,raw,824,5.3924,-31.3182,1.0537
74.333,raw,827,5.6041,-31.5732,1.0503
74.333,raw,830,5.8328,-31.7923,1.0476
74.333,raw,833,6.0567,-32.0300,1.0445
74.333,raw,836,6.2763,-32.2861,1.0410
74.333,raw,839,6.4798,-32.5948,1.0361
74.333,raw,842,8.1157,3.4523,1.8146
74.333,raw,845,8.1875,3.3304,1.8144
74.333,raw,848,8.2801,3.2037,1.8143
74.333,raw,851,8.3567,3.0844,1.8141
74.333,raw,854,8.4381,2.9655,1.8139
74.333,raw,857,8.5090,2.8518,1.8138
74.333,raw,860,8.5942,2.7358,1.8137
74.333,raw,863,8.6487,2.6303,1.8135
74.333,raw,866,8.7097,2.5246,1.8134
74.333,raw,869,8.6506,2.4516,1.8135
74.333,raw,872,8.5250,2.3947,1.8136
74.333,raw,875,8.4320,2.3280,1.8137
74.333,raw,878,8.3327,2.2613,1.8138
74.333,raw,881,8.2357,2.1928,1.8139
74.333,raw,884,8.1244,2.1259,1.8141
74.333,raw,887,8.0208,2.0557,1.8142
74.333,raw,890,7.9297,1.9816,1.8143
74.333,raw,893,7.7976,1.9138,1.8145
74.333,raw,896,-16.8317,-2.7287,1.8477
74.333,raw,899,-16.5982,-4.3311,1.8476
74.333,raw,902,-15.8752,-5.7462,2.6581
74.333,raw,905,-15.8522,-5.7424,3.4690
75.491,raw,0,21.7827,13.4440,0.5033
75.491,raw,2,21.7057,13.4685,0.5027
75.491,raw,5,24.2120,15.1685,0.6710
75.491,raw,8,23.4188,14.5609,0.7286
75.491,raw,11,22.6282,14.0637,0.7773
75.491,raw,14,22.5062,14.1021,0.7771
75.491,raw,17,21.7431,13.4515,0.8335
75.491,raw,20,7.8948,1.7608,1.3058
75.491,raw,23,-9.8295,1.7599,0.5040
75.491,raw,26,-9.7757,1.5107,0.5072
75.491,raw,29,-9.7427,1.2637,0.5093
75.491,raw,32,-9.6886,1.0167,0.5123
75.491,raw,35,-9.4281,0.7637,0.5246
75.491,raw,38,-9.3875,0.5210,0.5268
75.491,raw,41,-9.3432,0.2790,0.5290
75.491,raw,44,-9.2744,0.0376,0.5323
75.491,raw,47,-9.2489,-0.2025,0.5335
75.491,raw,50,-9.1697,-0.4418,0.5371
75.491,raw,53,-8.9267,-0.6768,0.5480
75.491,raw,56,-8.9081,-0.9136,0.5486
75.491,raw,59,-8.8585,-1.1491,0.5505
75.491,raw,62,-8.8107,-1.3839,0.5523
75.491,raw,65,-8.7510,-1.6175,0.5545
75.491,raw,68,-8.5464,-1.8415,0.5632
75.491,raw,71,-8.5346,-2.0755,0.5630
75.491,raw,74,-8.4620,-2.3049,0.5656
75.491,raw,77,-8.3825,-2.5327,0.5683
75.491,raw,80,-8.1880,-2.7486,0.5762
75.491,raw,83,-8.1246,-2.9750,0.5781
75.491,raw,86,-8.0875,-3.2038,0.5786
75.491,raw,89,-8.0769,-3.4356,0.5779
75.491,raw,92,-7.8261,-3.6364,0.5881
75.491,raw,95,-7.7979,-3.8643,0.5880
75.491,raw,98,-7.7864,-4.0947,0.5870
75.491,raw,101,-7.7511,-4.3218,0.5870
75.491,raw,104,-7.6481,-4.5377,0.5901
75.491,raw,107,-7.5474,-4.7528,0.5930
75.491,raw,110,-7.4223,-4.9623,0.5969
75.491,raw,113,-7.4723,-5.2040,0.5926
75.491,raw,116,-7.3665,-5.4161,0.5955
75.491,raw,119,-7.2177,-5.6180,0.6002
75.491,raw,122,-7.1090,-5.8268,0.6031
75.491,raw,125,-5.9288,-5.7897,0.6559
75.491,raw,128,-5.8522,-5.9943,0.6572
75.491,raw,131,-6.9040,-6.4768,0.6055
75.491,raw,134,-6.8077,-6.6858,0.6074
75.491,raw,137,-6.6736,-6.8840,0.6110
75.491,raw,140,-6.7133,-7.1285,0.6064
75.491,raw,143,-6.5436,-7.3154,0.6115
75.491,raw,146,-6.4137,-7.5120,0.6147
75.491,raw,149,-6.2832,-7.7071,0.6179
75.491,raw,152,-6.1620,-7.9039,0.6205
75.491,raw,155,-6.1913,-8.1480,0.6159
75.491,raw,158,-6.0627,-8.3417,0.6187
75.491,raw,161,-5.9303,-8.5331,0.6217
75.491,raw,164,-5.7980,-8.7233,0.6246
75.491,raw,167,-5.6768,-8.9163,0.6268
75.491,raw,170,-5.5387,-9.1023,0.6298
75.491,raw,173,-5.5847,-9.3568,0.6238
75.491,raw,176,-5.5248,-9.5726,0.6228
75.491,raw,179,-5.4578,-9.7860,0.6221
75.491,raw,182,-5.3809,-9.9957,0.6218
75.491,raw,185,-5.3115,-10.2086,0.6210
75.491,raw,188,-5.2415,-10.4217,0.6201
75.491,raw,191,-5.1736,-10.6360,0.6191
75.491,raw,194,-5.2456,-10.9138,0.6109
75.491,raw,197,-5.1600,-11.1224,0.6105
75.491,raw,200,-5.1082,-11.3471,0.6084
75.491,raw,203,-5.0175,-11.5540,0.6080
75.491,raw,206,-4.9466,-11.7708,0.6066
75.491,raw,209,-4.8817,-11.9912,0.6048
75.491,raw,212,-4.7956,-12.2016,0.6039
75.491,raw,215,-4.7532,-12.4352,0.6008
75.491,raw,218,-4.7850,-12.7100,0.5936
75.491,raw,221,-4.7261,-12.9383,0.5910
75.491,raw,224,-4.6654,-13.1668,0.5884
75.491,raw,227,-4.6020,-13.3948,0.5858
75.491,raw,230,-4.5167,-13.6113,0.5843
75.491,raw,233,-4.4476,-13.8381,0.5818
75.491,raw,236,-4.3544,-14.0514,0.5804
75.491,raw,239,-4.2878,-14.2817,0.5775
75.491,raw,242,-4.2144,-14.5091,0.5749
75.491,raw,245,-4.1607,-14.7503,0.5711
75.491,raw,248,-4.2140,-15.0631,0.5613
75.491,raw,251,-4.2105,-15.3426,0.5545
75.491,raw,254,-4.1980,-15.6192,0.5479
75.491,raw,257,-4.1937,-15.9044,0.5408
75.491,raw,260,-4.1868,-16.1912,0.5335
75.491,raw,263,-4.1845,-16.4846,0.5259
75.491,raw,266,-4.1645,-16.7686,0.5191
75.491,raw,269,-4.1679,-17.0734,0.5107
75.491,raw,272,-4.1608,-17.3742,0.5028
75.491,raw,275,8.2108,3.3618,1.5582
75.491,raw,278,8.3010,3.2322,1.5610
75.491,raw,281,8.3652,3.1132,1.5632
75.491,raw,284,8.4313,2.9955,1.5653
75.491,raw,287,8.5407,2.8663,1.5685
75.491,raw,290,8.6195,2.7487,1.5709
75.491,raw,293,8.6802,2.6383,1.5729
75.491,raw,296,8.7633,2.5232,1.5753
75.491,raw,299,8.8208,2.4170,1.5772
75.491,raw,301,8.7530,2.3747,1.5759
75.491,raw,304,8.6736,2.3044,1.5746
75.491,raw,307,8.5561,2.2423,1.5724
75.491,raw,310,8.4675,2.1717,1.5709
75.491,raw,313,8.3585,2.1044,1.5689
75.491,raw,316,8.2910,2.0266,1.5678
75.491,raw,319,8.1452,1.9640,1.5649
75.491,raw,322,8.0561,1.8880,1.5633
75.491,raw,325,7.9536,1.8132,1.5614
75.491,raw,328,-14.6528,5.7799,1.0549
75.491,raw,331,-14.5604,5.4688,1.0581
75.491,raw,334,-14.4861,5.1631,1.0609
75.491,raw,337,-14.4100,4.8593,1.0636
75.491,raw,340,-14.3239,4.5562,1.0664
75.491,raw,343,-14.2185,4.2526,1.0697
75.491,raw,346,-14.1454,3.9557,1.0721
75.491,raw,349,-14.0756,3.6611,1.0744
75.491,raw,352,-13.6637,3.3309,1.0843
75.491,raw,355,-13.6018,3.0436,1.0863
75.491,raw,358,-13.5047,2.7546,1.0890
75.491,raw,361,-13.4444,2.4709,1.0909
75.491,raw,364,-13.3579,2.1866,1.0933
75.491,raw,367,-13.3029,1.9062,1.0950
75.491,raw,370,-10.1358,1.4495,1.1653
75.491,raw,373,-10.1166,1.2003,1.1660
75.491,raw,376,-13.0662,1.0698,1.1011
75.491,raw,379,-13.0022,0.7946,1.1028
75.491,raw,382,-12.9171,0.5201,1.1048
75.491,raw,385,-12.8495,0.2475,1.1064
75.491,raw,388,-12.7693,-0.0239,1.1082
75.491,raw,391,-12.7057,-0.2940,1.1097
75.491,raw,394,-12.3660,-0.5597,1.1171
75.491,raw,397,-12.2878,-0.8250,1.1187
75.491,raw,400,-12.2239,-1.0894,1.1200
75.491,raw,403,-12.1415,-1.3522,1.1216
75.491,raw,406,-12.0712,-1.6143,1.1229
75.491,raw,409,-12.0142,-1.8761,1.1239
75.491,raw,412,-11.9342,-2.1358,1.1253
75.491,raw,415,-11.8786,-2.3961,1.1261
75.491,raw,418,-11.7916,-2.6532,1.1276
75.491,raw,421,-11.7465,-2.9129,1.1281
75.491,raw,424,-11.4572,-3.1482,1.1340
75.491,raw,427,-11.3832,-3.4020,1.1351
75.491,raw,430,-11.3123,-3.6553,1.1360
75.491,raw,433,-11.2478,-3.9088,1.1367
75.491,raw,436,-11.1696,-4.1598,1.1377
75.491,raw,439,-11.1063,-4.4122,1.1384
75.491,raw,442,-11.0312,-4.6623,1.1392
75.491,raw,445,-10.9981,-4.9185,1.1390
75.491,raw,448,-10.8697,-5.1587,1.1410
75.491,raw,451,-10.7652,-5.4017,1.1423
75.491,raw,454,-10.5986,-5.6321,1.1450
75.491,raw,457,-10.4530,-5.8644,1.1472
75.491,raw,460,-10.3211,-6.0977,1.1491
75.491,raw,463,-10.1952,-6.3309,1.1508
75.491,raw,466,-5.9889,-5.6551,1.2446
75.491,raw,469,-5.8255,-5.8400,1.2472
75.491,raw,472,-5.8632,-6.0712,1.2453
75.491,raw,475,-9.8184,-7.2826,1.1541
75.491,raw,478,-9.6693,-7.5046,1.1561
75.491,raw,481,-9.5364,-7.7295,1.1577
75.491,raw,484,-9.4008,-7.9523,1.1593
75.491,raw,487,-9.2636,-8.1735,1.1609
75.491,raw,490,-9.1214,-8.3918,1.1625
75.491,raw,493,-8.9821,-8.6097,1.1641
75.491,raw,496,-8.8677,-8.8342,1.1650
75.491,raw,499,-8.9134,-9.1099,1.1622
75.491,raw,502,-8.7966,-9.3336,1.1631
75.491,raw,505,-8.6359,-9.5415,1.1650
75.491,raw,508,-8.5284,-9.7667,1.1656
75.491,raw,511,-8.3860,-9.9787,1.1670
75.491,raw,514,-8.2525,-10.1929,1.1681
75.491,raw,517,-8.1096,-10.4026,1.1694
75.491,raw,520,-7.9849,-10.6184,1.1703
75.491,raw,523,-7.8480,-10.8285,1.1714
75.491,raw,526,-7.7290,-11.0451,1.1720
75.491,raw,529,-7.5891,-11.2524,1.1731
75.491,raw,532,-7.4698,-11.4677,1.1736
75.491,raw,535,-7.3328,-11.6746,1.1746
75.491,raw,538,-7.2062,-11.8856,1.1752
75.491,raw,541,-7.2858,-12.1916,1.1708
75.491,raw,544,-7.1735,-12.4105,1.1710
75.491,raw,547,-7.1236,-12.6595,1.1696
75.491,raw,550,-7.0403,-12.8931,1.1690
75.491,raw,553,-6.9839,-13.1410,1.1677
75.491,raw,556,-6.9088,-13.3803,1.1667
75.491,raw,559,-6.8807,-13.6453,1.1646
75.491,raw,562,-6.8743,-13.9240,1.1618
75.491,raw,565,-6.9084,-14.2275,1.1579
75.491,raw,568,-6.9117,-14.5172,1.1547
75.491,raw,571,-7.4739,-15.1303,1.1373
75.491,raw,574,-8.5931,-16.0850,1.1053
75.491,raw,577,-9.0125,-16.6513,1.0910
75.491,raw,580,-8.9221,-16.9206,1.0897
75.491,raw,583,-8.8253,-17.1871,1.0884
75.491,raw,586,-8.7537,-17.4708,1.0864
75.491,raw,589,-8.6739,-17.7511,1.0846
75.491,raw,592,-8.6029,-18.0389,1.0824
75.491,raw,595,-8.5200,-18.3208,1.0805
75.491,raw,598,-8.4407,-18.6069,1.0784
75.491,raw,600,-8.6379,-18.9714,1.0703
75.491,raw,603,-8.5670,-19.2701,1.0678
75.491,raw,606,-8.4796,-19.5593,1.0657
75.491,raw,609,-8.3919,-19.8505,1.0635
75.491,raw,612,-8.3226,-20.1574,1.0607
75.491,raw,615,-8.2344,-20.4528,1.0584
75.491,raw,618,-8.1045,-20.7186,1.0571
75.491,raw,621,-8.0210,-21.0219,1.0544
75.491,raw,624,-7.9230,-21.3163,1.0521
75.491,raw,627,-7.8296,-21.6169,1.0496
75.491,raw,630,-7.7205,-21.9071,1.0474
75.491,raw,633,-7.6144,-22.2020,1.0450
75.491,raw,636,-7.5261,-22.5147,1.0420
75.491,raw,639,-7.4015,-22.7988,1.0400
75.491,raw,642,-7.3207,-23.1240,1.0366
75.491,raw,645,-7.2027,-23.4192,1.0342
75.491,raw,648,-7.0742,-23.7072,1.0320
75.491,raw,651,-6.7971,-23.8591,1.0342
75.491,raw,654,-6.5434,-24.0308,1.0357
75.491,raw,657,-6.2765,-24.1882,1.0376
75.491,raw,660,-6.0104,-24.3444,1.0394
75.491,raw,663,-5.7534,-24.5077,1.0409
75.491,raw,666,-5.5078,-24.6810,1.0420
75.491,raw,669,-5.2565,-24.8472,1.0432
75.491,raw,672,-5.0031,-25.0099,1.0445
75.491,raw,675,-4.7459,-25.1669,1.0459
75.491,raw,678,-4.5067,-25.3420,1.0466
75.491,raw,681,-4.2776,-25.5275,1.0470
75.491,raw,684,-4.0307,-25.6926,1.0479
75.491,raw,687,-3.7995,-25.8745,1.0483
75.491,raw,690,-3.5689,-26.0568,1.0485
75.491,raw,693,-3.3193,-26.2162,1.0494
75.491,raw,696,-3.0915,-26.4010,1.0495
75.491,raw,699,-2.8474,-26.5656,1.0501
75.491,raw,702,-2.6112,-26.7393,1.0504
75.491,raw,705,-2.3748,-26.9125,1.0506
75.491,raw,708,-2.1366,-27.0831,1.0509
75.491,raw,711,-1.9006,-27.2563,1.0510
75.491,raw,714,-1.6760,-27.4447,1.0507
75.491,raw,717,-1.4349,-27.6110,1.0509
75.491,raw,720,-1.1925,-27.7753,1.0511
75.491,raw,723,-0.9375,-27.9213,1.0517
75.491,raw,726,-0.6535,-28.0247,1.0534
75.491,raw,729,-0.3997,-28.1702,1.0539
75.491,raw,732,-0.1181,-28.2732,1.0555
75.491,raw,735,0.1478,-28.3981,1.0564
75.491,raw,738,0.4100,-28.5275,1.0572
75.491,raw,741,0.6859,-28.6339,1.0585
75.491,raw,744,0.9437,-28.7680,1.0589
75.491,raw,747,1.2231,-28.8655,1.0603
75.491,raw,750,1.4878,-28.9857,1.0611
75.491,raw,753,1.7435,-29.1205,1.0613
75.491,raw,756,1.9843,-29.2807,1.0609
75.491,raw,759,2.2152,-29.4595,1.0600
75.491,raw,762,2.4713,-29.5939,1.0602
75.491,raw,765,2.7207,-29.7404,1.0599
75.491,raw,768,2.9686,-29.8904,1.0596
75.491,raw,771,3.2052,-30.0629,1.0586
75.491,raw,774,3.4482,-30.2243,1.0579
75.491,raw,777,3.7030,-30.3633,1.0576
75.491,raw,780,3.9457,-30.5278,1.0567
75.491,raw,783,4.1941,-30.6818,1.0560
75.491,raw,786,4.4389,-30.8453,1.0550
75.491,raw,789,4.6617,-31.0594,1.0528
75.491,raw,792,4.8888,-31.2680,1.0506
75.491,raw,795,5.1013,-31.5150,1.0475
75.491,raw,798,5.3140,-31.7679,1.0442
75.491,raw,801,5.5433,-31.9873,1.0416
75.491,raw,804,5.7592,-32.2453,1.0381
75.491,raw,807,5.9736,-32.5150,1.0343
75.491,raw,810,8.1931,3.3679,1.8149
75.491,raw,813,8.3048,3.2309,1.8147
75.491,raw,816,8.3761,3.1097,1.8145
75.491,raw,819,8.4398,2.9928,1.8144
75.491,raw,822,8.5348,2.8681,1.8142
75.491,raw,825,8.6101,2.7515,1.8141
75.491,raw,828,8.6966,2.6336,1.8139
75.491,raw,831,8.7895,2.5160,1.8138
75.491,raw,834,8.8281,2.4150,1.8137
75.491,raw,837,8.7303,2.3504,1.8138
75.491,raw,840,8.6327,2.2843,1.8139
75.491,raw,843,8.5399,2.2157,1.8140
75.491,raw,846,8.4396,2.1475,1.8141
75.491,raw,849,8.3290,2.0801,1.8142
75.491,raw,852,8.2233,2.0100,1.8143
75.491,raw,855,8.1320,1.9355,1.8144
75.491,raw,858,8.0097,1.8656,1.8146
75.491,raw,861,7.9003,1.7915,1.8147
75.491,raw,864,8.6664,2.6731,2.0556
75.491,raw,867,8.7334,2.5620,2.0533
75.491,raw,870,8.8175,2.4479,2.0505
75.491,raw,873,8.7694,2.3704,2.0512
75.491,raw,876,8.6710,2.3051,2.0531
75.491,raw,879,8.5699,2.2389,2.0552
75.491,raw,882,8.4653,2.1722,2.0573
75.491,raw,885,8.3680,2.1023,2.0593
75.491,raw,888,8.2689,2.0313,2.0613
75.491,raw,891,-15.6962,-6.0745,2.6617
75.491,raw,894,-13.1442,-6.2958,3.3580
76.555,raw,0,21.8122,13.4514,0.5003
76.555,raw,2,24.3014,15.1332,0.6714
76.555,raw,5,24.1843,15.2255,0.6681
76.555,raw,8,23.4327,14.5673,0.7277
76.555,raw,11,22.7115,14.1348,0.7704
76.555,raw,13,22.5991,14.0469,0.7783
76.555,raw,16,21.8818,13.5760,0.8217
76.555,raw,19,21.7481,13.5361,0.8264
76.555,raw,22,-9.7552,-0.0067,0.5025
76.555,raw,25,-9.7051,-0.2525,0.5048
76.555,raw,27,-9.6728,-0.4159,0.5062
76.555,raw,30,-9.6210,-0.6603,0.5085
76.555,raw,33,-9.3716,-0.8993,0.5196
76.555,raw,36,-9.3335,-1.1408,0.5211
76.555,raw,39,-9.2689,-1.3807,0.5236
76.555,raw,41,-9.2252,-1.5400,0.5253
76.555,raw,44,-9.2028,-1.7807,0.5257
76.555,raw,47,-9.1658,-2.0202,0.5268
76.555,raw,50,-8.9285,-2.2450,0.5369
76.555,raw,53,-8.8672,-2.4801,0.5388
76.555,raw,55,-8.8578,-2.6392,0.5386
76.555,raw,58,-8.8221,-2.8758,0.5393
76.555,raw,61,-8.7877,-3.1124,0.5398
76.555,raw,64,-8.5430,-3.3251,0.5498
76.555,raw,67,-8.5017,-3.5586,0.5504
76.555,raw,69,-8.4811,-3.7151,0.5505
76.555,raw,72,-8.4396,-3.9484,0.5510
76.555,raw,75,-8.2286,-4.1569,0.5592
76.555,raw,78,-8.2054,-4.3912,0.5586
76.555,raw,81,-8.1736,-4.6243,0.5584
76.555,raw,83,-8.1444,-4.7784,0.5586
76.555,raw,86,-8.0545,-5.0013,0.5609
76.555,raw,89,-7.9334,-5.2175,0.5646
76.555,raw,92,-7.7907,-5.4282,0.5691
76.555,raw,94,-7.6817,-5.5648,0.5728
76.555,raw,97,-7.7436,-5.8154,0.5677
76.555,raw,100,-7.6068,-6.0244,0.5718
76.555,raw,103,-5.8175,-5.8549,0.6530
76.555,raw,106,-5.7624,-6.0651,0.6533
76.555,raw,108,-5.8487,-6.2352,0.6476
76.555,raw,111,-7.2750,-6.8204,0.5782
76.555,raw,114,-7.1401,-7.0244,0.5819
76.555,raw,117,-7.0046,-7.2268,0.5854
76.555,raw,120,-6.8758,-7.4297,0.5886
76.555,raw,122,-6.9480,-7.6095,0.5832
76.555,raw,125,-6.8139,-7.8103,0.5866
76.555,raw,128,-6.6597,-8.0036,0.5907
76.555,raw,131,-6.5195,-8.1996,0.5942
76.555,raw,134,-6.3670,-8.3903,0.5982
76.555,raw,136,-6.4576,-8.5801,0.5916
76.555,raw,139,-6.3038,-8.7696,0.5955
76.555,raw,142,-6.1934,-8.9728,0.5972
76.555,raw,145,-6.0442,-9.1613,0.6007
76.555,raw,148,-5.9014,-9.3508,0.6039
76.555,raw,150,-5.8239,-9.4831,0.6051
76.555,raw,153,-5.6874,-9.6730,0.6078
76.555,raw,156,-5.7465,-9.9393,0.6009
76.555,raw,159,-5.6704,-10.1536,0.6005
76.555,raw,162,-5.6059,-10.3729,0.5994
76.555,raw,164,-5.5352,-10.5076,0.6000
76.555,raw,167,-5.4667,-10.7257,0.5990
76.555,raw,170,-5.3759,-10.9343,0.5990
76.555,raw,173,-5.3116,-11.1550,0.5975
76.555,raw,175,-5.3962,-11.3611,0.5901
76.555,raw,178,-5.3410,-11.5885,0.5880
76.555,raw,181,-5.2593,-11.8040,0.5872
76.555,raw,184,-5.1951,-12.0285,0.5853
76.555,raw,187,-5.0986,-12.2375,0.5850
76.555,raw,189,-5.0627,-12.3915,0.5833
76.555,raw,192,-4.9790,-12.6078,0.5822
76.555,raw,195,-4.9015,-12.8279,0.5807
76.555,raw,198,-4.9762,-13.1313,0.5711
76.555,raw,201,-4.8934,-13.3516,0.5696
76.555,raw,203,-4.8473,-13.5039,0.5681
76.555,raw,206,-4.7708,-13.7291,0.5660
76.555,raw,209,-4.6982,-13.9574,0.5637
76.555,raw,212,-4.6112,-14.1782,0.5620
76.555,raw,215,-4.5254,-14.4006,0.5601
76.555,raw,217,-4.4901,-14.5627,0.5576
76.555,raw,220,-4.4071,-14.7885,0.5554
76.555,raw,223,-4.3435,-15.0278,0.5520
76.555,raw,226,-4.3278,-15.2998,0.5459
76.555,raw,229,-4.5363,-15.7235,0.5274
76.555,raw,231,-4.5410,-15.9204,0.5222
76.555,raw,234,-4.5285,-16.2053,0.5154
76.555,raw,237,-4.5129,-16.4913,0.5086
76.555,raw,240,-4.5084,-16.7882,0.5010
76.555,raw,243,8.2871,3.3066,1.5561
76.555,raw,245,8.3391,3.2223,1.5578
76.555,raw,248,8.4584,3.0842,1.5612
76.555,raw,251,8.5174,2.9678,1.5633
76.555,raw,254,8.5931,2.8481,1.5656
76.555,raw,256,8.6557,2.7657,1.5675
76.555,raw,259,8.7570,2.6418,1.5704
76.555,raw,262,8.8179,2.5316,1.5724
76.555,raw,265,8.8910,2.4196,1.5746
76.555,raw,268,8.8026,2.3517,1.5731
76.555,raw,270,8.7556,2.3027,1.5723
76.555,raw,273,8.6748,2.2309,1.5710
76.555,raw,276,8.5661,2.1647,1.5690
76.555,raw,279,8.4066,2.1085,1.5658
76.555,raw,282,8.3324,2.0311,1.5646
76.555,raw,284,8.2774,1.9801,1.5637
76.555,raw,287,8.1642,1.9089,1.5615
76.555,raw,290,8.0586,1.8346,1.5596
76.555,raw,293,7.9392,1.7613,1.5573
76.555,raw,296,-15.9376,5.8920,1.0226
76.555,raw,298,-15.8439,5.6705,1.0254
76.555,raw,301,-15.7390,5.3469,1.0289
76.555,raw,304,-15.6113,5.0225,1.0328
76.555,raw,307,-15.5011,4.7037,1.0362
76.555,raw,310,-15.3571,4.3829,1.0404
76.555,raw,312,-15.2808,4.1735,1.0427
76.555,raw,315,-15.1922,3.8646,1.0454
76.555,raw,318,-15.0753,3.5548,1.0488
76.555,raw,321,-14.9577,3.2475,1.0521
76.555,raw,324,-14.4101,2.9019,1.0649
76.555,raw,326,-14.3423,2.7036,1.0668
76.555,raw,329,-14.2723,2.4105,1.0689
76.555,raw,332,-14.1953,2.1186,1.0710
76.555,raw,335,-14.1056,1.8275,1.0735
76.555,raw,337,-10.0608,1.4056,1.1631
76.555,raw,340,-10.0331,1.1551,1.1640
76.555,raw,343,-13.8944,1.0614,1.0790
76.555,raw,346,-13.8165,0.7771,1.0809
76.555,raw,349,-13.7407,0.4943,1.0828
76.555,raw,351,-13.6675,0.3062,1.0845
76.555,raw,354,-13.5947,0.0260,1.0862
76.555,raw,357,-13.5139,-0.2530,1.0880
76.555,raw,360,-13.4358,-0.5305,1.0897
76.555,raw,363,-13.0806,-0.8020,1.0974
76.555,raw,365,-13.0311,-0.9839,1.0984
76.555,raw,368,-12.9558,-1.2558,1.0999
76.555,raw,371,-12.8725,-1.5262,1.1015
76.555,raw,374,-12.7957,-1.7957,1.1030
76.555,raw,377,-12.7242,-2.0644,1.1042
76.555,raw,379,-12.6784,-2.2431,1.1050
76.555,raw,382,-12.6146,-2.5107,1.1060
76.555,raw,385,-12.5379,-2.7766,1.1072
76.555,raw,388,-12.4616,-3.0415,1.1084
76.555,raw,391,-12.3954,-3.3066,1.1093
76.555,raw,393,-12.0792,-3.4546,1.1160
76.555,raw,396,-12.0203,-3.7169,1.1166
76.555,raw,399,-11.9475,-3.9771,1.1176
76.555,raw,402,-11.8702,-4.2359,1.1185
76.555,raw,405,-11.8085,-4.4962,1.1191
76.555,raw,407,-11.7627,-4.6688,1.1196
76.555,raw,410,-11.6779,-4.9247,1.1206
76.555,raw,413,-11.6230,-5.1848,1.1209
76.555,raw,416,-11.5015,-5.4332,1.1226
76.555,raw,419,-11.3421,-5.6734,1.1252
76.555,raw,421,-11.2540,-5.8358,1.1265
76.555,raw,424,-11.0988,-6.0736,1.1288
76.555,raw,427,-10.9563,-6.3122,1.1309
76.555,raw,430,-10.8074,-6.5478,1.1330
76.555,raw,432,-5.9666,-5.6651,1.2416
76.555,raw,435,-5.7510,-5.8397,1.2454
76.555,raw,438,-5.7453,-6.0611,1.2444
76.555,raw,441,-10.4278,-7.4383,1.1368
76.555,raw,444,-10.2934,-7.6714,1.1384
76.555,raw,446,-10.1914,-7.8229,1.1398
76.555,raw,449,-10.0649,-8.0559,1.1412
76.555,raw,452,-9.9109,-8.2801,1.1431
76.555,raw,455,-9.7442,-8.4990,1.1453
76.555,raw,458,-9.6241,-8.7301,1.1464
76.555,raw,460,-9.5262,-8.8783,1.1476
76.555,raw,463,-9.3965,-9.1047,1.1488
76.555,raw,466,-9.2255,-9.3168,1.1510
76.555,raw,469,-9.1010,-9.5426,1.1520
76.555,raw,472,-9.1409,-9.8240,1.1492
76.555,raw,474,-9.0829,-9.9833,1.1493
76.555,raw,477,-8.9292,-10.1982,1.1509
76.555,raw,480,-8.7721,-10.4106,1.1525
76.555,raw,483,-8.6500,-10.6349,1.1533
76.555,raw,486,-8.5140,-10.8531,1.1544
76.555,raw,488,-8.4063,-10.9914,1.1555
76.555,raw,491,-8.2824,-11.2129,1.1562
76.555,raw,494,-8.1309,-11.4224,1.1576
76.555,raw,497,-7.9894,-11.6349,1.1586
76.555,raw,500,-7.8481,-11.8467,1.1596
76.555,raw,502,-7.7504,-11.9859,1.1604
76.555,raw,505,-7.6145,-12.1987,1.1612
76.555,raw,508,-7.4871,-12.4148,1.1618
76.555,raw,511,-7.5734,-12.7317,1.1571
76.555,raw,513,-7.4658,-12.8658,1.1579
76.555,raw,516,-7.3687,-13.0976,1.1576
76.555,raw,519,-7.3074,-13.3478,1.1564
76.555,raw,522,-7.4963,-13.7275,1.1489
76.555,raw,525,-8.5076,-14.5451,1.1207
76.555,raw,527,-9.0437,-15.0306,1.1053
76.555,raw,530,-9.8208,-15.7614,1.0825
76.555,raw,533,-9.7415,-16.0380,1.0811
76.555,raw,536,-9.6786,-16.3251,1.0792
76.555,raw,539,-9.5828,-16.5950,1.0781
76.555,raw,541,-9.5592,-16.7990,1.0763
76.555,raw,544,-9.4776,-17.0796,1.0747
76.555,raw,547,-9.3528,-17.3354,1.0742
76.555,raw,550,-9.2869,-17.6282,1.0720
76.555,raw,553,-9.2210,-17.9230,1.0698
76.555,raw,555,-9.1547,-18.1064,1.0689
76.555,raw,558,-9.0709,-18.3928,1.0670
76.555,raw,561,-8.9762,-18.6738,1.0653
76.555,raw,564,-8.8904,-18.9623,1.0634
76.555,raw,567,-8.7879,-19.2413,1.0617
76.555,raw,569,-8.7376,-19.4407,1.0602
76.555,raw,572,-8.8640,-19.8853,1.0522
76.555,raw,575,-8.7641,-20.1737,1.0503
76.555,raw,578,-8.6661,-20.4654,1.0482
76.555,raw,581,-8.5413,-20.7389,1.0469
76.555,raw,583,-8.4893,-20.9458,1.0450
76.555,raw,586,-8.3880,-21.2404,1.0428
76.555,raw,589,-8.2799,-21.5318,1.0408
76.555,raw,592,-8.1637,-21.8189,1.0388
76.555,raw,594,-8.0988,-22.0215,1.0371
76.555,raw,597,-7.9802,-22.3101,1.0351
76.555,raw,600,-7.8858,-22.6211,1.0323
76.555,raw,603,-7.7804,-22.9256,1.0298
76.555,raw,606,-7.6588,-23.2186,1.0276
76.555,raw,608,-7.6018,-23.4366,1.0254
76.555,raw,611,-6.2125,-24.8989,1.0258
76.555,raw,614,-5.9364,-25.0503,1.0277
76.555,raw,617,-5.6615,-25.2008,1.0296
76.555,raw,620,-5.3932,-25.3561,1.0313
76.555,raw,622,-5.2226,-25.4673,1.0321
76.555,raw,625,-4.9573,-25.6228,1.0337
76.555,raw,628,-4.6907,-25.7752,1.0352
76.555,raw,631,-4.4275,-25.9296,1.0366
76.555,raw,634,-4.1634,-26.0813,1.0380
76.555,raw,636,-3.9895,-26.1841,1.0388
76.555,raw,639,-3.7407,-26.3510,1.0396
76.555,raw,642,-3.5073,-26.5351,1.0399
76.555,raw,645,-3.2641,-26.7072,1.0404
76.555,raw,648,-3.0103,-26.8656,1.0413
76.555,raw,650,-2.8533,-26.9859,1.0414
76.555,raw,653,-2.5982,-27.1412,1.0423
76.555,raw,656,-2.3655,-27.3243,1.0423
76.555,raw,659,-2.1170,-27.4867,1.0428
76.555,raw,662,-1.8815,-27.6659,1.0428
76.555,raw,664,-1.6996,-27.7518,1.0437
76.555,raw,667,-1.4777,-27.9490,1.0431
76.555,raw,670,-1.2266,-28.1064,1.0435
76.555,raw,673,-0.9806,-28.2704,1.0437
76.555,raw,675,-0.8316,-28.4012,1.0432
76.555,raw,678,-0.5457,-28.5069,1.0449
76.555,raw,681,-0.2683,-28.6230,1.0462
76.555,raw,684,0.0027,-28.7469,1.0472
76.555,raw,687,0.2838,-28.8538,1.0486
76.555,raw,689,0.4746,-28.9186,1.0497
76.555,raw,692,0.7444,-29.0402,1.0506
76.555,raw,695,1.0300,-29.1346,1.0521
76.555,raw,698,1.3057,-29.2431,1.0533
76.555,raw,701,1.5767,-29.3580,1.0541
76.555,raw,703,1.7673,-29.4168,1.0552
76.555,raw,706,2.0335,-29.5375,1.0558
76.555,raw,709,2.2856,-29.6825,1.0557
76.555,raw,712,2.5385,-29.8260,1.0557
76.555,raw,715,2.7882,-29.9759,1.0554
76.555,raw,717,2.9528,-30.0795,1.0551
76.555,raw,720,3.1965,-30.2418,1.0544
76.555,raw,723,3.4574,-30.3714,1.0545
76.555,raw,726,3.7054,-30.5269,1.0539
76.555,raw,729,3.9550,-30.6803,1.0533
76.555,raw,731,4.1326,-30.7598,1.0534
76.555,raw,734,4.3814,-30.9165,1.0526
76.555,raw,737,4.6208,-31.0949,1.0513
76.555,raw,740,4.8544,-31.2891,1.0495
76.555,raw,743,5.0691,-31.5301,1.0465
76.555,raw,745,5.2138,-31.6903,1.0446
76.555,raw,748,5.4432,-31.9062,1.0422
76.555,raw,751,5.6620,-32.1531,1.0390
76.555,raw,754,5.8895,-32.3849,1.0361
76.555,raw,756,6.0357,-32.5567,1.0338
76.555,raw,759,8.2580,3.3502,1.8150
76.555,raw,762,8.3395,3.2222,1.8149
76.555,raw,765,8.4326,3.0926,1.8147
76.555,raw,768,8.5213,2.9666,1.8145
76.555,raw,770,8.5642,2.8889,1.8144
76.555,raw,773,8.6533,2.7664,1.8143
76.555,raw,776,8.7316,2.6491,1.8141
76.555,raw,779,8.8240,2.5299,1.8140
76.555,raw,782,8.9047,2.4159,1.8138
76.555,raw,784,8.8512,2.3694,1.8139
76.555,raw,787,8.7542,2.3030,1.8140
76.555,raw,790,8.6482,2.2375,1.8141
76.555,raw,793,8.5520,2.1681,1.8142
76.555,raw,796,8.4231,2.1048,1.8144
76.555,raw,798,8.3722,2.0537,1.8144
76.555,raw,801,8.2834,1.9788,1.8145
76.555,raw,804,8.1641,1.9090,1.8146
76.555,raw,807,8.0566,1.8350,1.8148
76.555,raw,810,7.9411,1.7609,1.8149
76.555,raw,812,-13.0589,-6.4561,2.6031
76.555,raw,815,-16.3472,-3.7963,3.5015
76.555,raw,818,-16.2439,-4.0910,3.4980
76.555,raw,821,-16.1705,-4.3880,3.4961
76.555,raw,824,-16.0611,-4.6798,3.4926
76.555,raw,826,-15.9839,-4.8730,3.4901
76.555,raw,829,-15.8995,-5.1663,3.4880
76.555,raw,832,-15.8042,-5.4571,3.4855
76.555,raw,835,-15.7081,-5.7469,3.4830
77.814,raw,0,24.4125,15.2293,0.6598
77.814,raw,2,24.2800,15.1382,0.6688
77.814,raw,5,23.5213,14.6039,0.7203
77.814,raw,7,23.4274,14.6043,0.7222
77.814,raw,10,22.6600,13.9865,0.7777
77.814,raw,13,21.9123,13.5579,0.8186
77.814,raw,15,21.8100,13.4699,0.8260
77.814,raw,18,-9.6647,-1.5909,0.5002
77.814,raw,21,-9.6052,-1.8344,0.5024
77.814,raw,23,-9.5880,-1.9975,0.5028
77.814,raw,26,-9.5226,-2.2394,0.5051
77.814,raw,29,-9.2933,-2.4681,0.5147
77.814,raw,31,-9.2343,-2.6261,0.5168
77.814,raw,34,-9.1956,-2.8667,0.5177
77.814,raw,36,-9.1700,-3.0270,0.5181
77.814,raw,39,-9.1395,-3.2680,0.5184
77.814,raw,42,-8.8840,-3.4833,0.5289
77.814,raw,44,-8.8567,-3.6417,0.5293
77.814,raw,47,-8.8115,-3.8786,0.5300
77.814,raw,50,-8.7872,-4.1182,0.5297
77.814,raw,52,-8.7374,-4.2731,0.5310
77.814,raw,55,-8.5098,-4.4818,0.5398
77.814,raw,58,-8.4748,-4.7180,0.5398
77.814,raw,60,-8.4588,-4.8766,0.5393
77.814,raw,63,-8.4203,-5.1124,0.5392
77.814,raw,65,-8.3147,-5.2551,0.5428
77.814,raw,68,-8.1894,-5.4737,0.5466
77.814,raw,71,-8.0246,-5.6830,0.5522
77.814,raw,73,-7.9602,-5.8307,0.5537
77.814,raw,76,-7.9833,-6.0771,0.5504
77.814,raw,79,-5.7969,-5.8321,0.6500
77.814,raw,81,-5.7688,-5.9746,0.6498
77.814,raw,84,-5.7853,-6.2026,0.6467
77.814,raw,87,-7.6317,-6.8843,0.5577
77.814,raw,89,-7.5231,-7.0186,0.5610
77.814,raw,92,-7.3612,-7.2188,0.5659
77.814,raw,94,-7.2578,-7.3524,0.5689
77.814,raw,97,-7.1148,-7.5547,0.5727
77.814,raw,100,-7.1522,-7.8074,0.5680
77.814,raw,102,-7.0354,-7.9353,0.5714
77.814,raw,105,-6.8863,-8.1333,0.5754
77.814,raw,108,-6.7480,-8.3332,0.5787
77.814,raw,110,-6.6669,-8.4692,0.5804
77.814,raw,113,-6.5143,-8.6623,0.5843
77.814,raw,116,-6.5423,-8.9149,0.5794
77.814,raw,118,-6.4278,-9.0385,0.5825
77.814,raw,121,-6.3025,-9.2389,0.5849
77.814,raw,123,-6.2135,-9.3699,0.5867
77.814,raw,126,-6.0676,-9.5610,0.5900
77.814,raw,129,-5.9143,-9.7480,0.5935
77.814,raw,131,-5.8225,-9.8759,0.5953
77.814,raw,134,-5.8663,-10.1387,0.5891
77.814,raw,137,-5.7802,-10.3514,0.5892
77.814,raw,139,-5.7468,-10.5030,0.5879
77.814,raw,142,-5.6506,-10.7117,0.5883
77.814,raw,145,-5.5727,-10.9281,0.5877
77.814,raw,147,-5.5240,-11.0740,0.5871
77.814,raw,150,-5.4363,-11.2865,0.5868
77.814,raw,152,-5.3834,-11.4308,0.5863
77.814,raw,155,-5.4412,-11.7118,0.5785
77.814,raw,158,-5.3759,-11.9371,0.5768
77.814,raw,160,-5.3230,-12.0832,0.5761
77.814,raw,163,-5.2320,-12.2969,0.5755
77.814,raw,166,-5.1363,-12.5084,0.5751
77.814,raw,168,-5.0916,-12.6595,0.5738
77.814,raw,171,-5.0351,-12.8922,0.5711
77.814,raw,174,-4.9323,-13.1012,0.5708
77.814,raw,176,-4.8924,-13.2563,0.5691
77.814,raw,179,-4.9608,-13.5610,0.5597
77.814,raw,181,-4.8850,-13.6981,0.5596
77.814,raw,184,-4.8136,-13.9281,0.5573
77.814,raw,187,-4.7361,-14.1556,0.5551
77.814,raw,189,-4.6772,-14.3034,0.5540
77.814,raw,192,-4.6009,-14.5332,0.5516
77.814,raw,195,-4.5145,-14.7577,0.5497
77.814,raw,197,-4.4742,-14.9187,0.5473
77.814,raw,200,-4.4674,-15.1958,0.5409
77.814,raw,203,-4.4359,-15.4598,0.5356
77.814,raw,205,-4.4326,-15.6487,0.5310
77.814,raw,208,-4.6138,-16.0594,0.5138
77.814,raw,210,-4.6219,-16.2612,0.5084
77.814,raw,213,-4.5899,-16.5365,0.5025
77.814,raw,216,8.3416,3.2671,1.5546
77.814,raw,218,8.3995,3.1802,1.5564
77.814,raw,221,8.4863,3.0518,1.5591
77.814,raw,224,8.5681,2.9272,1.5617
77.814,raw,226,8.6330,2.8421,1.5636
77.814,raw,229,8.7156,2.7208,1.5661
77.814,raw,232,8.7852,2.6053,1.5683
77.814,raw,234,8.8344,2.5285,1.5698
77.814,raw,237,8.9203,2.4115,1.5724
77.814,raw,239,8.8783,2.3614,1.5718
77.814,raw,242,8.7720,2.2970,1.5699
77.814,raw,245,8.6842,2.2263,1.5684
77.814,raw,247,8.6036,2.1839,1.5669
77.814,raw,250,8.5055,2.1135,1.5651
77.814,raw,253,8.3927,2.0450,1.5630
77.814,raw,255,8.3131,1.9994,1.5615
77.814,raw,258,8.2283,1.9221,1.5601
77.814,raw,261,8.1003,1.8524,1.5576
77.814,raw,263,8.0436,1.7992,1.5566
77.814,raw,266,7.9392,1.7221,1.5547
77.814,raw,268,-16.3894,3.8068,1.0167
77.814,raw,271,-16.2407,3.4827,1.0207
77.814,raw,274,-16.1175,3.1644,1.0242
77.814,raw,276,-15.4911,2.9024,1.0385
77.814,raw,279,-15.3675,2.5932,1.0418
77.814,raw,282,-15.2259,2.2852,1.0455
77.814,raw,284,-15.1410,2.0822,1.0477
77.814,raw,287,-10.0895,1.4728,1.1598
77.814,raw,290,-9.9959,1.2172,1.1622
77.814,raw,292,-10.0870,1.0553,1.1604
77.814,raw,295,-14.7472,0.9882,1.0577
77.814,raw,297,-14.6617,0.7918,1.0597
77.814,raw,300,-14.5369,0.4994,1.0627
77.814,raw,303,-14.4217,0.2094,1.0653
77.814,raw,305,-14.3647,0.0174,1.0667
77.814,raw,308,-14.2484,-0.2694,1.0693
77.814,raw,311,-14.1398,-0.5542,1.0717
77.814,raw,313,-14.0464,-0.7428,1.0737
77.814,raw,316,-13.6229,-1.0177,1.0829
77.814,raw,319,-13.5405,-1.2956,1.0846
77.814,raw,321,-13.4915,-1.4803,1.0855
77.814,raw,324,-13.4061,-1.7560,1.0872
77.814,raw,326,-13.3357,-1.9384,1.0885
77.814,raw,329,-13.2410,-2.2114,1.0903
77.814,raw,332,-13.1670,-2.4843,1.0915
77.814,raw,334,-13.1352,-2.6671,1.0920
77.814,raw,337,-13.0540,-2.9380,1.0933
77.814,raw,340,-12.9543,-3.2063,1.0950
77.814,raw,342,-12.9142,-3.3869,1.0955
77.814,raw,345,-12.8259,-3.6545,1.0968
77.814,raw,348,-12.5005,-3.8940,1.1034
77.814,raw,350,-12.4299,-4.0684,1.1045
77.814,raw,353,-12.3493,-4.3320,1.1055
77.814,raw,355,-12.3095,-4.5092,1.1059
77.814,raw,358,-12.2219,-4.7706,1.1070
77.814,raw,361,-12.1521,-5.0339,1.1077
77.814,raw,363,-12.0734,-5.2041,1.1089
77.814,raw,366,-11.9524,-5.4578,1.1106
77.814,raw,369,-11.8513,-5.7135,1.1118
77.814,raw,371,-11.7393,-5.8754,1.1137
77.814,raw,374,-11.5806,-6.1182,1.1161
77.814,raw,377,-11.3998,-6.3547,1.1190
77.814,raw,379,-11.2966,-6.5146,1.1206
77.814,raw,382,-11.1218,-6.7487,1.1233
77.814,raw,384,-5.8215,-5.7631,1.2422
77.814,raw,387,-5.6736,-5.9528,1.2445
77.814,raw,390,-5.7978,-6.2055,1.2405
77.814,raw,392,-10.6026,-7.5291,1.1306
77.814,raw,395,-10.6642,-7.8146,1.1278
77.814,raw,398,-10.4832,-8.0386,1.1304
77.814,raw,400,-10.3872,-8.1934,1.1316
77.814,raw,403,-10.2503,-8.4265,1.1331
77.814,raw,406,-10.0628,-8.6437,1.1358
77.814,raw,408,-9.9652,-8.7954,1.1369
77.814,raw,411,-9.8412,-9.0285,1.1381
77.814,raw,413,-9.7281,-9.1740,1.1395
77.814,raw,416,-9.5781,-9.3971,1.1412
77.814,raw,419,-9.4194,-9.6159,1.1431
77.814,raw,421,-9.3322,-9.7672,1.1439
77.814,raw,424,-9.3879,-10.0575,1.1406
77.814,raw,427,-9.2348,-10.2766,1.1422
77.814,raw,429,-9.1287,-10.4206,1.1434
77.814,raw,432,-8.9759,-10.6376,1.1449
77.814,raw,435,-8.8421,-10.8606,1.1459
77.814,raw,437,-8.7271,-10.9988,1.1472
77.814,raw,440,-8.5787,-11.2143,1.1485
77.814,raw,442,-8.4948,-11.3635,1.1490
77.814,raw,445,-8.3327,-11.5718,1.1506
77.814,raw,448,-8.1964,-11.7896,1.1515
77.814,raw,450,-8.1042,-11.9338,1.1521
77.814,raw,453,-7.9690,-12.1509,1.1530
77.814,raw,456,-7.8119,-12.3574,1.1543
77.814,raw,458,-7.7142,-12.4977,1.1549
77.814,raw,461,-7.5709,-12.7089,1.1559
77.814,raw,464,-7.6849,-13.0426,1.1504
77.814,raw,466,-7.5979,-13.1884,1.1508
77.814,raw,469,-8.4538,-13.8966,1.1269
77.814,raw,471,-8.9156,-14.3256,1.1136
77.814,raw,474,-9.9726,-15.1712,1.0843
77.814,raw,477,-10.1395,-15.5748,1.0769
77.814,raw,479,-10.0732,-15.7529,1.0764
77.814,raw,482,-9.9976,-16.0337,1.0749
77.814,raw,485,-9.9083,-16.3082,1.0737
77.814,raw,487,-9.8498,-16.4923,1.0729
77.814,raw,490,-9.7666,-16.7722,1.0714
77.814,raw,493,-9.6612,-17.0403,1.0705
77.814,raw,495,-9.6127,-17.2326,1.0692
77.814,raw,498,-9.5218,-17.5113,1.0678
77.814,raw,500,-9.4668,-17.7013,1.0666
77.814,raw,503,-9.3626,-17.9741,1.0654
77.814,raw,506,-9.2838,-18.2642,1.0635
77.814,raw,508,-9.2337,-18.4602,1.0621
77.814,raw,511,-9.1193,-18.7300,1.0609
77.814,raw,514,-9.0046,-19.0008,1.0598
77.814,raw,516,-8.9579,-19.2021,1.0581
77.814,raw,519,-8.8402,-19.4731,1.0569
77.814,raw,522,-8.7339,-19.7534,1.0553
77.814,raw,524,-8.8852,-20.0993,1.0481
77.814,raw,527,-8.7653,-20.3753,1.0467
77.814,raw,529,-8.6933,-20.5658,1.0455
77.814,raw,532,-8.5826,-20.8512,1.0438
77.814,raw,535,-8.4660,-21.1337,1.0420
77.814,raw,537,-8.4123,-21.3416,1.0402
77.814,raw,540,-8.2944,-21.6264,1.0384
77.814,raw,543,-8.1987,-21.9308,1.0359
77.814,raw,545,-8.1251,-22.1271,1.0344
77.814,raw,548,-8.0144,-22.4233,1.0322
77.814,raw,551,-7.9067,-22.7243,1.0298
77.814,raw,553,-7.8147,-22.9094,1.0287
77.814,raw,556,-7.7194,-23.2250,1.0258
77.814,raw,558,-6.2283,-24.8676,1.0255
77.814,raw,561,-5.9480,-25.0156,1.0276
77.814,raw,564,-5.6635,-25.1570,1.0299
77.814,raw,566,-5.4890,-25.2654,1.0309
77.814,raw,569,-5.2137,-25.4126,1.0327
77.814,raw,572,-4.9311,-25.5499,1.0349
77.814,raw,574,-4.7744,-25.6741,1.0352
77.814,raw,577,-4.4953,-25.8120,1.0372
77.814,raw,580,-4.2238,-25.9558,1.0388
77.814,raw,582,-4.0370,-26.0443,1.0401
77.814,raw,585,-3.7888,-26.2114,1.0410
77.814,raw,587,-3.6412,-26.3430,1.0410
77.814,raw,590,-3.3825,-26.4967,1.0421
77.814,raw,593,-3.1344,-26.6616,1.0428
77.814,raw,595,-2.9874,-26.7933,1.0427
77.814,raw,598,-2.7136,-26.9255,1.0442
77.814,raw,601,-2.4744,-27.0992,1.0446
77.814,raw,603,-2.3131,-27.2124,1.0448
77.814,raw,606,-2.0639,-27.3726,1.0454
77.814,raw,609,-1.8119,-27.5282,1.0461
77.814,raw,611,-1.6461,-27.6344,1.0464
77.814,raw,614,-1.4060,-27.8049,1.0466
77.814,raw,616,-1.2420,-27.9131,1.0468
77.814,raw,619,-0.9971,-28.0766,1.0470
77.814,raw,622,-0.7285,-28.2062,1.0481
77.814,raw,624,-0.5372,-28.2741,1.0493
77.814,raw,627,-0.2589,-28.3866,1.0507
77.814,raw,630,0.0283,-28.4838,1.0525
77.814,raw,632,0.2084,-28.5644,1.0532
77.814,raw,635,0.4981,-28.6539,1.0551
77.814,raw,638,0.7777,-28.7567,1.0565
77.814,raw,640,0.9656,-28.8217,1.0575
77.814,raw,643,1.2442,-28.9226,1.0589
77.814,raw,645,1.4349,-28.9805,1.0600
77.814,raw,648,1.6962,-29.1070,1.0606
77.814,raw,651,1.9613,-29.2260,1.0613
77.814,raw,653,2.1303,-29.3181,1.0614
77.814,raw,656,2.3817,-29.4599,1.0614
77.814,raw,659,2.6374,-29.5939,1.0616
77.814,raw,661,2.8036,-29.6908,1.0615
77.814,raw,664,3.0628,-29.8180,1.0618
77.814,raw,667,3.3015,-29.9839,1.0610
77.814,raw,669,3.4739,-30.0696,1.0611
77.814,raw,672,3.7274,-30.2081,1.0609
77.814,raw,674,3.8912,-30.3109,1.0605
77.814,raw,677,4.1467,-30.4462,1.0603
77.814,raw,680,4.3923,-30.6025,1.0596
77.814,raw,682,4.5729,-30.6719,1.0599
77.814,raw,685,4.8018,-30.8661,1.0581
77.814,raw,688,5.0192,-31.0893,1.0556
77.814,raw,690,5.1751,-31.2160,1.0545
77.814,raw,693,5.3902,-31.4525,1.0516
77.814,raw,696,5.6173,-31.6661,1.0493
77.814,raw,698,5.7674,-31.8144,1.0475
77.814,raw,701,5.9985,-32.0268,1.0451
77.814,raw,703,6.1533,-32.1695,1.0435
77.814,raw,706,6.3697,-32.4284,1.0399
77.814,raw,709,6.5867,-32.6936,1.0362
77.814,raw,711,6.7292,-32.8811,1.0334
77.814,raw,714,8.3403,3.2676,1.8151
77.814,raw,717,8.4017,3.1461,1.8149
77.814,raw,719,8.4807,3.0537,1.8148
77.814,raw,722,8.5627,2.9289,1.8146
77.814,raw,725,8.6364,2.8088,1.8145
77.814,raw,727,8.7094,2.7226,1.8144
77.814,raw,730,8.7882,2.6044,1.8142
77.814,raw,732,8.8318,2.5293,1.8141
77.814,raw,735,8.9219,2.4111,1.8140
77.814,raw,738,8.8343,2.3424,1.8141
77.814,raw,740,8.7626,2.2994,1.8141
77.814,raw,743,8.6757,2.2284,1.8142
77.814,raw,746,8.5651,2.1620,1.8144
77.814,raw,748,8.4931,2.1164,1.8144
77.814,raw,751,8.3944,2.0446,1.8145
77.814,raw,754,8.3034,1.9697,1.8146
77.814,raw,756,8.2337,1.9209,1.8147
77.814,raw,759,8.0933,1.8538,1.8149
77.814,raw,761,8.0648,1.7951,1.8149
77.814,raw,764,7.9299,1.7238,1.8151
77.814,raw,767,-13.1682,-6.6110,2.6088
77.814,raw,769,-16.2575,-4.1163,3.5037
77.814,raw,772,-16.1374,-4.4090,3.4996
77.814,raw,775,-16.0348,-4.7024,3.4963
77.814,raw,777,-15.9809,-4.8992,3.4950
77.814,raw,780,-15.8620,-5.1886,3.4912
77.814,raw,783,-15.7790,-5.4819,3.4892
77.814,raw,785,-15.7061,-5.6744,3.4871
77.814,raw,788,-15.6117,-5.9646,3.4848
78.840,raw,0,24.3086,15.2305,0.6578
78.840,raw,2,24.1704,15.1203,0.6681
78.840,raw,5,23.4922,14.6771,0.7116
78.840,raw,8,23.3262,14.5959,0.7203
78.840,raw,11,22.5680,13.9939,0.7743
78.840,raw,14,22.4599,14.0907,0.7697
78.840,raw,17,21.7097,13.4238,0.8260
78.840,raw,19,-9.6785,-0.7258,0.5006
78.840,raw,22,-9.6204,-0.9709,0.5031
78.840,raw,25,-9.5514,-1.2147,0.5060
78.840,raw,28,-9.3132,-1.4512,0.5164
78.840,raw,31,-9.2303,-1.6908,0.5198
78.840,raw,34,-9.2060,-1.9324,0.5203
78.840,raw,36,-9.1692,-2.0921,0.5216
78.840,raw,39,-9.1180,-2.3313,0.5232
78.840,raw,42,-8.8638,-2.5542,0.5340
78.840,raw,45,-8.8334,-2.7923,0.5345
78.840,raw,48,-8.7742,-3.0275,0.5362
78.840,raw,51,-8.7348,-3.2642,0.5369
78.840,raw,53,-8.7019,-3.4210,0.5377
78.840,raw,56,-8.4507,-3.6321,0.5479
78.840,raw,59,-8.4141,-3.8666,0.5483
78.840,raw,62,-8.4034,-4.1045,0.5474
78.840,raw,65,-8.3133,-4.3312,0.5500
78.840,raw,68,-8.1086,-4.5394,0.5578
78.840,raw,71,-8.0664,-4.7710,0.5581
78.840,raw,73,-8.0364,-4.9250,0.5583
78.840,raw,76,-7.9930,-5.1562,0.5584
78.840,raw,79,-7.9050,-5.3791,0.5605
78.840,raw,82,-7.7756,-5.5932,0.5645
78.840,raw,85,-7.6142,-5.7991,0.5699
78.840,raw,88,-7.6600,-6.0471,0.5655
78.840,raw,90,-5.9848,-5.8401,0.6421
78.840,raw,93,-5.7951,-6.0219,0.6487
78.840,raw,96,-5.7893,-6.2446,0.6466
78.840,raw,99,-7.1578,-6.8065,0.5801
78.840,raw,102,-7.1602,-7.0457,0.5773
78.840,raw,105,-7.0199,-7.2482,0.5812
78.840,raw,107,-6.9266,-7.3824,0.5837
78.840,raw,110,-6.7600,-7.5750,0.5887
78.840,raw,113,-6.6554,-7.7837,0.5907
78.840,raw,116,-6.6526,-8.0219,0.5877
78.840,raw,119,-6.5173,-8.2206,0.5910
78.840,raw,122,-6.3625,-8.4117,0.5951
78.840,raw,124,-6.2633,-8.5396,0.5977
78.840,raw,127,-6.0993,-8.7250,0.6021
78.840,raw,130,-6.1360,-8.9775,0.5969
78.840,raw,133,-5.9998,-9.1712,0.5998
78.840,raw,136,-5.8592,-9.3621,0.6029
78.840,raw,139,-5.7204,-9.5524,0.6059
78.840,raw,142,-5.5921,-9.7456,0.6082
78.840,raw,144,-5.5556,-9.8929,0.6074
78.840,raw,147,-5.5990,-10.1534,0.6012
78.840,raw,150,-5.5037,-10.3598,0.6017
78.840,raw,153,-5.4158,-10.5692,0.6017
78.840,raw,156,-5.3515,-10.7886,0.6005
78.840,raw,159,-5.2929,-11.0110,0.5989
78.840,raw,161,-5.2212,-11.1452,0.5995
78.840,raw,164,-5.1402,-11.3582,0.5988
78.840,raw,167,-5.2091,-11.6415,0.5906
78.840,raw,170,-5.1293,-11.8573,0.5897
78.840,raw,173,-5.0411,-12.0694,0.5891
78.840,raw,176,-4.9552,-12.2830,0.5883
78.840,raw,178,-4.9105,-12.4318,0.5871
78.840,raw,181,-4.8378,-12.6530,0.5854
78.840,raw,184,-4.7421,-12.8626,0.5849
78.840,raw,187,-4.6555,-13.0775,0.5838
78.840,raw,190,-4.5806,-13.2993,0.5819
78.840,raw,193,-4.6393,-13.5968,0.5730
78.840,raw,195,-4.5836,-13.7434,0.5719
78.840,raw,198,-4.5160,-13.9732,0.5694
78.840,raw,201,-4.4192,-14.1868,0.5683
78.840,raw,204,-4.3499,-14.4176,0.5656
78.840,raw,207,-4.2567,-14.6348,0.5641
78.840,raw,210,-4.1839,-14.8656,0.5613
78.840,raw,213,-4.1048,-15.0935,0.5588
78.840,raw,215,-4.0699,-15.2577,0.5561
78.840,raw,218,-4.0453,-15.5238,0.5504
78.840,raw,221,-4.0253,-15.7956,0.5443
78.840,raw,224,-4.2187,-16.2164,0.5263
78.840,raw,227,-4.1839,-16.4864,0.5206
78.840,raw,230,-4.1873,-16.7862,0.5126
78.840,raw,232,-4.1458,-16.9566,0.5096
78.840,raw,235,-4.1357,-17.2523,0.5021
78.840,raw,238,8.2935,3.1952,1.5535
78.840,raw,241,8.3706,3.0683,1.5560
78.840,raw,244,8.4747,2.9348,1.5591
78.840,raw,247,8.5602,2.8096,1.5618
78.840,raw,249,8.6234,2.7254,1.5636
78.840,raw,252,8.7068,2.6044,1.5662
78.840,raw,255,8.7679,2.4919,1.5682
78.840,raw,258,8.8368,2.3788,1.5703
78.840,raw,261,8.8331,2.2868,1.5708
78.840,raw,264,8.7302,2.2209,1.5689
78.840,raw,266,8.6506,2.1790,1.5675
78.840,raw,269,8.5387,2.1127,1.5654
78.840,raw,272,8.4354,2.0427,1.5635
78.840,raw,275,8.3457,1.9682,1.5620
78.840,raw,278,8.2451,1.8948,1.5602
78.840,raw,281,8.1233,1.8243,1.5579
78.840,raw,284,8.0233,1.7477,1.5560
78.840,raw,286,7.9452,1.6980,1.5546
78.840,raw,289,-16.2162,5.2997,1.0156
78.840,raw,292,-16.0793,4.9686,1.0197
78.840,raw,295,-15.9362,4.6398,1.0239
78.840,raw,298,-15.8239,4.3185,1.0274
78.840,raw,301,-15.6840,3.9963,1.0314
78.840,raw,303,-15.5691,3.7807,1.0345
78.840,raw,306,-15.4690,3.4684,1.0375
78.840,raw,309,-15.3329,3.1547,1.0412
78.840,raw,312,-15.1994,2.8441,1.0448
78.840,raw,315,-14.5556,2.4922,1.0597
78.840,raw,318,-14.4449,2.1934,1.0626
78.840,raw,320,-14.3980,1.9975,1.0640
78.840,raw,323,-14.2831,1.7020,1.0670
78.840,raw,326,-10.0435,1.1829,1.1610
78.840,raw,329,-10.1003,0.9356,1.1601
78.840,raw,332,-14.0182,0.8322,1.0738
78.840,raw,335,-13.9211,0.5456,1.0761
78.840,raw,337,-13.8600,0.3555,1.0776
78.840,raw,340,-13.7757,0.0720,1.0795
78.840,raw,343,-13.6832,-0.2101,1.0816
78.840,raw,346,-13.5705,-0.4905,1.0841
78.840,raw,349,-13.5046,-0.7694,1.0856
78.840,raw,352,-13.4213,-1.0470,1.0873
78.840,raw,355,-13.0415,-1.3147,1.0955
78.840,raw,357,-12.9892,-1.4965,1.0966
78.840,raw,360,-12.9028,-1.7679,1.0982
78.840,raw,363,-12.8071,-2.0376,1.1001
78.840,raw,366,-12.7249,-2.3066,1.1015
78.840,raw,369,-12.6409,-2.5744,1.1030
78.840,raw,372,-12.5694,-2.8420,1.1042
78.840,raw,374,-12.5027,-3.0183,1.1053
78.840,raw,377,-12.4262,-3.2839,1.1065
78.840,raw,380,-12.3385,-3.5474,1.1078
78.840,raw,383,-12.2783,-3.8129,1.1086
78.840,raw,386,-11.9333,-4.0441,1.1155
78.840,raw,389,-11.8510,-4.3033,1.1166
78.840,raw,391,-11.7909,-4.4749,1.1175
78.840,raw,394,-11.7165,-4.7337,1.1183
78.840,raw,397,-11.6310,-4.9902,1.1194
78.840,raw,400,-11.5627,-5.2486,1.1200
78.840,raw,403,-11.4732,-5.5030,1.1210
78.840,raw,406,-11.3572,-5.7519,1.1226
78.840,raw,408,-11.2580,-5.9131,1.1241
78.840,raw,411,-11.1070,-6.1530,1.1264
78.840,raw,414,-10.9367,-6.3873,1.1291
78.840,raw,417,-10.7825,-6.6227,1.1314
78.840,raw,420,-5.8763,-5.8163,1.2410
78.840,raw,423,-5.7150,-6.0036,1.2436
78.840,raw,426,-5.7592,-6.2375,1.2415
78.840,raw,428,-10.2080,-7.4687,1.1397
78.840,raw,431,-10.2489,-7.7452,1.1373
78.840,raw,434,-10.0924,-7.9719,1.1394
78.840,raw,437,-9.9250,-8.1940,1.1417
78.840,raw,440,-9.7801,-8.4205,1.1435
78.840,raw,443,-9.6217,-8.6417,1.1455
78.840,raw,445,-9.5135,-8.7876,1.1469
78.840,raw,448,-9.3786,-9.0132,1.1483
78.840,raw,451,-9.2316,-9.2339,1.1500
78.840,raw,454,-9.0554,-9.4438,1.1523
78.840,raw,457,-8.9359,-9.6708,1.1532
78.840,raw,460,-8.7754,-9.8829,1.1551
78.840,raw,462,-8.8823,-10.0982,1.1513
78.840,raw,465,-8.7335,-10.3141,1.1528
78.840,raw,468,-8.5911,-10.5311,1.1541
78.840,raw,471,-8.4396,-10.7436,1.1556
78.840,raw,474,-8.3007,-10.9598,1.1568
78.840,raw,477,-8.1642,-11.1760,1.1578
78.840,raw,479,-8.0621,-11.3151,1.1588
78.840,raw,482,-7.9177,-11.5264,1.1599
78.840,raw,485,-7.7646,-11.7331,1.1613
78.840,raw,488,-7.6336,-11.9483,1.1621
78.840,raw,491,-7.4931,-12.1585,1.1630
78.840,raw,494,-7.3370,-12.3609,1.1643
78.840,raw,497,-7.1947,-12.5686,1.1653
78.840,raw,499,-7.1298,-12.7208,1.1651
78.840,raw,502,-7.2084,-13.0345,1.1606
78.840,raw,505,-7.1309,-13.2750,1.1598
78.840,raw,508,-7.0528,-13.5158,1.1589
78.840,raw,511,-7.0384,-13.7904,1.1565
78.840,raw,514,-7.0636,-14.0880,1.1529
78.840,raw,516,-7.3444,-14.4295,1.1439
78.840,raw,519,-8.0852,-15.1263,1.1222
78.840,raw,522,-9.0951,-15.9927,1.0935
78.840,raw,525,-9.2897,-16.4210,1.0851
78.840,raw,528,-9.2357,-16.7127,1.0829
78.840,raw,531,-9.1157,-16.9673,1.0824
78.840,raw,533,-9.0629,-17.1536,1.0812
78.840,raw,536,-8.9737,-17.4283,1.0798
78.840,raw,539,-8.8864,-17.7055,1.0782
78.840,raw,542,-8.7889,-17.9776,1.0768
78.840,raw,545,-8.7041,-18.2594,1.0751
78.840,raw,548,-8.6100,-18.5367,1.0734
78.840,raw,550,-8.5487,-18.7233,1.0723
78.840,raw,553,-8.4607,-19.0074,1.0704
78.840,raw,556,-8.3470,-19.2755,1.0691
78.840,raw,559,-8.2667,-19.5684,1.0669
78.840,raw,562,-8.3958,-20.0141,1.0588
78.840,raw,565,-8.3188,-20.3167,1.0563
78.840,raw,568,-8.2054,-20.5947,1.0546
78.840,raw,570,-8.1215,-20.7746,1.0537
78.840,raw,573,-8.0319,-21.0735,1.0513
78.840,raw,576,-7.9060,-21.3464,1.0498
78.840,raw,579,-7.8135,-21.6474,1.0473
78.840,raw,582,-7.6960,-21.9308,1.0454
78.840,raw,585,-7.5804,-22.2176,1.0434
78.840,raw,587,-7.5013,-22.4083,1.0420
78.840,raw,590,-7.3981,-22.7093,1.0395
78.840,raw,593,-7.2970,-23.0146,1.0368
78.840,raw,596,-7.1809,-23.3096,1.0345
78.840,raw,599,-7.0535,-23.5970,1.0324
78.840,raw,602,-6.9160,-23.8774,1.0305
78.840,raw,604,-6.7448,-23.9923,1.0315
78.840,raw,607,-6.4579,-24.1349,1.0340
78.840,raw,610,-6.1863,-24.2894,1.0361
78.840,raw,613,-5.9118,-24.4391,1.0381
78.840,raw,616,-5.6525,-24.6014,1.0397
78.840,raw,619,-5.3699,-24.7386,1.0420
78.840,raw,621,-5.1922,-24.8396,1.0432
78.840,raw,624,-4.9169,-24.9802,1.0452
78.840,raw,627,-4.6815,-25.1607,1.0459
78.840,raw,630,-4.4175,-25.3098,1.0475
78.840,raw,633,-4.1804,-25.4863,1.0482
78.840,raw,636,-3.9228,-25.6393,1.0496
78.840,raw,639,-3.6922,-25.8212,1.0500
78.840,raw,641,-3.5183,-25.9193,1.0509
78.840,raw,644,-3.2828,-26.0943,1.0514
78.840,raw,647,-3.0328,-26.2518,1.0523
78.840,raw,650,-2.7862,-26.4122,1.0531
78.840,raw,653,-2.5280,-26.5575,1.0543
78.840,raw,656,-2.2904,-26.7269,1.0547
78.840,raw,658,-2.1388,-26.8483,1.0546
78.840,raw,661,-1.8881,-27.0003,1.0554
78.840,raw,664,-1.6413,-27.1566,1.0560
78.840,raw,667,-1.4075,-27.3294,1.0561
78.840,raw,670,-1.1636,-27.4884,1.0565
78.840,raw,673,-0.8968,-27.6153,1.0577
78.840,raw,675,-0.7119,-27.6893,1.0588
78.840,raw,678,-0.4309,-27.7933,1.0605
78.840,raw,681,-0.1562,-27.9041,1.0620
78.840,raw,684,0.1273,-27.9998,1.0638
78.840,raw,687,0.4163,-28.0850,1.0658
78.840,raw,690,0.6777,-28.2094,1.0667
78.840,raw,692,0.8626,-28.2751,1.0677
78.840,raw,695,1.1362,-28.3780,1.0690
78.840,raw,698,1.3859,-28.5173,1.0694
78.840,raw,701,1.6474,-28.6368,1.0701
78.840,raw,704,1.8813,-28.8014,1.0697
78.840,raw,707,2.1451,-28.9155,1.0705
78.840,raw,710,2.3872,-29.0664,1.0703
78.840,raw,712,2.5508,-29.1631,1.0702
78.840,raw,715,2.8026,-29.2971,1.0704
78.840,raw,718,3.0619,-29.4170,1.0708
78.840,raw,721,3.3002,-29.5757,1.0702
78.840,raw,724,3.5482,-29.7166,1.0700
78.840,raw,727,3.7958,-29.8590,1.0698
78.840,raw,729,3.9664,-29.9431,1.0698
78.840,raw,732,4.2113,-30.0915,1.0693
78.840,raw,735,4.4682,-30.2161,1.0693
78.840,raw,738,4.7166,-30.3587,1.0688
78.840,raw,741,4.9374,-30.5620,1.0668
78.840,raw,744,5.1499,-30.7875,1.0643
78.840,raw,746,5.3053,-30.9097,1.0632
78.840,raw,749,5.5202,-31.1377,1.0605
78.840,raw,752,5.7414,-31.3562,1.0580
78.840,raw,755,5.9585,-31.5897,1.0551
78.840,raw,758,6.1965,-31.7778,1.0532
78.840,raw,761,6.4141,-32.0214,1.0500
78.840,raw,763,6.5695,-32.1612,1.0484
78.840,raw,766,6.7882,-32.4135,1.0449
78.840,raw,769,6.9974,-32.6993,1.0406
78.840,raw,772,7.2261,-32.9411,1.0373
78.840,raw,775,7.4325,-33.2546,1.0323
78.840,raw,778,8.2833,3.1987,1.8151
78.840,raw,781,8.3780,3.0658,1.8150
78.840,raw,783,8.4169,2.9865,1.8149
78.840,raw,786,8.5131,2.8569,1.8147
78.840,raw,789,8.6113,2.7291,1.8145
78.840,raw,792,8.6861,2.6105,1.8144
78.840,raw,795,8.7819,2.4879,1.8142
78.840,raw,798,8.8438,2.3768,1.8141
78.840,raw,800,8.8522,2.3126,1.8141
78.840,raw,803,8.7388,2.2498,1.8142
78.840,raw,806,8.6496,2.1792,1.8143
78.840,raw,809,8.5340,2.1138,1.8144
78.840,raw,812,8.4384,2.0420,1.8145
78.840,raw,815,8.3450,1.9684,1.8146
78.840,raw,817,8.2632,1.9228,1.8147
78.840,raw,820,8.1409,1.8528,1.8148
78.840,raw,823,8.0425,1.7762,1.8150
78.840,raw,826,7.9533,1.6964,1.8151
78.840,raw,829,-13.0521,-6.6215,2.6058
78.840,raw,832,-16.1864,-4.4451,3.5019
78.840,raw,834,-16.1323,-4.6429,3.5004
78.840,raw,837,-16.0352,-4.9368,3.4976
78.840,raw,840,-15.9214,-5.2275,3.4940
78.840,raw,843,-15.8457,-5.5224,3.4924
78.840,raw,846,-15.7295,-5.8105,3.4889
78.840,raw,849,-15.6318,-6.1004,3.4865
80.223,raw,0,24.1785,15.2113,0.6597
80.223,raw,2,24.0701,15.1866,0.6637
80.223,raw,5,23.3048,14.6020,0.7181
80.223,raw,8,23.1867,14.6805,0.7151
80.223,raw,11,22.4288,14.0608,0.7700
80.223,raw,14,21.6525,13.4653,0.8218
80.223,raw,17,-9.6443,1.0209,0.5013
80.223,raw,20,-9.5790,0.7718,0.5048
80.223,raw,23,-9.5293,0.5247,0.5075
80.223,raw,26,-9.4678,0.2782,0.5106
80.223,raw,29,-9.3863,0.0325,0.5146
80.223,raw,32,-9.1358,-0.2129,0.5261
80.223,raw,35,-9.1031,-0.4543,0.5276
80.223,raw,38,-9.0340,-0.6947,0.5307
80.223,raw,40,-8.9929,-0.8544,0.5325
80.223,raw,43,-8.9224,-1.0929,0.5355
80.223,raw,46,-8.8578,-1.3305,0.5381
80.223,raw,49,-8.6345,-1.5606,0.5479
80.223,raw,52,-8.5730,-1.7950,0.5502
80.223,raw,55,-8.5438,-2.0305,0.5510
80.223,raw,58,-8.4822,-2.2635,0.5531
80.223,raw,61,-8.4262,-2.4962,0.5549
80.223,raw,64,-8.1942,-2.7133,0.5646
80.223,raw,67,-8.1412,-2.9435,0.5661
80.223,raw,70,-8.0724,-3.1714,0.5682
80.223,raw,73,-8.0115,-3.3995,0.5699
80.223,raw,76,-7.8092,-3.6101,0.5779
80.223,raw,79,-7.7371,-3.8343,0.5799
80.223,raw,81,-7.7216,-3.9876,0.5797
80.223,raw,84,-7.6768,-4.2148,0.5803
80.223,raw,87,-7.6261,-4.4408,0.5811
80.223,raw,90,-7.4219,-4.6420,0.5889
80.223,raw,93,-7.3762,-4.8669,0.5893
80.223,raw,96,-7.3245,-5.0907,0.5898
80.223,raw,99,-7.2576,-5.3115,0.5910
80.223,raw,102,-7.1585,-5.5254,0.5936
80.223,raw,105,-6.9988,-5.7260,0.5990
80.223,raw,108,-6.8759,-5.9324,0.6025
80.223,raw,111,-5.9561,-5.9598,0.6431
80.223,raw,114,-5.8197,-6.1532,0.6472
80.223,raw,117,-5.8612,-6.3878,0.6430
80.223,raw,119,-6.5670,-6.7128,0.6082
80.223,raw,122,-6.6217,-6.9599,0.6031
80.223,raw,125,-6.4871,-7.1588,0.6067
80.223,raw,128,-6.3496,-7.3554,0.6104
80.223,raw,131,-6.1863,-7.5434,0.6153
80.223,raw,134,-6.0633,-7.7412,0.6182
80.223,raw,137,-6.0582,-7.9736,0.6154
80.223,raw,140,-5.9226,-8.1663,0.6187
80.223,raw,143,-5.7896,-8.3586,0.6218
80.223,raw,146,-5.6607,-8.5511,0.6247
80.223,raw,149,-5.5277,-8.7410,0.6276
80.223,raw,152,-5.5600,-8.9877,0.6226
80.223,raw,155,-5.4040,-9.1686,0.6265
80.223,raw,158,-5.3391,-9.3816,0.6260
80.223,raw,160,-5.2722,-9.5149,0.6267
80.223,raw,163,-5.1957,-9.7236,0.6266
80.223,raw,166,-5.1067,-9.9275,0.6270
80.223,raw,169,-5.1732,-10.1944,0.6196
80.223,raw,172,-5.0933,-10.4033,0.6194
80.223,raw,175,-5.0239,-10.6169,0.6185
80.223,raw,178,-4.9272,-10.8190,0.6189
80.223,raw,181,-4.8594,-11.0337,0.6178
80.223,raw,184,-4.7793,-11.2434,0.6172
80.223,raw,187,-4.6969,-11.4523,0.6166
80.223,raw,190,-4.7608,-11.7314,0.6085
80.223,raw,193,-4.6711,-11.9388,0.6081
80.223,raw,196,-4.5992,-12.1553,0.6066
80.223,raw,199,-4.5348,-12.3763,0.6047
80.223,raw,201,-4.4750,-12.5154,0.6042
80.223,raw,204,-4.3971,-12.7304,0.6028
80.223,raw,207,-4.3233,-12.9484,0.6011
80.223,raw,210,-4.2327,-13.1578,0.6002
80.223,raw,213,-4.2976,-13.4551,0.5910
80.223,raw,216,-4.2062,-13.6667,0.5899
80.223,raw,219,-4.1351,-13.8908,0.5876
80.223,raw,222,-4.0538,-14.1098,0.5857
80.223,raw,225,-3.9879,-14.3390,0.5828
80.223,raw,228,-3.8928,-14.5514,0.5815
80.223,raw,231,-3.8219,-14.7797,0.5787
80.223,raw,234,-3.7445,-15.0051,0.5761
80.223,raw,237,-3.6652,-15.2305,0.5736
80.223,raw,239,-3.6215,-15.3874,0.5713
80.223,raw,242,-3.5565,-15.6246,0.5677
80.223,raw,245,-3.7394,-16.0347,0.5503
80.223,raw,248,-3.7199,-16.3104,0.5438
80.223,raw,251,-3.7025,-16.5907,0.5371
80.223,raw,254,-3.6835,-16.8730,0.5303
80.223,raw,257,-3.6542,-17.1509,0.5239
80.223,raw,260,-3.6483,-17.4496,0.5159
80.223,raw,263,-3.6014,-17.7205,0.5101
80.223,raw,266,-3.5892,-18.0214,0.5022
80.223,raw,269,8.2165,3.1751,1.5522
80.223,raw,272,8.2933,3.0479,1.5547
80.223,raw,275,8.3827,2.9186,1.5574
80.223,raw,278,8.4783,2.7897,1.5603
80.223,raw,280,8.5301,2.7087,1.5619
80.223,raw,283,8.6212,2.5849,1.5646
80.223,raw,286,8.7137,2.4628,1.5673
80.223,raw,289,8.8006,2.3446,1.5699
80.223,raw,292,8.7506,2.2648,1.5693
80.223,raw,295,8.6540,2.1966,1.5676
80.223,raw,298,8.5485,2.1293,1.5657
80.223,raw,301,8.4339,2.0626,1.5636
80.223,raw,304,8.3516,1.9867,1.5622
80.223,raw,307,8.2398,1.9163,1.5602
80.223,raw,310,8.1601,1.8374,1.5588
80.223,raw,313,8.0597,1.7616,1.5570
80.223,raw,316,7.9038,1.6951,1.5539
80.223,raw,319,-14.9021,5.8200,1.0425
80.223,raw,321,-14.8759,5.6148,1.0438
80.223,raw,324,-14.7469,5.2931,1.0479
80.223,raw,327,-14.6405,4.9782,1.0513
80.223,raw,330,-14.5390,4.6668,1.0546
80.223,raw,333,-14.4481,4.3595,1.0576
80.223,raw,336,-14.3174,4.0491,1.0614
80.223,raw,339,-14.2430,3.7488,1.0639
80.223,raw,342,-14.1715,3.4508,1.0662
80.223,raw,345,-14.0782,3.1522,1.0690
80.223,raw,348,-13.9606,2.8534,1.0723
80.223,raw,351,-13.8629,2.5589,1.0750
80.223,raw,354,-13.4672,2.2420,1.0843
80.223,raw,357,-13.3740,1.9547,1.0869
80.223,raw,359,-13.3059,1.7638,1.0887
80.223,raw,362,-10.2812,1.3053,1.1559
80.223,raw,365,-10.1101,1.0446,1.1600
80.223,raw,368,-10.2514,0.8003,1.1572
80.223,raw,371,-12.9908,0.6411,1.0969
80.223,raw,374,-12.9142,0.3643,1.0988
80.223,raw,377,-12.8001,0.0884,1.1014
80.223,raw,380,-12.7252,-0.1851,1.1031
80.223,raw,383,-12.6168,-0.4573,1.1055
80.223,raw,386,-12.5501,-0.7281,1.1070
80.223,raw,389,-12.4663,-0.9974,1.1088
80.223,raw,392,-12.3890,-1.2655,1.1103
80.223,raw,395,-12.0431,-1.5229,1.1178
80.223,raw,398,-11.9574,-1.7860,1.1194
80.223,raw,400,-11.9130,-1.9613,1.1202
80.223,raw,403,-11.8285,-2.2224,1.1218
80.223,raw,406,-11.7466,-2.4825,1.1232
80.223,raw,409,-11.6726,-2.7421,1.1245
80.223,raw,412,-11.6052,-3.0013,1.1255
80.223,raw,415,-11.5148,-3.2576,1.1270
80.223,raw,418,-11.4589,-3.5163,1.1276
80.223,raw,421,-11.3563,-3.7693,1.1293
80.223,raw,424,-11.0695,-3.9990,1.1350
80.223,raw,427,-10.9803,-4.2495,1.1363
80.223,raw,430,-10.9149,-4.5023,1.1370
80.223,raw,433,-10.8220,-4.7506,1.1383
80.223,raw,436,-10.7402,-4.9996,1.1392
80.223,raw,439,-10.6864,-5.2524,1.1395
80.223,raw,441,-10.6288,-5.4172,1.1402
80.223,raw,444,-10.5546,-5.6659,1.1408
80.223,raw,447,-10.4415,-5.9067,1.1424
80.223,raw,450,-10.3005,-6.1410,1.1444
80.223,raw,453,-10.1552,-6.3727,1.1466
80.223,raw,456,-10.0090,-6.6025,1.1487
80.223,raw,459,-5.8689,-5.9404,1.2411
80.223,raw,462,-5.7714,-6.1419,1.2422
80.223,raw,465,-5.8401,-6.3827,1.2395
80.223,raw,468,-9.3742,-7.4928,1.1579
80.223,raw,471,-9.4608,-7.7745,1.1545
80.223,raw,474,-9.2867,-7.9889,1.1570
80.223,raw,477,-9.1440,-8.2100,1.1588
80.223,raw,479,-9.0410,-8.3544,1.1601
80.223,raw,482,-8.9048,-8.5750,1.1616
80.223,raw,485,-8.7659,-8.7936,1.1632
80.223,raw,488,-8.6146,-9.0070,1.1650
80.223,raw,491,-8.4701,-9.2212,1.1666
80.223,raw,494,-8.3147,-9.4304,1.1684
80.223,raw,497,-8.1990,-9.6517,1.1693
80.223,raw,500,-8.2580,-9.9335,1.1660
80.223,raw,503,-8.1176,-10.1462,1.1674
80.223,raw,506,-7.9610,-10.3519,1.1691
80.223,raw,509,-7.8367,-10.5683,1.1700
80.223,raw,512,-7.6811,-10.7719,1.1716
80.223,raw,515,-7.5385,-10.9794,1.1728
80.223,raw,518,-7.4115,-11.1922,1.1736
80.223,raw,520,-7.3245,-11.3327,1.1742
80.223,raw,523,-7.1884,-11.5405,1.1752
80.223,raw,526,-7.0645,-11.7527,1.1759
80.223,raw,529,-6.9228,-11.9565,1.1769
80.223,raw,532,-6.7985,-12.1674,1.1775
80.223,raw,535,-6.7269,-12.4025,1.1768
80.223,raw,538,-6.6536,-12.6374,1.1760
80.223,raw,541,-6.7448,-12.9534,1.1711
80.223,raw,544,-6.6666,-13.1890,1.1704
80.223,raw,547,-6.6075,-13.4351,1.1691
80.223,raw,550,-6.5171,-13.6660,1.1685
80.223,raw,553,-6.4545,-13.9122,1.1672
80.223,raw,556,-6.4419,-14.1868,1.1646
80.223,raw,558,-6.4485,-14.3795,1.1624
80.223,raw,561,-6.4741,-14.6798,1.1587
80.223,raw,564,-6.4574,-14.9591,1.1560
80.223,raw,567,-6.4573,-15.2506,1.1528
80.223,raw,570,-6.5459,-15.5982,1.1472
80.223,raw,573,-7.2980,-16.3549,1.1243
80.223,raw,576,-8.1062,-17.1674,1.0997
80.223,raw,579,-8.2034,-17.5527,1.0934
80.223,raw,582,-8.1192,-17.8269,1.0917
80.223,raw,585,-8.0273,-18.0977,1.0902
80.223,raw,588,-7.9456,-18.3768,1.0883
80.223,raw,591,-7.8712,-18.6627,1.0861
80.223,raw,594,-7.7674,-18.9302,1.0846
80.223,raw,597,-7.6825,-19.2126,1.0826
80.223,raw,599,-7.6165,-19.3952,1.0814
80.223,raw,602,-7.7867,-19.8670,1.0723
80.223,raw,605,-7.6966,-20.1543,1.0701
80.223,raw,608,-7.6213,-20.4549,1.0675
80.223,raw,611,-7.5167,-20.7356,1.0656
80.223,raw,614,-7.4344,-21.0357,1.0629
80.223,raw,617,-7.3437,-21.3318,1.0604
80.223,raw,620,-7.2454,-21.6242,1.0581
80.223,raw,623,-7.1292,-21.9042,1.0561
80.223,raw,626,-7.0265,-22.1976,1.0537
80.223,raw,629,-6.9036,-22.4763,1.0518
80.223,raw,632,-6.8118,-22.7840,1.0489
80.223,raw,635,-6.6913,-23.0693,1.0468
80.223,raw,638,-6.5704,-23.3566,1.0445
80.223,raw,640,-6.4082,-23.4750,1.0454
80.223,raw,643,-6.1225,-23.6121,1.0480
80.223,raw,646,-5.8643,-23.7724,1.0498
80.223,raw,649,-5.6040,-23.9288,1.0515
80.223,raw,652,-5.3748,-24.1137,1.0523
80.223,raw,655,-5.1277,-24.2800,1.0536
80.223,raw,658,-4.8819,-24.4462,1.0549
80.223,raw,661,-4.6229,-24.5973,1.0565
80.223,raw,664,-4.4072,-24.7922,1.0567
80.223,raw,667,-4.1587,-24.9517,1.0579
80.223,raw,670,-3.9213,-25.1220,1.0587
80.223,raw,673,-3.6998,-25.3089,1.0590
80.223,raw,676,-3.4409,-25.4536,1.0604
80.223,raw,678,-3.2895,-25.5732,1.0607
80.223,raw,681,-3.0424,-25.7291,1.0617
80.223,raw,684,-2.8111,-25.9025,1.0621
80.223,raw,687,-2.5685,-26.0618,1.0628
80.223,raw,690,-2.3278,-26.2226,1.0635
80.223,raw,693,-2.0927,-26.3894,1.0639
80.223,raw,696,-1.8606,-26.5596,1.0642
80.223,raw,699,-1.6295,-26.7308,1.0644
80.223,raw,702,-1.3899,-26.8906,1.0648
80.223,raw,705,-1.1214,-27.0116,1.0662
80.223,raw,708,-0.8489,-27.1251,1.0678
80.223,raw,711,-0.5775,-27.2381,1.0694
80.223,raw,714,-0.2974,-27.3370,1.0712
80.223,raw,717,-0.0322,-27.4545,1.0724
80.223,raw,719,0.1394,-27.5396,1.0731
80.223,raw,722,0.4075,-27.6503,1.0744
80.223,raw,725,0.6761,-27.7584,1.0757
80.223,raw,728,0.9264,-27.8926,1.0763
80.223,raw,731,1.1725,-28.0328,1.0766
80.223,raw,734,1.4243,-28.1632,1.0772
80.223,raw,737,1.6574,-28.3233,1.0769
80.223,raw,740,1.9029,-28.4634,1.0771
80.223,raw,743,2.1590,-28.5853,1.0777
80.223,raw,746,2.3993,-28.7336,1.0775
80.223,raw,749,2.6394,-28.8823,1.0773
80.223,raw,752,2.8806,-29.0295,1.0771
80.223,raw,755,3.1178,-29.1844,1.0767
80.223,raw,758,3.3618,-29.3274,1.0764
80.223,raw,760,3.5271,-29.4182,1.0764
80.223,raw,763,3.7679,-29.5679,1.0759
80.223,raw,766,4.0156,-29.7050,1.0757
80.223,raw,769,4.2632,-29.8427,1.0755
80.223,raw,772,4.5053,-29.9923,1.0748
80.223,raw,775,4.7503,-30.1369,1.0743
80.223,raw,778,4.9744,-30.3275,1.0726
80.223,raw,781,5.1883,-30.5439,1.0702
80.223,raw,784,5.4000,-30.7699,1.0676
80.223,raw,787,5.6191,-30.9841,1.0652
80.223,raw,790,5.8298,-31.2231,1.0622
80.223,raw,793,6.0586,-31.4245,1.0600
80.223,raw,796,6.2781,-31.6534,1.0572
80.223,raw,798,6.4224,-31.8144,1.0551
80.223,raw,801,6.6519,-32.0280,1.0525
80.223,raw,804,6.8739,-32.2676,1.0493
80.223,raw,807,7.0846,-32.5449,1.0452
80.223,raw,810,7.2939,-32.8362,1.0407
80.223,raw,813,7.5077,-33.1250,1.0363
80.223,raw,816,8.1344,3.2718,1.8154
80.223,raw,819,8.2372,3.1341,1.8152
80.223,raw,822,8.3425,2.9982,1.8150
80.223,raw,825,8.4260,2.8718,1.8148
80.223,raw,828,8.5179,2.7449,1.8146
80.223,raw,831,8.5838,2.6280,1.8145
80.223,raw,834,8.6603,2.5098,1.8144
80.223,raw,837,8.7608,2.3868,1.8142
80.223,raw,839,8.8089,2.3112,1.8141
80.223,raw,842,8.7306,2.2390,1.8142
80.223,raw,845,8.6363,2.1699,1.8143
80.223,raw,848,8.5168,2.1056,1.8144
80.223,raw,851,8.4084,2.0369,1.8145
80.223,raw,854,8.3088,1.9647,1.8146
80.223,raw,857,8.2008,1.8928,1.8148
80.223,raw,860,8.1175,1.8142,1.8149
80.223,raw,863,8.0016,1.7409,1.8150
80.223,raw,866,7.8874,1.6656,1.8151
80.223,raw,869,-12.9829,-6.6665,1.8439
80.223,raw,872,-13.0624,-6.6821,2.6058
80.223,raw,875,-13.0903,-6.5922,3.3690
81.709,raw,0,24.2429,15.1909,0.6586
81.709,raw,2,24.1318,15.1582,0.6632
81.709,raw,5,23.3596,14.5495,0.7193
81.709,raw,8,22.5799,14.0342,0.7678
81.709,raw,11,22.4545,14.0644,0.7679
81.709,raw,14,21.7169,13.4479,0.8204
81.709,raw,16,21.6437,13.4987,0.8180
81.709,raw,19,-9.5844,-0.1830,0.5025
81.709,raw,22,-9.5295,-0.4288,0.5051
81.709,raw,25,-9.4798,-0.6738,0.5073
81.709,raw,28,-9.4026,-0.9175,0.5107
81.709,raw,31,-9.3443,-1.1604,0.5131
81.709,raw,33,-9.2933,-1.3215,0.5152
81.709,raw,36,-9.0558,-1.5559,0.5257
81.709,raw,39,-8.9970,-1.7948,0.5279
81.709,raw,42,-8.9492,-2.0335,0.5295
81.709,raw,45,-8.8855,-2.2706,0.5317
81.709,raw,48,-8.8329,-2.5076,0.5334
81.709,raw,50,-8.5924,-2.6490,0.5438
81.709,raw,53,-8.5565,-2.8848,0.5445
81.709,raw,56,-8.5166,-3.1199,0.5453
81.709,raw,59,-8.4787,-3.3549,0.5460
81.709,raw,62,-8.4367,-3.5892,0.5467
81.709,raw,65,-8.2137,-3.8011,0.5557
81.709,raw,67,-8.1809,-3.9553,0.5563
81.709,raw,70,-8.1440,-4.1881,0.5565
81.709,raw,73,-8.0949,-4.4190,0.5573
81.709,raw,76,-7.8747,-4.6231,0.5658
81.709,raw,79,-7.8644,-4.8584,0.5646
81.709,raw,81,-7.8166,-5.0085,0.5656
81.709,raw,84,-7.7616,-5.2362,0.5663
81.709,raw,87,-7.6874,-5.4601,0.5678
81.709,raw,90,-7.5242,-5.6660,0.5733
81.709,raw,93,-7.3821,-5.8740,0.5778
81.709,raw,96,-7.4476,-6.1249,0.5725
81.709,raw,98,-5.8805,-5.9380,0.6440
81.709,raw,101,-5.7847,-6.1407,0.6462
81.709,raw,104,-5.8623,-6.3840,0.6403
81.709,raw,107,-6.9450,-6.8787,0.5871
81.709,raw,110,-6.9662,-7.1214,0.5834
81.709,raw,113,-6.8081,-7.3178,0.5881
81.709,raw,115,-6.7133,-7.4506,0.5907
81.709,raw,118,-6.5814,-7.6515,0.5941
81.709,raw,121,-6.4187,-7.8421,0.5988
81.709,raw,124,-6.4509,-8.0893,0.5942
81.709,raw,127,-6.3116,-8.2853,0.5977
81.709,raw,130,-6.1617,-8.4766,0.6016
81.709,raw,132,-6.0645,-8.6041,0.6040
81.709,raw,135,-5.9476,-8.8039,0.6062
81.709,raw,138,-5.9603,-9.0476,0.6021
81.709,raw,141,-5.8057,-9.2335,0.6059
81.709,raw,144,-5.6770,-9.4274,0.6085
81.709,raw,146,-5.5945,-9.5573,0.6099
81.709,raw,149,-5.5006,-9.7628,0.6107
81.709,raw,152,-5.4203,-9.9734,0.6106
81.709,raw,155,-5.4775,-10.2390,0.6037
81.709,raw,158,-5.4028,-10.4533,0.6032
81.709,raw,161,-5.3225,-10.6655,0.6029
81.709,raw,163,-5.2633,-10.8046,0.6029
81.709,raw,166,-5.1916,-11.0209,0.6020
81.709,raw,169,-5.1103,-11.2331,0.6015
81.709,raw,172,-5.0459,-11.4534,0.6000
81.709,raw,175,-5.0820,-11.7214,0.5934
81.709,raw,178,-5.0231,-11.9467,0.5914
81.709,raw,180,-4.9590,-12.0852,0.5913
81.709,raw,183,-4.8855,-12.3044,0.5899
81.709,raw,186,-4.8168,-12.5267,0.5881
81.709,raw,189,-4.7145,-12.7323,0.5880
81.709,raw,192,-4.6363,-12.9507,0.5866
81.709,raw,195,-4.5757,-13.1792,0.5841
81.709,raw,197,-4.5151,-13.3212,0.5834
81.709,raw,200,-4.5733,-13.6179,0.5745
81.709,raw,203,-4.4820,-13.8331,0.5733
81.709,raw,206,-4.4416,-14.0786,0.5693
81.709,raw,209,-4.3264,-14.2813,0.5692
81.709,raw,212,-4.2669,-14.5179,0.5660
81.709,raw,214,-4.1980,-14.6584,0.5653
81.709,raw,217,-4.1336,-14.8941,0.5622
81.709,raw,220,-4.0436,-15.1148,0.5603
81.709,raw,223,-3.9739,-15.3496,0.5571
81.709,raw,226,-3.9821,-15.6375,0.5496
81.709,raw,228,-3.9541,-15.8089,0.5464
81.709,raw,231,-4.1488,-16.2295,0.5283
81.709,raw,234,-4.1303,-16.5101,0.5217
81.709,raw,237,-4.1108,-16.7931,0.5151
81.709,raw,240,-4.0969,-17.0833,0.5079
81.709,raw,243,-4.0783,-17.3735,0.5008
81.709,raw,245,8.2026,3.2610,1.5496
81.709,raw,248,8.3054,3.1230,1.5527
81.709,raw,251,8.4009,2.9898,1.5556
81.709,raw,254,8.4908,2.8609,1.5584
81.709,raw,257,8.5707,2.7373,1.5609
81.709,raw,260,8.6569,2.6139,1.5635
81.709,raw,262,8.7110,2.5338,1.5651
81.709,raw,265,8.7894,2.4161,1.5675
81.709,raw,268,8.8503,2.3051,1.5695
81.709,raw,271,8.7499,2.2386,1.5677
81.709,raw,274,8.6439,2.1721,1.5658
81.709,raw,277,8.5486,2.1014,1.5642
81.709,raw,279,8.4713,2.0569,1.5628
81.709,raw,282,8.3765,1.9838,1.5611
81.709,raw,285,8.2749,1.9108,1.5593
81.709,raw,288,8.1651,1.8382,1.5572
81.709,raw,291,8.0558,1.7638,1.5552
81.709,raw,293,7.9793,1.7140,1.5538
81.709,raw,296,7.8549,1.6398,1.5514
81.709,raw,299,-15.8043,5.8361,1.0211
81.709,raw,302,-15.6432,5.4995,1.0259
81.709,raw,305,-15.5322,5.1748,1.0296
81.709,raw,308,-15.3811,4.8468,1.0340
81.709,raw,310,-15.3295,4.6373,1.0358
81.709,raw,313,-15.1828,4.3152,1.0400
81.709,raw,316,-15.0708,4.0010,1.0434
81.709,raw,319,-14.9369,3.6867,1.0472
81.709,raw,322,-14.7945,3.3744,1.0511
81.709,raw,325,-14.6945,3.0697,1.0541
81.709,raw,327,-14.6271,2.8677,1.0560
81.709,raw,330,-14.5242,2.5665,1.0589
81.709,raw,333,-14.0982,2.2409,1.0689
81.709,raw,336,-14.0027,1.9475,1.0715
81.709,raw,339,-13.9235,1.6571,1.0737
81.709,raw,342,-10.0803,1.1575,1.1590
81.709,raw,344,-10.0838,0.9904,1.1591
81.709,raw,347,-13.6734,0.8893,1.0801
81.709,raw,350,-13.5974,0.6053,1.0820
81.709,raw,353,-13.5146,0.3226,1.0840
81.709,raw,356,-13.4170,0.0413,1.0863
81.709,raw,358,-13.3553,-0.1453,1.0877
81.709,raw,361,-13.2998,-0.4237,1.0889
81.709,raw,364,-13.1976,-0.7008,1.0912
81.709,raw,367,-13.1000,-0.9762,1.0933
81.709,raw,370,-13.0194,-1.2505,1.0949
81.709,raw,373,-12.6604,-1.5143,1.1027
81.709,raw,375,-12.5959,-1.6935,1.1040
81.709,raw,378,-12.5171,-1.9621,1.1054
81.709,raw,381,-12.4409,-2.2296,1.1068
81.709,raw,384,-12.3467,-2.4949,1.1085
81.709,raw,387,-12.2860,-2.7614,1.1095
81.709,raw,390,-12.2129,-3.0261,1.1106
81.709,raw,392,-12.1791,-3.2034,1.1110
81.709,raw,395,-12.0915,-3.4654,1.1124
81.709,raw,398,-11.9765,-3.7235,1.1144
81.709,raw,401,-11.6724,-3.9584,1.1205
81.709,raw,404,-11.5856,-4.2153,1.1217
81.709,raw,407,-11.5207,-4.4741,1.1224
81.709,raw,409,-11.4892,-4.6479,1.1226
81.709,raw,412,-11.3785,-4.8992,1.1242
81.709,raw,415,-11.3231,-5.1578,1.1246
81.709,raw,418,-11.2348,-5.4108,1.1256
81.709,raw,421,-11.1619,-5.6656,1.1263
81.709,raw,424,-11.0273,-5.9087,1.1283
81.709,raw,426,-10.9450,-6.0713,1.1294
81.709,raw,429,-10.8063,-6.3111,1.1314
81.709,raw,432,-10.6152,-6.5385,1.1346
81.709,raw,435,-10.4628,-6.7717,1.1368
81.709,raw,438,-5.7754,-5.9893,1.2415
81.709,raw,440,-5.7466,-6.1320,1.2415
81.709,raw,443,-5.9429,-6.4032,1.2359
81.709,raw,446,-9.9184,-7.6156,1.1443
81.709,raw,449,-9.9360,-7.8847,1.1425
81.709,raw,452,-9.7937,-8.1126,1.1442
81.709,raw,455,-9.6614,-8.3420,1.1457
81.709,raw,457,-9.5479,-8.4871,1.1473
81.709,raw,460,-9.3976,-8.7090,1.1491
81.709,raw,463,-9.2516,-8.9307,1.1508
81.709,raw,466,-9.1082,-9.1518,1.1524
81.709,raw,469,-8.9539,-9.3681,1.1543
81.709,raw,472,-8.8023,-9.5839,1.1560
81.709,raw,474,-8.7113,-9.7303,1.1569
81.709,raw,477,-8.5523,-9.9413,1.1587
81.709,raw,480,-8.6308,-10.2350,1.1549
81.709,raw,483,-8.4829,-10.4494,1.1564
81.709,raw,486,-8.3469,-10.6671,1.1575
81.709,raw,489,-8.1910,-10.8761,1.1591
81.709,raw,491,-8.1113,-11.0242,1.1596
81.709,raw,494,-7.9544,-11.2309,1.1611
81.709,raw,497,-7.8109,-11.4419,1.1623
81.709,raw,500,-7.6956,-11.6637,1.1628
81.709,raw,503,-7.5469,-11.8708,1.1640
81.709,raw,505,-7.4556,-12.0117,1.1646
81.709,raw,508,-7.2983,-12.2133,1.1660
81.709,raw,511,-7.1707,-12.4273,1.1666
81.709,raw,514,-7.0419,-12.6403,1.1672
81.709,raw,517,-6.9674,-12.8788,1.1664
81.709,raw,520,-7.0792,-13.2092,1.1610
81.709,raw,522,-7.0408,-13.3760,1.1602
81.709,raw,525,-6.9654,-13.6181,1.1592
81.709,raw,528,-6.9335,-13.8837,1.1572
81.709,raw,531,-6.9701,-14.1873,1.1534
81.709,raw,534,-6.9470,-14.4621,1.1510
81.709,raw,537,-7.7765,-15.2098,1.1270
81.709,raw,539,-8.4435,-15.7840,1.1080
81.709,raw,542,-9.1596,-16.5044,1.0864
81.709,raw,545,-9.0834,-16.7827,1.0848
81.709,raw,548,-8.9726,-17.0420,1.0840
81.709,raw,551,-8.8975,-17.3236,1.0822
81.709,raw,554,-8.7867,-17.5848,1.0813
81.709,raw,556,-8.7318,-17.7714,1.0801
81.709,raw,559,-8.6686,-18.0646,1.0779
81.709,raw,562,-8.5722,-18.3385,1.0764
81.709,raw,565,-8.4783,-18.6155,1.0747
81.709,raw,568,-8.3980,-18.9031,1.0727
81.709,raw,570,-8.3351,-19.0896,1.0715
81.709,raw,573,-8.2337,-19.3658,1.0699
81.709,raw,576,-8.1581,-19.6619,1.0675
81.709,raw,579,-8.3013,-20.1183,1.0591
81.709,raw,582,-8.1971,-20.4009,1.0573
81.709,raw,585,-8.0997,-20.6905,1.0552
81.709,raw,587,-8.0289,-20.8803,1.0539
81.709,raw,590,-7.9256,-21.1687,1.0519
81.709,raw,593,-7.8228,-21.4597,1.0497
81.709,raw,596,-7.7274,-21.7587,1.0473
81.709,raw,599,-7.6064,-22.0394,1.0455
81.709,raw,602,-7.4862,-22.3226,1.0436
81.709,raw,604,-7.4055,-22.5120,1.0422
81.709,raw,607,-7.2944,-22.8063,1.0399
81.709,raw,610,-7.1993,-23.1170,1.0371
81.709,raw,613,-7.0986,-23.4256,1.0342
81.709,raw,616,-6.9632,-23.7062,1.0324
81.709,raw,619,-6.7669,-23.9331,1.0322
81.709,raw,621,-6.5873,-24.0395,1.0335
81.709,raw,624,-6.3021,-24.1824,1.0360
81.709,raw,627,-6.0527,-24.3569,1.0373
81.709,raw,630,-5.7711,-24.4987,1.0396
81.709,raw,633,-5.5250,-24.6731,1.0408
81.709,raw,636,-5.2522,-24.8194,1.0428
81.709,raw,638,-5.0683,-24.9135,1.0442
81.709,raw,641,-4.7898,-25.0502,1.0463
81.709,raw,644,-4.5514,-25.2268,1.0471
81.709,raw,647,-4.3062,-25.3952,1.0481
81.709,raw,650,-4.0684,-25.5706,1.0488
81.709,raw,652,-3.9009,-25.6770,1.0496
81.709,raw,655,-3.6594,-25.8467,1.0503
81.709,raw,658,-3.4118,-26.0086,1.0513
81.709,raw,661,-3.1751,-26.1820,1.0518
81.709,raw,664,-2.9272,-26.3415,1.0527
81.709,raw,667,-2.6909,-26.5141,1.0531
81.709,raw,669,-2.5258,-26.6195,1.0536
81.709,raw,672,-2.2763,-26.7747,1.0544
81.709,raw,675,-2.0370,-26.9418,1.0549
81.709,raw,678,-1.8092,-27.1231,1.0548
81.709,raw,681,-1.5586,-27.2747,1.0555
81.709,raw,684,-1.3225,-27.4447,1.0557
81.709,raw,686,-1.1723,-27.5676,1.0555
81.709,raw,689,-0.8995,-27.6872,1.0569
81.709,raw,692,-0.6164,-27.7904,1.0587
81.709,raw,695,-0.3353,-27.8940,1.0605
81.709,raw,698,-0.0518,-27.9919,1.0623
81.709,raw,701,0.2142,-28.1131,1.0634
81.709,raw,703,0.3902,-28.1951,1.0640
81.709,raw,706,0.6675,-28.2967,1.0655
81.709,raw,709,0.9362,-28.4094,1.0667
81.709,raw,712,1.2118,-28.5097,1.0681
81.709,raw,715,1.4645,-28.6447,1.0685
81.709,raw,717,1.6298,-28.7397,1.0687
81.709,raw,720,1.8769,-28.8832,1.0688
81.709,raw,723,2.1250,-29.0250,1.0689
81.709,raw,726,2.3759,-29.1618,1.0691
81.709,raw,729,2.6198,-29.3107,1.0689
81.709,raw,732,2.8756,-29.4385,1.0692
81.709,raw,734,3.0378,-29.5387,1.0690
81.709,raw,737,3.2813,-29.6889,1.0686
81.709,raw,740,3.5361,-29.8185,1.0687
81.709,raw,743,3.7797,-29.9696,1.0682
81.709,raw,746,4.0299,-30.1085,1.0680
81.709,raw,749,4.2735,-30.2613,1.0674
81.709,raw,751,4.4507,-30.3333,1.0676
81.709,raw,754,4.6908,-30.4949,1.0667
81.709,raw,757,4.9204,-30.6808,1.0651
81.709,raw,760,5.1331,-30.9071,1.0626
81.709,raw,763,5.3494,-31.1303,1.0600
81.709,raw,766,5.5642,-31.3621,1.0572
81.709,raw,768,5.7172,-31.4967,1.0558
81.709,raw,771,5.9403,-31.7176,1.0532
81.709,raw,774,6.1628,-31.9455,1.0505
81.709,raw,777,6.3865,-32.1762,1.0476
81.709,raw,780,6.6191,-32.3903,1.0450
81.709,raw,782,6.7610,-32.5709,1.0424
81.709,raw,785,6.9701,-32.8593,1.0381
81.709,raw,788,7.1815,-33.1512,1.0336
81.709,raw,791,8.2124,3.2576,1.8154
81.709,raw,794,8.3055,3.1229,1.8152
81.709,raw,797,8.4083,2.9874,1.8150
81.709,raw,799,8.4420,2.9097,1.8149
81.709,raw,802,8.5573,2.7742,1.8147
81.709,raw,805,8.6320,2.6537,1.8146
81.709,raw,808,8.7088,2.5344,1.8144
81.709,raw,811,8.7916,2.4154,1.8143
81.709,raw,814,8.8492,2.3054,1.8142
81.709,raw,816,8.7624,2.2665,1.8143
81.709,raw,819,8.6685,2.1972,1.8144
81.709,raw,822,8.5680,2.1283,1.8145
81.709,raw,825,8.4689,2.0575,1.8146
81.709,raw,828,8.3741,1.9844,1.8147
81.709,raw,831,8.2609,1.9140,1.8148
81.709,raw,833,8.1806,1.8672,1.8149
81.709,raw,836,8.0828,1.7907,1.8150
81.709,raw,839,7.9665,1.7166,1.8151
81.709,raw,842,7.8874,1.6336,1.8152
81.709,raw,845,-13.2976,-6.6086,2.6127
82.891,raw,0,24.3555,15.2314,0.6549
82.891,raw,2,24.2165,15.1170,0.6654
82.891,raw,5,23.4586,14.5579,0.7180
82.891,raw,7,23.3808,14.6130,0.7159
82.891,raw,10,22.6147,13.9719,0.7724
82.891,raw,13,21.8751,13.5620,0.8114
82.891,raw,15,21.7657,13.4351,0.8214
82.891,raw,18,-9.5452,-1.7717,0.5000
82.891,raw,20,-9.5072,-1.9342,0.5014
82.891,raw,23,-9.4844,-2.1793,0.5018
82.891,raw,26,-9.4298,-2.4221,0.5036
82.891,raw,28,-9.4060,-2.5845,0.5041
82.891,raw,31,-9.1354,-2.8083,0.5156
82.891,raw,33,-9.1063,-2.9686,0.5163
82.891,raw,36,-9.0786,-3.2103,0.5165
82.891,raw,39,-9.0096,-3.4475,0.5186
82.891,raw,41,-8.9909,-3.6082,0.5186
82.891,raw,44,-8.7471,-3.8233,0.5285
82.891,raw,46,-8.7029,-3.9796,0.5296
82.891,raw,49,-8.6781,-4.2191,0.5293
82.891,raw,52,-8.6310,-4.4555,0.5300
82.891,raw,54,-8.4419,-4.5893,0.5376
82.891,raw,57,-8.3872,-4.8228,0.5384
82.891,raw,59,-8.3514,-4.9784,0.5389
82.891,raw,62,-8.3248,-5.2163,0.5383
82.891,raw,65,-8.2480,-5.4452,0.5399
82.891,raw,67,-8.1453,-5.5878,0.5433
82.891,raw,70,-8.0222,-5.8062,0.5469
82.891,raw,72,-7.9313,-5.9492,0.5497
82.891,raw,75,-6.0602,-5.7936,0.6345
82.891,raw,78,-5.7830,-5.9583,0.6453
82.891,raw,80,-5.7296,-6.0958,0.6463
82.891,raw,83,-5.8525,-6.3495,0.6382
82.891,raw,85,-7.4909,-6.8983,0.5599
82.891,raw,88,-7.4848,-7.1390,0.5575
82.891,raw,91,-7.3393,-7.3443,0.5616
82.891,raw,93,-7.2364,-7.4787,0.5646
82.891,raw,96,-7.0962,-7.6828,0.5683
82.891,raw,98,-6.9865,-7.8135,0.5715
82.891,raw,101,-7.0316,-8.0691,0.5663
82.891,raw,104,-6.8645,-8.2629,0.5711
82.891,raw,106,-6.7572,-8.3922,0.5740
82.891,raw,109,-6.6130,-8.5901,0.5776
82.891,raw,111,-6.5432,-8.7298,0.5787
82.891,raw,114,-6.3640,-8.9140,0.5838
82.891,raw,117,-6.4041,-9.1713,0.5783
82.891,raw,119,-6.2877,-9.2941,0.5815
82.891,raw,122,-6.1632,-9.4947,0.5838
82.891,raw,124,-6.0624,-9.6214,0.5862
82.891,raw,127,-5.9350,-9.8192,0.5885
82.891,raw,130,-5.7794,-10.0053,0.5921
82.891,raw,132,-5.7308,-10.1501,0.5918
82.891,raw,135,-5.8000,-10.4245,0.5842
82.891,raw,137,-5.7394,-10.5657,0.5844
82.891,raw,140,-5.6607,-10.7824,0.5839
82.891,raw,143,-5.5740,-10.9959,0.5838
82.891,raw,145,-5.5258,-11.1424,0.5831
82.891,raw,148,-5.4572,-11.3643,0.5819
82.891,raw,150,-5.3972,-11.5060,0.5818
82.891,raw,153,-5.3204,-11.7247,0.5808
82.891,raw,156,-5.3916,-12.0141,0.5723
82.891,raw,158,-5.3209,-12.1521,0.5725
82.891,raw,161,-5.2393,-12.3711,0.5715
82.891,raw,163,-5.1868,-12.5183,0.5706
82.891,raw,166,-5.0983,-12.7346,0.5698
82.891,raw,169,-5.0385,-12.9662,0.5674
82.891,raw,171,-4.9669,-13.1045,0.5674
82.891,raw,174,-4.8874,-13.3269,0.5658
82.891,raw,176,-4.8377,-13.4774,0.5645
82.891,raw,179,-4.8971,-13.7784,0.5555
82.891,raw,182,-4.8320,-14.0126,0.5529
82.891,raw,184,-4.7677,-14.1574,0.5522
82.891,raw,187,-4.6907,-14.3863,0.5499
82.891,raw,189,-4.6293,-14.5335,0.5489
82.891,raw,192,-4.5526,-14.7642,0.5465
82.891,raw,195,-4.4804,-14.9988,0.5437
82.891,raw,197,-4.4798,-15.1857,0.5393
82.891,raw,200,-4.4788,-15.4686,0.5324
82.891,raw,202,-4.4375,-15.6325,0.5300
82.891,raw,205,-4.4579,-15.9342,0.5217
82.891,raw,208,-4.4136,-16.1962,0.5167
82.891,raw,210,-4.6167,-16.5304,0.5006
82.891,raw,213,8.3032,3.2354,1.5505
82.891,raw,215,8.3474,3.1517,1.5520
82.891,raw,218,8.4550,3.0140,1.5552
82.891,raw,221,8.5494,2.8832,1.5581
82.891,raw,223,8.5868,2.8054,1.5594
82.891,raw,226,8.6954,2.6739,1.5625
82.891,raw,228,8.7405,2.5959,1.5640
82.891,raw,231,8.7948,2.4841,1.5658
82.891,raw,234,8.8886,2.3628,1.5686
82.891,raw,236,8.8612,2.3078,1.5683
82.891,raw,239,8.7536,2.2426,1.5664
82.891,raw,241,8.7080,2.1916,1.5657
82.891,raw,244,8.5872,2.1274,1.5635
82.891,raw,247,8.4677,2.0610,1.5612
82.891,raw,249,8.3975,2.0136,1.5600
82.891,raw,252,8.3014,1.9392,1.5583
82.891,raw,254,8.2294,1.8905,1.5570
82.891,raw,257,8.1074,1.8191,1.5547
82.891,raw,260,8.0071,1.7415,1.5528
82.891,raw,262,7.9382,1.6894,1.5516
82.891,raw,265,-16.1918,3.8116,1.0180
82.891,raw,267,-16.1234,3.5986,1.0200
82.891,raw,270,-16.0085,3.2798,1.0233
82.891,raw,273,-15.8646,2.9607,1.0272
82.891,raw,275,-15.7892,2.7515,1.0293
82.891,raw,278,-15.1393,2.3948,1.0443
82.891,raw,280,-15.0581,2.1909,1.0464
82.891,raw,283,-14.9107,1.8855,1.0501
82.891,raw,286,-10.0330,1.2954,1.1584
82.891,raw,288,-10.0300,1.1278,1.1587
82.891,raw,291,-10.2609,0.8877,1.1539
82.891,raw,293,-14.5517,0.8936,1.0593
82.891,raw,296,-14.4279,0.6000,1.0622
82.891,raw,299,-14.3468,0.3098,1.0642
82.891,raw,301,-14.2371,0.1161,1.0667
82.891,raw,304,-14.1244,-0.1714,1.0693
82.891,raw,306,-14.0772,-0.3619,1.0703
82.891,raw,309,-13.9546,-0.6464,1.0730
82.891,raw,312,-13.8757,-0.9294,1.0747
82.891,raw,314,-13.8011,-1.1169,1.0763
82.891,raw,317,-13.4358,-1.3894,1.0842
82.891,raw,319,-13.3858,-1.5743,1.0852
82.891,raw,322,-13.3177,-1.8509,1.0865
82.891,raw,325,-13.2162,-2.1249,1.0884
82.891,raw,327,-13.1697,-2.3079,1.0892
82.891,raw,330,-13.0889,-2.5809,1.0906
82.891,raw,332,-13.0140,-2.7608,1.0920
82.891,raw,335,-12.9453,-3.0328,1.0931
82.891,raw,338,-12.8622,-3.3028,1.0944
82.891,raw,340,-12.8106,-3.4825,1.0952
82.891,raw,343,-12.7280,-3.7508,1.0964
82.891,raw,345,-12.6660,-3.9285,1.0973
82.891,raw,348,-12.3360,-4.1660,1.1040
82.891,raw,351,-12.2591,-4.4304,1.1049
82.891,raw,353,-12.1872,-4.6035,1.1060
82.891,raw,356,-12.1254,-4.8686,1.1066
82.891,raw,358,-12.0787,-5.0443,1.1071
82.891,raw,361,-11.9795,-5.3029,1.1084
82.891,raw,364,-11.8642,-5.5578,1.1100
82.891,raw,366,-11.7741,-5.7247,1.1113
82.891,raw,369,-11.6771,-5.9807,1.1125
82.891,raw,371,-11.5698,-6.1429,1.1142
82.891,raw,374,-11.4217,-6.3871,1.1164
82.891,raw,377,-11.2316,-6.6210,1.1195
82.891,raw,379,-11.1543,-6.7860,1.1204
82.891,raw,382,-5.7860,-5.8843,1.2404
82.891,raw,384,-5.6913,-6.0125,1.2418
82.891,raw,387,-5.7640,-6.2534,1.2391
82.891,raw,390,-10.5667,-7.6451,1.1289
82.891,raw,392,-10.4602,-7.7988,1.1303
82.891,raw,395,-10.5177,-8.0839,1.1276
82.891,raw,397,-10.4078,-8.2360,1.1291
82.891,raw,400,-10.2385,-8.4615,1.1314
82.891,raw,403,-10.0901,-8.6910,1.1332
82.891,raw,405,-9.9807,-8.8402,1.1346
82.891,raw,408,-9.8299,-9.0666,1.1364
82.891,raw,410,-9.7273,-9.2160,1.1376
82.891,raw,413,-9.5888,-9.4438,1.1390
82.891,raw,416,-9.4289,-9.6635,1.1409
82.891,raw,418,-9.3181,-9.8078,1.1423
82.891,raw,421,-9.1810,-10.0327,1.1435
82.891,raw,423,-9.2844,-10.2494,1.1398
82.891,raw,426,-9.1378,-10.4710,1.1413
82.891,raw,429,-8.9926,-10.6920,1.1426
82.891,raw,431,-8.9059,-10.8425,1.1433
82.891,raw,434,-8.7292,-11.0497,1.1453
82.891,raw,436,-8.6528,-11.2030,1.1457
82.891,raw,439,-8.4949,-11.4153,1.1472
82.891,raw,442,-8.3619,-11.6365,1.1481
82.891,raw,444,-8.2522,-11.7748,1.1492
82.891,raw,447,-8.0989,-11.9860,1.1505
82.891,raw,449,-8.0286,-12.1400,1.1506
82.891,raw,452,-7.8835,-12.3532,1.1516
82.891,raw,455,-7.7090,-12.5524,1.1533
82.891,raw,457,-7.6295,-12.7012,1.1536
82.891,raw,460,-7.4840,-12.9119,1.1545
82.891,raw,462,-7.3942,-13.0554,1.1550
82.891,raw,465,-8.0256,-13.6438,1.1368
82.891,raw,468,-8.9204,-14.3793,1.1119
82.891,raw,470,-9.5539,-14.9005,1.0942
82.891,raw,473,-10.1533,-15.5205,1.0762
82.891,raw,475,-10.1035,-15.7072,1.0753
82.891,raw,478,-10.0382,-15.9935,1.0736
82.891,raw,481,-9.9353,-16.2606,1.0728
82.891,raw,483,-9.8647,-16.4381,1.0723
82.891,raw,486,-9.7723,-16.7125,1.0711
82.891,raw,488,-9.7201,-16.9013,1.0701
82.891,raw,491,-9.6351,-17.1820,1.0686
82.891,raw,494,-9.5491,-17.4634,1.0671
82.891,raw,496,-9.4807,-17.6452,1.0663
82.891,raw,499,-9.4092,-17.9377,1.0643
82.891,raw,501,-9.3399,-18.1204,1.0635
82.891,raw,504,-9.2416,-18.3989,1.0620
82.891,raw,507,-9.1495,-18.6827,1.0604
82.891,raw,509,-9.0942,-18.8769,1.0590
82.891,raw,512,-8.9818,-19.1500,1.0578
82.891,raw,514,-8.9255,-19.3453,1.0564
82.891,raw,517,-8.8017,-19.6128,1.0553
82.891,raw,520,-8.6940,-19.8927,1.0538
82.891,raw,522,-8.6307,-20.0862,1.0524
82.891,raw,525,-8.7478,-20.5314,1.0446
82.891,raw,527,-8.6731,-20.7205,1.0435
82.891,raw,530,-8.5646,-21.0084,1.0416
82.891,raw,533,-8.4642,-21.3042,1.0395
82.891,raw,535,-8.3812,-21.4902,1.0385
82.891,raw,538,-8.2721,-21.7826,1.0364
82.891,raw,540,-8.1951,-21.9753,1.0351
82.891,raw,543,-8.0952,-22.2786,1.0327
82.891,raw,546,-7.9925,-22.5821,1.0302
82.891,raw,548,-7.9132,-22.7768,1.0288
82.891,raw,551,-7.7869,-23.0645,1.0269
82.891,raw,553,-7.7240,-23.2756,1.0249
82.891,raw,556,-5.9041,-25.1640,1.0262
82.891,raw,559,-5.6108,-25.2975,1.0287
82.891,raw,561,-5.4445,-25.4148,1.0295
82.891,raw,564,-5.1692,-25.5630,1.0313
82.891,raw,566,-4.9805,-25.6551,1.0328
82.891,raw,569,-4.7198,-25.8152,1.0341
82.891,raw,572,-4.4519,-25.9660,1.0357
82.891,raw,574,-4.2848,-26.0781,1.0364
82.891,raw,577,-4.0023,-26.2098,1.0384
82.891,raw,579,-3.8385,-26.3239,1.0389
82.891,raw,582,-3.5803,-26.4801,1.0401
82.891,raw,585,-3.3400,-26.6560,1.0406
82.891,raw,587,-3.1739,-26.7658,1.0411
82.891,raw,590,-2.9243,-26.9293,1.0419
82.891,raw,592,-2.7596,-27.0399,1.0423
82.891,raw,595,-2.5140,-27.2069,1.0428
82.891,raw,598,-2.2651,-27.3691,1.0435
82.891,raw,600,-2.0961,-27.4728,1.0440
82.891,raw,603,-1.8516,-27.6394,1.0444
82.891,raw,605,-1.6899,-27.7520,1.0446
82.891,raw,608,-1.4471,-27.9202,1.0448
82.891,raw,611,-1.1941,-28.0740,1.0454
82.891,raw,613,-1.0231,-28.1730,1.0458
82.891,raw,616,-0.7879,-28.3507,1.0457
82.891,raw,618,-0.6107,-28.4403,1.0463
82.891,raw,621,-0.3259,-28.5459,1.0480
82.891,raw,624,-0.0415,-28.6498,1.0496
82.891,raw,626,0.1588,-28.7017,1.0511
82.891,raw,629,0.4311,-28.8199,1.0523
82.891,raw,631,0.6110,-28.9005,1.0529
82.891,raw,634,0.9014,-28.9876,1.0548
82.891,raw,637,1.1794,-29.0920,1.0561
82.891,raw,639,1.3603,-29.1678,1.0568
82.891,raw,642,1.6446,-29.2584,1.0583
82.891,raw,644,1.8390,-29.3095,1.0596
82.891,raw,647,2.0935,-29.4475,1.0598
82.891,raw,650,2.3431,-29.5936,1.0597
82.891,raw,652,2.5050,-29.6991,1.0595
82.891,raw,655,2.7716,-29.8149,1.0601
82.891,raw,657,2.9306,-29.9260,1.0597
82.891,raw,660,3.1853,-30.0630,1.0597
82.891,raw,663,3.4307,-30.2180,1.0592
82.891,raw,665,3.6076,-30.2960,1.0594
82.891,raw,668,3.8523,-30.4534,1.0588
82.891,raw,670,4.0248,-30.5401,1.0588
82.891,raw,673,4.2813,-30.6748,1.0586
82.891,raw,676,4.5359,-30.8140,1.0583
82.891,raw,678,4.7035,-30.9117,1.0579
82.891,raw,681,4.9104,-31.1560,1.0550
82.891,raw,683,5.0564,-31.3042,1.0533
82.891,raw,686,5.2767,-31.5277,1.0508
82.891,raw,689,5.5053,-31.7368,1.0486
82.891,raw,691,5.6600,-31.8734,1.0472
82.891,raw,694,5.8870,-32.0940,1.0446
82.891,raw,696,6.0438,-32.2306,1.0431
82.891,raw,699,6.2622,-32.4819,1.0398
82.891,raw,702,6.4738,-32.7577,1.0358
82.891,raw,704,6.6185,-32.9371,1.0333
82.891,raw,707,8.2915,3.2395,1.8153
82.891,raw,709,8.3600,3.1474,1.8152
82.891,raw,712,8.4468,3.0167,1.8150
82.891,raw,715,8.5638,2.8786,1.8148
82.891,raw,717,8.5971,2.8021,1.8148
82.891,raw,720,8.6699,2.6817,1.8146
82.891,raw,722,8.7273,2.5998,1.8145
82.891,raw,725,8.8244,2.4755,1.8143
82.891,raw,728,8.8989,2.3599,1.8142
82.891,raw,730,8.8349,2.3150,1.8143
82.891,raw,733,8.7386,2.2466,1.8144
82.891,raw,735,8.6739,2.2004,1.8144
82.891,raw,738,8.6019,2.1237,1.8145
82.891,raw,741,8.4735,2.0596,1.8146
82.891,raw,743,8.4015,2.0127,1.8147
82.891,raw,746,8.3068,1.9379,1.8148
82.891,raw,748,8.2169,1.8932,1.8149
82.891,raw,751,8.1065,1.8193,1.8151
82.891,raw,754,8.0192,1.7391,1.8152
82.891,raw,756,7.9432,1.6884,1.8152
82.891,raw,759,-13.1376,-6.6253,2.6105
82.891,raw,761,-16.1243,-4.5108,3.5046
82.891,raw,764,-16.0413,-4.8076,3.5023
82.891,raw,767,-15.9319,-5.1001,3.4989
82.891,raw,769,-15.8769,-5.2969,3.4975
82.891,raw,772,-15.7795,-5.5893,3.4949
82.891,raw,774,-15.7091,-5.7829,3.4929
82.891,raw,777,-15.6110,-6.0736,3.4904
84.430,raw,0,24.4974,15.2273,0.6519
84.430,raw,2,24.3354,15.0529,0.6669
84.430,raw,5,23.5909,14.5642,0.7150
84.430,raw,8,23.4624,14.6077,0.7148
84.430,raw,11,22.6859,13.9576,0.7725
84.430,raw,14,21.9872,13.5645,0.8101
84.430,raw,16,21.8674,13.3972,0.8231
84.430,raw,19,-9.5995,0.3856,0.5009
84.430,raw,22,-9.5600,0.1386,0.5029
84.430,raw,25,-9.5007,-0.1078,0.5058
84.430,raw,28,-9.4395,-0.3532,0.5087
84.430,raw,30,-9.4153,-0.5163,0.5098
84.430,raw,33,-9.3618,-0.7601,0.5122
84.430,raw,36,-9.1124,-0.9993,0.5234
84.430,raw,39,-9.0583,-1.2397,0.5256
84.430,raw,42,-9.0249,-1.4801,0.5267
84.430,raw,44,-8.9787,-1.6391,0.5285
84.430,raw,47,-8.9320,-1.8779,0.5301
84.430,raw,50,-8.8858,-2.1162,0.5316
84.430,raw,53,-8.6332,-2.3397,0.5425
84.430,raw,56,-8.6235,-2.5779,0.5421
84.430,raw,58,-8.5925,-2.7348,0.5430
84.430,raw,61,-8.5527,-2.9703,0.5438
84.430,raw,64,-8.5114,-3.2053,0.5447
84.430,raw,67,-8.2973,-3.4212,0.5533
84.430,raw,70,-8.2572,-3.6543,0.5540
84.430,raw,72,-8.2541,-3.8125,0.5532
84.430,raw,75,-8.1914,-4.0424,0.5547
84.430,raw,78,-7.9864,-4.2517,0.5627
84.430,raw,81,-7.9576,-4.4844,0.5625
84.430,raw,84,-7.9119,-4.7146,0.5629
84.430,raw,86,-7.8870,-4.8688,0.5629
84.430,raw,89,-7.8036,-5.0922,0.5650
84.430,raw,92,-7.6846,-5.3084,0.5686
84.430,raw,95,-7.5466,-5.5195,0.5730
84.430,raw,98,-6.1458,-5.4758,0.6359
84.430,raw,100,-5.9349,-5.5824,0.6444
84.430,raw,103,-5.8675,-5.7919,0.6454
84.430,raw,106,-6.0287,-6.0522,0.6357
84.430,raw,109,-7.1121,-6.5317,0.5828
84.430,raw,112,-7.1344,-6.7744,0.5792
84.430,raw,114,-7.0525,-6.9130,0.5813
84.430,raw,117,-6.9131,-7.1154,0.5852
84.430,raw,120,-6.7548,-7.3114,0.5899
84.430,raw,123,-6.6387,-7.5171,0.5926
84.430,raw,126,-6.6538,-7.7594,0.5889
84.430,raw,128,-6.5731,-7.8952,0.5907
84.430,raw,131,-6.4225,-8.0891,0.5948
84.430,raw,134,-6.2772,-8.2830,0.5985
84.430,raw,137,-6.1445,-8.4795,0.6016
84.430,raw,140,-6.1767,-8.7292,0.5967
84.430,raw,142,-6.0884,-8.8598,0.5986
84.430,raw,145,-5.9265,-9.0447,0.6029
84.430,raw,148,-5.8167,-9.2464,0.6046
84.430,raw,151,-5.7151,-9.4504,0.6058
84.430,raw,154,-5.6668,-9.6739,0.6043
84.430,raw,156,-5.5928,-9.8073,0.6053
84.430,raw,159,-5.6632,-10.0779,0.5979
84.430,raw,162,-5.5861,-10.2924,0.5975
84.430,raw,165,-5.5151,-10.5095,0.5968
84.430,raw,168,-5.4348,-10.7230,0.5965
84.430,raw,170,-5.3947,-10.8712,0.5955
84.430,raw,173,-5.3109,-11.0836,0.5951
84.430,raw,176,-5.2371,-11.3007,0.5942
84.430,raw,179,-5.3139,-11.5874,0.5856
84.430,raw,182,-5.2411,-11.8074,0.5844
84.430,raw,184,-5.1773,-11.9471,0.5843
84.430,raw,187,-5.1127,-12.1718,0.5825
84.430,raw,190,-5.0292,-12.3879,0.5816
84.430,raw,193,-4.9506,-12.6069,0.5803
84.430,raw,196,-4.8910,-12.8363,0.5779
84.430,raw,198,-4.8375,-12.9826,0.5770
84.430,raw,201,-4.8983,-13.2785,0.5682
84.430,raw,204,-4.8409,-13.5132,0.5654
84.430,raw,207,-4.7425,-13.7262,0.5646
84.430,raw,210,-4.6844,-13.9626,0.5616
84.430,raw,212,-4.6386,-14.1169,0.5599
84.430,raw,215,-4.5570,-14.3415,0.5580
84.430,raw,218,-4.4830,-14.5717,0.5555
84.430,raw,221,-4.3987,-14.7966,0.5534
84.430,raw,224,-4.3916,-15.0709,0.5471
84.430,raw,226,-4.3824,-15.2525,0.5431
84.430,raw,229,-4.3593,-15.5212,0.5374
84.430,raw,232,-4.5523,-15.9350,0.5197
84.430,raw,235,-4.5435,-16.2212,0.5128
84.430,raw,238,-4.5337,-16.5100,0.5058
84.430,raw,240,8.2281,3.4713,1.5484
84.430,raw,243,8.3015,3.3407,1.5510
84.430,raw,246,8.4097,3.2002,1.5542
84.430,raw,249,8.4911,3.0714,1.5569
84.430,raw,252,8.5883,2.9395,1.5598
84.430,raw,254,8.6411,2.8568,1.5615
84.430,raw,257,8.7161,2.7358,1.5639
84.430,raw,260,8.8073,2.6118,1.5666
84.430,raw,263,8.8531,2.5033,1.5682
84.430,raw,266,8.7702,2.4327,1.5669
84.430,raw,268,8.7151,2.3850,1.5660
84.430,raw,271,8.6237,2.3149,1.5645
84.430,raw,274,8.5155,2.2479,1.5626
84.430,raw,277,8.4156,2.1772,1.5608
84.430,raw,280,8.3003,2.1088,1.5587
84.430,raw,282,8.2099,2.0655,1.5570
84.430,raw,285,8.1334,1.9854,1.5557
84.430,raw,288,8.0006,1.9165,1.5532
84.430,raw,291,7.8985,1.8392,1.5513
84.430,raw,294,-15.5668,6.3994,1.0238
84.430,raw,296,-15.4869,6.1781,1.0265
84.430,raw,299,-15.3622,5.8479,1.0306
84.430,raw,302,-15.2508,5.5232,1.0342
84.430,raw,305,-15.1634,5.2054,1.0373
84.430,raw,308,-15.0340,4.8834,1.0413
84.430,raw,310,-14.9308,4.6679,1.0442
84.430,raw,313,-14.8409,4.3569,1.0472
84.430,raw,316,-14.7307,4.0454,1.0506
84.430,raw,319,-14.6501,3.7402,1.0532
84.430,raw,322,-14.5549,3.4354,1.0561
84.430,raw,324,-14.4921,3.2335,1.0579
84.430,raw,327,-14.0718,2.8994,1.0679
84.430,raw,330,-13.9806,2.6037,1.0706
84.430,raw,333,-13.8895,2.3100,1.0732
84.430,raw,336,-10.1267,1.7413,1.1569
84.430,raw,338,-10.0682,1.5693,1.1585
84.430,raw,341,-10.1572,1.3236,1.1569
84.430,raw,344,-13.6187,1.2532,1.0807
84.430,raw,347,-13.5426,0.9685,1.0827
84.430,raw,350,-13.4750,0.6857,1.0844
84.430,raw,352,-13.3827,0.4965,1.0866
84.430,raw,355,-13.3433,0.2168,1.0876
84.430,raw,358,-13.2708,-0.0624,1.0893
84.430,raw,361,-13.1571,-0.3405,1.0919
84.430,raw,364,-13.0808,-0.6168,1.0935
84.430,raw,366,-13.0394,-0.8004,1.0944
84.430,raw,369,-12.6877,-1.0693,1.1021
84.430,raw,372,-12.6080,-1.3398,1.1037
84.430,raw,375,-12.5508,-1.6100,1.1048
84.430,raw,378,-12.4929,-1.8793,1.1058
84.430,raw,380,-12.4147,-2.0563,1.1074
84.430,raw,383,-12.3644,-2.3245,1.1081
84.430,raw,386,-12.2893,-2.5903,1.1094
84.430,raw,389,-12.2008,-2.8541,1.1109
84.430,raw,392,-12.1369,-3.1189,1.1119
84.430,raw,394,-12.0903,-3.2946,1.1125
84.430,raw,397,-11.7777,-3.5332,1.1189
84.430,raw,400,-11.7060,-3.7931,1.1199
84.430,raw,403,-11.6491,-4.0540,1.1205
84.430,raw,406,-11.5819,-4.3131,1.1213
84.430,raw,408,-11.5166,-4.4828,1.1222
84.430,raw,411,-11.4490,-4.7407,1.1229
84.430,raw,414,-11.3718,-4.9967,1.1238
84.430,raw,417,-11.2946,-5.2519,1.1246
84.430,raw,420,-11.1676,-5.4982,1.1265
84.430,raw,422,-11.0693,-5.6592,1.1280
84.430,raw,425,-10.9406,-5.9026,1.1299
84.430,raw,428,-10.7760,-6.1377,1.1325
84.430,raw,431,-6.0537,-5.4574,1.2377
84.430,raw,434,-5.8466,-5.6385,1.2413
84.430,raw,436,-5.8435,-5.7867,1.2407
84.430,raw,439,-10.2329,-6.9958,1.1404
84.430,raw,442,-10.0914,-7.2274,1.1423
84.430,raw,445,-10.1534,-7.5069,1.1395
84.430,raw,448,-9.9934,-7.7327,1.1418
84.430,raw,450,-9.8789,-7.8803,1.1434
84.430,raw,453,-9.7503,-8.1115,1.1449
84.430,raw,456,-9.6126,-8.3390,1.1465
84.430,raw,459,-9.4476,-8.5575,1.1487
84.430,raw,462,-9.3279,-8.7875,1.1498
84.430,raw,464,-9.2242,-8.9332,1.1511
84.430,raw,467,-9.0886,-9.1565,1.1525
84.430,raw,470,-8.9575,-9.3802,1.1538
84.430,raw,473,-8.8206,-9.6010,1.1551
84.430,raw,476,-8.8772,-9.8863,1.1520
84.430,raw,478,-8.7787,-10.0308,1.1530
84.430,raw,481,-8.6444,-10.2514,1.1542
84.430,raw,484,-8.5096,-10.4708,1.1553
84.430,raw,487,-8.3589,-10.6834,1.1568
84.430,raw,490,-8.2503,-10.9109,1.1573
84.430,raw,492,-8.1351,-11.0456,1.1586
84.430,raw,495,-7.9987,-11.2609,1.1596
84.430,raw,498,-7.8676,-11.4775,1.1605
84.430,raw,501,-7.7385,-11.6943,1.1613
84.430,raw,504,-7.5950,-11.9042,1.1624
84.430,raw,506,-7.5236,-12.0542,1.1625
84.430,raw,509,-7.3754,-12.2607,1.1636
84.430,raw,512,-7.3057,-12.5023,1.1628
84.430,raw,515,-7.3872,-12.8157,1.1583
84.430,raw,518,-7.3225,-13.0628,1.1572
84.430,raw,520,-7.3181,-13.2469,1.1556
84.430,raw,523,-7.3052,-13.5218,1.1531
84.430,raw,526,-7.5862,-13.9485,1.1434
84.430,raw,529,-8.5097,-14.7178,1.1175
84.430,raw,532,-9.3321,-15.4565,1.0938
84.430,raw,534,-9.6676,-15.8459,1.0832
84.430,raw,537,-9.5915,-16.1237,1.0818
84.430,raw,540,-9.5241,-16.4077,1.0801
84.430,raw,543,-9.4364,-16.6816,1.0788
84.430,raw,546,-9.3337,-16.9479,1.0778
84.430,raw,548,-9.2822,-17.1361,1.0767
84.430,raw,551,-9.2199,-17.4286,1.0745
84.430,raw,554,-9.1266,-17.7039,1.0731
84.430,raw,557,-9.0693,-18.0032,1.0707
84.430,raw,560,-8.9743,-18.2807,1.0692
84.430,raw,562,-8.9243,-18.4751,1.0678
84.430,raw,565,-8.8315,-18.7566,1.0661
84.430,raw,568,-8.7354,-19.0374,1.0645
84.430,raw,571,-8.6757,-19.3449,1.0617
84.430,raw,574,-8.8012,-19.7839,1.0540
84.430,raw,576,-8.7349,-19.9751,1.0527
84.430,raw,579,-8.6461,-20.2708,1.0505
84.430,raw,582,-8.5337,-20.5514,1.0489
84.430,raw,585,-8.4360,-20.8446,1.0468
84.430,raw,588,-8.3363,-21.1384,1.0447
84.430,raw,590,-8.2752,-21.3395,1.0431
84.430,raw,593,-8.1701,-21.6328,1.0409
84.430,raw,596,-8.0665,-21.9293,1.0387
84.430,raw,599,-7.9650,-22.2300,1.0363
84.430,raw,602,-7.8588,-22.5291,1.0339
84.430,raw,604,-7.7979,-22.7382,1.0320
84.430,raw,607,-7.6840,-23.0351,1.0297
84.430,raw,610,-7.5757,-23.3392,1.0271
84.430,raw,613,-7.4634,-23.6426,1.0246
84.430,raw,616,-7.1397,-23.8947,1.0263
84.430,raw,618,-6.9637,-24.0070,1.0275
84.430,raw,621,-6.6871,-24.1623,1.0297
84.430,raw,624,-6.4454,-24.3482,1.0308
84.430,raw,627,-6.1624,-24.4933,1.0331
84.430,raw,630,-5.9078,-24.6636,1.0345
84.430,raw,632,-5.7332,-24.7714,1.0356
84.430,raw,635,-5.4603,-24.9208,1.0375
84.430,raw,638,-5.2078,-25.0887,1.0388
84.430,raw,641,-4.9469,-25.2466,1.0403
84.430,raw,644,-4.6783,-25.3946,1.0421
84.430,raw,646,-4.5149,-25.5089,1.0427
84.430,raw,649,-4.2737,-25.6838,1.0435
84.430,raw,652,-4.0298,-25.8548,1.0443
84.430,raw,655,-3.8089,-26.0507,1.0444
84.430,raw,658,-3.5545,-26.2082,1.0455
84.430,raw,660,-3.4022,-26.3326,1.0456
84.430,raw,663,-3.1514,-26.4926,1.0465
84.430,raw,666,-2.9117,-26.6648,1.0470
84.430,raw,669,-2.6719,-26.8363,1.0474
84.430,raw,672,-2.4509,-27.0307,1.0472
84.430,raw,674,-2.2796,-27.1304,1.0478
84.430,raw,677,-2.0304,-27.2888,1.0485
84.430,raw,680,-1.7953,-27.4647,1.0486
84.430,raw,683,-1.5631,-27.6444,1.0485
84.430,raw,686,-1.3195,-27.8089,1.0489
84.430,raw,688,-1.1537,-27.9136,1.0492
84.430,raw,691,-0.8663,-28.0164,1.0510
84.430,raw,694,-0.5858,-28.1264,1.0527
84.430,raw,697,-0.3219,-28.2582,1.0536
84.430,raw,700,-0.0389,-28.3606,1.0553
84.430,raw,702,0.1377,-28.4457,1.0559
84.430,raw,705,0.4109,-28.5595,1.0571
84.430,raw,708,0.6810,-28.6763,1.0582
84.430,raw,711,0.9548,-28.7858,1.0595
84.430,raw,714,1.2299,-28.8914,1.0607
84.430,raw,716,1.4087,-28.9681,1.0614
84.430,raw,719,1.6545,-29.1193,1.0613
84.430,raw,722,1.8988,-29.2732,1.0612
84.430,raw,725,2.1397,-29.4334,1.0608
84.430,raw,728,2.3952,-29.5684,1.0610
84.430,raw,730,2.5641,-29.6606,1.0611
84.430,raw,733,2.8163,-29.8012,1.0611
84.430,raw,736,3.0521,-29.9723,1.0602
84.430,raw,739,3.3034,-30.1154,1.0601
84.430,raw,742,3.5496,-30.2689,1.0596
84.430,raw,744,3.7168,-30.3655,1.0594
84.430,raw,747,3.9592,-30.5280,1.0586
84.430,raw,750,4.2108,-30.6730,1.0581
84.430,raw,753,4.4392,-30.8674,1.0565
84.430,raw,756,4.6486,-31.1060,1.0537
84.430,raw,758,4.7948,-31.2536,1.0521
84.430,raw,761,5.0034,-31.5026,1.0490
84.430,raw,764,5.2299,-31.7168,1.0467
84.430,raw,767,5.4500,-31.9506,1.0439
84.430,raw,770,5.6793,-32.1682,1.0414
84.430,raw,772,5.8138,-32.3608,1.0386
84.430,raw,775,6.0370,-32.6035,1.0355
84.430,raw,778,8.2359,3.4684,1.8154
84.430,raw,781,8.3077,3.3385,1.8153
84.430,raw,784,8.3938,3.2057,1.8151
84.430,raw,786,8.4456,3.1203,1.8150
84.430,raw,789,8.5263,2.9930,1.8148
84.430,raw,792,8.6245,2.8622,1.8147
84.430,raw,795,8.7054,2.7391,1.8145
84.430,raw,798,8.7945,2.6157,1.8143
84.430,raw,800,8.8384,2.5392,1.8143
84.430,raw,803,8.8050,2.4543,1.8143
84.430,raw,806,8.6988,2.3896,1.8144
84.430,raw,809,8.6188,2.3162,1.8145
84.430,raw,812,8.5109,2.2491,1.8146
84.430,raw,814,8.4411,2.2029,1.8147
84.430,raw,817,8.3207,2.1362,1.8148
84.430,raw,820,8.2280,2.0612,1.8149
84.430,raw,823,8.1065,1.9915,1.8150
84.430,raw,826,8.0125,1.9139,1.8151
84.430,raw,828,7.9301,1.8656,1.8152
84.430,raw,831,-13.5697,-6.0934,1.8447
84.430,raw,834,-13.2809,-6.2342,2.6109
84.430,raw,837,-16.1478,-4.3797,3.5025
85.441,raw,0,24.2902,15.1169,0.6619
85.441,raw,2,24.2035,15.1565,0.6612
85.441,raw,5,23.4181,14.5119,0.7200
85.441,raw,8,23.3096,14.6226,0.7148
85.441,raw,11,22.5788,13.9387,0.7735
85.441,raw,14,21.8320,13.4898,0.8151
85.441,raw,17,21.7066,13.4902,0.8168
85.441,raw,20,-9.5045,0.9087,0.5030
85.441,raw,23,-9.4584,0.6610,0.5056
85.441,raw,26,-9.4036,0.4139,0.5085
85.441,raw,29,-9.3253,0.1673,0.5124
85.441,raw,32,-9.0838,-0.0802,0.5236
85.441,raw,35,-9.0122,-0.3224,0.5269
85.441,raw,38,-8.9736,-0.5635,0.5287
85.441,raw,40,-8.9394,-0.7238,0.5302
85.441,raw,43,-8.8920,-0.9636,0.5323
85.441,raw,46,-8.8286,-1.2022,0.5349
85.441,raw,49,-8.5830,-1.4336,0.5458
85.441,raw,52,-8.5473,-1.6699,0.5470
85.441,raw,55,-8.5147,-1.9059,0.5479
85.441,raw,58,-8.4503,-2.1397,0.5503
85.441,raw,61,-8.3763,-2.3719,0.5530
85.441,raw,64,-8.1665,-2.5926,0.5617
85.441,raw,67,-8.1206,-2.8241,0.5630
85.441,raw,70,-8.0209,-3.0501,0.5666
85.441,raw,73,-7.9966,-3.2825,0.5666
85.441,raw,76,-7.7720,-3.4924,0.5758
85.441,raw,78,-7.7424,-3.6446,0.5763
85.441,raw,81,-7.7151,-3.8748,0.5763
85.441,raw,84,-7.6690,-4.1025,0.5770
85.441,raw,87,-7.6453,-4.3332,0.5766
85.441,raw,90,-7.4242,-4.5338,0.5852
85.441,raw,93,-7.4037,-4.7636,0.5845
85.441,raw,96,-7.3671,-4.9910,0.5844
85.441,raw,99,-7.3104,-5.2148,0.5852
85.441,raw,102,-7.1872,-5.4257,0.5890
85.441,raw,105,-7.0563,-5.6337,0.5931
85.441,raw,108,-6.9186,-5.8387,0.5973
85.441,raw,111,-5.8780,-5.8473,0.6436
85.441,raw,114,-5.7985,-6.0539,0.6451
85.441,raw,116,-5.8494,-6.2154,0.6412
85.441,raw,119,-6.6335,-6.6293,0.6022
85.441,raw,122,-6.6653,-6.8711,0.5981
85.441,raw,125,-6.5265,-7.0704,0.6020
85.441,raw,128,-6.3918,-7.2693,0.6057
85.441,raw,131,-6.2406,-7.4623,0.6100
85.441,raw,134,-6.1191,-7.6620,0.6129
85.441,raw,137,-6.1545,-7.9070,0.6082
85.441,raw,140,-6.0027,-8.0967,0.6123
85.441,raw,143,-5.8611,-8.2881,0.6159
85.441,raw,146,-5.7288,-8.4811,0.6190
85.441,raw,149,-5.5892,-8.6704,0.6223
85.441,raw,152,-5.6366,-8.9225,0.6166
85.441,raw,154,-5.5349,-9.0453,0.6192
85.441,raw,157,-5.4207,-9.2420,0.6211
85.441,raw,160,-5.3562,-9.4563,0.6205
85.441,raw,163,-5.2672,-9.6615,0.6210
85.441,raw,166,-5.2042,-9.8767,0.6202
85.441,raw,169,-5.2607,-10.1398,0.6134
85.441,raw,172,-5.1913,-10.3543,0.6127
85.441,raw,175,-5.1053,-10.5621,0.6127
85.441,raw,178,-5.0436,-10.7804,0.6114
85.441,raw,181,-4.9673,-10.9929,0.6107
85.441,raw,184,-4.8892,-11.2048,0.6101
85.441,raw,187,-4.8297,-11.4255,0.6084
85.441,raw,190,-4.8769,-11.6972,0.6012
85.441,raw,192,-4.8283,-11.8418,0.6004
85.441,raw,195,-4.7747,-12.0685,0.5981
85.441,raw,198,-4.6754,-12.2734,0.5980
85.441,raw,201,-4.5967,-12.4889,0.5968
85.441,raw,204,-4.5203,-12.7061,0.5954
85.441,raw,207,-4.4382,-12.9209,0.5941
85.441,raw,210,-4.3679,-13.1427,0.5922
85.441,raw,213,-4.4553,-13.4527,0.5819
85.441,raw,216,-4.3695,-13.6693,0.5805
85.441,raw,219,-4.2878,-13.8889,0.5788
85.441,raw,222,-4.2212,-14.1181,0.5762
85.441,raw,225,-4.1456,-14.3431,0.5739
85.441,raw,228,-4.0632,-14.5650,0.5719
85.441,raw,230,-4.0050,-14.7114,0.5706
85.441,raw,233,-3.9270,-14.9376,0.5682
85.441,raw,236,-3.8623,-15.1735,0.5649
85.441,raw,239,-3.8107,-15.4194,0.5608
85.441,raw,242,-3.8064,-15.6989,0.5539
85.441,raw,245,-4.0077,-16.1215,0.5355
85.441,raw,248,-4.0004,-16.4079,0.5284
85.441,raw,251,-3.9679,-16.6799,0.5225
85.441,raw,254,-3.9400,-16.9580,0.5162
85.441,raw,257,-3.9444,-17.2626,0.5079
85.441,raw,260,8.2263,3.3346,1.5486
85.441,raw,263,8.2994,3.2053,1.5511
85.441,raw,266,8.3702,3.0788,1.5535
85.441,raw,268,8.4578,2.9822,1.5560
85.441,raw,271,8.5515,2.8519,1.5588
85.441,raw,274,8.6235,2.7308,1.5611
85.441,raw,277,8.7399,2.5981,1.5645
85.441,raw,280,8.8051,2.4832,1.5666
85.441,raw,283,8.8703,2.3699,1.5686
85.441,raw,286,8.7613,2.3060,1.5667
85.441,raw,289,8.6572,2.2393,1.5649
85.441,raw,292,8.5644,2.1682,1.5633
85.441,raw,295,8.4732,2.0954,1.5617
85.441,raw,298,8.3587,2.0269,1.5596
85.441,raw,301,8.2833,1.9477,1.5584
85.441,raw,304,8.1501,1.8803,1.5558
85.441,raw,306,8.0710,1.8321,1.5544
85.441,raw,309,7.9615,1.7565,1.5523
85.441,raw,312,-14.7813,6.0971,1.0414
85.441,raw,315,-14.6838,5.7774,1.0448
85.441,raw,318,-14.5739,5.4582,1.0485
85.441,raw,321,-14.4901,5.1463,1.0515
85.441,raw,324,-14.3779,4.8322,1.0550
85.441,raw,327,-14.3152,4.5284,1.0574
85.441,raw,330,-14.1997,4.2189,1.0610
85.441,raw,333,-14.1336,3.9188,1.0633
85.441,raw,336,-14.0322,3.6161,1.0664
85.441,raw,339,-13.9593,3.3191,1.0688
85.441,raw,342,-13.8543,3.0205,1.0718
85.441,raw,344,-13.8119,2.8256,1.0732
85.441,raw,347,-13.3937,2.5017,1.0830
85.441,raw,350,-13.3177,2.2142,1.0853
85.441,raw,353,-13.2222,1.9270,1.0879
85.441,raw,356,-10.1614,1.4449,1.1560
85.441,raw,359,-10.0688,1.1875,1.1584
85.441,raw,362,-10.2824,0.9469,1.1540
85.441,raw,365,-12.8998,0.8002,1.0964
85.441,raw,368,-12.8218,0.5226,1.0983
85.441,raw,371,-12.7330,0.2463,1.1005
85.441,raw,374,-12.6799,-0.0278,1.1018
85.441,raw,377,-12.6218,-0.3010,1.1031
85.441,raw,380,-12.5137,-0.5730,1.1055
85.441,raw,382,-12.4644,-0.7536,1.1066
85.441,raw,385,-12.3945,-1.0234,1.1080
85.441,raw,388,-12.0471,-1.2849,1.1156
85.441,raw,391,-11.9647,-1.5497,1.1172
85.441,raw,394,-11.9207,-1.8148,1.1180
85.441,raw,397,-11.8124,-2.0761,1.1201
85.441,raw,400,-11.7422,-2.3380,1.1213
85.441,raw,403,-11.6899,-2.6003,1.1221
85.441,raw,406,-11.6193,-2.8605,1.1232
85.441,raw,409,-11.5372,-3.1188,1.1245
85.441,raw,412,-11.4643,-3.3770,1.1256
85.441,raw,415,-11.3879,-3.6340,1.1268
85.441,raw,418,-11.1065,-3.8671,1.1324
85.441,raw,420,-11.0438,-4.0348,1.1333
85.441,raw,423,-10.9703,-4.2881,1.1343
85.441,raw,426,-10.9054,-4.5418,1.1349
85.441,raw,429,-10.8295,-4.7934,1.1358
85.441,raw,432,-10.7616,-5.0455,1.1365
85.441,raw,435,-10.6854,-5.2958,1.1373
85.441,raw,438,-10.6375,-5.5504,1.1374
85.441,raw,441,-10.4979,-5.7883,1.1395
85.441,raw,444,-10.3667,-6.0261,1.1414
85.441,raw,447,-10.1999,-6.2555,1.1441
85.441,raw,450,-10.0797,-6.4923,1.1457
85.441,raw,453,-5.8042,-5.8313,1.2410
85.441,raw,456,-5.7729,-6.0482,1.2406
85.441,raw,458,-5.8396,-6.2131,1.2384
85.441,raw,461,-9.5001,-7.3172,1.1542
85.441,raw,464,-9.5886,-7.5993,1.1508
85.441,raw,467,-9.4268,-7.8195,1.1531
85.441,raw,470,-9.3123,-8.0506,1.1542
85.441,raw,473,-9.1447,-8.2660,1.1565
85.441,raw,476,-9.0073,-8.4882,1.1581
85.441,raw,479,-8.8817,-8.7127,1.1594
85.441,raw,482,-8.7166,-8.9240,1.1615
85.441,raw,485,-8.5736,-9.1406,1.1632
85.441,raw,488,-8.4362,-9.3577,1.1646
85.441,raw,491,-8.2985,-9.5735,1.1660
85.441,raw,494,-8.3737,-9.8612,1.1624
85.441,raw,496,-8.2704,-10.0010,1.1635
85.441,raw,499,-8.1320,-10.2156,1.1648
85.441,raw,502,-8.0201,-10.4388,1.1655
85.441,raw,505,-7.8683,-10.6465,1.1670
85.441,raw,508,-7.7408,-10.8623,1.1679
85.441,raw,511,-7.6000,-11.0721,1.1691
85.441,raw,514,-7.4858,-11.2917,1.1696
85.441,raw,517,-7.3275,-11.4925,1.1712
85.441,raw,520,-7.2194,-11.7135,1.1715
85.441,raw,523,-7.0603,-11.9118,1.1729
85.441,raw,526,-6.9527,-12.1321,1.1731
85.441,raw,529,-6.8682,-12.3628,1.1727
85.441,raw,532,-6.8134,-12.6079,1.1715
85.441,raw,534,-6.9156,-12.8381,1.1673
85.441,raw,537,-6.8695,-13.0907,1.1658
85.441,raw,540,-6.7920,-13.3290,1.1650
85.441,raw,543,-6.7210,-13.5713,1.1640
85.441,raw,546,-6.6940,-13.8374,1.1619
85.441,raw,549,-6.7089,-14.1276,1.1586
85.441,raw,552,-6.7149,-14.4160,1.1555
85.441,raw,555,-6.7207,-14.7071,1.1523
85.441,raw,558,-6.9304,-15.1163,1.1438
85.441,raw,561,-7.9052,-15.9742,1.1157
85.441,raw,564,-8.7389,-16.7746,1.0910
85.441,raw,567,-8.6440,-17.0408,1.0898
85.441,raw,570,-8.5789,-17.3262,1.0877
85.441,raw,572,-8.5101,-17.5019,1.0870
85.441,raw,575,-8.4452,-17.7904,1.0848
85.441,raw,578,-8.3671,-18.0725,1.0829
85.441,raw,581,-8.2732,-18.3459,1.0814
85.441,raw,584,-8.2276,-18.6531,1.0785
85.441,raw,587,-8.1223,-18.9225,1.0771
85.441,raw,590,-8.0187,-19.1944,1.0756
85.441,raw,593,-7.9635,-19.5019,1.0727
85.441,raw,596,-8.1338,-19.9745,1.0636
85.441,raw,599,-8.0426,-20.2643,1.0614
85.441,raw,602,-7.9516,-20.5565,1.0592
85.441,raw,605,-7.8514,-20.8438,1.0572
85.441,raw,608,-7.7494,-21.1318,1.0551
85.441,raw,610,-7.6870,-21.3294,1.0535
85.441,raw,613,-7.5827,-21.6192,1.0513
85.441,raw,616,-7.4718,-21.9058,1.0493
85.441,raw,619,-7.3661,-22.1989,1.0470
85.441,raw,622,-7.2795,-22.5103,1.0441
85.441,raw,625,-7.1571,-22.7942,1.0421
85.441,raw,628,-7.0498,-23.0933,1.0396
85.441,raw,631,-6.9411,-23.3938,1.0370
85.441,raw,634,-6.7353,-23.6097,1.0372
85.441,raw,637,-6.4635,-23.7649,1.0394
85.441,raw,640,-6.1896,-23.9159,1.0415
85.441,raw,643,-5.9399,-24.0875,1.0430
85.441,raw,646,-5.6863,-24.2539,1.0445
85.441,raw,648,-5.5120,-24.3588,1.0456
85.441,raw,651,-5.2425,-24.5066,1.0476
85.441,raw,654,-5.0059,-24.6855,1.0485
85.441,raw,657,-4.7570,-24.8508,1.0497
85.441,raw,660,-4.5291,-25.0367,1.0503
85.441,raw,663,-4.2798,-25.1992,1.0514
85.441,raw,666,-4.0486,-25.3800,1.0520
85.441,raw,669,-3.8019,-25.5430,1.0530
85.441,raw,672,-3.5694,-25.7209,1.0535
85.441,raw,675,-3.3213,-25.8803,1.0545
85.441,raw,678,-3.1055,-26.0760,1.0544
85.441,raw,681,-2.8610,-26.2382,1.0552
85.441,raw,684,-2.6179,-26.4011,1.0559
85.441,raw,686,-2.4620,-26.5167,1.0561
85.441,raw,689,-2.2386,-26.7027,1.0561
85.441,raw,692,-1.9763,-26.8398,1.0573
85.441,raw,695,-1.7535,-27.0260,1.0571
85.441,raw,698,-1.5194,-27.1976,1.0573
85.441,raw,701,-1.2695,-27.3482,1.0580
85.441,raw,704,-0.9985,-27.4694,1.0594
85.441,raw,707,-0.7361,-27.6005,1.0605
85.441,raw,710,-0.4664,-27.7200,1.0618
85.441,raw,713,-0.1910,-27.8295,1.0634
85.441,raw,716,0.0769,-27.9479,1.0646
85.441,raw,719,0.3622,-28.0388,1.0665
85.441,raw,722,0.6111,-28.1820,1.0669
85.441,raw,724,0.7983,-28.2447,1.0680
85.441,raw,727,1.0541,-28.3756,1.0687
85.441,raw,730,1.3193,-28.4907,1.0697
85.441,raw,733,1.5573,-28.6484,1.0695
85.441,raw,736,1.8004,-28.7981,1.0695
85.441,raw,739,2.0452,-28.9448,1.0695
85.441,raw,742,2.2803,-29.1082,1.0690
85.441,raw,745,2.5313,-29.2447,1.0692
85.441,raw,748,2.7758,-29.3926,1.0690
85.441,raw,751,3.0334,-29.5168,1.0693
85.441,raw,754,3.2642,-29.6904,1.0684
85.441,raw,757,3.5257,-29.8074,1.0688
85.441,raw,760,3.7618,-29.9729,1.0680
85.441,raw,762,3.9169,-30.0886,1.0673
85.441,raw,765,4.1636,-30.2354,1.0668
85.441,raw,768,4.4114,-30.3809,1.0664
85.441,raw,771,4.6480,-30.5507,1.0653
85.441,raw,774,4.8606,-30.7743,1.0628
85.441,raw,777,5.0685,-31.0131,1.0599
85.441,raw,780,5.2901,-31.2263,1.0576
85.441,raw,783,5.5093,-31.4498,1.0551
85.441,raw,786,5.7221,-31.6934,1.0520
85.441,raw,789,5.9592,-31.8848,1.0501
85.441,raw,792,6.1779,-32.1256,1.0470
85.441,raw,795,6.3920,-32.3848,1.0435
85.441,raw,798,6.6088,-32.6450,1.0398
85.441,raw,800,6.7488,-32.8349,1.0370
85.441,raw,803,6.9504,-33.1505,1.0320
85.441,raw,806,8.2797,3.2465,1.8153
85.441,raw,809,8.3658,3.1142,1.8152
85.441,raw,812,8.4522,2.9840,1.8150
85.441,raw,815,8.5415,2.8552,1.8148
85.441,raw,818,8.5968,2.7391,1.8147
85.441,raw,821,8.7175,2.6049,1.8145
85.441,raw,824,8.8053,2.4831,1.8143
85.441,raw,827,8.8467,2.3766,1.8142
85.441,raw,830,8.7846,2.2996,1.8143
85.441,raw,833,8.6583,2.2390,1.8144
85.441,raw,836,8.5678,2.1673,1.8145
85.441,raw,838,8.4934,2.1223,1.8146
85.441,raw,841,8.4027,2.0485,1.8147
85.441,raw,844,8.3183,1.9719,1.8148
85.441,raw,847,8.1867,1.9047,1.8149
85.441,raw,850,8.0565,1.8352,1.8151
85.441,raw,853,7.9693,1.7549,1.8152
85.441,raw,856,-13.0068,-6.4296,1.8440
85.441,raw,859,8.8210,2.4469,2.0615
85.441,raw,862,8.8356,2.3483,2.0605
85.441,raw,865,8.7393,2.2805,2.0623
85.441,raw,868,8.6391,2.2124,2.0643
85.441,raw,871,8.5437,2.1416,2.0661
85.441,raw,874,-13.1056,-6.3527,3.3721
86.543,raw,0,24.1857,15.1705,0.6601
86.543,raw,2,24.0844,15.1663,0.6625
86.543,raw,5,23.3229,14.5814,0.7166
86.543,raw,8,23.2100,14.6798,0.7122
86.543,raw,11,22.4454,14.0201,0.7696
86.543,raw,14,21.6757,13.4376,0.8202
86.543,raw,17,-9.5873,0.0561,0.5009
86.543,raw,20,-9.3006,-0.1931,0.5141
86.543,raw,22,-9.2979,-0.3555,0.5143
86.543,raw,25,-9.2332,-0.5989,0.5172
86.543,raw,28,-9.1995,-0.8415,0.5187
86.543,raw,31,-9.1208,-1.0826,0.5221
86.543,raw,34,-9.0562,-1.3229,0.5248
86.543,raw,37,-8.8202,-1.5557,0.5351
86.543,raw,40,-8.7623,-1.7929,0.5373
86.543,raw,43,-8.6961,-2.0288,0.5398
86.543,raw,45,-8.6641,-2.1863,0.5408
86.543,raw,48,-8.6022,-2.4211,0.5429
86.543,raw,51,-8.5221,-2.6537,0.5458
86.543,raw,54,-8.3125,-2.8740,0.5544
86.543,raw,57,-8.2434,-3.1044,0.5566
86.543,raw,60,-8.2009,-3.3368,0.5575
86.543,raw,63,-8.1672,-3.5699,0.5579
86.543,raw,65,-7.9437,-3.7012,0.5673
86.543,raw,68,-7.8787,-3.9284,0.5690
86.543,raw,71,-7.8434,-4.1589,0.5692
86.543,raw,74,-7.8092,-4.3896,0.5692
86.543,raw,77,-7.5683,-4.5883,0.5787
86.543,raw,80,-7.5530,-4.8203,0.5778
86.543,raw,83,-7.5234,-5.0501,0.5774
86.543,raw,86,-7.4919,-5.2798,0.5770
86.543,raw,88,-7.4248,-5.4244,0.5788
86.543,raw,91,-7.2944,-5.6347,0.5828
86.543,raw,94,-7.1455,-5.8395,0.5876
86.543,raw,97,-7.0234,-6.0483,0.5911
86.543,raw,100,-5.8461,-6.0206,0.6437
86.543,raw,103,-5.7966,-6.2340,0.6438
86.543,raw,106,-5.9712,-6.5014,0.6332
86.543,raw,108,-6.7281,-6.8403,0.5961
86.543,raw,111,-6.7446,-7.0799,0.5927
86.543,raw,114,-6.5875,-7.2749,0.5974
86.543,raw,117,-6.4557,-7.4749,0.6008
86.543,raw,120,-6.2994,-7.6667,0.6053
86.543,raw,123,-6.1584,-7.8612,0.6090
86.543,raw,126,-6.1743,-8.1018,0.6052
86.543,raw,129,-6.0302,-8.2939,0.6089
86.543,raw,131,-5.9563,-8.4283,0.6103
86.543,raw,134,-5.7984,-8.6137,0.6145
86.543,raw,137,-5.6688,-8.8069,0.6174
86.543,raw,140,-5.7038,-9.0563,0.6122
86.543,raw,143,-5.5514,-9.2408,0.6159
86.543,raw,146,-5.4088,-9.4275,0.6191
86.543,raw,149,-5.3550,-9.6463,0.6180
86.543,raw,151,-5.2679,-9.7728,0.6196
86.543,raw,154,-5.2104,-9.9904,0.6185
86.543,raw,157,-5.2696,-10.2556,0.6115
86.543,raw,160,-5.2062,-10.4731,0.6104
86.543,raw,163,-5.1176,-10.6803,0.6105
86.543,raw,166,-5.0172,-10.8824,0.6111
86.543,raw,169,-4.9436,-11.0961,0.6103
86.543,raw,172,-4.8654,-11.3082,0.6096
86.543,raw,174,-4.8072,-11.4469,0.6093
86.543,raw,177,-4.8734,-11.7275,0.6012
86.543,raw,180,-4.7926,-11.9407,0.6004
86.543,raw,183,-4.7332,-12.1648,0.5983
86.543,raw,186,-4.6263,-12.3659,0.5986
86.543,raw,189,-4.5615,-12.5885,0.5966
86.543,raw,192,-4.4788,-12.8026,0.5955
86.543,raw,194,-4.4296,-12.9488,0.5943
86.543,raw,197,-4.3407,-13.1604,0.5933
86.543,raw,200,-4.2712,-13.3833,0.5912
86.543,raw,203,-4.3341,-13.6821,0.5821
86.543,raw,206,-4.2592,-13.9053,0.5800
86.543,raw,209,-4.1798,-14.1268,0.5780
86.543,raw,212,-4.0973,-14.3473,0.5761
86.543,raw,215,-4.0152,-14.5689,0.5741
86.543,raw,217,-3.9704,-14.7233,0.5721
86.543,raw,220,-3.8948,-14.9508,0.5696
86.543,raw,223,-3.7846,-15.1571,0.5687
86.543,raw,226,-3.7120,-15.3885,0.5657
86.543,raw,229,-3.6833,-15.6507,0.5602
86.543,raw,232,-3.8443,-16.0448,0.5441
86.543,raw,235,-3.8304,-16.3249,0.5374
86.543,raw,237,-3.8394,-16.5262,0.5318
86.543,raw,240,-3.8193,-16.8073,0.5252
86.543,raw,243,-3.8050,-17.0958,0.5180
86.543,raw,246,-3.7737,-17.3751,0.5116
86.543,raw,249,-3.7668,-17.6760,0.5036
86.543,raw,252,8.2072,3.2157,1.5492
86.543,raw,255,8.3185,3.0750,1.5525
86.543,raw,258,8.3831,2.9522,1.5547
86.543,raw,260,8.4711,2.8570,1.5572
86.543,raw,263,8.5359,2.7375,1.5594
86.543,raw,266,8.6398,2.6080,1.5624
86.543,raw,269,8.7166,2.4889,1.5648
86.543,raw,272,8.7905,2.3726,1.5670
86.543,raw,275,8.7906,2.2782,1.5676
86.543,raw,278,8.6935,2.2099,1.5659
86.543,raw,280,8.6307,2.1631,1.5648
86.543,raw,283,8.5233,2.0951,1.5629
86.543,raw,286,8.4268,2.0229,1.5612
86.543,raw,289,8.3170,1.9525,1.5592
86.543,raw,292,8.2269,1.8761,1.5577
86.543,raw,295,8.1417,1.7973,1.5562
86.543,raw,298,8.0026,1.7284,1.5535
86.543,raw,301,7.8784,1.6544,1.5511
86.543,raw,303,-15.3887,5.9675,1.0289
86.543,raw,306,-15.2653,5.6393,1.0329
86.543,raw,309,-15.1199,5.3105,1.0373
86.543,raw,312,-15.0095,4.9907,1.0409
86.543,raw,315,-14.8900,4.6724,1.0446
86.543,raw,318,-14.8060,4.3621,1.0474
86.543,raw,321,-14.6888,4.0495,1.0509
86.543,raw,323,-14.6404,3.8465,1.0526
86.543,raw,326,-14.5023,3.5357,1.0564
86.543,raw,329,-14.4093,3.2330,1.0593
86.543,raw,332,-14.3423,2.9351,1.0614
86.543,raw,335,-14.2298,2.6346,1.0645
86.543,raw,338,-13.8291,2.3118,1.0740
86.543,raw,341,-13.7236,2.0192,1.0768
86.543,raw,344,-13.6358,1.7300,1.0792
86.543,raw,346,-10.2457,1.3299,1.1545
86.543,raw,349,-10.0912,1.0690,1.1582
86.543,raw,352,-10.1922,0.8225,1.1562
86.543,raw,355,-13.2908,0.6841,1.0880
86.543,raw,358,-13.2179,0.4038,1.0898
86.543,raw,361,-13.1319,0.1246,1.0919
86.543,raw,364,-13.0366,-0.1531,1.0941
86.543,raw,366,-13.0035,-0.3372,1.0948
86.543,raw,369,-12.8932,-0.6123,1.0973
86.543,raw,372,-12.8164,-0.8860,1.0989
86.543,raw,375,-12.7244,-1.1580,1.1009
86.543,raw,378,-12.3779,-1.4211,1.1084
86.543,raw,381,-12.2848,-1.6880,1.1102
86.543,raw,384,-12.1991,-1.9538,1.1119
86.543,raw,387,-12.1431,-2.2200,1.1128
86.543,raw,389,-12.0668,-2.3947,1.1142
86.543,raw,392,-11.9971,-2.6584,1.1154
86.543,raw,395,-11.9129,-2.9201,1.1168
86.543,raw,398,-11.8206,-3.1800,1.1184
86.543,raw,401,-11.7561,-3.4414,1.1193
86.543,raw,404,-11.6896,-3.7019,1.1202
86.543,raw,407,-11.5903,-3.9580,1.1217
86.543,raw,409,-11.3051,-4.1019,1.1276
86.543,raw,412,-11.2321,-4.3575,1.1285
86.543,raw,415,-11.1572,-4.6120,1.1294
86.543,raw,418,-11.0612,-4.8629,1.1307
86.543,raw,421,-10.9788,-5.1147,1.1317
86.543,raw,424,-10.9206,-5.3698,1.1321
86.543,raw,427,-10.8353,-5.6200,1.1330
86.543,raw,430,-10.7209,-5.8641,1.1346
86.543,raw,432,-10.6462,-6.0265,1.1356
86.543,raw,435,-10.5030,-6.2630,1.1377
86.543,raw,438,-10.3329,-6.4923,1.1404
86.543,raw,441,-10.2022,-6.7280,1.1421
86.543,raw,444,-5.7887,-6.0078,1.2407
86.543,raw,447,-5.7427,-6.2215,1.2406
86.543,raw,450,-9.7251,-7.4061,1.1491
86.543,raw,452,-9.6203,-7.5549,1.1506
86.543,raw,455,-9.6655,-7.8284,1.1481
86.543,raw,458,-9.5080,-8.0502,1.1502
86.543,raw,461,-9.3672,-8.2748,1.1520
86.543,raw,464,-9.2241,-8.4974,1.1537
86.543,raw,467,-9.0730,-8.7162,1.1555
86.543,raw,470,-8.9073,-8.9292,1.1577
86.543,raw,473,-8.7663,-9.1481,1.1592
86.543,raw,475,-8.6879,-9.2983,1.1599
86.543,raw,478,-8.5419,-9.5136,1.1615
86.543,raw,481,-8.3858,-9.7243,1.1633
86.543,raw,484,-8.2397,-9.9369,1.1648
86.543,raw,487,-8.3127,-10.2265,1.1612
86.543,raw,490,-8.1533,-10.4339,1.1629
86.543,raw,493,-8.0248,-10.6515,1.1639
86.543,raw,495,-7.9278,-10.7918,1.1648
86.543,raw,498,-7.7757,-10.9987,1.1663
86.543,raw,501,-7.6340,-11.2085,1.1675
86.543,raw,504,-7.4994,-11.4203,1.1685
86.543,raw,507,-7.3520,-11.6259,1.1697
86.543,raw,510,-7.2213,-11.8376,1.1706
86.543,raw,513,-7.0759,-12.0422,1.1717
86.543,raw,516,-6.9416,-12.2508,1.1725
86.543,raw,518,-6.8808,-12.4028,1.1723
86.543,raw,521,-6.7999,-12.6358,1.1718
86.543,raw,524,-6.7406,-12.8798,1.1706
86.543,raw,527,-6.8207,-13.1934,1.1660
86.543,raw,530,-6.7651,-13.4428,1.1647
86.543,raw,533,-6.6672,-13.6716,1.1643
86.543,raw,536,-6.6021,-13.9180,1.1631
86.543,raw,538,-6.6345,-14.1232,1.1603
86.543,raw,541,-6.6122,-14.3956,1.1579
86.543,raw,544,-6.6323,-14.6937,1.1543
86.543,raw,547,-6.6385,-14.9872,1.1510
86.543,raw,550,-7.1103,-15.5526,1.1358
86.543,raw,553,-7.9163,-16.3289,1.1118
86.543,raw,556,-8.6121,-17.0609,1.0904
86.543,raw,559,-8.5191,-17.3291,1.0890
86.543,raw,561,-8.4497,-17.5039,1.0883
86.543,raw,564,-8.3749,-17.7857,1.0864
86.543,raw,567,-8.2803,-18.0565,1.0850
86.543,raw,570,-8.1709,-18.3189,1.0838
86.543,raw,573,-8.0974,-18.6064,1.0817
86.543,raw,576,-7.9918,-18.8742,1.0803
86.543,raw,579,-7.9165,-19.1643,1.0780
86.543,raw,581,-7.8789,-19.3678,1.0761
86.543,raw,584,-7.7682,-19.6364,1.0747
86.543,raw,587,-7.9520,-20.1213,1.0651
86.543,raw,590,-7.8567,-20.4082,1.0631
86.543,raw,593,-7.7532,-20.6909,1.0612
86.543,raw,596,-7.6696,-20.9909,1.0586
86.543,raw,599,-7.5517,-21.2666,1.0569
86.543,raw,602,-7.4304,-21.5412,1.0553
86.543,raw,604,-7.3695,-21.7413,1.0536
86.543,raw,607,-7.2668,-22.0344,1.0512
86.543,raw,610,-7.1620,-22.3282,1.0489
86.543,raw,613,-7.0673,-22.6329,1.0461
86.543,raw,616,-6.9326,-22.9059,1.0445
86.543,raw,619,-6.8226,-23.2025,1.0420
86.543,raw,622,-6.7219,-23.5099,1.0391
86.543,raw,624,-6.5490,-23.6207,1.0403
86.543,raw,627,-6.2684,-23.7656,1.0428
86.543,raw,630,-6.0123,-23.9310,1.0444
86.543,raw,633,-5.7413,-24.0805,1.0465
86.543,raw,636,-5.4836,-24.2406,1.0481
86.543,raw,639,-5.2188,-24.3919,1.0500
86.543,raw,642,-4.9652,-24.5525,1.0514
86.543,raw,645,-4.7487,-24.7494,1.0517
86.543,raw,647,-4.5777,-24.8529,1.0527
86.543,raw,650,-4.3165,-25.0020,1.0543
86.543,raw,653,-4.0848,-25.1807,1.0549
86.543,raw,656,-3.8496,-25.3550,1.0556
86.543,raw,659,-3.5938,-25.5057,1.0569
86.543,raw,662,-3.3619,-25.6817,1.0575
86.543,raw,665,-3.1220,-25.8480,1.0582
86.543,raw,667,-2.9433,-25.9365,1.0593
86.543,raw,670,-2.7196,-26.1202,1.0594
86.543,raw,673,-2.4786,-26.2830,1.0601
86.543,raw,676,-2.2384,-26.4459,1.0607
86.543,raw,679,-1.9929,-26.6015,1.0614
86.543,raw,682,-1.7557,-26.7668,1.0618
86.543,raw,685,-1.5207,-26.9344,1.0621
86.543,raw,688,-1.2892,-27.1062,1.0622
86.543,raw,690,-1.0957,-27.1687,1.0637
86.543,raw,693,-0.8241,-27.2851,1.0652
86.543,raw,696,-0.5474,-27.3926,1.0669
86.543,raw,699,-0.2826,-27.5146,1.0681
86.543,raw,702,0.0008,-27.6083,1.0700
86.543,raw,705,0.2792,-27.7067,1.0717
86.543,raw,708,0.5414,-27.8267,1.0728
86.543,raw,710,0.7334,-27.8802,1.0742
86.543,raw,713,0.9939,-27.9999,1.0751
86.543,raw,716,1.2420,-28.1377,1.0756
86.543,raw,719,1.4815,-28.2885,1.0756
86.543,raw,722,1.7322,-28.4212,1.0760
86.543,raw,725,1.9782,-28.5611,1.0762
86.543,raw,728,2.2168,-28.7132,1.0760
86.543,raw,731,2.4657,-28.8480,1.0763
86.543,raw,733,2.6268,-28.9460,1.0762
86.543,raw,736,2.8671,-29.0956,1.0759
86.543,raw,739,3.1198,-29.2233,1.0762
86.543,raw,742,3.3605,-29.3729,1.0758
86.543,raw,745,3.6158,-29.4954,1.0761
86.543,raw,748,3.8539,-29.6506,1.0755
86.543,raw,751,4.1013,-29.7888,1.0752
86.543,raw,753,4.2550,-29.9034,1.0745
86.543,raw,756,4.5154,-30.0162,1.0748
86.543,raw,759,4.7495,-30.1836,1.0737
86.543,raw,762,4.9867,-30.3462,1.0727
86.543,raw,765,5.1938,-30.5766,1.0700
86.543,raw,768,5.4083,-30.7957,1.0676
86.543,raw,771,5.6122,-31.0438,1.0644
86.543,raw,774,5.8457,-31.2289,1.0627
86.543,raw,776,5.9888,-31.3844,1.0608
86.543,raw,779,6.2186,-31.5854,1.0586
86.543,raw,782,6.4391,-31.8144,1.0557
86.543,raw,785,6.6632,-32.0402,1.0529
86.543,raw,788,6.8883,-32.2696,1.0500
86.543,raw,791,7.1171,-32.4959,1.0471
86.543,raw,794,7.3285,-32.7772,1.0428
86.543,raw,796,7.4629,-32.9888,1.0394
86.543,raw,799,7.6738,-33.2893,1.0347
86.543,raw,802,8.2001,3.2182,1.8154
86.543,raw,805,8.2906,3.0843,1.8152
86.543,raw,808,8.3999,2.9467,1.8150
86.543,raw,811,8.4938,2.8166,1.8149
86.543,raw,814,8.5783,2.6917,1.8147
86.543,raw,817,8.6466,2.5737,1.8146
86.543,raw,819,8.7076,2.4916,1.8145
86.543,raw,822,8.7984,2.3703,1.8143
86.543,raw,825,8.7967,2.2765,1.8143
86.543,raw,828,8.6887,2.2111,1.8144
86.543,raw,831,8.6004,2.1392,1.8145
86.543,raw,834,8.5058,2.0676,1.8146
86.543,raw,837,8.3830,2.0013,1.8147
86.543,raw,839,8.3179,1.9523,1.8148
86.543,raw,842,8.2189,1.8778,1.8149
86.543,raw,845,8.0915,1.8080,1.8150
86.543,raw,848,7.9817,1.7326,1.8152
86.543,raw,851,7.8837,1.6533,1.8153
86.543,raw,854,-13.0635,-6.6689,2.6079
86.543,raw,857,-13.1087,-6.5821,3.3738
