wall_time,t,event,detail
2026-09-01T14:52:16+0800,0.000,recorder_started,prefix=/home/jkjkzhang/lidar_project/report3/data/static_plan_20260901_plan09
2026-09-01T14:52:17+0800,0.932,goal_status,IDLE code=0; status_seq=1
2026-09-01T14:52:33+0800,16.966,goal_received,frame=camera_init; x=18.000; y=0.000
2026-09-01T14:52:33+0800,16.969,goal_status,QUEUED code=1; waiting for Nav2 action server; status_seq=2
2026-09-01T14:52:33+0800,16.972,goal_status,ACCEPTED code=1; Nav2 goal accepted; status_seq=3
2026-09-01T14:52:33+0800,16.990,plan_received,id=1; source=/plan; points=20; frame=camera_init; world_frame=camera_init
2026-09-01T14:52:33+0800,16.991,plan_received,id=2; source=/unsmoothed_plan; points=20; frame=camera_init; world_frame=camera_init
2026-09-01T14:52:33+0800,17.009,plan_received,id=3; source=/received_global_plan; points=20; frame=wamv/wamv/base_link; world_frame=camera_init
2026-09-01T14:52:33+0800,17.110,plan_received,id=4; source=/received_global_plan; points=20; frame=wamv/wamv/base_link; world_frame=camera_init
2026-09-01T14:52:33+0800,17.209,plan_received,id=5; source=/received_global_plan; points=20; frame=wamv/wamv/base_link; world_frame=camera_init
2026-09-01T14:52:33+0800,17.308,plan_received,id=6; source=/received_global_plan; points=20; frame=wamv/wamv/base_link; world_frame=camera_init
2026-09-01T14:52:34+0800,17.409,plan_received,id=7; source=/received_global_plan; points=20; frame=wamv/wamv/base_link; world_frame=camera_init
2026-09-01T14:52:34+0800,17.509,plan_received,id=8; source=/received_global_plan; points=20; frame=wamv/wamv/base_link; world_frame=camera_init
2026-09-01T14:52:34+0800,17.610,plan_received,id=9; source=/received_global_plan; points=20; frame=wamv/wamv/base_link; world_frame=camera_init
2026-09-01T14:52:34+0800,17.710,plan_received,id=10; source=/received_global_plan; points=20; frame=wamv/wamv/base_link; world_frame=camera_init
2026-09-01T14:52:34+0800,17.810,plan_received,id=11; source=/received_global_plan; points=20; frame=wamv/wamv/base_link; world_frame=camera_init
2026-09-01T14:52:34+0800,17.909,plan_received,id=12; source=/received_global_plan; points=20; frame=wamv/wamv/base_link; world_frame=camera_init
2026-09-01T14:52:34+0800,18.010,plan_received,id=13; source=/received_global_plan; points=20; frame=wamv/wamv/base_link; world_frame=camera_init
2026-09-01T14:52:34+0800,18.109,plan_received,id=14; source=/received_global_plan; points=20; frame=wamv/wamv/base_link; world_frame=camera_init
2026-09-01T14:52:34+0800,18.209,plan_received,id=15; source=/received_global_plan; points=20; frame=wamv/wamv/base_link; world_frame=camera_init
2026-09-01T14:52:34+0800,18.309,plan_received,id=16; source=/received_global_plan; points=20; frame=wamv/wamv/base_link; world_frame=camera_init
2026-09-01T14:52:35+0800,18.409,plan_received,id=17; source=/received_global_plan; points=20; frame=wamv/wamv/base_link; world_frame=camera_init
2026-09-01T14:52:35+0800,18.510,plan_received,id=18; source=/received_global_plan; points=20; frame=wamv/wamv/base_link; world_frame=camera_init
2026-09-01T14:52:35+0800,18.609,plan_received,id=19; source=/received_global_plan; points=20; frame=wamv/wamv/base_link; world_frame=camera_init
2026-09-01T14:52:35+0800,18.709,plan_received,id=20; source=/received_global_plan; points=20; frame=wamv/wamv/base_link; world_frame=camera_init
2026-09-01T14:52:35+0800,18.811,plan_received,id=21; source=/received_global_plan; points=20; frame=wamv/wamv/base_link; world_frame=camera_init
2026-09-01T14:52:35+0800,18.909,plan_received,id=22; source=/received_global_plan; points=20; frame=wamv/wamv/base_link; world_frame=camera_init
2026-09-01T14:52:35+0800,19.009,plan_received,id=23; source=/received_global_plan; points=20; frame=wamv/wamv/base_link; world_frame=camera_init
2026-09-01T14:52:35+0800,19.109,plan_received,id=24; source=/received_global_plan; points=20; frame=wamv/wamv/base_link; world_frame=camera_init
2026-09-01T14:52:35+0800,19.209,plan_received,id=25; source=/received_global_plan; points=20; frame=wamv/wamv/base_link; world_frame=camera_init
2026-09-01T14:52:35+0800,19.309,plan_received,id=26; source=/received_global_plan; points=20; frame=wamv/wamv/base_link; world_frame=camera_init
2026-09-01T14:52:36+0800,19.409,plan_received,id=27; source=/received_global_plan; points=20; frame=wamv/wamv/base_link; world_frame=camera_init
2026-09-01T14:52:36+0800,19.509,plan_received,id=28; source=/received_global_plan; points=20; frame=wamv/wamv/base_link; world_frame=camera_init
2026-09-01T14:52:36+0800,19.608,plan_received,id=29; source=/received_global_plan; points=20; frame=wamv/wamv/base_link; world_frame=camera_init
2026-09-01T14:52:36+0800,19.710,plan_received,id=30; source=/received_global_plan; points=20; frame=wamv/wamv/base_link; world_frame=camera_init
2026-09-01T14:52:36+0800,19.809,plan_received,id=31; source=/received_global_plan; points=20; frame=wamv/wamv/base_link; world_frame=camera_init
2026-09-01T14:52:36+0800,19.909,plan_received,id=32; source=/received_global_plan; points=20; frame=wamv/wamv/base_link; world_frame=camera_init
2026-09-01T14:52:36+0800,20.009,plan_received,id=33; source=/received_global_plan; points=20; frame=wamv/wamv/base_link; world_frame=camera_init
2026-09-01T14:52:36+0800,20.109,plan_received,id=34; source=/received_global_plan; points=20; frame=wamv/wamv/base_link; world_frame=camera_init
2026-09-01T14:52:36+0800,20.208,plan_received,id=35; source=/received_global_plan; points=20; frame=wamv/wamv/base_link; world_frame=camera_init
2026-09-01T14:52:36+0800,20.309,plan_received,id=36; source=/received_global_plan; points=20; frame=wamv/wamv/base_link; world_frame=camera_init
2026-09-01T14:52:37+0800,20.409,plan_received,id=37; source=/received_global_plan; points=20; frame=wamv/wamv/base_link; world_frame=camera_init
2026-09-01T14:52:37+0800,20.508,plan_received,id=38; source=/received_global_plan; points=20; frame=wamv/wamv/base_link; world_frame=camera_init
2026-09-01T14:52:37+0800,20.610,plan_received,id=39; source=/received_global_plan; points=20; frame=wamv/wamv/base_link; world_frame=camera_init
2026-09-01T14:52:37+0800,20.709,plan_received,id=40; source=/received_global_plan; points=20; frame=wamv/wamv/base_link; world_frame=camera_init
2026-09-01T14:52:37+0800,20.809,plan_received,id=41; source=/received_global_plan; points=20; frame=wamv/wamv/base_link; world_frame=camera_init
2026-09-01T14:52:37+0800,20.909,plan_received,id=42; source=/received_global_plan; points=19; frame=wamv/wamv/base_link; world_frame=camera_init
2026-09-01T14:52:37+0800,21.009,plan_received,id=43; source=/received_global_plan; points=19; frame=wamv/wamv/base_link; world_frame=camera_init
2026-09-01T14:52:37+0800,21.020,plan_received,id=44; source=/unsmoothed_plan; points=24; frame=camera_init; world_frame=camera_init
2026-09-01T14:52:37+0800,21.021,plan_received,id=45; source=/plan; points=24; frame=camera_init; world_frame=camera_init
2026-09-01T14:52:37+0800,21.109,plan_received,id=46; source=/received_global_plan; points=24; frame=wamv/wamv/base_link; world_frame=camera_init
2026-09-01T14:52:37+0800,21.209,plan_received,id=47; source=/received_global_plan; points=24; frame=wamv/wamv/base_link; world_frame=camera_init
2026-09-01T14:52:37+0800,21.309,plan_received,id=48; source=/received_global_plan; points=24; frame=wamv/wamv/base_link; world_frame=camera_init
2026-09-01T14:52:38+0800,21.409,plan_received,id=49; source=/received_global_plan; points=24; frame=wamv/wamv/base_link; world_frame=camera_init
2026-09-01T14:52:38+0800,21.510,plan_received,id=50; source=/received_global_plan; points=24; frame=wamv/wamv/base_link; world_frame=camera_init
2026-09-01T14:52:38+0800,21.609,plan_received,id=51; source=/received_global_plan; points=24; frame=wamv/wamv/base_link; world_frame=camera_init
2026-09-01T14:52:38+0800,21.708,plan_received,id=52; source=/received_global_plan; points=24; frame=wamv/wamv/base_link; world_frame=camera_init
2026-09-01T14:52:38+0800,21.809,plan_received,id=53; source=/received_global_plan; points=24; frame=wamv/wamv/base_link; world_frame=camera_init
2026-09-01T14:52:38+0800,21.909,plan_received,id=54; source=/received_global_plan; points=24; frame=wamv/wamv/base_link; world_frame=camera_init
2026-09-01T14:52:38+0800,22.008,plan_received,id=55; source=/received_global_plan; points=24; frame=wamv/wamv/base_link; world_frame=camera_init
2026-09-01T14:52:38+0800,22.109,plan_received,id=56; source=/received_global_plan; points=24; frame=wamv/wamv/base_link; world_frame=camera_init
2026-09-01T14:52:38+0800,22.209,plan_received,id=57; source=/received_global_plan; points=24; frame=wamv/wamv/base_link; world_frame=camera_init
2026-09-01T14:52:38+0800,22.310,plan_received,id=58; source=/received_global_plan; points=24; frame=wamv/wamv/base_link; world_frame=camera_init
2026-09-01T14:52:39+0800,22.410,plan_received,id=59; source=/received_global_plan; points=24; frame=wamv/wamv/base_link; world_frame=camera_init
2026-09-01T14:52:39+0800,22.509,plan_received,id=60; source=/received_global_plan; points=24; frame=wamv/wamv/base_link; world_frame=camera_init
2026-09-01T14:52:39+0800,22.609,plan_received,id=61; source=/received_global_plan; points=24; frame=wamv/wamv/base_link; world_frame=camera_init
2026-09-01T14:52:39+0800,22.709,plan_received,id=62; source=/received_global_plan; points=24; frame=wamv/wamv/base_link; world_frame=camera_init
2026-09-01T14:52:39+0800,22.810,plan_received,id=63; source=/received_global_plan; points=24; frame=wamv/wamv/base_link; world_frame=camera_init
2026-09-01T14:52:39+0800,22.910,plan_received,id=64; source=/received_global_plan; points=24; frame=wamv/wamv/base_link; world_frame=camera_init
2026-09-01T14:52:39+0800,23.008,plan_received,id=65; source=/received_global_plan; points=24; frame=wamv/wamv/base_link; world_frame=camera_init
2026-09-01T14:52:39+0800,23.109,plan_received,id=66; source=/received_global_plan; points=24; frame=wamv/wamv/base_link; world_frame=camera_init
2026-09-01T14:52:39+0800,23.210,plan_received,id=67; source=/received_global_plan; points=24; frame=wamv/wamv/base_link; world_frame=camera_init
2026-09-01T14:52:39+0800,23.309,plan_received,id=68; source=/received_global_plan; points=24; frame=wamv/wamv/base_link; world_frame=camera_init
2026-09-01T14:52:40+0800,23.410,plan_received,id=69; source=/received_global_plan; points=24; frame=wamv/wamv/base_link; world_frame=camera_init
2026-09-01T14:52:40+0800,23.510,plan_received,id=70; source=/received_global_plan; points=24; frame=wamv/wamv/base_link; world_frame=camera_init
2026-09-01T14:52:40+0800,23.610,plan_received,id=71; source=/received_global_plan; points=24; frame=wamv/wamv/base_link; world_frame=camera_init
2026-09-01T14:52:40+0800,23.709,plan_received,id=72; source=/received_global_plan; points=24; frame=wamv/wamv/base_link; world_frame=camera_init
2026-09-01T14:52:40+0800,23.809,plan_received,id=73; source=/received_global_plan; points=24; frame=wamv/wamv/base_link; world_frame=camera_init
2026-09-01T14:52:40+0800,23.909,plan_received,id=74; source=/received_global_plan; points=24; frame=wamv/wamv/base_link; world_frame=camera_init
2026-09-01T14:52:40+0800,24.010,plan_received,id=75; source=/received_global_plan; points=24; frame=wamv/wamv/base_link; world_frame=camera_init
2026-09-01T14:52:40+0800,24.109,plan_received,id=76; source=/received_global_plan; points=24; frame=wamv/wamv/base_link; world_frame=camera_init
2026-09-01T14:52:40+0800,24.209,plan_received,id=77; source=/received_global_plan; points=24; frame=wamv/wamv/base_link; world_frame=camera_init
2026-09-01T14:52:40+0800,24.309,plan_received,id=78; source=/received_global_plan; points=24; frame=wamv/wamv/base_link; world_frame=camera_init
2026-09-01T14:52:41+0800,24.409,plan_received,id=79; source=/received_global_plan; points=24; frame=wamv/wamv/base_link; world_frame=camera_init
2026-09-01T14:52:41+0800,24.509,plan_received,id=80; source=/received_global_plan; points=24; frame=wamv/wamv/base_link; world_frame=camera_init
2026-09-01T14:52:41+0800,24.610,plan_received,id=81; source=/received_global_plan; points=24; frame=wamv/wamv/base_link; world_frame=camera_init
2026-09-01T14:52:41+0800,24.710,plan_received,id=82; source=/received_global_plan; points=24; frame=wamv/wamv/base_link; world_frame=camera_init
2026-09-01T14:52:41+0800,24.809,plan_received,id=83; source=/received_global_plan; points=24; frame=wamv/wamv/base_link; world_frame=camera_init
2026-09-01T14:52:41+0800,24.909,plan_received,id=84; source=/received_global_plan; points=24; frame=wamv/wamv/base_link; world_frame=camera_init
2026-09-01T14:52:41+0800,25.010,plan_received,id=85; source=/received_global_plan; points=24; frame=wamv/wamv/base_link; world_frame=camera_init
2026-09-01T14:52:41+0800,25.040,plan_received,id=86; source=/plan; points=23; frame=camera_init; world_frame=camera_init
2026-09-01T14:52:41+0800,25.041,plan_received,id=87; source=/unsmoothed_plan; points=23; frame=camera_init; world_frame=camera_init
2026-09-01T14:52:41+0800,25.109,plan_received,id=88; source=/received_global_plan; points=23; frame=wamv/wamv/base_link; world_frame=camera_init
2026-09-01T14:52:41+0800,25.210,plan_received,id=89; source=/received_global_plan; points=23; frame=wamv/wamv/base_link; world_frame=camera_init
2026-09-01T14:52:41+0800,25.309,plan_received,id=90; source=/received_global_plan; points=23; frame=wamv/wamv/base_link; world_frame=camera_init
2026-09-01T14:52:42+0800,25.409,plan_received,id=91; source=/received_global_plan; points=23; frame=wamv/wamv/base_link; world_frame=camera_init
2026-09-01T14:52:42+0800,25.509,plan_received,id=92; source=/received_global_plan; points=23; frame=wamv/wamv/base_link; world_frame=camera_init
2026-09-01T14:52:42+0800,25.609,plan_received,id=93; source=/received_global_plan; points=23; frame=wamv/wamv/base_link; world_frame=camera_init
2026-09-01T14:52:42+0800,25.709,plan_received,id=94; source=/received_global_plan; points=23; frame=wamv/wamv/base_link; world_frame=camera_init
2026-09-01T14:52:42+0800,25.809,plan_received,id=95; source=/received_global_plan; points=23; frame=wamv/wamv/base_link; world_frame=camera_init
2026-09-01T14:52:42+0800,25.908,plan_received,id=96; source=/received_global_plan; points=23; frame=wamv/wamv/base_link; world_frame=camera_init
2026-09-01T14:52:42+0800,26.008,plan_received,id=97; source=/received_global_plan; points=23; frame=wamv/wamv/base_link; world_frame=camera_init
2026-09-01T14:52:42+0800,26.108,plan_received,id=98; source=/received_global_plan; points=23; frame=wamv/wamv/base_link; world_frame=camera_init
2026-09-01T14:52:42+0800,26.209,plan_received,id=99; source=/received_global_plan; points=23; frame=wamv/wamv/base_link; world_frame=camera_init
2026-09-01T14:52:42+0800,26.309,plan_received,id=100; source=/received_global_plan; points=23; frame=wamv/wamv/base_link; world_frame=camera_init
2026-09-01T14:52:43+0800,26.409,plan_received,id=101; source=/received_global_plan; points=23; frame=wamv/wamv/base_link; world_frame=camera_init
2026-09-01T14:52:43+0800,26.509,plan_received,id=102; source=/received_global_plan; points=23; frame=wamv/wamv/base_link; world_frame=camera_init
2026-09-01T14:52:43+0800,26.609,plan_received,id=103; source=/received_global_plan; points=23; frame=wamv/wamv/base_link; world_frame=camera_init
2026-09-01T14:52:43+0800,26.709,plan_received,id=104; source=/received_global_plan; points=23; frame=wamv/wamv/base_link; world_frame=camera_init
2026-09-01T14:52:43+0800,26.809,plan_received,id=105; source=/received_global_plan; points=23; frame=wamv/wamv/base_link; world_frame=camera_init
2026-09-01T14:52:43+0800,26.909,plan_received,id=106; source=/received_global_plan; points=23; frame=wamv/wamv/base_link; world_frame=camera_init
2026-09-01T14:52:43+0800,27.009,plan_received,id=107; source=/received_global_plan; points=23; frame=wamv/wamv/base_link; world_frame=camera_init
2026-09-01T14:52:43+0800,27.109,plan_received,id=108; source=/received_global_plan; points=23; frame=wamv/wamv/base_link; world_frame=camera_init
2026-09-01T14:52:43+0800,27.209,plan_received,id=109; source=/received_global_plan; points=23; frame=wamv/wamv/base_link; world_frame=camera_init
2026-09-01T14:52:43+0800,27.309,plan_received,id=110; source=/received_global_plan; points=23; frame=wamv/wamv/base_link; world_frame=camera_init
2026-09-01T14:52:44+0800,27.409,plan_received,id=111; source=/received_global_plan; points=23; frame=wamv/wamv/base_link; world_frame=camera_init
2026-09-01T14:52:44+0800,27.509,plan_received,id=112; source=/received_global_plan; points=23; frame=wamv/wamv/base_link; world_frame=camera_init
2026-09-01T14:52:44+0800,27.609,plan_received,id=113; source=/received_global_plan; points=23; frame=wamv/wamv/base_link; world_frame=camera_init
2026-09-01T14:52:44+0800,27.709,plan_received,id=114; source=/received_global_plan; points=23; frame=wamv/wamv/base_link; world_frame=camera_init
2026-09-01T14:52:44+0800,27.808,plan_received,id=115; source=/received_global_plan; points=23; frame=wamv/wamv/base_link; world_frame=camera_init
2026-09-01T14:52:44+0800,27.909,plan_received,id=116; source=/received_global_plan; points=23; frame=wamv/wamv/base_link; world_frame=camera_init
2026-09-01T14:52:44+0800,28.009,plan_received,id=117; source=/received_global_plan; points=23; frame=wamv/wamv/base_link; world_frame=camera_init
2026-09-01T14:52:44+0800,28.110,plan_received,id=118; source=/received_global_plan; points=23; frame=wamv/wamv/base_link; world_frame=camera_init
2026-09-01T14:52:44+0800,28.210,plan_received,id=119; source=/received_global_plan; points=23; frame=wamv/wamv/base_link; world_frame=camera_init
2026-09-01T14:52:44+0800,28.310,plan_received,id=120; source=/received_global_plan; points=23; frame=wamv/wamv/base_link; world_frame=camera_init
2026-09-01T14:52:45+0800,28.409,plan_received,id=121; source=/received_global_plan; points=23; frame=wamv/wamv/base_link; world_frame=camera_init
2026-09-01T14:52:45+0800,28.509,plan_received,id=122; source=/received_global_plan; points=23; frame=wamv/wamv/base_link; world_frame=camera_init
2026-09-01T14:52:45+0800,28.609,plan_received,id=123; source=/received_global_plan; points=23; frame=wamv/wamv/base_link; world_frame=camera_init
2026-09-01T14:52:45+0800,28.710,plan_received,id=124; source=/received_global_plan; points=23; frame=wamv/wamv/base_link; world_frame=camera_init
2026-09-01T14:52:45+0800,28.809,plan_received,id=125; source=/received_global_plan; points=23; frame=wamv/wamv/base_link; world_frame=camera_init
2026-09-01T14:52:45+0800,28.909,plan_received,id=126; source=/received_global_plan; points=23; frame=wamv/wamv/base_link; world_frame=camera_init
2026-09-01T14:52:45+0800,29.009,plan_received,id=127; source=/received_global_plan; points=23; frame=wamv/wamv/base_link; world_frame=camera_init
2026-09-01T14:52:45+0800,29.060,plan_received,id=128; source=/plan; points=19; frame=camera_init; world_frame=camera_init
2026-09-01T14:52:45+0800,29.061,plan_received,id=129; source=/unsmoothed_plan; points=19; frame=camera_init; world_frame=camera_init
2026-09-01T14:52:45+0800,29.109,plan_received,id=130; source=/received_global_plan; points=19; frame=wamv/wamv/base_link; world_frame=camera_init
2026-09-01T14:52:45+0800,29.209,plan_received,id=131; source=/received_global_plan; points=19; frame=wamv/wamv/base_link; world_frame=camera_init
2026-09-01T14:52:45+0800,29.308,plan_received,id=132; source=/received_global_plan; points=19; frame=wamv/wamv/base_link; world_frame=camera_init
2026-09-01T14:52:46+0800,29.408,plan_received,id=133; source=/received_global_plan; points=19; frame=wamv/wamv/base_link; world_frame=camera_init
2026-09-01T14:52:46+0800,29.509,plan_received,id=134; source=/received_global_plan; points=19; frame=wamv/wamv/base_link; world_frame=camera_init
2026-09-01T14:52:46+0800,29.609,plan_received,id=135; source=/received_global_plan; points=19; frame=wamv/wamv/base_link; world_frame=camera_init
2026-09-01T14:52:46+0800,29.709,plan_received,id=136; source=/received_global_plan; points=19; frame=wamv/wamv/base_link; world_frame=camera_init
2026-09-01T14:52:46+0800,29.809,plan_received,id=137; source=/received_global_plan; points=19; frame=wamv/wamv/base_link; world_frame=camera_init
2026-09-01T14:52:46+0800,29.909,plan_received,id=138; source=/received_global_plan; points=19; frame=wamv/wamv/base_link; world_frame=camera_init
2026-09-01T14:52:46+0800,30.012,plan_received,id=139; source=/received_global_plan; points=19; frame=wamv/wamv/base_link; world_frame=camera_init
2026-09-01T14:52:46+0800,30.109,plan_received,id=140; source=/received_global_plan; points=19; frame=wamv/wamv/base_link; world_frame=camera_init
2026-09-01T14:52:46+0800,30.210,plan_received,id=141; source=/received_global_plan; points=19; frame=wamv/wamv/base_link; world_frame=camera_init
2026-09-01T14:52:46+0800,30.310,plan_received,id=142; source=/received_global_plan; points=19; frame=wamv/wamv/base_link; world_frame=camera_init
2026-09-01T14:52:47+0800,30.409,plan_received,id=143; source=/received_global_plan; points=19; frame=wamv/wamv/base_link; world_frame=camera_init
2026-09-01T14:52:47+0800,30.509,plan_received,id=144; source=/received_global_plan; points=19; frame=wamv/wamv/base_link; world_frame=camera_init
2026-09-01T14:52:47+0800,30.609,plan_received,id=145; source=/received_global_plan; points=19; frame=wamv/wamv/base_link; world_frame=camera_init
2026-09-01T14:52:47+0800,30.709,plan_received,id=146; source=/received_global_plan; points=19; frame=wamv/wamv/base_link; world_frame=camera_init
2026-09-01T14:52:47+0800,30.809,plan_received,id=147; source=/received_global_plan; points=19; frame=wamv/wamv/base_link; world_frame=camera_init
2026-09-01T14:52:47+0800,30.908,plan_received,id=148; source=/received_global_plan; points=19; frame=wamv/wamv/base_link; world_frame=camera_init
2026-09-01T14:52:47+0800,31.009,plan_received,id=149; source=/received_global_plan; points=19; frame=wamv/wamv/base_link; world_frame=camera_init
2026-09-01T14:52:47+0800,31.109,plan_received,id=150; source=/received_global_plan; points=19; frame=wamv/wamv/base_link; world_frame=camera_init
2026-09-01T14:52:47+0800,31.209,plan_received,id=151; source=/received_global_plan; points=19; frame=wamv/wamv/base_link; world_frame=camera_init
2026-09-01T14:52:47+0800,31.308,plan_received,id=152; source=/received_global_plan; points=19; frame=wamv/wamv/base_link; world_frame=camera_init
2026-09-01T14:52:48+0800,31.408,plan_received,id=153; source=/received_global_plan; points=19; frame=wamv/wamv/base_link; world_frame=camera_init
2026-09-01T14:52:48+0800,31.509,plan_received,id=154; source=/received_global_plan; points=19; frame=wamv/wamv/base_link; world_frame=camera_init
2026-09-01T14:52:48+0800,31.609,plan_received,id=155; source=/received_global_plan; points=19; frame=wamv/wamv/base_link; world_frame=camera_init
2026-09-01T14:52:48+0800,31.709,plan_received,id=156; source=/received_global_plan; points=19; frame=wamv/wamv/base_link; world_frame=camera_init
2026-09-01T14:52:48+0800,31.808,plan_received,id=157; source=/received_global_plan; points=19; frame=wamv/wamv/base_link; world_frame=camera_init
2026-09-01T14:52:48+0800,31.908,plan_received,id=158; source=/received_global_plan; points=19; frame=wamv/wamv/base_link; world_frame=camera_init
2026-09-01T14:52:48+0800,32.008,plan_received,id=159; source=/received_global_plan; points=19; frame=wamv/wamv/base_link; world_frame=camera_init
2026-09-01T14:52:48+0800,32.108,plan_received,id=160; source=/received_global_plan; points=19; frame=wamv/wamv/base_link; world_frame=camera_init
2026-09-01T14:52:48+0800,32.208,plan_received,id=161; source=/received_global_plan; points=19; frame=wamv/wamv/base_link; world_frame=camera_init
2026-09-01T14:52:48+0800,32.309,plan_received,id=162; source=/received_global_plan; points=19; frame=wamv/wamv/base_link; world_frame=camera_init
2026-09-01T14:52:49+0800,32.408,plan_received,id=163; source=/received_global_plan; points=19; frame=wamv/wamv/base_link; world_frame=camera_init
2026-09-01T14:52:49+0800,32.508,plan_received,id=164; source=/received_global_plan; points=19; frame=wamv/wamv/base_link; world_frame=camera_init
2026-09-01T14:52:49+0800,32.608,plan_received,id=165; source=/received_global_plan; points=19; frame=wamv/wamv/base_link; world_frame=camera_init
2026-09-01T14:52:49+0800,32.709,plan_received,id=166; source=/received_global_plan; points=19; frame=wamv/wamv/base_link; world_frame=camera_init
2026-09-01T14:52:49+0800,32.809,plan_received,id=167; source=/received_global_plan; points=19; frame=wamv/wamv/base_link; world_frame=camera_init
2026-09-01T14:52:49+0800,32.909,plan_received,id=168; source=/received_global_plan; points=19; frame=wamv/wamv/base_link; world_frame=camera_init
2026-09-01T14:52:49+0800,33.009,plan_received,id=169; source=/received_global_plan; points=19; frame=wamv/wamv/base_link; world_frame=camera_init
2026-09-01T14:52:49+0800,33.088,plan_received,id=170; source=/plan; points=19; frame=camera_init; world_frame=camera_init
2026-09-01T14:52:49+0800,33.089,plan_received,id=171; source=/unsmoothed_plan; points=19; frame=camera_init; world_frame=camera_init
2026-09-01T14:52:49+0800,33.109,plan_received,id=172; source=/received_global_plan; points=19; frame=wamv/wamv/base_link; world_frame=camera_init
2026-09-01T14:52:49+0800,33.209,plan_received,id=173; source=/received_global_plan; points=19; frame=wamv/wamv/base_link; world_frame=camera_init
2026-09-01T14:52:49+0800,33.309,plan_received,id=174; source=/received_global_plan; points=19; frame=wamv/wamv/base_link; world_frame=camera_init
2026-09-01T14:52:50+0800,33.408,plan_received,id=175; source=/received_global_plan; points=19; frame=wamv/wamv/base_link; world_frame=camera_init
2026-09-01T14:52:50+0800,33.508,plan_received,id=176; source=/received_global_plan; points=19; frame=wamv/wamv/base_link; world_frame=camera_init
2026-09-01T14:52:50+0800,33.608,plan_received,id=177; source=/received_global_plan; points=19; frame=wamv/wamv/base_link; world_frame=camera_init
2026-09-01T14:52:50+0800,33.709,plan_received,id=178; source=/received_global_plan; points=19; frame=wamv/wamv/base_link; world_frame=camera_init
2026-09-01T14:52:50+0800,33.809,plan_received,id=179; source=/received_global_plan; points=19; frame=wamv/wamv/base_link; world_frame=camera_init
2026-09-01T14:52:50+0800,33.909,plan_received,id=180; source=/received_global_plan; points=19; frame=wamv/wamv/base_link; world_frame=camera_init
2026-09-01T14:52:50+0800,34.009,plan_received,id=181; source=/received_global_plan; points=19; frame=wamv/wamv/base_link; world_frame=camera_init
2026-09-01T14:52:50+0800,34.108,plan_received,id=182; source=/received_global_plan; points=19; frame=wamv/wamv/base_link; world_frame=camera_init
2026-09-01T14:52:50+0800,34.208,plan_received,id=183; source=/received_global_plan; points=19; frame=wamv/wamv/base_link; world_frame=camera_init
2026-09-01T14:52:51+0800,34.530,plan_received,id=184; source=/received_global_plan; points=19; frame=wamv/wamv/base_link; world_frame=camera_init
2026-09-01T14:52:51+0800,34.532,plan_received,id=185; source=/received_global_plan; points=19; frame=wamv/wamv/base_link; world_frame=camera_init
2026-09-01T14:52:51+0800,34.630,plan_received,id=186; source=/received_global_plan; points=19; frame=wamv/wamv/base_link; world_frame=camera_init
2026-09-01T14:52:51+0800,34.730,plan_received,id=187; source=/received_global_plan; points=19; frame=wamv/wamv/base_link; world_frame=camera_init
2026-09-01T14:52:51+0800,34.831,plan_received,id=188; source=/received_global_plan; points=19; frame=wamv/wamv/base_link; world_frame=camera_init
2026-09-01T14:52:51+0800,34.931,plan_received,id=189; source=/received_global_plan; points=19; frame=wamv/wamv/base_link; world_frame=camera_init
2026-09-01T14:52:51+0800,35.030,plan_received,id=190; source=/received_global_plan; points=19; frame=wamv/wamv/base_link; world_frame=camera_init
2026-09-01T14:52:51+0800,35.130,plan_received,id=191; source=/received_global_plan; points=19; frame=wamv/wamv/base_link; world_frame=camera_init
2026-09-01T14:52:51+0800,35.230,plan_received,id=192; source=/received_global_plan; points=19; frame=wamv/wamv/base_link; world_frame=camera_init
2026-09-01T14:52:51+0800,35.330,plan_received,id=193; source=/received_global_plan; points=19; frame=wamv/wamv/base_link; world_frame=camera_init
2026-09-01T14:52:52+0800,35.431,plan_received,id=194; source=/received_global_plan; points=19; frame=wamv/wamv/base_link; world_frame=camera_init
2026-09-01T14:52:52+0800,35.530,plan_received,id=195; source=/received_global_plan; points=19; frame=wamv/wamv/base_link; world_frame=camera_init
2026-09-01T14:52:52+0800,35.630,plan_received,id=196; source=/received_global_plan; points=19; frame=wamv/wamv/base_link; world_frame=camera_init
2026-09-01T14:52:52+0800,35.730,plan_received,id=197; source=/received_global_plan; points=19; frame=wamv/wamv/base_link; world_frame=camera_init
2026-09-01T14:52:52+0800,35.830,plan_received,id=198; source=/received_global_plan; points=19; frame=wamv/wamv/base_link; world_frame=camera_init
2026-09-01T14:52:52+0800,35.930,plan_received,id=199; source=/received_global_plan; points=19; frame=wamv/wamv/base_link; world_frame=camera_init
2026-09-01T14:52:52+0800,36.030,plan_received,id=200; source=/received_global_plan; points=19; frame=wamv/wamv/base_link; world_frame=camera_init
2026-09-01T14:52:52+0800,36.130,plan_received,id=201; source=/received_global_plan; points=19; frame=wamv/wamv/base_link; world_frame=camera_init
2026-09-01T14:52:52+0800,36.230,plan_received,id=202; source=/received_global_plan; points=19; frame=wamv/wamv/base_link; world_frame=camera_init
2026-09-01T14:52:52+0800,36.330,plan_received,id=203; source=/received_global_plan; points=19; frame=wamv/wamv/base_link; world_frame=camera_init
2026-09-01T14:52:53+0800,36.431,plan_received,id=204; source=/received_global_plan; points=19; frame=wamv/wamv/base_link; world_frame=camera_init
2026-09-01T14:52:53+0800,36.530,plan_received,id=205; source=/received_global_plan; points=19; frame=wamv/wamv/base_link; world_frame=camera_init
2026-09-01T14:52:53+0800,36.631,plan_received,id=206; source=/received_global_plan; points=19; frame=wamv/wamv/base_link; world_frame=camera_init
2026-09-01T14:52:53+0800,36.730,plan_received,id=207; source=/received_global_plan; points=19; frame=wamv/wamv/base_link; world_frame=camera_init
2026-09-01T14:52:53+0800,36.830,plan_received,id=208; source=/received_global_plan; points=19; frame=wamv/wamv/base_link; world_frame=camera_init
2026-09-01T14:52:53+0800,36.930,plan_received,id=209; source=/received_global_plan; points=19; frame=wamv/wamv/base_link; world_frame=camera_init
2026-09-01T14:52:53+0800,37.031,plan_received,id=210; source=/received_global_plan; points=19; frame=wamv/wamv/base_link; world_frame=camera_init
2026-09-01T14:52:53+0800,37.109,plan_received,id=211; source=/plan; points=19; frame=camera_init; world_frame=camera_init
2026-09-01T14:52:53+0800,37.110,plan_received,id=212; source=/unsmoothed_plan; points=19; frame=camera_init; world_frame=camera_init
2026-09-01T14:52:53+0800,37.131,plan_received,id=213; source=/received_global_plan; points=19; frame=wamv/wamv/base_link; world_frame=camera_init
2026-09-01T14:52:53+0800,37.230,plan_received,id=214; source=/received_global_plan; points=19; frame=wamv/wamv/base_link; world_frame=camera_init
2026-09-01T14:52:53+0800,37.330,plan_received,id=215; source=/received_global_plan; points=19; frame=wamv/wamv/base_link; world_frame=camera_init
2026-09-01T14:52:54+0800,37.430,plan_received,id=216; source=/received_global_plan; points=19; frame=wamv/wamv/base_link; world_frame=camera_init
2026-09-01T14:52:54+0800,37.530,plan_received,id=217; source=/received_global_plan; points=19; frame=wamv/wamv/base_link; world_frame=camera_init
2026-09-01T14:52:54+0800,37.630,plan_received,id=218; source=/received_global_plan; points=19; frame=wamv/wamv/base_link; world_frame=camera_init
2026-09-01T14:52:54+0800,37.730,plan_received,id=219; source=/received_global_plan; points=19; frame=wamv/wamv/base_link; world_frame=camera_init
2026-09-01T14:52:54+0800,37.829,plan_received,id=220; source=/received_global_plan; points=19; frame=wamv/wamv/base_link; world_frame=camera_init
2026-09-01T14:52:54+0800,37.930,plan_received,id=221; source=/received_global_plan; points=19; frame=wamv/wamv/base_link; world_frame=camera_init
2026-09-01T14:52:54+0800,38.031,plan_received,id=222; source=/received_global_plan; points=19; frame=wamv/wamv/base_link; world_frame=camera_init
2026-09-01T14:52:54+0800,38.131,plan_received,id=223; source=/received_global_plan; points=19; frame=wamv/wamv/base_link; world_frame=camera_init
2026-09-01T14:52:54+0800,38.231,plan_received,id=224; source=/received_global_plan; points=19; frame=wamv/wamv/base_link; world_frame=camera_init
2026-09-01T14:52:54+0800,38.330,plan_received,id=225; source=/received_global_plan; points=19; frame=wamv/wamv/base_link; world_frame=camera_init
2026-09-01T14:52:55+0800,38.430,plan_received,id=226; source=/received_global_plan; points=19; frame=wamv/wamv/base_link; world_frame=camera_init
2026-09-01T14:52:55+0800,38.530,plan_received,id=227; source=/received_global_plan; points=19; frame=wamv/wamv/base_link; world_frame=camera_init
2026-09-01T14:52:55+0800,38.630,plan_received,id=228; source=/received_global_plan; points=19; frame=wamv/wamv/base_link; world_frame=camera_init
2026-09-01T14:52:55+0800,38.730,plan_received,id=229; source=/received_global_plan; points=19; frame=wamv/wamv/base_link; world_frame=camera_init
2026-09-01T14:52:55+0800,38.830,plan_received,id=230; source=/received_global_plan; points=19; frame=wamv/wamv/base_link; world_frame=camera_init
2026-09-01T14:52:55+0800,38.930,plan_received,id=231; source=/received_global_plan; points=19; frame=wamv/wamv/base_link; world_frame=camera_init
2026-09-01T14:52:55+0800,39.030,plan_received,id=232; source=/received_global_plan; points=19; frame=wamv/wamv/base_link; world_frame=camera_init
2026-09-01T14:52:55+0800,39.130,plan_received,id=233; source=/received_global_plan; points=19; frame=wamv/wamv/base_link; world_frame=camera_init
2026-09-01T14:52:55+0800,39.231,plan_received,id=234; source=/received_global_plan; points=19; frame=wamv/wamv/base_link; world_frame=camera_init
2026-09-01T14:52:55+0800,39.330,plan_received,id=235; source=/received_global_plan; points=19; frame=wamv/wamv/base_link; world_frame=camera_init
2026-09-01T14:52:56+0800,39.431,plan_received,id=236; source=/received_global_plan; points=19; frame=wamv/wamv/base_link; world_frame=camera_init
2026-09-01T14:52:56+0800,39.530,plan_received,id=237; source=/received_global_plan; points=19; frame=wamv/wamv/base_link; world_frame=camera_init
2026-09-01T14:52:56+0800,39.630,plan_received,id=238; source=/received_global_plan; points=19; frame=wamv/wamv/base_link; world_frame=camera_init
2026-09-01T14:52:56+0800,39.730,plan_received,id=239; source=/received_global_plan; points=19; frame=wamv/wamv/base_link; world_frame=camera_init
2026-09-01T14:52:56+0800,39.830,plan_received,id=240; source=/received_global_plan; points=19; frame=wamv/wamv/base_link; world_frame=camera_init
2026-09-01T14:52:56+0800,39.931,plan_received,id=241; source=/received_global_plan; points=19; frame=wamv/wamv/base_link; world_frame=camera_init
2026-09-01T14:52:56+0800,40.031,plan_received,id=242; source=/received_global_plan; points=19; frame=wamv/wamv/base_link; world_frame=camera_init
2026-09-01T14:52:56+0800,40.130,plan_received,id=243; source=/received_global_plan; points=19; frame=wamv/wamv/base_link; world_frame=camera_init
2026-09-01T14:52:56+0800,40.230,plan_received,id=244; source=/received_global_plan; points=19; frame=wamv/wamv/base_link; world_frame=camera_init
2026-09-01T14:52:56+0800,40.330,plan_received,id=245; source=/received_global_plan; points=19; frame=wamv/wamv/base_link; world_frame=camera_init
2026-09-01T14:52:57+0800,40.431,plan_received,id=246; source=/received_global_plan; points=19; frame=wamv/wamv/base_link; world_frame=camera_init
2026-09-01T14:52:57+0800,40.530,plan_received,id=247; source=/received_global_plan; points=19; frame=wamv/wamv/base_link; world_frame=camera_init
2026-09-01T14:52:57+0800,40.630,plan_received,id=248; source=/received_global_plan; points=19; frame=wamv/wamv/base_link; world_frame=camera_init
2026-09-01T14:52:57+0800,40.730,plan_received,id=249; source=/received_global_plan; points=19; frame=wamv/wamv/base_link; world_frame=camera_init
2026-09-01T14:52:57+0800,40.830,plan_received,id=250; source=/received_global_plan; points=19; frame=wamv/wamv/base_link; world_frame=camera_init
2026-09-01T14:52:57+0800,40.929,plan_received,id=251; source=/received_global_plan; points=19; frame=wamv/wamv/base_link; world_frame=camera_init
2026-09-01T14:52:57+0800,41.029,plan_received,id=252; source=/received_global_plan; points=19; frame=wamv/wamv/base_link; world_frame=camera_init
2026-09-01T14:52:57+0800,41.130,plan_received,id=253; source=/received_global_plan; points=19; frame=wamv/wamv/base_link; world_frame=camera_init
2026-09-01T14:52:57+0800,41.140,plan_received,id=254; source=/plan; points=19; frame=camera_init; world_frame=camera_init
2026-09-01T14:52:57+0800,41.140,plan_received,id=255; source=/unsmoothed_plan; points=19; frame=camera_init; world_frame=camera_init
2026-09-01T14:52:57+0800,41.230,plan_received,id=256; source=/received_global_plan; points=19; frame=wamv/wamv/base_link; world_frame=camera_init
2026-09-01T14:52:57+0800,41.330,plan_received,id=257; source=/received_global_plan; points=19; frame=wamv/wamv/base_link; world_frame=camera_init
2026-09-01T14:52:58+0800,41.430,plan_received,id=258; source=/received_global_plan; points=19; frame=wamv/wamv/base_link; world_frame=camera_init
2026-09-01T14:52:58+0800,41.530,plan_received,id=259; source=/received_global_plan; points=19; frame=wamv/wamv/base_link; world_frame=camera_init
2026-09-01T14:52:58+0800,41.630,plan_received,id=260; source=/received_global_plan; points=19; frame=wamv/wamv/base_link; world_frame=camera_init
2026-09-01T14:52:58+0800,41.730,plan_received,id=261; source=/received_global_plan; points=19; frame=wamv/wamv/base_link; world_frame=camera_init
2026-09-01T14:52:58+0800,41.831,plan_received,id=262; source=/received_global_plan; points=19; frame=wamv/wamv/base_link; world_frame=camera_init
2026-09-01T14:52:58+0800,41.930,plan_received,id=263; source=/received_global_plan; points=19; frame=wamv/wamv/base_link; world_frame=camera_init
2026-09-01T14:52:58+0800,42.030,plan_received,id=264; source=/received_global_plan; points=19; frame=wamv/wamv/base_link; world_frame=camera_init
2026-09-01T14:52:58+0800,42.131,plan_received,id=265; source=/received_global_plan; points=19; frame=wamv/wamv/base_link; world_frame=camera_init
2026-09-01T14:52:58+0800,42.231,plan_received,id=266; source=/received_global_plan; points=19; frame=wamv/wamv/base_link; world_frame=camera_init
2026-09-01T14:52:58+0800,42.330,plan_received,id=267; source=/received_global_plan; points=19; frame=wamv/wamv/base_link; world_frame=camera_init
2026-09-01T14:52:59+0800,42.431,plan_received,id=268; source=/received_global_plan; points=19; frame=wamv/wamv/base_link; world_frame=camera_init
2026-09-01T14:52:59+0800,42.530,plan_received,id=269; source=/received_global_plan; points=19; frame=wamv/wamv/base_link; world_frame=camera_init
2026-09-01T14:52:59+0800,42.631,plan_received,id=270; source=/received_global_plan; points=19; frame=wamv/wamv/base_link; world_frame=camera_init
2026-09-01T14:52:59+0800,42.730,plan_received,id=271; source=/received_global_plan; points=19; frame=wamv/wamv/base_link; world_frame=camera_init
2026-09-01T14:52:59+0800,42.831,plan_received,id=272; source=/received_global_plan; points=19; frame=wamv/wamv/base_link; world_frame=camera_init
2026-09-01T14:52:59+0800,42.931,plan_received,id=273; source=/received_global_plan; points=19; frame=wamv/wamv/base_link; world_frame=camera_init
2026-09-01T14:52:59+0800,43.030,plan_received,id=274; source=/received_global_plan; points=19; frame=wamv/wamv/base_link; world_frame=camera_init
2026-09-01T14:52:59+0800,43.130,plan_received,id=275; source=/received_global_plan; points=19; frame=wamv/wamv/base_link; world_frame=camera_init
2026-09-01T14:52:59+0800,43.230,plan_received,id=276; source=/received_global_plan; points=19; frame=wamv/wamv/base_link; world_frame=camera_init
2026-09-01T14:52:59+0800,43.330,plan_received,id=277; source=/received_global_plan; points=19; frame=wamv/wamv/base_link; world_frame=camera_init
2026-09-01T14:53:00+0800,43.430,plan_received,id=278; source=/received_global_plan; points=19; frame=wamv/wamv/base_link; world_frame=camera_init
2026-09-01T14:53:02+0800,45.730,plan_received,id=279; source=/plan; points=19; frame=camera_init; world_frame=camera_init
2026-09-01T14:53:02+0800,45.731,plan_received,id=280; source=/unsmoothed_plan; points=19; frame=camera_init; world_frame=camera_init
2026-09-01T14:53:02+0800,45.749,plan_received,id=281; source=/received_global_plan; points=19; frame=wamv/wamv/base_link; world_frame=camera_init
2026-09-01T14:53:02+0800,45.850,plan_received,id=282; source=/received_global_plan; points=19; frame=wamv/wamv/base_link; world_frame=camera_init
2026-09-01T14:53:02+0800,45.949,plan_received,id=283; source=/received_global_plan; points=19; frame=wamv/wamv/base_link; world_frame=camera_init
2026-09-01T14:53:02+0800,46.050,plan_received,id=284; source=/received_global_plan; points=19; frame=wamv/wamv/base_link; world_frame=camera_init
2026-09-01T14:53:02+0800,46.149,plan_received,id=285; source=/received_global_plan; points=19; frame=wamv/wamv/base_link; world_frame=camera_init
2026-09-01T14:53:02+0800,46.249,plan_received,id=286; source=/received_global_plan; points=19; frame=wamv/wamv/base_link; world_frame=camera_init
2026-09-01T14:53:03+0800,46.350,plan_received,id=287; source=/received_global_plan; points=19; frame=wamv/wamv/base_link; world_frame=camera_init
2026-09-01T14:53:03+0800,46.450,plan_received,id=288; source=/received_global_plan; points=19; frame=wamv/wamv/base_link; world_frame=camera_init
2026-09-01T14:53:03+0800,46.550,plan_received,id=289; source=/received_global_plan; points=19; frame=wamv/wamv/base_link; world_frame=camera_init
2026-09-01T14:53:03+0800,46.650,plan_received,id=290; source=/received_global_plan; points=19; frame=wamv/wamv/base_link; world_frame=camera_init
2026-09-01T14:53:03+0800,46.750,plan_received,id=291; source=/received_global_plan; points=19; frame=wamv/wamv/base_link; world_frame=camera_init
2026-09-01T14:53:03+0800,46.849,plan_received,id=292; source=/received_global_plan; points=19; frame=wamv/wamv/base_link; world_frame=camera_init
2026-09-01T14:53:03+0800,46.949,plan_received,id=293; source=/received_global_plan; points=19; frame=wamv/wamv/base_link; world_frame=camera_init
2026-09-01T14:53:03+0800,47.049,plan_received,id=294; source=/received_global_plan; points=19; frame=wamv/wamv/base_link; world_frame=camera_init
2026-09-01T14:53:03+0800,47.148,plan_received,id=295; source=/received_global_plan; points=19; frame=wamv/wamv/base_link; world_frame=camera_init
2026-09-01T14:53:03+0800,47.250,plan_received,id=296; source=/received_global_plan; points=19; frame=wamv/wamv/base_link; world_frame=camera_init
2026-09-01T14:53:04+0800,47.350,plan_received,id=297; source=/received_global_plan; points=19; frame=wamv/wamv/base_link; world_frame=camera_init
2026-09-01T14:53:04+0800,47.450,plan_received,id=298; source=/received_global_plan; points=19; frame=wamv/wamv/base_link; world_frame=camera_init
2026-09-01T14:53:04+0800,47.549,plan_received,id=299; source=/received_global_plan; points=19; frame=wamv/wamv/base_link; world_frame=camera_init
2026-09-01T14:53:04+0800,47.649,plan_received,id=300; source=/received_global_plan; points=19; frame=wamv/wamv/base_link; world_frame=camera_init
2026-09-01T14:53:04+0800,47.749,plan_received,id=301; source=/received_global_plan; points=19; frame=wamv/wamv/base_link; world_frame=camera_init
2026-09-01T14:53:04+0800,47.848,plan_received,id=302; source=/received_global_plan; points=19; frame=wamv/wamv/base_link; world_frame=camera_init
2026-09-01T14:53:04+0800,47.949,plan_received,id=303; source=/received_global_plan; points=19; frame=wamv/wamv/base_link; world_frame=camera_init
2026-09-01T14:53:04+0800,48.049,plan_received,id=304; source=/received_global_plan; points=19; frame=wamv/wamv/base_link; world_frame=camera_init
2026-09-01T14:53:04+0800,48.149,plan_received,id=305; source=/received_global_plan; points=19; frame=wamv/wamv/base_link; world_frame=camera_init
2026-09-01T14:53:04+0800,48.248,plan_received,id=306; source=/received_global_plan; points=19; frame=wamv/wamv/base_link; world_frame=camera_init
2026-09-01T14:53:05+0800,48.349,plan_received,id=307; source=/received_global_plan; points=19; frame=wamv/wamv/base_link; world_frame=camera_init
2026-09-01T14:53:05+0800,48.449,plan_received,id=308; source=/received_global_plan; points=19; frame=wamv/wamv/base_link; world_frame=camera_init
2026-09-01T14:53:05+0800,48.549,plan_received,id=309; source=/received_global_plan; points=19; frame=wamv/wamv/base_link; world_frame=camera_init
2026-09-01T14:53:05+0800,48.649,plan_received,id=310; source=/received_global_plan; points=19; frame=wamv/wamv/base_link; world_frame=camera_init
2026-09-01T14:53:05+0800,48.749,plan_received,id=311; source=/received_global_plan; points=19; frame=wamv/wamv/base_link; world_frame=camera_init
2026-09-01T14:53:05+0800,48.849,plan_received,id=312; source=/received_global_plan; points=19; frame=wamv/wamv/base_link; world_frame=camera_init
2026-09-01T14:53:05+0800,48.949,plan_received,id=313; source=/received_global_plan; points=19; frame=wamv/wamv/base_link; world_frame=camera_init
2026-09-01T14:53:05+0800,49.049,plan_received,id=314; source=/received_global_plan; points=19; frame=wamv/wamv/base_link; world_frame=camera_init
2026-09-01T14:53:05+0800,49.149,plan_received,id=315; source=/received_global_plan; points=19; frame=wamv/wamv/base_link; world_frame=camera_init
2026-09-01T14:53:05+0800,49.249,plan_received,id=316; source=/received_global_plan; points=19; frame=wamv/wamv/base_link; world_frame=camera_init
2026-09-01T14:53:06+0800,49.349,plan_received,id=317; source=/received_global_plan; points=19; frame=wamv/wamv/base_link; world_frame=camera_init
2026-09-01T14:53:06+0800,49.449,plan_received,id=318; source=/received_global_plan; points=19; frame=wamv/wamv/base_link; world_frame=camera_init
2026-09-01T14:53:06+0800,49.550,plan_received,id=319; source=/received_global_plan; points=19; frame=wamv/wamv/base_link; world_frame=camera_init
2026-09-01T14:53:06+0800,49.650,plan_received,id=320; source=/received_global_plan; points=19; frame=wamv/wamv/base_link; world_frame=camera_init
2026-09-01T14:53:06+0800,49.749,plan_received,id=321; source=/received_global_plan; points=19; frame=wamv/wamv/base_link; world_frame=camera_init
2026-09-01T14:53:06+0800,49.759,plan_received,id=322; source=/plan; points=18; frame=camera_init; world_frame=camera_init
2026-09-01T14:53:06+0800,49.759,plan_received,id=323; source=/unsmoothed_plan; points=18; frame=camera_init; world_frame=camera_init
2026-09-01T14:53:06+0800,49.849,plan_received,id=324; source=/received_global_plan; points=18; frame=wamv/wamv/base_link; world_frame=camera_init
2026-09-01T14:53:06+0800,49.948,plan_received,id=325; source=/received_global_plan; points=18; frame=wamv/wamv/base_link; world_frame=camera_init
2026-09-01T14:53:06+0800,50.049,plan_received,id=326; source=/received_global_plan; points=18; frame=wamv/wamv/base_link; world_frame=camera_init
2026-09-01T14:53:06+0800,50.149,plan_received,id=327; source=/received_global_plan; points=18; frame=wamv/wamv/base_link; world_frame=camera_init
2026-09-01T14:53:06+0800,50.249,plan_received,id=328; source=/received_global_plan; points=18; frame=wamv/wamv/base_link; world_frame=camera_init
2026-09-01T14:53:07+0800,50.349,plan_received,id=329; source=/received_global_plan; points=18; frame=wamv/wamv/base_link; world_frame=camera_init
2026-09-01T14:53:07+0800,50.449,plan_received,id=330; source=/received_global_plan; points=18; frame=wamv/wamv/base_link; world_frame=camera_init
2026-09-01T14:53:07+0800,50.550,plan_received,id=331; source=/received_global_plan; points=18; frame=wamv/wamv/base_link; world_frame=camera_init
2026-09-01T14:53:07+0800,50.649,plan_received,id=332; source=/received_global_plan; points=18; frame=wamv/wamv/base_link; world_frame=camera_init
2026-09-01T14:53:07+0800,50.751,plan_received,id=333; source=/received_global_plan; points=18; frame=wamv/wamv/base_link; world_frame=camera_init
2026-09-01T14:53:07+0800,50.849,plan_received,id=334; source=/received_global_plan; points=18; frame=wamv/wamv/base_link; world_frame=camera_init
2026-09-01T14:53:07+0800,50.949,plan_received,id=335; source=/received_global_plan; points=18; frame=wamv/wamv/base_link; world_frame=camera_init
2026-09-01T14:53:07+0800,51.049,plan_received,id=336; source=/received_global_plan; points=18; frame=wamv/wamv/base_link; world_frame=camera_init
2026-09-01T14:53:07+0800,51.149,plan_received,id=337; source=/received_global_plan; points=18; frame=wamv/wamv/base_link; world_frame=camera_init
2026-09-01T14:53:07+0800,51.249,plan_received,id=338; source=/received_global_plan; points=18; frame=wamv/wamv/base_link; world_frame=camera_init
2026-09-01T14:53:08+0800,51.349,plan_received,id=339; source=/received_global_plan; points=18; frame=wamv/wamv/base_link; world_frame=camera_init
2026-09-01T14:53:08+0800,51.450,plan_received,id=340; source=/received_global_plan; points=18; frame=wamv/wamv/base_link; world_frame=camera_init
2026-09-01T14:53:08+0800,51.549,plan_received,id=341; source=/received_global_plan; points=18; frame=wamv/wamv/base_link; world_frame=camera_init
2026-09-01T14:53:08+0800,51.650,plan_received,id=342; source=/received_global_plan; points=18; frame=wamv/wamv/base_link; world_frame=camera_init
2026-09-01T14:53:08+0800,51.749,plan_received,id=343; source=/received_global_plan; points=18; frame=wamv/wamv/base_link; world_frame=camera_init
2026-09-01T14:53:08+0800,51.849,plan_received,id=344; source=/received_global_plan; points=18; frame=wamv/wamv/base_link; world_frame=camera_init
2026-09-01T14:53:08+0800,51.949,plan_received,id=345; source=/received_global_plan; points=18; frame=wamv/wamv/base_link; world_frame=camera_init
2026-09-01T14:53:08+0800,52.049,plan_received,id=346; source=/received_global_plan; points=18; frame=wamv/wamv/base_link; world_frame=camera_init
2026-09-01T14:53:08+0800,52.150,plan_received,id=347; source=/received_global_plan; points=18; frame=wamv/wamv/base_link; world_frame=camera_init
2026-09-01T14:53:08+0800,52.249,plan_received,id=348; source=/received_global_plan; points=18; frame=wamv/wamv/base_link; world_frame=camera_init
2026-09-01T14:53:09+0800,52.349,plan_received,id=349; source=/received_global_plan; points=18; frame=wamv/wamv/base_link; world_frame=camera_init
2026-09-01T14:53:09+0800,52.448,plan_received,id=350; source=/received_global_plan; points=18; frame=wamv/wamv/base_link; world_frame=camera_init
2026-09-01T14:53:09+0800,52.549,plan_received,id=351; source=/received_global_plan; points=18; frame=wamv/wamv/base_link; world_frame=camera_init
2026-09-01T14:53:09+0800,52.649,plan_received,id=352; source=/received_global_plan; points=18; frame=wamv/wamv/base_link; world_frame=camera_init
2026-09-01T14:53:09+0800,52.750,plan_received,id=353; source=/received_global_plan; points=18; frame=wamv/wamv/base_link; world_frame=camera_init
2026-09-01T14:53:09+0800,52.849,plan_received,id=354; source=/received_global_plan; points=18; frame=wamv/wamv/base_link; world_frame=camera_init
2026-09-01T14:53:09+0800,52.950,plan_received,id=355; source=/received_global_plan; points=18; frame=wamv/wamv/base_link; world_frame=camera_init
2026-09-01T14:53:09+0800,53.049,plan_received,id=356; source=/received_global_plan; points=18; frame=wamv/wamv/base_link; world_frame=camera_init
2026-09-01T14:53:09+0800,53.149,plan_received,id=357; source=/received_global_plan; points=18; frame=wamv/wamv/base_link; world_frame=camera_init
2026-09-01T14:53:09+0800,53.250,plan_received,id=358; source=/received_global_plan; points=18; frame=wamv/wamv/base_link; world_frame=camera_init
2026-09-01T14:53:10+0800,53.351,plan_received,id=359; source=/received_global_plan; points=18; frame=wamv/wamv/base_link; world_frame=camera_init
2026-09-01T14:53:10+0800,53.449,plan_received,id=360; source=/received_global_plan; points=18; frame=wamv/wamv/base_link; world_frame=camera_init
2026-09-01T14:53:10+0800,53.550,plan_received,id=361; source=/received_global_plan; points=18; frame=wamv/wamv/base_link; world_frame=camera_init
2026-09-01T14:53:10+0800,53.649,plan_received,id=362; source=/received_global_plan; points=18; frame=wamv/wamv/base_link; world_frame=camera_init
2026-09-01T14:53:10+0800,53.749,plan_received,id=363; source=/received_global_plan; points=18; frame=wamv/wamv/base_link; world_frame=camera_init
2026-09-01T14:53:10+0800,53.790,plan_received,id=364; source=/plan; points=20; frame=camera_init; world_frame=camera_init
2026-09-01T14:53:10+0800,53.791,plan_received,id=365; source=/unsmoothed_plan; points=20; frame=camera_init; world_frame=camera_init
2026-09-01T14:53:10+0800,53.849,plan_received,id=366; source=/received_global_plan; points=20; frame=wamv/wamv/base_link; world_frame=camera_init
2026-09-01T14:53:10+0800,53.949,plan_received,id=367; source=/received_global_plan; points=20; frame=wamv/wamv/base_link; world_frame=camera_init
2026-09-01T14:53:10+0800,54.050,plan_received,id=368; source=/received_global_plan; points=20; frame=wamv/wamv/base_link; world_frame=camera_init
2026-09-01T14:53:10+0800,54.149,plan_received,id=369; source=/received_global_plan; points=20; frame=wamv/wamv/base_link; world_frame=camera_init
2026-09-01T14:53:10+0800,54.249,plan_received,id=370; source=/received_global_plan; points=20; frame=wamv/wamv/base_link; world_frame=camera_init
2026-09-01T14:53:11+0800,54.349,plan_received,id=371; source=/received_global_plan; points=20; frame=wamv/wamv/base_link; world_frame=camera_init
2026-09-01T14:53:11+0800,54.449,plan_received,id=372; source=/received_global_plan; points=20; frame=wamv/wamv/base_link; world_frame=camera_init
2026-09-01T14:53:11+0800,54.549,plan_received,id=373; source=/received_global_plan; points=20; frame=wamv/wamv/base_link; world_frame=camera_init
2026-09-01T14:53:11+0800,54.649,plan_received,id=374; source=/received_global_plan; points=20; frame=wamv/wamv/base_link; world_frame=camera_init
2026-09-01T14:53:11+0800,54.749,plan_received,id=375; source=/received_global_plan; points=20; frame=wamv/wamv/base_link; world_frame=camera_init
2026-09-01T14:53:11+0800,54.849,plan_received,id=376; source=/received_global_plan; points=20; frame=wamv/wamv/base_link; world_frame=camera_init
2026-09-01T14:53:11+0800,54.949,plan_received,id=377; source=/received_global_plan; points=20; frame=wamv/wamv/base_link; world_frame=camera_init
2026-09-01T14:53:11+0800,55.049,plan_received,id=378; source=/received_global_plan; points=20; frame=wamv/wamv/base_link; world_frame=camera_init
2026-09-01T14:53:11+0800,55.149,plan_received,id=379; source=/received_global_plan; points=20; frame=wamv/wamv/base_link; world_frame=camera_init
2026-09-01T14:53:11+0800,55.249,plan_received,id=380; source=/received_global_plan; points=20; frame=wamv/wamv/base_link; world_frame=camera_init
2026-09-01T14:53:12+0800,55.349,plan_received,id=381; source=/received_global_plan; points=20; frame=wamv/wamv/base_link; world_frame=camera_init
2026-09-01T14:53:12+0800,55.449,plan_received,id=382; source=/received_global_plan; points=20; frame=wamv/wamv/base_link; world_frame=camera_init
2026-09-01T14:53:12+0800,55.549,plan_received,id=383; source=/received_global_plan; points=20; frame=wamv/wamv/base_link; world_frame=camera_init
2026-09-01T14:53:12+0800,55.649,plan_received,id=384; source=/received_global_plan; points=20; frame=wamv/wamv/base_link; world_frame=camera_init
2026-09-01T14:53:12+0800,55.749,plan_received,id=385; source=/received_global_plan; points=20; frame=wamv/wamv/base_link; world_frame=camera_init
2026-09-01T14:53:12+0800,55.849,plan_received,id=386; source=/received_global_plan; points=20; frame=wamv/wamv/base_link; world_frame=camera_init
2026-09-01T14:53:12+0800,55.949,plan_received,id=387; source=/received_global_plan; points=20; frame=wamv/wamv/base_link; world_frame=camera_init
2026-09-01T14:53:12+0800,56.050,plan_received,id=388; source=/received_global_plan; points=20; frame=wamv/wamv/base_link; world_frame=camera_init
2026-09-01T14:53:12+0800,56.149,plan_received,id=389; source=/received_global_plan; points=20; frame=wamv/wamv/base_link; world_frame=camera_init
2026-09-01T14:53:12+0800,56.249,plan_received,id=390; source=/received_global_plan; points=20; frame=wamv/wamv/base_link; world_frame=camera_init
2026-09-01T14:53:13+0800,56.349,plan_received,id=391; source=/received_global_plan; points=20; frame=wamv/wamv/base_link; world_frame=camera_init
2026-09-01T14:53:13+0800,56.449,plan_received,id=392; source=/received_global_plan; points=20; frame=wamv/wamv/base_link; world_frame=camera_init
2026-09-01T14:53:13+0800,56.549,plan_received,id=393; source=/received_global_plan; points=20; frame=wamv/wamv/base_link; world_frame=camera_init
2026-09-01T14:53:13+0800,56.649,plan_received,id=394; source=/received_global_plan; points=20; frame=wamv/wamv/base_link; world_frame=camera_init
2026-09-01T14:53:13+0800,56.750,plan_received,id=395; source=/received_global_plan; points=20; frame=wamv/wamv/base_link; world_frame=camera_init
2026-09-01T14:53:13+0800,56.850,plan_received,id=396; source=/received_global_plan; points=20; frame=wamv/wamv/base_link; world_frame=camera_init
2026-09-01T14:53:13+0800,56.949,plan_received,id=397; source=/received_global_plan; points=20; frame=wamv/wamv/base_link; world_frame=camera_init
2026-09-01T14:53:13+0800,57.049,plan_received,id=398; source=/received_global_plan; points=20; frame=wamv/wamv/base_link; world_frame=camera_init
2026-09-01T14:53:13+0800,57.149,plan_received,id=399; source=/received_global_plan; points=20; frame=wamv/wamv/base_link; world_frame=camera_init
2026-09-01T14:53:13+0800,57.249,plan_received,id=400; source=/received_global_plan; points=20; frame=wamv/wamv/base_link; world_frame=camera_init
2026-09-01T14:53:14+0800,57.349,plan_received,id=401; source=/received_global_plan; points=20; frame=wamv/wamv/base_link; world_frame=camera_init
2026-09-01T14:53:14+0800,57.449,plan_received,id=402; source=/received_global_plan; points=20; frame=wamv/wamv/base_link; world_frame=camera_init
2026-09-01T14:53:14+0800,57.550,plan_received,id=403; source=/received_global_plan; points=20; frame=wamv/wamv/base_link; world_frame=camera_init
2026-09-01T14:53:14+0800,57.649,plan_received,id=404; source=/received_global_plan; points=20; frame=wamv/wamv/base_link; world_frame=camera_init
2026-09-01T14:53:14+0800,57.749,plan_received,id=405; source=/received_global_plan; points=20; frame=wamv/wamv/base_link; world_frame=camera_init
2026-09-01T14:53:14+0800,57.820,plan_received,id=406; source=/plan; points=19; frame=camera_init; world_frame=camera_init
2026-09-01T14:53:14+0800,57.821,plan_received,id=407; source=/unsmoothed_plan; points=19; frame=camera_init; world_frame=camera_init
2026-09-01T14:53:14+0800,57.849,plan_received,id=408; source=/received_global_plan; points=19; frame=wamv/wamv/base_link; world_frame=camera_init
2026-09-01T14:53:14+0800,57.949,plan_received,id=409; source=/received_global_plan; points=19; frame=wamv/wamv/base_link; world_frame=camera_init
2026-09-01T14:53:14+0800,58.049,plan_received,id=410; source=/received_global_plan; points=19; frame=wamv/wamv/base_link; world_frame=camera_init
2026-09-01T14:53:14+0800,58.329,plan_received,id=411; source=/received_global_plan; points=19; frame=wamv/wamv/base_link; world_frame=camera_init
2026-09-01T14:53:14+0800,58.330,plan_received,id=412; source=/received_global_plan; points=19; frame=wamv/wamv/base_link; world_frame=camera_init
2026-09-01T14:53:15+0800,58.430,plan_received,id=413; source=/received_global_plan; points=19; frame=wamv/wamv/base_link; world_frame=camera_init
2026-09-01T14:53:15+0800,58.530,plan_received,id=414; source=/received_global_plan; points=19; frame=wamv/wamv/base_link; world_frame=camera_init
2026-09-01T14:53:15+0800,58.631,plan_received,id=415; source=/received_global_plan; points=19; frame=wamv/wamv/base_link; world_frame=camera_init
2026-09-01T14:53:15+0800,58.730,plan_received,id=416; source=/received_global_plan; points=19; frame=wamv/wamv/base_link; world_frame=camera_init
2026-09-01T14:53:15+0800,58.830,plan_received,id=417; source=/received_global_plan; points=19; frame=wamv/wamv/base_link; world_frame=camera_init
2026-09-01T14:53:15+0800,58.930,plan_received,id=418; source=/received_global_plan; points=19; frame=wamv/wamv/base_link; world_frame=camera_init
2026-09-01T14:53:15+0800,59.031,plan_received,id=419; source=/received_global_plan; points=19; frame=wamv/wamv/base_link; world_frame=camera_init
2026-09-01T14:53:15+0800,59.130,plan_received,id=420; source=/received_global_plan; points=19; frame=wamv/wamv/base_link; world_frame=camera_init
2026-09-01T14:53:15+0800,59.231,plan_received,id=421; source=/received_global_plan; points=19; frame=wamv/wamv/base_link; world_frame=camera_init
2026-09-01T14:53:15+0800,59.330,plan_received,id=422; source=/received_global_plan; points=19; frame=wamv/wamv/base_link; world_frame=camera_init
2026-09-01T14:53:16+0800,59.440,plan_received,id=423; source=/received_global_plan; points=19; frame=wamv/wamv/base_link; world_frame=camera_init
2026-09-01T14:53:16+0800,59.530,plan_received,id=424; source=/received_global_plan; points=19; frame=wamv/wamv/base_link; world_frame=camera_init
2026-09-01T14:53:16+0800,59.630,plan_received,id=425; source=/received_global_plan; points=19; frame=wamv/wamv/base_link; world_frame=camera_init
2026-09-01T14:53:16+0800,59.730,plan_received,id=426; source=/received_global_plan; points=19; frame=wamv/wamv/base_link; world_frame=camera_init
2026-09-01T14:53:16+0800,59.831,plan_received,id=427; source=/received_global_plan; points=19; frame=wamv/wamv/base_link; world_frame=camera_init
2026-09-01T14:53:16+0800,59.931,plan_received,id=428; source=/received_global_plan; points=19; frame=wamv/wamv/base_link; world_frame=camera_init
2026-09-01T14:53:16+0800,60.030,plan_received,id=429; source=/received_global_plan; points=19; frame=wamv/wamv/base_link; world_frame=camera_init
2026-09-01T14:53:16+0800,60.130,plan_received,id=430; source=/received_global_plan; points=19; frame=wamv/wamv/base_link; world_frame=camera_init
2026-09-01T14:53:16+0800,60.230,plan_received,id=431; source=/received_global_plan; points=19; frame=wamv/wamv/base_link; world_frame=camera_init
2026-09-01T14:53:16+0800,60.330,plan_received,id=432; source=/received_global_plan; points=19; frame=wamv/wamv/base_link; world_frame=camera_init
2026-09-01T14:53:17+0800,60.430,plan_received,id=433; source=/received_global_plan; points=19; frame=wamv/wamv/base_link; world_frame=camera_init
2026-09-01T14:53:17+0800,60.530,plan_received,id=434; source=/received_global_plan; points=19; frame=wamv/wamv/base_link; world_frame=camera_init
2026-09-01T14:53:17+0800,60.630,plan_received,id=435; source=/received_global_plan; points=19; frame=wamv/wamv/base_link; world_frame=camera_init
2026-09-01T14:53:17+0800,60.730,plan_received,id=436; source=/received_global_plan; points=19; frame=wamv/wamv/base_link; world_frame=camera_init
2026-09-01T14:53:17+0800,60.831,plan_received,id=437; source=/received_global_plan; points=19; frame=wamv/wamv/base_link; world_frame=camera_init
2026-09-01T14:53:17+0800,60.930,plan_received,id=438; source=/received_global_plan; points=19; frame=wamv/wamv/base_link; world_frame=camera_init
2026-09-01T14:53:17+0800,61.033,plan_received,id=439; source=/received_global_plan; points=19; frame=wamv/wamv/base_link; world_frame=camera_init
2026-09-01T14:53:17+0800,61.130,plan_received,id=440; source=/received_global_plan; points=19; frame=wamv/wamv/base_link; world_frame=camera_init
2026-09-01T14:53:17+0800,61.230,plan_received,id=441; source=/received_global_plan; points=19; frame=wamv/wamv/base_link; world_frame=camera_init
2026-09-01T14:53:17+0800,61.330,plan_received,id=442; source=/received_global_plan; points=19; frame=wamv/wamv/base_link; world_frame=camera_init
2026-09-01T14:53:18+0800,61.430,plan_received,id=443; source=/received_global_plan; points=19; frame=wamv/wamv/base_link; world_frame=camera_init
2026-09-01T14:53:18+0800,61.530,plan_received,id=444; source=/received_global_plan; points=19; frame=wamv/wamv/base_link; world_frame=camera_init
2026-09-01T14:53:18+0800,61.630,plan_received,id=445; source=/received_global_plan; points=19; frame=wamv/wamv/base_link; world_frame=camera_init
2026-09-01T14:53:18+0800,61.730,plan_received,id=446; source=/received_global_plan; points=19; frame=wamv/wamv/base_link; world_frame=camera_init
2026-09-01T14:53:18+0800,61.830,plan_received,id=447; source=/received_global_plan; points=19; frame=wamv/wamv/base_link; world_frame=camera_init
2026-09-01T14:53:18+0800,61.839,plan_received,id=448; source=/unsmoothed_plan; points=18; frame=camera_init; world_frame=camera_init
2026-09-01T14:53:18+0800,61.840,plan_received,id=449; source=/plan; points=18; frame=camera_init; world_frame=camera_init
2026-09-01T14:53:18+0800,61.930,plan_received,id=450; source=/received_global_plan; points=18; frame=wamv/wamv/base_link; world_frame=camera_init
2026-09-01T14:53:18+0800,62.030,plan_received,id=451; source=/received_global_plan; points=18; frame=wamv/wamv/base_link; world_frame=camera_init
2026-09-01T14:53:18+0800,62.131,plan_received,id=452; source=/received_global_plan; points=18; frame=wamv/wamv/base_link; world_frame=camera_init
2026-09-01T14:53:18+0800,62.230,plan_received,id=453; source=/received_global_plan; points=18; frame=wamv/wamv/base_link; world_frame=camera_init
2026-09-01T14:53:18+0800,62.330,plan_received,id=454; source=/received_global_plan; points=18; frame=wamv/wamv/base_link; world_frame=camera_init
2026-09-01T14:53:19+0800,62.430,plan_received,id=455; source=/received_global_plan; points=18; frame=wamv/wamv/base_link; world_frame=camera_init
2026-09-01T14:53:19+0800,62.530,plan_received,id=456; source=/received_global_plan; points=18; frame=wamv/wamv/base_link; world_frame=camera_init
2026-09-01T14:53:19+0800,62.630,plan_received,id=457; source=/received_global_plan; points=18; frame=wamv/wamv/base_link; world_frame=camera_init
2026-09-01T14:53:19+0800,62.730,plan_received,id=458; source=/received_global_plan; points=18; frame=wamv/wamv/base_link; world_frame=camera_init
2026-09-01T14:53:19+0800,62.830,plan_received,id=459; source=/received_global_plan; points=18; frame=wamv/wamv/base_link; world_frame=camera_init
2026-09-01T14:53:19+0800,62.946,plan_received,id=460; source=/received_global_plan; points=18; frame=wamv/wamv/base_link; world_frame=camera_init
2026-09-01T14:53:19+0800,63.030,plan_received,id=461; source=/received_global_plan; points=18; frame=wamv/wamv/base_link; world_frame=camera_init
2026-09-01T14:53:19+0800,63.130,plan_received,id=462; source=/received_global_plan; points=18; frame=wamv/wamv/base_link; world_frame=camera_init
2026-09-01T14:53:19+0800,63.230,plan_received,id=463; source=/received_global_plan; points=18; frame=wamv/wamv/base_link; world_frame=camera_init
2026-09-01T14:53:19+0800,63.330,plan_received,id=464; source=/received_global_plan; points=18; frame=wamv/wamv/base_link; world_frame=camera_init
2026-09-01T14:53:20+0800,63.430,plan_received,id=465; source=/received_global_plan; points=18; frame=wamv/wamv/base_link; world_frame=camera_init
2026-09-01T14:53:20+0800,63.530,plan_received,id=466; source=/received_global_plan; points=18; frame=wamv/wamv/base_link; world_frame=camera_init
2026-09-01T14:53:20+0800,63.630,plan_received,id=467; source=/received_global_plan; points=18; frame=wamv/wamv/base_link; world_frame=camera_init
2026-09-01T14:53:20+0800,63.730,plan_received,id=468; source=/received_global_plan; points=18; frame=wamv/wamv/base_link; world_frame=camera_init
2026-09-01T14:53:20+0800,63.830,plan_received,id=469; source=/received_global_plan; points=18; frame=wamv/wamv/base_link; world_frame=camera_init
2026-09-01T14:53:20+0800,63.931,plan_received,id=470; source=/received_global_plan; points=18; frame=wamv/wamv/base_link; world_frame=camera_init
2026-09-01T14:53:20+0800,64.030,plan_received,id=471; source=/received_global_plan; points=18; frame=wamv/wamv/base_link; world_frame=camera_init
2026-09-01T14:53:20+0800,64.130,plan_received,id=472; source=/received_global_plan; points=18; frame=wamv/wamv/base_link; world_frame=camera_init
2026-09-01T14:53:20+0800,64.230,plan_received,id=473; source=/received_global_plan; points=18; frame=wamv/wamv/base_link; world_frame=camera_init
2026-09-01T14:53:20+0800,64.331,plan_received,id=474; source=/received_global_plan; points=18; frame=wamv/wamv/base_link; world_frame=camera_init
2026-09-01T14:53:21+0800,64.430,plan_received,id=475; source=/received_global_plan; points=18; frame=wamv/wamv/base_link; world_frame=camera_init
2026-09-01T14:53:21+0800,64.530,plan_received,id=476; source=/received_global_plan; points=18; frame=wamv/wamv/base_link; world_frame=camera_init
2026-09-01T14:53:21+0800,64.631,plan_received,id=477; source=/received_global_plan; points=18; frame=wamv/wamv/base_link; world_frame=camera_init
2026-09-01T14:53:21+0800,64.731,plan_received,id=478; source=/received_global_plan; points=18; frame=wamv/wamv/base_link; world_frame=camera_init
2026-09-01T14:53:21+0800,64.830,plan_received,id=479; source=/received_global_plan; points=18; frame=wamv/wamv/base_link; world_frame=camera_init
2026-09-01T14:53:21+0800,64.930,plan_received,id=480; source=/received_global_plan; points=18; frame=wamv/wamv/base_link; world_frame=camera_init
2026-09-01T14:53:21+0800,65.030,plan_received,id=481; source=/received_global_plan; points=18; frame=wamv/wamv/base_link; world_frame=camera_init
2026-09-01T14:53:21+0800,65.130,plan_received,id=482; source=/received_global_plan; points=18; frame=wamv/wamv/base_link; world_frame=camera_init
2026-09-01T14:53:21+0800,65.231,plan_received,id=483; source=/received_global_plan; points=18; frame=wamv/wamv/base_link; world_frame=camera_init
2026-09-01T14:53:21+0800,65.330,plan_received,id=484; source=/received_global_plan; points=18; frame=wamv/wamv/base_link; world_frame=camera_init
2026-09-01T14:53:22+0800,65.430,plan_received,id=485; source=/received_global_plan; points=18; frame=wamv/wamv/base_link; world_frame=camera_init
2026-09-01T14:53:22+0800,65.530,plan_received,id=486; source=/received_global_plan; points=18; frame=wamv/wamv/base_link; world_frame=camera_init
2026-09-01T14:53:22+0800,65.630,plan_received,id=487; source=/received_global_plan; points=18; frame=wamv/wamv/base_link; world_frame=camera_init
2026-09-01T14:53:22+0800,65.730,plan_received,id=488; source=/received_global_plan; points=18; frame=wamv/wamv/base_link; world_frame=camera_init
2026-09-01T14:53:22+0800,65.830,plan_received,id=489; source=/received_global_plan; points=18; frame=wamv/wamv/base_link; world_frame=camera_init
2026-09-01T14:53:22+0800,65.867,plan_received,id=490; source=/plan; points=19; frame=camera_init; world_frame=camera_init
2026-09-01T14:53:22+0800,65.868,plan_received,id=491; source=/unsmoothed_plan; points=19; frame=camera_init; world_frame=camera_init
2026-09-01T14:53:22+0800,65.930,plan_received,id=492; source=/received_global_plan; points=19; frame=wamv/wamv/base_link; world_frame=camera_init
2026-09-01T14:53:22+0800,66.031,plan_received,id=493; source=/received_global_plan; points=19; frame=wamv/wamv/base_link; world_frame=camera_init
2026-09-01T14:53:22+0800,66.130,plan_received,id=494; source=/received_global_plan; points=19; frame=wamv/wamv/base_link; world_frame=camera_init
2026-09-01T14:53:22+0800,66.230,plan_received,id=495; source=/received_global_plan; points=19; frame=wamv/wamv/base_link; world_frame=camera_init
2026-09-01T14:53:22+0800,66.330,plan_received,id=496; source=/received_global_plan; points=19; frame=wamv/wamv/base_link; world_frame=camera_init
2026-09-01T14:53:23+0800,66.429,plan_received,id=497; source=/received_global_plan; points=19; frame=wamv/wamv/base_link; world_frame=camera_init
2026-09-01T14:53:23+0800,66.531,plan_received,id=498; source=/received_global_plan; points=19; frame=wamv/wamv/base_link; world_frame=camera_init
2026-09-01T14:53:23+0800,66.630,plan_received,id=499; source=/received_global_plan; points=19; frame=wamv/wamv/base_link; world_frame=camera_init
2026-09-01T14:53:23+0800,66.730,plan_received,id=500; source=/received_global_plan; points=19; frame=wamv/wamv/base_link; world_frame=camera_init
2026-09-01T14:53:23+0800,66.830,plan_received,id=501; source=/received_global_plan; points=19; frame=wamv/wamv/base_link; world_frame=camera_init
2026-09-01T14:53:23+0800,66.931,plan_received,id=502; source=/received_global_plan; points=19; frame=wamv/wamv/base_link; world_frame=camera_init
2026-09-01T14:53:23+0800,67.030,plan_received,id=503; source=/received_global_plan; points=19; frame=wamv/wamv/base_link; world_frame=camera_init
2026-09-01T14:53:23+0800,67.130,plan_received,id=504; source=/received_global_plan; points=19; frame=wamv/wamv/base_link; world_frame=camera_init
2026-09-01T14:53:23+0800,67.230,plan_received,id=505; source=/received_global_plan; points=19; frame=wamv/wamv/base_link; world_frame=camera_init
2026-09-01T14:53:26+0800,69.766,plan_received,id=506; source=/plan; points=20; frame=camera_init; world_frame=camera_init
2026-09-01T14:53:26+0800,69.767,plan_received,id=507; source=/unsmoothed_plan; points=20; frame=camera_init; world_frame=camera_init
2026-09-01T14:53:26+0800,69.787,plan_received,id=508; source=/received_global_plan; points=20; frame=wamv/wamv/base_link; world_frame=camera_init
2026-09-01T14:53:26+0800,69.888,plan_received,id=509; source=/received_global_plan; points=20; frame=wamv/wamv/base_link; world_frame=camera_init
2026-09-01T14:53:26+0800,69.987,plan_received,id=510; source=/received_global_plan; points=20; frame=wamv/wamv/base_link; world_frame=camera_init
2026-09-01T14:53:26+0800,70.088,plan_received,id=511; source=/received_global_plan; points=20; frame=wamv/wamv/base_link; world_frame=camera_init
2026-09-01T14:53:26+0800,70.187,plan_received,id=512; source=/received_global_plan; points=20; frame=wamv/wamv/base_link; world_frame=camera_init
2026-09-01T14:53:26+0800,70.287,plan_received,id=513; source=/received_global_plan; points=20; frame=wamv/wamv/base_link; world_frame=camera_init
2026-09-01T14:53:27+0800,70.387,plan_received,id=514; source=/received_global_plan; points=20; frame=wamv/wamv/base_link; world_frame=camera_init
2026-09-01T14:53:27+0800,70.487,plan_received,id=515; source=/received_global_plan; points=20; frame=wamv/wamv/base_link; world_frame=camera_init
2026-09-01T14:53:27+0800,70.587,plan_received,id=516; source=/received_global_plan; points=20; frame=wamv/wamv/base_link; world_frame=camera_init
2026-09-01T14:53:27+0800,70.687,plan_received,id=517; source=/received_global_plan; points=20; frame=wamv/wamv/base_link; world_frame=camera_init
2026-09-01T14:53:27+0800,70.787,plan_received,id=518; source=/received_global_plan; points=20; frame=wamv/wamv/base_link; world_frame=camera_init
2026-09-01T14:53:27+0800,70.887,plan_received,id=519; source=/received_global_plan; points=20; frame=wamv/wamv/base_link; world_frame=camera_init
2026-09-01T14:53:27+0800,70.987,plan_received,id=520; source=/received_global_plan; points=20; frame=wamv/wamv/base_link; world_frame=camera_init
2026-09-01T14:53:27+0800,71.087,plan_received,id=521; source=/received_global_plan; points=20; frame=wamv/wamv/base_link; world_frame=camera_init
2026-09-01T14:53:27+0800,71.188,plan_received,id=522; source=/received_global_plan; points=20; frame=wamv/wamv/base_link; world_frame=camera_init
2026-09-01T14:53:27+0800,71.288,plan_received,id=523; source=/received_global_plan; points=20; frame=wamv/wamv/base_link; world_frame=camera_init
2026-09-01T14:53:28+0800,71.387,plan_received,id=524; source=/received_global_plan; points=20; frame=wamv/wamv/base_link; world_frame=camera_init
2026-09-01T14:53:28+0800,71.487,plan_received,id=525; source=/received_global_plan; points=20; frame=wamv/wamv/base_link; world_frame=camera_init
2026-09-01T14:53:28+0800,71.587,plan_received,id=526; source=/received_global_plan; points=20; frame=wamv/wamv/base_link; world_frame=camera_init
2026-09-01T14:53:28+0800,71.687,plan_received,id=527; source=/received_global_plan; points=20; frame=wamv/wamv/base_link; world_frame=camera_init
2026-09-01T14:53:28+0800,71.787,plan_received,id=528; source=/received_global_plan; points=20; frame=wamv/wamv/base_link; world_frame=camera_init
2026-09-01T14:53:28+0800,71.888,plan_received,id=529; source=/received_global_plan; points=20; frame=wamv/wamv/base_link; world_frame=camera_init
2026-09-01T14:53:28+0800,71.988,plan_received,id=530; source=/received_global_plan; points=20; frame=wamv/wamv/base_link; world_frame=camera_init
2026-09-01T14:53:28+0800,72.088,plan_received,id=531; source=/received_global_plan; points=20; frame=wamv/wamv/base_link; world_frame=camera_init
2026-09-01T14:53:28+0800,72.187,plan_received,id=532; source=/received_global_plan; points=20; frame=wamv/wamv/base_link; world_frame=camera_init
2026-09-01T14:53:28+0800,72.287,plan_received,id=533; source=/received_global_plan; points=20; frame=wamv/wamv/base_link; world_frame=camera_init
2026-09-01T14:53:29+0800,72.387,plan_received,id=534; source=/received_global_plan; points=20; frame=wamv/wamv/base_link; world_frame=camera_init
2026-09-01T14:53:29+0800,72.488,plan_received,id=535; source=/received_global_plan; points=20; frame=wamv/wamv/base_link; world_frame=camera_init
2026-09-01T14:53:29+0800,72.587,plan_received,id=536; source=/received_global_plan; points=20; frame=wamv/wamv/base_link; world_frame=camera_init
2026-09-01T14:53:29+0800,72.687,plan_received,id=537; source=/received_global_plan; points=20; frame=wamv/wamv/base_link; world_frame=camera_init
2026-09-01T14:53:29+0800,72.787,plan_received,id=538; source=/received_global_plan; points=20; frame=wamv/wamv/base_link; world_frame=camera_init
2026-09-01T14:53:29+0800,72.887,plan_received,id=539; source=/received_global_plan; points=20; frame=wamv/wamv/base_link; world_frame=camera_init
2026-09-01T14:53:29+0800,72.987,plan_received,id=540; source=/received_global_plan; points=20; frame=wamv/wamv/base_link; world_frame=camera_init
2026-09-01T14:53:29+0800,73.088,plan_received,id=541; source=/received_global_plan; points=20; frame=wamv/wamv/base_link; world_frame=camera_init
2026-09-01T14:53:29+0800,73.187,plan_received,id=542; source=/received_global_plan; points=20; frame=wamv/wamv/base_link; world_frame=camera_init
2026-09-01T14:53:29+0800,73.288,plan_received,id=543; source=/received_global_plan; points=20; frame=wamv/wamv/base_link; world_frame=camera_init
2026-09-01T14:53:30+0800,73.388,plan_received,id=544; source=/received_global_plan; points=20; frame=wamv/wamv/base_link; world_frame=camera_init
2026-09-01T14:53:30+0800,73.488,plan_received,id=545; source=/received_global_plan; points=20; frame=wamv/wamv/base_link; world_frame=camera_init
2026-09-01T14:53:30+0800,73.588,plan_received,id=546; source=/received_global_plan; points=20; frame=wamv/wamv/base_link; world_frame=camera_init
2026-09-01T14:53:30+0800,73.688,plan_received,id=547; source=/received_global_plan; points=20; frame=wamv/wamv/base_link; world_frame=camera_init
2026-09-01T14:53:30+0800,73.787,plan_received,id=548; source=/received_global_plan; points=20; frame=wamv/wamv/base_link; world_frame=camera_init
2026-09-01T14:53:30+0800,73.797,plan_received,id=549; source=/unsmoothed_plan; points=20; frame=camera_init; world_frame=camera_init
2026-09-01T14:53:30+0800,73.798,plan_received,id=550; source=/plan; points=20; frame=camera_init; world_frame=camera_init
2026-09-01T14:53:30+0800,73.888,plan_received,id=551; source=/received_global_plan; points=20; frame=wamv/wamv/base_link; world_frame=camera_init
2026-09-01T14:53:30+0800,73.988,plan_received,id=552; source=/received_global_plan; points=20; frame=wamv/wamv/base_link; world_frame=camera_init
2026-09-01T14:53:30+0800,74.089,plan_received,id=553; source=/received_global_plan; points=20; frame=wamv/wamv/base_link; world_frame=camera_init
2026-09-01T14:53:30+0800,74.187,plan_received,id=554; source=/received_global_plan; points=20; frame=wamv/wamv/base_link; world_frame=camera_init
2026-09-01T14:53:30+0800,74.288,plan_received,id=555; source=/received_global_plan; points=20; frame=wamv/wamv/base_link; world_frame=camera_init
2026-09-01T14:53:31+0800,74.387,plan_received,id=556; source=/received_global_plan; points=20; frame=wamv/wamv/base_link; world_frame=camera_init
2026-09-01T14:53:31+0800,74.487,plan_received,id=557; source=/received_global_plan; points=20; frame=wamv/wamv/base_link; world_frame=camera_init
2026-09-01T14:53:31+0800,74.587,plan_received,id=558; source=/received_global_plan; points=20; frame=wamv/wamv/base_link; world_frame=camera_init
2026-09-01T14:53:31+0800,74.687,plan_received,id=559; source=/received_global_plan; points=20; frame=wamv/wamv/base_link; world_frame=camera_init
2026-09-01T14:53:31+0800,74.788,plan_received,id=560; source=/received_global_plan; points=20; frame=wamv/wamv/base_link; world_frame=camera_init
2026-09-01T14:53:31+0800,74.888,plan_received,id=561; source=/received_global_plan; points=20; frame=wamv/wamv/base_link; world_frame=camera_init
2026-09-01T14:53:31+0800,74.988,plan_received,id=562; source=/received_global_plan; points=20; frame=wamv/wamv/base_link; world_frame=camera_init
2026-09-01T14:53:31+0800,75.088,plan_received,id=563; source=/received_global_plan; points=20; frame=wamv/wamv/base_link; world_frame=camera_init
2026-09-01T14:53:31+0800,75.187,plan_received,id=564; source=/received_global_plan; points=20; frame=wamv/wamv/base_link; world_frame=camera_init
2026-09-01T14:53:31+0800,75.288,plan_received,id=565; source=/received_global_plan; points=20; frame=wamv/wamv/base_link; world_frame=camera_init
2026-09-01T14:53:32+0800,75.388,plan_received,id=566; source=/received_global_plan; points=20; frame=wamv/wamv/base_link; world_frame=camera_init
2026-09-01T14:53:32+0800,75.488,plan_received,id=567; source=/received_global_plan; points=20; frame=wamv/wamv/base_link; world_frame=camera_init
2026-09-01T14:53:32+0800,75.588,plan_received,id=568; source=/received_global_plan; points=20; frame=wamv/wamv/base_link; world_frame=camera_init
2026-09-01T14:53:32+0800,75.688,plan_received,id=569; source=/received_global_plan; points=20; frame=wamv/wamv/base_link; world_frame=camera_init
2026-09-01T14:53:32+0800,75.787,plan_received,id=570; source=/received_global_plan; points=20; frame=wamv/wamv/base_link; world_frame=camera_init
2026-09-01T14:53:32+0800,75.888,plan_received,id=571; source=/received_global_plan; points=20; frame=wamv/wamv/base_link; world_frame=camera_init
2026-09-01T14:53:32+0800,75.988,plan_received,id=572; source=/received_global_plan; points=20; frame=wamv/wamv/base_link; world_frame=camera_init
2026-09-01T14:53:32+0800,76.087,plan_received,id=573; source=/received_global_plan; points=20; frame=wamv/wamv/base_link; world_frame=camera_init
2026-09-01T14:53:32+0800,76.188,plan_received,id=574; source=/received_global_plan; points=20; frame=wamv/wamv/base_link; world_frame=camera_init
2026-09-01T14:53:32+0800,76.288,plan_received,id=575; source=/received_global_plan; points=20; frame=wamv/wamv/base_link; world_frame=camera_init
2026-09-01T14:53:33+0800,76.388,plan_received,id=576; source=/received_global_plan; points=20; frame=wamv/wamv/base_link; world_frame=camera_init
2026-09-01T14:53:33+0800,76.487,plan_received,id=577; source=/received_global_plan; points=20; frame=wamv/wamv/base_link; world_frame=camera_init
2026-09-01T14:53:33+0800,76.587,plan_received,id=578; source=/received_global_plan; points=20; frame=wamv/wamv/base_link; world_frame=camera_init
2026-09-01T14:53:33+0800,76.687,plan_received,id=579; source=/received_global_plan; points=20; frame=wamv/wamv/base_link; world_frame=camera_init
2026-09-01T14:53:33+0800,76.788,plan_received,id=580; source=/received_global_plan; points=20; frame=wamv/wamv/base_link; world_frame=camera_init
2026-09-01T14:53:33+0800,76.888,plan_received,id=581; source=/received_global_plan; points=20; frame=wamv/wamv/base_link; world_frame=camera_init
2026-09-01T14:53:33+0800,76.988,plan_received,id=582; source=/received_global_plan; points=20; frame=wamv/wamv/base_link; world_frame=camera_init
2026-09-01T14:53:33+0800,77.088,plan_received,id=583; source=/received_global_plan; points=20; frame=wamv/wamv/base_link; world_frame=camera_init
2026-09-01T14:53:33+0800,77.188,plan_received,id=584; source=/received_global_plan; points=20; frame=wamv/wamv/base_link; world_frame=camera_init
2026-09-01T14:53:33+0800,77.288,plan_received,id=585; source=/received_global_plan; points=20; frame=wamv/wamv/base_link; world_frame=camera_init
2026-09-01T14:53:34+0800,77.388,plan_received,id=586; source=/received_global_plan; points=20; frame=wamv/wamv/base_link; world_frame=camera_init
2026-09-01T14:53:34+0800,77.488,plan_received,id=587; source=/received_global_plan; points=20; frame=wamv/wamv/base_link; world_frame=camera_init
2026-09-01T14:53:34+0800,77.588,plan_received,id=588; source=/received_global_plan; points=20; frame=wamv/wamv/base_link; world_frame=camera_init
2026-09-01T14:53:34+0800,77.688,plan_received,id=589; source=/received_global_plan; points=20; frame=wamv/wamv/base_link; world_frame=camera_init
2026-09-01T14:53:34+0800,77.787,plan_received,id=590; source=/received_global_plan; points=20; frame=wamv/wamv/base_link; world_frame=camera_init
2026-09-01T14:53:34+0800,77.827,plan_received,id=591; source=/plan; points=18; frame=camera_init; world_frame=camera_init
2026-09-01T14:53:34+0800,77.828,plan_received,id=592; source=/unsmoothed_plan; points=18; frame=camera_init; world_frame=camera_init
2026-09-01T14:53:34+0800,77.888,plan_received,id=593; source=/received_global_plan; points=18; frame=wamv/wamv/base_link; world_frame=camera_init
2026-09-01T14:53:34+0800,77.989,plan_received,id=594; source=/received_global_plan; points=18; frame=wamv/wamv/base_link; world_frame=camera_init
2026-09-01T14:53:34+0800,78.087,plan_received,id=595; source=/received_global_plan; points=18; frame=wamv/wamv/base_link; world_frame=camera_init
2026-09-01T14:53:34+0800,78.188,plan_received,id=596; source=/received_global_plan; points=18; frame=wamv/wamv/base_link; world_frame=camera_init
2026-09-01T14:53:34+0800,78.287,plan_received,id=597; source=/received_global_plan; points=18; frame=wamv/wamv/base_link; world_frame=camera_init
2026-09-01T14:53:35+0800,78.387,plan_received,id=598; source=/received_global_plan; points=18; frame=wamv/wamv/base_link; world_frame=camera_init
2026-09-01T14:53:35+0800,78.526,plan_received,id=599; source=/received_global_plan; points=18; frame=wamv/wamv/base_link; world_frame=camera_init
2026-09-01T14:53:35+0800,78.606,plan_received,id=600; source=/received_global_plan; points=18; frame=wamv/wamv/base_link; world_frame=camera_init
2026-09-01T14:53:35+0800,78.706,plan_received,id=601; source=/received_global_plan; points=18; frame=wamv/wamv/base_link; world_frame=camera_init
2026-09-01T14:53:35+0800,78.806,plan_received,id=602; source=/received_global_plan; points=18; frame=wamv/wamv/base_link; world_frame=camera_init
2026-09-01T14:53:35+0800,78.907,plan_received,id=603; source=/received_global_plan; points=18; frame=wamv/wamv/base_link; world_frame=camera_init
2026-09-01T14:53:35+0800,79.006,plan_received,id=604; source=/received_global_plan; points=18; frame=wamv/wamv/base_link; world_frame=camera_init
2026-09-01T14:53:35+0800,79.106,plan_received,id=605; source=/received_global_plan; points=18; frame=wamv/wamv/base_link; world_frame=camera_init
2026-09-01T14:53:35+0800,79.207,plan_received,id=606; source=/received_global_plan; points=18; frame=wamv/wamv/base_link; world_frame=camera_init
2026-09-01T14:53:35+0800,79.306,plan_received,id=607; source=/received_global_plan; points=18; frame=wamv/wamv/base_link; world_frame=camera_init
2026-09-01T14:53:36+0800,79.407,plan_received,id=608; source=/received_global_plan; points=18; frame=wamv/wamv/base_link; world_frame=camera_init
2026-09-01T14:53:36+0800,79.506,plan_received,id=609; source=/received_global_plan; points=18; frame=wamv/wamv/base_link; world_frame=camera_init
2026-09-01T14:53:36+0800,79.606,plan_received,id=610; source=/received_global_plan; points=18; frame=wamv/wamv/base_link; world_frame=camera_init
2026-09-01T14:53:36+0800,79.706,plan_received,id=611; source=/received_global_plan; points=18; frame=wamv/wamv/base_link; world_frame=camera_init
2026-09-01T14:53:36+0800,79.806,plan_received,id=612; source=/received_global_plan; points=18; frame=wamv/wamv/base_link; world_frame=camera_init
2026-09-01T14:53:36+0800,79.906,plan_received,id=613; source=/received_global_plan; points=18; frame=wamv/wamv/base_link; world_frame=camera_init
2026-09-01T14:53:36+0800,80.006,plan_received,id=614; source=/received_global_plan; points=18; frame=wamv/wamv/base_link; world_frame=camera_init
2026-09-01T14:53:36+0800,80.106,plan_received,id=615; source=/received_global_plan; points=18; frame=wamv/wamv/base_link; world_frame=camera_init
2026-09-01T14:53:36+0800,80.207,plan_received,id=616; source=/received_global_plan; points=18; frame=wamv/wamv/base_link; world_frame=camera_init
2026-09-01T14:53:36+0800,80.306,plan_received,id=617; source=/received_global_plan; points=18; frame=wamv/wamv/base_link; world_frame=camera_init
2026-09-01T14:53:37+0800,80.406,plan_received,id=618; source=/received_global_plan; points=18; frame=wamv/wamv/base_link; world_frame=camera_init
2026-09-01T14:53:37+0800,80.507,plan_received,id=619; source=/received_global_plan; points=18; frame=wamv/wamv/base_link; world_frame=camera_init
2026-09-01T14:53:37+0800,80.606,plan_received,id=620; source=/received_global_plan; points=18; frame=wamv/wamv/base_link; world_frame=camera_init
2026-09-01T14:53:37+0800,80.706,plan_received,id=621; source=/received_global_plan; points=18; frame=wamv/wamv/base_link; world_frame=camera_init
2026-09-01T14:53:37+0800,80.806,plan_received,id=622; source=/received_global_plan; points=18; frame=wamv/wamv/base_link; world_frame=camera_init
2026-09-01T14:53:37+0800,80.906,plan_received,id=623; source=/received_global_plan; points=18; frame=wamv/wamv/base_link; world_frame=camera_init
2026-09-01T14:53:37+0800,81.007,plan_received,id=624; source=/received_global_plan; points=18; frame=wamv/wamv/base_link; world_frame=camera_init
2026-09-01T14:53:37+0800,81.106,plan_received,id=625; source=/received_global_plan; points=18; frame=wamv/wamv/base_link; world_frame=camera_init
2026-09-01T14:53:37+0800,81.206,plan_received,id=626; source=/received_global_plan; points=18; frame=wamv/wamv/base_link; world_frame=camera_init
2026-09-01T14:53:37+0800,81.307,plan_received,id=627; source=/received_global_plan; points=18; frame=wamv/wamv/base_link; world_frame=camera_init
2026-09-01T14:53:38+0800,81.406,plan_received,id=628; source=/received_global_plan; points=18; frame=wamv/wamv/base_link; world_frame=camera_init
2026-09-01T14:53:38+0800,81.506,plan_received,id=629; source=/received_global_plan; points=18; frame=wamv/wamv/base_link; world_frame=camera_init
2026-09-01T14:53:38+0800,81.607,plan_received,id=630; source=/received_global_plan; points=18; frame=wamv/wamv/base_link; world_frame=camera_init
2026-09-01T14:53:38+0800,81.706,plan_received,id=631; source=/received_global_plan; points=18; frame=wamv/wamv/base_link; world_frame=camera_init
2026-09-01T14:53:38+0800,81.808,plan_received,id=632; source=/received_global_plan; points=18; frame=wamv/wamv/base_link; world_frame=camera_init
2026-09-01T14:53:38+0800,81.853,plan_received,id=633; source=/plan; points=21; frame=camera_init; world_frame=camera_init
2026-09-01T14:53:38+0800,81.854,plan_received,id=634; source=/unsmoothed_plan; points=21; frame=camera_init; world_frame=camera_init
2026-09-01T14:53:38+0800,81.907,plan_received,id=635; source=/received_global_plan; points=21; frame=wamv/wamv/base_link; world_frame=camera_init
2026-09-01T14:53:38+0800,82.007,plan_received,id=636; source=/received_global_plan; points=21; frame=wamv/wamv/base_link; world_frame=camera_init
2026-09-01T14:53:38+0800,82.108,plan_received,id=637; source=/received_global_plan; points=21; frame=wamv/wamv/base_link; world_frame=camera_init
2026-09-01T14:53:38+0800,82.207,plan_received,id=638; source=/received_global_plan; points=21; frame=wamv/wamv/base_link; world_frame=camera_init
2026-09-01T14:53:38+0800,82.306,plan_received,id=639; source=/received_global_plan; points=21; frame=wamv/wamv/base_link; world_frame=camera_init
2026-09-01T14:53:39+0800,82.409,plan_received,id=640; source=/received_global_plan; points=21; frame=wamv/wamv/base_link; world_frame=camera_init
2026-09-01T14:53:39+0800,82.507,plan_received,id=641; source=/received_global_plan; points=21; frame=wamv/wamv/base_link; world_frame=camera_init
2026-09-01T14:53:39+0800,82.607,plan_received,id=642; source=/received_global_plan; points=21; frame=wamv/wamv/base_link; world_frame=camera_init
2026-09-01T14:53:39+0800,82.707,plan_received,id=643; source=/received_global_plan; points=21; frame=wamv/wamv/base_link; world_frame=camera_init
2026-09-01T14:53:39+0800,82.806,plan_received,id=644; source=/received_global_plan; points=21; frame=wamv/wamv/base_link; world_frame=camera_init
2026-09-01T14:53:39+0800,82.906,plan_received,id=645; source=/received_global_plan; points=21; frame=wamv/wamv/base_link; world_frame=camera_init
2026-09-01T14:53:39+0800,83.006,plan_received,id=646; source=/received_global_plan; points=21; frame=wamv/wamv/base_link; world_frame=camera_init
2026-09-01T14:53:39+0800,83.106,plan_received,id=647; source=/received_global_plan; points=21; frame=wamv/wamv/base_link; world_frame=camera_init
2026-09-01T14:53:39+0800,83.206,plan_received,id=648; source=/received_global_plan; points=21; frame=wamv/wamv/base_link; world_frame=camera_init
2026-09-01T14:53:39+0800,83.306,plan_received,id=649; source=/received_global_plan; points=21; frame=wamv/wamv/base_link; world_frame=camera_init
2026-09-01T14:53:40+0800,83.406,plan_received,id=650; source=/received_global_plan; points=21; frame=wamv/wamv/base_link; world_frame=camera_init
2026-09-01T14:53:40+0800,83.506,plan_received,id=651; source=/received_global_plan; points=21; frame=wamv/wamv/base_link; world_frame=camera_init
2026-09-01T14:53:40+0800,83.606,plan_received,id=652; source=/received_global_plan; points=21; frame=wamv/wamv/base_link; world_frame=camera_init
2026-09-01T14:53:40+0800,83.706,plan_received,id=653; source=/received_global_plan; points=21; frame=wamv/wamv/base_link; world_frame=camera_init
2026-09-01T14:53:40+0800,83.806,plan_received,id=654; source=/received_global_plan; points=21; frame=wamv/wamv/base_link; world_frame=camera_init
2026-09-01T14:53:40+0800,83.906,plan_received,id=655; source=/received_global_plan; points=21; frame=wamv/wamv/base_link; world_frame=camera_init
2026-09-01T14:53:40+0800,84.006,plan_received,id=656; source=/received_global_plan; points=21; frame=wamv/wamv/base_link; world_frame=camera_init
2026-09-01T14:53:40+0800,84.106,plan_received,id=657; source=/received_global_plan; points=21; frame=wamv/wamv/base_link; world_frame=camera_init
2026-09-01T14:53:40+0800,84.207,plan_received,id=658; source=/received_global_plan; points=21; frame=wamv/wamv/base_link; world_frame=camera_init
2026-09-01T14:53:40+0800,84.307,plan_received,id=659; source=/received_global_plan; points=21; frame=wamv/wamv/base_link; world_frame=camera_init
2026-09-01T14:53:41+0800,84.407,plan_received,id=660; source=/received_global_plan; points=21; frame=wamv/wamv/base_link; world_frame=camera_init
2026-09-01T14:53:41+0800,84.507,plan_received,id=661; source=/received_global_plan; points=21; frame=wamv/wamv/base_link; world_frame=camera_init
2026-09-01T14:53:41+0800,84.606,plan_received,id=662; source=/received_global_plan; points=21; frame=wamv/wamv/base_link; world_frame=camera_init
2026-09-01T14:53:41+0800,84.706,plan_received,id=663; source=/received_global_plan; points=21; frame=wamv/wamv/base_link; world_frame=camera_init
2026-09-01T14:53:41+0800,84.806,plan_received,id=664; source=/received_global_plan; points=21; frame=wamv/wamv/base_link; world_frame=camera_init
2026-09-01T14:53:41+0800,84.906,plan_received,id=665; source=/received_global_plan; points=21; frame=wamv/wamv/base_link; world_frame=camera_init
2026-09-01T14:53:41+0800,85.007,plan_received,id=666; source=/received_global_plan; points=21; frame=wamv/wamv/base_link; world_frame=camera_init
2026-09-01T14:53:41+0800,85.107,plan_received,id=667; source=/received_global_plan; points=21; frame=wamv/wamv/base_link; world_frame=camera_init
2026-09-01T14:53:41+0800,85.206,plan_received,id=668; source=/received_global_plan; points=21; frame=wamv/wamv/base_link; world_frame=camera_init
2026-09-01T14:53:41+0800,85.306,plan_received,id=669; source=/received_global_plan; points=21; frame=wamv/wamv/base_link; world_frame=camera_init
2026-09-01T14:53:42+0800,85.406,plan_received,id=670; source=/received_global_plan; points=21; frame=wamv/wamv/base_link; world_frame=camera_init
2026-09-01T14:53:42+0800,85.506,plan_received,id=671; source=/received_global_plan; points=21; frame=wamv/wamv/base_link; world_frame=camera_init
2026-09-01T14:53:42+0800,85.606,plan_received,id=672; source=/received_global_plan; points=21; frame=wamv/wamv/base_link; world_frame=camera_init
2026-09-01T14:53:42+0800,85.706,plan_received,id=673; source=/received_global_plan; points=21; frame=wamv/wamv/base_link; world_frame=camera_init
2026-09-01T14:53:42+0800,85.806,plan_received,id=674; source=/received_global_plan; points=21; frame=wamv/wamv/base_link; world_frame=camera_init
2026-09-01T14:53:42+0800,85.883,plan_received,id=675; source=/unsmoothed_plan; points=21; frame=camera_init; world_frame=camera_init
2026-09-01T14:53:42+0800,85.884,plan_received,id=676; source=/plan; points=21; frame=camera_init; world_frame=camera_init
2026-09-01T14:53:42+0800,85.907,plan_received,id=677; source=/received_global_plan; points=21; frame=wamv/wamv/base_link; world_frame=camera_init
2026-09-01T14:53:42+0800,86.006,plan_received,id=678; source=/received_global_plan; points=21; frame=wamv/wamv/base_link; world_frame=camera_init
2026-09-01T14:53:42+0800,86.107,plan_received,id=679; source=/received_global_plan; points=21; frame=wamv/wamv/base_link; world_frame=camera_init
2026-09-01T14:53:42+0800,86.206,plan_received,id=680; source=/received_global_plan; points=21; frame=wamv/wamv/base_link; world_frame=camera_init
2026-09-01T14:53:42+0800,86.306,plan_received,id=681; source=/received_global_plan; points=21; frame=wamv/wamv/base_link; world_frame=camera_init
2026-09-01T14:53:43+0800,86.406,plan_received,id=682; source=/received_global_plan; points=21; frame=wamv/wamv/base_link; world_frame=camera_init
2026-09-01T14:53:43+0800,86.506,plan_received,id=683; source=/received_global_plan; points=21; frame=wamv/wamv/base_link; world_frame=camera_init
2026-09-01T14:53:43+0800,86.607,plan_received,id=684; source=/received_global_plan; points=21; frame=wamv/wamv/base_link; world_frame=camera_init
2026-09-01T14:53:43+0800,86.707,plan_received,id=685; source=/received_global_plan; points=21; frame=wamv/wamv/base_link; world_frame=camera_init
2026-09-01T14:53:43+0800,86.807,plan_received,id=686; source=/received_global_plan; points=21; frame=wamv/wamv/base_link; world_frame=camera_init
2026-09-01T14:53:43+0800,86.906,plan_received,id=687; source=/received_global_plan; points=21; frame=wamv/wamv/base_link; world_frame=camera_init
2026-09-01T14:53:43+0800,87.006,plan_received,id=688; source=/received_global_plan; points=21; frame=wamv/wamv/base_link; world_frame=camera_init
2026-09-01T14:53:43+0800,87.109,plan_received,id=689; source=/received_global_plan; points=21; frame=wamv/wamv/base_link; world_frame=camera_init
2026-09-01T14:53:43+0800,87.207,plan_received,id=690; source=/received_global_plan; points=21; frame=wamv/wamv/base_link; world_frame=camera_init
2026-09-01T14:53:43+0800,87.308,plan_received,id=691; source=/received_global_plan; points=21; frame=wamv/wamv/base_link; world_frame=camera_init
2026-09-01T14:53:44+0800,87.431,goal_status,ABORTED code=6; status_seq=4
2026-09-01T14:53:50+0800,93.887,recorder_stopped,
