wall_time,t,event,detail
2026-09-04T13:49:40+0800,0.000,recorder_started,prefix=/home/jkjkzhang/lidar_project/report3/data/static_plan_20260904_135000
2026-09-04T13:49:41+0800,1.172,goal_status,IDLE code=0; status_seq=1
2026-09-04T13:49:57+0800,17.500,goal_received,frame=camera_init; x=11.000; y=0.000
2026-09-04T13:49:57+0800,17.502,goal_status,QUEUED code=1; waiting for Nav2 action server; status_seq=2
2026-09-04T13:49:57+0800,17.526,goal_status,ACCEPTED code=1; Nav2 goal accepted; status_seq=3
2026-09-04T13:49:57+0800,17.529,plan_received,id=1; source=/unsmoothed_plan; points=21; frame=camera_init; world_frame=camera_init
2026-09-04T13:49:57+0800,17.531,plan_received,id=2; source=/plan; points=21; frame=camera_init; world_frame=camera_init
2026-09-04T13:49:58+0800,17.705,plan_received,id=2; source=/received_global_plan; points=21; frame=wamv/wamv/base_link; world_frame=camera_init
2026-09-04T13:49:58+0800,17.805,plan_received,id=2; source=/received_global_plan; points=21; frame=wamv/wamv/base_link; world_frame=camera_init
2026-09-04T13:49:58+0800,17.907,plan_received,id=2; source=/received_global_plan; points=21; frame=wamv/wamv/base_link; world_frame=camera_init
2026-09-04T13:49:58+0800,18.004,plan_received,id=2; source=/received_global_plan; points=21; frame=wamv/wamv/base_link; world_frame=camera_init
2026-09-04T13:49:58+0800,18.104,plan_received,id=2; source=/received_global_plan; points=21; frame=wamv/wamv/base_link; world_frame=camera_init
2026-09-04T13:49:58+0800,18.203,plan_received,id=2; source=/received_global_plan; points=21; frame=wamv/wamv/base_link; world_frame=camera_init
2026-09-04T13:49:58+0800,18.305,plan_received,id=2; source=/received_global_plan; points=21; frame=wamv/wamv/base_link; world_frame=camera_init
2026-09-04T13:49:58+0800,18.404,plan_received,id=2; source=/received_global_plan; points=21; frame=wamv/wamv/base_link; world_frame=camera_init
2026-09-04T13:49:58+0800,18.504,plan_received,id=2; source=/received_global_plan; points=21; frame=wamv/wamv/base_link; world_frame=camera_init
2026-09-04T13:49:58+0800,18.605,plan_received,id=2; source=/received_global_plan; points=21; frame=wamv/wamv/base_link; world_frame=camera_init
2026-09-04T13:49:59+0800,18.704,plan_received,id=2; source=/received_global_plan; points=21; frame=wamv/wamv/base_link; world_frame=camera_init
2026-09-04T13:49:59+0800,18.804,plan_received,id=2; source=/received_global_plan; points=21; frame=wamv/wamv/base_link; world_frame=camera_init
2026-09-04T13:49:59+0800,18.904,plan_received,id=2; source=/received_global_plan; points=21; frame=wamv/wamv/base_link; world_frame=camera_init
2026-09-04T13:49:59+0800,19.004,plan_received,id=2; source=/received_global_plan; points=21; frame=wamv/wamv/base_link; world_frame=camera_init
2026-09-04T13:49:59+0800,19.104,plan_received,id=2; source=/received_global_plan; points=21; frame=wamv/wamv/base_link; world_frame=camera_init
2026-09-04T13:49:59+0800,19.204,plan_received,id=2; source=/received_global_plan; points=21; frame=wamv/wamv/base_link; world_frame=camera_init
2026-09-04T13:49:59+0800,19.304,plan_received,id=2; source=/received_global_plan; points=21; frame=wamv/wamv/base_link; world_frame=camera_init
2026-09-04T13:49:59+0800,19.404,plan_received,id=2; source=/received_global_plan; points=21; frame=wamv/wamv/base_link; world_frame=camera_init
2026-09-04T13:49:59+0800,19.505,plan_received,id=2; source=/received_global_plan; points=21; frame=wamv/wamv/base_link; world_frame=camera_init
2026-09-04T13:49:59+0800,19.605,plan_received,id=2; source=/received_global_plan; points=21; frame=wamv/wamv/base_link; world_frame=camera_init
2026-09-04T13:50:00+0800,19.705,plan_received,id=2; source=/received_global_plan; points=21; frame=wamv/wamv/base_link; world_frame=camera_init
2026-09-04T13:50:00+0800,19.804,plan_received,id=2; source=/received_global_plan; points=21; frame=wamv/wamv/base_link; world_frame=camera_init
2026-09-04T13:50:00+0800,19.904,plan_received,id=2; source=/received_global_plan; points=19; frame=wamv/wamv/base_link; world_frame=camera_init
2026-09-04T13:50:00+0800,20.004,plan_received,id=2; source=/received_global_plan; points=19; frame=wamv/wamv/base_link; world_frame=camera_init
2026-09-04T13:50:00+0800,20.103,plan_received,id=2; source=/received_global_plan; points=19; frame=wamv/wamv/base_link; world_frame=camera_init
2026-09-04T13:50:00+0800,20.204,plan_received,id=2; source=/received_global_plan; points=19; frame=wamv/wamv/base_link; world_frame=camera_init
2026-09-04T13:50:00+0800,20.304,plan_received,id=2; source=/received_global_plan; points=19; frame=wamv/wamv/base_link; world_frame=camera_init
2026-09-04T13:50:00+0800,20.404,plan_received,id=2; source=/received_global_plan; points=19; frame=wamv/wamv/base_link; world_frame=camera_init
2026-09-04T13:50:00+0800,20.504,plan_received,id=2; source=/received_global_plan; points=19; frame=wamv/wamv/base_link; world_frame=camera_init
2026-09-04T13:50:00+0800,20.604,plan_received,id=2; source=/received_global_plan; points=19; frame=wamv/wamv/base_link; world_frame=camera_init
2026-09-04T13:50:01+0800,20.704,plan_received,id=2; source=/received_global_plan; points=19; frame=wamv/wamv/base_link; world_frame=camera_init
2026-09-04T13:50:01+0800,20.804,plan_received,id=2; source=/received_global_plan; points=19; frame=wamv/wamv/base_link; world_frame=camera_init
2026-09-04T13:50:01+0800,20.904,plan_received,id=2; source=/received_global_plan; points=19; frame=wamv/wamv/base_link; world_frame=camera_init
2026-09-04T13:50:01+0800,21.004,plan_received,id=2; source=/received_global_plan; points=19; frame=wamv/wamv/base_link; world_frame=camera_init
2026-09-04T13:50:01+0800,21.104,plan_received,id=2; source=/received_global_plan; points=19; frame=wamv/wamv/base_link; world_frame=camera_init
2026-09-04T13:50:01+0800,21.204,plan_received,id=2; source=/received_global_plan; points=19; frame=wamv/wamv/base_link; world_frame=camera_init
2026-09-04T13:50:01+0800,21.305,plan_received,id=2; source=/received_global_plan; points=19; frame=wamv/wamv/base_link; world_frame=camera_init
2026-09-04T13:50:01+0800,21.404,plan_received,id=2; source=/received_global_plan; points=19; frame=wamv/wamv/base_link; world_frame=camera_init
2026-09-04T13:50:01+0800,21.505,plan_received,id=2; source=/received_global_plan; points=19; frame=wamv/wamv/base_link; world_frame=camera_init
2026-09-04T13:50:01+0800,21.603,plan_received,id=2; source=/received_global_plan; points=19; frame=wamv/wamv/base_link; world_frame=camera_init
2026-09-04T13:50:02+0800,21.703,plan_received,id=2; source=/received_global_plan; points=19; frame=wamv/wamv/base_link; world_frame=camera_init
2026-09-04T13:50:02+0800,21.712,plan_received,id=3; source=/plan; points=24; frame=camera_init; world_frame=camera_init
2026-09-04T13:50:02+0800,21.713,plan_received,id=4; source=/unsmoothed_plan; points=24; frame=camera_init; world_frame=camera_init
2026-09-04T13:50:02+0800,22.004,plan_received,id=4; source=/received_global_plan; points=24; frame=wamv/wamv/base_link; world_frame=camera_init
2026-09-04T13:50:02+0800,22.104,plan_received,id=4; source=/received_global_plan; points=24; frame=wamv/wamv/base_link; world_frame=camera_init
2026-09-04T13:50:02+0800,22.204,plan_received,id=4; source=/received_global_plan; points=24; frame=wamv/wamv/base_link; world_frame=camera_init
2026-09-04T13:50:02+0800,22.304,plan_received,id=4; source=/received_global_plan; points=24; frame=wamv/wamv/base_link; world_frame=camera_init
2026-09-04T13:50:02+0800,22.403,plan_received,id=4; source=/received_global_plan; points=24; frame=wamv/wamv/base_link; world_frame=camera_init
2026-09-04T13:50:02+0800,22.505,plan_received,id=4; source=/received_global_plan; points=24; frame=wamv/wamv/base_link; world_frame=camera_init
2026-09-04T13:50:02+0800,22.604,plan_received,id=4; source=/received_global_plan; points=24; frame=wamv/wamv/base_link; world_frame=camera_init
2026-09-04T13:50:03+0800,22.705,plan_received,id=4; source=/received_global_plan; points=24; frame=wamv/wamv/base_link; world_frame=camera_init
2026-09-04T13:50:03+0800,22.805,plan_received,id=4; source=/received_global_plan; points=24; frame=wamv/wamv/base_link; world_frame=camera_init
2026-09-04T13:50:03+0800,22.904,plan_received,id=4; source=/received_global_plan; points=24; frame=wamv/wamv/base_link; world_frame=camera_init
2026-09-04T13:50:03+0800,23.004,plan_received,id=4; source=/received_global_plan; points=24; frame=wamv/wamv/base_link; world_frame=camera_init
2026-09-04T13:50:03+0800,23.104,plan_received,id=4; source=/received_global_plan; points=24; frame=wamv/wamv/base_link; world_frame=camera_init
2026-09-04T13:50:03+0800,23.204,plan_received,id=4; source=/received_global_plan; points=24; frame=wamv/wamv/base_link; world_frame=camera_init
2026-09-04T13:50:03+0800,23.304,plan_received,id=4; source=/received_global_plan; points=24; frame=wamv/wamv/base_link; world_frame=camera_init
2026-09-04T13:50:03+0800,23.403,plan_received,id=4; source=/received_global_plan; points=24; frame=wamv/wamv/base_link; world_frame=camera_init
2026-09-04T13:50:03+0800,23.505,plan_received,id=4; source=/received_global_plan; points=24; frame=wamv/wamv/base_link; world_frame=camera_init
2026-09-04T13:50:03+0800,23.606,plan_received,id=4; source=/received_global_plan; points=24; frame=wamv/wamv/base_link; world_frame=camera_init
2026-09-04T13:50:04+0800,23.704,plan_received,id=4; source=/received_global_plan; points=24; frame=wamv/wamv/base_link; world_frame=camera_init
2026-09-04T13:50:04+0800,23.804,plan_received,id=4; source=/received_global_plan; points=24; frame=wamv/wamv/base_link; world_frame=camera_init
2026-09-04T13:50:04+0800,23.904,plan_received,id=4; source=/received_global_plan; points=24; frame=wamv/wamv/base_link; world_frame=camera_init
2026-09-04T13:50:04+0800,24.004,plan_received,id=4; source=/received_global_plan; points=24; frame=wamv/wamv/base_link; world_frame=camera_init
2026-09-04T13:50:04+0800,24.104,plan_received,id=4; source=/received_global_plan; points=24; frame=wamv/wamv/base_link; world_frame=camera_init
2026-09-04T13:50:04+0800,24.204,plan_received,id=4; source=/received_global_plan; points=24; frame=wamv/wamv/base_link; world_frame=camera_init
2026-09-04T13:50:04+0800,24.304,plan_received,id=4; source=/received_global_plan; points=24; frame=wamv/wamv/base_link; world_frame=camera_init
2026-09-04T13:50:04+0800,24.403,plan_received,id=4; source=/received_global_plan; points=24; frame=wamv/wamv/base_link; world_frame=camera_init
2026-09-04T13:50:04+0800,24.504,plan_received,id=4; source=/received_global_plan; points=24; frame=wamv/wamv/base_link; world_frame=camera_init
2026-09-04T13:50:04+0800,24.603,plan_received,id=4; source=/received_global_plan; points=24; frame=wamv/wamv/base_link; world_frame=camera_init
2026-09-04T13:50:05+0800,24.704,plan_received,id=4; source=/received_global_plan; points=24; frame=wamv/wamv/base_link; world_frame=camera_init
2026-09-04T13:50:05+0800,24.804,plan_received,id=4; source=/received_global_plan; points=24; frame=wamv/wamv/base_link; world_frame=camera_init
2026-09-04T13:50:05+0800,24.904,plan_received,id=4; source=/received_global_plan; points=24; frame=wamv/wamv/base_link; world_frame=camera_init
2026-09-04T13:50:05+0800,25.004,plan_received,id=4; source=/received_global_plan; points=24; frame=wamv/wamv/base_link; world_frame=camera_init
2026-09-04T13:50:05+0800,25.104,plan_received,id=4; source=/received_global_plan; points=24; frame=wamv/wamv/base_link; world_frame=camera_init
2026-09-04T13:50:05+0800,25.204,plan_received,id=4; source=/received_global_plan; points=24; frame=wamv/wamv/base_link; world_frame=camera_init
2026-09-04T13:50:05+0800,25.304,plan_received,id=4; source=/received_global_plan; points=24; frame=wamv/wamv/base_link; world_frame=camera_init
2026-09-04T13:50:05+0800,25.404,plan_received,id=4; source=/received_global_plan; points=24; frame=wamv/wamv/base_link; world_frame=camera_init
2026-09-04T13:50:05+0800,25.505,plan_received,id=4; source=/received_global_plan; points=24; frame=wamv/wamv/base_link; world_frame=camera_init
2026-09-04T13:50:05+0800,25.604,plan_received,id=4; source=/received_global_plan; points=24; frame=wamv/wamv/base_link; world_frame=camera_init
2026-09-04T13:50:06+0800,25.704,plan_received,id=4; source=/received_global_plan; points=24; frame=wamv/wamv/base_link; world_frame=camera_init
2026-09-04T13:50:06+0800,25.805,plan_received,id=4; source=/received_global_plan; points=24; frame=wamv/wamv/base_link; world_frame=camera_init
2026-09-04T13:50:06+0800,25.905,plan_received,id=4; source=/received_global_plan; points=24; frame=wamv/wamv/base_link; world_frame=camera_init
2026-09-04T13:50:06+0800,25.907,plan_received,id=5; source=/plan; points=19; frame=camera_init; world_frame=camera_init
2026-09-04T13:50:06+0800,25.908,plan_received,id=6; source=/unsmoothed_plan; points=19; frame=camera_init; world_frame=camera_init
2026-09-04T13:50:06+0800,26.005,plan_received,id=6; source=/received_global_plan; points=19; frame=wamv/wamv/base_link; world_frame=camera_init
2026-09-04T13:50:06+0800,26.104,plan_received,id=6; source=/received_global_plan; points=19; frame=wamv/wamv/base_link; world_frame=camera_init
2026-09-04T13:50:06+0800,26.204,plan_received,id=6; source=/received_global_plan; points=19; frame=wamv/wamv/base_link; world_frame=camera_init
2026-09-04T13:50:06+0800,26.304,plan_received,id=6; source=/received_global_plan; points=19; frame=wamv/wamv/base_link; world_frame=camera_init
2026-09-04T13:50:06+0800,26.404,plan_received,id=6; source=/received_global_plan; points=19; frame=wamv/wamv/base_link; world_frame=camera_init
2026-09-04T13:50:06+0800,26.504,plan_received,id=6; source=/received_global_plan; points=19; frame=wamv/wamv/base_link; world_frame=camera_init
2026-09-04T13:50:06+0800,26.604,plan_received,id=6; source=/received_global_plan; points=19; frame=wamv/wamv/base_link; world_frame=camera_init
2026-09-04T13:50:07+0800,26.704,plan_received,id=6; source=/received_global_plan; points=19; frame=wamv/wamv/base_link; world_frame=camera_init
2026-09-04T13:50:07+0800,26.805,plan_received,id=6; source=/received_global_plan; points=19; frame=wamv/wamv/base_link; world_frame=camera_init
2026-09-04T13:50:07+0800,26.904,plan_received,id=6; source=/received_global_plan; points=19; frame=wamv/wamv/base_link; world_frame=camera_init
2026-09-04T13:50:07+0800,27.004,plan_received,id=6; source=/received_global_plan; points=19; frame=wamv/wamv/base_link; world_frame=camera_init
2026-09-04T13:50:07+0800,27.103,plan_received,id=6; source=/received_global_plan; points=19; frame=wamv/wamv/base_link; world_frame=camera_init
2026-09-04T13:50:07+0800,27.203,plan_received,id=6; source=/received_global_plan; points=19; frame=wamv/wamv/base_link; world_frame=camera_init
2026-09-04T13:50:07+0800,27.304,plan_received,id=6; source=/received_global_plan; points=19; frame=wamv/wamv/base_link; world_frame=camera_init
2026-09-04T13:50:07+0800,27.404,plan_received,id=6; source=/received_global_plan; points=19; frame=wamv/wamv/base_link; world_frame=camera_init
2026-09-04T13:50:07+0800,27.504,plan_received,id=6; source=/received_global_plan; points=19; frame=wamv/wamv/base_link; world_frame=camera_init
2026-09-04T13:50:07+0800,27.604,plan_received,id=6; source=/received_global_plan; points=19; frame=wamv/wamv/base_link; world_frame=camera_init
2026-09-04T13:50:08+0800,27.704,plan_received,id=6; source=/received_global_plan; points=19; frame=wamv/wamv/base_link; world_frame=camera_init
2026-09-04T13:50:08+0800,27.804,plan_received,id=6; source=/received_global_plan; points=19; frame=wamv/wamv/base_link; world_frame=camera_init
2026-09-04T13:50:08+0800,27.904,plan_received,id=6; source=/received_global_plan; points=19; frame=wamv/wamv/base_link; world_frame=camera_init
2026-09-04T13:50:08+0800,28.004,plan_received,id=6; source=/received_global_plan; points=19; frame=wamv/wamv/base_link; world_frame=camera_init
2026-09-04T13:50:08+0800,28.104,plan_received,id=6; source=/received_global_plan; points=19; frame=wamv/wamv/base_link; world_frame=camera_init
2026-09-04T13:50:08+0800,28.204,plan_received,id=6; source=/received_global_plan; points=19; frame=wamv/wamv/base_link; world_frame=camera_init
2026-09-04T13:50:08+0800,28.304,plan_received,id=6; source=/received_global_plan; points=19; frame=wamv/wamv/base_link; world_frame=camera_init
2026-09-04T13:50:08+0800,28.405,plan_received,id=6; source=/received_global_plan; points=19; frame=wamv/wamv/base_link; world_frame=camera_init
2026-09-04T13:50:08+0800,28.504,plan_received,id=6; source=/received_global_plan; points=19; frame=wamv/wamv/base_link; world_frame=camera_init
2026-09-04T13:50:08+0800,28.604,plan_received,id=6; source=/received_global_plan; points=19; frame=wamv/wamv/base_link; world_frame=camera_init
2026-09-04T13:50:09+0800,28.703,plan_received,id=6; source=/received_global_plan; points=19; frame=wamv/wamv/base_link; world_frame=camera_init
2026-09-04T13:50:09+0800,28.803,plan_received,id=6; source=/received_global_plan; points=19; frame=wamv/wamv/base_link; world_frame=camera_init
2026-09-04T13:50:09+0800,28.903,plan_received,id=6; source=/received_global_plan; points=19; frame=wamv/wamv/base_link; world_frame=camera_init
2026-09-04T13:50:09+0800,29.004,plan_received,id=6; source=/received_global_plan; points=19; frame=wamv/wamv/base_link; world_frame=camera_init
2026-09-04T13:50:09+0800,29.103,plan_received,id=6; source=/received_global_plan; points=19; frame=wamv/wamv/base_link; world_frame=camera_init
2026-09-04T13:50:09+0800,29.204,plan_received,id=6; source=/received_global_plan; points=19; frame=wamv/wamv/base_link; world_frame=camera_init
2026-09-04T13:50:09+0800,29.304,plan_received,id=6; source=/received_global_plan; points=19; frame=wamv/wamv/base_link; world_frame=camera_init
2026-09-04T13:50:09+0800,29.404,plan_received,id=6; source=/received_global_plan; points=19; frame=wamv/wamv/base_link; world_frame=camera_init
2026-09-04T13:50:09+0800,29.504,plan_received,id=6; source=/received_global_plan; points=19; frame=wamv/wamv/base_link; world_frame=camera_init
2026-09-04T13:50:09+0800,29.606,plan_received,id=6; source=/received_global_plan; points=19; frame=wamv/wamv/base_link; world_frame=camera_init
2026-09-04T13:50:10+0800,29.704,plan_received,id=6; source=/received_global_plan; points=19; frame=wamv/wamv/base_link; world_frame=camera_init
2026-09-04T13:50:10+0800,29.804,plan_received,id=6; source=/received_global_plan; points=19; frame=wamv/wamv/base_link; world_frame=camera_init
2026-09-04T13:50:10+0800,29.904,plan_received,id=6; source=/received_global_plan; points=19; frame=wamv/wamv/base_link; world_frame=camera_init
2026-09-04T13:50:10+0800,30.005,plan_received,id=6; source=/received_global_plan; points=19; frame=wamv/wamv/base_link; world_frame=camera_init
2026-09-04T13:50:10+0800,30.104,plan_received,id=6; source=/received_global_plan; points=19; frame=wamv/wamv/base_link; world_frame=camera_init
2026-09-04T13:50:10+0800,30.105,plan_received,id=7; source=/plan; points=22; frame=camera_init; world_frame=camera_init
2026-09-04T13:50:10+0800,30.106,plan_received,id=8; source=/unsmoothed_plan; points=22; frame=camera_init; world_frame=camera_init
2026-09-04T13:50:10+0800,30.204,plan_received,id=8; source=/received_global_plan; points=22; frame=wamv/wamv/base_link; world_frame=camera_init
2026-09-04T13:50:10+0800,30.304,plan_received,id=8; source=/received_global_plan; points=22; frame=wamv/wamv/base_link; world_frame=camera_init
2026-09-04T13:50:10+0800,30.404,plan_received,id=8; source=/received_global_plan; points=22; frame=wamv/wamv/base_link; world_frame=camera_init
2026-09-04T13:50:10+0800,30.504,plan_received,id=8; source=/received_global_plan; points=22; frame=wamv/wamv/base_link; world_frame=camera_init
2026-09-04T13:50:10+0800,30.603,plan_received,id=8; source=/received_global_plan; points=22; frame=wamv/wamv/base_link; world_frame=camera_init
2026-09-04T13:50:11+0800,30.705,plan_received,id=8; source=/received_global_plan; points=22; frame=wamv/wamv/base_link; world_frame=camera_init
2026-09-04T13:50:11+0800,30.805,plan_received,id=8; source=/received_global_plan; points=22; frame=wamv/wamv/base_link; world_frame=camera_init
2026-09-04T13:50:11+0800,30.904,plan_received,id=8; source=/received_global_plan; points=22; frame=wamv/wamv/base_link; world_frame=camera_init
2026-09-04T13:50:11+0800,31.005,plan_received,id=8; source=/received_global_plan; points=22; frame=wamv/wamv/base_link; world_frame=camera_init
2026-09-04T13:50:11+0800,31.103,plan_received,id=8; source=/received_global_plan; points=22; frame=wamv/wamv/base_link; world_frame=camera_init
2026-09-04T13:50:11+0800,31.204,plan_received,id=8; source=/received_global_plan; points=22; frame=wamv/wamv/base_link; world_frame=camera_init
2026-09-04T13:50:11+0800,31.304,plan_received,id=8; source=/received_global_plan; points=22; frame=wamv/wamv/base_link; world_frame=camera_init
2026-09-04T13:50:11+0800,31.404,plan_received,id=8; source=/received_global_plan; points=22; frame=wamv/wamv/base_link; world_frame=camera_init
2026-09-04T13:50:11+0800,31.504,plan_received,id=8; source=/received_global_plan; points=22; frame=wamv/wamv/base_link; world_frame=camera_init
2026-09-04T13:50:11+0800,31.604,plan_received,id=8; source=/received_global_plan; points=22; frame=wamv/wamv/base_link; world_frame=camera_init
2026-09-04T13:50:12+0800,31.705,plan_received,id=8; source=/received_global_plan; points=22; frame=wamv/wamv/base_link; world_frame=camera_init
2026-09-04T13:50:12+0800,31.803,plan_received,id=8; source=/received_global_plan; points=22; frame=wamv/wamv/base_link; world_frame=camera_init
2026-09-04T13:50:12+0800,31.905,plan_received,id=8; source=/received_global_plan; points=22; frame=wamv/wamv/base_link; world_frame=camera_init
2026-09-04T13:50:12+0800,32.004,plan_received,id=8; source=/received_global_plan; points=22; frame=wamv/wamv/base_link; world_frame=camera_init
2026-09-04T13:50:12+0800,32.104,plan_received,id=8; source=/received_global_plan; points=22; frame=wamv/wamv/base_link; world_frame=camera_init
2026-09-04T13:50:12+0800,32.204,plan_received,id=8; source=/received_global_plan; points=22; frame=wamv/wamv/base_link; world_frame=camera_init
2026-09-04T13:50:12+0800,32.304,plan_received,id=8; source=/received_global_plan; points=22; frame=wamv/wamv/base_link; world_frame=camera_init
2026-09-04T13:50:12+0800,32.404,plan_received,id=8; source=/received_global_plan; points=22; frame=wamv/wamv/base_link; world_frame=camera_init
2026-09-04T13:50:12+0800,32.504,plan_received,id=8; source=/received_global_plan; points=22; frame=wamv/wamv/base_link; world_frame=camera_init
2026-09-04T13:50:12+0800,32.604,plan_received,id=8; source=/received_global_plan; points=22; frame=wamv/wamv/base_link; world_frame=camera_init
2026-09-04T13:50:13+0800,32.705,plan_received,id=8; source=/received_global_plan; points=22; frame=wamv/wamv/base_link; world_frame=camera_init
2026-09-04T13:50:13+0800,32.803,plan_received,id=8; source=/received_global_plan; points=22; frame=wamv/wamv/base_link; world_frame=camera_init
2026-09-04T13:50:13+0800,32.904,plan_received,id=8; source=/received_global_plan; points=22; frame=wamv/wamv/base_link; world_frame=camera_init
2026-09-04T13:50:13+0800,33.004,plan_received,id=8; source=/received_global_plan; points=22; frame=wamv/wamv/base_link; world_frame=camera_init
2026-09-04T13:50:13+0800,33.104,plan_received,id=8; source=/received_global_plan; points=22; frame=wamv/wamv/base_link; world_frame=camera_init
2026-09-04T13:50:13+0800,33.204,plan_received,id=8; source=/received_global_plan; points=22; frame=wamv/wamv/base_link; world_frame=camera_init
2026-09-04T13:50:13+0800,33.303,plan_received,id=8; source=/received_global_plan; points=22; frame=wamv/wamv/base_link; world_frame=camera_init
2026-09-04T13:50:13+0800,33.422,plan_received,id=8; source=/received_global_plan; points=22; frame=wamv/wamv/base_link; world_frame=camera_init
2026-09-04T13:50:13+0800,33.504,plan_received,id=8; source=/received_global_plan; points=22; frame=wamv/wamv/base_link; world_frame=camera_init
2026-09-04T13:50:13+0800,33.604,plan_received,id=8; source=/received_global_plan; points=22; frame=wamv/wamv/base_link; world_frame=camera_init
2026-09-04T13:50:14+0800,33.703,plan_received,id=8; source=/received_global_plan; points=22; frame=wamv/wamv/base_link; world_frame=camera_init
2026-09-04T13:50:14+0800,33.804,plan_received,id=8; source=/received_global_plan; points=22; frame=wamv/wamv/base_link; world_frame=camera_init
2026-09-04T13:50:14+0800,33.904,plan_received,id=8; source=/received_global_plan; points=22; frame=wamv/wamv/base_link; world_frame=camera_init
2026-09-04T13:50:14+0800,34.004,plan_received,id=8; source=/received_global_plan; points=22; frame=wamv/wamv/base_link; world_frame=camera_init
2026-09-04T13:50:14+0800,34.104,plan_received,id=8; source=/received_global_plan; points=22; frame=wamv/wamv/base_link; world_frame=camera_init
2026-09-04T13:50:14+0800,34.205,plan_received,id=8; source=/received_global_plan; points=22; frame=wamv/wamv/base_link; world_frame=camera_init
2026-09-04T13:50:14+0800,34.304,plan_received,id=8; source=/received_global_plan; points=22; frame=wamv/wamv/base_link; world_frame=camera_init
2026-09-04T13:50:14+0800,34.306,plan_received,id=9; source=/plan; points=21; frame=camera_init; world_frame=camera_init
2026-09-04T13:50:14+0800,34.307,plan_received,id=10; source=/unsmoothed_plan; points=21; frame=camera_init; world_frame=camera_init
2026-09-04T13:50:14+0800,34.405,plan_received,id=10; source=/received_global_plan; points=21; frame=wamv/wamv/base_link; world_frame=camera_init
2026-09-04T13:50:14+0800,34.505,plan_received,id=10; source=/received_global_plan; points=21; frame=wamv/wamv/base_link; world_frame=camera_init
2026-09-04T13:50:14+0800,34.604,plan_received,id=10; source=/received_global_plan; points=21; frame=wamv/wamv/base_link; world_frame=camera_init
2026-09-04T13:50:15+0800,34.704,plan_received,id=10; source=/received_global_plan; points=21; frame=wamv/wamv/base_link; world_frame=camera_init
2026-09-04T13:50:15+0800,34.804,plan_received,id=10; source=/received_global_plan; points=21; frame=wamv/wamv/base_link; world_frame=camera_init
2026-09-04T13:50:15+0800,34.904,plan_received,id=10; source=/received_global_plan; points=21; frame=wamv/wamv/base_link; world_frame=camera_init
2026-09-04T13:50:15+0800,35.004,plan_received,id=10; source=/received_global_plan; points=21; frame=wamv/wamv/base_link; world_frame=camera_init
2026-09-04T13:50:15+0800,35.105,plan_received,id=10; source=/received_global_plan; points=21; frame=wamv/wamv/base_link; world_frame=camera_init
2026-09-04T13:50:15+0800,35.204,plan_received,id=10; source=/received_global_plan; points=21; frame=wamv/wamv/base_link; world_frame=camera_init
2026-09-04T13:50:15+0800,35.305,plan_received,id=10; source=/received_global_plan; points=21; frame=wamv/wamv/base_link; world_frame=camera_init
2026-09-04T13:50:15+0800,35.404,plan_received,id=10; source=/received_global_plan; points=21; frame=wamv/wamv/base_link; world_frame=camera_init
2026-09-04T13:50:15+0800,35.508,plan_received,id=10; source=/received_global_plan; points=21; frame=wamv/wamv/base_link; world_frame=camera_init
2026-09-04T13:50:15+0800,35.604,plan_received,id=10; source=/received_global_plan; points=21; frame=wamv/wamv/base_link; world_frame=camera_init
2026-09-04T13:50:16+0800,35.704,plan_received,id=10; source=/received_global_plan; points=21; frame=wamv/wamv/base_link; world_frame=camera_init
2026-09-04T13:50:16+0800,35.804,plan_received,id=10; source=/received_global_plan; points=21; frame=wamv/wamv/base_link; world_frame=camera_init
2026-09-04T13:50:16+0800,35.905,plan_received,id=10; source=/received_global_plan; points=21; frame=wamv/wamv/base_link; world_frame=camera_init
2026-09-04T13:50:16+0800,36.004,plan_received,id=10; source=/received_global_plan; points=21; frame=wamv/wamv/base_link; world_frame=camera_init
2026-09-04T13:50:16+0800,36.103,plan_received,id=10; source=/received_global_plan; points=21; frame=wamv/wamv/base_link; world_frame=camera_init
2026-09-04T13:50:16+0800,36.203,plan_received,id=10; source=/received_global_plan; points=21; frame=wamv/wamv/base_link; world_frame=camera_init
2026-09-04T13:50:16+0800,36.305,plan_received,id=10; source=/received_global_plan; points=21; frame=wamv/wamv/base_link; world_frame=camera_init
2026-09-04T13:50:16+0800,36.404,plan_received,id=10; source=/received_global_plan; points=21; frame=wamv/wamv/base_link; world_frame=camera_init
2026-09-04T13:50:16+0800,36.503,plan_received,id=10; source=/received_global_plan; points=21; frame=wamv/wamv/base_link; world_frame=camera_init
2026-09-04T13:50:16+0800,36.604,plan_received,id=10; source=/received_global_plan; points=21; frame=wamv/wamv/base_link; world_frame=camera_init
2026-09-04T13:50:17+0800,36.705,plan_received,id=10; source=/received_global_plan; points=21; frame=wamv/wamv/base_link; world_frame=camera_init
2026-09-04T13:50:17+0800,36.804,plan_received,id=10; source=/received_global_plan; points=21; frame=wamv/wamv/base_link; world_frame=camera_init
2026-09-04T13:50:17+0800,36.904,plan_received,id=10; source=/received_global_plan; points=21; frame=wamv/wamv/base_link; world_frame=camera_init
2026-09-04T13:50:17+0800,37.004,plan_received,id=10; source=/received_global_plan; points=21; frame=wamv/wamv/base_link; world_frame=camera_init
2026-09-04T13:50:17+0800,37.104,plan_received,id=10; source=/received_global_plan; points=21; frame=wamv/wamv/base_link; world_frame=camera_init
2026-09-04T13:50:17+0800,37.204,plan_received,id=10; source=/received_global_plan; points=21; frame=wamv/wamv/base_link; world_frame=camera_init
2026-09-04T13:50:17+0800,37.304,plan_received,id=10; source=/received_global_plan; points=21; frame=wamv/wamv/base_link; world_frame=camera_init
2026-09-04T13:50:17+0800,37.404,plan_received,id=10; source=/received_global_plan; points=21; frame=wamv/wamv/base_link; world_frame=camera_init
2026-09-04T13:50:17+0800,37.504,plan_received,id=10; source=/received_global_plan; points=21; frame=wamv/wamv/base_link; world_frame=camera_init
2026-09-04T13:50:17+0800,37.604,plan_received,id=10; source=/received_global_plan; points=21; frame=wamv/wamv/base_link; world_frame=camera_init
2026-09-04T13:50:18+0800,37.704,plan_received,id=10; source=/received_global_plan; points=21; frame=wamv/wamv/base_link; world_frame=camera_init
2026-09-04T13:50:18+0800,37.804,plan_received,id=10; source=/received_global_plan; points=21; frame=wamv/wamv/base_link; world_frame=camera_init
2026-09-04T13:50:18+0800,37.904,plan_received,id=10; source=/received_global_plan; points=21; frame=wamv/wamv/base_link; world_frame=camera_init
2026-09-04T13:50:18+0800,38.006,plan_received,id=10; source=/received_global_plan; points=21; frame=wamv/wamv/base_link; world_frame=camera_init
2026-09-04T13:50:18+0800,38.104,plan_received,id=10; source=/received_global_plan; points=21; frame=wamv/wamv/base_link; world_frame=camera_init
2026-09-04T13:50:18+0800,38.205,plan_received,id=10; source=/received_global_plan; points=21; frame=wamv/wamv/base_link; world_frame=camera_init
2026-09-04T13:50:18+0800,38.304,plan_received,id=10; source=/received_global_plan; points=21; frame=wamv/wamv/base_link; world_frame=camera_init
2026-09-04T13:50:18+0800,38.404,plan_received,id=10; source=/received_global_plan; points=21; frame=wamv/wamv/base_link; world_frame=camera_init
2026-09-04T13:50:18+0800,38.505,plan_received,id=10; source=/received_global_plan; points=21; frame=wamv/wamv/base_link; world_frame=camera_init
2026-09-04T13:50:18+0800,38.507,plan_received,id=11; source=/plan; points=21; frame=camera_init; world_frame=camera_init
2026-09-04T13:50:18+0800,38.508,plan_received,id=12; source=/unsmoothed_plan; points=21; frame=camera_init; world_frame=camera_init
2026-09-04T13:50:18+0800,38.605,plan_received,id=12; source=/received_global_plan; points=21; frame=wamv/wamv/base_link; world_frame=camera_init
2026-09-04T13:50:19+0800,38.704,plan_received,id=12; source=/received_global_plan; points=21; frame=wamv/wamv/base_link; world_frame=camera_init
2026-09-04T13:50:19+0800,38.804,plan_received,id=12; source=/received_global_plan; points=21; frame=wamv/wamv/base_link; world_frame=camera_init
2026-09-04T13:50:19+0800,38.904,plan_received,id=12; source=/received_global_plan; points=21; frame=wamv/wamv/base_link; world_frame=camera_init
2026-09-04T13:50:19+0800,39.003,plan_received,id=12; source=/received_global_plan; points=21; frame=wamv/wamv/base_link; world_frame=camera_init
2026-09-04T13:50:19+0800,39.104,plan_received,id=12; source=/received_global_plan; points=21; frame=wamv/wamv/base_link; world_frame=camera_init
2026-09-04T13:50:19+0800,39.204,plan_received,id=12; source=/received_global_plan; points=21; frame=wamv/wamv/base_link; world_frame=camera_init
2026-09-04T13:50:19+0800,39.303,plan_received,id=12; source=/received_global_plan; points=21; frame=wamv/wamv/base_link; world_frame=camera_init
2026-09-04T13:50:19+0800,39.404,plan_received,id=12; source=/received_global_plan; points=21; frame=wamv/wamv/base_link; world_frame=camera_init
2026-09-04T13:50:19+0800,39.504,plan_received,id=12; source=/received_global_plan; points=21; frame=wamv/wamv/base_link; world_frame=camera_init
2026-09-04T13:50:19+0800,39.606,plan_received,id=12; source=/received_global_plan; points=21; frame=wamv/wamv/base_link; world_frame=camera_init
2026-09-04T13:50:20+0800,39.704,plan_received,id=12; source=/received_global_plan; points=21; frame=wamv/wamv/base_link; world_frame=camera_init
2026-09-04T13:50:20+0800,39.803,plan_received,id=12; source=/received_global_plan; points=21; frame=wamv/wamv/base_link; world_frame=camera_init
2026-09-04T13:50:20+0800,39.904,plan_received,id=12; source=/received_global_plan; points=21; frame=wamv/wamv/base_link; world_frame=camera_init
2026-09-04T13:50:20+0800,40.004,plan_received,id=12; source=/received_global_plan; points=21; frame=wamv/wamv/base_link; world_frame=camera_init
2026-09-04T13:50:20+0800,40.104,plan_received,id=12; source=/received_global_plan; points=21; frame=wamv/wamv/base_link; world_frame=camera_init
2026-09-04T13:50:20+0800,40.203,plan_received,id=12; source=/received_global_plan; points=21; frame=wamv/wamv/base_link; world_frame=camera_init
2026-09-04T13:50:20+0800,40.304,plan_received,id=12; source=/received_global_plan; points=21; frame=wamv/wamv/base_link; world_frame=camera_init
2026-09-04T13:50:20+0800,40.404,plan_received,id=12; source=/received_global_plan; points=21; frame=wamv/wamv/base_link; world_frame=camera_init
2026-09-04T13:50:20+0800,40.504,plan_received,id=12; source=/received_global_plan; points=21; frame=wamv/wamv/base_link; world_frame=camera_init
2026-09-04T13:50:20+0800,40.605,plan_received,id=12; source=/received_global_plan; points=21; frame=wamv/wamv/base_link; world_frame=camera_init
2026-09-04T13:50:21+0800,40.704,plan_received,id=12; source=/received_global_plan; points=21; frame=wamv/wamv/base_link; world_frame=camera_init
2026-09-04T13:50:21+0800,40.803,plan_received,id=12; source=/received_global_plan; points=21; frame=wamv/wamv/base_link; world_frame=camera_init
2026-09-04T13:50:21+0800,40.904,plan_received,id=12; source=/received_global_plan; points=21; frame=wamv/wamv/base_link; world_frame=camera_init
2026-09-04T13:50:21+0800,41.004,plan_received,id=12; source=/received_global_plan; points=21; frame=wamv/wamv/base_link; world_frame=camera_init
2026-09-04T13:50:21+0800,41.104,plan_received,id=12; source=/received_global_plan; points=21; frame=wamv/wamv/base_link; world_frame=camera_init
2026-09-04T13:50:21+0800,41.204,plan_received,id=12; source=/received_global_plan; points=21; frame=wamv/wamv/base_link; world_frame=camera_init
2026-09-04T13:50:21+0800,41.304,plan_received,id=12; source=/received_global_plan; points=21; frame=wamv/wamv/base_link; world_frame=camera_init
2026-09-04T13:50:21+0800,41.404,plan_received,id=12; source=/received_global_plan; points=21; frame=wamv/wamv/base_link; world_frame=camera_init
2026-09-04T13:50:21+0800,41.504,plan_received,id=12; source=/received_global_plan; points=21; frame=wamv/wamv/base_link; world_frame=camera_init
2026-09-04T13:50:21+0800,41.604,plan_received,id=12; source=/received_global_plan; points=21; frame=wamv/wamv/base_link; world_frame=camera_init
2026-09-04T13:50:22+0800,41.704,plan_received,id=12; source=/received_global_plan; points=21; frame=wamv/wamv/base_link; world_frame=camera_init
2026-09-04T13:50:22+0800,41.805,plan_received,id=12; source=/received_global_plan; points=21; frame=wamv/wamv/base_link; world_frame=camera_init
2026-09-04T13:50:22+0800,41.905,plan_received,id=12; source=/received_global_plan; points=21; frame=wamv/wamv/base_link; world_frame=camera_init
2026-09-04T13:50:22+0800,42.005,plan_received,id=12; source=/received_global_plan; points=21; frame=wamv/wamv/base_link; world_frame=camera_init
2026-09-04T13:50:22+0800,42.104,plan_received,id=12; source=/received_global_plan; points=21; frame=wamv/wamv/base_link; world_frame=camera_init
2026-09-04T13:50:22+0800,42.204,plan_received,id=12; source=/received_global_plan; points=21; frame=wamv/wamv/base_link; world_frame=camera_init
2026-09-04T13:50:22+0800,42.304,plan_received,id=12; source=/received_global_plan; points=21; frame=wamv/wamv/base_link; world_frame=camera_init
2026-09-04T13:50:22+0800,42.404,plan_received,id=12; source=/received_global_plan; points=21; frame=wamv/wamv/base_link; world_frame=camera_init
2026-09-04T13:50:22+0800,42.504,plan_received,id=12; source=/received_global_plan; points=21; frame=wamv/wamv/base_link; world_frame=camera_init
2026-09-04T13:50:22+0800,42.604,plan_received,id=12; source=/received_global_plan; points=21; frame=wamv/wamv/base_link; world_frame=camera_init
2026-09-04T13:50:23+0800,42.704,plan_received,id=12; source=/received_global_plan; points=21; frame=wamv/wamv/base_link; world_frame=camera_init
2026-09-04T13:50:23+0800,42.706,plan_received,id=13; source=/unsmoothed_plan; points=22; frame=camera_init; world_frame=camera_init
2026-09-04T13:50:23+0800,42.708,plan_received,id=14; source=/plan; points=22; frame=camera_init; world_frame=camera_init
2026-09-04T13:50:23+0800,42.804,plan_received,id=14; source=/received_global_plan; points=22; frame=wamv/wamv/base_link; world_frame=camera_init
2026-09-04T13:50:23+0800,42.904,plan_received,id=14; source=/received_global_plan; points=22; frame=wamv/wamv/base_link; world_frame=camera_init
2026-09-04T13:50:23+0800,43.004,plan_received,id=14; source=/received_global_plan; points=22; frame=wamv/wamv/base_link; world_frame=camera_init
2026-09-04T13:50:23+0800,43.105,plan_received,id=14; source=/received_global_plan; points=22; frame=wamv/wamv/base_link; world_frame=camera_init
2026-09-04T13:50:23+0800,43.204,plan_received,id=14; source=/received_global_plan; points=22; frame=wamv/wamv/base_link; world_frame=camera_init
2026-09-04T13:50:23+0800,43.304,plan_received,id=14; source=/received_global_plan; points=22; frame=wamv/wamv/base_link; world_frame=camera_init
2026-09-04T13:50:23+0800,43.404,plan_received,id=14; source=/received_global_plan; points=22; frame=wamv/wamv/base_link; world_frame=camera_init
2026-09-04T13:50:23+0800,43.504,plan_received,id=14; source=/received_global_plan; points=22; frame=wamv/wamv/base_link; world_frame=camera_init
2026-09-04T13:50:23+0800,43.604,plan_received,id=14; source=/received_global_plan; points=22; frame=wamv/wamv/base_link; world_frame=camera_init
2026-09-04T13:50:24+0800,43.704,plan_received,id=14; source=/received_global_plan; points=22; frame=wamv/wamv/base_link; world_frame=camera_init
2026-09-04T13:50:24+0800,43.803,plan_received,id=14; source=/received_global_plan; points=22; frame=wamv/wamv/base_link; world_frame=camera_init
2026-09-04T13:50:24+0800,43.903,plan_received,id=14; source=/received_global_plan; points=22; frame=wamv/wamv/base_link; world_frame=camera_init
2026-09-04T13:50:24+0800,44.003,plan_received,id=14; source=/received_global_plan; points=22; frame=wamv/wamv/base_link; world_frame=camera_init
2026-09-04T13:50:24+0800,44.104,plan_received,id=14; source=/received_global_plan; points=22; frame=wamv/wamv/base_link; world_frame=camera_init
2026-09-04T13:50:24+0800,44.204,plan_received,id=14; source=/received_global_plan; points=22; frame=wamv/wamv/base_link; world_frame=camera_init
2026-09-04T13:50:24+0800,44.304,plan_received,id=14; source=/received_global_plan; points=22; frame=wamv/wamv/base_link; world_frame=camera_init
2026-09-04T13:50:24+0800,44.404,plan_received,id=14; source=/received_global_plan; points=22; frame=wamv/wamv/base_link; world_frame=camera_init
2026-09-04T13:50:24+0800,44.504,plan_received,id=14; source=/received_global_plan; points=22; frame=wamv/wamv/base_link; world_frame=camera_init
2026-09-04T13:50:24+0800,44.604,plan_received,id=14; source=/received_global_plan; points=22; frame=wamv/wamv/base_link; world_frame=camera_init
2026-09-04T13:50:25+0800,44.704,plan_received,id=14; source=/received_global_plan; points=22; frame=wamv/wamv/base_link; world_frame=camera_init
2026-09-04T13:50:25+0800,44.804,plan_received,id=14; source=/received_global_plan; points=22; frame=wamv/wamv/base_link; world_frame=camera_init
2026-09-04T13:50:25+0800,44.903,plan_received,id=14; source=/received_global_plan; points=22; frame=wamv/wamv/base_link; world_frame=camera_init
2026-09-04T13:50:25+0800,45.004,plan_received,id=14; source=/received_global_plan; points=22; frame=wamv/wamv/base_link; world_frame=camera_init
2026-09-04T13:50:25+0800,45.104,plan_received,id=14; source=/received_global_plan; points=22; frame=wamv/wamv/base_link; world_frame=camera_init
2026-09-04T13:50:25+0800,45.204,plan_received,id=14; source=/received_global_plan; points=22; frame=wamv/wamv/base_link; world_frame=camera_init
2026-09-04T13:50:25+0800,45.304,plan_received,id=14; source=/received_global_plan; points=22; frame=wamv/wamv/base_link; world_frame=camera_init
2026-09-04T13:50:25+0800,45.404,plan_received,id=14; source=/received_global_plan; points=22; frame=wamv/wamv/base_link; world_frame=camera_init
2026-09-04T13:50:25+0800,45.505,plan_received,id=14; source=/received_global_plan; points=22; frame=wamv/wamv/base_link; world_frame=camera_init
2026-09-04T13:50:25+0800,45.603,plan_received,id=14; source=/received_global_plan; points=22; frame=wamv/wamv/base_link; world_frame=camera_init
2026-09-04T13:50:26+0800,45.704,plan_received,id=14; source=/received_global_plan; points=22; frame=wamv/wamv/base_link; world_frame=camera_init
2026-09-04T13:50:26+0800,45.804,plan_received,id=14; source=/received_global_plan; points=22; frame=wamv/wamv/base_link; world_frame=camera_init
2026-09-04T13:50:26+0800,45.904,plan_received,id=14; source=/received_global_plan; points=22; frame=wamv/wamv/base_link; world_frame=camera_init
2026-09-04T13:50:26+0800,46.004,plan_received,id=14; source=/received_global_plan; points=22; frame=wamv/wamv/base_link; world_frame=camera_init
2026-09-04T13:50:26+0800,46.104,plan_received,id=14; source=/received_global_plan; points=22; frame=wamv/wamv/base_link; world_frame=camera_init
2026-09-04T13:50:26+0800,46.203,plan_received,id=14; source=/received_global_plan; points=22; frame=wamv/wamv/base_link; world_frame=camera_init
2026-09-04T13:50:26+0800,46.304,plan_received,id=14; source=/received_global_plan; points=22; frame=wamv/wamv/base_link; world_frame=camera_init
2026-09-04T13:50:26+0800,46.404,plan_received,id=14; source=/received_global_plan; points=22; frame=wamv/wamv/base_link; world_frame=camera_init
2026-09-04T13:50:26+0800,46.503,plan_received,id=14; source=/received_global_plan; points=22; frame=wamv/wamv/base_link; world_frame=camera_init
2026-09-04T13:50:26+0800,46.604,plan_received,id=14; source=/received_global_plan; points=22; frame=wamv/wamv/base_link; world_frame=camera_init
2026-09-04T13:50:27+0800,46.706,plan_received,id=14; source=/received_global_plan; points=22; frame=wamv/wamv/base_link; world_frame=camera_init
2026-09-04T13:50:27+0800,46.804,plan_received,id=14; source=/received_global_plan; points=22; frame=wamv/wamv/base_link; world_frame=camera_init
2026-09-04T13:50:27+0800,46.903,plan_received,id=14; source=/received_global_plan; points=22; frame=wamv/wamv/base_link; world_frame=camera_init
2026-09-04T13:50:27+0800,46.907,plan_received,id=15; source=/plan; points=21; frame=camera_init; world_frame=camera_init
2026-09-04T13:50:27+0800,46.907,plan_received,id=16; source=/unsmoothed_plan; points=21; frame=camera_init; world_frame=camera_init
2026-09-04T13:50:27+0800,47.004,plan_received,id=16; source=/received_global_plan; points=21; frame=wamv/wamv/base_link; world_frame=camera_init
2026-09-04T13:50:27+0800,47.106,plan_received,id=16; source=/received_global_plan; points=21; frame=wamv/wamv/base_link; world_frame=camera_init
2026-09-04T13:50:27+0800,47.204,plan_received,id=16; source=/received_global_plan; points=21; frame=wamv/wamv/base_link; world_frame=camera_init
2026-09-04T13:50:27+0800,47.304,plan_received,id=16; source=/received_global_plan; points=21; frame=wamv/wamv/base_link; world_frame=camera_init
2026-09-04T13:50:27+0800,47.404,plan_received,id=16; source=/received_global_plan; points=21; frame=wamv/wamv/base_link; world_frame=camera_init
2026-09-04T13:50:27+0800,47.504,plan_received,id=16; source=/received_global_plan; points=21; frame=wamv/wamv/base_link; world_frame=camera_init
2026-09-04T13:50:27+0800,47.604,plan_received,id=16; source=/received_global_plan; points=21; frame=wamv/wamv/base_link; world_frame=camera_init
2026-09-04T13:50:28+0800,47.704,plan_received,id=16; source=/received_global_plan; points=21; frame=wamv/wamv/base_link; world_frame=camera_init
2026-09-04T13:50:28+0800,47.805,plan_received,id=16; source=/received_global_plan; points=21; frame=wamv/wamv/base_link; world_frame=camera_init
2026-09-04T13:50:28+0800,47.904,plan_received,id=16; source=/received_global_plan; points=21; frame=wamv/wamv/base_link; world_frame=camera_init
2026-09-04T13:50:28+0800,48.004,plan_received,id=16; source=/received_global_plan; points=21; frame=wamv/wamv/base_link; world_frame=camera_init
2026-09-04T13:50:28+0800,48.106,plan_received,id=16; source=/received_global_plan; points=21; frame=wamv/wamv/base_link; world_frame=camera_init
2026-09-04T13:50:28+0800,48.204,plan_received,id=16; source=/received_global_plan; points=21; frame=wamv/wamv/base_link; world_frame=camera_init
2026-09-04T13:50:28+0800,48.304,plan_received,id=16; source=/received_global_plan; points=21; frame=wamv/wamv/base_link; world_frame=camera_init
2026-09-04T13:50:28+0800,48.404,plan_received,id=16; source=/received_global_plan; points=21; frame=wamv/wamv/base_link; world_frame=camera_init
2026-09-04T13:50:28+0800,48.504,plan_received,id=16; source=/received_global_plan; points=21; frame=wamv/wamv/base_link; world_frame=camera_init
2026-09-04T13:50:28+0800,48.604,plan_received,id=16; source=/received_global_plan; points=21; frame=wamv/wamv/base_link; world_frame=camera_init
2026-09-04T13:50:29+0800,48.704,plan_received,id=16; source=/received_global_plan; points=21; frame=wamv/wamv/base_link; world_frame=camera_init
2026-09-04T13:50:29+0800,48.804,plan_received,id=16; source=/received_global_plan; points=21; frame=wamv/wamv/base_link; world_frame=camera_init
2026-09-04T13:50:29+0800,48.905,plan_received,id=16; source=/received_global_plan; points=21; frame=wamv/wamv/base_link; world_frame=camera_init
2026-09-04T13:50:29+0800,49.003,plan_received,id=16; source=/received_global_plan; points=21; frame=wamv/wamv/base_link; world_frame=camera_init
2026-09-04T13:50:29+0800,49.104,plan_received,id=16; source=/received_global_plan; points=21; frame=wamv/wamv/base_link; world_frame=camera_init
2026-09-04T13:50:29+0800,49.204,plan_received,id=16; source=/received_global_plan; points=21; frame=wamv/wamv/base_link; world_frame=camera_init
2026-09-04T13:50:29+0800,49.303,plan_received,id=16; source=/received_global_plan; points=21; frame=wamv/wamv/base_link; world_frame=camera_init
2026-09-04T13:50:29+0800,49.404,plan_received,id=16; source=/received_global_plan; points=21; frame=wamv/wamv/base_link; world_frame=camera_init
2026-09-04T13:50:29+0800,49.504,plan_received,id=16; source=/received_global_plan; points=21; frame=wamv/wamv/base_link; world_frame=camera_init
2026-09-04T13:50:29+0800,49.604,plan_received,id=16; source=/received_global_plan; points=21; frame=wamv/wamv/base_link; world_frame=camera_init
2026-09-04T13:50:30+0800,49.704,plan_received,id=16; source=/received_global_plan; points=21; frame=wamv/wamv/base_link; world_frame=camera_init
2026-09-04T13:50:30+0800,49.804,plan_received,id=16; source=/received_global_plan; points=21; frame=wamv/wamv/base_link; world_frame=camera_init
2026-09-04T13:50:30+0800,49.904,plan_received,id=16; source=/received_global_plan; points=21; frame=wamv/wamv/base_link; world_frame=camera_init
2026-09-04T13:50:30+0800,50.004,plan_received,id=16; source=/received_global_plan; points=21; frame=wamv/wamv/base_link; world_frame=camera_init
2026-09-04T13:50:30+0800,50.105,plan_received,id=16; source=/received_global_plan; points=21; frame=wamv/wamv/base_link; world_frame=camera_init
2026-09-04T13:50:30+0800,50.204,plan_received,id=16; source=/received_global_plan; points=21; frame=wamv/wamv/base_link; world_frame=camera_init
2026-09-04T13:50:30+0800,50.304,plan_received,id=16; source=/received_global_plan; points=21; frame=wamv/wamv/base_link; world_frame=camera_init
2026-09-04T13:50:30+0800,50.404,plan_received,id=16; source=/received_global_plan; points=21; frame=wamv/wamv/base_link; world_frame=camera_init
2026-09-04T13:50:30+0800,50.505,plan_received,id=16; source=/received_global_plan; points=21; frame=wamv/wamv/base_link; world_frame=camera_init
2026-09-04T13:50:30+0800,50.604,plan_received,id=16; source=/received_global_plan; points=21; frame=wamv/wamv/base_link; world_frame=camera_init
2026-09-04T13:50:31+0800,50.704,plan_received,id=16; source=/received_global_plan; points=21; frame=wamv/wamv/base_link; world_frame=camera_init
2026-09-04T13:50:31+0800,50.805,plan_received,id=16; source=/received_global_plan; points=21; frame=wamv/wamv/base_link; world_frame=camera_init
2026-09-04T13:50:31+0800,51.109,plan_received,id=17; source=/plan; points=21; frame=camera_init; world_frame=camera_init
2026-09-04T13:50:31+0800,51.109,plan_received,id=18; source=/unsmoothed_plan; points=21; frame=camera_init; world_frame=camera_init
2026-09-04T13:50:31+0800,51.154,plan_received,id=18; source=/received_global_plan; points=21; frame=wamv/wamv/base_link; world_frame=camera_init
2026-09-04T13:50:31+0800,51.204,plan_received,id=18; source=/received_global_plan; points=21; frame=wamv/wamv/base_link; world_frame=camera_init
2026-09-04T13:50:31+0800,51.304,plan_received,id=18; source=/received_global_plan; points=21; frame=wamv/wamv/base_link; world_frame=camera_init
2026-09-04T13:50:31+0800,51.404,plan_received,id=18; source=/received_global_plan; points=21; frame=wamv/wamv/base_link; world_frame=camera_init
2026-09-04T13:50:31+0800,51.504,plan_received,id=18; source=/received_global_plan; points=21; frame=wamv/wamv/base_link; world_frame=camera_init
2026-09-04T13:50:31+0800,51.603,plan_received,id=18; source=/received_global_plan; points=21; frame=wamv/wamv/base_link; world_frame=camera_init
2026-09-04T13:50:32+0800,51.704,plan_received,id=18; source=/received_global_plan; points=21; frame=wamv/wamv/base_link; world_frame=camera_init
2026-09-04T13:50:32+0800,51.804,plan_received,id=18; source=/received_global_plan; points=21; frame=wamv/wamv/base_link; world_frame=camera_init
2026-09-04T13:50:32+0800,51.903,plan_received,id=18; source=/received_global_plan; points=21; frame=wamv/wamv/base_link; world_frame=camera_init
2026-09-04T13:50:32+0800,52.004,plan_received,id=18; source=/received_global_plan; points=21; frame=wamv/wamv/base_link; world_frame=camera_init
2026-09-04T13:50:32+0800,52.103,plan_received,id=18; source=/received_global_plan; points=21; frame=wamv/wamv/base_link; world_frame=camera_init
2026-09-04T13:50:32+0800,52.204,plan_received,id=18; source=/received_global_plan; points=21; frame=wamv/wamv/base_link; world_frame=camera_init
2026-09-04T13:50:32+0800,52.304,plan_received,id=18; source=/received_global_plan; points=21; frame=wamv/wamv/base_link; world_frame=camera_init
2026-09-04T13:50:32+0800,52.404,plan_received,id=18; source=/received_global_plan; points=21; frame=wamv/wamv/base_link; world_frame=camera_init
2026-09-04T13:50:32+0800,52.504,plan_received,id=18; source=/received_global_plan; points=21; frame=wamv/wamv/base_link; world_frame=camera_init
2026-09-04T13:50:32+0800,52.604,plan_received,id=18; source=/received_global_plan; points=21; frame=wamv/wamv/base_link; world_frame=camera_init
2026-09-04T13:50:33+0800,52.704,plan_received,id=18; source=/received_global_plan; points=21; frame=wamv/wamv/base_link; world_frame=camera_init
2026-09-04T13:50:33+0800,52.803,plan_received,id=18; source=/received_global_plan; points=21; frame=wamv/wamv/base_link; world_frame=camera_init
2026-09-04T13:50:33+0800,52.905,plan_received,id=18; source=/received_global_plan; points=21; frame=wamv/wamv/base_link; world_frame=camera_init
2026-09-04T13:50:33+0800,53.004,plan_received,id=18; source=/received_global_plan; points=21; frame=wamv/wamv/base_link; world_frame=camera_init
2026-09-04T13:50:33+0800,53.104,plan_received,id=18; source=/received_global_plan; points=21; frame=wamv/wamv/base_link; world_frame=camera_init
2026-09-04T13:50:33+0800,53.204,plan_received,id=18; source=/received_global_plan; points=21; frame=wamv/wamv/base_link; world_frame=camera_init
2026-09-04T13:50:33+0800,53.304,plan_received,id=18; source=/received_global_plan; points=21; frame=wamv/wamv/base_link; world_frame=camera_init
2026-09-04T13:50:33+0800,53.404,plan_received,id=18; source=/received_global_plan; points=21; frame=wamv/wamv/base_link; world_frame=camera_init
2026-09-04T13:50:33+0800,53.504,plan_received,id=18; source=/received_global_plan; points=21; frame=wamv/wamv/base_link; world_frame=camera_init
2026-09-04T13:50:33+0800,53.604,plan_received,id=18; source=/received_global_plan; points=21; frame=wamv/wamv/base_link; world_frame=camera_init
2026-09-04T13:50:34+0800,53.704,plan_received,id=18; source=/received_global_plan; points=21; frame=wamv/wamv/base_link; world_frame=camera_init
2026-09-04T13:50:34+0800,53.804,plan_received,id=18; source=/received_global_plan; points=21; frame=wamv/wamv/base_link; world_frame=camera_init
2026-09-04T13:50:34+0800,53.904,plan_received,id=18; source=/received_global_plan; points=21; frame=wamv/wamv/base_link; world_frame=camera_init
2026-09-04T13:50:34+0800,54.004,plan_received,id=18; source=/received_global_plan; points=21; frame=wamv/wamv/base_link; world_frame=camera_init
2026-09-04T13:50:34+0800,54.103,plan_received,id=18; source=/received_global_plan; points=21; frame=wamv/wamv/base_link; world_frame=camera_init
2026-09-04T13:50:34+0800,54.203,plan_received,id=18; source=/received_global_plan; points=21; frame=wamv/wamv/base_link; world_frame=camera_init
2026-09-04T13:50:34+0800,54.304,plan_received,id=18; source=/received_global_plan; points=21; frame=wamv/wamv/base_link; world_frame=camera_init
2026-09-04T13:50:34+0800,54.403,plan_received,id=18; source=/received_global_plan; points=21; frame=wamv/wamv/base_link; world_frame=camera_init
2026-09-04T13:50:34+0800,54.503,plan_received,id=18; source=/received_global_plan; points=21; frame=wamv/wamv/base_link; world_frame=camera_init
2026-09-04T13:50:34+0800,54.603,plan_received,id=18; source=/received_global_plan; points=21; frame=wamv/wamv/base_link; world_frame=camera_init
2026-09-04T13:50:35+0800,54.704,plan_received,id=18; source=/received_global_plan; points=21; frame=wamv/wamv/base_link; world_frame=camera_init
2026-09-04T13:50:35+0800,54.803,plan_received,id=18; source=/received_global_plan; points=21; frame=wamv/wamv/base_link; world_frame=camera_init
2026-09-04T13:50:35+0800,54.904,plan_received,id=18; source=/received_global_plan; points=21; frame=wamv/wamv/base_link; world_frame=camera_init
2026-09-04T13:50:35+0800,55.004,plan_received,id=18; source=/received_global_plan; points=21; frame=wamv/wamv/base_link; world_frame=camera_init
2026-09-04T13:50:35+0800,55.104,plan_received,id=18; source=/received_global_plan; points=21; frame=wamv/wamv/base_link; world_frame=camera_init
2026-09-04T13:50:35+0800,55.204,plan_received,id=18; source=/received_global_plan; points=21; frame=wamv/wamv/base_link; world_frame=camera_init
2026-09-04T13:50:35+0800,55.304,plan_received,id=18; source=/received_global_plan; points=21; frame=wamv/wamv/base_link; world_frame=camera_init
2026-09-04T13:50:35+0800,55.314,plan_received,id=19; source=/plan; points=19; frame=camera_init; world_frame=camera_init
2026-09-04T13:50:35+0800,55.315,plan_received,id=20; source=/unsmoothed_plan; points=19; frame=camera_init; world_frame=camera_init
2026-09-04T13:50:35+0800,55.404,plan_received,id=20; source=/received_global_plan; points=19; frame=wamv/wamv/base_link; world_frame=camera_init
2026-09-04T13:50:35+0800,55.504,plan_received,id=20; source=/received_global_plan; points=19; frame=wamv/wamv/base_link; world_frame=camera_init
2026-09-04T13:50:35+0800,55.603,plan_received,id=20; source=/received_global_plan; points=19; frame=wamv/wamv/base_link; world_frame=camera_init
2026-09-04T13:50:36+0800,55.704,plan_received,id=20; source=/received_global_plan; points=19; frame=wamv/wamv/base_link; world_frame=camera_init
2026-09-04T13:50:36+0800,55.803,plan_received,id=20; source=/received_global_plan; points=19; frame=wamv/wamv/base_link; world_frame=camera_init
2026-09-04T13:50:36+0800,55.903,plan_received,id=20; source=/received_global_plan; points=19; frame=wamv/wamv/base_link; world_frame=camera_init
2026-09-04T13:50:36+0800,56.003,plan_received,id=20; source=/received_global_plan; points=19; frame=wamv/wamv/base_link; world_frame=camera_init
2026-09-04T13:50:36+0800,56.103,plan_received,id=20; source=/received_global_plan; points=19; frame=wamv/wamv/base_link; world_frame=camera_init
2026-09-04T13:50:36+0800,56.204,plan_received,id=20; source=/received_global_plan; points=19; frame=wamv/wamv/base_link; world_frame=camera_init
2026-09-04T13:50:36+0800,56.304,plan_received,id=20; source=/received_global_plan; points=19; frame=wamv/wamv/base_link; world_frame=camera_init
2026-09-04T13:50:36+0800,56.405,plan_received,id=20; source=/received_global_plan; points=19; frame=wamv/wamv/base_link; world_frame=camera_init
2026-09-04T13:50:36+0800,56.505,plan_received,id=20; source=/received_global_plan; points=19; frame=wamv/wamv/base_link; world_frame=camera_init
2026-09-04T13:50:36+0800,56.604,plan_received,id=20; source=/received_global_plan; points=19; frame=wamv/wamv/base_link; world_frame=camera_init
2026-09-04T13:50:37+0800,56.703,plan_received,id=20; source=/received_global_plan; points=19; frame=wamv/wamv/base_link; world_frame=camera_init
2026-09-04T13:50:37+0800,56.804,plan_received,id=20; source=/received_global_plan; points=19; frame=wamv/wamv/base_link; world_frame=camera_init
2026-09-04T13:50:37+0800,56.904,plan_received,id=20; source=/received_global_plan; points=19; frame=wamv/wamv/base_link; world_frame=camera_init
2026-09-04T13:50:37+0800,57.004,plan_received,id=20; source=/received_global_plan; points=19; frame=wamv/wamv/base_link; world_frame=camera_init
2026-09-04T13:50:37+0800,57.103,plan_received,id=20; source=/received_global_plan; points=19; frame=wamv/wamv/base_link; world_frame=camera_init
2026-09-04T13:50:37+0800,57.204,plan_received,id=20; source=/received_global_plan; points=19; frame=wamv/wamv/base_link; world_frame=camera_init
2026-09-04T13:50:37+0800,57.304,plan_received,id=20; source=/received_global_plan; points=19; frame=wamv/wamv/base_link; world_frame=camera_init
2026-09-04T13:50:37+0800,57.405,plan_received,id=20; source=/received_global_plan; points=19; frame=wamv/wamv/base_link; world_frame=camera_init
2026-09-04T13:50:37+0800,57.503,plan_received,id=20; source=/received_global_plan; points=19; frame=wamv/wamv/base_link; world_frame=camera_init
2026-09-04T13:50:37+0800,57.603,plan_received,id=20; source=/received_global_plan; points=19; frame=wamv/wamv/base_link; world_frame=camera_init
2026-09-04T13:50:38+0800,57.704,plan_received,id=20; source=/received_global_plan; points=19; frame=wamv/wamv/base_link; world_frame=camera_init
2026-09-04T13:50:38+0800,57.804,plan_received,id=20; source=/received_global_plan; points=19; frame=wamv/wamv/base_link; world_frame=camera_init
2026-09-04T13:50:38+0800,57.904,plan_received,id=20; source=/received_global_plan; points=19; frame=wamv/wamv/base_link; world_frame=camera_init
2026-09-04T13:50:38+0800,58.004,plan_received,id=20; source=/received_global_plan; points=19; frame=wamv/wamv/base_link; world_frame=camera_init
2026-09-04T13:50:38+0800,58.104,plan_received,id=20; source=/received_global_plan; points=19; frame=wamv/wamv/base_link; world_frame=camera_init
2026-09-04T13:50:38+0800,58.203,plan_received,id=20; source=/received_global_plan; points=19; frame=wamv/wamv/base_link; world_frame=camera_init
2026-09-04T13:50:38+0800,58.304,plan_received,id=20; source=/received_global_plan; points=19; frame=wamv/wamv/base_link; world_frame=camera_init
2026-09-04T13:50:38+0800,58.404,plan_received,id=20; source=/received_global_plan; points=19; frame=wamv/wamv/base_link; world_frame=camera_init
2026-09-04T13:50:38+0800,58.504,plan_received,id=20; source=/received_global_plan; points=19; frame=wamv/wamv/base_link; world_frame=camera_init
2026-09-04T13:50:38+0800,58.603,plan_received,id=20; source=/received_global_plan; points=19; frame=wamv/wamv/base_link; world_frame=camera_init
2026-09-04T13:50:39+0800,58.704,plan_received,id=20; source=/received_global_plan; points=19; frame=wamv/wamv/base_link; world_frame=camera_init
2026-09-04T13:50:39+0800,58.804,plan_received,id=20; source=/received_global_plan; points=19; frame=wamv/wamv/base_link; world_frame=camera_init
2026-09-04T13:50:39+0800,58.904,plan_received,id=20; source=/received_global_plan; points=19; frame=wamv/wamv/base_link; world_frame=camera_init
2026-09-04T13:50:39+0800,59.003,plan_received,id=20; source=/received_global_plan; points=19; frame=wamv/wamv/base_link; world_frame=camera_init
2026-09-04T13:50:39+0800,59.104,plan_received,id=20; source=/received_global_plan; points=19; frame=wamv/wamv/base_link; world_frame=camera_init
2026-09-04T13:50:39+0800,59.204,plan_received,id=20; source=/received_global_plan; points=19; frame=wamv/wamv/base_link; world_frame=camera_init
2026-09-04T13:50:39+0800,59.304,plan_received,id=20; source=/received_global_plan; points=19; frame=wamv/wamv/base_link; world_frame=camera_init
2026-09-04T13:50:39+0800,59.404,plan_received,id=20; source=/received_global_plan; points=19; frame=wamv/wamv/base_link; world_frame=camera_init
2026-09-04T13:50:39+0800,59.504,plan_received,id=20; source=/received_global_plan; points=19; frame=wamv/wamv/base_link; world_frame=camera_init
2026-09-04T13:50:39+0800,59.508,plan_received,id=21; source=/plan; points=21; frame=camera_init; world_frame=camera_init
2026-09-04T13:50:39+0800,59.509,plan_received,id=22; source=/unsmoothed_plan; points=21; frame=camera_init; world_frame=camera_init
2026-09-04T13:50:39+0800,59.604,plan_received,id=22; source=/received_global_plan; points=21; frame=wamv/wamv/base_link; world_frame=camera_init
2026-09-04T13:50:40+0800,59.704,plan_received,id=22; source=/received_global_plan; points=21; frame=wamv/wamv/base_link; world_frame=camera_init
2026-09-04T13:50:40+0800,59.804,plan_received,id=22; source=/received_global_plan; points=21; frame=wamv/wamv/base_link; world_frame=camera_init
2026-09-04T13:50:40+0800,59.904,plan_received,id=22; source=/received_global_plan; points=21; frame=wamv/wamv/base_link; world_frame=camera_init
2026-09-04T13:50:40+0800,60.003,plan_received,id=22; source=/received_global_plan; points=21; frame=wamv/wamv/base_link; world_frame=camera_init
2026-09-04T13:50:40+0800,60.104,plan_received,id=22; source=/received_global_plan; points=21; frame=wamv/wamv/base_link; world_frame=camera_init
2026-09-04T13:50:40+0800,60.204,plan_received,id=22; source=/received_global_plan; points=21; frame=wamv/wamv/base_link; world_frame=camera_init
2026-09-04T13:50:40+0800,60.304,plan_received,id=22; source=/received_global_plan; points=21; frame=wamv/wamv/base_link; world_frame=camera_init
2026-09-04T13:50:40+0800,60.403,plan_received,id=22; source=/received_global_plan; points=21; frame=wamv/wamv/base_link; world_frame=camera_init
2026-09-04T13:50:40+0800,60.504,plan_received,id=22; source=/received_global_plan; points=21; frame=wamv/wamv/base_link; world_frame=camera_init
2026-09-04T13:50:40+0800,60.603,plan_received,id=22; source=/received_global_plan; points=21; frame=wamv/wamv/base_link; world_frame=camera_init
2026-09-04T13:50:41+0800,60.704,plan_received,id=22; source=/received_global_plan; points=21; frame=wamv/wamv/base_link; world_frame=camera_init
2026-09-04T13:50:41+0800,60.804,plan_received,id=22; source=/received_global_plan; points=21; frame=wamv/wamv/base_link; world_frame=camera_init
2026-09-04T13:50:41+0800,60.904,plan_received,id=22; source=/received_global_plan; points=21; frame=wamv/wamv/base_link; world_frame=camera_init
2026-09-04T13:50:41+0800,61.004,plan_received,id=22; source=/received_global_plan; points=21; frame=wamv/wamv/base_link; world_frame=camera_init
2026-09-04T13:50:41+0800,61.105,plan_received,id=22; source=/received_global_plan; points=21; frame=wamv/wamv/base_link; world_frame=camera_init
2026-09-04T13:50:41+0800,61.203,plan_received,id=22; source=/received_global_plan; points=21; frame=wamv/wamv/base_link; world_frame=camera_init
2026-09-04T13:50:41+0800,61.304,plan_received,id=22; source=/received_global_plan; points=21; frame=wamv/wamv/base_link; world_frame=camera_init
2026-09-04T13:50:44+0800,64.211,plan_received,id=23; source=/plan; points=21; frame=camera_init; world_frame=camera_init
2026-09-04T13:50:44+0800,64.212,plan_received,id=24; source=/unsmoothed_plan; points=21; frame=camera_init; world_frame=camera_init
2026-09-04T13:50:44+0800,64.402,plan_received,id=24; source=/received_global_plan; points=21; frame=wamv/wamv/base_link; world_frame=camera_init
2026-09-04T13:50:44+0800,64.503,plan_received,id=24; source=/received_global_plan; points=21; frame=wamv/wamv/base_link; world_frame=camera_init
2026-09-04T13:50:44+0800,64.603,plan_received,id=24; source=/received_global_plan; points=21; frame=wamv/wamv/base_link; world_frame=camera_init
2026-09-04T13:50:45+0800,64.703,plan_received,id=24; source=/received_global_plan; points=21; frame=wamv/wamv/base_link; world_frame=camera_init
2026-09-04T13:50:45+0800,64.803,plan_received,id=24; source=/received_global_plan; points=21; frame=wamv/wamv/base_link; world_frame=camera_init
2026-09-04T13:50:45+0800,64.903,plan_received,id=24; source=/received_global_plan; points=21; frame=wamv/wamv/base_link; world_frame=camera_init
2026-09-04T13:50:45+0800,65.002,plan_received,id=24; source=/received_global_plan; points=21; frame=wamv/wamv/base_link; world_frame=camera_init
2026-09-04T13:50:45+0800,65.103,plan_received,id=24; source=/received_global_plan; points=21; frame=wamv/wamv/base_link; world_frame=camera_init
2026-09-04T13:50:45+0800,65.204,plan_received,id=24; source=/received_global_plan; points=21; frame=wamv/wamv/base_link; world_frame=camera_init
2026-09-04T13:50:45+0800,65.303,plan_received,id=24; source=/received_global_plan; points=21; frame=wamv/wamv/base_link; world_frame=camera_init
2026-09-04T13:50:45+0800,65.403,plan_received,id=24; source=/received_global_plan; points=21; frame=wamv/wamv/base_link; world_frame=camera_init
2026-09-04T13:50:45+0800,65.502,plan_received,id=24; source=/received_global_plan; points=21; frame=wamv/wamv/base_link; world_frame=camera_init
2026-09-04T13:50:45+0800,65.604,plan_received,id=24; source=/received_global_plan; points=21; frame=wamv/wamv/base_link; world_frame=camera_init
2026-09-04T13:50:46+0800,65.702,plan_received,id=24; source=/received_global_plan; points=21; frame=wamv/wamv/base_link; world_frame=camera_init
2026-09-04T13:50:46+0800,65.802,plan_received,id=24; source=/received_global_plan; points=21; frame=wamv/wamv/base_link; world_frame=camera_init
2026-09-04T13:50:46+0800,65.902,plan_received,id=24; source=/received_global_plan; points=21; frame=wamv/wamv/base_link; world_frame=camera_init
2026-09-04T13:50:46+0800,66.003,plan_received,id=24; source=/received_global_plan; points=21; frame=wamv/wamv/base_link; world_frame=camera_init
2026-09-04T13:50:46+0800,66.103,plan_received,id=24; source=/received_global_plan; points=21; frame=wamv/wamv/base_link; world_frame=camera_init
2026-09-04T13:50:46+0800,66.204,plan_received,id=24; source=/received_global_plan; points=21; frame=wamv/wamv/base_link; world_frame=camera_init
2026-09-04T13:50:46+0800,66.302,plan_received,id=24; source=/received_global_plan; points=21; frame=wamv/wamv/base_link; world_frame=camera_init
2026-09-04T13:50:46+0800,66.404,plan_received,id=24; source=/received_global_plan; points=21; frame=wamv/wamv/base_link; world_frame=camera_init
2026-09-04T13:50:46+0800,66.504,plan_received,id=24; source=/received_global_plan; points=21; frame=wamv/wamv/base_link; world_frame=camera_init
2026-09-04T13:50:46+0800,66.604,plan_received,id=24; source=/received_global_plan; points=21; frame=wamv/wamv/base_link; world_frame=camera_init
2026-09-04T13:50:47+0800,66.703,plan_received,id=24; source=/received_global_plan; points=21; frame=wamv/wamv/base_link; world_frame=camera_init
2026-09-04T13:50:47+0800,66.805,plan_received,id=24; source=/received_global_plan; points=21; frame=wamv/wamv/base_link; world_frame=camera_init
2026-09-04T13:50:47+0800,66.904,plan_received,id=24; source=/received_global_plan; points=21; frame=wamv/wamv/base_link; world_frame=camera_init
2026-09-04T13:50:47+0800,67.002,plan_received,id=24; source=/received_global_plan; points=21; frame=wamv/wamv/base_link; world_frame=camera_init
2026-09-04T13:50:47+0800,67.103,plan_received,id=24; source=/received_global_plan; points=21; frame=wamv/wamv/base_link; world_frame=camera_init
2026-09-04T13:50:47+0800,67.203,plan_received,id=24; source=/received_global_plan; points=21; frame=wamv/wamv/base_link; world_frame=camera_init
2026-09-04T13:50:47+0800,67.303,plan_received,id=24; source=/received_global_plan; points=21; frame=wamv/wamv/base_link; world_frame=camera_init
2026-09-04T13:50:47+0800,67.402,plan_received,id=24; source=/received_global_plan; points=21; frame=wamv/wamv/base_link; world_frame=camera_init
2026-09-04T13:50:47+0800,67.503,plan_received,id=24; source=/received_global_plan; points=21; frame=wamv/wamv/base_link; world_frame=camera_init
2026-09-04T13:50:47+0800,67.604,plan_received,id=24; source=/received_global_plan; points=21; frame=wamv/wamv/base_link; world_frame=camera_init
2026-09-04T13:50:48+0800,67.704,plan_received,id=24; source=/received_global_plan; points=21; frame=wamv/wamv/base_link; world_frame=camera_init
2026-09-04T13:50:48+0800,67.803,plan_received,id=24; source=/received_global_plan; points=21; frame=wamv/wamv/base_link; world_frame=camera_init
2026-09-04T13:50:48+0800,67.903,plan_received,id=24; source=/received_global_plan; points=21; frame=wamv/wamv/base_link; world_frame=camera_init
2026-09-04T13:50:48+0800,68.003,plan_received,id=24; source=/received_global_plan; points=21; frame=wamv/wamv/base_link; world_frame=camera_init
2026-09-04T13:50:48+0800,68.103,plan_received,id=24; source=/received_global_plan; points=21; frame=wamv/wamv/base_link; world_frame=camera_init
2026-09-04T13:50:48+0800,68.203,plan_received,id=24; source=/received_global_plan; points=21; frame=wamv/wamv/base_link; world_frame=camera_init
2026-09-04T13:50:48+0800,68.302,plan_received,id=24; source=/received_global_plan; points=21; frame=wamv/wamv/base_link; world_frame=camera_init
2026-09-04T13:50:48+0800,68.403,plan_received,id=24; source=/received_global_plan; points=21; frame=wamv/wamv/base_link; world_frame=camera_init
2026-09-04T13:50:48+0800,68.428,plan_received,id=25; source=/plan; points=18; frame=camera_init; world_frame=camera_init
2026-09-04T13:50:48+0800,68.429,plan_received,id=26; source=/unsmoothed_plan; points=18; frame=camera_init; world_frame=camera_init
2026-09-04T13:50:48+0800,68.503,plan_received,id=26; source=/received_global_plan; points=21; frame=wamv/wamv/base_link; world_frame=camera_init
2026-09-04T13:50:48+0800,68.603,plan_received,id=26; source=/received_global_plan; points=18; frame=wamv/wamv/base_link; world_frame=camera_init
2026-09-04T13:50:49+0800,68.703,plan_received,id=26; source=/received_global_plan; points=18; frame=wamv/wamv/base_link; world_frame=camera_init
2026-09-04T13:50:49+0800,68.802,plan_received,id=26; source=/received_global_plan; points=18; frame=wamv/wamv/base_link; world_frame=camera_init
2026-09-04T13:50:49+0800,68.902,plan_received,id=26; source=/received_global_plan; points=18; frame=wamv/wamv/base_link; world_frame=camera_init
2026-09-04T13:50:49+0800,69.002,plan_received,id=26; source=/received_global_plan; points=18; frame=wamv/wamv/base_link; world_frame=camera_init
2026-09-04T13:50:49+0800,69.104,plan_received,id=26; source=/received_global_plan; points=18; frame=wamv/wamv/base_link; world_frame=camera_init
2026-09-04T13:50:49+0800,69.202,plan_received,id=26; source=/received_global_plan; points=18; frame=wamv/wamv/base_link; world_frame=camera_init
2026-09-04T13:50:49+0800,69.302,plan_received,id=26; source=/received_global_plan; points=18; frame=wamv/wamv/base_link; world_frame=camera_init
2026-09-04T13:50:49+0800,69.403,plan_received,id=26; source=/received_global_plan; points=18; frame=wamv/wamv/base_link; world_frame=camera_init
2026-09-04T13:50:49+0800,69.502,plan_received,id=26; source=/received_global_plan; points=18; frame=wamv/wamv/base_link; world_frame=camera_init
2026-09-04T13:50:49+0800,69.603,plan_received,id=26; source=/received_global_plan; points=18; frame=wamv/wamv/base_link; world_frame=camera_init
2026-09-04T13:50:50+0800,69.703,plan_received,id=26; source=/received_global_plan; points=18; frame=wamv/wamv/base_link; world_frame=camera_init
2026-09-04T13:50:50+0800,69.802,plan_received,id=26; source=/received_global_plan; points=18; frame=wamv/wamv/base_link; world_frame=camera_init
2026-09-04T13:50:50+0800,69.903,plan_received,id=26; source=/received_global_plan; points=18; frame=wamv/wamv/base_link; world_frame=camera_init
2026-09-04T13:50:50+0800,70.004,plan_received,id=26; source=/received_global_plan; points=18; frame=wamv/wamv/base_link; world_frame=camera_init
2026-09-04T13:50:50+0800,70.104,plan_received,id=26; source=/received_global_plan; points=18; frame=wamv/wamv/base_link; world_frame=camera_init
2026-09-04T13:50:50+0800,70.205,plan_received,id=26; source=/received_global_plan; points=18; frame=wamv/wamv/base_link; world_frame=camera_init
2026-09-04T13:50:50+0800,70.302,plan_received,id=26; source=/received_global_plan; points=18; frame=wamv/wamv/base_link; world_frame=camera_init
2026-09-04T13:50:50+0800,70.402,plan_received,id=26; source=/received_global_plan; points=18; frame=wamv/wamv/base_link; world_frame=camera_init
2026-09-04T13:50:50+0800,70.502,plan_received,id=26; source=/received_global_plan; points=18; frame=wamv/wamv/base_link; world_frame=camera_init
2026-09-04T13:50:50+0800,70.602,plan_received,id=26; source=/received_global_plan; points=18; frame=wamv/wamv/base_link; world_frame=camera_init
2026-09-04T13:50:51+0800,70.702,plan_received,id=26; source=/received_global_plan; points=18; frame=wamv/wamv/base_link; world_frame=camera_init
2026-09-04T13:50:51+0800,70.802,plan_received,id=26; source=/received_global_plan; points=18; frame=wamv/wamv/base_link; world_frame=camera_init
2026-09-04T13:50:51+0800,70.903,plan_received,id=26; source=/received_global_plan; points=18; frame=wamv/wamv/base_link; world_frame=camera_init
2026-09-04T13:50:51+0800,71.003,plan_received,id=26; source=/received_global_plan; points=18; frame=wamv/wamv/base_link; world_frame=camera_init
2026-09-04T13:50:51+0800,71.103,plan_received,id=26; source=/received_global_plan; points=18; frame=wamv/wamv/base_link; world_frame=camera_init
2026-09-04T13:50:51+0800,71.202,plan_received,id=26; source=/received_global_plan; points=18; frame=wamv/wamv/base_link; world_frame=camera_init
2026-09-04T13:50:51+0800,71.303,plan_received,id=26; source=/received_global_plan; points=18; frame=wamv/wamv/base_link; world_frame=camera_init
2026-09-04T13:50:51+0800,71.403,plan_received,id=26; source=/received_global_plan; points=18; frame=wamv/wamv/base_link; world_frame=camera_init
2026-09-04T13:50:51+0800,71.503,plan_received,id=26; source=/received_global_plan; points=18; frame=wamv/wamv/base_link; world_frame=camera_init
2026-09-04T13:50:51+0800,71.603,plan_received,id=26; source=/received_global_plan; points=16; frame=wamv/wamv/base_link; world_frame=camera_init
2026-09-04T13:50:52+0800,71.703,plan_received,id=26; source=/received_global_plan; points=16; frame=wamv/wamv/base_link; world_frame=camera_init
2026-09-04T13:50:52+0800,71.803,plan_received,id=26; source=/received_global_plan; points=16; frame=wamv/wamv/base_link; world_frame=camera_init
2026-09-04T13:50:52+0800,71.902,plan_received,id=26; source=/received_global_plan; points=16; frame=wamv/wamv/base_link; world_frame=camera_init
2026-09-04T13:50:52+0800,72.003,plan_received,id=26; source=/received_global_plan; points=16; frame=wamv/wamv/base_link; world_frame=camera_init
2026-09-04T13:50:52+0800,72.102,plan_received,id=26; source=/received_global_plan; points=16; frame=wamv/wamv/base_link; world_frame=camera_init
2026-09-04T13:50:52+0800,72.203,plan_received,id=26; source=/received_global_plan; points=16; frame=wamv/wamv/base_link; world_frame=camera_init
2026-09-04T13:50:52+0800,72.303,plan_received,id=26; source=/received_global_plan; points=16; frame=wamv/wamv/base_link; world_frame=camera_init
2026-09-04T13:50:52+0800,72.403,plan_received,id=26; source=/received_global_plan; points=16; frame=wamv/wamv/base_link; world_frame=camera_init
2026-09-04T13:50:52+0800,72.503,plan_received,id=26; source=/received_global_plan; points=16; frame=wamv/wamv/base_link; world_frame=camera_init
2026-09-04T13:50:52+0800,72.603,plan_received,id=26; source=/received_global_plan; points=16; frame=wamv/wamv/base_link; world_frame=camera_init
2026-09-04T13:50:52+0800,72.610,plan_received,id=27; source=/plan; points=20; frame=camera_init; world_frame=camera_init
2026-09-04T13:50:52+0800,72.611,plan_received,id=28; source=/unsmoothed_plan; points=20; frame=camera_init; world_frame=camera_init
2026-09-04T13:50:53+0800,72.703,plan_received,id=28; source=/received_global_plan; points=20; frame=wamv/wamv/base_link; world_frame=camera_init
2026-09-04T13:50:53+0800,72.803,plan_received,id=28; source=/received_global_plan; points=20; frame=wamv/wamv/base_link; world_frame=camera_init
2026-09-04T13:50:53+0800,72.902,plan_received,id=28; source=/received_global_plan; points=20; frame=wamv/wamv/base_link; world_frame=camera_init
2026-09-04T13:50:53+0800,73.002,plan_received,id=28; source=/received_global_plan; points=20; frame=wamv/wamv/base_link; world_frame=camera_init
2026-09-04T13:50:53+0800,73.104,plan_received,id=28; source=/received_global_plan; points=20; frame=wamv/wamv/base_link; world_frame=camera_init
2026-09-04T13:50:53+0800,73.204,plan_received,id=28; source=/received_global_plan; points=20; frame=wamv/wamv/base_link; world_frame=camera_init
2026-09-04T13:50:53+0800,73.304,plan_received,id=28; source=/received_global_plan; points=20; frame=wamv/wamv/base_link; world_frame=camera_init
2026-09-04T13:50:53+0800,73.403,plan_received,id=28; source=/received_global_plan; points=20; frame=wamv/wamv/base_link; world_frame=camera_init
2026-09-04T13:50:53+0800,73.503,plan_received,id=28; source=/received_global_plan; points=20; frame=wamv/wamv/base_link; world_frame=camera_init
2026-09-04T13:50:53+0800,73.603,plan_received,id=28; source=/received_global_plan; points=20; frame=wamv/wamv/base_link; world_frame=camera_init
2026-09-04T13:50:54+0800,73.703,plan_received,id=28; source=/received_global_plan; points=20; frame=wamv/wamv/base_link; world_frame=camera_init
2026-09-04T13:50:54+0800,73.804,plan_received,id=28; source=/received_global_plan; points=20; frame=wamv/wamv/base_link; world_frame=camera_init
2026-09-04T13:50:54+0800,73.903,plan_received,id=28; source=/received_global_plan; points=20; frame=wamv/wamv/base_link; world_frame=camera_init
2026-09-04T13:50:54+0800,74.003,plan_received,id=28; source=/received_global_plan; points=20; frame=wamv/wamv/base_link; world_frame=camera_init
2026-09-04T13:50:54+0800,74.103,plan_received,id=28; source=/received_global_plan; points=20; frame=wamv/wamv/base_link; world_frame=camera_init
2026-09-04T13:50:54+0800,74.204,plan_received,id=28; source=/received_global_plan; points=20; frame=wamv/wamv/base_link; world_frame=camera_init
2026-09-04T13:50:54+0800,74.303,plan_received,id=28; source=/received_global_plan; points=20; frame=wamv/wamv/base_link; world_frame=camera_init
2026-09-04T13:50:54+0800,74.403,plan_received,id=28; source=/received_global_plan; points=20; frame=wamv/wamv/base_link; world_frame=camera_init
2026-09-04T13:50:54+0800,74.502,plan_received,id=28; source=/received_global_plan; points=20; frame=wamv/wamv/base_link; world_frame=camera_init
2026-09-04T13:50:54+0800,74.602,plan_received,id=28; source=/received_global_plan; points=20; frame=wamv/wamv/base_link; world_frame=camera_init
2026-09-04T13:50:55+0800,74.702,plan_received,id=28; source=/received_global_plan; points=20; frame=wamv/wamv/base_link; world_frame=camera_init
2026-09-04T13:50:55+0800,74.802,plan_received,id=28; source=/received_global_plan; points=20; frame=wamv/wamv/base_link; world_frame=camera_init
2026-09-04T13:50:55+0800,75.154,plan_received,id=28; source=/received_global_plan; points=20; frame=wamv/wamv/base_link; world_frame=camera_init
2026-09-04T13:50:55+0800,75.203,plan_received,id=28; source=/received_global_plan; points=20; frame=wamv/wamv/base_link; world_frame=camera_init
2026-09-04T13:50:55+0800,75.304,plan_received,id=28; source=/received_global_plan; points=20; frame=wamv/wamv/base_link; world_frame=camera_init
2026-09-04T13:50:55+0800,75.402,plan_received,id=28; source=/received_global_plan; points=20; frame=wamv/wamv/base_link; world_frame=camera_init
2026-09-04T13:50:55+0800,75.503,plan_received,id=28; source=/received_global_plan; points=20; frame=wamv/wamv/base_link; world_frame=camera_init
2026-09-04T13:50:55+0800,75.604,plan_received,id=28; source=/received_global_plan; points=20; frame=wamv/wamv/base_link; world_frame=camera_init
2026-09-04T13:50:56+0800,75.703,plan_received,id=28; source=/received_global_plan; points=20; frame=wamv/wamv/base_link; world_frame=camera_init
2026-09-04T13:50:56+0800,75.803,plan_received,id=28; source=/received_global_plan; points=20; frame=wamv/wamv/base_link; world_frame=camera_init
2026-09-04T13:50:56+0800,75.903,plan_received,id=28; source=/received_global_plan; points=20; frame=wamv/wamv/base_link; world_frame=camera_init
2026-09-04T13:50:56+0800,76.003,plan_received,id=28; source=/received_global_plan; points=20; frame=wamv/wamv/base_link; world_frame=camera_init
2026-09-04T13:50:56+0800,76.103,plan_received,id=28; source=/received_global_plan; points=20; frame=wamv/wamv/base_link; world_frame=camera_init
2026-09-04T13:50:56+0800,76.203,plan_received,id=28; source=/received_global_plan; points=20; frame=wamv/wamv/base_link; world_frame=camera_init
2026-09-04T13:50:56+0800,76.303,plan_received,id=28; source=/received_global_plan; points=20; frame=wamv/wamv/base_link; world_frame=camera_init
2026-09-04T13:50:56+0800,76.403,plan_received,id=28; source=/received_global_plan; points=20; frame=wamv/wamv/base_link; world_frame=camera_init
2026-09-04T13:50:56+0800,76.503,plan_received,id=28; source=/received_global_plan; points=20; frame=wamv/wamv/base_link; world_frame=camera_init
2026-09-04T13:50:56+0800,76.604,plan_received,id=28; source=/received_global_plan; points=20; frame=wamv/wamv/base_link; world_frame=camera_init
2026-09-04T13:50:57+0800,76.703,plan_received,id=28; source=/received_global_plan; points=20; frame=wamv/wamv/base_link; world_frame=camera_init
2026-09-04T13:50:57+0800,76.803,plan_received,id=28; source=/received_global_plan; points=20; frame=wamv/wamv/base_link; world_frame=camera_init
2026-09-04T13:50:57+0800,76.811,plan_received,id=29; source=/plan; points=20; frame=camera_init; world_frame=camera_init
2026-09-04T13:50:57+0800,76.812,plan_received,id=30; source=/unsmoothed_plan; points=20; frame=camera_init; world_frame=camera_init
2026-09-04T13:50:57+0800,76.903,plan_received,id=30; source=/received_global_plan; points=20; frame=wamv/wamv/base_link; world_frame=camera_init
2026-09-04T13:50:57+0800,77.003,plan_received,id=30; source=/received_global_plan; points=20; frame=wamv/wamv/base_link; world_frame=camera_init
2026-09-04T13:50:57+0800,77.103,plan_received,id=30; source=/received_global_plan; points=20; frame=wamv/wamv/base_link; world_frame=camera_init
2026-09-04T13:50:57+0800,77.204,plan_received,id=30; source=/received_global_plan; points=20; frame=wamv/wamv/base_link; world_frame=camera_init
2026-09-04T13:50:57+0800,77.304,plan_received,id=30; source=/received_global_plan; points=20; frame=wamv/wamv/base_link; world_frame=camera_init
2026-09-04T13:50:57+0800,77.403,plan_received,id=30; source=/received_global_plan; points=20; frame=wamv/wamv/base_link; world_frame=camera_init
2026-09-04T13:50:57+0800,77.504,plan_received,id=30; source=/received_global_plan; points=20; frame=wamv/wamv/base_link; world_frame=camera_init
2026-09-04T13:50:57+0800,77.603,plan_received,id=30; source=/received_global_plan; points=20; frame=wamv/wamv/base_link; world_frame=camera_init
2026-09-04T13:50:58+0800,77.703,plan_received,id=30; source=/received_global_plan; points=20; frame=wamv/wamv/base_link; world_frame=camera_init
2026-09-04T13:50:58+0800,77.803,plan_received,id=30; source=/received_global_plan; points=20; frame=wamv/wamv/base_link; world_frame=camera_init
2026-09-04T13:50:58+0800,77.903,plan_received,id=30; source=/received_global_plan; points=20; frame=wamv/wamv/base_link; world_frame=camera_init
2026-09-04T13:50:58+0800,78.003,plan_received,id=30; source=/received_global_plan; points=20; frame=wamv/wamv/base_link; world_frame=camera_init
2026-09-04T13:50:58+0800,78.104,plan_received,id=30; source=/received_global_plan; points=20; frame=wamv/wamv/base_link; world_frame=camera_init
2026-09-04T13:50:58+0800,78.203,plan_received,id=30; source=/received_global_plan; points=18; frame=wamv/wamv/base_link; world_frame=camera_init
2026-09-04T13:50:58+0800,78.303,plan_received,id=30; source=/received_global_plan; points=18; frame=wamv/wamv/base_link; world_frame=camera_init
2026-09-04T13:50:58+0800,78.403,plan_received,id=30; source=/received_global_plan; points=18; frame=wamv/wamv/base_link; world_frame=camera_init
2026-09-04T13:50:58+0800,78.502,plan_received,id=30; source=/received_global_plan; points=18; frame=wamv/wamv/base_link; world_frame=camera_init
2026-09-04T13:50:58+0800,78.603,plan_received,id=30; source=/received_global_plan; points=18; frame=wamv/wamv/base_link; world_frame=camera_init
2026-09-04T13:50:59+0800,78.703,plan_received,id=30; source=/received_global_plan; points=18; frame=wamv/wamv/base_link; world_frame=camera_init
2026-09-04T13:50:59+0800,78.803,plan_received,id=30; source=/received_global_plan; points=18; frame=wamv/wamv/base_link; world_frame=camera_init
2026-09-04T13:50:59+0800,78.902,plan_received,id=30; source=/received_global_plan; points=18; frame=wamv/wamv/base_link; world_frame=camera_init
2026-09-04T13:50:59+0800,79.004,plan_received,id=30; source=/received_global_plan; points=18; frame=wamv/wamv/base_link; world_frame=camera_init
2026-09-04T13:50:59+0800,79.103,plan_received,id=30; source=/received_global_plan; points=18; frame=wamv/wamv/base_link; world_frame=camera_init
2026-09-04T13:50:59+0800,79.203,plan_received,id=30; source=/received_global_plan; points=18; frame=wamv/wamv/base_link; world_frame=camera_init
2026-09-04T13:50:59+0800,79.303,plan_received,id=30; source=/received_global_plan; points=18; frame=wamv/wamv/base_link; world_frame=camera_init
2026-09-04T13:50:59+0800,79.403,plan_received,id=30; source=/received_global_plan; points=18; frame=wamv/wamv/base_link; world_frame=camera_init
2026-09-04T13:50:59+0800,79.503,plan_received,id=30; source=/received_global_plan; points=18; frame=wamv/wamv/base_link; world_frame=camera_init
2026-09-04T13:50:59+0800,79.603,plan_received,id=30; source=/received_global_plan; points=18; frame=wamv/wamv/base_link; world_frame=camera_init
2026-09-04T13:51:00+0800,79.704,plan_received,id=30; source=/received_global_plan; points=18; frame=wamv/wamv/base_link; world_frame=camera_init
2026-09-04T13:51:00+0800,79.803,plan_received,id=30; source=/received_global_plan; points=18; frame=wamv/wamv/base_link; world_frame=camera_init
2026-09-04T13:51:00+0800,79.903,plan_received,id=30; source=/received_global_plan; points=18; frame=wamv/wamv/base_link; world_frame=camera_init
2026-09-04T13:51:00+0800,80.003,plan_received,id=30; source=/received_global_plan; points=18; frame=wamv/wamv/base_link; world_frame=camera_init
2026-09-04T13:51:00+0800,80.103,plan_received,id=30; source=/received_global_plan; points=18; frame=wamv/wamv/base_link; world_frame=camera_init
2026-09-04T13:51:00+0800,80.203,plan_received,id=30; source=/received_global_plan; points=18; frame=wamv/wamv/base_link; world_frame=camera_init
2026-09-04T13:51:00+0800,80.303,plan_received,id=30; source=/received_global_plan; points=18; frame=wamv/wamv/base_link; world_frame=camera_init
2026-09-04T13:51:00+0800,80.403,plan_received,id=30; source=/received_global_plan; points=18; frame=wamv/wamv/base_link; world_frame=camera_init
2026-09-04T13:51:00+0800,80.503,plan_received,id=30; source=/received_global_plan; points=18; frame=wamv/wamv/base_link; world_frame=camera_init
2026-09-04T13:51:00+0800,80.603,plan_received,id=30; source=/received_global_plan; points=18; frame=wamv/wamv/base_link; world_frame=camera_init
2026-09-04T13:51:01+0800,80.703,plan_received,id=30; source=/received_global_plan; points=18; frame=wamv/wamv/base_link; world_frame=camera_init
2026-09-04T13:51:01+0800,80.804,plan_received,id=30; source=/received_global_plan; points=18; frame=wamv/wamv/base_link; world_frame=camera_init
2026-09-04T13:51:01+0800,80.904,plan_received,id=30; source=/received_global_plan; points=18; frame=wamv/wamv/base_link; world_frame=camera_init
2026-09-04T13:51:01+0800,81.003,plan_received,id=30; source=/received_global_plan; points=18; frame=wamv/wamv/base_link; world_frame=camera_init
2026-09-04T13:51:01+0800,81.011,plan_received,id=31; source=/plan; points=22; frame=camera_init; world_frame=camera_init
2026-09-04T13:51:01+0800,81.012,plan_received,id=32; source=/unsmoothed_plan; points=22; frame=camera_init; world_frame=camera_init
2026-09-04T13:51:01+0800,81.103,plan_received,id=32; source=/received_global_plan; points=22; frame=wamv/wamv/base_link; world_frame=camera_init
2026-09-04T13:51:01+0800,81.204,plan_received,id=32; source=/received_global_plan; points=22; frame=wamv/wamv/base_link; world_frame=camera_init
2026-09-04T13:51:01+0800,81.303,plan_received,id=32; source=/received_global_plan; points=22; frame=wamv/wamv/base_link; world_frame=camera_init
2026-09-04T13:51:01+0800,81.403,plan_received,id=32; source=/received_global_plan; points=22; frame=wamv/wamv/base_link; world_frame=camera_init
2026-09-04T13:51:01+0800,81.504,plan_received,id=32; source=/received_global_plan; points=22; frame=wamv/wamv/base_link; world_frame=camera_init
2026-09-04T13:51:01+0800,81.602,plan_received,id=32; source=/received_global_plan; points=22; frame=wamv/wamv/base_link; world_frame=camera_init
2026-09-04T13:51:02+0800,81.702,plan_received,id=32; source=/received_global_plan; points=22; frame=wamv/wamv/base_link; world_frame=camera_init
2026-09-04T13:51:02+0800,81.803,plan_received,id=32; source=/received_global_plan; points=22; frame=wamv/wamv/base_link; world_frame=camera_init
2026-09-04T13:51:02+0800,81.903,plan_received,id=32; source=/received_global_plan; points=22; frame=wamv/wamv/base_link; world_frame=camera_init
2026-09-04T13:51:02+0800,82.003,plan_received,id=32; source=/received_global_plan; points=22; frame=wamv/wamv/base_link; world_frame=camera_init
2026-09-04T13:51:02+0800,82.103,plan_received,id=32; source=/received_global_plan; points=22; frame=wamv/wamv/base_link; world_frame=camera_init
2026-09-04T13:51:02+0800,82.203,plan_received,id=32; source=/received_global_plan; points=22; frame=wamv/wamv/base_link; world_frame=camera_init
2026-09-04T13:51:02+0800,82.304,plan_received,id=32; source=/received_global_plan; points=22; frame=wamv/wamv/base_link; world_frame=camera_init
2026-09-04T13:51:02+0800,82.404,plan_received,id=32; source=/received_global_plan; points=22; frame=wamv/wamv/base_link; world_frame=camera_init
2026-09-04T13:51:02+0800,82.503,plan_received,id=32; source=/received_global_plan; points=22; frame=wamv/wamv/base_link; world_frame=camera_init
2026-09-04T13:51:02+0800,82.603,plan_received,id=32; source=/received_global_plan; points=22; frame=wamv/wamv/base_link; world_frame=camera_init
2026-09-04T13:51:03+0800,82.703,plan_received,id=32; source=/received_global_plan; points=22; frame=wamv/wamv/base_link; world_frame=camera_init
2026-09-04T13:51:03+0800,82.804,plan_received,id=32; source=/received_global_plan; points=20; frame=wamv/wamv/base_link; world_frame=camera_init
2026-09-04T13:51:03+0800,82.903,plan_received,id=32; source=/received_global_plan; points=20; frame=wamv/wamv/base_link; world_frame=camera_init
2026-09-04T13:51:03+0800,83.003,plan_received,id=32; source=/received_global_plan; points=20; frame=wamv/wamv/base_link; world_frame=camera_init
2026-09-04T13:51:03+0800,83.104,plan_received,id=32; source=/received_global_plan; points=20; frame=wamv/wamv/base_link; world_frame=camera_init
2026-09-04T13:51:03+0800,83.203,plan_received,id=32; source=/received_global_plan; points=20; frame=wamv/wamv/base_link; world_frame=camera_init
2026-09-04T13:51:03+0800,83.303,plan_received,id=32; source=/received_global_plan; points=20; frame=wamv/wamv/base_link; world_frame=camera_init
2026-09-04T13:51:03+0800,83.403,plan_received,id=32; source=/received_global_plan; points=20; frame=wamv/wamv/base_link; world_frame=camera_init
2026-09-04T13:51:03+0800,83.503,plan_received,id=32; source=/received_global_plan; points=20; frame=wamv/wamv/base_link; world_frame=camera_init
2026-09-04T13:51:03+0800,83.603,plan_received,id=32; source=/received_global_plan; points=20; frame=wamv/wamv/base_link; world_frame=camera_init
2026-09-04T13:51:04+0800,83.703,plan_received,id=32; source=/received_global_plan; points=20; frame=wamv/wamv/base_link; world_frame=camera_init
2026-09-04T13:51:04+0800,83.803,plan_received,id=32; source=/received_global_plan; points=20; frame=wamv/wamv/base_link; world_frame=camera_init
2026-09-04T13:51:04+0800,83.903,plan_received,id=32; source=/received_global_plan; points=20; frame=wamv/wamv/base_link; world_frame=camera_init
2026-09-04T13:51:04+0800,84.003,plan_received,id=32; source=/received_global_plan; points=20; frame=wamv/wamv/base_link; world_frame=camera_init
2026-09-04T13:51:04+0800,84.103,plan_received,id=32; source=/received_global_plan; points=20; frame=wamv/wamv/base_link; world_frame=camera_init
2026-09-04T13:51:04+0800,84.203,plan_received,id=32; source=/received_global_plan; points=20; frame=wamv/wamv/base_link; world_frame=camera_init
2026-09-04T13:51:04+0800,84.303,plan_received,id=32; source=/received_global_plan; points=20; frame=wamv/wamv/base_link; world_frame=camera_init
2026-09-04T13:51:04+0800,84.404,plan_received,id=32; source=/received_global_plan; points=20; frame=wamv/wamv/base_link; world_frame=camera_init
2026-09-04T13:51:04+0800,84.503,plan_received,id=32; source=/received_global_plan; points=20; frame=wamv/wamv/base_link; world_frame=camera_init
2026-09-04T13:51:04+0800,84.604,plan_received,id=32; source=/received_global_plan; points=20; frame=wamv/wamv/base_link; world_frame=camera_init
2026-09-04T13:51:05+0800,84.703,plan_received,id=32; source=/received_global_plan; points=20; frame=wamv/wamv/base_link; world_frame=camera_init
2026-09-04T13:51:05+0800,84.803,plan_received,id=32; source=/received_global_plan; points=20; frame=wamv/wamv/base_link; world_frame=camera_init
2026-09-04T13:51:05+0800,84.903,plan_received,id=32; source=/received_global_plan; points=20; frame=wamv/wamv/base_link; world_frame=camera_init
2026-09-04T13:51:05+0800,85.003,plan_received,id=32; source=/received_global_plan; points=20; frame=wamv/wamv/base_link; world_frame=camera_init
2026-09-04T13:51:05+0800,85.103,plan_received,id=32; source=/received_global_plan; points=20; frame=wamv/wamv/base_link; world_frame=camera_init
2026-09-04T13:51:05+0800,85.206,plan_received,id=33; source=/unsmoothed_plan; points=25; frame=camera_init; world_frame=camera_init
2026-09-04T13:51:05+0800,85.207,plan_received,id=34; source=/plan; points=25; frame=camera_init; world_frame=camera_init
2026-09-04T13:51:08+0800,87.908,plan_received,id=35; source=/plan; points=23; frame=camera_init; world_frame=camera_init
2026-09-04T13:51:08+0800,87.909,plan_received,id=36; source=/unsmoothed_plan; points=23; frame=camera_init; world_frame=camera_init
2026-09-04T13:51:08+0800,88.103,plan_received,id=36; source=/received_global_plan; points=23; frame=wamv/wamv/base_link; world_frame=camera_init
2026-09-04T13:51:08+0800,88.203,plan_received,id=36; source=/received_global_plan; points=23; frame=wamv/wamv/base_link; world_frame=camera_init
2026-09-04T13:51:08+0800,88.303,plan_received,id=36; source=/received_global_plan; points=23; frame=wamv/wamv/base_link; world_frame=camera_init
2026-09-04T13:51:08+0800,88.402,plan_received,id=36; source=/received_global_plan; points=23; frame=wamv/wamv/base_link; world_frame=camera_init
2026-09-04T13:51:08+0800,88.502,plan_received,id=36; source=/received_global_plan; points=23; frame=wamv/wamv/base_link; world_frame=camera_init
2026-09-04T13:51:08+0800,88.603,plan_received,id=36; source=/received_global_plan; points=23; frame=wamv/wamv/base_link; world_frame=camera_init
2026-09-04T13:51:09+0800,88.703,plan_received,id=36; source=/received_global_plan; points=23; frame=wamv/wamv/base_link; world_frame=camera_init
2026-09-04T13:51:09+0800,88.802,plan_received,id=36; source=/received_global_plan; points=23; frame=wamv/wamv/base_link; world_frame=camera_init
2026-09-04T13:51:09+0800,88.903,plan_received,id=36; source=/received_global_plan; points=23; frame=wamv/wamv/base_link; world_frame=camera_init
2026-09-04T13:51:09+0800,89.002,plan_received,id=36; source=/received_global_plan; points=23; frame=wamv/wamv/base_link; world_frame=camera_init
2026-09-04T13:51:09+0800,89.103,plan_received,id=36; source=/received_global_plan; points=23; frame=wamv/wamv/base_link; world_frame=camera_init
2026-09-04T13:51:09+0800,89.203,plan_received,id=36; source=/received_global_plan; points=23; frame=wamv/wamv/base_link; world_frame=camera_init
2026-09-04T13:51:09+0800,89.303,plan_received,id=36; source=/received_global_plan; points=21; frame=wamv/wamv/base_link; world_frame=camera_init
2026-09-04T13:51:09+0800,89.403,plan_received,id=36; source=/received_global_plan; points=21; frame=wamv/wamv/base_link; world_frame=camera_init
2026-09-04T13:51:09+0800,89.502,plan_received,id=36; source=/received_global_plan; points=21; frame=wamv/wamv/base_link; world_frame=camera_init
2026-09-04T13:51:09+0800,89.602,plan_received,id=36; source=/received_global_plan; points=21; frame=wamv/wamv/base_link; world_frame=camera_init
2026-09-04T13:51:10+0800,89.703,plan_received,id=36; source=/received_global_plan; points=21; frame=wamv/wamv/base_link; world_frame=camera_init
2026-09-04T13:51:10+0800,89.804,plan_received,id=36; source=/received_global_plan; points=21; frame=wamv/wamv/base_link; world_frame=camera_init
2026-09-04T13:51:10+0800,89.903,plan_received,id=36; source=/received_global_plan; points=21; frame=wamv/wamv/base_link; world_frame=camera_init
2026-09-04T13:51:10+0800,90.004,plan_received,id=36; source=/received_global_plan; points=21; frame=wamv/wamv/base_link; world_frame=camera_init
2026-09-04T13:51:10+0800,90.103,plan_received,id=36; source=/received_global_plan; points=21; frame=wamv/wamv/base_link; world_frame=camera_init
2026-09-04T13:51:10+0800,90.204,plan_received,id=36; source=/received_global_plan; points=21; frame=wamv/wamv/base_link; world_frame=camera_init
2026-09-04T13:51:10+0800,90.303,plan_received,id=36; source=/received_global_plan; points=21; frame=wamv/wamv/base_link; world_frame=camera_init
2026-09-04T13:51:10+0800,90.404,plan_received,id=36; source=/received_global_plan; points=21; frame=wamv/wamv/base_link; world_frame=camera_init
2026-09-04T13:51:10+0800,90.504,plan_received,id=36; source=/received_global_plan; points=21; frame=wamv/wamv/base_link; world_frame=camera_init
2026-09-04T13:51:10+0800,90.602,plan_received,id=36; source=/received_global_plan; points=21; frame=wamv/wamv/base_link; world_frame=camera_init
2026-09-04T13:51:11+0800,90.703,plan_received,id=36; source=/received_global_plan; points=21; frame=wamv/wamv/base_link; world_frame=camera_init
2026-09-04T13:51:11+0800,90.802,plan_received,id=36; source=/received_global_plan; points=21; frame=wamv/wamv/base_link; world_frame=camera_init
2026-09-04T13:51:11+0800,90.902,plan_received,id=36; source=/received_global_plan; points=21; frame=wamv/wamv/base_link; world_frame=camera_init
2026-09-04T13:51:11+0800,91.003,plan_received,id=36; source=/received_global_plan; points=21; frame=wamv/wamv/base_link; world_frame=camera_init
2026-09-04T13:51:11+0800,91.103,plan_received,id=36; source=/received_global_plan; points=21; frame=wamv/wamv/base_link; world_frame=camera_init
2026-09-04T13:51:11+0800,91.203,plan_received,id=36; source=/received_global_plan; points=21; frame=wamv/wamv/base_link; world_frame=camera_init
2026-09-04T13:51:11+0800,91.303,plan_received,id=36; source=/received_global_plan; points=21; frame=wamv/wamv/base_link; world_frame=camera_init
2026-09-04T13:51:11+0800,91.402,plan_received,id=36; source=/received_global_plan; points=21; frame=wamv/wamv/base_link; world_frame=camera_init
2026-09-04T13:51:11+0800,91.502,plan_received,id=36; source=/received_global_plan; points=21; frame=wamv/wamv/base_link; world_frame=camera_init
2026-09-04T13:51:11+0800,91.603,plan_received,id=36; source=/received_global_plan; points=21; frame=wamv/wamv/base_link; world_frame=camera_init
2026-09-04T13:51:12+0800,91.703,plan_received,id=36; source=/received_global_plan; points=21; frame=wamv/wamv/base_link; world_frame=camera_init
2026-09-04T13:51:12+0800,91.803,plan_received,id=36; source=/received_global_plan; points=21; frame=wamv/wamv/base_link; world_frame=camera_init
2026-09-04T13:51:12+0800,91.902,plan_received,id=36; source=/received_global_plan; points=21; frame=wamv/wamv/base_link; world_frame=camera_init
2026-09-04T13:51:12+0800,92.003,plan_received,id=36; source=/received_global_plan; points=21; frame=wamv/wamv/base_link; world_frame=camera_init
2026-09-04T13:51:12+0800,92.103,plan_received,id=36; source=/received_global_plan; points=21; frame=wamv/wamv/base_link; world_frame=camera_init
2026-09-04T13:51:12+0800,92.112,plan_received,id=37; source=/plan; points=20; frame=camera_init; world_frame=camera_init
2026-09-04T13:51:12+0800,92.113,plan_received,id=38; source=/unsmoothed_plan; points=20; frame=camera_init; world_frame=camera_init
2026-09-04T13:51:12+0800,92.202,plan_received,id=38; source=/received_global_plan; points=21; frame=wamv/wamv/base_link; world_frame=camera_init
2026-09-04T13:51:12+0800,92.304,plan_received,id=38; source=/received_global_plan; points=20; frame=wamv/wamv/base_link; world_frame=camera_init
2026-09-04T13:51:12+0800,92.404,plan_received,id=38; source=/received_global_plan; points=20; frame=wamv/wamv/base_link; world_frame=camera_init
2026-09-04T13:51:12+0800,92.503,plan_received,id=38; source=/received_global_plan; points=20; frame=wamv/wamv/base_link; world_frame=camera_init
2026-09-04T13:51:12+0800,92.603,plan_received,id=38; source=/received_global_plan; points=20; frame=wamv/wamv/base_link; world_frame=camera_init
2026-09-04T13:51:13+0800,92.703,plan_received,id=38; source=/received_global_plan; points=20; frame=wamv/wamv/base_link; world_frame=camera_init
2026-09-04T13:51:13+0800,92.802,plan_received,id=38; source=/received_global_plan; points=20; frame=wamv/wamv/base_link; world_frame=camera_init
2026-09-04T13:51:13+0800,92.903,plan_received,id=38; source=/received_global_plan; points=20; frame=wamv/wamv/base_link; world_frame=camera_init
2026-09-04T13:51:13+0800,93.003,plan_received,id=38; source=/received_global_plan; points=20; frame=wamv/wamv/base_link; world_frame=camera_init
2026-09-04T13:51:13+0800,93.103,plan_received,id=38; source=/received_global_plan; points=20; frame=wamv/wamv/base_link; world_frame=camera_init
2026-09-04T13:51:13+0800,93.203,plan_received,id=38; source=/received_global_plan; points=20; frame=wamv/wamv/base_link; world_frame=camera_init
2026-09-04T13:51:13+0800,93.303,plan_received,id=38; source=/received_global_plan; points=20; frame=wamv/wamv/base_link; world_frame=camera_init
2026-09-04T13:51:13+0800,93.403,plan_received,id=38; source=/received_global_plan; points=20; frame=wamv/wamv/base_link; world_frame=camera_init
2026-09-04T13:51:13+0800,93.503,plan_received,id=38; source=/received_global_plan; points=20; frame=wamv/wamv/base_link; world_frame=camera_init
2026-09-04T13:51:13+0800,93.603,plan_received,id=38; source=/received_global_plan; points=20; frame=wamv/wamv/base_link; world_frame=camera_init
2026-09-04T13:51:14+0800,93.703,plan_received,id=38; source=/received_global_plan; points=20; frame=wamv/wamv/base_link; world_frame=camera_init
2026-09-04T13:51:14+0800,93.803,plan_received,id=38; source=/received_global_plan; points=20; frame=wamv/wamv/base_link; world_frame=camera_init
2026-09-04T13:51:14+0800,93.903,plan_received,id=38; source=/received_global_plan; points=20; frame=wamv/wamv/base_link; world_frame=camera_init
2026-09-04T13:51:14+0800,94.003,plan_received,id=38; source=/received_global_plan; points=20; frame=wamv/wamv/base_link; world_frame=camera_init
2026-09-04T13:51:14+0800,94.104,plan_received,id=38; source=/received_global_plan; points=20; frame=wamv/wamv/base_link; world_frame=camera_init
2026-09-04T13:51:14+0800,94.203,plan_received,id=38; source=/received_global_plan; points=20; frame=wamv/wamv/base_link; world_frame=camera_init
2026-09-04T13:51:14+0800,94.302,plan_received,id=38; source=/received_global_plan; points=20; frame=wamv/wamv/base_link; world_frame=camera_init
2026-09-04T13:51:14+0800,94.403,plan_received,id=38; source=/received_global_plan; points=20; frame=wamv/wamv/base_link; world_frame=camera_init
2026-09-04T13:51:14+0800,94.502,plan_received,id=38; source=/received_global_plan; points=20; frame=wamv/wamv/base_link; world_frame=camera_init
2026-09-04T13:51:14+0800,94.603,plan_received,id=38; source=/received_global_plan; points=20; frame=wamv/wamv/base_link; world_frame=camera_init
2026-09-04T13:51:15+0800,94.703,plan_received,id=38; source=/received_global_plan; points=20; frame=wamv/wamv/base_link; world_frame=camera_init
2026-09-04T13:51:15+0800,94.803,plan_received,id=38; source=/received_global_plan; points=20; frame=wamv/wamv/base_link; world_frame=camera_init
2026-09-04T13:51:15+0800,94.903,plan_received,id=38; source=/received_global_plan; points=20; frame=wamv/wamv/base_link; world_frame=camera_init
2026-09-04T13:51:15+0800,95.002,plan_received,id=38; source=/received_global_plan; points=20; frame=wamv/wamv/base_link; world_frame=camera_init
2026-09-04T13:51:15+0800,95.104,plan_received,id=38; source=/received_global_plan; points=20; frame=wamv/wamv/base_link; world_frame=camera_init
2026-09-04T13:51:15+0800,95.203,plan_received,id=38; source=/received_global_plan; points=20; frame=wamv/wamv/base_link; world_frame=camera_init
2026-09-04T13:51:15+0800,95.304,plan_received,id=38; source=/received_global_plan; points=20; frame=wamv/wamv/base_link; world_frame=camera_init
2026-09-04T13:51:15+0800,95.403,plan_received,id=38; source=/received_global_plan; points=20; frame=wamv/wamv/base_link; world_frame=camera_init
2026-09-04T13:51:15+0800,95.503,plan_received,id=38; source=/received_global_plan; points=20; frame=wamv/wamv/base_link; world_frame=camera_init
2026-09-04T13:51:15+0800,95.603,plan_received,id=38; source=/received_global_plan; points=20; frame=wamv/wamv/base_link; world_frame=camera_init
2026-09-04T13:51:16+0800,95.703,plan_received,id=38; source=/received_global_plan; points=20; frame=wamv/wamv/base_link; world_frame=camera_init
2026-09-04T13:51:16+0800,95.802,plan_received,id=38; source=/received_global_plan; points=20; frame=wamv/wamv/base_link; world_frame=camera_init
2026-09-04T13:51:16+0800,95.903,plan_received,id=38; source=/received_global_plan; points=20; frame=wamv/wamv/base_link; world_frame=camera_init
2026-09-04T13:51:16+0800,96.003,plan_received,id=38; source=/received_global_plan; points=20; frame=wamv/wamv/base_link; world_frame=camera_init
2026-09-04T13:51:16+0800,96.103,plan_received,id=38; source=/received_global_plan; points=20; frame=wamv/wamv/base_link; world_frame=camera_init
2026-09-04T13:51:16+0800,96.203,plan_received,id=38; source=/received_global_plan; points=20; frame=wamv/wamv/base_link; world_frame=camera_init
2026-09-04T13:51:16+0800,96.209,plan_received,id=39; source=/plan; points=20; frame=camera_init; world_frame=camera_init
2026-09-04T13:51:16+0800,96.210,plan_received,id=40; source=/unsmoothed_plan; points=20; frame=camera_init; world_frame=camera_init
2026-09-04T13:51:16+0800,96.307,plan_received,id=40; source=/received_global_plan; points=20; frame=wamv/wamv/base_link; world_frame=camera_init
2026-09-04T13:51:16+0800,96.403,plan_received,id=40; source=/received_global_plan; points=20; frame=wamv/wamv/base_link; world_frame=camera_init
2026-09-04T13:51:16+0800,96.503,plan_received,id=40; source=/received_global_plan; points=20; frame=wamv/wamv/base_link; world_frame=camera_init
2026-09-04T13:51:16+0800,96.603,plan_received,id=40; source=/received_global_plan; points=20; frame=wamv/wamv/base_link; world_frame=camera_init
2026-09-04T13:51:17+0800,96.703,plan_received,id=40; source=/received_global_plan; points=20; frame=wamv/wamv/base_link; world_frame=camera_init
2026-09-04T13:51:17+0800,96.803,plan_received,id=40; source=/received_global_plan; points=20; frame=wamv/wamv/base_link; world_frame=camera_init
2026-09-04T13:51:17+0800,96.903,plan_received,id=40; source=/received_global_plan; points=20; frame=wamv/wamv/base_link; world_frame=camera_init
2026-09-04T13:51:17+0800,97.002,plan_received,id=40; source=/received_global_plan; points=20; frame=wamv/wamv/base_link; world_frame=camera_init
2026-09-04T13:51:17+0800,97.103,plan_received,id=40; source=/received_global_plan; points=20; frame=wamv/wamv/base_link; world_frame=camera_init
2026-09-04T13:51:17+0800,97.203,plan_received,id=40; source=/received_global_plan; points=20; frame=wamv/wamv/base_link; world_frame=camera_init
2026-09-04T13:51:17+0800,97.303,plan_received,id=40; source=/received_global_plan; points=20; frame=wamv/wamv/base_link; world_frame=camera_init
2026-09-04T13:51:17+0800,97.402,plan_received,id=40; source=/received_global_plan; points=20; frame=wamv/wamv/base_link; world_frame=camera_init
2026-09-04T13:51:17+0800,97.503,plan_received,id=40; source=/received_global_plan; points=20; frame=wamv/wamv/base_link; world_frame=camera_init
2026-09-04T13:51:17+0800,97.603,plan_received,id=40; source=/received_global_plan; points=20; frame=wamv/wamv/base_link; world_frame=camera_init
2026-09-04T13:51:18+0800,97.704,plan_received,id=40; source=/received_global_plan; points=20; frame=wamv/wamv/base_link; world_frame=camera_init
2026-09-04T13:51:18+0800,97.802,plan_received,id=40; source=/received_global_plan; points=20; frame=wamv/wamv/base_link; world_frame=camera_init
2026-09-04T13:51:18+0800,97.903,plan_received,id=40; source=/received_global_plan; points=20; frame=wamv/wamv/base_link; world_frame=camera_init
2026-09-04T13:51:18+0800,98.003,plan_received,id=40; source=/received_global_plan; points=20; frame=wamv/wamv/base_link; world_frame=camera_init
2026-09-04T13:51:18+0800,98.103,plan_received,id=40; source=/received_global_plan; points=20; frame=wamv/wamv/base_link; world_frame=camera_init
2026-09-04T13:51:18+0800,98.203,plan_received,id=40; source=/received_global_plan; points=20; frame=wamv/wamv/base_link; world_frame=camera_init
2026-09-04T13:51:18+0800,98.554,plan_received,id=40; source=/received_global_plan; points=20; frame=wamv/wamv/base_link; world_frame=camera_init
2026-09-04T13:51:18+0800,98.603,plan_received,id=40; source=/received_global_plan; points=20; frame=wamv/wamv/base_link; world_frame=camera_init
2026-09-04T13:51:19+0800,98.703,plan_received,id=40; source=/received_global_plan; points=20; frame=wamv/wamv/base_link; world_frame=camera_init
2026-09-04T13:51:19+0800,98.803,plan_received,id=40; source=/received_global_plan; points=20; frame=wamv/wamv/base_link; world_frame=camera_init
2026-09-04T13:51:19+0800,98.904,plan_received,id=40; source=/received_global_plan; points=20; frame=wamv/wamv/base_link; world_frame=camera_init
2026-09-04T13:51:19+0800,99.003,plan_received,id=40; source=/received_global_plan; points=20; frame=wamv/wamv/base_link; world_frame=camera_init
2026-09-04T13:51:19+0800,99.104,plan_received,id=40; source=/received_global_plan; points=20; frame=wamv/wamv/base_link; world_frame=camera_init
2026-09-04T13:51:19+0800,99.203,plan_received,id=40; source=/received_global_plan; points=20; frame=wamv/wamv/base_link; world_frame=camera_init
2026-09-04T13:51:19+0800,99.304,plan_received,id=40; source=/received_global_plan; points=20; frame=wamv/wamv/base_link; world_frame=camera_init
2026-09-04T13:51:19+0800,99.402,plan_received,id=40; source=/received_global_plan; points=20; frame=wamv/wamv/base_link; world_frame=camera_init
2026-09-04T13:51:19+0800,99.503,plan_received,id=40; source=/received_global_plan; points=20; frame=wamv/wamv/base_link; world_frame=camera_init
2026-09-04T13:51:19+0800,99.604,plan_received,id=40; source=/received_global_plan; points=20; frame=wamv/wamv/base_link; world_frame=camera_init
2026-09-04T13:51:20+0800,99.703,plan_received,id=40; source=/received_global_plan; points=20; frame=wamv/wamv/base_link; world_frame=camera_init
2026-09-04T13:51:20+0800,99.803,plan_received,id=40; source=/received_global_plan; points=20; frame=wamv/wamv/base_link; world_frame=camera_init
2026-09-04T13:51:20+0800,99.904,plan_received,id=40; source=/received_global_plan; points=20; frame=wamv/wamv/base_link; world_frame=camera_init
2026-09-04T13:51:20+0800,100.003,plan_received,id=40; source=/received_global_plan; points=20; frame=wamv/wamv/base_link; world_frame=camera_init
2026-09-04T13:51:20+0800,100.104,plan_received,id=40; source=/received_global_plan; points=20; frame=wamv/wamv/base_link; world_frame=camera_init
2026-09-04T13:51:20+0800,100.203,plan_received,id=40; source=/received_global_plan; points=20; frame=wamv/wamv/base_link; world_frame=camera_init
2026-09-04T13:51:20+0800,100.304,plan_received,id=40; source=/received_global_plan; points=20; frame=wamv/wamv/base_link; world_frame=camera_init
2026-09-04T13:51:20+0800,100.404,plan_received,id=40; source=/received_global_plan; points=20; frame=wamv/wamv/base_link; world_frame=camera_init
2026-09-04T13:51:20+0800,100.407,plan_received,id=41; source=/plan; points=23; frame=camera_init; world_frame=camera_init
2026-09-04T13:51:20+0800,100.408,plan_received,id=42; source=/unsmoothed_plan; points=23; frame=camera_init; world_frame=camera_init
2026-09-04T13:51:20+0800,100.504,plan_received,id=42; source=/received_global_plan; points=23; frame=wamv/wamv/base_link; world_frame=camera_init
2026-09-04T13:51:20+0800,100.603,plan_received,id=42; source=/received_global_plan; points=23; frame=wamv/wamv/base_link; world_frame=camera_init
2026-09-04T13:51:21+0800,100.704,plan_received,id=42; source=/received_global_plan; points=23; frame=wamv/wamv/base_link; world_frame=camera_init
2026-09-04T13:51:21+0800,100.803,plan_received,id=42; source=/received_global_plan; points=23; frame=wamv/wamv/base_link; world_frame=camera_init
2026-09-04T13:51:21+0800,100.903,plan_received,id=42; source=/received_global_plan; points=23; frame=wamv/wamv/base_link; world_frame=camera_init
2026-09-04T13:51:21+0800,101.003,plan_received,id=42; source=/received_global_plan; points=23; frame=wamv/wamv/base_link; world_frame=camera_init
2026-09-04T13:51:21+0800,101.104,plan_received,id=42; source=/received_global_plan; points=23; frame=wamv/wamv/base_link; world_frame=camera_init
2026-09-04T13:51:21+0800,101.204,plan_received,id=42; source=/received_global_plan; points=23; frame=wamv/wamv/base_link; world_frame=camera_init
2026-09-04T13:51:21+0800,101.304,plan_received,id=42; source=/received_global_plan; points=23; frame=wamv/wamv/base_link; world_frame=camera_init
2026-09-04T13:51:21+0800,101.404,plan_received,id=42; source=/received_global_plan; points=23; frame=wamv/wamv/base_link; world_frame=camera_init
2026-09-04T13:51:21+0800,101.503,plan_received,id=42; source=/received_global_plan; points=23; frame=wamv/wamv/base_link; world_frame=camera_init
2026-09-04T13:51:21+0800,101.604,plan_received,id=42; source=/received_global_plan; points=23; frame=wamv/wamv/base_link; world_frame=camera_init
2026-09-04T13:51:22+0800,101.704,plan_received,id=42; source=/received_global_plan; points=23; frame=wamv/wamv/base_link; world_frame=camera_init
2026-09-04T13:51:22+0800,101.803,plan_received,id=42; source=/received_global_plan; points=23; frame=wamv/wamv/base_link; world_frame=camera_init
2026-09-04T13:51:22+0800,101.904,plan_received,id=42; source=/received_global_plan; points=23; frame=wamv/wamv/base_link; world_frame=camera_init
2026-09-04T13:51:22+0800,102.003,plan_received,id=42; source=/received_global_plan; points=23; frame=wamv/wamv/base_link; world_frame=camera_init
2026-09-04T13:51:22+0800,102.104,plan_received,id=42; source=/received_global_plan; points=23; frame=wamv/wamv/base_link; world_frame=camera_init
2026-09-04T13:51:22+0800,102.205,plan_received,id=42; source=/received_global_plan; points=23; frame=wamv/wamv/base_link; world_frame=camera_init
2026-09-04T13:51:22+0800,102.304,plan_received,id=42; source=/received_global_plan; points=23; frame=wamv/wamv/base_link; world_frame=camera_init
2026-09-04T13:51:22+0800,102.403,plan_received,id=42; source=/received_global_plan; points=23; frame=wamv/wamv/base_link; world_frame=camera_init
2026-09-04T13:51:22+0800,102.504,plan_received,id=42; source=/received_global_plan; points=23; frame=wamv/wamv/base_link; world_frame=camera_init
2026-09-04T13:51:22+0800,102.604,plan_received,id=42; source=/received_global_plan; points=23; frame=wamv/wamv/base_link; world_frame=camera_init
2026-09-04T13:51:23+0800,102.704,plan_received,id=42; source=/received_global_plan; points=23; frame=wamv/wamv/base_link; world_frame=camera_init
2026-09-04T13:51:23+0800,102.804,plan_received,id=42; source=/received_global_plan; points=23; frame=wamv/wamv/base_link; world_frame=camera_init
2026-09-04T13:51:23+0800,102.904,plan_received,id=42; source=/received_global_plan; points=23; frame=wamv/wamv/base_link; world_frame=camera_init
2026-09-04T13:51:23+0800,103.003,plan_received,id=42; source=/received_global_plan; points=23; frame=wamv/wamv/base_link; world_frame=camera_init
2026-09-04T13:51:23+0800,103.103,plan_received,id=42; source=/received_global_plan; points=23; frame=wamv/wamv/base_link; world_frame=camera_init
2026-09-04T13:51:23+0800,103.204,plan_received,id=42; source=/received_global_plan; points=23; frame=wamv/wamv/base_link; world_frame=camera_init
2026-09-04T13:51:23+0800,103.303,plan_received,id=42; source=/received_global_plan; points=23; frame=wamv/wamv/base_link; world_frame=camera_init
2026-09-04T13:51:23+0800,103.403,plan_received,id=42; source=/received_global_plan; points=23; frame=wamv/wamv/base_link; world_frame=camera_init
2026-09-04T13:51:23+0800,103.503,plan_received,id=42; source=/received_global_plan; points=23; frame=wamv/wamv/base_link; world_frame=camera_init
2026-09-04T13:51:23+0800,103.604,plan_received,id=42; source=/received_global_plan; points=23; frame=wamv/wamv/base_link; world_frame=camera_init
2026-09-04T13:51:24+0800,103.703,plan_received,id=42; source=/received_global_plan; points=23; frame=wamv/wamv/base_link; world_frame=camera_init
2026-09-04T13:51:24+0800,103.803,plan_received,id=42; source=/received_global_plan; points=23; frame=wamv/wamv/base_link; world_frame=camera_init
2026-09-04T13:51:24+0800,103.903,plan_received,id=42; source=/received_global_plan; points=23; frame=wamv/wamv/base_link; world_frame=camera_init
2026-09-04T13:51:24+0800,104.003,plan_received,id=42; source=/received_global_plan; points=23; frame=wamv/wamv/base_link; world_frame=camera_init
2026-09-04T13:51:24+0800,104.103,plan_received,id=42; source=/received_global_plan; points=23; frame=wamv/wamv/base_link; world_frame=camera_init
2026-09-04T13:51:24+0800,104.203,plan_received,id=42; source=/received_global_plan; points=23; frame=wamv/wamv/base_link; world_frame=camera_init
2026-09-04T13:51:24+0800,104.304,plan_received,id=42; source=/received_global_plan; points=23; frame=wamv/wamv/base_link; world_frame=camera_init
2026-09-04T13:51:24+0800,104.404,plan_received,id=42; source=/received_global_plan; points=23; frame=wamv/wamv/base_link; world_frame=camera_init
2026-09-04T13:51:24+0800,104.504,plan_received,id=42; source=/received_global_plan; points=23; frame=wamv/wamv/base_link; world_frame=camera_init
2026-09-04T13:51:24+0800,104.604,plan_received,id=42; source=/received_global_plan; points=23; frame=wamv/wamv/base_link; world_frame=camera_init
2026-09-04T13:51:24+0800,104.608,plan_received,id=43; source=/plan; points=23; frame=camera_init; world_frame=camera_init
2026-09-04T13:51:24+0800,104.609,plan_received,id=44; source=/unsmoothed_plan; points=23; frame=camera_init; world_frame=camera_init
2026-09-04T13:51:25+0800,104.704,plan_received,id=44; source=/received_global_plan; points=23; frame=wamv/wamv/base_link; world_frame=camera_init
2026-09-04T13:51:25+0800,104.804,plan_received,id=44; source=/received_global_plan; points=23; frame=wamv/wamv/base_link; world_frame=camera_init
2026-09-04T13:51:25+0800,104.904,plan_received,id=44; source=/received_global_plan; points=23; frame=wamv/wamv/base_link; world_frame=camera_init
2026-09-04T13:51:25+0800,105.004,plan_received,id=44; source=/received_global_plan; points=23; frame=wamv/wamv/base_link; world_frame=camera_init
2026-09-04T13:51:25+0800,105.104,plan_received,id=44; source=/received_global_plan; points=23; frame=wamv/wamv/base_link; world_frame=camera_init
2026-09-04T13:51:25+0800,105.204,plan_received,id=44; source=/received_global_plan; points=23; frame=wamv/wamv/base_link; world_frame=camera_init
2026-09-04T13:51:25+0800,105.303,plan_received,id=44; source=/received_global_plan; points=23; frame=wamv/wamv/base_link; world_frame=camera_init
2026-09-04T13:51:25+0800,105.403,plan_received,id=44; source=/received_global_plan; points=23; frame=wamv/wamv/base_link; world_frame=camera_init
2026-09-04T13:51:25+0800,105.504,plan_received,id=44; source=/received_global_plan; points=23; frame=wamv/wamv/base_link; world_frame=camera_init
2026-09-04T13:51:25+0800,105.603,plan_received,id=44; source=/received_global_plan; points=23; frame=wamv/wamv/base_link; world_frame=camera_init
2026-09-04T13:51:26+0800,105.705,plan_received,id=44; source=/received_global_plan; points=23; frame=wamv/wamv/base_link; world_frame=camera_init
2026-09-04T13:51:26+0800,105.804,plan_received,id=44; source=/received_global_plan; points=23; frame=wamv/wamv/base_link; world_frame=camera_init
2026-09-04T13:51:26+0800,105.905,plan_received,id=44; source=/received_global_plan; points=23; frame=wamv/wamv/base_link; world_frame=camera_init
2026-09-04T13:51:26+0800,106.004,plan_received,id=44; source=/received_global_plan; points=23; frame=wamv/wamv/base_link; world_frame=camera_init
2026-09-04T13:51:26+0800,106.104,plan_received,id=44; source=/received_global_plan; points=23; frame=wamv/wamv/base_link; world_frame=camera_init
2026-09-04T13:51:26+0800,106.204,plan_received,id=44; source=/received_global_plan; points=23; frame=wamv/wamv/base_link; world_frame=camera_init
2026-09-04T13:51:26+0800,106.303,plan_received,id=44; source=/received_global_plan; points=23; frame=wamv/wamv/base_link; world_frame=camera_init
2026-09-04T13:51:26+0800,106.404,plan_received,id=44; source=/received_global_plan; points=23; frame=wamv/wamv/base_link; world_frame=camera_init
2026-09-04T13:51:26+0800,106.504,plan_received,id=44; source=/received_global_plan; points=23; frame=wamv/wamv/base_link; world_frame=camera_init
2026-09-04T13:51:26+0800,106.604,plan_received,id=44; source=/received_global_plan; points=23; frame=wamv/wamv/base_link; world_frame=camera_init
2026-09-04T13:51:27+0800,106.703,plan_received,id=44; source=/received_global_plan; points=23; frame=wamv/wamv/base_link; world_frame=camera_init
2026-09-04T13:51:27+0800,106.803,plan_received,id=44; source=/received_global_plan; points=23; frame=wamv/wamv/base_link; world_frame=camera_init
2026-09-04T13:51:27+0800,106.903,plan_received,id=44; source=/received_global_plan; points=23; frame=wamv/wamv/base_link; world_frame=camera_init
2026-09-04T13:51:27+0800,107.004,plan_received,id=44; source=/received_global_plan; points=23; frame=wamv/wamv/base_link; world_frame=camera_init
2026-09-04T13:51:27+0800,107.104,plan_received,id=44; source=/received_global_plan; points=23; frame=wamv/wamv/base_link; world_frame=camera_init
2026-09-04T13:51:27+0800,107.204,plan_received,id=44; source=/received_global_plan; points=23; frame=wamv/wamv/base_link; world_frame=camera_init
2026-09-04T13:51:27+0800,107.304,plan_received,id=44; source=/received_global_plan; points=23; frame=wamv/wamv/base_link; world_frame=camera_init
2026-09-04T13:51:27+0800,107.403,plan_received,id=44; source=/received_global_plan; points=23; frame=wamv/wamv/base_link; world_frame=camera_init
2026-09-04T13:51:27+0800,107.503,plan_received,id=44; source=/received_global_plan; points=23; frame=wamv/wamv/base_link; world_frame=camera_init
2026-09-04T13:51:27+0800,107.604,plan_received,id=44; source=/received_global_plan; points=23; frame=wamv/wamv/base_link; world_frame=camera_init
2026-09-04T13:51:28+0800,107.704,plan_received,id=44; source=/received_global_plan; points=23; frame=wamv/wamv/base_link; world_frame=camera_init
2026-09-04T13:51:28+0800,107.803,plan_received,id=44; source=/received_global_plan; points=23; frame=wamv/wamv/base_link; world_frame=camera_init
2026-09-04T13:51:28+0800,107.903,plan_received,id=44; source=/received_global_plan; points=23; frame=wamv/wamv/base_link; world_frame=camera_init
2026-09-04T13:51:28+0800,108.004,plan_received,id=44; source=/received_global_plan; points=23; frame=wamv/wamv/base_link; world_frame=camera_init
2026-09-04T13:51:28+0800,108.103,plan_received,id=44; source=/received_global_plan; points=23; frame=wamv/wamv/base_link; world_frame=camera_init
2026-09-04T13:51:28+0800,108.204,plan_received,id=44; source=/received_global_plan; points=23; frame=wamv/wamv/base_link; world_frame=camera_init
2026-09-04T13:51:28+0800,108.564,plan_received,id=44; source=/received_global_plan; points=23; frame=wamv/wamv/base_link; world_frame=camera_init
2026-09-04T13:51:28+0800,108.567,plan_received,id=44; source=/received_global_plan; points=23; frame=wamv/wamv/base_link; world_frame=camera_init
2026-09-04T13:51:29+0800,108.892,goal_status,ABORTED code=6; status_seq=4
2026-09-04T13:51:36+0800,116.335,recorder_stopped,
