plan_id,t,source,frame_id,point_index,x,y,yaw,raw_x,raw_y,raw_yaw
1,33.992,/plan,camera_init,0,-0.3314,0.4080,0.34053,-0.3314,0.4080,0.34053
1,33.992,/plan,camera_init,1,0.4703,0.6921,0.46318,0.4703,0.6921,0.46318
1,33.992,/plan,camera_init,2,1.2330,1.0730,0.50990,1.2330,1.0730,0.50990
1,33.992,/plan,camera_init,3,1.9745,1.4877,0.40584,1.9745,1.4877,0.40584
1,33.992,/plan,camera_init,4,2.7508,1.8212,0.21837,2.7508,1.8212,0.21837
1,33.992,/plan,camera_init,5,3.5758,2.0043,0.06354,3.5758,2.0043,0.06354
1,33.992,/plan,camera_init,6,4.4193,2.0580,-0.05215,4.4193,2.0580,-0.05215
1,33.992,/plan,camera_init,7,5.2496,2.0147,-0.20877,5.2496,2.0147,-0.20877
1,33.992,/plan,camera_init,8,6.0337,1.8485,-0.39286,6.0337,1.8485,-0.39286
1,33.992,/plan,camera_init,9,6.7280,1.5608,-0.50361,6.7280,1.5608,-0.50361
1,33.992,/plan,camera_init,10,7.3741,1.2048,-0.53062,7.3741,1.2048,-0.53062
1,33.992,/plan,camera_init,11,8.0060,0.8340,-0.49588,8.0060,0.8340,-0.49588
1,33.992,/plan,camera_init,12,8.6451,0.4883,-0.39925,8.6451,0.4883,-0.39925
1,33.992,/plan,camera_init,13,9.3103,0.2076,-0.29245,9.3103,0.2076,-0.29245
1,33.992,/plan,camera_init,14,10.0000,0.0000,0.00000,10.0000,0.0000,0.00000
2,33.992,/unsmoothed_plan,camera_init,0,-0.3314,0.4080,0.00000,-0.3314,0.4080,0.00000
2,33.992,/unsmoothed_plan,camera_init,1,0.5236,0.5588,0.34907,0.5236,0.5588,0.34907
2,33.992,/unsmoothed_plan,camera_init,2,1.2755,0.9929,0.69813,1.2755,0.9929,0.69813
2,33.992,/unsmoothed_plan,camera_init,3,1.9406,1.5510,0.69813,1.9406,1.5510,0.69813
2,33.992,/unsmoothed_plan,camera_init,4,2.6926,1.9851,0.34907,2.6926,1.9851,0.34907
2,33.992,/unsmoothed_plan,camera_init,5,3.5476,2.1359,0.00000,3.5476,2.1359,0.00000
2,33.992,/unsmoothed_plan,camera_init,6,4.4158,2.1359,0.00000,4.4158,2.1359,0.00000
2,33.992,/unsmoothed_plan,camera_init,7,5.2841,2.1359,0.00000,5.2841,2.1359,0.00000
2,33.992,/unsmoothed_plan,camera_init,8,6.1391,1.9851,-0.34907,6.1391,1.9851,-0.34907
2,33.992,/unsmoothed_plan,camera_init,9,6.7843,1.6403,-0.69813,6.7843,1.6403,-0.69813
2,33.992,/unsmoothed_plan,camera_init,10,7.3946,1.2330,-0.69813,7.3946,1.2330,-0.69813
2,33.992,/unsmoothed_plan,camera_init,11,8.0050,0.8258,-0.69813,8.0050,0.8258,-0.69813
2,33.992,/unsmoothed_plan,camera_init,12,8.6153,0.4185,-0.69813,8.6153,0.4185,-0.69813
2,33.992,/unsmoothed_plan,camera_init,13,9.2767,0.1069,-0.34907,9.2767,0.1069,-0.34907
2,33.992,/unsmoothed_plan,camera_init,14,10.0000,0.0000,0.00000,10.0000,0.0000,0.00000
3,34.011,/received_global_plan,wamv/wamv/base_link,0,-0.3312,0.4086,0.33964,0.0002,0.0009,0.33977
3,34.011,/received_global_plan,wamv/wamv/base_link,1,0.4706,0.6919,0.46231,0.8021,0.2844,0.46244
3,34.011,/received_global_plan,wamv/wamv/base_link,2,1.2335,1.0721,0.50904,1.5650,0.6647,0.50917
3,34.011,/received_global_plan,wamv/wamv/base_link,3,1.9751,1.4860,0.40496,2.3067,1.0788,0.40509
3,34.011,/received_global_plan,wamv/wamv/base_link,4,2.7515,1.8188,0.21748,3.0832,1.4117,0.21761
3,34.011,/received_global_plan,wamv/wamv/base_link,5,3.5766,2.0012,0.06264,3.9083,1.5941,0.06277
3,34.011,/received_global_plan,wamv/wamv/base_link,6,4.4200,2.0541,-0.05304,4.7517,1.6472,-0.05291
3,34.011,/received_global_plan,wamv/wamv/base_link,7,5.2502,2.0100,-0.20965,5.5819,1.6032,-0.20952
3,34.011,/received_global_plan,wamv/wamv/base_link,8,6.0341,1.8432,-0.39373,6.3659,1.4365,-0.39360
3,34.011,/received_global_plan,wamv/wamv/base_link,9,6.7282,1.5549,-0.50446,7.0600,1.1482,-0.50433
3,34.011,/received_global_plan,wamv/wamv/base_link,10,7.3740,1.1984,-0.53148,7.7059,0.7918,-0.53135
3,34.011,/received_global_plan,wamv/wamv/base_link,11,8.0056,0.8271,-0.49674,8.3375,0.4205,-0.49661
3,34.011,/received_global_plan,wamv/wamv/base_link,12,8.6443,0.4809,-0.40012,8.9763,0.0744,-0.39999
3,34.011,/received_global_plan,wamv/wamv/base_link,13,9.3093,0.1996,-0.29333,9.6413,-0.2068,-0.29320
3,34.011,/received_global_plan,wamv/wamv/base_link,14,9.9988,-0.0086,-0.00089,10.3308,-0.4149,-0.00076
4,34.110,/received_global_plan,wamv/wamv/base_link,0,-0.3309,0.4084,0.34035,-0.0032,0.0025,0.34013
4,34.110,/received_global_plan,wamv/wamv/base_link,1,0.4707,0.6923,0.46302,0.7986,0.2863,0.46280
4,34.110,/received_global_plan,wamv/wamv/base_link,2,1.2333,1.0730,0.50975,1.5613,0.6668,0.50953
4,34.110,/received_global_plan,wamv/wamv/base_link,3,1.9745,1.4874,0.40567,2.3028,1.0811,0.40545
4,34.110,/received_global_plan,wamv/wamv/base_link,4,2.7507,1.8208,0.21819,3.0791,1.4144,0.21797
4,34.110,/received_global_plan,wamv/wamv/base_link,5,3.5756,2.0037,0.06335,3.9042,1.5971,0.06313
4,34.110,/received_global_plan,wamv/wamv/base_link,6,4.4189,2.0572,-0.05233,4.7476,1.6504,-0.05255
4,34.110,/received_global_plan,wamv/wamv/base_link,7,5.2490,2.0137,-0.20895,5.5778,1.6067,-0.20917
4,34.110,/received_global_plan,wamv/wamv/base_link,8,6.0331,1.8475,-0.39302,6.3618,1.4403,-0.39324
4,34.110,/received_global_plan,wamv/wamv/base_link,9,6.7273,1.5597,-0.50375,7.0560,1.1523,-0.50397
4,34.110,/received_global_plan,wamv/wamv/base_link,10,7.3734,1.2036,-0.53076,7.7020,0.7961,-0.53098
4,34.110,/received_global_plan,wamv/wamv/base_link,11,8.0053,0.8328,-0.49602,8.3338,0.4251,-0.49624
4,34.110,/received_global_plan,wamv/wamv/base_link,12,8.6443,0.4870,-0.39941,8.9727,0.0792,-0.39963
4,34.110,/received_global_plan,wamv/wamv/base_link,13,9.3095,0.2063,-0.29262,9.6378,-0.2017,-0.29284
4,34.110,/received_global_plan,wamv/wamv/base_link,14,9.9991,-0.0015,-0.00019,10.3274,-0.4097,-0.00041
5,34.211,/received_global_plan,wamv/wamv/base_link,0,-0.3310,0.4085,0.34037,-0.0032,0.0025,0.34013
5,34.211,/received_global_plan,wamv/wamv/base_link,1,0.4705,0.6924,0.46304,0.7986,0.2863,0.46280
5,34.211,/received_global_plan,wamv/wamv/base_link,2,1.2331,1.0731,0.50977,1.5613,0.6668,0.50953
5,34.211,/received_global_plan,wamv/wamv/base_link,3,1.9743,1.4875,0.40569,2.3028,1.0811,0.40545
5,34.211,/received_global_plan,wamv/wamv/base_link,4,2.7504,1.8209,0.21821,3.0791,1.4144,0.21797
5,34.211,/received_global_plan,wamv/wamv/base_link,5,3.5753,2.0038,0.06336,3.9042,1.5971,0.06313
5,34.211,/received_global_plan,wamv/wamv/base_link,6,4.4187,2.0573,-0.05231,4.7476,1.6504,-0.05255
5,34.211,/received_global_plan,wamv/wamv/base_link,7,5.2488,2.0138,-0.20893,5.5778,1.6067,-0.20917
5,34.211,/received_global_plan,wamv/wamv/base_link,8,6.0329,1.8476,-0.39300,6.3618,1.4403,-0.39324
5,34.211,/received_global_plan,wamv/wamv/base_link,9,6.7271,1.5598,-0.50373,7.0560,1.1523,-0.50397
5,34.211,/received_global_plan,wamv/wamv/base_link,10,7.3732,1.2038,-0.53074,7.7020,0.7961,-0.53098
5,34.211,/received_global_plan,wamv/wamv/base_link,11,8.0051,0.8330,-0.49600,8.3338,0.4251,-0.49624
5,34.211,/received_global_plan,wamv/wamv/base_link,12,8.6441,0.4872,-0.39939,8.9727,0.0792,-0.39963
5,34.211,/received_global_plan,wamv/wamv/base_link,13,9.3093,0.2065,-0.29260,9.6378,-0.2017,-0.29284
5,34.211,/received_global_plan,wamv/wamv/base_link,14,9.9989,-0.0012,-0.00017,10.3274,-0.4097,-0.00041
6,34.311,/received_global_plan,wamv/wamv/base_link,0,-0.3313,0.4088,0.34003,-0.0051,0.0026,0.34103
6,34.311,/received_global_plan,wamv/wamv/base_link,1,0.4705,0.6924,0.46270,0.7965,0.2870,0.46369
6,34.311,/received_global_plan,wamv/wamv/base_link,2,1.2332,1.0729,0.50942,1.5590,0.6683,0.51042
6,34.311,/received_global_plan,wamv/wamv/base_link,3,1.9748,1.4871,0.40535,2.3001,1.0833,0.40635
6,34.311,/received_global_plan,wamv/wamv/base_link,4,2.7511,1.8203,0.21788,3.0762,1.4172,0.21887
6,34.311,/received_global_plan,wamv/wamv/base_link,5,3.5761,2.0029,0.06304,3.9011,1.6007,0.06403
6,34.311,/received_global_plan,wamv/wamv/base_link,6,4.4195,2.0562,-0.05264,4.7445,1.6548,-0.05165
6,34.311,/received_global_plan,wamv/wamv/base_link,7,5.2497,2.0124,-0.20926,5.5748,1.6119,-0.20826
6,34.311,/received_global_plan,wamv/wamv/base_link,8,6.0337,1.8459,-0.39334,6.3590,1.4461,-0.39234
6,34.311,/received_global_plan,wamv/wamv/base_link,9,6.7279,1.5579,-0.50407,7.0535,1.1588,-0.50308
6,34.311,/received_global_plan,wamv/wamv/base_link,10,7.3739,1.2016,-0.53109,7.6998,0.8031,-0.53009
6,34.311,/received_global_plan,wamv/wamv/base_link,11,8.0056,0.8306,-0.49635,8.3319,0.4327,-0.49535
6,34.311,/received_global_plan,wamv/wamv/base_link,12,8.6445,0.4846,-0.39973,8.9711,0.0873,-0.39873
6,34.311,/received_global_plan,wamv/wamv/base_link,13,9.3096,0.2036,-0.29294,9.6365,-0.1930,-0.29194
6,34.311,/received_global_plan,wamv/wamv/base_link,14,9.9991,-0.0044,-0.00050,10.3262,-0.4003,0.00050
7,34.411,/received_global_plan,wamv/wamv/base_link,0,-0.3324,0.4087,0.34059,-0.0086,0.0051,0.33998
7,34.411,/received_global_plan,wamv/wamv/base_link,1,0.4691,0.6928,0.46326,0.7932,0.2887,0.46265
7,34.411,/received_global_plan,wamv/wamv/base_link,2,1.2315,1.0737,0.50999,1.5560,0.6692,0.50938
7,34.411,/received_global_plan,wamv/wamv/base_link,3,1.9727,1.4883,0.40591,2.2976,1.0834,0.40531
7,34.411,/received_global_plan,wamv/wamv/base_link,4,2.7487,1.8218,0.21843,3.0739,1.4165,0.21782
7,34.411,/received_global_plan,wamv/wamv/base_link,5,3.5736,2.0049,0.06359,3.8990,1.5991,0.06298
7,34.411,/received_global_plan,wamv/wamv/base_link,6,4.4169,2.0586,-0.05209,4.7424,1.6523,-0.05270
7,34.411,/received_global_plan,wamv/wamv/base_link,7,5.2470,2.0153,-0.20870,5.5726,1.6085,-0.20931
7,34.411,/received_global_plan,wamv/wamv/base_link,8,6.0311,1.8493,-0.39277,6.3566,1.4420,-0.39338
7,34.411,/received_global_plan,wamv/wamv/base_link,9,6.7254,1.5617,-0.50350,7.0508,1.1539,-0.50411
7,34.411,/received_global_plan,wamv/wamv/base_link,10,7.3716,1.2058,-0.53052,7.6967,0.7976,-0.53113
7,34.411,/received_global_plan,wamv/wamv/base_link,11,8.0035,0.8351,-0.49578,8.3284,0.4265,-0.49639
7,34.411,/received_global_plan,wamv/wamv/base_link,12,8.6426,0.4895,-0.39917,8.9673,0.0804,-0.39978
7,34.411,/received_global_plan,wamv/wamv/base_link,13,9.3079,0.2089,-0.29238,9.6324,-0.2006,-0.29299
7,34.411,/received_global_plan,wamv/wamv/base_link,14,9.9975,0.0014,0.00005,10.3219,-0.4086,-0.00055
8,34.510,/received_global_plan,wamv/wamv/base_link,0,-0.3310,0.4085,0.34037,-0.0086,0.0051,0.33998
8,34.510,/received_global_plan,wamv/wamv/base_link,1,0.4705,0.6924,0.46304,0.7932,0.2887,0.46265
8,34.510,/received_global_plan,wamv/wamv/base_link,2,1.2331,1.0731,0.50977,1.5560,0.6692,0.50938
8,34.510,/received_global_plan,wamv/wamv/base_link,3,1.9743,1.4875,0.40569,2.2976,1.0834,0.40531
8,34.510,/received_global_plan,wamv/wamv/base_link,4,2.7504,1.8209,0.21821,3.0739,1.4165,0.21782
8,34.510,/received_global_plan,wamv/wamv/base_link,5,3.5754,2.0038,0.06337,3.8990,1.5991,0.06298
8,34.510,/received_global_plan,wamv/wamv/base_link,6,4.4187,2.0573,-0.05231,4.7424,1.6523,-0.05270
8,34.510,/received_global_plan,wamv/wamv/base_link,7,5.2488,2.0138,-0.20893,5.5726,1.6085,-0.20931
8,34.510,/received_global_plan,wamv/wamv/base_link,8,6.0329,1.8476,-0.39300,6.3566,1.4420,-0.39338
8,34.510,/received_global_plan,wamv/wamv/base_link,9,6.7271,1.5598,-0.50373,7.0508,1.1539,-0.50411
8,34.510,/received_global_plan,wamv/wamv/base_link,10,7.3732,1.2038,-0.53074,7.6967,0.7976,-0.53113
8,34.510,/received_global_plan,wamv/wamv/base_link,11,8.0051,0.8330,-0.49600,8.3284,0.4265,-0.49639
8,34.510,/received_global_plan,wamv/wamv/base_link,12,8.6441,0.4872,-0.39939,8.9673,0.0804,-0.39978
8,34.510,/received_global_plan,wamv/wamv/base_link,13,9.3093,0.2065,-0.29260,9.6324,-0.2006,-0.29299
8,34.510,/received_global_plan,wamv/wamv/base_link,14,9.9989,-0.0012,-0.00017,10.3219,-0.4086,-0.00055
9,34.611,/received_global_plan,wamv/wamv/base_link,0,-0.3310,0.4085,0.34037,-0.0086,0.0051,0.33998
9,34.611,/received_global_plan,wamv/wamv/base_link,1,0.4705,0.6924,0.46304,0.7932,0.2887,0.46265
9,34.611,/received_global_plan,wamv/wamv/base_link,2,1.2331,1.0731,0.50977,1.5560,0.6692,0.50938
9,34.611,/received_global_plan,wamv/wamv/base_link,3,1.9743,1.4875,0.40569,2.2976,1.0834,0.40531
9,34.611,/received_global_plan,wamv/wamv/base_link,4,2.7504,1.8209,0.21821,3.0739,1.4165,0.21782
9,34.611,/received_global_plan,wamv/wamv/base_link,5,3.5754,2.0038,0.06337,3.8990,1.5991,0.06298
9,34.611,/received_global_plan,wamv/wamv/base_link,6,4.4187,2.0573,-0.05231,4.7424,1.6523,-0.05270
9,34.611,/received_global_plan,wamv/wamv/base_link,7,5.2488,2.0138,-0.20893,5.5726,1.6085,-0.20931
9,34.611,/received_global_plan,wamv/wamv/base_link,8,6.0329,1.8476,-0.39300,6.3566,1.4420,-0.39338
9,34.611,/received_global_plan,wamv/wamv/base_link,9,6.7271,1.5598,-0.50373,7.0508,1.1539,-0.50411
9,34.611,/received_global_plan,wamv/wamv/base_link,10,7.3732,1.2038,-0.53074,7.6967,0.7976,-0.53113
9,34.611,/received_global_plan,wamv/wamv/base_link,11,8.0051,0.8330,-0.49600,8.3284,0.4265,-0.49639
9,34.611,/received_global_plan,wamv/wamv/base_link,12,8.6441,0.4872,-0.39939,8.9673,0.0804,-0.39978
9,34.611,/received_global_plan,wamv/wamv/base_link,13,9.3093,0.2065,-0.29260,9.6324,-0.2006,-0.29299
9,34.611,/received_global_plan,wamv/wamv/base_link,14,9.9989,-0.0012,-0.00017,10.3219,-0.4086,-0.00055
10,34.710,/received_global_plan,wamv/wamv/base_link,0,-0.3310,0.4085,0.34037,-0.0086,0.0051,0.33998
10,34.710,/received_global_plan,wamv/wamv/base_link,1,0.4705,0.6924,0.46304,0.7932,0.2887,0.46265
10,34.710,/received_global_plan,wamv/wamv/base_link,2,1.2331,1.0731,0.50977,1.5560,0.6692,0.50938
10,34.710,/received_global_plan,wamv/wamv/base_link,3,1.9743,1.4875,0.40569,2.2976,1.0834,0.40531
10,34.710,/received_global_plan,wamv/wamv/base_link,4,2.7504,1.8209,0.21821,3.0739,1.4165,0.21782
10,34.710,/received_global_plan,wamv/wamv/base_link,5,3.5754,2.0038,0.06337,3.8990,1.5991,0.06298
10,34.710,/received_global_plan,wamv/wamv/base_link,6,4.4187,2.0573,-0.05231,4.7424,1.6523,-0.05270
10,34.710,/received_global_plan,wamv/wamv/base_link,7,5.2488,2.0138,-0.20893,5.5726,1.6085,-0.20931
10,34.710,/received_global_plan,wamv/wamv/base_link,8,6.0329,1.8476,-0.39300,6.3566,1.4420,-0.39338
10,34.710,/received_global_plan,wamv/wamv/base_link,9,6.7271,1.5598,-0.50373,7.0508,1.1539,-0.50411
10,34.710,/received_global_plan,wamv/wamv/base_link,10,7.3732,1.2038,-0.53074,7.6967,0.7976,-0.53113
10,34.710,/received_global_plan,wamv/wamv/base_link,11,8.0051,0.8330,-0.49600,8.3284,0.4265,-0.49639
10,34.710,/received_global_plan,wamv/wamv/base_link,12,8.6441,0.4872,-0.39939,8.9673,0.0804,-0.39978
10,34.710,/received_global_plan,wamv/wamv/base_link,13,9.3093,0.2065,-0.29260,9.6324,-0.2006,-0.29299
10,34.710,/received_global_plan,wamv/wamv/base_link,14,9.9989,-0.0012,-0.00017,10.3219,-0.4086,-0.00055
11,34.811,/received_global_plan,wamv/wamv/base_link,0,-0.3310,0.4085,0.34037,-0.0086,0.0051,0.33998
11,34.811,/received_global_plan,wamv/wamv/base_link,1,0.4705,0.6924,0.46304,0.7932,0.2887,0.46265
11,34.811,/received_global_plan,wamv/wamv/base_link,2,1.2331,1.0731,0.50977,1.5560,0.6692,0.50938
11,34.811,/received_global_plan,wamv/wamv/base_link,3,1.9743,1.4875,0.40569,2.2976,1.0834,0.40531
11,34.811,/received_global_plan,wamv/wamv/base_link,4,2.7504,1.8209,0.21821,3.0739,1.4165,0.21782
11,34.811,/received_global_plan,wamv/wamv/base_link,5,3.5754,2.0038,0.06337,3.8990,1.5991,0.06298
11,34.811,/received_global_plan,wamv/wamv/base_link,6,4.4187,2.0573,-0.05231,4.7424,1.6523,-0.05270
11,34.811,/received_global_plan,wamv/wamv/base_link,7,5.2488,2.0138,-0.20893,5.5726,1.6085,-0.20931
11,34.811,/received_global_plan,wamv/wamv/base_link,8,6.0329,1.8476,-0.39300,6.3566,1.4420,-0.39338
11,34.811,/received_global_plan,wamv/wamv/base_link,9,6.7271,1.5598,-0.50373,7.0508,1.1539,-0.50411
11,34.811,/received_global_plan,wamv/wamv/base_link,10,7.3732,1.2038,-0.53074,7.6967,0.7976,-0.53113
11,34.811,/received_global_plan,wamv/wamv/base_link,11,8.0051,0.8330,-0.49600,8.3284,0.4265,-0.49639
11,34.811,/received_global_plan,wamv/wamv/base_link,12,8.6441,0.4872,-0.39939,8.9673,0.0804,-0.39978
11,34.811,/received_global_plan,wamv/wamv/base_link,13,9.3093,0.2065,-0.29260,9.6324,-0.2006,-0.29299
11,34.811,/received_global_plan,wamv/wamv/base_link,14,9.9989,-0.0012,-0.00017,10.3219,-0.4086,-0.00055
12,34.910,/received_global_plan,wamv/wamv/base_link,0,-0.3310,0.4085,0.34037,-0.0086,0.0051,0.33998
12,34.910,/received_global_plan,wamv/wamv/base_link,1,0.4705,0.6924,0.46304,0.7932,0.2887,0.46265
12,34.910,/received_global_plan,wamv/wamv/base_link,2,1.2331,1.0731,0.50977,1.5560,0.6692,0.50938
12,34.910,/received_global_plan,wamv/wamv/base_link,3,1.9743,1.4875,0.40569,2.2976,1.0834,0.40531
12,34.910,/received_global_plan,wamv/wamv/base_link,4,2.7504,1.8209,0.21821,3.0739,1.4165,0.21782
12,34.910,/received_global_plan,wamv/wamv/base_link,5,3.5754,2.0038,0.06337,3.8990,1.5991,0.06298
12,34.910,/received_global_plan,wamv/wamv/base_link,6,4.4187,2.0573,-0.05231,4.7424,1.6523,-0.05270
12,34.910,/received_global_plan,wamv/wamv/base_link,7,5.2488,2.0138,-0.20893,5.5726,1.6085,-0.20931
12,34.910,/received_global_plan,wamv/wamv/base_link,8,6.0329,1.8476,-0.39300,6.3566,1.4420,-0.39338
12,34.910,/received_global_plan,wamv/wamv/base_link,9,6.7271,1.5598,-0.50373,7.0508,1.1539,-0.50411
12,34.910,/received_global_plan,wamv/wamv/base_link,10,7.3732,1.2038,-0.53074,7.6967,0.7976,-0.53113
12,34.910,/received_global_plan,wamv/wamv/base_link,11,8.0051,0.8330,-0.49600,8.3284,0.4265,-0.49639
12,34.910,/received_global_plan,wamv/wamv/base_link,12,8.6441,0.4872,-0.39939,8.9673,0.0804,-0.39978
12,34.910,/received_global_plan,wamv/wamv/base_link,13,9.3093,0.2065,-0.29260,9.6324,-0.2006,-0.29299
12,34.910,/received_global_plan,wamv/wamv/base_link,14,9.9989,-0.0012,-0.00017,10.3219,-0.4086,-0.00055
13,35.010,/received_global_plan,wamv/wamv/base_link,0,-0.3310,0.4085,0.34037,-0.0086,0.0051,0.33998
13,35.010,/received_global_plan,wamv/wamv/base_link,1,0.4705,0.6924,0.46304,0.7932,0.2887,0.46265
13,35.010,/received_global_plan,wamv/wamv/base_link,2,1.2331,1.0731,0.50977,1.5560,0.6692,0.50938
13,35.010,/received_global_plan,wamv/wamv/base_link,3,1.9743,1.4875,0.40569,2.2976,1.0834,0.40531
13,35.010,/received_global_plan,wamv/wamv/base_link,4,2.7504,1.8209,0.21821,3.0739,1.4165,0.21782
13,35.010,/received_global_plan,wamv/wamv/base_link,5,3.5754,2.0038,0.06337,3.8990,1.5991,0.06298
13,35.010,/received_global_plan,wamv/wamv/base_link,6,4.4187,2.0573,-0.05231,4.7424,1.6523,-0.05270
13,35.010,/received_global_plan,wamv/wamv/base_link,7,5.2488,2.0138,-0.20893,5.5726,1.6085,-0.20931
13,35.010,/received_global_plan,wamv/wamv/base_link,8,6.0329,1.8476,-0.39300,6.3566,1.4420,-0.39338
13,35.010,/received_global_plan,wamv/wamv/base_link,9,6.7271,1.5598,-0.50373,7.0508,1.1539,-0.50411
13,35.010,/received_global_plan,wamv/wamv/base_link,10,7.3732,1.2038,-0.53074,7.6967,0.7976,-0.53113
13,35.010,/received_global_plan,wamv/wamv/base_link,11,8.0051,0.8330,-0.49600,8.3284,0.4265,-0.49639
13,35.010,/received_global_plan,wamv/wamv/base_link,12,8.6441,0.4872,-0.39939,8.9673,0.0804,-0.39978
13,35.010,/received_global_plan,wamv/wamv/base_link,13,9.3093,0.2065,-0.29260,9.6324,-0.2006,-0.29299
13,35.010,/received_global_plan,wamv/wamv/base_link,14,9.9989,-0.0012,-0.00017,10.3219,-0.4086,-0.00055
14,35.111,/received_global_plan,wamv/wamv/base_link,0,-0.3307,0.4095,0.34067,-0.0090,0.0083,0.33935
14,35.111,/received_global_plan,wamv/wamv/base_link,1,0.4709,0.6936,0.46333,0.7930,0.2914,0.46202
14,35.111,/received_global_plan,wamv/wamv/base_link,2,1.2334,1.0746,0.51006,1.5561,0.6714,0.50875
14,35.111,/received_global_plan,wamv/wamv/base_link,3,1.9746,1.4893,0.40599,2.2980,1.0851,0.40467
14,35.111,/received_global_plan,wamv/wamv/base_link,4,2.7506,1.8230,0.21850,3.0745,1.4177,0.21719
14,35.111,/received_global_plan,wamv/wamv/base_link,5,3.5755,2.0061,0.06365,3.8997,1.5998,0.06234
14,35.111,/received_global_plan,wamv/wamv/base_link,6,4.4188,2.0599,-0.05203,4.7432,1.6525,-0.05335
14,35.111,/received_global_plan,wamv/wamv/base_link,7,5.2490,2.0167,-0.20866,5.5734,1.6081,-0.20997
14,35.111,/received_global_plan,wamv/wamv/base_link,8,6.0331,1.8506,-0.39274,6.3573,1.4411,-0.39406
14,35.111,/received_global_plan,wamv/wamv/base_link,9,6.7274,1.5630,-0.50349,7.0512,1.1525,-0.50480
14,35.111,/received_global_plan,wamv/wamv/base_link,10,7.3735,1.2071,-0.53050,7.6969,0.7958,-0.53182
14,35.111,/received_global_plan,wamv/wamv/base_link,11,8.0055,0.8364,-0.49576,8.3283,0.4242,-0.49707
14,35.111,/received_global_plan,wamv/wamv/base_link,12,8.6445,0.4908,-0.39914,8.9670,0.0778,-0.40045
14,35.111,/received_global_plan,wamv/wamv/base_link,13,9.3097,0.2102,-0.29234,9.6318,-0.2037,-0.29365
14,35.111,/received_global_plan,wamv/wamv/base_link,14,9.9994,0.0027,0.00012,10.3212,-0.4121,-0.00120
15,35.211,/received_global_plan,wamv/wamv/base_link,0,-0.3313,0.4095,0.34051,-0.0102,0.0207,0.33659
15,35.211,/received_global_plan,wamv/wamv/base_link,1,0.4703,0.6935,0.46318,0.7926,0.3015,0.45926
15,35.211,/received_global_plan,wamv/wamv/base_link,2,1.2328,1.0744,0.50991,1.5567,0.6794,0.50598
15,35.211,/received_global_plan,wamv/wamv/base_link,3,1.9741,1.4889,0.40583,2.2997,1.0911,0.40191
15,35.211,/received_global_plan,wamv/wamv/base_link,4,2.7502,1.8224,0.21835,3.0772,1.4216,0.21443
15,35.211,/received_global_plan,wamv/wamv/base_link,5,3.5751,2.0055,0.06351,3.9029,1.6014,0.05959
15,35.211,/received_global_plan,wamv/wamv/base_link,6,4.4185,2.0591,-0.05217,4.7465,1.6517,-0.05609
15,35.211,/received_global_plan,wamv/wamv/base_link,7,5.2486,2.0158,-0.20879,5.5765,1.6051,-0.21271
15,35.211,/received_global_plan,wamv/wamv/base_link,8,6.0327,1.8496,-0.39286,6.3600,1.4359,-0.39679
15,35.211,/received_global_plan,wamv/wamv/base_link,9,6.7270,1.5619,-0.50360,7.0531,1.1455,-0.50752
15,35.211,/received_global_plan,wamv/wamv/base_link,10,7.3732,1.2060,-0.53061,7.6978,0.7869,-0.53453
15,35.211,/received_global_plan,wamv/wamv/base_link,11,8.0051,0.8352,-0.49587,8.3283,0.4137,-0.49979
15,35.211,/received_global_plan,wamv/wamv/base_link,12,8.6441,0.4896,-0.39926,8.9660,0.0655,-0.40318
15,35.211,/received_global_plan,wamv/wamv/base_link,13,9.3094,0.2089,-0.29247,9.6301,-0.2178,-0.29639
15,35.211,/received_global_plan,wamv/wamv/base_link,14,9.9990,0.0013,-0.00003,10.3189,-0.4281,-0.00395
16,35.311,/received_global_plan,wamv/wamv/base_link,0,-0.3310,0.4085,0.34038,-0.0193,0.0247,0.33673
16,35.311,/received_global_plan,wamv/wamv/base_link,1,0.4705,0.6924,0.46305,0.7834,0.3057,0.45940
16,35.311,/received_global_plan,wamv/wamv/base_link,2,1.2331,1.0731,0.50978,1.5474,0.6837,0.50612
16,35.311,/received_global_plan,wamv/wamv/base_link,3,1.9744,1.4875,0.40570,2.2903,1.0955,0.40205
16,35.311,/received_global_plan,wamv/wamv/base_link,4,2.7505,1.8209,0.21822,3.0678,1.4261,0.21456
16,35.311,/received_global_plan,wamv/wamv/base_link,5,3.5754,2.0038,0.06337,3.8934,1.6060,0.05972
16,35.311,/received_global_plan,wamv/wamv/base_link,6,4.4187,2.0574,-0.05231,4.7370,1.6564,-0.05596
16,35.311,/received_global_plan,wamv/wamv/base_link,7,5.2488,2.0139,-0.20892,5.5671,1.6099,-0.21257
16,35.311,/received_global_plan,wamv/wamv/base_link,8,6.0329,1.8477,-0.39299,6.3505,1.4408,-0.39665
16,35.311,/received_global_plan,wamv/wamv/base_link,9,6.7272,1.5599,-0.50373,7.0438,1.1505,-0.50738
16,35.311,/received_global_plan,wamv/wamv/base_link,10,7.3732,1.2038,-0.53074,7.6885,0.7921,-0.53439
16,35.311,/received_global_plan,wamv/wamv/base_link,11,8.0051,0.8330,-0.49600,8.3190,0.4189,-0.49965
16,35.311,/received_global_plan,wamv/wamv/base_link,12,8.6441,0.4873,-0.39939,8.9568,0.0708,-0.40304
16,35.311,/received_global_plan,wamv/wamv/base_link,13,9.3093,0.2065,-0.29260,9.6209,-0.2124,-0.29625
16,35.311,/received_global_plan,wamv/wamv/base_link,14,9.9989,-0.0012,-0.00016,10.3098,-0.4226,-0.00381
17,35.411,/received_global_plan,wamv/wamv/base_link,0,-0.3310,0.4085,0.34038,-0.0193,0.0247,0.33673
17,35.411,/received_global_plan,wamv/wamv/base_link,1,0.4705,0.6924,0.46305,0.7834,0.3057,0.45940
17,35.411,/received_global_plan,wamv/wamv/base_link,2,1.2331,1.0731,0.50978,1.5474,0.6837,0.50612
17,35.411,/received_global_plan,wamv/wamv/base_link,3,1.9744,1.4875,0.40570,2.2903,1.0955,0.40205
17,35.411,/received_global_plan,wamv/wamv/base_link,4,2.7505,1.8209,0.21822,3.0678,1.4261,0.21456
17,35.411,/received_global_plan,wamv/wamv/base_link,5,3.5754,2.0038,0.06337,3.8934,1.6060,0.05972
17,35.411,/received_global_plan,wamv/wamv/base_link,6,4.4187,2.0574,-0.05231,4.7370,1.6564,-0.05596
17,35.411,/received_global_plan,wamv/wamv/base_link,7,5.2488,2.0139,-0.20892,5.5671,1.6099,-0.21257
17,35.411,/received_global_plan,wamv/wamv/base_link,8,6.0329,1.8477,-0.39299,6.3505,1.4408,-0.39665
17,35.411,/received_global_plan,wamv/wamv/base_link,9,6.7272,1.5599,-0.50373,7.0438,1.1505,-0.50738
17,35.411,/received_global_plan,wamv/wamv/base_link,10,7.3732,1.2038,-0.53074,7.6885,0.7921,-0.53439
17,35.411,/received_global_plan,wamv/wamv/base_link,11,8.0051,0.8330,-0.49600,8.3190,0.4189,-0.49965
17,35.411,/received_global_plan,wamv/wamv/base_link,12,8.6441,0.4873,-0.39939,8.9568,0.0708,-0.40304
17,35.411,/received_global_plan,wamv/wamv/base_link,13,9.3093,0.2065,-0.29260,9.6209,-0.2124,-0.29625
17,35.411,/received_global_plan,wamv/wamv/base_link,14,9.9989,-0.0012,-0.00016,10.3098,-0.4226,-0.00381
18,35.511,/received_global_plan,wamv/wamv/base_link,0,-0.3310,0.4085,0.34038,-0.0193,0.0247,0.33673
18,35.511,/received_global_plan,wamv/wamv/base_link,1,0.4705,0.6924,0.46305,0.7834,0.3057,0.45940
18,35.511,/received_global_plan,wamv/wamv/base_link,2,1.2331,1.0731,0.50978,1.5474,0.6837,0.50612
18,35.511,/received_global_plan,wamv/wamv/base_link,3,1.9744,1.4875,0.40570,2.2903,1.0955,0.40205
18,35.511,/received_global_plan,wamv/wamv/base_link,4,2.7505,1.8209,0.21822,3.0678,1.4261,0.21456
18,35.511,/received_global_plan,wamv/wamv/base_link,5,3.5754,2.0038,0.06337,3.8934,1.6060,0.05972
18,35.511,/received_global_plan,wamv/wamv/base_link,6,4.4187,2.0574,-0.05231,4.7370,1.6564,-0.05596
18,35.511,/received_global_plan,wamv/wamv/base_link,7,5.2488,2.0139,-0.20892,5.5671,1.6099,-0.21257
18,35.511,/received_global_plan,wamv/wamv/base_link,8,6.0329,1.8477,-0.39299,6.3505,1.4408,-0.39665
18,35.511,/received_global_plan,wamv/wamv/base_link,9,6.7272,1.5599,-0.50373,7.0438,1.1505,-0.50738
18,35.511,/received_global_plan,wamv/wamv/base_link,10,7.3732,1.2038,-0.53074,7.6885,0.7921,-0.53439
18,35.511,/received_global_plan,wamv/wamv/base_link,11,8.0051,0.8330,-0.49600,8.3190,0.4189,-0.49965
18,35.511,/received_global_plan,wamv/wamv/base_link,12,8.6441,0.4873,-0.39939,8.9568,0.0708,-0.40304
18,35.511,/received_global_plan,wamv/wamv/base_link,13,9.3093,0.2065,-0.29260,9.6209,-0.2124,-0.29625
18,35.511,/received_global_plan,wamv/wamv/base_link,14,9.9989,-0.0012,-0.00016,10.3098,-0.4226,-0.00381
19,35.611,/received_global_plan,wamv/wamv/base_link,0,-0.3310,0.4085,0.34038,-0.0193,0.0247,0.33673
19,35.611,/received_global_plan,wamv/wamv/base_link,1,0.4705,0.6924,0.46305,0.7834,0.3057,0.45940
19,35.611,/received_global_plan,wamv/wamv/base_link,2,1.2331,1.0731,0.50978,1.5474,0.6837,0.50612
19,35.611,/received_global_plan,wamv/wamv/base_link,3,1.9744,1.4875,0.40570,2.2903,1.0955,0.40205
19,35.611,/received_global_plan,wamv/wamv/base_link,4,2.7505,1.8209,0.21822,3.0678,1.4261,0.21456
19,35.611,/received_global_plan,wamv/wamv/base_link,5,3.5754,2.0038,0.06337,3.8934,1.6060,0.05972
19,35.611,/received_global_plan,wamv/wamv/base_link,6,4.4187,2.0574,-0.05231,4.7370,1.6564,-0.05596
19,35.611,/received_global_plan,wamv/wamv/base_link,7,5.2488,2.0139,-0.20892,5.5671,1.6099,-0.21257
19,35.611,/received_global_plan,wamv/wamv/base_link,8,6.0329,1.8477,-0.39299,6.3505,1.4408,-0.39665
19,35.611,/received_global_plan,wamv/wamv/base_link,9,6.7272,1.5599,-0.50373,7.0438,1.1505,-0.50738
19,35.611,/received_global_plan,wamv/wamv/base_link,10,7.3732,1.2038,-0.53074,7.6885,0.7921,-0.53439
19,35.611,/received_global_plan,wamv/wamv/base_link,11,8.0051,0.8330,-0.49600,8.3190,0.4189,-0.49965
19,35.611,/received_global_plan,wamv/wamv/base_link,12,8.6441,0.4873,-0.39939,8.9568,0.0708,-0.40304
19,35.611,/received_global_plan,wamv/wamv/base_link,13,9.3093,0.2065,-0.29260,9.6209,-0.2124,-0.29625
19,35.611,/received_global_plan,wamv/wamv/base_link,14,9.9989,-0.0012,-0.00016,10.3098,-0.4226,-0.00381
20,35.711,/received_global_plan,wamv/wamv/base_link,0,-0.3310,0.4085,0.34038,-0.0193,0.0247,0.33673
20,35.711,/received_global_plan,wamv/wamv/base_link,1,0.4705,0.6924,0.46305,0.7834,0.3057,0.45940
20,35.711,/received_global_plan,wamv/wamv/base_link,2,1.2331,1.0731,0.50978,1.5474,0.6837,0.50612
20,35.711,/received_global_plan,wamv/wamv/base_link,3,1.9744,1.4875,0.40570,2.2903,1.0955,0.40205
20,35.711,/received_global_plan,wamv/wamv/base_link,4,2.7505,1.8209,0.21822,3.0678,1.4261,0.21456
20,35.711,/received_global_plan,wamv/wamv/base_link,5,3.5754,2.0038,0.06337,3.8934,1.6060,0.05972
20,35.711,/received_global_plan,wamv/wamv/base_link,6,4.4187,2.0574,-0.05231,4.7370,1.6564,-0.05596
20,35.711,/received_global_plan,wamv/wamv/base_link,7,5.2488,2.0139,-0.20892,5.5671,1.6099,-0.21257
20,35.711,/received_global_plan,wamv/wamv/base_link,8,6.0329,1.8477,-0.39299,6.3505,1.4408,-0.39665
20,35.711,/received_global_plan,wamv/wamv/base_link,9,6.7272,1.5599,-0.50373,7.0438,1.1505,-0.50738
20,35.711,/received_global_plan,wamv/wamv/base_link,10,7.3732,1.2038,-0.53074,7.6885,0.7921,-0.53439
20,35.711,/received_global_plan,wamv/wamv/base_link,11,8.0051,0.8330,-0.49600,8.3190,0.4189,-0.49965
20,35.711,/received_global_plan,wamv/wamv/base_link,12,8.6441,0.4873,-0.39939,8.9568,0.0708,-0.40304
20,35.711,/received_global_plan,wamv/wamv/base_link,13,9.3093,0.2065,-0.29260,9.6209,-0.2124,-0.29625
20,35.711,/received_global_plan,wamv/wamv/base_link,14,9.9989,-0.0012,-0.00016,10.3098,-0.4226,-0.00381
21,35.811,/received_global_plan,wamv/wamv/base_link,0,-0.3318,0.4086,0.34031,-0.0219,0.0341,0.33353
21,35.811,/received_global_plan,wamv/wamv/base_link,1,0.4698,0.6924,0.46297,0.7817,0.3125,0.45620
21,35.811,/received_global_plan,wamv/wamv/base_link,2,1.2325,1.0731,0.50970,1.5470,0.6881,0.50292
21,35.811,/received_global_plan,wamv/wamv/base_link,3,1.9739,1.4876,0.40563,2.2913,1.0975,0.39885
21,35.811,/received_global_plan,wamv/wamv/base_link,4,2.7502,1.8209,0.21815,3.0698,1.4256,0.21138
21,35.811,/received_global_plan,wamv/wamv/base_link,5,3.5752,2.0038,0.06331,3.8961,1.6029,0.05654
21,35.811,/received_global_plan,wamv/wamv/base_link,6,4.4186,2.0573,-0.05237,4.7399,1.6507,-0.05915
21,35.811,/received_global_plan,wamv/wamv/base_link,7,5.2488,2.0138,-0.20899,5.5698,1.6015,-0.21576
21,35.811,/received_global_plan,wamv/wamv/base_link,8,6.0328,1.8475,-0.39307,6.3527,1.4299,-0.39984
21,35.811,/received_global_plan,wamv/wamv/base_link,9,6.7271,1.5596,-0.50380,7.0450,1.1374,-0.51058
21,35.811,/received_global_plan,wamv/wamv/base_link,10,7.3731,1.2035,-0.53082,7.6886,0.7769,-0.53759
21,35.811,/received_global_plan,wamv/wamv/base_link,11,8.0050,0.8326,-0.49608,8.3179,0.4017,-0.50285
21,35.811,/received_global_plan,wamv/wamv/base_link,12,8.6440,0.4868,-0.39946,8.9546,0.0516,-0.40623
21,35.811,/received_global_plan,wamv/wamv/base_link,13,9.3091,0.2060,-0.29267,9.6178,-0.2338,-0.29944
21,35.811,/received_global_plan,wamv/wamv/base_link,14,9.9987,-0.0017,-0.00022,10.3060,-0.4462,-0.00700
22,35.911,/received_global_plan,wamv/wamv/base_link,0,-0.3338,0.4084,0.34043,-0.0327,0.0401,0.33292
22,35.911,/received_global_plan,wamv/wamv/base_link,1,0.4678,0.6924,0.46309,0.7711,0.3180,0.45559
22,35.911,/received_global_plan,wamv/wamv/base_link,2,1.2303,1.0732,0.50982,1.5366,0.6931,0.50232
22,35.911,/received_global_plan,wamv/wamv/base_link,3,1.9716,1.4877,0.40575,2.2811,1.1020,0.39824
22,35.911,/received_global_plan,wamv/wamv/base_link,4,2.7478,1.8211,0.21826,3.0598,1.4297,0.21076
22,35.911,/received_global_plan,wamv/wamv/base_link,5,3.5727,2.0041,0.06342,3.8862,1.6064,0.05591
22,35.911,/received_global_plan,wamv/wamv/base_link,6,4.4160,2.0576,-0.05226,4.7300,1.6537,-0.05977
22,35.911,/received_global_plan,wamv/wamv/base_link,7,5.2462,2.0142,-0.20888,5.5598,1.6040,-0.21639
22,35.911,/received_global_plan,wamv/wamv/base_link,8,6.0302,1.8480,-0.39296,6.3427,1.4319,-0.40047
22,35.911,/received_global_plan,wamv/wamv/base_link,9,6.7245,1.5602,-0.50370,7.0348,1.1389,-0.51120
22,35.911,/received_global_plan,wamv/wamv/base_link,10,7.3706,1.2042,-0.53071,7.6781,0.7780,-0.53822
22,35.911,/received_global_plan,wamv/wamv/base_link,11,8.0025,0.8334,-0.49597,8.3072,0.4025,-0.50348
22,35.911,/received_global_plan,wamv/wamv/base_link,12,8.6415,0.4877,-0.39935,8.9436,0.0519,-0.40686
22,35.911,/received_global_plan,wamv/wamv/base_link,13,9.3067,0.2070,-0.29256,9.6067,-0.2338,-0.30007
22,35.911,/received_global_plan,wamv/wamv/base_link,14,9.9963,-0.0007,-0.00012,10.2947,-0.4467,-0.00762
23,36.011,/received_global_plan,wamv/wamv/base_link,0,-0.3311,0.4089,0.34003,-0.0306,0.0447,0.33146
23,36.011,/received_global_plan,wamv/wamv/base_link,1,0.4706,0.6925,0.46270,0.7736,0.3215,0.45413
23,36.011,/received_global_plan,wamv/wamv/base_link,2,1.2333,1.0730,0.50943,1.5397,0.6954,0.50086
23,36.011,/received_global_plan,wamv/wamv/base_link,3,1.9747,1.4872,0.40535,2.2847,1.1033,0.39678
23,36.011,/received_global_plan,wamv/wamv/base_link,4,2.7509,1.8203,0.21787,3.0639,1.4298,0.20930
23,36.011,/received_global_plan,wamv/wamv/base_link,5,3.5759,2.0030,0.06303,3.8905,1.6053,0.05445
23,36.011,/received_global_plan,wamv/wamv/base_link,6,4.4192,2.0562,-0.05265,4.7344,1.6513,-0.06123
23,36.011,/received_global_plan,wamv/wamv/base_link,7,5.2494,2.0125,-0.20927,5.5642,1.6005,-0.21784
23,36.011,/received_global_plan,wamv/wamv/base_link,8,6.0334,1.8460,-0.39334,6.3467,1.4272,-0.40192
23,36.011,/received_global_plan,wamv/wamv/base_link,9,6.7275,1.5579,-0.50408,7.0384,1.1332,-0.51265
23,36.011,/received_global_plan,wamv/wamv/base_link,10,7.3735,1.2017,-0.53109,7.6813,0.7714,-0.53966
23,36.011,/received_global_plan,wamv/wamv/base_link,11,8.0052,0.8306,-0.49635,8.3098,0.3949,-0.50492
23,36.011,/received_global_plan,wamv/wamv/base_link,12,8.6441,0.4846,-0.39973,8.9457,0.0435,-0.40831
23,36.011,/received_global_plan,wamv/wamv/base_link,13,9.3092,0.2037,-0.29294,9.6083,-0.2432,-0.30152
23,36.011,/received_global_plan,wamv/wamv/base_link,14,9.9987,-0.0043,-0.00051,10.2961,-0.4571,-0.00908
24,36.110,/received_global_plan,wamv/wamv/base_link,0,-0.3310,0.4085,0.34033,-0.0341,0.0466,0.33168
24,36.110,/received_global_plan,wamv/wamv/base_link,1,0.4706,0.6924,0.46300,0.7701,0.3236,0.45435
24,36.110,/received_global_plan,wamv/wamv/base_link,2,1.2332,1.0731,0.50973,1.5360,0.6977,0.50108
24,36.110,/received_global_plan,wamv/wamv/base_link,3,1.9745,1.4875,0.40565,2.2810,1.1057,0.39701
24,36.110,/received_global_plan,wamv/wamv/base_link,4,2.7506,1.8209,0.21817,3.0601,1.4324,0.20952
24,36.110,/received_global_plan,wamv/wamv/base_link,5,3.5755,2.0037,0.06333,3.8866,1.6081,0.05468
24,36.110,/received_global_plan,wamv/wamv/base_link,6,4.4189,2.0572,-0.05235,4.7305,1.6543,-0.06100
24,36.110,/received_global_plan,wamv/wamv/base_link,7,5.2490,2.0137,-0.20896,5.5603,1.6036,-0.21761
24,36.110,/received_global_plan,wamv/wamv/base_link,8,6.0331,1.8475,-0.39303,6.3429,1.4306,-0.40168
24,36.110,/received_global_plan,wamv/wamv/base_link,9,6.7273,1.5597,-0.50377,7.0346,1.1368,-0.51241
24,36.110,/received_global_plan,wamv/wamv/base_link,10,7.3734,1.2036,-0.53078,7.6776,0.7751,-0.53943
24,36.110,/received_global_plan,wamv/wamv/base_link,11,8.0053,0.8327,-0.49604,8.3062,0.3988,-0.50469
24,36.110,/received_global_plan,wamv/wamv/base_link,12,8.6443,0.4870,-0.39943,8.9422,0.0475,-0.40807
24,36.110,/received_global_plan,wamv/wamv/base_link,13,9.3094,0.2062,-0.29264,9.6049,-0.2391,-0.30129
24,36.110,/received_global_plan,wamv/wamv/base_link,14,9.9990,-0.0015,-0.00020,10.2927,-0.4528,-0.00885
25,36.211,/received_global_plan,wamv/wamv/base_link,0,-0.3307,0.4087,0.34029,-0.0353,0.0465,0.33122
25,36.211,/received_global_plan,wamv/wamv/base_link,1,0.4710,0.6925,0.46296,0.7689,0.3231,0.45389
25,36.211,/received_global_plan,wamv/wamv/base_link,2,1.2336,1.0732,0.50969,1.5351,0.6969,0.50061
25,36.211,/received_global_plan,wamv/wamv/base_link,3,1.9750,1.4876,0.40561,2.2803,1.1046,0.39654
25,36.211,/received_global_plan,wamv/wamv/base_link,4,2.7512,1.8210,0.21813,3.0595,1.4309,0.20905
25,36.211,/received_global_plan,wamv/wamv/base_link,5,3.5761,2.0038,0.06328,3.8862,1.6062,0.05421
25,36.211,/received_global_plan,wamv/wamv/base_link,6,4.4194,2.0573,-0.05240,4.7301,1.6520,-0.06148
25,36.211,/received_global_plan,wamv/wamv/base_link,7,5.2496,2.0137,-0.20903,5.5598,1.6009,-0.21810
25,36.211,/received_global_plan,wamv/wamv/base_link,8,6.0336,1.8474,-0.39311,6.3424,1.4275,-0.40219
25,36.211,/received_global_plan,wamv/wamv/base_link,9,6.7278,1.5595,-0.50385,7.0339,1.1333,-0.51293
25,36.211,/received_global_plan,wamv/wamv/base_link,10,7.3738,1.2034,-0.53087,7.6767,0.7713,-0.53994
25,36.211,/received_global_plan,wamv/wamv/base_link,11,8.0056,0.8325,-0.49612,8.3051,0.3947,-0.50520
25,36.211,/received_global_plan,wamv/wamv/base_link,12,8.6446,0.4866,-0.39950,8.9409,0.0431,-0.40858
25,36.211,/received_global_plan,wamv/wamv/base_link,13,9.3097,0.2058,-0.29271,9.6035,-0.2438,-0.30178
25,36.211,/received_global_plan,wamv/wamv/base_link,14,9.9993,-0.0020,-0.00026,10.2911,-0.4579,-0.00933
26,36.311,/received_global_plan,wamv/wamv/base_link,0,-0.3310,0.4085,0.34081,-0.0353,0.0492,0.33051
26,36.311,/received_global_plan,wamv/wamv/base_link,1,0.4705,0.6927,0.46348,0.7691,0.3252,0.45318
26,36.311,/received_global_plan,wamv/wamv/base_link,2,1.2329,1.0738,0.51020,1.5355,0.6985,0.49991
26,36.311,/received_global_plan,wamv/wamv/base_link,3,1.9740,1.4886,0.40613,2.2810,1.1056,0.39583
26,36.311,/received_global_plan,wamv/wamv/base_link,4,2.7500,1.8223,0.21864,3.0605,1.4314,0.20835
26,36.311,/received_global_plan,wamv/wamv/base_link,5,3.5749,2.0056,0.06380,3.8872,1.6062,0.05351
26,36.311,/received_global_plan,wamv/wamv/base_link,6,4.4182,2.0594,-0.05188,4.7311,1.6514,-0.06217
26,36.311,/received_global_plan,wamv/wamv/base_link,7,5.2484,2.0163,-0.20850,5.5609,1.5997,-0.21879
26,36.311,/received_global_plan,wamv/wamv/base_link,8,6.0325,1.8504,-0.39257,6.3433,1.4257,-0.40286
26,36.311,/received_global_plan,wamv/wamv/base_link,9,6.7269,1.5629,-0.50330,7.0347,1.1311,-0.51360
26,36.311,/received_global_plan,wamv/wamv/base_link,10,7.3731,1.2072,-0.53032,7.6772,0.7686,-0.54061
26,36.311,/received_global_plan,wamv/wamv/base_link,11,8.0051,0.8366,-0.49558,8.3053,0.3916,-0.50587
26,36.311,/received_global_plan,wamv/wamv/base_link,12,8.6443,0.4911,-0.39896,8.9409,0.0395,-0.40926
26,36.311,/received_global_plan,wamv/wamv/base_link,13,9.3096,0.2107,-0.29217,9.6033,-0.2478,-0.30247
26,36.311,/received_global_plan,wamv/wamv/base_link,14,9.9993,0.0032,0.00027,10.2908,-0.4623,-0.01003
27,36.411,/received_global_plan,wamv/wamv/base_link,0,-0.3310,0.4085,0.34038,-0.0381,0.0511,0.32985
27,36.411,/received_global_plan,wamv/wamv/base_link,1,0.4706,0.6924,0.46305,0.7666,0.3266,0.45252
27,36.411,/received_global_plan,wamv/wamv/base_link,2,1.2331,1.0732,0.50977,1.5332,0.6993,0.49925
27,36.411,/received_global_plan,wamv/wamv/base_link,3,1.9744,1.4876,0.40570,2.2789,1.1060,0.39517
27,36.411,/received_global_plan,wamv/wamv/base_link,4,2.7505,1.8210,0.21822,3.0586,1.4312,0.20769
27,36.411,/received_global_plan,wamv/wamv/base_link,5,3.5755,2.0039,0.06337,3.8855,1.6054,0.05285
27,36.411,/received_global_plan,wamv/wamv/base_link,6,4.4188,2.0574,-0.05231,4.7294,1.6501,-0.06283
27,36.411,/received_global_plan,wamv/wamv/base_link,7,5.2489,2.0140,-0.20892,5.5591,1.5978,-0.21945
27,36.411,/received_global_plan,wamv/wamv/base_link,8,6.0330,1.8478,-0.39299,6.3414,1.4234,-0.40352
27,36.411,/received_global_plan,wamv/wamv/base_link,9,6.7273,1.5600,-0.50372,7.0326,1.1283,-0.51425
27,36.411,/received_global_plan,wamv/wamv/base_link,10,7.3733,1.2039,-0.53074,7.6749,0.7654,-0.54127
27,36.411,/received_global_plan,wamv/wamv/base_link,11,8.0052,0.8331,-0.49600,8.3028,0.3879,-0.50652
27,36.411,/received_global_plan,wamv/wamv/base_link,12,8.6442,0.4874,-0.39938,8.9382,0.0354,-0.40991
27,36.411,/received_global_plan,wamv/wamv/base_link,13,9.3094,0.2066,-0.29260,9.6004,-0.2523,-0.30312
27,36.411,/received_global_plan,wamv/wamv/base_link,14,9.9990,-0.0011,-0.00016,10.2878,-0.4673,-0.01069
28,36.511,/received_global_plan,wamv/wamv/base_link,0,-0.3310,0.4085,0.34038,-0.0381,0.0511,0.32985
28,36.511,/received_global_plan,wamv/wamv/base_link,1,0.4706,0.6924,0.46305,0.7666,0.3266,0.45252
28,36.511,/received_global_plan,wamv/wamv/base_link,2,1.2331,1.0732,0.50977,1.5332,0.6993,0.49925
28,36.511,/received_global_plan,wamv/wamv/base_link,3,1.9744,1.4876,0.40570,2.2789,1.1060,0.39517
28,36.511,/received_global_plan,wamv/wamv/base_link,4,2.7505,1.8210,0.21822,3.0586,1.4312,0.20769
28,36.511,/received_global_plan,wamv/wamv/base_link,5,3.5755,2.0039,0.06337,3.8855,1.6054,0.05285
28,36.511,/received_global_plan,wamv/wamv/base_link,6,4.4188,2.0574,-0.05231,4.7294,1.6501,-0.06283
28,36.511,/received_global_plan,wamv/wamv/base_link,7,5.2489,2.0140,-0.20892,5.5591,1.5978,-0.21945
28,36.511,/received_global_plan,wamv/wamv/base_link,8,6.0330,1.8478,-0.39299,6.3414,1.4234,-0.40352
28,36.511,/received_global_plan,wamv/wamv/base_link,9,6.7273,1.5600,-0.50372,7.0326,1.1283,-0.51425
28,36.511,/received_global_plan,wamv/wamv/base_link,10,7.3733,1.2039,-0.53074,7.6749,0.7654,-0.54127
28,36.511,/received_global_plan,wamv/wamv/base_link,11,8.0052,0.8331,-0.49600,8.3028,0.3879,-0.50652
28,36.511,/received_global_plan,wamv/wamv/base_link,12,8.6442,0.4874,-0.39938,8.9382,0.0354,-0.40991
28,36.511,/received_global_plan,wamv/wamv/base_link,13,9.3094,0.2066,-0.29260,9.6004,-0.2523,-0.30312
28,36.511,/received_global_plan,wamv/wamv/base_link,14,9.9990,-0.0011,-0.00016,10.2878,-0.4673,-0.01069
29,36.610,/received_global_plan,wamv/wamv/base_link,0,-0.3310,0.4085,0.34038,-0.0381,0.0511,0.32985
29,36.610,/received_global_plan,wamv/wamv/base_link,1,0.4706,0.6924,0.46305,0.7666,0.3266,0.45252
29,36.610,/received_global_plan,wamv/wamv/base_link,2,1.2331,1.0732,0.50977,1.5332,0.6993,0.49925
29,36.610,/received_global_plan,wamv/wamv/base_link,3,1.9744,1.4876,0.40570,2.2789,1.1060,0.39517
29,36.610,/received_global_plan,wamv/wamv/base_link,4,2.7505,1.8210,0.21822,3.0586,1.4312,0.20769
29,36.610,/received_global_plan,wamv/wamv/base_link,5,3.5755,2.0039,0.06337,3.8855,1.6054,0.05285
29,36.610,/received_global_plan,wamv/wamv/base_link,6,4.4188,2.0574,-0.05231,4.7294,1.6501,-0.06283
29,36.610,/received_global_plan,wamv/wamv/base_link,7,5.2489,2.0140,-0.20892,5.5591,1.5978,-0.21945
29,36.610,/received_global_plan,wamv/wamv/base_link,8,6.0330,1.8478,-0.39299,6.3414,1.4234,-0.40352
29,36.610,/received_global_plan,wamv/wamv/base_link,9,6.7273,1.5600,-0.50372,7.0326,1.1283,-0.51425
29,36.610,/received_global_plan,wamv/wamv/base_link,10,7.3733,1.2039,-0.53074,7.6749,0.7654,-0.54127
29,36.610,/received_global_plan,wamv/wamv/base_link,11,8.0052,0.8331,-0.49600,8.3028,0.3879,-0.50652
29,36.610,/received_global_plan,wamv/wamv/base_link,12,8.6442,0.4874,-0.39938,8.9382,0.0354,-0.40991
29,36.610,/received_global_plan,wamv/wamv/base_link,13,9.3094,0.2066,-0.29260,9.6004,-0.2523,-0.30312
29,36.610,/received_global_plan,wamv/wamv/base_link,14,9.9990,-0.0011,-0.00016,10.2878,-0.4673,-0.01069
30,36.710,/received_global_plan,wamv/wamv/base_link,0,-0.3310,0.4085,0.34038,-0.0381,0.0511,0.32985
30,36.710,/received_global_plan,wamv/wamv/base_link,1,0.4706,0.6924,0.46305,0.7666,0.3266,0.45252
30,36.710,/received_global_plan,wamv/wamv/base_link,2,1.2331,1.0732,0.50977,1.5332,0.6993,0.49925
30,36.710,/received_global_plan,wamv/wamv/base_link,3,1.9744,1.4876,0.40570,2.2789,1.1060,0.39517
30,36.710,/received_global_plan,wamv/wamv/base_link,4,2.7505,1.8210,0.21822,3.0586,1.4312,0.20769
30,36.710,/received_global_plan,wamv/wamv/base_link,5,3.5755,2.0039,0.06337,3.8855,1.6054,0.05285
30,36.710,/received_global_plan,wamv/wamv/base_link,6,4.4188,2.0574,-0.05231,4.7294,1.6501,-0.06283
30,36.710,/received_global_plan,wamv/wamv/base_link,7,5.2489,2.0140,-0.20892,5.5591,1.5978,-0.21945
30,36.710,/received_global_plan,wamv/wamv/base_link,8,6.0330,1.8478,-0.39299,6.3414,1.4234,-0.40352
30,36.710,/received_global_plan,wamv/wamv/base_link,9,6.7273,1.5600,-0.50372,7.0326,1.1283,-0.51425
30,36.710,/received_global_plan,wamv/wamv/base_link,10,7.3733,1.2039,-0.53074,7.6749,0.7654,-0.54127
30,36.710,/received_global_plan,wamv/wamv/base_link,11,8.0052,0.8331,-0.49600,8.3028,0.3879,-0.50652
30,36.710,/received_global_plan,wamv/wamv/base_link,12,8.6442,0.4874,-0.39938,8.9382,0.0354,-0.40991
30,36.710,/received_global_plan,wamv/wamv/base_link,13,9.3094,0.2066,-0.29260,9.6004,-0.2523,-0.30312
30,36.710,/received_global_plan,wamv/wamv/base_link,14,9.9990,-0.0011,-0.00016,10.2878,-0.4673,-0.01069
31,36.811,/received_global_plan,wamv/wamv/base_link,0,-0.3310,0.4085,0.34038,-0.0381,0.0511,0.32985
31,36.811,/received_global_plan,wamv/wamv/base_link,1,0.4706,0.6924,0.46305,0.7666,0.3266,0.45252
31,36.811,/received_global_plan,wamv/wamv/base_link,2,1.2331,1.0732,0.50977,1.5332,0.6993,0.49925
31,36.811,/received_global_plan,wamv/wamv/base_link,3,1.9744,1.4876,0.40570,2.2789,1.1060,0.39517
31,36.811,/received_global_plan,wamv/wamv/base_link,4,2.7505,1.8210,0.21822,3.0586,1.4312,0.20769
31,36.811,/received_global_plan,wamv/wamv/base_link,5,3.5755,2.0039,0.06337,3.8855,1.6054,0.05285
31,36.811,/received_global_plan,wamv/wamv/base_link,6,4.4188,2.0574,-0.05231,4.7294,1.6501,-0.06283
31,36.811,/received_global_plan,wamv/wamv/base_link,7,5.2489,2.0140,-0.20892,5.5591,1.5978,-0.21945
31,36.811,/received_global_plan,wamv/wamv/base_link,8,6.0330,1.8478,-0.39299,6.3414,1.4234,-0.40352
31,36.811,/received_global_plan,wamv/wamv/base_link,9,6.7273,1.5600,-0.50372,7.0326,1.1283,-0.51425
31,36.811,/received_global_plan,wamv/wamv/base_link,10,7.3733,1.2039,-0.53074,7.6749,0.7654,-0.54127
31,36.811,/received_global_plan,wamv/wamv/base_link,11,8.0052,0.8331,-0.49600,8.3028,0.3879,-0.50652
31,36.811,/received_global_plan,wamv/wamv/base_link,12,8.6442,0.4874,-0.39938,8.9382,0.0354,-0.40991
31,36.811,/received_global_plan,wamv/wamv/base_link,13,9.3094,0.2066,-0.29260,9.6004,-0.2523,-0.30312
31,36.811,/received_global_plan,wamv/wamv/base_link,14,9.9990,-0.0011,-0.00016,10.2878,-0.4673,-0.01069
32,36.911,/received_global_plan,wamv/wamv/base_link,0,-0.3310,0.4085,0.34038,-0.0381,0.0511,0.32985
32,36.911,/received_global_plan,wamv/wamv/base_link,1,0.4706,0.6924,0.46305,0.7666,0.3266,0.45252
32,36.911,/received_global_plan,wamv/wamv/base_link,2,1.2331,1.0732,0.50977,1.5332,0.6993,0.49925
32,36.911,/received_global_plan,wamv/wamv/base_link,3,1.9744,1.4876,0.40570,2.2789,1.1060,0.39517
32,36.911,/received_global_plan,wamv/wamv/base_link,4,2.7505,1.8210,0.21822,3.0586,1.4312,0.20769
32,36.911,/received_global_plan,wamv/wamv/base_link,5,3.5755,2.0039,0.06337,3.8855,1.6054,0.05285
32,36.911,/received_global_plan,wamv/wamv/base_link,6,4.4188,2.0574,-0.05231,4.7294,1.6501,-0.06283
32,36.911,/received_global_plan,wamv/wamv/base_link,7,5.2489,2.0140,-0.20892,5.5591,1.5978,-0.21945
32,36.911,/received_global_plan,wamv/wamv/base_link,8,6.0330,1.8478,-0.39299,6.3414,1.4234,-0.40352
32,36.911,/received_global_plan,wamv/wamv/base_link,9,6.7273,1.5600,-0.50372,7.0326,1.1283,-0.51425
32,36.911,/received_global_plan,wamv/wamv/base_link,10,7.3733,1.2039,-0.53074,7.6749,0.7654,-0.54127
32,36.911,/received_global_plan,wamv/wamv/base_link,11,8.0052,0.8331,-0.49600,8.3028,0.3879,-0.50652
32,36.911,/received_global_plan,wamv/wamv/base_link,12,8.6442,0.4874,-0.39938,8.9382,0.0354,-0.40991
32,36.911,/received_global_plan,wamv/wamv/base_link,13,9.3094,0.2066,-0.29260,9.6004,-0.2523,-0.30312
32,36.911,/received_global_plan,wamv/wamv/base_link,14,9.9990,-0.0011,-0.00016,10.2878,-0.4673,-0.01069
33,37.010,/received_global_plan,wamv/wamv/base_link,0,-0.3310,0.4085,0.34038,-0.0381,0.0511,0.32985
33,37.010,/received_global_plan,wamv/wamv/base_link,1,0.4706,0.6924,0.46305,0.7666,0.3266,0.45252
33,37.010,/received_global_plan,wamv/wamv/base_link,2,1.2331,1.0732,0.50977,1.5332,0.6993,0.49925
33,37.010,/received_global_plan,wamv/wamv/base_link,3,1.9744,1.4876,0.40570,2.2789,1.1060,0.39517
33,37.010,/received_global_plan,wamv/wamv/base_link,4,2.7505,1.8210,0.21822,3.0586,1.4312,0.20769
33,37.010,/received_global_plan,wamv/wamv/base_link,5,3.5755,2.0039,0.06337,3.8855,1.6054,0.05285
33,37.010,/received_global_plan,wamv/wamv/base_link,6,4.4188,2.0574,-0.05231,4.7294,1.6501,-0.06283
33,37.010,/received_global_plan,wamv/wamv/base_link,7,5.2489,2.0140,-0.20892,5.5591,1.5978,-0.21945
33,37.010,/received_global_plan,wamv/wamv/base_link,8,6.0330,1.8478,-0.39299,6.3414,1.4234,-0.40352
33,37.010,/received_global_plan,wamv/wamv/base_link,9,6.7273,1.5600,-0.50372,7.0326,1.1283,-0.51425
33,37.010,/received_global_plan,wamv/wamv/base_link,10,7.3733,1.2039,-0.53074,7.6749,0.7654,-0.54127
33,37.010,/received_global_plan,wamv/wamv/base_link,11,8.0052,0.8331,-0.49600,8.3028,0.3879,-0.50652
33,37.010,/received_global_plan,wamv/wamv/base_link,12,8.6442,0.4874,-0.39938,8.9382,0.0354,-0.40991
33,37.010,/received_global_plan,wamv/wamv/base_link,13,9.3094,0.2066,-0.29260,9.6004,-0.2523,-0.30312
33,37.010,/received_global_plan,wamv/wamv/base_link,14,9.9990,-0.0011,-0.00016,10.2878,-0.4673,-0.01069
34,37.113,/received_global_plan,wamv/wamv/base_link,0,-0.3319,0.4074,0.34016,-0.0618,0.0433,0.32372
34,37.113,/received_global_plan,wamv/wamv/base_link,1,0.4698,0.6912,0.46283,0.7445,0.3139,0.44639
34,37.113,/received_global_plan,wamv/wamv/base_link,2,1.2325,1.0718,0.50956,1.5134,0.6819,0.49312
34,37.113,/received_global_plan,wamv/wamv/base_link,3,1.9739,1.4861,0.40549,2.2617,1.0840,0.38904
34,37.113,/received_global_plan,wamv/wamv/base_link,4,2.7502,1.8193,0.21800,3.0434,1.4044,0.20156
34,37.113,/received_global_plan,wamv/wamv/base_link,5,3.5751,2.0021,0.06316,3.8713,1.5736,0.04671
34,37.113,/received_global_plan,wamv/wamv/base_link,6,4.4185,2.0554,-0.05253,4.7155,1.6131,-0.06897
34,37.113,/received_global_plan,wamv/wamv/base_link,7,5.2486,2.0118,-0.20916,5.5448,1.5558,-0.22560
34,37.113,/received_global_plan,wamv/wamv/base_link,8,6.0326,1.8454,-0.39324,6.3261,1.3765,-0.40968
34,37.113,/received_global_plan,wamv/wamv/base_link,9,6.7268,1.5574,-0.50398,7.0154,1.0771,-0.52042
34,37.113,/received_global_plan,wamv/wamv/base_link,10,7.3728,1.2012,-0.53100,7.6554,0.7103,-0.54744
34,37.113,/received_global_plan,wamv/wamv/base_link,11,8.0045,0.8302,-0.49625,8.2810,0.3290,-0.51269
34,37.113,/received_global_plan,wamv/wamv/base_link,12,8.6434,0.4843,-0.39963,8.9141,-0.0274,-0.41607
34,37.113,/received_global_plan,wamv/wamv/base_link,13,9.3085,0.2033,-0.29284,9.5746,-0.3192,-0.30928
34,37.113,/received_global_plan,wamv/wamv/base_link,14,9.9980,-0.0046,-0.00038,10.2606,-0.5384,-0.01683
35,37.212,/received_global_plan,wamv/wamv/base_link,0,-0.3323,0.4103,0.34049,-0.0667,0.0474,0.32189
35,37.212,/received_global_plan,wamv/wamv/base_link,1,0.4692,0.6943,0.46316,0.7401,0.3165,0.44456
35,37.212,/received_global_plan,wamv/wamv/base_link,2,1.2318,1.0751,0.50989,1.5097,0.6831,0.49129
35,37.212,/received_global_plan,wamv/wamv/base_link,3,1.9730,1.4896,0.40581,2.2586,1.0838,0.38721
35,37.212,/received_global_plan,wamv/wamv/base_link,4,2.7492,1.8231,0.21833,3.0409,1.4029,0.19973
35,37.212,/received_global_plan,wamv/wamv/base_link,5,3.5741,2.0061,0.06349,3.8691,1.5705,0.04489
35,37.212,/received_global_plan,wamv/wamv/base_link,6,4.4174,2.0598,-0.05219,4.7134,1.6084,-0.07079
35,37.212,/received_global_plan,wamv/wamv/base_link,7,5.2476,2.0164,-0.20881,5.5427,1.5496,-0.22741
35,37.212,/received_global_plan,wamv/wamv/base_link,8,6.0317,1.8503,-0.39288,6.3236,1.3689,-0.41148
35,37.212,/received_global_plan,wamv/wamv/base_link,9,6.7260,1.5625,-0.50362,7.0124,1.0683,-0.52222
35,37.212,/received_global_plan,wamv/wamv/base_link,10,7.3721,1.2066,-0.53063,7.6518,0.7004,-0.54923
35,37.212,/received_global_plan,wamv/wamv/base_link,11,8.0040,0.8358,-0.49589,8.2767,0.3179,-0.51449
35,37.212,/received_global_plan,wamv/wamv/base_link,12,8.6430,0.4901,-0.39927,8.9092,-0.0396,-0.41787
35,37.212,/received_global_plan,wamv/wamv/base_link,13,9.3083,0.2095,-0.29248,9.5691,-0.3326,-0.31108
35,37.212,/received_global_plan,wamv/wamv/base_link,14,9.9979,0.0018,-0.00005,10.2547,-0.5531,-0.01864
36,37.311,/received_global_plan,wamv/wamv/base_link,0,-0.3311,0.4085,0.34025,-0.0822,0.0499,0.32207
36,37.311,/received_global_plan,wamv/wamv/base_link,1,0.4706,0.6924,0.46292,0.7246,0.3191,0.44474
36,37.311,/received_global_plan,wamv/wamv/base_link,2,1.2333,1.0730,0.50965,1.4942,0.6859,0.49146
36,37.311,/received_global_plan,wamv/wamv/base_link,3,1.9747,1.4874,0.40557,2.2431,1.0868,0.38739
36,37.311,/received_global_plan,wamv/wamv/base_link,4,2.7509,1.8207,0.21809,3.0253,1.4059,0.19991
36,37.311,/received_global_plan,wamv/wamv/base_link,5,3.5759,2.0036,0.06325,3.8535,1.5737,0.04506
36,37.311,/received_global_plan,wamv/wamv/base_link,6,4.4192,2.0570,-0.05244,4.6978,1.6118,-0.07062
36,37.311,/received_global_plan,wamv/wamv/base_link,7,5.2494,2.0134,-0.20906,5.5271,1.5531,-0.22724
36,37.311,/received_global_plan,wamv/wamv/base_link,8,6.0334,1.8471,-0.39314,6.3080,1.3726,-0.41133
36,37.311,/received_global_plan,wamv/wamv/base_link,9,6.7276,1.5592,-0.50388,6.9968,1.0721,-0.52207
36,37.311,/received_global_plan,wamv/wamv/base_link,10,7.3736,1.2030,-0.53090,7.6363,0.7042,-0.54908
36,37.311,/received_global_plan,wamv/wamv/base_link,11,8.0054,0.8321,-0.49616,8.2612,0.3218,-0.51434
36,37.311,/received_global_plan,wamv/wamv/base_link,12,8.6443,0.4862,-0.39954,8.8938,-0.0356,-0.41772
36,37.311,/received_global_plan,wamv/wamv/base_link,13,9.3095,0.2054,-0.29274,9.5537,-0.3285,-0.31092
36,37.311,/received_global_plan,wamv/wamv/base_link,14,9.9990,-0.0025,-0.00029,10.2394,-0.5488,-0.01847
37,37.411,/received_global_plan,wamv/wamv/base_link,0,-0.3325,0.4089,0.34063,-0.0873,0.0532,0.32081
37,37.411,/received_global_plan,wamv/wamv/base_link,1,0.4691,0.6930,0.46330,0.7197,0.3214,0.44348
37,37.411,/received_global_plan,wamv/wamv/base_link,2,1.2315,1.0739,0.51003,1.4897,0.6871,0.49021
37,37.411,/received_global_plan,wamv/wamv/base_link,3,1.9727,1.4886,0.40596,2.2391,1.0870,0.38613
37,37.411,/received_global_plan,wamv/wamv/base_link,4,2.7488,1.8222,0.21847,3.0217,1.4052,0.19865
37,37.411,/received_global_plan,wamv/wamv/base_link,5,3.5737,2.0053,0.06363,3.8501,1.5720,0.04381
37,37.411,/received_global_plan,wamv/wamv/base_link,6,4.4170,2.0590,-0.05205,4.6944,1.6090,-0.07187
37,37.411,/received_global_plan,wamv/wamv/base_link,7,5.2472,2.0158,-0.20866,5.5236,1.5493,-0.22849
37,37.411,/received_global_plan,wamv/wamv/base_link,8,6.0313,1.8498,-0.39273,6.3043,1.3677,-0.41256
37,37.411,/received_global_plan,wamv/wamv/base_link,9,6.7256,1.5621,-0.50347,6.9928,1.0664,-0.52329
37,37.411,/received_global_plan,wamv/wamv/base_link,10,7.3718,1.2063,-0.53048,7.6318,0.6977,-0.55030
37,37.411,/received_global_plan,wamv/wamv/base_link,11,8.0038,0.8356,-0.49574,8.2563,0.3146,-0.51556
37,37.411,/received_global_plan,wamv/wamv/base_link,12,8.6429,0.4900,-0.39913,8.8884,-0.0436,-0.41895
37,37.411,/received_global_plan,wamv/wamv/base_link,13,9.3081,0.2095,-0.29234,9.5480,-0.3373,-0.31216
37,37.411,/received_global_plan,wamv/wamv/base_link,14,9.9978,0.0019,0.00010,10.2334,-0.5585,-0.01973
38,37.513,/received_global_plan,wamv/wamv/base_link,0,-0.3312,0.4080,0.34042,-0.0941,0.0515,0.32076
38,37.513,/received_global_plan,wamv/wamv/base_link,1,0.4704,0.6919,0.46309,0.7130,0.3196,0.44342
38,37.513,/received_global_plan,wamv/wamv/base_link,2,1.2330,1.0727,0.50982,1.4831,0.6854,0.49015
38,37.513,/received_global_plan,wamv/wamv/base_link,3,1.9744,1.4872,0.40574,2.2325,1.0852,0.38608
38,37.513,/received_global_plan,wamv/wamv/base_link,4,2.7505,1.8207,0.21826,3.0152,1.4034,0.19860
38,37.513,/received_global_plan,wamv/wamv/base_link,5,3.5755,2.0037,0.06342,3.8436,1.5701,0.04375
38,37.513,/received_global_plan,wamv/wamv/base_link,6,4.4188,2.0572,-0.05226,4.6879,1.6071,-0.07193
38,37.513,/received_global_plan,wamv/wamv/base_link,7,5.2490,2.0138,-0.20889,5.5171,1.5473,-0.22855
38,37.513,/received_global_plan,wamv/wamv/base_link,8,6.0331,1.8476,-0.39297,6.2978,1.3657,-0.41263
38,37.513,/received_global_plan,wamv/wamv/base_link,9,6.7274,1.5598,-0.50371,6.9863,1.0643,-0.52337
38,37.513,/received_global_plan,wamv/wamv/base_link,10,7.3734,1.2037,-0.53072,7.6252,0.6956,-0.55039
38,37.513,/received_global_plan,wamv/wamv/base_link,11,8.0053,0.8329,-0.49598,8.2497,0.3124,-0.51565
38,37.513,/received_global_plan,wamv/wamv/base_link,12,8.6443,0.4872,-0.39936,8.8818,-0.0458,-0.41903
38,37.513,/received_global_plan,wamv/wamv/base_link,13,9.3095,0.2064,-0.29256,9.5413,-0.3396,-0.31223
38,37.513,/received_global_plan,wamv/wamv/base_link,14,9.9991,-0.0013,-0.00012,10.2267,-0.5608,-0.01978
39,37.611,/received_global_plan,wamv/wamv/base_link,0,-0.3324,0.4090,0.34073,-0.0969,0.0538,0.31911
39,37.611,/received_global_plan,wamv/wamv/base_link,1,0.4691,0.6931,0.46340,0.7106,0.3206,0.44178
39,37.611,/received_global_plan,wamv/wamv/base_link,2,1.2316,1.0742,0.51013,1.4812,0.6851,0.48851
39,37.611,/received_global_plan,wamv/wamv/base_link,3,1.9727,1.4889,0.40605,2.2313,1.0837,0.38443
39,37.611,/received_global_plan,wamv/wamv/base_link,4,2.7488,1.8225,0.21857,3.0144,1.4005,0.19695
39,37.611,/received_global_plan,wamv/wamv/base_link,5,3.5736,2.0058,0.06373,3.8431,1.5659,0.04211
39,37.611,/received_global_plan,wamv/wamv/base_link,6,4.4169,2.0596,-0.05195,4.6875,1.6015,-0.07357
39,37.611,/received_global_plan,wamv/wamv/base_link,7,5.2471,2.0164,-0.20856,5.5166,1.5404,-0.23018
39,37.611,/received_global_plan,wamv/wamv/base_link,8,6.0313,1.8505,-0.39264,6.2970,1.3575,-0.41425
39,37.611,/received_global_plan,wamv/wamv/base_link,9,6.7256,1.5629,-0.50337,6.9850,1.0550,-0.52499
39,37.611,/received_global_plan,wamv/wamv/base_link,10,7.3718,1.2071,-0.53038,7.6233,0.6852,-0.55200
39,37.611,/received_global_plan,wamv/wamv/base_link,11,8.0038,0.8365,-0.49564,8.2471,0.3010,-0.51726
39,37.611,/received_global_plan,wamv/wamv/base_link,12,8.6430,0.4910,-0.39903,8.8786,-0.0582,-0.42065
39,37.611,/received_global_plan,wamv/wamv/base_link,13,9.3083,0.2105,-0.29224,9.5377,-0.3531,-0.31386
39,37.611,/received_global_plan,wamv/wamv/base_link,14,9.9979,0.0030,0.00019,10.2228,-0.5754,-0.02142
40,37.711,/received_global_plan,wamv/wamv/base_link,0,-0.3327,0.4083,0.34183,-0.1009,0.0539,0.32006
40,37.711,/received_global_plan,wamv/wamv/base_link,1,0.4684,0.6934,0.46450,0.7064,0.3215,0.44273
40,37.711,/received_global_plan,wamv/wamv/base_link,2,1.2305,1.0752,0.51123,1.4767,0.6867,0.48945
40,37.711,/received_global_plan,wamv/wamv/base_link,3,1.9712,1.4908,0.40715,2.2264,1.0860,0.38538
40,37.711,/received_global_plan,wamv/wamv/base_link,4,2.7469,1.8253,0.21967,3.0092,1.4036,0.19790
40,37.711,/received_global_plan,wamv/wamv/base_link,5,3.5715,2.0094,0.06482,3.8378,1.5697,0.04305
40,37.711,/received_global_plan,wamv/wamv/base_link,6,4.4148,2.0642,-0.05086,4.6821,1.6061,-0.07263
40,37.711,/received_global_plan,wamv/wamv/base_link,7,5.2450,2.0219,-0.20749,5.5113,1.5458,-0.22926
40,37.711,/received_global_plan,wamv/wamv/base_link,8,6.0293,1.8568,-0.39157,6.2918,1.3636,-0.41334
40,37.711,/received_global_plan,wamv/wamv/base_link,9,6.7240,1.5700,-0.50231,6.9801,1.0617,-0.52408
40,37.711,/received_global_plan,wamv/wamv/base_link,10,7.3706,1.2149,-0.52933,7.6188,0.6926,-0.55110
40,37.711,/received_global_plan,wamv/wamv/base_link,11,8.0030,0.8450,-0.49458,8.2429,0.3090,-0.51636
40,37.711,/received_global_plan,wamv/wamv/base_link,12,8.6425,0.5001,-0.39796,8.8748,-0.0497,-0.41974
40,37.711,/received_global_plan,wamv/wamv/base_link,13,9.3081,0.2203,-0.29117,9.5341,-0.3440,-0.31294
40,37.711,/received_global_plan,wamv/wamv/base_link,14,9.9980,0.0136,0.00129,10.2193,-0.5657,-0.02049
41,37.811,/received_global_plan,wamv/wamv/base_link,0,-0.3313,0.4086,0.34024,-0.1062,0.0511,0.31586
41,37.811,/received_global_plan,wamv/wamv/base_link,1,0.4703,0.6924,0.46291,0.7022,0.3153,0.43853
41,37.811,/received_global_plan,wamv/wamv/base_link,2,1.2330,1.0730,0.50964,1.4740,0.6772,0.48526
41,37.811,/received_global_plan,wamv/wamv/base_link,3,1.9744,1.4874,0.40556,2.2253,1.0734,0.38118
41,37.811,/received_global_plan,wamv/wamv/base_link,4,2.7506,1.8207,0.21807,3.0095,1.3877,0.19369
41,37.811,/received_global_plan,wamv/wamv/base_link,5,3.5755,2.0035,0.06323,3.8387,1.5504,0.03885
41,37.811,/received_global_plan,wamv/wamv/base_link,6,4.4189,2.0569,-0.05245,4.6832,1.5832,-0.07683
41,37.811,/received_global_plan,wamv/wamv/base_link,7,5.2490,2.0133,-0.20907,5.5121,1.5194,-0.23345
41,37.811,/received_global_plan,wamv/wamv/base_link,8,6.0331,1.8469,-0.39315,6.2918,1.3339,-0.41753
41,37.811,/received_global_plan,wamv/wamv/base_link,9,6.7273,1.5590,-0.50388,6.9788,1.0292,-0.52826
41,37.811,/received_global_plan,wamv/wamv/base_link,10,7.3733,1.2029,-0.53090,7.6159,0.6574,-0.55528
41,37.811,/received_global_plan,wamv/wamv/base_link,11,8.0051,0.8320,-0.49615,8.2385,0.2711,-0.52054
41,37.811,/received_global_plan,wamv/wamv/base_link,12,8.6441,0.4861,-0.39954,8.8688,-0.0902,-0.42392
41,37.811,/received_global_plan,wamv/wamv/base_link,13,9.3092,0.2053,-0.29275,9.5269,-0.3872,-0.31713
41,37.811,/received_global_plan,wamv/wamv/base_link,14,9.9988,-0.0026,-0.00031,10.2112,-0.6118,-0.02469
42,37.911,/received_global_plan,wamv/wamv/base_link,0,-0.3316,0.4085,0.34068,-0.1096,0.0529,0.31781
42,37.911,/received_global_plan,wamv/wamv/base_link,1,0.4699,0.6926,0.46335,0.6983,0.3187,0.44048
42,37.911,/received_global_plan,wamv/wamv/base_link,2,1.2323,1.0736,0.51008,1.4694,0.6821,0.48720
42,37.911,/received_global_plan,wamv/wamv/base_link,3,1.9735,1.4883,0.40600,2.2199,1.0798,0.38313
42,37.911,/received_global_plan,wamv/wamv/base_link,4,2.7495,1.8219,0.21852,3.0035,1.3956,0.19565
42,37.911,/received_global_plan,wamv/wamv/base_link,5,3.5744,2.0051,0.06368,3.8324,1.5599,0.04080
42,37.911,/received_global_plan,wamv/wamv/base_link,6,4.4177,2.0588,-0.05200,4.6768,1.5943,-0.07488
42,37.911,/received_global_plan,wamv/wamv/base_link,7,5.2479,2.0156,-0.20862,5.5059,1.5321,-0.23149
42,37.911,/received_global_plan,wamv/wamv/base_link,8,6.0320,1.8496,-0.39269,6.2860,1.3483,-0.41557
42,37.911,/received_global_plan,wamv/wamv/base_link,9,6.7264,1.5621,-0.50342,6.9736,1.0448,-0.52630
42,37.911,/received_global_plan,wamv/wamv/base_link,10,7.3726,1.2062,-0.53044,7.6115,0.6743,-0.55331
42,37.911,/received_global_plan,wamv/wamv/base_link,11,8.0045,0.8356,-0.49569,8.2348,0.2893,-0.51857
42,37.911,/received_global_plan,wamv/wamv/base_link,12,8.6437,0.4900,-0.39908,8.8658,-0.0709,-0.42196
42,37.911,/received_global_plan,wamv/wamv/base_link,13,9.3089,0.2095,-0.29229,9.5245,-0.3666,-0.31517
42,37.911,/received_global_plan,wamv/wamv/base_link,14,9.9986,0.0020,0.00014,10.2093,-0.5898,-0.02273
43,38.011,/received_global_plan,wamv/wamv/base_link,0,-0.3327,0.4076,0.34009,-0.1157,0.0516,0.31717
43,38.011,/received_global_plan,wamv/wamv/base_link,1,0.4690,0.6913,0.46276,0.6924,0.3168,0.43983
43,38.011,/received_global_plan,wamv/wamv/base_link,2,1.2318,1.0719,0.50949,1.4638,0.6798,0.48656
43,38.011,/received_global_plan,wamv/wamv/base_link,3,1.9732,1.4861,0.40542,2.2146,1.0770,0.38249
43,38.011,/received_global_plan,wamv/wamv/base_link,4,2.7495,1.8193,0.21793,2.9984,1.3923,0.19500
43,38.011,/received_global_plan,wamv/wamv/base_link,5,3.5745,2.0020,0.06309,3.8275,1.5561,0.04016
43,38.011,/received_global_plan,wamv/wamv/base_link,6,4.4179,2.0553,-0.05260,4.6719,1.5900,-0.07553
43,38.011,/received_global_plan,wamv/wamv/base_link,7,5.2480,2.0116,-0.20922,5.5009,1.5273,-0.23215
43,38.011,/received_global_plan,wamv/wamv/base_link,8,6.0320,1.8451,-0.39331,6.2809,1.3429,-0.41624
43,38.011,/received_global_plan,wamv/wamv/base_link,9,6.7262,1.5571,-0.50405,6.9683,1.0390,-0.52698
43,38.011,/received_global_plan,wamv/wamv/base_link,10,7.3721,1.2008,-0.53106,7.6059,0.6680,-0.55399
43,38.011,/received_global_plan,wamv/wamv/base_link,11,8.0038,0.8298,-0.49632,8.2289,0.2825,-0.51925
43,38.011,/received_global_plan,wamv/wamv/base_link,12,8.6427,0.4838,-0.39970,8.8597,-0.0780,-0.42263
43,38.011,/received_global_plan,wamv/wamv/base_link,13,9.3078,0.2029,-0.29290,9.5182,-0.3741,-0.31583
43,38.011,/received_global_plan,wamv/wamv/base_link,14,9.9973,-0.0051,-0.00045,10.2028,-0.5978,-0.02338
44,38.021,/plan,camera_init,0,-0.2132,0.3604,0.00000,-0.2132,0.3604,0.00000
44,38.021,/plan,camera_init,1,0.5948,0.4945,0.32909,0.5948,0.4945,0.32909
44,38.021,/plan,camera_init,2,1.3167,0.8817,0.62769,1.3167,0.8817,0.62769
44,38.021,/plan,camera_init,3,1.9826,1.3648,0.62769,1.9826,1.3648,0.62769
44,38.021,/plan,camera_init,4,2.6939,1.7720,0.36129,2.6939,1.7720,0.36129
44,38.021,/plan,camera_init,5,3.3791,2.0309,0.19743,3.3791,2.0309,0.19743
44,38.021,/plan,camera_init,6,4.0648,2.1681,0.00000,4.0648,2.1681,0.00000
44,38.021,/plan,camera_init,7,4.7482,2.1681,-0.19028,4.7482,2.1681,-0.19028
44,38.021,/plan,camera_init,8,5.4206,2.0386,-0.33728,5.4206,2.0386,-0.33728
44,38.021,/plan,camera_init,9,6.0779,1.8081,-0.42540,6.0779,1.8081,-0.42540
44,38.021,/plan,camera_init,10,6.7246,1.5151,-0.46684,6.7246,1.5151,-0.46684
44,38.021,/plan,camera_init,11,7.3670,1.1913,-0.47365,7.3670,1.1913,-0.47365
44,38.021,/plan,camera_init,12,8.0109,0.8613,-0.45210,8.0109,0.8613,-0.45210
44,38.021,/plan,camera_init,13,8.6622,0.5449,-0.40808,8.6622,0.5449,-0.40808
44,38.021,/plan,camera_init,14,9.3258,0.2580,-0.36555,9.3258,0.2580,-0.36555
44,38.021,/plan,camera_init,15,10.0000,0.0000,0.00000,10.0000,0.0000,0.00000
45,38.022,/unsmoothed_plan,camera_init,0,-0.2132,0.3604,0.00000,-0.2132,0.3604,0.00000
45,38.022,/unsmoothed_plan,camera_init,1,0.6419,0.5111,0.34907,0.6419,0.5111,0.34907
45,38.022,/unsmoothed_plan,camera_init,2,1.3938,0.9453,0.69813,1.3938,0.9453,0.69813
45,38.022,/unsmoothed_plan,camera_init,3,2.0589,1.5033,0.69813,2.0589,1.5033,0.69813
45,38.022,/unsmoothed_plan,camera_init,4,2.7240,2.0614,0.69813,2.7240,2.0614,0.69813
45,38.022,/unsmoothed_plan,camera_init,5,3.3490,2.4454,0.34907,3.3490,2.4454,0.34907
45,38.022,/unsmoothed_plan,camera_init,6,4.0586,2.6315,0.00000,4.0586,2.6315,0.00000
45,38.022,/unsmoothed_plan,camera_init,7,4.7916,2.6035,-0.34907,4.7916,2.6035,-0.34907
45,38.022,/unsmoothed_plan,camera_init,8,5.4849,2.3641,-0.52360,5.4849,2.3641,-0.52360
45,38.022,/unsmoothed_plan,camera_init,9,6.1132,1.9806,-0.69813,6.1132,1.9806,-0.69813
45,38.022,/unsmoothed_plan,camera_init,10,6.7376,1.5905,-0.69813,6.7376,1.5905,-0.69813
45,38.022,/unsmoothed_plan,camera_init,11,7.3619,1.2004,-0.69813,7.3619,1.2004,-0.69813
45,38.022,/unsmoothed_plan,camera_init,12,7.9863,0.8103,-0.69813,7.9863,0.8103,-0.69813
45,38.022,/unsmoothed_plan,camera_init,13,8.6106,0.4202,-0.69813,8.6106,0.4202,-0.69813
45,38.022,/unsmoothed_plan,camera_init,14,9.2744,0.1076,-0.34907,9.2744,0.1076,-0.34907
45,38.022,/unsmoothed_plan,camera_init,15,10.0000,0.0000,0.00000,10.0000,0.0000,0.00000
46,38.111,/received_global_plan,wamv/wamv/base_link,0,-0.2131,0.3613,-0.00029,-0.0020,-0.0018,-0.02583
46,38.111,/received_global_plan,wamv/wamv/base_link,1,0.5947,0.4952,0.32881,0.8091,0.1114,0.30328
46,38.111,/received_global_plan,wamv/wamv/base_link,2,1.3166,0.8821,0.62744,1.5407,0.4797,0.60191
46,38.111,/received_global_plan,wamv/wamv/base_link,3,1.9824,1.3650,0.62744,2.2187,0.9455,0.60191
46,38.111,/received_global_plan,wamv/wamv/base_link,4,2.6937,1.7719,0.36101,2.9403,1.3342,0.33547
46,38.111,/received_global_plan,wamv/wamv/base_link,5,3.3788,2.0306,0.19714,3.6318,1.5753,0.17161
46,38.111,/received_global_plan,wamv/wamv/base_link,6,4.0645,2.1675,-0.00028,4.3208,1.6947,-0.02582
46,38.111,/received_global_plan,wamv/wamv/base_link,7,4.7477,2.1673,-0.19056,5.0039,1.6770,-0.21610
46,38.111,/received_global_plan,wamv/wamv/base_link,8,5.4200,2.0377,-0.33755,5.6726,1.5302,-0.36309
46,38.111,/received_global_plan,wamv/wamv/base_link,9,6.0773,1.8070,-0.42567,6.3238,1.2828,-0.45120
46,38.111,/received_global_plan,wamv/wamv/base_link,10,6.7239,1.5138,-0.46710,6.9628,0.9732,-0.49264
46,38.111,/received_global_plan,wamv/wamv/base_link,11,7.3662,1.1900,-0.47391,7.5965,0.6330,-0.49944
46,38.111,/received_global_plan,wamv/wamv/base_link,12,8.0100,0.8598,-0.45236,8.2317,0.2865,-0.47790
46,38.111,/received_global_plan,wamv/wamv/base_link,13,8.6613,0.5433,-0.40834,8.8747,-0.0465,-0.43388
46,38.111,/received_global_plan,wamv/wamv/base_link,14,9.3248,0.2562,-0.36582,9.5307,-0.3504,-0.39135
46,38.111,/received_global_plan,wamv/wamv/base_link,15,9.9989,-0.0020,-0.00029,10.1979,-0.6258,-0.02583
47,38.211,/received_global_plan,wamv/wamv/base_link,0,-0.2128,0.3608,-0.00014,-0.0050,-0.0005,-0.02495
47,38.211,/received_global_plan,wamv/wamv/base_link,1,0.5950,0.4948,0.32896,0.8060,0.1134,0.30416
47,38.211,/received_global_plan,wamv/wamv/base_link,2,1.3168,0.8818,0.62760,1.5373,0.4824,0.60279
47,38.211,/received_global_plan,wamv/wamv/base_link,3,1.9825,1.3648,0.62760,2.2149,0.9488,0.60279
47,38.211,/received_global_plan,wamv/wamv/base_link,4,2.6937,1.7718,0.36116,2.9361,1.3381,0.33636
47,38.211,/received_global_plan,wamv/wamv/base_link,5,3.3788,2.0306,0.19729,3.6275,1.5798,0.17249
47,38.211,/received_global_plan,wamv/wamv/base_link,6,4.0644,2.1676,-0.00014,4.3163,1.6998,-0.02494
47,38.211,/received_global_plan,wamv/wamv/base_link,7,4.7477,2.1675,-0.19041,4.9994,1.6828,-0.21522
47,38.211,/received_global_plan,wamv/wamv/base_link,8,5.4199,2.0379,-0.33740,5.6683,1.5365,-0.36221
47,38.211,/received_global_plan,wamv/wamv/base_link,9,6.0772,1.8074,-0.42552,6.3196,1.2897,-0.45032
47,38.211,/received_global_plan,wamv/wamv/base_link,10,6.7239,1.5143,-0.46695,6.9589,0.9807,-0.49176
47,38.211,/received_global_plan,wamv/wamv/base_link,11,7.3662,1.1905,-0.47376,7.5930,0.6410,-0.49856
47,38.211,/received_global_plan,wamv/wamv/base_link,12,8.0101,0.8604,-0.45221,8.2284,0.2951,-0.47702
47,38.211,/received_global_plan,wamv/wamv/base_link,13,8.6614,0.5441,-0.40819,8.8717,-0.0374,-0.43300
47,38.211,/received_global_plan,wamv/wamv/base_link,14,9.3250,0.2571,-0.36567,9.5279,-0.3408,-0.39047
47,38.211,/received_global_plan,wamv/wamv/base_link,15,9.9991,-0.0010,-0.00014,10.1955,-0.6155,-0.02495
48,38.311,/received_global_plan,wamv/wamv/base_link,0,-0.2128,0.3608,-0.00014,-0.0050,-0.0005,-0.02495
48,38.311,/received_global_plan,wamv/wamv/base_link,1,0.5950,0.4948,0.32896,0.8060,0.1134,0.30416
48,38.311,/received_global_plan,wamv/wamv/base_link,2,1.3168,0.8818,0.62760,1.5373,0.4824,0.60279
48,38.311,/received_global_plan,wamv/wamv/base_link,3,1.9825,1.3648,0.62760,2.2149,0.9488,0.60279
48,38.311,/received_global_plan,wamv/wamv/base_link,4,2.6937,1.7718,0.36116,2.9361,1.3381,0.33636
48,38.311,/received_global_plan,wamv/wamv/base_link,5,3.3788,2.0306,0.19729,3.6275,1.5798,0.17249
48,38.311,/received_global_plan,wamv/wamv/base_link,6,4.0644,2.1676,-0.00014,4.3163,1.6998,-0.02494
48,38.311,/received_global_plan,wamv/wamv/base_link,7,4.7477,2.1675,-0.19041,4.9994,1.6828,-0.21522
48,38.311,/received_global_plan,wamv/wamv/base_link,8,5.4199,2.0379,-0.33740,5.6683,1.5365,-0.36221
48,38.311,/received_global_plan,wamv/wamv/base_link,9,6.0772,1.8074,-0.42552,6.3196,1.2897,-0.45032
48,38.311,/received_global_plan,wamv/wamv/base_link,10,6.7239,1.5143,-0.46695,6.9589,0.9807,-0.49176
48,38.311,/received_global_plan,wamv/wamv/base_link,11,7.3662,1.1905,-0.47376,7.5930,0.6410,-0.49856
48,38.311,/received_global_plan,wamv/wamv/base_link,12,8.0101,0.8604,-0.45221,8.2284,0.2951,-0.47702
48,38.311,/received_global_plan,wamv/wamv/base_link,13,8.6614,0.5441,-0.40819,8.8717,-0.0374,-0.43300
48,38.311,/received_global_plan,wamv/wamv/base_link,14,9.3250,0.2571,-0.36567,9.5279,-0.3408,-0.39047
48,38.311,/received_global_plan,wamv/wamv/base_link,15,9.9991,-0.0010,-0.00014,10.1955,-0.6155,-0.02495
49,38.411,/received_global_plan,wamv/wamv/base_link,0,-0.2128,0.3608,-0.00014,-0.0050,-0.0005,-0.02495
49,38.411,/received_global_plan,wamv/wamv/base_link,1,0.5950,0.4948,0.32896,0.8060,0.1134,0.30416
49,38.411,/received_global_plan,wamv/wamv/base_link,2,1.3168,0.8818,0.62760,1.5373,0.4824,0.60279
49,38.411,/received_global_plan,wamv/wamv/base_link,3,1.9825,1.3648,0.62760,2.2149,0.9488,0.60279
49,38.411,/received_global_plan,wamv/wamv/base_link,4,2.6937,1.7718,0.36116,2.9361,1.3381,0.33636
49,38.411,/received_global_plan,wamv/wamv/base_link,5,3.3788,2.0306,0.19729,3.6275,1.5798,0.17249
49,38.411,/received_global_plan,wamv/wamv/base_link,6,4.0644,2.1676,-0.00014,4.3163,1.6998,-0.02494
49,38.411,/received_global_plan,wamv/wamv/base_link,7,4.7477,2.1675,-0.19041,4.9994,1.6828,-0.21522
49,38.411,/received_global_plan,wamv/wamv/base_link,8,5.4199,2.0379,-0.33740,5.6683,1.5365,-0.36221
49,38.411,/received_global_plan,wamv/wamv/base_link,9,6.0772,1.8074,-0.42552,6.3196,1.2897,-0.45032
49,38.411,/received_global_plan,wamv/wamv/base_link,10,6.7239,1.5143,-0.46695,6.9589,0.9807,-0.49176
49,38.411,/received_global_plan,wamv/wamv/base_link,11,7.3662,1.1905,-0.47376,7.5930,0.6410,-0.49856
49,38.411,/received_global_plan,wamv/wamv/base_link,12,8.0101,0.8604,-0.45221,8.2284,0.2951,-0.47702
49,38.411,/received_global_plan,wamv/wamv/base_link,13,8.6614,0.5441,-0.40819,8.8717,-0.0374,-0.43300
49,38.411,/received_global_plan,wamv/wamv/base_link,14,9.3250,0.2571,-0.36567,9.5279,-0.3408,-0.39047
49,38.411,/received_global_plan,wamv/wamv/base_link,15,9.9991,-0.0010,-0.00014,10.1955,-0.6155,-0.02495
50,38.511,/received_global_plan,wamv/wamv/base_link,0,-0.2128,0.3608,-0.00014,-0.0050,-0.0005,-0.02495
50,38.511,/received_global_plan,wamv/wamv/base_link,1,0.5950,0.4948,0.32896,0.8060,0.1134,0.30416
50,38.511,/received_global_plan,wamv/wamv/base_link,2,1.3168,0.8818,0.62760,1.5373,0.4824,0.60279
50,38.511,/received_global_plan,wamv/wamv/base_link,3,1.9825,1.3648,0.62760,2.2149,0.9488,0.60279
50,38.511,/received_global_plan,wamv/wamv/base_link,4,2.6937,1.7718,0.36116,2.9361,1.3381,0.33636
50,38.511,/received_global_plan,wamv/wamv/base_link,5,3.3788,2.0306,0.19729,3.6275,1.5798,0.17249
50,38.511,/received_global_plan,wamv/wamv/base_link,6,4.0644,2.1676,-0.00014,4.3163,1.6998,-0.02494
50,38.511,/received_global_plan,wamv/wamv/base_link,7,4.7477,2.1675,-0.19041,4.9994,1.6828,-0.21522
50,38.511,/received_global_plan,wamv/wamv/base_link,8,5.4199,2.0379,-0.33740,5.6683,1.5365,-0.36221
50,38.511,/received_global_plan,wamv/wamv/base_link,9,6.0772,1.8074,-0.42552,6.3196,1.2897,-0.45032
50,38.511,/received_global_plan,wamv/wamv/base_link,10,6.7239,1.5143,-0.46695,6.9589,0.9807,-0.49176
50,38.511,/received_global_plan,wamv/wamv/base_link,11,7.3662,1.1905,-0.47376,7.5930,0.6410,-0.49856
50,38.511,/received_global_plan,wamv/wamv/base_link,12,8.0101,0.8604,-0.45221,8.2284,0.2951,-0.47702
50,38.511,/received_global_plan,wamv/wamv/base_link,13,8.6614,0.5441,-0.40819,8.8717,-0.0374,-0.43300
50,38.511,/received_global_plan,wamv/wamv/base_link,14,9.3250,0.2571,-0.36567,9.5279,-0.3408,-0.39047
50,38.511,/received_global_plan,wamv/wamv/base_link,15,9.9991,-0.0010,-0.00014,10.1955,-0.6155,-0.02495
51,38.611,/received_global_plan,wamv/wamv/base_link,0,-0.2128,0.3608,-0.00014,-0.0050,-0.0005,-0.02495
51,38.611,/received_global_plan,wamv/wamv/base_link,1,0.5950,0.4948,0.32896,0.8060,0.1134,0.30416
51,38.611,/received_global_plan,wamv/wamv/base_link,2,1.3168,0.8818,0.62760,1.5373,0.4824,0.60279
51,38.611,/received_global_plan,wamv/wamv/base_link,3,1.9825,1.3648,0.62760,2.2149,0.9488,0.60279
51,38.611,/received_global_plan,wamv/wamv/base_link,4,2.6937,1.7718,0.36116,2.9361,1.3381,0.33636
51,38.611,/received_global_plan,wamv/wamv/base_link,5,3.3788,2.0306,0.19729,3.6275,1.5798,0.17249
51,38.611,/received_global_plan,wamv/wamv/base_link,6,4.0644,2.1676,-0.00014,4.3163,1.6998,-0.02494
51,38.611,/received_global_plan,wamv/wamv/base_link,7,4.7477,2.1675,-0.19041,4.9994,1.6828,-0.21522
51,38.611,/received_global_plan,wamv/wamv/base_link,8,5.4199,2.0379,-0.33740,5.6683,1.5365,-0.36221
51,38.611,/received_global_plan,wamv/wamv/base_link,9,6.0772,1.8074,-0.42552,6.3196,1.2897,-0.45032
51,38.611,/received_global_plan,wamv/wamv/base_link,10,6.7239,1.5143,-0.46695,6.9589,0.9807,-0.49176
51,38.611,/received_global_plan,wamv/wamv/base_link,11,7.3662,1.1905,-0.47376,7.5930,0.6410,-0.49856
51,38.611,/received_global_plan,wamv/wamv/base_link,12,8.0101,0.8604,-0.45221,8.2284,0.2951,-0.47702
51,38.611,/received_global_plan,wamv/wamv/base_link,13,8.6614,0.5441,-0.40819,8.8717,-0.0374,-0.43300
51,38.611,/received_global_plan,wamv/wamv/base_link,14,9.3250,0.2571,-0.36567,9.5279,-0.3408,-0.39047
51,38.611,/received_global_plan,wamv/wamv/base_link,15,9.9991,-0.0010,-0.00014,10.1955,-0.6155,-0.02495
52,38.710,/received_global_plan,wamv/wamv/base_link,0,-0.2128,0.3608,-0.00014,-0.0050,-0.0005,-0.02495
52,38.710,/received_global_plan,wamv/wamv/base_link,1,0.5950,0.4948,0.32896,0.8060,0.1134,0.30416
52,38.710,/received_global_plan,wamv/wamv/base_link,2,1.3168,0.8818,0.62760,1.5373,0.4824,0.60279
52,38.710,/received_global_plan,wamv/wamv/base_link,3,1.9825,1.3648,0.62760,2.2149,0.9488,0.60279
52,38.710,/received_global_plan,wamv/wamv/base_link,4,2.6937,1.7718,0.36116,2.9361,1.3381,0.33636
52,38.710,/received_global_plan,wamv/wamv/base_link,5,3.3788,2.0306,0.19729,3.6275,1.5798,0.17249
52,38.710,/received_global_plan,wamv/wamv/base_link,6,4.0644,2.1676,-0.00014,4.3163,1.6998,-0.02494
52,38.710,/received_global_plan,wamv/wamv/base_link,7,4.7477,2.1675,-0.19041,4.9994,1.6828,-0.21522
52,38.710,/received_global_plan,wamv/wamv/base_link,8,5.4199,2.0379,-0.33740,5.6683,1.5365,-0.36221
52,38.710,/received_global_plan,wamv/wamv/base_link,9,6.0772,1.8074,-0.42552,6.3196,1.2897,-0.45032
52,38.710,/received_global_plan,wamv/wamv/base_link,10,6.7239,1.5143,-0.46695,6.9589,0.9807,-0.49176
52,38.710,/received_global_plan,wamv/wamv/base_link,11,7.3662,1.1905,-0.47376,7.5930,0.6410,-0.49856
52,38.710,/received_global_plan,wamv/wamv/base_link,12,8.0101,0.8604,-0.45221,8.2284,0.2951,-0.47702
52,38.710,/received_global_plan,wamv/wamv/base_link,13,8.6614,0.5441,-0.40819,8.8717,-0.0374,-0.43300
52,38.710,/received_global_plan,wamv/wamv/base_link,14,9.3250,0.2571,-0.36567,9.5279,-0.3408,-0.39047
52,38.710,/received_global_plan,wamv/wamv/base_link,15,9.9991,-0.0010,-0.00014,10.1955,-0.6155,-0.02495
53,38.810,/received_global_plan,wamv/wamv/base_link,0,-0.2128,0.3608,-0.00014,-0.0050,-0.0005,-0.02495
53,38.810,/received_global_plan,wamv/wamv/base_link,1,0.5950,0.4948,0.32896,0.8060,0.1134,0.30416
53,38.810,/received_global_plan,wamv/wamv/base_link,2,1.3168,0.8818,0.62760,1.5373,0.4824,0.60279
53,38.810,/received_global_plan,wamv/wamv/base_link,3,1.9825,1.3648,0.62760,2.2149,0.9488,0.60279
53,38.810,/received_global_plan,wamv/wamv/base_link,4,2.6937,1.7718,0.36116,2.9361,1.3381,0.33636
53,38.810,/received_global_plan,wamv/wamv/base_link,5,3.3788,2.0306,0.19729,3.6275,1.5798,0.17249
53,38.810,/received_global_plan,wamv/wamv/base_link,6,4.0644,2.1676,-0.00014,4.3163,1.6998,-0.02494
53,38.810,/received_global_plan,wamv/wamv/base_link,7,4.7477,2.1675,-0.19041,4.9994,1.6828,-0.21522
53,38.810,/received_global_plan,wamv/wamv/base_link,8,5.4199,2.0379,-0.33740,5.6683,1.5365,-0.36221
53,38.810,/received_global_plan,wamv/wamv/base_link,9,6.0772,1.8074,-0.42552,6.3196,1.2897,-0.45032
53,38.810,/received_global_plan,wamv/wamv/base_link,10,6.7239,1.5143,-0.46695,6.9589,0.9807,-0.49176
53,38.810,/received_global_plan,wamv/wamv/base_link,11,7.3662,1.1905,-0.47376,7.5930,0.6410,-0.49856
53,38.810,/received_global_plan,wamv/wamv/base_link,12,8.0101,0.8604,-0.45221,8.2284,0.2951,-0.47702
53,38.810,/received_global_plan,wamv/wamv/base_link,13,8.6614,0.5441,-0.40819,8.8717,-0.0374,-0.43300
53,38.810,/received_global_plan,wamv/wamv/base_link,14,9.3250,0.2571,-0.36567,9.5279,-0.3408,-0.39047
53,38.810,/received_global_plan,wamv/wamv/base_link,15,9.9991,-0.0010,-0.00014,10.1955,-0.6155,-0.02495
54,38.911,/received_global_plan,wamv/wamv/base_link,0,-0.2128,0.3608,-0.00014,-0.0050,-0.0005,-0.02495
54,38.911,/received_global_plan,wamv/wamv/base_link,1,0.5950,0.4948,0.32896,0.8060,0.1134,0.30416
54,38.911,/received_global_plan,wamv/wamv/base_link,2,1.3168,0.8818,0.62760,1.5373,0.4824,0.60279
54,38.911,/received_global_plan,wamv/wamv/base_link,3,1.9825,1.3648,0.62760,2.2149,0.9488,0.60279
54,38.911,/received_global_plan,wamv/wamv/base_link,4,2.6937,1.7718,0.36116,2.9361,1.3381,0.33636
54,38.911,/received_global_plan,wamv/wamv/base_link,5,3.3788,2.0306,0.19729,3.6275,1.5798,0.17249
54,38.911,/received_global_plan,wamv/wamv/base_link,6,4.0644,2.1676,-0.00014,4.3163,1.6998,-0.02494
54,38.911,/received_global_plan,wamv/wamv/base_link,7,4.7477,2.1675,-0.19041,4.9994,1.6828,-0.21522
54,38.911,/received_global_plan,wamv/wamv/base_link,8,5.4199,2.0379,-0.33740,5.6683,1.5365,-0.36221
54,38.911,/received_global_plan,wamv/wamv/base_link,9,6.0772,1.8074,-0.42552,6.3196,1.2897,-0.45032
54,38.911,/received_global_plan,wamv/wamv/base_link,10,6.7239,1.5143,-0.46695,6.9589,0.9807,-0.49176
54,38.911,/received_global_plan,wamv/wamv/base_link,11,7.3662,1.1905,-0.47376,7.5930,0.6410,-0.49856
54,38.911,/received_global_plan,wamv/wamv/base_link,12,8.0101,0.8604,-0.45221,8.2284,0.2951,-0.47702
54,38.911,/received_global_plan,wamv/wamv/base_link,13,8.6614,0.5441,-0.40819,8.8717,-0.0374,-0.43300
54,38.911,/received_global_plan,wamv/wamv/base_link,14,9.3250,0.2571,-0.36567,9.5279,-0.3408,-0.39047
54,38.911,/received_global_plan,wamv/wamv/base_link,15,9.9991,-0.0010,-0.00014,10.1955,-0.6155,-0.02495
55,39.010,/received_global_plan,wamv/wamv/base_link,0,-0.2128,0.3608,-0.00014,-0.0050,-0.0005,-0.02495
55,39.010,/received_global_plan,wamv/wamv/base_link,1,0.5950,0.4948,0.32896,0.8060,0.1134,0.30416
55,39.010,/received_global_plan,wamv/wamv/base_link,2,1.3168,0.8818,0.62760,1.5373,0.4824,0.60279
55,39.010,/received_global_plan,wamv/wamv/base_link,3,1.9825,1.3648,0.62760,2.2149,0.9488,0.60279
55,39.010,/received_global_plan,wamv/wamv/base_link,4,2.6937,1.7718,0.36116,2.9361,1.3381,0.33636
55,39.010,/received_global_plan,wamv/wamv/base_link,5,3.3788,2.0306,0.19729,3.6275,1.5798,0.17249
55,39.010,/received_global_plan,wamv/wamv/base_link,6,4.0644,2.1676,-0.00014,4.3163,1.6998,-0.02494
55,39.010,/received_global_plan,wamv/wamv/base_link,7,4.7477,2.1675,-0.19041,4.9994,1.6828,-0.21522
55,39.010,/received_global_plan,wamv/wamv/base_link,8,5.4199,2.0379,-0.33740,5.6683,1.5365,-0.36221
55,39.010,/received_global_plan,wamv/wamv/base_link,9,6.0772,1.8074,-0.42552,6.3196,1.2897,-0.45032
55,39.010,/received_global_plan,wamv/wamv/base_link,10,6.7239,1.5143,-0.46695,6.9589,0.9807,-0.49176
55,39.010,/received_global_plan,wamv/wamv/base_link,11,7.3662,1.1905,-0.47376,7.5930,0.6410,-0.49856
55,39.010,/received_global_plan,wamv/wamv/base_link,12,8.0101,0.8604,-0.45221,8.2284,0.2951,-0.47702
55,39.010,/received_global_plan,wamv/wamv/base_link,13,8.6614,0.5441,-0.40819,8.8717,-0.0374,-0.43300
55,39.010,/received_global_plan,wamv/wamv/base_link,14,9.3250,0.2571,-0.36567,9.5279,-0.3408,-0.39047
55,39.010,/received_global_plan,wamv/wamv/base_link,15,9.9991,-0.0010,-0.00014,10.1955,-0.6155,-0.02495
56,39.110,/received_global_plan,wamv/wamv/base_link,0,-0.2128,0.3608,-0.00014,-0.0050,-0.0005,-0.02495
56,39.110,/received_global_plan,wamv/wamv/base_link,1,0.5950,0.4948,0.32896,0.8060,0.1134,0.30416
56,39.110,/received_global_plan,wamv/wamv/base_link,2,1.3168,0.8818,0.62760,1.5373,0.4824,0.60279
56,39.110,/received_global_plan,wamv/wamv/base_link,3,1.9825,1.3648,0.62760,2.2149,0.9488,0.60279
56,39.110,/received_global_plan,wamv/wamv/base_link,4,2.6937,1.7718,0.36116,2.9361,1.3381,0.33636
56,39.110,/received_global_plan,wamv/wamv/base_link,5,3.3788,2.0306,0.19729,3.6275,1.5798,0.17249
56,39.110,/received_global_plan,wamv/wamv/base_link,6,4.0644,2.1676,-0.00014,4.3163,1.6998,-0.02494
56,39.110,/received_global_plan,wamv/wamv/base_link,7,4.7477,2.1675,-0.19041,4.9994,1.6828,-0.21522
56,39.110,/received_global_plan,wamv/wamv/base_link,8,5.4199,2.0379,-0.33740,5.6683,1.5365,-0.36221
56,39.110,/received_global_plan,wamv/wamv/base_link,9,6.0772,1.8074,-0.42552,6.3196,1.2897,-0.45032
56,39.110,/received_global_plan,wamv/wamv/base_link,10,6.7239,1.5143,-0.46695,6.9589,0.9807,-0.49176
56,39.110,/received_global_plan,wamv/wamv/base_link,11,7.3662,1.1905,-0.47376,7.5930,0.6410,-0.49856
56,39.110,/received_global_plan,wamv/wamv/base_link,12,8.0101,0.8604,-0.45221,8.2284,0.2951,-0.47702
56,39.110,/received_global_plan,wamv/wamv/base_link,13,8.6614,0.5441,-0.40819,8.8717,-0.0374,-0.43300
56,39.110,/received_global_plan,wamv/wamv/base_link,14,9.3250,0.2571,-0.36567,9.5279,-0.3408,-0.39047
56,39.110,/received_global_plan,wamv/wamv/base_link,15,9.9991,-0.0010,-0.00014,10.1955,-0.6155,-0.02495
57,39.211,/received_global_plan,wamv/wamv/base_link,0,-0.2128,0.3608,-0.00014,-0.0050,-0.0005,-0.02495
57,39.211,/received_global_plan,wamv/wamv/base_link,1,0.5950,0.4948,0.32896,0.8060,0.1134,0.30416
57,39.211,/received_global_plan,wamv/wamv/base_link,2,1.3168,0.8818,0.62760,1.5373,0.4824,0.60279
57,39.211,/received_global_plan,wamv/wamv/base_link,3,1.9825,1.3648,0.62760,2.2149,0.9488,0.60279
57,39.211,/received_global_plan,wamv/wamv/base_link,4,2.6937,1.7718,0.36116,2.9361,1.3381,0.33636
57,39.211,/received_global_plan,wamv/wamv/base_link,5,3.3788,2.0306,0.19729,3.6275,1.5798,0.17249
57,39.211,/received_global_plan,wamv/wamv/base_link,6,4.0644,2.1676,-0.00014,4.3163,1.6998,-0.02494
57,39.211,/received_global_plan,wamv/wamv/base_link,7,4.7477,2.1675,-0.19041,4.9994,1.6828,-0.21522
57,39.211,/received_global_plan,wamv/wamv/base_link,8,5.4199,2.0379,-0.33740,5.6683,1.5365,-0.36221
57,39.211,/received_global_plan,wamv/wamv/base_link,9,6.0772,1.8074,-0.42552,6.3196,1.2897,-0.45032
57,39.211,/received_global_plan,wamv/wamv/base_link,10,6.7239,1.5143,-0.46695,6.9589,0.9807,-0.49176
57,39.211,/received_global_plan,wamv/wamv/base_link,11,7.3662,1.1905,-0.47376,7.5930,0.6410,-0.49856
57,39.211,/received_global_plan,wamv/wamv/base_link,12,8.0101,0.8604,-0.45221,8.2284,0.2951,-0.47702
57,39.211,/received_global_plan,wamv/wamv/base_link,13,8.6614,0.5441,-0.40819,8.8717,-0.0374,-0.43300
57,39.211,/received_global_plan,wamv/wamv/base_link,14,9.3250,0.2571,-0.36567,9.5279,-0.3408,-0.39047
57,39.211,/received_global_plan,wamv/wamv/base_link,15,9.9991,-0.0010,-0.00014,10.1955,-0.6155,-0.02495
58,39.311,/received_global_plan,wamv/wamv/base_link,0,-0.2160,0.3615,-0.00054,-0.1830,-0.0658,-0.04088
58,39.311,/received_global_plan,wamv/wamv/base_link,1,0.5920,0.4953,0.32855,0.6297,0.0352,0.28822
58,39.311,/received_global_plan,wamv/wamv/base_link,2,1.3140,0.8820,0.62717,1.3668,0.3925,0.58684
58,39.311,/received_global_plan,wamv/wamv/base_link,3,1.9800,1.3647,0.62717,2.0518,0.8480,0.58684
58,39.311,/received_global_plan,wamv/wamv/base_link,4,2.6914,1.7715,0.36075,2.7792,1.2258,0.32041
58,39.311,/received_global_plan,wamv/wamv/base_link,5,3.3767,2.0300,0.19689,3.4743,1.4565,0.15655
58,39.311,/received_global_plan,wamv/wamv/base_link,6,4.0624,2.1668,-0.00054,4.1650,1.5655,-0.04088
58,39.311,/received_global_plan,wamv/wamv/base_link,7,4.7457,2.1664,-0.19081,4.8478,1.5376,-0.23115
58,39.311,/received_global_plan,wamv/wamv/base_link,8,5.4180,2.0365,-0.33780,5.5143,1.3807,-0.37814
58,39.311,/received_global_plan,wamv/wamv/base_link,9,6.0751,1.8057,-0.42592,6.1616,1.1235,-0.46626
58,39.311,/received_global_plan,wamv/wamv/base_link,10,6.7217,1.5124,-0.46735,6.7959,0.8043,-0.50769
58,39.311,/received_global_plan,wamv/wamv/base_link,11,7.3639,1.1883,-0.47416,7.4244,0.4546,-0.51450
58,39.311,/received_global_plan,wamv/wamv/base_link,12,8.0077,0.8580,-0.45261,8.0543,0.0986,-0.49295
58,39.311,/received_global_plan,wamv/wamv/base_link,13,8.6589,0.5413,-0.40860,8.6922,-0.2441,-0.44893
58,39.311,/received_global_plan,wamv/wamv/base_link,14,9.3223,0.2541,-0.36607,9.3436,-0.5579,-0.40641
58,39.311,/received_global_plan,wamv/wamv/base_link,15,9.9963,-0.0043,-0.00054,10.0066,-0.8432,-0.04088
59,39.411,/received_global_plan,wamv/wamv/base_link,0,-0.2162,0.3612,-0.00022,-0.2058,-0.0489,-0.03871
59,39.411,/received_global_plan,wamv/wamv/base_link,1,0.5917,0.4952,0.32888,0.6067,0.0539,0.29039
59,39.411,/received_global_plan,wamv/wamv/base_link,2,1.3135,0.8821,0.62751,1.3430,0.4128,0.58902
59,39.411,/received_global_plan,wamv/wamv/base_link,3,1.9794,1.3651,0.62751,2.0270,0.8698,0.58902
59,39.411,/received_global_plan,wamv/wamv/base_link,4,2.6906,1.7721,0.36108,2.7535,1.2491,0.32259
59,39.411,/received_global_plan,wamv/wamv/base_link,5,3.3757,2.0308,0.19722,3.4482,1.4813,0.15873
59,39.411,/received_global_plan,wamv/wamv/base_link,6,4.0613,2.1678,-0.00021,4.1386,1.5918,-0.03870
59,39.411,/received_global_plan,wamv/wamv/base_link,7,4.7446,2.1677,-0.19049,4.8214,1.5654,-0.22898
59,39.411,/received_global_plan,wamv/wamv/base_link,8,5.4169,2.0380,-0.33748,5.4882,1.4100,-0.37597
59,39.411,/received_global_plan,wamv/wamv/base_link,9,6.0742,1.8074,-0.42560,6.1361,1.1542,-0.46409
59,39.411,/received_global_plan,wamv/wamv/base_link,10,6.7209,1.5143,-0.46703,6.7711,0.8364,-0.50552
59,39.411,/received_global_plan,wamv/wamv/base_link,11,7.3631,1.1904,-0.47384,7.4004,0.4881,-0.51233
59,39.411,/received_global_plan,wamv/wamv/base_link,12,8.0070,0.8603,-0.45229,8.0311,0.1334,-0.49078
59,39.411,/received_global_plan,wamv/wamv/base_link,13,8.6583,0.5439,-0.40827,8.6697,-0.2079,-0.44676
59,39.411,/received_global_plan,wamv/wamv/base_link,14,9.3218,0.2569,-0.36575,9.3217,-0.5203,-0.40424
59,39.411,/received_global_plan,wamv/wamv/base_link,15,9.9959,-0.0013,-0.00022,9.9854,-0.8042,-0.03871
60,39.512,/received_global_plan,wamv/wamv/base_link,0,-0.2136,0.3606,-0.00014,-0.2188,-0.0542,-0.04113
60,39.512,/received_global_plan,wamv/wamv/base_link,1,0.5943,0.4946,0.32896,0.5939,0.0466,0.28797
60,39.512,/received_global_plan,wamv/wamv/base_link,2,1.3162,0.8816,0.62757,1.3311,0.4037,0.58659
60,39.512,/received_global_plan,wamv/wamv/base_link,3,1.9820,1.3646,0.62757,2.0163,0.8591,0.58659
60,39.512,/received_global_plan,wamv/wamv/base_link,4,2.6933,1.7717,0.36115,2.7437,1.2366,0.32016
60,39.512,/received_global_plan,wamv/wamv/base_link,5,3.3784,2.0304,0.19729,3.4389,1.4671,0.15630
60,39.512,/received_global_plan,wamv/wamv/base_link,6,4.0640,2.1675,-0.00013,4.1296,1.5760,-0.04112
60,39.512,/received_global_plan,wamv/wamv/base_link,7,4.7473,2.1674,-0.19041,4.8124,1.5479,-0.23140
60,39.512,/received_global_plan,wamv/wamv/base_link,8,5.4197,2.0378,-0.33740,5.4788,1.3909,-0.37839
60,39.512,/received_global_plan,wamv/wamv/base_link,9,6.0769,1.8073,-0.42552,6.1261,1.1335,-0.46651
60,39.512,/received_global_plan,wamv/wamv/base_link,10,6.7237,1.5142,-0.46695,6.7603,0.8142,-0.50794
60,39.512,/received_global_plan,wamv/wamv/base_link,11,7.3660,1.1904,-0.47376,7.3888,0.4643,-0.51475
60,39.512,/received_global_plan,wamv/wamv/base_link,12,8.0099,0.8603,-0.45221,8.0186,0.1081,-0.49320
60,39.512,/received_global_plan,wamv/wamv/base_link,13,8.6612,0.5439,-0.40819,8.6564,-0.2347,-0.44918
60,39.512,/received_global_plan,wamv/wamv/base_link,14,9.3248,0.2570,-0.36567,9.3076,-0.5486,-0.40665
60,39.512,/received_global_plan,wamv/wamv/base_link,15,9.9989,-0.0011,-0.00014,9.9706,-0.8342,-0.04113
61,39.611,/received_global_plan,wamv/wamv/base_link,0,-0.2139,0.3606,0.00020,-0.2252,-0.0501,-0.03925
61,39.611,/received_global_plan,wamv/wamv/base_link,1,0.5939,0.4949,0.32930,0.5873,0.0522,0.28986
61,39.611,/received_global_plan,wamv/wamv/base_link,2,1.3156,0.8821,0.62793,1.3238,0.4107,0.58848
61,39.611,/received_global_plan,wamv/wamv/base_link,3,1.9812,1.3654,0.62793,2.0080,0.8674,0.58848
61,39.611,/received_global_plan,wamv/wamv/base_link,4,2.6923,1.7727,0.36150,2.7347,1.2463,0.32205
61,39.611,/received_global_plan,wamv/wamv/base_link,5,3.3773,2.0317,0.19763,3.4295,1.4781,0.15819
61,39.611,/received_global_plan,wamv/wamv/base_link,6,4.0628,2.1690,0.00020,4.1200,1.5883,-0.03924
61,39.611,/received_global_plan,wamv/wamv/base_link,7,4.7461,2.1691,-0.19008,4.8028,1.5615,-0.22952
61,39.611,/received_global_plan,wamv/wamv/base_link,8,5.4185,2.0397,-0.33707,5.4695,1.4057,-0.37651
61,39.611,/received_global_plan,wamv/wamv/base_link,9,6.0758,1.8094,-0.42518,6.1173,1.1496,-0.46463
61,39.611,/received_global_plan,wamv/wamv/base_link,10,6.7226,1.5165,-0.46662,6.7520,0.8314,-0.50606
61,39.611,/received_global_plan,wamv/wamv/base_link,11,7.3650,1.1930,-0.47342,7.3812,0.4828,-0.51287
61,39.611,/received_global_plan,wamv/wamv/base_link,12,8.0090,0.8631,-0.45188,8.0116,0.1277,-0.49132
61,39.611,/received_global_plan,wamv/wamv/base_link,13,8.6604,0.5469,-0.40786,8.6501,-0.2139,-0.44730
61,39.611,/received_global_plan,wamv/wamv/base_link,14,9.3241,0.2602,-0.36533,9.3019,-0.5266,-0.40478
61,39.611,/received_global_plan,wamv/wamv/base_link,15,9.9983,0.0023,0.00020,9.9654,-0.8109,-0.03925
62,39.711,/received_global_plan,wamv/wamv/base_link,0,-0.2131,0.3604,-0.00012,-0.2252,-0.0501,-0.03925
62,39.711,/received_global_plan,wamv/wamv/base_link,1,0.5947,0.4945,0.32899,0.5873,0.0522,0.28986
62,39.711,/received_global_plan,wamv/wamv/base_link,2,1.3165,0.8815,0.62761,1.3238,0.4107,0.58848
62,39.711,/received_global_plan,wamv/wamv/base_link,3,1.9823,1.3645,0.62761,2.0080,0.8674,0.58848
62,39.711,/received_global_plan,wamv/wamv/base_link,4,2.6935,1.7716,0.36118,2.7347,1.2463,0.32205
62,39.711,/received_global_plan,wamv/wamv/base_link,5,3.3786,2.0304,0.19732,3.4295,1.4781,0.15819
62,39.711,/received_global_plan,wamv/wamv/base_link,6,4.0642,2.1675,-0.00011,4.1200,1.5883,-0.03924
62,39.711,/received_global_plan,wamv/wamv/base_link,7,4.7475,2.1674,-0.19039,4.8028,1.5615,-0.22952
62,39.711,/received_global_plan,wamv/wamv/base_link,8,5.4198,2.0378,-0.33738,5.4695,1.4057,-0.37651
62,39.711,/received_global_plan,wamv/wamv/base_link,9,6.0771,1.8073,-0.42550,6.1173,1.1496,-0.46463
62,39.711,/received_global_plan,wamv/wamv/base_link,10,6.7238,1.5142,-0.46693,6.7520,0.8314,-0.50606
62,39.711,/received_global_plan,wamv/wamv/base_link,11,7.3661,1.1904,-0.47374,7.3812,0.4828,-0.51287
62,39.711,/received_global_plan,wamv/wamv/base_link,12,8.0100,0.8603,-0.45219,8.0116,0.1277,-0.49132
62,39.711,/received_global_plan,wamv/wamv/base_link,13,8.6613,0.5440,-0.40817,8.6501,-0.2139,-0.44730
62,39.711,/received_global_plan,wamv/wamv/base_link,14,9.3248,0.2570,-0.36565,9.3019,-0.5266,-0.40478
62,39.711,/received_global_plan,wamv/wamv/base_link,15,9.9990,-0.0011,-0.00012,9.9654,-0.8109,-0.03925
63,39.811,/received_global_plan,wamv/wamv/base_link,0,-0.2133,0.3602,-0.00043,-0.2415,-0.0545,-0.04595
63,39.811,/received_global_plan,wamv/wamv/base_link,1,0.5946,0.4940,0.32866,0.5717,0.0424,0.28315
63,39.811,/received_global_plan,wamv/wamv/base_link,2,1.3166,0.8808,0.62729,1.3106,0.3959,0.58177
63,39.811,/received_global_plan,wamv/wamv/base_link,3,1.9826,1.3636,0.62729,1.9979,0.8480,0.58177
63,39.811,/received_global_plan,wamv/wamv/base_link,4,2.6939,1.7705,0.36086,2.7271,1.2221,0.31535
63,39.811,/received_global_plan,wamv/wamv/base_link,5,3.3792,2.0291,0.19700,3.4234,1.4492,0.15148
63,39.811,/received_global_plan,wamv/wamv/base_link,6,4.0648,2.1659,-0.00043,4.1147,1.5547,-0.04594
63,39.811,/received_global_plan,wamv/wamv/base_link,7,4.7481,2.1656,-0.19071,4.7973,1.5233,-0.23622
63,39.811,/received_global_plan,wamv/wamv/base_link,8,5.4204,2.0358,-0.33770,5.4630,1.3631,-0.38321
63,39.811,/received_global_plan,wamv/wamv/base_link,9,6.0776,1.8051,-0.42581,6.1090,1.1027,-0.47133
63,39.811,/received_global_plan,wamv/wamv/base_link,10,6.7242,1.5118,-0.46725,6.7416,0.7803,-0.51276
63,39.811,/received_global_plan,wamv/wamv/base_link,11,7.3665,1.1878,-0.47405,7.3684,0.4274,-0.51957
63,39.811,/received_global_plan,wamv/wamv/base_link,12,8.0102,0.8575,-0.45251,7.9965,0.0681,-0.49802
63,39.811,/received_global_plan,wamv/wamv/base_link,13,8.6615,0.5410,-0.40849,8.6326,-0.2778,-0.45400
63,39.811,/received_global_plan,wamv/wamv/base_link,14,9.3250,0.2538,-0.36596,9.2824,-0.5948,-0.41148
63,39.811,/received_global_plan,wamv/wamv/base_link,15,9.9990,-0.0045,-0.00043,9.9440,-0.8835,-0.04595
64,39.911,/received_global_plan,wamv/wamv/base_link,0,-0.2148,0.3609,0.00034,-0.2486,-0.0517,-0.04235
64,39.911,/received_global_plan,wamv/wamv/base_link,1,0.5930,0.4953,0.32944,0.5643,0.0481,0.28675
64,39.911,/received_global_plan,wamv/wamv/base_link,2,1.3146,0.8826,0.62807,1.3018,0.4043,0.58538
64,39.911,/received_global_plan,wamv/wamv/base_link,3,1.9802,1.3660,0.62807,1.9875,0.8589,0.58538
64,39.911,/received_global_plan,wamv/wamv/base_link,4,2.6912,1.7733,0.36164,2.7154,1.2355,0.31895
64,39.911,/received_global_plan,wamv/wamv/base_link,5,3.3761,2.0325,0.19777,3.4109,1.4652,0.15508
64,39.911,/received_global_plan,wamv/wamv/base_link,6,4.0617,2.1698,0.00034,4.1017,1.5732,-0.04235
64,39.911,/received_global_plan,wamv/wamv/base_link,7,4.7450,2.1701,-0.18993,4.7844,1.5443,-0.23262
64,39.911,/received_global_plan,wamv/wamv/base_link,8,5.4173,2.0408,-0.33693,5.4507,1.3864,-0.37962
64,39.911,/received_global_plan,wamv/wamv/base_link,9,6.0747,1.8106,-0.42504,6.0976,1.1283,-0.46773
64,39.911,/received_global_plan,wamv/wamv/base_link,10,6.7216,1.5178,-0.46648,6.7314,0.8082,-0.50917
64,39.911,/received_global_plan,wamv/wamv/base_link,11,7.3640,1.1943,-0.47328,7.3594,0.4576,-0.51597
64,39.911,/received_global_plan,wamv/wamv/base_link,12,8.0080,0.8645,-0.45174,7.9888,0.1006,-0.49443
64,39.911,/received_global_plan,wamv/wamv/base_link,13,8.6595,0.5485,-0.40772,8.6262,-0.2430,-0.45041
64,39.911,/received_global_plan,wamv/wamv/base_link,14,9.3232,0.2618,-0.36519,9.2770,-0.5578,-0.40788
64,39.911,/received_global_plan,wamv/wamv/base_link,15,9.9974,0.0041,0.00034,9.9397,-0.8441,-0.04235
65,40.011,/received_global_plan,wamv/wamv/base_link,0,-0.2137,0.3605,-0.00069,-0.2493,-0.0508,-0.04452
65,40.011,/received_global_plan,wamv/wamv/base_link,1,0.5942,0.4941,0.32841,0.5638,0.0472,0.28457
65,40.011,/received_global_plan,wamv/wamv/base_link,2,1.3162,0.8807,0.62704,1.3022,0.4018,0.58320
65,40.011,/received_global_plan,wamv/wamv/base_link,3,1.9823,1.3634,0.62704,1.9888,0.8549,0.58320
65,40.011,/received_global_plan,wamv/wamv/base_link,4,2.6938,1.7700,0.36061,2.7175,1.2300,0.31677
65,40.011,/received_global_plan,wamv/wamv/base_link,5,3.3790,2.0284,0.19675,3.4135,1.4581,0.15291
65,40.011,/received_global_plan,wamv/wamv/base_link,6,4.0647,2.1651,-0.00068,4.1045,1.5646,-0.04452
65,40.011,/received_global_plan,wamv/wamv/base_link,7,4.7480,2.1646,-0.19096,4.7872,1.5342,-0.23480
65,40.011,/received_global_plan,wamv/wamv/base_link,8,5.4202,2.0347,-0.33795,5.4531,1.3749,-0.38179
65,40.011,/received_global_plan,wamv/wamv/base_link,9,6.0774,1.8037,-0.42607,6.0995,1.1154,-0.46990
65,40.011,/received_global_plan,wamv/wamv/base_link,10,6.7239,1.5103,-0.46750,6.7326,0.7939,-0.51134
65,40.011,/received_global_plan,wamv/wamv/base_link,11,7.3661,1.1862,-0.47431,7.3599,0.4419,-0.51815
65,40.011,/received_global_plan,wamv/wamv/base_link,12,8.0097,0.8557,-0.45276,7.9885,0.0835,-0.49660
65,40.011,/received_global_plan,wamv/wamv/base_link,13,8.6609,0.5390,-0.40874,8.6251,-0.2615,-0.45258
65,40.011,/received_global_plan,wamv/wamv/base_link,14,9.3243,0.2517,-0.36622,9.2753,-0.5776,-0.41005
65,40.011,/received_global_plan,wamv/wamv/base_link,15,9.9983,-0.0068,-0.00069,9.9373,-0.8654,-0.04452
66,40.111,/received_global_plan,wamv/wamv/base_link,0,-0.2134,0.3606,-0.00034,-0.2625,-0.0559,-0.04790
66,40.111,/received_global_plan,wamv/wamv/base_link,1,0.5945,0.4944,0.32875,0.5509,0.0395,0.28120
66,40.111,/received_global_plan,wamv/wamv/base_link,2,1.3164,0.8813,0.62737,1.2905,0.3916,0.57982
66,40.111,/received_global_plan,wamv/wamv/base_link,3,1.9823,1.3642,0.62737,1.9787,0.8423,0.57982
66,40.111,/received_global_plan,wamv/wamv/base_link,4,2.6937,1.7710,0.36095,2.7086,1.2149,0.31339
66,40.111,/received_global_plan,wamv/wamv/base_link,5,3.3789,2.0297,0.19709,3.4054,1.4407,0.14953
66,40.111,/received_global_plan,wamv/wamv/base_link,6,4.0645,2.1666,-0.00034,4.0968,1.5449,-0.04790
66,40.111,/received_global_plan,wamv/wamv/base_link,7,4.7478,2.1664,-0.19062,4.7794,1.5122,-0.23817
66,40.111,/received_global_plan,wamv/wamv/base_link,8,5.4201,2.0367,-0.33761,5.4447,1.3506,-0.38516
66,40.111,/received_global_plan,wamv/wamv/base_link,9,6.0774,1.8059,-0.42572,6.0903,1.0889,-0.47328
66,40.111,/received_global_plan,wamv/wamv/base_link,10,6.7240,1.5127,-0.46716,6.7223,0.7653,-0.51471
66,40.111,/received_global_plan,wamv/wamv/base_link,11,7.3663,1.1888,-0.47396,7.3484,0.4112,-0.52152
66,40.111,/received_global_plan,wamv/wamv/base_link,12,8.0101,0.8586,-0.45241,7.9757,0.0507,-0.49997
66,40.111,/received_global_plan,wamv/wamv/base_link,13,8.6613,0.5421,-0.40840,8.6112,-0.2964,-0.45595
66,40.111,/received_global_plan,wamv/wamv/base_link,14,9.3249,0.2550,-0.36587,9.2603,-0.6148,-0.41343
66,40.111,/received_global_plan,wamv/wamv/base_link,15,9.9989,-0.0033,-0.00034,9.9214,-0.9048,-0.04790
67,40.211,/received_global_plan,wamv/wamv/base_link,0,-0.2145,0.3607,0.00030,-0.2684,-0.0532,-0.04539
67,40.211,/received_global_plan,wamv/wamv/base_link,1,0.5933,0.4951,0.32941,0.5447,0.0442,0.28371
67,40.211,/received_global_plan,wamv/wamv/base_link,2,1.3150,0.8824,0.62803,1.2834,0.3982,0.58234
67,40.211,/received_global_plan,wamv/wamv/base_link,3,1.9806,1.3658,0.62803,1.9704,0.8506,0.58234
67,40.211,/received_global_plan,wamv/wamv/base_link,4,2.6916,1.7731,0.36160,2.6994,1.2250,0.31591
67,40.211,/received_global_plan,wamv/wamv/base_link,5,3.3766,2.0322,0.19774,3.3956,1.4526,0.15204
67,40.211,/received_global_plan,wamv/wamv/base_link,6,4.0621,2.1696,0.00031,4.0868,1.5585,-0.04539
67,40.211,/received_global_plan,wamv/wamv/base_link,7,4.7454,2.1698,-0.18997,4.7694,1.5275,-0.23567
67,40.211,/received_global_plan,wamv/wamv/base_link,8,5.4178,2.0405,-0.33697,5.4352,1.3676,-0.38266
67,40.211,/received_global_plan,wamv/wamv/base_link,9,6.0751,1.8102,-0.42508,6.0813,1.1075,-0.47078
67,40.211,/received_global_plan,wamv/wamv/base_link,10,6.7220,1.5174,-0.46652,6.7141,0.7855,-0.51221
67,40.211,/received_global_plan,wamv/wamv/base_link,11,7.3644,1.1939,-0.47332,7.3411,0.4329,-0.51902
67,40.211,/received_global_plan,wamv/wamv/base_link,12,8.0084,0.8641,-0.45177,7.9694,0.0740,-0.49747
67,40.211,/received_global_plan,wamv/wamv/base_link,13,8.6599,0.5480,-0.40776,8.6057,-0.2715,-0.45345
67,40.211,/received_global_plan,wamv/wamv/base_link,14,9.3236,0.2613,-0.36523,9.2556,-0.5882,-0.41093
67,40.211,/received_global_plan,wamv/wamv/base_link,15,9.9978,0.0035,0.00030,9.9174,-0.8766,-0.04539
68,40.310,/received_global_plan,wamv/wamv/base_link,0,-0.2132,0.3604,-0.00011,-0.2684,-0.0532,-0.04539
68,40.310,/received_global_plan,wamv/wamv/base_link,1,0.5947,0.4945,0.32899,0.5447,0.0442,0.28371
68,40.310,/received_global_plan,wamv/wamv/base_link,2,1.3165,0.8815,0.62762,1.2834,0.3982,0.58234
68,40.310,/received_global_plan,wamv/wamv/base_link,3,1.9823,1.3645,0.62762,1.9704,0.8506,0.58234
68,40.310,/received_global_plan,wamv/wamv/base_link,4,2.6935,1.7716,0.36119,2.6994,1.2250,0.31591
68,40.310,/received_global_plan,wamv/wamv/base_link,5,3.3786,2.0304,0.19733,3.3956,1.4526,0.15204
68,40.310,/received_global_plan,wamv/wamv/base_link,6,4.0642,2.1675,-0.00010,4.0868,1.5585,-0.04539
68,40.310,/received_global_plan,wamv/wamv/base_link,7,4.7475,2.1674,-0.19038,4.7694,1.5275,-0.23567
68,40.310,/received_global_plan,wamv/wamv/base_link,8,5.4198,2.0378,-0.33738,5.4352,1.3676,-0.38266
68,40.310,/received_global_plan,wamv/wamv/base_link,9,6.0771,1.8073,-0.42549,6.0813,1.1075,-0.47078
68,40.310,/received_global_plan,wamv/wamv/base_link,10,6.7238,1.5142,-0.46693,6.7141,0.7855,-0.51221
68,40.310,/received_global_plan,wamv/wamv/base_link,11,7.3661,1.1905,-0.47373,7.3411,0.4329,-0.51902
68,40.310,/received_global_plan,wamv/wamv/base_link,12,8.0100,0.8604,-0.45219,7.9694,0.0740,-0.49747
68,40.310,/received_global_plan,wamv/wamv/base_link,13,8.6613,0.5440,-0.40817,8.6057,-0.2715,-0.45345
68,40.310,/received_global_plan,wamv/wamv/base_link,14,9.3249,0.2571,-0.36564,9.2556,-0.5882,-0.41093
68,40.310,/received_global_plan,wamv/wamv/base_link,15,9.9990,-0.0010,-0.00011,9.9174,-0.8766,-0.04539
69,40.411,/received_global_plan,wamv/wamv/base_link,0,-0.2177,0.3583,-0.00076,-0.2809,-0.0548,-0.04976
69,40.411,/received_global_plan,wamv/wamv/base_link,1,0.5902,0.4918,0.32834,0.5327,0.0390,0.27934
69,40.411,/received_global_plan,wamv/wamv/base_link,2,1.3123,0.8784,0.62697,1.2729,0.3898,0.57796
69,40.411,/received_global_plan,wamv/wamv/base_link,3,1.9784,1.3610,0.62697,1.9620,0.8392,0.57796
69,40.411,/received_global_plan,wamv/wamv/base_link,4,2.6899,1.7676,0.36054,2.6926,1.2105,0.31154
69,40.411,/received_global_plan,wamv/wamv/base_link,5,3.3752,2.0260,0.19668,3.3898,1.4350,0.14767
69,40.411,/received_global_plan,wamv/wamv/base_link,6,4.0609,2.1626,-0.00075,4.0814,1.5378,-0.04976
69,40.411,/received_global_plan,wamv/wamv/base_link,7,4.7442,2.1621,-0.19103,4.7639,1.5039,-0.24004
69,40.411,/received_global_plan,wamv/wamv/base_link,8,5.4165,2.0321,-0.33802,5.4290,1.3411,-0.38703
69,40.411,/received_global_plan,wamv/wamv/base_link,9,6.0736,1.8011,-0.42614,6.0740,1.0782,-0.47515
69,40.411,/received_global_plan,wamv/wamv/base_link,10,6.7201,1.5076,-0.46758,6.7054,0.7534,-0.51658
69,40.411,/received_global_plan,wamv/wamv/base_link,11,7.3622,1.1834,-0.47438,7.3308,0.3981,-0.52339
69,40.411,/received_global_plan,wamv/wamv/base_link,12,8.0059,0.8529,-0.45284,7.9575,0.0364,-0.50184
69,40.411,/received_global_plan,wamv/wamv/base_link,13,8.6570,0.5362,-0.40882,8.5923,-0.3119,-0.45782
69,40.411,/received_global_plan,wamv/wamv/base_link,14,9.3204,0.2488,-0.36629,9.2408,-0.6314,-0.41530
69,40.411,/received_global_plan,wamv/wamv/base_link,15,9.9944,-0.0097,-0.00076,9.9013,-0.9227,-0.04976
70,40.511,/received_global_plan,wamv/wamv/base_link,0,-0.2137,0.3611,-0.00021,-0.2870,-0.0580,-0.05045
70,40.511,/received_global_plan,wamv/wamv/base_link,1,0.5942,0.4951,0.32889,0.5266,0.0353,0.27865
70,40.511,/received_global_plan,wamv/wamv/base_link,2,1.3160,0.8820,0.62752,1.2671,0.3855,0.57728
70,40.511,/received_global_plan,wamv/wamv/base_link,3,1.9818,1.3650,0.62752,1.9564,0.8344,0.57728
70,40.511,/received_global_plan,wamv/wamv/base_link,4,2.6931,1.7719,0.36109,2.6873,1.2052,0.31085
70,40.511,/received_global_plan,wamv/wamv/base_link,5,3.3782,2.0307,0.19722,3.3846,1.4292,0.14698
70,40.511,/received_global_plan,wamv/wamv/base_link,6,4.0638,2.1677,-0.00021,4.0763,1.5316,-0.05045
70,40.511,/received_global_plan,wamv/wamv/base_link,7,4.7470,2.1675,-0.19049,4.7587,1.4972,-0.24073
70,40.511,/received_global_plan,wamv/wamv/base_link,8,5.4193,2.0379,-0.33748,5.4237,1.3339,-0.38772
70,40.511,/received_global_plan,wamv/wamv/base_link,9,6.0766,1.8073,-0.42559,6.0685,1.0706,-0.47583
70,40.511,/received_global_plan,wamv/wamv/base_link,10,6.7233,1.5142,-0.46703,6.6997,0.7453,-0.51727
70,40.511,/received_global_plan,wamv/wamv/base_link,11,7.3655,1.1903,-0.47383,7.3249,0.3896,-0.52407
70,40.511,/received_global_plan,wamv/wamv/base_link,12,8.0094,0.8602,-0.45228,7.9513,0.0275,-0.50253
70,40.511,/received_global_plan,wamv/wamv/base_link,13,8.6607,0.5438,-0.40827,8.5859,-0.3212,-0.45851
70,40.511,/received_global_plan,wamv/wamv/base_link,14,9.3242,0.2568,-0.36574,9.2342,-0.6412,-0.41598
70,40.511,/received_global_plan,wamv/wamv/base_link,15,9.9983,-0.0014,-0.00021,9.8945,-0.9329,-0.05045
71,40.611,/received_global_plan,wamv/wamv/base_link,0,-0.2132,0.3604,-0.00011,-0.2916,-0.0562,-0.04832
71,40.611,/received_global_plan,wamv/wamv/base_link,1,0.5947,0.4944,0.32899,0.5218,0.0388,0.28078
71,40.611,/received_global_plan,wamv/wamv/base_link,2,1.3165,0.8815,0.62762,1.2616,0.3906,0.57940
71,40.611,/received_global_plan,wamv/wamv/base_link,3,1.9823,1.3645,0.62762,1.9499,0.8410,0.57940
71,40.611,/received_global_plan,wamv/wamv/base_link,4,2.6935,1.7716,0.36119,2.6800,1.2133,0.31297
71,40.611,/received_global_plan,wamv/wamv/base_link,5,3.3786,2.0304,0.19733,3.3769,1.4388,0.14911
71,40.611,/received_global_plan,wamv/wamv/base_link,6,4.0642,2.1675,-0.00010,4.0683,1.5427,-0.04832
71,40.611,/received_global_plan,wamv/wamv/base_link,7,4.7475,2.1674,-0.19038,4.7509,1.5097,-0.23860
71,40.611,/received_global_plan,wamv/wamv/base_link,8,5.4198,2.0378,-0.33738,5.4162,1.3479,-0.38559
71,40.611,/received_global_plan,wamv/wamv/base_link,9,6.0771,1.8073,-0.42549,6.0616,1.0859,-0.47371
71,40.611,/received_global_plan,wamv/wamv/base_link,10,6.7238,1.5142,-0.46693,6.6934,0.7620,-0.51514
71,40.611,/received_global_plan,wamv/wamv/base_link,11,7.3661,1.1904,-0.47373,7.3194,0.4076,-0.52195
71,40.611,/received_global_plan,wamv/wamv/base_link,12,8.0100,0.8604,-0.45219,7.9466,0.0468,-0.50040
71,40.611,/received_global_plan,wamv/wamv/base_link,13,8.6613,0.5440,-0.40817,8.5819,-0.3006,-0.45639
71,40.611,/received_global_plan,wamv/wamv/base_link,14,9.3249,0.2570,-0.36564,9.2309,-0.6192,-0.41386
71,40.611,/received_global_plan,wamv/wamv/base_link,15,9.9990,-0.0010,-0.00011,9.8918,-0.9095,-0.04832
72,40.710,/received_global_plan,wamv/wamv/base_link,0,-0.2132,0.3604,-0.00011,-0.2916,-0.0562,-0.04832
72,40.710,/received_global_plan,wamv/wamv/base_link,1,0.5947,0.4944,0.32899,0.5218,0.0388,0.28078
72,40.710,/received_global_plan,wamv/wamv/base_link,2,1.3165,0.8815,0.62762,1.2616,0.3906,0.57940
72,40.710,/received_global_plan,wamv/wamv/base_link,3,1.9823,1.3645,0.62762,1.9499,0.8410,0.57940
72,40.710,/received_global_plan,wamv/wamv/base_link,4,2.6935,1.7716,0.36119,2.6800,1.2133,0.31297
72,40.710,/received_global_plan,wamv/wamv/base_link,5,3.3786,2.0304,0.19733,3.3769,1.4388,0.14911
72,40.710,/received_global_plan,wamv/wamv/base_link,6,4.0642,2.1675,-0.00010,4.0683,1.5427,-0.04832
72,40.710,/received_global_plan,wamv/wamv/base_link,7,4.7475,2.1674,-0.19038,4.7509,1.5097,-0.23860
72,40.710,/received_global_plan,wamv/wamv/base_link,8,5.4198,2.0378,-0.33738,5.4162,1.3479,-0.38559
72,40.710,/received_global_plan,wamv/wamv/base_link,9,6.0771,1.8073,-0.42549,6.0616,1.0859,-0.47371
72,40.710,/received_global_plan,wamv/wamv/base_link,10,6.7238,1.5142,-0.46693,6.6934,0.7620,-0.51514
72,40.710,/received_global_plan,wamv/wamv/base_link,11,7.3661,1.1904,-0.47373,7.3194,0.4076,-0.52195
72,40.710,/received_global_plan,wamv/wamv/base_link,12,8.0100,0.8604,-0.45219,7.9466,0.0468,-0.50040
72,40.710,/received_global_plan,wamv/wamv/base_link,13,8.6613,0.5440,-0.40817,8.5819,-0.3006,-0.45639
72,40.710,/received_global_plan,wamv/wamv/base_link,14,9.3249,0.2570,-0.36564,9.2309,-0.6192,-0.41386
72,40.710,/received_global_plan,wamv/wamv/base_link,15,9.9990,-0.0010,-0.00011,9.8918,-0.9095,-0.04832
73,40.811,/received_global_plan,wamv/wamv/base_link,0,-0.2162,0.3580,-0.00076,-0.3080,-0.0597,-0.05405
73,40.811,/received_global_plan,wamv/wamv/base_link,1,0.5918,0.4915,0.32834,0.5059,0.0307,0.27504
73,40.811,/received_global_plan,wamv/wamv/base_link,2,1.3138,0.8781,0.62696,1.2477,0.3782,0.57367
73,40.811,/received_global_plan,wamv/wamv/base_link,3,1.9800,1.3607,0.62696,1.9386,0.8247,0.57367
73,40.811,/received_global_plan,wamv/wamv/base_link,4,2.6915,1.7673,0.36054,2.6709,1.1928,0.30724
73,40.811,/received_global_plan,wamv/wamv/base_link,5,3.3768,2.0257,0.19667,3.3690,1.4143,0.14338
73,40.811,/received_global_plan,wamv/wamv/base_link,6,4.0625,2.1623,-0.00076,4.0610,1.5142,-0.05405
73,40.811,/received_global_plan,wamv/wamv/base_link,7,4.7458,2.1618,-0.19103,4.7434,1.4773,-0.24433
73,40.811,/received_global_plan,wamv/wamv/base_link,8,5.4180,2.0318,-0.33803,5.4078,1.3117,-0.39132
73,40.811,/received_global_plan,wamv/wamv/base_link,9,6.0751,1.8008,-0.42614,6.0517,1.0460,-0.47944
73,40.811,/received_global_plan,wamv/wamv/base_link,10,6.7217,1.5073,-0.46758,6.6816,0.7185,-0.52087
73,40.811,/received_global_plan,wamv/wamv/base_link,11,7.3638,1.1831,-0.47439,7.3055,0.3605,-0.52768
73,40.811,/received_global_plan,wamv/wamv/base_link,12,8.0074,0.8526,-0.45284,7.9307,-0.0038,-0.50613
73,40.811,/received_global_plan,wamv/wamv/base_link,13,8.6586,0.5358,-0.40882,8.5640,-0.3548,-0.46211
73,40.811,/received_global_plan,wamv/wamv/base_link,14,9.3220,0.2484,-0.36629,9.2111,-0.6772,-0.41959
73,40.811,/received_global_plan,wamv/wamv/base_link,15,9.9959,-0.0101,-0.00076,9.8704,-0.9712,-0.05405
74,40.911,/received_global_plan,wamv/wamv/base_link,0,-0.2141,0.3610,-0.00012,-0.3128,-0.0589,-0.05434
74,40.911,/received_global_plan,wamv/wamv/base_link,1,0.5938,0.4951,0.32898,0.5012,0.0312,0.27476
74,40.911,/received_global_plan,wamv/wamv/base_link,2,1.3156,0.8821,0.62761,1.2430,0.3785,0.57339
74,40.911,/received_global_plan,wamv/wamv/base_link,3,1.9813,1.3651,0.62761,1.9340,0.8248,0.57339
74,40.911,/received_global_plan,wamv/wamv/base_link,4,2.6925,1.7721,0.36118,2.6664,1.1927,0.30695
74,40.911,/received_global_plan,wamv/wamv/base_link,5,3.3776,2.0309,0.19731,3.3645,1.4140,0.14309
74,40.911,/received_global_plan,wamv/wamv/base_link,6,4.0632,2.1680,-0.00012,4.0566,1.5137,-0.05434
74,40.911,/received_global_plan,wamv/wamv/base_link,7,4.7465,2.1679,-0.19039,4.7389,1.4766,-0.24462
74,40.911,/received_global_plan,wamv/wamv/base_link,8,5.4188,2.0384,-0.33739,5.4032,1.3108,-0.39161
74,40.911,/received_global_plan,wamv/wamv/base_link,9,6.0760,1.8078,-0.42550,6.0471,1.0449,-0.47973
74,40.911,/received_global_plan,wamv/wamv/base_link,10,6.7228,1.5147,-0.46693,6.6769,0.7172,-0.52116
74,40.911,/received_global_plan,wamv/wamv/base_link,11,7.3651,1.1910,-0.47374,7.3007,0.3591,-0.52797
74,40.911,/received_global_plan,wamv/wamv/base_link,12,8.0090,0.8609,-0.45219,7.9258,-0.0054,-0.50642
74,40.911,/received_global_plan,wamv/wamv/base_link,13,8.6603,0.5445,-0.40818,8.5590,-0.3567,-0.46240
74,40.911,/received_global_plan,wamv/wamv/base_link,14,9.3238,0.2576,-0.36565,9.2060,-0.6792,-0.41987
74,40.911,/received_global_plan,wamv/wamv/base_link,15,9.9980,-0.0005,-0.00012,9.8652,-0.9734,-0.05434
75,41.011,/received_global_plan,wamv/wamv/base_link,0,-0.2135,0.3611,-0.00244,-0.3280,-0.0589,-0.05738
75,41.011,/received_global_plan,wamv/wamv/base_link,1,0.5946,0.4933,0.32666,0.4863,0.0287,0.27172
75,41.011,/received_global_plan,wamv/wamv/base_link,2,1.3174,0.8786,0.62528,1.2291,0.3738,0.57034
75,41.011,/received_global_plan,wamv/wamv/base_link,3,1.9843,1.3601,0.62528,1.9216,0.8180,0.57034
75,41.011,/received_global_plan,wamv/wamv/base_link,4,2.6965,1.7655,0.35885,2.6550,1.1837,0.30392
75,41.011,/received_global_plan,wamv/wamv/base_link,5,3.3822,2.0227,0.19499,3.3539,1.4029,0.14006
75,41.011,/received_global_plan,wamv/wamv/base_link,6,4.0682,2.1582,-0.00244,4.0463,1.5005,-0.05737
75,41.011,/received_global_plan,wamv/wamv/base_link,7,4.7515,2.1565,-0.19271,4.7285,1.4613,-0.24765
75,41.011,/received_global_plan,wamv/wamv/base_link,8,5.4235,2.0254,-0.33971,5.3923,1.2935,-0.39464
75,41.011,/received_global_plan,wamv/wamv/base_link,9,6.0802,1.7933,-0.42782,6.0353,1.0257,-0.48276
75,41.011,/received_global_plan,wamv/wamv/base_link,10,6.7263,1.4987,-0.46926,6.6642,0.6961,-0.52419
75,41.011,/received_global_plan,wamv/wamv/base_link,11,7.3678,1.1735,-0.47607,7.2869,0.3360,-0.53100
75,41.011,/received_global_plan,wamv/wamv/base_link,12,8.0109,0.8419,-0.45452,7.9109,-0.0304,-0.50945
75,41.011,/received_global_plan,wamv/wamv/base_link,13,8.6615,0.5240,-0.41050,8.5430,-0.3835,-0.46543
75,41.011,/received_global_plan,wamv/wamv/base_link,14,9.3244,0.2355,-0.36797,9.1891,-0.7080,-0.42291
75,41.011,/received_global_plan,wamv/wamv/base_link,15,9.9980,-0.0242,-0.00244,9.8473,-1.0043,-0.05738
76,41.111,/received_global_plan,wamv/wamv/base_link,0,-0.2139,0.3605,0.00088,-0.3320,-0.0582,-0.05524
76,41.111,/received_global_plan,wamv/wamv/base_link,1,0.5938,0.4954,0.32998,0.4821,0.0312,0.27386
76,41.111,/received_global_plan,wamv/wamv/base_link,2,1.3152,0.8831,0.62861,1.2242,0.3779,0.57249
76,41.111,/received_global_plan,wamv/wamv/base_link,3,1.9805,1.3668,0.62861,1.9156,0.8235,0.57249
76,41.111,/received_global_plan,wamv/wamv/base_link,4,2.6913,1.7745,0.36218,2.6483,1.1908,0.30606
76,41.111,/received_global_plan,wamv/wamv/base_link,5,3.3761,2.0340,0.19831,3.3467,1.4114,0.14219
76,41.111,/received_global_plan,wamv/wamv/base_link,6,4.0616,2.1717,0.00088,4.0388,1.5105,-0.05523
76,41.111,/received_global_plan,wamv/wamv/base_link,7,4.7448,2.1723,-0.18939,4.7211,1.4728,-0.24551
76,41.111,/received_global_plan,wamv/wamv/base_link,8,5.4173,2.0434,-0.33639,5.3853,1.3064,-0.39250
76,41.111,/received_global_plan,wamv/wamv/base_link,9,6.0748,1.8136,-0.42450,6.0288,1.0400,-0.48062
76,41.111,/received_global_plan,wamv/wamv/base_link,10,6.7218,1.5211,-0.46593,6.6584,0.7117,-0.52205
76,41.111,/received_global_plan,wamv/wamv/base_link,11,7.3644,1.1980,-0.47274,7.2819,0.3530,-0.52886
76,41.111,/received_global_plan,wamv/wamv/base_link,12,8.0086,0.8686,-0.45119,7.9066,-0.0121,-0.50731
76,41.111,/received_global_plan,wamv/wamv/base_link,13,8.6602,0.5529,-0.40718,8.5395,-0.3639,-0.46329
76,41.111,/received_global_plan,wamv/wamv/base_link,14,9.3241,0.2666,-0.36465,9.1863,-0.6869,-0.42077
76,41.111,/received_global_plan,wamv/wamv/base_link,15,9.9985,0.0092,0.00088,9.8452,-0.9818,-0.05524
77,41.211,/received_global_plan,wamv/wamv/base_link,0,-0.2133,0.3601,0.00007,-0.3431,-0.0576,-0.05956
77,41.211,/received_global_plan,wamv/wamv/base_link,1,0.5945,0.4943,0.32917,0.4714,0.0282,0.26953
77,41.211,/received_global_plan,wamv/wamv/base_link,2,1.3163,0.8814,0.62779,1.2150,0.3716,0.56815
77,41.211,/received_global_plan,wamv/wamv/base_link,3,1.9821,1.3646,0.62779,1.9084,0.8143,0.56815
77,41.211,/received_global_plan,wamv/wamv/base_link,4,2.6932,1.7718,0.36136,2.6427,1.1784,0.30173
77,41.211,/received_global_plan,wamv/wamv/base_link,5,3.3783,2.0307,0.19750,3.3420,1.3961,0.13787
77,41.211,/received_global_plan,wamv/wamv/base_link,6,4.0639,2.1679,0.00008,4.0346,1.4922,-0.05956
77,41.211,/received_global_plan,wamv/wamv/base_link,7,4.7473,2.1679,-0.19020,4.7167,1.4515,-0.24983
77,41.211,/received_global_plan,wamv/wamv/base_link,8,5.4196,2.0385,-0.33719,5.3802,1.2822,-0.39682
77,41.211,/received_global_plan,wamv/wamv/base_link,9,6.0769,1.8081,-0.42530,6.0226,1.0130,-0.48494
77,41.211,/received_global_plan,wamv/wamv/base_link,10,6.7237,1.5151,-0.46674,6.6508,0.6820,-0.52637
77,41.211,/received_global_plan,wamv/wamv/base_link,11,7.3661,1.1915,-0.47354,7.2727,0.3206,-0.53318
77,41.211,/received_global_plan,wamv/wamv/base_link,12,8.0101,0.8615,-0.45200,7.8959,-0.0472,-0.51163
77,41.211,/received_global_plan,wamv/wamv/base_link,13,8.6615,0.5453,-0.40798,8.5272,-0.4017,-0.46761
77,41.211,/received_global_plan,wamv/wamv/base_link,14,9.3251,0.2585,-0.36545,9.1726,-0.7276,-0.42509
77,41.211,/received_global_plan,wamv/wamv/base_link,15,9.9993,0.0005,0.00007,9.8302,-1.0252,-0.05956
78,41.311,/received_global_plan,wamv/wamv/base_link,0,-0.2144,0.3602,0.00203,-0.3472,-0.0569,-0.05532
78,41.311,/received_global_plan,wamv/wamv/base_link,1,0.5931,0.4960,0.33113,0.4669,0.0323,0.27378
78,41.311,/received_global_plan,wamv/wamv/base_link,2,1.3141,0.8846,0.62976,1.2090,0.3789,0.57240
78,41.311,/received_global_plan,wamv/wamv/base_link,3,1.9789,1.3690,0.62976,1.9005,0.8245,0.57240
78,41.311,/received_global_plan,wamv/wamv/base_link,4,2.6892,1.7776,0.36333,2.6332,1.1917,0.30597
78,41.311,/received_global_plan,wamv/wamv/base_link,5,3.3737,2.0379,0.19947,3.3316,1.4123,0.14211
78,41.311,/received_global_plan,wamv/wamv/base_link,6,4.0590,2.1764,0.00204,4.0238,1.5114,-0.05532
78,41.311,/received_global_plan,wamv/wamv/base_link,7,4.7423,2.1778,-0.18824,4.7061,1.4736,-0.24560
78,41.311,/received_global_plan,wamv/wamv/base_link,8,5.4149,2.0497,-0.33523,5.3702,1.3071,-0.39259
78,41.311,/received_global_plan,wamv/wamv/base_link,9,6.0727,1.8206,-0.42335,6.0138,1.0406,-0.48071
78,41.311,/received_global_plan,wamv/wamv/base_link,10,6.7200,1.5289,-0.46478,6.6433,0.7123,-0.52214
78,41.311,/received_global_plan,wamv/wamv/base_link,11,7.3630,1.2065,-0.47159,7.2668,0.3536,-0.52895
78,41.311,/received_global_plan,wamv/wamv/base_link,12,8.0076,0.8778,-0.45004,7.8915,-0.0116,-0.50740
78,41.311,/received_global_plan,wamv/wamv/base_link,13,8.6596,0.5629,-0.40602,8.5243,-0.3634,-0.46338
78,41.311,/received_global_plan,wamv/wamv/base_link,14,9.3238,0.2773,-0.36350,9.1711,-0.6866,-0.42086
78,41.311,/received_global_plan,wamv/wamv/base_link,15,9.9985,0.0207,0.00203,9.8299,-0.9815,-0.05532
79,41.412,/received_global_plan,wamv/wamv/base_link,0,-0.2155,0.3596,-0.00062,-0.3553,-0.0563,-0.05903
79,41.412,/received_global_plan,wamv/wamv/base_link,1,0.5925,0.4932,0.32848,0.4591,0.0299,0.27007
79,41.412,/received_global_plan,wamv/wamv/base_link,2,1.3145,0.8799,0.62710,1.2026,0.3738,0.56869
79,41.412,/received_global_plan,wamv/wamv/base_link,3,1.9806,1.3626,0.62710,1.8957,0.8168,0.56869
79,41.412,/received_global_plan,wamv/wamv/base_link,4,2.6920,1.7693,0.36067,2.6298,1.1813,0.30226
79,41.412,/received_global_plan,wamv/wamv/base_link,5,3.3773,2.0277,0.19681,3.3290,1.3993,0.13840
79,41.412,/received_global_plan,wamv/wamv/base_link,6,4.0630,2.1644,-0.00062,4.0216,1.4958,-0.05903
79,41.412,/received_global_plan,wamv/wamv/base_link,7,4.7463,2.1640,-0.19089,4.7037,1.4555,-0.24930
79,41.412,/received_global_plan,wamv/wamv/base_link,8,5.4185,2.0341,-0.33789,5.3673,1.2865,-0.39630
79,41.412,/received_global_plan,wamv/wamv/base_link,9,6.0757,1.8032,-0.42600,6.0098,1.0177,-0.48441
79,41.412,/received_global_plan,wamv/wamv/base_link,10,6.7223,1.5098,-0.46744,6.6382,0.6870,-0.52585
79,41.412,/received_global_plan,wamv/wamv/base_link,11,7.3644,1.1857,-0.47424,7.2603,0.3259,-0.53265
79,41.412,/received_global_plan,wamv/wamv/base_link,12,8.0082,0.8553,-0.45270,7.8836,-0.0415,-0.51111
79,41.412,/received_global_plan,wamv/wamv/base_link,13,8.6593,0.5387,-0.40868,8.5152,-0.3957,-0.46709
79,41.412,/received_global_plan,wamv/wamv/base_link,14,9.3228,0.2514,-0.36615,9.1607,-0.7212,-0.42456
79,41.412,/received_global_plan,wamv/wamv/base_link,15,9.9968,-0.0071,-0.00062,9.8185,-1.0186,-0.05903
80,41.511,/received_global_plan,wamv/wamv/base_link,0,-0.2134,0.3604,0.00051,-0.3593,-0.0550,-0.06206
80,41.511,/received_global_plan,wamv/wamv/base_link,1,0.5944,0.4950,0.32961,0.4553,0.0288,0.26704
80,41.511,/received_global_plan,wamv/wamv/base_link,2,1.3159,0.8824,0.62824,1.1998,0.3704,0.56568
80,41.511,/received_global_plan,wamv/wamv/base_link,3,1.9814,1.3659,0.62824,1.8943,0.8113,0.56568
80,41.511,/received_global_plan,wamv/wamv/base_link,4,2.6923,1.7734,0.36181,2.6294,1.1735,0.29924
80,41.511,/received_global_plan,wamv/wamv/base_link,5,3.3773,2.0326,0.19795,3.3293,1.3895,0.13538
80,41.511,/received_global_plan,wamv/wamv/base_link,6,4.0628,2.1701,0.00051,4.0221,1.4838,-0.06205
80,41.511,/received_global_plan,wamv/wamv/base_link,7,4.7460,2.1705,-0.18976,4.7041,1.4414,-0.25233
80,41.511,/received_global_plan,wamv/wamv/base_link,8,5.4184,2.0413,-0.33675,5.3671,1.2705,-0.39932
80,41.511,/received_global_plan,wamv/wamv/base_link,9,6.0758,1.8112,-0.42487,6.0089,0.9997,-0.48744
80,41.511,/received_global_plan,wamv/wamv/base_link,10,6.7227,1.5185,-0.46630,6.6362,0.6671,-0.52887
80,41.511,/received_global_plan,wamv/wamv/base_link,11,7.3653,1.1951,-0.47311,7.2572,0.3042,-0.53568
80,41.511,/received_global_plan,wamv/wamv/base_link,12,8.0093,0.8655,-0.45156,7.8794,-0.0651,-0.51413
80,41.511,/received_global_plan,wamv/wamv/base_link,13,8.6609,0.5495,-0.40754,8.5099,-0.4212,-0.47011
80,41.511,/received_global_plan,wamv/wamv/base_link,14,9.3246,0.2630,-0.36502,9.1544,-0.7487,-0.42759
80,41.511,/received_global_plan,wamv/wamv/base_link,15,9.9989,0.0053,0.00051,9.8113,-1.0480,-0.06206
81,41.610,/received_global_plan,wamv/wamv/base_link,0,-0.2132,0.3603,-0.00009,-0.3625,-0.0547,-0.05801
81,41.610,/received_global_plan,wamv/wamv/base_link,1,0.5946,0.4944,0.32901,0.4518,0.0323,0.27109
81,41.610,/received_global_plan,wamv/wamv/base_link,2,1.3165,0.8815,0.62763,1.1949,0.3770,0.56971
81,41.610,/received_global_plan,wamv/wamv/base_link,3,1.9823,1.3645,0.62763,1.8877,0.8207,0.56971
81,41.610,/received_global_plan,wamv/wamv/base_link,4,2.6935,1.7716,0.36121,2.6213,1.1859,0.30329
81,41.610,/received_global_plan,wamv/wamv/base_link,5,3.3786,2.0304,0.19734,3.3203,1.4047,0.13942
81,41.610,/received_global_plan,wamv/wamv/base_link,6,4.0642,2.1675,-0.00009,4.0128,1.5019,-0.05801
81,41.610,/received_global_plan,wamv/wamv/base_link,7,4.7475,2.1674,-0.19037,4.6950,1.4622,-0.24829
81,41.610,/received_global_plan,wamv/wamv/base_link,8,5.4198,2.0379,-0.33737,5.3587,1.2940,-0.39528
81,41.610,/received_global_plan,wamv/wamv/base_link,9,6.0771,1.8073,-0.42548,6.0015,1.0258,-0.48340
81,41.610,/received_global_plan,wamv/wamv/base_link,10,6.7238,1.5143,-0.46692,6.6302,0.6957,-0.52484
81,41.610,/received_global_plan,wamv/wamv/base_link,11,7.3661,1.1905,-0.47373,7.2527,0.3353,-0.53164
81,41.610,/received_global_plan,wamv/wamv/base_link,12,8.0100,0.8604,-0.45218,7.8764,-0.0315,-0.51009
81,41.610,/received_global_plan,wamv/wamv/base_link,13,8.6613,0.5441,-0.40816,8.5083,-0.3850,-0.46608
81,41.610,/received_global_plan,wamv/wamv/base_link,14,9.3249,0.2571,-0.36563,9.1541,-0.7099,-0.42355
81,41.610,/received_global_plan,wamv/wamv/base_link,15,9.9990,-0.0010,-0.00009,9.8122,-1.0066,-0.05801
82,41.711,/received_global_plan,wamv/wamv/base_link,0,-0.2132,0.3603,-0.00009,-0.3625,-0.0547,-0.05801
82,41.711,/received_global_plan,wamv/wamv/base_link,1,0.5946,0.4944,0.32901,0.4518,0.0323,0.27109
82,41.711,/received_global_plan,wamv/wamv/base_link,2,1.3165,0.8815,0.62763,1.1949,0.3770,0.56971
82,41.711,/received_global_plan,wamv/wamv/base_link,3,1.9823,1.3645,0.62763,1.8877,0.8207,0.56971
82,41.711,/received_global_plan,wamv/wamv/base_link,4,2.6935,1.7716,0.36121,2.6213,1.1859,0.30329
82,41.711,/received_global_plan,wamv/wamv/base_link,5,3.3786,2.0304,0.19734,3.3203,1.4047,0.13942
82,41.711,/received_global_plan,wamv/wamv/base_link,6,4.0642,2.1675,-0.00009,4.0128,1.5019,-0.05801
82,41.711,/received_global_plan,wamv/wamv/base_link,7,4.7475,2.1674,-0.19037,4.6950,1.4622,-0.24829
82,41.711,/received_global_plan,wamv/wamv/base_link,8,5.4198,2.0379,-0.33737,5.3587,1.2940,-0.39528
82,41.711,/received_global_plan,wamv/wamv/base_link,9,6.0771,1.8073,-0.42548,6.0015,1.0258,-0.48340
82,41.711,/received_global_plan,wamv/wamv/base_link,10,6.7238,1.5143,-0.46692,6.6302,0.6957,-0.52484
82,41.711,/received_global_plan,wamv/wamv/base_link,11,7.3661,1.1905,-0.47373,7.2527,0.3353,-0.53164
82,41.711,/received_global_plan,wamv/wamv/base_link,12,8.0100,0.8604,-0.45218,7.8764,-0.0315,-0.51009
82,41.711,/received_global_plan,wamv/wamv/base_link,13,8.6613,0.5441,-0.40816,8.5083,-0.3850,-0.46608
82,41.711,/received_global_plan,wamv/wamv/base_link,14,9.3249,0.2571,-0.36563,9.1541,-0.7099,-0.42355
82,41.711,/received_global_plan,wamv/wamv/base_link,15,9.9990,-0.0010,-0.00009,9.8122,-1.0066,-0.05801
83,41.811,/received_global_plan,wamv/wamv/base_link,0,-0.2163,0.3585,-0.00079,-0.3745,-0.0557,-0.06394
83,41.811,/received_global_plan,wamv/wamv/base_link,1,0.5917,0.4920,0.32830,0.4403,0.0266,0.26516
83,41.811,/received_global_plan,wamv/wamv/base_link,2,1.3138,0.8785,0.62693,1.1854,0.3668,0.56378
83,41.811,/received_global_plan,wamv/wamv/base_link,3,1.9799,1.3611,0.62693,1.8808,0.8064,0.56378
83,41.811,/received_global_plan,wamv/wamv/base_link,4,2.6915,1.7677,0.36050,2.6166,1.1673,0.29735
83,41.811,/received_global_plan,wamv/wamv/base_link,5,3.3768,2.0260,0.19664,3.3169,1.3819,0.13349
83,41.811,/received_global_plan,wamv/wamv/base_link,6,4.0625,2.1626,-0.00079,4.0099,1.4749,-0.06394
83,41.811,/received_global_plan,wamv/wamv/base_link,7,4.7458,2.1621,-0.19107,4.6919,1.4313,-0.25421
83,41.811,/received_global_plan,wamv/wamv/base_link,8,5.4180,2.0321,-0.33806,5.3546,1.2591,-0.40121
83,41.811,/received_global_plan,wamv/wamv/base_link,9,6.0752,1.8011,-0.42617,5.9958,0.9871,-0.48932
83,41.811,/received_global_plan,wamv/wamv/base_link,10,6.7217,1.5076,-0.46761,6.6225,0.6533,-0.53076
83,41.811,/received_global_plan,wamv/wamv/base_link,11,7.3638,1.1834,-0.47442,7.2429,0.2892,-0.53757
83,41.811,/received_global_plan,wamv/wamv/base_link,12,8.0075,0.8529,-0.45287,7.8644,-0.0813,-0.51602
83,41.811,/received_global_plan,wamv/wamv/base_link,13,8.6586,0.5361,-0.40885,8.4942,-0.4386,-0.47200
83,41.811,/received_global_plan,wamv/wamv/base_link,14,9.3220,0.2487,-0.36632,9.1381,-0.7673,-0.42947
83,41.811,/received_global_plan,wamv/wamv/base_link,15,9.9959,-0.0099,-0.00079,9.7944,-1.0678,-0.06394
84,41.911,/received_global_plan,wamv/wamv/base_link,0,-0.2139,0.3607,0.00026,-0.3798,-0.0533,-0.06428
84,41.911,/received_global_plan,wamv/wamv/base_link,1,0.5939,0.4950,0.32936,0.4351,0.0287,0.26482
84,41.911,/received_global_plan,wamv/wamv/base_link,2,1.3156,0.8823,0.62799,1.1803,0.3686,0.56344
84,41.911,/received_global_plan,wamv/wamv/base_link,3,1.9812,1.3656,0.62799,1.8758,0.8080,0.56344
84,41.911,/received_global_plan,wamv/wamv/base_link,4,2.6922,1.7729,0.36156,2.6117,1.1686,0.29701
84,41.911,/received_global_plan,wamv/wamv/base_link,5,3.3772,2.0320,0.19769,3.3120,1.3830,0.13315
84,41.911,/received_global_plan,wamv/wamv/base_link,6,4.0628,2.1693,0.00026,4.0051,1.4758,-0.06428
84,41.911,/received_global_plan,wamv/wamv/base_link,7,4.7461,2.1695,-0.19002,4.6870,1.4319,-0.25456
84,41.911,/received_global_plan,wamv/wamv/base_link,8,5.4184,2.0401,-0.33701,5.3496,1.2595,-0.40155
84,41.911,/received_global_plan,wamv/wamv/base_link,9,6.0758,1.8098,-0.42512,5.9908,0.9873,-0.48967
84,41.911,/received_global_plan,wamv/wamv/base_link,10,6.7226,1.5170,-0.46656,6.6174,0.6533,-0.53110
84,41.911,/received_global_plan,wamv/wamv/base_link,11,7.3650,1.1935,-0.47336,7.2376,0.2890,-0.53791
84,41.911,/received_global_plan,wamv/wamv/base_link,12,8.0090,0.8636,-0.45182,7.8590,-0.0817,-0.51636
84,41.911,/received_global_plan,wamv/wamv/base_link,13,8.6605,0.5475,-0.40780,8.4887,-0.4392,-0.47234
84,41.911,/received_global_plan,wamv/wamv/base_link,14,9.3242,0.2608,-0.36527,9.1325,-0.7681,-0.42981
84,41.911,/received_global_plan,wamv/wamv/base_link,15,9.9984,0.0030,0.00026,9.7887,-1.0689,-0.06428
85,42.011,/received_global_plan,wamv/wamv/base_link,0,-0.2132,0.3603,-0.00009,-0.3834,-0.0530,-0.06080
85,42.011,/received_global_plan,wamv/wamv/base_link,1,0.5947,0.4944,0.32901,0.4311,0.0318,0.26830
85,42.011,/received_global_plan,wamv/wamv/base_link,2,1.3165,0.8815,0.62763,1.1752,0.3743,0.56692
85,42.011,/received_global_plan,wamv/wamv/base_link,3,1.9823,1.3645,0.62763,1.8691,0.8161,0.56692
85,42.011,/received_global_plan,wamv/wamv/base_link,4,2.6935,1.7716,0.36121,2.6038,1.1793,0.30049
85,42.011,/received_global_plan,wamv/wamv/base_link,5,3.3786,2.0304,0.19734,3.3035,1.3961,0.13663
85,42.011,/received_global_plan,wamv/wamv/base_link,6,4.0642,2.1675,-0.00009,3.9962,1.4913,-0.06080
85,42.011,/received_global_plan,wamv/wamv/base_link,7,4.7475,2.1675,-0.19037,4.6782,1.4498,-0.25108
85,42.011,/received_global_plan,wamv/wamv/base_link,8,5.4199,2.0379,-0.33736,5.3415,1.2797,-0.39808
85,42.011,/received_global_plan,wamv/wamv/base_link,9,6.0771,1.8073,-0.42548,5.9836,1.0097,-0.48619
85,42.011,/received_global_plan,wamv/wamv/base_link,10,6.7239,1.5143,-0.46692,6.6113,0.6779,-0.52763
85,42.011,/received_global_plan,wamv/wamv/base_link,11,7.3662,1.1905,-0.47372,7.2328,0.3157,-0.53444
85,42.011,/received_global_plan,wamv/wamv/base_link,12,8.0100,0.8604,-0.45217,7.8555,-0.0528,-0.51289
85,42.011,/received_global_plan,wamv/wamv/base_link,13,8.6614,0.5441,-0.40816,8.4864,-0.4081,-0.46887
85,42.011,/received_global_plan,wamv/wamv/base_link,14,9.3249,0.2571,-0.36563,9.1313,-0.7348,-0.42634
85,42.011,/received_global_plan,wamv/wamv/base_link,15,9.9991,-0.0009,-0.00009,9.7886,-1.0333,-0.06080
