t,pose_x,pose_y,pose_yaw,goal_x,goal_y,goal_active,goal_status,plan_id,plan_nearest_error_m,raw_obstacle_points,dynamic_obstacle_points,dynamic_tracks,dynamic_predicted_points,dynamic_max_speed_mps,safety_stop,cmd_vx,cmd_wz,left_thrust_n,right_thrust_n
3.000,-0.3667,0.3837,0.00072,,,0,IDLE code=0; status_seq=1,0,,3193,0,0,0,0.000,0,,,,
3.201,-0.3770,0.4073,-0.00283,,,0,IDLE code=0; status_seq=1,0,,3171,0,0,0,0.000,0,,,,
3.400,-0.3416,0.3752,0.00153,,,0,IDLE code=0; status_seq=1,0,,3171,0,0,0,0.000,0,,,,
3.600,-0.3416,0.3752,0.00153,,,0,IDLE code=0; status_seq=1,0,,3171,0,0,0,0.000,0,,,,
3.800,-0.3482,0.3737,-0.00401,,,0,IDLE code=0; status_seq=1,0,,3171,0,0,0,0.000,0,,,,
4.000,-0.3527,0.3830,-0.00338,,,0,IDLE code=0; status_seq=1,0,,3171,0,0,0,0.000,0,,,,
4.201,-0.3557,0.3854,-0.00381,,,0,IDLE code=0; status_seq=1,0,,3028,0,0,0,0.000,0,,,,
4.400,-0.3554,0.3866,0.00241,,,0,IDLE code=0; status_seq=1,0,,3028,0,0,0,0.000,0,,,,
4.600,-0.3554,0.3866,0.00241,,,0,IDLE code=0; status_seq=1,0,,3028,0,0,0,0.000,0,,,,
4.801,-0.3554,0.3866,0.00241,,,0,IDLE code=0; status_seq=1,0,,3028,0,0,0,0.000,0,,,,
5.000,-0.3554,0.3866,0.00241,,,0,IDLE code=0; status_seq=1,0,,3028,0,0,0,0.000,0,,,,
5.200,-0.3554,0.3866,0.00241,,,0,IDLE code=0; status_seq=1,0,,3028,0,0,0,0.000,0,,,,
5.401,-0.4029,0.4323,-0.00475,,,0,IDLE code=0; status_seq=1,0,,2887,0,0,0,0.000,0,,,,
5.601,-0.4119,0.4479,-0.00171,,,0,IDLE code=0; status_seq=1,0,,2887,0,0,0,0.000,0,,,,
5.801,-0.4146,0.4515,0.00007,,,0,IDLE code=0; status_seq=1,0,,2887,0,0,0,0.000,0,,,,
6.000,-0.4154,0.4516,0.00121,,,0,IDLE code=0; status_seq=1,0,,2887,0,0,0,0.000,0,,,,
6.200,-0.4137,0.4511,0.00199,,,0,IDLE code=0; status_seq=1,0,,2887,0,0,0,0.000,0,,,,
6.400,-0.4126,0.4503,0.00043,,,0,IDLE code=0; status_seq=1,0,,2887,0,0,0,0.000,0,,,,
6.601,-0.4126,0.4503,0.00043,,,0,IDLE code=0; status_seq=1,0,,2887,0,0,0,0.000,0,,,,
6.800,-0.4126,0.4503,0.00043,,,0,IDLE code=0; status_seq=1,0,,3510,0,0,0,0.000,0,,,,
7.001,-0.4021,0.4485,-0.00206,,,0,IDLE code=0; status_seq=1,0,,3510,0,0,0,0.000,0,,,,
7.201,-0.3888,0.4292,-0.00094,,,0,IDLE code=0; status_seq=1,0,,3510,0,0,0,0.000,0,,,,
7.400,-0.3823,0.4230,-0.00055,,,0,IDLE code=0; status_seq=1,0,,3510,0,0,0,0.000,0,,,,
7.601,-0.3768,0.4173,0.00097,,,0,IDLE code=0; status_seq=1,0,,3510,0,0,0,0.000,0,,,,
7.801,-0.3715,0.4119,0.00085,,,0,IDLE code=0; status_seq=1,0,,3510,0,0,0,0.000,0,,,,
8.000,-0.3660,0.4075,0.00087,,,0,IDLE code=0; status_seq=1,0,,3510,0,0,0,0.000,0,,,,
8.200,-0.3660,0.4075,0.00087,,,0,IDLE code=0; status_seq=1,0,,3771,0,0,0,0.000,0,,,,
8.400,-0.3660,0.4075,0.00087,,,0,IDLE code=0; status_seq=1,0,,3771,0,0,0,0.000,0,,,,
8.600,-0.3571,0.4007,0.00061,,,0,IDLE code=0; status_seq=1,0,,3771,0,0,0,0.000,0,,,,
8.800,-0.3570,0.4007,-0.00236,,,0,IDLE code=0; status_seq=1,0,,3771,0,0,0,0.000,0,,,,
9.000,-0.3547,0.3960,0.00106,,,0,IDLE code=0; status_seq=1,0,,3771,0,0,0,0.000,0,,,,
9.201,-0.3543,0.3943,-0.00080,,,0,IDLE code=0; status_seq=1,0,,3557,0,0,0,0.000,0,,,,
9.401,-0.3546,0.3926,-0.00101,,,0,IDLE code=0; status_seq=1,0,,3557,0,0,0,0.000,0,,,,
9.601,-0.3567,0.3919,-0.00192,,,0,IDLE code=0; status_seq=1,0,,3557,0,0,0,0.000,0,,,,
9.800,-0.3575,0.3916,0.00184,,,0,IDLE code=0; status_seq=1,0,,3557,0,0,0,0.000,0,,,,
10.000,-0.3575,0.3916,0.00184,,,0,IDLE code=0; status_seq=1,0,,3557,0,0,0,0.000,0,,,,
10.200,-0.3575,0.3916,0.00184,,,0,IDLE code=0; status_seq=1,0,,3557,0,0,0,0.000,0,,,,
10.400,-0.3575,0.3916,0.00184,,,0,IDLE code=0; status_seq=1,0,,3342,0,0,0,0.000,0,,,,
10.600,-0.3973,0.4120,0.00137,,,0,IDLE code=0; status_seq=1,0,,3342,0,0,0,0.000,0,,,,
10.800,-0.3973,0.4120,0.00137,,,0,IDLE code=0; status_seq=1,0,,3342,0,0,0,0.000,0,,,,
11.000,-0.3973,0.4120,0.00137,,,0,IDLE code=0; status_seq=1,0,,3342,0,0,0,0.000,0,,,,
11.200,-0.3973,0.4120,0.00137,,,0,IDLE code=0; status_seq=1,0,,3342,0,0,0,0.000,0,,,,
11.400,-0.3973,0.4120,0.00137,,,0,IDLE code=0; status_seq=1,0,,3380,0,0,0,0.000,0,,,,
11.600,-0.4116,0.4340,0.00197,,,0,IDLE code=0; status_seq=1,0,,3380,0,0,0,0.000,0,,,,
11.801,-0.4105,0.4358,-0.00066,,,0,IDLE code=0; status_seq=1,0,,3380,0,0,0,0.000,0,,,,
12.000,-0.4089,0.4351,0.00113,,,0,IDLE code=0; status_seq=1,0,,3380,0,0,0,0.000,0,,,,
12.200,-0.4059,0.4344,0.00139,,,0,IDLE code=0; status_seq=1,0,,3380,0,0,0,0.000,0,,,,
12.400,-0.3937,0.4330,-0.00221,,,0,IDLE code=0; status_seq=1,0,,3380,0,0,0,0.000,0,,,,
12.601,-0.3887,0.4318,-0.00185,,,0,IDLE code=0; status_seq=1,0,,3620,0,0,0,0.000,0,,,,
12.800,-0.3844,0.4296,0.00025,,,0,IDLE code=0; status_seq=1,0,,3620,0,0,0,0.000,0,,,,
13.000,-0.3792,0.4302,-0.00194,,,0,IDLE code=0; status_seq=1,0,,3620,0,0,0,0.000,0,,,,
13.200,-0.3763,0.4259,0.00072,,,0,IDLE code=0; status_seq=1,0,,3620,0,0,0,0.000,0,,,,
13.400,-0.3715,0.4248,-0.00013,,,0,IDLE code=0; status_seq=1,0,,3620,0,0,0,0.000,0,,,,
13.601,-0.3653,0.4225,-0.00038,,,0,IDLE code=0; status_seq=1,0,,3620,0,0,0,0.000,0,,,,
13.801,-0.3611,0.4197,0.00052,,,0,IDLE code=0; status_seq=1,0,,3618,0,0,0,0.000,0,,,,
14.001,-0.3581,0.4169,0.00112,,,0,IDLE code=0; status_seq=1,0,,3618,0,0,0,0.000,0,,,,
14.200,-0.3550,0.4144,0.00091,,,0,IDLE code=0; status_seq=1,0,,3618,0,0,0,0.000,0,,,,
14.401,-0.3548,0.4135,-0.00101,,,0,IDLE code=0; status_seq=1,0,,3618,0,0,0,0.000,0,,,,
14.601,-0.3560,0.4123,-0.00306,,,0,IDLE code=0; status_seq=1,0,,3618,0,0,0,0.000,0,,,,
14.800,-0.3558,0.4116,0.00082,,,0,IDLE code=0; status_seq=1,0,,3618,0,0,0,0.000,0,,,,
15.000,-0.3558,0.4116,0.00082,,,0,IDLE code=0; status_seq=1,0,,3618,0,0,0,0.000,0,,,,
15.200,-0.3734,0.4085,-0.00442,,,0,IDLE code=0; status_seq=1,0,,3397,0,0,0,0.000,0,,,,
15.400,-0.3752,0.4114,0.00286,,,0,IDLE code=0; status_seq=1,0,,3397,0,0,0,0.000,0,,,,
15.600,-0.3860,0.4129,0.00175,,,0,IDLE code=0; status_seq=1,0,,3397,0,0,0,0.000,0,,,,
15.801,-0.3869,0.4141,0.00235,,,0,IDLE code=0; status_seq=1,0,,3397,0,0,0,0.000,0,,,,
16.000,-0.3869,0.4141,0.00235,,,0,IDLE code=0; status_seq=1,0,,3397,0,0,0,0.000,0,,,,
16.200,-0.3869,0.4141,0.00235,,,0,IDLE code=0; status_seq=1,0,,3397,0,0,0,0.000,0,,,,
16.400,-0.3869,0.4141,0.00235,,,0,IDLE code=0; status_seq=1,0,,3397,0,0,0,0.000,0,,,,
16.601,-0.4236,0.4152,-0.00477,,,0,IDLE code=0; status_seq=1,0,,3412,0,0,0,0.000,0,,,,
16.800,-0.4242,0.4251,0.00185,,,0,IDLE code=0; status_seq=1,0,,3412,0,0,0,0.000,0,,,,
17.000,-0.4215,0.4254,-0.00033,18.0000,0.0000,1,ACCEPTED code=1; Nav2 goal accepted; status_seq=3,4,0.0022,3412,0,0,0,0.000,0,0.1500,0.0538,3.220,8.488
17.200,-0.4167,0.4240,-0.00271,18.0000,0.0000,1,ACCEPTED code=1; Nav2 goal accepted; status_seq=3,6,0.0088,3412,0,0,0,0.000,0,0.3500,0.0542,9.543,25.158
17.401,-0.4116,0.4218,-0.00294,18.0000,0.0000,1,ACCEPTED code=1; Nav2 goal accepted; status_seq=3,8,0.0128,3412,0,0,0,0.000,0,0.5500,0.0546,24.062,63.437
17.601,-0.4073,0.4210,-0.00255,18.0000,0.0000,1,ACCEPTED code=1; Nav2 goal accepted; status_seq=3,10,0.0181,3412,0,0,0,0.000,0,0.6000,0.0551,33.776,79.912
17.800,-0.4049,0.4194,0.00099,18.0000,0.0000,1,ACCEPTED code=1; Nav2 goal accepted; status_seq=3,12,0.0197,3598,0,0,0,0.000,0,0.6000,0.0546,33.914,79.774
18.000,-0.4049,0.4194,0.00099,18.0000,0.0000,1,ACCEPTED code=1; Nav2 goal accepted; status_seq=3,13,0.0197,3598,0,0,0,0.000,0,0.6000,0.0546,33.906,79.782
18.200,-0.3634,0.4240,0.00833,18.0000,0.0000,1,ACCEPTED code=1; Nav2 goal accepted; status_seq=3,13,0.0604,3598,0,0,0,0.000,0,0.6000,0.0546,33.906,79.782
18.400,-0.3399,0.4250,0.01360,18.0000,0.0000,1,ACCEPTED code=1; Nav2 goal accepted; status_seq=3,16,0.0866,3598,0,0,0,0.000,1,0.6000,0.0532,-2.271,25.431
18.600,-0.2801,0.4363,0.01999,18.0000,0.0000,1,ACCEPTED code=1; Nav2 goal accepted; status_seq=3,18,0.1469,3598,0,0,0,0.000,1,0.6000,0.0526,-2.271,25.431
18.800,-0.2186,0.4358,0.02414,18.0000,0.0000,1,ACCEPTED code=1; Nav2 goal accepted; status_seq=3,20,0.2109,3504,0,0,0,0.000,1,0.6000,0.0521,-2.271,25.431
19.000,-0.1622,0.4342,0.02780,18.0000,0.0000,1,ACCEPTED code=1; Nav2 goal accepted; status_seq=3,22,0.2667,3504,0,0,0,0.000,1,0.6000,0.0515,-2.271,25.431
19.201,-0.1333,0.4375,0.02887,18.0000,0.0000,1,ACCEPTED code=1; Nav2 goal accepted; status_seq=3,24,0.2910,3504,0,0,0,0.000,1,0.6000,0.0513,-2.271,25.431
19.400,-0.0300,0.4286,0.04110,18.0000,0.0000,1,ACCEPTED code=1; Nav2 goal accepted; status_seq=3,26,0.3940,3504,0,0,0,0.000,1,0.6000,0.0513,-2.271,25.431
19.601,0.0006,0.4376,0.04755,18.0000,0.0000,1,ACCEPTED code=1; Nav2 goal accepted; status_seq=3,28,0.4261,3504,0,0,0,0.000,1,0.6000,0.0491,-2.271,25.431
19.801,0.0250,0.4487,0.05096,18.0000,0.0000,1,ACCEPTED code=1; Nav2 goal accepted; status_seq=3,30,0.4497,3504,0,0,0,0.000,1,0.6000,0.0486,-2.271,25.431
20.000,0.0344,0.4484,0.05385,18.0000,0.0000,1,ACCEPTED code=1; Nav2 goal accepted; status_seq=3,32,0.4599,3504,0,0,0,0.000,1,0.6000,0.0472,-2.271,25.431
20.200,0.0705,0.4618,0.06147,18.0000,0.0000,1,ACCEPTED code=1; Nav2 goal accepted; status_seq=3,34,0.4960,3262,0,0,0,0.000,1,0.6000,0.0470,-2.271,25.431
20.401,0.0928,0.4672,0.06802,18.0000,0.0000,1,ACCEPTED code=1; Nav2 goal accepted; status_seq=3,36,0.5179,3262,0,0,0,0.000,1,0.6000,0.0445,-2.271,25.431
20.601,0.1045,0.4823,0.07246,18.0000,0.0000,1,ACCEPTED code=1; Nav2 goal accepted; status_seq=3,38,0.5306,3262,0,0,0,0.000,1,0.6000,0.0424,-2.271,25.431
20.800,0.1101,0.4872,0.07516,18.0000,0.0000,1,ACCEPTED code=1; Nav2 goal accepted; status_seq=3,40,0.5374,3262,0,0,0,0.000,1,0.6000,0.0411,-2.271,25.431
21.000,0.1525,0.4994,0.08616,18.0000,0.0000,1,ACCEPTED code=1; Nav2 goal accepted; status_seq=3,44,0.0469,3262,0,0,0,0.000,1,0.6000,0.0279,0.000,23.312
21.200,0.1584,0.5133,0.08813,18.0000,0.0000,1,ACCEPTED code=1; Nav2 goal accepted; status_seq=3,46,0.0565,3262,0,0,0,0.000,1,0.6000,0.0272,0.000,23.161
21.401,0.1701,0.5210,0.09108,18.0000,0.0000,1,ACCEPTED code=1; Nav2 goal accepted; status_seq=3,48,0.0696,3262,0,0,0,0.000,1,0.6000,0.0259,0.000,22.603
21.601,0.2003,0.5230,0.09988,18.0000,0.0000,1,ACCEPTED code=1; Nav2 goal accepted; status_seq=3,50,0.0971,3191,0,0,0,0.000,1,0.6000,0.0256,0.000,22.318
21.800,0.2299,0.5210,0.10461,18.0000,0.0000,1,ACCEPTED code=1; Nav2 goal accepted; status_seq=3,52,0.1254,3191,0,0,0,0.000,1,0.6000,0.0231,0.000,21.268
22.000,0.2250,0.5285,0.10448,18.0000,0.0000,1,ACCEPTED code=1; Nav2 goal accepted; status_seq=3,54,0.1222,3191,0,0,0,0.000,1,0.6000,0.0227,2.046,21.113
22.200,0.2250,0.5285,0.10448,18.0000,0.0000,1,ACCEPTED code=1; Nav2 goal accepted; status_seq=3,56,0.1222,3191,0,0,0,0.000,1,0.6000,0.0227,2.046,21.113
22.400,0.2250,0.5285,0.10448,18.0000,0.0000,1,ACCEPTED code=1; Nav2 goal accepted; status_seq=3,58,0.1222,3191,0,0,0,0.000,1,0.6000,0.0227,2.046,21.113
22.601,0.2250,0.5285,0.10448,18.0000,0.0000,1,ACCEPTED code=1; Nav2 goal accepted; status_seq=3,60,0.1222,3191,0,0,0,0.000,1,0.6000,0.0227,2.046,21.113
22.800,0.4280,0.5116,0.13109,18.0000,0.0000,1,ACCEPTED code=1; Nav2 goal accepted; status_seq=3,62,0.3198,3191,0,0,0,0.000,1,0.6000,0.0196,3.361,19.799
23.000,0.4280,0.5116,0.13109,18.0000,0.0000,1,ACCEPTED code=1; Nav2 goal accepted; status_seq=3,64,0.3188,3320,0,0,0,0.000,1,0.6000,0.0188,3.701,19.459
23.200,0.5484,0.5092,0.14167,18.0000,0.0000,1,ACCEPTED code=1; Nav2 goal accepted; status_seq=3,66,0.4412,3320,0,0,0,0.000,1,0.6000,0.0174,4.259,18.900
23.400,0.5574,0.5126,0.14768,18.0000,0.0000,1,ACCEPTED code=1; Nav2 goal accepted; status_seq=3,68,0.4485,3320,0,0,0,0.000,1,0.6000,0.0150,5.268,17.891
23.600,0.5623,0.5111,0.14494,18.0000,0.0000,1,ACCEPTED code=1; Nav2 goal accepted; status_seq=3,70,0.4529,3320,0,0,0,0.000,1,0.6000,0.0160,4.845,18.314
23.802,0.6226,0.5117,0.15344,18.0000,0.0000,1,ACCEPTED code=1; Nav2 goal accepted; status_seq=3,72,0.5136,3320,0,0,0,0.000,1,0.6000,0.0140,5.184,17.975
24.000,0.6390,0.5064,0.15401,18.0000,0.0000,1,ACCEPTED code=1; Nav2 goal accepted; status_seq=3,74,0.5296,3320,0,0,0,0.000,1,0.6000,0.0141,5.653,17.506
24.200,0.6390,0.5064,0.15401,18.0000,0.0000,1,ACCEPTED code=1; Nav2 goal accepted; status_seq=3,76,0.5293,3320,0,0,0,0.000,1,0.6000,0.0144,5.526,17.634
24.400,0.6952,0.5203,0.16859,18.0000,0.0000,1,ACCEPTED code=1; Nav2 goal accepted; status_seq=3,78,0.5861,3320,0,0,0,0.000,1,0.6000,0.0144,5.526,17.634
24.601,0.7296,0.5047,0.16389,18.0000,0.0000,1,ACCEPTED code=1; Nav2 goal accepted; status_seq=3,80,0.6199,3320,0,0,0,0.000,1,0.6000,0.0125,6.322,16.838
24.800,0.7296,0.5047,0.16389,18.0000,0.0000,1,ACCEPTED code=1; Nav2 goal accepted; status_seq=3,82,0.6199,3320,0,0,0,0.000,1,0.6000,0.0125,6.322,16.838
25.001,0.7296,0.5047,0.16389,18.0000,0.0000,1,ACCEPTED code=1; Nav2 goal accepted; status_seq=3,86,0.6199,3320,0,0,0,0.000,1,0.6000,0.0125,6.322,16.838
25.200,0.7296,0.5047,0.16389,18.0000,0.0000,1,ACCEPTED code=1; Nav2 goal accepted; status_seq=3,88,0.0003,3320,0,0,0,0.000,1,0.6000,0.0263,0.000,22.645
25.400,0.7296,0.5047,0.16389,18.0000,0.0000,1,ACCEPTED code=1; Nav2 goal accepted; status_seq=3,90,0.0003,2943,0,0,0,0.000,1,0.6000,0.0263,0.000,22.645
25.601,0.7296,0.5047,0.16389,18.0000,0.0000,1,ACCEPTED code=1; Nav2 goal accepted; status_seq=3,92,0.0003,2943,0,0,0,0.000,1,0.6000,0.0263,0.000,22.645
25.801,0.9868,0.5738,0.19021,18.0000,0.0000,1,ACCEPTED code=1; Nav2 goal accepted; status_seq=3,94,0.2639,2943,0,0,0,0.000,1,0.6000,0.0201,3.117,20.043
26.000,0.9930,0.5883,0.18643,18.0000,0.0000,1,ACCEPTED code=1; Nav2 goal accepted; status_seq=3,96,0.2767,2943,0,0,0,0.000,1,0.6000,0.0194,3.432,19.728
26.201,1.0354,0.6051,0.19801,18.0000,0.0000,1,ACCEPTED code=1; Nav2 goal accepted; status_seq=3,98,0.3218,2943,0,0,0,0.000,1,0.6000,0.0194,3.432,19.728
26.400,1.0168,0.6280,0.19599,18.0000,0.0000,1,ACCEPTED code=1; Nav2 goal accepted; status_seq=3,100,0.3144,3158,0,0,0,0.000,1,0.6000,0.0153,5.165,17.995
26.600,1.0168,0.6280,0.19599,18.0000,0.0000,1,ACCEPTED code=1; Nav2 goal accepted; status_seq=3,102,0.3124,3158,0,0,0,0.000,1,0.6000,0.0153,5.165,17.995
26.800,1.0031,0.6515,0.20280,18.0000,0.0000,1,ACCEPTED code=1; Nav2 goal accepted; status_seq=3,104,0.3124,3158,0,0,0,0.000,1,0.6000,0.0131,6.069,17.090
27.000,1.0031,0.6515,0.20280,18.0000,0.0000,1,ACCEPTED code=1; Nav2 goal accepted; status_seq=3,106,0.3107,3158,0,0,0,0.000,1,0.6000,0.0124,6.351,16.808
27.201,1.1259,0.6687,0.21764,18.0000,0.0000,1,ACCEPTED code=1; Nav2 goal accepted; status_seq=3,108,0.4488,3158,0,0,0,0.000,1,0.6000,0.0046,9.665,13.495
27.400,1.0957,0.6905,0.21596,18.0000,0.0000,1,ACCEPTED code=1; Nav2 goal accepted; status_seq=3,110,0.4105,3251,0,0,0,0.000,1,0.6000,0.0077,8.351,14.808
27.601,1.1665,0.6860,0.21978,18.0000,0.0000,1,ACCEPTED code=1; Nav2 goal accepted; status_seq=3,112,0.4946,3251,0,0,0,0.000,1,0.6000,0.0077,8.335,14.824
27.800,1.2393,0.6919,0.22523,18.0000,0.0000,1,ACCEPTED code=1; Nav2 goal accepted; status_seq=3,114,0.5429,3251,0,0,0,0.000,1,0.6000,0.0073,8.523,14.636
28.000,1.2617,0.6701,0.22609,18.0000,0.0000,1,ACCEPTED code=1; Nav2 goal accepted; status_seq=3,116,0.5609,3251,0,0,0,0.000,1,0.6000,0.0069,8.688,14.471
28.201,1.3535,0.6494,0.23233,18.0000,0.0000,1,ACCEPTED code=1; Nav2 goal accepted; status_seq=3,118,0.6405,3251,0,0,0,0.000,1,0.6000,0.0069,8.688,14.471
28.401,1.3971,0.6493,0.23306,18.0000,0.0000,1,ACCEPTED code=1; Nav2 goal accepted; status_seq=3,120,0.6867,3251,0,0,0,0.000,1,0.6000,0.0070,8.578,14.581
28.600,1.3984,0.6511,0.23162,18.0000,0.0000,1,ACCEPTED code=1; Nav2 goal accepted; status_seq=3,122,0.6847,3251,0,0,0,0.000,1,0.6000,0.0070,8.648,14.511
28.800,1.3984,0.6511,0.23162,18.0000,0.0000,1,ACCEPTED code=1; Nav2 goal accepted; status_seq=3,124,0.6847,3278,0,0,0,0.000,1,0.6000,0.0070,8.648,14.511
29.000,1.3984,0.6511,0.23162,18.0000,0.0000,1,ACCEPTED code=1; Nav2 goal accepted; status_seq=3,128,0.0000,3278,0,0,0,0.000,1,0.6000,0.0070,8.648,14.511
29.200,1.6595,0.5658,0.23512,18.0000,0.0000,1,ACCEPTED code=1; Nav2 goal accepted; status_seq=3,130,0.2746,3278,0,0,0,0.000,1,0.6000,0.0101,7.334,15.826
29.400,1.6787,0.6957,0.24289,18.0000,0.0000,1,ACCEPTED code=1; Nav2 goal accepted; status_seq=3,132,0.2876,3278,0,0,0,0.000,1,0.6000,0.0078,8.300,14.859
29.600,1.7292,0.6618,0.24397,18.0000,0.0000,1,ACCEPTED code=1; Nav2 goal accepted; status_seq=3,134,0.3334,3278,0,0,0,0.000,1,0.6000,0.0092,7.728,15.432
29.800,1.8052,0.6501,0.24620,18.0000,0.0000,1,ACCEPTED code=1; Nav2 goal accepted; status_seq=3,136,0.4105,2892,0,0,0,0.000,1,0.6000,0.0099,7.408,15.751
30.000,1.8207,0.6788,0.24813,18.0000,0.0000,1,ACCEPTED code=1; Nav2 goal accepted; status_seq=3,138,0.4224,2892,0,0,0,0.000,1,0.6000,0.0090,7.815,15.344
30.200,1.8207,0.6788,0.24813,18.0000,0.0000,1,ACCEPTED code=1; Nav2 goal accepted; status_seq=3,140,0.4232,2892,0,0,0,0.000,1,0.6000,0.0079,8.260,14.900
30.400,1.8680,0.7150,0.25295,18.0000,0.0000,1,ACCEPTED code=1; Nav2 goal accepted; status_seq=3,142,0.4726,2892,0,0,0,0.000,1,0.6000,0.0064,8.260,14.900
30.601,1.8966,0.7585,0.25393,18.0000,0.0000,1,ACCEPTED code=1; Nav2 goal accepted; status_seq=3,144,0.5097,2892,0,0,0,0.000,1,0.6000,0.0052,9.413,13.747
30.800,1.8896,0.7967,0.25232,18.0000,0.0000,1,ACCEPTED code=1; Nav2 goal accepted; status_seq=3,146,0.5141,2699,0,0,0,0.000,1,0.6000,0.0025,10.512,12.647
31.000,1.8976,0.8113,0.25565,18.0000,0.0000,1,ACCEPTED code=1; Nav2 goal accepted; status_seq=3,148,0.5301,2699,0,0,0,0.000,1,0.6000,0.0005,11.358,11.801
31.200,1.8849,0.8243,0.25537,18.0000,0.0000,1,ACCEPTED code=1; Nav2 goal accepted; status_seq=3,150,0.5164,2699,0,0,0,0.000,1,0.6000,-0.0007,11.864,11.296
31.400,1.8849,0.8243,0.25537,18.0000,0.0000,1,ACCEPTED code=1; Nav2 goal accepted; status_seq=3,152,0.5164,2699,0,0,0,0.000,1,0.6000,-0.0007,11.864,11.296
31.600,1.9146,0.9565,0.26203,18.0000,0.0000,1,ACCEPTED code=1; Nav2 goal accepted; status_seq=3,154,0.5996,2699,0,0,0,0.000,1,0.6000,-0.0007,11.864,11.296
31.800,1.9135,0.9361,0.26192,18.0000,0.0000,1,ACCEPTED code=1; Nav2 goal accepted; status_seq=3,156,0.5936,2699,0,0,0,0.000,1,0.6000,-0.0076,14.761,8.398
32.000,1.9135,0.9361,0.26192,18.0000,0.0000,1,ACCEPTED code=1; Nav2 goal accepted; status_seq=3,158,0.5887,2699,0,0,0,0.000,1,0.6000,-0.0076,14.761,8.398
32.200,1.9135,0.9361,0.26192,18.0000,0.0000,1,ACCEPTED code=1; Nav2 goal accepted; status_seq=3,160,0.5887,2699,0,0,0,0.000,1,0.6000,-0.0076,14.761,8.398
32.400,1.9918,0.9701,0.26285,18.0000,0.0000,1,ACCEPTED code=1; Nav2 goal accepted; status_seq=3,162,0.6737,3073,0,0,0,0.000,1,0.6000,-0.0076,14.761,8.398
32.600,2.0027,0.9795,0.26065,18.0000,0.0000,1,ACCEPTED code=1; Nav2 goal accepted; status_seq=3,164,0.6889,3073,0,0,0,0.000,1,0.6000,-0.0101,15.829,7.330
32.801,2.0110,0.9874,0.26232,18.0000,0.0000,1,ACCEPTED code=1; Nav2 goal accepted; status_seq=3,166,0.6992,3073,0,0,0,0.000,1,0.6000,-0.0096,15.594,7.565
33.000,2.0324,0.9811,0.25870,18.0000,0.0000,1,ACCEPTED code=1; Nav2 goal accepted; status_seq=3,168,0.7170,3073,0,0,0,0.000,1,0.6000,-0.0089,15.468,7.691
33.200,2.0324,0.9811,0.25870,18.0000,0.0000,1,ACCEPTED code=1; Nav2 goal accepted; status_seq=3,170,0.7145,3073,0,0,0,0.000,1,0.6000,-0.0085,15.161,7.999
33.400,2.0324,0.9811,0.25870,18.0000,0.0000,1,ACCEPTED code=1; Nav2 goal accepted; status_seq=3,172,0.7145,3106,0,0,0,0.000,1,0.6000,-0.0085,15.161,7.999
33.600,2.0324,0.9811,0.25870,18.0000,0.0000,1,ACCEPTED code=1; Nav2 goal accepted; status_seq=3,176,0.0042,3106,0,0,0,0.000,1,0.6000,0.0898,-2.271,25.431
33.800,2.2814,0.8526,0.25513,18.0000,0.0000,1,ACCEPTED code=1; Nav2 goal accepted; status_seq=3,178,0.2842,3106,0,0,0,0.000,1,0.6000,0.0898,-2.271,25.431
34.000,2.3788,0.9310,0.25402,18.0000,0.0000,1,ACCEPTED code=1; Nav2 goal accepted; status_seq=3,180,0.3672,3106,0,0,0,0.000,1,0.5868,0.1000,-2.271,25.431
34.200,2.3959,0.9302,0.25809,18.0000,0.0000,1,ACCEPTED code=1; Nav2 goal accepted; status_seq=3,182,0.3711,3106,0,0,0,0.000,1,0.5794,0.1000,-2.271,25.431
34.401,2.3959,0.9302,0.25809,18.0000,0.0000,1,ACCEPTED code=1; Nav2 goal accepted; status_seq=3,184,0.3711,3205,0,0,0,0.000,1,0.5794,0.1000,-2.271,25.431
34.600,2.5516,0.8728,0.26171,18.0000,0.0000,1,ACCEPTED code=1; Nav2 goal accepted; status_seq=3,186,0.5349,3205,0,0,0,0.000,1,0.5486,0.1000,-2.271,25.431
34.800,2.5699,0.8719,0.26102,18.0000,0.0000,1,ACCEPTED code=1; Nav2 goal accepted; status_seq=3,188,0.5537,3205,0,0,0,0.000,1,0.5444,0.1000,-2.271,25.431
35.001,2.6129,0.8860,0.27209,18.0000,0.0000,1,ACCEPTED code=1; Nav2 goal accepted; status_seq=3,190,0.5924,3205,0,0,0,0.000,1,0.5444,0.1000,-2.271,25.431
35.201,2.6569,0.9048,0.27603,18.0000,0.0000,1,ACCEPTED code=1; Nav2 goal accepted; status_seq=3,192,0.6316,3205,0,0,0,0.000,1,0.5510,0.1000,-2.271,25.431
35.400,2.6574,0.9050,0.27622,18.0000,0.0000,1,ACCEPTED code=1; Nav2 goal accepted; status_seq=3,194,0.6337,3205,0,0,0,0.000,1,0.5513,0.1000,-2.271,25.431
35.600,2.6574,0.9050,0.27622,18.0000,0.0000,1,ACCEPTED code=1; Nav2 goal accepted; status_seq=3,196,0.6337,3205,0,0,0,0.000,1,0.5513,0.1000,-2.271,25.431
35.801,2.6811,1.0052,0.29270,18.0000,0.0000,1,ACCEPTED code=1; Nav2 goal accepted; status_seq=3,198,0.6532,2861,0,0,0,0.000,1,0.5513,0.1000,-2.271,25.431
36.000,2.7225,1.0169,0.29255,18.0000,0.0000,1,ACCEPTED code=1; Nav2 goal accepted; status_seq=3,200,0.6955,2861,0,0,0,0.000,1,0.5764,0.1000,-2.271,25.431
36.201,2.7291,1.0617,0.29858,18.0000,0.0000,1,ACCEPTED code=1; Nav2 goal accepted; status_seq=3,202,0.7062,2861,0,0,0,0.000,1,0.5913,0.1000,-2.271,25.431
36.400,2.7393,1.0881,0.30325,18.0000,0.0000,1,ACCEPTED code=1; Nav2 goal accepted; status_seq=3,204,0.7195,2861,0,0,0,0.000,1,0.5952,0.1000,-2.271,25.431
36.600,2.7362,1.1063,0.30433,18.0000,0.0000,1,ACCEPTED code=1; Nav2 goal accepted; status_seq=3,206,0.7153,2861,0,0,0,0.000,1,0.6000,0.0991,-2.271,25.431
36.800,2.7416,1.1789,0.31423,18.0000,0.0000,1,ACCEPTED code=1; Nav2 goal accepted; status_seq=3,208,0.7401,2861,0,0,0,0.000,0,0.6000,0.0949,31.264,82.424
37.000,2.7423,1.1791,0.31380,18.0000,0.0000,1,ACCEPTED code=1; Nav2 goal accepted; status_seq=3,210,0.7408,2933,0,0,0,0.000,0,0.6000,0.0954,31.264,82.424
37.200,2.7423,1.1791,0.31380,18.0000,0.0000,1,ACCEPTED code=1; Nav2 goal accepted; status_seq=3,212,0.7408,2933,0,0,0,0.000,0,0.6000,0.0954,31.264,82.424
37.400,2.8673,1.3019,0.34416,18.0000,0.0000,1,ACCEPTED code=1; Nav2 goal accepted; status_seq=3,214,0.8081,2933,0,0,0,0.000,0,0.6000,0.0879,31.264,82.424
37.600,2.8499,1.3142,0.34468,18.0000,0.0000,1,ACCEPTED code=1; Nav2 goal accepted; status_seq=3,216,0.7946,2933,0,0,0,0.000,0,0.6000,0.0882,31.264,82.424
37.800,2.8499,1.3142,0.34468,18.0000,0.0000,1,ACCEPTED code=1; Nav2 goal accepted; status_seq=3,218,0.7946,2933,0,0,0,0.000,0,0.6000,0.0882,31.264,82.424
38.000,3.0112,1.4212,0.37076,18.0000,0.0000,1,ACCEPTED code=1; Nav2 goal accepted; status_seq=3,220,0.6108,3115,0,0,0,0.000,0,0.6000,0.0847,31.264,82.424
38.200,3.0112,1.4212,0.37076,18.0000,0.0000,1,ACCEPTED code=1; Nav2 goal accepted; status_seq=3,222,0.6059,3115,0,0,0,0.000,0,0.6000,0.0845,31.264,82.424
38.401,3.2000,1.4568,0.39258,18.0000,0.0000,1,ACCEPTED code=1; Nav2 goal accepted; status_seq=3,224,0.4678,3115,0,0,0,0.000,0,0.6000,0.0841,31.264,82.424
38.600,3.2000,1.4568,0.39258,18.0000,0.0000,1,ACCEPTED code=1; Nav2 goal accepted; status_seq=3,228,0.3779,3115,0,0,0,0.000,0,0.6000,0.0510,35.427,78.261
38.800,3.4221,1.4895,0.41767,18.0000,0.0000,1,ACCEPTED code=1; Nav2 goal accepted; status_seq=3,230,0.5984,3115,0,0,0,0.000,0,0.6000,0.0510,35.427,78.261
39.000,3.4951,1.5040,0.41631,18.0000,0.0000,1,ACCEPTED code=1; Nav2 goal accepted; status_seq=3,232,0.6750,3115,0,0,0,0.000,0,0.6000,0.0530,34.581,79.107
39.201,3.6233,1.5158,0.43441,18.0000,0.0000,1,ACCEPTED code=1; Nav2 goal accepted; status_seq=3,234,0.8006,3115,0,0,0,0.000,0,0.6000,0.0531,34.547,79.141
39.400,3.7445,1.5219,0.44398,18.0000,0.0000,1,ACCEPTED code=1; Nav2 goal accepted; status_seq=3,236,0.8610,3024,0,0,0,0.000,0,0.6000,0.0525,34.806,78.882
39.600,3.8655,1.5384,0.45844,18.0000,0.0000,1,ACCEPTED code=1; Nav2 goal accepted; status_seq=3,238,0.7767,3024,0,0,0,0.000,0,0.6000,0.0554,33.570,80.118
39.801,3.9813,1.5684,0.45800,18.0000,0.0000,1,ACCEPTED code=1; Nav2 goal accepted; status_seq=3,240,0.6886,3024,0,0,0,0.000,0,0.6000,0.0543,33.928,79.760
40.000,4.0552,1.5679,0.46915,18.0000,0.0000,1,ACCEPTED code=1; Nav2 goal accepted; status_seq=3,242,0.6510,3024,0,0,0,0.000,0,0.6000,0.0540,32.916,80.772
40.200,4.1116,1.5871,0.47673,18.0000,0.0000,1,ACCEPTED code=1; Nav2 goal accepted; status_seq=3,244,0.6210,3024,0,0,0,0.000,0,0.6000,0.0550,33.760,79.928
40.400,4.1747,1.6224,0.48646,18.0000,0.0000,1,ACCEPTED code=1; Nav2 goal accepted; status_seq=3,246,0.5692,3024,0,0,0,0.000,0,0.6000,0.0555,33.549,80.139
40.601,4.3414,1.6936,0.50355,18.0000,0.0000,1,ACCEPTED code=1; Nav2 goal accepted; status_seq=3,248,0.4855,2980,0,0,0,0.000,0,0.6000,0.0561,33.289,80.399
40.801,4.4321,1.7348,0.51382,18.0000,0.0000,1,ACCEPTED code=1; Nav2 goal accepted; status_seq=3,250,0.4614,2980,0,0,0,0.000,0,0.6000,0.0525,34.781,78.907
41.000,4.4879,1.7590,0.51216,18.0000,0.0000,1,ACCEPTED code=1; Nav2 goal accepted; status_seq=3,252,0.4565,2980,0,0,0,0.000,0,0.6000,0.0521,34.965,78.723
41.200,4.6012,1.8396,0.52881,18.0000,0.0000,1,ACCEPTED code=1; Nav2 goal accepted; status_seq=3,254,0.4507,2980,0,0,0,0.000,0,0.6000,0.0529,34.621,79.067
41.400,4.6813,1.9026,0.54544,18.0000,0.0000,1,ACCEPTED code=1; Nav2 goal accepted; status_seq=3,256,0.4674,2980,0,0,0,0.000,0,0.6000,0.0510,35.427,78.261
41.601,4.7509,1.9531,0.56139,18.0000,0.0000,1,ACCEPTED code=1; Nav2 goal accepted; status_seq=3,258,0.5000,2790,0,0,0,0.000,0,0.6000,0.0466,37.251,76.437
41.800,4.7510,1.9631,0.55356,18.0000,0.0000,1,ACCEPTED code=1; Nav2 goal accepted; status_seq=3,260,0.4968,2790,0,0,0,0.000,0,0.6000,0.0457,37.632,76.056
42.000,4.7510,1.9631,0.55356,18.0000,0.0000,1,ACCEPTED code=1; Nav2 goal accepted; status_seq=3,262,0.4968,2790,0,0,0,0.000,0,0.6000,0.0457,37.632,76.056
42.201,5.0134,2.1980,0.57888,18.0000,0.0000,1,ACCEPTED code=1; Nav2 goal accepted; status_seq=3,264,0.7281,2790,0,0,0,0.000,0,0.6000,0.0413,39.494,74.194
42.401,5.0020,2.2023,0.57783,18.0000,0.0000,1,ACCEPTED code=1; Nav2 goal accepted; status_seq=3,266,0.7001,2790,0,0,0,0.000,0,0.6000,0.0416,39.791,73.897
42.601,5.1577,2.3635,0.60115,18.0000,0.0000,1,ACCEPTED code=1; Nav2 goal accepted; status_seq=3,268,0.8754,2790,0,0,0,0.000,0,0.6000,0.0416,39.389,74.299
42.801,5.1770,2.3876,0.59879,18.0000,0.0000,1,ACCEPTED code=1; Nav2 goal accepted; status_seq=3,270,0.8835,2787,0,0,0,0.000,0,0.6000,0.0371,41.263,72.425
43.000,5.2637,2.4872,0.61846,18.0000,0.0000,1,ACCEPTED code=1; Nav2 goal accepted; status_seq=3,272,0.7462,2787,0,0,0,0.000,0,0.6000,0.0338,42.845,70.843
43.200,5.2637,2.4872,0.61846,18.0000,0.0000,1,ACCEPTED code=1; Nav2 goal accepted; status_seq=3,276,0.3875,2787,0,0,0,0.000,0,0.6000,0.0803,31.264,82.424
43.400,5.2637,2.4872,0.61846,18.0000,0.0000,1,ACCEPTED code=1; Nav2 goal accepted; status_seq=3,278,0.3875,2787,0,0,0,0.000,0,0.6000,0.0803,31.264,82.424
43.600,5.5953,2.6262,0.63691,18.0000,0.0000,1,ACCEPTED code=1; Nav2 goal accepted; status_seq=3,280,0.7130,2787,0,0,0,0.000,0,0.6000,0.0864,31.264,82.424
43.800,5.7272,2.6738,0.65736,18.0000,0.0000,1,ACCEPTED code=1; Nav2 goal accepted; status_seq=3,282,0.8653,2787,0,0,0,0.000,0,0.6000,0.0868,31.264,82.424
44.000,5.7636,2.6892,0.64936,18.0000,0.0000,1,ACCEPTED code=1; Nav2 goal accepted; status_seq=3,284,0.8629,2982,0,0,0,0.000,0,0.6000,0.0894,31.264,82.424
44.200,5.9467,2.7469,0.67554,18.0000,0.0000,1,ACCEPTED code=1; Nav2 goal accepted; status_seq=3,286,0.7743,2982,0,0,0,0.000,0,0.6000,0.0903,31.264,82.424
44.400,6.0577,2.8002,0.68160,18.0000,0.0000,1,ACCEPTED code=1; Nav2 goal accepted; status_seq=3,288,0.6852,2982,0,0,0,0.000,0,0.6000,0.0886,31.264,82.424
44.600,6.1279,2.8455,0.69358,18.0000,0.0000,1,ACCEPTED code=1; Nav2 goal accepted; status_seq=3,290,0.6562,2982,0,0,0,0.000,0,0.6000,0.0922,31.264,82.424
44.801,6.2803,2.9520,0.70931,18.0000,0.0000,1,ACCEPTED code=1; Nav2 goal accepted; status_seq=3,292,0.5895,2982,0,0,0,0.000,0,0.6000,0.0916,31.264,82.424
45.001,6.3640,2.9958,0.71488,18.0000,0.0000,1,ACCEPTED code=1; Nav2 goal accepted; status_seq=3,294,0.5836,2982,0,0,0,0.000,0,0.6000,0.0904,31.264,82.424
45.200,6.4549,3.0526,0.72976,18.0000,0.0000,1,ACCEPTED code=1; Nav2 goal accepted; status_seq=3,296,0.5894,2771,0,0,0,0.000,0,0.6000,0.0913,31.264,82.424
45.400,6.4733,3.0530,0.72078,18.0000,0.0000,1,ACCEPTED code=1; Nav2 goal accepted; status_seq=3,298,0.6066,2771,0,0,0,0.000,0,0.6000,0.0944,31.264,82.424
45.601,6.6694,3.1616,0.75864,18.0000,0.0000,1,ACCEPTED code=1; Nav2 goal accepted; status_seq=3,300,0.6885,2771,0,0,0,0.000,0,0.6000,0.0934,31.264,82.424
45.800,6.6899,3.1589,0.74546,18.0000,0.0000,1,ACCEPTED code=1; Nav2 goal accepted; status_seq=3,302,0.7137,2771,0,0,0,0.000,0,0.6000,0.0957,31.264,82.424
46.000,6.6899,3.1589,0.74546,18.0000,0.0000,1,ACCEPTED code=1; Nav2 goal accepted; status_seq=3,304,0.7137,2771,0,0,0,0.000,0,0.6000,0.0957,31.264,82.424
46.200,6.9383,3.3488,0.78989,18.0000,0.0000,1,ACCEPTED code=1; Nav2 goal accepted; status_seq=3,306,0.8886,2771,0,0,0,0.000,0,0.6000,0.0957,31.264,82.424
46.401,7.0219,3.3960,0.81732,18.0000,0.0000,1,ACCEPTED code=1; Nav2 goal accepted; status_seq=3,308,0.9581,2573,0,0,0,0.000,0,0.6000,0.0938,31.264,82.424
46.601,7.0183,3.4007,0.80266,18.0000,0.0000,1,ACCEPTED code=1; Nav2 goal accepted; status_seq=3,310,0.9616,2573,0,0,0,0.000,0,0.6000,0.0931,31.264,82.424
46.800,7.1323,3.5348,0.82385,18.0000,0.0000,1,ACCEPTED code=1; Nav2 goal accepted; status_seq=3,312,1.0700,2573,0,0,0,0.000,0,0.6000,0.0899,31.264,82.424
47.000,7.2033,3.6213,0.83389,18.0000,0.0000,1,ACCEPTED code=1; Nav2 goal accepted; status_seq=3,314,1.1485,2573,0,0,0,0.000,0,0.6000,0.0911,31.264,82.424
47.200,7.2526,3.6592,0.83037,18.0000,0.0000,1,ACCEPTED code=1; Nav2 goal accepted; status_seq=3,316,1.1921,2573,0,0,0,0.000,0,0.6000,0.0928,31.264,82.424
47.400,7.2526,3.6592,0.83037,18.0000,0.0000,1,ACCEPTED code=1; Nav2 goal accepted; status_seq=3,318,1.1894,2436,0,0,0,0.000,0,0.6000,0.0928,31.264,82.424
47.601,7.4494,3.9105,0.86389,18.0000,0.0000,1,ACCEPTED code=1; Nav2 goal accepted; status_seq=3,322,0.3106,2436,0,0,0,0.000,0,0.6000,0.0928,31.264,82.424
47.801,7.4425,3.9814,0.87825,18.0000,0.0000,1,ACCEPTED code=1; Nav2 goal accepted; status_seq=3,324,0.3656,2436,0,0,0,0.000,0,0.6000,0.0587,31.264,82.424
48.001,7.4791,4.0253,0.87263,18.0000,0.0000,1,ACCEPTED code=1; Nav2 goal accepted; status_seq=3,325,0.4284,2436,0,0,0,0.000,0,0.6000,0.0619,31.264,82.424
48.200,7.4791,4.0253,0.87263,18.0000,0.0000,1,ACCEPTED code=1; Nav2 goal accepted; status_seq=3,325,0.4284,2436,0,0,0,0.000,0,0.6000,0.0619,31.264,82.424
48.400,7.4791,4.0253,0.87263,18.0000,0.0000,1,ACCEPTED code=1; Nav2 goal accepted; status_seq=3,328,0.4245,2410,0,0,0,0.000,0,0.6000,0.0630,31.264,82.424
48.600,7.6911,4.3801,0.93552,18.0000,0.0000,1,ACCEPTED code=1; Nav2 goal accepted; status_seq=3,330,0.8378,2410,0,0,0,0.000,0,0.6000,0.0630,31.264,82.424
48.801,7.8435,4.4209,0.93264,18.0000,0.0000,1,ACCEPTED code=1; Nav2 goal accepted; status_seq=3,332,0.7682,2410,0,0,0,0.000,0,0.6000,0.0567,33.012,80.676
49.000,7.8469,4.4358,0.93371,18.0000,0.0000,1,ACCEPTED code=1; Nav2 goal accepted; status_seq=3,334,0.7428,2410,0,0,0,0.000,0,0.6000,0.0607,31.333,82.355
49.200,8.0278,4.6188,0.96103,18.0000,0.0000,1,ACCEPTED code=1; Nav2 goal accepted; status_seq=3,336,0.5035,2410,0,0,0,0.000,0,0.6000,0.0551,33.698,79.990
49.401,8.0390,4.6327,0.96155,18.0000,0.0000,1,ACCEPTED code=1; Nav2 goal accepted; status_seq=3,338,0.5033,2410,0,0,0,0.000,0,0.6000,0.0607,31.350,82.338
49.600,8.2317,4.8009,0.99240,18.0000,0.0000,1,ACCEPTED code=1; Nav2 goal accepted; status_seq=3,340,0.3523,2410,0,0,0,0.000,0,0.6000,0.0607,31.350,82.338
49.800,8.2304,4.8219,0.98569,18.0000,0.0000,1,ACCEPTED code=1; Nav2 goal accepted; status_seq=3,342,0.3317,2410,0,0,0,0.000,0,0.6000,0.0615,31.264,82.424
50.000,8.2304,4.8219,0.98569,18.0000,0.0000,1,ACCEPTED code=1; Nav2 goal accepted; status_seq=3,344,0.3317,2410,0,0,0,0.000,0,0.6000,0.0615,31.264,82.424
50.201,8.4481,5.0239,1.03045,18.0000,0.0000,1,ACCEPTED code=1; Nav2 goal accepted; status_seq=3,346,0.3477,2025,0,0,0,0.000,0,0.6000,0.0607,31.370,82.318
50.401,8.5174,5.1043,1.03746,18.0000,0.0000,1,ACCEPTED code=1; Nav2 goal accepted; status_seq=3,348,0.4045,2025,0,0,0,0.000,0,0.6000,0.0592,31.978,81.710
50.600,8.5831,5.2174,1.05674,18.0000,0.0000,1,ACCEPTED code=1; Nav2 goal accepted; status_seq=3,350,0.4806,2025,0,0,0,0.000,0,0.6000,0.0597,31.769,81.919
50.800,8.6285,5.2642,1.05603,18.0000,0.0000,1,ACCEPTED code=1; Nav2 goal accepted; status_seq=3,352,0.5395,2025,0,0,0,0.000,0,0.6000,0.0587,32.195,81.493
51.000,8.7096,5.3385,1.06328,18.0000,0.0000,1,ACCEPTED code=1; Nav2 goal accepted; status_seq=3,354,0.6426,2025,0,0,0,0.000,0,0.6000,0.0615,31.264,82.424
51.201,8.7756,5.4294,1.07831,18.0000,0.0000,1,ACCEPTED code=1; Nav2 goal accepted; status_seq=3,356,0.7297,2025,0,0,0,0.000,0,0.6000,0.0612,31.264,82.424
51.400,8.8226,5.4631,1.07804,18.0000,0.0000,1,ACCEPTED code=1; Nav2 goal accepted; status_seq=3,358,0.7912,1734,0,0,0,0.000,0,0.6000,0.0625,31.264,82.424
51.600,8.8722,5.5424,1.10602,18.0000,0.0000,1,ACCEPTED code=1; Nav2 goal accepted; status_seq=3,360,0.8605,1734,0,0,0,0.000,0,0.6000,0.0575,32.674,81.014
51.801,8.9502,5.6760,1.12355,18.0000,0.0000,1,ACCEPTED code=1; Nav2 goal accepted; status_seq=3,364,0.1547,1734,0,0,0,0.000,0,0.6000,0.0579,32.536,81.152
52.001,8.9731,5.7597,1.12056,18.0000,0.0000,1,ACCEPTED code=1; Nav2 goal accepted; status_seq=3,366,0.2417,1734,0,0,0,0.000,0,0.6000,0.0785,31.264,82.424
52.200,9.0032,5.8062,1.13368,18.0000,0.0000,1,ACCEPTED code=1; Nav2 goal accepted; status_seq=3,368,0.2974,1734,0,0,0,0.000,0,0.6000,0.0773,31.264,82.424
52.400,9.0032,5.8062,1.13368,18.0000,0.0000,1,ACCEPTED code=1; Nav2 goal accepted; status_seq=3,370,0.2966,1734,0,0,0,0.000,0,0.6000,0.0773,31.264,82.424
52.600,9.0032,5.8062,1.13368,18.0000,0.0000,1,ACCEPTED code=1; Nav2 goal accepted; status_seq=3,372,0.2966,1734,0,0,0,0.000,0,0.6000,0.0773,31.264,82.424
52.801,9.0032,5.8062,1.13368,18.0000,0.0000,1,ACCEPTED code=1; Nav2 goal accepted; status_seq=3,374,0.2966,1590,0,0,0,0.000,0,0.6000,0.0773,31.264,82.424
53.000,9.0032,5.8062,1.13368,18.0000,0.0000,1,ACCEPTED code=1; Nav2 goal accepted; status_seq=3,376,0.2966,1590,0,0,0,0.000,0,0.6000,0.0773,31.264,82.424
53.200,9.2527,6.3785,1.19203,18.0000,0.0000,1,ACCEPTED code=1; Nav2 goal accepted; status_seq=3,378,0.8142,1590,0,0,0,0.000,0,0.6000,0.0761,31.264,82.424
53.400,9.2527,6.3785,1.19203,18.0000,0.0000,1,ACCEPTED code=1; Nav2 goal accepted; status_seq=3,380,0.8154,1590,0,0,0,0.000,0,0.6000,0.0761,31.264,82.424
53.600,9.3609,6.6174,1.21717,18.0000,0.0000,1,ACCEPTED code=1; Nav2 goal accepted; status_seq=3,382,0.6002,1590,0,0,0,0.000,0,0.6000,0.0740,31.264,82.424
53.800,9.4152,6.7380,1.24013,18.0000,0.0000,1,ACCEPTED code=1; Nav2 goal accepted; status_seq=3,384,0.5090,1440,0,0,0,0.000,0,0.6000,0.0756,31.264,82.424
54.001,9.4709,6.8711,1.24231,18.0000,0.0000,1,ACCEPTED code=1; Nav2 goal accepted; status_seq=3,385,0.4329,1440,0,0,0,0.000,0,0.6000,0.0724,31.264,82.424
54.200,9.5311,6.9843,1.27372,18.0000,0.0000,1,ACCEPTED code=1; Nav2 goal accepted; status_seq=3,385,0.4067,1440,0,0,0,0.000,0,0.6000,0.0724,31.264,82.424
54.400,9.5707,7.0581,1.26108,18.0000,0.0000,1,ACCEPTED code=1; Nav2 goal accepted; status_seq=3,388,0.4071,1440,0,0,0,0.000,0,0.6000,0.0711,31.264,82.424
54.601,9.6130,7.1423,1.27648,18.0000,0.0000,1,ACCEPTED code=1; Nav2 goal accepted; status_seq=3,390,0.4303,1440,0,0,0,0.000,0,0.6000,0.0728,31.264,82.424
54.801,9.6772,7.2577,1.29917,18.0000,0.0000,1,ACCEPTED code=1; Nav2 goal accepted; status_seq=3,392,0.4976,1440,0,0,0,0.000,0,0.6000,0.0726,31.264,82.424
55.000,9.7228,7.3348,1.29367,18.0000,0.0000,1,ACCEPTED code=1; Nav2 goal accepted; status_seq=3,394,0.5565,1440,0,0,0,0.000,0,0.6000,0.0748,31.264,82.424
55.201,9.7756,7.4537,1.30637,18.0000,0.0000,1,ACCEPTED code=1; Nav2 goal accepted; status_seq=3,396,0.6459,1440,0,0,0,0.000,0,0.6000,0.0772,31.264,82.424
55.401,9.8283,7.5340,1.33244,18.0000,0.0000,1,ACCEPTED code=1; Nav2 goal accepted; status_seq=3,398,0.7297,1440,0,0,0,0.000,0,0.6000,0.0734,31.264,82.424
55.600,9.8671,7.6082,1.33024,18.0000,0.0000,1,ACCEPTED code=1; Nav2 goal accepted; status_seq=3,400,0.8049,1382,0,0,0,0.000,0,0.6000,0.0761,31.264,82.424
55.802,9.8871,7.7019,1.34145,18.0000,0.0000,1,ACCEPTED code=1; Nav2 goal accepted; status_seq=3,402,0.8907,1382,0,0,0,0.000,0,0.6000,0.0675,31.264,82.424
56.001,9.9071,7.7847,1.32833,18.0000,0.0000,1,ACCEPTED code=1; Nav2 goal accepted; status_seq=3,404,0.9362,1382,0,0,0,0.000,0,0.6000,0.0735,31.264,82.424
56.200,9.9475,7.8271,1.37448,18.0000,0.0000,1,ACCEPTED code=1; Nav2 goal accepted; status_seq=3,408,0.1488,1382,0,0,0,0.000,0,0.6000,0.0441,38.306,75.382
56.401,9.9533,7.9029,1.36524,18.0000,0.0000,1,ACCEPTED code=1; Nav2 goal accepted; status_seq=3,410,0.2140,1382,0,0,0,0.000,0,0.6000,0.0381,40.850,72.838
56.600,9.9688,7.9520,1.37132,18.0000,0.0000,1,ACCEPTED code=1; Nav2 goal accepted; status_seq=3,412,0.2694,1379,0,0,0,0.000,0,0.6000,0.0413,37.708,75.980
56.800,9.9688,7.9520,1.37132,18.0000,0.0000,1,ACCEPTED code=1; Nav2 goal accepted; status_seq=3,414,0.2680,1379,0,0,0,0.000,0,0.6000,0.0445,38.156,75.532
57.000,9.9688,7.9520,1.37132,18.0000,0.0000,1,ACCEPTED code=1; Nav2 goal accepted; status_seq=3,416,0.2680,1379,0,0,0,0.000,0,0.6000,0.0445,38.156,75.532
57.201,10.0852,8.3558,1.42100,18.0000,0.0000,1,ACCEPTED code=1; Nav2 goal accepted; status_seq=3,418,0.6881,1379,0,0,0,0.000,0,0.6000,0.0445,38.156,75.532
57.400,10.1343,8.3813,1.42720,18.0000,0.0000,1,ACCEPTED code=1; Nav2 goal accepted; status_seq=3,420,0.7287,1379,0,0,0,0.000,0,0.6000,0.0418,39.279,74.409
57.601,10.1387,8.4656,1.43077,18.0000,0.0000,1,ACCEPTED code=1; Nav2 goal accepted; status_seq=3,422,0.8105,1379,0,0,0,0.000,0,0.6000,0.0357,40.481,73.207
57.801,10.1354,8.6346,1.41267,18.0000,0.0000,1,ACCEPTED code=1; Nav2 goal accepted; status_seq=3,424,0.8073,1626,0,0,0,0.000,0,0.6000,0.0402,39.973,73.715
58.000,10.1774,8.6309,1.45900,18.0000,0.0000,1,ACCEPTED code=1; Nav2 goal accepted; status_seq=3,426,0.8135,1626,0,0,0,0.000,0,0.6000,0.0365,41.534,72.154
58.200,10.1836,8.7562,1.45138,18.0000,0.0000,1,ACCEPTED code=1; Nav2 goal accepted; status_seq=3,428,0.6900,1626,0,0,0,0.000,0,0.6000,0.0384,40.719,72.969
58.401,10.1966,8.9232,1.48992,18.0000,0.0000,1,ACCEPTED code=1; Nav2 goal accepted; status_seq=3,430,0.5348,1626,0,0,0,0.000,0,0.6000,0.0390,40.448,73.240
58.601,10.2213,9.0303,1.47427,18.0000,0.0000,1,ACCEPTED code=1; Nav2 goal accepted; status_seq=3,432,0.4442,1626,0,0,0,0.000,0,0.6000,0.0281,45.036,68.652
58.800,10.2524,9.0756,1.47759,18.0000,0.0000,1,ACCEPTED code=1; Nav2 goal accepted; status_seq=3,434,0.4171,1626,0,0,0,0.000,0,0.6000,0.0343,42.453,71.235
59.000,10.2898,9.2532,1.51454,18.0000,0.0000,1,ACCEPTED code=1; Nav2 goal accepted; status_seq=3,436,0.3086,1347,0,0,0,0.000,0,0.6000,0.0363,41.603,72.085
59.200,10.3241,9.3241,1.49855,18.0000,0.0000,1,ACCEPTED code=1; Nav2 goal accepted; status_seq=3,438,0.3090,1347,0,0,0,0.000,0,0.6000,0.0353,44.063,69.625
59.400,10.3253,9.3250,1.49529,18.0000,0.0000,1,ACCEPTED code=1; Nav2 goal accepted; status_seq=3,440,0.3095,1347,0,0,0,0.000,0,0.6000,0.0377,40.991,72.697
59.600,10.4104,9.6148,1.48364,18.0000,0.0000,1,ACCEPTED code=1; Nav2 goal accepted; status_seq=3,442,0.4436,1347,0,0,0,0.000,0,0.6000,0.0393,40.350,73.338
59.801,10.4282,9.6895,1.53379,18.0000,0.0000,1,ACCEPTED code=1; Nav2 goal accepted; status_seq=3,444,0.4842,1347,0,0,0,0.000,0,0.6000,0.0403,39.910,73.778
60.000,10.4300,9.7006,1.53302,18.0000,0.0000,1,ACCEPTED code=1; Nav2 goal accepted; status_seq=3,446,0.4751,1347,0,0,0,0.000,0,0.6000,0.0353,41.999,71.689
60.200,10.4300,9.7006,1.53302,18.0000,0.0000,1,ACCEPTED code=1; Nav2 goal accepted; status_seq=3,448,0.4751,1347,0,0,0,0.000,0,0.6000,0.0353,41.999,71.689
60.401,10.4300,9.7006,1.53302,18.0000,0.0000,1,ACCEPTED code=1; Nav2 goal accepted; status_seq=3,452,0.0009,1347,0,0,0,0.000,0,0.6000,0.0583,32.360,81.328
60.600,10.4427,10.1950,1.57671,18.0000,0.0000,1,ACCEPTED code=1; Nav2 goal accepted; status_seq=3,454,0.4950,1232,0,0,0,0.000,0,0.6000,0.0583,32.360,81.328
60.800,10.4550,10.3447,1.57785,18.0000,0.0000,1,ACCEPTED code=1; Nav2 goal accepted; status_seq=3,456,0.6449,1232,0,0,0,0.000,0,0.6000,0.0595,31.833,81.855
61.001,10.4839,10.4158,1.55663,18.0000,0.0000,1,ACCEPTED code=1; Nav2 goal accepted; status_seq=3,458,0.7285,1232,0,0,0,0.000,0,0.6000,0.0636,31.264,82.424
61.201,10.4849,10.5167,1.61255,18.0000,0.0000,1,ACCEPTED code=1; Nav2 goal accepted; status_seq=3,460,0.8181,1232,0,0,0,0.000,0,0.6000,0.0602,31.551,82.137
61.400,10.4515,10.5596,1.57540,18.0000,0.0000,1,ACCEPTED code=1; Nav2 goal accepted; status_seq=3,462,0.8625,1232,0,0,0,0.000,0,0.6000,0.0626,31.264,82.424
61.601,10.4342,10.7504,1.60374,18.0000,0.0000,1,ACCEPTED code=1; Nav2 goal accepted; status_seq=3,464,0.7191,1296,0,0,0,0.000,0,0.6000,0.0570,32.909,80.779
61.800,10.4354,10.7514,1.60985,18.0000,0.0000,1,ACCEPTED code=1; Nav2 goal accepted; status_seq=3,466,0.7175,1296,0,0,0,0.000,0,0.6000,0.0570,32.895,80.793
62.000,10.4414,10.9343,1.62762,18.0000,0.0000,1,ACCEPTED code=1; Nav2 goal accepted; status_seq=3,468,0.5633,1296,0,0,0,0.000,0,0.6000,0.0568,32.999,80.689
62.200,10.4462,11.0025,1.61971,18.0000,0.0000,1,ACCEPTED code=1; Nav2 goal accepted; status_seq=3,470,0.5033,1296,0,0,0,0.000,0,0.6000,0.0573,32.769,80.919
62.400,10.4462,11.0025,1.61971,18.0000,0.0000,1,ACCEPTED code=1; Nav2 goal accepted; status_seq=3,472,0.5048,1296,0,0,0,0.000,0,0.6000,0.0592,31.969,81.719
62.600,10.4257,11.2438,1.64603,18.0000,0.0000,1,ACCEPTED code=1; Nav2 goal accepted; status_seq=3,474,0.3243,1627,0,0,0,0.000,0,0.6000,0.0534,31.969,81.719
62.801,10.4618,11.3097,1.67548,18.0000,0.0000,1,ACCEPTED code=1; Nav2 goal accepted; status_seq=3,476,0.3297,1627,0,0,0,0.000,0,0.6000,0.0580,32.482,81.206
63.000,10.4618,11.3097,1.67548,18.0000,0.0000,1,ACCEPTED code=1; Nav2 goal accepted; status_seq=3,478,0.3331,1627,0,0,0,0.000,0,0.6000,0.0519,35.063,78.625
63.200,10.4618,11.3097,1.67548,18.0000,0.0000,1,ACCEPTED code=1; Nav2 goal accepted; status_seq=3,480,0.3331,1627,0,0,0,0.000,0,0.6000,0.0519,35.063,78.625
63.400,10.4367,11.6372,1.68960,18.0000,0.0000,1,ACCEPTED code=1; Nav2 goal accepted; status_seq=3,482,0.3656,1627,0,0,0,0.000,0,0.6000,0.0469,37.147,76.541
63.601,10.4251,11.7522,1.70675,18.0000,0.0000,1,ACCEPTED code=1; Nav2 goal accepted; status_seq=3,484,0.4466,1627,0,0,0,0.000,0,0.6000,0.0529,34.638,79.050
63.800,10.4398,11.8453,1.72642,18.0000,0.0000,1,ACCEPTED code=1; Nav2 goal accepted; status_seq=3,486,0.5299,1325,0,0,0,0.000,0,0.6000,0.0469,37.148,76.540
64.001,10.5032,11.9143,1.72043,18.0000,0.0000,1,ACCEPTED code=1; Nav2 goal accepted; status_seq=3,488,0.6239,1325,0,0,0,0.000,0,0.6000,0.0559,35.345,78.343
64.201,10.4780,12.0078,1.75239,18.0000,0.0000,1,ACCEPTED code=1; Nav2 goal accepted; status_seq=3,490,0.6838,1325,0,0,0,0.000,0,0.6000,0.0430,38.791,74.897
64.401,10.4781,12.0078,1.75270,18.0000,0.0000,1,ACCEPTED code=1; Nav2 goal accepted; status_seq=3,492,0.6893,1325,0,0,0,0.000,0,0.6000,0.0479,36.713,76.975
64.600,10.4781,12.0078,1.75270,18.0000,0.0000,1,ACCEPTED code=1; Nav2 goal accepted; status_seq=3,496,0.0008,1325,0,0,0,0.000,0,0.5632,0.1000,28.522,75.194
64.801,10.4532,12.3613,1.75519,18.0000,0.0000,1,ACCEPTED code=1; Nav2 goal accepted; status_seq=3,498,0.3721,1154,0,0,0,0.000,0,0.5463,0.1000,27.299,71.969
65.000,10.4752,12.5031,1.79311,18.0000,0.0000,1,ACCEPTED code=1; Nav2 goal accepted; status_seq=3,500,0.4931,1154,0,0,0,0.000,0,0.5188,0.1000,25.358,66.852
65.201,10.4503,12.6408,1.78448,18.0000,0.0000,1,ACCEPTED code=1; Nav2 goal accepted; status_seq=3,502,0.6332,1154,0,0,0,0.000,0,0.5232,0.1000,25.662,67.655
65.400,10.4608,12.7905,1.79724,18.0000,0.0000,1,ACCEPTED code=1; Nav2 goal accepted; status_seq=3,504,0.7837,1154,0,0,0,0.000,0,0.4954,0.1000,23.752,62.618
65.600,10.4656,12.8008,1.81545,18.0000,0.0000,1,ACCEPTED code=1; Nav2 goal accepted; status_seq=3,506,0.7938,1154,0,0,0,0.000,0,0.5077,0.1000,24.588,64.824
65.800,10.4656,12.8008,1.81545,18.0000,0.0000,1,ACCEPTED code=1; Nav2 goal accepted; status_seq=3,508,0.7938,1154,0,0,0,0.000,0,0.5077,0.1000,24.588,64.824
66.000,10.4656,12.8008,1.81545,18.0000,0.0000,1,ACCEPTED code=1; Nav2 goal accepted; status_seq=3,509,0.7938,1154,0,0,0,0.000,0,0.5077,0.1000,24.588,64.824
66.200,10.4656,12.8008,1.81545,18.0000,0.0000,1,ACCEPTED code=1; Nav2 goal accepted; status_seq=3,509,0.7938,1154,0,0,0,0.000,0,0.5077,0.1000,24.588,64.824
66.400,10.2350,13.3435,1.86467,18.0000,0.0000,1,ACCEPTED code=1; Nav2 goal accepted; status_seq=3,512,0.6449,1364,0,0,0,0.000,0,0.5110,0.1000,24.813,65.417
66.600,10.1911,13.5221,1.85528,18.0000,0.0000,1,ACCEPTED code=1; Nav2 goal accepted; status_seq=3,514,0.6231,1364,0,0,0,0.000,0,0.5138,0.1000,25.009,65.932
66.800,10.1441,13.5881,1.88179,18.0000,0.0000,1,ACCEPTED code=1; Nav2 goal accepted; status_seq=3,516,0.5844,1364,0,0,0,0.000,0,0.5075,0.1000,24.577,64.794
67.000,10.1441,13.5881,1.88179,18.0000,0.0000,1,ACCEPTED code=1; Nav2 goal accepted; status_seq=3,518,0.5920,1364,0,0,0,0.000,0,0.5003,0.1000,24.085,63.497
67.201,10.1441,13.5881,1.88179,18.0000,0.0000,1,ACCEPTED code=1; Nav2 goal accepted; status_seq=3,520,0.5920,1364,0,0,0,0.000,0,0.5003,0.1000,24.085,63.497
67.400,10.0383,13.9286,1.88565,18.0000,0.0000,1,ACCEPTED code=1; Nav2 goal accepted; status_seq=3,522,0.6967,1364,0,0,0,0.000,0,0.4791,0.1000,22.660,59.741
67.600,10.0239,13.9984,1.92529,18.0000,0.0000,1,ACCEPTED code=1; Nav2 goal accepted; status_seq=3,524,0.7441,1482,0,0,0,0.000,0,0.4946,0.1000,23.698,62.476
67.800,10.0239,13.9984,1.92529,18.0000,0.0000,1,ACCEPTED code=1; Nav2 goal accepted; status_seq=3,526,0.7478,1482,0,0,0,0.000,0,0.4918,0.1000,23.507,61.974
68.000,10.0239,13.9984,1.92529,18.0000,0.0000,1,ACCEPTED code=1; Nav2 goal accepted; status_seq=3,528,0.7478,1482,0,0,0,0.000,0,0.4918,0.1000,23.507,61.974
68.200,10.0239,13.9984,1.92529,18.0000,0.0000,1,ACCEPTED code=1; Nav2 goal accepted; status_seq=3,530,0.7478,1482,0,0,0,0.000,0,0.4918,0.1000,23.507,61.974
68.400,9.9626,14.2192,1.96555,18.0000,0.0000,1,ACCEPTED code=1; Nav2 goal accepted; status_seq=3,532,0.9047,1482,0,0,0,0.000,0,0.4970,0.1000,23.861,62.906
68.600,9.9886,14.3030,1.95833,18.0000,0.0000,1,ACCEPTED code=1; Nav2 goal accepted; status_seq=3,536,0.0912,1482,0,0,0,0.000,0,0.4672,0.1000,21.875,57.670
68.801,9.9856,14.3146,1.94582,18.0000,0.0000,1,ACCEPTED code=1; Nav2 goal accepted; status_seq=3,538,0.1017,1256,0,0,0,0.000,0,0.6000,0.0771,31.264,82.424
69.001,9.9816,14.4079,1.98821,18.0000,0.0000,1,ACCEPTED code=1; Nav2 goal accepted; status_seq=3,540,0.1882,1256,0,0,0,0.000,0,0.6000,0.0704,31.264,82.424
69.200,9.9959,14.4508,1.96550,18.0000,0.0000,1,ACCEPTED code=1; Nav2 goal accepted; status_seq=3,542,0.2404,1256,0,0,0,0.000,0,0.6000,0.0782,31.264,82.424
69.400,9.9959,14.4508,1.96550,18.0000,0.0000,1,ACCEPTED code=1; Nav2 goal accepted; status_seq=3,544,0.2377,1256,0,0,0,0.000,0,0.6000,0.0782,31.264,82.424
69.600,10.0392,14.7447,2.00486,18.0000,0.0000,1,ACCEPTED code=1; Nav2 goal accepted; status_seq=3,546,0.5361,1256,0,0,0,0.000,0,0.6000,0.0775,31.264,82.424
69.801,9.9818,14.8138,2.01948,18.0000,0.0000,1,ACCEPTED code=1; Nav2 goal accepted; status_seq=3,548,0.6023,1256,0,0,0,0.000,0,0.6000,0.0811,31.264,82.424
70.000,9.9822,14.8155,2.02520,18.0000,0.0000,1,ACCEPTED code=1; Nav2 goal accepted; status_seq=3,550,0.6007,1256,0,0,0,0.000,0,0.6000,0.0783,31.264,82.424
70.200,9.9822,14.8155,2.02520,18.0000,0.0000,1,ACCEPTED code=1; Nav2 goal accepted; status_seq=3,552,0.6007,1140,0,0,0,0.000,0,0.6000,0.0783,31.264,82.424
70.400,9.9822,14.8155,2.02520,18.0000,0.0000,1,ACCEPTED code=1; Nav2 goal accepted; status_seq=3,554,0.6007,1140,0,0,0,0.000,0,0.6000,0.0783,31.264,82.424
70.600,9.7776,15.1219,2.05884,18.0000,0.0000,1,ACCEPTED code=1; Nav2 goal accepted; status_seq=3,556,0.8324,1140,0,0,0,0.000,0,0.6000,0.0803,31.264,82.424
70.800,9.7579,15.1706,2.06761,18.0000,0.0000,1,ACCEPTED code=1; Nav2 goal accepted; status_seq=3,558,0.8647,1140,0,0,0,0.000,0,0.6000,0.0763,31.264,82.424
71.000,9.6845,15.4347,2.10056,18.0000,0.0000,1,ACCEPTED code=1; Nav2 goal accepted; status_seq=3,560,0.6803,1140,0,0,0,0.000,0,0.6000,0.0776,31.264,82.424
71.200,9.5575,15.6259,2.12764,18.0000,0.0000,1,ACCEPTED code=1; Nav2 goal accepted; status_seq=3,562,0.5234,1437,0,0,0,0.000,0,0.6000,0.0769,31.264,82.424
71.401,9.4701,15.7549,2.12468,18.0000,0.0000,1,ACCEPTED code=1; Nav2 goal accepted; status_seq=3,564,0.4496,1437,0,0,0,0.000,0,0.6000,0.0791,31.264,82.424
71.601,9.3899,15.7853,2.12715,18.0000,0.0000,1,ACCEPTED code=1; Nav2 goal accepted; status_seq=3,566,0.3829,1437,0,0,0,0.000,0,0.6000,0.0765,31.264,82.424
71.800,9.3899,15.7853,2.12715,18.0000,0.0000,1,ACCEPTED code=1; Nav2 goal accepted; status_seq=3,568,0.3831,1437,0,0,0,0.000,0,0.6000,0.0765,31.264,82.424
72.000,9.0957,16.0739,2.15490,18.0000,0.0000,1,ACCEPTED code=1; Nav2 goal accepted; status_seq=3,569,0.4344,1437,0,0,0,0.000,0,0.6000,0.0765,31.264,82.424
72.201,9.0570,16.1161,2.12791,18.0000,0.0000,1,ACCEPTED code=1; Nav2 goal accepted; status_seq=3,571,0.4724,1437,0,0,0,0.000,0,0.6000,0.0751,31.264,82.424
72.400,8.9530,16.4185,2.17610,18.0000,0.0000,1,ACCEPTED code=1; Nav2 goal accepted; status_seq=3,573,0.7779,1504,0,0,0,0.000,0,0.6000,0.0879,31.264,82.424
72.601,9.0388,16.5273,2.18372,18.0000,0.0000,1,ACCEPTED code=1; Nav2 goal accepted; status_seq=3,575,0.8905,1504,0,0,0,0.000,0,0.6000,0.0884,31.264,82.424
72.801,9.0392,16.5093,2.20973,18.0000,0.0000,1,ACCEPTED code=1; Nav2 goal accepted; status_seq=3,579,0.0382,1504,0,0,0,0.000,0,0.6000,0.0386,31.264,82.424
73.000,9.0268,16.5114,2.20259,18.0000,0.0000,1,ACCEPTED code=1; Nav2 goal accepted; status_seq=3,581,0.0401,1504,0,0,0,0.000,0,0.6000,0.0405,43.456,70.232
73.200,9.0384,16.5843,2.21800,18.0000,0.0000,1,ACCEPTED code=1; Nav2 goal accepted; status_seq=3,583,0.1037,1504,0,0,0,0.000,0,0.6000,0.0363,43.456,70.232
73.400,9.0384,16.5843,2.21800,18.0000,0.0000,1,ACCEPTED code=1; Nav2 goal accepted; status_seq=3,585,0.1059,1504,0,0,0,0.000,0,0.6000,0.0363,41.596,72.092
73.600,9.0278,16.7949,2.21390,18.0000,0.0000,1,ACCEPTED code=1; Nav2 goal accepted; status_seq=3,587,0.3142,1415,0,0,0,0.000,0,0.6000,0.0363,41.596,72.092
73.801,8.9631,16.7752,2.22673,18.0000,0.0000,1,ACCEPTED code=1; Nav2 goal accepted; status_seq=3,589,0.2968,1415,0,0,0,0.000,0,0.6000,0.0383,40.744,72.944
74.000,8.9144,16.8260,2.27268,18.0000,0.0000,1,ACCEPTED code=1; Nav2 goal accepted; status_seq=3,591,0.3619,1415,0,0,0,0.000,0,0.6000,0.0336,39.734,73.954
74.200,8.9206,16.8391,2.27653,18.0000,0.0000,1,ACCEPTED code=1; Nav2 goal accepted; status_seq=3,593,0.3702,1415,0,0,0,0.000,0,0.6000,0.0304,44.086,69.602
74.401,8.8069,17.0126,2.28572,18.0000,0.0000,1,ACCEPTED code=1; Nav2 goal accepted; status_seq=3,595,0.5709,1415,0,0,0,0.000,0,0.6000,0.0336,42.721,70.967
74.600,8.6875,17.0991,2.31306,18.0000,0.0000,1,ACCEPTED code=1; Nav2 goal accepted; status_seq=3,597,0.6938,1415,0,0,0,0.000,0,0.6000,0.0204,42.721,70.967
74.800,8.5694,17.1662,2.28269,18.0000,0.0000,1,ACCEPTED code=1; Nav2 goal accepted; status_seq=3,599,0.8488,1168,0,0,0,0.000,0,0.6000,0.0384,42.433,71.255
75.000,8.5316,17.2725,2.30475,18.0000,0.0000,1,ACCEPTED code=1; Nav2 goal accepted; status_seq=3,601,0.8204,1168,0,0,0,0.000,0,0.6000,0.0301,40.106,73.582
75.200,8.4702,17.3412,2.28695,18.0000,0.0000,1,ACCEPTED code=1; Nav2 goal accepted; status_seq=3,603,0.7274,1168,0,0,0,0.000,0,0.6000,0.0410,42.059,71.629
75.400,8.4702,17.3412,2.28695,18.0000,0.0000,1,ACCEPTED code=1; Nav2 goal accepted; status_seq=3,605,0.7274,1168,0,0,0,0.000,0,0.6000,0.0410,39.638,74.050
75.600,8.2837,17.5213,2.32126,18.0000,0.0000,1,ACCEPTED code=1; Nav2 goal accepted; status_seq=3,607,0.4717,1168,0,0,0,0.000,0,0.6000,0.0369,45.255,68.433
75.800,8.2837,17.5213,2.32126,18.0000,0.0000,1,ACCEPTED code=1; Nav2 goal accepted; status_seq=3,609,0.4717,1168,0,0,0,0.000,0,0.6000,0.0369,41.332,72.356
76.000,8.2837,17.5213,2.32126,18.0000,0.0000,1,ACCEPTED code=1; Nav2 goal accepted; status_seq=3,611,0.4717,1168,0,0,0,0.000,0,0.6000,0.0369,41.332,72.356
76.200,7.9715,17.7992,2.32609,18.0000,0.0000,1,ACCEPTED code=1; Nav2 goal accepted; status_seq=3,613,0.1189,1574,0,0,0,0.000,0,0.6000,0.0369,41.332,72.356
76.401,7.7749,17.8932,2.35753,18.0000,0.0000,1,ACCEPTED code=1; Nav2 goal accepted; status_seq=3,615,0.2501,1574,0,0,0,0.000,0,0.6000,0.0312,44.485,69.203
76.601,7.7383,18.0180,2.36010,18.0000,0.0000,1,ACCEPTED code=1; Nav2 goal accepted; status_seq=3,617,0.2968,1574,0,0,0,0.000,0,0.6000,0.0389,44.458,69.230
76.801,7.6758,18.1275,2.37811,18.0000,0.0000,1,ACCEPTED code=1; Nav2 goal accepted; status_seq=3,621,0.0373,1574,0,0,0,0.000,0,0.6000,0.0396,38.986,74.702
77.001,7.5376,18.3931,2.34923,18.0000,0.0000,1,ACCEPTED code=1; Nav2 goal accepted; status_seq=3,623,0.3504,1574,0,0,0,0.000,0,0.6000,0.0924,31.264,82.424
77.200,7.5728,18.4406,2.38877,18.0000,0.0000,1,ACCEPTED code=1; Nav2 goal accepted; status_seq=3,625,0.3662,1574,0,0,0,0.000,0,0.6000,0.0879,31.264,82.424
77.401,7.4912,18.6000,2.38034,18.0000,0.0000,1,ACCEPTED code=1; Nav2 goal accepted; status_seq=3,627,0.5422,1595,0,0,0,0.000,0,0.6000,0.0933,31.264,82.424
77.600,7.4705,18.6554,2.37483,18.0000,0.0000,1,ACCEPTED code=1; Nav2 goal accepted; status_seq=3,629,0.6026,1595,0,0,0,0.000,0,0.6000,0.0919,31.264,82.424
77.800,7.4284,18.6589,2.41113,18.0000,0.0000,1,ACCEPTED code=1; Nav2 goal accepted; status_seq=3,631,0.6227,1595,0,0,0,0.000,0,0.6000,0.0893,31.264,82.424
78.001,7.3908,18.6726,2.41407,18.0000,0.0000,1,ACCEPTED code=1; Nav2 goal accepted; status_seq=3,633,0.6534,1595,0,0,0,0.000,0,0.6000,0.0947,31.264,82.424
78.200,7.3908,18.6706,2.42012,18.0000,0.0000,1,ACCEPTED code=1; Nav2 goal accepted; status_seq=3,635,0.6480,1595,0,0,0,0.000,0,0.6000,0.0908,31.264,82.424
78.400,7.2144,18.7836,2.43100,18.0000,0.0000,1,ACCEPTED code=1; Nav2 goal accepted; status_seq=3,637,0.8371,1462,0,0,0,0.000,0,0.6000,0.0887,31.264,82.424
78.600,7.1896,18.8305,2.46423,18.0000,0.0000,1,ACCEPTED code=1; Nav2 goal accepted; status_seq=3,639,0.8877,1462,0,0,0,0.000,0,0.6000,0.0902,31.264,82.424
78.801,7.1356,18.9340,2.45439,18.0000,0.0000,1,ACCEPTED code=1; Nav2 goal accepted; status_seq=3,641,0.9007,1462,0,0,0,0.000,0,0.6000,0.0967,31.264,82.424
79.001,7.0861,19.0010,2.45432,18.0000,0.0000,1,ACCEPTED code=1; Nav2 goal accepted; status_seq=3,643,0.8236,1462,0,0,0,0.000,0,0.6000,0.0978,31.264,82.424
79.200,7.0760,18.9968,2.46739,18.0000,0.0000,1,ACCEPTED code=1; Nav2 goal accepted; status_seq=3,645,0.8279,1462,0,0,0,0.000,0,0.6000,0.0938,31.264,82.424
79.400,6.9895,19.1029,2.49804,18.0000,0.0000,1,ACCEPTED code=1; Nav2 goal accepted; status_seq=3,647,0.7353,1462,0,0,0,0.000,0,0.6000,0.0932,31.264,82.424
79.600,6.9656,19.1231,2.49515,18.0000,0.0000,1,ACCEPTED code=1; Nav2 goal accepted; status_seq=3,649,0.7130,1469,0,0,0,0.000,0,0.6000,0.0929,31.264,82.424
79.801,6.7256,19.2542,2.49466,18.0000,0.0000,1,ACCEPTED code=1; Nav2 goal accepted; status_seq=3,651,0.4972,1469,0,0,0,0.000,0,0.6000,0.0945,31.264,82.424
80.000,6.7175,19.2756,2.52063,18.0000,0.0000,1,ACCEPTED code=1; Nav2 goal accepted; status_seq=3,653,0.4989,1469,0,0,0,0.000,0,0.6000,0.0931,31.264,82.424
80.200,6.4851,19.3768,2.53662,18.0000,0.0000,1,ACCEPTED code=1; Nav2 goal accepted; status_seq=3,655,0.3733,1469,0,0,0,0.000,0,0.6000,0.0970,31.264,82.424
80.400,6.3105,19.4679,2.59466,18.0000,0.0000,1,ACCEPTED code=1; Nav2 goal accepted; status_seq=3,657,0.3802,1469,0,0,0,0.000,0,0.6000,0.0931,31.264,82.424
80.600,6.2691,19.4478,2.55158,18.0000,0.0000,1,ACCEPTED code=1; Nav2 goal accepted; status_seq=3,659,0.3554,1469,0,0,0,0.000,0,0.6000,0.0921,31.264,82.424
80.801,6.0806,19.6135,2.54967,18.0000,0.0000,1,ACCEPTED code=1; Nav2 goal accepted; status_seq=3,661,0.5597,1701,0,0,0,0.000,0,0.6000,0.0978,31.264,82.424
81.001,5.9994,19.6776,2.57559,18.0000,0.0000,1,ACCEPTED code=1; Nav2 goal accepted; status_seq=3,665,0.1025,1701,0,0,0,0.000,0,0.6000,0.0693,31.264,82.424
81.200,5.8953,19.7701,2.58347,18.0000,0.0000,1,ACCEPTED code=1; Nav2 goal accepted; status_seq=3,667,0.2422,1701,0,0,0,0.000,0,0.6000,0.0742,31.264,82.424
81.400,5.7534,19.8901,2.63696,18.0000,0.0000,1,ACCEPTED code=1; Nav2 goal accepted; status_seq=3,669,0.4265,1701,0,0,0,0.000,0,0.6000,0.0727,31.264,82.424
81.600,5.7590,19.8673,2.60931,18.0000,0.0000,1,ACCEPTED code=1; Nav2 goal accepted; status_seq=3,671,0.4078,1701,0,0,0,0.000,0,0.6000,0.0737,31.264,82.424
81.801,5.7590,19.8673,2.60931,18.0000,0.0000,1,ACCEPTED code=1; Nav2 goal accepted; status_seq=3,673,0.4078,1701,0,0,0,0.000,0,0.6000,0.0737,31.264,82.424
82.000,5.7590,19.8673,2.60931,18.0000,0.0000,1,ACCEPTED code=1; Nav2 goal accepted; status_seq=3,675,0.4078,1760,0,0,0,0.000,0,0.6000,0.0737,31.264,82.424
82.200,5.5254,20.0595,2.65511,18.0000,0.0000,1,ACCEPTED code=1; Nav2 goal accepted; status_seq=3,677,0.7099,1760,0,0,0,0.000,0,0.6000,0.0726,31.264,82.424
82.400,5.4500,20.1102,2.65771,18.0000,0.0000,1,ACCEPTED code=1; Nav2 goal accepted; status_seq=3,679,0.8022,1760,0,0,0,0.000,0,0.6000,0.0777,31.264,82.424
82.600,5.4313,20.1474,2.66428,18.0000,0.0000,1,ACCEPTED code=1; Nav2 goal accepted; status_seq=3,681,0.8370,1760,0,0,0,0.000,0,0.6000,0.0748,31.264,82.424
82.800,5.4313,20.1474,2.66428,18.0000,0.0000,1,ACCEPTED code=1; Nav2 goal accepted; status_seq=3,683,0.8370,1760,0,0,0,0.000,0,0.6000,0.0748,31.264,82.424
83.000,5.2675,20.3381,2.69936,18.0000,0.0000,1,ACCEPTED code=1; Nav2 goal accepted; status_seq=3,685,0.6999,1735,0,0,0,0.000,0,0.6000,0.0797,31.264,82.424
83.200,5.2642,20.3145,2.70416,18.0000,0.0000,1,ACCEPTED code=1; Nav2 goal accepted; status_seq=3,687,0.6835,1735,0,0,0,0.000,0,0.6000,0.0737,31.264,82.424
83.400,5.2642,20.3145,2.70416,18.0000,0.0000,1,ACCEPTED code=1; Nav2 goal accepted; status_seq=3,689,0.6835,1735,0,0,0,0.000,0,0.6000,0.0737,31.264,82.424
83.600,5.2642,20.3145,2.70416,18.0000,0.0000,1,ACCEPTED code=1; Nav2 goal accepted; status_seq=3,691,0.6835,1735,0,0,0,0.000,0,0.6000,0.0737,31.264,82.424
83.800,5.2642,20.3145,2.70416,18.0000,0.0000,1,ACCEPTED code=1; Nav2 goal accepted; status_seq=3,693,0.6835,1735,0,0,0,0.000,0,0.6000,0.0737,31.264,82.424
84.000,5.2642,20.3145,2.70416,18.0000,0.0000,1,ACCEPTED code=1; Nav2 goal accepted; status_seq=3,695,0.6835,1735,0,0,0,0.000,0,0.6000,0.0737,31.264,82.424
84.201,4.8398,20.6855,2.76073,18.0000,0.0000,1,ACCEPTED code=1; Nav2 goal accepted; status_seq=3,697,0.4430,1735,0,0,0,0.000,0,0.6000,0.0787,31.264,82.424
84.401,4.6400,20.6982,2.78201,18.0000,0.0000,1,ACCEPTED code=1; Nav2 goal accepted; status_seq=3,699,0.3729,1735,0,0,0,0.000,0,0.6000,0.0725,31.264,82.424
84.600,4.5222,20.7776,2.77288,18.0000,0.0000,1,ACCEPTED code=1; Nav2 goal accepted; status_seq=3,701,0.4588,1735,0,0,0,0.000,0,0.6000,0.0845,31.264,82.424
84.800,4.3703,20.8653,2.85111,18.0000,0.0000,1,ACCEPTED code=1; Nav2 goal accepted; status_seq=3,703,0.5978,1781,0,0,0,0.000,0,0.6000,0.0719,31.264,82.424
85.000,4.1927,20.9211,2.79019,18.0000,0.0000,1,ACCEPTED code=1; Nav2 goal accepted; status_seq=3,707,0.1782,1781,0,0,0,0.000,0,0.6000,0.0611,31.264,82.424
85.200,4.2202,20.9789,2.81363,18.0000,0.0000,1,ACCEPTED code=1; Nav2 goal accepted; status_seq=3,709,0.1903,1781,0,0,0,0.000,0,0.6000,0.0636,31.264,82.424
85.400,4.2202,20.9789,2.81363,18.0000,0.0000,1,ACCEPTED code=1; Nav2 goal accepted; status_seq=3,711,0.1903,1781,0,0,0,0.000,0,0.6000,0.0636,31.264,82.424
85.600,4.2202,20.9789,2.81363,18.0000,0.0000,1,ACCEPTED code=1; Nav2 goal accepted; status_seq=3,713,0.1903,1781,0,0,0,0.000,0,0.6000,0.0636,31.264,82.424
85.800,4.2202,20.9789,2.81363,18.0000,0.0000,1,ACCEPTED code=1; Nav2 goal accepted; status_seq=3,715,0.1903,1781,0,0,0,0.000,0,0.6000,0.0636,31.264,82.424
86.000,4.2202,20.9789,2.81363,18.0000,0.0000,1,ACCEPTED code=1; Nav2 goal accepted; status_seq=3,717,0.1903,1845,0,0,0,0.000,0,0.6000,0.0636,31.264,82.424
86.200,4.2202,20.9789,2.81363,18.0000,0.0000,1,ACCEPTED code=1; Nav2 goal accepted; status_seq=3,719,0.1903,1845,0,0,0,0.000,0,0.6000,0.0636,31.264,82.424
86.400,4.2202,20.9789,2.81363,18.0000,0.0000,1,ACCEPTED code=1; Nav2 goal accepted; status_seq=3,721,0.1903,1845,0,0,0,0.000,0,0.6000,0.0636,31.264,82.424
86.600,4.2202,20.9789,2.81363,18.0000,0.0000,1,ACCEPTED code=1; Nav2 goal accepted; status_seq=3,723,0.1903,1845,0,0,0,0.000,0,0.6000,0.0636,31.264,82.424
86.800,3.2269,21.6084,2.92392,18.0000,0.0000,1,ACCEPTED code=1; Nav2 goal accepted; status_seq=3,725,0.7048,1845,0,0,0,0.000,0,0.6000,0.0814,31.264,82.424
87.000,3.1653,21.4037,2.97715,18.0000,0.0000,1,ACCEPTED code=1; Nav2 goal accepted; status_seq=3,727,0.4805,2046,0,0,0,0.000,0,0.6000,0.0589,31.264,82.424
87.200,3.1035,21.3380,2.93702,18.0000,0.0000,1,ACCEPTED code=1; Nav2 goal accepted; status_seq=3,729,0.4058,2046,0,0,0,0.000,0,0.6000,0.0646,31.264,82.424
87.400,3.1035,21.3380,2.93702,18.0000,0.0000,1,ACCEPTED code=1; Nav2 goal accepted; status_seq=3,731,0.4058,2046,0,0,0,0.000,0,0.6000,0.0646,31.264,82.424
87.600,3.1035,21.3380,2.93702,18.0000,0.0000,1,ACCEPTED code=1; Nav2 goal accepted; status_seq=3,733,0.4058,2046,0,0,0,0.000,0,0.6000,0.0646,31.264,82.424
87.800,3.1035,21.3380,2.93702,18.0000,0.0000,1,ACCEPTED code=1; Nav2 goal accepted; status_seq=3,735,0.4058,2046,0,0,0,0.000,0,0.6000,0.0646,31.264,82.424
88.000,3.1035,21.3380,2.93702,18.0000,0.0000,1,ACCEPTED code=1; Nav2 goal accepted; status_seq=3,737,0.4058,2046,0,0,0,0.000,0,0.6000,0.0646,31.264,82.424
88.201,3.1035,21.3380,2.93702,18.0000,0.0000,1,ACCEPTED code=1; Nav2 goal accepted; status_seq=3,739,0.4058,2046,0,0,0,0.000,0,0.6000,0.0646,31.264,82.424
88.400,2.5642,21.5668,3.01181,18.0000,0.0000,1,ACCEPTED code=1; Nav2 goal accepted; status_seq=3,741,0.2998,2066,0,0,0,0.000,0,0.6000,0.0641,31.264,82.424
88.600,2.4260,21.5838,3.05562,18.0000,0.0000,1,ACCEPTED code=1; Nav2 goal accepted; status_seq=3,743,0.4211,2066,0,0,0,0.000,0,0.6000,0.0552,31.264,82.424
88.800,2.3697,21.5569,3.03521,18.0000,0.0000,1,ACCEPTED code=1; Nav2 goal accepted; status_seq=3,745,0.4423,2066,0,0,0,0.000,0,0.6000,0.0623,34.979,78.709
89.001,2.1445,21.6352,3.06528,18.0000,0.0000,1,ACCEPTED code=1; Nav2 goal accepted; status_seq=3,749,0.2339,2066,0,0,0,0.000,0,0.6000,0.0500,31.264,82.424
89.201,2.0559,21.6957,3.05021,18.0000,0.0000,1,ACCEPTED code=1; Nav2 goal accepted; status_seq=3,751,0.3398,2066,0,0,0,0.000,0,0.6000,0.0502,37.286,76.402
89.400,1.9848,21.7328,3.07066,18.0000,0.0000,1,ACCEPTED code=1; Nav2 goal accepted; status_seq=3,753,0.4186,2298,0,0,0,0.000,0,0.6000,0.0510,38.367,75.321
89.600,1.7988,21.7876,3.08902,18.0000,0.0000,1,ACCEPTED code=1; Nav2 goal accepted; status_seq=3,755,0.6095,2298,0,0,0,0.000,0,0.6000,0.0527,35.865,77.823
89.800,1.7988,21.7876,3.08902,18.0000,0.0000,1,ACCEPTED code=1; Nav2 goal accepted; status_seq=3,757,0.6095,2298,0,0,0,0.000,0,0.6000,0.0527,34.721,78.967
90.000,1.7988,21.7876,3.08902,18.0000,0.0000,1,ACCEPTED code=1; Nav2 goal accepted; status_seq=3,759,0.6095,2298,0,0,0,0.000,0,0.6000,0.0527,34.721,78.967
90.200,1.7988,21.7876,3.08902,18.0000,0.0000,1,ACCEPTED code=1; Nav2 goal accepted; status_seq=3,761,0.6095,2298,0,0,0,0.000,0,0.6000,0.0527,34.721,78.967
90.400,1.7988,21.7876,3.08902,18.0000,0.0000,1,ACCEPTED code=1; Nav2 goal accepted; status_seq=3,763,0.6095,2298,0,0,0,0.000,0,0.6000,0.0527,34.721,78.967
90.600,1.0451,21.8444,-3.12498,18.0000,0.0000,1,ACCEPTED code=1; Nav2 goal accepted; status_seq=3,765,0.4321,2334,0,0,0,0.000,0,0.6000,0.0581,34.721,78.967
90.800,1.0355,21.8677,-3.13173,18.0000,0.0000,1,ACCEPTED code=1; Nav2 goal accepted; status_seq=3,767,0.4266,2334,0,0,0,0.000,0,0.6000,0.0570,32.890,80.798
91.001,0.8197,21.7874,-3.11619,18.0000,0.0000,1,ACCEPTED code=1; Nav2 goal accepted; status_seq=3,769,0.1725,2334,0,0,0,0.000,0,0.6000,0.0552,32.890,80.798
91.200,0.7772,21.7693,-3.08099,18.0000,0.0000,1,ACCEPTED code=1; Nav2 goal accepted; status_seq=3,771,0.1565,2334,0,0,0,0.000,0,0.6000,0.0454,35.008,78.680
91.400,0.6628,21.7245,-3.04316,18.0000,0.0000,1,ACCEPTED code=1; Nav2 goal accepted; status_seq=3,773,0.0241,2334,0,0,0,0.000,0,0.6000,0.0504,37.938,75.750
91.600,0.6508,21.7323,-3.08630,18.0000,0.0000,1,ACCEPTED code=1; Nav2 goal accepted; status_seq=3,775,0.0265,2334,0,0,0,0.000,0,0.6000,0.0482,36.407,77.281
91.800,0.4978,21.6814,-3.07668,18.0000,0.0000,1,ACCEPTED code=1; Nav2 goal accepted; status_seq=3,777,0.1573,2506,0,0,0,0.000,0,0.6000,0.0462,36.588,77.100
92.001,0.4405,21.7129,-3.07453,18.0000,0.0000,1,ACCEPTED code=1; Nav2 goal accepted; status_seq=3,779,0.1919,2506,0,0,0,0.000,0,0.6000,0.0525,37.870,75.818
92.201,0.4316,21.7276,-3.04854,18.0000,0.0000,1,ACCEPTED code=1; Nav2 goal accepted; status_seq=3,781,0.2059,2506,0,0,0,0.000,0,0.6000,0.0438,38.438,75.250
92.400,0.4316,21.7276,-3.04854,18.0000,0.0000,1,ACCEPTED code=1; Nav2 goal accepted; status_seq=3,783,0.2059,2506,0,0,0,0.000,0,0.6000,0.0438,38.438,75.250
92.601,0.1482,21.6497,-3.00061,18.0000,0.0000,1,ACCEPTED code=1; Nav2 goal accepted; status_seq=3,785,0.5070,2506,0,0,0,0.000,0,0.6000,0.0364,38.438,75.250
92.800,0.1449,21.6216,-3.04262,18.0000,0.0000,1,ACCEPTED code=1; Nav2 goal accepted; status_seq=3,787,0.4991,2428,0,0,0,0.000,0,0.6000,0.0461,37.465,76.223
93.000,-0.0466,21.6079,-2.97563,18.0000,0.0000,1,ACCEPTED code=1; Nav2 goal accepted; status_seq=3,791,0.1859,2428,0,0,0,0.000,0,0.6000,0.0721,37.465,76.223
93.201,-0.1138,21.5805,-3.01001,18.0000,0.0000,1,ACCEPTED code=1; Nav2 goal accepted; status_seq=3,793,0.2558,2428,0,0,0,0.000,0,0.6000,0.0767,31.264,82.424
93.400,-0.1138,21.5805,-3.01001,18.0000,0.0000,1,ACCEPTED code=1; Nav2 goal accepted; status_seq=3,795,0.2558,2428,0,0,0,0.000,0,0.6000,0.0760,31.264,82.424
93.601,-0.1138,21.5805,-3.01001,18.0000,0.0000,1,ACCEPTED code=1; Nav2 goal accepted; status_seq=3,797,0.2558,2428,0,0,0,0.000,0,0.6000,0.0760,31.264,82.424
93.800,-0.4863,21.7172,-2.96922,18.0000,0.0000,1,ACCEPTED code=1; Nav2 goal accepted; status_seq=3,799,0.6296,2428,0,0,0,0.000,0,0.6000,0.0827,31.264,82.424
94.000,-0.6751,21.7484,-2.96726,18.0000,0.0000,1,ACCEPTED code=1; Nav2 goal accepted; status_seq=3,801,0.8200,2550,0,0,0,0.000,0,0.6000,0.0854,31.264,82.424
94.200,-0.7898,21.7751,-2.93920,18.0000,0.0000,1,ACCEPTED code=1; Nav2 goal accepted; status_seq=3,803,0.9455,2550,0,0,0,0.000,0,0.6000,0.0827,31.264,82.424
94.400,-0.8893,21.7135,-2.94311,18.0000,0.0000,1,ACCEPTED code=1; Nav2 goal accepted; status_seq=3,805,0.8517,2550,0,0,0,0.000,0,0.6000,0.0915,31.264,82.424
94.600,-0.9088,21.7270,-2.96679,18.0000,0.0000,1,ACCEPTED code=1; Nav2 goal accepted; status_seq=3,807,0.8457,2550,0,0,0,0.000,0,0.6000,0.0947,31.264,82.424
94.801,-1.1984,21.7118,-2.96519,18.0000,0.0000,1,ACCEPTED code=1; Nav2 goal accepted; status_seq=3,809,0.6429,2550,0,0,0,0.000,0,0.6000,0.0947,31.264,82.424
95.000,-1.2741,21.8175,-2.95038,18.0000,0.0000,1,ACCEPTED code=1; Nav2 goal accepted; status_seq=3,811,0.6992,2550,0,0,0,0.000,0,0.5740,0.1000,31.264,82.424
95.200,-1.4697,21.8494,-2.88559,18.0000,0.0000,1,ACCEPTED code=1; Nav2 goal accepted; status_seq=3,813,0.6812,2853,0,0,0,0.000,0,0.5959,0.1000,29.315,77.285
95.400,-1.5373,21.8390,-2.91164,18.0000,0.0000,1,ACCEPTED code=1; Nav2 goal accepted; status_seq=3,815,0.6663,2853,0,0,0,0.000,0,0.6000,0.0988,31.264,82.424
95.600,-1.5931,21.8651,-2.88901,18.0000,0.0000,1,ACCEPTED code=1; Nav2 goal accepted; status_seq=3,817,0.6954,2853,0,0,0,0.000,0,0.5896,0.1000,29.074,76.648
95.800,-1.5931,21.8651,-2.88901,18.0000,0.0000,1,ACCEPTED code=1; Nav2 goal accepted; status_seq=3,819,0.6954,2853,0,0,0,0.000,0,0.5896,0.1000,30.481,80.358
96.000,-1.5931,21.8651,-2.88901,18.0000,0.0000,1,ACCEPTED code=1; Nav2 goal accepted; status_seq=3,821,0.6954,2853,0,0,0,0.000,0,0.5896,0.1000,30.481,80.358
96.200,-1.9145,21.7246,-2.81003,18.0000,0.0000,1,ACCEPTED code=1; Nav2 goal accepted; status_seq=3,823,0.6586,3042,0,0,0,0.000,0,0.6000,0.0900,30.481,80.358
96.400,-1.9311,21.6944,-2.82273,18.0000,0.0000,1,ACCEPTED code=1; Nav2 goal accepted; status_seq=3,825,0.6523,3042,0,0,0,0.000,0,0.6000,0.0910,31.264,82.424
96.600,-2.1309,21.5846,-2.79603,18.0000,0.0000,1,ACCEPTED code=1; Nav2 goal accepted; status_seq=3,827,0.7224,3042,0,0,0,0.000,0,0.6000,0.0940,31.264,82.424
96.800,-2.1450,21.5291,-2.76140,18.0000,0.0000,1,ACCEPTED code=1; Nav2 goal accepted; status_seq=3,829,0.6995,3042,0,0,0,0.000,0,0.6000,0.0820,31.264,82.424
97.000,-2.2064,21.5090,-2.80519,18.0000,0.0000,1,ACCEPTED code=1; Nav2 goal accepted; status_seq=3,833,0.7501,3042,0,0,0,0.000,0,0.6000,0.0929,31.264,82.424
97.200,-2.2196,21.5043,-2.80263,18.0000,0.0000,1,ACCEPTED code=1; Nav2 goal accepted; status_seq=3,835,0.0237,3042,0,0,0,0.000,0,0.6000,0.0633,31.264,82.424
97.401,-2.3918,21.3838,-2.83520,18.0000,0.0000,1,ACCEPTED code=1; Nav2 goal accepted; status_seq=3,837,0.2334,3147,0,0,0,0.000,0,0.6000,0.0633,31.264,82.424
97.601,-2.6054,21.4358,-2.78514,18.0000,0.0000,1,ACCEPTED code=1; Nav2 goal accepted; status_seq=3,839,0.4143,3147,0,0,0,0.000,0,0.6000,0.0722,31.264,82.424
97.800,-2.6168,21.4310,-2.77601,18.0000,0.0000,1,ACCEPTED code=1; Nav2 goal accepted; status_seq=3,841,0.4239,3147,0,0,0,0.000,0,0.6000,0.0702,31.264,82.424
98.001,-2.8080,21.4019,-2.74029,18.0000,0.0000,1,ACCEPTED code=1; Nav2 goal accepted; status_seq=3,843,0.6322,3147,0,0,0,0.000,0,0.6000,0.0763,31.264,82.424
98.200,-2.8383,21.3430,-2.75150,18.0000,0.0000,1,ACCEPTED code=1; Nav2 goal accepted; status_seq=3,845,0.6577,3147,0,0,0,0.000,0,0.6000,0.0704,31.264,82.424
98.400,-2.9889,21.2436,-2.72833,18.0000,0.0000,1,ACCEPTED code=1; Nav2 goal accepted; status_seq=3,847,0.8324,3100,0,0,0,0.000,0,0.6000,0.0635,31.264,82.424
98.600,-3.0944,21.2326,-2.71269,18.0000,0.0000,1,ACCEPTED code=1; Nav2 goal accepted; status_seq=3,849,0.7123,3100,0,0,0,0.000,0,0.6000,0.0631,31.264,82.424
98.800,-3.1277,21.2255,-2.68058,18.0000,0.0000,1,ACCEPTED code=1; Nav2 goal accepted; status_seq=3,851,0.7082,3100,0,0,0,0.000,0,0.6000,0.0636,31.264,82.424
99.000,-3.1546,21.1894,-2.68017,18.0000,0.0000,1,ACCEPTED code=1; Nav2 goal accepted; status_seq=3,853,0.6695,3100,0,0,0,0.000,0,0.6000,0.0615,31.264,82.424
99.200,-3.1546,21.1894,-2.68017,18.0000,0.0000,1,ACCEPTED code=1; Nav2 goal accepted; status_seq=3,855,0.6695,3100,0,0,0,0.000,0,0.6000,0.0615,31.264,82.424
99.401,-3.4259,21.0383,-2.62252,18.0000,0.0000,1,ACCEPTED code=1; Nav2 goal accepted; status_seq=3,857,0.3606,3100,0,0,0,0.000,0,0.6000,0.0615,31.264,82.424
99.601,-3.6240,20.9751,-2.62050,18.0000,0.0000,1,ACCEPTED code=1; Nav2 goal accepted; status_seq=3,859,0.1765,3405,0,0,0,0.000,0,0.6000,0.0629,31.264,82.424
99.801,-3.7338,20.9679,-2.64192,18.0000,0.0000,1,ACCEPTED code=1; Nav2 goal accepted; status_seq=3,861,0.1482,3405,0,0,0,0.000,0,0.6000,0.0643,31.264,82.424
100.000,-3.9119,21.0113,-2.60708,18.0000,0.0000,1,ACCEPTED code=1; Nav2 goal accepted; status_seq=3,863,0.2835,3405,0,0,0,0.000,0,0.6000,0.0745,31.264,82.424
100.200,-4.0494,21.0096,-2.61276,18.0000,0.0000,1,ACCEPTED code=1; Nav2 goal accepted; status_seq=3,865,0.3901,3405,0,0,0,0.000,0,0.6000,0.0716,31.264,82.424
100.400,-4.1268,21.0501,-2.61967,18.0000,0.0000,1,ACCEPTED code=1; Nav2 goal accepted; status_seq=3,867,0.4840,3405,0,0,0,0.000,0,0.6000,0.0842,31.264,82.424
100.600,-4.1957,20.9763,-2.57151,18.0000,0.0000,1,ACCEPTED code=1; Nav2 goal accepted; status_seq=3,869,0.5163,3405,0,0,0,0.000,0,0.6000,0.0721,31.264,82.424
100.801,-4.2986,20.9392,-2.56695,18.0000,0.0000,1,ACCEPTED code=1; Nav2 goal accepted; status_seq=3,871,0.6058,3599,0,0,0,0.000,0,0.6000,0.0721,31.264,82.424
101.003,-4.3523,20.9213,-2.58162,18.0000,0.0000,1,ACCEPTED code=1; Nav2 goal accepted; status_seq=3,875,0.0072,3599,0,0,0,0.000,0,0.6000,0.0760,31.264,82.424
101.200,-4.4271,20.9247,-2.57914,18.0000,0.0000,1,ACCEPTED code=1; Nav2 goal accepted; status_seq=3,877,0.0817,3599,0,0,0,0.000,0,0.6000,0.0585,33.928,79.760
101.401,-4.4759,20.9079,-2.54254,18.0000,0.0000,1,ACCEPTED code=1; Nav2 goal accepted; status_seq=3,879,0.1312,3599,0,0,0,0.000,0,0.6000,0.0496,32.991,80.697
101.600,-4.5036,20.8633,-2.53949,18.0000,0.0000,1,ACCEPTED code=1; Nav2 goal accepted; status_seq=3,881,0.1640,3599,0,0,0,0.000,0,0.6000,0.0511,38.957,74.731
101.800,-4.5998,20.7925,-2.52810,18.0000,0.0000,1,ACCEPTED code=1; Nav2 goal accepted; status_seq=3,883,0.2881,3599,0,0,0,0.000,0,0.6000,0.0515,33.101,80.587
102.000,-4.6354,20.7342,-2.51840,18.0000,0.0000,1,ACCEPTED code=1; Nav2 goal accepted; status_seq=3,884,0.3498,3911,0,0,0,0.000,0,0.6000,0.0431,38.728,74.960
102.200,-4.6354,20.7342,-2.51840,18.0000,0.0000,1,ACCEPTED code=1; Nav2 goal accepted; status_seq=3,884,0.3498,3911,0,0,0,0.000,0,0.6000,0.0431,38.728,74.960
102.400,-4.6354,20.7342,-2.51840,18.0000,0.0000,1,ACCEPTED code=1; Nav2 goal accepted; status_seq=3,887,0.3389,3911,0,0,0,0.000,0,0.6000,0.0453,37.834,75.854
102.601,-4.9374,20.3952,-2.49672,18.0000,0.0000,1,ACCEPTED code=1; Nav2 goal accepted; status_seq=3,889,0.7844,3911,0,0,0,0.000,0,0.6000,0.0412,37.443,76.245
102.800,-5.0988,20.2776,-2.50841,18.0000,0.0000,1,ACCEPTED code=1; Nav2 goal accepted; status_seq=3,891,0.7043,3911,0,0,0,0.000,0,0.6000,0.0457,37.468,76.220
103.000,-5.1202,20.2850,-2.48256,18.0000,0.0000,1,ACCEPTED code=1; Nav2 goal accepted; status_seq=3,893,0.6991,3911,0,0,0,0.000,0,0.6000,0.0484,35.483,78.205
103.200,-5.1202,20.2850,-2.48256,18.0000,0.0000,1,ACCEPTED code=1; Nav2 goal accepted; status_seq=3,895,0.6991,4067,0,0,0,0.000,0,0.6000,0.0484,36.508,77.180
103.400,-5.1202,20.2850,-2.48256,18.0000,0.0000,1,ACCEPTED code=1; Nav2 goal accepted; status_seq=3,897,0.6991,4067,0,0,0,0.000,0,0.6000,0.0484,36.508,77.180
103.600,-5.1202,20.2850,-2.48256,18.0000,0.0000,1,ACCEPTED code=1; Nav2 goal accepted; status_seq=3,899,0.6991,4067,0,0,0,0.000,0,0.6000,0.0484,36.508,77.180
103.800,-5.6797,20.0206,-2.42909,18.0000,0.0000,1,ACCEPTED code=1; Nav2 goal accepted; status_seq=3,901,0.0915,4067,0,0,0,0.000,0,0.6000,0.0577,36.508,77.180
104.000,-5.8355,19.9446,-2.39061,18.0000,0.0000,1,ACCEPTED code=1; Nav2 goal accepted; status_seq=3,903,0.0991,4067,0,0,0,0.000,0,0.6000,0.0599,31.690,81.998
104.200,-5.9112,19.8584,-2.43316,18.0000,0.0000,1,ACCEPTED code=1; Nav2 goal accepted; status_seq=3,905,0.2045,4067,0,0,0,0.000,0,0.6000,0.0697,31.806,81.882
104.401,-6.0233,19.7851,-2.40621,18.0000,0.0000,1,ACCEPTED code=1; Nav2 goal accepted; status_seq=3,907,0.3439,4427,0,0,0,0.000,0,0.6000,0.0620,32.001,81.687
104.600,-6.0661,19.7757,-2.37987,18.0000,0.0000,1,ACCEPTED code=1; Nav2 goal accepted; status_seq=3,909,0.3729,4427,0,0,0,0.000,0,0.6000,0.0568,31.264,82.424
104.800,-6.2154,19.6811,-2.39682,18.0000,0.0000,1,ACCEPTED code=1; Nav2 goal accepted; status_seq=3,911,0.5428,4427,0,0,0,0.000,0,0.6000,0.0628,32.988,80.700
105.000,-6.2329,19.6871,-2.38353,18.0000,0.0000,1,ACCEPTED code=1; Nav2 goal accepted; status_seq=3,913,0.5621,4427,0,0,0,0.000,0,0.6000,0.0641,31.264,82.424
105.200,-6.2329,19.6871,-2.38353,18.0000,0.0000,1,ACCEPTED code=1; Nav2 goal accepted; status_seq=3,917,0.0090,4427,0,0,0,0.000,1,0.6000,0.0457,-2.271,25.431
105.400,-6.3554,19.5076,-2.33829,18.0000,0.0000,1,ACCEPTED code=1; Nav2 goal accepted; status_seq=3,919,0.2187,4427,0,0,0,0.000,1,0.6000,0.0403,-2.271,25.431
105.601,-6.3809,19.4398,-2.36296,18.0000,0.0000,1,ACCEPTED code=1; Nav2 goal accepted; status_seq=3,921,0.2790,4803,0,0,0,0.000,1,0.6000,0.0378,-2.271,25.431
105.800,-6.4058,19.3855,-2.28678,18.0000,0.0000,1,ACCEPTED code=1; Nav2 goal accepted; status_seq=3,923,0.3493,4803,0,0,0,0.000,1,0.6000,0.0386,-2.271,25.431
106.001,-6.4267,19.3474,-2.31619,18.0000,0.0000,1,ACCEPTED code=1; Nav2 goal accepted; status_seq=3,925,0.3874,4803,0,0,0,0.000,1,0.6000,0.0343,-2.271,25.431
106.200,-6.4267,19.3474,-2.31619,18.0000,0.0000,1,ACCEPTED code=1; Nav2 goal accepted; status_seq=3,927,0.3874,4803,0,0,0,0.000,1,0.6000,0.0343,-2.271,25.431
106.400,-6.4267,19.3474,-2.31619,18.0000,0.0000,1,ACCEPTED code=1; Nav2 goal accepted; status_seq=3,929,0.3874,4803,0,0,0,0.000,1,0.6000,0.0343,-2.271,25.431
106.601,-6.6110,18.9517,-2.27001,18.0000,0.0000,1,ACCEPTED code=1; Nav2 goal accepted; status_seq=3,931,0.8220,4803,0,0,0,0.000,1,0.6000,0.0265,2.730,20.430
106.800,-6.6110,18.9517,-2.27001,18.0000,0.0000,1,ACCEPTED code=1; Nav2 goal accepted; status_seq=3,933,0.8231,4803,0,0,0,0.000,1,0.6000,0.0267,0.000,22.799
107.001,-6.6419,18.7090,-2.22310,18.0000,0.0000,1,ACCEPTED code=1; Nav2 goal accepted; status_seq=3,935,0.8182,4767,0,0,0,0.000,1,0.6000,0.0267,0.000,22.799
107.201,-6.7401,18.7737,-2.27374,18.0000,0.0000,1,ACCEPTED code=1; Nav2 goal accepted; status_seq=3,937,0.7422,4767,0,0,0,0.000,1,0.6000,0.0256,3.615,19.545
107.401,-6.7737,18.8054,-2.27681,18.0000,0.0000,1,ACCEPTED code=1; Nav2 goal accepted; status_seq=3,939,0.7209,4767,0,0,0,0.000,1,0.6000,0.0341,-2.271,25.431
107.600,-6.7737,18.8054,-2.27681,18.0000,0.0000,1,ACCEPTED code=1; Nav2 goal accepted; status_seq=3,941,0.7274,4767,0,0,0,0.000,1,0.6000,0.0341,-2.271,25.431
107.800,-6.9409,18.7183,-2.20732,18.0000,0.0000,1,ACCEPTED code=1; Nav2 goal accepted; status_seq=3,943,0.5152,4767,0,0,0,0.000,1,0.6000,0.0298,-2.271,25.431
108.001,-6.9359,18.6780,-2.23752,18.0000,0.0000,1,ACCEPTED code=1; Nav2 goal accepted; status_seq=3,944,0.5319,4767,0,0,0,0.000,1,0.6000,0.0259,0.000,24.093
108.200,-6.9390,18.6820,-2.19964,18.0000,0.0000,1,ACCEPTED code=1; Nav2 goal accepted; status_seq=3,944,0.5305,4767,0,0,0,0.000,1,0.6000,0.0259,0.000,24.093
108.400,-6.9390,18.6820,-2.19964,18.0000,0.0000,1,ACCEPTED code=1; Nav2 goal accepted; status_seq=3,947,0.5272,4767,0,0,0,0.000,1,0.6000,0.0218,2.408,20.752
108.601,-7.0859,18.5927,-2.18463,18.0000,0.0000,1,ACCEPTED code=1; Nav2 goal accepted; status_seq=3,949,0.3736,5186,0,0,0,0.000,1,0.6000,0.0254,0.000,22.265
108.800,-7.0809,18.6069,-2.24217,18.0000,0.0000,1,ACCEPTED code=1; Nav2 goal accepted; status_seq=3,951,0.3682,5186,0,0,0,0.000,1,0.6000,0.0376,-2.271,25.431
109.000,-7.0809,18.6069,-2.24217,18.0000,0.0000,1,ACCEPTED code=1; Nav2 goal accepted; status_seq=3,953,0.3682,5186,0,0,0,0.000,1,0.6000,0.0376,-2.271,25.431
109.201,-7.0809,18.6069,-2.24217,18.0000,0.0000,1,ACCEPTED code=1; Nav2 goal accepted; status_seq=3,957,0.0063,5186,0,0,0,0.000,1,0.6000,0.0542,-2.271,25.431
109.400,-7.0809,18.6069,-2.24217,18.0000,0.0000,1,ACCEPTED code=1; Nav2 goal accepted; status_seq=3,959,0.0063,5186,0,0,0,0.000,1,0.6000,0.0542,-2.271,25.431
109.601,-7.3810,18.5266,-2.18251,18.0000,0.0000,1,ACCEPTED code=1; Nav2 goal accepted; status_seq=3,961,0.3006,5186,0,0,0,0.000,1,0.6000,0.0540,-2.271,25.431
109.800,-7.3810,18.5266,-2.18251,18.0000,0.0000,1,ACCEPTED code=1; Nav2 goal accepted; status_seq=3,963,0.3012,5186,0,0,0,0.000,1,0.6000,0.0530,-2.271,25.431
110.000,-7.3506,18.4326,-2.14395,18.0000,0.0000,1,ACCEPTED code=1; Nav2 goal accepted; status_seq=3,965,0.3188,5186,0,0,0,0.000,1,0.6000,0.0509,-2.271,25.431
110.201,-7.3607,18.3916,-2.13811,18.0000,0.0000,1,ACCEPTED code=1; Nav2 goal accepted; status_seq=3,967,0.3434,5186,0,0,0,0.000,1,0.6000,0.0418,-2.271,25.431
110.400,-7.3443,18.3547,-2.15979,18.0000,0.0000,1,ACCEPTED code=1; Nav2 goal accepted; status_seq=3,969,0.3584,5652,0,0,0,0.000,1,0.6000,0.0519,-2.271,25.431
110.600,-7.4272,18.4496,-2.20080,18.0000,0.0000,1,ACCEPTED code=1; Nav2 goal accepted; status_seq=3,971,0.3787,5652,0,0,0,0.000,1,0.6000,0.0511,-2.271,25.431
110.800,-7.4005,18.4845,-2.13963,18.0000,0.0000,1,ACCEPTED code=1; Nav2 goal accepted; status_seq=3,973,0.3384,5652,0,0,0,0.000,1,0.6000,0.0437,-2.271,25.431
111.001,-7.4230,18.5904,-2.15549,18.0000,0.0000,1,ACCEPTED code=1; Nav2 goal accepted; status_seq=3,975,0.3347,5652,0,0,0,0.000,1,0.6000,0.0544,-2.271,25.431
111.200,-7.4305,18.6030,-2.11731,18.0000,0.0000,1,ACCEPTED code=1; Nav2 goal accepted; status_seq=3,977,0.3446,5652,0,0,0,0.000,1,0.6000,0.0448,-2.271,25.431
111.401,-7.4340,18.5902,-2.13765,18.0000,0.0000,1,ACCEPTED code=1; Nav2 goal accepted; status_seq=3,979,0.3558,5281,0,0,0,0.000,1,0.6000,0.0374,-2.271,25.431
111.600,-7.4336,18.5745,-2.13841,18.0000,0.0000,1,ACCEPTED code=1; Nav2 goal accepted; status_seq=3,981,0.3525,5281,0,0,0,0.000,1,0.6000,0.0458,-2.271,25.431
111.801,-7.4588,18.4099,-2.14344,18.0000,0.0000,1,ACCEPTED code=1; Nav2 goal accepted; status_seq=3,983,0.4288,5281,0,0,0,0.000,1,0.6000,0.0353,-2.271,25.431
112.000,-7.4777,18.3564,-2.11294,18.0000,0.0000,1,ACCEPTED code=1; Nav2 goal accepted; status_seq=3,985,0.4632,5281,0,0,0,0.000,1,0.6000,0.0458,-2.271,25.431
112.201,-7.4911,18.2993,-2.08555,18.0000,0.0000,1,ACCEPTED code=1; Nav2 goal accepted; status_seq=3,987,0.5051,5281,0,0,0,0.000,1,0.6000,0.0327,-2.271,25.431
112.401,-7.4920,18.2521,-2.10433,18.0000,0.0000,1,ACCEPTED code=1; Nav2 goal accepted; status_seq=3,989,0.5522,5281,0,0,0,0.000,1,0.6000,0.0401,0.000,22.412
112.601,-7.5273,18.2151,-2.16742,18.0000,0.0000,1,ACCEPTED code=1; Nav2 goal accepted; status_seq=3,991,0.5938,5210,0,0,0,0.000,1,0.6000,0.0471,-2.271,25.431
112.801,-7.5177,18.2174,-2.08747,18.0000,0.0000,1,ACCEPTED code=1; Nav2 goal accepted; status_seq=3,993,0.5788,5210,0,0,0,0.000,1,0.6000,0.0360,-2.271,25.431
113.000,-7.5177,18.2174,-2.08747,18.0000,0.0000,1,ACCEPTED code=1; Nav2 goal accepted; status_seq=3,995,0.5788,5210,0,0,0,0.000,1,0.6000,0.0360,-2.271,25.431
113.200,-7.5529,17.9331,-2.04496,18.0000,0.0000,1,ACCEPTED code=1; Nav2 goal accepted; status_seq=3,999,0.2891,5210,0,0,0,0.000,1,0.6000,0.0396,-2.271,25.431
113.400,-7.5526,17.9272,-2.08318,18.0000,0.0000,1,ACCEPTED code=1; Nav2 goal accepted; status_seq=3,1001,0.2902,5210,0,0,0,0.000,1,0.6000,0.0542,-2.271,25.431
113.600,-7.5526,17.9272,-2.08318,18.0000,0.0000,1,ACCEPTED code=1; Nav2 goal accepted; status_seq=3,1003,0.2902,5210,0,0,0,0.000,1,0.6000,0.0542,-2.271,25.431
113.801,-7.5526,17.9272,-2.08318,18.0000,0.0000,1,ACCEPTED code=1; Nav2 goal accepted; status_seq=3,1005,0.2902,5210,0,0,0,0.000,1,0.6000,0.0542,-2.271,25.431
114.000,-7.5526,17.9272,-2.08318,18.0000,0.0000,1,ACCEPTED code=1; Nav2 goal accepted; status_seq=3,1007,0.2902,5210,0,0,0,0.000,1,0.6000,0.0542,-2.271,25.431
114.200,-7.5526,17.9272,-2.08318,18.0000,0.0000,1,ACCEPTED code=1; Nav2 goal accepted; status_seq=3,1009,0.2902,6033,0,0,0,0.000,1,0.6000,0.0542,-2.271,25.431
114.400,-7.5526,17.9272,-2.08318,18.0000,0.0000,1,ACCEPTED code=1; Nav2 goal accepted; status_seq=3,1011,0.2902,6033,0,0,0,0.000,1,0.6000,0.0542,-2.271,25.431
114.601,-7.5526,17.9272,-2.08318,18.0000,0.0000,1,ACCEPTED code=1; Nav2 goal accepted; status_seq=3,1013,0.2902,6033,0,0,0,0.000,1,0.6000,0.0542,-2.271,25.431
114.800,-7.5526,17.9272,-2.08318,18.0000,0.0000,1,ACCEPTED code=1; Nav2 goal accepted; status_seq=3,1015,0.2902,6033,0,0,0,0.000,1,0.6000,0.0542,-2.271,25.431
115.000,-7.5526,17.9272,-2.08318,18.0000,0.0000,1,ACCEPTED code=1; Nav2 goal accepted; status_seq=3,1017,0.2902,6033,0,0,0,0.000,1,0.6000,0.0542,-2.271,25.431
115.201,-7.5526,17.9272,-2.08318,18.0000,0.0000,1,ACCEPTED code=1; Nav2 goal accepted; status_seq=3,1019,0.2902,6033,0,0,0,0.000,1,0.6000,0.0542,-2.271,25.431
115.401,-7.5526,17.9272,-2.08318,18.0000,0.0000,1,ACCEPTED code=1; Nav2 goal accepted; status_seq=3,1021,0.2902,6298,0,0,0,0.000,1,0.6000,0.0542,-2.271,25.431
115.600,-8.2984,17.5412,-1.96880,18.0000,0.0000,1,ACCEPTED code=1; Nav2 goal accepted; status_seq=3,1023,0.8333,6298,0,0,0,0.000,1,0.6000,0.0625,-2.271,25.431
115.801,-8.1781,17.5444,-1.98767,18.0000,0.0000,1,ACCEPTED code=1; Nav2 goal accepted; status_seq=3,1025,0.8309,6298,0,0,0,0.000,1,0.6000,0.0664,-2.271,25.431
116.000,-8.0761,17.6151,-2.04876,18.0000,0.0000,1,ACCEPTED code=1; Nav2 goal accepted; status_seq=3,1027,0.9104,6298,0,0,0,0.000,1,0.6000,0.0643,-2.271,25.431
116.200,-7.9260,17.7476,-1.93016,18.0000,0.0000,1,ACCEPTED code=1; Nav2 goal accepted; status_seq=3,1029,1.0841,6298,0,0,0,0.000,1,0.6000,0.0408,-2.271,25.431
116.401,-7.9185,17.7376,-2.00102,18.0000,0.0000,1,ACCEPTED code=1; Nav2 goal accepted; status_seq=3,1031,1.0674,6298,0,0,0,0.000,1,0.6000,0.0507,-2.271,25.431
116.601,-7.7409,17.7925,-1.97030,18.0000,0.0000,1,ACCEPTED code=1; Nav2 goal accepted; status_seq=3,1033,1.1645,5910,0,0,0,0.000,1,0.6000,0.0308,-2.271,25.431
116.800,-7.7247,17.7460,-1.98063,18.0000,0.0000,1,ACCEPTED code=1; Nav2 goal accepted; status_seq=3,1035,1.1480,5910,0,0,0,0.000,1,0.6000,0.0427,-2.271,25.431
117.000,-7.7247,17.7460,-1.98063,18.0000,0.0000,1,ACCEPTED code=1; Nav2 goal accepted; status_seq=3,1037,1.1503,5910,0,0,0,0.000,1,0.6000,0.0370,-2.271,25.431
117.201,-7.6579,17.6865,-2.00265,18.0000,0.0000,1,ACCEPTED code=1; Nav2 goal accepted; status_seq=3,1041,0.0585,5910,0,0,0,0.000,1,0.6000,0.0684,2.178,20.981
117.401,-7.7296,17.6334,-1.97750,18.0000,0.0000,1,ACCEPTED code=1; Nav2 goal accepted; status_seq=3,1043,0.1511,5910,0,0,0,0.000,1,0.6000,0.0600,2.178,20.981
117.601,-7.7503,17.5744,-1.90309,18.0000,0.0000,1,ACCEPTED code=1; Nav2 goal accepted; status_seq=3,1045,0.2190,5910,0,0,0,0.000,1,0.6000,0.0544,-2.271,25.431
117.800,-7.8976,17.4193,-1.95389,18.0000,0.0000,1,ACCEPTED code=1; Nav2 goal accepted; status_seq=3,1047,0.4168,5624,0,0,0,0.000,1,0.6000,0.0761,-2.271,25.431
118.000,-7.9372,17.3811,-1.87352,18.0000,0.0000,1,ACCEPTED code=1; Nav2 goal accepted; status_seq=3,1049,0.4770,5624,0,0,0,0.000,1,0.6000,0.0632,-2.271,25.431
118.200,-8.0306,17.3206,-1.98971,18.0000,0.0000,1,ACCEPTED code=1; Nav2 goal accepted; status_seq=3,1051,0.5883,5624,0,0,0,0.000,1,0.6000,0.0772,-2.271,25.431
118.401,-8.0591,17.3471,-1.93464,18.0000,0.0000,1,ACCEPTED code=1; Nav2 goal accepted; status_seq=3,1053,0.5854,5624,0,0,0,0.000,1,0.6000,0.0749,-2.271,25.431
118.600,-8.0944,17.3264,-1.87600,18.0000,0.0000,1,ACCEPTED code=1; Nav2 goal accepted; status_seq=3,1055,0.6220,5624,0,0,0,0.000,1,0.6000,0.0594,-2.271,25.431
118.801,-8.1516,17.3277,-1.93579,18.0000,0.0000,1,ACCEPTED code=1; Nav2 goal accepted; status_seq=3,1057,0.6608,6074,0,0,0,0.000,1,0.6000,0.0835,-2.271,25.431
119.001,-8.1980,17.3194,-1.87128,18.0000,0.0000,1,ACCEPTED code=1; Nav2 goal accepted; status_seq=3,1059,0.7085,6074,0,0,0,0.000,1,0.6000,0.0587,-2.271,25.431
119.201,-8.2052,17.3083,-1.89402,18.0000,0.0000,1,ACCEPTED code=1; Nav2 goal accepted; status_seq=3,1061,0.7208,6074,0,0,0,0.000,1,0.6000,0.0666,-2.271,25.431
119.400,-8.2173,17.3216,-1.91357,18.0000,0.0000,1,ACCEPTED code=1; Nav2 goal accepted; status_seq=3,1063,0.7230,6074,0,0,0,0.000,1,0.6000,0.0775,-2.271,25.431
119.600,-8.2748,17.3021,-1.89493,18.0000,0.0000,1,ACCEPTED code=1; Nav2 goal accepted; status_seq=3,1065,0.7800,6074,0,0,0,0.000,1,0.6000,0.0763,-2.271,25.431
119.800,-8.2747,17.3164,-1.87720,18.0000,0.0000,1,ACCEPTED code=1; Nav2 goal accepted; status_seq=3,1067,0.7741,6074,0,0,0,0.000,1,0.6000,0.0706,-2.271,25.431
120.000,-8.2834,17.2887,-1.87523,18.0000,0.0000,1,ACCEPTED code=1; Nav2 goal accepted; status_seq=3,1069,0.7960,6624,0,0,0,0.000,1,0.6000,0.0691,-2.271,25.431
120.201,-8.2456,17.2515,-1.89774,18.0000,0.0000,1,ACCEPTED code=1; Nav2 goal accepted; status_seq=3,1071,0.7934,6624,0,0,0,0.000,1,0.6000,0.0824,-2.271,25.431
120.400,-8.2350,17.2580,-1.84184,18.0000,0.0000,1,ACCEPTED code=1; Nav2 goal accepted; status_seq=3,1073,0.7759,6624,0,0,0,0.000,1,0.6000,0.0605,-2.271,25.431
120.600,-8.2350,17.2580,-1.84184,18.0000,0.0000,1,ACCEPTED code=1; Nav2 goal accepted; status_seq=3,1075,0.7759,6624,0,0,0,0.000,1,0.6000,0.0605,-2.271,25.431
120.800,-8.2350,17.2580,-1.84184,18.0000,0.0000,1,ACCEPTED code=1; Nav2 goal accepted; status_seq=3,1077,0.7759,6624,0,0,0,0.000,1,0.6000,0.0605,-2.271,25.431
121.000,-8.2350,17.2580,-1.84184,18.0000,0.0000,1,ACCEPTED code=1; Nav2 goal accepted; status_seq=3,1079,0.7759,6623,0,0,0,0.000,1,0.6000,0.0605,-2.271,25.431
121.201,-8.1545,16.9678,-1.80092,18.0000,0.0000,1,ACCEPTED code=1; Nav2 goal accepted; status_seq=3,1083,0.1474,6623,0,0,0,0.000,1,0.6000,0.0680,-2.271,25.431
121.400,-8.1515,16.8649,-1.85238,18.0000,0.0000,1,ACCEPTED code=1; Nav2 goal accepted; status_seq=3,1085,0.2238,6623,0,0,0,0.000,1,0.6000,0.0952,-2.271,25.431
121.600,-8.1503,16.7876,-1.77637,18.0000,0.0000,1,ACCEPTED code=1; Nav2 goal accepted; status_seq=3,1087,0.3015,6623,0,0,0,0.000,1,0.6000,0.0846,-2.271,25.431
121.800,-8.1570,16.7463,-1.83319,18.0000,0.0000,1,ACCEPTED code=1; Nav2 goal accepted; status_seq=3,1089,0.3424,6623,0,0,0,0.000,1,0.6000,0.0883,-2.271,25.431
122.000,-8.1632,16.6409,-1.78426,18.0000,0.0000,1,ACCEPTED code=1; Nav2 goal accepted; status_seq=3,1091,0.4406,6352,0,0,0,0.000,1,0.6000,0.0855,-2.271,25.431
122.200,-8.1919,16.6297,-1.81287,18.0000,0.0000,1,ACCEPTED code=1; Nav2 goal accepted; status_seq=3,1093,0.4715,6352,0,0,0,0.000,1,0.6000,0.0874,-2.271,25.431
122.400,-8.2316,16.5525,-1.77714,18.0000,0.0000,1,ACCEPTED code=1; Nav2 goal accepted; status_seq=3,1095,0.5478,6352,0,0,0,0.000,1,0.6000,0.0874,-2.271,25.431
122.600,-8.2742,16.5666,-1.79508,18.0000,0.0000,1,ACCEPTED code=1; Nav2 goal accepted; status_seq=3,1097,0.5464,6352,0,0,0,0.000,1,0.6000,0.0881,-2.271,25.431
122.800,-8.2631,16.5754,-1.76826,18.0000,0.0000,1,ACCEPTED code=1; Nav2 goal accepted; status_seq=3,1099,0.5310,6352,0,0,0,0.000,1,0.6000,0.0891,-2.271,25.431
123.000,-8.2806,16.5125,-1.77957,18.0000,0.0000,1,ACCEPTED code=1; Nav2 goal accepted; status_seq=3,1101,0.5930,6352,0,0,0,0.000,1,0.6000,0.0743,-2.271,25.431
123.200,-8.2806,16.5125,-1.77957,18.0000,0.0000,1,ACCEPTED code=1; Nav2 goal accepted; status_seq=3,1103,0.5982,6254,0,0,0,0.000,1,0.6000,0.0859,-2.271,25.431
123.400,-8.2960,16.4257,-1.74515,18.0000,0.0000,1,ACCEPTED code=1; Nav2 goal accepted; status_seq=3,1105,0.6859,6254,0,0,0,0.000,1,0.6000,0.0859,-2.271,25.431
123.600,-8.2649,16.4184,-1.77424,18.0000,0.0000,1,ACCEPTED code=1; Nav2 goal accepted; status_seq=3,1107,0.6865,6254,0,0,0,0.000,1,0.6000,0.0860,-2.271,25.431
123.801,-8.2649,16.4184,-1.77424,18.0000,0.0000,1,ACCEPTED code=1; Nav2 goal accepted; status_seq=3,1109,0.6838,6254,0,0,0,0.000,1,0.6000,0.0860,-2.271,25.431
124.000,-8.2543,16.3412,-1.76231,18.0000,0.0000,1,ACCEPTED code=1; Nav2 goal accepted; status_seq=3,1111,0.7553,6254,0,0,0,0.000,1,0.6000,0.0787,-2.271,25.431
124.201,-8.3058,16.3472,-1.74202,18.0000,0.0000,1,ACCEPTED code=1; Nav2 goal accepted; status_seq=3,1113,0.7673,6254,0,0,0,0.000,1,0.6000,0.0850,-2.271,25.431
124.401,-8.3326,16.3560,-1.73642,18.0000,0.0000,1,ACCEPTED code=1; Nav2 goal accepted; status_seq=3,1115,0.7622,6746,0,0,0,0.000,1,0.6000,0.0783,-2.271,25.431
124.600,-8.3832,16.4366,-1.76605,18.0000,0.0000,1,ACCEPTED code=1; Nav2 goal accepted; status_seq=3,1117,0.6956,6746,0,0,0,0.000,1,0.6000,0.0960,-2.271,25.431
124.801,-8.3898,16.4638,-1.66407,18.0000,0.0000,1,ACCEPTED code=1; Nav2 goal accepted; status_seq=3,1119,0.6917,6746,0,0,0,0.000,1,0.6000,0.0688,-2.271,25.431
125.000,-8.4230,16.4295,-1.75799,18.0000,0.0000,1,ACCEPTED code=1; Nav2 goal accepted; status_seq=3,1121,0.7258,6746,0,0,0,0.000,1,0.6000,0.0885,-2.271,25.431
125.200,-8.4297,16.4420,-1.71235,18.0000,0.0000,1,ACCEPTED code=1; Nav2 goal accepted; status_seq=3,1125,0.0000,6746,0,0,0,0.000,1,0.6000,0.0786,-2.271,25.431
125.401,-8.3751,16.4044,-1.66653,18.0000,0.0000,1,ACCEPTED code=1; Nav2 goal accepted; status_seq=3,1127,0.0712,6746,0,0,0,0.000,1,0.6000,0.0290,-2.271,25.431
125.601,-8.3430,16.3565,-1.67242,18.0000,0.0000,1,ACCEPTED code=1; Nav2 goal accepted; status_seq=3,1129,0.1286,6957,0,0,0,0.000,1,0.6000,0.0338,-2.271,25.431
125.801,-8.3327,16.2974,-1.66575,18.0000,0.0000,1,ACCEPTED code=1; Nav2 goal accepted; status_seq=3,1131,0.1773,6957,0,0,0,0.000,1,0.6000,0.0287,0.000,22.429
126.000,-8.3336,16.2527,-1.72628,18.0000,0.0000,1,ACCEPTED code=1; Nav2 goal accepted; status_seq=3,1131,0.2152,6957,0,0,0,0.000,1,0.6000,0.0287,0.000,23.621
126.200,-8.3344,16.2457,-1.64564,18.0000,0.0000,1,ACCEPTED code=1; Nav2 goal accepted; status_seq=3,1133,0.1951,6957,0,0,0,0.000,1,0.6000,0.0466,0.000,23.621
126.400,-8.3344,16.2457,-1.64564,18.0000,0.0000,1,ACCEPTED code=1; Nav2 goal accepted; status_seq=3,1135,0.2129,6957,0,0,0,0.000,1,0.6000,0.0456,-2.271,25.431
126.600,-8.2479,16.0600,-1.59323,18.0000,0.0000,1,ACCEPTED code=1; Nav2 goal accepted; status_seq=3,1137,0.4317,6763,0,0,0,0.000,1,0.6000,0.0118,-2.271,25.431
126.800,-8.2408,15.9862,-1.63412,18.0000,0.0000,1,ACCEPTED code=1; Nav2 goal accepted; status_seq=3,1139,0.4973,6763,0,0,0,0.000,1,0.6000,0.0142,3.803,19.356
127.000,-8.2106,15.8760,-1.61321,18.0000,0.0000,1,ACCEPTED code=1; Nav2 goal accepted; status_seq=3,1141,0.6068,6763,0,0,0,0.000,1,0.6000,0.0277,5.613,17.547
127.200,-8.1957,15.8626,-1.64886,18.0000,0.0000,1,ACCEPTED code=1; Nav2 goal accepted; status_seq=3,1143,0.6258,6763,0,0,0,0.000,1,0.6000,0.0205,0.000,23.205
127.401,-8.2105,15.8178,-1.67006,18.0000,0.0000,1,ACCEPTED code=1; Nav2 goal accepted; status_seq=3,1145,0.6628,6763,0,0,0,0.000,1,0.6000,0.0244,0.000,22.897
127.600,-8.2346,15.7710,-1.59994,18.0000,0.0000,1,ACCEPTED code=1; Nav2 goal accepted; status_seq=3,1147,0.6991,6491,0,0,0,0.000,1,0.6000,0.0179,0.000,21.835
127.800,-8.2410,15.7507,-1.68689,18.0000,0.0000,1,ACCEPTED code=1; Nav2 goal accepted; status_seq=3,1149,0.7176,6491,0,0,0,0.000,1,0.6000,0.0298,4.070,19.090
128.000,-8.2653,15.7450,-1.67374,18.0000,0.0000,1,ACCEPTED code=1; Nav2 goal accepted; status_seq=3,1151,0.7155,6491,0,0,0,0.000,1,0.6000,0.0270,0.000,21.682
128.200,-8.2748,15.7399,-1.61186,18.0000,0.0000,1,ACCEPTED code=1; Nav2 goal accepted; status_seq=3,1153,0.7189,6491,0,0,0,0.000,1,0.6000,0.0163,4.721,18.438
128.400,-8.2748,15.7399,-1.61186,18.0000,0.0000,1,ACCEPTED code=1; Nav2 goal accepted; status_seq=3,1155,0.7189,6491,0,0,0,0.000,1,0.6000,0.0163,4.721,18.438
128.600,-8.2748,15.7399,-1.61186,18.0000,0.0000,1,ACCEPTED code=1; Nav2 goal accepted; status_seq=3,1157,0.7189,6491,0,0,0,0.000,1,0.6000,0.0163,4.721,18.438
128.801,-8.3213,15.4584,-1.58471,18.0000,0.0000,1,ACCEPTED code=1; Nav2 goal accepted; status_seq=3,1159,0.7471,6657,0,0,0,0.000,1,0.6000,0.0181,4.721,18.438
129.000,-8.3170,15.4242,-1.62595,18.0000,0.0000,1,ACCEPTED code=1; Nav2 goal accepted; status_seq=3,1161,0.7349,6657,0,0,0,0.000,1,0.6000,0.0233,3.960,19.199
129.200,-8.3797,15.4427,-1.60952,18.0000,0.0000,1,ACCEPTED code=1; Nav2 goal accepted; status_seq=3,1165,0.7320,6657,0,0,0,0.000,1,0.6000,0.0226,-2.271,25.431
129.400,-8.3797,15.4427,-1.60952,18.0000,0.0000,1,ACCEPTED code=1; Nav2 goal accepted; status_seq=3,1167,0.0080,6657,0,0,0,0.000,1,0.6000,0.0692,-2.271,25.431
129.600,-8.4534,15.4254,-1.57705,18.0000,0.0000,1,ACCEPTED code=1; Nav2 goal accepted; status_seq=3,1169,0.0694,6657,0,0,0,0.000,1,0.6000,0.0634,-2.271,25.431
129.800,-8.4596,15.4438,-1.61838,18.0000,0.0000,1,ACCEPTED code=1; Nav2 goal accepted; status_seq=3,1171,0.0727,7095,0,0,0,0.000,1,0.6000,0.0744,-2.271,25.431
130.000,-8.4596,15.4438,-1.61838,18.0000,0.0000,1,ACCEPTED code=1; Nav2 goal accepted; status_seq=3,1173,0.0727,7095,0,0,0,0.000,1,0.6000,0.0744,-2.271,25.431
130.200,-8.4596,15.4438,-1.61838,18.0000,0.0000,1,ACCEPTED code=1; Nav2 goal accepted; status_seq=3,1175,0.0727,7095,0,0,0,0.000,1,0.6000,0.0744,-2.271,25.431
130.400,-8.4596,15.4438,-1.61838,18.0000,0.0000,1,ACCEPTED code=1; Nav2 goal accepted; status_seq=3,1177,0.0727,7095,0,0,0,0.000,1,0.6000,0.0744,-2.271,25.431
130.600,-8.4596,15.4438,-1.61838,18.0000,0.0000,1,ACCEPTED code=1; Nav2 goal accepted; status_seq=3,1179,0.0727,7095,0,0,0,0.000,1,0.6000,0.0744,-2.271,25.431
130.801,-8.5047,15.4318,-1.55773,18.0000,0.0000,1,ACCEPTED code=1; Nav2 goal accepted; status_seq=3,1181,0.1213,7118,0,0,0,0.000,1,0.6000,0.0575,-2.271,25.431
131.000,-8.5122,15.4127,-1.54842,18.0000,0.0000,1,ACCEPTED code=1; Nav2 goal accepted; status_seq=3,1183,0.1348,7118,0,0,0,0.000,1,0.6000,0.0571,-2.271,25.431
131.200,-8.5166,15.3766,-1.54076,18.0000,0.0000,1,ACCEPTED code=1; Nav2 goal accepted; status_seq=3,1185,0.1528,7118,0,0,0,0.000,1,0.6000,0.0642,-2.271,25.431
131.400,-8.5177,15.3638,-1.47523,18.0000,0.0000,1,ACCEPTED code=1; Nav2 goal accepted; status_seq=3,1187,0.1572,7118,0,0,0,0.000,1,0.6000,0.0459,-2.271,25.431
131.600,-8.5177,15.3638,-1.47523,18.0000,0.0000,1,ACCEPTED code=1; Nav2 goal accepted; status_seq=3,1189,0.1572,7118,0,0,0,0.000,1,0.6000,0.0459,-2.271,25.431
131.800,-8.5177,15.3638,-1.47523,18.0000,0.0000,1,ACCEPTED code=1; Nav2 goal accepted; status_seq=3,1191,0.1572,6874,0,0,0,0.000,1,0.6000,0.0459,-2.271,25.431
132.001,-8.2991,15.0863,-1.49558,18.0000,0.0000,1,ACCEPTED code=1; Nav2 goal accepted; status_seq=3,1193,0.3742,6874,0,0,0,0.000,1,0.6000,0.0473,-2.271,25.431
132.200,-8.2603,15.0248,-1.55893,18.0000,0.0000,1,ACCEPTED code=1; Nav2 goal accepted; status_seq=3,1195,0.4370,6874,0,0,0,0.000,1,0.6000,0.0606,-2.271,25.431
132.400,-8.2489,15.0010,-1.47393,18.0000,0.0000,1,ACCEPTED code=1; Nav2 goal accepted; status_seq=3,1197,0.4622,6874,0,0,0,0.000,1,0.6000,0.0441,-2.271,25.431
132.600,-8.1514,14.8321,-1.43554,18.0000,0.0000,1,ACCEPTED code=1; Nav2 goal accepted; status_seq=3,1199,0.6535,6874,0,0,0,0.000,1,0.6000,0.0441,-2.271,25.431
132.800,-8.1133,14.7829,-1.54480,18.0000,0.0000,1,ACCEPTED code=1; Nav2 goal accepted; status_seq=3,1201,0.7112,6874,0,0,0,0.000,1,0.6000,0.0606,-2.271,25.431
133.000,-8.1667,14.8075,-1.46981,18.0000,0.0000,1,ACCEPTED code=1; Nav2 goal accepted; status_seq=3,1203,0.6671,6874,0,0,0,0.000,0,0.6000,0.0449,31.264,82.424
133.200,-8.1667,14.8075,-1.46981,18.0000,0.0000,1,ACCEPTED code=1; Nav2 goal accepted; status_seq=3,1207,0.0000,6874,0,0,0,0.000,0,0.6000,0.0448,38.008,75.680
133.400,-8.2002,14.6831,-1.47692,18.0000,0.0000,1,ACCEPTED code=1; Nav2 goal accepted; status_seq=3,1209,0.1315,6602,0,0,0,0.000,0,0.6000,0.0304,45.341,68.347
133.600,-8.2122,14.6614,-1.42613,18.0000,0.0000,1,ACCEPTED code=1; Nav2 goal accepted; status_seq=3,1211,0.1526,6602,0,0,0,0.000,0,0.6000,0.0206,42.595,71.093
133.800,-8.2122,14.6614,-1.42613,18.0000,0.0000,1,ACCEPTED code=1; Nav2 goal accepted; status_seq=3,1213,0.1526,6602,0,0,0,0.000,0,0.6000,0.0206,48.207,65.481
134.001,-8.2769,14.4970,-1.41408,18.0000,0.0000,1,ACCEPTED code=1; Nav2 goal accepted; status_seq=3,1215,0.3321,6602,0,0,0,0.000,0,0.6000,0.0241,48.207,65.481
134.200,-8.3078,14.4959,-1.46607,18.0000,0.0000,1,ACCEPTED code=1; Nav2 goal accepted; status_seq=3,1217,0.3432,6602,0,0,0,0.000,0,0.6000,0.0341,37.623,76.065
134.400,-8.3240,14.4874,-1.55258,18.0000,0.0000,1,ACCEPTED code=1; Nav2 goal accepted; status_seq=3,1219,0.3546,6602,0,0,0,0.000,0,0.6000,0.0576,32.667,81.021
134.600,-8.3802,14.6144,-1.48496,18.0000,0.0000,1,ACCEPTED code=1; Nav2 goal accepted; status_seq=3,1221,0.2932,7060,0,0,0,0.000,0,0.6000,0.0422,32.667,81.021
134.800,-8.4071,14.6450,-1.49783,18.0000,0.0000,1,ACCEPTED code=1; Nav2 goal accepted; status_seq=3,1223,0.2854,7060,0,0,0,0.000,0,0.6000,0.0447,32.667,81.021
135.000,-8.4415,14.6706,-1.37986,18.0000,0.0000,1,ACCEPTED code=1; Nav2 goal accepted; status_seq=3,1225,0.3058,7060,0,0,0,0.000,0,0.6000,0.0267,45.635,68.053
135.201,-8.4198,14.5637,-1.43614,18.0000,0.0000,1,ACCEPTED code=1; Nav2 goal accepted; status_seq=3,1227,0.3506,7060,0,0,0,0.000,0,0.6000,0.0394,50.612,63.076
135.401,-8.4360,14.5156,-1.34798,18.0000,0.0000,1,ACCEPTED code=1; Nav2 goal accepted; status_seq=3,1229,0.3964,7060,0,0,0,0.000,0,0.6000,0.0139,42.284,71.404
135.601,-8.2468,14.3344,-1.32613,18.0000,0.0000,1,ACCEPTED code=1; Nav2 goal accepted; status_seq=3,1231,0.5022,7346,0,0,0,0.000,0,0.6000,0.0088,53.147,60.541
135.800,-8.2443,14.2423,-1.26880,18.0000,0.0000,1,ACCEPTED code=1; Nav2 goal accepted; status_seq=3,1233,0.5707,7346,0,0,0,0.000,0,0.6000,-0.0112,53.147,60.541
136.000,-8.2809,14.0532,-1.30334,18.0000,0.0000,1,ACCEPTED code=1; Nav2 goal accepted; status_seq=3,1235,0.7741,7346,0,0,0,0.000,0,0.6000,-0.0073,63.349,50.339
136.200,-8.2624,13.9878,-1.37206,18.0000,0.0000,1,ACCEPTED code=1; Nav2 goal accepted; status_seq=3,1237,0.8246,7346,0,0,0,0.000,0,0.6000,0.0168,49.783,63.905
136.401,-8.2342,13.7083,-1.36548,18.0000,0.0000,1,ACCEPTED code=1; Nav2 goal accepted; status_seq=3,1239,0.7140,7346,0,0,0,0.000,0,0.6000,0.0199,49.783,63.905
136.601,-8.2388,13.6254,-1.44756,18.0000,0.0000,1,ACCEPTED code=1; Nav2 goal accepted; status_seq=3,1241,0.6550,7330,0,0,0,0.000,0,0.6000,0.0376,41.053,72.635
136.800,-8.1877,13.3714,-1.49170,18.0000,0.0000,1,ACCEPTED code=1; Nav2 goal accepted; status_seq=3,1243,0.4508,7330,0,0,0,0.000,0,0.6000,0.0310,41.053,72.635
137.000,-8.2170,13.3607,-1.49511,18.0000,0.0000,1,ACCEPTED code=1; Nav2 goal accepted; status_seq=3,1245,0.4714,7330,0,0,0,0.000,0,0.6000,0.0387,37.199,76.489
137.200,-8.2405,13.1674,-1.46186,18.0000,0.0000,1,ACCEPTED code=1; Nav2 goal accepted; status_seq=3,1247,0.4346,7330,0,0,0,0.000,0,0.6000,0.0506,40.583,73.105
137.401,-8.1908,13.1425,-1.48545,18.0000,0.0000,1,ACCEPTED code=1; Nav2 goal accepted; status_seq=3,1251,0.0624,7330,0,0,0,0.000,0,0.6000,0.0335,35.613,78.075
137.601,-8.1566,13.0792,-1.35478,18.0000,0.0000,1,ACCEPTED code=1; Nav2 goal accepted; status_seq=3,1253,0.1482,7330,0,0,0,0.000,0,0.6000,-0.0030,58.086,55.602
137.801,-8.1478,13.0080,-1.39998,18.0000,0.0000,1,ACCEPTED code=1; Nav2 goal accepted; status_seq=3,1255,0.2248,7098,0,0,0,0.000,0,0.6000,0.0201,58.086,55.602
138.000,-8.1458,12.9072,-1.34379,18.0000,0.0000,1,ACCEPTED code=1; Nav2 goal accepted; status_seq=3,1257,0.2827,7098,0,0,0,0.000,0,0.6000,0.0003,55.808,57.880
138.201,-8.0878,12.7744,-1.29262,18.0000,0.0000,1,ACCEPTED code=1; Nav2 goal accepted; status_seq=3,1259,0.4322,7098,0,0,0,0.000,0,0.6000,-0.0096,55.351,58.337
138.400,-8.0576,12.7068,-1.36452,18.0000,0.0000,1,ACCEPTED code=1; Nav2 goal accepted; status_seq=3,1261,0.5009,7098,0,0,0,0.000,0,0.6000,0.0033,55.438,58.250
138.601,-8.0058,12.4873,-1.32675,18.0000,0.0000,1,ACCEPTED code=1; Nav2 goal accepted; status_seq=3,1263,0.7261,7098,0,0,0,0.000,0,0.6000,-0.0038,55.438,58.250
138.800,-7.9631,12.3663,-1.43335,18.0000,0.0000,1,ACCEPTED code=1; Nav2 goal accepted; status_seq=3,1265,0.8498,7098,0,0,0,0.000,0,0.6000,0.0015,52.870,60.818
139.000,-7.9635,12.3707,-1.43447,18.0000,0.0000,1,ACCEPTED code=1; Nav2 goal accepted; status_seq=3,1267,0.8460,7007,0,0,0,0.000,0,0.6000,0.0197,48.573,65.115
139.201,-7.9229,12.1048,-1.43146,18.0000,0.0000,1,ACCEPTED code=1; Nav2 goal accepted; status_seq=3,1269,0.5864,7007,0,0,0,0.000,0,0.6000,0.0236,51.168,62.520
139.400,-7.9807,12.0852,-1.29414,18.0000,0.0000,1,ACCEPTED code=1; Nav2 goal accepted; status_seq=3,1271,0.5659,7007,0,0,0,0.000,0,0.6000,-0.0099,49.709,63.979
139.600,-7.9807,12.0852,-1.29414,18.0000,0.0000,1,ACCEPTED code=1; Nav2 goal accepted; status_seq=3,1273,0.5929,7007,0,0,0,0.000,0,0.6000,-0.0099,61.022,52.666
139.800,-7.9807,12.0852,-1.29414,18.0000,0.0000,1,ACCEPTED code=1; Nav2 goal accepted; status_seq=3,1275,0.5929,7007,0,0,0,0.000,0,0.6000,-0.0099,61.022,52.666
140.000,-7.9874,11.7532,-1.28736,18.0000,0.0000,1,ACCEPTED code=1; Nav2 goal accepted; status_seq=3,1277,0.2744,7007,0,0,0,0.000,0,0.6000,-0.0094,55.500,58.188
140.201,-7.9880,11.7080,-1.33291,18.0000,0.0000,1,ACCEPTED code=1; Nav2 goal accepted; status_seq=3,1279,0.2400,7342,0,0,0,0.000,0,0.6000,0.0045,53.847,59.841
140.401,-7.9773,11.6712,-1.29059,18.0000,0.0000,1,ACCEPTED code=1; Nav2 goal accepted; status_seq=3,1281,0.2024,7342,0,0,0,0.000,0,0.6000,-0.0043,61.071,52.617
140.600,-7.9714,11.6439,-1.20259,18.0000,0.0000,1,ACCEPTED code=1; Nav2 goal accepted; status_seq=3,1283,0.1789,7342,0,0,0,0.000,0,0.6000,-0.0273,68.291,45.397
140.800,-7.9714,11.6439,-1.20259,18.0000,0.0000,1,ACCEPTED code=1; Nav2 goal accepted; status_seq=3,1285,0.1789,7342,0,0,0,0.000,0,0.6000,-0.0273,68.291,45.397
141.000,-7.7637,11.3391,-1.26096,18.0000,0.0000,1,ACCEPTED code=1; Nav2 goal accepted; status_seq=3,1287,0.1867,7342,0,0,0,0.000,0,0.6000,-0.0210,63.110,50.578
141.200,-7.7464,11.3354,-1.17379,18.0000,0.0000,1,ACCEPTED code=1; Nav2 goal accepted; status_seq=3,1289,0.2033,7342,0,0,0,0.000,0,0.6000,-0.0409,74.039,39.649
141.401,-7.6562,11.1049,-1.23052,18.0000,0.0000,1,ACCEPTED code=1; Nav2 goal accepted; status_seq=3,1293,0.2415,7626,0,0,0,0.000,0,0.6000,-0.0225,68.121,45.567
141.601,-7.6330,11.0996,-1.20292,18.0000,0.0000,1,ACCEPTED code=1; Nav2 goal accepted; status_seq=3,1295,0.2545,7626,0,0,0,0.000,0,0.6000,-0.0197,59.528,54.160
141.800,-7.6202,11.0580,-1.23059,18.0000,0.0000,1,ACCEPTED code=1; Nav2 goal accepted; status_seq=3,1297,0.3028,7626,0,0,0,0.000,0,0.6000,-0.0190,65.106,48.582
142.000,-7.5991,11.0150,-1.35613,18.0000,0.0000,1,ACCEPTED code=1; Nav2 goal accepted; status_seq=3,1299,0.3537,7626,0,0,0,0.000,1,0.6000,0.0141,15.421,7.739
142.200,-7.6484,10.7423,-1.46053,18.0000,0.0000,1,ACCEPTED code=1; Nav2 goal accepted; status_seq=3,1301,0.6323,7626,0,0,0,0.000,1,0.6000,0.0444,19.547,3.613
142.403,-7.7107,10.5879,-1.42938,18.0000,0.0000,1,ACCEPTED code=1; Nav2 goal accepted; status_seq=3,1303,0.7375,7549,0,0,0,0.000,1,0.6000,0.0459,-2.271,25.431
142.600,-7.7919,10.5278,-1.33022,18.0000,0.0000,1,ACCEPTED code=1; Nav2 goal accepted; status_seq=3,1305,0.8090,7549,0,0,0,0.000,1,0.6000,0.0233,-2.271,25.431
142.801,-7.8270,10.4076,-1.36279,18.0000,0.0000,1,ACCEPTED code=1; Nav2 goal accepted; status_seq=3,1307,0.8805,7549,0,0,0,0.000,1,0.6000,0.0323,0.000,21.383
143.000,-7.8439,10.3614,-1.29006,18.0000,0.0000,1,ACCEPTED code=1; Nav2 goal accepted; status_seq=3,1309,0.8577,7549,0,0,0,0.000,1,0.6000,0.0183,3.895,19.264
143.200,-7.8439,10.3614,-1.29006,18.0000,0.0000,1,ACCEPTED code=1; Nav2 goal accepted; status_seq=3,1311,0.8577,7549,0,0,0,0.000,1,0.6000,0.0183,3.895,19.264
143.400,-7.7403,10.0583,-1.27403,18.0000,0.0000,1,ACCEPTED code=1; Nav2 goal accepted; status_seq=3,1313,0.5408,7549,0,0,0,0.000,1,0.6000,0.0098,4.350,18.809
143.601,-7.6503,10.0228,-1.38859,18.0000,0.0000,1,ACCEPTED code=1; Nav2 goal accepted; status_seq=3,1315,0.4831,7408,0,0,0,0.000,1,0.6000,0.0345,7.469,15.690
143.800,-7.6499,10.0093,-1.31629,18.0000,0.0000,1,ACCEPTED code=1; Nav2 goal accepted; status_seq=3,1317,0.4727,7408,0,0,0,0.000,1,0.6000,0.0234,7.469,15.690
144.000,-7.6306,9.9940,-1.27888,18.0000,0.0000,1,ACCEPTED code=1; Nav2 goal accepted; status_seq=3,1319,0.4530,7408,0,0,0,0.000,1,0.6000,0.0106,0.000,23.231
144.201,-7.6306,9.9940,-1.27888,18.0000,0.0000,1,ACCEPTED code=1; Nav2 goal accepted; status_seq=3,1321,0.4530,7408,0,0,0,0.000,1,0.6000,0.0106,7.128,16.031
144.401,-7.4794,9.8112,-1.29074,18.0000,0.0000,1,ACCEPTED code=1; Nav2 goal accepted; status_seq=3,1323,0.2378,7408,0,0,0,0.000,0,0.6000,0.0123,52.392,61.296
144.600,-7.4476,9.7999,-1.34122,18.0000,0.0000,1,ACCEPTED code=1; Nav2 goal accepted; status_seq=3,1325,0.2012,7421,0,0,0,0.000,0,0.6000,0.0184,51.670,62.018
144.800,-7.4027,9.7442,-1.24478,18.0000,0.0000,1,ACCEPTED code=1; Nav2 goal accepted; status_seq=3,1327,0.1456,7421,0,0,0,0.000,0,0.6000,0.0120,46.331,67.357
145.001,-7.3785,9.6972,-1.35433,18.0000,0.0000,1,ACCEPTED code=1; Nav2 goal accepted; status_seq=3,1329,0.1221,7421,0,0,0,0.000,0,0.6000,0.0245,54.224,59.464
145.201,-7.3789,9.6671,-1.43273,18.0000,0.0000,1,ACCEPTED code=1; Nav2 goal accepted; status_seq=3,1331,0.1399,7421,0,0,0,0.000,0,0.6000,0.0383,49.109,64.579
145.400,-7.4548,9.5966,-1.30010,18.0000,0.0000,1,ACCEPTED code=1; Nav2 goal accepted; status_seq=3,1335,0.0936,7421,0,0,0,0.000,0,0.6000,-0.0087,60.478,53.210
145.600,-7.4728,9.5310,-1.31828,18.0000,0.0000,1,ACCEPTED code=1; Nav2 goal accepted; status_seq=3,1337,0.1400,7421,0,0,0,0.000,0,0.6000,-0.0086,56.653,57.035
145.800,-7.5341,9.4352,-1.29795,18.0000,0.0000,1,ACCEPTED code=1; Nav2 goal accepted; status_seq=3,1339,0.2731,7517,0,0,0,0.000,0,0.6000,-0.0038,60.466,53.222
146.000,-7.5635,9.3977,-1.42539,18.0000,0.0000,1,ACCEPTED code=1; Nav2 goal accepted; status_seq=3,1341,0.3016,7517,0,0,0,0.000,0,0.6000,0.0013,58.423,55.265
146.200,-7.5635,9.3977,-1.42664,18.0000,0.0000,1,ACCEPTED code=1; Nav2 goal accepted; status_seq=3,1343,0.2984,7517,0,0,0,0.000,0,0.6000,0.0279,53.608,60.080
146.400,-7.5635,9.3977,-1.42664,18.0000,0.0000,1,ACCEPTED code=1; Nav2 goal accepted; status_seq=3,1345,0.2984,7517,0,0,0,0.000,0,0.6000,0.0279,45.109,68.579
146.600,-7.5635,9.3977,-1.42664,18.0000,0.0000,1,ACCEPTED code=1; Nav2 goal accepted; status_seq=3,1347,0.2984,7517,0,0,0,0.000,0,0.6000,0.0279,45.109,68.579
146.800,-7.5635,9.3977,-1.42664,18.0000,0.0000,1,ACCEPTED code=1; Nav2 goal accepted; status_seq=3,1349,0.2984,7724,0,0,0,0.000,0,0.6000,0.0279,45.109,68.579
147.000,-7.5033,8.9446,-1.38970,18.0000,0.0000,1,ACCEPTED code=1; Nav2 goal accepted; status_seq=3,1351,0.7072,7724,0,0,0,0.000,0,0.6000,0.0273,45.109,68.579
147.201,-7.5099,8.9058,-1.38778,18.0000,0.0000,1,ACCEPTED code=1; Nav2 goal accepted; status_seq=3,1353,0.7529,7724,0,0,0,0.000,0,0.6000,0.0167,51.662,62.026
147.400,-7.5030,8.8586,-1.45407,18.0000,0.0000,1,ACCEPTED code=1; Nav2 goal accepted; status_seq=3,1355,0.7941,7724,0,0,0,0.000,0,0.6000,0.0380,49.051,64.637
147.600,-7.5030,8.8586,-1.45407,18.0000,0.0000,1,ACCEPTED code=1; Nav2 goal accepted; status_seq=3,1357,0.7941,7724,0,0,0,0.000,0,0.6000,0.0380,40.898,72.790
147.800,-7.3120,8.4300,-1.39865,18.0000,0.0000,1,ACCEPTED code=1; Nav2 goal accepted; status_seq=3,1359,0.4495,7724,0,0,0,0.000,0,0.6000,0.0201,40.898,72.790
148.000,-7.3324,8.3568,-1.30805,18.0000,0.0000,1,ACCEPTED code=1; Nav2 goal accepted; status_seq=3,1361,0.4049,7724,0,0,0,0.000,0,0.6000,0.0045,40.898,72.790
148.200,-7.3293,8.3345,-1.39656,18.0000,0.0000,1,ACCEPTED code=1; Nav2 goal accepted; status_seq=3,1363,0.3893,7724,0,0,0,0.000,0,0.6000,0.0224,47.442,66.246
148.400,-7.2870,8.0833,-1.37533,18.0000,0.0000,1,ACCEPTED code=1; Nav2 goal accepted; status_seq=3,1365,0.2321,7604,0,0,0,0.000,1,0.6000,0.0224,47.442,66.246
148.600,-7.2882,7.9918,-1.33038,18.0000,0.0000,1,ACCEPTED code=1; Nav2 goal accepted; status_seq=3,1367,0.2404,7604,0,0,0,0.000,1,0.6000,0.0150,2.178,20.982
148.800,-7.2566,7.8508,-1.27927,18.0000,0.0000,1,ACCEPTED code=1; Nav2 goal accepted; status_seq=3,1369,0.2884,7604,0,0,0,0.000,0,0.6000,-0.0043,49.465,64.223
149.000,-7.2170,7.8175,-1.32905,18.0000,0.0000,1,ACCEPTED code=1; Nav2 goal accepted; status_seq=3,1371,0.2927,7604,0,0,0,0.000,0,0.6000,0.0049,58.656,55.032
149.200,-7.2047,7.7707,-1.37284,18.0000,0.0000,1,ACCEPTED code=1; Nav2 goal accepted; status_seq=3,1373,0.3223,7604,0,0,0,0.000,0,0.6000,0.0202,59.094,54.594
149.400,-7.1025,7.5858,-1.45124,18.0000,0.0000,1,ACCEPTED code=1; Nav2 goal accepted; status_seq=3,1377,0.0495,7575,0,0,0,0.000,0,0.6000,0.0181,46.954,66.734
149.601,-7.0956,7.4482,-1.36361,18.0000,0.0000,1,ACCEPTED code=1; Nav2 goal accepted; status_seq=3,1379,0.2053,7575,0,0,0,0.000,0,0.6000,0.0430,39.303,74.385
149.800,-7.0504,7.3736,-1.36338,18.0000,0.0000,1,ACCEPTED code=1; Nav2 goal accepted; status_seq=3,1381,0.2694,7575,0,0,0,0.000,0,0.6000,0.0174,39.303,74.385
150.001,-7.0491,7.2811,-1.44662,18.0000,0.0000,1,ACCEPTED code=1; Nav2 goal accepted; status_seq=3,1383,0.3606,7575,0,0,0,0.000,0,0.6000,0.0402,49.528,64.160
150.200,-7.0488,7.2361,-1.43281,18.0000,0.0000,1,ACCEPTED code=1; Nav2 goal accepted; status_seq=3,1385,0.4069,7575,0,0,0,0.000,0,0.6000,0.0451,49.528,64.160
150.400,-7.0303,7.2157,-1.35111,18.0000,0.0000,1,ACCEPTED code=1; Nav2 goal accepted; status_seq=3,1387,0.4234,7575,0,0,0,0.000,0,0.6000,0.0214,47.788,65.900
150.600,-7.0399,7.1778,-1.27258,18.0000,0.0000,1,ACCEPTED code=1; Nav2 goal accepted; status_seq=3,1389,0.4642,7573,0,0,0,0.000,0,0.6000,0.0058,47.855,65.833
150.800,-7.0671,6.9572,-1.28845,18.0000,0.0000,1,ACCEPTED code=1; Nav2 goal accepted; status_seq=3,1391,0.6856,7573,0,0,0,0.000,0,0.6000,0.0147,55.146,58.542
151.001,-7.0894,6.8819,-1.31197,18.0000,0.0000,1,ACCEPTED code=1; Nav2 goal accepted; status_seq=3,1393,0.7655,7573,0,0,0,0.000,0,0.6000,0.0218,54.420,59.268
151.200,-7.0722,6.8543,-1.27551,18.0000,0.0000,1,ACCEPTED code=1; Nav2 goal accepted; status_seq=3,1395,0.7822,7573,0,0,0,0.000,0,0.6000,0.0066,47.028,66.660
151.400,-7.0659,6.8334,-1.34244,18.0000,0.0000,1,ACCEPTED code=1; Nav2 goal accepted; status_seq=3,1397,0.8030,7573,0,0,0,0.000,0,0.6000,0.0257,54.770,58.918
151.600,-7.0659,6.8334,-1.34244,18.0000,0.0000,1,ACCEPTED code=1; Nav2 goal accepted; status_seq=3,1399,0.8030,7573,0,0,0,0.000,0,0.6000,0.0257,46.041,67.647
151.800,-7.0594,6.5986,-1.28908,18.0000,0.0000,1,ACCEPTED code=1; Nav2 goal accepted; status_seq=3,1401,0.6321,7481,0,0,0,0.000,0,0.6000,0.0163,50.523,63.165
152.000,-7.0594,6.5986,-1.28908,18.0000,0.0000,1,ACCEPTED code=1; Nav2 goal accepted; status_seq=3,1403,0.6487,7481,0,0,0,0.000,0,0.6000,0.0163,49.988,63.700
152.200,-7.0594,6.5986,-1.28908,18.0000,0.0000,1,ACCEPTED code=1; Nav2 goal accepted; status_seq=3,1405,0.6487,7481,0,0,0,0.000,0,0.6000,0.0163,49.988,63.700
152.400,-7.0594,6.5986,-1.28908,18.0000,0.0000,1,ACCEPTED code=1; Nav2 goal accepted; status_seq=3,1407,0.6487,7481,0,0,0,0.000,0,0.6000,0.0163,49.988,63.700
152.600,-7.0594,6.5986,-1.28908,18.0000,0.0000,1,ACCEPTED code=1; Nav2 goal accepted; status_seq=3,1409,0.6487,7481,0,0,0,0.000,0,0.6000,0.0163,49.988,63.700
152.801,-7.0594,6.5986,-1.28908,18.0000,0.0000,1,ACCEPTED code=1; Nav2 goal accepted; status_seq=3,1411,0.6487,7481,0,0,0,0.000,0,0.6000,0.0163,49.988,63.700
153.000,-6.8260,6.1039,-1.29744,18.0000,0.0000,1,ACCEPTED code=1; Nav2 goal accepted; status_seq=3,1413,0.1250,7549,0,0,0,0.000,0,0.6000,0.0154,56.664,57.024
153.200,-6.7742,5.8956,-1.21014,18.0000,0.0000,1,ACCEPTED code=1; Nav2 goal accepted; status_seq=3,1415,0.1957,7549,0,0,0,0.000,0,0.6000,0.0149,51.364,62.324
153.401,-6.7281,5.8161,-1.19488,18.0000,0.0000,1,ACCEPTED code=1; Nav2 goal accepted; status_seq=3,1417,0.2417,7549,0,0,0,0.000,0,0.6000,-0.0014,58.417,55.271
153.600,-6.7275,5.8125,-1.18511,18.0000,0.0000,1,ACCEPTED code=1; Nav2 goal accepted; status_seq=3,1419,0.2393,7549,0,0,0,0.000,0,0.6000,-0.0094,60.809,52.879
153.800,-6.7275,5.8125,-1.18511,18.0000,0.0000,1,ACCEPTED code=1; Nav2 goal accepted; status_seq=3,1421,0.2393,7549,0,0,0,0.000,0,0.6000,-0.0094,60.809,52.879
154.001,-6.3085,5.3309,-1.14077,18.0000,0.0000,1,ACCEPTED code=1; Nav2 goal accepted; status_seq=3,1423,0.8111,7549,0,0,0,0.000,0,0.6000,-0.0261,64.911,48.777
154.200,-6.0750,5.1527,-1.01188,18.0000,0.0000,1,ACCEPTED code=1; Nav2 goal accepted; status_seq=3,1425,0.6721,7549,0,0,0,0.000,0,0.6000,-0.0582,69.927,43.761
154.401,-5.8253,5.1773,-1.12266,18.0000,0.0000,1,ACCEPTED code=1; Nav2 goal accepted; status_seq=3,1427,0.7853,7678,0,0,0,0.000,0,0.6000,-0.0447,81.284,32.404
154.600,-5.7113,5.1521,-1.15546,18.0000,0.0000,1,ACCEPTED code=1; Nav2 goal accepted; status_seq=3,1431,0.0834,7678,0,0,0,0.000,0,0.6000,0.0199,75.627,38.061
154.800,-5.6376,5.1153,-1.10040,18.0000,0.0000,1,ACCEPTED code=1; Nav2 goal accepted; status_seq=3,1433,0.1628,7678,0,0,0,0.000,0,0.6000,0.0361,79.996,33.692
155.000,-5.3462,4.9750,-1.19088,18.0000,0.0000,1,ACCEPTED code=1; Nav2 goal accepted; status_seq=3,1435,0.4934,7678,0,0,0,0.000,0,0.6000,0.0379,41.096,72.592
155.200,-5.3142,4.9350,-1.08370,18.0000,0.0000,1,ACCEPTED code=1; Nav2 goal accepted; status_seq=3,1437,0.5309,7678,0,0,0,0.000,0,0.6000,0.0505,39.756,73.932
155.400,-5.1576,4.8094,-1.15636,18.0000,0.0000,1,ACCEPTED code=1; Nav2 goal accepted; status_seq=3,1439,0.7434,7678,0,0,0,0.000,0,0.6000,0.0251,48.213,65.475
155.600,-5.1576,4.8094,-1.15636,18.0000,0.0000,1,ACCEPTED code=1; Nav2 goal accepted; status_seq=3,1441,0.7314,7654,0,0,0,0.000,0,0.6000,0.0416,39.388,74.300
155.800,-5.1576,4.8094,-1.15636,18.0000,0.0000,1,ACCEPTED code=1; Nav2 goal accepted; status_seq=3,1443,0.7314,7654,0,0,0,0.000,0,0.6000,0.0416,39.388,74.300
156.001,-4.8009,4.5886,-1.09331,18.0000,0.0000,1,ACCEPTED code=1; Nav2 goal accepted; status_seq=3,1445,0.7875,7654,0,0,0,0.000,0,0.6000,0.0416,39.388,74.300
156.200,-5.0348,4.4559,-1.15347,18.0000,0.0000,1,ACCEPTED code=1; Nav2 goal accepted; status_seq=3,1447,0.6889,7654,0,0,0,0.000,0,0.6000,0.0448,40.838,72.850
156.400,-5.0418,4.4093,-1.20232,18.0000,0.0000,1,ACCEPTED code=1; Nav2 goal accepted; status_seq=3,1449,0.6466,7654,0,0,0,0.000,0,0.6000,0.0608,40.484,73.204
156.600,-5.0418,4.4093,-1.20232,18.0000,0.0000,1,ACCEPTED code=1; Nav2 goal accepted; status_seq=3,1451,0.6466,7654,0,0,0,0.000,0,0.6000,0.0608,31.313,82.375
156.800,-5.1984,4.1543,-1.17116,18.0000,0.0000,1,ACCEPTED code=1; Nav2 goal accepted; status_seq=3,1453,0.5133,7653,0,0,0,0.000,0,0.6000,0.0653,31.313,82.375
157.000,-5.2208,4.1248,-1.11085,18.0000,0.0000,1,ACCEPTED code=1; Nav2 goal accepted; status_seq=3,1455,0.5112,7653,0,0,0,0.000,0,0.6000,0.0544,33.976,79.712
157.201,-5.3675,3.8900,-1.11248,18.0000,0.0000,1,ACCEPTED code=1; Nav2 goal accepted; status_seq=3,1457,0.5487,7653,0,0,0,0.000,0,0.6000,0.0661,33.976,79.712
157.400,-5.3971,3.8574,-1.02405,18.0000,0.0000,1,ACCEPTED code=1; Nav2 goal accepted; status_seq=3,1459,0.5697,7653,0,0,0,0.000,0,0.6000,0.0486,36.427,77.261
157.600,-5.3971,3.8574,-1.02405,18.0000,0.0000,1,ACCEPTED code=1; Nav2 goal accepted; status_seq=3,1461,0.5697,7653,0,0,0,0.000,0,0.6000,0.0486,36.427,77.261
157.800,-5.3564,3.6622,-0.98052,18.0000,0.0000,1,ACCEPTED code=1; Nav2 goal accepted; status_seq=3,1463,0.5425,7417,0,0,0,0.000,0,0.6000,0.0413,38.900,74.788
158.000,-5.3168,3.6288,-1.06081,18.0000,0.0000,1,ACCEPTED code=1; Nav2 goal accepted; status_seq=3,1465,0.5164,7417,0,0,0,0.000,0,0.6000,0.0616,38.244,75.444
158.200,-5.2174,3.4434,-1.05428,18.0000,0.0000,1,ACCEPTED code=1; Nav2 goal accepted; status_seq=3,1467,0.5259,7417,0,0,0,0.000,0,0.6000,0.0666,31.264,82.424
158.400,-5.1582,3.3475,-1.02305,18.0000,0.0000,1,ACCEPTED code=1; Nav2 goal accepted; status_seq=3,1469,0.5569,7417,0,0,0,0.000,0,0.6000,0.0548,31.264,82.424
158.601,-5.0848,3.1929,-1.08552,18.0000,0.0000,1,ACCEPTED code=1; Nav2 goal accepted; status_seq=3,1473,0.0250,7417,0,0,0,0.000,0,0.5913,0.1000,31.264,82.424
158.800,-5.0607,3.1603,-1.05377,18.0000,0.0000,1,ACCEPTED code=1; Nav2 goal accepted; status_seq=3,1475,0.0572,7111,0,0,0,0.000,0,0.6000,0.0982,31.264,82.424
159.001,-4.9352,2.9500,-0.94771,18.0000,0.0000,1,ACCEPTED code=1; Nav2 goal accepted; status_seq=3,1477,0.3052,7111,0,0,0,0.000,0,0.6000,0.0781,31.264,82.424
159.200,-4.8447,2.8847,-0.96708,18.0000,0.0000,1,ACCEPTED code=1; Nav2 goal accepted; status_seq=3,1479,0.4147,7111,0,0,0,0.000,0,0.6000,0.0850,31.264,82.424
159.400,-4.7812,2.8218,-1.06974,18.0000,0.0000,1,ACCEPTED code=1; Nav2 goal accepted; status_seq=3,1481,0.4996,7111,0,0,0,0.000,0,0.5561,0.1000,31.264,82.424
159.600,-4.6960,2.6270,-1.03910,18.0000,0.0000,1,ACCEPTED code=1; Nav2 goal accepted; status_seq=3,1483,0.7225,7111,0,0,0,0.000,0,0.5506,0.1000,26.951,71.053
159.800,-4.6960,2.6270,-1.03910,18.0000,0.0000,1,ACCEPTED code=1; Nav2 goal accepted; status_seq=3,1485,0.7033,7111,0,0,0,0.000,0,0.5575,0.1000,28.108,74.103
160.000,-4.6960,2.6270,-1.03910,18.0000,0.0000,1,ACCEPTED code=1; Nav2 goal accepted; status_seq=3,1487,0.7033,7111,0,0,0,0.000,0,0.5575,0.1000,28.108,74.103
160.200,-4.5948,2.3325,-1.01623,18.0000,0.0000,1,ACCEPTED code=1; Nav2 goal accepted; status_seq=3,1489,0.8161,7137,0,0,0,0.000,0,0.5176,0.1000,28.108,74.103
160.400,-4.5763,2.3173,-0.98195,18.0000,0.0000,1,ACCEPTED code=1; Nav2 goal accepted; status_seq=3,1491,0.7872,7137,0,0,0,0.000,0,0.5958,0.1000,28.374,74.803
160.601,-4.5044,2.2031,-0.88695,18.0000,0.0000,1,ACCEPTED code=1; Nav2 goal accepted; status_seq=3,1493,0.6990,7137,0,0,0,0.000,0,0.6000,0.0903,28.201,74.349
160.800,-4.4821,2.1716,-0.94177,18.0000,0.0000,1,ACCEPTED code=1; Nav2 goal accepted; status_seq=3,1495,0.6796,7137,0,0,0,0.000,0,0.5872,0.1000,28.912,76.221
161.000,-4.4094,2.0435,-0.90880,18.0000,0.0000,1,ACCEPTED code=1; Nav2 goal accepted; status_seq=3,1497,0.6158,7137,0,0,0,0.000,0,0.5836,0.1000,30.030,79.170
161.201,-4.3855,1.9892,-0.97463,18.0000,0.0000,1,ACCEPTED code=1; Nav2 goal accepted; status_seq=3,1499,0.6080,7137,0,0,0,0.000,0,0.5500,0.1000,31.264,82.424
161.401,-4.3732,1.9459,-0.95528,18.0000,0.0000,1,ACCEPTED code=1; Nav2 goal accepted; status_seq=3,1501,0.6074,7050,0,0,0,0.000,0,0.5529,0.1000,27.604,72.774
161.600,-4.3732,1.9459,-0.95528,18.0000,0.0000,1,ACCEPTED code=1; Nav2 goal accepted; status_seq=3,1503,0.6073,7050,0,0,0,0.000,0,0.5529,0.1000,27.776,73.227
161.800,-4.2918,1.7021,-0.92585,18.0000,0.0000,1,ACCEPTED code=1; Nav2 goal accepted; status_seq=3,1505,0.6687,7050,0,0,0,0.000,0,0.5500,0.1000,27.776,73.227
162.000,-4.2683,1.6515,-0.92018,18.0000,0.0000,1,ACCEPTED code=1; Nav2 goal accepted; status_seq=3,1507,0.6844,7050,0,0,0,0.000,0,0.5500,0.1000,27.563,72.667
162.200,-4.2607,1.6278,-0.99056,18.0000,0.0000,1,ACCEPTED code=1; Nav2 goal accepted; status_seq=3,1509,0.6997,7050,0,0,0,0.000,0,0.5000,0.1000,27.563,72.667
162.401,-4.4027,1.4595,-0.96313,18.0000,0.0000,1,ACCEPTED code=1; Nav2 goal accepted; status_seq=3,1511,0.9364,6866,0,0,0,0.000,0,0.4714,0.1000,22.618,59.631
162.601,-4.5746,1.2923,-0.92926,18.0000,0.0000,1,ACCEPTED code=1; Nav2 goal accepted; status_seq=3,1513,1.1672,6866,0,0,0,0.000,0,0.4496,0.1000,22.150,58.395
162.801,-4.6019,1.2130,-0.86707,18.0000,0.0000,1,ACCEPTED code=1; Nav2 goal accepted; status_seq=3,1517,0.1014,6866,0,0,0,0.000,0,0.5996,0.0259,36.296,63.819
163.000,-4.6346,1.1615,-0.86778,18.0000,0.0000,1,ACCEPTED code=1; Nav2 goal accepted; status_seq=3,1519,0.1601,6866,0,0,0,0.000,0,0.6000,0.0260,45.915,67.649
163.201,-4.6764,0.9289,-0.87210,18.0000,0.0000,1,ACCEPTED code=1; Nav2 goal accepted; status_seq=3,1521,0.3919,6866,0,0,0,0.000,0,0.6000,0.0409,48.270,65.418
163.400,-4.6755,0.9245,-0.86519,18.0000,0.0000,1,ACCEPTED code=1; Nav2 goal accepted; status_seq=3,1523,0.3895,6866,0,0,0,0.000,0,0.6000,0.0358,41.801,71.887
163.600,-4.5561,0.7429,-0.83321,18.0000,0.0000,1,ACCEPTED code=1; Nav2 goal accepted; status_seq=3,1525,0.5393,6655,0,0,0,0.000,0,0.6000,0.0375,41.801,71.887
163.800,-4.4830,0.7340,-0.83942,18.0000,0.0000,1,ACCEPTED code=1; Nav2 goal accepted; status_seq=3,1527,0.5563,6655,0,0,0,0.000,0,0.6000,0.0378,42.350,71.338
164.000,-4.4374,0.7124,-0.85876,18.0000,0.0000,1,ACCEPTED code=1; Nav2 goal accepted; status_seq=3,1529,0.5831,6655,0,0,0,0.000,0,0.6000,0.0423,40.956,72.732
164.200,-4.4180,0.6973,-0.87777,18.0000,0.0000,1,ACCEPTED code=1; Nav2 goal accepted; status_seq=3,1531,0.6038,6655,0,0,0,0.000,0,0.6000,0.0433,38.653,75.035
164.400,-4.2015,0.5547,-0.83149,18.0000,0.0000,1,ACCEPTED code=1; Nav2 goal accepted; status_seq=3,1533,0.8095,6655,0,0,0,0.000,0,0.6000,0.0342,41.528,72.160
164.600,-4.0635,0.4750,-0.83383,18.0000,0.0000,1,ACCEPTED code=1; Nav2 goal accepted; status_seq=3,1535,0.7958,6466,0,0,0,0.000,0,0.6000,0.0320,42.485,71.203
164.800,-4.0190,0.4442,-0.88066,18.0000,0.0000,1,ACCEPTED code=1; Nav2 goal accepted; status_seq=3,1537,0.7554,6466,0,0,0,0.000,0,0.6000,0.0470,42.589,71.099
165.001,-3.8856,0.3519,-0.85418,18.0000,0.0000,1,ACCEPTED code=1; Nav2 goal accepted; status_seq=3,1539,0.6062,6466,0,0,0,0.000,0,0.6000,0.0412,41.027,72.661
165.200,-3.8553,0.3298,-0.84468,18.0000,0.0000,1,ACCEPTED code=1; Nav2 goal accepted; status_seq=3,1541,0.5653,6466,0,0,0,0.000,0,0.6000,0.0401,39.985,73.703
165.400,-3.8553,0.3298,-0.84468,18.0000,0.0000,1,ACCEPTED code=1; Nav2 goal accepted; status_seq=3,1543,0.5653,6466,0,0,0,0.000,0,0.6000,0.0401,39.985,73.703
165.600,-3.8553,0.3298,-0.84468,18.0000,0.0000,1,ACCEPTED code=1; Nav2 goal accepted; status_seq=3,1545,0.5653,6084,0,0,0,0.000,0,0.6000,0.0401,39.985,73.703
165.800,-3.4865,0.0183,-0.80071,18.0000,0.0000,1,ACCEPTED code=1; Nav2 goal accepted; status_seq=3,1547,0.1657,6084,0,0,0,0.000,0,0.6000,0.0401,39.985,73.703
166.000,-3.5286,-0.0761,-0.85733,18.0000,0.0000,1,ACCEPTED code=1; Nav2 goal accepted; status_seq=3,1549,0.0629,6084,0,0,0,0.000,0,0.6000,0.0542,39.985,73.703
166.200,-3.5101,-0.1006,-0.82654,18.0000,0.0000,1,ACCEPTED code=1; Nav2 goal accepted; status_seq=3,1551,0.0486,6084,0,0,0,0.000,0,0.6000,0.0464,36.629,77.059
166.400,-3.4937,-0.1451,-0.72179,18.0000,0.0000,1,ACCEPTED code=1; Nav2 goal accepted; status_seq=3,1553,0.0483,6084,0,0,0,0.000,0,0.6000,0.0266,41.151,72.537
166.601,-3.3385,-0.1761,-0.76456,18.0000,0.0000,1,ACCEPTED code=1; Nav2 goal accepted; status_seq=3,1555,0.2088,6109,0,0,0,0.000,0,0.6000,0.0294,44.500,69.188
166.800,-3.3079,-0.2024,-0.75792,18.0000,0.0000,1,ACCEPTED code=1; Nav2 goal accepted; status_seq=3,1559,0.0388,6109,0,0,0,0.000,0,0.6000,0.0663,44.500,69.188
167.001,-3.1839,-0.2952,-0.69979,18.0000,0.0000,1,ACCEPTED code=1; Nav2 goal accepted; status_seq=3,1561,0.1974,6109,0,0,0,0.000,0,0.6000,0.0557,31.264,82.424
167.200,-3.1312,-0.3302,-0.76236,18.0000,0.0000,1,ACCEPTED code=1; Nav2 goal accepted; status_seq=3,1563,0.2574,6109,0,0,0,0.000,0,0.6000,0.0700,31.264,82.424
167.400,-3.0933,-0.3823,-0.72948,18.0000,0.0000,1,ACCEPTED code=1; Nav2 goal accepted; status_seq=3,1565,0.3168,6109,0,0,0,0.000,0,0.6000,0.0664,31.264,82.424
167.600,-2.9062,-0.5533,-0.68339,18.0000,0.0000,1,ACCEPTED code=1; Nav2 goal accepted; status_seq=3,1567,0.5739,6109,0,0,0,0.000,0,0.6000,0.0549,31.264,82.424
167.800,-2.8068,-0.5848,-0.59966,18.0000,0.0000,1,ACCEPTED code=1; Nav2 goal accepted; status_seq=3,1569,0.6757,6109,0,0,0,0.000,0,0.6000,0.0417,34.209,79.479
168.001,-2.5628,-0.6556,-0.60714,18.0000,0.0000,1,ACCEPTED code=1; Nav2 goal accepted; status_seq=3,1571,0.8349,6184,0,0,0,0.000,0,0.6000,0.0403,39.334,74.354
168.200,-2.4856,-0.6712,-0.59836,18.0000,0.0000,1,ACCEPTED code=1; Nav2 goal accepted; status_seq=3,1571,0.7662,6184,0,0,0,0.000,0,0.6000,0.0403,39.898,73.790
168.400,-2.4856,-0.6712,-0.59836,18.0000,0.0000,1,ACCEPTED code=1; Nav2 goal accepted; status_seq=3,1574,0.7698,6184,0,0,0,0.000,0,0.6000,0.0387,40.596,73.092
168.600,-2.4856,-0.6712,-0.59836,18.0000,0.0000,1,ACCEPTED code=1; Nav2 goal accepted; status_seq=3,1576,0.7698,6184,0,0,0,0.000,0,0.6000,0.0387,40.596,73.092
168.800,-2.4856,-0.6712,-0.59836,18.0000,0.0000,1,ACCEPTED code=1; Nav2 goal accepted; status_seq=3,1578,0.7698,6184,0,0,0,0.000,0,0.6000,0.0387,40.596,73.092
169.000,-2.4856,-0.6712,-0.59836,18.0000,0.0000,1,ACCEPTED code=1; Nav2 goal accepted; status_seq=3,1580,0.7698,6184,0,0,0,0.000,0,0.6000,0.0387,40.596,73.092
169.200,-1.4239,-0.9127,-0.54024,18.0000,0.0000,1,ACCEPTED code=1; Nav2 goal accepted; status_seq=3,1582,0.5569,5816,0,0,0,0.000,0,0.6000,0.0387,40.596,73.092
169.401,-1.3080,-0.9663,-0.53552,18.0000,0.0000,1,ACCEPTED code=1; Nav2 goal accepted; status_seq=3,1584,0.6460,5816,0,0,0,0.000,0,0.6000,0.0256,40.596,73.092
169.600,-1.2112,-0.9821,-0.50591,18.0000,0.0000,1,ACCEPTED code=1; Nav2 goal accepted; status_seq=3,1586,0.7347,5816,0,0,0,0.000,0,0.6000,0.0067,54.049,59.639
169.801,-1.1048,-1.0181,-0.51407,18.0000,0.0000,1,ACCEPTED code=1; Nav2 goal accepted; status_seq=3,1588,0.8252,5816,0,0,0,0.000,0,0.6000,0.0113,50.867,62.821
170.000,-0.9115,-1.1900,-0.59098,18.0000,0.0000,1,ACCEPTED code=1; Nav2 goal accepted; status_seq=3,1590,0.9254,5816,0,0,0,0.000,0,0.6000,0.0312,48.157,65.531
170.201,-0.8671,-1.2168,-0.56518,18.0000,0.0000,1,ACCEPTED code=1; Nav2 goal accepted; status_seq=3,1592,0.8815,5816,0,0,0,0.000,0,0.6000,0.0321,43.365,70.323
170.400,-0.8671,-1.2168,-0.56518,18.0000,0.0000,1,ACCEPTED code=1; Nav2 goal accepted; status_seq=3,1594,0.8815,5816,0,0,0,0.000,0,0.6000,0.0321,43.365,70.323
170.600,-0.8671,-1.2168,-0.56518,18.0000,0.0000,1,ACCEPTED code=1; Nav2 goal accepted; status_seq=3,1596,0.8815,5266,0,0,0,0.000,0,0.6000,0.0321,43.365,70.323
170.800,-0.8671,-1.2168,-0.56518,18.0000,0.0000,1,ACCEPTED code=1; Nav2 goal accepted; status_seq=3,1598,0.8815,5266,0,0,0,0.000,0,0.6000,0.0321,43.365,70.323
171.001,-0.4735,-1.9207,-0.53595,18.0000,0.0000,1,ACCEPTED code=1; Nav2 goal accepted; status_seq=3,1600,0.1570,5266,0,0,0,0.000,0,0.6000,0.0439,43.365,70.323
171.201,-0.5002,-1.9466,-0.50937,18.0000,0.0000,1,ACCEPTED code=1; Nav2 goal accepted; status_seq=3,1602,0.1717,5266,0,0,0,0.000,0,0.6000,0.0470,37.097,76.591
171.401,-0.4374,-2.0234,-0.47291,18.0000,0.0000,1,ACCEPTED code=1; Nav2 goal accepted; status_seq=3,1604,0.1404,5266,0,0,0,0.000,0,0.6000,0.0425,38.982,74.706
171.600,-0.4295,-2.0491,-0.53248,18.0000,0.0000,1,ACCEPTED code=1; Nav2 goal accepted; status_seq=3,1606,0.1628,5266,0,0,0,0.000,0,0.6000,0.0570,32.885,80.803
171.800,-0.4295,-2.0491,-0.53248,18.0000,0.0000,1,ACCEPTED code=1; Nav2 goal accepted; status_seq=3,1608,0.1628,5266,0,0,0,0.000,0,0.6000,0.0570,32.885,80.803
172.000,-0.4295,-2.0491,-0.53248,18.0000,0.0000,1,ACCEPTED code=1; Nav2 goal accepted; status_seq=3,1610,0.1628,4628,0,0,0,0.000,0,0.6000,0.0570,32.885,80.803
172.200,-0.4295,-2.0491,-0.53248,18.0000,0.0000,1,ACCEPTED code=1; Nav2 goal accepted; status_seq=3,1612,0.1628,4628,0,0,0,0.000,0,0.6000,0.0570,32.885,80.803
172.401,-0.2854,-2.4631,-0.46461,18.0000,0.0000,1,ACCEPTED code=1; Nav2 goal accepted; status_seq=3,1614,0.5451,4628,0,0,0,0.000,0,0.6000,0.0570,32.885,80.803
172.600,-0.2694,-2.4255,-0.46003,18.0000,0.0000,1,ACCEPTED code=1; Nav2 goal accepted; status_seq=3,1618,0.0418,4628,0,0,0,0.000,0,0.6000,0.0638,31.264,82.424
172.801,-0.2510,-2.4314,-0.44281,18.0000,0.0000,1,ACCEPTED code=1; Nav2 goal accepted; status_seq=3,1620,0.0574,4628,0,0,0,0.000,0,0.6000,0.0638,31.264,82.424
173.000,-0.1833,-2.5007,-0.43625,18.0000,0.0000,1,ACCEPTED code=1; Nav2 goal accepted; status_seq=3,1622,0.1511,4617,0,0,0,0.000,0,0.6000,0.0634,31.264,82.424
173.201,-0.1585,-2.4724,-0.43667,18.0000,0.0000,1,ACCEPTED code=1; Nav2 goal accepted; status_seq=3,1624,0.1603,4617,0,0,0,0.000,0,0.6000,0.0622,31.264,82.424
173.400,-0.1256,-2.4708,-0.40488,18.0000,0.0000,1,ACCEPTED code=1; Nav2 goal accepted; status_seq=3,1626,0.1885,4617,0,0,0,0.000,0,0.6000,0.0589,31.264,82.424
173.600,-0.0571,-2.4529,-0.43602,18.0000,0.0000,1,ACCEPTED code=1; Nav2 goal accepted; status_seq=3,1628,0.2493,4617,0,0,0,0.000,0,0.6000,0.0627,31.264,82.424
173.800,0.0707,-2.4326,-0.38782,18.0000,0.0000,1,ACCEPTED code=1; Nav2 goal accepted; status_seq=3,1630,0.3694,4617,0,0,0,0.000,0,0.6000,0.0586,32.239,81.449
174.000,0.1108,-2.4692,-0.40872,18.0000,0.0000,1,ACCEPTED code=1; Nav2 goal accepted; status_seq=3,1631,0.4140,4617,0,0,0,0.000,0,0.6000,0.0504,35.694,77.994
174.200,0.2989,-2.4833,-0.38630,18.0000,0.0000,1,ACCEPTED code=1; Nav2 goal accepted; status_seq=3,1631,0.6019,4674,0,0,0,0.000,0,0.6000,0.0504,35.694,77.994
174.401,0.4473,-2.5285,-0.40151,18.0000,0.0000,1,ACCEPTED code=1; Nav2 goal accepted; status_seq=3,1634,0.7562,4674,0,0,0,0.000,0,0.6000,0.0583,32.374,81.314
174.600,0.5048,-2.5654,-0.39309,18.0000,0.0000,1,ACCEPTED code=1; Nav2 goal accepted; status_seq=3,1636,0.8206,4674,0,0,0,0.000,0,0.6000,0.0654,31.317,82.371
174.800,0.6511,-2.6002,-0.36061,18.0000,0.0000,1,ACCEPTED code=1; Nav2 goal accepted; status_seq=3,1638,0.7452,4674,0,0,0,0.000,0,0.6000,0.0598,31.729,81.959
175.000,0.7251,-2.6565,-0.38081,18.0000,0.0000,1,ACCEPTED code=1; Nav2 goal accepted; status_seq=3,1640,0.6523,4674,0,0,0,0.000,0,0.6000,0.0632,31.264,82.424
175.200,0.8321,-2.6987,-0.36003,18.0000,0.0000,1,ACCEPTED code=1; Nav2 goal accepted; status_seq=3,1642,0.5418,4356,0,0,0,0.000,0,0.6000,0.0615,31.264,82.424
175.401,0.9021,-2.7502,-0.36439,18.0000,0.0000,1,ACCEPTED code=1; Nav2 goal accepted; status_seq=3,1644,0.4585,4356,0,0,0,0.000,0,0.6000,0.0606,31.264,82.424
175.600,0.9433,-2.7699,-0.37625,18.0000,0.0000,1,ACCEPTED code=1; Nav2 goal accepted; status_seq=3,1646,0.4158,4356,0,0,0,0.000,0,0.6000,0.0663,31.264,82.424
175.801,1.1542,-2.8478,-0.34719,18.0000,0.0000,1,ACCEPTED code=1; Nav2 goal accepted; status_seq=3,1648,0.1950,4356,0,0,0,0.000,0,0.6000,0.0663,31.264,82.424
176.000,1.1888,-2.9699,-0.35038,18.0000,0.0000,1,ACCEPTED code=1; Nav2 goal accepted; status_seq=3,1650,0.1890,4356,0,0,0,0.000,0,0.6000,0.0699,31.264,82.424
176.200,1.1888,-2.9699,-0.35038,18.0000,0.0000,1,ACCEPTED code=1; Nav2 goal accepted; status_seq=3,1652,0.1925,3795,0,0,0,0.000,0,0.6000,0.0701,31.264,82.424
176.400,1.4205,-3.0649,-0.29119,18.0000,0.0000,1,ACCEPTED code=1; Nav2 goal accepted; status_seq=3,1654,0.2340,3795,0,0,0,0.000,0,0.6000,0.0609,31.264,82.424
176.600,1.5225,-3.0914,-0.24115,18.0000,0.0000,1,ACCEPTED code=1; Nav2 goal accepted; status_seq=3,1658,0.2887,3795,0,0,0,0.000,0,0.6000,0.0576,32.640,81.048
176.801,1.5821,-3.1131,-0.23408,18.0000,0.0000,1,ACCEPTED code=1; Nav2 goal accepted; status_seq=3,1660,0.0956,3795,0,0,0,0.000,0,0.6000,0.0352,42.045,71.643
177.000,1.5821,-3.1131,-0.23408,18.0000,0.0000,1,ACCEPTED code=1; Nav2 goal accepted; status_seq=3,1662,0.0956,3795,0,0,0,0.000,0,0.6000,0.0352,42.045,71.643
177.201,2.0105,-3.2505,-0.19689,18.0000,0.0000,1,ACCEPTED code=1; Nav2 goal accepted; status_seq=3,1664,0.1600,3795,0,0,0,0.000,0,0.6000,0.0416,39.374,74.314
177.400,2.1536,-3.2966,-0.20324,18.0000,0.0000,1,ACCEPTED code=1; Nav2 goal accepted; status_seq=3,1666,0.0210,3359,0,0,0,0.000,0,0.6000,0.0375,41.089,72.599
177.601,2.2244,-3.3133,-0.21660,18.0000,0.0000,1,ACCEPTED code=1; Nav2 goal accepted; status_seq=3,1668,0.0598,3359,0,0,0,0.000,0,0.6000,0.0424,39.056,74.632
177.800,2.3138,-3.3143,-0.16259,18.0000,0.0000,1,ACCEPTED code=1; Nav2 goal accepted; status_seq=3,1670,0.1451,3359,0,0,0,0.000,0,0.6000,0.0357,37.755,75.933
178.000,2.4758,-3.3499,-0.18079,18.0000,0.0000,1,ACCEPTED code=1; Nav2 goal accepted; status_seq=3,1672,0.3092,3359,0,0,0,0.000,0,0.6000,0.0386,40.646,73.042
178.200,2.6011,-3.4019,-0.09374,18.0000,0.0000,1,ACCEPTED code=1; Nav2 goal accepted; status_seq=3,1674,0.2749,3359,0,0,0,0.000,0,0.6000,0.0440,38.358,75.330
178.400,2.8074,-3.4330,-0.15529,18.0000,0.0000,1,ACCEPTED code=1; Nav2 goal accepted; status_seq=3,1676,0.0717,3359,0,0,0,0.000,0,0.6000,0.0348,43.847,69.841
178.601,2.8978,-3.4639,-0.13940,18.0000,0.0000,1,ACCEPTED code=1; Nav2 goal accepted; status_seq=3,1678,0.0337,3538,0,0,0,0.000,0,0.6000,0.0487,36.377,77.311
178.800,2.9690,-3.4925,-0.12917,18.0000,0.0000,1,ACCEPTED code=1; Nav2 goal accepted; status_seq=3,1680,0.1037,3538,0,0,0,0.000,0,0.6000,0.0416,36.886,76.802
179.000,3.1947,-3.5562,-0.11583,18.0000,0.0000,1,ACCEPTED code=1; Nav2 goal accepted; status_seq=3,1682,0.3371,3538,0,0,0,0.000,0,0.5909,0.0503,34.472,76.711
179.200,3.3276,-3.6061,-0.14207,18.0000,0.0000,1,ACCEPTED code=1; Nav2 goal accepted; status_seq=3,1684,0.2457,3538,0,0,0,0.000,0,0.5909,0.0519,33.783,77.400
179.400,3.3362,-3.6055,-0.14420,18.0000,0.0000,1,ACCEPTED code=1; Nav2 goal accepted; status_seq=3,1686,0.2378,3538,0,0,0,0.000,0,0.5909,0.0580,31.213,79.970
179.600,3.5148,-3.7001,-0.07812,18.0000,0.0000,1,ACCEPTED code=1; Nav2 goal accepted; status_seq=3,1688,0.1172,3390,0,0,0,0.000,0,0.5909,0.0459,36.325,74.858
179.801,3.5692,-3.7068,-0.10154,18.0000,0.0000,1,ACCEPTED code=1; Nav2 goal accepted; status_seq=3,1690,0.1099,3390,0,0,0,0.000,0,0.6000,0.0572,32.812,80.876
180.000,3.5692,-3.7068,-0.10154,18.0000,0.0000,1,ACCEPTED code=1; Nav2 goal accepted; status_seq=3,1691,0.1092,3390,0,0,0,0.000,0,0.6000,0.0572,32.812,80.876
180.200,3.8465,-3.8111,-0.10248,18.0000,0.0000,1,ACCEPTED code=1; Nav2 goal accepted; status_seq=3,1691,0.3461,3390,0,0,0,0.000,0,0.6000,0.0572,32.812,80.876
180.400,3.8624,-3.8304,-0.08607,18.0000,0.0000,1,ACCEPTED code=1; Nav2 goal accepted; status_seq=3,1694,0.3913,3390,0,0,0,0.000,0,0.5447,0.0568,27.564,72.668
180.600,3.9506,-3.8655,-0.03127,18.0000,0.0000,1,ACCEPTED code=1; Nav2 goal accepted; status_seq=3,1698,0.0577,3466,0,0,0,0.000,0,0.6000,0.0568,33.006,80.682
180.801,3.9695,-3.8650,-0.08987,18.0000,0.0000,1,ACCEPTED code=1; Nav2 goal accepted; status_seq=3,1700,0.0711,3466,0,0,0,0.000,0,0.5447,0.0567,27.182,71.662
181.001,4.0430,-3.8857,-0.05238,18.0000,0.0000,1,ACCEPTED code=1; Nav2 goal accepted; status_seq=3,1702,0.1525,3466,0,0,0,0.000,0,0.5909,0.0526,31.361,79.822
181.201,4.1222,-3.8947,-0.02555,18.0000,0.0000,1,ACCEPTED code=1; Nav2 goal accepted; status_seq=3,1704,0.2290,3466,0,0,0,0.000,0,0.5909,0.0575,31.361,79.822
181.401,4.1718,-3.8845,0.00345,18.0000,0.0000,1,ACCEPTED code=1; Nav2 goal accepted; status_seq=3,1706,0.2782,3466,0,0,0,0.000,0,0.5909,0.0470,35.839,75.344
181.601,4.2571,-3.8840,0.01209,18.0000,0.0000,1,ACCEPTED code=1; Nav2 goal accepted; status_seq=3,1708,0.4051,3466,0,0,0,0.000,0,0.5447,0.0392,33.673,66.559
181.800,4.3527,-3.9241,0.01306,18.0000,0.0000,1,ACCEPTED code=1; Nav2 goal accepted; status_seq=3,1710,0.4622,3116,0,0,0,0.000,0,0.5447,0.0374,33.695,65.148
182.000,4.4048,-3.9254,-0.00095,18.0000,0.0000,1,ACCEPTED code=1; Nav2 goal accepted; status_seq=3,1712,0.5137,3116,0,0,0,0.000,0,0.5447,0.0471,29.645,69.198
182.201,4.4048,-3.9254,-0.00095,18.0000,0.0000,1,ACCEPTED code=1; Nav2 goal accepted; status_seq=3,1714,0.5144,3116,0,0,0,0.000,0,0.6000,0.0519,35.059,78.629
182.400,4.6404,-3.9326,0.02884,18.0000,0.0000,1,ACCEPTED code=1; Nav2 goal accepted; status_seq=3,1716,0.7563,3116,0,0,0,0.000,0,0.5909,0.0512,34.087,77.097
182.600,4.7620,-3.9110,0.02486,18.0000,0.0000,1,ACCEPTED code=1; Nav2 goal accepted; status_seq=3,1718,0.8721,3116,0,0,0,0.000,0,0.6000,0.0547,33.858,79.830
182.800,4.8262,-3.9044,0.05337,18.0000,0.0000,1,ACCEPTED code=1; Nav2 goal accepted; status_seq=3,1720,0.8332,3116,0,0,0,0.000,0,0.5909,0.0443,36.981,74.202
183.000,5.0356,-3.8722,0.08849,18.0000,0.0000,1,ACCEPTED code=1; Nav2 goal accepted; status_seq=3,1722,0.6228,2913,0,0,0,0.000,0,0.5909,0.0443,36.981,74.202
183.201,5.1704,-3.8338,0.10494,18.0000,0.0000,1,ACCEPTED code=1; Nav2 goal accepted; status_seq=3,1724,0.4749,2913,0,0,0,0.000,0,0.4985,0.0303,30.850,56.273
183.400,5.2437,-3.8110,0.06553,18.0000,0.0000,1,ACCEPTED code=1; Nav2 goal accepted; status_seq=3,1726,0.4056,2913,0,0,0,0.000,0,0.6000,0.0447,38.057,75.631
183.600,5.4902,-3.7488,0.13137,18.0000,0.0000,1,ACCEPTED code=1; Nav2 goal accepted; status_seq=3,1728,0.1463,2913,0,0,0,0.000,0,0.6000,0.0283,44.947,68.741
183.801,5.6493,-3.6798,0.10902,18.0000,0.0000,1,ACCEPTED code=1; Nav2 goal accepted; status_seq=3,1730,0.0270,2913,0,0,0,0.000,0,0.6000,0.0349,44.443,69.245
184.000,5.7939,-3.6263,0.14500,18.0000,0.0000,1,ACCEPTED code=1; Nav2 goal accepted; status_seq=3,1732,0.1759,2913,0,0,0,0.000,0,0.5909,0.0288,43.494,67.689
184.200,5.8557,-3.6051,0.12569,18.0000,0.0000,1,ACCEPTED code=1; Nav2 goal accepted; status_seq=3,1734,0.2434,3254,0,0,0,0.000,0,0.5909,0.0303,42.876,68.307
184.400,5.8557,-3.6051,0.12569,18.0000,0.0000,1,ACCEPTED code=1; Nav2 goal accepted; status_seq=3,1736,0.2410,3254,0,0,0,0.000,0,0.5909,0.0308,42.644,68.539
184.600,5.8557,-3.6051,0.12569,18.0000,0.0000,1,ACCEPTED code=1; Nav2 goal accepted; status_seq=3,1740,0.0000,3254,0,0,0,0.000,0,0.5909,0.0308,42.644,68.539
184.800,6.2838,-3.5061,0.17591,18.0000,0.0000,1,ACCEPTED code=1; Nav2 goal accepted; status_seq=3,1742,0.4367,3254,0,0,0,0.000,0,0.4985,0.0240,33.483,53.639
185.000,6.2838,-3.5061,0.17591,18.0000,0.0000,1,ACCEPTED code=1; Nav2 goal accepted; status_seq=3,1744,0.4395,3254,0,0,0,0.000,0,0.6000,0.0268,45.582,68.106
185.200,6.2838,-3.5061,0.17591,18.0000,0.0000,1,ACCEPTED code=1; Nav2 goal accepted; status_seq=3,1746,0.4395,3474,0,0,0,0.000,0,0.6000,0.0268,45.582,68.106
185.401,6.7281,-3.4922,0.17777,18.0000,0.0000,1,ACCEPTED code=1; Nav2 goal accepted; status_seq=3,1748,0.8709,3474,0,0,0,0.000,0,0.5000,0.0319,45.582,68.106
185.600,6.8453,-3.5127,0.20123,18.0000,0.0000,1,ACCEPTED code=1; Nav2 goal accepted; status_seq=3,1750,0.7575,3474,0,0,0,0.000,0,0.6000,0.0357,41.843,71.845
185.800,6.8993,-3.5337,0.17968,18.0000,0.0000,1,ACCEPTED code=1; Nav2 goal accepted; status_seq=3,1752,0.7137,3474,0,0,0,0.000,0,0.6000,0.0378,42.094,71.594
186.000,6.8993,-3.5337,0.17968,18.0000,0.0000,1,ACCEPTED code=1; Nav2 goal accepted; status_seq=3,1754,0.7119,3474,0,0,0,0.000,0,0.6000,0.0387,40.606,73.082
186.200,6.8993,-3.5337,0.17968,18.0000,0.0000,1,ACCEPTED code=1; Nav2 goal accepted; status_seq=3,1756,0.7119,3458,0,0,0,0.000,0,0.6000,0.0387,40.606,73.082
186.400,7.2398,-3.6674,0.18650,18.0000,0.0000,1,ACCEPTED code=1; Nav2 goal accepted; status_seq=3,1758,0.4971,3458,0,0,0,0.000,0,0.6000,0.0468,37.206,76.482
186.600,7.2419,-3.6717,0.19378,18.0000,0.0000,1,ACCEPTED code=1; Nav2 goal accepted; status_seq=3,1760,0.4959,3458,0,0,0,0.000,0,0.6000,0.0477,36.806,76.882
186.801,7.3884,-3.7445,0.21533,18.0000,0.0000,1,ACCEPTED code=1; Nav2 goal accepted; status_seq=3,1762,0.4802,3458,0,0,0,0.000,0,0.6000,0.0524,34.854,78.834
187.001,7.4518,-3.7933,0.19420,18.0000,0.0000,1,ACCEPTED code=1; Nav2 goal accepted; status_seq=3,1764,0.5069,3458,0,0,0,0.000,0,0.6000,0.0555,35.473,78.215
187.200,7.5392,-3.8329,0.23533,18.0000,0.0000,1,ACCEPTED code=1; Nav2 goal accepted; status_seq=3,1766,0.5331,3312,0,0,0,0.000,0,0.6000,0.0517,35.125,78.563
187.400,7.5570,-3.8216,0.21824,18.0000,0.0000,1,ACCEPTED code=1; Nav2 goal accepted; status_seq=3,1768,0.5200,3312,0,0,0,0.000,0,0.6000,0.0543,34.052,79.636
187.600,7.6546,-3.8377,0.25457,18.0000,0.0000,1,ACCEPTED code=1; Nav2 goal accepted; status_seq=3,1770,0.5412,3312,0,0,0,0.000,0,0.6000,0.0469,37.162,76.526
187.801,7.6840,-3.8228,0.25121,18.0000,0.0000,1,ACCEPTED code=1; Nav2 goal accepted; status_seq=3,1772,0.5333,3312,0,0,0,0.000,0,0.6000,0.0551,33.704,79.984
188.000,7.7219,-3.8375,0.24987,18.0000,0.0000,1,ACCEPTED code=1; Nav2 goal accepted; status_seq=3,1774,0.5590,3312,0,0,0,0.000,0,0.6000,0.0567,33.019,80.669
188.200,7.8198,-3.8300,0.25448,18.0000,0.0000,1,ACCEPTED code=1; Nav2 goal accepted; status_seq=3,1776,0.5836,3312,0,0,0,0.000,0,0.6000,0.0494,36.113,77.575
188.400,7.8749,-3.8217,0.27082,18.0000,0.0000,1,ACCEPTED code=1; Nav2 goal accepted; status_seq=3,1778,0.6054,3147,0,0,0,0.000,0,0.6000,0.0473,36.994,76.694
188.600,7.8929,-3.8257,0.24255,18.0000,0.0000,1,ACCEPTED code=1; Nav2 goal accepted; status_seq=3,1780,0.6136,3147,0,0,0,0.000,0,0.6000,0.0550,35.465,78.223
188.800,7.8929,-3.8257,0.24255,18.0000,0.0000,1,ACCEPTED code=1; Nav2 goal accepted; status_seq=3,1782,0.6136,3147,0,0,0,0.000,0,0.6000,0.0550,33.759,79.929
189.000,7.8929,-3.8257,0.24255,18.0000,0.0000,1,ACCEPTED code=1; Nav2 goal accepted; status_seq=3,1786,0.0000,3147,0,0,0,0.000,0,0.6000,0.0550,33.759,79.929
189.200,7.8929,-3.8257,0.24255,18.0000,0.0000,1,ACCEPTED code=1; Nav2 goal accepted; status_seq=3,1788,0.0005,3147,0,0,0,0.000,0,0.4902,-0.1000,61.698,23.403
189.401,8.2382,-3.6045,0.27143,18.0000,0.0000,1,ACCEPTED code=1; Nav2 goal accepted; status_seq=3,1790,0.3644,3569,0,0,0,0.000,0,0.4230,-0.1000,53.095,20.139
189.601,8.3420,-3.5625,0.30545,18.0000,0.0000,1,ACCEPTED code=1; Nav2 goal accepted; status_seq=3,1792,0.2662,3569,0,0,0,0.000,0,0.4136,-0.1000,48.730,18.484
189.800,8.4081,-3.5244,0.29372,18.0000,0.0000,1,ACCEPTED code=1; Nav2 goal accepted; status_seq=3,1794,0.1869,3569,0,0,0,0.000,0,0.3934,-0.1000,45.836,17.386
190.001,8.4688,-3.4803,0.27866,18.0000,0.0000,1,ACCEPTED code=1; Nav2 goal accepted; status_seq=3,1796,0.1264,3569,0,0,0,0.000,0,0.3974,-0.1000,45.933,17.423
190.201,8.5435,-3.4524,0.31805,18.0000,0.0000,1,ACCEPTED code=1; Nav2 goal accepted; status_seq=3,1798,0.0672,3569,0,0,0,0.000,0,0.3830,-0.1000,43.895,16.650
190.401,8.6993,-3.3777,0.28849,18.0000,0.0000,1,ACCEPTED code=1; Nav2 goal accepted; status_seq=3,1800,0.1651,3569,0,0,0,0.000,0,0.3729,-0.1000,42.343,16.061
190.601,8.7185,-3.3736,0.31365,18.0000,0.0000,1,ACCEPTED code=1; Nav2 goal accepted; status_seq=3,1802,0.1722,4179,0,0,0,0.000,0,0.3609,-0.1000,41.484,15.735
190.800,8.9028,-3.3125,0.28382,18.0000,0.0000,1,ACCEPTED code=1; Nav2 goal accepted; status_seq=3,1804,0.3611,4179,0,0,0,0.000,0,0.3631,-0.1000,40.512,15.367
191.000,9.0224,-3.2900,0.27440,18.0000,0.0000,1,ACCEPTED code=1; Nav2 goal accepted; status_seq=3,1806,0.2513,4179,0,0,0,0.000,0,0.3615,-0.1000,40.604,15.401
191.200,9.0880,-3.3195,0.26095,18.0000,0.0000,1,ACCEPTED code=1; Nav2 goal accepted; status_seq=3,1808,0.2123,4179,0,0,0,0.000,0,0.3576,-0.1000,40.022,15.181
191.400,9.1344,-3.3354,0.29152,18.0000,0.0000,1,ACCEPTED code=1; Nav2 goal accepted; status_seq=3,1810,0.1976,4179,0,0,0,0.000,0,0.3544,-0.1000,39.552,15.002
191.600,9.1344,-3.3355,0.29163,18.0000,0.0000,1,ACCEPTED code=1; Nav2 goal accepted; status_seq=3,1812,0.1957,4179,0,0,0,0.000,0,0.3521,-0.1000,39.212,14.873
191.800,9.3936,-3.3238,0.29294,18.0000,0.0000,1,ACCEPTED code=1; Nav2 goal accepted; status_seq=3,1814,0.2102,3822,0,0,0,0.000,0,0.3521,-0.1000,39.212,14.873
192.001,9.5467,-3.3530,0.29623,18.0000,0.0000,1,ACCEPTED code=1; Nav2 goal accepted; status_seq=3,1815,0.3753,3822,0,0,0,0.000,0,0.3521,-0.1000,39.212,14.873
192.200,9.5587,-3.3525,0.28172,18.0000,0.0000,1,ACCEPTED code=1; Nav2 goal accepted; status_seq=3,1817,0.2785,3822,0,0,0,0.000,0,0.3402,-0.1000,37.080,14.065
192.401,9.7869,-3.4168,0.26860,18.0000,0.0000,1,ACCEPTED code=1; Nav2 goal accepted; status_seq=3,1819,0.5792,3822,0,0,0,0.000,0,0.3443,-0.1000,37.749,14.318
192.601,9.8190,-3.4587,0.26530,18.0000,0.0000,1,ACCEPTED code=1; Nav2 goal accepted; status_seq=3,1821,0.6159,3822,0,0,0,0.000,0,0.3430,-0.1000,38.409,14.569
192.800,9.8995,-3.4755,0.27198,18.0000,0.0000,1,ACCEPTED code=1; Nav2 goal accepted; status_seq=3,1823,0.6221,3443,0,0,0,0.000,0,0.3408,-0.1000,38.377,14.557
193.001,9.9328,-3.4982,0.27182,18.0000,0.0000,1,ACCEPTED code=1; Nav2 goal accepted; status_seq=3,1825,0.6472,3443,0,0,0,0.000,0,0.3428,-0.1000,38.526,14.613
193.201,9.9479,-3.5071,0.25008,18.0000,0.0000,1,ACCEPTED code=1; Nav2 goal accepted; status_seq=3,1827,0.6548,3443,0,0,0,0.000,0,0.3478,-0.1000,38.099,14.451
193.400,9.9479,-3.5071,0.25008,18.0000,0.0000,1,ACCEPTED code=1; Nav2 goal accepted; status_seq=3,1829,0.6548,3443,0,0,0,0.000,0,0.3478,-0.1000,38.577,14.633
193.600,10.1084,-3.5481,0.24492,18.0000,0.0000,1,ACCEPTED code=1; Nav2 goal accepted; status_seq=3,1833,0.1795,3443,0,0,0,0.000,0,0.3978,-0.0250,42.369,21.369
193.800,10.1062,-3.4812,0.23236,18.0000,0.0000,1,ACCEPTED code=1; Nav2 goal accepted; status_seq=3,1835,0.1763,3443,0,0,0,0.000,0,0.4395,0.1000,21.124,55.690
194.000,10.1967,-3.3912,0.23560,18.0000,0.0000,1,ACCEPTED code=1; Nav2 goal accepted; status_seq=3,1837,0.2886,3166,0,0,0,0.000,0,0.4317,0.1000,19.473,51.339
194.200,10.2467,-3.3254,0.24407,18.0000,0.0000,1,ACCEPTED code=1; Nav2 goal accepted; status_seq=3,1839,0.3591,3166,0,0,0,0.000,0,0.4377,0.1000,19.465,51.316
194.400,10.3202,-3.2171,0.21105,18.0000,0.0000,1,ACCEPTED code=1; Nav2 goal accepted; status_seq=3,1841,0.4794,3166,0,0,0,0.000,0,0.4175,0.1000,19.275,50.815
194.600,10.3202,-3.2171,0.21105,18.0000,0.0000,1,ACCEPTED code=1; Nav2 goal accepted; status_seq=3,1843,0.4792,3166,0,0,0,0.000,0,0.4175,0.1000,18.723,49.362
194.800,10.4229,-3.0439,0.21317,18.0000,0.0000,1,ACCEPTED code=1; Nav2 goal accepted; status_seq=3,1845,0.5435,3166,0,0,0,0.000,0,0.4141,0.1000,18.626,49.106
195.000,10.4662,-2.9971,0.23039,18.0000,0.0000,1,ACCEPTED code=1; Nav2 goal accepted; status_seq=3,1847,0.5580,3275,0,0,0,0.000,0,0.4325,0.1000,19.164,50.525
195.201,10.5119,-2.9420,0.21046,18.0000,0.0000,1,ACCEPTED code=1; Nav2 goal accepted; status_seq=3,1849,0.5167,3275,0,0,0,0.000,0,0.4182,0.1000,18.984,50.049
195.401,10.5364,-2.9148,0.23442,18.0000,0.0000,1,ACCEPTED code=1; Nav2 goal accepted; status_seq=3,1851,0.4857,3275,0,0,0,0.000,0,0.4281,0.1000,18.665,49.208
195.600,10.6123,-2.8837,0.24199,18.0000,0.0000,1,ACCEPTED code=1; Nav2 goal accepted; status_seq=3,1853,0.4390,3275,0,0,0,0.000,0,0.4241,0.1000,19.376,51.082
195.801,10.6754,-2.8501,0.26905,18.0000,0.0000,1,ACCEPTED code=1; Nav2 goal accepted; status_seq=3,1855,0.4181,3275,0,0,0,0.000,0,0.4324,0.1000,19.091,50.331
196.000,10.7379,-2.8496,0.24923,18.0000,0.0000,1,ACCEPTED code=1; Nav2 goal accepted; status_seq=3,1857,0.4243,3275,0,0,0,0.000,0,0.4222,0.1000,19.591,51.650
196.200,10.7379,-2.8496,0.24923,18.0000,0.0000,1,ACCEPTED code=1; Nav2 goal accepted; status_seq=3,1859,0.4239,3275,0,0,0,0.000,0,0.4206,0.1000,18.912,49.860
196.401,10.9392,-2.8197,0.26626,18.0000,0.0000,1,ACCEPTED code=1; Nav2 goal accepted; status_seq=3,1861,0.4836,3308,0,0,0,0.000,0,0.4123,0.1000,19.063,50.256
196.600,10.9951,-2.8243,0.26043,18.0000,0.0000,1,ACCEPTED code=1; Nav2 goal accepted; status_seq=3,1863,0.4694,3308,0,0,0,0.000,0,0.4043,0.1000,17.962,47.354
196.800,11.1310,-2.8086,0.27731,18.0000,0.0000,1,ACCEPTED code=1; Nav2 goal accepted; status_seq=3,1865,0.4286,3308,0,0,0,0.000,0,0.4040,0.1000,17.884,47.148
197.000,11.2419,-2.8141,0.27717,18.0000,0.0000,1,ACCEPTED code=1; Nav2 goal accepted; status_seq=3,1867,0.4545,3308,0,0,0,0.000,0,0.3898,0.1000,17.441,45.981
197.200,11.3105,-2.8129,0.30168,18.0000,0.0000,1,ACCEPTED code=1; Nav2 goal accepted; status_seq=3,1869,0.4665,3308,0,0,0,0.000,0,0.3986,0.1000,17.591,46.376
197.400,11.3105,-2.8129,0.30168,18.0000,0.0000,1,ACCEPTED code=1; Nav2 goal accepted; status_seq=3,1871,0.4660,3157,0,0,0,0.000,0,0.3986,0.1000,17.575,46.335
197.601,11.5391,-2.8334,0.32196,18.0000,0.0000,1,ACCEPTED code=1; Nav2 goal accepted; status_seq=3,1873,0.6047,3157,0,0,0,0.000,0,0.3897,0.1000,16.710,44.054
197.800,11.5934,-2.8553,0.33161,18.0000,0.0000,1,ACCEPTED code=1; Nav2 goal accepted; status_seq=3,1875,0.6566,3157,0,0,0,0.000,0,0.3873,0.1000,16.949,44.684
198.001,11.5934,-2.8553,0.33161,18.0000,0.0000,1,ACCEPTED code=1; Nav2 goal accepted; status_seq=3,1876,0.6566,3157,0,0,0,0.000,0,0.3873,0.1000,16.949,44.684
198.200,11.5934,-2.8553,0.33161,18.0000,0.0000,1,ACCEPTED code=1; Nav2 goal accepted; status_seq=3,1876,0.6566,3157,0,0,0,0.000,0,0.3873,0.1000,16.899,44.552
198.401,11.5934,-2.8553,0.33161,18.0000,0.0000,1,ACCEPTED code=1; Nav2 goal accepted; status_seq=3,1881,0.0586,2794,0,0,0,0.000,0,0.4873,0.0986,16.899,44.552
198.601,11.9971,-2.8593,0.37196,18.0000,0.0000,1,ACCEPTED code=1; Nav2 goal accepted; status_seq=3,1883,0.4688,2794,0,0,0,0.000,0,0.5035,0.1000,24.301,64.067
198.800,12.0876,-2.8529,0.35726,18.0000,0.0000,1,ACCEPTED code=1; Nav2 goal accepted; status_seq=3,1885,0.5472,2794,0,0,0,0.000,0,0.4781,0.1000,22.590,59.555
199.000,12.1053,-2.8490,0.36983,18.0000,0.0000,1,ACCEPTED code=1; Nav2 goal accepted; status_seq=3,1887,0.5662,2794,0,0,0,0.000,0,0.4819,0.1000,22.847,60.232
199.201,12.1053,-2.8490,0.36983,18.0000,0.0000,1,ACCEPTED code=1; Nav2 goal accepted; status_seq=3,1889,0.5666,2794,0,0,0,0.000,0,0.4819,0.1000,22.847,60.232
199.400,12.2357,-2.8348,0.38487,18.0000,0.0000,1,ACCEPTED code=1; Nav2 goal accepted; status_seq=3,1891,0.6967,2794,0,0,0,0.000,0,0.4819,0.1000,22.847,60.232
199.601,12.2556,-2.7837,0.36867,18.0000,0.0000,1,ACCEPTED code=1; Nav2 goal accepted; status_seq=3,1893,0.7228,2794,0,0,0,0.000,0,0.4668,0.1000,21.848,57.600
199.800,12.2529,-2.7846,0.36591,18.0000,0.0000,1,ACCEPTED code=1; Nav2 goal accepted; status_seq=3,1895,0.7170,2729,0,0,0,0.000,0,0.4648,0.1000,21.719,57.260
200.000,12.3586,-2.7146,0.38035,18.0000,0.0000,1,ACCEPTED code=1; Nav2 goal accepted; status_seq=3,1897,0.7104,2729,0,0,0,0.000,0,0.4726,0.1000,22.228,58.601
200.200,12.3504,-2.7155,0.37002,18.0000,0.0000,1,ACCEPTED code=1; Nav2 goal accepted; status_seq=3,1899,0.7129,2729,0,0,0,0.000,0,0.4611,0.1000,21.473,56.611
200.400,12.3504,-2.7155,0.37002,18.0000,0.0000,1,ACCEPTED code=1; Nav2 goal accepted; status_seq=3,1901,0.7129,2729,0,0,0,0.000,0,0.4611,0.1000,21.473,56.611
200.600,12.4404,-2.5731,0.40132,18.0000,0.0000,1,ACCEPTED code=1; Nav2 goal accepted; status_seq=3,1903,0.6449,2729,0,0,0,0.000,0,0.4716,0.1000,22.163,58.429
200.800,12.4613,-2.5477,0.42018,18.0000,0.0000,1,ACCEPTED code=1; Nav2 goal accepted; status_seq=3,1905,0.6469,2729,0,0,0,0.000,0,0.4997,0.1000,24.045,63.391
201.001,12.5347,-2.4712,0.41649,18.0000,0.0000,1,ACCEPTED code=1; Nav2 goal accepted; status_seq=3,1907,0.6552,2804,0,0,0,0.000,0,0.4930,0.1000,23.585,62.179
201.201,12.6228,-2.3754,0.45126,18.0000,0.0000,1,ACCEPTED code=1; Nav2 goal accepted; status_seq=3,1909,0.6346,2804,0,0,0,0.000,0,0.5074,0.1000,23.585,62.179
201.400,12.7274,-2.2650,0.44579,18.0000,0.0000,1,ACCEPTED code=1; Nav2 goal accepted; status_seq=3,1911,0.5192,2804,0,0,0,0.000,0,0.5165,0.1000,25.193,66.417
201.600,12.7782,-2.2148,0.43548,18.0000,0.0000,1,ACCEPTED code=1; Nav2 goal accepted; status_seq=3,1913,0.5018,2804,0,0,0,0.000,0,0.4993,0.1000,24.015,63.313
201.801,12.9064,-2.1305,0.45920,18.0000,0.0000,1,ACCEPTED code=1; Nav2 goal accepted; status_seq=3,1915,0.4464,2804,0,0,0,0.000,0,0.5092,0.1000,24.692,65.096
202.000,12.9575,-2.1058,0.44928,18.0000,0.0000,1,ACCEPTED code=1; Nav2 goal accepted; status_seq=3,1917,0.4453,2425,0,0,0,0.000,0,0.4925,0.1000,23.556,62.102
202.200,13.1454,-2.0270,0.49009,18.0000,0.0000,1,ACCEPTED code=1; Nav2 goal accepted; status_seq=3,1919,0.5214,2425,0,0,0,0.000,0,0.5030,0.1000,24.269,63.982
202.400,13.2043,-2.0244,0.47441,18.0000,0.0000,1,ACCEPTED code=1; Nav2 goal accepted; status_seq=3,1921,0.5514,2425,0,0,0,0.000,0,0.4869,0.1000,23.181,61.114
202.601,13.3154,-2.0027,0.50007,18.0000,0.0000,1,ACCEPTED code=1; Nav2 goal accepted; status_seq=3,1923,0.6021,2425,0,0,0,0.000,0,0.4794,0.1000,21.838,57.573
202.801,13.4247,-1.9823,0.51703,18.0000,0.0000,1,ACCEPTED code=1; Nav2 goal accepted; status_seq=3,1927,0.2771,2425,0,0,0,0.000,0,0.4871,0.1000,23.189,61.134
203.000,13.5206,-1.9941,0.52441,18.0000,0.0000,1,ACCEPTED code=1; Nav2 goal accepted; status_seq=3,1929,0.3731,2425,0,0,0,0.000,0,0.4867,0.1000,23.163,61.066
203.201,13.6535,-1.9906,0.53801,18.0000,0.0000,1,ACCEPTED code=1; Nav2 goal accepted; status_seq=3,1931,0.5044,2247,0,0,0,0.000,0,0.5108,0.1000,24.801,65.386
203.401,13.6544,-1.9900,0.53056,18.0000,0.0000,1,ACCEPTED code=1; Nav2 goal accepted; status_seq=3,1933,0.5027,2247,0,0,0,0.000,0,0.4775,0.1000,22.554,59.462
203.600,13.8345,-2.0218,0.54827,18.0000,0.0000,1,ACCEPTED code=1; Nav2 goal accepted; status_seq=3,1935,0.6790,2247,0,0,0,0.000,0,0.4771,0.1000,22.525,59.385
203.800,13.8338,-2.0221,0.53639,18.0000,0.0000,1,ACCEPTED code=1; Nav2 goal accepted; status_seq=3,1937,0.6800,2247,0,0,0,0.000,0,0.4555,0.1000,21.112,55.660
204.001,14.0006,-2.0321,0.54587,18.0000,0.0000,1,ACCEPTED code=1; Nav2 goal accepted; status_seq=3,1939,0.8468,2247,0,0,0,0.000,0,0.4555,0.1000,21.112,55.660
204.201,14.0048,-2.0202,0.55050,18.0000,0.0000,1,ACCEPTED code=1; Nav2 goal accepted; status_seq=3,1941,0.8625,2018,0,0,0,0.000,0,0.4456,0.1000,20.479,53.990
204.400,14.0292,-2.0082,0.57866,18.0000,0.0000,1,ACCEPTED code=1; Nav2 goal accepted; status_seq=3,1943,0.8663,2018,0,0,0,0.000,0,0.4598,0.1000,21.393,56.399
204.600,14.0614,-1.9980,0.59082,18.0000,0.0000,1,ACCEPTED code=1; Nav2 goal accepted; status_seq=3,1945,0.8972,2018,0,0,0,0.000,0,0.4652,0.1000,21.743,57.322
204.801,14.0614,-1.9980,0.59082,18.0000,0.0000,1,ACCEPTED code=1; Nav2 goal accepted; status_seq=3,1947,0.8972,2018,0,0,0,0.000,0,0.4652,0.1000,21.743,57.322
205.000,14.2392,-1.8653,0.62070,18.0000,0.0000,1,ACCEPTED code=1; Nav2 goal accepted; status_seq=3,1949,0.8394,2018,0,0,0,0.000,0,0.4652,0.1000,21.743,57.322
205.201,14.3001,-1.7413,0.61841,18.0000,0.0000,1,ACCEPTED code=1; Nav2 goal accepted; status_seq=3,1951,0.7551,1852,0,0,0,0.000,0,0.4582,0.1000,21.286,56.118
205.400,14.3081,-1.7341,0.62579,18.0000,0.0000,1,ACCEPTED code=1; Nav2 goal accepted; status_seq=3,1953,0.7662,1852,0,0,0,0.000,0,0.4717,0.1000,22.172,58.453
205.600,14.4185,-1.5578,0.61152,18.0000,0.0000,1,ACCEPTED code=1; Nav2 goal accepted; status_seq=3,1955,0.7022,1852,0,0,0,0.000,0,0.4573,0.1000,21.232,55.974
205.801,14.5010,-1.4355,0.64199,18.0000,0.0000,1,ACCEPTED code=1; Nav2 goal accepted; status_seq=3,1957,0.5759,1852,0,0,0,0.000,0,0.4711,0.1000,22.131,58.345
206.000,14.5660,-1.3204,0.63274,18.0000,0.0000,1,ACCEPTED code=1; Nav2 goal accepted; status_seq=3,1959,0.4654,1852,0,0,0,0.000,0,0.4617,0.1000,22.292,58.769
206.200,14.6321,-1.2218,0.66064,18.0000,0.0000,1,ACCEPTED code=1; Nav2 goal accepted; status_seq=3,1961,0.3871,1911,0,0,0,0.000,0,0.4820,0.1000,22.852,60.246
206.400,14.6321,-1.2218,0.66064,18.0000,0.0000,1,ACCEPTED code=1; Nav2 goal accepted; status_seq=3,1963,0.3882,1911,0,0,0,0.000,0,0.4816,0.1000,22.823,60.171
206.600,14.7825,-1.0933,0.68570,18.0000,0.0000,1,ACCEPTED code=1; Nav2 goal accepted; status_seq=3,1965,0.3805,1911,0,0,0,0.000,0,0.4810,0.1000,22.786,60.072
206.801,14.8456,-1.0565,0.65836,18.0000,0.0000,1,ACCEPTED code=1; Nav2 goal accepted; status_seq=3,1967,0.3999,1911,0,0,0,0.000,0,0.4638,0.1000,21.652,57.083
207.000,14.8833,-1.0275,0.69232,18.0000,0.0000,1,ACCEPTED code=1; Nav2 goal accepted; status_seq=3,1971,0.0795,1911,0,0,0,0.000,0,0.4683,0.1000,21.947,57.859
207.200,14.9509,-1.0001,0.69289,18.0000,0.0000,1,ACCEPTED code=1; Nav2 goal accepted; status_seq=3,1973,0.1550,1911,0,0,0,0.000,0,0.5429,0.1000,27.054,71.324
207.400,14.9691,-0.9955,0.68657,18.0000,0.0000,1,ACCEPTED code=1; Nav2 goal accepted; status_seq=3,1975,0.1702,1621,0,0,0,0.000,0,0.5167,0.1000,25.208,66.458
207.601,15.1060,-0.9415,0.72462,18.0000,0.0000,1,ACCEPTED code=1; Nav2 goal accepted; status_seq=3,1977,0.3181,1621,0,0,0,0.000,0,0.5279,0.1000,25.613,67.524
207.800,15.2128,-0.9083,0.71233,18.0000,0.0000,1,ACCEPTED code=1; Nav2 goal accepted; status_seq=3,1979,0.3517,1621,0,0,0,0.000,0,0.4991,0.1000,24.004,63.284
208.001,15.3255,-0.8664,0.73126,18.0000,0.0000,1,ACCEPTED code=1; Nav2 goal accepted; status_seq=3,1981,0.3221,1621,0,0,0,0.000,0,0.4941,0.1000,23.661,62.380
208.200,15.4208,-0.8395,0.72493,18.0000,0.0000,1,ACCEPTED code=1; Nav2 goal accepted; status_seq=3,1983,0.3401,1621,0,0,0,0.000,0,0.5031,0.1000,24.274,63.994
208.401,15.4232,-0.8390,0.72770,18.0000,0.0000,1,ACCEPTED code=1; Nav2 goal accepted; status_seq=3,1985,0.3410,1499,0,0,0,0.000,0,0.4807,0.1000,22.889,60.343
208.600,15.5886,-0.7842,0.73979,18.0000,0.0000,1,ACCEPTED code=1; Nav2 goal accepted; status_seq=3,1987,0.4292,1499,0,0,0,0.000,0,0.4756,0.1000,22.427,59.125
208.801,15.6881,-0.7574,0.76730,18.0000,0.0000,1,ACCEPTED code=1; Nav2 goal accepted; status_seq=3,1989,0.4447,1499,0,0,0,0.000,0,0.4663,0.1000,21.817,57.518
209.000,15.7496,-0.7712,0.76760,18.0000,0.0000,1,ACCEPTED code=1; Nav2 goal accepted; status_seq=3,1991,0.4217,1499,0,0,0,0.000,0,0.4683,0.1000,21.948,57.863
209.200,15.7893,-0.7575,0.76230,18.0000,0.0000,1,ACCEPTED code=1; Nav2 goal accepted; status_seq=3,1993,0.3987,1499,0,0,0,0.000,0,0.4555,0.1000,21.112,55.659
209.400,15.9269,-0.6911,0.80880,18.0000,0.0000,1,ACCEPTED code=1; Nav2 goal accepted; status_seq=3,1995,0.3113,1499,0,0,0,0.000,0,0.4566,0.1000,21.183,55.846
209.601,15.9606,-0.6702,0.78899,18.0000,0.0000,1,ACCEPTED code=1; Nav2 goal accepted; status_seq=3,1997,0.2919,1499,0,0,0,0.000,0,0.4569,0.1000,21.207,55.910
209.801,16.0612,-0.6068,0.80887,18.0000,0.0000,1,ACCEPTED code=1; Nav2 goal accepted; status_seq=3,1999,0.2688,1331,0,0,0,0.000,0,0.4534,0.1000,20.977,55.302
210.000,16.0646,-0.6039,0.81271,18.0000,0.0000,1,ACCEPTED code=1; Nav2 goal accepted; status_seq=3,2001,0.2703,1331,0,0,0,0.000,0,0.4571,0.1000,21.220,55.944
210.200,16.1803,-0.4639,0.82744,18.0000,0.0000,1,ACCEPTED code=1; Nav2 goal accepted; status_seq=3,2003,0.2796,1331,0,0,0,0.000,0,0.4571,0.1000,21.220,55.944
210.400,16.1795,-0.3940,0.81845,18.0000,0.0000,1,ACCEPTED code=1; Nav2 goal accepted; status_seq=3,2005,0.2778,1331,0,0,0,0.000,0,0.4560,0.1000,21.144,55.743
210.600,16.2085,-0.2934,0.83179,18.0000,0.0000,1,ACCEPTED code=1; Nav2 goal accepted; status_seq=3,2007,0.3251,1331,0,0,0,0.000,0,0.4512,0.1000,20.840,54.941
210.801,16.2527,-0.1786,0.84014,18.0000,0.0000,1,ACCEPTED code=1; Nav2 goal accepted; status_seq=3,2009,0.3558,1331,0,0,0,0.000,0,0.4611,0.1000,21.478,56.623
211.000,16.2554,-0.1067,0.84333,18.0000,0.0000,1,ACCEPTED code=1; Nav2 goal accepted; status_seq=3,2011,0.3714,1326,0,0,0,0.000,0,0.4670,0.1000,21.864,57.641
211.200,16.2554,-0.1067,0.84333,18.0000,0.0000,1,ACCEPTED code=1; Nav2 goal accepted; status_seq=3,2015,0.0000,1326,0,0,0,0.000,0,0.4670,0.1000,21.864,57.641
211.400,16.3436,0.1218,0.86905,18.0000,0.0000,1,ACCEPTED code=1; Nav2 goal accepted; status_seq=3,2017,0.2454,1326,0,0,0,0.000,0,0.5248,0.1000,25.771,67.942
211.600,16.3720,0.1965,0.88285,18.0000,0.0000,1,ACCEPTED code=1; Nav2 goal accepted; status_seq=3,2019,0.3266,1326,0,0,0,0.000,0,0.5449,0.1000,27.196,71.700
211.800,16.4290,0.3165,0.88526,18.0000,0.0000,1,ACCEPTED code=1; Nav2 goal accepted; status_seq=3,2021,0.4464,1326,0,0,0,0.000,0,0.5376,0.1000,26.675,70.325
212.001,16.4944,0.3983,0.90046,18.0000,0.0000,1,ACCEPTED code=1; Nav2 goal accepted; status_seq=3,2023,0.5037,1326,0,0,0,0.000,0,0.5400,0.1000,26.848,70.781
212.200,16.5397,0.4366,0.89868,18.0000,0.0000,1,ACCEPTED code=1; Nav2 goal accepted; status_seq=3,2025,0.5423,1293,0,0,0,0.000,0,0.5385,0.1000,26.741,70.499
212.400,16.6413,0.5509,0.91193,18.0000,0.0000,1,ACCEPTED code=1; Nav2 goal accepted; status_seq=3,2027,0.6576,1293,0,0,0,0.000,0,0.5262,0.1000,25.870,68.202
212.600,16.6698,0.5518,0.91602,18.0000,0.0000,1,ACCEPTED code=1; Nav2 goal accepted; status_seq=3,2029,0.6622,1293,0,0,0,0.000,0,0.5184,0.1000,25.327,66.771
212.801,16.8236,0.6737,0.93514,18.0000,0.0000,1,ACCEPTED code=1; Nav2 goal accepted; status_seq=3,2031,0.7985,1293,0,0,0,0.000,0,0.5184,0.1000,25.327,66.771
213.001,16.8892,0.6992,0.94398,18.0000,0.0000,1,ACCEPTED code=1; Nav2 goal accepted; status_seq=3,2033,0.7828,1293,0,0,0,0.000,0,0.5105,0.1000,24.782,65.334
213.201,16.9836,0.7073,0.95286,18.0000,0.0000,1,ACCEPTED code=1; Nav2 goal accepted; status_seq=3,2035,0.7919,1138,0,0,0,0.000,0,0.4994,0.1000,24.021,63.328
213.401,17.0689,0.7343,0.97080,18.0000,0.0000,1,ACCEPTED code=1; Nav2 goal accepted; status_seq=3,2037,0.7902,1138,0,0,0,0.000,0,0.5005,0.1000,23.914,63.046
213.600,17.1417,0.7545,0.97349,18.0000,0.0000,1,ACCEPTED code=1; Nav2 goal accepted; status_seq=3,2039,0.7947,1138,0,0,0,0.000,0,0.4925,0.1000,23.556,62.101
213.800,17.1930,0.7670,0.97936,18.0000,0.0000,1,ACCEPTED code=1; Nav2 goal accepted; status_seq=3,2041,0.7989,1138,0,0,0,0.000,0,0.4794,0.1000,22.677,59.785
214.001,17.3199,0.8395,0.99265,18.0000,0.0000,1,ACCEPTED code=1; Nav2 goal accepted; status_seq=3,2043,0.8529,1138,0,0,0,0.000,0,0.4836,0.1000,22.957,60.524
214.201,17.3557,0.8396,0.99814,18.0000,0.0000,1,ACCEPTED code=1; Nav2 goal accepted; status_seq=3,2045,0.8705,1138,0,0,0,0.000,0,0.4698,0.1000,22.043,58.114
214.400,17.4484,0.9148,1.00798,18.0000,0.0000,1,ACCEPTED code=1; Nav2 goal accepted; status_seq=3,2047,0.8966,1114,0,0,0,0.000,0,0.4732,0.1000,22.271,58.714
214.601,17.4752,0.9876,1.01596,18.0000,0.0000,1,ACCEPTED code=1; Nav2 goal accepted; status_seq=3,2049,0.8762,1114,0,0,0,0.000,0,0.4681,0.1000,21.934,57.826
214.800,17.5005,1.0494,1.02018,18.0000,0.0000,1,ACCEPTED code=1; Nav2 goal accepted; status_seq=3,2051,0.8663,1114,0,0,0,0.000,0,0.4674,0.1000,21.886,57.699
215.000,17.5005,1.0494,1.02018,18.0000,0.0000,1,ACCEPTED code=1; Nav2 goal accepted; status_seq=3,2053,0.8669,1114,0,0,0,0.000,0,0.4688,0.1000,21.982,57.951
215.200,17.5836,1.2283,1.04165,18.0000,0.0000,1,ACCEPTED code=1; Nav2 goal accepted; status_seq=3,2055,0.8761,1114,0,0,0,0.000,0,0.4737,0.1000,22.300,58.791
215.400,17.5836,1.2283,1.04165,18.0000,0.0000,1,ACCEPTED code=1; Nav2 goal accepted; status_seq=3,2059,0.0020,1081,0,0,0,0.000,0,0.5489,0.1000,25.668,67.669
215.600,17.6502,1.4592,1.05618,18.0000,0.0000,1,ACCEPTED code=1; Nav2 goal accepted; status_seq=3,2061,0.2394,1081,0,0,0,0.000,0,0.5425,0.1000,27.024,71.245
215.800,17.6633,1.5321,1.05947,18.0000,0.0000,1,ACCEPTED code=1; Nav2 goal accepted; status_seq=3,2063,0.3221,1081,0,0,0,0.000,1,0.5414,0.1000,-2.271,25.431
216.000,17.7170,1.7135,1.07901,18.0000,0.0000,1,ACCEPTED code=1; Nav2 goal accepted; status_seq=3,2065,0.5127,1081,0,0,0,0.000,1,0.5421,0.1000,-2.271,25.431
216.201,17.7447,1.8473,1.08917,18.0000,0.0000,1,ACCEPTED code=1; Nav2 goal accepted; status_seq=3,2067,0.6405,1081,0,0,0,0.000,1,0.5440,0.1000,-2.271,25.431
216.400,17.7522,1.9486,1.09716,18.0000,0.0000,1,ACCEPTED code=1; Nav2 goal accepted; status_seq=3,2069,0.7403,1081,0,0,0,0.000,1,0.5467,0.1000,-2.271,25.431
216.601,17.8378,1.9680,1.10488,18.0000,0.0000,1,ACCEPTED code=1; Nav2 goal accepted; status_seq=3,2071,0.7806,1123,0,0,0,0.000,0,0.5423,0.1000,27.008,71.203
216.800,17.8504,1.9836,1.10524,18.0000,0.0000,1,ACCEPTED code=1; Nav2 goal accepted; status_seq=3,2073,0.8003,1123,0,0,0,0.000,0,0.5354,0.1000,26.520,69.915
217.000,17.8504,1.9836,1.10524,18.0000,0.0000,1,ACCEPTED code=1; Nav2 goal accepted; status_seq=3,2075,0.8011,1123,0,0,0,0.000,0,0.5366,0.1000,26.607,70.146
217.201,17.9320,2.0883,1.12535,18.0000,0.0000,1,ACCEPTED code=1; Nav2 goal accepted; status_seq=3,2077,0.7931,1123,0,0,0,0.000,0,0.5392,0.1000,26.789,70.625
217.400,17.9775,2.1468,1.13549,18.0000,0.0000,1,ACCEPTED code=1; Nav2 goal accepted; status_seq=3,2079,0.7394,1123,0,0,0,0.000,0,0.5357,0.1000,26.543,69.978
217.601,18.0380,2.2297,1.14331,18.0000,0.0000,1,ACCEPTED code=1; Nav2 goal accepted; status_seq=3,2081,0.6804,1064,0,0,0,0.000,0,0.5369,0.1000,26.627,70.198
217.800,18.0786,2.2803,1.15036,18.0000,0.0000,1,ACCEPTED code=1; Nav2 goal accepted; status_seq=3,2083,0.6421,1064,0,0,0,0.000,0,0.5291,0.1000,26.076,68.745
218.000,18.1362,2.3571,1.16251,18.0000,0.0000,1,ACCEPTED code=1; Nav2 goal accepted; status_seq=3,2085,0.6129,1064,0,0,0,0.000,1,0.5275,0.1000,-2.271,25.431
218.200,18.1731,2.4053,1.16949,18.0000,0.0000,1,ACCEPTED code=1; Nav2 goal accepted; status_seq=3,2087,0.5979,1064,0,0,0,0.000,1,0.5221,0.1000,-2.271,25.431
218.401,18.2474,2.4986,1.18075,18.0000,0.0000,1,ACCEPTED code=1; Nav2 goal accepted; status_seq=3,2089,0.5855,1064,0,0,0,0.000,1,0.5220,0.1000,-2.271,25.431
218.601,18.2961,2.5400,1.18666,18.0000,0.0000,1,ACCEPTED code=1; Nav2 goal accepted; status_seq=3,2091,0.6008,1064,0,0,0,0.000,1,0.5145,0.1000,-2.271,25.431
218.801,18.3438,2.5898,1.20061,18.0000,0.0000,1,ACCEPTED code=1; Nav2 goal accepted; status_seq=3,2093,0.6189,1026,0,0,0,0.000,1,0.5155,0.1000,-2.271,25.431
219.000,18.3781,2.6301,1.20130,18.0000,0.0000,1,ACCEPTED code=1; Nav2 goal accepted; status_seq=3,2095,0.6324,1026,0,0,0,0.000,1,0.5109,0.1000,-2.271,25.431
219.200,18.3984,2.6586,1.20599,18.0000,0.0000,1,ACCEPTED code=1; Nav2 goal accepted; status_seq=3,2097,0.6415,1026,0,0,0,0.000,1,0.5103,0.1000,-2.271,25.431
219.400,18.4407,2.7134,1.21201,18.0000,0.0000,1,ACCEPTED code=1; Nav2 goal accepted; status_seq=3,2099,0.6682,1026,0,0,0,0.000,1,0.5088,0.1000,-2.271,25.431
219.600,18.4407,2.7134,1.21201,18.0000,0.0000,1,ACCEPTED code=1; Nav2 goal accepted; status_seq=3,2103,0.0079,1026,0,0,0,0.000,1,0.6000,0.0861,-2.271,25.431
219.800,18.5075,2.8097,1.22623,18.0000,0.0000,1,ACCEPTED code=1; Nav2 goal accepted; status_seq=3,2105,0.1239,1026,0,0,0,0.000,1,0.6000,0.0864,-2.271,25.431
220.001,18.5466,2.8678,1.23469,18.0000,0.0000,1,ACCEPTED code=1; Nav2 goal accepted; status_seq=3,2107,0.1949,935,0,0,0,0.000,1,0.6000,0.0869,31.264,82.424
220.201,18.5642,2.9115,1.24146,18.0000,0.0000,1,ACCEPTED code=1; Nav2 goal accepted; status_seq=3,2109,0.2619,935,0,0,0,0.000,1,0.6000,0.0872,-2.271,25.431
220.400,18.5810,2.9850,1.25259,18.0000,0.0000,1,ACCEPTED code=1; Nav2 goal accepted; status_seq=3,2111,0.3165,935,0,0,0,0.000,0,0.6000,0.0871,31.264,82.424
220.601,18.5835,3.0203,1.25471,18.0000,0.0000,1,ACCEPTED code=1; Nav2 goal accepted; status_seq=3,2113,0.3466,935,0,0,0,0.000,0,0.6000,0.0870,31.264,82.424
220.800,18.5824,3.1327,1.26594,18.0000,0.0000,1,ACCEPTED code=1; Nav2 goal accepted; status_seq=3,2115,0.4527,935,0,0,0,0.000,1,0.6000,0.0857,-2.271,25.431
221.000,18.5770,3.2163,1.27375,18.0000,0.0000,1,ACCEPTED code=1; Nav2 goal accepted; status_seq=3,2117,0.5282,964,0,0,0,0.000,1,0.6000,0.0848,-2.271,25.431
221.200,18.5748,3.3055,1.28421,18.0000,0.0000,1,ACCEPTED code=1; Nav2 goal accepted; status_seq=3,2119,0.6154,964,0,0,0,0.000,1,0.6000,0.0841,-2.271,25.431
221.400,18.5690,3.3346,1.28978,18.0000,0.0000,1,ACCEPTED code=1; Nav2 goal accepted; status_seq=3,2121,0.6422,964,0,0,0,0.000,1,0.6000,0.0820,-2.271,25.431
221.600,18.5690,3.3346,1.28978,18.0000,0.0000,1,ACCEPTED code=1; Nav2 goal accepted; status_seq=3,2123,0.6403,964,0,0,0,0.000,1,0.6000,0.0820,-2.271,25.431
221.800,18.5690,3.3346,1.28978,18.0000,0.0000,1,ACCEPTED code=1; Nav2 goal accepted; status_seq=3,2125,0.6403,964,0,0,0,0.000,1,0.6000,0.0820,-2.271,25.431
222.001,18.6328,3.6092,1.32122,18.0000,0.0000,1,ACCEPTED code=1; Nav2 goal accepted; status_seq=3,2127,0.7875,964,0,0,0,0.000,1,0.6000,0.0785,-2.271,25.431
222.201,18.6824,3.6504,1.33178,18.0000,0.0000,1,ACCEPTED code=1; Nav2 goal accepted; status_seq=3,2129,0.7576,964,0,0,0,0.000,1,0.6000,0.0810,-2.271,25.431
222.401,18.6975,3.6584,1.33544,18.0000,0.0000,1,ACCEPTED code=1; Nav2 goal accepted; status_seq=3,2131,0.7528,1005,0,0,0,0.000,1,0.6000,0.0816,-2.271,25.431
222.601,18.6880,3.6485,1.33714,18.0000,0.0000,1,ACCEPTED code=1; Nav2 goal accepted; status_seq=3,2133,0.7600,1005,0,0,0,0.000,1,0.6000,0.0803,-2.271,25.431
222.800,18.6888,3.6727,1.34258,18.0000,0.0000,1,ACCEPTED code=1; Nav2 goal accepted; status_seq=3,2135,0.7339,1005,0,0,0,0.000,1,0.6000,0.0799,-2.271,25.431
223.001,18.7104,3.7035,1.34703,18.0000,0.0000,1,ACCEPTED code=1; Nav2 goal accepted; status_seq=3,2137,0.7066,1005,0,0,0,0.000,1,0.6000,0.0801,-2.271,25.431
223.200,18.7225,3.7294,1.35235,18.0000,0.0000,1,ACCEPTED code=1; Nav2 goal accepted; status_seq=3,2139,0.6826,1005,0,0,0,0.000,1,0.6000,0.0796,-2.271,25.431
223.400,18.7616,3.7814,1.36129,18.0000,0.0000,1,ACCEPTED code=1; Nav2 goal accepted; status_seq=3,2141,0.6403,1005,0,0,0,0.000,1,0.6000,0.0799,-2.271,25.431
223.601,18.7896,3.8111,1.36002,18.0000,0.0000,1,ACCEPTED code=1; Nav2 goal accepted; status_seq=3,2145,0.0373,895,0,0,0,0.000,1,0.5177,0.1000,-2.271,25.431
223.801,18.8267,3.8428,1.37286,18.0000,0.0000,1,ACCEPTED code=1; Nav2 goal accepted; status_seq=3,2147,0.0880,895,0,0,0,0.000,1,0.5131,0.1000,-2.271,25.431
224.001,18.8499,3.8614,1.37574,18.0000,0.0000,1,ACCEPTED code=1; Nav2 goal accepted; status_seq=3,2149,0.1154,895,0,0,0,0.000,1,0.5128,0.1000,-2.271,25.431
224.201,18.8699,3.8749,1.38027,18.0000,0.0000,1,ACCEPTED code=1; Nav2 goal accepted; status_seq=3,2151,0.1398,895,0,0,0,0.000,0,0.5115,0.1000,24.848,65.508
224.400,18.9014,3.9000,1.38762,18.0000,0.0000,1,ACCEPTED code=1; Nav2 goal accepted; status_seq=3,2153,0.1808,895,0,0,0,0.000,0,0.5109,0.1000,24.806,65.398
224.600,18.9338,3.9494,1.39810,18.0000,0.0000,1,ACCEPTED code=1; Nav2 goal accepted; status_seq=3,2155,0.2361,820,0,0,0,0.000,0,0.5086,0.1000,24.647,64.980
224.801,18.9402,3.9655,1.40206,18.0000,0.0000,1,ACCEPTED code=1; Nav2 goal accepted; status_seq=3,2157,0.2553,820,0,0,0,0.000,0,0.5110,0.1000,24.818,65.429
225.001,18.9528,4.0168,1.41078,18.0000,0.0000,1,ACCEPTED code=1; Nav2 goal accepted; status_seq=3,2159,0.2985,820,0,0,0,0.000,0,0.5117,0.1000,24.855,65.527
225.200,18.9634,4.1217,1.42262,18.0000,0.0000,1,ACCEPTED code=1; Nav2 goal accepted; status_seq=3,2161,0.3932,820,0,0,0,0.000,0,0.5129,0.1000,24.948,65.773
225.400,18.9609,4.1397,1.42518,18.0000,0.0000,1,ACCEPTED code=1; Nav2 goal accepted; status_seq=3,2163,0.4086,820,0,0,0,0.000,0,0.5138,0.1000,25.008,65.929
225.600,18.9609,4.1397,1.42518,18.0000,0.0000,1,ACCEPTED code=1; Nav2 goal accepted; status_seq=3,2165,0.4085,820,0,0,0,0.000,0,0.5138,0.1000,25.008,65.929
225.800,18.9855,4.3584,1.44436,18.0000,0.0000,1,ACCEPTED code=1; Nav2 goal accepted; status_seq=3,2167,0.6197,806,0,0,0,0.000,0,0.5059,0.1000,24.467,64.503
226.000,18.9855,4.3584,1.44436,18.0000,0.0000,1,ACCEPTED code=1; Nav2 goal accepted; status_seq=3,2169,0.6183,806,0,0,0,0.000,0,0.5081,0.1000,24.614,64.892
226.201,18.9650,4.5679,1.46694,18.0000,0.0000,1,ACCEPTED code=1; Nav2 goal accepted; status_seq=3,2171,0.8142,806,0,0,0,0.000,0,0.5120,0.1000,24.888,65.614
226.401,18.9594,4.6711,1.47696,18.0000,0.0000,1,ACCEPTED code=1; Nav2 goal accepted; status_seq=3,2173,0.9091,806,0,0,0,0.000,0,0.5123,0.1000,24.907,65.665
226.601,18.9336,4.7391,1.48126,18.0000,0.0000,1,ACCEPTED code=1; Nav2 goal accepted; status_seq=3,2175,0.8410,806,0,0,0,0.000,0,0.5158,0.1000,25.150,66.306
226.801,18.9211,4.8570,1.49204,18.0000,0.0000,1,ACCEPTED code=1; Nav2 goal accepted; status_seq=3,2177,0.7524,846,0,0,0,0.000,0,0.5202,0.1000,25.454,67.105
227.000,18.9143,4.9182,1.49928,18.0000,0.0000,1,ACCEPTED code=1; Nav2 goal accepted; status_seq=3,2179,0.7002,846,0,0,0,0.000,0,0.5210,0.1000,25.361,66.860
227.201,18.9143,4.9182,1.49928,18.0000,0.0000,1,ACCEPTED code=1; Nav2 goal accepted; status_seq=3,2181,0.7018,846,0,0,0,0.000,0,0.5222,0.1000,25.590,67.466
227.401,18.9107,5.1073,1.52065,18.0000,0.0000,1,ACCEPTED code=1; Nav2 goal accepted; status_seq=3,2183,0.5812,846,0,0,0,0.000,0,0.5269,0.1000,25.924,68.344
227.600,18.9107,5.1073,1.52065,18.0000,0.0000,1,ACCEPTED code=1; Nav2 goal accepted; status_seq=3,2187,0.0000,846,0,0,0,0.000,0,0.5263,0.1000,25.877,68.220
227.800,18.9107,5.1073,1.52065,18.0000,0.0000,1,ACCEPTED code=1; Nav2 goal accepted; status_seq=3,2189,0.0001,846,0,0,0,0.000,0,0.5056,0.1000,24.446,64.449
228.000,18.9107,5.1073,1.52065,18.0000,0.0000,1,ACCEPTED code=1; Nav2 goal accepted; status_seq=3,2190,0.0001,827,0,0,0,0.000,0,0.5056,0.1000,24.446,64.449
228.200,18.9107,5.1073,1.52065,18.0000,0.0000,1,ACCEPTED code=1; Nav2 goal accepted; status_seq=3,2192,0.0001,827,0,0,0,0.000,0,0.5056,0.1000,24.446,64.449
228.400,19.0013,5.5897,1.56949,18.0000,0.0000,1,ACCEPTED code=1; Nav2 goal accepted; status_seq=3,2194,0.4956,827,0,0,0,0.000,0,0.4847,0.1000,24.446,64.449
228.601,19.0427,5.6744,1.58277,18.0000,0.0000,1,ACCEPTED code=1; Nav2 goal accepted; status_seq=3,2196,0.5854,827,0,0,0,0.000,0,0.4813,0.1000,22.782,60.062
228.800,19.0463,5.6828,1.58334,18.0000,0.0000,1,ACCEPTED code=1; Nav2 goal accepted; status_seq=3,2198,0.5916,827,0,0,0,0.000,0,0.4798,0.1000,22.701,59.849
229.001,19.0941,5.8390,1.60432,18.0000,0.0000,1,ACCEPTED code=1; Nav2 goal accepted; status_seq=3,2200,0.7569,827,0,0,0,0.000,0,0.4736,0.1000,22.701,59.849
229.200,19.0891,5.8473,1.60413,18.0000,0.0000,1,ACCEPTED code=1; Nav2 goal accepted; status_seq=3,2202,0.7621,793,0,0,0,0.000,0,0.4747,0.1000,22.368,58.971
229.401,19.1123,5.9990,1.61907,18.0000,0.0000,1,ACCEPTED code=1; Nav2 goal accepted; status_seq=3,2204,0.9181,793,0,0,0,0.000,0,0.4676,0.1000,21.959,57.891
229.600,19.1099,6.0514,1.62554,18.0000,0.0000,1,ACCEPTED code=1; Nav2 goal accepted; status_seq=3,2206,0.9691,793,0,0,0,0.000,0,0.4702,0.1000,22.075,58.197
229.801,19.1118,6.1289,1.63516,18.0000,0.0000,1,ACCEPTED code=1; Nav2 goal accepted; status_seq=3,2208,0.9766,793,0,0,0,0.000,0,0.4677,0.1000,22.039,58.102
230.001,19.1105,6.2097,1.64290,18.0000,0.0000,1,ACCEPTED code=1; Nav2 goal accepted; status_seq=3,2210,0.9418,793,0,0,0,0.000,0,0.4662,0.1000,21.925,57.803
230.201,19.1119,6.2947,1.65760,18.0000,0.0000,1,ACCEPTED code=1; Nav2 goal accepted; status_seq=3,2212,0.9029,793,0,0,0,0.000,0,0.4663,0.1000,21.837,57.570
230.400,19.1123,6.3195,1.65146,18.0000,0.0000,1,ACCEPTED code=1; Nav2 goal accepted; status_seq=3,2214,0.8966,816,0,0,0,0.000,0,0.4632,0.1000,21.771,57.397
230.600,19.1073,6.4073,1.66565,18.0000,0.0000,1,ACCEPTED code=1; Nav2 goal accepted; status_seq=3,2216,0.8649,816,0,0,0,0.000,0,0.4663,0.1000,21.896,57.726
230.800,19.1073,6.4073,1.66565,18.0000,0.0000,1,ACCEPTED code=1; Nav2 goal accepted; status_seq=3,2218,0.8649,816,0,0,0,0.000,0,0.4663,0.1000,21.816,57.516
231.000,19.1073,6.4073,1.66565,18.0000,0.0000,1,ACCEPTED code=1; Nav2 goal accepted; status_seq=3,2220,0.8649,816,0,0,0,0.000,0,0.4663,0.1000,21.816,57.516
231.200,19.0539,6.7774,1.69342,18.0000,0.0000,1,ACCEPTED code=1; Nav2 goal accepted; status_seq=3,2222,0.7973,816,0,0,0,0.000,0,0.4593,0.1000,21.628,57.019
231.400,19.0535,6.7911,1.69847,18.0000,0.0000,1,ACCEPTED code=1; Nav2 goal accepted; status_seq=3,2224,0.8006,816,0,0,0,0.000,0,0.4619,0.1000,21.474,56.613
231.600,19.0191,7.0035,1.70500,18.0000,0.0000,1,ACCEPTED code=1; Nav2 goal accepted; status_seq=3,2227,0.0096,816,0,0,0,0.000,0,0.4520,0.1000,21.049,55.493
231.801,19.0074,7.0802,1.71872,18.0000,0.0000,1,ACCEPTED code=1; Nav2 goal accepted; status_seq=3,2230,0.0897,764,0,0,0,0.000,0,0.5186,0.1000,25.142,66.284
232.000,18.9961,7.1775,1.72034,18.0000,0.0000,1,ACCEPTED code=1; Nav2 goal accepted; status_seq=3,2232,0.1861,764,0,0,0,0.000,0,0.5089,0.1000,25.132,66.257
232.201,18.9913,7.2905,1.74648,18.0000,0.0000,1,ACCEPTED code=1; Nav2 goal accepted; status_seq=3,2234,0.2998,764,0,0,0,0.000,0,0.5151,0.1000,24.463,64.493
232.400,18.9924,7.2887,1.74429,18.0000,0.0000,1,ACCEPTED code=1; Nav2 goal accepted; status_seq=3,2236,0.2967,764,0,0,0,0.000,0,0.5132,0.1000,24.970,65.829
232.600,18.9924,7.2887,1.74429,18.0000,0.0000,1,ACCEPTED code=1; Nav2 goal accepted; status_seq=3,2238,0.2967,764,0,0,0,0.000,0,0.5132,0.1000,24.970,65.829
232.800,18.9729,7.5709,1.76518,18.0000,0.0000,1,ACCEPTED code=1; Nav2 goal accepted; status_seq=3,2240,0.5804,764,0,0,0,0.000,0,0.4974,0.1000,24.553,64.732
233.001,18.9761,7.6857,1.77557,18.0000,0.0000,1,ACCEPTED code=1; Nav2 goal accepted; status_seq=3,2242,0.6924,659,0,0,0,0.000,0,0.4905,0.1000,23.115,60.939
233.200,18.9678,7.7933,1.78536,18.0000,0.0000,1,ACCEPTED code=1; Nav2 goal accepted; status_seq=3,2244,0.7980,659,0,0,0,0.000,0,0.4902,0.1000,23.418,61.738
233.400,18.9676,7.7938,1.78516,18.0000,0.0000,1,ACCEPTED code=1; Nav2 goal accepted; status_seq=3,2246,0.8019,659,0,0,0,0.000,0,0.4860,0.1000,23.118,60.948
233.600,18.9511,7.9764,1.81289,18.0000,0.0000,1,ACCEPTED code=1; Nav2 goal accepted; status_seq=3,2248,0.9196,659,0,0,0,0.000,0,0.4908,0.1000,23.057,60.788
233.801,18.9417,8.0261,1.80802,18.0000,0.0000,1,ACCEPTED code=1; Nav2 goal accepted; status_seq=3,2250,0.8892,659,0,0,0,0.000,0,0.4773,0.1000,22.891,60.348
234.000,18.9329,8.1075,1.81730,18.0000,0.0000,1,ACCEPTED code=1; Nav2 goal accepted; status_seq=3,2252,0.8538,694,0,0,0,0.000,0,0.4768,0.1000,22.546,59.440
234.200,18.9256,8.1192,1.81789,18.0000,0.0000,1,ACCEPTED code=1; Nav2 goal accepted; status_seq=3,2254,0.8417,694,0,0,0,0.000,0,0.4778,0.1000,22.558,59.471
234.400,18.8979,8.2744,1.83408,18.0000,0.0000,1,ACCEPTED code=1; Nav2 goal accepted; status_seq=3,2256,0.7785,694,0,0,0,0.000,0,0.4755,0.1000,22.573,59.512
234.600,18.8834,8.2870,1.83807,18.0000,0.0000,1,ACCEPTED code=1; Nav2 goal accepted; status_seq=3,2258,0.7644,694,0,0,0,0.000,0,0.4784,0.1000,22.610,59.608
234.800,18.8589,8.4204,1.85072,18.0000,0.0000,1,ACCEPTED code=1; Nav2 goal accepted; status_seq=3,2260,0.7364,694,0,0,0,0.000,0,0.4707,0.1000,22.610,59.608
235.000,18.8457,8.4529,1.86144,18.0000,0.0000,1,ACCEPTED code=1; Nav2 goal accepted; status_seq=3,2262,0.7247,694,0,0,0,0.000,0,0.4813,0.1000,23.006,60.653
235.201,18.8051,8.5660,1.86050,18.0000,0.0000,1,ACCEPTED code=1; Nav2 goal accepted; status_seq=3,2264,0.7065,833,0,0,0,0.000,0,0.4718,0.1000,22.802,60.113
235.401,18.7797,8.6214,1.88453,18.0000,0.0000,1,ACCEPTED code=1; Nav2 goal accepted; status_seq=3,2266,0.6922,833,0,0,0,0.000,0,0.4845,0.1000,22.413,59.090
235.600,18.7532,8.6556,1.88140,18.0000,0.0000,1,ACCEPTED code=1; Nav2 goal accepted; status_seq=3,2268,0.6865,833,0,0,0,0.000,0,0.4829,0.1000,23.346,61.548
235.800,18.7532,8.6556,1.88140,18.0000,0.0000,1,ACCEPTED code=1; Nav2 goal accepted; status_seq=3,2272,0.0015,833,0,0,0,0.000,0,0.5214,0.1000,25.539,67.329
236.001,18.6842,8.8346,1.89863,18.0000,0.0000,1,ACCEPTED code=1; Nav2 goal accepted; status_seq=3,2274,0.1939,833,0,0,0,0.000,0,0.5175,0.1000,26.102,68.815
236.201,18.6832,8.9016,1.90855,18.0000,0.0000,1,ACCEPTED code=1; Nav2 goal accepted; status_seq=3,2276,0.2590,844,0,0,0,0.000,0,0.5115,0.1000,24.565,64.763
236.401,18.6675,8.9852,1.92099,18.0000,0.0000,1,ACCEPTED code=1; Nav2 goal accepted; status_seq=3,2278,0.3456,844,0,0,0,0.000,0,0.5178,0.1000,24.969,65.828
236.601,18.6698,8.9930,1.91549,18.0000,0.0000,1,ACCEPTED code=1; Nav2 goal accepted; status_seq=3,2280,0.3487,844,0,0,0,0.000,0,0.5080,0.1000,24.609,64.878
236.800,18.6382,9.1778,1.93637,18.0000,0.0000,1,ACCEPTED code=1; Nav2 goal accepted; status_seq=3,2282,0.5392,844,0,0,0,0.000,0,0.5045,0.1000,24.609,64.878
237.000,18.6382,9.1778,1.93637,18.0000,0.0000,1,ACCEPTED code=1; Nav2 goal accepted; status_seq=3,2284,0.5359,844,0,0,0,0.000,0,0.5017,0.1000,24.181,63.750
237.200,18.6005,9.3618,1.96065,18.0000,0.0000,1,ACCEPTED code=1; Nav2 goal accepted; status_seq=3,2286,0.7233,844,0,0,0,0.000,0,0.4979,0.1000,23.922,63.066
237.400,18.6054,9.3822,1.95460,18.0000,0.0000,1,ACCEPTED code=1; Nav2 goal accepted; status_seq=3,2288,0.7426,844,0,0,0,0.000,0,0.4908,0.1000,23.439,61.794
237.600,18.6054,9.3822,1.95460,18.0000,0.0000,1,ACCEPTED code=1; Nav2 goal accepted; status_seq=3,2290,0.7426,844,0,0,0,0.000,0,0.4908,0.1000,23.439,61.794
237.800,18.6054,9.3822,1.95460,18.0000,0.0000,1,ACCEPTED code=1; Nav2 goal accepted; status_seq=3,2292,0.7426,844,0,0,0,0.000,0,0.4908,0.1000,23.439,61.794
238.000,18.5142,9.7518,1.99746,18.0000,0.0000,1,ACCEPTED code=1; Nav2 goal accepted; status_seq=3,2294,0.8921,676,0,0,0,0.000,0,0.4835,0.1000,23.439,61.794
238.200,18.5142,9.7518,1.99746,18.0000,0.0000,1,ACCEPTED code=1; Nav2 goal accepted; status_seq=3,2296,0.8931,676,0,0,0,0.000,0,0.4829,0.1000,22.908,60.393
238.401,18.4296,9.9400,2.02660,18.0000,0.0000,1,ACCEPTED code=1; Nav2 goal accepted; status_seq=3,2298,0.7921,676,0,0,0,0.000,0,0.4843,0.1000,22.908,60.393
238.600,18.4011,10.0428,2.00121,18.0000,0.0000,1,ACCEPTED code=1; Nav2 goal accepted; status_seq=3,2300,0.7904,676,0,0,0,0.000,0,0.4669,0.1000,22.143,58.377
238.801,18.3892,10.0923,2.00732,18.0000,0.0000,1,ACCEPTED code=1; Nav2 goal accepted; status_seq=3,2302,0.7899,676,0,0,0,0.000,0,0.4576,0.1000,21.248,56.018
239.000,18.3242,10.2926,2.02608,18.0000,0.0000,1,ACCEPTED code=1; Nav2 goal accepted; status_seq=3,2304,0.8177,729,0,0,0,0.000,0,0.4535,0.1000,21.248,56.018
239.201,18.2806,10.4200,2.04815,18.0000,0.0000,1,ACCEPTED code=1; Nav2 goal accepted; status_seq=3,2306,0.8445,729,0,0,0,0.000,0,0.4568,0.1000,20.659,54.463
239.401,18.2262,10.5230,2.05213,18.0000,0.0000,1,ACCEPTED code=1; Nav2 goal accepted; status_seq=3,2308,0.8823,729,0,0,0,0.000,0,0.4615,0.1000,21.403,56.425
239.600,18.2018,10.5397,2.04864,18.0000,0.0000,1,ACCEPTED code=1; Nav2 goal accepted; status_seq=3,2310,0.8776,729,0,0,0,0.000,0,0.4478,0.1000,20.950,55.231
239.800,18.0915,10.6881,2.07058,18.0000,0.0000,1,ACCEPTED code=1; Nav2 goal accepted; status_seq=3,2314,0.1853,729,0,0,0,0.000,0,0.4936,0.1000,20.354,53.660
240.000,18.0060,10.8002,2.07624,18.0000,0.0000,1,ACCEPTED code=1; Nav2 goal accepted; status_seq=3,2315,0.3256,922,0,0,0,0.000,0,0.5187,0.1000,25.348,66.827
240.200,17.9698,10.8447,2.11005,18.0000,0.0000,1,ACCEPTED code=1; Nav2 goal accepted; status_seq=3,2315,0.3829,922,0,0,0,0.000,0,0.5187,0.1000,25.348,66.827
240.400,17.8674,10.9480,2.09084,18.0000,0.0000,1,ACCEPTED code=1; Nav2 goal accepted; status_seq=3,2318,0.5247,922,0,0,0,0.000,0,0.5160,0.1000,25.163,66.339
240.600,17.8697,10.9616,2.09536,18.0000,0.0000,1,ACCEPTED code=1; Nav2 goal accepted; status_seq=3,2320,0.5370,922,0,0,0,0.000,0,0.5097,0.1000,24.724,65.180
240.800,17.8697,10.9616,2.09536,18.0000,0.0000,1,ACCEPTED code=1; Nav2 goal accepted; status_seq=3,2322,0.5370,922,0,0,0,0.000,0,0.5097,0.1000,24.724,65.180
241.001,17.7248,11.1536,2.13533,18.0000,0.0000,1,ACCEPTED code=1; Nav2 goal accepted; status_seq=3,2324,0.7989,922,0,0,0,0.000,0,0.5270,0.1000,25.927,68.353
241.200,17.6913,11.2246,2.13502,18.0000,0.0000,1,ACCEPTED code=1; Nav2 goal accepted; status_seq=3,2326,0.8542,922,0,0,0,0.000,0,0.5312,0.1000,26.222,69.130
241.401,17.6677,11.2923,2.15414,18.0000,0.0000,1,ACCEPTED code=1; Nav2 goal accepted; status_seq=3,2328,0.8232,1057,0,0,0,0.000,0,0.5106,0.1000,24.789,65.352
241.600,17.6626,11.2823,2.16444,18.0000,0.0000,1,ACCEPTED code=1; Nav2 goal accepted; status_seq=3,2330,0.8216,1057,0,0,0,0.000,0,0.5340,0.1000,26.422,69.659
241.800,17.6626,11.2823,2.16444,18.0000,0.0000,1,ACCEPTED code=1; Nav2 goal accepted; status_seq=3,2332,0.8216,1057,0,0,0,0.000,0,0.5340,0.1000,26.422,69.659
242.000,17.6024,11.4643,2.19154,18.0000,0.0000,1,ACCEPTED code=1; Nav2 goal accepted; status_seq=3,2334,0.7488,1057,0,0,0,0.000,0,0.5294,0.1000,26.100,68.810
242.200,17.6025,11.4654,2.19006,18.0000,0.0000,1,ACCEPTED code=1; Nav2 goal accepted; status_seq=3,2336,0.7226,1057,0,0,0,0.000,0,0.5304,0.1000,26.167,68.985
242.400,17.5679,11.5700,2.20805,18.0000,0.0000,1,ACCEPTED code=1; Nav2 goal accepted; status_seq=3,2338,0.6851,1057,0,0,0,0.000,0,0.5316,0.1000,26.251,69.207
242.601,17.5679,11.5700,2.20805,18.0000,0.0000,1,ACCEPTED code=1; Nav2 goal accepted; status_seq=3,2340,0.6844,1057,0,0,0,0.000,0,0.5316,0.1000,26.251,69.207
242.800,17.4970,11.7856,2.23174,18.0000,0.0000,1,ACCEPTED code=1; Nav2 goal accepted; status_seq=3,2342,0.6615,713,0,0,0,0.000,0,0.5244,0.1000,25.748,67.882
243.001,17.4682,11.8659,2.22045,18.0000,0.0000,1,ACCEPTED code=1; Nav2 goal accepted; status_seq=3,2344,0.6669,713,0,0,0,0.000,0,0.5216,0.1000,25.553,67.366
243.200,17.4342,11.9532,2.24748,18.0000,0.0000,1,ACCEPTED code=1; Nav2 goal accepted; status_seq=3,2346,0.6854,713,0,0,0,0.000,0,0.5061,0.1000,24.479,64.536
243.401,17.4002,12.0282,2.24364,18.0000,0.0000,1,ACCEPTED code=1; Nav2 goal accepted; status_seq=3,2348,0.7079,713,0,0,0,0.000,0,0.5080,0.1000,24.609,64.878
243.600,17.3946,12.0469,2.24165,18.0000,0.0000,1,ACCEPTED code=1; Nav2 goal accepted; status_seq=3,2350,0.7168,713,0,0,0,0.000,0,0.4941,0.1000,23.663,62.385
243.800,17.3172,12.1817,2.24805,18.0000,0.0000,1,ACCEPTED code=1; Nav2 goal accepted; status_seq=3,2354,0.0187,735,0,0,0,0.000,0,0.4863,0.1000,23.141,61.008
244.000,17.3172,12.1817,2.24805,18.0000,0.0000,1,ACCEPTED code=1; Nav2 goal accepted; status_seq=3,2356,0.0194,735,0,0,0,0.000,0,0.5438,0.1000,27.118,71.493
244.200,17.1832,12.4022,2.27790,18.0000,0.0000,1,ACCEPTED code=1; Nav2 goal accepted; status_seq=3,2358,0.2763,735,0,0,0,0.000,0,0.5438,0.1000,27.118,71.493
244.400,17.1810,12.4664,2.27783,18.0000,0.0000,1,ACCEPTED code=1; Nav2 goal accepted; status_seq=3,2360,0.3256,735,0,0,0,0.000,0,0.5241,0.1000,25.728,67.829
244.600,17.1810,12.4664,2.27783,18.0000,0.0000,1,ACCEPTED code=1; Nav2 goal accepted; status_seq=3,2362,0.3332,735,0,0,0,0.000,0,0.5241,0.1000,25.728,67.829
244.800,17.0646,12.6740,2.30942,18.0000,0.0000,1,ACCEPTED code=1; Nav2 goal accepted; status_seq=3,2364,0.5726,735,0,0,0,0.000,0,0.5144,0.1000,25.052,66.046
245.000,16.9674,12.8405,2.33880,18.0000,0.0000,1,ACCEPTED code=1; Nav2 goal accepted; status_seq=3,2366,0.7668,922,0,0,0,0.000,0,0.5196,0.1000,25.410,66.989
245.200,16.9672,12.8374,2.33584,18.0000,0.0000,1,ACCEPTED code=1; Nav2 goal accepted; status_seq=3,2368,0.7622,922,0,0,0,0.000,0,0.5201,0.1000,25.444,67.080
245.400,16.7896,13.0402,2.34319,18.0000,0.0000,1,ACCEPTED code=1; Nav2 goal accepted; status_seq=3,2370,0.9438,922,0,0,0,0.000,0,0.5049,0.1000,24.399,64.325
245.600,16.7710,13.0409,2.34748,18.0000,0.0000,1,ACCEPTED code=1; Nav2 goal accepted; status_seq=3,2372,0.9284,922,0,0,0,0.000,0,0.5031,0.1000,24.273,63.993
245.800,16.5893,13.2105,2.34562,18.0000,0.0000,1,ACCEPTED code=1; Nav2 goal accepted; status_seq=3,2374,0.7906,922,0,0,0,0.000,0,0.5031,0.1000,24.273,63.993
246.000,16.5299,13.2155,2.35116,18.0000,0.0000,1,ACCEPTED code=1; Nav2 goal accepted; status_seq=3,2375,0.7355,922,0,0,0,0.000,0,0.5031,0.1000,24.273,63.993
246.201,16.5299,13.2155,2.35116,18.0000,0.0000,1,ACCEPTED code=1; Nav2 goal accepted; status_seq=3,2377,0.7722,922,0,0,0,0.000,0,0.4957,0.1000,24.273,63.993
246.400,16.3106,13.3823,2.38714,18.0000,0.0000,1,ACCEPTED code=1; Nav2 goal accepted; status_seq=3,2379,0.6446,922,0,0,0,0.000,0,0.5019,0.1000,23.302,61.433
246.601,16.3255,13.3819,2.38769,18.0000,0.0000,1,ACCEPTED code=1; Nav2 goal accepted; status_seq=3,2381,0.6561,1032,0,0,0,0.000,0,0.4987,0.1000,23.638,62.319
246.800,16.3255,13.3819,2.38769,18.0000,0.0000,1,ACCEPTED code=1; Nav2 goal accepted; status_seq=3,2383,0.6561,1032,0,0,0,0.000,0,0.4987,0.1000,23.974,63.205
247.000,16.3255,13.3819,2.38769,18.0000,0.0000,1,ACCEPTED code=1; Nav2 goal accepted; status_seq=3,2385,0.6561,1032,0,0,0,0.000,0,0.4987,0.1000,23.974,63.205
247.200,15.9833,13.6838,2.44180,18.0000,0.0000,1,ACCEPTED code=1; Nav2 goal accepted; status_seq=3,2387,0.7622,1032,0,0,0,0.000,0,0.4987,0.1000,23.974,63.205
247.401,16.0428,13.7148,2.44819,18.0000,0.0000,1,ACCEPTED code=1; Nav2 goal accepted; status_seq=3,2389,0.8020,1032,0,0,0,0.000,0,0.5093,0.1000,23.270,61.349
247.600,16.0169,13.7414,2.45297,18.0000,0.0000,1,ACCEPTED code=1; Nav2 goal accepted; status_seq=3,2391,0.8278,1032,0,0,0,0.000,0,0.5048,0.1000,23.876,62.946
247.800,16.0169,13.7414,2.45297,18.0000,0.0000,1,ACCEPTED code=1; Nav2 goal accepted; status_seq=3,2395,0.0011,1032,0,0,0,0.000,0,0.5548,0.0910,24.389,64.298
248.001,15.8747,13.8996,2.47256,18.0000,0.0000,1,ACCEPTED code=1; Nav2 goal accepted; status_seq=3,2397,0.2136,735,0,0,0,0.000,0,0.6000,0.0910,31.264,82.424
248.200,15.8388,13.8862,2.47174,18.0000,0.0000,1,ACCEPTED code=1; Nav2 goal accepted; status_seq=3,2399,0.2304,735,0,0,0,0.000,0,0.6000,0.0919,31.264,82.424
248.400,15.7642,13.9387,2.47889,18.0000,0.0000,1,ACCEPTED code=1; Nav2 goal accepted; status_seq=3,2401,0.3214,735,0,0,0,0.000,0,0.6000,0.0921,31.264,82.424
248.600,15.7642,13.9387,2.47889,18.0000,0.0000,1,ACCEPTED code=1; Nav2 goal accepted; status_seq=3,2403,0.3214,735,0,0,0,0.000,0,0.6000,0.0921,31.264,82.424
248.800,15.7642,13.9387,2.47889,18.0000,0.0000,1,ACCEPTED code=1; Nav2 goal accepted; status_seq=3,2405,0.3214,735,0,0,0,0.000,0,0.6000,0.0921,31.264,82.424
249.000,15.7642,13.9387,2.47889,18.0000,0.0000,1,ACCEPTED code=1; Nav2 goal accepted; status_seq=3,2407,0.3214,959,0,0,0,0.000,0,0.6000,0.0921,31.264,82.424
249.200,15.3814,14.2313,2.51405,18.0000,0.0000,1,ACCEPTED code=1; Nav2 goal accepted; status_seq=3,2409,0.8112,959,0,0,0,0.000,0,0.6000,0.0951,31.264,82.424
249.400,15.3681,14.2446,2.52532,18.0000,0.0000,1,ACCEPTED code=1; Nav2 goal accepted; status_seq=3,2411,0.8211,959,0,0,0,0.000,0,0.6000,0.0924,31.264,82.424
249.600,15.3681,14.2446,2.52532,18.0000,0.0000,1,ACCEPTED code=1; Nav2 goal accepted; status_seq=3,2413,0.8211,959,0,0,0,0.000,0,0.6000,0.0924,31.264,82.424
249.800,15.3681,14.2446,2.52532,18.0000,0.0000,1,ACCEPTED code=1; Nav2 goal accepted; status_seq=3,2415,0.8211,959,0,0,0,0.000,0,0.6000,0.0924,31.264,82.424
250.001,15.3681,14.2446,2.52532,18.0000,0.0000,1,ACCEPTED code=1; Nav2 goal accepted; status_seq=3,2417,0.8211,959,0,0,0,0.000,0,0.6000,0.0924,31.264,82.424
250.201,15.0396,14.6316,2.58979,18.0000,0.0000,1,ACCEPTED code=1; Nav2 goal accepted; status_seq=3,2419,0.6833,1023,0,0,0,0.000,0,0.6000,0.0914,31.264,82.424
250.400,14.9209,14.6942,2.59578,18.0000,0.0000,1,ACCEPTED code=1; Nav2 goal accepted; status_seq=3,2421,0.6174,1023,0,0,0,0.000,0,0.6000,0.0950,31.264,82.424
250.600,14.8553,14.6985,2.60638,18.0000,0.0000,1,ACCEPTED code=1; Nav2 goal accepted; status_seq=3,2423,0.5728,1023,0,0,0,0.000,0,0.6000,0.0908,31.264,82.424
250.800,14.7359,14.7653,2.60118,18.0000,0.0000,1,ACCEPTED code=1; Nav2 goal accepted; status_seq=3,2425,0.5474,1023,0,0,0,0.000,0,0.6000,0.0947,31.264,82.424
251.001,14.7304,14.7730,2.61204,18.0000,0.0000,1,ACCEPTED code=1; Nav2 goal accepted; status_seq=3,2427,0.5480,1023,0,0,0,0.000,0,0.6000,0.0920,31.264,82.424
251.200,14.5873,14.8692,2.62500,18.0000,0.0000,1,ACCEPTED code=1; Nav2 goal accepted; status_seq=3,2429,0.5747,1160,0,0,0,0.000,0,0.6000,0.0907,31.264,82.424
251.400,14.5828,14.8719,2.63435,18.0000,0.0000,1,ACCEPTED code=1; Nav2 goal accepted; status_seq=3,2431,0.5766,1160,0,0,0,0.000,0,0.6000,0.0903,31.264,82.424
251.600,14.4942,14.9013,2.66344,18.0000,0.0000,1,ACCEPTED code=1; Nav2 goal accepted; status_seq=3,2433,0.5885,1160,0,0,0,0.000,0,0.6000,0.0846,31.264,82.424
251.800,14.4942,14.9013,2.66344,18.0000,0.0000,1,ACCEPTED code=1; Nav2 goal accepted; status_seq=3,2437,0.5885,1160,0,0,0,0.000,0,0.6000,0.0846,31.264,82.424
252.000,14.4942,14.9013,2.66344,18.0000,0.0000,1,ACCEPTED code=1; Nav2 goal accepted; status_seq=3,2438,0.0006,1160,0,0,0,0.000,0,0.6000,0.0846,31.264,82.424
252.200,14.0795,15.1021,2.69474,18.0000,0.0000,1,ACCEPTED code=1; Nav2 goal accepted; status_seq=3,2438,0.4603,1058,0,0,0,0.000,0,0.6000,0.0846,31.264,82.424
252.401,14.0297,15.1449,2.71467,18.0000,0.0000,1,ACCEPTED code=1; Nav2 goal accepted; status_seq=3,2441,0.5217,1058,0,0,0,0.000,0,0.6000,0.0677,31.264,82.424
252.600,13.9366,15.2091,2.71237,18.0000,0.0000,1,ACCEPTED code=1; Nav2 goal accepted; status_seq=3,2443,0.6363,1058,0,0,0,0.000,0,0.6000,0.0679,31.264,82.424
252.801,13.8411,15.2728,2.75018,18.0000,0.0000,1,ACCEPTED code=1; Nav2 goal accepted; status_seq=3,2445,0.7508,1058,0,0,0,0.000,0,0.6000,0.0700,31.264,82.424
253.000,13.7395,15.3187,2.74368,18.0000,0.0000,1,ACCEPTED code=1; Nav2 goal accepted; status_seq=3,2447,0.8620,1058,0,0,0,0.000,0,0.6000,0.0658,31.264,82.424
253.201,13.6833,15.3663,2.75606,18.0000,0.0000,1,ACCEPTED code=1; Nav2 goal accepted; status_seq=3,2449,0.8567,1058,0,0,0,0.000,0,0.6000,0.0703,31.264,82.424
253.400,13.6831,15.3666,2.75568,18.0000,0.0000,1,ACCEPTED code=1; Nav2 goal accepted; status_seq=3,2451,0.8615,1205,0,0,0,0.000,0,0.6000,0.0668,31.264,82.424
253.600,13.5248,15.4785,2.75949,18.0000,0.0000,1,ACCEPTED code=1; Nav2 goal accepted; status_seq=3,2453,0.7247,1205,0,0,0,0.000,0,0.6000,0.0705,31.264,82.424
253.800,13.3602,15.5835,2.78143,18.0000,0.0000,1,ACCEPTED code=1; Nav2 goal accepted; status_seq=3,2455,0.6176,1205,0,0,0,0.000,0,0.6000,0.0698,31.264,82.424
254.000,13.2588,15.6457,2.77857,18.0000,0.0000,1,ACCEPTED code=1; Nav2 goal accepted; status_seq=3,2457,0.5664,1205,0,0,0,0.000,0,0.6000,0.0733,31.264,82.424
254.200,13.1690,15.7019,2.82835,18.0000,0.0000,1,ACCEPTED code=1; Nav2 goal accepted; status_seq=3,2459,0.5468,1205,0,0,0,0.000,0,0.6000,0.0684,31.264,82.424
254.400,12.9793,15.7965,2.83227,18.0000,0.0000,1,ACCEPTED code=1; Nav2 goal accepted; status_seq=3,2461,0.5441,1205,0,0,0,0.000,0,0.6000,0.0652,31.264,82.424
254.600,12.9303,15.8552,2.86985,18.0000,0.0000,1,ACCEPTED code=1; Nav2 goal accepted; status_seq=3,2463,0.5930,1205,0,0,0,0.000,0,0.6000,0.0626,31.264,82.424
254.801,12.8625,15.8958,2.86873,18.0000,0.0000,1,ACCEPTED code=1; Nav2 goal accepted; status_seq=3,2465,0.6222,1205,0,0,0,0.000,0,0.6000,0.0602,31.575,82.113
255.000,12.7402,15.9634,2.88985,18.0000,0.0000,1,ACCEPTED code=1; Nav2 goal accepted; status_seq=3,2467,0.6961,1205,0,0,0,0.000,0,0.6000,0.0608,31.325,82.363
255.200,12.6337,16.0132,2.89196,18.0000,0.0000,1,ACCEPTED code=1; Nav2 goal accepted; status_seq=3,2469,0.7653,1205,0,0,0,0.000,0,0.6000,0.0588,32.153,81.535
255.400,12.6337,16.0132,2.89196,18.0000,0.0000,1,ACCEPTED code=1; Nav2 goal accepted; status_seq=3,2471,0.7629,1205,0,0,0,0.000,0,0.6000,0.0621,31.264,82.424
255.600,12.6337,16.0132,2.89196,18.0000,0.0000,1,ACCEPTED code=1; Nav2 goal accepted; status_seq=3,2473,0.7629,1205,0,0,0,0.000,0,0.6000,0.0621,31.264,82.424
255.800,12.6337,16.0132,2.89196,18.0000,0.0000,1,ACCEPTED code=1; Nav2 goal accepted; status_seq=3,2475,0.7629,1315,0,0,0,0.000,0,0.6000,0.0621,31.264,82.424
256.000,12.2289,16.2073,2.95856,18.0000,0.0000,1,ACCEPTED code=1; Nav2 goal accepted; status_seq=3,2479,0.4493,1315,0,0,0,0.000,0,0.6000,0.0283,42.954,70.734
256.200,12.0963,16.2635,2.96290,18.0000,0.0000,1,ACCEPTED code=1; Nav2 goal accepted; status_seq=3,2481,0.5925,1315,0,0,0,0.000,0,0.6000,0.0273,45.378,68.310
256.400,11.9974,16.2938,3.00456,18.0000,0.0000,1,ACCEPTED code=1; Nav2 goal accepted; status_seq=3,2483,0.6962,1315,0,0,0,0.000,0,0.6000,0.0252,46.253,67.435
256.601,11.9796,16.2892,2.97785,18.0000,0.0000,1,ACCEPTED code=1; Nav2 goal accepted; status_seq=3,2485,0.7113,1315,0,0,0,0.000,0,0.6000,0.0271,45.458,68.230
256.800,11.8736,16.3238,2.98098,18.0000,0.0000,1,ACCEPTED code=1; Nav2 goal accepted; status_seq=3,2487,0.8223,1332,0,0,0,0.000,0,0.6000,0.0282,45.001,68.687
257.000,11.7569,16.3447,2.97811,18.0000,0.0000,1,ACCEPTED code=1; Nav2 goal accepted; status_seq=3,2489,0.7819,1332,0,0,0,0.000,0,0.6000,0.0293,44.522,69.166
257.200,11.5896,16.3903,3.01775,18.0000,0.0000,1,ACCEPTED code=1; Nav2 goal accepted; status_seq=3,2491,0.6313,1332,0,0,0,0.000,0,0.6000,0.0301,44.201,69.487
257.400,11.5737,16.3984,3.01842,18.0000,0.0000,1,ACCEPTED code=1; Nav2 goal accepted; status_seq=3,2493,0.6186,1332,0,0,0,0.000,0,0.6000,0.0234,47.017,66.671
257.601,11.3381,16.4823,3.04602,18.0000,0.0000,1,ACCEPTED code=1; Nav2 goal accepted; status_seq=3,2495,0.4434,1332,0,0,0,0.000,0,0.6000,0.0234,47.017,66.671
257.801,11.2511,16.4926,3.03159,18.0000,0.0000,1,ACCEPTED code=1; Nav2 goal accepted; status_seq=3,2497,0.3757,1332,0,0,0,0.000,0,0.6000,0.0214,47.846,65.842
258.000,11.1771,16.4967,3.01630,18.0000,0.0000,1,ACCEPTED code=1; Nav2 goal accepted; status_seq=3,2499,0.3361,1460,0,0,0,0.000,0,0.6000,0.0280,45.067,68.621
258.200,11.1771,16.4967,3.01630,18.0000,0.0000,1,ACCEPTED code=1; Nav2 goal accepted; status_seq=3,2499,0.3361,1460,0,0,0,0.000,0,0.6000,0.0280,45.067,68.621
258.400,11.1771,16.4967,3.01630,18.0000,0.0000,1,ACCEPTED code=1; Nav2 goal accepted; status_seq=3,2502,0.3400,1460,0,0,0,0.000,0,0.6000,0.0293,44.544,69.144
258.600,10.7061,16.5961,3.04338,18.0000,0.0000,1,ACCEPTED code=1; Nav2 goal accepted; status_seq=3,2504,0.4663,1460,0,0,0,0.000,0,0.6000,0.0298,44.544,69.144
258.800,10.6430,16.5978,3.01094,18.0000,0.0000,1,ACCEPTED code=1; Nav2 goal accepted; status_seq=3,2506,0.5070,1460,0,0,0,0.000,0,0.6000,0.0392,40.603,73.085
259.000,10.4806,16.6382,3.03121,18.0000,0.0000,1,ACCEPTED code=1; Nav2 goal accepted; status_seq=3,2508,0.6632,1461,0,0,0,0.000,0,0.6000,0.0392,40.381,73.307
259.200,10.4485,16.6419,3.01472,18.0000,0.0000,1,ACCEPTED code=1; Nav2 goal accepted; status_seq=3,2510,0.6800,1461,0,0,0,0.000,0,0.6000,0.0423,39.211,74.477
259.400,10.4485,16.6419,3.01472,18.0000,0.0000,1,ACCEPTED code=1; Nav2 goal accepted; status_seq=3,2512,0.6800,1461,0,0,0,0.000,0,0.6000,0.0423,39.097,74.591
259.600,10.1240,16.7005,3.03328,18.0000,0.0000,1,ACCEPTED code=1; Nav2 goal accepted; status_seq=3,2514,0.8408,1461,0,0,0,0.000,0,0.6000,0.0448,39.097,74.591
259.800,10.0239,16.7054,3.06654,18.0000,0.0000,1,ACCEPTED code=1; Nav2 goal accepted; status_seq=3,2516,0.7579,1461,0,0,0,0.000,0,0.6000,0.0379,38.685,75.003
260.000,9.9167,16.6879,3.07503,18.0000,0.0000,1,ACCEPTED code=1; Nav2 goal accepted; status_seq=3,2520,0.0982,1461,0,0,0,0.000,0,0.6000,0.0650,31.264,82.424
260.200,9.8074,16.6865,3.07068,18.0000,0.0000,1,ACCEPTED code=1; Nav2 goal accepted; status_seq=3,2522,0.2100,1526,0,0,0,0.000,0,0.6000,0.0675,31.264,82.424
260.400,9.7818,16.6674,3.09147,18.0000,0.0000,1,ACCEPTED code=1; Nav2 goal accepted; status_seq=3,2524,0.2349,1526,0,0,0,0.000,0,0.6000,0.0633,31.264,82.424
260.600,9.7818,16.6674,3.09147,18.0000,0.0000,1,ACCEPTED code=1; Nav2 goal accepted; status_seq=3,2526,0.2349,1526,0,0,0,0.000,0,0.6000,0.0633,31.264,82.424
260.801,9.5464,16.6381,3.08930,18.0000,0.0000,1,ACCEPTED code=1; Nav2 goal accepted; status_seq=3,2528,0.4724,1526,0,0,0,0.000,0,0.6000,0.0649,31.264,82.424
261.000,9.5007,16.6398,3.08923,18.0000,0.0000,1,ACCEPTED code=1; Nav2 goal accepted; status_seq=3,2530,0.5173,1526,0,0,0,0.000,0,0.6000,0.0665,31.264,82.424
261.200,9.3698,16.6312,3.11877,18.0000,0.0000,1,ACCEPTED code=1; Nav2 goal accepted; status_seq=3,2532,0.6534,1526,0,0,0,0.000,0,0.6000,0.0610,31.264,82.424
261.401,9.2832,16.6481,3.11923,18.0000,0.0000,1,ACCEPTED code=1; Nav2 goal accepted; status_seq=3,2534,0.7326,1526,0,0,0,0.000,0,0.6000,0.0622,31.264,82.424
261.601,9.2272,16.6499,-3.13679,18.0000,0.0000,1,ACCEPTED code=1; Nav2 goal accepted; status_seq=3,2536,0.7909,1587,0,0,0,0.000,0,0.6000,0.0570,31.756,81.932
261.800,9.1688,16.6649,3.12859,18.0000,0.0000,1,ACCEPTED code=1; Nav2 goal accepted; status_seq=3,2538,0.8369,1587,0,0,0,0.000,0,0.6000,0.0630,31.858,81.830
262.000,9.1688,16.6649,3.12859,18.0000,0.0000,1,ACCEPTED code=1; Nav2 goal accepted; status_seq=3,2540,0.8388,1587,0,0,0,0.000,0,0.6000,0.0630,31.264,82.424
262.201,8.8999,16.7311,3.13978,18.0000,0.0000,1,ACCEPTED code=1; Nav2 goal accepted; status_seq=3,2542,0.5858,1587,0,0,0,0.000,0,0.6000,0.0677,31.264,82.424
262.400,8.8373,16.7556,-3.09988,18.0000,0.0000,1,ACCEPTED code=1; Nav2 goal accepted; status_seq=3,2544,0.5366,1587,0,0,0,0.000,0,0.6000,0.0589,31.264,82.424
262.600,8.7036,16.8007,-3.11367,18.0000,0.0000,1,ACCEPTED code=1; Nav2 goal accepted; status_seq=3,2546,0.4390,1587,0,0,0,0.000,0,0.6000,0.0659,31.264,82.424
262.801,8.5610,16.8418,-3.07663,18.0000,0.0000,1,ACCEPTED code=1; Nav2 goal accepted; status_seq=3,2548,0.3581,1691,0,0,0,0.000,0,0.6000,0.0617,31.264,82.424
263.001,8.4413,16.8583,-3.05718,18.0000,0.0000,1,ACCEPTED code=1; Nav2 goal accepted; status_seq=3,2550,0.3168,1691,0,0,0,0.000,0,0.6000,0.0598,32.667,81.021
263.201,8.3404,16.8724,-3.08090,18.0000,0.0000,1,ACCEPTED code=1; Nav2 goal accepted; status_seq=3,2552,0.3130,1691,0,0,0,0.000,0,0.6000,0.0657,31.264,82.424
263.400,8.1843,16.8862,-3.03858,18.0000,0.0000,1,ACCEPTED code=1; Nav2 goal accepted; status_seq=3,2554,0.3610,1691,0,0,0,0.000,0,0.6000,0.0592,31.264,82.424
263.600,8.1018,16.8891,-3.06458,18.0000,0.0000,1,ACCEPTED code=1; Nav2 goal accepted; status_seq=3,2556,0.4051,1691,0,0,0,0.000,0,0.6000,0.0669,31.264,82.424
263.801,7.9110,16.8901,-3.04088,18.0000,0.0000,1,ACCEPTED code=1; Nav2 goal accepted; status_seq=3,2558,0.6339,1723,0,0,0,0.000,0,0.6000,0.0661,31.264,82.424
264.001,7.8263,16.8802,-3.02712,18.0000,0.0000,1,ACCEPTED code=1; Nav2 goal accepted; status_seq=3,2562,0.0661,1723,0,0,0,0.000,0,0.6000,0.0039,31.439,82.249
264.200,7.6643,16.8700,-3.00775,18.0000,0.0000,1,ACCEPTED code=1; Nav2 goal accepted; status_seq=3,2564,0.2345,1723,0,0,0,0.000,0,0.6000,0.0038,53.170,60.518
264.400,7.5385,16.8443,-2.97863,18.0000,0.0000,1,ACCEPTED code=1; Nav2 goal accepted; status_seq=3,2566,0.3541,1723,0,0,0,0.000,0,0.6000,-0.0017,57.307,56.381
264.600,7.5215,16.8394,-3.00136,18.0000,0.0000,1,ACCEPTED code=1; Nav2 goal accepted; status_seq=3,2568,0.3737,1723,0,0,0,0.000,0,0.6000,0.0025,56.111,57.577
264.800,7.3253,16.8111,-2.97900,18.0000,0.0000,1,ACCEPTED code=1; Nav2 goal accepted; status_seq=3,2570,0.5729,1766,0,0,0,0.000,0,0.6000,-0.0012,55.317,58.371
265.000,7.2682,16.8047,-3.00147,18.0000,0.0000,1,ACCEPTED code=1; Nav2 goal accepted; status_seq=3,2572,0.6287,1766,0,0,0,0.000,0,0.6000,0.0056,55.760,57.928
265.201,7.2682,16.8047,-3.00147,18.0000,0.0000,1,ACCEPTED code=1; Nav2 goal accepted; status_seq=3,2574,0.6287,1766,0,0,0,0.000,0,0.6000,0.0056,54.472,59.216
265.400,7.2682,16.8047,-3.00147,18.0000,0.0000,1,ACCEPTED code=1; Nav2 goal accepted; status_seq=3,2576,0.6287,1766,0,0,0,0.000,0,0.6000,0.0056,54.472,59.216
265.600,6.9223,16.7381,-2.95175,18.0000,0.0000,1,ACCEPTED code=1; Nav2 goal accepted; status_seq=3,2578,0.7075,1766,0,0,0,0.000,0,0.6000,-0.0014,54.472,59.216
265.800,6.8458,16.6712,-2.95959,18.0000,0.0000,1,ACCEPTED code=1; Nav2 goal accepted; status_seq=3,2580,0.6022,1766,0,0,0,0.000,0,0.6000,-0.0038,59.117,54.571
266.001,6.7959,16.6392,-2.92548,18.0000,0.0000,1,ACCEPTED code=1; Nav2 goal accepted; status_seq=3,2582,0.5592,1816,0,0,0,0.000,0,0.6000,-0.0114,58.374,55.314
266.200,6.6931,16.5628,-2.92187,18.0000,0.0000,1,ACCEPTED code=1; Nav2 goal accepted; status_seq=3,2584,0.4752,1816,0,0,0,0.000,0,0.6000,-0.0145,63.468,50.220
266.401,6.6415,16.5266,-2.93176,18.0000,0.0000,1,ACCEPTED code=1; Nav2 goal accepted; status_seq=3,2586,0.4426,1816,0,0,0,0.000,0,0.6000,-0.0112,61.427,52.261
266.600,6.5642,16.4760,-2.93844,18.0000,0.0000,1,ACCEPTED code=1; Nav2 goal accepted; status_seq=3,2588,0.4022,1816,0,0,0,0.000,0,0.6000,-0.0121,63.726,49.962
266.800,6.5394,16.4631,-2.94365,18.0000,0.0000,1,ACCEPTED code=1; Nav2 goal accepted; status_seq=3,2590,0.3942,1816,0,0,0,0.000,0,0.6000,-0.0104,62.962,50.726
267.000,6.3786,16.4140,-2.91322,18.0000,0.0000,1,ACCEPTED code=1; Nav2 goal accepted; status_seq=3,2592,0.3374,1762,0,0,0,0.000,0,0.6000,-0.0170,63.964,49.724
267.200,6.2241,16.3886,-2.94517,18.0000,0.0000,1,ACCEPTED code=1; Nav2 goal accepted; status_seq=3,2594,0.3326,1762,0,0,0,0.000,0,0.6000,-0.0058,61.989,51.699
267.401,6.1988,16.3889,-2.95871,18.0000,0.0000,1,ACCEPTED code=1; Nav2 goal accepted; status_seq=3,2596,0.3372,1762,0,0,0,0.000,0,0.6000,-0.0023,57.638,56.050
267.600,6.0140,16.3671,-2.97610,18.0000,0.0000,1,ACCEPTED code=1; Nav2 goal accepted; status_seq=3,2598,0.4263,1762,0,0,0,0.000,0,0.6000,0.0058,54.397,59.291
267.800,5.8819,16.3675,-2.95572,18.0000,0.0000,1,ACCEPTED code=1; Nav2 goal accepted; status_seq=3,2600,0.5068,1762,0,0,0,0.000,0,0.6000,0.0051,56.201,57.487
268.001,5.8743,16.3696,-2.93835,18.0000,0.0000,1,ACCEPTED code=1; Nav2 goal accepted; status_seq=3,2604,0.0007,1762,0,0,0,0.000,0,0.6000,0.0178,56.589,57.099
