elapsed_s,mode,spawn_yaw_rad,lio_x_rel_m,lio_y_rel_m,lio_z_rel_m,ekf_x_rel_m,ekf_y_rel_m,ekf_z_rel_m,ekf_camera_x_rel_m,ekf_camera_y_rel_m,truth_x_rel_m,truth_y_rel_m,truth_z_rel_m,truth_world_x_rel_m,truth_world_y_rel_m,lio_xy_drift_m,ekf_xy_drift_m,truth_xy_motion_m,lio_truth_xy_error_m,ekf_truth_xy_error_m,lio_yaw_rad,ekf_yaw_rad,lio_vx_mps,lio_vy_mps,lio_wz_radps,ekf_vx_mps,ekf_vy_mps,ekf_wz_radps,cmd_vx_mps,cmd_wz_radps,gps_lat,gps_lon,imu_gz_radps,filtered_points,registered_points,safety_cloud_points,raw_obstacle_points,safety_stop,nan_count,stamp_backwards
6.210547259000123,static,1.0,0.0,0.0,0.0,nan,nan,nan,nan,nan,0.0,0.0,0.0,0.0,0.0,0.0,nan,0.0,0.0,nan,-0.0003192525337742984,nan,-0.00018637820455168813,7.7375574060112e-05,0.0022500000000000003,nan,nan,nan,0.0,0.0,-33.72276887684238,150.67398941580524,-0.00125,22195,7643,3494,3494,0,0,0
6.411273386000175,static,1.0,0.00722396796295835,-0.0026613162186924083,-0.0019511035181091266,nan,nan,nan,nan,nan,-0.000363775639124986,0.00018096119746942795,0.002578058315295173,-0.00034882241368450195,-0.00020833289303823221,0.007698591893698734,nan,0.0004062999761387654,0.00810261648366626,nan,-0.0009170068509294621,nan,0.00041525567279314564,-6.600379682958582e-05,0.00975,nan,nan,nan,0.0,0.0,-33.722768869565606,150.67398942798408,0.0,22195,7599,3494,3494,0,0,0
6.611435335999886,static,1.0,0.00722396796295835,-0.0026613162186924083,-0.0019511035181091266,nan,nan,nan,nan,nan,-0.0006799362851748973,0.0003344063011270998,0.006385113716464358,-0.0006487643422588008,-0.000391466159896936,0.007698591893698734,nan,0.0007577208761351028,0.00845257687213861,nan,-0.0009170068509294621,nan,0.00041525567279314564,-6.600379682958582e-05,0.00975,nan,nan,nan,0.0,0.0,-33.722768860683054,150.673989442604,-0.00625,22195,7599,3494,3494,0,0,0
6.811608852000063,static,1.0,0.00722396796295835,-0.0026613162186924083,-0.0019511035181091266,nan,nan,nan,nan,nan,-0.0010070499817039621,0.0004840378896985217,0.01285446831647101,-0.0009514152669680698,-0.0005858765519235476,0.007698591893698734,nan,0.0011173371668004913,0.008811521371053054,nan,-0.0009170068509294621,nan,0.00041525567279314564,-6.600379682958582e-05,0.00975,nan,nan,nan,0.0,0.0,-33.722768855035525,150.67398945155114,0.0135,22195,7599,3557,3557,0,0,0
7.012208975000249,static,1.0,0.00722396796295835,-0.0026613162186924083,-0.0019511035181091266,nan,nan,nan,nan,nan,-0.0011954309458678547,0.0005589615489930242,0.01898384410973246,-0.0011162440216594405,-0.0007039122414767007,0.007698591893698734,nan,0.0013196564551394407,0.009014236899870834,nan,-0.0009170068509294621,nan,0.00041525567279314564,-6.600379682958582e-05,0.00975,nan,nan,nan,0.0,0.0,-33.72276884950047,150.67398945957294,0.019,22195,7599,3557,3557,0,0,0
7.212735306000013,static,1.0,0.00722396796295835,-0.0026613162186924083,-0.0019511035181091266,nan,nan,nan,nan,nan,-0.0013300137453417962,0.0005921689372741842,0.02697092598396235,-0.0012169024722652466,-0.0007992177338280726,0.007698591893698734,nan,0.0014558848213614116,0.009151817782606276,nan,-0.0009170068509294621,nan,0.00041525567279314564,-6.600379682958582e-05,0.00975,nan,nan,nan,0.0,0.0,-33.72276884647278,150.673989462612,0.014,22037,7599,3518,3518,0,0,0
7.412913345000106,static,1.0,0.05470107795202187,-0.015244857499605344,-0.013181041576990613,nan,nan,nan,nan,nan,-0.0013650038855865373,0.0005708581631080564,0.03384801647769013,-0.0012178753275975396,-0.0008401751820201753,0.056785681375646505,nan,0.0014795656964303576,0.05825411912084159,nan,-0.0015143117875710422,nan,-0.0010965790407996702,0.0007312144320940722,0.02275,nan,nan,nan,0.0,0.0,-33.72276884614317,150.6739894602799,-0.00425,22013,7473,3510,3510,0,0,0
7.613066375000017,static,1.0,0.061885827715330674,-0.018627754632965614,-0.014685583446013853,nan,nan,nan,nan,nan,-0.0013302796934724346,0.000506889574466746,0.04024210381255176,-0.001145286055248107,-0.0008455181578312931,0.06462854566426172,nan,0.001423580381842976,0.06604854915035119,nan,-0.0014282221343048795,nan,-0.0010652419920448354,0.0005190569454642219,0.008,nan,nan,nan,0.0,0.0,-33.72276884762923,150.67398945511448,0.00975,22013,7501,3510,3510,0,0,0
7.8132641970000805,static,1.0,0.061885827715330674,-0.018627754632965614,-0.014685583446013853,nan,nan,nan,nan,nan,-0.0012198861589187671,0.00039275830084329976,0.0462789280682009,-0.0009896020187625254,-0.0008142905919044097,0.06462854566426172,nan,0.0012815542608890578,0.06590987054943918,nan,-0.0014282221343048795,nan,-0.0010652419920448354,0.0005190569454642219,0.008,nan,nan,nan,0.0,0.0,-33.72276885180905,150.67398944383854,0.01225,22013,7501,3510,3510,0,0,0
8.013817329000176,static,1.0,0.06041878410761478,-0.01804216504668834,-0.014650039370834325,nan,nan,nan,nan,nan,-0.001036926139709694,0.0002347090397313488,0.05089071512074626,-0.0007577544311061502,-0.000745729424579622,0.06305512820234772,nan,0.0010631576329711693,0.06411589856169796,nan,-0.0011413305398931145,nan,-0.0018008991604667227,0.0003196107273879266,-0.00575,nan,nan,nan,0.0,0.0,-33.72276885814061,150.6739894283684,0.001,22050,7501,3510,3510,0,0,0
8.214414905000012,static,1.0,0.061948741593614805,-0.017778098221554788,-0.014317129352261168,nan,nan,nan,nan,nan,-0.0008503992459324496,8.73802184835485e-05,0.052981031661512884,-0.0005330005919859104,-0.0006683745574207478,0.06444926191515082,nan,0.0008548767045982196,0.06529094431907664,nan,-0.0008034081988999645,nan,-0.0011413641015119087,7.885038395104517e-05,0.001,nan,nan,nan,0.0,0.0,-33.722768866112496,150.67398940982233,0.00875,22050,7538,3583,3583,0,0,0
8.414555602000291,static,1.0,0.061948741593614805,-0.017778098221554788,-0.014317129352261168,nan,nan,nan,nan,nan,-0.0006242061265769518,-7.999914030568754e-05,0.05325170620895481,-0.00026994305414973496,-0.0005684750640284619,0.06444926191515082,nan,0.0006293116484746256,0.0650276594802824,nan,-0.0008034081988999645,nan,-0.0011413641015119087,7.885038395104517e-05,0.001,nan,nan,nan,0.0,0.0,-33.72276887510724,150.673989389555,-0.005,22050,7538,3583,3583,0,0,0
8.61471672100015,static,1.0,0.061948741593614805,-0.017778098221554788,-0.014317129352261168,nan,nan,nan,nan,nan,-0.00039222572093551594,-0.0002398429141310077,0.051137628934826485,-1.0099608289237949e-05,-0.0004596342432137135,0.06444926191515082,nan,0.00045974518988483085,0.0647609960156745,nan,-0.0008034081988999645,nan,-0.0011413641015119087,7.885038395104517e-05,0.001,nan,nan,nan,0.0,0.0,-33.72276888221467,150.67398937391036,-0.0055,22050,7538,3608,3608,0,0,0
8.814892764999968,static,1.0,0.061948741593614805,-0.017778098221554788,-0.014317129352261168,nan,nan,nan,nan,nan,-0.00020066790406852541,-0.0003595239926337965,0.047000544352761936,0.00019410767686167674,-0.0003631078610908389,0.06444926191515082,nan,0.00041173426989091043,0.0645442160776561,nan,-0.0008034081988999645,nan,-0.0011413641015119087,7.885038395104517e-05,0.001,nan,nan,nan,0.0,0.0,-33.72276889137997,150.67398935421767,0.00725,22202,7538,3580,3580,0,0,0
9.015043572000195,static,1.0,0.02915336448968872,-0.004188183023254577,-0.00510109427158128,nan,nan,nan,nan,nan,-5.566103255663123e-05,-0.00043444844371262885,0.04100829014143938,0.0003355019755417743,-0.00028157063979961094,0.02945266606107028,nan,0.0004379995442801232,0.029449239298372874,nan,0.00039744281588656634,nan,0.00030360075620094025,-0.00048823845720596265,0.0225,nan,nan,nan,0.0,0.0,-33.722768899757234,150.67398933683432,-0.001,22202,7622,3532,3532,0,0,0
9.215155826000228,static,1.0,0.02915336448968872,-0.004188183023254577,-0.00510109427158128,nan,nan,nan,nan,nan,2.9729151638343713e-05,-0.000450631356445461,0.03265149605212844,0.000395255940475181,-0.00021846094247734982,0.02945266606107028,nan,0.00045161094082075975,0.02936248333785486,nan,0.00039744281588656634,nan,0.00030360075620094025,-0.00048823845720596265,0.0225,nan,nan,nan,0.0,0.0,-33.722768906802536,150.67398932299474,0.0085,22202,7622,3475,3475,0,0,0
9.415365966000081,static,1.0,0.02915336448968872,-0.004188183023254577,-0.00510109427158128,nan,nan,nan,nan,nan,2.4590718924059614e-05,-0.0003943178795140331,0.023860701009250293,0.0003450934765396596,-0.00019235848307630476,0.02945266606107028,nan,0.0003950839069889403,0.029374799984293966,nan,0.00039744281588656634,nan,0.00030360075620094025,-0.00048823845720596265,0.0225,nan,nan,nan,0.0,0.0,-33.7227689120894,150.6739893136701,0.012750000000000001,22202,7622,3475,3475,0,0,0
9.61639825500015,static,1.0,0.010402602131960263,-0.0072034824299213734,-0.0016161588097367717,nan,nan,nan,nan,nan,-4.879561844084836e-05,-0.0002894945196176275,0.01598580117746426,0.00021723685335928167,-0.0001974746535893246,0.012653232402593818,nan,0.0002935780803596648,0.012531358416425402,nan,-0.001861414574825592,nan,-0.000525929690426252,-0.0012059092280278952,-0.0155,nan,nan,nan,0.0,0.0,-33.72276891469735,150.67398931006824,-0.0005,22345,7622,3443,3443,0,0,0
9.8170166660002,static,1.0,-0.0038904846071087865,0.009151791792891814,0.001977155826075098,nan,nan,nan,nan,nan,-0.00020631583207091276,-0.00011163556749561932,0.007259699908257783,-1.7534828884890885e-05,-0.00023392574092895302,0.009944403627095613,nan,0.000234582016559629,0.009969161751327869,nan,0.00039291067939354425,nan,0.0012556076498305385,-0.0010152700878860942,0.016,nan,nan,nan,0.0,0.0,-33.722768916344606,150.67398930991214,0.01025,22345,7676,3443,3443,0,0,0
10.017142751999927,static,1.0,-0.0038904846071087865,0.009151791792891814,0.001977155826075098,nan,nan,nan,nan,nan,-0.0004483823522840761,0.00013463307238644755,-0.0011450138471545968,-0.0003555518428584037,-0.0003045581800904529,0.009944403627095613,nan,0.00046815894525258805,0.009651798761031817,nan,0.00039291067939354425,nan,0.0012556076498305385,-0.0010152700878860942,0.016,nan,nan,nan,0.0,0.0,-33.722768915843425,150.6739893151273,0.00125,22345,7676,3443,3443,0,0,0
10.21730241000023,static,1.0,-0.0038904846071087865,0.009151791792891814,0.001977155826075098,nan,nan,nan,nan,nan,-0.0007352485752790032,0.00041076542241762215,-0.007855246150535816,-0.000742903685136298,-0.00039675283781548387,0.009944403627095613,nan,0.0008422106029395092,0.009293064964040776,nan,0.00039291067939354425,nan,0.0012556076498305385,-0.0010152700878860942,0.016,nan,nan,nan,0.0,0.0,-33.72276891411898,150.6739893224438,0.010750000000000001,22386,7676,3417,3417,0,0,0
10.417838287999984,static,1.0,-0.011089901531246574,0.01045836488978645,0.0021873814954045502,nan,nan,nan,nan,nan,-0.001072183561193143,0.0007239829295374464,-0.013092596294109055,-0.0011885138791285499,-0.0005110417108937781,0.015243467851531129,nan,0.0012937267374350866,0.013968280691464954,nan,-0.0006009528571865938,nan,0.0007884631302604765,-0.0008175291586593969,0.006500000000000001,nan,nan,nan,0.0,0.0,-33.72276891031317,150.6739893358871,-0.0135,22380,7702,3419,3419,0,0,0
10.618025532000047,static,1.0,-0.011522701064844945,0.012221205846792482,0.0024684937582660927,nan,nan,nan,nan,nan,-0.0014346582222589921,0.0010522315031846223,-0.0163355205446587,-0.001660571424849877,-0.0006387001596692699,0.016796741117831564,nan,0.0017791670385294072,0.015050401864469277,nan,0.0003202694125505107,nan,0.0008326398381178458,-0.0007661132632743305,0.0125,nan,nan,nan,0.0,0.0,-33.722768906582814,150.67398934807719,0.0085,22380,7654,3423,3423,0,0,0
10.818137152999952,static,1.0,-0.011522701064844945,0.012221205846792482,0.0024684937582660927,nan,nan,nan,nan,nan,-0.001826917812374075,0.0013994468865518878,-0.01733130232283686,-0.0021646818564704517,-0.0007811739509975268,0.016796741117831564,nan,0.0023013214207166822,0.014529923601741414,nan,0.0003202694125505107,nan,0.0008326398381178458,-0.0007661132632743305,0.0125,nan,nan,nan,0.0,0.0,-33.722768900689914,150.6739893665764,0.025,22247,7654,3418,3418,0,0,0
11.018718259000252,static,1.0,-0.0012621197318512314,0.00787912614069855,-5.515436943829069e-05,nan,nan,nan,nan,nan,-0.0021739008148074063,0.001699754908058548,-0.015912015609740204,-0.002604858059385151,-0.0009108929632759555,0.007979572354366332,nan,0.0027595310290137033,0.006246276776930042,nan,-0.00039217241965561076,nan,0.0008802687088987104,0.0001853583658906603,0.010750000000000001,nan,nan,nan,0.0,0.0,-33.7227688943185,150.67398938608147,-0.00775,22187,7600,3426,3417,0,0,0
11.220016673999908,static,1.0,0.005677787013839267,0.00358083340764323,-0.0017180362410884854,nan,nan,nan,nan,nan,-0.0024657776967918015,0.0019462450007720756,-0.012708458419715518,-0.002969974072811965,-0.0010233197251352522,0.006712647262281524,nan,0.0031413260341814535,0.008305993345537502,nan,0.0006919096996265029,nan,-2.8767422195036887e-05,0.00018005528262057916,-0.00775,nan,nan,nan,0.0,0.0,-33.72276888804087,150.67398940505495,-0.00475,22187,7627,3426,3426,0,0,0
11.420611842000199,static,1.0,0.008848984802302,0.0009482485325112561,-0.0029611634680645448,nan,nan,nan,nan,nan,-0.002742518606317962,0.0021722400376002473,-0.007394863867838414,-0.003309666090558494,-0.001134083531297847,0.008899646471112294,nan,0.0034985761513726898,0.011655947257798407,nan,-0.0007449160784358422,nan,2.838757289819989e-05,0.00035675189281192735,0.0025,nan,nan,nan,0.0,0.0,-33.722768883674355,150.67398941818186,0.0135,22081,7563,3426,3426,0,0,0
11.62080227100023,static,1.0,0.01628929971022484,-0.0036908029711807955,-0.004953034916488447,nan,nan,nan,nan,nan,-0.0029687908572648075,0.0023472643523453234,-0.0005761320777571133,-0.0035791993919929155,-0.0012299190242970326,0.016702194814502917,nan,0.0037846227148779603,0.02018247530183222,nan,-0.0012544185485763514,nan,1.765475253459011e-05,0.0004903224911427296,-0.021750000000000002,nan,nan,nan,0.0,0.0,-33.72276887886385,150.67398943261622,-0.0005,22081,7504,3546,3546,0,0,0
11.821132083000066,static,1.0,0.01628929971022484,-0.0036908029711807955,-0.004953034916488447,nan,nan,nan,nan,nan,-0.003163985354533883,0.0024831920784577034,0.008515359552796115,-0.0037990426665146515,-0.0013207274662931923,0.016702194814502917,nan,0.004022069892756712,0.02040952019729336,nan,-0.0012544185485763514,nan,1.765475253459011e-05,0.0004903224911427296,-0.021750000000000002,nan,nan,nan,0.0,0.0,-33.72276887620907,150.67398944057635,-0.02525,22081,7504,3566,3566,0,0,0
12.021380201000284,static,1.0,0.01628929971022484,-0.0036908029711807955,-0.004953034916488447,nan,nan,nan,nan,nan,-0.003304410542712799,0.00255620390162396,0.019483165154478746,-0.003936352050232017,-0.0013994427312695734,0.016702194814502917,nan,0.004177715574505887,0.020565470486836507,nan,-0.0012544185485763514,nan,1.765475253459011e-05,0.0004903224911427296,-0.021750000000000002,nan,nan,nan,0.0,0.0,-33.722768874082,150.67398944692474,-0.00025,21996,7504,3579,3579,0,0,0
12.221550432000186,static,1.0,0.03772718981953787,-0.016929912935567594,-0.010562907228924695,nan,nan,nan,nan,nan,-0.003366717885627417,0.002557880906556684,0.029084694417730345,-0.003971428002273569,-0.0014509664628405972,0.041351696503110255,nan,0.004228184486695299,0.04548058222267806,nan,-0.00044002901489823367,nan,-0.0004406518415854033,0.0006649193771967284,-0.0095,nan,nan,nan,0.0,0.0,-33.72276887377467,150.67398944769883,0.009000000000000001,21987,7439,3582,3582,0,0,0
12.423366762000114,static,1.0,0.04737282395083438,-0.024550781272700176,-0.012100151205368137,nan,nan,nan,nan,nan,-0.0033816073666407278,0.0025154927595852864,0.037400787448614026,-0.003943804427422037,-0.0014863979426422702,0.053356586380471464,nan,0.004214614122982653,0.05752039193495701,nan,0.001113545268354106,nan,-0.0007274877306524519,0.00052198517395109,0.002,nan,nan,nan,0.0,0.0,-33.72276887476428,150.6739894444511,0.00775,21979,7453,3579,3579,0,0,0
12.627448861000175,static,1.0,0.05179381219609924,-0.029431273050395376,-0.013495257449894455,nan,nan,nan,nan,nan,-0.003354997075311852,0.002414559723428583,0.046660575483237335,-0.00384449460432279,-0.0015185405067654756,0.05957179546708096,nan,0.0041335340851811776,0.06368318639258591,nan,0.0009725913028433268,nan,-0.0007328642346769366,0.0008219888444196087,0.008,nan,nan,nan,0.0,0.0,-33.72276887756008,150.67398943532606,0.00475,22024,7447,3555,3555,0,0,0
12.829514220999954,static,1.0,0.05462869720661479,-0.03236843682514566,-0.015246045984129326,nan,nan,nan,nan,nan,-0.0032917975423628074,0.0022740780170881414,0.05425021411845135,-0.0036921364711588467,-0.001541262523403475,0.0634981122632433,nan,0.004000920130133736,0.06748990699771878,nan,-0.0011371336785536254,nan,-0.0009270941920801134,0.0007335953042037154,0.014750000000000001,nan,nan,nan,0.0,0.0,-33.722768880575856,150.67398942534714,0.02325,22024,7481,3555,3555,0,0,0
13.030074772000262,static,1.0,0.05462869720661479,-0.03236843682514566,-0.015246045984129326,nan,nan,nan,nan,nan,-0.003197079596050671,0.002092012162645777,0.06037220874718739,-0.003487757012521797,-0.0015599307208162827,0.0634981122632433,nan,0.0038207110375087752,0.06731525092630837,nan,-0.0011371336785536254,nan,-0.0009270941920801134,0.0007335953042037154,0.014750000000000001,nan,nan,nan,0.0,0.0,-33.72276888563426,150.67398940823315,0.01025,22024,7481,3576,3576,0,0,0
13.230268097000135,static,1.0,0.05462869720661479,-0.03236843682514566,-0.015246045984129326,nan,nan,nan,nan,nan,-0.0030907526164682935,0.0018959857997988255,0.06416085048963145,-0.00326535780368431,-0.0015763731484526033,0.0634981122632433,nan,0.003625950067119567,0.06712365861378694,nan,-0.0011371336785536254,nan,-0.0009270941920801134,0.0007335953042037154,0.014750000000000001,nan,nan,nan,0.0,0.0,-33.72276889140875,150.6739893880378,-0.001,22024,7481,3591,3591,0,0,0
13.430435881999983,static,1.0,0.05462869720661479,-0.03236843682514566,-0.015246045984129326,nan,nan,nan,nan,nan,-0.0029844787624998402,0.0016969120541934992,0.0656927708514518,-0.00304042301456775,-0.0015945067876828034,0.0634981122632433,nan,0.003433165303838395,0.06693075555766019,nan,-0.0011371336785536254,nan,-0.0009270941920801134,0.0007335953042037154,0.014750000000000001,nan,nan,nan,0.0,0.0,-33.72276889596849,150.67398937147013,0.0115,22024,7481,3597,3597,0,0,0
13.630619416000172,static,1.0,0.05462869720661479,-0.03236843682514566,-0.015246045984129326,nan,nan,nan,nan,nan,-0.0028946498276503307,0.0015171185188624092,0.06510956105196451,-0.0028405971906977356,-0.0016160612071303149,0.0634981122632433,nan,0.0032681257969960948,0.06676201251457548,nan,-0.0011371336785536254,nan,-0.0009270941920801134,0.0007335953042037154,0.014750000000000001,nan,nan,nan,0.0,0.0,-33.72276890178066,150.67398934925208,-0.0055,22024,7481,3597,3597,0,0,0
13.830986751000182,static,1.0,0.032418966074722125,-0.028753891224688716,-0.009649227428875407,nan,nan,nan,nan,nan,-0.0028186824997016324,0.0013403482249571544,0.062268415110503225,-0.0026508047949391766,-0.0016476463022740973,0.043333308457988925,nan,0.003121138317708787,0.046339563281360456,nan,-0.001281297622270098,nan,-0.001983458660499567,0.00010179318450514767,-0.002,nan,nan,nan,0.0,0.0,-33.722768905686294,150.67398933329065,-0.0022500000000000003,22184,7481,3633,3633,0,0,0
14.031722084000194,static,1.0,0.020362261706799095,-0.008670124523906905,-0.006080253218708197,nan,nan,nan,nan,nan,-0.0027784524530371246,0.0011997558081456095,0.0572789664484919,-0.0025107639685302274,-0.0016897562922792986,0.022131262075991705,nan,0.00302641901146671,0.02515764674202024,nan,-0.00014480141423737426,nan,0.00010592935698364122,-0.0001713599508385766,-0.00975,nan,nan,nan,0.0,0.0,-33.7227689100933,150.67398931346636,-0.007,22184,7587,3588,3588,0,0,0
14.232027055999879,static,1.0,0.020362261706799095,-0.008670124523906905,-0.006080253218708197,nan,nan,nan,nan,nan,-0.0027873258399601676,0.001103840584346731,0.04972913992411428,-0.0024348484021174954,-0.0017490462064984058,0.022131262075991705,nan,0.0029979408556141643,0.02512834649399819,nan,-0.00014480141423737426,nan,0.00010592935698364122,-0.0001713599508385766,-0.00975,nan,nan,nan,0.0,0.0,-33.722768913192915,150.67398929675977,0.00425,22184,7587,3588,3588,0,0,0
14.43214905800005,static,1.0,0.020362261706799095,-0.008670124523906905,-0.006080253218708197,nan,nan,nan,nan,nan,-0.0028555404026469077,0.0010806655553353996,0.040860650378008775,-0.0024522037731458113,-0.0018189683033540405,0.022131262075991705,nan,0.003053186701405145,0.025182220751213454,nan,-0.00014480141423737426,nan,0.00010592935698364122,-0.0001713599508385766,-0.00975,nan,nan,nan,0.0,0.0,-33.72276891452987,150.67398928676658,0.0135,22184,7587,3588,3588,0,0,0
14.63233355400007,static,1.0,0.020362261706799095,-0.008670124523906905,-0.006080253218708197,nan,nan,nan,nan,nan,-0.002988695620133658,0.001135138383315296,0.030719497806621504,-0.002569985148397791,-0.0019015827607802294,0.022131262075991705,nan,0.0031970049513696057,0.025326081196347414,nan,-0.00014480141423737426,nan,0.00010592935698364122,-0.0001713599508385766,-0.00975,nan,nan,nan,0.0,0.0,-33.72276891485732,150.67398927776327,-0.003,22184,7587,3481,3481,0,0,0
14.832539848000124,static,1.0,0.020362261706799095,-0.008670124523906905,-0.006080253218708197,nan,nan,nan,nan,nan,-0.0032114613804723937,0.0012942318540015223,0.01878263862375694,-0.002824218541832124,-0.002003075115453612,0.022131262075991705,nan,0.0034624442652810847,0.025593140061768917,nan,-0.00014480141423737426,nan,0.00010592935698364122,-0.0001713599508385766,-0.00975,nan,nan,nan,0.0,0.0,-33.722768913574605,150.67398927385187,0.010750000000000001,22184,7587,3481,3481,0,0,0
15.032702058000268,static,1.0,0.020362261706799095,-0.008670124523906905,-0.006080253218708197,nan,nan,nan,nan,nan,-0.003475752903688223,0.001529558332179131,0.00800972993068269,-0.003165036264590526,-0.0020983213249792243,0.022131262075991705,nan,0.0037974210905607664,0.025928449065351793,nan,-0.00014480141423737426,nan,0.00010592935698364122,-0.0001713599508385766,-0.00975,nan,nan,nan,0.0,0.0,-33.72276891082886,150.67398927511618,0.01125,22361,7587,3454,3454,0,0,0
15.232916687999932,static,1.0,-0.008288437944726501,0.023315934930114496,0.003349142643336715,nan,nan,nan,nan,nan,-0.00374144263978028,0.0017977492184768212,-0.0006658851218938611,-0.003534263890855982,-0.0021769873745824952,0.02474532330014937,nan,0.004150939084026656,0.021993350873019117,nan,0.00021341638561958983,nan,0.0009553496291074088,-0.0012659593534360323,0.01125,nan,nan,nan,0.0,0.0,-33.72276890689024,150.67398928128935,-0.009000000000000001,22361,7694,3454,3454,0,0,0
15.433175749999918,static,1.0,-0.008288437944726501,0.023315934930114496,0.003349142643336715,nan,nan,nan,nan,nan,-0.004063114386438135,0.0021570544189368985,-0.009033442648953643,-0.004010408778185592,-0.0022535313877085628,0.02474532330014937,nan,0.004600193722392106,0.02157664440218909,nan,0.00021341638561958983,nan,0.0009553496291074088,-0.0012659593534360323,0.01125,nan,nan,nan,0.0,0.0,-33.722768902130795,150.6739892917819,0.021,22361,7694,3429,3429,0,0,0
15.633341740000105,static,1.0,-0.008288437944726501,0.023315934930114496,0.003349142643336715,nan,nan,nan,nan,nan,-0.0043789096322969226,0.002546621178566505,-0.015208270347711578,-0.004508842802579238,-0.002308780105721553,0.02474532330014937,nan,0.005065582789269782,0.021134067411076575,nan,0.00021341638561958983,nan,0.0009553496291074088,-0.0012659593534360323,0.01125,nan,nan,nan,0.0,0.0,-33.722768896997714,150.6739893057177,0.0105,22322,7694,3433,3433,0,0,0
15.835080236000067,static,1.0,0.0042346614618935935,0.021655162951056267,0.001486410462858347,nan,nan,nan,nan,nan,-0.004652419520869887,0.00291896317716814,-0.0188005180510237,-0.004969935814301607,-0.002337753500597728,0.02206532211715131,nan,0.005492299466328717,0.02073705356026361,nan,-0.0005824861074776496,nan,0.0004674484751494987,-0.0007370472104489211,0.0025,nan,nan,nan,0.0,0.0,-33.722768891980714,150.6739893219881,0.0045000000000000005,22282,7667,3425,3425,0,0,0
16.036855620000097,static,1.0,0.00845833829120593,0.019924444407318553,-0.00011431104510444814,nan,nan,nan,nan,nan,-0.004886271528797735,0.0032724813061518233,-0.020219305392918857,-0.005393761841560263,-0.002343526519752004,0.021645483861277116,nan,0.005880882871835869,0.0213393178515799,nan,0.00038415879547005317,nan,1.7454123983356658e-05,-0.0003530918432949739,0.00775,nan,nan,nan,0.0,0.0,-33.72276888863401,150.67398933479413,-0.00375,22264,7685,3447,3447,0,0,0
16.23950977100003,static,1.0,0.01161370341606166,0.017951833555373206,-0.0010999027119536996,nan,nan,nan,nan,nan,-0.005092071785608239,0.0036256287708843786,-0.019557276336492235,-0.005802119539794148,-0.00232589507501757,0.021380983023146193,nan,0.006250950252085842,0.02200734124368138,nan,-0.0007424152856365332,nan,-0.00020451845151980475,-0.0006882517018427976,0.0105,nan,nan,nan,0.0,0.0,-33.722768884969966,150.67398935208533,-0.01025,22204,7663,3479,3479,0,0,0
16.44056534099991,static,1.0,0.016674325661922042,0.014577223519972121,-0.0024871093579316413,nan,nan,nan,nan,nan,-0.005245070893254222,0.003935257075010685,-0.01694320334710675,-0.006145328544448603,-0.0022873464981216785,0.022147879849571613,nan,0.00655721106276779,0.02436619369451778,nan,-0.0010635538325140474,nan,0.00012069858556048968,-0.0002135032418705226,-0.002,nan,nan,nan,0.0,0.0,-33.722768883063246,150.67398936448762,0.006,22204,7614,3486,3486,0,0,0
16.642267570000058,static,1.0,0.01820159039499199,0.012948535785043278,-0.0028794022095661306,nan,nan,nan,nan,nan,-0.005361697790087188,0.004237560397718583,-0.01194435070999847,-0.006462721800403415,-0.002222149465524126,0.02233746789328663,nan,0.006834085258214058,0.02512189567472305,nan,0.0012224575770823226,nan,-2.510266934447274e-05,-0.0005144037110479634,0.007,nan,nan,nan,0.0,0.0,-33.72276888195074,150.67398937885193,-0.00125,22105,7576,3519,3519,0,0,0
16.842592098000296,static,1.0,0.02517360623329983,0.00735356608557082,-0.005546517278292635,nan,nan,nan,nan,nan,-0.005410655067978178,0.004424084140355538,-0.0071068852414493955,-0.006646127847943717,-0.0021625663861186695,0.026225662717347855,nan,0.006989113587972608,0.03072423967834182,nan,-0.0013269980026607189,nan,-0.0005971774458073665,0.000191961283731087,0.002,nan,nan,nan,0.0,0.0,-33.72276888224636,150.6739893874862,-0.00075,22105,7539,3519,3519,0,0,0
17.04274789400006,static,1.0,0.025259723286171102,0.007345214480061216,-0.005571995968411399,nan,nan,nan,nan,nan,-0.005431402140187939,0.004617779429316244,0.0002828635573145777,-0.006820326504453078,-0.0020753704341416324,0.026306003045921584,nan,0.007129096441082445,0.030812076883789168,nan,-0.0013318288270192922,nan,-0.0005938268205806835,0.00018128408116940665,0.002,nan,nan,nan,0.0,0.0,-33.72276888419587,150.67398939579817,0.01025,22105,7502,3519,3519,0,0,0
17.242918680999992,static,1.0,0.025259723286171102,0.007345214480061216,-0.005571995968411399,nan,nan,nan,nan,nan,-0.005405232678991979,0.00476969755789358,0.009557337228254054,-0.006934021781489719,-0.001971267876683669,0.026306003045921584,nan,0.007208783191899919,0.030772923354172296,nan,-0.0013318288270192922,nan,-0.0005938268205806835,0.00018128408116940665,0.002,nan,nan,nan,0.0,0.0,-33.72276888681808,150.67398939922484,-0.00025,22105,7502,3552,3552,0,0,0
17.443441809999968,static,1.0,0.025259723286171102,0.007345214480061216,-0.005571995968411399,nan,nan,nan,nan,nan,-0.005344355882136224,0.004850826960158242,0.018554794087945026,-0.006969397945795208,-0.001876207415364206,0.026306003045921584,nan,0.0072175246443861975,0.030705563516070993,nan,-0.0013318288270192922,nan,-0.0005938268205806835,0.00018128408116940665,0.002,nan,nan,nan,0.0,0.0,-33.72276889158388,150.6739893997219,0.007,22105,7502,3552,3552,0,0,0
17.646446248000302,static,1.0,0.027374014018747138,-0.007209958930752727,-0.003869610827547755,nan,nan,nan,nan,nan,-0.0052586885464074905,0.004878378361351212,0.027481836895917544,-0.006946295391458079,-0.0017892347524082197,0.028307598825787147,nan,0.0071730314835930465,0.03479972952759145,nan,0.0011114180480481484,nan,-8.580586659105636e-05,-0.0005913098831924574,-0.0035,nan,nan,nan,0.0,0.0,-33.72276889751484,150.6739893957269,-0.016,22022,7502,3570,3570,0,0,0
17.84687487200017,static,1.0,0.03671576035862015,-0.011049362267636142,-0.00848656828239599,nan,nan,nan,nan,nan,-0.0051595418483985295,0.004856948374886883,0.035857626042094234,-0.006874693490090067,-0.001717384353895568,0.03834234558856675,nan,0.007085959328255564,0.044794549369154106,nan,-0.0013065959642123326,nan,-0.0004096826839658646,0.0007998249704284089,-0.00475,nan,nan,nan,0.0,0.0,-33.722768902388154,150.6739893900926,0.005,22022,7454,3576,3576,0,0,0
18.04705414199998,static,1.0,0.03671576035862015,-0.011049362267636142,-0.00848656828239599,nan,nan,nan,nan,nan,-0.005050447099983384,0.004785507564942211,0.043833061697123615,-0.006755633977263642,-0.0016641839228555,0.03834234558856675,nan,0.006957592871377981,0.04466720483855923,nan,-0.0013065959642123326,nan,-0.0004096826839658646,0.0007998249704284089,-0.00475,nan,nan,nan,0.0,0.0,-33.72276890921421,150.67398937936758,0.012,22022,7454,3576,3576,0,0,0
18.247225402999902,static,1.0,0.03671576035862015,-0.011049362267636142,-0.00848656828239599,nan,nan,nan,nan,nan,-0.004955179060486313,0.004673746752186673,0.05018796539974786,-0.0066101169546755045,-0.0016444032566766964,0.03834234558856675,nan,0.006811586322220213,0.044538560251989226,nan,-0.0013065959642123326,nan,-0.0004096826839658646,0.0007998249704284089,-0.00475,nan,nan,nan,0.0,0.0,-33.722768915809276,150.67398936584863,0.0025,22022,7454,3576,3576,0,0,0
18.447420045999934,static,1.0,0.03671576035862015,-0.011049362267636142,-0.00848656828239599,nan,nan,nan,nan,nan,-0.004889749128614444,0.004536536751188015,0.05452257801859847,-0.006459306776946505,-0.0016634807473963065,0.03834234558856675,nan,0.006670068383132607,0.04442902956308354,nan,-0.0013065959642123326,nan,-0.0004096826839658646,0.0007998249704284089,-0.00475,nan,nan,nan,0.0,0.0,-33.72276892162654,150.67398935054075,-0.00125,22143,7454,3576,3576,0,0,0
18.648052462000123,static,1.0,0.018622480427612855,-0.020622492290941763,-0.006547827521623367,nan,nan,nan,nan,nan,-0.004864884259887884,0.00439393114338554,0.05672364077659636,-0.006325873749801758,-0.0017196078205472531,0.027786398931253693,nan,0.006555435130860364,0.03431439554194736,nan,-0.0001229468284207603,nan,0.00020706460559568004,0.0002835013063470337,-0.00025,nan,nan,nan,0.0,0.0,-33.72276892617349,150.67398933452242,0.006500000000000001,22143,7544,3576,3576,0,0,0
18.84958974700021,static,1.0,0.014277517891173645,-0.02162801449406134,-0.00570775958758244,nan,nan,nan,nan,nan,-0.004885061860147289,0.004245955013272394,0.05706424235860069,-0.00621225813381443,-0.0018165385300221715,0.025915603949900744,nan,0.006472400122999092,0.03219730983781364,nan,-0.0004532081074306149,nan,0.0007304890548289149,0.0001258075945402493,0.002,nan,nan,nan,0.0,0.0,-33.72276892905135,150.6739893188559,-0.0005,22201,7544,3576,3576,0,0,0
19.050800037000045,static,1.0,0.011665726248225771,-0.02111968520981712,-0.00520614741166629,nan,nan,nan,nan,nan,-0.004953183298920815,0.004112816551931641,0.05565091170845561,-0.006137032152082611,-0.0019457957618556065,0.02412737599202018,nan,0.006438111895777438,0.03021369391009471,nan,0.0017495840002937435,nan,0.00240456883133071,1.9446016428842495e-05,0.0085,nan,nan,nan,0.0,0.0,-33.722768929948586,150.673989307787,0.001,22212,7593,3539,3539,0,0,0
19.253008719000263,static,1.0,0.007646940947572525,-0.01687315739409051,-0.004347725043541672,nan,nan,nan,nan,nan,-0.005058798233091055,0.004007124316958201,0.05301279986409686,-0.0061051591954992546,-0.002091773422790766,0.01852509504162968,nan,0.006453563732906255,0.024442217011961188,nan,0.00027319743150262403,nan,0.0009607147639256664,-0.00014967083392385905,0.0055,nan,nan,nan,0.0,0.0,-33.722768929312906,150.67398929500004,-0.0055,22234,7628,3519,3519,0,0,0
19.45568292100006,static,1.0,0.004721241801221972,-0.014705142445108621,-0.0028648808250090353,nan,nan,nan,nan,nan,-0.005201014652596999,0.003924844161006739,0.04936657105550772,-0.006112762691032003,-0.002255900571356051,0.015444459798793251,nan,0.0065157467035419185,0.021107524110595965,nan,-0.0007856144565828838,nan,0.0005013253677845286,0.00011039231720020811,-0.00425,nan,nan,nan,0.0,0.0,-33.72276892750838,150.6739892871906,0.001,22252,7645,3515,3515,0,0,0
19.65693536500021,static,1.0,0.0028379741610565293,-0.01241082616557583,-0.0022215715670835124,nan,nan,nan,nan,nan,-0.0053932490707821155,0.003865179727312351,0.04449350470776543,-0.00616642150066582,-0.0024498970876436488,0.012731170545199927,nan,0.006635265621203007,0.01823900775035997,nan,-0.0003570988957599776,nan,0.0006088810137977417,1.73282850134061e-05,0.01425,nan,nan,nan,0.0,0.0,-33.72276892453162,150.67398928085606,-0.006500000000000001,22252,7613,3508,3508,0,0,0
19.857567245000155,static,1.0,0.0019458573003547988,-0.010287170930537048,-0.001853959140222972,nan,nan,nan,nan,nan,-0.005613731768912826,0.003840039650085632,0.039041364528235506,-0.006264394165327758,-0.0026490101224680984,0.010469586734319103,nan,0.006801462260979687,0.016022654763972414,nan,-0.0008191303248469168,nan,0.0009124391637025172,-0.0003877319122051075,0.003,nan,nan,nan,0.0,0.0,-33.72276892064222,150.67398927644044,0.005,22262,7633,3508,3508,0,0,0
20.05773486399994,static,1.0,0.0005813874526200483,-0.008095572711309132,-0.0013866232845228925,nan,nan,nan,nan,nan,-0.005887438171185518,0.0038538280196405822,0.03247322811369728,-0.006423880878514865,-0.0028718762304720258,0.008116422173233544,nan,0.007036612723782597,0.013588005106711766,nan,0.00015969420363045703,nan,0.001052756814701226,-0.0010842404988683164,-0.0025,nan,nan,nan,0.0,0.0,-33.72276891409605,150.6739892732665,0.00125,22262,7664,3518,3518,0,0,0
20.258616416000223,static,1.0,0.0005813874526200483,-0.008095572711309132,-0.0013866232845228925,nan,nan,nan,nan,nan,-0.006174588271738637,0.003912558235322134,0.025788188190709757,-0.006628448512401519,-0.00308177263741527,0.008116422173233544,nan,0.007309832574709176,0.013778186267414422,nan,0.00015969420363045703,nan,0.001052756814701226,-0.0010842404988683164,-0.0025,nan,nan,nan,0.0,0.0,-33.72276890649394,150.67398927317305,-0.00925,22262,7664,3518,3518,0,0,0
20.45873809500017,static,1.0,0.0005813874526200483,-0.008095572711309132,-0.0013866232845228925,nan,nan,nan,nan,nan,-0.006416624779013624,0.003996430137874404,0.02028372131529277,-0.006829797167824836,-0.003240123153204877,0.008116422173233544,nan,0.007559399936606243,0.013970995243673847,nan,0.00015969420363045703,nan,0.001052756814701226,-0.0010842404988683164,-0.0025,nan,nan,nan,0.0,0.0,-33.72276889838968,150.6739892758181,0.00375,22262,7664,3518,3518,0,0,0
20.658902667999882,static,1.0,0.0005813874526200483,-0.008095572711309132,-0.0013866232845228925,nan,nan,nan,nan,nan,-0.006693304943537386,0.004137331523584274,0.014085625324314316,-0.007097852526499082,-0.003396812140124439,0.008116422173233544,nan,0.007868789182792114,0.014232536508956646,nan,0.00015969420363045703,nan,0.001052756814701226,-0.0010842404988683164,-0.0025,nan,nan,nan,0.0,0.0,-33.72276889227051,150.6739892793448,0.00275,22260,7664,3572,3572,0,0,0
20.859065341000132,static,1.0,0.013528719196495731,0.008753468096766415,-0.0036030187458201326,nan,nan,nan,nan,nan,-0.006917371979431862,0.004301691403590522,0.009069788323543604,-0.007357220532753672,-0.003496554027321963,0.016113641637405852,nan,0.008145832310669896,0.020925127481099086,nan,-0.0005156783808333591,nan,0.00014293663081901,-0.0007509524388895474,-0.0035,nan,nan,nan,0.0,0.0,-33.722768884780976,150.67398928546606,0.002,22260,7635,3585,3585,0,0,0
21.05921621000016,static,1.0,0.013528719196495731,0.008753468096766415,-0.0036030187458201326,nan,nan,nan,nan,nan,-0.007086700775151137,0.0044810754308230736,0.005178463881525597,-0.007599655725584853,-0.0035421176922625364,0.016113641637405852,nan,0.008384590919851363,0.02105347666537247,nan,-0.0005156783808333591,nan,0.00014293663081901,-0.0007509524388895474,-0.0035,nan,nan,nan,0.0,0.0,-33.72276887997533,150.67398929070146,0.00725,22260,7635,3585,3585,0,0,0
21.260437939999974,static,1.0,0.022682558696611465,0.015110120518267364,-0.0049370392350419285,nan,nan,nan,nan,nan,-0.007206942207059598,0.004684137085543041,0.002170848574369222,-0.007835492939079813,-0.0035335826881066623,0.027254618160997758,nan,0.00859541483653097,0.03165570082639137,nan,-8.760497239000276e-05,nan,0.0011616886414996448,4.0083583091622216e-05,-0.006500000000000001,nan,nan,nan,0.0,0.0,-33.72276887491034,150.67398929815658,0.017,22233,7635,3600,3600,0,0,0
21.461473777000265,static,1.0,0.027405102431530194,0.01844572654993966,-0.005701144027434275,nan,nan,nan,nan,nan,-0.007259520531506217,0.004867524777530016,0.0004726990096045325,-0.008018216550794932,-0.0034787410297099086,0.03303459500641428,nan,0.00874033384987261,0.037229069939252304,nan,0.00017199149729267565,nan,-0.0007194917528978323,-0.0009409364515586362,0.001,nan,nan,nan,0.0,0.0,-33.722768871893244,150.67398930541916,-0.002,22233,7652,3600,3600,0,0,0
21.662516850999964,static,1.0,0.031610292165813875,0.017447848069757244,-0.006215899563772836,nan,nan,nan,nan,nan,-0.007254305932919918,0.005102460342970252,-0.0004785624122795318,-0.008213090552771973,-0.0033474168685643235,0.03610592711832014,nan,0.008869050463267261,0.04077824890184478,nan,-1.9080647578509947e-05,nan,-0.00102298392160437,-0.0013172301883210519,-0.002,nan,nan,nan,0.0,0.0,-33.722768871165336,150.67398931043215,-0.0055,22194,7596,3600,3600,0,0,0
21.864548027000183,static,1.0,0.03408722568156361,0.016869238309813295,-0.006975573610192644,nan,nan,nan,nan,nan,-0.007182725611613449,0.005308671511906059,-0.00025598534446799603,-0.008347936255518107,-0.003175767735029922,0.0380330140249116,nan,0.00893160346371528,0.042858553223715824,nan,0.0008252181923123342,nan,-0.0006839810337366204,-0.00042689221307300705,0.00975,nan,nan,nan,0.0,0.0,-33.72276887239371,150.67398931596483,0.001,22202,7576,3591,3591,0,0,0
22.065377877000174,static,1.0,0.03544339189555467,0.01656047068231363,-0.007712807493467978,nan,nan,nan,nan,nan,-0.007067762921264844,0.005487581459243541,0.0007270618856277389,-0.008436369178411951,-0.002982364509676927,0.03912139080198504,nan,0.008948006648580432,0.043929570446408626,nan,-0.0009831536590994329,nan,-0.00032540713846955537,-0.00030033598373491215,-0.005,nan,nan,nan,0.0,0.0,-33.722768876085816,150.67398931998338,0.0015,22202,7590,3589,3589,0,0,0
22.265525759999946,static,1.0,0.03544339189555467,0.01656047068231363,-0.007712807493467978,nan,nan,nan,nan,nan,-0.006884644951563101,0.0056808823540738665,0.0026399119012083805,-0.008500087211473328,-0.0027238351321727805,0.03912139080198504,nan,0.008925847882969502,0.0437038687706584,nan,-0.0009831536590994329,nan,-0.00032540713846955537,-0.00030033598373491215,-0.005,nan,nan,nan,0.0,0.0,-33.722768880291014,150.67398932188328,-0.003,22204,7590,3580,3580,0,0,0
22.465720366999903,static,1.0,0.03744280371962478,0.012332653244446615,-0.008552464364281219,nan,nan,nan,nan,nan,-0.006683047419939063,0.005841149940386291,0.004939845493044548,-0.008526024123966636,-0.0024676037122617345,0.03942154089370565,nan,0.008875931243719102,0.044600788714299365,nan,-3.408469112350843e-05,nan,-0.0003954712473579045,-8.078892096339279e-05,0.0115,nan,nan,nan,0.0,0.0,-33.72276888767658,150.67398932300674,0.013000000000000001,22204,7598,3580,3580,0,0,0
22.666455106000285,static,1.0,0.03668081320165137,0.008886178891488572,-0.008292691592664554,nan,nan,nan,nan,nan,-0.006459198383858564,0.005986368889987442,0.007638344555829429,-0.008527275506139631,-0.0022007791100975282,0.03774183663291942,nan,0.008806693831912777,0.0432373622882194,nan,-0.0004620745671776529,nan,-0.0003975292246069967,-0.00017970687267580205,-0.002,nan,nan,nan,0.0,0.0,-33.72276889655495,150.67398932262762,0.003,22177,7598,3534,3534,0,0,0
22.86748959200031,static,1.0,0.03689498164580902,0.008812561568464702,-0.008363815365892978,nan,nan,nan,nan,nan,-0.006233703460998758,0.0061121989033345505,0.010511292706453068,-0.008511322384606501,-0.0019430454289306454,0.03793284740225238,nan,0.008730294054245365,0.04321313964022299,nan,-0.000563930852470659,nan,-0.00034686768833820685,-0.00018939957394975402,-0.002,nan,nan,nan,0.0,0.0,-33.72276890392049,150.67398932152156,0.005,22177,7582,3512,3512,0,0,0
23.0676682000003,static,1.0,0.03689498164580902,0.008812561568464702,-0.008363815365892978,nan,nan,nan,nan,nan,-0.00601894249209479,0.006220840116144017,0.013466319245426794,-0.008486704966230718,-0.0017036312071354587,0.03793284740225238,nan,0.008656010655825866,0.04299211445137564,nan,-0.000563930852470659,nan,-0.00034686768833820685,-0.00018939957394975402,-0.002,nan,nan,nan,0.0,0.0,-33.72276891385914,150.67398931932323,-0.006500000000000001,22177,7582,3489,3489,0,0,0
23.267830556000263,static,1.0,0.03689498164580902,0.008812561568464702,-0.008363815365892978,nan,nan,nan,nan,nan,-0.005833352713161215,0.0063115608932081185,0.01637192952112633,-0.008462769282346017,-0.0014984461480480604,0.03793284740225238,nan,0.008594405435213035,0.042801466814463146,nan,-0.000563930852470659,nan,-0.00034686768833820685,-0.00018939957394975402,-0.002,nan,nan,nan,0.0,0.0,-33.72276892340511,150.67398931671408,0.00725,22177,7582,3441,3441,0,0,0
23.467999426999995,static,1.0,0.03689498164580902,0.008812561568464702,-0.008363815365892978,nan,nan,nan,nan,nan,-0.005693185036721789,0.006385135539297384,0.019180368874700218,-0.008448947293459241,-0.0013407465643808791,0.03793284740225238,nan,0.008554666078670246,0.04265728939473424,nan,-0.000563930852470659,nan,-0.00034686768833820685,-0.00018939957394975402,-0.002,nan,nan,nan,0.0,0.0,-33.72276893184481,150.6739893141739,-0.01025,22177,7582,3441,3441,0,0,0
23.66815350500019,static,1.0,0.03689498164580902,0.008812561568464702,-0.008363815365892978,nan,nan,nan,nan,nan,-0.0056218082193495375,0.006437260579738793,0.02167033590329384,-0.008454243943560869,-0.0012525217640302344,0.03793284740225238,nan,0.008546522768155774,0.0425830890756541,nan,-0.000563930852470659,nan,-0.00034686768833820685,-0.00018939957394975402,-0.002,nan,nan,nan,0.0,0.0,-33.722768938534735,150.67398931213776,-0.00425,22177,7582,3441,3441,0,0,0
23.868367798000236,static,1.0,0.03689498164580902,0.008812561568464702,-0.008363815365892978,nan,nan,nan,nan,nan,-0.0056253091214833436,0.006470546602846837,0.023945558288218483,-0.008484144711701447,-0.001237483156558028,0.03793284740225238,nan,0.008573918360461362,0.042584740941260475,nan,-0.000563930852470659,nan,-0.00034686768833820685,-0.00018939957394975402,-0.002,nan,nan,nan,0.0,0.0,-33.722768942948335,150.67398931094675,-0.02875,22177,7582,3441,3441,0,0,0
24.06852663000018,static,1.0,0.03689498164580902,0.008812561568464702,-0.008363815365892978,nan,nan,nan,nan,nan,-0.005690459922128289,0.006483061373053764,0.025680046470920093,-0.008529876655529733,-0.0012855439057375406,0.03793284740225238,nan,0.008626205358796534,0.042649107900360854,nan,-0.000563930852470659,nan,-0.00034686768833820685,-0.00018939957394975402,-0.002,nan,nan,nan,0.0,0.0,-33.7227689445247,150.67398931073726,0.01325,22308,7582,3455,3455,0,0,0
24.26886364400025,static,1.0,-0.007095559718741665,-0.02247446785722191,-0.002281264880314617,nan,nan,nan,nan,nan,-0.0058181226278365295,0.006480882295726461,0.027370913619694306,-0.008597019479452683,-0.0013941457289377013,0.023567958613073176,nan,0.008709327542560569,0.028983515107748187,nan,-0.0002970675432872158,nan,0.0008399374078124488,0.0005154581656526321,0.0165,nan,nan,nan,0.0,0.0,-33.7227689442059,150.67398931141577,0.0145,22304,7661,3456,3456,0,0,0
24.469775676000154,static,1.0,-0.007532424606720697,-0.02455984345654843,-0.002200204776472859,nan,nan,nan,nan,nan,-0.006025230831049333,0.0064596319877505606,0.029166948071599252,-0.008691039001632817,-0.001579902863056759,0.02568897294689097,nan,0.00883347338166577,0.031056070097758515,nan,0.000163481729477083,nan,0.0010988399959193313,0.0006345939775024447,0.017750000000000002,nan,nan,nan,0.0,0.0,-33.72276894105521,150.67398931311445,0.0045000000000000005,22304,7674,3457,3457,0,0,0
24.669912820000263,static,1.0,-0.007532424606720697,-0.02455984345654843,-0.002200204776472859,nan,nan,nan,nan,nan,-0.006242439259757483,0.0064262245447799,0.030648684041331836,-0.00878028582258139,-0.001780727571940588,0.02568897294689097,nan,0.008959040674742647,0.03101290815738381,nan,0.000163481729477083,nan,0.0010988399959193313,0.0006345939775024447,0.017750000000000002,nan,nan,nan,0.0,0.0,-33.722768936865876,150.67398931494083,-0.00025,22304,7674,3451,3451,0,0,0
24.87008092399992,static,1.0,-0.007532424606720697,-0.02455984345654843,-0.002200204776472859,nan,nan,nan,nan,nan,-0.006546507604745868,0.006365828256007787,0.03247655706153772,-0.008893752925928311,-0.002069224515736323,0.02568897294689097,nan,0.009131294059660034,0.030941383343470324,nan,0.000163481729477083,nan,0.0010988399959193313,0.0006345939775024447,0.017750000000000002,nan,nan,nan,0.0,0.0,-33.72276892927038,150.67398931774412,0.00575,22304,7674,3473,3473,0,0,0
25.070207065999966,static,1.0,-0.007532424606720697,-0.02455984345654843,-0.002200204776472859,nan,nan,nan,nan,nan,-0.006840624570332743,0.00629296901986497,0.03415850369321767,-0.008991356067440393,-0.0023560814217091774,0.02568897294689097,nan,0.009294923539073375,0.03086056747688021,nan,0.000163481729477083,nan,0.0010988399959193313,0.0006345939775024447,0.017750000000000002,nan,nan,nan,0.0,0.0,-33.7227689197765,150.67398932055806,0.0015,22304,7674,3524,3524,0,0,0
25.270388405000176,static,1.0,-0.007532424606720697,-0.02455984345654843,-0.002200204776472859,nan,nan,nan,nan,nan,-0.007162309991983341,0.006194300633251263,0.03601161647802284,-0.009082136858069134,-0.002680081127067524,0.02568897294689097,nan,0.009469321240530465,0.03075637110460536,nan,0.000163481729477083,nan,0.0010988399959193313,0.0006345939775024447,0.017750000000000002,nan,nan,nan,0.0,0.0,-33.72276890903196,150.67398932283473,-0.0105,22175,7674,3562,3562,0,0,0
25.470898777000002,static,1.0,0.01616897571867027,-0.01686174041547578,-0.007246998601450669,nan,nan,nan,nan,nan,-0.007446045461245656,0.00608473539366294,0.03771504187600955,-0.009143243816311042,-0.0029780346434051808,0.02336137978865628,nan,0.009616007374260459,0.03292734391637543,nan,-0.000857149376154762,nan,0.0004439784884298948,0.0005928719922155962,0.00975,nan,nan,nan,0.0,0.0,-33.72276890071473,150.6739893238416,-0.0045000000000000005,22161,7561,3591,3591,0,0,0
25.67182237199995,static,1.0,0.02291543173404578,-0.015055733188408131,-0.0075865549257362755,nan,nan,nan,nan,nan,-0.007678987330487396,0.005969601248855786,0.03919311575777745,-0.009172220803179698,-0.0032362557114424817,0.02741882771743253,nan,0.009726406607382117,0.0371225425596775,nan,-0.00020363999076149672,nan,0.00012041096589902575,0.00021969613542337013,0.005,nan,nan,nan,0.0,0.0,-33.72276888961256,150.67398932387007,0.00525,22161,7551,3591,3591,0,0,0
25.87196417799987,static,1.0,0.024809630528282712,-0.01603724466439186,-0.008737567960168039,nan,nan,nan,nan,nan,-0.007863366013536212,0.00584808866567752,0.040431152852857324,-0.009169591717750336,-0.0034570585523283626,0.029541682135170683,nan,0.009799625814512627,0.03932546907526924,nan,-0.0007900027985585716,nan,0.00010304644227998236,4.2245895708599894e-05,-0.00425,nan,nan,nan,0.0,0.0,-33.72276888172363,150.67398932262478,0.006,22131,7553,3592,3592,0,0,0
26.072157444999903,static,1.0,0.03058968178138971,-0.013092153143882637,-0.009615870491947833,nan,nan,nan,nan,nan,-0.008006306394142147,0.005705993025924404,0.04143573487643694,-0.00912725337707343,-0.003654113336978071,0.03327360974450415,nan,0.009831546088422682,0.04293041582220263,nan,-0.001297760601762432,nan,-0.00036102368208580546,-0.00011285026346091082,-0.00825,nan,nan,nan,0.0,0.0,-33.72276887267151,150.67398931907246,-0.01625,22090,7552,3574,3574,0,0,0
26.272353062000093,static,1.0,0.035194562128386904,-0.010199187982274885,-0.01045871966282348,nan,nan,nan,nan,nan,-0.008071441124334692,0.005566640838692597,0.04187018566860161,-0.009045184999763478,-0.0037842146306275026,0.0366426068792419,nan,0.009804878992144753,0.04604897822836642,nan,-0.0014992894572495611,nan,-0.00047131811066352015,-0.00011660772839365648,-0.007,nan,nan,nan,0.0,0.0,-33.722768867298626,150.67398931496885,0.003,22080,7560,3556,3556,0,0,0
26.47418793299994,static,1.0,0.039249429528429865,-0.007469060132390001,-0.011133736131686216,nan,nan,nan,nan,nan,-0.00806026353634394,0.005442606001849046,0.041642064686880004,-0.008934774006888802,-0.003841825323007697,0.039953780516597426,nan,0.009725729194599188,0.04903996513299293,nan,-0.0014368228680103142,nan,-0.0006117571068862688,-0.0004408336767792671,0.010750000000000001,nan,nan,nan,0.0,0.0,-33.72276886225136,150.6739893074721,-0.01175,22093,7570,3553,3553,0,0,0
26.679718091000268,static,1.0,0.04196191841603192,-0.00477072225195295,-0.011286577333518169,nan,nan,nan,nan,nan,-0.007973128961235174,0.005326811260664005,0.0406149927946228,-0.008790257080136143,-0.003831068271949789,0.04223224346348413,nan,0.009588832235430127,0.05094574702179105,nan,-0.0009737420945395129,nan,-0.005069992920216245,-0.0029682225209862203,0.01175,nan,nan,nan,0.0,0.0,-33.7227688600748,150.67398929797986,-0.01125,22085,7591,3554,3554,0,0,0
26.880685517000074,static,1.0,0.044258960072126007,-0.0015056997641612196,-0.011313234756784264,nan,nan,nan,nan,nan,-0.007816985704329872,0.005235439582704925,0.038729781070433886,-0.00862900590254867,-0.0037490465800829043,0.044284564787811107,nan,0.009408246017502472,0.0525104474195968,nan,-0.0015841105555422317,nan,-0.0008330728341018885,-0.0006862387947274815,-0.002,nan,nan,nan,0.0,0.0,-33.7227688604472,150.67398928972176,0.00625,22085,7547,3584,3584,0,0,0
27.081748697999956,static,1.0,0.044258960072126007,-0.0015056997641612196,-0.011313234756784264,nan,nan,nan,nan,nan,-0.007541544850701394,0.005164832409460219,0.03513961701976069,-0.008420770686598189,-0.003555420312238766,0.044284564787811107,nan,0.009140590383172815,0.0522282328797288,nan,-0.0015841105555422317,nan,-0.0008330728341018885,-0.0006862387947274815,-0.002,nan,nan,nan,0.0,0.0,-33.722768863579105,150.67398927802026,0.006,22085,7547,3584,3584,0,0,0
27.281897107000077,static,1.0,0.044258960072126007,-0.0015056997641612196,-0.011313234756784264,nan,nan,nan,nan,nan,-0.007229743950102394,0.005151547126706721,0.030661445738085893,-0.00824112476107075,-0.0033002269702535614,0.044284564787811107,nan,0.008877366466622995,0.051917295557979616,nan,-0.0015841105555422317,nan,-0.0008330728341018885,-0.0006862387947274815,-0.002,nan,nan,nan,0.0,0.0,-33.72276886950301,150.6739892661209,0.0285,22085,7547,3584,3584,0,0,0
27.482054744999914,static,1.0,0.044258960072126007,-0.0015056997641612196,-0.011313234756784264,nan,nan,nan,nan,nan,-0.006896768447591822,0.005192887112488715,0.025359113515715057,-0.008096003727814605,-0.0029977016565965187,0.044284564787811107,nan,0.008633162316483428,0.051592437687388824,nan,-0.0015841105555422317,nan,-0.0008330728341018885,-0.0006862387947274815,-0.002,nan,nan,nan,0.0,0.0,-33.722768877805834,150.6739892549428,0.02075,22085,7547,3584,3584,0,0,0
27.68245488799994,static,1.0,0.036872244125187005,0.008186191815381744,-0.00897792350043345,nan,nan,nan,nan,nan,-0.0066046713161987194,0.005274137832841736,0.020192142957726075,-0.00800655309785725,-0.0027080104442234187,0.0377700426696292,nan,0.00845211293552273,0.04357432999708236,nan,-0.0011051429126958893,nan,-0.0004237315824540593,-0.00031663137039916154,-0.0022500000000000003,nan,nan,nan,0.0,0.0,-33.72276888514451,150.67398924770214,-0.02325,22269,7547,3599,3599,0,0,0
27.884401972999967,static,1.0,0.02429345445333923,0.02522830036120892,-0.0029855254961824425,nan,nan,nan,nan,nan,-0.006320492075118392,0.005399615103687556,0.014578647081294333,-0.00795859588129133,-0.0024010861995975574,0.03502340743548294,nan,0.008312909438915184,0.036474518243413544,nan,0.0001015922503742153,nan,0.0006530748585843838,-0.0013948845903478035,0.00875,nan,nan,nan,0.0,0.0,-33.722768896123526,150.67398924005695,-0.006500000000000001,22269,7658,3556,3556,0,0,0
28.084761842000262,static,1.0,0.018280806833951488,0.026638742361770426,-0.0012488871123709025,nan,nan,nan,nan,nan,-0.0060049757685951815,0.0056130378395392415,0.0073721954362641895,-0.007967710733055355,-0.002020275586119169,0.032308056164322696,nan,0.008219849619641144,0.03212288105501017,nan,0.00015966041193058662,nan,0.0009088329998796116,-0.001348549563535493,-0.01025,nan,nan,nan,0.0,0.0,-33.72276890485492,150.6739892363654,-0.0075,22323,7670,3458,3458,0,0,0
28.285371477999888,static,1.0,0.011439578196186146,0.0294237410685768,0.0004970023602761159,nan,nan,nan,nan,nan,-0.005809783425651141,0.005809201650531246,0.0020697875999515225,-0.008027314015293996,-0.0017500391336682242,0.031569296599343336,nan,0.008215863148172908,0.029243579607964212,nan,0.00025592931539368237,nan,0.0007486297852145415,-0.0011919163867568964,-0.01,nan,nan,nan,0.0,0.0,-33.72276891330724,150.67398923486155,0.00775,22373,7720,3431,3431,0,0,0
28.486016401000143,static,1.0,0.007436331126669818,0.02906682565170607,0.001277705447341791,nan,nan,nan,nan,nan,-0.0056239339647198025,0.0060953403179678685,-0.004258598639532318,-0.008167676509287958,-0.0014390508229382704,0.030002989419258812,nan,0.008293479778197667,0.026424603359284687,nan,0.0006297897823945584,nan,0.0010788900375044844,-0.0009086284939544948,0.0032500000000000003,nan,nan,nan,0.0,0.0,-33.72276892407317,150.67398923648648,-0.004,22373,7720,3431,3431,0,0,0
28.690656566000143,static,1.0,0.006759574179957775,0.02929757763232073,0.0014037061327425752,nan,nan,nan,nan,nan,-0.005507419932537987,0.006455116609307062,-0.010470750908535248,-0.008407465019217852,-0.001146619685727046,0.0300672562468911,nan,0.008485293439420267,0.02592792259599493,nan,0.00054267422223484,nan,0.0010037847443407695,-0.0008560139697957578,0.0032500000000000003,nan,nan,nan,0.0,0.0,-33.722768933394725,150.67398924257006,0.004,22373,7694,3410,3410,0,0,0
28.89085678299989,static,1.0,0.006759574179957775,0.02929757763232073,0.0014037061327425752,nan,nan,nan,nan,nan,-0.005493701307452898,0.006826326210231645,-0.01516181818574755,-0.008712414922911194,-0.0009345104574265406,0.0300672562468911,nan,0.00876239028941334,0.0255949194303307,nan,0.00054267422223484,nan,0.0010037847443407695,-0.0008560139697957578,0.0032500000000000003,nan,nan,nan,0.0,0.0,-33.72276894060699,150.67398925309274,0.00775,22373,7694,3410,3410,0,0,0
29.091665206000016,static,1.0,0.0003580728386729029,0.026843991523313293,0.0025943751098087718,nan,nan,nan,nan,nan,-0.0055750830712538125,0.007197032161278189,-0.018136060408451976,-0.009068323979249726,-0.0008026975702080108,0.026846379589462545,nan,0.00910378070813733,0.020523288021780457,nan,0.001161489388090799,nan,-0.0013791804444866758,-0.0021565975120163452,-0.005,nan,nan,nan,0.0,0.0,-33.72276894518629,150.67398926768593,-0.00975,22391,7694,3399,3399,0,0,0
29.292212869000195,static,1.0,-0.013449575388906496,0.014057428920311851,0.0028615442724845112,nan,nan,nan,nan,nan,-0.005758783961462006,0.00757940935072305,-0.01916725898599747,-0.009489337303989487,-0.0007506772620331503,0.019455137778784794,nan,0.009518983077021414,0.010055496523018102,nan,0.0008720802591286275,nan,0.0012354022172846476,-0.00015603716498669782,0.009000000000000001,nan,nan,nan,0.0,0.0,-33.722768946686976,150.6739892810656,-0.016,22360,7687,3391,3391,0,0,0
29.49238836099994,static,1.0,-0.017324264817667447,0.0048602805923703,0.0024747730335937653,nan,nan,nan,nan,nan,-0.005993102272450286,0.007889614018167354,-0.01803100112208067,-0.009876968254729945,-0.0007802450248277637,0.01799312310048596,nan,0.009907738601906673,0.011729113591008639,nan,0.0007934596832643112,nan,0.0010692186128404113,4.613675422366352e-05,0.0075,nan,nan,nan,0.0,0.0,-33.72276894592357,150.67398930085824,-0.0145,22360,7665,3391,3391,0,0,0
29.692556586000137,static,1.0,-0.017324264817667447,0.0048602805923703,0.0024747730335937653,nan,nan,nan,nan,nan,-0.006318202164202985,0.008189795291202026,-0.014384878617561075,-0.010305214307322785,-0.0008916185169027813,0.01799312310048596,nan,0.010343714299009528,0.01149865571541829,nan,0.0007934596832643112,nan,0.0010692186128404113,4.613675422366352e-05,0.0075,nan,nan,nan,0.0,0.0,-33.722768942083114,150.67398932195422,0.0095,22360,7665,3391,3391,0,0,0
29.892717616000027,static,1.0,-0.017324264817667447,0.0048602805923703,0.0024747730335937653,nan,nan,nan,nan,nan,-0.006698892219111223,0.008432071326395278,-0.008094318720856142,-0.010714770275740193,-0.0010810558518414837,0.01799312310048596,nan,0.010769168204494082,0.011209649053641961,nan,0.0007934596832643112,nan,0.0010692186128404113,4.613675422366352e-05,0.0075,nan,nan,nan,0.0,0.0,-33.722768935412574,150.67398934286422,-0.00125,22360,7665,3484,3484,0,0,0
30.092873841000255,static,1.0,-0.017324264817667447,0.0048602805923703,0.0024747730335937653,nan,nan,nan,nan,nan,-0.007088809950843705,0.008592721175357351,0.0002090115708746343,-0.011060625911909483,-0.0013223608257248998,0.01799312310048596,nan,0.011139393328032517,0.010894753280194763,nan,0.0007934596832643112,nan,0.0010692186128404113,4.613675422366352e-05,0.0075,nan,nan,nan,0.0,0.0,-33.722768926375046,150.6739893619777,0.00275,22030,7665,3495,3495,0,0,0
30.29304305100004,static,1.0,0.0007148244498583547,-0.022093050917354813,-0.0023180238833587644,nan,nan,nan,nan,nan,-0.007456710402441805,0.00867290471480017,0.009711880914807736,-0.0113268754961382,-0.001588615029788798,0.022104612026248,nan,0.011437736061733846,0.031832656310808956,nan,-0.006269275749401432,nan,0.0004749520248119823,0.001193511802714686,-0.00675,nan,nan,nan,0.0,0.0,-33.722768918538165,150.67398937401495,-0.00825,22030,7485,3553,3553,0,0,0
30.49426634800011,static,1.0,0.0070261915469379335,-0.02109627988993753,-0.0013025095462227347,nan,nan,nan,nan,nan,-0.00784694879514693,0.008678375591794726,0.021733162043930068,-0.011542325783807428,-0.0019140333869529513,0.022235565943974637,nan,0.01169994907279157,0.03328273445333482,nan,0.0014868800601258107,nan,-3.095616587432914e-06,0.001612958879030701,-0.01575,nan,nan,nan,0.0,0.0,-33.722768907005715,150.67398938624288,0.01925,21901,7485,3549,3549,0,0,0
30.694465892000153,static,1.0,0.017225920417568503,-0.030949843811723353,-0.005264894831700635,nan,nan,nan,nan,nan,-0.008157486444529571,0.008610120263635779,0.03306526498598003,-0.011652675113623445,-0.0022122203197909585,0.035420688392554904,nan,0.011860807563018428,0.04700327756200107,nan,-0.0009102686453592928,nan,-0.00288359483239523,0.006260834526713083,0.0115,nan,nan,nan,0.0,0.0,-33.722768895165785,150.67398939267332,0.004,21925,7434,3549,3549,0,0,0
30.89538022700026,static,1.0,0.02657056885003668,-0.03569175397686078,-0.008147240101392285,nan,nan,nan,nan,nan,-0.008412197627683216,0.008483292136813148,0.044027797018950626,-0.01168357396443298,-0.0024950779192920436,0.04449602713680511,nan,0.011947021151974031,0.05634916724832676,nan,-0.0023448972714162123,nan,-0.0005562825001260652,0.0012605365401194707,-0.002,nan,nan,nan,0.0,0.0,-33.72276888649956,150.67398939309882,-0.02025,21925,7417,3629,3629,0,0,0
31.095508176000294,static,1.0,0.02657056885003668,-0.03569175397686078,-0.008147240101392285,nan,nan,nan,nan,nan,-0.008640017319300261,0.008269864434170195,0.05607639607528056,-0.011627072250007586,-0.002802097059429798,0.04449602713680511,nan,0.01195995639780353,0.056324144660220093,nan,-0.0023448972714162123,nan,-0.0005562825001260652,0.0012605365401194707,-0.002,nan,nan,nan,0.0,0.0,-33.72276887621115,150.67398938735545,0.009000000000000001,21879,7417,3530,3530,0,0,0
31.29639364500008,static,1.0,0.04293253500486262,-0.03619472562078915,-0.011415384381840678,nan,nan,nan,nan,nan,-0.008769563463407687,0.008042700525215557,0.06519757122373972,-0.011505914492204283,-0.0030338435647081496,0.05615390213251404,nan,0.01189917119286203,0.06804452114642251,nan,-0.0010409498107801015,nan,-0.0010166121105141207,0.0006539131434587191,-0.00625,nan,nan,nan,0.0,0.0,-33.72276886981332,150.6739893784437,-0.007,21832,7435,3501,3501,0,0,0
31.49735655199993,static,1.0,0.048235746740251925,-0.03778670920270772,-0.013258356297280111,nan,nan,nan,nan,nan,-0.008841930143146047,0.007750873968361229,0.07372011290174321,-0.011299450795945631,-0.003252412587556819,0.06127415977359233,nan,0.01175822163125421,0.07301734505901734,nan,-0.002731626715953575,nan,-0.001185547785249749,0.001111791509335252,-0.01375,nan,nan,nan,0.0,0.0,-33.722768864614075,150.67398936532777,0.008,21832,7429,3501,3501,0,0,0
31.69761425300021,static,1.0,0.05135301551769529,-0.033137129290137936,-0.013075450637303514,nan,nan,nan,nan,nan,-0.00883999100964932,0.007450911572100573,0.07979216601573352,-0.011045993424659173,-0.0034128512373570175,0.06111629521127709,nan,0.011561207735610628,0.07259880919020431,nan,-0.0010580697662042411,nan,-0.0028062802441073693,0.0010372890117687447,-0.00275,nan,nan,nan,0.0,0.0,-33.7227688602181,150.67398934253953,0.0015,21907,7429,3483,3483,0,0,0
31.899792051000077,static,1.0,0.05906108950967377,-0.032113764179911096,-0.014786082601654975,nan,nan,nan,nan,nan,-0.00877363365621865,0.007145525483970353,0.0836243937391721,-0.010753166861263708,-0.003522014257413275,0.06722727232212117,nan,0.01131526323050429,0.07837628143708919,nan,-0.001773343725694077,nan,-0.0013748211432884176,0.0004798867647894296,0.014750000000000001,nan,nan,nan,0.0,0.0,-33.722768858895435,150.67398932226888,-0.00075,21927,7511,3486,3486,0,0,0
32.10203284699992,static,1.0,0.06032132537581601,-0.0296438720652751,-0.015288964058796217,nan,nan,nan,nan,nan,-0.008627138646185821,0.006806017179445983,0.08514358643241689,-0.010388328882186215,-0.0035821800768474077,0.06721176568218888,nan,0.010988602780491557,0.07799028860663175,nan,-0.0015351549446713988,nan,-0.0011071478186019733,-0.00013423449822649451,-0.00025,nan,nan,nan,0.0,0.0,-33.722768859770454,150.67398929150133,0.0005,21927,7518,3505,3505,0,0,0
32.3022641360003,static,1.0,0.060907785813564236,-0.02282647376810941,-0.014786954726661115,nan,nan,nan,nan,nan,-0.008419791057016122,0.006501040206753153,0.08355765095777909,-0.010019669228086059,-0.00357248285837386,0.06504464833787023,nan,0.010637499951286945,0.0752756002346842,nan,6.573030861461456e-05,nan,-0.0010688743481812816,-0.0003390314021067676,-0.0032500000000000003,nan,nan,nan,0.0,0.0,-33.72276886241151,150.67398926653715,-0.00625,21986,7518,3528,3528,0,0,0
32.50358786600009,static,1.0,0.06050830114446637,-0.022579638788278865,-0.015013709634035102,nan,nan,nan,nan,nan,-0.008151668411785192,0.0062381307083153445,0.07857860510409242,-0.00965357123004651,-0.0034889160402826747,0.06458401191625197,nan,0.010264695447490072,0.07446244193030623,nan,-0.0010010685592378727,nan,-0.0007164551687962132,-5.3130935336810345e-05,0.006500000000000001,nan,nan,nan,0.0,0.0,-33.72276886823363,150.67398923322338,0.017,21986,7561,3528,3528,0,0,0
32.70375240600015,static,1.0,0.06050830114446637,-0.022579638788278865,-0.015013709634035102,nan,nan,nan,nan,nan,-0.007834039804510636,0.006053256992655182,0.06966552989336197,-0.009326389893544729,-0.00332152847818179,0.06458401191625197,nan,0.009900207062369246,0.07409803160130538,nan,-0.0010010685592378727,nan,-0.0007164551687962132,-5.3130935336810345e-05,0.006500000000000001,nan,nan,nan,0.0,0.0,-33.72276887627771,150.67398920128784,-0.01,22206,7561,3675,3675,0,0,0
32.903875480999886,static,1.0,0.04805377678652905,-0.001208693373439651,-0.011769577638506641,nan,nan,nan,nan,nan,-0.007547662089491017,0.005997303285460842,0.05878565454324504,-0.009124575932673906,-0.0031107818573161694,0.04806897547400563,nan,0.00964027228427389,0.05606644623062782,nan,6.30089112192152e-05,nan,-0.00034157284399257174,-0.0008509701493051127,0.00625,nan,nan,nan,0.0,0.0,-33.72276888330381,150.6739891797403,0.007,22206,7639,3697,3697,0,0,0
33.10406756700013,static,1.0,0.04805377678652905,-0.001208693373439651,-0.011769577638506641,nan,nan,nan,nan,nan,-0.007281977906400441,0.006068835021601665,0.04530601943032944,-0.009041218036372811,-0.0028485675641434227,0.04806897547400563,nan,0.00947934389864209,0.05581225821427315,nan,6.30089112192152e-05,nan,-0.00034157284399257174,-0.0008509701493051127,0.00625,nan,nan,nan,0.0,0.0,-33.72276889369753,150.6739891549384,0.00075,22206,7639,3627,3627,0,0,0
33.30429885500007,static,1.0,0.04805377678652905,-0.001208693373439651,-0.011769577638506641,nan,nan,nan,nan,nan,-0.007037829386657101,0.006345195186223696,0.026853514189838695,-0.009141853088067364,-0.0024938056346002213,0.04806897547400563,nan,0.009475892803687188,0.055607070621578825,nan,6.30089112192152e-05,nan,-0.00034157284399257174,-0.0008509701493051127,0.00625,nan,nan,nan,0.0,0.0,-33.72276890445166,150.6739891365954,-0.00775,22206,7639,3627,3627,0,0,0
33.50445767700012,static,1.0,0.04805377678652905,-0.001208693373439651,-0.011769577638506641,nan,nan,nan,nan,nan,-0.0069219278031644,0.006759601795777358,0.009714390754868157,-0.009427942333104511,-0.0021723729682889825,0.04806897547400563,nan,0.009674983253199812,0.05555017392445327,nan,6.30089112192152e-05,nan,-0.00034157284399257174,-0.0008509701493051127,0.00625,nan,nan,nan,0.0,0.0,-33.722768914824684,150.6739891260144,0.001,22206,7639,3496,3496,0,0,0
33.70468481700027,static,1.0,0.04805377678652905,-0.001208693373439651,-0.011769577638506641,nan,nan,nan,nan,nan,-0.006920601653748627,0.007368093345078707,-0.008505536981928352,-0.009939253794755132,-0.0018424876648452937,0.04806897547400563,nan,0.010108586785088277,0.05563940649674312,nan,6.30089112192152e-05,nan,-0.00034157284399257174,-0.0008509701493051127,0.00625,nan,nan,nan,0.0,0.0,-33.722768924110746,150.67398912405378,0.0015,22206,7639,3496,3496,0,0,0
33.90492287400002,static,1.0,0.04805377678652905,-0.001208693373439651,-0.011769577638506641,nan,nan,nan,nan,nan,-0.007044376074804641,0.008075656949910593,-0.02457400401462731,-0.010601523643231303,-0.001564342001586283,0.04806897547400563,nan,0.010716317905695003,0.05587491037717723,nan,6.30089112192152e-05,nan,-0.00034157284399257174,-0.0008509701493051127,0.00625,nan,nan,nan,0.0,0.0,-33.72276893168912,150.6739891310664,-0.00075,22206,7639,3496,3496,0,0,0
34.10561291800013,static,1.0,-0.026540990172675624,-0.0040436277266614334,-0.011719844687051612,nan,nan,nan,nan,nan,-0.007314526960664333,0.008954979288158206,-0.03969634267005051,-0.011487411023722416,-0.0013165662466008143,0.026847254692759354,nan,0.011562610376105727,0.023208202687165197,nan,-0.002142259207893395,nan,-0.009079649212208383,-0.0024365350650480616,0.01125,nan,nan,nan,0.0,0.0,-33.72276893706155,150.67398914684603,0.00425,22456,7639,3478,3478,0,0,0
34.30608307900002,static,1.0,-0.049014815141583346,0.04205875930899833,0.002500318524558889,nan,nan,nan,nan,nan,-0.0076852716525127145,0.009845631359711532,-0.05074267046709463,-0.01243718311138764,-0.0011473157795762745,0.06458630921469226,nan,0.012489990281991842,0.05240054176525375,nan,0.0001775243774998816,nan,0.001705574592548373,-0.0011570880439381987,0.01025,nan,nan,nan,0.0,0.0,-33.722768939879145,150.67398917058404,-0.0115,22456,7643,3385,3385,0,0,0
34.50624476400026,static,1.0,-0.049014815141583346,0.04205875930899833,0.002500318524558889,nan,nan,nan,nan,nan,-0.00814798057361232,0.010752385231686602,-0.057894465794221195,-0.013450192882032752,-0.001046750703210364,0.06458630921469226,nan,0.013490862670658089,0.05147996916738089,nan,0.0001775243774998816,nan,0.001705574592548373,-0.0011570880439381987,0.01025,nan,nan,nan,0.0,0.0,-33.722768939966215,150.6739892008917,0.006,22456,7643,3385,3385,0,0,0
34.706399659,static,1.0,-0.049014815141583346,0.04205875930899833,0.002500318524558889,nan,nan,nan,nan,nan,-0.00864245084068123,0.01157895077430993,-0.060547848349175565,-0.014412887228672844,-0.0010162378171685305,0.06458630921469226,nan,0.014448669750793125,0.05058603095278399,nan,0.0001775243774998816,nan,0.001705574592548373,-0.0011570880439381987,0.01025,nan,nan,nan,0.0,0.0,-33.7227689382025,150.67398922714779,0.00875,22456,7643,3385,3385,0,0,0
34.90666256700024,static,1.0,-0.049014815141583346,0.04205875930899833,0.002500318524558889,nan,nan,nan,nan,nan,-0.009208443547569115,0.012399676341371043,-0.0587448643040093,-0.015409311144480853,-0.001049064341259509,0.06458630921469226,nan,0.01544497995918169,0.04964079392960333,nan,0.0001775243774998816,nan,0.001705574592548373,-0.0011570880439381987,0.01025,nan,nan,nan,0.0,0.0,-33.72276893361978,150.67398926403067,0.0,22456,7643,3380,3380,0,0,0
35.107281219000015,static,1.0,-0.049014815141583346,0.04205875930899833,0.002500318524558889,nan,nan,nan,nan,nan,-0.009739981939278278,0.013071631681516437,-0.052843167580740424,-0.016261933484997826,-0.0011332794554732573,0.06458630921469226,nan,0.01630137426705771,0.04881358510866426,nan,0.0001775243774998816,nan,0.001705574592548373,-0.0011570880439381987,0.01025,nan,nan,nan,0.0,0.0,-33.72276892876745,150.67398929160404,0.01325,22098,7643,3399,3399,0,0,0
35.31021878299998,static,1.0,0.0007338534633277993,-0.01373661451169901,-0.007556991170218166,nan,nan,nan,nan,nan,-0.010218032650625538,0.013601284390828078,-0.044094988982955,-0.01696591277357129,-0.0012493726781883652,0.013756202933537222,nan,0.017011852583696845,0.02945003439484911,nan,0.00030935115363469364,nan,0.00036485812253371253,0.0012361263930462545,-0.00975,nan,nan,nan,0.0,0.0,-33.72276892064833,150.6739893269869,0.004,22014,7547,3420,3420,0,0,0
35.51104164100025,static,1.0,0.0091793666116489,-0.029337709059715125,-0.012534698920085824,nan,nan,nan,nan,nan,-0.0107802562828701,0.014133173177142654,-0.029415992220226256,-0.017717252479314993,-0.0014350868139842987,0.030740233315047327,nan,0.017775278045067674,0.04783413162734497,nan,0.00019958427766800672,nan,0.0004803955512277428,0.0019139120233988536,-0.00375,nan,nan,nan,0.0,0.0,-33.722768911331,150.67398935761128,0.0015,22014,7504,3420,3420,0,0,0
35.71123141399994,static,1.0,0.0091793666116489,-0.029337709059715125,-0.012534698920085824,nan,nan,nan,nan,nan,-0.011271538985105235,0.014510152442959012,-0.012325419027484935,-0.018299910770224415,-0.0016448041866681251,0.030740233315047327,nan,0.018373679952874342,0.048382584656930454,nan,0.00019958427766800672,nan,0.0004803955512277428,0.0019139120233988536,-0.00375,nan,nan,nan,0.0,0.0,-33.72276890390641,150.6739893760645,-0.0025,22014,7504,3458,3458,0,0,0
35.91139595699997,static,1.0,0.0091793666116489,-0.029337709059715125,-0.012534698920085824,nan,nan,nan,nan,nan,-0.011708223924362531,0.014764045120551357,0.006663560539560548,-0.018749495971292163,-0.0018750830934095575,0.030740233315047327,nan,0.018843023530863923,0.04879811635889982,nan,0.00019958427766800672,nan,0.0004803955512277428,0.0019139120233988536,-0.00375,nan,nan,nan,0.0,0.0,-33.72276889432514,150.67398939215494,0.0195,22014,7504,3458,3458,0,0,0
36.11221142800014,static,1.0,0.03049017640161687,-0.041912396327758776,-0.011424682898131183,nan,nan,nan,nan,nan,-0.012164650646967546,0.014923198878198065,0.03107301840283508,-0.019130027651158343,-0.0021731617949285464,0.05182952655520636,nan,0.019253067031541234,0.07106137595740764,nan,0.00040101514280283174,nan,-0.0027373526861477083,0.004940177857686319,-0.0095,nan,nan,nan,0.0,0.0,-33.722768885672174,150.67398939736793,0.0115,21659,7504,3432,3432,0,0,0
36.312340162000055,static,1.0,0.0511669935998055,-0.05957605285855416,-0.015150759258957591,nan,nan,nan,nan,nan,-0.012481440842284962,0.014941023590352796,0.05154492388203319,-0.01931618910225552,-0.00243010081948114,0.07853258755604438,nan,0.0194684501547231,0.09799958106758075,nan,-0.00042616166211422113,nan,-0.0009881591686378827,0.002287159537015439,0.0135,nan,nan,nan,0.0,0.0,-33.722768878648736,150.6739893907274,0.00625,21659,7321,3432,3432,0,0,0
36.512483904999954,static,1.0,0.0511669935998055,-0.05957605285855416,-0.015150759258957591,nan,nan,nan,nan,nan,-0.012729659512306483,0.014865057955411992,0.07057415569332988,-0.019386379344382476,-0.002680014035917111,0.07853258755604438,nan,0.019570748052054943,0.09810331930239037,nan,-0.00042616166211422113,nan,-0.0009881591686378827,0.002287159537015439,0.0135,nan,nan,nan,0.0,0.0,-33.72276887483376,150.67398937808193,-0.00875,21600,7321,3440,3440,0,0,0
36.714149959000224,static,1.0,0.07166859532141323,-0.059511289205607575,-0.01462881364061962,nan,nan,nan,nan,nan,-0.012916162415215857,0.014701241680607104,0.08799536474820774,-0.019349300650787882,-0.0029254611283136,0.09315568205030737,nan,0.019569204339672432,0.11252591249086409,nan,-0.0014665406308065647,nan,-0.0012976712319383407,0.0017148443193156404,-0.003,nan,nan,nan,0.0,0.0,-33.72276887184581,150.6739893510557,0.0175,21626,7306,3438,3438,0,0,0
36.91443990200014,static,1.0,0.07826024619191829,-0.058505105105560076,-0.015366813542096392,nan,nan,nan,nan,nan,-0.013032033347700464,0.014463770114678273,0.10239565381100091,-0.0192120805503464,-0.0031512695906315003,0.09771137834168697,nan,0.01946880939107056,0.1168705996153293,nan,-0.0006778100692923382,nan,-0.001840553723730089,0.0013893318066783979,0.0075,nan,nan,nan,0.0,0.0,-33.722768871508265,150.67398931391594,-0.0045000000000000005,21733,7346,3407,3407,0,0,0
37.11623671799998,static,1.0,0.08050695609142955,-0.05790876688049218,-0.01569653971613875,nan,nan,nan,nan,nan,-0.013077646670019982,0.014178311428267405,0.11276167092654531,-0.01899652033159782,-0.003343885864381946,0.09917053625309562,nan,0.019288581010090473,0.11812969454422349,nan,0.000725574987989545,nan,-0.0014673338497105044,0.0013295334751558482,-0.00075,nan,nan,nan,0.0,0.0,-33.7227688730157,150.67398928019242,-0.012,21733,7385,3410,3410,0,0,0
37.31636808400026,static,1.0,0.08052859557542805,-0.056888565949392234,-0.016415308842066798,nan,nan,nan,nan,nan,-0.013061542102689117,0.013863681223312527,0.1188507706416553,-0.018723066808320254,-0.0035003297634830233,0.09859596158631041,nan,0.019047454926103612,0.11732431270029428,nan,-0.0013581375641077782,nan,-0.0019110873849387286,0.0016212506861157038,-0.0115,nan,nan,nan,0.0,0.0,-33.722768875855095,150.67398924396926,-0.006500000000000001,21733,7405,3410,3410,0,0,0
37.51654722400008,static,1.0,0.08052859557542805,-0.056888565949392234,-0.016415308842066798,nan,nan,nan,nan,nan,-0.012989020422674998,0.013529291933862576,0.12019077807956602,-0.018402504292680533,-0.0036199761781290363,0.09859596158631041,nan,0.018755169734565112,0.1170650212951543,nan,-0.0013581375641077782,nan,-0.0019110873849387286,0.0016212506861157038,-0.0115,nan,nan,nan,0.0,0.0,-33.72276888157904,150.67398919180224,-0.0035,21989,7405,3550,3550,0,0,0
37.71675271799995,static,1.0,0.06491517894329155,-0.029079249282677543,-0.01039209498342266,nan,nan,nan,nan,nan,-0.012881215464884726,0.013239437044482856,0.11601552431557674,-0.018100352546184695,-0.003685870699229099,0.07113074719193989,nan,0.01847182733536697,0.08856156161320279,nan,-0.0003494624000137718,nan,-0.0008470582789193367,-0.00017474885155561767,0.0015,nan,nan,nan,0.0,0.0,-33.722768889012535,150.6739891387274,-0.001,21989,7584,3550,3550,0,0,0
37.91702767900006,static,1.0,0.052115763223499964,-0.007841619840453576,-0.0070140042226851185,nan,nan,nan,nan,nan,-0.012774880467957344,0.013051306072542415,0.1072160677890002,-0.01788459274791876,-0.003698040482589704,0.05270240770676522,nan,0.018262917652165565,0.06817118153514436,nan,0.00010036279611396659,nan,4.8218160290639456e-05,-0.0006934025172975002,0.00725,nan,nan,nan,0.0,0.0,-33.72276889754863,150.67398908778586,0.006,22150,7584,3646,3646,0,0,0
38.11794446800013,static,1.0,0.052058588752856266,-0.007826523700488058,-0.006989425149660336,nan,nan,nan,nan,nan,-0.012686509925019542,0.012986878106408046,0.09229644166179213,-0.01778263167568639,-0.003658489813460619,0.0526436238890648,nan,0.01815506918269165,0.06800827521400012,nan,9.939050605704272e-05,nan,4.379264118533452e-05,-0.0006958957745956073,0.00725,nan,nan,nan,0.0,0.0,-33.72276890653393,150.6739890418322,-0.0032500000000000003,22150,7651,3694,3694,0,0,0
38.31811629899994,static,1.0,0.052058588752856266,-0.007826523700488058,-0.006989425149660336,nan,nan,nan,nan,nan,-0.012669173968407003,0.013113757608370904,0.07365647482743955,-0.017880030437822825,-0.0035753488214993467,0.0526436238890648,nan,0.01823399593212819,0.0680307184159796,nan,9.939050605704272e-05,nan,4.379264118533452e-05,-0.0006958957745956073,0.00725,nan,nan,nan,0.0,0.0,-33.72276891325853,150.67398901180144,0.005,22150,7651,3676,3676,0,0,0
38.518276371999946,static,1.0,0.052058588752856266,-0.007826523700488058,-0.006989425149660336,nan,nan,nan,nan,nan,-0.012746837422669294,0.013440313980493102,0.0527609996876434,-0.018196779893287385,-0.003464261203987462,0.0526436238890648,nan,0.018523603973692612,0.06820573030721608,nan,9.939050605704272e-05,nan,4.379264118533452e-05,-0.0006958957745956073,0.00725,nan,nan,nan,0.0,0.0,-33.722768921462496,150.67398898043072,-0.00725,22150,7651,3676,3676,0,0,0
38.7184536310001,static,1.0,0.052058588752856266,-0.007826523700488058,-0.006989425149660336,nan,nan,nan,nan,nan,-0.012918606608679798,0.013927071329124028,0.03202101041760114,-0.018699179366080898,-0.0033458038722358197,0.0526436238890648,nan,0.018996149939299118,0.06852192943695899,nan,9.939050605704272e-05,nan,4.379264118533452e-05,-0.0006958957745956073,0.00725,nan,nan,nan,0.0,0.0,-33.72276892676068,150.6739889640541,-0.00425,22150,7651,3676,3676,0,0,0
38.91861808800013,static,1.0,0.052058588752856266,-0.007826523700488058,-0.006989425149660336,nan,nan,nan,nan,nan,-0.01324013752488659,0.014689104524729796,0.007945835560011077,-0.019514132085078018,-0.003204634516208671,0.0526436238890648,nan,0.019775516008851635,0.06907153659700797,nan,9.939050605704272e-05,nan,4.379264118533452e-05,-0.0006958957745956073,0.00725,nan,nan,nan,0.0,0.0,-33.72276893249964,150.67398895204474,-0.00525,22150,7651,3676,3676,0,0,0
39.11881105500015,static,1.0,0.052058588752856266,-0.007826523700488058,-0.006989425149660336,nan,nan,nan,nan,nan,-0.013747565761476212,0.01575712067219791,-0.017713931242273967,-0.020687001330770727,-0.003054569066989643,0.0526436238890648,nan,0.020911298769907136,0.0699044938030562,nan,9.939050605704272e-05,nan,4.379264118533452e-05,-0.0006958957745956073,0.00725,nan,nan,nan,0.0,0.0,-33.72276893627523,150.67398895211096,0.00625,22150,7651,3676,3676,0,0,0
39.31900326499999,static,1.0,0.052058588752856266,-0.007826523700488058,-0.006989425149660336,nan,nan,nan,nan,nan,-0.01430605711883077,0.016843446356965816,-0.038114544187762306,-0.02190286704274058,-0.002937579067065599,0.0526436238890648,nan,0.022098980869425484,0.0708016500112116,nan,9.939050605704272e-05,nan,4.379264118533452e-05,-0.0006958957745956073,0.00725,nan,nan,nan,0.0,0.0,-33.722768937869496,150.67398896409279,0.00775,22150,7651,3676,3676,0,0,0
39.5191612399999,static,1.0,0.052058588752856266,-0.007826523700488058,-0.006989425149660336,nan,nan,nan,nan,nan,-0.015072326671125442,0.018247998894428054,-0.0585036545541055,-0.02349877445567472,-0.0028234896871595083,0.0526436238890648,nan,0.023667794467000233,0.07201694616001554,nan,9.939050605704272e-05,nan,4.379264118533452e-05,-0.0006958957745956073,0.00725,nan,nan,nan,0.0,0.0,-33.72276893758437,150.67398898065744,0.00375,22150,7651,3676,3676,0,0,0
39.71936228799996,static,1.0,0.052058588752856266,-0.007826523700488058,-0.006989425149660336,nan,nan,nan,nan,nan,-0.015891491752929133,0.019675593931384117,-0.07349470535044722,-0.0251426510399142,-0.0027414604449518265,0.0526436238890648,nan,0.025291668720868028,0.07330470595384754,nan,9.939050605704272e-05,nan,4.379264118533452e-05,-0.0006958957745956073,0.00725,nan,nan,nan,0.0,0.0,-33.72276893529649,150.67398901103073,-0.00775,22454,7651,3676,3676,0,0,0
39.919591326000045,static,1.0,-0.05716140431782922,0.05590968994683186,-0.003843496954104431,nan,nan,nan,nan,nan,-0.016807066856540202,0.021202876446357356,-0.08342388315831614,-0.026922502301545137,-0.002686696064500893,0.07995823643338575,nan,0.027056227858289997,0.05322626659175255,nan,0.0005864366494296331,nan,0.0018512762821860102,-0.001451168963732677,-0.00775,nan,nan,nan,0.0,0.0,-33.722768931037585,150.67398904915171,-0.0015,22454,7634,3299,3299,0,0,0
40.12067026700015,static,1.0,-0.04911431844747721,0.04907369045631581,-0.0040812894602854765,nan,nan,nan,nan,nan,-0.017670684992591713,0.02258627948952311,-0.08646586772046905,-0.02855321069296224,-0.0026659498137746596,0.06942941287064512,nan,0.028677397533358188,0.041113076077678314,nan,0.0011075308290079775,nan,0.002468780267517311,-0.0012519916609006387,0.00875,nan,nan,nan,0.0,0.0,-33.72276892518193,150.67398909225105,0.0055,22246,7634,3295,3295,0,0,0
40.32092796100005,static,1.0,-0.03277286763238528,0.035454297740281665,-0.004448502795079734,nan,nan,nan,nan,nan,-0.01838413720509247,0.0236876562309512,-0.08401679275875995,-0.02986546713975713,-0.002671222756617908,0.04828113587216428,nan,0.029984688734275473,0.018587345580216682,nan,-0.00028856522948795014,nan,0.0009005749582230998,5.937232440722804e-05,0.0005,nan,nan,nan,0.0,0.0,-33.722768920118945,150.67398912543155,0.00875,22246,7676,3336,3336,0,0,0
40.521911488000114,static,1.0,-0.024312340040722275,0.02791454285236053,-0.005157605361679433,nan,nan,nan,nan,nan,-0.019026932012678004,0.024644422362841686,-0.0774245477754146,-0.03101786159572839,-0.0026951729891493414,0.03701771982324114,nan,0.03113473454862274,0.0062152414304583355,nan,-0.0001360158301015157,nan,0.0011481517197326784,0.0008761197684887342,0.00125,nan,nan,nan,0.0,0.0,-33.72276891277755,150.6739891691891,0.00125,22044,7583,3336,3336,0,0,0
40.723705378999966,static,1.0,-0.017006997088186655,0.01753110066635842,-0.008019174356088947,nan,nan,nan,nan,nan,-0.019771685732367022,0.02570140373565987,-0.06362019973515809,-0.03230967290448916,-0.0027507721621020664,0.02442493481120435,nan,0.03242655872402862,0.008625390167609612,nan,-0.0006277634376188659,nan,-0.00014085666312963686,0.0009523207528770611,-0.00675,nan,nan,nan,0.0,0.0,-33.722768907184545,150.67398919959282,0.00275,22044,7490,3336,3336,0,0,0
40.92386881600032,static,1.0,-0.017006997088186655,0.01753110066635842,-0.008019174356088947,nan,nan,nan,nan,nan,-0.020413394188714514,0.026553394256889712,-0.04530838753311295,-0.033373314766095064,-0.0028304187656260638,0.02442493481120435,nan,0.03349312479995958,0.00964392673345389,nan,-0.0006277634376188659,nan,-0.00014085666312963686,0.0009523207528770611,-0.00675,nan,nan,nan,0.0,0.0,-33.72276890035388,150.67398923302574,0.010750000000000001,22044,7490,3410,3410,0,0,0
41.12405167799989,static,1.0,-0.017006997088186655,0.01753110066635842,-0.008019174356088947,nan,nan,nan,nan,nan,-0.021005694007550087,0.027272362711225493,-0.02203455601958701,-0.034298326817292946,-0.0029403615637590974,0.02442493481120435,nan,0.034424133229341715,0.010530040991358696,nan,-0.0006277634376188659,nan,-0.00014085666312963686,0.0009523207528770611,-0.00675,nan,nan,nan,0.0,0.0,-33.722768894719465,150.67398925617292,0.00425,22044,7490,3410,3410,0,0,0
41.32447745299987,static,1.0,0.00464409793045386,-0.005762434097362226,-0.010212579272768633,nan,nan,nan,nan,nan,-0.02145338055599404,0.02775595007410293,0.0002601171213479636,-0.034947137626204494,-0.0030557934373121043,0.007400898074834475,nan,0.03508048320357628,0.04248011841810869,nan,0.0027238951725708973,nan,8.602500886450007e-05,0.00042597761726155704,0.001,nan,nan,nan,0.0,0.0,-33.72276889083759,150.67398926663301,-0.00175,21502,7490,3350,3350,0,0,0
41.525804187000176,static,1.0,0.03433505813970128,-0.025719141177209706,-0.016368091935482346,nan,nan,nan,nan,nan,-0.02195220293983909,0.028208455688512858,0.03040401391605077,-0.03559742285540324,-0.0032310481730064566,0.042899538929339454,nan,0.03574375730449547,0.07795153278511097,nan,-0.0032264377266249976,nan,-0.0011572731060840993,0.002101126737273063,-0.00075,nan,nan,nan,0.0,0.0,-33.72276888911056,150.67398926292748,-0.00125,21482,7298,3354,3354,0,0,0
41.72620881800003,static,1.0,0.05553696738317311,-0.04532106074108734,-0.0181583930685471,nan,nan,nan,nan,nan,-0.022304951427426927,0.028450356024510584,0.055289383821221796,-0.035991565790595814,-0.0033971764809166416,0.07168230808795824,nan,0.03615153684286852,0.10724544864804096,nan,-0.0002335746890960718,nan,-0.0016360134118161478,0.0025911179541697675,-0.00725,nan,nan,nan,0.0,0.0,-33.72276888935424,150.67398925078754,0.00975,21487,7240,3354,3354,0,0,0
41.92662747900022,static,1.0,0.06600195489980394,-0.05817981112352184,-0.01933059560695359,nan,nan,nan,nan,nan,-0.022553398649615298,0.028564257561685985,0.07460304429619397,-0.036221647236288845,-0.0035446963464664805,0.08798379665009023,nan,0.036394678191994004,0.12396202682405079,nan,0.0007074982548604022,nan,-0.006469698206210503,0.006448507888020145,-0.00425,nan,nan,nan,0.0,0.0,-33.72276889175959,150.6739892221305,0.01025,21503,7252,3370,3370,0,0,0
42.12825998800008,static,1.0,0.07407183676552719,-0.06348878232386439,-0.020761820077766637,nan,nan,nan,nan,nan,-0.022780625664048284,0.02860810588867743,0.0934649181106705,-0.03638131561103819,-0.003712209933894428,0.0975574829666384,nan,0.03657021504152355,0.13364967750468293,nan,-0.0017150496372324742,nan,-0.0016997908453821057,0.0023643129328556195,0.01025,nan,nan,nan,0.0,0.0,-33.72276889508635,150.673989191745,0.0115,21568,7268,3407,3407,0,0,0
42.328931021000244,static,1.0,0.0756197108807726,-0.0652374955721906,-0.020238180311730747,nan,nan,nan,nan,nan,-0.022966213111201908,0.02857870349685483,0.10946379876283624,-0.0364568476770728,-0.0038842625659185614,0.09987127466005041,nan,0.03666318641676259,0.13609064485523661,nan,-0.001006785928875943,nan,-0.0013955040803609957,0.0023234715249046047,0.01,nan,nan,nan,0.0,0.0,-33.72276889942395,150.67398915603874,0.0055,21568,7288,3407,3407,0,0,0
42.52914271999998,static,1.0,0.0756197108807726,-0.0652374955721906,-0.020238180311730747,nan,nan,nan,nan,nan,-0.02312925846151835,0.02847410811214609,0.12321120253060547,-0.03645692747443263,-0.004077973624958986,0.09987127466005041,nan,0.036684294047478985,0.13613678272698715,nan,-0.001006785928875943,nan,-0.0013955040803609957,0.0023234715249046047,0.01,nan,nan,nan,0.0,0.0,-33.72276890668462,150.67398910026898,0.007,21568,7288,3407,3407,0,0,0
42.73034779599993,static,1.0,0.0727738417204664,-0.06249875129910845,-0.018198939824786004,nan,nan,nan,nan,nan,-0.023257914730254424,0.02830998593776028,0.13201015520472248,-0.03638833670538588,-0.004274909731378784,0.09592771212065525,nan,0.03663858487163458,0.13216779110496335,nan,-9.855486430765403e-05,nan,-0.0012697291059730004,0.0018359556092683114,0.004,nan,nan,nan,0.0,0.0,-33.72276891296413,150.6739890539296,-0.00075,21867,7288,3495,3495,0,0,0
42.930575709000095,static,1.0,0.0628943275162131,-0.051146356392842686,-0.016200655052107278,nan,nan,nan,nan,nan,-0.023353815625451035,0.028142328467046073,0.13464894403346064,-0.03629907328320314,-0.0044461932701267415,0.08106569068342266,nan,0.03657036171293186,0.117155613361869,nan,-0.0003059054704435498,nan,-0.0008495272640538274,0.0008191145728004777,0.017,nan,nan,nan,0.0,0.0,-33.72276892171066,150.67398899061504,-0.01875,21867,7451,3588,3588,0,0,0
43.13071931600007,static,1.0,0.06265388891552467,-0.05112975878664848,-0.016141587505830054,nan,nan,nan,nan,nan,-0.023466617823596915,0.02797563743448546,0.13103764421660063,-0.03621975490364093,-0.004631176596149089,0.08086879515499018,nan,0.03651463325770287,0.11693761324871342,nan,-0.0002835666930420358,nan,-0.0008549721334113987,0.0007729497217935356,0.017,nan,nan,nan,0.0,0.0,-33.722768928181964,150.67398894397365,-0.0035,21867,7501,3696,3696,0,0,0
43.33430017599994,static,1.0,0.04371940116426888,-0.04348623887794426,-0.020728140228061784,nan,nan,nan,nan,nan,-0.023596597309152055,0.027902786665474907,0.12208923074283651,-0.03622868131105861,-0.004779912000344666,0.06166391983901045,nan,0.03654264506394257,0.09812154003333093,nan,-0.003970195918981075,nan,-0.049106359031934096,0.011377687752709564,-0.01175,nan,nan,nan,0.0,0.0,-33.72276893641129,150.67398888394663,0.014750000000000001,22187,7501,3742,3742,0,0,0
43.534955227999944,static,1.0,-0.014207073993923985,0.04502280035978355,-0.005698146776098053,nan,nan,nan,nan,nan,-0.023801664261416104,0.027955293597612525,0.10708181252612342,-0.03638366251811931,-0.004924100274109833,0.04721115867785663,nan,0.036715360024680246,0.01957947776315314,nan,0.00026207678194052625,nan,-0.15263370558879177,0.18855592219620684,-0.01425,nan,nan,nan,0.0,0.0,-33.722768943513735,150.67398883019152,-0.01025,22196,7619,3742,3742,0,0,0
43.73561176200019,static,1.0,-0.05127795362211621,0.09365796226865129,0.0018447055576961645,nan,nan,nan,nan,nan,-0.024070266397570313,0.028157570263731297,0.08958914529055842,-0.03669899881708716,-0.005040830629013726,0.1067766005451944,nan,0.03704357552406311,0.07092643792625501,nan,0.001220114233571034,nan,-0.1883883855136916,0.23556634635738796,0.01025,nan,nan,nan,0.0,0.0,-33.72276894784912,150.67398879517296,-0.00425,22196,7592,3742,3742,0,0,0
43.93639441000005,static,1.0,-0.05011904111220983,0.09792393811820381,0.008556677686419215,nan,nan,nan,nan,nan,-0.024534610890481066,0.0286442414896948,0.06436700732093949,-0.03735940493311318,-0.005168613461165705,0.11000461780573208,nan,0.037715244955684235,0.07385282279445214,nan,-0.00017907862055629276,nan,-0.001748680933806153,0.0029526756926317333,-0.017750000000000002,nan,nan,nan,0.0,0.0,-33.72276895183585,150.6739887584811,0.016,22320,7592,3625,3625,0,0,0
44.137428663000264,static,1.0,-0.06516423429308092,0.12240194764705177,0.010666702238560704,nan,nan,nan,nan,nan,-0.02499148808979634,0.02919700975669159,0.043680562284741445,-0.03807139519540215,-0.0052544003987406995,0.13866727883244534,nan,0.038432276222919406,0.10149389136622664,nan,0.0012742836696581037,nan,0.0028115320192336176,-0.0032889462361854276,0.00125,nan,nan,nan,0.0,0.0,-33.72276895338649,150.6739887390231,0.0045000000000000005,22320,7695,3625,3625,0,0,0
44.338233713000136,static,1.0,-0.06943126318916777,0.12416464655919239,0.01188880338166277,nan,nan,nan,nan,nan,-0.025625568387125725,0.030023199898441405,0.019401634357371342,-0.03910920527437156,-0.005341568132308794,0.14225877745577828,nan,0.03947229772011036,0.10383424712718187,nan,0.001967572020705079,nan,0.002373738515119616,-0.0033433073445884604,0.00125,nan,nan,nan,0.0,0.0,-33.722768953490366,150.67398872387233,-0.00625,22320,7697,3625,3625,0,0,0
44.53839766200008,static,1.0,-0.06943126318916777,0.12416464655919239,0.01188880338166277,nan,nan,nan,nan,nan,-0.026469949256101084,0.03118347403910666,-0.007414159528588038,-0.04054176322870262,-0.005425191340037827,0.14225877745577828,nan,0.040903144949602656,0.10242642695157073,nan,0.001967572020705079,nan,0.002373738515119616,-0.0033433073445884604,0.00125,nan,nan,nan,0.0,0.0,-33.72276895132621,150.6739887217618,-0.015,22320,7697,3589,3589,0,0,0
44.73854036800003,static,1.0,-0.06943126318916777,0.12416464655919239,0.01188880338166277,nan,nan,nan,nan,nan,-0.027432259993431716,0.03255879716180945,-0.03238396109623448,-0.04221899644153382,-0.005491857649360554,0.14225877745577828,nan,0.04257468920580731,0.1007747384677899,nan,0.001967572020705079,nan,0.002373738515119616,-0.0033433073445884604,0.00125,nan,nan,nan,0.0,0.0,-33.722768947074286,150.67398873225085,-0.00025,22320,7697,3561,3561,0,0,0
44.93938638999998,static,1.0,-0.07560284081539904,0.125515172546677,0.0065347953682598015,nan,nan,nan,nan,nan,-0.02849568286454995,0.03412737423749391,-0.05442888943660468,-0.04411347836753521,-0.005539191329063442,0.14652592971478007,nan,0.04445988769962165,0.10281446401166604,nan,0.00011641749473069827,nan,0.0029800498784708605,-0.0039681592786957294,0.00975,nan,nan,nan,0.0,0.0,-33.72276894265106,150.67398874797018,-0.0055,22507,7697,3559,3559,0,0,0
45.13951793300021,static,1.0,-0.08496385894513205,0.1257119946593665,0.010655089134352222,nan,nan,nan,nan,nan,-0.0294805035427496,0.035619012855442236,-0.07014538594813868,-0.04590074986765558,-0.005561953570207834,0.15173121935872289,nan,0.046236502527010316,0.1058071268725756,nan,-0.0014739882002490585,nan,0.0020461600904350652,-0.002525320075167199,0.0032500000000000003,nan,nan,nan,0.0,0.0,-33.722768935628054,150.67398877739663,-0.00575,22507,7695,3559,3559,0,0,0
45.33967600799997,static,1.0,-0.08496385894513205,0.1257119946593665,0.010655089134352222,nan,nan,nan,nan,nan,-0.030543101029024987,0.03726898877053286,-0.0819496899453501,-0.047863280597880475,-0.005564612731888019,0.15173121935872289,nan,0.0481856674172656,0.10384500075986225,nan,-0.0014739882002490585,nan,0.0020461600904350652,-0.002525320075167199,0.0032500000000000003,nan,nan,nan,0.0,0.0,-33.722768927764335,150.6739888145138,0.0155,22507,7695,3559,3559,0,0,0
45.54083412299997,static,1.0,-0.08496385894513205,0.1257119946593665,0.010655089134352222,nan,nan,nan,nan,nan,-0.03145088403928375,0.038713663692357445,-0.08725588111050536,-0.04956940988074621,-0.005547924604030641,0.15173121935872289,nan,0.04987891201036194,0.10213886661951559,nan,-0.0014739882002490585,nan,0.0020461600904350652,-0.002525320075167199,0.0032500000000000003,nan,nan,nan,0.0,0.0,-33.72276892180027,150.6739888451977,0.002,22507,7695,3559,3559,0,0,0
45.74102992600001,static,1.0,-0.08496385894513205,0.1257119946593665,0.010655089134352222,nan,nan,nan,nan,nan,-0.032329276587764716,0.04014462327065722,-0.08722024604070727,-0.051248118365720075,-0.005513915687089366,0.15173121935872289,nan,0.05154389296736506,0.10045981438519477,nan,-0.0014739882002490585,nan,0.0020461600904350652,-0.002525320075167199,0.0032500000000000003,nan,nan,nan,0.0,0.0,-33.722768914115164,150.67398888832116,-0.009000000000000001,22507,7695,3559,3559,0,0,0
45.94117307700026,static,1.0,-0.08496385894513205,0.1257119946593665,0.010655089134352222,nan,nan,nan,nan,nan,-0.03311708070194422,0.041456896707698004,-0.0815156017271122,-0.05277801076658761,-0.005467805626921063,0.15173121935872289,nan,0.053060487359727744,0.09892931792468573,nan,-0.0014739882002490585,nan,0.0020461600904350652,-0.002525320075167199,0.0032500000000000003,nan,nan,nan,0.0,0.0,-33.72276890750995,150.67398893005773,0.00725,22507,7695,3385,3385,0,0,0
46.141341869999906,static,1.0,-0.08496385894513205,0.1257119946593665,0.010655089134352222,nan,nan,nan,nan,nan,-0.03386295033538033,0.04272307455864953,-0.06926822322524911,-0.054246457772592294,-0.005411314469398576,0.15173121935872289,nan,0.05451569044926755,0.09746006218049208,nan,-0.0014739882002490585,nan,0.0020461600904350652,-0.002525320075167199,0.0032500000000000003,nan,nan,nan,0.0,0.0,-33.722768903620604,150.67398895863428,0.00975,22507,7695,3449,3449,0,0,0
46.341995663000034,static,1.0,-0.1693824596243632,-0.0728323961743534,-0.17691182544492817,nan,nan,nan,nan,nan,-0.03444615802395276,0.04372361561874274,-0.05316207878733642,-0.055403492502705376,-0.005361472175565041,0.18437726421903813,nan,0.05566230650437232,0.17830622360060597,nan,0.002216221929825651,nan,-0.0010520315293610788,-0.005840653557995579,-0.00575,nan,nan,nan,0.0,0.0,-33.72276890043992,150.67398898936665,0.01025,21695,7695,3438,3438,0,0,0
46.54239557300025,static,1.0,0.03616895696142444,-0.02803811347902492,-0.23297514826459229,nan,nan,nan,nan,nan,-0.034898876786595596,0.04449806078763427,-0.03520266142652956,-0.05629977063301794,-0.005323987368086591,0.045763842224403016,nan,0.056550941767807686,0.10154867586965063,nan,0.006512231673646448,nan,-0.0009900537287656985,-0.000516690284546769,0.002,nan,nan,nan,0.0,0.0,-33.72276889972529,150.67398900551694,-0.00875,21695,7367,3438,3438,0,0,0
46.742553038000096,static,1.0,0.030586718185183763,-0.023301033312699386,-0.22530909581325673,nan,nan,nan,nan,nan,-0.035336301306580054,0.045229730006406184,-0.011841892514261626,-0.05715179052788244,-0.005296744843661827,0.038451079084719814,nan,0.05739671302855078,0.09509106172512083,nan,0.00821641156080943,nan,-0.0009206139148177741,-0.0003356511709722577,0.002,nan,nan,nan,0.0,0.0,-33.72276890115935,150.67398901664478,-0.0045000000000000005,21695,7371,3438,3438,0,0,0
46.94279618700011,static,1.0,0.030586718185183763,-0.023301033312699386,-0.22530909581325673,nan,nan,nan,nan,nan,-0.035706296979101756,0.04581444523314352,0.013704998722140607,-0.05784372094058199,-0.005292162481310925,0.038451079084719814,nan,0.05808530826276571,0.09576906198868745,nan,0.00821641156080943,nan,-0.0009206139148177741,-0.0003356511709722577,0.002,nan,nan,nan,0.0,0.0,-33.72276890535761,150.67398901421709,0.02325,21695,7371,3438,3438,0,0,0
47.1462621390001,static,1.0,-0.011525705200239239,-0.030974778770552935,-0.20262769321446006,nan,nan,nan,nan,nan,-0.03602338654002635,0.04626231678674176,0.04047742581992782,-0.05839191607879002,-0.005316998113272575,0.033049641454144685,nan,0.058633491558059206,0.08102903998661483,nan,0.002208363513471797,nan,-0.017487008062990524,0.00011961984063922431,0.006500000000000001,nan,nan,nan,0.0,0.0,-33.72276891210193,150.6739889978458,0.004,21528,7371,3375,3375,0,0,0
47.34640807899996,static,1.0,-0.012676823923892577,-0.18531536662833242,-0.24090619017923415,nan,nan,nan,nan,nan,-0.03625011755570765,0.04652759505769433,0.062327041145341225,-0.05873764333728104,-0.005364455222832021,0.18574845079674457,nan,0.05898210003598894,0.23303832100322092,nan,-0.0036197955690627616,nan,-0.002949646265302559,0.0051461195928742464,0.004,nan,nan,nan,0.0,0.0,-33.72276891867029,150.6739889764685,-0.006,21578,7234,3375,3375,0,0,0
47.54658738700027,static,1.0,9.170702679339726e-05,-0.10378291728689837,-0.1773601715784379,nan,nan,nan,nan,nan,-0.03645023913883302,0.04669843922256263,0.08284304361424263,-0.058989529897758075,-0.005440544232243383,0.10378295780501706,nan,0.059239886555440754,0.15485461725921845,nan,0.002749256855566361,nan,-0.0003181435083540259,0.00024090909031719026,0.0045000000000000005,nan,nan,nan,0.0,0.0,-33.72276892873186,150.673988937835,0.01,21669,7301,3467,3467,0,0,0
47.74805434500013,static,1.0,-0.00984289544366855,-0.10090211639387325,-0.20224766854944795,nan,nan,nan,nan,nan,-0.036603223614742095,0.04676984726125849,0.09822730351776413,-0.05913227555549838,-0.005530694301882022,0.10138106175947131,nan,0.05939035773450318,0.15007706025101272,nan,1.0517964888090187e-05,nan,-0.002585679559771422,0.005170045534000323,-0.00275,nan,nan,nan,0.0,0.0,-33.722768936837355,150.67398890278028,-0.00625,21815,7320,3497,3497,0,0,0
47.950339884000186,static,1.0,-0.01918508218012603,-0.05249755501862159,-0.1710751127811374,nan,nan,nan,nan,nan,-0.036750880270345246,0.046777471105899235,0.11104897951315339,-0.059218470031055404,-0.005650823912446867,0.05589329710431646,nan,0.05948746929991634,0.1008171020936956,nan,0.0016045493042836326,nan,0.002162049584559584,0.0022408994222090834,0.00525,nan,nan,nan,0.0,0.0,-33.7227689480735,150.67398884894706,-0.009000000000000001,21815,7381,3562,3562,0,0,0
48.15495718400007,static,1.0,-0.013425127505012624,-0.05047710081570707,-0.1825324900340839,nan,nan,nan,nan,nan,-0.036887074785784756,0.04673623024369472,0.11918477816586426,-0.05925735325286041,-0.005787710178424277,0.05223190361536617,nan,0.05953932736976227,0.10000447342929507,nan,-0.0063503499902949605,nan,-0.0011693648397158125,0.005890364982825227,0.001,nan,nan,nan,0.0,0.0,-33.72276895638519,150.67398880486695,-0.0022500000000000003,21815,7396,3562,3562,0,0,0
48.35609163700019,static,1.0,-0.011867802987447051,-0.04824125929182041,-0.15872871792856008,nan,nan,nan,nan,nan,-0.037064362217330275,0.04665635284602433,0.1232537829707092,-0.059285927548444306,-0.0059800503501890034,0.04967961197321801,nan,0.059586762015318324,0.09818565774332742,nan,-0.0003897338188355343,nan,-0.003466798767359246,5.3948758623465525e-05,-0.00575,nan,nan,nan,0.0,0.0,-33.722768963930804,150.67398876088137,0.0135,22025,7396,3626,3626,0,0,0
48.556835198000044,static,1.0,-0.01652077705423119,-0.02793305290008922,-0.1311035376986401,nan,nan,nan,nan,nan,-0.03726473204168318,0.04659096323904744,0.1214517145128843,-0.059339164369589525,-0.0061839858990424545,0.032452912331481044,nan,0.05966052388037436,0.07735722752288719,nan,-0.0022371462359323095,nan,0.0019000680200031666,8.306053255564929e-05,0.01725,nan,nan,nan,0.0,0.0,-33.7227689727715,150.67398870220683,0.00675,22160,7555,3679,3679,0,0,0
48.75788013400006,static,1.0,-0.01805353110803041,-0.019788278198323517,-0.10887544991005463,nan,nan,nan,nan,nan,-0.037533139040044766,0.046574812045516154,0.11431528720024103,-0.05947059452898884,-0.006418569127390583,0.02678630134085084,nan,0.059815964785954,0.06916295881392731,nan,0.0005854947321725849,nan,0.0014301070494501464,-0.00043566134457554534,-0.0075,nan,nan,nan,0.0,0.0,-33.72276897952623,150.67398864728156,-0.0045000000000000005,22160,7581,3679,3679,0,0,0
48.958591436000006,static,1.0,-0.021755284749621864,-0.007821128599220656,-0.0896342917523141,nan,nan,nan,nan,nan,-0.03789126796702459,0.04665356651643861,0.10230660050121838,-0.05973036201623927,-0.006677373006027665,0.0231184443054172,nan,0.06010244135517812,0.05681427956364785,nan,0.0015253838512350438,nan,0.0021721308743976224,-0.001522665874599634,-0.00375,nan,nan,nan,0.0,0.0,-33.72276898375662,150.67398859886816,-0.00725,22244,7581,3615,3615,0,0,0
49.15945899500002,static,1.0,-0.025145256884133507,-0.005844976517914227,-0.08626551167102824,nan,nan,nan,nan,nan,-0.038371783867278804,0.04687463362254486,0.08578100134979832,-0.06017600742063678,-0.006962270126649628,0.02581564824411799,nan,0.06057743040444165,0.05435345719821203,nan,0.000953261478804181,nan,0.0013347394713355944,-0.0014460085182728176,-0.001,nan,nan,nan,0.0,0.0,-33.72276898511501,150.67398856783348,-0.0105,22244,7656,3564,3564,0,0,0
49.359637609999936,static,1.0,-0.025145256884133507,-0.005844976517914227,-0.08626551167102824,nan,nan,nan,nan,nan,-0.03888227874565381,0.04720086449592073,0.0690882018853886,-0.06072634279485101,-0.0072155734615648726,0.02581564824411799,nan,0.06115352164525762,0.05479568430532592,nan,0.000953261478804181,nan,0.0013347394713355944,-0.0014460085182728176,-0.001,nan,nan,nan,0.0,0.0,-33.72276898437664,150.6739885359556,0.011,22244,7656,3616,3616,0,0,0
49.55978211699994,static,1.0,-0.025145256884133507,-0.005844976517914227,-0.08626551167102824,nan,nan,nan,nan,nan,-0.039570089904127026,0.04773795455088248,0.04838497786673916,-0.061549914447255105,-0.007504155599292517,0.02581564824411799,nan,0.062005679737608045,0.05549059658697241,nan,0.000953261478804181,nan,0.0013347394713355944,-0.0014460085182728176,-0.001,nan,nan,nan,0.0,0.0,-33.722768982017314,150.67398851952424,-0.012,22244,7656,3616,3616,0,0,0
49.75997116100007,static,1.0,-0.025145256884133507,-0.005844976517914227,-0.08626551167102824,nan,nan,nan,nan,nan,-0.04036911036008983,0.048461126107670914,0.026737582232935597,-0.06259015492412345,-0.0077857768695821505,0.02581564824411799,nan,0.06307254406545447,0.05639963206473933,nan,0.000953261478804181,nan,0.0013347394713355944,-0.0014460085182728176,-0.001,nan,nan,nan,0.0,0.0,-33.722768976564524,150.6739885074234,0.0115,22244,7656,3613,3613,0,0,0
49.96067659600021,static,1.0,-0.03953775217569219,-0.005836003526835221,-0.0783916057720492,nan,nan,nan,nan,nan,-0.04127961380340096,0.04938367929363219,0.004844141586750644,-0.06385840377197383,-0.008053481485035263,0.0399661454767868,nan,0.06436423149804749,0.05524714881985411,nan,-0.002627837859600267,nan,0.00014228773670725924,-0.003940056264649008,0.00725,nan,nan,nan,0.0,0.0,-33.72276896887309,150.67398850684103,0.00825,22472,7656,3607,3607,0,0,0
50.16115819200013,static,1.0,-0.07337384199446438,0.09081199911796238,-0.027506949914388238,nan,nan,nan,nan,nan,-0.04231833892446674,0.05054220039029725,-0.016873048006904146,-0.06539449123818031,-0.008301586915678172,0.11674990309558901,nan,0.06591931302447714,0.05085372120599724,nan,0.0009702067207062874,nan,0.0019402099798099628,-0.002196036336742653,0.007,nan,nan,nan,0.0,0.0,-33.722768961854385,150.67398851367693,0.00775,22472,7725,3608,3608,0,0,0
50.362108298000294,static,1.0,-0.07098174367308083,0.09799618072168219,-0.019410240030896177,nan,nan,nan,nan,nan,-0.043296246138280904,0.051727711235684946,-0.03424871897545634,-0.06692042973929802,-0.008483933218542461,0.12100272464249533,nan,0.06745606747616563,0.05391899519024877,nan,-0.01699056690889416,nan,0.0032650689867950674,-0.005529253022838734,-0.00525,nan,nan,nan,0.0,0.0,-33.72276895160552,150.67398853122248,0.011,22419,7725,3596,3596,0,0,0
50.56353786999989,static,1.0,-0.07855578808583022,0.10563074075617322,-0.01170354345247975,nan,nan,nan,nan,nan,-0.04425824331982628,0.052984951164202064,-0.04827093754972492,-0.06849812995551474,-0.008614136301872577,0.1316391478036976,nan,0.06903765024701974,0.06283232240446109,nan,-0.0030025379596879957,nan,0.0016322224637930918,-0.0026204233344898128,-0.015,nan,nan,nan,0.0,0.0,-33.72276894090293,150.6739885568049,-0.0022500000000000003,22419,7707,3417,3417,0,0,0
50.7637686500002,static,1.0,-0.07855578808583022,0.10563074075617322,-0.01170354345247975,nan,nan,nan,nan,nan,-0.04534170451276115,0.05452233494919901,-0.05974999418920199,-0.07037719038396517,-0.008695185454854482,0.1316391478036976,nan,0.07091230624112568,0.06095280544592818,nan,-0.0030025379596879957,nan,0.0016322224637930918,-0.0026204233344898128,-0.015,nan,nan,nan,0.0,0.0,-33.722768930570375,150.67398858809824,0.00675,22419,7707,3405,3405,0,0,0
50.96438254500026,static,1.0,-0.05783193470400726,0.10726963264832266,-0.009120980348142276,nan,nan,nan,nan,nan,-0.04613442836934972,0.0557475941654353,-0.06432733246072922,-0.07183652099092797,-0.00870022919932012,0.12186593765328625,nan,0.07236145200450815,0.052833248091343765,nan,0.001122315060657061,nan,0.003658576772547216,-0.0010330027058018019,0.005,nan,nan,nan,0.0,0.0,-33.72276892145103,150.67398862239668,-0.00525,22256,7707,3408,3408,0,0,0
51.164747741000156,static,1.0,-0.0368385430198586,0.08995865455059272,-0.005815653616369995,nan,nan,nan,nan,nan,-0.04684040376818133,0.056934191299939804,-0.0644185332847696,-0.07321644818614459,-0.008653165845515787,0.09720924740156592,nan,0.07372601687426493,0.034505831266940436,nan,-0.0006125219174595214,nan,-0.0012336277939028505,-0.0006293737850639086,-0.0075,nan,nan,nan,0.0,0.0,-33.72276891594658,150.673988647992,0.00875,22256,7652,3408,3408,0,0,0
51.364888457000234,static,1.0,-0.03197499793138667,0.0875957026645638,-0.0060053699791452414,nan,nan,nan,nan,nan,-0.047465453135127796,0.05809160648712057,-0.059536202115445164,-0.0745280950977758,-0.00855377265739321,0.09324916952987224,nan,0.07501735789520637,0.03332335357773781,nan,-0.00025526174060625726,nan,-0.0005299288133408689,-0.0006189305855822267,0.002,nan,nan,nan,0.0,0.0,-33.722768910726316,150.67398868051353,0.021,22256,7678,3408,3408,0,0,0
51.5650966799999,static,1.0,-0.03197499793138667,0.0875957026645638,-0.0060053699791452414,nan,nan,nan,nan,nan,-0.04796617306538325,0.05913225893527665,-0.0497071522712787,-0.07567431407107961,-0.00841284703287215,0.09324916952987224,nan,0.0761405135609611,0.03264789903035794,nan,-0.00025526174060625726,nan,-0.0005299288133408689,-0.0006189305855822267,0.002,nan,nan,nan,0.0,0.0,-33.7227689085316,150.6739887081036,0.02,22256,7678,3522,3522,0,0,0
51.76658410900018,static,1.0,-0.006743720405760191,0.061270874565885994,-0.006267692327163991,nan,nan,nan,nan,nan,-0.04834323189366327,0.06003241639440782,-0.03542553803979104,-0.07663549620906451,-0.008243773945622479,0.06164087795432185,nan,0.07707761729630766,0.04161794246085072,nan,-0.0015057494475400124,nan,-0.001884762151276519,0.00039659197964132944,0.008,nan,nan,nan,0.0,0.0,-33.722768909670215,150.67398872831555,-0.01125,21948,7678,3522,3522,0,0,0
51.968636980000156,static,1.0,0.007119860592112552,0.046744707660151624,-0.006853008994604723,nan,nan,nan,nan,nan,-0.04856773554025645,0.060659113212664574,-0.02088493289987292,-0.0772841432358291,-0.008094081514229856,0.04728382502594471,nan,0.07770683979711919,0.05739964324698928,nan,-0.004866610955833703,nan,-0.005469759344009962,0.0035677588568652054,0.0085,nan,nan,nan,0.0,0.0,-33.72276891280297,150.67398873756832,0.00275,21835,7466,3556,3556,0,0,0
52.169681415000014,static,1.0,0.015179640473659575,0.037407482777875464,-0.008229463232021653,nan,nan,nan,nan,nan,-0.04872419823701809,0.06118088443202609,-0.004408376282176524,-0.07780773573347233,-0.007943826140802912,0.04037005390987995,nan,0.07821219926408648,0.06818266075894865,nan,0.0028872647455010936,nan,-0.001954765122334194,0.0011345872236557953,-0.006500000000000001,nan,nan,nan,0.0,0.0,-33.72276891975062,150.67398874071725,-0.012750000000000001,21736,7413,3508,3508,0,0,0
52.369834613999956,static,1.0,0.022260136910692844,0.03015750943621945,-0.009826253879807286,nan,nan,nan,nan,nan,-0.04883029784117446,0.06163524585308831,0.015249472337319186,-0.07824739354668964,-0.0077876133557026606,0.03748318383860228,nan,0.07863397178464564,0.07774765464719417,nan,-0.0014274450061961114,nan,-0.0019954862231272514,0.0017387653517961384,0.01425,nan,nan,nan,0.0,0.0,-33.72276892672709,150.67398873616935,0.0105,21736,7373,3508,3508,0,0,0
52.5700113580001,static,1.0,0.022260136910692844,0.03015750943621945,-0.009826253879807286,nan,nan,nan,nan,nan,-0.04888001043517838,0.06195228583787921,0.03462298678203257,-0.07854103332408613,-0.00765814762630157,0.03748318383860228,nan,0.07891350417185539,0.07792193767369886,nan,-0.0014274450061961114,nan,-0.0019954862231272514,0.0017387653517961384,0.01425,nan,nan,nan,0.0,0.0,-33.72276893813248,150.6739887209064,0.0015,21750,7373,3522,3522,0,0,0
52.770584174000305,static,1.0,0.022393405011399203,0.015392835079374195,-0.006887806707540995,nan,nan,nan,nan,nan,-0.048893429911259625,0.06212640251346938,0.05007787900875442,-0.07869479802843671,-0.007575364084743796,0.02717358937986242,nan,0.07905856928728772,0.08523989182540961,nan,-0.00032010476519899015,nan,-0.0022238186091850525,0.0021093979581271885,0.01675,nan,nan,nan,0.0,0.0,-33.722768951095524,150.67398869604793,0.01175,21799,7373,3560,3560,0,0,0
52.97073741200029,static,1.0,0.02591113589501374,0.005480955360544423,-0.00900457184172609,nan,nan,nan,nan,nan,-0.04889348755279327,0.062226260297610074,0.06463210382621448,-0.07877885660025186,-0.007521459197391778,0.02648448291045438,nan,0.0791370999955209,0.09389228574046307,nan,0.0018387607885626026,nan,-0.0011494534677047303,0.001811548611486325,0.011,nan,nan,nan,0.0,0.0,-33.72276896144467,150.67398867170058,0.00025,21799,7399,3629,3629,0,0,0
53.170902424999895,static,1.0,0.02591113589501374,0.005480955360544423,-0.00900457184172609,nan,nan,nan,nan,nan,-0.04889516921571245,0.06225200184433532,0.07642030587086956,-0.07880142597127815,-0.007508966050892241,0.02648448291045438,nan,0.07915838114982066,0.09390918487125637,nan,0.0018387607885626026,nan,-0.0011494534677047303,0.001811548611486325,0.011,nan,nan,nan,0.0,0.0,-33.722768974954384,150.67398863417117,0.01,21966,7399,3640,3640,0,0,0
53.37129183600018,static,1.0,0.018858745239422194,0.0007279677402968338,-0.008976600693922985,nan,nan,nan,nan,nan,-0.048912520006658036,0.0622278565304274,0.08413821370021868,-0.07879048306256209,-0.0075366120068167675,0.018872790176238968,nan,0.07915011523537524,0.09151601343072692,nan,9.782507297539548e-06,nan,-0.00028437298517341346,0.0009826785979642572,0.0,nan,nan,nan,0.0,0.0,-33.72276898437719,150.67398860368098,0.00125,21966,7455,3640,3640,0,0,0
53.57142390099989,static,1.0,0.018858745239422194,0.0007279677402968338,-0.008976600693922985,nan,nan,nan,nan,nan,-0.04896875622231804,0.06216582196908903,0.08947121280509537,-0.07876866733613497,-0.007617450567124706,0.018872790176238968,nan,0.07913613907092817,0.09151600890981147,nan,9.782507297539548e-06,nan,-0.00028437298517341346,0.0009826785979642572,0.0,nan,nan,nan,0.0,0.0,-33.72276899565691,150.67398856085288,-0.0022500000000000003,21966,7455,3578,3578,0,0,0
53.77195863099996,static,1.0,0.004638418118312677,0.0031474816099441444,-0.007571057370079915,nan,nan,nan,nan,nan,-0.04908979572730991,0.06208887103818033,0.09084175321183098,-0.07876931328416958,-0.00776087856399954,0.005605494012594064,nan,0.07915071668244579,0.07975467604330133,nan,0.0007624322841587929,nan,0.0007689714854701585,0.00041369768535337624,-0.019,nan,nan,nan,0.0,0.0,-33.72276900460588,150.67398851850177,-0.00125,22152,7455,3591,3591,0,0,0
53.97252987000002,static,1.0,0.0018658596281799014,0.0040053455109199665,-0.007432680294305623,nan,nan,nan,nan,nan,-0.04925978452100284,0.06203693264388597,0.08868044438963005,-0.0788174539695774,-0.007931981635834973,0.004418622501857154,nan,0.07921557538084083,0.07734013573067924,nan,0.0005325005692878927,nan,0.00023013181323292657,0.00029557803766783804,-0.019,nan,nan,nan,0.0,0.0,-33.72276900950178,150.67398848812695,0.00275,22152,7565,3558,3558,0,0,0
54.17283717000009,static,1.0,0.0018658596281799014,0.0040053455109199665,-0.007432680294305623,nan,nan,nan,nan,nan,-0.04957490202781857,0.062021826961609336,0.08203692971361377,-0.07897500169178784,-0.008205305509591199,0.004418622501857154,nan,0.07940011291379642,0.07753750111828099,nan,0.0005325005692878927,nan,0.00023013181323292657,0.00029557803766783804,-0.019,nan,nan,nan,0.0,0.0,-33.72276901312985,150.67398845227083,0.00075,22152,7565,3547,3547,0,0,0
54.37298866500032,static,1.0,0.0018658596281799014,0.0040053455109199665,-0.007432680294305623,nan,nan,nan,nan,nan,-0.049998162691472385,0.06208993443096285,0.07210585175612737,-0.07926100086365295,-0.008524668454327866,0.004418622501857154,nan,0.0797181047828171,0.07786973918784985,nan,0.0005325005692878927,nan,0.00023013181323292657,0.00029557803766783804,-0.019,nan,nan,nan,0.0,0.0,-33.722769013398185,150.67398842268364,-0.007,22152,7565,3547,3547,0,0,0
54.57316158999993,static,1.0,0.0018658596281799014,0.0040053455109199665,-0.007432680294305623,nan,nan,nan,nan,nan,-0.050591977193822114,0.062284849540646475,0.05838079533481891,-0.07974585561782987,-0.008919033045202696,0.004418622501857154,nan,0.08024307221611836,0.07841125706169172,nan,0.0005325005692878927,nan,0.00023013181323292657,0.00029557803766783804,-0.019,nan,nan,nan,0.0,0.0,-33.72276901034298,150.67398840063612,-0.010750000000000001,22152,7565,3547,3547,0,0,0
54.773314477999975,static,1.0,0.0018658596281799014,0.0040053455109199665,-0.007432680294305623,nan,nan,nan,nan,nan,-0.05122758739351223,0.06257921503303904,0.04454828555720386,-0.08033697729513278,-0.009294834231582172,0.004418622501857154,nan,0.0808728870778784,0.0790557544233148,nan,0.0005325005692878927,nan,0.00023013181323292657,0.00029557803766783804,-0.019,nan,nan,nan,0.0,0.0,-33.722769004214506,150.67398838685165,0.00925,22152,7565,3547,3547,0,0,0
54.9734670820003,static,1.0,0.0018658596281799014,0.0040053455109199665,-0.007432680294305623,nan,nan,nan,nan,nan,-0.05204265807928772,0.06305351310004755,0.02824129178694769,-0.08117646992764094,-0.009724428224956227,0.004418622501857154,nan,0.08175685765864242,0.0799550772437251,nan,0.0005325005692878927,nan,0.00023013181323292657,0.00029557803766783804,-0.019,nan,nan,nan,0.0,0.0,-33.72276899546544,150.67398838149822,-0.004,22152,7565,3547,3547,0,0,0
55.17509832499991,static,1.0,-0.06116912907633823,0.0833971566947057,-0.002916380090903211,nan,nan,nan,nan,nan,-0.05277128280766975,0.06355540510641018,0.015015562250918393,-0.08199247510935948,-0.010066371384368722,0.10342508446561222,nan,0.08260809771085986,0.02154574036889465,nan,0.00016986729277381876,nan,0.0032762169864445547,-0.003333516578889932,0.0075,nan,nan,nan,0.0,0.0,-33.72276898471495,150.67398838420726,0.00925,22329,7565,3547,3547,0,0,0
